camera,frame,role,edge,sample,z_m,u_px,v_px,projected_line_weight_px,FBU,ray_visible,blocker_face,independent_contour_valid,old_union_probe_boundary,distance_to_saved_outline_px,reason
C1,42,fit,25:37,0,6.15,1222.5784746997206,328.0555553477848,0.4975048232791653,U,True,-1,True,True,0.4251705251345023,eligible
C1,42,fit,25:37,1,6.1607474463473855,1223.5503102051873,328.26904995441015,0.9950096465583306,U,True,-1,True,True,0.5240312867823618,eligible
C1,42,fit,25:37,2,6.171512721701186,1224.5221457106543,328.48254456103547,0.9950096465583306,U,True,-1,True,True,0.7043471112740326,eligible
C1,42,fit,25:37,3,6.182295870463206,1225.4939812161213,328.6960391676609,0.9950096465583306,U,True,-1,True,True,0.5800083012137962,eligible
C1,42,fit,25:37,4,6.193096937182815,1226.465816721588,328.9095337742862,0.9950096465583306,U,True,-1,True,True,0.474520132455819,eligible
C1,42,fit,25:37,5,6.203915966557553,1227.4376522270547,329.12302838091153,0.9950096465583306,U,True,-1,True,True,0.45461572163277464,eligible
C1,42,fit,25:37,6,6.214753003433756,1228.4094877325217,329.3365229875369,0.9950096465583306,U,True,-1,True,True,0.5300263429552718,eligible
C1,42,fit,25:37,7,6.22560809280717,1229.3813232379885,329.5500175941623,0.9950096465583306,U,True,-1,True,True,0.589823344225623,eligible
C1,42,fit,25:37,8,6.236481279823574,1230.3531587434552,329.76351220078766,0.9950096465583306,U,True,-1,True,True,0.4250265606466847,eligible
C1,42,fit,25:37,9,6.247372609779407,1231.3249942489222,329.97700680741303,0.9950096465583306,U,True,-1,True,True,0.32580661248327136,eligible
C1,42,fit,25:37,10,6.258282128122399,1232.2968297543891,330.1905014140384,0.9950096465583306,U,True,-1,True,True,0.8622040731546864,eligible
C1,42,fit,25:37,11,6.269209880452199,1233.2686652598557,330.4039960206637,0.9950096465583306,U,True,-1,True,True,0.6537597152149853,eligible
C1,42,fit,25:37,12,6.280155912521015,1234.2405007653226,330.6174906272891,0.9950096465583306,U,True,-1,True,True,0.4518340827476969,eligible
C1,42,fit,25:37,13,6.291120270234246,1235.2123362707898,330.8309852339145,0.9950096465583306,U,True,-1,True,True,0.27139027810124694,eligible
C1,42,fit,25:37,14,6.302102999651132,1236.1841717762563,331.0444798405398,0.9950096465583306,U,True,-1,True,True,0.9731074032727695,eligible
C1,42,fit,25:37,15,6.313104146985393,1237.1560072817233,331.2579744471652,0.9950096465583306,U,True,-1,True,True,0.7582481078185744,eligible
C1,42,fit,25:37,16,6.324123758605877,1238.12784278719,331.47146905379054,0.9950096465583306,U,True,-1,True,True,0.5437726908714561,eligible
C1,42,fit,25:37,17,6.335161881037216,1239.099678292657,331.68496366041586,0.9950096465583306,U,True,-1,True,True,0.3304295042601241,eligible
C1,42,fit,25:37,18,6.346218560960477,1240.071513798124,331.8984582670413,0.9950096465583306,U,True,-1,True,True,1.0763143328518632,eligible
C1,42,fit,25:37,19,6.357293845213821,1241.0433493035907,332.1119528736666,0.9950096465583306,U,True,-1,True,True,0.8891045274380249,eligible
C1,42,fit,25:37,20,6.368387780793166,1242.0151848090577,332.325447480292,0.9950096465583306,U,True,-1,True,True,0.6747234101989877,eligible
C1,42,fit,25:37,21,6.379500414852848,1242.9870203145244,332.5389420869173,0.9950096465583306,U,True,-1,True,True,1.0893959337633417,eligible
C1,42,fit,25:37,22,6.390631794706294,1243.9588558199912,332.75243669354273,0.9950096465583306,U,True,-1,True,True,1.2482415820534039,eligible
C1,42,fit,25:37,23,6.401781967826687,1244.9306913254582,332.9659313001681,0.9950096465583306,U,True,-1,True,True,1.0363888113728197,eligible
C1,42,fit,25:37,24,6.41295098184765,1245.9025268309251,333.1794259067934,0.9950096465583306,U,True,-1,True,True,0.8263430650349101,eligible
C1,42,fit,25:37,25,6.424138884563913,1246.8743623363919,333.39292051341874,0.9950096465583306,U,True,-1,True,True,1.064450561711726,eligible
C1,42,fit,25:37,26,6.435345723932007,1247.8461978418586,333.6064151200442,0.9950096465583306,U,True,-1,True,True,1.402046333574764,eligible
C1,42,fit,25:37,27,6.446571548070938,1248.8180333473256,333.81990972666955,0.9950096465583306,U,True,-1,True,True,1.1940372338812002,eligible
C1,42,fit,25:37,28,6.457816405262883,1249.7898688527923,334.03340433329487,0.9950096465583306,U,True,-1,True,True,1.2482788100038391,eligible
C1,42,fit,25:37,29,6.46908034395388,1250.7617043582593,334.24689893992024,0.9950096465583306,U,True,-1,True,True,1.7692224675617771,eligible
C1,42,fit,25:37,30,6.480363412754524,1251.7335398637263,334.46039354654556,0.9950096465583306,U,True,-1,True,True,1.5624944914275938,eligible
C1,42,fit,25:37,31,6.491665660440664,1252.705375369193,334.6738881531709,0.9950096465583306,U,True,-1,True,True,1.3584462828462156,eligible
C1,42,fit,25:37,32,6.50298713595411,1253.6772108746597,334.88738275979637,0.9950096465583306,U,True,-1,True,True,1.3025097665490928,eligible
C1,42,fit,25:37,33,6.5143278884033355,1254.6490463801267,335.1008773664217,0.9950096465583306,U,True,-1,True,True,1.8782373316548266,eligible
C1,42,fit,25:37,34,6.52568796706419,1255.6208818855937,335.31437197304706,0.9950096465583306,U,True,-1,True,True,1.7277362037997177,eligible
C1,42,fit,25:37,35,6.537067421380612,1256.5927173910604,335.5278665796724,0.9950096465583306,U,True,-1,True,True,1.52743442765643,eligible
C1,42,fit,25:37,36,6.548466300965346,1257.5645528965272,335.7413611862978,0.9950096465583306,U,True,-1,True,True,1.3794533831684501,eligible
C1,42,fit,25:37,37,6.559884655600665,1258.5363884019941,335.9548557929231,0.9950096465583306,U,True,-1,True,True,1.8581753779900512,eligible
C1,42,fit,25:37,38,6.571322535239092,1259.508223907461,336.1683503995485,0.9950096465583306,U,True,-1,True,True,1.8965189121195634,eligible
C1,42,fit,25:37,39,6.5827799900041315,1260.4800594129279,336.3818450061738,0.9950096465583306,U,True,-1,True,True,1.6878633309558115,eligible
C1,42,fit,25:37,40,6.594257070191002,1261.4518949183946,336.5953396127992,0.9950096465583306,U,True,-1,True,True,1.4755608495219645,eligible
C1,42,fit,25:37,41,6.605753826267368,1262.4237304238616,336.80883421942457,0.9950096465583306,U,True,-1,True,True,1.8563093052190751,eligible
C1,42,fit,25:37,42,6.617270308874084,1263.3955659293285,337.0223288260499,0.9950096465583306,U,True,-1,True,True,2.0168429975381756,eligible
C1,42,fit,25:37,43,6.628806568825936,1264.3674014347953,337.23582343267526,0.9950096465583306,U,True,-1,True,True,1.802027406835793,eligible
C1,42,fit,25:37,44,6.640362657112389,1265.339236940262,337.4493180393006,0.9950096465583306,U,True,-1,True,True,1.5873551098846608,eligible
C1,42,fit,25:37,45,6.651938624898339,1266.311072445729,337.66281264592595,0.9950096465583306,U,True,-1,True,True,1.8726935087849697,eligible
C1,42,fit,25:37,46,6.663534523524867,1267.282907951196,337.8763072525513,0.9950096465583306,U,True,-1,True,True,2.1424536854774687,eligible
C1,42,fit,25:37,47,6.675150404509999,1268.2547434566625,338.0898018591767,0.9950096465583306,U,True,-1,True,True,1.9271095365643156,eligible
C1,42,fit,25:37,48,6.686786319549468,1269.2265789621295,338.3032964658021,0.9950096465583306,U,True,-1,True,True,2.093632927066797,eligible
C1,42,fit,25:37,49,6.698442320517483,1270.1984144675964,338.51679107242745,0.9950096465583306,U,True,-1,True,True,2.4911232163278427,eligible
C1,42,fit,25:37,50,6.7101184594674965,1271.1702499730634,338.73028567905277,0.9950096465583306,U,True,-1,True,True,2.276090541266105,eligible
C1,42,fit,25:37,51,6.721814788632981,1272.1420854785301,338.94378028567814,0.9950096465583306,U,True,-1,True,True,2.0611229455748123,eligible
C1,42,fit,25:37,52,6.733531360428211,1273.1139209839969,339.1572748923035,0.9950096465583306,U,True,-1,True,True,1.846243161972394,eligible
C1,42,fit,25:37,53,6.74526822744904,1274.0857564894638,339.3707694989288,0.9950096465583306,U,True,-1,True,True,1.957871083609346,eligible
C1,42,fit,25:37,54,6.757025442473692,1275.0575919949308,339.58426410555415,0.9950096465583306,U,True,-1,True,True,2.4164223036535186,eligible
C1,42,fit,25:37,55,6.76880305846355,1276.0294275003976,339.7977587121796,0.9950096465583306,U,True,-1,True,True,2.2024378918735854,eligible
C1,42,fit,25:37,56,6.780601128563953,1277.0012630058643,340.01125331880496,0.9950096465583306,U,True,-1,True,True,2.226576064022224,eligible
C1,42,fit,25:37,57,6.792419706104996,1277.973098511331,340.2247479254303,0.9950096465583306,U,True,-1,True,True,2.6541736310348814,eligible
C1,42,fit,25:37,58,6.80425884460233,1278.944934016798,340.43824253205565,0.9950096465583306,U,True,-1,True,True,2.562349232067056,eligible
C1,42,fit,25:37,59,6.816118597757975,1279.916769522265,340.651737138681,0.9950096465583306,U,True,-1,True,True,2.349737384959001,eligible
C1,42,fit,25:37,60,6.827999019461126,1280.8886050277317,340.86523174530635,0.9950096465583306,U,True,-1,True,True,2.3123266197831773,eligible
C1,42,fit,25:37,61,6.839900163788975,1281.8604405331987,341.0787263519317,0.9950096465583306,U,True,-1,True,True,2.6744216960551026,eligible
C1,42,fit,25:37,62,6.851822085007527,1282.8322760386654,341.2922209585571,0.9950096465583306,U,True,-1,True,True,2.7129686073530617,eligible
C1,42,fit,25:37,63,6.863764837572425,1283.8041115441324,341.5057155651824,0.9950096465583306,U,True,-1,True,True,2.5019646538101767,eligible
C1,42,fit,25:37,64,6.875728476129785,1284.7759470495992,341.7192101718078,0.9950096465583306,U,True,-1,True,True,2.4091691647052706,eligible
C1,42,fit,25:37,65,6.887713055517023,1285.747782555066,341.93270477843316,0.9950096465583306,U,True,-1,True,True,2.707111632885824,eligible
C1,42,fit,25:37,66,6.899718630763693,1286.719618060533,342.14619938505854,0.9950096465583306,U,True,-1,True,True,2.8675411037715737,eligible
C1,42,fit,25:37,67,6.911745257092334,1287.6914535659998,342.3596939916839,0.9950096465583306,U,True,-1,True,True,2.6582732589943143,eligible
C1,42,fit,25:37,68,6.923792989919313,1288.6632890714666,342.57318859830923,0.9950096465583306,U,True,-1,True,True,2.5158231201146313,eligible
C1,42,fit,25:37,69,6.935861884855678,1289.6351245769333,342.78668320493455,0.9950096465583306,U,True,-1,True,True,2.7518000685751463,eligible
C1,42,fit,25:37,70,6.947951997708011,1290.6069600824005,343.0001778115599,0.9950096465583306,U,True,-1,True,True,3.0254608804418583,eligible
C1,42,fit,25:37,71,6.960063384479293,1291.5787955878673,343.21367241818535,0.9950096465583306,U,True,-1,True,True,2.8179841287667218,eligible
C1,42,fit,25:37,72,6.972196101369761,1292.5506310933338,343.42716702481073,0.9950096465583306,B,True,-1,True,True,2.631095611939488,eligible
C1,42,fit,25:37,73,6.984350204777787,1293.5224665988007,343.640661631436,0.9950096465583306,U,True,-1,True,True,2.8079141870509865,eligible
C1,42,fit,25:37,74,6.996525751300743,1294.4943021042677,343.85415623806136,0.9950096465583306,U,True,-1,True,True,3.1844414808270103,eligible
C1,42,fit,25:37,75,7.008722797735885,1295.4661376097345,344.0676508446868,0.9950096465583306,U,True,-1,True,True,2.969167533143763,eligible
C1,42,fit,25:37,76,7.020941401081235,1296.4379731152014,344.28114545131206,0.9950096465583306,U,True,-1,True,True,2.75390459285727,eligible
C1,42,fit,25:37,77,7.033181618536469,1297.4098086206684,344.49464005793743,0.9950096465583306,B,True,-1,True,True,2.87478499825686,eligible
C1,42,fit,25:37,78,7.045443507503807,1298.3816441261351,344.70813466456286,0.9950096465583306,U,True,-1,True,True,3.30527993660634,eligible
C1,42,fit,25:37,79,7.0577271255889125,1299.353479631602,344.9216292711882,0.9950096465583306,U,True,-1,True,True,3.0985987468471903,eligible
C1,42,fit,25:37,80,7.070032530601796,1300.3253151370689,345.13512387781356,0.9950096465583306,U,True,-1,True,True,2.883287209745184,eligible
C1,42,fit,25:37,81,7.082359780557718,1301.2971506425356,345.34861848443893,0.9950096465583306,B,True,-1,True,True,2.9516815089859256,eligible
C1,42,fit,25:37,82,7.094708933678106,1302.2689861480026,345.56211309106425,0.9950096465583306,U,True,-1,True,True,3.3304039875948757,eligible
C1,42,fit,25:37,83,7.107080048391466,1303.2408216534695,345.7756076976897,0.9950096465583306,U,True,-1,True,True,3.233372973842927,eligible
C1,42,fit,25:37,84,7.119473183334307,1304.2126571589363,345.98910230431505,0.9950096465583306,U,True,-1,True,True,3.0183982509151717,eligible
C1,42,fit,25:37,85,7.131888397352065,1305.184492664403,346.2025969109403,0.9950096465583306,B,True,-1,True,True,3.037842476940706,eligible
C1,42,fit,25:37,86,7.144325749500039,1306.15632816987,346.41609151756575,0.9950096465583306,B,True,-1,True,True,3.365461962609378,eligible
C1,42,fit,25:37,87,7.156785299044321,1307.1281636753367,346.62958612419106,0.9950096465583306,U,True,-1,True,True,3.3728497775503183,eligible
C1,42,fit,25:37,88,7.169267105462742,1308.0999991808037,346.84308073081644,0.9950096465583306,U,True,-1,True,True,3.158502668718816,eligible
C1,42,fit,25:37,89,7.181771228445819,1309.0718346862707,347.05657533744176,0.9950096465583306,B,True,-1,True,True,3.132503525752057,eligible
C1,42,fit,25:37,90,7.194297727897702,1310.0436701917374,347.27006994406713,0.9950096465583306,B,True,-1,True,True,3.410147498698802,eligible
C1,42,fit,25:37,91,7.206846663937133,1311.0155056972042,347.4835645506925,0.9950096465583306,B,True,-1,True,True,3.5164696352723115,eligible
C1,42,fit,25:37,92,7.21941809689841,1311.9873412026711,347.6970591573178,0.9950096465583306,B,True,-1,True,True,3.4473556330541415,eligible
C1,42,fit,25:37,93,7.232012087332351,1312.9591767081379,347.91055376394326,0.9950096465583306,B,True,-1,True,True,3.6582853113439833,eligible
C1,42,fit,25:37,94,7.244628696007267,1313.9310122136046,348.1240483705686,0.9950096465583306,B,True,-1,True,True,3.876565535156586,eligible
C1,42,fit,25:37,95,7.257267983909941,1314.9028477190716,348.33754297719395,0.9950096465583306,B,True,-1,True,True,3.6637453527218513,eligible
C1,42,fit,25:37,96,7.269930012246604,1315.8746832245386,348.55103758381927,0.9950096465583306,B,True,-1,True,True,3.5581473397705743,eligible
C1,42,fit,25:37,97,7.282614842443936,1316.8465187300053,348.7645321904447,0.9950096465583306,B,True,-1,True,True,3.7253031241670755,eligible
C1,42,fit,25:37,98,7.295322536150045,1317.818354235472,348.97802679707,0.9950096465583306,B,True,-1,True,True,4.02607297858072,eligible
C1,42,fit,25:37,99,7.308053155235475,1318.790189740939,349.19152140369533,0.9950096465583306,B,True,-1,True,True,3.814253473920946,eligible
C1,42,fit,25:37,100,7.320806761794207,1319.762025246406,349.4050160103207,0.9950096465583306,B,True,-1,True,True,3.6748595023770014,eligible
C1,42,fit,25:37,101,7.33358341814467,1320.733860751873,349.6185106169461,0.9950096465583306,B,True,-1,True,True,3.8000978348710714,eligible
C1,42,fit,25:37,102,7.346383186830751,1321.7056962573397,349.8320052235714,0.9950096465583306,B,True,-1,True,True,4.166171280739779,eligible
C1,42,fit,25:37,103,7.359206130622824,1322.6775317628064,350.04549983019683,0.9950096465583306,B,True,-1,True,True,3.967626161443642,eligible
C1,42,fit,25:37,104,7.372052312518768,1323.6493672682734,350.25899443682215,0.9950096465583306,B,True,-1,True,True,3.7969462035736687,eligible
C1,42,fit,25:37,105,7.384921795745006,1324.6212027737402,350.4724890434475,0.9950096465583306,B,True,-1,True,True,3.882219981168059,eligible
C1,42,fit,25:37,106,7.397814643757533,1325.593038279207,350.6859836500729,0.9950096465583306,B,True,-1,True,True,4.207915384726313,eligible
C1,42,fit,25:37,107,7.410730920242971,1326.5648737846739,350.8994782566983,0.9950096465583306,B,True,-1,True,True,4.139246424157664,eligible
C1,42,fit,25:37,108,7.423670689119604,1327.5367092901408,351.1129728633236,0.9950096465583306,B,True,-1,True,True,4.1797673863103855,eligible
C1,42,fit,25:37,109,7.436634014538446,1328.5085447956076,351.32646746994897,0.9950096465583306,B,True,-1,True,True,4.448329826003577,eligible
C1,42,fit,25:37,110,7.44962096088429,1329.4803803010745,351.5399620765743,0.9950096465583306,B,True,-1,True,True,4.485833647389975,eligible
C1,42,fit,25:37,111,7.462631592776781,1330.4522158065413,351.75345668319966,0.9950096465583306,B,True,-1,True,True,4.487990740880602,eligible
C1,42,fit,25:37,112,7.475665975071484,1331.424051312008,351.96695128982503,0.9950096465583306,B,True,-1,True,True,4.7054762417731775,eligible
C1,42,fit,25:37,113,7.488724172860965,1332.395886817475,352.1804458964504,0.9950096465583306,B,True,-1,True,True,4.835786195572774,eligible
C1,42,fit,25:37,114,7.50180625147587,1333.367722322942,352.3939405030758,0.9950096465583306,B,True,-1,True,True,4.804835943284595,eligible
C1,42,fit,25:37,115,7.514912276486017,1334.3395578284087,352.60743510970116,0.9950096465583306,B,True,-1,True,True,4.976761712997176,eligible
C1,42,fit,25:37,116,7.528042313701494,1335.3113933338755,352.8209297163265,0.9950096465583306,B,True,-1,True,True,5.188423152713379,eligible
C1,42,fit,25:37,117,7.541196429173755,1336.2832288393424,353.0344243229518,0.9950096465583306,B,True,-1,True,True,5.128705300425525,eligible
C1,42,fit,25:37,118,7.554374689196734,1337.2550643448092,353.24791892957717,0.9950096465583306,B,True,-1,True,True,5.259999020826965,eligible
C1,42,fit,25:37,119,7.567577160307952,1338.2268998502761,353.4614135362026,0.9950096465583306,B,True,-1,True,True,5.543232230298053,eligible
C1,42,fit,25:37,120,7.580803909289641,1339.1987353557429,353.6749081428279,0.9950096465583306,B,True,-1,True,True,5.458348627600516,eligible
C1,42,fit,25:37,121,7.5940550031698715,1340.1705708612099,353.88840274945323,0.9950096465583306,B,True,-1,True,True,5.553359732209911,eligible
C1,42,fit,25:37,122,7.607330509223679,1341.1424063666766,354.10189735607867,0.9950096465583306,B,True,-1,True,True,5.819461081897427,eligible
C1,42,fit,25:37,123,7.62063049497421,1342.1142418721436,354.31539196270404,0.9950096465583306,B,True,-1,True,True,5.79278028992364,eligible
C1,42,fit,25:37,124,7.633955028193858,1343.0860773776105,354.5288865693293,0.9950096465583306,B,True,-1,True,True,5.8553224502706716,eligible
C1,42,fit,25:37,125,7.647304176905423,1344.0579128830773,354.7423811759547,0.9950096465583306,B,True,-1,True,True,6.082218912489563,eligible
C1,42,fit,25:37,126,7.660678009383263,1345.0297483885442,354.9558757825801,0.9950096465583306,B,True,-1,True,True,6.131216787825325,eligible
C1,42,fit,25:37,127,7.674076594154463,1346.001583894011,355.1693703892055,0.9950096465583306,B,True,-1,True,True,6.164623244208686,eligible
C1,42,fit,25:37,128,7.6875,1346.973419399478,355.38286499583086,0.4975048232791653,B,True,-1,True,True,6.355582473719789,eligible
C1,42,fit,30:42,0,6.15,1165.0040926964969,939.9508453622411,0.49926381982879126,U,True,-1,False,True,603.730031705819,excluded_contour_domain
C1,42,fit,30:42,1,6.159915608510412,1165.9904300781063,939.7952946733965,0.9985276396575825,U,True,-1,False,True,603.1413200338072,excluded_contour_domain
C1,42,fit,30:42,2,6.169845082211914,1166.9767674597156,939.6397439845517,0.9985276396575825,U,True,-1,False,True,602.5536878948066,excluded_contour_domain
C1,42,fit,30:42,3,6.17978845020681,1167.9631048413248,939.4841932957071,0.9985276396575825,U,True,-1,False,True,601.9671384502936,excluded_contour_domain
C1,42,fit,30:42,4,6.189745741678905,1168.9494422229345,939.3286426068624,0.9985276396575825,U,True,-1,False,True,601.381674868242,excluded_contour_domain
C1,42,fit,30:42,5,6.199716985893792,1169.9357796045438,939.1730919180177,0.9985276396575825,U,True,-1,False,True,600.7973003230986,excluded_contour_domain
C1,42,fit,30:42,6,6.209702212199139,1170.9221169861532,939.0175412291732,0.9985276396575825,U,True,-1,False,True,600.2140179957559,excluded_contour_domain
C1,42,fit,30:42,7,6.219701450024978,1171.9084543677627,938.8619905403284,0.9985276396575825,U,True,-1,False,True,599.6318310735259,excluded_contour_domain
C1,42,fit,30:42,8,6.229714728883992,1172.894791749372,938.7064398514838,0.9985276396575825,U,True,-1,False,True,599.0507427501146,excluded_contour_domain
C1,42,fit,30:42,9,6.239742078371806,1173.8811291309812,938.550889162639,0.9985276396575825,U,True,-1,False,True,598.4707562255927,excluded_contour_domain
C1,42,fit,30:42,10,6.249783528167278,1174.8674665125907,938.3953384737944,0.9985276396575825,U,True,-1,False,True,597.8908205491182,excluded_contour_domain
C1,42,fit,30:42,11,6.2598391080327955,1175.8538038942002,938.2397877849497,0.9985276396575825,U,True,-1,False,True,597.3100040567767,excluded_contour_domain
C1,42,fit,30:42,12,6.2699088478145635,1176.8401412758096,938.0842370961052,0.9985276396575825,U,True,-1,False,True,596.7302931061986,excluded_contour_domain
C1,42,fit,30:42,13,6.279992777442906,1177.826478657419,937.9286864072604,0.9985276396575825,U,True,-1,False,True,596.1498765431078,excluded_contour_domain
C1,42,fit,30:42,14,6.290090926932557,1178.8128160390283,937.7731357184155,0.9985276396575825,U,True,-1,False,True,595.5693335358238,excluded_contour_domain
C1,42,fit,30:42,15,6.30020332638296,1179.7991534206378,937.617585029571,0.9985276396575825,U,True,-1,False,True,594.989899837924,excluded_contour_domain
C1,42,fit,30:42,16,6.310330005978574,1180.7854908022473,937.4620343407264,0.9985276396575825,U,True,-1,False,True,594.4115786934792,excluded_contour_domain
C1,42,fit,30:42,17,6.32047099598916,1181.7718281838565,937.3064836518816,0.9985276396575825,U,True,-1,False,True,593.8315101233865,excluded_contour_domain
C1,42,fit,30:42,18,6.330626326770095,1182.758165565466,937.1509329630369,0.9985276396575825,U,True,-1,False,True,593.249295089884,excluded_contour_domain
C1,42,fit,30:42,19,6.340796028762669,1183.7445029470755,936.9953822741925,0.9985276396575825,U,True,-1,False,True,592.6681904310045,excluded_contour_domain
C1,42,fit,30:42,20,6.3509801324943895,1184.7308403286847,936.8398315853477,0.9985276396575825,U,True,-1,False,True,592.0881994160775,excluded_contour_domain
C1,42,fit,30:42,21,6.3611786685792895,1185.7171777102944,936.684280896503,0.9985276396575825,U,True,-1,False,True,591.5093253209776,excluded_contour_domain
C1,42,fit,30:42,22,6.371391667718231,1186.7035150919037,936.5287302076582,0.9985276396575825,U,True,-1,False,True,590.9315714280953,excluded_contour_domain
C1,42,fit,30:42,23,6.381619160699216,1187.6898524735132,936.3731795188136,0.9985276396575825,U,True,-1,False,True,590.3549410263053,excluded_contour_domain
C1,42,fit,30:42,24,6.3918611783976935,1188.6761898551224,936.217628829969,0.9985276396575825,U,True,-1,False,True,589.7794374109368,excluded_contour_domain
C1,42,fit,30:42,25,6.402117751776871,1189.6625272367316,936.0620781411243,0.9985276396575825,U,True,-1,False,True,589.2050638837416,excluded_contour_domain
C1,42,fit,30:42,26,6.412388911888028,1190.6488646183411,935.9065274522798,0.9985276396575825,U,True,-1,False,True,588.6318237528628,excluded_contour_domain
C1,42,fit,30:42,27,6.422674689870828,1191.6352019999506,935.750976763435,0.9985276396575825,U,True,-1,False,True,588.0597203328016,excluded_contour_domain
C1,42,fit,30:42,28,6.432975116953631,1192.6215393815598,935.5954260745903,0.9985276396575825,U,True,-1,False,True,587.488756944385,excluded_contour_domain
C1,42,fit,30:42,29,6.443290224453815,1193.6078767631693,935.4398753857457,0.9985276396575825,U,True,-1,False,True,586.9189369147318,excluded_contour_domain
C1,42,fit,30:42,30,6.453620043778089,1194.5942141447788,935.2843246969011,0.9985276396575825,U,True,-1,False,True,586.3502635772184,excluded_contour_domain
C1,42,fit,30:42,31,6.463964606422811,1195.5805515263883,935.1287740080562,0.9985276396575825,U,True,-1,False,True,585.782740271444,excluded_contour_domain
C1,42,fit,30:42,32,6.474323943974313,1196.5668889079977,934.9732233192117,0.9985276396575825,U,True,-1,False,True,585.2163703431966,excluded_contour_domain
C1,42,fit,30:42,33,6.484698088109218,1197.5532262896072,934.8176726303669,0.9985276396575825,U,True,-1,False,True,584.6511571444144,excluded_contour_domain
C1,42,fit,30:42,34,6.495087070594766,1198.5395636712165,934.6621219415223,0.9985276396575825,U,True,-1,False,True,584.0871040331524,excluded_contour_domain
C1,42,fit,30:42,35,6.505490923289135,1199.525901052826,934.5065712526776,0.9985276396575825,U,True,-1,False,True,583.524214373543,excluded_contour_domain
C1,42,fit,30:42,36,6.515909678141767,1200.5122384344352,934.3510205638329,0.9985276396575825,U,True,-1,False,True,582.96249153576,excluded_contour_domain
C1,42,fit,30:42,37,6.526343367193701,1201.4985758160446,934.1954698749884,0.9985276396575825,U,True,-1,False,True,582.4019388959792,excluded_contour_domain
C1,42,fit,30:42,38,6.536792022577893,1202.484913197654,934.0399191861436,0.9985276396575825,U,True,-1,False,True,581.8425598363401,excluded_contour_domain
C1,42,fit,30:42,39,6.54725567651955,1203.4712505792636,933.8843684972991,0.9985276396575825,U,True,-1,False,True,581.2843577449065,excluded_contour_domain
C1,42,fit,30:42,40,6.557734361336463,1204.4575879608728,933.7288178084542,0.9985276396575825,U,True,-1,False,True,580.7273360156262,excluded_contour_domain
C1,42,fit,30:42,41,6.568228109439337,1205.4439253424823,933.5732671196095,0.9985276396575825,U,True,-1,False,True,580.1714980482908,excluded_contour_domain
C1,42,fit,30:42,42,6.5787369533321245,1206.4302627240918,933.4177164307649,0.9985276396575825,U,True,-1,False,True,579.6168472484943,excluded_contour_domain
C1,42,fit,30:42,43,6.589260925612363,1207.416600105701,933.2621657419203,0.9985276396575825,U,True,-1,False,True,579.0633870275906,excluded_contour_domain
C1,42,fit,30:42,44,6.599800058971514,1208.4029374873105,933.1066150530755,0.9985276396575825,U,True,-1,False,True,578.5111208026515,excluded_contour_domain
C1,42,fit,30:42,45,6.610354386195295,1209.3892748689198,932.9510643642309,0.9985276396575825,U,True,-1,False,True,577.9600519964242,excluded_contour_domain
C1,42,fit,30:42,46,6.620923940164027,1210.3756122505292,932.7955136753861,0.9985276396575825,U,True,-1,False,True,577.4101840372864,excluded_contour_domain
C1,42,fit,30:42,47,6.6315087538529705,1211.3619496321385,932.6399629865414,0.9985276396575825,U,True,-1,False,True,576.8615203592027,excluded_contour_domain
C1,42,fit,30:42,48,6.642108860332671,1212.3482870137482,932.4844122976968,0.9985276396575825,U,True,-1,False,True,576.3140644016795,excluded_contour_domain
C1,42,fit,30:42,49,6.652724292769303,1213.3346243953574,932.3288616088523,0.9985276396575825,U,True,-1,False,True,575.767819609719,excluded_contour_domain
C1,42,fit,30:42,50,6.663355084425016,1214.3209617769671,932.1733109200076,0.9985276396575825,U,True,-1,False,True,575.222789433773,excluded_contour_domain
C1,42,fit,30:42,51,6.674001268658278,1215.3072991585764,932.0177602311629,0.9985276396575825,U,True,-1,False,True,574.6789773296966,excluded_contour_domain
C1,42,fit,30:42,52,6.684662878924236,1216.2936365401856,931.8622095423182,0.9985276396575825,U,True,-1,False,True,574.1363867587,excluded_contour_domain
C1,42,fit,30:42,53,6.69533994877505,1217.279973921795,931.7066588534735,0.9985276396575825,U,True,-1,False,True,573.5950211873003,excluded_contour_domain
C1,42,fit,30:42,54,6.706032511860259,1218.2663113034043,931.5511081646289,0.9985276396575825,U,True,-1,False,True,573.0548840872729,excluded_contour_domain
C1,42,fit,30:42,55,6.716740601927126,1219.252648685014,931.3955574757844,0.9985276396575825,U,True,-1,False,True,572.5159789356017,excluded_contour_domain
C1,42,fit,30:42,56,6.7274642528209965,1220.2389860666233,931.2400067869394,0.9985276396575825,U,True,-1,False,True,571.9783092144289,excluded_contour_domain
C1,42,fit,30:42,57,6.738203498485657,1221.2253234482325,931.0844560980948,0.9985276396575825,U,True,-1,False,True,571.4418784110053,excluded_contour_domain
C1,42,fit,30:42,58,6.748958372963687,1222.211660829842,930.9289054092503,0.9985276396575825,U,True,-1,False,True,570.9066900176366,excluded_contour_domain
C1,42,fit,30:42,59,6.7597289103968246,1223.1979982114515,930.7733547204056,0.9985276396575825,U,True,-1,False,True,570.3727475316325,excluded_contour_domain
C1,42,fit,30:42,60,6.770515145026326,1224.184335593061,930.6178040315609,0.9985276396575825,U,True,-1,False,True,569.8400544552546,excluded_contour_domain
C1,42,fit,30:42,61,6.781317111193325,1225.1706729746702,930.4622533427162,0.9985276396575825,U,True,-1,False,True,569.3086142956612,excluded_contour_domain
C1,42,fit,30:42,62,6.7921348433392055,1226.1570103562797,930.3067026538716,0.9985276396575825,U,True,-1,False,True,568.7784305648544,excluded_contour_domain
C1,42,fit,30:42,63,6.802968376005958,1227.1433477378891,930.1511519650268,0.9985276396575825,U,True,-1,False,True,568.2495067796239,excluded_contour_domain
C1,42,fit,30:42,64,6.813817743836553,1228.1296851194984,929.9956012761822,0.9985276396575825,U,True,-1,False,True,567.7218464614932,excluded_contour_domain
C1,42,fit,30:42,65,6.824682981575309,1229.116022501108,929.8400505873376,0.9985276396575825,U,True,-1,False,True,567.1954531366616,excluded_contour_domain
C1,42,fit,30:42,66,6.835564124068266,1230.1023598827173,929.6844998984928,0.9985276396575825,U,True,-1,False,True,566.6703303359485,excluded_contour_domain
C1,42,fit,30:42,67,6.846461206263549,1231.0886972643268,929.5289492096481,0.9985276396575825,U,True,-1,False,True,566.1464815947346,excluded_contour_domain
C1,42,fit,30:42,68,6.8573742632117565,1232.075034645936,929.3733985208034,0.9985276396575825,U,True,-1,False,True,565.6239104529051,excluded_contour_domain
C1,42,fit,30:42,69,6.868303330066322,1233.0613720275458,929.2178478319589,0.9985276396575825,U,True,-1,False,True,565.1026204547887,excluded_contour_domain
C1,42,fit,30:42,70,6.8792484420839,1234.047709409155,929.0622971431142,0.9985276396575825,U,True,-1,False,True,564.5826151490996,excluded_contour_domain
C1,42,fit,30:42,71,6.890209634624744,1235.0340467907645,928.9067464542694,0.9985276396575825,U,True,-1,False,True,564.0638980888759,excluded_contour_domain
C1,42,fit,30:42,72,6.9011869431530855,1236.0203841723737,928.7511957654248,0.9985276396575825,U,True,-1,False,True,563.5283940970581,excluded_contour_domain
C1,42,fit,30:42,73,6.9121804032375165,1237.0067215539832,928.5956450765801,0.9985276396575825,U,True,-1,False,True,562.5332489292939,excluded_contour_domain
C1,42,fit,30:42,74,6.9231900505513755,1237.9930589355924,928.4400943877354,0.9985276396575825,U,True,-1,False,True,561.5381157705853,excluded_contour_domain
C1,42,fit,30:42,75,6.934215920873131,1238.979396317202,928.2845436988907,0.9985276396575825,U,True,-1,False,True,560.5429946848909,excluded_contour_domain
C1,42,fit,30:42,76,6.94525805008677,1239.9657336988114,928.1289930100462,0.9985276396575825,U,True,-1,False,True,559.5478857366243,excluded_contour_domain
C1,42,fit,30:42,77,6.956316474182191,1240.9520710804209,927.9734423212016,0.9985276396575825,U,True,-1,False,True,558.552788990657,excluded_contour_domain
C1,42,fit,30:42,78,6.967391229255586,1241.9384084620303,927.8178916323568,0.9985276396575825,U,True,-1,False,True,557.5577045123227,excluded_contour_domain
C1,42,fit,30:42,79,6.978482351509845,1242.9247458436396,927.6623409435122,0.9985276396575825,U,True,-1,False,True,556.5626323674225,excluded_contour_domain
C1,42,fit,30:42,80,6.989589877254939,1243.911083225249,927.5067902546674,0.9985276396575825,U,True,-1,False,True,555.5675726222261,excluded_contour_domain
C1,42,fit,30:42,81,7.000713842908325,1244.8974206068583,927.3512395658228,0.9985276396575825,U,True,-1,False,True,554.5725253434803,excluded_contour_domain
C1,42,fit,30:42,82,7.011854284995338,1245.8837579884678,927.1956888769781,0.9985276396575825,U,True,-1,False,True,553.577490598409,excluded_contour_domain
C1,42,fit,30:42,83,7.023011240149596,1246.8700953700773,927.0401381881334,0.9985276396575825,U,True,-1,False,True,552.5824684547208,excluded_contour_domain
C1,42,fit,30:42,84,7.0341847451133965,1247.8564327516865,926.8845874992886,0.9985276396575825,U,True,-1,False,True,551.5874589806118,excluded_contour_domain
C1,42,fit,30:42,85,7.045374836738124,1248.842770133296,926.7290368104441,0.9985276396575825,U,True,-1,False,True,550.5924622447692,excluded_contour_domain
C1,42,fit,30:42,86,7.056581551984651,1249.8291075149054,926.5734861215994,0.9985276396575825,U,True,-1,False,True,549.597478316378,excluded_contour_domain
C1,42,fit,30:42,87,7.067804927923752,1250.815444896515,926.4179354327548,0.9985276396575825,U,True,-1,False,True,548.6025072651233,excluded_contour_domain
C1,42,fit,30:42,88,7.079045001736501,1251.8017822781242,926.2623847439102,0.9985276396575825,U,True,-1,False,True,547.6075491611967,excluded_contour_domain
C1,42,fit,30:42,89,7.090301810714694,1252.7881196597334,926.1068340550653,0.9985276396575825,U,True,-1,False,True,546.612604075299,excluded_contour_domain
C1,42,fit,30:42,90,7.101575392261253,1253.774457041343,925.9512833662208,0.9985276396575825,U,True,-1,False,True,545.6176720786457,excluded_contour_domain
C1,42,fit,30:42,91,7.112865783890646,1254.7607944229526,925.795732677376,0.9985276396575825,U,True,-1,False,True,544.6227532429727,excluded_contour_domain
C1,42,fit,30:42,92,7.124173023229296,1255.7471318045618,925.6401819885314,0.9985276396575825,U,True,-1,False,True,543.6278476405399,excluded_contour_domain
C1,42,fit,30:42,93,7.135497148016008,1256.733469186171,925.4846312996868,0.9985276396575825,U,True,-1,False,True,542.6329553441354,excluded_contour_domain
C1,42,fit,30:42,94,7.146838196102383,1257.7198065677806,925.329080610842,0.9985276396575825,U,True,-1,False,True,541.6380764270814,excluded_contour_domain
C1,42,fit,30:42,95,7.158196205453239,1258.70614394939,925.1735299219973,0.9985276396575825,U,True,-1,False,True,540.6432109632393,excluded_contour_domain
C1,42,fit,30:42,96,7.169571214147037,1259.6924813309995,925.0179792331527,0.9985276396575825,U,True,-1,False,True,539.6483590270137,excluded_contour_domain
C1,42,fit,30:42,97,7.180963260376311,1260.6788187126087,924.8624285443079,0.9985276396575825,U,True,-1,False,True,538.6535206933586,excluded_contour_domain
C1,42,fit,30:42,98,7.192372382448083,1261.6651560942182,924.7068778554634,0.9985276396575825,U,True,-1,False,True,537.6586960377803,excluded_contour_domain
C1,42,fit,30:42,99,7.203798618784305,1262.6514934758275,924.5513271666188,0.9985276396575825,U,True,-1,False,True,536.6638851363454,excluded_contour_domain
C1,42,fit,30:42,100,7.215242007922285,1263.6378308574372,924.395776477774,0.9985276396575825,U,True,-1,False,True,535.6690880656831,excluded_contour_domain
C1,42,fit,30:42,101,7.226702588515118,1264.6241682390464,924.2402257889293,0.9985276396575825,U,True,-1,False,True,534.6743049029938,excluded_contour_domain
C1,42,fit,30:42,102,7.238180399332126,1265.6105056206559,924.0846751000847,0.9985276396575825,U,True,-1,False,True,533.6795357260502,excluded_contour_domain
C1,42,fit,30:42,103,7.2496754792592935,1266.5968430022654,923.9291244112401,0.9985276396575825,U,True,-1,False,True,532.6847806132065,excluded_contour_domain
C1,42,fit,30:42,104,7.261187867299702,1267.5831803838746,923.7735737223954,0.9985276396575825,U,True,-1,False,True,531.6900396434014,excluded_contour_domain
C1,42,fit,30:42,105,7.27271760257398,1268.569517765484,923.6180230335508,0.9985276396575825,U,True,-1,False,True,530.6953128961643,excluded_contour_domain
C1,42,fit,30:42,106,7.28426472432074,1269.5558551470936,923.462472344706,0.9985276396575825,U,True,-1,False,True,529.7006004516212,excluded_contour_domain
C1,42,fit,30:42,107,7.295829271897022,1270.5421925287028,923.3069216558613,0.9985276396575825,U,True,-1,False,True,528.7059023905,excluded_contour_domain
C1,42,fit,30:42,108,7.307411284778747,1271.5285299103123,923.1513709670166,0.9985276396575825,U,True,-1,False,True,527.7112187941354,excluded_contour_domain
C1,42,fit,30:42,109,7.319010802561162,1272.5148672919217,922.9958202781721,0.9985276396575825,U,True,-1,False,True,526.716549744476,excluded_contour_domain
C1,42,fit,30:42,110,7.330627864959291,1273.501204673531,922.8402695893274,0.9985276396575825,U,True,-1,False,True,525.7218953240895,excluded_contour_domain
C1,42,fit,30:42,111,7.342262511808389,1274.4875420551405,922.6847189004827,0.9985276396575825,U,True,-1,False,True,524.7272556161674,excluded_contour_domain
C1,42,fit,30:42,112,7.3539147830644,1275.4738794367497,922.5291682116381,0.9985276396575825,U,True,-1,False,True,523.7326307045336,excluded_contour_domain
C1,42,fit,30:42,113,7.365584718804409,1276.4602168183592,922.3736175227933,0.9985276396575825,U,True,-1,False,True,522.7380206736466,excluded_contour_domain
C1,42,fit,30:42,114,7.377272359227106,1277.446554199969,922.2180668339488,0.9985276396575825,U,True,-1,False,True,521.7434256086093,excluded_contour_domain
C1,42,fit,30:42,115,7.388977744653246,1278.432891581578,922.0625161451039,0.9985276396575825,U,True,-1,False,True,520.7488455951737,excluded_contour_domain
C1,42,fit,30:42,116,7.400700915526113,1279.4192289631874,921.9069654562594,0.9985276396575825,U,True,-1,False,True,519.7542807197451,excluded_contour_domain
C1,42,fit,30:42,117,7.4124419124119845,1280.4055663447969,921.7514147674145,0.9985276396575825,U,True,-1,False,True,518.7597310693915,excluded_contour_domain
C1,42,fit,30:42,118,7.4242007760006,1281.3919037264063,921.5958640785701,0.9985276396575825,U,True,-1,False,True,517.7651967318483,excluded_contour_domain
C1,42,fit,30:42,119,7.435977547105632,1282.3782411080158,921.4403133897251,0.9985276396575825,U,True,-1,False,True,516.7706777955246,excluded_contour_domain
C1,42,fit,30:42,120,7.447772266665159,1283.364578489625,921.2847627008807,0.9985276396575825,U,True,-1,False,True,515.7761743495108,excluded_contour_domain
C1,42,fit,30:42,121,7.459584975742136,1284.3509158712345,921.129212012036,0.9985276396575825,U,True,-1,False,True,514.7816864835831,excluded_contour_domain
C1,42,fit,30:42,122,7.471415715524876,1285.337253252844,920.9736613231912,0.9985276396575825,U,True,-1,False,True,513.7872142882123,excluded_contour_domain
C1,42,fit,30:42,123,7.483264527327524,1286.3235906344535,920.8181106343466,0.9985276396575825,U,True,-1,False,True,512.7927578545696,excluded_contour_domain
C1,42,fit,30:42,124,7.495131452590542,1287.3099280160627,920.6625599455019,0.9985276396575825,U,True,-1,False,True,511.798317274533,excluded_contour_domain
C1,42,fit,30:42,125,7.507016532881187,1288.296265397672,920.5070092566573,0.9985276396575825,U,True,-1,False,True,510.8038926406945,excluded_contour_domain
C1,42,fit,30:42,126,7.518919809894005,1289.2826027792814,920.3514585678125,0.9985276396575825,U,True,-1,False,True,509.80948404636695,excluded_contour_domain
C1,42,fit,30:42,127,7.530841325451308,1290.268940160891,920.1959078789681,0.9985276396575825,U,True,-1,False,True,508.8150915855916,excluded_contour_domain
C1,42,fit,30:42,128,7.542781121503673,1291.2552775425004,920.0403571901232,0.9985276396575825,U,True,-1,False,True,507.8207153531443,excluded_contour_domain
C1,42,fit,30:42,129,7.554739240130425,1292.2416149241096,919.8848065012786,0.9985276396575825,U,True,-1,False,True,506.8263554445439,excluded_contour_domain
C1,42,fit,30:42,130,7.566715723540144,1293.227952305719,919.729255812434,0.9985276396575825,U,True,-1,False,True,505.83201195605756,excluded_contour_domain
C1,42,fit,30:42,131,7.578710614071145,1294.2142896873286,919.5737051235892,0.9985276396575825,U,True,-1,False,True,504.8376849847101,excluded_contour_domain
C1,42,fit,30:42,132,7.5907239541919935,1295.200627068938,919.4181544347446,0.9985276396575825,U,True,-1,False,True,503.8433746282907,excluded_contour_domain
C1,42,fit,30:42,133,7.602755786501994,1296.1869644505473,919.2626037458998,0.9985276396575825,U,True,-1,False,True,502.8490809853601,excluded_contour_domain
C1,42,fit,30:42,134,7.614806153731703,1297.1733018321565,919.107053057055,0.9985276396575825,U,True,-1,False,True,501.85480415525836,excluded_contour_domain
C1,42,fit,30:42,135,7.626875098743426,1298.159639213766,918.9515023682105,0.9985276396575825,U,True,-1,False,True,500.8605442381126,excluded_contour_domain
C1,42,fit,30:42,136,7.638962664531732,1299.1459765953755,918.795951679366,0.9985276396575825,U,True,-1,False,True,499.86630133484516,excluded_contour_domain
C1,42,fit,30:42,137,7.651068894223965,1300.1323139769847,918.6404009905211,0.9985276396575825,U,True,-1,False,True,498.8720755471814,excluded_contour_domain
C1,42,fit,30:42,138,7.663193831080749,1301.1186513585944,918.4848503016765,0.9985276396575825,U,True,-1,False,True,497.8778669776565,excluded_contour_domain
C1,42,fit,30:42,139,7.675337518496512,1302.1049887402037,918.329299612832,0.9985276396575825,U,True,-1,False,True,496.883675729626,excluded_contour_domain
C1,42,fit,30:42,140,7.6875,1303.0913261218132,918.1737489239872,0.49926381982879126,U,True,-1,False,True,495.889501907271,excluded_contour_domain
C1,42,fit,37:49,0,7.6875,1346.973419399478,355.38286499583086,0.4979500711847932,B,True,-1,True,True,6.355582473719789,eligible
C1,42,fit,37:49,1,7.702557273312271,1347.872093797911,355.81205192383857,0.9959001423695863,B,True,-1,True,True,6.249099854028967,eligible
C1,42,fit,37:49,2,7.717649958222644,1348.770768196344,356.24123885184633,0.9959001423695863,B,True,-1,True,True,6.024860991480866,eligible
C1,42,fit,37:49,3,7.732778179799338,1349.669442594777,356.6704257798541,0.9959001423695863,B,True,-1,True,True,5.960728574163822,eligible
C1,42,fit,37:49,4,7.747942063700227,1350.56811699321,357.09961270786187,0.9959001423695863,B,True,-1,True,True,5.916172168622139,eligible
C1,42,fit,37:49,5,7.763141736176323,1351.466791391643,357.52879963586963,0.9959001423695863,B,True,-1,True,True,5.491077091771004,eligible
C1,42,fit,37:49,6,7.778377324075272,1352.3654657900763,357.9579865638774,0.9959001423695863,B,True,-1,True,True,5.223638225787615,eligible
C1,42,fit,37:49,7,7.793648954844892,1353.2641401885094,358.3871734918852,0.9959001423695863,B,True,-1,True,True,5.138530839373219,eligible
C1,42,fit,37:49,8,7.8089567565367215,1354.1628145869422,358.816360419893,0.9959001423695863,B,True,-1,True,True,5.186195897396585,eligible
C1,42,fit,37:49,9,7.8243008578095985,1355.0614889853755,359.2455473479007,0.9959001423695863,B,True,-1,True,True,4.871506839482788,eligible
C1,42,fit,37:49,10,7.839681387933266,1355.9601633838083,359.67473427590846,0.9959001423695863,B,True,-1,True,True,4.74870130406451,eligible
C1,42,fit,37:49,11,7.855098476792002,1356.8588377822414,360.10392120391623,0.9959001423695863,B,True,-1,True,True,4.832430387544592,eligible
C1,42,fit,37:49,12,7.870552254888278,1357.7575121806747,360.533108131924,0.9959001423695863,B,True,-1,True,True,4.530667463515064,eligible
C1,42,fit,37:49,13,7.886042853346434,1358.6561865791075,360.96229505993176,0.9959001423695863,B,True,-1,True,True,4.364174053342425,eligible
C1,42,fit,37:49,14,7.901570403916399,1359.5548609775408,361.3914819879396,0.9959001423695863,B,True,-1,True,True,4.421393090183805,eligible
C1,42,fit,37:49,15,7.917135038977415,1360.4535353759736,361.82066891594735,0.9959001423695863,B,True,-1,True,True,4.203867582047301,eligible
C1,42,fit,37:49,16,7.932736891541804,1361.352209774407,362.2498558439551,0.9959001423695863,B,True,-1,True,True,3.9864837219182454,eligible
C1,42,fit,37:49,17,7.948376095258756,1362.25088417284,362.6790427719628,0.9959001423695863,B,True,-1,True,True,4.011886896460788,eligible
C1,42,fit,37:49,18,7.964052784418148,1363.149558571273,363.10822969997065,0.9959001423695863,B,True,-1,True,True,3.89464296623346,eligible
C1,42,fit,37:49,19,7.979767093954383,1364.048232969706,363.5374166279785,0.9959001423695863,B,True,-1,True,True,3.6177722381292594,eligible
C1,42,fit,37:49,20,7.995519159450264,1364.946907368139,363.9666035559862,0.9959001423695863,B,True,-1,True,True,3.6044336984704333,eligible
C1,42,fit,37:49,21,8.011309117140895,1365.845581766572,364.39579048399395,0.9959001423695863,B,True,-1,True,True,3.6075159356659268,eligible
C1,42,fit,37:49,22,8.027137103917607,1366.744256165005,364.8249774120017,0.9959001423695863,B,True,-1,True,True,3.2610865786494103,eligible
C1,42,fit,37:49,23,8.04300325733191,1367.6429305634383,365.2541643400095,0.9959001423695863,B,True,-1,True,True,3.199817855434165,eligible
C1,42,fit,37:49,24,8.058907715599481,1368.5416049618711,365.6833512680172,0.9959001423695863,U,True,-1,True,True,3.348176342778906,eligible
C1,42,fit,37:49,25,8.074850617604188,1369.4402793603042,366.11253819602507,0.9959001423695863,U,True,-1,True,True,2.9208357681533603,eligible
C1,42,fit,37:49,26,8.09083210290211,1370.3389537587373,366.5417251240328,0.9959001423695863,U,True,-1,True,True,2.7992700001693818,eligible
C1,42,fit,37:49,27,8.106852311725628,1371.2376281571705,366.97091205204055,0.9959001423695863,U,True,-1,True,True,3.0206253773542935,eligible
C1,42,fit,37:49,28,8.12291138498752,1372.1363025556036,367.40009898004826,0.9959001423695863,U,True,-1,True,True,2.603471470980659,eligible
C1,42,fit,37:49,29,8.139009464285088,1373.0349769540364,367.8292859080561,0.9959001423695863,U,True,-1,True,True,2.1709958674022363,eligible
C1,42,fit,37:49,30,8.155146691904331,1373.9336513524695,368.25847283606385,0.9959001423695863,U,True,-1,True,True,1.9760115664377136,eligible
C1,42,fit,37:49,31,8.171323210824129,1374.8323257509028,368.6876597640716,0.9959001423695863,U,True,-1,True,True,2.253808898788454,eligible
C1,42,fit,37:49,32,8.187539164720462,1375.7310001493356,369.1168466920794,0.9959001423695863,U,True,-1,True,True,2.0200563357146932,eligible
C1,42,fit,37:49,33,8.203794697970677,1376.629674547769,369.5460336200872,0.9959001423695863,U,True,-1,True,True,2.184000312628755,eligible
C1,42,fit,37:49,34,8.220089955657757,1377.5283489462017,369.9752205480949,0.9959001423695863,U,True,-1,True,True,2.0789869036158195,eligible
C1,42,fit,37:49,35,8.236425083574652,1378.4270233446348,370.4044074761027,0.9959001423695863,U,True,-1,True,True,1.6517458760899373,eligible
C1,42,fit,37:49,36,8.252800228228617,1379.3256977430678,370.8335944041105,0.9959001423695863,U,True,-1,True,True,1.2110247866835062,eligible
C1,42,fit,37:49,37,8.269215536845593,1380.224372141501,371.2627813321182,0.9959001423695863,U,True,-1,True,True,1.4291880580094845,eligible
C1,42,fit,37:49,38,8.285671157374626,1381.123046539934,371.691968260126,0.9959001423695863,U,True,-1,True,True,1.313806486324219,eligible
C1,42,fit,37:49,39,8.302167238492306,1382.021720938367,372.1211551881338,0.9959001423695863,U,True,-1,True,True,1.3476950245666615,eligible
C1,42,fit,37:49,40,8.318703929607244,1382.9203953368,372.55034211614156,0.9959001423695863,U,True,-1,True,True,1.4518418931261385,eligible
C1,42,fit,37:49,41,8.335281380864586,1383.8190697352331,372.97952904414933,0.9959001423695863,U,True,-1,True,True,1.0363863818303403,eligible
C1,42,fit,37:49,42,8.351899743150557,1384.7177441336662,373.40871597215704,0.9959001423695863,U,True,-1,True,True,0.9299319561099296,eligible
C1,42,fit,37:49,43,8.36855916809704,1385.6164185320993,373.83790290016486,0.9959001423695863,U,True,-1,True,True,1.223766485879607,eligible
C1,42,fit,37:49,44,8.385259808086179,1386.5150929305323,374.26708982817263,0.9959001423695863,U,True,-1,True,True,0.8788015623494079,eligible
C1,42,fit,37:49,45,8.402001816255035,1387.4137673289654,374.6962767561804,0.9959001423695863,U,True,-1,True,True,0.5132749860995038,eligible
C1,42,fit,37:49,46,8.41878534650027,1388.3124417273984,375.12546368418816,0.9959001423695863,U,True,-1,True,True,0.9286730321773436,eligible
C1,42,fit,37:49,47,8.435610553482844,1389.2111161258317,375.55465061219587,0.9959001423695863,U,True,-1,True,True,0.49285504542787,eligible
C1,42,fit,37:49,48,8.452477592632789,1390.1097905242646,375.9838375402037,0.9959001423695863,U,True,-1,True,True,1.0220763689262968,eligible
C1,42,fit,37:49,49,8.469386620153976,1391.0084649226978,376.41302446821146,0.9959001423695863,U,True,-1,True,True,0.5870365660116232,eligible
C1,42,fit,37:49,50,8.486337793028948,1391.9071393211307,376.8422113962193,0.9959001423695863,U,True,-1,True,True,0.9207600075071045,eligible
C1,42,fit,37:49,51,8.503331269023777,1392.8058137195637,377.27139832422694,0.9959001423695863,U,True,-1,True,True,0.7540349550577812,eligible
C1,42,fit,37:49,52,8.520367206692955,1393.7044881179968,377.70058525223476,0.9959001423695863,U,True,-1,True,True,0.42068570641798897,eligible
C1,42,fit,37:49,53,8.537445765384325,1394.60316251643,378.1297721802425,0.9959001423695863,U,True,-1,True,True,0.6169650233126339,eligible
C1,42,fit,37:49,54,8.554567105244052,1395.501836914863,378.5589591082503,0.9959001423695863,U,True,-1,True,True,0.6653446682650165,eligible
C1,42,fit,37:49,55,8.57173138722163,1396.4005113132962,378.98814603625806,0.9959001423695863,U,True,-1,True,True,0.400686696228657,eligible
C1,42,fit,37:49,56,8.588938773074922,1397.2991857117293,379.4173329642659,0.9959001423695863,U,True,-1,True,True,0.6549908126333706,eligible
C1,42,fit,37:49,57,8.606189425375241,1398.1978601101623,379.84651989227365,0.9959001423695863,U,True,-1,True,True,0.25040919843554893,eligible
C1,42,fit,37:49,58,8.623483507512473,1399.0965345085951,380.27570682028136,0.9959001423695863,U,True,-1,True,True,0.7306979687508702,eligible
C1,42,fit,37:49,59,8.640821183700234,1399.9952089070284,380.7048937482892,0.9959001423695863,U,True,-1,True,True,0.2951451411944164,eligible
C1,42,fit,37:49,60,8.658202618981067,1400.8938833054615,381.13408067629695,0.9959001423695863,U,True,-1,True,True,0.8723972879497814,eligible
C1,42,fit,37:49,61,8.67562797923168,1401.7925577038943,381.5632676043047,0.9959001423695863,U,True,-1,True,True,0.4834950792545284,eligible
C1,42,fit,37:49,62,8.693097431168221,1402.6912321023274,381.9924545323125,0.9959001423695863,U,True,-1,True,True,0.3088600795114113,eligible
C1,42,fit,37:49,63,8.710611142351599,1403.5899065007607,382.42164146032025,0.9959001423695863,U,True,-1,True,True,0.7089959651076042,eligible
C1,42,fit,37:49,64,8.728169281192836,1404.4885808991935,382.850828388328,0.9959001423695863,U,True,-1,True,True,0.510845832698615,eligible
C1,42,fit,37:49,65,8.745772016958467,1405.3872552976266,383.2800153163358,0.9959001423695863,U,True,-1,True,True,0.4778862238257715,eligible
C1,42,fit,37:49,66,8.763419519775983,1406.2859296960596,383.70920224434354,0.9959001423695863,U,True,-1,True,True,0.4078224194224412,eligible
C1,42,fit,37:49,67,8.781111960639308,1407.1846040944927,384.1383891723513,0.9959001423695863,U,True,-1,True,True,0.23071678466799775,eligible
C1,42,fit,37:49,68,8.798849511414321,1408.0832784929257,384.5675761003591,0.9959001423695863,U,True,-1,True,True,0.4403699993921522,eligible
C1,42,fit,37:49,69,8.816632344844423,1408.9819528913588,384.99676302836684,0.9959001423695863,U,True,-1,True,True,0.018335106099000246,eligible
C1,42,fit,37:49,70,8.834460634556148,1409.880627289792,385.4259499563746,0.9959001423695863,U,True,-1,True,True,0.5863303646654324,eligible
C1,42,fit,37:49,71,8.852334555064804,1410.779301688225,385.8551368843824,0.9959001423695863,U,True,-1,True,True,0.2639944451817546,eligible
C1,42,fit,37:49,72,8.870254281780177,1411.677976086658,386.2843238123901,0.9959001423695863,U,True,-1,True,True,0.7351813411479365,eligible
C1,42,fit,37:49,73,8.88821999101227,1412.5766504850912,386.7135107403979,0.9959001423695863,U,True,-1,True,True,0.5111760045628405,eligible
C1,42,fit,37:49,74,8.906231859977074,1413.475324883524,387.1426976684057,0.9959001423695863,U,True,-1,True,True,0.4962825500313274,eligible
C1,42,fit,37:49,75,8.924290066802406,1414.3739992819571,387.57188459641344,0.9959001423695863,U,True,-1,True,True,0.5684701062435378,eligible
C1,42,fit,37:49,76,8.942394790533777,1415.2726736803902,388.00107152442126,0.9959001423695863,U,True,-1,True,True,0.27267578576419566,eligible
C1,42,fit,37:49,77,8.960546211140308,1416.1713480788233,388.43025845242903,0.9959001423695863,U,True,-1,True,True,0.5949500778594667,eligible
C1,42,fit,37:49,78,8.978744509520695,1417.0700224772563,388.85944538043674,0.9959001423695863,U,True,-1,True,True,1.0792143915433654,eligible
C1,42,fit,37:49,79,8.99698986750922,1417.9686968756894,389.2886323084445,0.9959001423695863,U,True,-1,True,True,0.7120560920184589,eligible
C1,42,fit,37:49,80,9.015282467881804,1418.8673712741222,389.71781923645227,0.9959001423695863,U,True,-1,True,True,0.311795385219772,eligible
C1,42,fit,37:49,81,9.033622494362113,1419.7660456725555,390.14700616446004,0.9959001423695863,U,True,-1,True,True,0.7800235796629792,eligible
C1,42,fit,37:49,82,9.052010131627709,1420.6647200709886,390.5761930924678,0.9959001423695863,U,True,-1,True,True,0.7883305573469974,eligible
C1,42,fit,37:49,83,9.070445565316245,1421.5633944694216,391.0053800204756,0.9959001423695863,U,True,-1,True,True,1.0862289321320353,eligible
C1,42,fit,37:49,84,9.088928982031714,1422.4620688678547,391.4345669484834,0.9959001423695863,U,True,-1,True,True,0.7302206340469136,eligible
C1,42,fit,37:49,85,9.107460569350748,1423.3607432662877,391.86375387649116,0.9959001423695863,U,True,-1,True,True,1.1921371386551152,eligible
C1,42,fit,37:49,86,9.126040515828963,1424.2594176647206,392.2929408044989,0.9959001423695863,U,True,-1,True,True,1.4443218339943529,eligible
C1,42,fit,37:49,87,9.144669011007352,1425.1580920631538,392.72212773250664,0.9959001423695863,U,True,-1,True,True,1.2876143182105706,eligible
C1,42,fit,37:49,88,9.163346245418726,1426.056766461587,393.15131466051446,0.9959001423695863,U,True,-1,True,True,1.3553679056966759,eligible
C1,42,fit,37:49,89,9.18207241059422,1426.95544086002,393.5805015885222,0.9959001423695863,U,True,-1,True,True,1.4201976120046422,eligible
C1,42,fit,37:49,90,9.200847699069831,1427.8541152584532,394.00968851652993,0.9959001423695863,U,True,-1,True,True,1.3077575115499593,eligible
C1,42,fit,37:49,91,9.219672304393024,1428.752789656886,394.43887544453776,0.9959001423695863,U,True,-1,True,True,1.580576740120418,eligible
C1,42,fit,37:49,92,9.238546421129378,1429.6514640553191,394.8680623725455,0.9959001423695863,U,True,-1,True,True,1.3060199875270389,eligible
C1,42,fit,37:49,93,9.257470244869287,1430.5501384537522,395.2972493005533,0.9959001423695863,U,True,-1,True,True,1.701995232476899,eligible
C1,42,fit,37:49,94,9.276443972234727,1431.4488128521855,395.72643622856106,0.9959001423695863,U,True,-1,True,True,1.3503324243343398,eligible
C1,42,fit,37:49,95,9.29546780088605,1432.3474872506183,396.1556231565688,0.9959001423695863,U,True,-1,True,True,1.590186826854538,eligible
C1,42,fit,37:49,96,9.314541929528865,1433.2461616490514,396.5848100845766,0.9959001423695863,U,True,-1,True,True,1.4364393666910602,eligible
C1,42,fit,37:49,97,9.33366655792094,1434.1448360474844,397.0139970125843,0.9959001423695863,U,True,-1,True,True,1.5109108070341102,eligible
C1,42,fit,37:49,98,9.35284188687919,1435.0435104459173,397.4431839405921,0.9959001423695863,U,True,-1,True,True,1.557423963387682,eligible
C1,42,fit,37:49,99,9.372068118286697,1435.9421848443505,397.87237086859994,0.9959001423695863,U,True,-1,True,True,1.469441982150338,eligible
C1,42,fit,37:49,100,9.391345455099794,1436.8408592427836,398.30155779660765,0.9959001423695863,U,True,-1,True,True,1.7058815020017233,eligible
C1,42,fit,37:49,101,9.410674101355212,1437.7395336412167,398.7307447246155,0.9959001423695863,U,True,-1,True,True,1.4689856910748398,eligible
C1,42,fit,37:49,102,9.43005426217728,1438.6382080396497,399.15993165262324,0.9959001423695863,U,True,-1,True,True,1.8410432937433365,eligible
C1,42,fit,37:49,103,9.449486143785169,1439.5368824380828,399.58911858063095,0.9959001423695863,U,True,-1,True,True,1.5095791240748309,eligible
C1,42,fit,37:49,104,9.468969953500226,1440.4355568365158,400.0183055086387,0.9959001423695863,U,True,-1,True,True,1.739122625129252,eligible
C1,42,fit,37:49,105,9.488505899753328,1441.334231234949,400.4474924366465,0.9959001423695863,U,True,-1,True,True,2.047059530786328,eligible
C1,42,fit,37:49,106,9.508094192092326,1442.232905633382,400.8766793646543,0.9959001423695863,U,True,-1,True,True,2.1360560747662705,eligible
C1,42,fit,37:49,107,9.527735041189535,1443.131580031815,401.30586629266213,0.9959001423695863,U,True,-1,True,True,2.0372929064670187,eligible
C1,42,fit,37:49,108,9.547428658849283,1444.030254430248,401.7350532206698,0.9959001423695863,U,True,-1,True,True,2.2651488347894397,eligible
C1,42,fit,37:49,109,9.56717525801553,1444.9289288286811,402.1642401486776,0.9959001423695863,U,True,-1,True,True,2.0574068631367313,eligible
C1,42,fit,37:49,110,9.586975052779536,1445.8276032271142,402.5934270766853,0.9959001423695863,U,True,-1,True,True,2.3062048790947083,eligible
C1,42,fit,37:49,111,9.606828258387612,1446.7262776255473,403.02261400469314,0.9959001423695863,U,True,-1,True,True,1.9962412962144016,eligible
C1,42,fit,37:49,112,9.626735091248902,1447.6249520239803,403.4518009327009,0.9959001423695863,U,True,-1,True,True,1.6695764086327036,eligible
C1,42,fit,37:49,113,9.646695768943255,1448.5236264224134,403.8809878607087,0.9959001423695863,U,True,-1,True,True,1.8904035661618728,eligible
C1,42,fit,37:49,114,9.66671051022916,1449.4223008208464,404.31017478871644,0.9959001423695863,U,True,-1,True,True,2.208721093680677,eligible
C1,42,fit,37:49,115,9.686779535051722,1450.3209752192795,404.73936171672415,0.9959001423695863,U,True,-1,True,True,2.2833113101817526,eligible
C1,42,fit,37:49,116,9.70690306455073,1451.2196496177125,405.16854864473197,0.9959001423695863,U,True,-1,True,True,1.8445758377671466,eligible
C1,42,fit,37:49,117,9.727081321068775,1452.1183240161456,405.59773557273974,0.9959001423695863,U,True,-1,True,True,1.7935980957415165,eligible
C1,42,fit,37:49,118,9.74731452815944,1453.0169984145787,406.02692250074745,0.9959001423695863,U,True,-1,True,True,1.9731507200806786,eligible
C1,42,fit,37:49,119,9.76760291059556,1453.9156728130117,406.45610942875527,0.9959001423695863,U,True,-1,True,True,1.5461918284752825,eligible
C1,42,fit,37:49,120,9.787946694377531,1454.8143472114446,406.88529635676304,0.9959001423695863,U,True,-1,True,True,1.3804802037817443,eligible
C1,42,fit,37:49,121,9.808346106741723,1455.7130216098778,407.3144832847708,0.9959001423695863,U,True,-1,True,True,1.7097728485720354,eligible
C1,42,fit,37:49,122,9.828801376168924,1456.611696008311,407.7436702127786,0.9959001423695863,U,True,-1,True,True,1.3149694004886174,eligible
C1,42,fit,37:49,123,9.849312732392878,1457.5103704067442,408.17285714078633,0.9959001423695863,U,True,-1,True,True,0.9719276010220025,eligible
C1,42,fit,37:49,124,9.869880406408878,1458.409044805177,408.6020440687941,0.9959001423695863,U,True,-1,True,True,1.4565707803728793,eligible
C1,42,fit,37:49,125,9.890504630482454,1459.30771920361,409.03123099680187,0.9959001423695863,U,True,-1,True,True,1.0164666693148008,eligible
C1,42,fit,37:49,126,9.911185638158095,1460.2063936020431,409.46041792480963,0.9959001423695863,U,True,-1,True,True,0.5777085206495427,eligible
C1,42,fit,37:49,127,9.931923664268078,1461.1050680004762,409.8896048528174,0.9959001423695863,U,True,-1,True,False,1.1105684914483764,eligible
C1,42,fit,37:49,128,9.952718944941354,1462.0037423989093,410.31879178082517,0.9959001423695863,U,True,-1,True,False,0.6812184990301903,eligible
C1,42,fit,37:49,129,9.973571717612511,1462.9024167973425,410.74797870883293,0.9959001423695863,U,True,-1,True,False,0.2702539780325227,eligible
C1,42,fit,37:49,130,9.994482221030802,1463.8010911957754,411.1771656368407,0.9959001423695863,U,True,-1,True,False,0.8204479062231698,eligible
C1,42,fit,37:49,131,10.01545069526927,1464.6997655942084,411.60635256484846,0.9959001423695863,U,True,-1,True,False,0.4950747434705189,eligible
C1,42,fit,37:49,132,10.036477381733928,1465.5984399926415,412.0355394928563,0.9959001423695863,U,True,-1,True,False,0.5994943538893642,eligible
C1,42,fit,37:49,133,10.057562523173022,1466.4971143910745,412.464726420864,0.9959001423695863,U,True,-1,True,False,0.7305070309959272,eligible
C1,42,fit,37:49,134,10.078706363686377,1467.3957887895076,412.89391334887176,0.9959001423695863,U,True,-1,True,False,0.4097598607080737,eligible
C1,42,fit,37:49,135,10.099909148734815,1468.2944631879407,413.32310027687953,0.9959001423695863,U,True,-1,True,False,0.43715255686294163,eligible
C1,42,fit,37:49,136,10.121171125149653,1469.193137586374,413.7522872048873,0.9959001423695863,U,True,-1,True,False,0.7766840837222654,eligible
C1,42,fit,37:49,137,10.14249254114228,1470.0918119848068,414.1814741328951,0.9959001423695863,U,True,-1,True,False,0.20337723929731147,eligible
C1,42,fit,37:49,138,10.163873646313824,1470.99048638324,414.6106610609029,0.9959001423695863,U,True,-1,True,False,0.6107351637222894,eligible
C1,42,fit,37:49,139,10.185314691664878,1471.889160781673,415.03984798891065,0.9959001423695863,U,True,-1,True,False,1.0457385774470063,eligible
C1,42,fit,37:49,140,10.206815929605332,1472.7878351801057,415.46903491691836,0.9959001423695863,U,True,-1,True,False,0.5147889510171922,eligible
C1,42,fit,37:49,141,10.22837761396428,1473.686509578539,415.8982218449262,0.9959001423695863,U,True,-1,True,False,0.9513562566412133,eligible
C1,42,fit,37:49,142,10.25,1474.585183976972,416.32740877293395,0.4979500711847932,U,True,-1,True,False,1.3907143428550373,eligible
C1,42,fit,48:49,0,10.25,1424.6361039914227,396.4961875887049,0.49760985003125985,F,False,74,True,False,2.024546769725924,self_occluded
C1,42,fit,48:49,1,10.25,1425.5610869541179,396.86343242544984,0.9952197000625197,F,False,74,True,False,1.9144255185468642,self_occluded
C1,42,fit,48:49,2,10.25,1426.4860699168132,397.23067726219483,0.9952197000625197,F,False,74,True,False,1.9510383954349264,self_occluded
C1,42,fit,48:49,3,10.25,1427.4110528795088,397.5979220989398,0.9952197000625197,F,False,74,True,False,1.7030013931336325,self_occluded
C1,42,fit,48:49,4,10.25,1428.336035842204,397.96516693568475,0.9952197000625197,F,False,74,True,False,1.9236226064821003,self_occluded
C1,42,fit,48:49,5,10.25,1429.2610188048995,398.3324117724298,0.9952197000625197,F,False,74,True,False,1.523618829636072,self_occluded
C1,42,fit,48:49,6,10.25,1430.186001767595,398.6996566091748,0.9952197000625197,F,False,74,True,False,1.7098038620438156,self_occluded
C1,42,fit,48:49,7,10.25,1431.1109847302903,399.0669014459198,0.9952197000625197,F,False,74,True,False,1.3887501017399977,self_occluded
C1,42,fit,48:49,8,10.25,1432.0359676929857,399.43414628266476,0.9952197000625197,U,False,74,True,False,1.434597237910295,self_occluded
C1,42,fit,48:49,9,10.25,1432.960950655681,399.80139111940974,0.9952197000625197,F,False,74,True,False,1.3121933036708078,self_occluded
C1,42,fit,48:49,10,10.25,1433.8859336183764,400.1686359561547,0.9952197000625197,U,False,74,True,False,1.1741895662261068,self_occluded
C1,42,fit,48:49,11,10.25,1434.8109165810715,400.53588079289966,0.9952197000625197,F,False,74,True,False,1.3042574904402133,self_occluded
C1,42,fit,48:49,12,10.25,1435.7358995437671,400.9031256296446,0.9952197000625197,U,False,74,True,False,0.9409489645583105,self_occluded
C1,42,fit,48:49,13,10.25,1436.6608825064623,401.2703704663897,0.9952197000625197,U,False,74,True,False,1.3148542870974282,self_occluded
C1,42,fit,48:49,14,10.25,1437.5858654691576,401.6376153031346,0.9952197000625197,U,False,74,True,False,0.7603030214509817,self_occluded
C1,42,fit,48:49,15,10.25,1438.5108484318532,402.0048601398796,0.9952197000625197,U,False,74,True,False,1.117592572156475,self_occluded
C1,42,fit,48:49,16,10.25,1439.4358313945481,402.37210497662454,0.9952197000625197,U,False,74,True,False,0.6758315833151457,self_occluded
C1,42,fit,48:49,17,10.25,1440.3608143572437,402.73934981336953,0.9952197000625197,U,False,74,True,False,0.6902874804719052,self_occluded
C1,42,fit,48:49,18,10.25,1441.2857973199393,403.1065946501146,0.9952197000625197,U,False,74,True,False,0.3050287322819709,self_occluded
C1,42,fit,48:49,19,10.25,1442.2107802826345,403.4738394868595,0.9952197000625197,U,False,74,True,False,0.5186060034889111,self_occluded
C1,42,fit,48:49,20,10.25,1443.13576324533,403.8410843236045,0.9952197000625197,U,False,74,True,False,0.2090116049093698,self_occluded
C1,42,fit,48:49,21,10.25,1444.0607462080252,404.2083291603495,0.9952197000625197,U,False,74,True,False,0.2170049327581261,self_occluded
C1,42,fit,48:49,22,10.25,1444.9857291707206,404.57557399709447,0.9952197000625197,U,False,74,True,False,0.4246658551269354,self_occluded
C1,42,fit,48:49,23,10.25,1445.910712133416,404.94281883383945,0.9952197000625197,U,False,74,True,False,0.10602833999745157,self_occluded
C1,42,fit,48:49,24,10.25,1446.8356950961115,405.31006367058444,0.9952197000625197,U,False,74,True,False,0.3509067985350223,self_occluded
C1,42,fit,48:49,25,10.25,1447.760678058807,405.6773085073294,0.9952197000625197,U,False,74,True,False,0.4017521511808004,self_occluded
C1,42,fit,48:49,26,10.25,1448.6856610215023,406.04455334407436,0.9952197000625197,U,False,74,True,False,0.6871070054043438,self_occluded
C1,42,fit,48:49,27,10.25,1449.6106439841974,406.41179818081935,0.9952197000625197,U,False,74,True,False,0.7053931436646579,self_occluded
C1,42,fit,48:49,28,10.25,1450.5356269468925,406.7790430175644,0.9952197000625197,U,False,74,True,False,0.5142609459597325,self_occluded
C1,42,fit,48:49,29,10.25,1451.460609909588,407.1462878543094,0.9952197000625197,U,False,74,True,False,0.48328213822674715,self_occluded
C1,42,fit,48:49,30,10.25,1452.3855928722835,407.51353269105437,0.9952197000625197,U,False,74,True,False,0.6207514042099656,self_occluded
C1,42,fit,48:49,31,10.25,1453.3105758349786,407.88077752779935,0.9952197000625197,U,False,74,True,False,0.3326730333981262,self_occluded
C1,42,fit,48:49,32,10.25,1454.2355587976742,408.2480223645443,0.9952197000625197,U,False,74,True,False,0.3420570719571022,self_occluded
C1,42,fit,48:49,33,10.25,1455.1605417603694,408.61526720128927,0.9952197000625197,U,False,74,True,False,0.41688485607693465,self_occluded
C1,42,fit,48:49,34,10.25,1456.085524723065,408.9825120380343,0.9952197000625197,U,False,74,True,False,0.08729437020250504,self_occluded
C1,42,fit,48:49,35,10.25,1457.0105076857603,409.34975687477925,0.9952197000625197,U,False,74,True,False,0.3499146794797023,self_occluded
C1,42,fit,48:49,36,10.25,1457.9354906484557,409.71700171152423,0.9952197000625197,U,False,74,True,False,0.2902576230125227,self_occluded
C1,42,fit,48:49,37,10.25,1458.8604736111508,410.0842465482692,0.9952197000625197,U,False,74,True,False,0.16298801821166442,self_occluded
C1,42,fit,48:49,38,10.25,1459.7854565738462,410.4514913850142,0.9952197000625197,U,False,74,True,False,0.49987333640419046,self_occluded
C1,42,fit,48:49,39,10.25,1460.7104395365416,410.8187362217592,0.9952197000625197,U,False,74,True,False,0.3416164798431008,self_occluded
C1,42,fit,48:49,40,10.25,1461.635422499237,411.1859810585042,0.9952197000625197,U,False,74,True,False,0.40927461219207895,self_occluded
C1,42,fit,48:49,41,10.25,1462.5604054619323,411.55322589524917,0.9952197000625197,U,False,74,True,False,0.7066132245247013,self_occluded
C1,42,fit,48:49,42,10.25,1463.4853884246277,411.9204707319941,0.9952197000625197,U,False,74,True,False,0.5207206333311013,self_occluded
C1,42,fit,48:49,43,10.25,1464.410371387323,412.2877155687391,0.9952197000625197,U,False,74,True,False,0.501183523300889,self_occluded
C1,42,fit,48:49,44,10.25,1465.3353543500184,412.65496040548413,0.9952197000625197,U,False,74,True,False,0.7358231260487854,self_occluded
C1,42,fit,48:49,45,10.25,1466.2603373127138,413.02220524222906,0.9952197000625197,U,False,74,True,False,0.2612825849027833,self_occluded
C1,42,fit,48:49,46,10.25,1467.1853202754091,413.3894500789741,0.9952197000625197,U,False,74,True,False,0.4312945263861551,self_occluded
C1,42,fit,48:49,47,10.25,1468.1103032381045,413.75669491571904,0.9952197000625197,U,False,74,True,False,0.7646920947750026,self_occluded
C1,42,fit,48:49,48,10.25,1469.0352862007999,414.123939752464,0.9952197000625197,U,False,74,True,False,0.9726426767359045,self_occluded
C1,42,fit,48:49,49,10.25,1469.960269163495,414.491184589209,0.9952197000625197,U,False,74,True,False,0.49278883920581296,self_occluded
C1,42,fit,48:49,50,10.25,1470.8852521261904,414.85842942595406,0.9952197000625197,U,False,74,True,False,0.8660647515559332,self_occluded
C1,42,fit,48:49,51,10.25,1471.810235088886,415.225674262699,0.9952197000625197,U,False,74,True,False,1.2109787019443803,self_occluded
C1,42,fit,48:49,52,10.25,1472.7352180515811,415.59291909944403,0.9952197000625197,U,False,74,True,False,0.6493554794517585,self_occluded
C1,42,fit,48:49,53,10.25,1473.6602010142767,415.96016393618896,0.9952197000625197,U,False,74,True,False,1.0185176164683947,self_occluded
C1,42,fit,48:49,54,10.25,1474.585183976972,416.32740877293395,0.49760985003125985,U,True,-1,True,False,1.3907143428550373,eligible
C1,42,fit,42:54,0,7.6875,1303.0913261218132,918.1737489239872,0.4984730923563811,U,True,-1,False,True,495.889501907271,excluded_contour_domain
C1,42,fit,42:54,1,7.699368551962872,1304.0879657854312,918.1490289701715,0.9969461847127622,U,True,-1,False,True,494.89328096849124,excluded_contour_domain
C1,42,fit,42:54,2,7.711254202505115,1305.0846054490491,918.1243090163558,0.9969461847127622,U,True,-1,False,True,493.89706295650836,excluded_contour_domain
C1,42,fit,42:54,3,7.723156988603295,1306.0812451126674,918.09958906254,0.9969461847127622,U,True,-1,False,True,492.90084788906836,excluded_contour_domain
C1,42,fit,42:54,4,7.735076947340667,1307.0778847762854,918.0748691087243,0.9969461847127622,U,True,-1,False,True,491.9046357840618,excluded_contour_domain
C1,42,fit,42:54,5,7.747014115907568,1308.0745244399034,918.0501491549087,0.9969461847127622,U,True,-1,False,True,490.9084266595236,excluded_contour_domain
C1,42,fit,42:54,6,7.758968531601804,1309.0711641035211,918.0254292010927,0.9969461847127622,U,True,-1,False,True,489.91222053363595,excluded_contour_domain
C1,42,fit,42:54,7,7.770940231829035,1310.0678037671394,918.0007092472772,0.9969461847127622,U,True,-1,False,True,488.9160174247281,excluded_contour_domain
C1,42,fit,42:54,8,7.782929254103166,1311.0644434307574,917.9759892934615,0.9969461847127622,U,True,-1,False,True,487.9198173512803,excluded_contour_domain
C1,42,fit,42:54,9,7.794935636046743,1312.0610830943756,917.9512693396455,0.9969461847127622,U,True,-1,False,True,486.92362033192296,excluded_contour_domain
C1,42,fit,42:54,10,7.806959415391338,1313.0577227579936,917.9265493858298,0.9969461847127622,U,True,-1,False,True,485.92742638543996,excluded_contour_domain
C1,42,fit,42:54,11,7.819000629977953,1314.0543624216116,917.9018294320142,0.9969461847127622,U,True,-1,False,True,484.931235530769,excluded_contour_domain
C1,42,fit,42:54,12,7.831059317757413,1315.0510020852296,917.8771094781983,0.9969461847127622,U,True,-1,False,True,483.9350477870037,excluded_contour_domain
C1,42,fit,42:54,13,7.843135516790763,1316.0476417488478,917.8523895243828,0.9969461847127622,U,True,-1,False,True,482.9388631733951,excluded_contour_domain
C1,42,fit,42:54,14,7.855229265249673,1317.0442814124658,917.8276695705671,0.9969461847127622,U,True,-1,False,True,481.9426817093538,excluded_contour_domain
C1,42,fit,42:54,15,7.867340601416836,1318.0409210760838,917.8029496167512,0.9969461847127622,U,True,-1,False,True,480.9465034144506,excluded_contour_domain
C1,42,fit,42:54,16,7.879469563686373,1319.0375607397018,917.7782296629356,0.9969461847127622,U,True,-1,False,True,479.95032830841905,excluded_contour_domain
C1,42,fit,42:54,17,7.891616190564243,1320.0342004033198,917.7535097091197,0.9969461847127622,U,True,-1,False,True,478.9541564111567,excluded_contour_domain
C1,42,fit,42:54,18,7.903780520668641,1321.030840066938,917.7287897553041,0.9969461847127622,U,True,-1,False,True,477.95798774272674,excluded_contour_domain
C1,42,fit,42:54,19,7.915962592730418,1322.027479730556,917.7040698014883,0.9969461847127622,U,True,-1,False,True,476.9618223233605,excluded_contour_domain
C1,42,fit,42:54,20,7.928162445593486,1323.024119394174,917.6793498476725,0.9969461847127622,U,True,-1,False,True,475.96566017345805,excluded_contour_domain
C1,42,fit,42:54,21,7.940380118215231,1324.020759057792,917.6546298938568,0.9969461847127622,U,True,-1,False,True,474.9695013135906,excluded_contour_domain
C1,42,fit,42:54,22,7.952615649666927,1325.01739872141,917.6299099400412,0.9969461847127622,U,True,-1,False,True,473.97334576450254,excluded_contour_domain
C1,42,fit,42:54,23,7.96486907913416,1326.0140383850282,917.6051899862256,0.9969461847127622,U,True,-1,False,True,472.97719354711234,excluded_contour_domain
C1,42,fit,42:54,24,7.977140445917233,1327.010678048646,917.5804700324097,0.9969461847127622,U,True,-1,False,True,471.98104468251614,excluded_contour_domain
C1,42,fit,42:54,25,7.9894297894316,1328.0073177122642,917.555750078594,0.9969461847127622,U,True,-1,False,True,470.98489919198687,excluded_contour_domain
C1,42,fit,42:54,26,8.001737149208278,1329.0039573758822,917.5310301247782,0.9969461847127622,U,True,-1,False,True,469.98875709697927,excluded_contour_domain
C1,42,fit,42:54,27,8.014062564894276,1330.0005970395002,917.5063101709625,0.9969461847127622,U,True,-1,False,True,468.9926184191295,excluded_contour_domain
C1,42,fit,42:54,28,8.026406076253018,1330.9972367031182,917.4815902171468,0.9969461847127622,U,True,-1,False,True,467.99648318025794,excluded_contour_domain
C1,42,fit,42:54,29,8.038767723164773,1331.9938763667362,917.4568702633311,0.9969461847127622,U,True,-1,False,True,467.0003514023711,excluded_contour_domain
C1,42,fit,42:54,30,8.051147545627083,1332.9905160303545,917.4321503095154,0.9969461847127622,U,True,-1,False,True,466.00422310766345,excluded_contour_domain
C1,42,fit,42:54,31,8.063545583755195,1333.9871556939725,917.4074303556997,0.9969461847127622,U,True,-1,False,True,465.0080983185201,excluded_contour_domain
C1,42,fit,42:54,32,8.075961877782492,1334.9837953575905,917.3827104018837,0.9969461847127622,U,True,-1,False,True,464.01197705751775,excluded_contour_domain
C1,42,fit,42:54,33,8.088396468060933,1335.9804350212085,917.3579904480681,0.9969461847127622,U,True,-1,False,True,463.0158593474275,excluded_contour_domain
C1,42,fit,42:54,34,8.100849395061488,1336.9770746848264,917.3332704942525,0.9969461847127622,U,True,-1,False,True,462.0197452112167,excluded_contour_domain
C1,42,fit,42:54,35,8.113320699374574,1337.9737143484447,917.3085505404366,0.9969461847127622,U,True,-1,False,True,461.02363467205083,excluded_contour_domain
C1,42,fit,42:54,36,8.125810421710497,1338.9703540120627,917.2838305866209,0.9969461847127622,U,True,-1,False,True,460.02752775329674,excluded_contour_domain
C1,42,fit,42:54,37,8.1383186028999,1339.9669936756807,917.2591106328052,0.9969461847127622,U,True,-1,False,True,459.0314244785234,excluded_contour_domain
C1,42,fit,42:54,38,8.150845283894204,1340.9636333392987,917.2343906789895,0.9969461847127622,U,True,-1,False,True,458.03532487150466,excluded_contour_domain
C1,42,fit,42:54,39,8.163390505766055,1341.9602730029167,917.2096707251739,0.9969461847127622,U,True,-1,False,True,457.0392289562218,excluded_contour_domain
C1,42,fit,42:54,40,8.17595430970977,1342.956912666535,917.184950771358,0.9969461847127622,U,True,-1,False,True,456.0431367568652,excluded_contour_domain
C1,42,fit,42:54,41,8.188536737041796,1343.953552330153,917.1602308175422,0.9969461847127622,U,True,-1,False,True,455.0470482978377,excluded_contour_domain
C1,42,fit,42:54,42,8.201137829201153,1344.9501919937709,917.1355108637265,0.9969461847127622,U,True,-1,False,True,454.05096360375546,excluded_contour_domain
C1,42,fit,42:54,43,8.2137576277499,1345.9468316573889,917.1107909099107,0.9969461847127622,U,True,-1,False,True,453.0548826994511,excluded_contour_domain
C1,42,fit,42:54,44,8.226396174373578,1346.943471321007,917.0860709560952,0.9969461847127622,U,True,-1,False,True,452.0588056099763,excluded_contour_domain
C1,42,fit,42:54,45,8.239053510881684,1347.9401109846249,917.0613510022795,0.9969461847127622,U,True,-1,False,True,451.0627323606042,excluded_contour_domain
C1,42,fit,42:54,46,8.251729679208122,1348.9367506482429,917.0366310484636,0.9969461847127622,U,True,-1,False,True,450.0666629768305,excluded_contour_domain
C1,42,fit,42:54,47,8.26442472141167,1349.933390311861,917.011911094648,0.9969461847127622,U,True,-1,False,True,449.0705974843778,excluded_contour_domain
C1,42,fit,42:54,48,8.27713867967644,1350.930029975479,916.9871911408324,0.9969461847127622,U,True,-1,False,True,448.0745359091976,excluded_contour_domain
C1,42,fit,42:54,49,8.289871596312356,1351.926669639097,916.9624711870165,0.9969461847127622,U,True,-1,False,True,447.078478277472,excluded_contour_domain
C1,42,fit,42:54,50,8.302623513755611,1352.9233093027153,916.9377512332007,0.9969461847127622,U,True,-1,False,True,446.0824246156168,excluded_contour_domain
C1,42,fit,42:54,51,8.315394474569148,1353.9199489663333,916.913031279385,0.9969461847127622,U,True,-1,False,True,445.0863749502848,excluded_contour_domain
C1,42,fit,42:54,52,8.328184521443125,1354.9165886299513,916.8883113255694,0.9969461847127622,U,True,-1,False,True,444.0903293083671,excluded_contour_domain
C1,42,fit,42:54,53,8.340993697195403,1355.9132282935695,916.8635913717536,0.9969461847127622,U,True,-1,False,True,443.0942877169967,excluded_contour_domain
C1,42,fit,42:54,54,8.353822044772008,1356.9098679571873,916.8388714179378,0.9969461847127622,U,True,-1,False,True,442.09825020355163,excluded_contour_domain
C1,42,fit,42:54,55,8.366669607247623,1357.9065076208053,916.8141514641221,0.9969461847127622,U,True,-1,False,True,441.10221679565603,excluded_contour_domain
C1,42,fit,42:54,56,8.379536427826068,1358.9031472844235,916.7894315103064,0.9969461847127622,U,True,-1,False,True,440.1061875211843,excluded_contour_domain
C1,42,fit,42:54,57,8.39242254984078,1359.8997869480415,916.7647115564907,0.9969461847127622,U,True,-1,False,True,439.11016240826456,excluded_contour_domain
C1,42,fit,42:54,58,8.405328016755302,1360.8964266116595,916.739991602675,0.9969461847127622,U,True,-1,False,True,438.1141414852795,excluded_contour_domain
C1,42,fit,42:54,59,8.418252872163773,1361.8930662752775,916.7152716488591,0.9969461847127622,U,True,-1,False,True,437.11812478087086,excluded_contour_domain
C1,42,fit,42:54,60,8.431197159791417,1362.8897059388958,916.6905516950435,0.9969461847127622,U,True,-1,False,True,436.1221123239415,excluded_contour_domain
C1,42,fit,42:54,61,8.444160923495033,1363.8863456025135,916.6658317412277,0.9969461847127622,U,True,-1,False,True,435.1261041436599,excluded_contour_domain
C1,42,fit,42:54,62,8.457144207263504,1364.8829852661318,916.6411117874121,0.9969461847127622,U,True,-1,False,True,434.13010026946034,excluded_contour_domain
C1,42,fit,42:54,63,8.470147055218272,1365.8796249297498,916.6163918335964,0.9969461847127622,U,True,-1,False,True,433.1341007310494,excluded_contour_domain
C1,42,fit,42:54,64,8.483169511613857,1366.8762645933678,916.5916718797806,0.9969461847127622,U,True,-1,False,True,432.13810555840644,excluded_contour_domain
C1,42,fit,42:54,65,8.496211620838356,1367.8729042569857,916.5669519259648,0.9969461847127622,U,True,-1,False,True,431.142114781788,excluded_contour_domain
C1,42,fit,42:54,66,8.509273427413934,1368.869543920604,916.542231972149,0.9969461847127622,U,True,-1,False,True,430.1461284317304,excluded_contour_domain
C1,42,fit,42:54,67,8.522354975997347,1369.866183584222,916.5175120183334,0.9969461847127622,U,True,-1,False,True,429.15014653905405,excluded_contour_domain
C1,42,fit,42:54,68,8.535456311380443,1370.86282324784,916.4927920645177,0.9969461847127622,U,True,-1,False,True,428.15416913486536,excluded_contour_domain
C1,42,fit,42:54,69,8.548577478490675,1371.859462911458,916.4680721107019,0.9969461847127622,U,True,-1,False,True,427.15819625056076,excluded_contour_domain
C1,42,fit,42:54,70,8.561718522391612,1372.856102575076,916.4433521568862,0.9969461847127622,U,True,-1,False,True,426.1622279178303,excluded_contour_domain
C1,42,fit,42:54,71,8.57487948828346,1373.8527422386942,916.4186322030704,0.9969461847127622,U,True,-1,False,True,425.1662641686604,excluded_contour_domain
C1,42,fit,42:54,72,8.58806042150357,1374.8493819023122,916.3939122492546,0.9969461847127622,U,True,-1,False,True,424.1703050353385,excluded_contour_domain
C1,42,fit,42:54,73,8.601261367526977,1375.8460215659302,916.369192295439,0.9969461847127622,U,True,-1,False,True,423.17435055045524,excluded_contour_domain
C1,42,fit,42:54,74,8.614482371966902,1376.842661229548,916.3444723416233,0.9969461847127622,U,True,-1,False,True,422.1784007469089,excluded_contour_domain
C1,42,fit,42:54,75,8.627723480575293,1377.8393008931664,916.3197523878075,0.9969461847127622,U,True,-1,False,True,421.18245565790784,excluded_contour_domain
C1,42,fit,42:54,76,8.640984739243342,1378.8359405567842,916.2950324339917,0.9969461847127622,U,True,-1,False,True,420.1865153169773,excluded_contour_domain
C1,42,fit,42:54,77,8.654266194002025,1379.8325802204024,916.2703124801761,0.9969461847127622,U,True,-1,False,True,419.1905797579585,excluded_contour_domain
C1,42,fit,42:54,78,8.667567891022625,1380.8292198840202,916.2455925263604,0.9969461847127622,U,True,-1,False,True,418.1946490150168,excluded_contour_domain
C1,42,fit,42:54,79,8.680889876617275,1381.8258595476384,916.2208725725446,0.9969461847127622,U,True,-1,False,True,417.19872312264204,excluded_contour_domain
C1,42,fit,42:54,80,8.69423219723949,1382.8224992112564,916.196152618729,0.9969461847127622,U,True,-1,False,True,416.2028021156553,excluded_contour_domain
C1,42,fit,42:54,81,8.707594899484711,1383.8191388748742,916.171432664913,0.9969461847127622,U,True,-1,False,True,415.2068860292111,excluded_contour_domain
C1,42,fit,42:54,82,8.720978030090844,1384.8157785384924,916.1467127110974,0.9969461847127622,U,True,-1,False,True,414.21097489880134,excluded_contour_domain
C1,42,fit,42:54,83,8.734381635938806,1385.8124182021106,916.1219927572816,0.9969461847127622,U,True,-1,False,True,413.21506876026064,excluded_contour_domain
C1,42,fit,42:54,84,8.747805764053075,1386.8090578657286,916.0972728034659,0.9969461847127622,U,True,-1,False,True,412.2191676497698,excluded_contour_domain
C1,42,fit,42:54,85,8.761250461602234,1387.8056975293468,916.0725528496503,0.9969461847127622,U,True,-1,False,True,411.22327160385925,excluded_contour_domain
C1,42,fit,42:54,86,8.774715775899532,1388.8023371929646,916.0478328958345,0.9969461847127622,U,True,-1,False,True,410.22738065941496,excluded_contour_domain
C1,42,fit,42:54,87,8.78820175440343,1389.7989768565826,916.0231129420189,0.9969461847127622,U,True,-1,False,True,409.23149485368054,excluded_contour_domain
C1,42,fit,42:54,88,8.801708444718162,1390.7956165202006,915.998392988203,0.9969461847127622,U,True,-1,False,True,408.2356142242636,excluded_contour_domain
C1,42,fit,42:54,89,8.815235894594304,1391.7922561838188,915.9736730343874,0.9969461847127622,U,True,-1,False,True,407.2397388091391,excluded_contour_domain
C1,42,fit,42:54,90,8.828784151929318,1392.7888958474368,915.9489530805716,0.9969461847127622,U,True,-1,False,True,406.2438686466548,excluded_contour_domain
C1,42,fit,42:54,91,8.842353264768132,1393.7855355110548,915.9242331267559,0.9969461847127622,U,True,-1,False,True,405.24800377553447,excluded_contour_domain
C1,42,fit,42:54,92,8.85594328130371,1394.782175174673,915.8995131729401,0.9969461847127622,U,True,-1,False,True,404.2521442348834,excluded_contour_domain
C1,42,fit,42:54,93,8.869554249877604,1395.778814838291,915.8747932191244,0.9969461847127622,U,True,-1,False,True,403.2562900641935,excluded_contour_domain
C1,42,fit,42:54,94,8.88318621898055,1396.7754545019088,915.8500732653087,0.9969461847127622,U,True,-1,False,True,402.2604413033471,excluded_contour_domain
C1,42,fit,42:54,95,8.89683923725303,1397.772094165527,915.825353311493,0.9969461847127622,U,True,-1,False,True,401.26459799262153,excluded_contour_domain
C1,42,fit,42:54,96,8.910513353485852,1398.768733829145,915.8006333576772,0.9969461847127622,U,True,-1,False,True,400.2687601726962,excluded_contour_domain
C1,42,fit,42:54,97,8.924208616620737,1399.765373492763,915.7759134038616,0.9969461847127622,U,True,-1,False,True,399.2729278846552,excluded_contour_domain
C1,42,fit,42:54,98,8.937925075750895,1400.762013156381,915.7511934500458,0.9969461847127622,U,True,-1,False,True,398.2771011699934,excluded_contour_domain
C1,42,fit,42:54,99,8.95166278012162,1401.7586528199993,915.7264734962301,0.9969461847127622,U,True,-1,False,True,397.2812800706214,excluded_contour_domain
C1,42,fit,42:54,100,8.965421779130867,1402.7552924836173,915.7017535424142,0.9969461847127622,U,True,-1,False,True,396.2854646288713,excluded_contour_domain
C1,42,fit,42:54,101,8.979202122329863,1403.7519321472353,915.6770335885985,0.9969461847127622,U,True,-1,False,True,395.28965488750123,excluded_contour_domain
C1,42,fit,42:54,102,8.993003859423684,1404.7485718108535,915.6523136347828,0.9969461847127622,U,True,-1,False,True,394.29385088970054,excluded_contour_domain
C1,42,fit,42:54,103,9.006827040271858,1405.7452114744715,915.6275936809672,0.9969461847127622,U,True,-1,False,True,393.2980526790968,excluded_contour_domain
C1,42,fit,42:54,104,9.020671714888975,1406.7418511380895,915.6028737271514,0.9969461847127622,U,True,-1,False,True,392.30226029975955,excluded_contour_domain
C1,42,fit,42:54,105,9.034537933445273,1407.7384908017077,915.5781537733357,0.9969461847127622,U,True,-1,False,True,391.30647379620643,excluded_contour_domain
C1,42,fit,42:54,106,9.048425746267258,1408.7351304653255,915.5534338195199,0.9969461847127622,U,True,-1,False,True,390.3106932134103,excluded_contour_domain
C1,42,fit,42:54,107,9.062335203838309,1409.7317701289435,915.5287138657042,0.9969461847127622,U,True,-1,False,True,389.3149185968023,excluded_contour_domain
C1,42,fit,42:54,108,9.076266356799286,1410.7284097925615,915.5039939118885,0.9969461847127622,U,True,-1,False,True,388.3191499922804,excluded_contour_domain
C1,42,fit,42:54,109,9.090219255949146,1411.7250494561795,915.4792739580728,0.9969461847127622,U,True,-1,False,True,387.323387446214,excluded_contour_domain
C1,42,fit,42:54,110,9.104193952245566,1412.7216891197975,915.454554004257,0.9969461847127622,U,True,-1,False,True,386.32763100545003,excluded_contour_domain
C1,42,fit,42:54,111,9.118190496805559,1413.7183287834157,915.4298340504413,0.9969461847127622,U,True,-1,False,True,385.3318807173196,excluded_contour_domain
C1,42,fit,42:54,112,9.132208940906091,1414.7149684470337,915.4051140966257,0.9969461847127622,U,True,-1,False,True,384.33613662964444,excluded_contour_domain
C1,42,fit,42:54,113,9.14624933598472,1415.7116081106515,915.3803941428099,0.9969461847127622,U,True,-1,False,True,383.3403987907423,excluded_contour_domain
C1,42,fit,42:54,114,9.160311733640219,1416.70824777427,915.355674188994,0.9969461847127622,U,True,-1,False,True,382.34466724943337,excluded_contour_domain
C1,42,fit,42:54,115,9.174396185633201,1417.7048874378877,915.3309542351784,0.9969461847127622,U,True,-1,False,True,381.3489420550494,excluded_contour_domain
C1,42,fit,42:54,116,9.188502743886769,1418.701527101506,915.3062342813627,0.9969461847127622,U,True,-1,False,True,380.35322325743607,excluded_contour_domain
C1,42,fit,42:54,117,9.202631460487137,1419.6981667651237,915.281514327547,0.9969461847127622,U,True,-1,False,True,379.3575109069642,excluded_contour_domain
C1,42,fit,42:54,118,9.21678238768429,1420.694806428742,915.256794373731,0.9969461847127622,U,True,-1,False,True,378.3618050545322,excluded_contour_domain
C1,42,fit,42:54,119,9.230955577892612,1421.69144609236,915.2320744199154,0.9969461847127622,U,True,-1,False,True,377.36610575157766,excluded_contour_domain
C1,42,fit,42:54,120,9.245151083691537,1422.6880857559781,915.2073544660997,0.9969461847127622,U,True,-1,False,True,376.3704130500805,excluded_contour_domain
C1,42,fit,42:54,121,9.259368957826208,1423.6847254195961,915.182634512284,0.9969461847127622,U,True,-1,False,True,375.3747270025729,excluded_contour_domain
C1,42,fit,42:54,122,9.27360925320812,1424.6813650832141,915.1579145584684,0.9969461847127622,U,True,-1,False,True,374.3790476621447,excluded_contour_domain
C1,42,fit,42:54,123,9.287872022915778,1425.6780047468321,915.1331946046525,0.9969461847127622,U,True,-1,False,True,373.3833750824522,excluded_contour_domain
C1,42,fit,42:54,124,9.302157320195363,1426.6746444104504,915.1084746508369,0.9969461847127622,U,True,-1,False,True,372.38770931772467,excluded_contour_domain
C1,42,fit,42:54,125,9.316465198461387,1427.6712840740684,915.083754697021,0.9969461847127622,U,True,-1,False,True,371.39205042277337,excluded_contour_domain
C1,42,fit,42:54,126,9.33079571129736,1428.6679237376864,915.0590347432054,0.9969461847127622,U,True,-1,False,True,370.39639845299774,excluded_contour_domain
C1,42,fit,42:54,127,9.345148912456468,1429.6645634013043,915.0343147893897,0.9969461847127622,U,True,-1,False,True,369.4007534643944,excluded_contour_domain
C1,42,fit,42:54,128,9.35952485586223,1430.6612030649223,915.0095948355739,0.9969461847127622,U,True,-1,False,True,368.4051155135651,excluded_contour_domain
C1,42,fit,42:54,129,9.373923595609186,1431.6578427285403,914.9848748817582,0.9969461847127622,U,True,-1,False,True,367.4094846577243,excluded_contour_domain
C1,42,fit,42:54,130,9.388345185963567,1432.6544823921583,914.9601549279423,0.9969461847127622,U,True,-1,False,True,366.41386095470824,excluded_contour_domain
C1,42,fit,42:54,131,9.402789681363986,1433.6511220557766,914.9354349741268,0.9969461847127622,U,True,-1,False,True,365.41824446298284,excluded_contour_domain
C1,42,fit,42:54,132,9.417257136422108,1434.6477617193946,914.910715020311,0.9969461847127622,U,True,-1,False,True,364.42263524165304,excluded_contour_domain
C1,42,fit,42:54,133,9.43174760592336,1435.6444013830126,914.8859950664952,0.9969461847127622,U,True,-1,False,True,363.42703335047037,excluded_contour_domain
C1,42,fit,42:54,134,9.446261144827597,1436.6410410466308,914.8612751126794,0.9969461847127622,U,True,-1,False,True,362.4314388498426,excluded_contour_domain
C1,42,fit,42:54,135,9.460797808269819,1437.6376807102488,914.8365551588638,0.9969461847127622,U,True,-1,False,True,361.4358518008432,excluded_contour_domain
C1,42,fit,42:54,136,9.475357651560858,1438.6343203738668,914.8118352050482,0.9969461847127622,U,True,-1,False,True,360.4402722652193,excluded_contour_domain
C1,42,fit,42:54,137,9.48994073018808,1439.6309600374848,914.7871152512323,0.9969461847127622,U,True,-1,False,True,359.44470030540174,excluded_contour_domain
C1,42,fit,42:54,138,9.504547099816094,1440.6275997011028,914.7623952974167,0.9969461847127622,U,True,-1,False,True,358.4491359845149,excluded_contour_domain
C1,42,fit,42:54,139,9.519176816287455,1441.6242393647208,914.7376753436009,0.9969461847127622,U,True,-1,False,True,357.4535793663855,excluded_contour_domain
C1,42,fit,42:54,140,9.53382993562338,1442.620879028339,914.7129553897853,0.9969461847127622,U,True,-1,False,True,356.4580305155527,excluded_contour_domain
C1,42,fit,42:54,141,9.548506514024464,1443.617518691957,914.6882354359694,0.9969461847127622,U,True,-1,False,True,355.4624894972789,excluded_contour_domain
C1,42,fit,42:54,142,9.56320660787139,1444.614158355575,914.6635154821536,0.9969461847127622,U,True,-1,False,True,354.4669563775585,excluded_contour_domain
C1,42,fit,42:54,143,9.577930273725661,1445.610798019193,914.6387955283379,0.9969461847127622,U,True,-1,False,True,353.47143122312906,excluded_contour_domain
C1,42,fit,42:54,144,9.592677568330323,1446.6074376828112,914.6140755745222,0.9969461847127622,U,True,-1,False,True,352.4759141014813,excluded_contour_domain
C1,42,fit,42:54,145,9.607448548610687,1447.6040773464292,914.5893556207066,0.9969461847127622,U,True,-1,False,True,351.4804050808707,excluded_contour_domain
C1,42,fit,42:54,146,9.622243271675073,1448.6007170100472,914.5646356668908,0.9969461847127622,U,True,-1,False,True,350.48490423032706,excluded_contour_domain
C1,42,fit,42:54,147,9.637061794815535,1449.5973566736652,914.5399157130752,0.9969461847127622,U,True,-1,False,True,349.4894116196663,excluded_contour_domain
C1,42,fit,42:54,148,9.651904175508609,1450.593996337283,914.5151957592593,0.9969461847127622,U,True,-1,False,True,348.49392731950167,excluded_contour_domain
C1,42,fit,42:54,149,9.666770471416047,1451.5906360009014,914.4904758054438,0.9969461847127622,U,True,-1,False,True,347.49845140125393,excluded_contour_domain
C1,42,fit,42:54,150,9.681660740385576,1452.5872756645194,914.4657558516278,0.9969461847127622,U,True,-1,False,True,346.502983937166,excluded_contour_domain
C1,42,fit,42:54,151,9.696575040451636,1453.5839153281374,914.4410358978121,0.9969461847127622,U,True,-1,False,True,345.5075250003111,excluded_contour_domain
C1,42,fit,42:54,152,9.711513429836144,1454.5805549917554,914.4163159439964,0.9969461847127622,U,True,-1,False,True,344.512074664607,excluded_contour_domain
C1,42,fit,42:54,153,9.726475966949241,1455.5771946553734,914.3915959901806,0.9969461847127622,U,True,-1,False,True,343.51663300482744,excluded_contour_domain
C1,42,fit,42:54,154,9.741462710390069,1456.5738343189914,914.3668760363649,0.9969461847127622,U,True,-1,False,True,342.52120009661485,excluded_contour_domain
C1,42,fit,42:54,155,9.756473718947515,1457.5704739826097,914.3421560825493,0.9969461847127622,U,True,-1,False,True,341.5257760164927,excluded_contour_domain
C1,42,fit,42:54,156,9.771509051600997,1458.5671136462277,914.3174361287334,0.9969461847127622,U,True,-1,False,True,340.5303608418791,excluded_contour_domain
C1,42,fit,42:54,157,9.786568767521233,1459.5637533098457,914.2927161749178,0.9969461847127622,U,True,-1,False,True,339.53495465109864,excluded_contour_domain
C1,42,fit,42:54,158,9.801652926071009,1460.5603929734636,914.2679962211022,0.9969461847127622,U,True,-1,False,True,338.53955752339687,excluded_contour_domain
C1,42,fit,42:54,159,9.81676158680597,1461.5570326370816,914.2432762672863,0.9969461847127622,U,True,-1,False,True,337.544169538953,excluded_contour_domain
C1,42,fit,42:54,160,9.831894809475394,1462.5536723006996,914.2185563134706,0.9969461847127622,U,True,-1,False,True,336.5487907788943,excluded_contour_domain
C1,42,fit,42:54,161,9.847052654022987,1463.5503119643179,914.1938363596548,0.9969461847127622,U,True,-1,False,True,335.55342132530967,excluded_contour_domain
C1,42,fit,42:54,162,9.86223518058767,1464.5469516279356,914.1691164058391,0.9969461847127622,U,True,-1,False,True,334.558061261265,excluded_contour_domain
C1,42,fit,42:54,163,9.877442449504375,1465.5435912915539,914.1443964520233,0.9969461847127622,U,True,-1,False,True,333.56271067081525,excluded_contour_domain
C1,42,fit,42:54,164,9.892674521304851,1466.540230955172,914.1196764982077,0.9969461847127622,U,True,-1,False,True,332.5673696390223,excluded_contour_domain
C1,42,fit,42:54,165,9.907931456718455,1467.53687061879,914.0949565443918,0.9969461847127622,U,True,-1,False,True,331.57203825196837,excluded_contour_domain
C1,42,fit,42:54,166,9.923213316672966,1468.5335102824079,914.0702365905762,0.9969461847127622,U,True,-1,False,True,330.57671659677123,excluded_contour_domain
C1,42,fit,42:54,167,9.938520162295399,1469.5301499460259,914.0455166367605,0.9969461847127622,U,True,-1,False,True,329.5814047615999,excluded_contour_domain
C1,42,fit,42:54,168,9.953852054912815,1470.5267896096439,914.0207966829447,0.9969461847127622,U,True,-1,False,True,328.5861028356913,excluded_contour_domain
C1,42,fit,42:54,169,9.969209056053142,1471.523429273262,913.9960767291288,0.9969461847127622,U,True,-1,False,True,327.5908109093656,excluded_contour_domain
C1,42,fit,42:54,170,9.984591227445993,1472.52006893688,913.9713567753132,0.9969461847127622,U,True,-1,False,True,326.5955290740437,excluded_contour_domain
C1,42,fit,42:54,171,9.999998631023503,1473.5167086004983,913.9466368214976,0.9969461847127622,U,True,-1,False,True,325.60025742226253,excluded_contour_domain
C1,42,fit,42:54,172,10.015431328921155,1474.5133482641163,913.921916867682,0.9969461847127622,U,True,-1,False,True,324.60499604769376,excluded_contour_domain
C1,42,fit,42:54,173,10.03088938347861,1475.5099879277343,913.897196913866,0.9969461847127622,U,True,-1,False,True,323.60974504515985,excluded_contour_domain
C1,42,fit,42:54,174,10.046372857240558,1476.5066275913523,913.8724769600506,0.9969461847127622,U,True,-1,False,True,322.61450451065264,excluded_contour_domain
C1,42,fit,42:54,175,10.061881812957552,1477.5032672549705,913.8477570062347,0.9969461847127622,U,True,-1,False,True,321.61927454135065,excluded_contour_domain
C1,42,fit,42:54,176,10.077416313586854,1478.4999069185883,913.8230370524191,0.9969461847127622,U,True,-1,False,True,320.62405523563916,excluded_contour_domain
C1,42,fit,42:54,177,10.092976422293301,1479.4965465822065,913.7983170986032,0.9969461847127622,U,True,-1,False,True,319.628846693126,excluded_contour_domain
C1,42,fit,42:54,178,10.108562202450145,1480.4931862458245,913.7735971447875,0.9969461847127622,U,True,-1,False,True,318.63364901466394,excluded_contour_domain
C1,42,fit,42:54,179,10.124173717639923,1481.4898259094425,913.7488771909718,0.9969461847127622,U,True,-1,False,True,317.63846230236777,excluded_contour_domain
C1,42,fit,42:54,180,10.13981103165532,1482.4864655730605,913.724157237156,0.9969461847127622,U,True,-1,False,True,316.64328665963495,excluded_contour_domain
C1,42,fit,42:54,181,10.15547420850003,1483.4831052366785,913.6994372833403,0.9969461847127622,U,True,-1,False,True,315.648122191166,excluded_contour_domain
C1,42,fit,42:54,182,10.171163312389645,1484.4797449002967,913.6747173295246,0.9969461847127622,U,True,-1,False,True,314.6529690029844,excluded_contour_domain
C1,42,fit,42:54,183,10.186878407752516,1485.4763845639147,913.6499973757087,0.9969461847127622,U,True,-1,False,True,313.65782720245863,excluded_contour_domain
C1,42,fit,42:54,184,10.202619559230648,1486.4730242275327,913.6252774218931,0.9969461847127622,U,True,-1,False,True,312.66269689832234,excluded_contour_domain
C1,42,fit,42:54,185,10.218386831680577,1487.4696638911507,913.6005574680773,0.9969461847127622,U,True,-1,False,True,311.66757820069665,excluded_contour_domain
C1,42,fit,42:54,186,10.234180290174267,1488.466303554769,913.5758375142616,0.9969461847127622,U,True,-1,False,True,310.67247122111235,excluded_contour_domain
C1,42,fit,42:54,187,10.25,1489.4629432183867,913.5511175604458,0.4984730923563811,U,True,-1,False,True,309.67737607253304,excluded_contour_domain
C1,42,fit,48:60,0,10.25,1424.6361039914227,396.4961875887049,0.49935956470814796,F,False,74,True,False,2.024546769725924,self_occluded
C1,42,fit,48:60,1,10.265404572763144,1425.586336052008,396.8035943721335,0.9987191294162959,F,False,74,True,False,1.8504244164677395,self_occluded
C1,42,fit,48:60,2,10.280832463729524,1426.5365681125932,397.11100115556206,0.9987191294162959,F,False,74,True,False,1.837377603199569,self_occluded
C1,42,fit,48:60,3,10.296283725885074,1427.4868001731784,397.4184079389907,0.9987191294162959,F,False,74,True,False,1.5083948898221502,self_occluded
C1,42,fit,48:60,4,10.311758412376381,1428.4370322337638,397.72581472241933,0.9987191294162959,F,False,74,True,False,1.7232745717307882,self_occluded
C1,42,fit,48:60,5,10.327256576511298,1429.387264294349,398.0332215058479,0.9987191294162959,F,False,74,True,False,1.2012459053525126,self_occluded
C1,42,fit,48:60,6,10.342778271759554,1430.3374963549343,398.34062828927665,0.9987191294162959,U,False,74,True,False,1.382457232467884,self_occluded
C1,42,fit,48:60,7,10.358323551753372,1431.2877284155195,398.6480350727052,0.9987191294162959,F,False,74,True,False,0.96295392699466,self_occluded
C1,42,fit,48:60,8,10.37389247028808,1432.237960476105,398.9554418561338,0.9987191294162959,U,False,74,True,False,0.9846290309758787,self_occluded
C1,42,fit,48:60,9,10.389485081322736,1433.18819253669,399.26284863956243,0.9987191294162959,U,False,74,True,False,0.8532999266411184,self_occluded
C1,42,fit,48:60,10,10.405101438980752,1434.1384245972752,399.57025542299107,0.9987191294162959,U,False,74,True,False,0.5868156580916293,self_occluded
C1,42,fit,48:60,11,10.42074159755052,1435.0886566578606,399.87766220641976,0.9987191294162959,U,False,74,True,False,0.8821286479650285,self_occluded
C1,42,fit,48:60,12,10.43640561148604,1436.0388887184458,400.1850689898484,0.9987191294162959,U,False,74,True,False,0.189110717374406,self_occluded
C1,42,fit,48:60,13,10.452093535407547,1436.9891207790313,400.4924757732769,0.9987191294162959,U,False,74,True,False,0.49259592437775485,self_occluded
C1,42,fit,48:60,14,10.467805424102162,1437.9393528396163,400.7998825567056,0.9987191294162959,U,False,74,True,False,0.20910540206627262,self_occluded
C1,42,fit,48:60,15,10.483541332524506,1438.8895849002015,401.10728934013423,0.9987191294162959,U,False,74,True,False,0.15395615210166672,self_occluded
C1,42,fit,48:60,16,10.499301315797364,1439.839816960787,401.4146961235628,0.9987191294162959,U,False,74,True,False,0.6068271861279263,self_occluded
C1,42,fit,48:60,17,10.515085429212315,1440.7900490213722,401.7221029069915,0.9987191294162959,U,False,74,True,True,0.8374988062521048,self_occluded
C1,42,fit,48:60,18,10.530893728230376,1441.7402810819574,402.02950969042007,0.9987191294162959,U,False,74,True,True,1.0046419050476496,self_occluded
C1,42,fit,48:60,19,10.546726268482665,1442.6905131425426,402.3369164738487,0.9987191294162959,U,False,74,True,True,0.957333882549507,self_occluded
C1,42,fit,48:60,20,10.562583105771045,1443.640745203128,402.64432325727734,0.9987191294162959,U,False,74,True,True,1.4024704773486787,self_occluded
C1,42,fit,48:60,21,10.578464296068775,1444.590977263713,402.9517300407059,0.9987191294162959,U,False,74,True,True,1.203380253196887,self_occluded
C1,42,fit,48:60,22,10.594369895521183,1445.5412093242983,403.2591368241346,0.9987191294162959,U,False,74,True,True,1.710030533837722,self_occluded
C1,42,fit,48:60,23,10.610299960446309,1446.4914413848835,403.56654360756323,0.9987191294162959,U,False,74,True,True,1.5153586584680356,self_occluded
C1,42,fit,48:60,24,10.626254547335586,1447.441673445469,403.87395039099187,0.9987191294162959,U,False,74,True,True,1.2095714755151044,self_occluded
C1,42,fit,48:60,25,10.6422337128545,1448.3919055060542,404.18135717442044,0.9987191294162959,U,False,74,True,True,1.6147993725713439,self_occluded
C1,42,fit,48:60,26,10.65823751384326,1449.3421375666396,404.48876395784913,0.9987191294162959,U,False,74,True,True,2.0211797601601766,self_occluded
C1,42,fit,48:60,27,10.674266007317478,1450.2923696272246,404.7961707412777,0.9987191294162959,U,False,74,True,True,2.223138187455723,self_occluded
C1,42,fit,48:60,28,10.69031925046884,1451.24260168781,405.10357752470634,0.9987191294162959,U,True,-1,True,True,1.9118770315392228,eligible
C1,42,fit,48:60,29,10.706397300665785,1452.1928337483953,405.41098430813497,0.9987191294162959,U,True,-1,True,True,1.9869129876026401,eligible
C1,42,fit,48:60,30,10.722500215454197,1453.1430658089803,405.7183910915636,0.9987191294162959,U,True,-1,True,True,2.2860899012846163,eligible
C1,42,fit,48:60,31,10.738628052558086,1454.093297869566,406.02579787499224,0.9987191294162959,U,True,-1,True,True,1.9764054550751267,eligible
C1,42,fit,48:60,32,10.754780869880275,1455.043529930151,406.33320465842075,0.9987191294162959,U,True,-1,True,True,1.9665099607759748,eligible
C1,42,fit,48:60,33,10.770958725503098,1455.9937619907364,406.64061144184944,0.9987191294162959,U,True,-1,True,True,2.3593968045013822,eligible
C1,42,fit,48:60,34,10.787161677689092,1456.9439940513214,406.948018225278,0.9987191294162959,U,True,-1,True,True,2.0527459341278838,eligible
C1,42,fit,48:60,35,10.803389784881704,1457.8942261119068,407.25542500870665,0.9987191294162959,U,True,-1,True,True,1.9604035909634068,eligible
C1,42,fit,48:60,36,10.81964310570598,1458.844458172492,407.5628317921353,0.9987191294162959,U,True,-1,True,True,2.3382639730727277,eligible
C1,42,fit,48:60,37,10.835921698969289,1459.794690233077,407.8702385755639,0.9987191294162959,U,True,-1,True,True,2.1396345074357828,eligible
C1,42,fit,48:60,38,10.852225623662015,1460.7449222936627,408.1776453589926,0.9987191294162959,U,True,-1,True,True,1.9687269138194212,eligible
C1,42,fit,48:60,39,10.868554938958278,1461.6951543542477,408.4850521424212,0.9987191294162959,U,True,-1,True,True,2.273458883707313,eligible
C1,42,fit,48:60,40,10.884909704216653,1462.645386414833,408.79245892584976,0.9987191294162959,U,True,-1,True,True,2.2358417629263103,eligible
C1,42,fit,48:60,41,10.901289978980882,1463.5956184754184,409.09986570927845,0.9987191294162959,U,True,-1,True,True,1.991298995890784,eligible
C1,42,fit,48:60,42,10.917695822980601,1464.5458505360036,409.407272492707,0.9987191294162959,U,True,-1,True,True,2.219557341487352,eligible
C1,42,fit,48:60,43,10.934127296132065,1465.4960825965886,409.7146792761357,0.9987191294162959,U,True,-1,True,True,2.3385441525790576,eligible
C1,42,fit,48:60,44,10.950584458538875,1466.4463146571743,410.02208605956434,0.9987191294162959,U,True,-1,True,True,2.4502999088533857,eligible
C1,42,fit,48:60,45,10.967067370492716,1467.396546717759,410.3294928429929,0.9987191294162959,U,True,-1,True,True,2.6997884685640696,eligible
C1,42,fit,48:60,46,10.98357609247409,1468.3467787783447,410.63689962642155,0.9987191294162959,U,True,-1,True,True,2.3884092816594205,eligible
C1,42,fit,48:60,47,11.000110685153054,1469.2970108389297,410.9443064098502,0.9987191294162959,U,True,-1,True,True,2.077039136613651,eligible
C1,42,fit,48:60,48,11.016671209389965,1470.2472428995152,411.2517131932788,0.9987191294162959,U,True,-1,True,True,2.1475850644261794,eligible
C1,42,fit,48:60,49,11.033257726236233,1471.1974749601004,411.55911997670745,0.9987191294162959,U,True,-1,True,True,2.44885517088604,eligible
C1,42,fit,48:60,50,11.049870296935058,1472.1477070206856,411.8665267601361,0.9987191294162959,U,True,-1,True,True,2.1385802367868423,eligible
C1,42,fit,48:60,51,11.066508982922196,1473.097939081271,412.1739335435647,0.9987191294162959,U,True,-1,True,True,2.130724977443241,eligible
C1,42,fit,48:60,52,11.083173845826707,1474.0481711418563,412.4813403269933,0.9987191294162959,U,True,-1,True,True,2.5191202844123985,eligible
C1,42,fit,48:60,53,11.099864947471723,1474.9984032024413,412.7887471104219,0.9987191294162959,U,True,-1,True,True,2.2112534661204806,eligible
C1,42,fit,48:60,54,11.11658234987521,1475.9486352630267,413.09615389385056,0.9987191294162959,U,True,-1,True,True,2.1270963443526067,eligible
C1,42,fit,48:60,55,11.133326115250737,1476.8988673236122,413.4035606772792,0.9987191294162959,U,True,-1,True,True,2.480789314676162,eligible
C1,42,fit,48:60,56,11.150096306008244,1477.8490993841974,413.7109674607078,0.9987191294162959,U,True,-1,True,True,2.294001081470539,eligible
C1,42,fit,48:60,57,11.166892984754819,1478.7993314447826,414.01837424413645,0.9987191294162959,U,True,-1,True,True,2.136766574738587,eligible
C1,42,fit,48:60,58,11.183716214295481,1479.7495635053676,414.32578102756503,0.9987191294162959,U,True,-1,True,True,2.4215659452047738,eligible
C1,42,fit,48:60,59,11.200566057633964,1480.699795565953,414.63318781099366,0.9987191294162959,U,True,-1,True,True,2.3857750606983905,eligible
C1,42,fit,48:60,60,11.217442577973486,1481.6500276265383,414.94059459442235,0.9987191294162959,U,True,-1,True,True,2.1595570239716904,eligible
C1,42,fit,48:60,61,11.23434583871757,1482.6002596871238,415.24800137785087,0.9987191294162959,U,True,-1,True,True,2.372831691933894,eligible
C1,42,fit,48:60,62,11.251275903470807,1483.5504917477087,415.55540816127956,0.9987191294162959,U,True,-1,True,True,2.4855757737024486,eligible
C1,42,fit,48:60,63,11.268232836039672,1484.5007238082942,415.86281494470813,0.9987191294162959,U,True,-1,True,True,2.194729294506989,eligible
C1,42,fit,48:60,64,11.285216700433327,1485.4509558688796,416.1702217281368,0.9987191294162959,U,True,-1,True,True,1.884529044578403,eligible
C1,42,fit,48:60,65,11.30222756086441,1486.4011879294646,416.4776285115654,0.9987191294162959,U,True,-1,True,True,2.0690438764018486,eligible
C1,42,fit,48:60,66,11.319265481749863,1487.3514199900496,416.7850352949941,0.9987191294162959,U,True,-1,True,True,2.2426690914685588,eligible
C1,42,fit,48:60,67,11.336330527711732,1488.301652050635,417.09244207842266,0.9987191294162959,U,True,-1,True,True,2.309345207000237,eligible
C1,42,fit,48:60,68,11.353422763577992,1489.2518841112205,417.3998488618513,0.9987191294162959,U,True,-1,True,True,2.6123230172973164,eligible
C1,42,fit,48:60,69,11.370542254383363,1490.2021161718058,417.7072556452799,0.9987191294162959,U,True,-1,True,True,2.3016358580380234,eligible
C1,42,fit,48:60,70,11.387689065370136,1491.1523482323908,418.0146624287085,0.9987191294162959,U,True,-1,True,True,2.295532992722104,eligible
C1,42,fit,48:60,71,11.404863261989005,1492.1025802929762,418.3220692121372,0.9987191294162959,U,True,-1,True,True,2.6798947779886046,eligible
C1,42,fit,48:60,72,11.422064909899897,1493.0528123535614,418.62947599556577,0.9987191294162959,U,True,-1,True,True,2.3711122285306523,eligible
C1,42,fit,48:60,73,11.439294074972805,1494.0030444141466,418.93688277899435,0.9987191294162959,U,True,-1,True,True,2.294025013891714,eligible
C1,42,fit,48:60,74,11.456550823288639,1494.953276474732,419.24428956242303,0.9987191294162959,U,True,-1,True,True,2.6263678583470615,eligible
C1,42,fit,48:60,75,11.473835221140057,1495.903508535317,419.55169634585167,0.9987191294162959,U,True,-1,True,True,2.4502043559002855,eligible
C1,42,fit,48:60,76,11.491147335032329,1496.8537405959025,419.8591031292803,0.9987191294162959,U,True,-1,True,True,2.3048454213134173,eligible
C1,42,fit,48:60,77,11.508487231684176,1497.803972656488,420.1665099127089,0.9987191294162959,U,True,-1,True,True,2.5721592574238357,eligible
C1,42,fit,48:60,78,11.52585497802864,1498.754204717073,420.4739166961375,0.9987191294162959,U,True,-1,True,True,2.538013431635463,eligible
C1,42,fit,48:60,79,11.543250641213932,1499.7044367776582,420.78132347956614,0.9987191294162959,U,True,-1,True,True,2.238276819503246,eligible
C1,42,fit,48:60,80,11.56067428860431,1500.6546688382437,421.0887302629948,0.9987191294162959,U,True,-1,True,True,2.0202829740804438,eligible
C1,42,fit,48:60,81,11.57812598778094,1501.6049008988289,421.3961370464234,0.9987191294162959,U,True,-1,True,True,2.2689387979663893,eligible
C1,42,fit,48:60,82,11.595605806542771,1502.555132959414,421.703543829852,0.9987191294162959,U,True,-1,True,True,2.3391489104395577,eligible
C1,42,fit,48:60,83,11.613113812907416,1503.5053650199993,422.0109506132806,0.9987191294162959,U,True,-1,True,True,2.052245420569304,eligible
C1,42,fit,48:60,84,11.630650075112033,1504.4555970805845,422.31835739670925,0.9987191294162959,U,True,-1,True,True,2.224114364462569,eligible
C1,42,fit,48:60,85,11.648214661614213,1505.40582914117,422.6257641801379,0.9987191294162959,U,True,-1,True,True,2.408670384286553,eligible
C1,42,fit,48:60,86,11.665807641092865,1506.356061201755,422.9331709635665,0.9987191294162959,U,True,-1,True,True,2.097274861633493,eligible
C1,42,fit,48:60,87,11.683429082449116,1507.3062932623402,423.2405777469952,0.9987191294162959,U,True,-1,True,True,2.1913394879853514,eligible
C1,42,fit,48:60,88,11.701079054807213,1508.2565253229254,423.5479845304237,0.9987191294162959,U,True,-1,True,True,2.4653975550290843,eligible
C1,42,fit,48:60,89,11.718757627515421,1509.2067573835109,423.8553913138524,0.9987191294162959,U,True,-1,True,True,2.1545521651461503,eligible
C1,42,fit,48:60,90,11.736464870146932,1510.1569894440963,424.162798097281,0.9987191294162959,U,True,-1,True,True,2.1711599215867765,eligible
C1,42,fit,48:60,91,11.754200852500782,1511.1072215046813,424.4702048807096,0.9987191294162959,U,True,-1,True,True,2.532066309686927,eligible
C1,42,fit,48:60,92,11.771965644602766,1512.0574535652668,424.77761166413825,0.9987191294162959,U,True,-1,True,True,2.2231308615410446,eligible
C1,42,fit,48:60,93,11.789759316706355,1513.007685625852,425.0850184475668,0.9987191294162959,U,True,-1,True,True,2.163928064125075,eligible
C1,42,fit,48:60,94,11.807581939293634,1513.9579176864372,425.3924252309955,0.9987191294162959,U,True,-1,True,True,2.533325542602742,eligible
C1,42,fit,48:60,95,11.825433583076215,1514.9081497470222,425.69983201442415,0.9987191294162959,U,True,-1,True,True,2.3020011361509285,eligible
C1,42,fit,48:60,96,11.843314318996189,1515.8583818076077,426.0072387978527,0.9987191294162959,U,True,-1,True,True,2.1697733836544435,eligible
C1,42,fit,48:60,97,11.861224218227058,1516.8086138681929,426.31464558128135,0.9987191294162959,U,True,-1,True,True,2.472145554152116,eligible
C1,42,fit,48:60,98,11.879163352174677,1517.7588459287783,426.62205236471,0.9987191294162959,U,True,-1,True,True,2.39014439778189,eligible
C1,42,fit,48:60,99,11.897131792478207,1518.7090779893633,426.9294591481387,0.9987191294162959,U,True,-1,True,True,2.188591102564878,eligible
C1,42,fit,48:60,100,11.915129611011071,1519.6593100499488,427.23686593156725,0.9987191294162959,U,True,-1,True,True,2.4211467500193398,eligible
C1,42,fit,48:60,101,11.933156879881906,1520.6095421105338,427.5442727149959,0.9987191294162959,U,True,-1,True,True,2.486574724748909,eligible
C1,42,fit,48:60,102,11.95121367143553,1521.5597741711192,427.8516794984245,0.9987191294162959,U,True,-1,True,True,2.1929614127711665,eligible
C1,42,fit,48:60,103,11.969300058253907,1522.5100062317044,428.1590862818531,0.9987191294162959,U,True,-1,True,True,1.910253824505747,eligible
C1,42,fit,48:60,104,11.987416113157124,1523.4602382922897,428.4664930652817,0.9987191294162959,U,True,-1,True,True,2.117531437570187,eligible
C1,42,fit,48:60,105,12.005561909204364,1524.410470352875,428.7738998487103,0.9987191294162959,U,True,-1,True,True,2.263627132316946,eligible
C1,42,fit,48:60,106,12.023737519694889,1525.36070241346,429.08130663213905,0.9987191294162959,U,True,-1,True,True,1.9523038879614902,eligible
C1,42,fit,48:60,107,12.041943018169029,1526.3109344740456,429.3887134155676,0.9987191294162959,U,True,-1,True,True,2.077208138924178,eligible
C1,42,fit,48:60,108,12.060178478409174,1527.2611665346308,429.69612019899625,0.9987191294162959,U,True,-1,True,True,2.3186353952883807,eligible
C1,42,fit,48:60,109,12.078443974440766,1528.211398595216,430.0035269824249,0.9987191294162959,U,True,-1,True,True,2.3352496796695563,eligible
C1,42,fit,48:60,110,12.096739580533306,1529.1616306558014,430.3109337658535,0.9987191294162959,U,True,-1,True,True,2.6939193901305845,eligible
C1,42,fit,48:60,111,12.115065371201357,1530.1118627163864,430.61834054928215,0.9987191294162959,U,True,-1,True,True,2.3842850094967662,eligible
C1,42,fit,48:60,112,12.13342142120556,1531.062094776972,430.9257473327107,0.9987191294162959,U,True,-1,True,True,2.3303582220396133,eligible
C1,42,fit,48:60,113,12.151807805553645,1532.012326837557,431.2331541161393,0.9987191294162959,U,True,-1,True,True,2.677910319347549,eligible
C1,42,fit,48:60,114,12.170224599501458,1532.9625588981423,431.54056089956794,0.9987191294162959,U,True,-1,True,True,2.4597240749406013,eligible
C1,42,fit,48:60,115,12.188671878553981,1533.9127909587278,431.84796768299657,0.9987191294162959,U,True,-1,True,True,2.3376121208965235,eligible
C1,42,fit,48:60,116,12.207149718466374,1534.863023019313,432.1553744664252,0.9987191294162959,U,True,-1,True,True,2.621735709335755,eligible
C1,42,fit,48:60,117,12.225658195245,1535.813255079898,432.46278124985383,0.9987191294162959,U,True,-1,True,True,2.544081887690956,eligible
C1,42,fit,48:60,118,12.24419738514848,1536.7634871404832,432.77018803328247,0.9987191294162959,U,True,-1,True,True,2.3568992385335363,eligible
C1,42,fit,48:60,119,12.262767364688727,1537.7137192010687,433.0775948167111,0.9987191294162959,U,True,-1,True,True,2.575359234912186,eligible
C1,42,fit,48:60,120,12.281368210632008,1538.663951261654,433.38500160013973,0.9987191294162959,U,True,-1,True,True,2.6365024911453774,eligible
C1,42,fit,48:60,121,12.3,1539.6141833222393,433.6924083835683,0.49935956470814796,U,True,-1,True,True,2.3879280185011424,eligible
C1,42,fit,54:66,0,10.25,1489.4629432183867,913.5511175604458,0.4986175996040708,U,True,-1,False,True,309.67737607253304,excluded_contour_domain
C1,42,fit,54:66,1,10.264887120986943,1490.4577510535528,913.4815804219359,0.9972351992081416,U,True,-1,False,True,308.6802698403025,excluded_contour_domain
C1,42,fit,54:66,2,10.279796408752734,1491.4525588887188,913.412043283426,0.9972351992081416,U,True,-1,False,True,307.6831644440104,excluded_contour_domain
C1,42,fit,54:66,3,10.294727912843438,1492.4473667238847,913.3425061449158,0.9972351992081416,U,True,-1,False,True,306.68605989181043,excluded_contour_domain
C1,42,fit,54:66,4,10.30968168295289,1493.4421745590505,913.2729690064059,0.9972351992081416,U,True,-1,False,True,305.6889561919623,excluded_contour_domain
C1,42,fit,54:66,5,10.324657768923236,1494.4369823942166,913.2034318678959,0.9972351992081416,U,True,-1,False,True,304.6918533528336,excluded_contour_domain
C1,42,fit,54:66,6,10.339656220745505,1495.4317902293824,913.1338947293858,0.9972351992081416,U,True,-1,False,True,303.69475138290267,excluded_contour_domain
C1,42,fit,54:66,7,10.354677088560145,1496.4265980645484,913.0643575908759,0.9972351992081416,U,True,-1,False,True,302.69765029075876,excluded_contour_domain
C1,42,fit,54:66,8,10.369720422657593,1497.4214058997143,912.9948204523658,0.9972351992081416,U,True,-1,False,True,301.7005500851052,excluded_contour_domain
C1,42,fit,54:66,9,10.384786273478841,1498.41621373488,912.9252833138559,0.9972351992081416,U,True,-1,False,True,300.70345077476037,excluded_contour_domain
C1,42,fit,54:66,10,10.399874691615988,1499.4110215700464,912.8557461753459,0.9972351992081416,U,True,-1,False,True,299.7063523686597,excluded_contour_domain
C1,42,fit,54:66,11,10.41498572781281,1500.4058294052124,912.7862090368358,0.9972351992081416,U,True,-1,False,True,298.709254875859,excluded_contour_domain
C1,42,fit,54:66,12,10.430119432965334,1501.4006372403778,912.7166718983259,0.9972351992081416,U,True,-1,False,True,297.71215830553524,excluded_contour_domain
C1,42,fit,54:66,13,10.445275858122406,1502.395445075544,912.6471347598158,0.9972351992081416,U,True,-1,False,True,296.7150626669866,excluded_contour_domain
C1,42,fit,54:66,14,10.460455054486262,1503.39025291071,912.5775976213058,0.9972351992081416,U,True,-1,False,True,295.71796796963974,excluded_contour_domain
C1,42,fit,54:66,15,10.47565707341311,1504.385060745876,912.5080604827957,0.9972351992081416,U,True,-1,False,True,294.7208742230467,excluded_contour_domain
C1,42,fit,54:66,16,10.490881966413706,1505.379868581042,912.4385233442857,0.9972351992081416,U,True,-1,False,True,293.7237814368901,excluded_contour_domain
C1,42,fit,54:66,17,10.506129785153934,1506.3746764162076,912.3689862057759,0.9972351992081416,U,True,-1,False,True,292.7266896209849,excluded_contour_domain
C1,42,fit,54:66,18,10.5214005814554,1507.3694842513737,912.2994490672656,0.9972351992081416,U,True,-1,False,True,291.7295987852787,excluded_contour_domain
C1,42,fit,54:66,19,10.536694407296,1508.3642920865395,912.2299119287557,0.9972351992081416,U,True,-1,False,True,290.7325089398572,excluded_contour_domain
C1,42,fit,54:66,20,10.552011314810533,1509.3590999217056,912.1603747902457,0.9972351992081416,U,True,-1,False,True,289.73542009494383,excluded_contour_domain
C1,42,fit,54:66,21,10.567351356291278,1510.3539077568716,912.0908376517357,0.9972351992081416,U,True,-1,False,True,288.73833226090375,excluded_contour_domain
C1,42,fit,54:66,22,10.582714584188592,1511.3487155920377,912.0213005132256,0.9972351992081416,U,True,-1,False,True,287.74124544824576,excluded_contour_domain
C1,42,fit,54:66,23,10.598101051111508,1512.3435234272035,911.9517633747157,0.9972351992081416,U,True,-1,False,True,286.74415966762496,excluded_contour_domain
C1,42,fit,54:66,24,10.613510809828343,1513.3383312623694,911.8822262362056,0.9972351992081416,U,True,-1,False,True,285.7470749298447,excluded_contour_domain
C1,42,fit,54:66,25,10.628943913267285,1514.3331390975354,911.8126890976956,0.9972351992081416,U,True,-1,False,True,284.7499912458596,excluded_contour_domain
C1,42,fit,54:66,26,10.644400414517017,1515.3279469327013,911.7431519591855,0.9972351992081416,U,True,-1,False,True,283.75290862677883,excluded_contour_domain
C1,42,fit,54:66,27,10.659880366827313,1516.3227547678673,911.6736148206758,0.9972351992081416,U,True,-1,False,True,282.7558270838677,excluded_contour_domain
C1,42,fit,54:66,28,10.675383823609655,1517.317562603033,911.6040776821657,0.9972351992081416,U,True,-1,False,True,281.7587466285517,excluded_contour_domain
C1,42,fit,54:66,29,10.690910838437848,1518.312370438199,911.5345405436557,0.9972351992081416,U,True,-1,False,True,280.76166727241724,excluded_contour_domain
C1,42,fit,54:66,30,10.706461465048632,1519.307178273365,911.4650034051456,0.9972351992081416,U,True,-1,False,True,279.7645890272172,excluded_contour_domain
C1,42,fit,54:66,31,10.722035757342306,1520.3019861085309,911.3954662666355,0.9972351992081416,U,True,-1,False,True,278.7675119048723,excluded_contour_domain
C1,42,fit,54:66,32,10.737633769383354,1521.296793943697,911.3259291281256,0.9972351992081416,U,True,-1,False,True,277.77043591747395,excluded_contour_domain
C1,42,fit,54:66,33,10.753255555401061,1522.2916017788627,911.2563919896156,0.9972351992081416,U,True,-1,False,True,276.7733610772884,excluded_contour_domain
C1,42,fit,54:66,34,10.768901169790151,1523.2864096140286,911.1868548511055,0.9972351992081416,U,True,-1,False,True,275.77628739675885,excluded_contour_domain
C1,42,fit,54:66,35,10.784570667111414,1524.2812174491949,911.1173177125955,0.9972351992081416,U,True,-1,False,True,274.77921488850865,excluded_contour_domain
C1,42,fit,54:66,36,10.800264102092337,1525.2760252843607,911.0477805740856,0.9972351992081416,U,True,-1,False,True,273.7821435653466,excluded_contour_domain
C1,42,fit,54:66,37,10.815981529627749,1526.2708331195267,910.9782434355756,0.9972351992081416,U,True,-1,False,True,272.7850734402669,excluded_contour_domain
C1,42,fit,54:66,38,10.831723004780454,1527.2656409546928,910.9087062970657,0.9972351992081416,U,True,-1,False,True,271.7880045264556,excluded_contour_domain
C1,42,fit,54:66,39,10.84748858278188,1528.2604487898584,910.8391691585555,0.9972351992081416,U,True,-1,False,True,270.79093683729303,excluded_contour_domain
C1,42,fit,54:66,40,10.86327831903272,1529.2552566250245,910.7696320200456,0.9972351992081416,U,True,-1,False,True,269.79387038635593,excluded_contour_domain
C1,42,fit,54:66,41,10.87909226910358,1530.2500644601903,910.7000948815356,0.9972351992081416,U,True,-1,False,True,268.7968051874242,excluded_contour_domain
C1,42,fit,54:66,42,10.89493048873564,1531.2448722953561,910.6305577430254,0.9972351992081416,U,True,-1,False,True,267.79974125448166,excluded_contour_domain
C1,42,fit,54:66,43,10.910793033841298,1532.2396801305224,910.5610206045155,0.9972351992081416,U,True,-1,False,True,266.8026786017214,excluded_contour_domain
C1,42,fit,54:66,44,10.926679960504833,1533.234487965688,910.4914834660055,0.9972351992081416,U,True,-1,False,True,265.8056172435508,excluded_contour_domain
C1,42,fit,54:66,45,10.942591324983065,1534.2292958008543,910.4219463274956,0.9972351992081416,U,True,-1,False,True,264.80855719459163,excluded_contour_domain
C1,42,fit,54:66,46,10.958527183706021,1535.22410363602,910.3524091889853,0.9972351992081416,U,True,-1,False,True,263.8114984696896,excluded_contour_domain
C1,42,fit,54:66,47,10.974487593277601,1536.218911471186,910.2828720504755,0.9972351992081416,U,True,-1,False,True,262.81444108391304,excluded_contour_domain
C1,42,fit,54:66,48,10.990472610476248,1537.213719306352,910.2133349119655,0.9972351992081416,U,True,-1,False,True,261.81738505256146,excluded_contour_domain
C1,42,fit,54:66,49,11.006482292255617,1538.2085271415176,910.1437977734555,0.9972351992081416,U,True,-1,False,True,260.82033039116834,excluded_contour_domain
C1,42,fit,54:66,50,11.022516695745262,1539.2033349766837,910.0742606349454,0.9972351992081416,U,True,-1,False,True,259.823277115504,excluded_contour_domain
C1,42,fit,54:66,51,11.038575878251304,1540.1981428118497,910.0047234964356,0.9972351992081416,U,True,-1,False,True,258.8262252415835,excluded_contour_domain
C1,42,fit,54:66,52,11.054659897257123,1541.1929506470156,909.9351863579254,0.9972351992081416,U,True,-1,False,True,257.8291747856688,excluded_contour_domain
C1,42,fit,54:66,53,11.070768810424035,1542.1877584821814,909.8656492194154,0.9972351992081416,U,True,-1,False,True,256.8321257642745,excluded_contour_domain
C1,42,fit,54:66,54,11.086902675591988,1543.1825663173474,909.7961120809053,0.9972351992081416,U,True,-1,False,True,255.83507819417227,excluded_contour_domain
C1,42,fit,54:66,55,11.103061550780254,1544.1773741525135,909.7265749423954,0.9972351992081416,U,True,-1,False,True,254.83803209239676,excluded_contour_domain
C1,42,fit,54:66,56,11.119245494188117,1545.172181987679,909.6570378038854,0.9972351992081416,U,True,-1,False,True,253.84098747625046,excluded_contour_domain
C1,42,fit,54:66,57,11.135454564195584,1546.1669898228452,909.5875006653753,0.9972351992081416,U,True,-1,False,True,252.84394436330743,excluded_contour_domain
C1,42,fit,54:66,58,11.151688819364075,1547.1617976580112,909.5179635268654,0.9972351992081416,U,True,-1,False,True,251.84690277142133,excluded_contour_domain
C1,42,fit,54:66,59,11.167948318437137,1548.1566054931773,909.4484263883554,0.9972351992081416,U,True,-1,False,True,250.84986271872918,excluded_contour_domain
C1,42,fit,54:66,60,11.184233120341146,1549.151413328343,909.3788892498453,0.9972351992081416,U,True,-1,False,True,249.85282422365768,excluded_contour_domain
C1,42,fit,54:66,61,11.200543284186022,1550.1462211635092,909.3093521113353,0.9972351992081416,U,True,-1,False,True,248.8557873049282,excluded_contour_domain
C1,42,fit,54:66,62,11.216878869265946,1551.1410289986748,909.2398149728253,0.9972351992081416,U,True,-1,False,True,247.85875198156438,excluded_contour_domain
C1,42,fit,54:66,63,11.233239935060075,1552.1358368338408,909.1702778343152,0.9972351992081416,U,True,-1,False,True,246.86171827289562,excluded_contour_domain
C1,42,fit,54:66,64,11.249626541233267,1553.1306446690066,909.1007406958054,0.9972351992081416,U,True,-1,False,True,245.86468619856637,excluded_contour_domain
C1,42,fit,54:66,65,11.266038747636802,1554.125452504173,909.0312035572953,0.9972351992081416,U,True,-1,False,True,244.86765577853967,excluded_contour_domain
C1,42,fit,54:66,66,11.282476614309116,1555.1202603393388,908.9616664187854,0.9972351992081416,U,True,-1,False,True,243.87062703310662,excluded_contour_domain
C1,42,fit,54:66,67,11.29894020147653,1556.1150681745046,908.8921292802752,0.9972351992081416,U,True,-1,False,True,242.87359998288997,excluded_contour_domain
C1,42,fit,54:66,68,11.315429569553984,1557.1098760096709,908.8225921417652,0.9972351992081416,U,True,-1,False,True,241.87657464885262,excluded_contour_domain
C1,42,fit,54:66,69,11.33194477914578,1558.1046838448365,908.7530550032552,0.9972351992081416,U,True,-1,False,True,240.87955105230603,excluded_contour_domain
C1,42,fit,54:66,70,11.348485891046323,1559.0994916800025,908.6835178647452,0.9972351992081416,U,True,-1,False,True,239.88252921491366,excluded_contour_domain
C1,42,fit,54:66,71,11.365052966240865,1560.0942995151686,908.6139807262352,0.9972351992081416,U,True,-1,False,True,238.88550915870218,excluded_contour_domain
C1,42,fit,54:66,72,11.381646065906256,1561.0891073503344,908.5444435877253,0.9972351992081416,U,True,-1,False,True,237.88849090606726,excluded_contour_domain
C1,42,fit,54:66,73,11.398265251411697,1562.0839151855002,908.4749064492153,0.9972351992081416,U,True,-1,False,True,236.89147447978112,excluded_contour_domain
C1,42,fit,54:66,74,11.414910584319498,1563.0787230206663,908.4053693107053,0.9972351992081416,U,True,-1,False,True,235.8944599030009,excluded_contour_domain
C1,42,fit,54:66,75,11.431582126385836,1564.073530855832,908.3358321721952,0.9972351992081416,U,True,-1,False,True,234.89744719927782,excluded_contour_domain
C1,42,fit,54:66,76,11.448279939561518,1565.0683386909982,908.2662950336853,0.9972351992081416,U,True,-1,False,True,233.90043639256274,excluded_contour_domain
C1,42,fit,54:66,77,11.465004085992753,1566.0631465261642,908.1967578951752,0.9972351992081416,U,True,-1,False,True,232.9034275072186,excluded_contour_domain
C1,42,fit,54:66,78,11.481754628021914,1567.05795436133,908.1272207566652,0.9972351992081416,U,True,-1,False,True,231.90642056802645,excluded_contour_domain
C1,42,fit,54:66,79,11.498531628188326,1568.052762196496,908.0576836181551,0.9972351992081416,U,True,-1,False,True,230.90941560019502,excluded_contour_domain
C1,42,fit,54:66,80,11.515335149229033,1569.047570031662,907.9881464796451,0.9972351992081416,U,True,-1,False,True,229.91241262937018,excluded_contour_domain
C1,42,fit,54:66,81,11.532165254079581,1570.0423778668278,907.9186093411352,0.9972351992081416,U,True,-1,False,True,228.9154116816453,excluded_contour_domain
C1,42,fit,54:66,82,11.54902200587481,1571.0371857019938,907.8490722026252,0.9972351992081416,U,True,-1,False,True,227.91841278356932,excluded_contour_domain
C1,42,fit,54:66,83,11.565905467949642,1572.0319935371595,907.7795350641152,0.9972351992081416,U,True,-1,False,True,226.92141596215887,excluded_contour_domain
C1,42,fit,54:66,84,11.582815703839866,1573.0268013723255,907.7099979256052,0.9972351992081416,U,True,-1,False,True,225.92442124490583,excluded_contour_domain
C1,42,fit,54:66,85,11.599752777282948,1574.0216092074916,907.6404607870951,0.9972351992081416,U,True,-1,False,True,224.9274286597907,excluded_contour_domain
C1,42,fit,54:66,86,11.616716752218819,1575.0164170426574,907.5709236485851,0.9972351992081416,U,True,-1,False,True,223.93043823529217,excluded_contour_domain
C1,42,fit,54:66,87,11.63370769279069,1576.0112248778235,907.5013865100751,0.9972351992081416,U,True,-1,False,True,222.93345000039756,excluded_contour_domain
C1,42,fit,54:66,88,11.65072566334585,1577.006032712989,907.431849371565,0.9972351992081416,U,True,-1,False,True,221.93646398461607,excluded_contour_domain
C1,42,fit,54:66,89,11.667770728436496,1578.000840548155,907.362312233055,0.9972351992081416,U,True,-1,False,True,220.93948021798798,excluded_contour_domain
C1,42,fit,54:66,90,11.684842952820524,1578.9956483833212,907.2927750945449,0.9972351992081416,U,True,-1,False,True,219.94249873109945,excluded_contour_domain
C1,42,fit,54:66,91,11.701942401462372,1579.990456218487,907.223237956035,0.9972351992081416,U,True,-1,False,True,218.94551955509354,excluded_contour_domain
C1,42,fit,54:66,92,11.719069139533831,1580.985264053653,907.1537008175251,0.9972351992081416,U,True,-1,False,True,217.94854272168237,excluded_contour_domain
C1,42,fit,54:66,93,11.736223232414876,1581.9800718888193,907.0841636790151,0.9972351992081416,U,True,-1,False,True,216.95156826316128,excluded_contour_domain
C1,42,fit,54:66,94,11.7534047456945,1582.974879723985,907.014626540505,0.9972351992081416,U,True,-1,False,True,215.95459621242293,excluded_contour_domain
C1,42,fit,54:66,95,11.770613745171548,1583.9696875591512,906.9450894019949,0.9972351992081416,U,True,-1,False,True,214.95762660296776,excluded_contour_domain
C1,42,fit,54:66,96,11.787850296855558,1584.9644953943168,906.875552263485,0.9972351992081416,U,True,-1,False,True,213.96065946892335,excluded_contour_domain
C1,42,fit,54:66,97,11.805114466967606,1585.9593032294827,906.8060151249749,0.9972351992081416,U,True,-1,False,True,212.96369484505385,excluded_contour_domain
C1,42,fit,54:66,98,11.822406321941147,1586.9541110646487,906.7364779864649,0.9972351992081416,U,True,-1,False,True,211.96673276677842,excluded_contour_domain
C1,42,fit,54:66,99,11.83972592842288,1587.9489188998148,906.666940847955,0.9972351992081416,U,True,-1,False,True,210.96977327018567,excluded_contour_domain
C1,42,fit,54:66,100,11.857073353273591,1588.9437267349804,906.597403709445,0.9972351992081416,U,True,-1,False,True,209.97281639204996,excluded_contour_domain
C1,42,fit,54:66,101,11.874448663569023,1589.9385345701464,906.5278665709349,0.9972351992081416,U,True,-1,False,True,208.97586216984578,excluded_contour_domain
C1,42,fit,54:66,102,11.891851926600733,1590.9333424053123,906.4583294324249,0.9972351992081416,U,True,-1,False,True,207.97891064176778,excluded_contour_domain
C1,42,fit,54:66,103,11.909283209876971,1591.9281502404783,906.388792293915,0.9972351992081416,U,True,-1,False,True,206.98196184674512,excluded_contour_domain
C1,42,fit,54:66,104,11.926742581123538,1592.9229580756444,906.3192551554049,0.9972351992081416,U,True,-1,False,True,205.98501582446124,excluded_contour_domain
C1,42,fit,54:66,105,11.944230108284678,1593.9177659108102,906.2497180168948,0.9972351992081416,U,True,-1,False,True,204.98807261537152,excluded_contour_domain
C1,42,fit,54:66,106,11.96174585952395,1594.9125737459763,906.1801808783848,0.9972351992081416,U,True,-1,False,True,203.9911322607213,excluded_contour_domain
C1,42,fit,54:66,107,11.979289903225116,1595.9073815811423,906.1106437398748,0.9972351992081416,U,True,-1,False,True,202.9941948025668,excluded_contour_domain
C1,42,fit,54:66,108,11.996862307993032,1596.9021894163081,906.0411066013647,0.9972351992081416,U,True,-1,False,True,201.9972602837943,excluded_contour_domain
C1,42,fit,54:66,109,12.014463142654547,1597.896997251474,905.9715694628547,0.9972351992081416,U,True,-1,False,True,201.00032874814045,excluded_contour_domain
C1,42,fit,54:66,110,12.032092476259386,1598.89180508664,905.902032324345,0.9972351992081416,U,True,-1,False,True,200.00340024021372,excluded_contour_domain
C1,42,fit,54:66,111,12.049750378081072,1599.8866129218059,905.8324951858348,0.9972351992081416,U,True,-1,False,True,199.006474805517,excluded_contour_domain
C1,42,fit,54:66,112,12.067436917617819,1600.8814207569717,905.7629580473248,0.9972351992081416,U,True,-1,False,True,198.00955249046876,excluded_contour_domain
C1,42,fit,54:66,113,12.085152164593453,1601.876228592138,905.6934209088148,0.9972351992081416,U,True,-1,False,True,197.01263334242662,excluded_contour_domain
C1,42,fit,54:66,114,12.102896188958322,1602.8710364273036,905.6238837703048,0.9972351992081416,U,True,-1,False,True,196.01571740971312,excluded_contour_domain
C1,42,fit,54:66,115,12.120669060890224,1603.8658442624696,905.5543466317948,0.9972351992081416,U,True,-1,False,True,195.01880474163636,excluded_contour_domain
C1,42,fit,54:66,116,12.13847085079532,1604.8606520976355,905.4848094932848,0.9972351992081416,U,True,-1,False,True,194.0218953885196,excluded_contour_domain
C1,42,fit,54:66,117,12.156301629309079,1605.8554599328018,905.4152723547749,0.9972351992081416,U,True,-1,False,True,193.02498940172404,excluded_contour_domain
C1,42,fit,54:66,118,12.174161467297198,1606.8502677679674,905.3457352162649,0.9972351992081416,U,True,-1,False,True,192.0280868336793,excluded_contour_domain
C1,42,fit,54:66,119,12.192050435856551,1607.8450756031336,905.2761980777547,0.9972351992081416,U,True,-1,False,True,191.03118773790652,excluded_contour_domain
C1,42,fit,54:66,120,12.209968606316126,1608.839883438299,905.2066609392447,0.9972351992081416,U,True,-1,False,True,190.0342921690528,excluded_contour_domain
C1,42,fit,54:66,121,12.22791605023798,1609.8346912734653,905.1371238007347,0.9972351992081416,U,True,-1,False,True,189.03740018291433,excluded_contour_domain
C1,42,fit,54:66,122,12.245892839418183,1610.8294991086314,905.0675866622247,0.9972351992081416,U,True,-1,False,True,188.04051183647323,excluded_contour_domain
C1,42,fit,54:66,123,12.26389904588778,1611.824306943797,904.9980495237146,0.9972351992081416,U,True,-1,False,True,187.04362718792535,excluded_contour_domain
C1,42,fit,54:66,124,12.281934741913759,1612.8191147789635,904.9285123852048,0.9972351992081416,U,True,-1,False,True,186.0467462967121,excluded_contour_domain
C1,42,fit,54:66,125,12.3,1613.813922614129,904.8589752466946,0.4986175996040708,U,True,-1,False,True,185.04986922355846,excluded_contour_domain
C1,43,fit,25:37,0,6.15,1199.9719024615952,262.47159778254996,0.4991021196747299,U,True,-1,True,True,0.47243405907116176,eligible
C1,43,fit,25:37,1,6.160904209660883,1200.9535985615398,262.6523862523397,0.9982042393494598,U,True,-1,True,True,0.6540343383439347,eligible
C1,43,fit,25:37,2,6.171826996142063,1201.9352946614842,262.8331747221293,0.9982042393494598,U,True,-1,True,True,0.8356834917764323,eligible
C1,43,fit,25:37,3,6.182768406956266,1202.916990761429,263.01396319191906,0.9982042393494598,U,True,-1,True,True,1.01735534021051,eligible
C1,43,fit,25:37,4,6.19372848977838,1203.8986868613733,263.1947516617087,0.9982042393494598,U,True,-1,True,True,0.21952804330357029,eligible
C1,43,fit,25:37,5,6.20470729244615,1204.8803829613178,263.37554013149827,0.9982042393494598,U,True,-1,True,True,0.39413021491487404,eligible
C1,43,fit,25:37,6,6.215704862960877,1205.8620790612624,263.556328601288,0.9982042393494598,U,True,-1,True,True,0.5731698683229112,eligible
C1,43,fit,25:37,7,6.226721249488113,1206.843775161207,263.73711707107776,0.9982042393494598,U,True,-1,True,True,0.7534903959110116,eligible
C1,43,fit,25:37,8,6.237756500358368,1207.8254712611517,263.91790554086737,0.9982042393494598,U,True,-1,True,True,0.19287244723973956,eligible
C1,43,fit,25:37,9,6.248810664067814,1208.8071673610964,264.098694010657,0.9982042393494598,U,True,-1,True,True,0.21662163873006668,eligible
C1,43,fit,25:37,10,6.259883789278996,1209.7888634610408,264.2794824804468,0.9982042393494598,U,True,-1,True,True,0.35027003149050434,eligible
C1,43,fit,25:37,11,6.27097592482155,1210.7705595609852,264.46027095023646,0.9982042393494598,U,True,-1,True,True,0.5142881125272671,eligible
C1,43,fit,25:37,12,6.282087119692912,1211.7522556609297,264.64105942002607,0.9982042393494598,U,True,-1,True,True,0.436137131523348,eligible
C1,43,fit,25:37,13,6.293217423059051,1212.733951760874,264.8218478898158,0.9982042393494598,U,True,-1,True,True,0.3201871950985506,eligible
C1,43,fit,25:37,14,6.304366884255183,1213.7156478608188,265.00263635960545,0.9982042393494598,U,True,-1,True,True,0.2843643603704849,eligible
C1,43,fit,25:37,15,6.315535552786507,1214.6973439607634,265.18342482939516,0.9982042393494598,U,True,-1,True,True,0.35390019232125325,eligible
C1,43,fit,25:37,16,6.326723478328936,1215.6790400607078,265.3642132991848,0.9982042393494598,U,True,-1,True,True,0.7122078429530707,eligible
C1,43,fit,25:37,17,6.3379307107298315,1216.6607361606525,265.5450017689745,0.9982042393494598,U,True,-1,True,True,0.5675591096310141,eligible
C1,43,fit,25:37,18,6.349157300008748,1217.642432260597,265.72579023876426,0.9982042393494598,U,True,-1,True,True,0.45060590477575835,eligible
C1,43,fit,25:37,19,6.3604032963581725,1218.6241283605416,265.9065787085539,0.9982042393494598,U,True,-1,True,True,0.38730740639007377,eligible
C1,43,fit,25:37,20,6.371668750144275,1219.605824460486,266.0873671783436,0.9982042393494598,U,True,-1,True,True,0.6120917421227767,eligible
C1,43,fit,25:37,21,6.382953711907662,1220.587520560431,266.2681556481332,0.9982042393494598,U,True,-1,True,True,0.8400806172187227,eligible
C1,43,fit,25:37,22,6.394258232364128,1221.5692166603753,266.44894411792296,0.9982042393494598,U,True,-1,True,True,0.6994546953662426,eligible
C1,43,fit,25:37,23,6.405582362405417,1222.55091276032,266.62973258771257,0.9982042393494598,U,True,-1,True,True,0.5820457932546577,eligible
C1,43,fit,25:37,24,6.41692615309999,1223.5326088602644,266.81052105750234,0.9982042393494598,U,True,-1,True,True,0.5653091788412716,eligible
C1,43,fit,25:37,25,6.428289655693787,1224.5143049602088,266.99130952729195,0.9982042393494598,U,True,-1,True,True,1.119533894712316,eligible
C1,43,fit,25:37,26,6.439672921611001,1225.4960010601535,267.17209799708166,0.9982042393494598,U,True,-1,True,True,0.9651107595035873,eligible
C1,43,fit,25:37,27,6.4510760024548555,1226.4776971600982,267.3528864668713,0.9982042393494598,U,True,-1,True,True,0.804332332760609,eligible
C1,43,fit,25:37,28,6.462498950008381,1227.4593932600424,267.53367493666104,0.9982042393494598,U,True,-1,True,True,0.6546000550492114,eligible
C1,43,fit,25:37,29,6.473941816235203,1228.4410893599872,267.71446340645065,0.9982042393494598,U,True,-1,True,True,0.5254435933092396,eligible
C1,43,fit,25:37,30,6.485404653280324,1229.4227854599317,267.8952518762403,0.9982042393494598,U,True,-1,True,True,1.1828845937284818,eligible
C1,43,fit,25:37,31,6.496887513470922,1230.4044815598763,268.07604034603,0.9982042393494598,U,True,-1,True,True,1.0086162671919894,eligible
C1,43,fit,25:37,32,6.508390449317141,1231.3861776598208,268.2568288158197,0.9982042393494598,U,True,-1,True,True,0.8375181155895112,eligible
C1,43,fit,25:37,33,6.519913513512897,1232.3678737597654,268.4376172856094,0.9982042393494598,U,True,-1,True,True,0.6720159377345718,eligible
C1,43,fit,25:37,34,6.531456758936677,1233.3495698597098,268.6184057553991,0.9982042393494598,U,True,-1,True,True,1.4024810065557982,eligible
C1,43,fit,25:37,35,6.543020238652355,1234.3312659596543,268.7991942251888,0.9982042393494598,U,True,-1,True,True,1.2456611276128151,eligible
C1,43,fit,25:37,36,6.5546040059099955,1235.312962059599,268.97998269497845,0.9982042393494598,U,True,-1,True,True,1.0669491802760984,eligible
C1,43,fit,25:37,37,6.566208114146679,1236.2946581595436,269.1607711647681,0.9982042393494598,U,True,-1,True,True,0.8894540285311511,eligible
C1,43,fit,25:37,38,6.577832616987321,1237.2763542594882,269.34155963455777,0.9982042393494598,U,True,-1,True,True,0.7140836026551759,eligible
C1,43,fit,25:37,39,6.5894775682454965,1238.2580503594324,269.5223481043475,0.9982042393494598,U,True,-1,True,True,1.3456753101281695,eligible
C1,43,fit,25:37,40,6.601143021924274,1239.239746459377,269.7031365741372,0.9982042393494598,U,True,-1,True,True,1.318837787646549,eligible
C1,43,fit,25:37,41,6.612829032217046,1240.2214425593218,269.88392504392675,0.9982042393494598,U,True,-1,True,True,1.1378313208261028,eligible
C1,43,fit,25:37,42,6.624535653508372,1241.2031386592664,270.06471351371647,0.9982042393494598,U,True,-1,True,True,0.9570925380093344,eligible
C1,43,fit,25:37,43,6.6362629403748175,1242.1848347592108,270.2455019835062,0.9982042393494598,U,True,-1,True,True,1.4046710161199012,eligible
C1,43,fit,25:37,44,6.648010947585809,1243.1665308591553,270.42629045329585,0.9982042393494598,U,True,-1,True,True,1.58249621308829,eligible
C1,43,fit,25:37,45,6.659779730104481,1244.1482269591,270.6070789230855,0.9982042393494598,U,True,-1,True,True,1.4007856216840018,eligible
C1,43,fit,25:37,46,6.671569343088534,1245.1299230590444,270.7878673928753,0.9982042393494598,U,True,-1,True,True,1.2190756574250852,eligible
C1,43,fit,25:37,47,6.6833798418910995,1246.111619158989,270.9686558626649,0.9982042393494598,U,True,-1,True,True,1.0373666498730907,eligible
C1,43,fit,25:37,48,6.695211282061599,1247.0933152589337,271.1494443324546,0.9982042393494598,U,True,-1,True,True,1.385201501230341,eligible
C1,43,fit,25:37,49,6.7070637193466265,1248.075011358878,271.33023280224427,0.9982042393494598,U,True,-1,True,True,1.6714512253313791,eligible
C1,43,fit,25:37,50,6.718937209690813,1249.0567074588228,271.51102127203393,0.9982042393494598,U,True,-1,True,True,1.4900581828309905,eligible
C1,43,fit,25:37,51,6.730831809237711,1250.0384035587672,271.69180974182365,0.9982042393494598,U,True,-1,True,True,1.3087538289966902,eligible
C1,43,fit,25:37,52,6.74274757433068,1251.0200996587118,271.8725982116133,0.9982042393494598,U,True,-1,True,True,1.5204072172156802,eligible
C1,43,fit,25:37,53,6.754684561513779,1252.0017957586563,272.05338668140297,0.9982042393494598,U,True,-1,True,True,1.9466141468941647,eligible
C1,43,fit,25:37,54,6.766642827532652,1252.983491858601,272.2341751511927,0.9982042393494598,U,True,-1,True,True,1.7659020118335615,eligible
C1,43,fit,25:37,55,6.778622429335436,1253.9651879585454,272.4149636209823,0.9982042393494598,U,True,-1,True,True,1.5854186201252365,eligible
C1,43,fit,25:37,56,6.790623424073662,1254.94688405849,272.595752090772,0.9982042393494598,U,True,-1,True,True,1.4052521104106817,eligible
C1,43,fit,25:37,57,6.802645869103159,1255.9285801584344,272.77654056056167,0.9982042393494598,U,True,-1,True,True,1.5359407900661033,eligible
C1,43,fit,25:37,58,6.814689821984981,1256.910276258379,272.9573290303513,0.9982042393494598,U,True,-1,True,True,2.0446405650030806,eligible
C1,43,fit,25:37,59,6.826755340486308,1257.8919723583238,273.138117500141,0.9982042393494598,U,True,-1,True,True,1.8650137840368248,eligible
C1,43,fit,25:37,60,6.838842482581383,1258.8736684582682,273.3189059699307,0.9982042393494598,U,True,-1,True,True,1.685834154468031,eligible
C1,43,fit,25:37,61,6.850951306452437,1259.8553645582128,273.4996944397204,0.9982042393494598,U,True,-1,True,True,1.7270105100006246,eligible
C1,43,fit,25:37,62,6.863081870490618,1260.8370606581573,273.68048290951015,0.9982042393494598,U,True,-1,True,True,2.261839343066618,eligible
C1,43,fit,25:37,63,6.875234233296935,1261.8187567581017,273.86127137929986,0.9982042393494598,U,True,-1,True,True,2.1463944711389167,eligible
C1,43,fit,25:37,64,6.887408453683202,1262.8004528580464,274.04205984908947,0.9982042393494598,U,True,-1,True,True,1.9680824922775522,eligible
C1,43,fit,25:37,65,6.89960459067298,1263.7821489579908,274.22284831887913,0.9982042393494598,U,True,-1,True,True,1.7904544602461228,eligible
C1,43,fit,25:37,66,6.91182270350254,1264.7638450579354,274.40363678866885,0.9982042393494598,U,True,-1,True,True,1.7696990634070826,eligible
C1,43,fit,25:37,67,6.924062851621815,1265.74554115788,274.58442525845845,0.9982042393494598,U,True,-1,True,True,2.2473908833898504,eligible
C1,43,fit,25:37,68,6.936325094695365,1266.7272372578248,274.76521372824817,0.9982042393494598,U,True,-1,True,True,2.2513705145820406,eligible
C1,43,fit,25:37,69,6.948609492603354,1267.7089333577692,274.94600219803783,0.9982042393494598,U,True,-1,True,True,2.074518440671218,eligible
C1,43,fit,25:37,70,6.960916105442513,1268.6906294577138,275.1267906678275,0.9982042393494598,U,True,-1,True,True,1.8985845608169798,eligible
C1,43,fit,25:37,71,6.9732449935271275,1269.6723255576583,275.30757913761715,0.9982042393494598,U,True,-1,True,True,1.821073867504885,eligible
C1,43,fit,25:37,72,6.985596217390023,1270.6540216576027,275.48836760740693,0.9982042393494598,U,True,-1,True,True,2.240718664659941,eligible
C1,43,fit,25:37,73,6.997969837783551,1271.6357177575476,275.66915607719653,0.9982042393494598,U,True,-1,True,True,2.3591386022521053,eligible
C1,43,fit,25:37,74,7.010365915680592,1272.6174138574918,275.84994454698625,0.9982042393494598,U,True,-1,True,True,2.1838293448604165,eligible
C1,43,fit,25:37,75,7.02278451227555,1273.5991099574364,276.03073301677597,0.9982042393494598,U,True,-1,True,True,2.0583841216633423,eligible
C1,43,fit,25:37,76,7.035225688985361,1274.580806057381,276.2115214865656,0.9982042393494598,U,True,-1,True,True,2.386965266624,eligible
C1,43,fit,25:37,77,7.04768950745051,1275.5625021573255,276.39230995635535,0.9982042393494598,U,True,-1,True,True,2.644135345641041,eligible
C1,43,fit,25:37,78,7.060176029536047,1276.54419825727,276.573098426145,0.9982042393494598,U,True,-1,True,True,2.4693332051093426,eligible
C1,43,fit,25:37,79,7.0726853173326045,1277.5258943572146,276.7538868959346,0.9982042393494598,U,True,-1,True,True,2.2956045471237405,eligible
C1,43,fit,25:37,80,7.085217433157437,1278.507590457159,276.9346753657243,0.9982042393494598,U,True,-1,True,True,2.123212896255814,eligible
C1,43,fit,25:37,81,7.097772439555447,1279.4892865571037,277.115463835514,0.9982042393494598,U,True,-1,True,True,1.9470176912955932,eligible
C1,43,fit,25:37,82,7.110350399300231,1280.4709826570484,277.29625230530365,0.9982042393494598,U,True,-1,True,True,2.2508989725263433,eligible
C1,43,fit,25:37,83,7.122951375395122,1281.4526787569928,277.4770407750934,0.9982042393494598,U,True,-1,True,True,2.5632481946884695,eligible
C1,43,fit,25:37,84,7.135575431074244,1282.4343748569374,277.65782924488303,0.9982042393494598,U,True,-1,True,True,2.382109435450984,eligible
C1,43,fit,25:37,85,7.14822262980357,1283.4160709568819,277.83861771467275,0.9982042393494598,U,True,-1,True,True,2.2010652930994654,eligible
C1,43,fit,25:37,86,7.160893035281983,1284.3977670568265,278.01940618446235,0.9982042393494598,U,True,-1,True,True,2.4241502856249344,eligible
C1,43,fit,25:37,87,7.173586711442348,1285.379463156771,278.20019465425213,0.9982042393494598,U,True,-1,True,True,2.8254030263707386,eligible
C1,43,fit,25:37,88,7.186303722452585,1286.3611592567156,278.38098312404173,0.9982042393494598,U,True,-1,True,True,2.6438013172826675,eligible
C1,43,fit,25:37,89,7.199044132716753,1287.3428553566603,278.5617715938314,0.9982042393494598,U,True,-1,True,True,2.4622159848880303,eligible
C1,43,fit,25:37,90,7.211808006876133,1288.3245514566047,278.7425600636211,0.9982042393494598,U,True,-1,True,True,2.6173405639220766,eligible
C1,43,fit,25:37,91,7.224595409810329,1289.3062475565494,278.92334853341083,0.9982042393494598,U,True,-1,True,True,3.0918557231471415,eligible
C1,43,fit,25:37,92,7.237406406638355,1290.2879436564938,279.1041370032005,0.9982042393494598,U,True,-1,True,True,2.910143303266634,eligible
C1,43,fit,25:37,93,7.250241062719754,1291.2696397564382,279.28492547299015,0.9982042393494598,U,True,-1,True,True,2.7284309200472348,eligible
C1,43,fit,25:37,94,7.263099443655702,1292.2513358563829,279.4657139427798,0.9982042393494598,U,True,-1,True,True,2.5467185813364503,eligible
C1,43,fit,25:37,95,7.275981615290123,1293.2330319563273,279.64650241256953,0.9982042393494598,U,True,-1,True,True,2.6569378425859624,eligible
C1,43,fit,25:37,96,7.2888876437108205,1294.214728056272,279.8272908823592,0.9982042393494598,U,True,-1,True,True,3.1025288512949607,eligible
C1,43,fit,25:37,97,7.301817595250603,1295.1964241562166,280.00807935214885,0.9982042393494598,U,True,-1,True,True,2.9983614879102594,eligible
C1,43,fit,25:37,98,7.314771536488421,1296.178120256161,280.1888678219386,0.9982042393494598,U,True,-1,True,True,2.81676959444454,eligible
C1,43,fit,25:37,99,7.327749534250511,1297.1598163561057,280.3696562917283,0.9982042393494598,B,True,-1,True,True,2.8746968541978224,eligible
C1,43,fit,25:37,100,7.340751655611541,1298.1415124560501,280.55044476151795,0.9982042393494598,U,True,-1,True,True,3.2536743023530605,eligible
C1,43,fit,25:37,101,7.3537779678957715,1299.1232085559948,280.7312332313076,0.9982042393494598,U,True,-1,True,True,3.271087974417379,eligible
C1,43,fit,25:37,102,7.366828538678215,1300.1049046559392,280.9120217010973,0.9982042393494598,U,True,-1,True,True,3.0897596931366524,eligible
C1,43,fit,25:37,103,7.379903435785801,1301.0866007558839,281.092810170887,0.9982042393494598,B,True,-1,True,True,3.1036194845994745,eligible
C1,43,fit,25:37,104,7.3930027272985575,1302.0682968558283,281.27359864067665,0.9982042393494598,B,True,-1,True,True,3.4221508230861772,eligible
C1,43,fit,25:37,105,7.406126481550789,1303.049992955773,281.4543871104663,0.9982042393494598,B,True,-1,True,True,3.545965321045079,eligible
C1,43,fit,25:37,106,7.419274767132263,1304.0316890557174,281.635175580256,0.9982042393494598,B,True,-1,True,True,3.519435421114121,eligible
C1,43,fit,25:37,107,7.432447652889411,1305.013385155662,281.8159640500457,0.9982042393494598,B,True,-1,True,True,3.767201178015539,eligible
C1,43,fit,25:37,108,7.445645207926523,1305.9950812556065,281.99675251983535,0.9982042393494598,B,True,-1,True,True,4.003250501965995,eligible
C1,43,fit,25:37,109,7.458867501606959,1306.9767773555511,282.1775409896251,0.9982042393494598,B,True,-1,True,True,3.822529552169829,eligible
C1,43,fit,25:37,110,7.472114603554368,1307.9584734554956,282.3583294594148,0.9982042393494598,B,True,-1,True,True,3.765691927263269,eligible
C1,43,fit,25:37,111,7.485386583653902,1308.9401695554402,282.53911792920445,0.9982042393494598,B,True,-1,True,True,3.9676142216464463,eligible
C1,43,fit,25:37,112,7.498683512053452,1309.9218656553849,282.71990639899406,0.9982042393494598,B,True,-1,True,True,4.280806724109426,eligible
C1,43,fit,25:37,113,7.512005459164881,1310.9035617553293,282.9006948687838,0.9982042393494598,B,True,-1,True,True,4.10043935375843,eligible
C1,43,fit,25:37,114,7.525352495665265,1311.8852578552737,283.0814833385735,0.9982042393494598,B,True,-1,True,True,4.017269507538793,eligible
C1,43,fit,25:37,115,7.53872469249815,1312.8669539552184,283.2622718083631,0.9982042393494598,B,True,-1,True,True,4.178053267427646,eligible
C1,43,fit,25:37,116,7.552122120874796,1313.848650055163,283.44306027815276,0.9982042393494598,B,True,-1,True,True,4.557041509755545,eligible
C1,43,fit,25:37,117,7.565544852275457,1314.8303461551077,283.6238487479424,0.9982042393494598,B,True,-1,True,True,4.454231080465771,eligible
C1,43,fit,25:37,118,7.57899295845064,1315.8120422550521,283.80463721773214,0.9982042393494598,B,True,-1,True,True,4.569963458161643,eligible
C1,43,fit,25:37,119,7.592466511422388,1316.7937383549968,283.9854256875218,0.9982042393494598,B,True,-1,True,True,4.890989767581806,eligible
C1,43,fit,25:37,120,7.605965583485565,1317.775434454941,284.1662141573115,0.9982042393494598,B,True,-1,True,True,4.895588235021941,eligible
C1,43,fit,25:37,121,7.619490247209153,1318.7571305548856,284.3470026271012,0.9982042393494598,B,True,-1,True,True,4.973720170970222,eligible
C1,43,fit,25:37,122,7.633040575437543,1319.7388266548303,284.52779109689084,0.9982042393494598,B,True,-1,True,True,5.244218141749801,eligible
C1,43,fit,25:37,123,7.646616641291856,1320.7205227547747,284.70857956668056,0.9982042393494598,B,True,-1,True,True,5.298795875739058,eligible
C1,43,fit,25:37,124,7.660218518171243,1321.7022188547196,284.8893680364702,0.9982042393494598,B,True,-1,True,True,5.158650054672831,eligible
C1,43,fit,25:37,125,7.673846279754223,1322.683914954664,285.0701565062599,0.9982042393494598,B,True,-1,True,True,5.209503474162676,eligible
C1,43,fit,25:37,126,7.6875,1323.6656110546085,285.25094497604954,0.4991021196747299,B,True,-1,True,True,5.446008255131455,eligible
C1,43,fit,30:42,0,6.15,1169.0104131662335,868.582115081315,0.4999654479475714,B,True,-1,True,True,24.58211728686213,eligible
C1,43,fit,30:42,1,6.160205464248759,1169.9907379385652,868.3850741279101,0.9999308958951428,B,True,-1,True,True,24.385075886891418,eligible
C1,43,fit,30:42,2,6.17042564597066,1170.9710627108968,868.188033174505,0.9999308958951428,B,True,-1,True,True,24.188050484023197,eligible
C1,43,fit,30:42,3,6.180660577025153,1171.9513874832282,867.9909922210999,0.9999308958951428,B,True,-1,True,True,23.773334572346446,eligible
C1,43,fit,30:42,4,6.190910289363709,1172.93171225556,867.7939512676948,0.9999308958951428,B,True,-1,True,True,23.350626438159747,eligible
C1,43,fit,30:42,5,6.201174815030155,1173.9120370278913,867.5969103142897,0.9999308958951428,B,True,-1,True,True,22.963706081845455,eligible
C1,43,fit,30:42,6,6.21145418616101,1174.892361800223,867.3998693608847,0.9999308958951428,B,True,-1,True,True,22.61441050669719,eligible
C1,43,fit,30:42,7,6.2217484349858125,1175.8726865725546,867.2028284074796,0.9999308958951428,B,True,-1,True,True,22.304507430350785,eligible
C1,43,fit,30:42,8,6.232057593827466,1176.853011344886,867.0057874540747,0.9999308958951428,B,True,-1,True,True,22.035658929309843,eligible
C1,43,fit,30:42,9,6.242381695102572,1177.8333361172176,866.8087465006695,0.9999308958951428,B,True,-1,True,True,21.80938331957801,eligible
C1,43,fit,30:42,10,6.252720771321773,1178.813660889549,866.6117055472646,0.9999308958951428,B,True,-1,True,True,21.61250885310983,eligible
C1,43,fit,30:42,11,6.263074855090091,1179.7939856618805,866.4146645938594,0.9999308958951428,B,True,-1,True,True,21.415655525222764,eligible
C1,43,fit,30:42,12,6.273443979107273,1180.774310434212,866.2176236404543,0.9999308958951428,B,True,-1,True,True,21.218823924244077,eligible
C1,43,fit,30:42,13,6.283828176168132,1181.7546352065435,866.0205826870493,0.9999308958951428,B,True,-1,True,True,21.022014660468354,eligible
C1,43,fit,30:42,14,6.294227479162897,1182.7349599788752,865.8235417336444,0.9999308958951428,B,True,-1,True,True,20.825228367190356,eligible
C1,43,fit,30:42,15,6.304641921077554,1183.7152847512068,865.6265007802393,0.9999308958951428,B,True,-1,True,True,20.628465701794422,eligible
C1,43,fit,30:42,16,6.3150715349942015,1184.6956095235385,865.4294598268343,0.9999308958951428,B,True,-1,True,True,20.431727346908236,eligible
C1,43,fit,30:42,17,6.325516354091397,1185.6759342958699,865.2324188734292,0.9999308958951428,B,True,-1,True,True,20.23501401162073,eligible
C1,43,fit,30:42,18,6.335976411644509,1186.6562590682013,865.0353779200241,0.9999308958951428,B,True,-1,True,True,20.038326432773324,eligible
C1,43,fit,30:42,19,6.346451741026073,1187.636583840533,864.8383369666191,0.9999308958951428,B,True,-1,True,True,19.84166537632581,eligible
C1,43,fit,30:42,20,6.356942375706141,1188.6169086128646,864.6412960132141,0.9999308958951428,B,True,-1,True,True,19.645031638803637,eligible
C1,43,fit,30:42,21,6.367448349252645,1189.597233385196,864.4442550598088,0.9999308958951428,B,True,-1,True,True,19.448426048832378,eligible
C1,43,fit,30:42,22,6.377969695331749,1190.5775581575276,864.247214106404,0.9999308958951428,B,True,-1,True,True,19.251849468766117,eligible
C1,43,fit,30:42,23,6.388506447708211,1191.5578829298593,864.0501731529989,0.9999308958951428,B,True,-1,True,True,19.0553027964121,eligible
C1,43,fit,30:42,24,6.399058640245747,1192.5382077021907,863.8531321995939,0.9999308958951428,B,True,-1,True,True,18.85878696686722,eligible
C1,43,fit,30:42,25,6.409626306907388,1193.518532474522,863.6560912461888,0.9999308958951428,B,True,-1,True,True,18.662302954464433,eligible
C1,43,fit,30:42,26,6.4202094817558475,1194.4988572468537,863.4590502927838,0.9999308958951428,B,True,-1,True,True,18.465789890071306,eligible
C1,43,fit,30:42,27,6.43080819895389,1195.4791820191851,863.2620093393788,0.9999308958951428,B,True,-1,True,True,18.26829495380092,eligible
C1,43,fit,30:42,28,6.441422492764693,1196.459506791517,863.0649683859738,0.9999308958951428,B,True,-1,True,True,18.070811527922093,eligible
C1,43,fit,30:42,29,6.452052397552221,1197.4398315638484,862.8679274325685,0.9999308958951428,B,True,-1,True,True,17.87333999397126,eligible
C1,43,fit,30:42,30,6.462697947781592,1198.4201563361798,862.6708864791635,0.9999308958951428,B,True,-1,True,True,17.67588075051188,eligible
C1,43,fit,30:42,31,6.473359178019457,1199.4004811085115,862.4738455257585,0.9999308958951428,B,True,-1,True,True,17.478434214092108,eligible
C1,43,fit,30:42,32,6.484036122934366,1200.380805880843,862.2768045723535,0.9999308958951428,B,True,-1,True,True,17.28100082027021,eligible
C1,43,fit,30:42,33,6.4947288172971485,1201.3611306531745,862.0797636189485,0.9999308958951428,B,True,-1,True,True,17.083581024709638,eligible
C1,43,fit,30:42,34,6.505437295981289,1202.3414554255062,861.8827226655434,0.9999308958951428,B,True,-1,True,True,16.886175304350594,eligible
C1,43,fit,30:42,35,6.516161593963308,1203.3217801978376,861.6856817121384,0.9999308958951428,B,True,-1,True,True,16.688784158665047,eligible
C1,43,fit,30:42,36,6.5269017463231425,1204.302104970169,861.4886407587331,0.9999308958951428,B,True,-1,True,True,16.491408111000002,eligible
C1,43,fit,30:42,37,6.537657788244527,1205.2824297425007,861.2915998053282,0.9999308958951428,B,True,-1,True,True,16.29404771002038,eligible
C1,43,fit,30:42,38,6.548429755015377,1206.262754514832,861.0945588519231,0.9999308958951428,B,True,-1,True,True,16.096703531253894,eligible
C1,43,fit,30:42,39,6.559217682028179,1207.243079287164,860.8975178985181,0.9999308958951428,B,True,-1,True,True,15.899376178754688,eligible
C1,43,fit,30:42,40,6.570021604780374,1208.2234040594954,860.7004769451131,0.9999308958951428,B,True,-1,True,True,15.702066286888082,eligible
C1,43,fit,30:42,41,6.580841558874749,1209.203728831827,860.503435991708,0.9999308958951428,B,True,-1,True,True,15.504774522252951,eligible
C1,43,fit,30:42,42,6.591677580019826,1210.1840536041584,860.3063950383029,0.9999308958951428,B,True,-1,True,True,15.307501585751554,eligible
C1,43,fit,30:42,43,6.602529704030259,1211.1643783764898,860.1093540848979,0.9999308958951428,B,True,-1,True,True,15.110248214820201,eligible
C1,43,fit,30:42,44,6.613397966827224,1212.1447031488215,859.9123131314929,0.9999308958951428,B,True,-1,True,True,14.913015185835928,eligible
C1,43,fit,30:42,45,6.624282404438816,1213.1250279211529,859.7152721780878,0.9999308958951428,B,True,-1,True,True,14.715803316716148,eligible
C1,43,fit,30:42,46,6.635183053000452,1214.1053526934847,859.5182312246828,0.9999308958951428,B,True,-1,True,True,14.518613469728443,eligible
C1,43,fit,30:42,47,6.646099948755262,1215.085677465816,859.3211902712776,0.9999308958951428,B,True,-1,True,True,14.321446554530896,eligible
C1,43,fit,30:42,48,6.657033128054502,1216.0660022381476,859.1241493178726,0.9999308958951428,B,True,-1,True,True,14.124303531466651,eligible
C1,43,fit,30:42,49,6.667982627357947,1217.046327010479,858.9271083644676,0.9999308958951428,B,True,-1,True,True,13.92718541513406,eligible
C1,43,fit,30:42,50,6.6789484832343025,1218.0266517828109,858.7300674110625,0.9999308958951428,B,True,-1,True,True,13.730093278264592,eligible
C1,43,fit,30:42,51,6.689930732361607,1219.0069765551423,858.5330264576575,0.9999308958951428,B,True,-1,True,True,13.533028255936598,eligible
C1,43,fit,30:42,52,6.700929411527648,1219.987301327474,858.3359855042524,0.9999308958951428,B,True,-1,True,True,13.335991550159116,eligible
C1,43,fit,30:42,53,6.711944557630364,1220.9676260998053,858.1389445508473,0.9999308958951428,B,True,-1,True,True,13.138984434866131,eligible
C1,43,fit,30:42,54,6.722976207678266,1221.9479508721367,857.9419035974423,0.9999308958951428,B,True,-1,True,True,12.942008261363528,eligible
C1,43,fit,30:42,55,6.734024398790844,1222.9282756444684,857.7448626440372,0.9999308958951428,B,True,-1,True,True,12.745064464276016,eligible
C1,43,fit,30:42,56,6.745089168198987,1223.9086004168,857.5478216906322,0.9999308958951428,B,True,-1,True,True,12.548154568051384,eligible
C1,43,fit,30:42,57,6.756170553245404,1224.8889251891314,857.3507807372272,0.9999308958951428,B,True,-1,True,True,12.351280194079944,eligible
C1,43,fit,30:42,58,6.767268591385039,1225.869249961463,857.1537397838221,0.9999308958951428,B,True,-1,True,True,12.154443068501186,eligible
C1,43,fit,30:42,59,6.778383320185495,1226.8495747337947,856.9566988304172,0.9999308958951428,B,True,-1,True,True,11.957645030774755,eligible
C1,43,fit,30:42,60,6.789514777327458,1227.829899506126,856.759657877012,0.9999308958951428,B,True,-1,True,True,11.760888043102344,eligible
C1,43,fit,30:42,61,6.800663000605124,1228.8102242784576,856.5626169236069,0.9999308958951428,B,True,-1,True,True,11.564174200805184,eligible
C1,43,fit,30:42,62,6.811828027926625,1229.7905490507892,856.3655759702019,0.9999308958951428,B,True,-1,True,True,11.367505743766156,eligible
C1,43,fit,30:42,63,6.823009897314459,1230.7708738231208,856.1685350167968,0.9999308958951428,B,True,-1,True,True,11.170885069068943,eligible
C1,43,fit,30:42,64,6.834208646905922,1231.7511985954523,855.9714940633918,0.9999308958951428,B,True,-1,True,True,10.974314744982767,eligible
C1,43,fit,30:42,65,6.845424314953541,1232.731523367784,855.7744531099868,0.9999308958951428,B,True,-1,True,True,10.777797526459192,eligible
C1,43,fit,30:42,66,6.856656939825513,1233.7118481401153,855.5774121565817,0.9999308958951428,B,True,-1,True,True,10.581336372337686,eligible
C1,43,fit,30:42,67,6.8679065600061335,1234.692172912447,855.3803712031767,0.9999308958951428,B,True,-1,True,True,10.38493446448125,eligible
C1,43,fit,30:42,68,6.879173214096248,1235.6724976847784,855.1833302497716,0.9999308958951428,B,True,-1,True,True,10.188595229097569,eligible
C1,43,fit,30:42,69,6.890456940813685,1236.65282245711,854.9862892963666,0.9999308958951428,B,True,-1,True,True,9.992322360543318,eligible
C1,43,fit,30:42,70,6.901757778993702,1237.6331472294414,854.7892483429615,0.9999308958951428,B,True,-1,True,True,9.79611984795211,eligible
C1,43,fit,30:42,71,6.913075767589432,1238.613472001773,854.5922073895565,0.9999308958951428,B,True,-1,True,True,9.599992005083951,eligible
C1,43,fit,30:42,72,6.924410945672328,1239.5937967741045,854.3951664361514,0.9999308958951428,B,True,-1,True,True,9.403943503855892,eligible
C1,43,fit,30:42,73,6.935763352432617,1240.5741215464361,854.1981254827465,0.9999308958951428,B,True,-1,True,True,9.207979412094724,eligible
C1,43,fit,30:42,74,6.947133027179748,1241.5544463187675,854.0010845293413,0.9999308958951428,B,True,-1,True,True,9.01210523613691,eligible
C1,43,fit,30:42,75,6.958520009342849,1242.5347710910992,853.8040435759364,0.9999308958951428,B,True,-1,True,True,8.81632696901966,eligible
C1,43,fit,30:42,76,6.96992433847118,1243.5150958634308,853.6070026225312,0.9999308958951428,B,True,-1,True,True,8.620651145123642,eligible
C1,43,fit,30:42,77,6.981346054234589,1244.4954206357622,853.4099616691261,0.9999308958951428,B,True,-1,True,True,8.424541345527935,eligible
C1,43,fit,30:42,78,6.992785196423979,1245.4757454080939,853.2129207157211,0.9999308958951428,B,True,-1,True,True,8.226688299433945,eligible
C1,43,fit,30:42,79,7.004241804951765,1246.4560701804255,853.015879762316,0.9999308958951428,B,True,-1,True,True,8.028843526522385,eligible
C1,43,fit,30:42,80,7.015715919852336,1247.436394952757,852.818838808911,0.9999308958951428,B,True,-1,True,True,7.831007653841505,eligible
C1,43,fit,30:42,81,7.027207581282528,1248.4167197250886,852.6217978555061,0.9999308958951428,B,True,-1,True,True,7.633181373416663,eligible
C1,43,fit,30:42,82,7.038716829522086,1249.39704449742,852.4247569021009,0.9999308958951428,B,True,-1,True,True,7.43536545088577,eligible
C1,43,fit,30:42,83,7.05024370497414,1250.3773692697516,852.2277159486958,0.9999308958951428,B,True,-1,True,True,7.237560735550698,eligible
C1,43,fit,30:42,84,7.061788248165674,1251.3576940420833,852.0306749952907,0.9999308958951428,B,True,-1,True,True,7.039768172116755,eligible
C1,43,fit,30:42,85,7.073350499748001,1252.3380188144147,851.8336340418858,0.9999308958951428,B,True,-1,True,True,6.841988814469019,eligible
C1,43,fit,30:42,86,7.084930500497244,1253.318343586746,851.6365930884807,0.9999308958951428,B,True,-1,True,True,6.644223841901496,eligible
C1,43,fit,30:42,87,7.09652829131481,1254.2986683590777,851.4395521350757,0.9999308958951428,B,True,-1,True,True,6.446474578331339,eligible
C1,43,fit,30:42,88,7.1081439132278765,1255.2789931314094,851.2425111816707,0.9999308958951428,B,True,-1,True,True,6.248742515151128,eligible
C1,43,fit,30:42,89,7.119777407389872,1256.2593179037408,851.0454702282656,0.9999308958951428,B,True,-1,True,True,6.051029338554384,eligible
C1,43,fit,30:42,90,7.131428815080962,1257.2396426760722,850.8484292748605,0.9999308958951428,B,True,-1,True,True,5.8533369623864795,eligible
C1,43,fit,30:42,91,7.1430981777085405,1258.2199674484038,850.6513883214556,0.9999308958951428,B,True,-1,True,True,5.655667567868673,eligible
C1,43,fit,30:42,92,7.154785536807717,1259.2002922207355,850.4543473680504,0.9999308958951428,B,True,-1,True,True,5.4580236519317005,eligible
C1,43,fit,30:42,93,7.166490934041809,1260.180616993067,850.2573064146453,0.9999308958951428,B,True,-1,True,True,5.260408086418324,eligible
C1,43,fit,30:42,94,7.178214411202844,1261.1609417653985,850.0602654612403,0.9999308958951428,B,True,-1,True,True,5.062824191108276,eligible
C1,43,fit,30:42,95,7.189956010212045,1262.1412665377302,849.8632245078352,0.9999308958951428,B,True,-1,True,True,4.86527582448221,eligible
C1,43,fit,30:42,96,7.201715773120341,1263.1215913100616,849.6661835544303,0.9999308958951428,B,True,-1,True,True,4.667767497457237,eligible
C1,43,fit,30:42,97,7.213493742108864,1264.101916082393,849.4691426010252,0.9999308958951428,B,True,-1,True,True,4.470304517160811,eligible
C1,43,fit,30:42,98,7.225289959489452,1265.0822408547247,849.2721016476202,0.9999308958951428,B,True,-1,True,True,4.272893170415654,eligible
C1,43,fit,30:42,99,7.237104467705162,1266.062565627056,849.0750606942152,0.9999308958951428,B,True,-1,True,True,4.075540960317563,eligible
C1,43,fit,30:42,100,7.2489373093307705,1267.042890399388,848.87801974081,0.9999308958951428,B,True,-1,True,True,3.8782569147069106,eligible
C1,43,fit,30:42,101,7.26078852707329,1268.0232151717191,848.680978787405,0.9999308958951428,B,True,-1,True,True,3.681051993319805,eligible
C1,43,fit,30:42,102,7.272658163772485,1269.0035399440508,848.4839378339999,0.9999308958951428,U,True,-1,True,True,3.483939632424738,eligible
C1,43,fit,30:42,103,7.284546262401381,1269.9838647163824,848.2868968805949,0.9999308958951428,U,True,-1,True,True,3.2869364841812616,eligible
C1,43,fit,30:42,104,7.296452866066791,1270.9641894887138,848.0898559271898,0.9999308958951428,U,True,-1,True,True,3.090063436809729,eligible
C1,43,fit,30:42,105,7.30837801800983,1271.9445142610455,847.8928149737848,0.9999308958951428,U,True,-1,True,True,2.8933470479326684,eligible
C1,43,fit,30:42,106,7.3203217616064435,1272.924839033377,847.6957740203798,0.9999308958951428,U,True,-1,True,True,2.6968215995608857,eligible
C1,43,fit,30:42,107,7.332284140367929,1273.9051638057085,847.4987330669746,0.9999308958951428,U,True,-1,True,True,2.5005321121193718,eligible
C1,43,fit,30:42,108,7.344265197941469,1274.8854885780402,847.3016921135696,0.9999308958951428,U,True,-1,True,True,2.3045388804331095,eligible
C1,43,fit,30:42,109,7.356264978110657,1275.8658133503716,847.1046511601645,0.9999308958951428,U,True,-1,True,True,2.108924503845576,eligible
C1,43,fit,30:42,110,7.368283524796034,1276.8461381227032,846.9076102067594,0.9999308958951428,U,True,-1,True,True,1.9138051568061671,eligible
C1,43,fit,30:42,111,7.380320882055625,1277.8264628950349,846.7105692533544,0.9999308958951428,U,True,-1,True,True,1.7193493819817534,eligible
C1,43,fit,30:42,112,7.392377094085475,1278.8067876673663,846.5135282999494,0.9999308958951428,U,True,-1,True,True,1.525810905790556,eligible
C1,43,fit,30:42,113,7.40445220522019,1279.7871124396977,846.3164873465444,0.9999308958951428,U,True,-1,True,True,1.3335891597275702,eligible
C1,43,fit,30:42,114,7.416546259933484,1280.7674372120293,846.1194463931394,0.9999308958951428,U,True,-1,True,True,1.1433484497131228,eligible
C1,43,fit,30:42,115,7.428659302838718,1281.747761984361,845.9224054397343,0.9999308958951428,U,True,-1,True,True,0.9562718294423546,eligible
C1,43,fit,30:42,116,7.4407913786894575,1282.7280867566924,845.7253644863292,0.9999308958951428,U,True,-1,True,True,0.7746550522095142,eligible
C1,43,fit,30:42,117,7.452942532380016,1283.708411529024,845.5283235329242,0.9999308958951428,U,True,-1,True,True,0.6034480854618981,eligible
C1,43,fit,30:42,118,7.465112808946013,1284.6887363013554,845.3312825795191,0.9999308958951428,U,True,-1,True,True,0.4545692879932759,eligible
C1,43,fit,30:42,119,7.477302253564929,1285.669061073687,845.1342416261141,0.9999308958951428,U,True,-1,True,True,0.3571293703000316,eligible
C1,43,fit,30:42,120,7.489510911556664,1286.6493858460185,844.937200672709,0.9999308958951428,U,True,-1,True,True,0.3561938243153107,eligible
C1,43,fit,30:42,121,7.501738828384101,1287.6297106183501,844.740159719304,0.9999308958951428,U,True,-1,True,True,0.4523617994866809,eligible
C1,43,fit,30:42,122,7.5139860496536715,1288.6100353906818,844.5431187658987,0.9999308958951428,U,True,-1,True,True,0.600677000221092,eligible
C1,43,fit,30:42,123,7.526252621115914,1289.5903601630132,844.3460778124938,0.9999308958951428,U,True,-1,True,True,0.5362598701628589,eligible
C1,43,fit,30:42,124,7.538538588666054,1290.5706849353446,844.1490368590888,0.9999308958951428,U,True,-1,True,True,0.4544484680435379,eligible
C1,43,fit,30:42,125,7.550843998344574,1291.5510097076763,843.9519959056836,0.9999308958951428,U,True,-1,True,True,0.4515491951848641,eligible
C1,43,fit,30:42,126,7.563168896337782,1292.5313344800077,843.7549549522787,0.9999308958951428,U,True,-1,True,True,0.5288614611052841,eligible
C1,43,fit,30:42,127,7.575513328978398,1293.5116592523393,843.5579139988736,0.9999308958951428,U,True,-1,True,True,0.6587235521960279,eligible
C1,43,fit,30:42,128,7.587877342746131,1294.491984024671,843.3608730454686,0.9999308958951428,U,True,-1,True,True,0.8065553573934386,eligible
C1,43,fit,30:42,129,7.6002609842682585,1295.4723087970026,843.1638320920636,0.9999308958951428,U,True,-1,True,True,0.9603397159280912,eligible
C1,43,fit,30:42,130,7.612664300320221,1296.4526335693342,842.9667911386584,0.9999308958951428,U,True,-1,True,True,1.128006072343134,eligible
C1,43,fit,30:42,131,7.625087337826202,1297.4329583416654,842.7697501852534,0.9999308958951428,U,True,-1,True,True,1.3042114599640844,eligible
C1,43,fit,30:42,132,7.637530143859728,1298.413283113997,842.5727092318483,0.9999308958951428,U,True,-1,True,True,1.4859212190308617,eligible
C1,43,fit,30:42,133,7.649992765644255,1299.3936078863287,842.3756682784434,0.9999308958951428,F,True,-1,True,True,1.6713409914901085,eligible
C1,43,fit,30:42,134,7.662475250553774,1300.3739326586601,842.1786273250384,0.9999308958951428,F,True,-1,True,True,1.8593611952252265,eligible
C1,43,fit,30:42,135,7.674977646113404,1301.3542574309918,841.9815863716333,0.9999308958951428,F,True,-1,True,True,2.0492661863675434,eligible
C1,43,fit,30:42,136,7.6875,1302.3345822033234,841.7845454182283,0.4999654479475714,F,True,-1,True,True,2.2405767683063367,eligible
C1,43,fit,37:49,0,7.6875,1323.6656110546085,285.25094497604954,0.4982993183023441,B,True,-1,True,True,5.446008255131455,eligible
C1,43,fit,37:49,1,7.702743891924009,1324.5766095424772,285.65503728924494,0.9965986366046882,B,True,-1,True,True,5.375974790104374,eligible
C1,43,fit,37:49,2,7.718024492949728,1325.4876080303457,286.05912960244024,0.9965986366046882,B,True,-1,True,True,5.159959102302192,eligible
C1,43,fit,37:49,3,7.73334193583682,1326.3986065182141,286.4632219156355,0.9965986366046882,B,True,-1,True,True,5.131828973766528,eligible
C1,43,fit,37:49,4,7.748696353985895,1327.3096050060828,286.8673142288308,0.9965986366046882,B,True,-1,True,True,5.142015021891137,eligible
C1,43,fit,37:49,5,7.764087881442379,1328.2206034939513,287.27140654202617,0.9965986366046882,B,True,-1,True,True,4.733736578257861,eligible
C1,43,fit,37:49,6,7.77951665290042,1329.1316019818198,287.67549885522146,0.9965986366046882,B,True,-1,True,True,4.470104383171539,eligible
C1,43,fit,37:49,7,7.794982803706813,1330.0426004696883,288.0795911684168,0.9965986366046882,B,True,-1,True,True,4.420613315539633,eligible
C1,43,fit,37:49,8,7.810486469864958,1330.953598957557,288.48368348161216,0.9965986366046882,B,True,-1,True,True,4.51655487634133,eligible
C1,43,fit,37:49,9,7.8260277880388465,1331.8645974454253,288.8877757948075,0.9965986366046882,B,True,-1,True,True,4.202132393964628,eligible
C1,43,fit,37:49,10,7.8416068955570815,1332.7755959332937,289.2918681080028,0.9965986366046882,B,True,-1,True,True,4.111323758447636,eligible
C1,43,fit,37:49,11,7.857223930416916,1333.6865944211625,289.6959604211981,0.9965986366046882,B,True,-1,True,True,4.2584583034369015,eligible
C1,43,fit,37:49,12,7.872879031288333,1334.597592909031,290.10005273439344,0.9965986366046882,B,True,-1,True,True,3.9206530248638733,eligible
C1,43,fit,37:49,13,7.888572337518144,1335.5085913968994,290.5041450475888,0.9965986366046882,B,True,-1,True,True,3.532657223294961,eligible
C1,43,fit,37:49,14,7.90430398913413,1336.4195898847681,290.9082373607841,0.9965986366046882,B,True,-1,True,True,3.4020922471601724,eligible
C1,43,fit,37:49,15,7.920074126849203,1337.3305883726368,291.31232967397943,0.9965986366046882,B,True,-1,True,True,3.557416751526524,eligible
C1,43,fit,37:49,16,7.9358828920655995,1338.2415868605053,291.7164219871747,0.9965986366046882,B,True,-1,True,True,3.510473258477984,eligible
C1,43,fit,37:49,17,7.951730426879111,1339.1525853483738,292.1205143003701,0.9965986366046882,B,True,-1,True,True,3.5951441662896926,eligible
C1,43,fit,37:49,18,7.967616874083339,1340.0635838362423,292.5246066135654,0.9965986366046882,U,True,-1,True,True,3.475974984763911,eligible
C1,43,fit,37:49,19,7.9835423771739835,1340.9745823241108,292.9286989267607,0.9965986366046882,U,True,-1,True,True,3.071406248077317,eligible
C1,43,fit,37:49,20,7.9995070803531645,1341.8855808119795,293.332791239956,0.9965986366046882,B,True,-1,True,True,2.810383593782464,eligible
C1,43,fit,37:49,21,8.015511128533774,1342.796579299848,293.73688355315136,0.9965986366046882,U,True,-1,True,True,2.8895316632006334,eligible
C1,43,fit,37:49,22,8.031554667343862,1343.7075777877167,294.1409758663466,0.9965986366046882,U,True,-1,True,True,2.8739397605115675,eligible
C1,43,fit,37:49,23,8.04763784313105,1344.618576275585,294.54506817954194,0.9965986366046882,U,True,-1,True,True,2.4843861013627038,eligible
C1,43,fit,37:49,24,8.063760802966984,1345.5295747634536,294.9491604927373,0.9965986366046882,U,True,-1,True,True,2.1181105057660528,eligible
C1,43,fit,37:49,25,8.079923694651818,1346.4405732513221,295.3532528059326,0.9965986366046882,U,True,-1,True,True,2.1879276984383407,eligible
C1,43,fit,37:49,26,8.096126666718728,1347.3515717391906,295.757345119128,0.9965986366046882,U,True,-1,True,True,2.270044845921894,eligible
C1,43,fit,37:49,27,8.112369868438465,1348.262570227059,296.16143743232334,0.9965986366046882,U,True,-1,True,True,1.8572171223095204,eligible
C1,43,fit,37:49,28,8.128653449823933,1349.1735687149278,296.5655297455186,0.9965986366046882,U,True,-1,True,True,1.8533667849751934,eligible
C1,43,fit,37:49,29,8.144977561634816,1350.0845672027963,296.96962205871387,0.9965986366046882,U,True,-1,True,True,2.0321383309829337,eligible
C1,43,fit,37:49,30,8.161342355382223,1350.995565690665,297.3737143719093,0.9965986366046882,U,True,-1,True,True,1.6262916734810302,eligible
C1,43,fit,37:49,31,8.177747983333376,1351.9065641785335,297.7778066851045,0.9965986366046882,U,True,-1,True,True,1.2257596631103325,eligible
C1,43,fit,37:49,32,8.194194598516342,1352.817562666402,298.18189899829986,0.9965986366046882,U,True,-1,True,True,1.156588934097612,eligible
C1,43,fit,37:49,33,8.210682354724776,1353.7285611542704,298.5859913114952,0.9965986366046882,U,True,-1,True,True,1.4398262458151134,eligible
C1,43,fit,37:49,34,8.227211406522727,1354.6395596421391,298.9900836246905,0.9965986366046882,U,True,-1,True,True,1.072309813763327,eligible
C1,43,fit,37:49,35,8.243781909249465,1355.5505581300076,299.3941759378858,0.9965986366046882,U,True,-1,True,True,0.8186189887573214,eligible
C1,43,fit,37:49,36,8.260394019024345,1356.4615566178763,299.79826825108114,0.9965986366046882,U,True,-1,True,True,1.2873203594540978,eligible
C1,43,fit,37:49,37,8.277047892751707,1357.3725551057446,300.2023605642765,0.9965986366046882,U,True,-1,True,True,0.8803555964709303,eligible
C1,43,fit,37:49,38,8.293743688125824,1358.2835535936133,300.6064528774718,0.9965986366046882,U,True,-1,True,True,0.4850587367538702,eligible
C1,43,fit,37:49,39,8.310481563635877,1359.1945520814818,301.0105451906672,0.9965986366046882,U,True,-1,True,True,0.19483765923225344,eligible
C1,43,fit,37:49,40,8.327261678570961,1360.1055505693503,301.4146375038624,0.9965986366046882,U,True,-1,True,True,0.5948026349761586,eligible
C1,43,fit,37:49,41,8.344084193025154,1361.016549057219,301.8187298170578,0.9965986366046882,U,True,-1,True,True,0.18202403829919261,eligible
C1,43,fit,37:49,42,8.360949267902594,1361.9275475450875,302.22282213025306,0.9965986366046882,U,True,-1,True,True,0.23430548425798017,eligible
C1,43,fit,37:49,43,8.377857064922617,1362.838546032956,302.62691444344836,0.9965986366046882,U,True,-1,True,True,0.40652209777785997,eligible
C1,43,fit,37:49,44,8.394807746624926,1363.7495445208247,303.0310067566437,0.9965986366046882,U,True,-1,True,True,0.25236752169507254,eligible
C1,43,fit,37:49,45,8.41180147637479,1364.660543008693,303.43509906983905,0.9965986366046882,U,True,-1,True,True,0.6590478812984393,eligible
C1,43,fit,37:49,46,8.42883841836831,1365.5715414965616,303.8391913830343,0.9965986366046882,U,True,-1,True,True,0.4576418910666713,eligible
C1,43,fit,37:49,47,8.445918737637689,1366.4825399844299,304.24328369622964,0.9965986366046882,U,True,-1,True,True,0.5403996608295952,eligible
C1,43,fit,37:49,48,8.463042600056573,1367.3935384722986,304.647376009425,0.9965986366046882,U,True,-1,True,True,0.701526381051331,eligible
C1,43,fit,37:49,49,8.480210172345416,1368.3045369601673,305.05146832262034,0.9965986366046882,U,True,-1,True,True,0.3088555460750045,eligible
C1,43,fit,37:49,50,8.497421622076887,1369.2155354480358,305.4555606358156,0.9965986366046882,U,True,-1,True,True,0.5039752198914877,eligible
C1,43,fit,37:49,51,8.514677117681334,1370.1265339359045,305.859652949011,0.9965986366046882,U,True,-1,True,True,0.868915432984565,eligible
C1,43,fit,37:49,52,8.531976828452265,1371.037532423773,306.2637452622063,0.9965986366046882,U,True,-1,True,True,0.2664024139728442,eligible
C1,43,fit,37:49,53,8.54932092455189,1371.9485309116415,306.6678375754016,0.9965986366046882,U,True,-1,True,True,0.6698179559960857,eligible
C1,43,fit,37:49,54,8.566709577016704,1372.85952939951,307.0719298885969,0.9965986366046882,U,True,-1,True,True,0.15781602730902453,eligible
C1,43,fit,37:49,55,8.584142957763104,1373.7705278873786,307.47602220179226,0.9965986366046882,U,True,-1,True,True,0.5284454437972371,eligible
C1,43,fit,37:49,56,8.601621239593054,1374.6815263752471,307.8801145149876,0.9965986366046882,U,True,-1,True,True,0.9359631451906151,eligible
C1,43,fit,37:49,57,8.6191445961998,1375.5925248631156,308.28420682818285,0.9965986366046882,U,True,-1,True,True,0.4967992636515307,eligible
C1,43,fit,37:49,58,8.636713202173617,1376.503523350984,308.6882991413782,0.9965986366046882,U,True,-1,True,True,0.8486723578861405,eligible
C1,43,fit,37:49,59,8.654327233007614,1377.4145218388528,309.0923914545736,0.9965986366046882,U,True,-1,True,True,1.1683952434477556,eligible
C1,43,fit,37:49,60,8.671986865103573,1378.3255203267213,309.4964837677689,0.9965986366046882,U,True,-1,True,True,0.8375075888158584,eligible
C1,43,fit,37:49,61,8.689692275777839,1379.2365188145898,309.9005760809642,0.9965986366046882,U,True,-1,True,True,0.9311167634941185,eligible
C1,43,fit,37:49,62,8.707443643267252,1380.1475173024583,310.30466839415953,0.9965986366046882,U,True,-1,True,True,0.9052897768161312,eligible
C1,43,fit,37:49,63,8.725241146735135,1381.058515790327,310.7087607073548,0.9965986366046882,U,True,-1,True,True,0.7111721577843891,eligible
C1,43,fit,37:49,64,8.743084966277316,1381.9695142781954,311.1128530205502,0.9965986366046882,U,True,-1,True,True,1.1132705082690348,eligible
C1,43,fit,37:49,65,8.7609752829282,1382.880512766064,311.5169453337455,0.9965986366046882,F,True,-1,True,True,1.2330791316971939,eligible
C1,43,fit,37:49,66,8.778912278666901,1383.7915112539326,311.9210376469408,0.9965986366046882,U,True,-1,True,True,0.9443399304906142,eligible
C1,43,fit,37:49,67,8.796896136423404,1384.702509741801,312.32512996013617,0.9965986366046882,U,True,-1,True,True,1.337606242920436,eligible
C1,43,fit,37:49,68,8.814927040084788,1385.6135082296696,312.72922227333146,0.9965986366046882,U,True,-1,True,True,0.8253126755695827,eligible
C1,43,fit,37:49,69,8.833005174501489,1386.524506717538,313.13331458652675,0.9965986366046882,U,True,-1,True,True,1.2290222999200235,eligible
C1,43,fit,37:49,70,8.851130725493622,1387.435505205407,313.53740689972204,0.9965986366046882,F,True,-1,True,True,1.5979001092839191,eligible
C1,43,fit,37:49,71,8.869303879857343,1388.3465036932753,313.9414992129174,0.9965986366046882,F,True,-1,True,True,1.1460707617014394,eligible
C1,43,fit,37:49,72,8.887524825371274,1389.2575021811438,314.34559152611274,0.9965986366046882,U,True,-1,True,True,1.370008732979543,eligible
C1,43,fit,37:49,73,8.90579375080296,1390.1685006690125,314.74968383930803,0.9965986366046882,F,True,-1,True,True,1.7577787155934483,eligible
C1,43,fit,37:49,74,8.924110845915397,1391.079499156881,315.1537761525033,0.9965986366046882,F,True,-1,True,True,1.4759814403535867,eligible
C1,43,fit,37:49,75,8.942476301473592,1391.9904976447497,315.5578684656987,0.9965986366046882,F,True,-1,True,True,1.1533916205161907,eligible
C1,43,fit,37:49,76,8.960890309251198,1392.901496132618,315.96196077889397,0.9965986366046882,U,True,-1,True,True,0.966990978251356,eligible
C1,43,fit,37:49,77,8.97935306203718,1393.8124946204866,316.3660530920893,0.9965986366046882,U,True,-1,True,True,0.4112823039891236,eligible
C1,43,fit,37:49,78,8.99786475364255,1394.7234931083551,316.7701454052846,0.9965986366046882,U,True,-1,True,True,0.8182786850505828,eligible
C1,43,fit,37:49,79,9.016425578907135,1395.6344915962236,317.17423771847996,0.9965986366046882,U,True,-1,True,True,0.40491378807380085,eligible
C1,43,fit,37:49,80,9.035035733706435,1396.5454900840923,317.5783300316753,0.9965986366046882,U,True,-1,True,True,0.7355575362920154,eligible
C1,43,fit,37:49,81,9.053695414958494,1397.4564885719608,317.9824223448706,0.9965986366046882,U,True,-1,True,True,1.0832984261189749,eligible
C1,43,fit,37:49,82,9.072404820630851,1398.3674870598293,318.38651465806595,0.9965986366046882,U,True,-1,True,True,0.7412598737172106,eligible
C1,43,fit,37:49,83,9.091164149747549,1399.278485547698,318.79060697126124,0.9965986366046882,U,True,-1,True,True,0.7512845967841153,eligible
C1,43,fit,37:49,84,9.109973602396181,1400.1894840355665,319.1946992844566,0.9965986366046882,U,True,-1,True,True,0.27168365998429433,eligible
C1,43,fit,37:49,85,9.128833379735008,1401.1004825234352,319.5987915976519,0.9965986366046882,U,True,-1,True,True,0.6071639934436116,eligible
C1,43,fit,37:49,86,9.147743684000137,1402.0114810113034,320.0028839108472,0.9965986366046882,U,True,-1,True,True,0.011837675545644868,eligible
C1,43,fit,37:49,87,9.166704718512737,1402.9224794991721,320.4069762240425,0.9965986366046882,U,True,-1,True,True,0.4142934648102867,eligible
C1,43,fit,37:49,88,9.185716687686334,1403.8334779870406,320.8110685372378,0.9965986366046882,U,True,-1,True,True,0.25184256673863004,eligible
C1,43,fit,37:49,89,9.204779797034158,1404.744476474909,321.2151608504332,0.9965986366046882,U,True,-1,True,True,0.33404560083022156,eligible
C1,43,fit,37:49,90,9.223894253176542,1405.6554749627776,321.6192531636285,0.9965986366046882,U,True,-1,True,True,0.5134838407194513,eligible
C1,43,fit,37:49,91,9.243060263848392,1406.5664734506463,322.0233454768238,0.9965986366046882,U,True,-1,True,True,0.43415467322448303,eligible
C1,43,fit,37:49,92,9.262278037906713,1407.4774719385148,322.4274377900191,0.9965986366046882,U,True,-1,True,True,0.6408451579012473,eligible
C1,43,fit,37:49,93,9.281547785338189,1408.3884704263833,322.83153010321445,0.9965986366046882,U,True,-1,True,True,0.4234281264835038,eligible
C1,43,fit,37:49,94,9.30086971726684,1409.2994689142517,323.23562241640974,0.9965986366046882,U,True,-1,True,True,0.8209474531895483,eligible
C1,43,fit,37:49,95,9.320244045961728,1410.2104674021205,323.6397147296051,0.9965986366046882,U,True,-1,True,True,0.4172553216183929,eligible
C1,43,fit,37:49,96,9.339670984844727,1411.121465889989,324.04380704280044,0.9965986366046882,U,True,-1,True,True,0.9638770325248178,eligible
C1,43,fit,37:49,97,9.35915074849837,1412.0324643778577,324.44789935599573,0.9965986366046882,U,True,-1,True,True,0.5530542983646485,eligible
C1,43,fit,37:49,98,9.378683552673737,1412.943462865726,324.85199166919114,0.9965986366046882,U,True,-1,True,True,0.9550019083711634,eligible
C1,43,fit,37:49,99,9.398269614298428,1413.8544613535944,325.25608398238643,0.9965986366046882,U,True,-1,True,True,0.7580188248715287,eligible
C1,43,fit,37:49,100,9.417909151484597,1414.7654598414633,325.66017629558166,0.9965986366046882,U,True,-1,True,True,0.8375015934179828,eligible
C1,43,fit,37:49,101,9.437602383537033,1415.6764583293316,326.06426860877707,0.9965986366046882,U,True,-1,True,True,1.1546380852206781,eligible
C1,43,fit,37:49,102,9.457349530961347,1416.5874568172003,326.46836092197236,0.9965986366046882,U,True,-1,True,True,1.5862251236870089,eligible
C1,43,fit,37:49,103,9.477150815472175,1417.4984553050688,326.8724532351677,0.9965986366046882,U,True,-1,True,True,1.2328095546494457,eligible
C1,43,fit,37:49,104,9.497006460001499,1418.4094537929373,327.276545548363,0.9965986366046882,U,True,-1,True,True,0.8312874064630673,eligible
C1,43,fit,37:49,105,9.516916688707,1419.320452280806,327.68063786155824,0.9965986366046882,U,True,-1,True,True,1.3577209273732813,eligible
C1,43,fit,37:49,106,9.536881726980496,1420.2314507686744,328.08473017475364,0.9965986366046882,U,True,-1,True,True,1.5343369410515362,eligible
C1,43,fit,37:49,107,9.556901801456451,1421.142449256543,328.488822487949,0.9965986366046882,U,True,-1,True,True,1.5178765640256464,eligible
C1,43,fit,37:49,108,9.576977140020546,1422.0534477444114,328.8929148011443,0.9965986366046882,U,True,-1,True,True,1.5281982161129792,eligible
C1,43,fit,37:49,109,9.59710797181833,1422.9644462322801,329.2970071143396,0.9965986366046882,U,True,-1,True,True,1.7033639772547404,eligible
C1,43,fit,37:49,110,9.61729452726393,1423.8754447201486,329.7010994275349,0.9965986366046882,U,True,-1,True,True,1.5663799523698476,eligible
C1,43,fit,37:49,111,9.637537038048857,1424.786443208017,330.1051917407302,0.9965986366046882,U,True,-1,True,True,1.9068048780090232,eligible
C1,43,fit,37:49,112,9.657835737150851,1425.6974416958856,330.50928405392557,0.9965986366046882,U,True,-1,True,True,1.6458003982987517,eligible
C1,43,fit,37:49,113,9.67819085884284,1426.6084401837543,330.9133763671209,0.9965986366046882,U,True,-1,True,True,1.9410900917388778,eligible
C1,43,fit,37:49,114,9.698602638701932,1427.5194386716228,331.3174686803162,0.9965986366046882,U,True,-1,True,True,1.7498145136123906,eligible
C1,43,fit,37:49,115,9.719071313618517,1428.4304371594912,331.7215609935115,0.9965986366046882,U,True,-1,True,True,1.3489560562087226,eligible
C1,43,fit,37:49,116,9.739597121805437,1429.34143564736,332.1256533067068,0.9965986366046882,U,True,-1,True,True,1.6012281961297061,eligible
C1,43,fit,37:49,117,9.760180302807202,1430.2524341352282,332.5297456199022,0.9965986366046882,U,True,-1,True,True,1.4917677214718046,eligible
C1,43,fit,37:49,118,9.780821097509332,1431.163432623097,332.9338379330975,0.9965986366046882,U,True,-1,True,True,1.0786156753886746,eligible
C1,43,fit,37:49,119,9.801519748147747,1432.0744311109656,333.33793024629284,0.9965986366046882,U,True,-1,True,True,1.2620374681382096,eligible
C1,43,fit,37:49,120,9.82227649831824,1432.9854295988341,333.74202255948813,0.9965986366046882,U,True,-1,True,True,1.2580618178082184,eligible
C1,43,fit,37:49,121,9.843091592986038,1433.8964280867026,334.1461148726835,0.9965986366046882,U,True,-1,True,True,0.8601435646893069,eligible
C1,43,fit,37:49,122,9.863965278495435,1434.807426574571,334.5502071858788,0.9965986366046882,U,True,-1,True,True,0.9242571335719735,eligible
C1,43,fit,37:49,123,9.884897802579513,1435.7184250624398,334.9542994990741,0.9965986366046882,U,True,-1,True,True,1.0829468976356418,eligible
C1,43,fit,37:49,124,9.905889414369934,1436.6294235503083,335.3583918122694,0.9965986366046882,U,True,-1,True,True,0.7409372251608409,eligible
C1,43,fit,37:49,125,9.92694036440684,1437.5404220381768,335.7624841254647,0.9965986366046882,U,True,-1,True,True,0.5903132812358065,eligible
C1,43,fit,37:49,126,9.948050904648811,1438.4514205260455,336.1665764386601,0.9965986366046882,U,True,-1,True,True,0.9478266317906576,eligible
C1,43,fit,37:49,127,9.96922128848291,1439.3624190139137,336.5706687518554,0.9965986366046882,U,True,-1,True,True,0.561847721611104,eligible
C1,43,fit,37:49,128,9.990451770734836,1440.2734175017827,336.97476106505076,0.9965986366046882,U,True,-1,True,True,0.27457992300684164,eligible
C1,43,fit,37:49,129,10.011742607679137,1441.184415989651,337.37885337824605,0.9965986366046882,U,True,-1,True,True,0.6479447375781922,eligible
C1,43,fit,37:49,130,10.033094057049528,1442.0954144775194,337.7829456914414,0.9965986366046882,U,True,-1,True,True,0.2371001800593,eligible
C1,43,fit,37:49,131,10.054506378049291,1443.006412965388,338.18703800463663,0.9965986366046882,U,True,-1,True,False,0.18714791290186067,eligible
C1,43,fit,37:49,132,10.075979831361758,1443.9174114532566,338.591130317832,0.9965986366046882,U,True,-1,True,False,0.4171274206395017,eligible
C1,43,fit,37:49,133,10.097514679160897,1444.8284099411253,338.99522263102733,0.9965986366046882,U,True,-1,True,False,0.17165655116809173,eligible
C1,43,fit,37:49,134,10.119111185121977,1445.7394084289936,339.3993149442226,0.9965986366046882,U,True,-1,True,False,0.47682322883760997,eligible
C1,43,fit,37:49,135,10.14076961443233,1446.650406916862,339.803407257418,0.9965986366046882,U,True,-1,True,False,0.8761726685133329,eligible
C1,43,fit,37:49,136,10.162490233802213,1447.5614054047307,340.2074995706133,0.9965986366046882,U,True,-1,True,False,0.485202319454587,eligible
C1,43,fit,37:49,137,10.184273311475744,1448.4724038925992,340.6115918838086,0.9965986366046882,U,True,-1,True,False,0.7727936788583848,eligible
C1,43,fit,37:49,138,10.206119117241954,1449.3834023804677,341.01568419700396,0.9965986366046882,U,True,-1,True,False,1.0856388779847084,eligible
C1,43,fit,37:49,139,10.228027922445918,1450.2944008683362,341.41977651019926,0.9965986366046882,U,True,-1,True,False,0.8210252451172123,eligible
C1,43,fit,37:49,140,10.25,1451.205399356205,341.82386882339455,0.4982993183023441,U,True,-1,True,False,0.8490870000717874,eligible
C1,43,fit,48:49,0,10.25,1401.0710693133665,324.6858232061756,0.4998365393559231,F,False,74,True,False,4.707858077118094,self_occluded
C1,43,fit,48:49,1,10.25,1402.0170000688918,325.0091825574439,0.9996730787118462,F,False,74,True,False,4.472788113211691,self_occluded
C1,43,fit,48:49,2,10.25,1402.962930824417,325.3325419087122,0.9996730787118462,F,False,74,True,False,4.454933429995526,self_occluded
C1,43,fit,48:49,3,10.25,1403.9088615799424,325.65590125998045,0.9996730787118462,F,False,74,True,False,4.211706769774908,self_occluded
C1,43,fit,48:49,4,10.25,1404.8547923354674,325.9792606112487,0.9996730787118462,F,False,74,True,False,4.140774759285955,self_occluded
C1,43,fit,48:49,5,10.25,1405.8007230909927,326.302619962517,0.9996730787118462,F,False,74,True,False,3.941754867097752,self_occluded
C1,43,fit,48:49,6,10.25,1406.7466538465183,326.62597931378525,0.9996730787118462,F,False,74,True,False,3.4602508931924323,self_occluded
C1,43,fit,48:49,7,10.25,1407.6925846020436,326.9493386650535,0.9996730787118462,F,False,74,True,False,3.2261329148057865,self_occluded
C1,43,fit,48:49,8,10.25,1408.6385153575686,327.27269801632184,0.9996730787118462,F,False,74,True,False,3.2774633468328034,self_occluded
C1,43,fit,48:49,9,10.25,1409.5844461130941,327.59605736759005,0.9996730787118462,F,False,74,True,False,2.9569082945794665,self_occluded
C1,43,fit,48:49,10,10.25,1410.530376868619,327.9194167188584,0.9996730787118462,F,False,74,True,False,2.9569477276201366,self_occluded
C1,43,fit,48:49,11,10.25,1411.4763076241445,328.2427760701267,0.9996730787118462,F,False,74,True,False,2.7113987085954525,self_occluded
C1,43,fit,48:49,12,10.25,1412.4222383796696,328.56613542139496,0.9996730787118462,F,False,74,True,False,2.630372500400794,self_occluded
C1,43,fit,48:49,13,10.25,1413.3681691351946,328.8894947726632,0.9996730787118462,F,False,74,True,False,2.496610195295421,self_occluded
C1,43,fit,48:49,14,10.25,1414.3140998907202,329.2128541239316,0.9996730787118462,F,False,74,True,False,2.076842387955244,self_occluded
C1,43,fit,48:49,15,10.25,1415.2600306462452,329.5362134751998,0.9996730787118462,F,False,74,True,False,1.705141192359662,self_occluded
C1,43,fit,48:49,16,10.25,1416.2059614017705,329.85957282646814,0.9996730787118462,F,False,74,True,False,1.870943931805009,self_occluded
C1,43,fit,48:49,17,10.25,1417.1518921572958,330.1829321777364,0.9996730787118462,F,False,74,True,False,2.1882102549903615,self_occluded
C1,43,fit,48:49,18,10.25,1418.0978229128211,330.50629152900467,0.9996730787118462,F,False,74,True,False,1.7558011467651395,self_occluded
C1,43,fit,48:49,19,10.25,1419.0437536683464,330.829650880273,0.9996730787118462,F,False,74,True,False,1.2659887953448363,self_occluded
C1,43,fit,48:49,20,10.25,1419.9896844238717,331.15301023154126,0.9996730787118462,U,False,74,True,False,1.153056375529699,self_occluded
C1,43,fit,48:49,21,10.25,1420.9356151793968,331.4763695828095,0.9996730787118462,U,False,74,True,False,1.1661230748753093,self_occluded
C1,43,fit,48:49,22,10.25,1421.881545934922,331.7997289340778,0.9996730787118462,U,False,74,True,False,0.8084539155293159,self_occluded
C1,43,fit,48:49,23,10.25,1422.8274766904476,332.1230882853461,0.9996730787118462,U,False,74,True,False,1.1362621128157815,self_occluded
C1,43,fit,48:49,24,10.25,1423.7734074459727,332.4464476366143,0.9996730787118462,U,False,74,True,False,0.5006592431775715,self_occluded
C1,43,fit,48:49,25,10.25,1424.719338201498,332.76980698788265,0.9996730787118462,U,False,74,True,False,0.8193740560521444,self_occluded
C1,43,fit,48:49,26,10.25,1425.6652689570233,333.0931663391509,0.9996730787118462,U,False,74,True,False,0.34745479976979826,self_occluded
C1,43,fit,48:49,27,10.25,1426.6111997125483,333.4165256904192,0.9996730787118462,U,False,74,True,False,0.56978883307912,self_occluded
C1,43,fit,48:49,28,10.25,1427.5571304680736,333.7398850416875,0.9996730787118462,U,False,74,True,False,0.8623011638758178,self_occluded
C1,43,fit,48:49,29,10.25,1428.503061223599,334.06324439295577,0.9996730787118462,U,False,74,True,False,0.5009471037258647,self_occluded
C1,43,fit,48:49,30,10.25,1429.448991979124,334.38660374422403,0.9996730787118462,U,False,74,True,False,0.5925000019963967,self_occluded
C1,43,fit,48:49,31,10.25,1430.3949227346495,334.70996309549236,0.9996730787118462,U,False,74,True,False,0.8124109571541657,self_occluded
C1,43,fit,48:49,32,10.25,1431.3408534901746,335.0333224467606,0.9996730787118462,U,False,74,True,False,0.6599882626783047,self_occluded
C1,43,fit,48:49,33,10.25,1432.2867842457001,335.3566817980289,0.9996730787118462,U,False,74,True,False,0.4576757680136738,self_occluded
C1,43,fit,48:49,34,10.25,1433.2327150012252,335.6800411492972,0.9996730787118462,U,False,74,True,False,0.7187574253757033,self_occluded
C1,43,fit,48:49,35,10.25,1434.1786457567503,336.0034005005655,0.9996730787118462,U,False,74,True,False,0.8213612824503321,self_occluded
C1,43,fit,48:49,36,10.25,1435.1245765122758,336.32675985183374,0.9996730787118462,U,False,74,True,False,0.34970174174745944,self_occluded
C1,43,fit,48:49,37,10.25,1436.070507267801,336.65011920310207,0.9996730787118462,U,False,74,True,False,0.6539313825278894,self_occluded
C1,43,fit,48:49,38,10.25,1437.0164380233261,336.97347855437033,0.9996730787118462,U,False,74,True,False,0.9736173295652766,self_occluded
C1,43,fit,48:49,39,10.25,1437.9623687788514,337.29683790563865,0.9996730787118462,U,False,74,True,False,0.2992137213248652,self_occluded
C1,43,fit,48:49,40,10.25,1438.9082995343767,337.6201972569069,0.9996730787118462,U,False,74,True,False,0.6269398797894348,self_occluded
C1,43,fit,48:49,41,10.25,1439.8542302899018,337.9435566081752,0.9996730787118462,U,False,74,True,False,0.9547501669092142,self_occluded
C1,43,fit,48:49,42,10.25,1440.8001610454273,338.26691595944345,0.9996730787118462,U,False,74,True,False,0.33343625653236314,self_occluded
C1,43,fit,48:49,43,10.25,1441.7460918009524,338.5902753107118,0.9996730787118462,U,False,74,True,False,0.6425685301813948,self_occluded
C1,43,fit,48:49,44,10.25,1442.6920225564777,338.91363466198004,0.9996730787118462,U,False,74,True,False,0.9641464625719047,self_occluded
C1,43,fit,48:49,45,10.25,1443.637953312003,339.2369940132483,0.9996730787118462,U,False,74,True,False,0.432716958998768,self_occluded
C1,43,fit,48:49,46,10.25,1444.583884067528,339.5603533645166,0.9996730787118462,U,False,74,True,False,0.6979601438349,self_occluded
C1,43,fit,48:49,47,10.25,1445.5298148230534,339.8837127157849,0.9996730787118462,U,False,74,True,False,1.0010106216520689,self_occluded
C1,43,fit,48:49,48,10.25,1446.4757455785787,340.20707206705316,0.9996730787118462,U,False,74,True,False,1.297442418990966,self_occluded
C1,43,fit,48:49,49,10.25,1447.4216763341037,340.5304314183214,0.9996730787118462,F,False,74,True,False,0.7847392892408221,self_occluded
C1,43,fit,48:49,50,10.25,1448.3676070896292,340.85379076958975,0.9996730787118462,U,False,74,True,False,0.9295663777172355,self_occluded
C1,43,fit,48:49,51,10.25,1449.3135378451543,341.177150120858,0.9996730787118462,U,False,74,True,False,1.2181906202971904,self_occluded
C1,43,fit,48:49,52,10.25,1450.2594686006796,341.5005094721263,0.9996730787118462,F,False,74,True,False,0.8938100945209464,self_occluded
C1,43,fit,48:49,53,10.25,1451.205399356205,341.82386882339455,0.4998365393559231,U,True,-1,True,False,0.8490870000717874,eligible
C1,43,fit,42:54,0,7.6875,1302.3345822033234,841.7845454182283,0.49769428674951727,F,True,-1,True,True,2.2405767683063367,eligible
C1,43,fit,42:54,1,7.699682789184522,1303.3276873367922,841.7171613983847,0.9953885734990345,F,True,-1,True,True,2.306237427438612,eligible
C1,43,fit,42:54,2,7.711883728057093,1304.3207924702608,841.6497773785412,0.9953885734990345,F,True,-1,True,True,2.3720147932491127,eligible
C1,43,fit,42:54,3,7.724102857206538,1305.3138976037299,841.5823933586976,0.9953885734990345,F,True,-1,True,True,2.437899419110015,eligible
C1,43,fit,42:54,4,7.736340217342799,1306.3070027371987,841.515009338854,0.9953885734990345,F,True,-1,True,True,2.5038828380397713,eligible
C1,43,fit,42:54,5,7.748595849297389,1307.3001078706675,841.4476253190106,0.9953885734990345,F,True,-1,True,True,2.569957440541026,eligible
C1,43,fit,42:54,6,7.760869794023842,1308.2932130041363,841.3802412991672,0.9953885734990345,F,True,-1,True,True,2.6361163700382697,eligible
C1,43,fit,42:54,7,7.7731620925981755,1309.2863181376051,841.3128572793237,0.9953885734990345,F,True,-1,True,True,2.702353433066334,eligible
C1,43,fit,42:54,8,7.7854727862193425,1310.279423271074,841.24547325948,0.9953885734990345,F,True,-1,True,True,2.7686630218676296,eligible
C1,43,fit,42:54,9,7.797801916209694,1311.2725284045428,841.1780892396366,0.9953885734990345,F,True,-1,True,True,2.835040047466217,eligible
C1,43,fit,42:54,10,7.810149524015443,1312.2656335380116,841.1107052197932,0.9953885734990345,F,True,-1,True,True,2.9014798816202028,eligible
C1,43,fit,42:54,11,7.822515651207126,1313.2587386714804,841.0433211999496,0.9953885734990345,F,True,-1,True,True,2.9679783063201706,eligible
C1,43,fit,42:54,12,7.834900339480073,1314.2518438049494,840.9759371801061,0.9953885734990345,F,True,-1,True,True,3.034531469725729,eligible
C1,43,fit,42:54,13,7.8473036306548725,1315.2449489384182,840.9085531602626,0.9953885734990345,F,True,-1,True,True,3.1011358476136612,eligible
C1,43,fit,42:54,14,7.859725566677844,1316.2380540718873,840.8411691404192,0.9953885734990345,F,True,-1,True,True,3.1677882095528602,eligible
C1,43,fit,42:54,15,7.872166189621513,1317.2311592053559,840.7737851205757,0.9953885734990345,F,True,-1,True,True,3.2344855891532003,eligible
C1,43,fit,42:54,16,7.884625541685081,1318.2242643388247,840.7064011007321,0.9953885734990345,F,True,-1,True,True,3.3012252578288197,eligible
C1,43,fit,42:54,17,7.897103665194906,1319.2173694722935,840.6390170808886,0.9953885734990345,F,True,-1,True,True,3.3680047016065315,eligible
C1,43,fit,42:54,18,7.909600602604982,1320.2104746057626,840.5716330610451,0.9953885734990345,F,True,-1,True,True,3.434821600576958,eligible
C1,43,fit,42:54,19,7.922116396497421,1321.2035797392314,840.5042490412015,0.9953885734990345,F,True,-1,True,True,3.5016738106462486,eligible
C1,43,fit,42:54,20,7.93465108958293,1322.1966848727002,840.4368650213582,0.9953885734990345,F,True,-1,True,True,3.5685593472954147,eligible
C1,43,fit,42:54,21,7.947204724701309,1323.189790006169,840.3694810015145,0.9953885734990345,F,True,-1,True,True,3.6354763710971754,eligible
C1,43,fit,42:54,22,7.959777344821927,1324.1828951396378,840.302096981671,0.9953885734990345,F,True,-1,True,True,3.7024231747694896,eligible
C1,43,fit,42:54,23,7.972368993044221,1325.1760002731066,840.2347129618274,0.9953885734990345,F,True,-1,True,True,3.7693981715870772,eligible
C1,43,fit,42:54,24,7.984979712598182,1326.1691054065755,840.1673289419841,0.9953885734990345,F,True,-1,True,True,3.836399884981437,eligible
C1,43,fit,42:54,25,7.997609546844856,1327.1622105400443,840.0999449221405,0.9953885734990345,F,True,-1,True,True,3.9034269391957728,eligible
C1,43,fit,42:54,26,8.010258539276833,1328.155315673513,840.0325609022971,0.9953885734990345,F,True,-1,True,True,3.9704780508675164,eligible
C1,43,fit,42:54,27,8.022926733518757,1329.148420806982,839.9651768824535,0.9953885734990345,F,True,-1,True,True,3.555066365458175,eligible
C1,43,fit,42:54,28,8.035614173327815,1330.141525940451,839.8977928626101,0.9953885734990345,F,True,-1,True,True,3.218798973870745,eligible
C1,43,fit,42:54,29,8.048320902594252,1331.1346310739198,839.8304088427665,0.9953885734990345,F,True,-1,True,True,3.172449153269088,eligible
C1,43,fit,42:54,30,8.06104696534187,1332.1277362073886,839.7630248229231,0.9953885734990345,F,True,-1,True,True,3.239494533980621,eligible
C1,43,fit,42:54,31,8.07379240572854,1333.1208413408574,839.6956408030794,0.9953885734990345,F,True,-1,True,True,3.3065680594740336,eligible
C1,43,fit,42:54,32,8.086557268046711,1334.1139464743262,839.628256783236,0.9953885734990345,F,True,-1,True,True,3.373668051069257,eligible
C1,43,fit,42:54,33,8.099341596723923,1335.1070516077953,839.5608727633926,0.9953885734990345,F,True,-1,True,True,3.440792960395399,eligible
C1,43,fit,42:54,34,8.112145436323324,1336.100156741264,839.493488743549,0.9953885734990345,F,True,-1,True,True,3.507941357040886,eligible
C1,43,fit,42:54,35,8.124968831544185,1337.093261874733,839.4261047237056,0.9953885734990345,F,True,-1,True,True,3.575111917576549,eligible
C1,43,fit,42:54,36,8.137811827222427,1338.0863670082017,839.3587207038619,0.9953885734990345,F,True,-1,True,True,3.642303415778243,eligible
C1,43,fit,42:54,37,8.150674468331129,1339.0794721416705,839.2913366840185,0.9953885734990345,F,True,-1,True,True,3.709514713895725,eligible
C1,43,fit,42:54,38,8.163556799981073,1340.0725772751393,839.2239526641749,0.9953885734990345,F,True,-1,True,True,3.776744754846196,eligible
C1,43,fit,42:54,39,8.176458867421253,1341.0656824086082,839.1565686443315,0.9953885734990345,F,True,-1,True,True,3.843992555213428,eligible
C1,43,fit,42:54,40,8.18938071603942,1342.0587875420772,839.089184624488,0.9953885734990345,F,True,-1,True,True,3.91125719896361,eligible
C1,43,fit,42:54,41,8.202322391362596,1343.0518926755458,839.0218006046443,0.9953885734990345,F,True,-1,True,True,3.9785378317898945,eligible
C1,43,fit,42:54,42,8.215283939057633,1344.0449978090146,838.9544165848009,0.9953885734990345,F,True,-1,True,True,4.04583365601577,eligible
C1,43,fit,42:54,43,8.228265404931726,1345.0381029424836,838.8870325649574,0.9953885734990345,F,True,-1,True,True,4.113143925994672,eligible
C1,43,fit,42:54,44,8.241266834932967,1346.0312080759525,838.8196485451138,0.9953885734990345,F,True,-1,True,True,4.180467943947691,eligible
C1,43,fit,42:54,45,8.254288275150884,1347.0243132094213,838.7522645252704,0.9953885734990345,F,True,-1,True,True,4.247805056194111,eligible
C1,43,fit,42:54,46,8.267329771816984,1348.01741834289,838.6848805054269,0.9953885734990345,F,True,-1,True,True,4.315154649733158,eligible
C1,43,fit,42:54,47,8.280391371305303,1349.010523476359,838.6174964855834,0.9953885734990345,F,True,-1,True,True,4.3825161491349505,eligible
C1,43,fit,42:54,48,8.293473120132951,1350.0036286098277,838.55011246574,0.9953885734990345,F,True,-1,True,True,4.449889013713946,eligible
C1,43,fit,42:54,49,8.30657506496067,1350.9967337432965,838.4827284458964,0.9953885734990345,F,True,-1,True,True,4.517272734952588,eligible
C1,43,fit,42:54,50,8.319697252593384,1351.9898388767656,838.4153444260528,0.9953885734990345,F,True,-1,True,True,4.584666834149515,eligible
C1,43,fit,42:54,51,8.332839729980758,1352.9829440102344,838.3479604062093,0.9953885734990345,F,True,-1,True,True,4.652070860271103,eligible
C1,43,fit,42:54,52,8.346002544217757,1353.976049143703,838.280576386366,0.9953885734990345,F,True,-1,True,True,4.719484387986032,eligible
C1,43,fit,42:54,53,8.359185742545215,1354.969154277172,838.2131923665222,0.9953885734990345,F,True,-1,True,True,4.786907015865051,eligible
C1,43,fit,42:54,54,8.372389372350389,1355.962259410641,838.1458083466789,0.9953885734990345,F,True,-1,True,True,4.854338364726685,eligible
C1,43,fit,42:54,55,8.385613481167535,1356.95536454411,838.0784243268353,0.9953885734990345,F,True,-1,True,True,4.921778076123452,eligible
C1,43,fit,42:54,56,8.398858116678475,1357.9484696775787,838.0110403069918,0.9953885734990345,F,True,-1,True,True,4.989225810943905,eligible
C1,43,fit,42:54,57,8.412123326713171,1358.9415748110475,837.9436562871484,0.9953885734990345,F,True,-1,True,True,5.0566812481308085,eligible
C1,43,fit,42:54,58,8.425409159250306,1359.9346799445163,837.8762722673047,0.9953885734990345,F,True,-1,True,True,5.124144083497224,eligible
C1,43,fit,42:54,59,8.438715662417847,1360.9277850779852,837.8088882474613,0.9953885734990345,F,True,-1,True,True,5.191614028633821,eligible
C1,43,fit,42:54,60,8.452042884493647,1361.920890211454,837.7415042276177,0.9953885734990345,F,True,-1,True,True,5.259090809902987,eligible
C1,43,fit,42:54,61,8.465390873906012,1362.9139953449228,837.6741202077743,0.9953885734990345,F,True,-1,True,True,5.326574167505126,eligible
C1,43,fit,42:54,62,8.478759679234296,1363.9071004783916,837.6067361879307,0.9953885734990345,F,True,-1,True,True,5.394063854617567,eligible
C1,43,fit,42:54,63,8.492149349209487,1364.9002056118607,837.5393521680871,0.9953885734990345,F,True,-1,True,True,5.461559636594549,eligible
C1,43,fit,42:54,64,8.505559932714801,1365.8933107453292,837.4719681482436,0.9953885734990345,F,True,-1,True,True,5.529061290227794,eligible
C1,43,fit,42:54,65,8.518991478786278,1366.8864158787983,837.4045841284003,0.9953885734990345,F,True,-1,True,True,5.596568603058393,eligible
C1,43,fit,42:54,66,8.532444036613375,1367.879521012267,837.3372001085568,0.9953885734990345,F,True,-1,True,True,5.6640813727395,eligible
C1,43,fit,42:54,67,8.545917655539572,1368.872626145736,837.2698160887132,0.9953885734990345,F,True,-1,True,True,5.670547333276626,eligible
C1,43,fit,42:54,68,8.55941238506297,1369.8657312792047,837.2024320688696,0.9953885734990345,F,True,-1,True,True,5.250881928436012,eligible
C1,43,fit,42:54,69,8.572928274836903,1370.8588364126738,837.1350480490263,0.9953885734990345,F,True,-1,True,True,4.997000282001403,eligible
C1,43,fit,42:54,70,8.58646537467054,1371.8519415461424,837.0676640291828,0.9953885734990345,F,True,-1,True,True,4.934557673670083,eligible
C1,43,fit,42:54,71,8.600023734529504,1372.8450466796112,837.0002800093392,0.9953885734990345,F,True,-1,True,True,5.0021206019559745,eligible
C1,43,fit,42:54,72,8.613603404536482,1373.8381518130802,836.9328959894956,0.9953885734990345,F,True,-1,True,True,5.069688145130732,eligible
C1,43,fit,42:54,73,8.627204434971844,1374.831256946549,836.8655119696523,0.9953885734990345,F,True,-1,True,True,5.137260121102675,eligible
C1,43,fit,42:54,74,8.640826876274264,1375.8243620800176,836.7981279498086,0.9953885734990345,F,True,-1,True,True,5.204836357225628,eligible
C1,43,fit,42:54,75,8.654470779041343,1376.8174672134867,836.7307439299651,0.9953885734990345,F,True,-1,True,True,5.272416689692858,eligible
C1,43,fit,42:54,76,8.668136194030236,1377.8105723469555,836.6633599101217,0.9953885734990345,F,True,-1,True,True,5.340000962980646,eligible
C1,43,fit,42:54,77,8.68182317215828,1378.8036774804243,836.5959758902783,0.9953885734990345,F,True,-1,True,True,5.4075890293314774,eligible
C1,43,fit,42:54,78,8.69553176450363,1379.7967826138931,836.5285918704346,0.9953885734990345,F,True,-1,True,True,5.475180748275808,eligible
C1,43,fit,42:54,79,8.709262022305886,1380.7898877473622,836.4612078505911,0.9953885734990345,F,True,-1,True,True,5.542775986187978,eligible
C1,43,fit,42:54,80,8.723013996966742,1381.782992880831,836.3938238307476,0.9953885734990345,F,True,-1,True,True,5.610374615875823,eligible
C1,43,fit,42:54,81,8.736787740050625,1382.7760980142998,836.326439810904,0.9953885734990345,F,True,-1,True,True,5.677976516197912,eligible
C1,43,fit,42:54,82,8.750583303285332,1383.7692031477686,836.2590557910607,0.9953885734990345,F,True,-1,True,True,5.745581571708217,eligible
C1,43,fit,42:54,83,8.764400738562681,1384.7623082812377,836.1916717712172,0.9953885734990345,F,True,-1,True,True,5.813189672326471,eligible
C1,43,fit,42:54,84,8.778240097939172,1385.7554134147063,836.1242877513737,0.9953885734990345,F,True,-1,True,True,5.880800713029047,eligible
C1,43,fit,42:54,85,8.792101433636624,1386.748518548175,836.0569037315303,0.9953885734990345,F,True,-1,True,True,5.948414593562793,eligible
C1,43,fit,42:54,86,8.805984798042843,1387.741623681644,835.9895197116866,0.9953885734990345,F,True,-1,True,True,6.0160312181778846,eligible
C1,43,fit,42:54,87,8.81989024371228,1388.734728815113,835.9221356918431,0.9953885734990345,F,True,-1,True,True,6.08365049537685,eligible
C1,43,fit,42:54,88,8.833817823366688,1389.7278339485815,835.8547516719996,0.9953885734990345,F,True,-1,True,True,6.151272337682413,eligible
C1,43,fit,42:54,89,8.8477675898958,1390.7209390820503,835.787367652156,0.9953885734990345,F,True,-1,True,True,6.218896661418657,eligible
C1,43,fit,42:54,90,8.86173959635799,1391.7140442155194,835.7199836323126,0.9953885734990345,F,True,-1,True,True,6.286523386506992,eligible
C1,43,fit,42:54,91,8.875733895980943,1392.7071493489882,835.6525996124692,0.9953885734990345,F,True,-1,True,True,6.354152436275364,eligible
C1,43,fit,42:54,92,8.889750542162341,1393.7002544824572,835.5852155926254,0.9953885734990345,F,True,-1,True,True,6.421783737279129,eligible
C1,43,fit,42:54,93,8.903789588470532,1394.6933596159258,835.517831572782,0.9953885734990345,F,True,-1,True,True,6.489417219131981,eligible
C1,43,fit,42:54,94,8.917851088645223,1395.6864647493946,835.4504475529386,0.9953885734990345,F,True,-1,True,True,6.557052814350359,eligible
C1,43,fit,42:54,95,8.931935096598153,1396.6795698828635,835.3830635330951,0.9953885734990345,F,True,-1,True,True,6.624690458204388,eligible
C1,43,fit,42:54,96,8.946041666413795,1397.6726750163323,835.3156795132516,0.9953885734990345,F,True,-1,True,True,6.692330088578871,eligible
C1,43,fit,42:54,97,8.960170852350036,1398.6657801498013,835.248295493408,0.9953885734990345,F,True,-1,True,True,6.759971645842994,eligible
C1,43,fit,42:54,98,8.974322708838882,1399.6588852832701,835.1809114735645,0.9953885734990345,F,True,-1,True,True,6.827615072727378,eligible
C1,43,fit,42:54,99,8.988497290487153,1400.651990416739,835.1135274537211,0.9953885734990345,F,True,-1,True,True,6.895260314208221,eligible
C1,43,fit,42:54,100,9.002694652077189,1401.645095550208,835.0461434338775,0.9953885734990345,F,True,-1,True,True,6.962907317398856,eligible
C1,43,fit,42:54,101,9.016914848567545,1402.6382006836766,834.9787594140339,0.9953885734990345,F,True,-1,True,True,6.8961607316910705,eligible
C1,43,fit,42:54,102,9.03115793509372,1403.6313058171456,834.9113753941905,0.9953885734990345,F,True,-1,True,True,6.533150979608323,eligible
C1,43,fit,42:54,103,9.045423966968844,1404.6244109506144,834.8439913743471,0.9953885734990345,F,True,-1,True,True,6.307827473219502,eligible
C1,43,fit,42:54,104,9.059712999684418,1405.6175160840833,834.7766073545034,0.9953885734990345,F,True,-1,True,True,6.235135120104122,eligible
C1,43,fit,42:54,105,9.074025088911016,1406.610621217552,834.7092233346599,0.9953885734990345,F,True,-1,True,True,6.302815790534273,eligible
C1,43,fit,42:54,106,9.08836029049902,1407.603726351021,834.6418393148165,0.9953885734990345,F,True,-1,True,True,6.370497633897103,eligible
C1,43,fit,42:54,107,9.102718660479342,1408.59683148449,834.574455294973,0.9953885734990345,F,True,-1,True,True,6.438180613201197,eligible
C1,43,fit,42:54,108,9.117100255064145,1409.5899366179588,834.5070712751295,0.9953885734990345,F,True,-1,True,True,6.5058646929934785,eligible
C1,43,fit,42:54,109,9.131505130647597,1410.5830417514276,834.439687255286,0.9953885734990345,F,True,-1,True,True,6.573549839280864,eligible
C1,43,fit,42:54,110,9.145933343806588,1411.5761468848964,834.3723032354424,0.9953885734990345,F,True,-1,True,True,6.641236019455328,eligible
C1,43,fit,42:54,111,9.16038495130148,1412.5692520183652,834.304919215599,0.9953885734990345,F,True,-1,True,True,6.7089232022238265,eligible
C1,43,fit,42:54,112,9.174860010076856,1413.562357151834,834.2375351957554,0.9953885734990345,F,True,-1,True,True,6.776611357544241,eligible
C1,43,fit,42:54,113,9.189358577262253,1414.5554622853028,834.1701511759119,0.9953885734990345,F,True,-1,True,True,6.844300456561357,eligible
C1,43,fit,42:54,114,9.20388071017293,1415.5485674187717,834.1027671560684,0.9953885734990345,F,True,-1,True,True,6.911990471550429,eligible
C1,43,fit,42:54,115,9.218426466310614,1416.5416725522405,834.0353831362249,0.9953885734990345,F,True,-1,True,True,6.9796813758616345,eligible
C1,43,fit,42:54,116,9.232995903364259,1417.5347776857093,833.9679991163814,0.9953885734990345,F,True,-1,True,True,7.047373143869046,eligible
C1,43,fit,42:54,117,9.247589079210814,1418.5278828191783,833.9006150965379,0.9953885734990345,F,True,-1,True,True,7.115065750921273,eligible
C1,43,fit,42:54,118,9.262206051915983,1419.5209879526471,833.8332310766943,0.9953885734990345,F,True,-1,True,True,7.18275917329607,eligible
C1,43,fit,42:54,119,9.276846879735,1420.5140930861157,833.7658470568509,0.9953885734990345,F,True,-1,True,True,7.250453388156694,eligible
C1,43,fit,42:54,120,9.2915116211134,1421.5071982195848,833.6984630370074,0.9953885734990345,F,True,-1,True,True,7.318148373511404,eligible
C1,43,fit,42:54,121,9.3062003346878,1422.5003033530536,833.6310790171639,0.9953885734990345,F,True,-1,True,True,7.385844108174236,eligible
C1,43,fit,42:54,122,9.320913079286674,1423.4934084865224,833.5636949973205,0.9953885734990345,F,True,-1,True,True,7.452656172630613,eligible
C1,43,fit,42:54,123,9.335649913931148,1424.4865136199912,833.4963109774768,0.9953885734990345,F,True,-1,True,True,7.519444424235876,eligible
C1,43,fit,42:54,124,9.35041089783578,1425.47961875346,833.4289269576333,0.9953885734990345,F,True,-1,True,True,7.586249479256705,eligible
C1,43,fit,42:54,125,9.365196090409356,1426.4727238869289,833.3615429377899,0.9953885734990345,F,True,-1,True,True,7.653070897652852,eligible
C1,43,fit,42:54,126,9.380005551255694,1427.465829020398,833.2941589179463,0.9953885734990345,F,True,-1,True,True,7.580149677336214,eligible
C1,43,fit,42:54,127,9.394839340174434,1428.4589341538667,833.2267748981028,0.9953885734990345,F,True,-1,True,True,7.234196148526477,eligible
C1,43,fit,42:54,128,9.409697517161847,1429.4520392873355,833.1593908782593,0.9953885734990345,F,True,-1,True,True,7.013566533825362,eligible
C1,43,fit,42:54,129,9.42458014241165,1430.4451444208044,833.0920068584157,0.9953885734990345,F,True,-1,True,True,6.930240541131286,eligible
C1,43,fit,42:54,130,9.439487276315807,1431.4382495542732,833.0246228385723,0.9953885734990345,F,True,-1,True,True,6.989130791163334,eligible
C1,43,fit,42:54,131,9.454418979465359,1432.431354687742,832.9572388187288,0.9953885734990345,F,True,-1,True,True,7.055958611206385,eligible
C1,43,fit,42:54,132,9.469375312651234,1433.424459821211,832.8898547988854,0.9953885734990345,F,True,-1,True,True,7.122803585720707,eligible
C1,43,fit,42:54,133,9.484356336865078,1434.4175649546798,832.8224707790419,0.9953885734990345,F,True,-1,True,True,7.189665236232135,eligible
C1,43,fit,42:54,134,9.49936211330008,1435.4106700881487,832.7550867591982,0.9953885734990345,F,True,-1,True,True,7.256543101783739,eligible
C1,43,fit,42:54,135,9.514392703351813,1436.4037752216175,832.6877027393548,0.9953885734990345,F,True,-1,True,True,7.323436738146352,eligible
C1,43,fit,42:54,136,9.52944816861906,1437.3968803550863,832.6203187195113,0.9953885734990345,F,True,-1,True,True,7.39034571707233,eligible
C1,43,fit,42:54,137,9.544528570904665,1438.389985488555,832.5529346996677,0.9953885734990345,F,True,-1,True,True,7.457269625586601,eligible
C1,43,fit,42:54,138,9.559633972216377,1439.383090622024,832.4855506798242,0.9953885734990345,F,True,-1,True,True,7.524208065316457,eligible
C1,43,fit,42:54,139,9.57476443476769,1440.376195755493,832.4181666599807,0.9953885734990345,F,True,-1,True,True,7.591160651855525,eligible
C1,43,fit,42:54,140,9.589920020978715,1441.3693008889618,832.3507826401373,0.9953885734990345,F,True,-1,True,True,7.658127014160418,eligible
C1,43,fit,42:54,141,9.605100793477021,1442.3624060224306,832.2833986202938,0.9953885734990345,F,True,-1,True,True,7.7251067939787745,eligible
C1,43,fit,42:54,142,9.620306815098512,1443.3555111558996,832.2160146004501,0.9953885734990345,F,True,-1,True,True,7.792099645305842,eligible
C1,43,fit,42:54,143,9.63553814888828,1444.3486162893682,832.1486305806066,0.9953885734990345,F,True,-1,True,True,7.859105233867244,eligible
C1,43,fit,42:54,144,9.650794858101486,1445.3417214228373,832.0812465607631,0.9953885734990345,F,True,-1,True,True,7.926123236630354,eligible
C1,43,fit,42:54,145,9.666077006204237,1446.3348265563059,832.0138625409197,0.9953885734990345,F,True,-1,True,True,7.993153341337379,eligible
C1,43,fit,42:54,146,9.681384656874457,1447.327931689775,831.9464785210762,0.9953885734990345,F,True,-1,True,True,8.060195246062333,eligible
C1,43,fit,42:54,147,9.696717874002779,1448.3210368232435,831.8790945012327,0.9953885734990345,F,True,-1,True,True,8.127248658789021,eligible
C1,43,fit,42:54,148,9.71207672169343,1449.3141419567123,831.8117104813892,0.9953885734990345,F,True,-1,True,True,8.194313297010181,eligible
C1,43,fit,42:54,149,9.727461264265129,1450.3072470901814,831.7443264615457,0.9953885734990345,F,True,-1,True,True,8.261388887345715,eligible
C1,43,fit,42:54,150,9.742871566251978,1451.3003522236502,831.6769424417022,0.9953885734990345,F,True,-1,True,True,8.328475165178201,eligible
C1,43,fit,42:54,151,9.758307692404369,1452.293457357119,831.6095584218587,0.9953885734990345,F,True,-1,True,True,8.267834364778706,eligible
C1,43,fit,42:54,152,9.773769707689892,1453.2865624905878,831.5421744020151,0.9953885734990345,F,True,-1,True,True,7.9361140218272785,eligible
C1,43,fit,42:54,153,9.789257677294241,1454.2796676240566,831.4747903821717,0.9953885734990345,F,True,-1,True,True,7.719347334844731,eligible
C1,43,fit,42:54,154,9.804771666622138,1455.2727727575254,831.4074063623282,0.9953885734990345,F,True,-1,True,True,7.6273414509258615,eligible
C1,43,fit,42:54,155,9.820311741298243,1456.2658778909945,831.3400223424846,0.9953885734990345,F,True,-1,True,True,7.664590580491179,eligible
C1,43,fit,42:54,156,9.835877967168088,1457.2589830244633,831.2726383226411,0.9953885734990345,F,True,-1,True,True,7.731700375704874,eligible
C1,43,fit,42:54,157,9.851470410299006,1458.2520881579321,831.2052543027976,0.9953885734990345,F,True,-1,True,True,7.79882099572911,eligible
C1,43,fit,42:54,158,9.867089136981065,1459.245193291401,831.1378702829542,0.9953885734990345,F,True,-1,True,True,7.865952163457593,eligible
C1,43,fit,42:54,159,9.882734213728003,1460.23829842487,831.0704862631106,0.9953885734990345,F,True,-1,True,True,7.9330936111212385,eligible
C1,43,fit,42:54,160,9.898405707278176,1461.2314035583386,831.0031022432671,0.9953885734990345,F,True,-1,True,True,8.000245079899196,eligible
C1,43,fit,42:54,161,9.914103684595508,1462.2245086918076,830.9357182234236,0.9953885734990345,F,True,-1,True,True,8.067406319550276,eligible
C1,43,fit,42:54,162,9.929828212870444,1463.2176138252762,830.86833420358,0.9953885734990345,F,True,-1,True,True,8.134577088061645,eligible
C1,43,fit,42:54,163,9.945579359520908,1464.210718958745,830.8009501837366,0.9953885734990345,F,True,-1,True,True,8.20175715131477,eligible
C1,43,fit,42:54,164,9.961357192193264,1465.203824092214,830.7335661638931,0.9953885734990345,F,True,-1,True,True,8.268946282767828,eligible
C1,43,fit,42:54,165,9.97716177876329,1466.1969292256829,830.6661821440495,0.9953885734990345,F,True,-1,True,True,8.33614426315237,eligible
C1,43,fit,42:54,166,9.992993187337145,1467.1900343591517,830.598798124206,0.9953885734990345,F,True,-1,True,True,8.403350880184767,eligible
C1,43,fit,42:54,167,10.008851486252356,1468.1831394926205,830.5314141043625,0.9953885734990345,F,True,-1,True,True,8.387383347225072,eligible
C1,43,fit,42:54,168,10.02473674407879,1469.1762446260893,830.464030084519,0.9953885734990345,F,True,-1,True,True,8.04763548992649,eligible
C1,43,fit,42:54,169,10.040649029619651,1470.1693497595581,830.3966460646756,0.9953885734990345,F,True,-1,True,True,7.82063113620911,eligible
C1,43,fit,42:54,170,10.056588411912472,1471.162454893027,830.329262044832,0.9953885734990345,F,True,-1,True,True,7.71632701374617,eligible
C1,43,fit,42:54,171,10.072554960230109,1472.1555600264958,830.2618780249885,0.9953885734990345,F,True,-1,True,True,7.7396854343054,eligible
C1,43,fit,42:54,172,10.088548744081749,1473.1486651599648,830.1944940051451,0.9953885734990345,F,True,-1,True,True,7.806921619018813,eligible
C1,43,fit,42:54,173,10.104569833213915,1474.1417702934334,830.1271099853016,0.9953885734990345,F,True,-1,True,True,7.8741663685522045,eligible
C1,43,fit,42:54,174,10.120618297611488,1475.1348754269022,830.0597259654579,0.9953885734990345,F,True,-1,True,True,7.941419465335231,eligible
C1,43,fit,42:54,175,10.136694207498714,1476.1279805603713,829.9923419456145,0.9953885734990345,F,True,-1,True,True,8.00868069907884,eligible
C1,43,fit,42:54,176,10.152797633340235,1477.12108569384,829.924957925771,0.9953885734990345,F,True,-1,True,True,8.075949866475264,eligible
C1,43,fit,42:54,177,10.168928645842122,1478.114190827309,829.8575739059276,0.9953885734990345,F,True,-1,True,True,8.143226770910497,eligible
C1,43,fit,42:54,178,10.1850873159529,1479.1072959607777,829.7901898860839,0.9953885734990345,F,True,-1,True,True,8.210511222193059,eligible
C1,43,fit,42:54,179,10.2012737148646,1480.1004010942468,829.7228058662405,0.9953885734990345,F,True,-1,True,True,8.25617502758848,eligible
C1,43,fit,42:54,180,10.217487914013795,1481.0935062277154,829.655421846397,0.9953885734990345,F,True,-1,True,True,7.898767897761806,eligible
C1,43,fit,42:54,181,10.233729985082654,1482.0866113611842,829.5880378265534,0.9953885734990345,F,True,-1,True,True,7.654948683286667,eligible
C1,43,fit,42:54,182,10.25,1483.0797164946532,829.5206538067099,0.49769428674951727,F,True,-1,True,True,7.5357508722951065,eligible
C1,43,fit,48:60,0,10.25,1401.0710693133665,324.6858232061756,0.49970503640372604,F,False,74,True,False,4.707858077118094,self_occluded
C1,43,fit,48:60,1,10.265636452907145,1402.0325412130155,324.9585726879612,0.9994100728074521,F,False,74,True,False,4.420542026081716,self_occluded
C1,43,fit,48:60,2,10.281297392835453,1402.9940131126646,325.2313221697468,0.9994100728074521,F,False,74,True,False,4.349263951714332,self_occluded
C1,43,fit,48:60,3,10.2969828773508,1403.9554850123136,325.50407165153234,0.9994100728074521,F,False,74,True,False,4.056915043964676,self_occluded
C1,43,fit,48:60,4,10.312692964199645,1404.9169569119626,325.776821133318,0.9994100728074521,F,False,74,True,False,3.9290406212742073,self_occluded
C1,43,fit,48:60,5,10.328427711309734,1405.8784288116117,326.04957061510356,0.9994100728074521,F,False,74,True,False,3.7149623475753466,self_occluded
C1,43,fit,48:60,6,10.344187176790822,1406.8399007112605,326.3223200968892,0.9994100728074521,F,False,74,True,False,3.171624121743995,self_occluded
C1,43,fit,48:60,7,10.359971418935372,1407.8013726109095,326.5950695786747,0.9994100728074521,F,False,74,True,False,2.8585125040903407,self_occluded
C1,43,fit,48:60,8,10.375780496219292,1408.7628445105588,326.8678190604603,0.9994100728074521,F,False,74,True,False,2.877608189054153,self_occluded
C1,43,fit,48:60,9,10.391614467302645,1409.7243164102076,327.14056854224594,0.9994100728074521,F,False,74,True,False,2.4918672326828526,self_occluded
C1,43,fit,48:60,10,10.407473391030374,1410.6857883098567,327.41331802403147,0.9994100728074521,F,False,74,True,False,2.433687093966249,self_occluded
C1,43,fit,48:60,11,10.423357326433043,1411.6472602095057,327.68606750581705,0.9994100728074521,F,False,74,True,False,2.161649503263349,self_occluded
C1,43,fit,48:60,12,10.439266332727556,1412.6087321091547,327.95881698760275,0.9994100728074521,F,False,74,True,False,1.9975120909089856,self_occluded
C1,43,fit,48:60,13,10.455200469317898,1413.570204008804,328.2315664693883,0.9994100728074521,F,False,74,True,False,1.8870804288534564,self_occluded
C1,43,fit,48:60,14,10.471159795795877,1414.5316759084526,328.5043159511739,0.9994100728074521,F,False,74,True,False,1.5525173803944823,self_occluded
C1,43,fit,48:60,15,10.487144371941863,1415.4931478081016,328.7770654329595,0.9994100728074521,F,False,74,True,False,0.9277552648908497,self_occluded
C1,43,fit,48:60,16,10.503154257725537,1416.4546197077507,329.0498149147451,0.9994100728074521,U,False,74,True,False,1.1440237907913597,self_occluded
C1,43,fit,48:60,17,10.51918951330664,1417.4160916074,329.32256439653065,0.9994100728074521,U,False,74,True,False,1.3864735153327523,self_occluded
C1,43,fit,48:60,18,10.535250199035724,1418.3775635070488,329.59531387831623,0.9994100728074521,F,False,74,True,False,0.8612930984707533,self_occluded
C1,43,fit,48:60,19,10.551336375454916,1419.3390354066978,329.8680633601018,0.9994100728074521,U,False,74,True,False,0.6740040582568934,self_occluded
C1,43,fit,48:60,20,10.567448103298668,1420.300507306347,330.14081284188745,0.9994100728074521,U,False,74,True,False,0.3318627692411331,self_occluded
C1,43,fit,48:60,21,10.583585443494535,1421.2619792059959,330.413562323673,0.9994100728074521,U,False,74,True,False,0.4895578616834039,self_occluded
C1,43,fit,48:60,22,10.599748457163928,1422.223451105645,330.6863118054586,0.9994100728074521,U,False,74,True,False,0.3851372223098849,self_occluded
C1,43,fit,48:60,23,10.6159372056229,1423.184923005294,330.9590612872442,0.9994100728074521,U,False,74,True,True,0.18940035926326776,self_occluded
C1,43,fit,48:60,24,10.632151750382913,1424.146394904943,331.2318107690298,0.9994100728074521,U,False,74,True,True,0.7820141704418748,self_occluded
C1,43,fit,48:60,25,10.648392153151615,1425.107866804592,331.5045602508154,0.9994100728074521,U,False,74,True,True,0.5070461444533256,self_occluded
C1,43,fit,48:60,26,10.66465847583363,1426.069338704241,331.777309732601,0.9994100728074521,U,False,74,True,True,1.0922802843511612,self_occluded
C1,43,fit,48:60,27,10.680950780531342,1427.03081060389,332.0500592143866,0.9994100728074521,U,False,74,True,True,0.9504403134778662,self_occluded
C1,43,fit,48:60,28,10.69726912954568,1427.992282503539,332.32280869617216,0.9994100728074521,U,False,74,True,True,0.6772352779733762,self_occluded
C1,43,fit,48:60,29,10.713613585376923,1428.953754403188,332.59555817795774,0.9994100728074521,U,False,74,True,True,1.0359636330573259,self_occluded
C1,43,fit,48:60,30,10.729984210725483,1429.915226302837,332.8683076597434,0.9994100728074521,U,False,74,True,True,1.1348630458016447,self_occluded
C1,43,fit,48:60,31,10.746381068492726,1430.8766982024858,333.14105714152896,0.9994100728074521,U,False,74,True,True,0.8677477556229242,self_occluded
C1,43,fit,48:60,32,10.762804221781758,1431.838170102135,333.41380662331454,0.9994100728074521,U,False,74,True,True,1.0228156212060304,self_occluded
C1,43,fit,48:60,33,10.779253733898246,1432.799642001784,333.6865561051001,0.9994100728074521,U,False,74,True,True,1.3286377205615196,self_occluded
C1,43,fit,48:60,34,10.795729668351232,1433.7611139014332,333.9593055868857,0.9994100728074521,U,True,-1,True,True,1.0677600056078977,eligible
C1,43,fit,48:60,35,10.812232088853941,1434.722585801082,334.23205506867134,0.9994100728074521,U,True,-1,True,True,1.054452302135425,eligible
C1,43,fit,48:60,36,10.828761059324616,1435.684057700731,334.50480455045687,0.9994100728074521,U,True,-1,True,True,1.5282110354273204,eligible
C1,43,fit,48:60,37,10.84531664388733,1436.64552960038,334.7775540322425,0.9994100728074521,U,True,-1,True,True,1.2728014017486222,eligible
C1,43,fit,48:60,38,10.86189890687282,1437.6070015000291,335.05030351402814,0.9994100728074521,U,True,-1,True,True,1.1271087953276306,eligible
C1,43,fit,48:60,39,10.878507912819327,1438.568473399678,335.32305299581367,0.9994100728074521,U,True,-1,True,True,1.708322584283814,eligible
C1,43,fit,48:60,40,10.895143726473423,1439.5299452993272,335.59580247759925,0.9994100728074521,U,True,-1,True,True,1.480784286633604,eligible
C1,43,fit,48:60,41,10.911806412790858,1440.4914171989763,335.86855195938483,0.9994100728074521,U,True,-1,True,True,1.2335580781064055,eligible
C1,43,fit,48:60,42,10.928496036937405,1441.4528890986253,336.1413014411704,0.9994100728074521,U,True,-1,True,True,1.687675901303394,eligible
C1,43,fit,48:60,43,10.945212664289706,1442.4143609982743,336.41405092295605,0.9994100728074521,U,True,-1,True,True,1.6391856245915093,eligible
C1,43,fit,48:60,44,10.961956360436131,1443.3758328979234,336.68680040474163,0.9994100728074521,U,True,-1,True,True,1.3659222321011626,eligible
C1,43,fit,48:60,45,10.978727191177633,1444.3373047975722,336.9595498865272,0.9994100728074521,U,True,-1,True,True,1.6943791075893033,eligible
C1,43,fit,48:60,46,10.995525222528608,1445.2987766972215,337.23229936831274,0.9994100728074521,U,True,-1,True,True,1.7927724445869049,eligible
C1,43,fit,48:60,47,11.012350520717765,1446.2602485968703,337.5050488500983,0.9994100728074521,U,True,-1,True,True,1.5174347672191058,eligible
C1,43,fit,48:60,48,11.029203152188996,1447.221720496519,337.77779833188396,0.9994100728074521,U,True,-1,True,True,1.2421501101406005,eligible
C1,43,fit,48:60,49,11.046083183602248,1448.1831923961684,338.05054781366954,0.9994100728074521,U,True,-1,True,True,1.5170378045646384,eligible
C1,43,fit,48:60,50,11.0629906818344,1449.1446642958174,338.3232972954551,0.9994100728074521,U,True,-1,True,True,1.6829318815425824,eligible
C1,43,fit,48:60,51,11.079925713980154,1450.1061361954664,338.5960467772408,0.9994100728074521,U,True,-1,True,True,1.4079593544147468,eligible
C1,43,fit,48:60,52,11.096888347352916,1451.0676080951155,338.86879625902634,0.9994100728074521,U,True,-1,True,True,1.555444935813832,eligible
C1,43,fit,48:60,53,11.113878649485692,1452.0290799947645,339.1415457408119,0.9994100728074521,U,True,-1,True,True,1.8586817585562667,eligible
C1,43,fit,48:60,54,11.130896688131978,1452.9905518944136,339.41429522259756,0.9994100728074521,U,True,-1,True,True,1.585732924478803,eligible
C1,43,fit,48:60,55,11.147942531266667,1453.9520237940624,339.68704470438314,0.9994100728074521,U,True,-1,True,True,1.3138315434729542,eligible
C1,43,fit,48:60,56,11.165016247086951,1454.9134956937114,339.9597941861687,0.9994100728074521,U,True,-1,True,True,1.3843780255254285,eligible
C1,43,fit,48:60,57,11.182117904013232,1455.8749675933602,340.2325436679543,0.9994100728074521,U,True,-1,True,True,1.7718732991945454,eligible
C1,43,fit,48:60,58,11.199247570690037,1456.8364394930095,340.5052931497399,0.9994100728074521,U,True,-1,True,True,1.503629145654442,eligible
C1,43,fit,48:60,59,11.21640531598693,1457.7979113926583,340.7780426315255,0.9994100728074521,U,True,-1,True,True,1.4593979583728998,eligible
C1,43,fit,48:60,60,11.233591208999442,1458.7593832923073,341.0507921133111,0.9994100728074521,U,True,-1,True,True,1.9640030003925766,eligible
C1,43,fit,48:60,61,11.250805319049997,1459.7208551919566,341.32354159509663,0.9994100728074521,U,True,-1,True,True,1.6995395279983145,eligible
C1,43,fit,48:60,62,11.26804771568884,1460.6823270916054,341.59629107688227,0.9994100728074521,U,True,-1,True,True,1.4392063151501981,eligible
C1,43,fit,48:60,63,11.285318468694982,1461.6437989912547,341.86904055866785,0.9994100728074521,U,True,-1,True,True,1.3013632848205379,eligible
C1,43,fit,48:60,64,11.302617648077131,1462.6052708909035,342.14179004045343,0.9994100728074521,U,True,-1,True,True,1.8202799146963857,eligible
C1,43,fit,48:60,65,11.319945324074645,1463.5667427905526,342.41453952223907,0.9994100728074521,U,True,-1,True,True,1.6435926308182673,eligible
C1,43,fit,48:60,66,11.33730156715848,1464.5282146902016,342.68728900402465,0.9994100728074521,U,True,-1,True,True,1.4149985575608774,eligible
C1,43,fit,48:60,67,11.35468644803215,1465.4896865898506,342.96003848581023,0.9994100728074521,U,True,-1,True,True,1.8167790418696195,eligible
C1,43,fit,48:60,68,11.372100037632675,1466.4511584894994,343.23278796759587,0.9994100728074521,U,True,-1,True,True,1.8238920883981502,eligible
C1,43,fit,48:60,69,11.389542407131565,1467.4126303891485,343.50553744938145,0.9994100728074521,U,True,-1,True,True,1.5503812928599652,eligible
C1,43,fit,48:60,70,11.407013627935768,1468.3741022887975,343.77828693116703,0.9994100728074521,U,True,-1,True,True,1.277707065426509,eligible
C1,43,fit,48:60,71,11.424513771688662,1469.3355741884468,344.05103641295267,0.9994100728074521,U,True,-1,True,True,1.6383803900154146,eligible
C1,43,fit,48:60,72,11.442042910271024,1470.2970460880956,344.3237858947382,0.9994100728074521,U,True,-1,True,True,1.702330786049393,eligible
C1,43,fit,48:60,73,11.459601115802016,1471.2585179877447,344.5965353765238,0.9994100728074521,U,True,-1,True,True,1.4270755058288986,eligible
C1,43,fit,48:60,74,11.477188460640184,1472.2199898873935,344.86928485830936,0.9994100728074521,U,True,-1,True,True,1.6633977446752826,eligible
C1,43,fit,48:60,75,11.494805017384433,1473.1814617870427,345.14203434009494,0.9994100728074521,U,True,-1,True,True,1.8668060353296474,eligible
C1,43,fit,48:60,76,11.512450858875042,1474.1429336866918,345.4147838218806,0.9994100728074521,U,True,-1,True,True,1.5916470620595686,eligible
C1,43,fit,48:60,77,11.53012605819466,1475.1044055863408,345.68753330366616,0.9994100728074521,U,True,-1,True,True,1.3166128343004413,eligible
C1,43,fit,48:60,78,11.547830688669324,1476.0658774859899,345.96028278545174,0.9994100728074521,U,True,-1,True,True,1.4889951985711898,eligible
C1,43,fit,48:60,79,11.565564823869455,1477.0273493856387,346.2330322672373,0.9994100728074521,U,True,-1,True,True,1.7671793789876846,eligible
C1,43,fit,48:60,80,11.583328537610896,1477.9888212852877,346.50578174902296,0.9994100728074521,U,True,-1,True,True,1.4942600661248726,eligible
C1,43,fit,48:60,81,11.601121903955928,1478.950293184937,346.77853123080854,0.9994100728074521,U,True,-1,True,True,1.5475926762064278,eligible
C1,43,fit,48:60,82,11.6189449972143,1479.9117650845858,347.0512807125941,0.9994100728074521,U,True,-1,True,True,1.9507158330740615,eligible
C1,43,fit,48:60,83,11.636797891944257,1480.8732369842348,347.3240301943797,0.9994100728074521,U,True,-1,True,True,1.6807568686507928,eligible
C1,43,fit,48:60,84,11.654680662953597,1481.8347088838839,347.5967796761654,0.9994100728074521,U,True,-1,True,True,1.6327174274984497,eligible
C1,43,fit,48:60,85,11.672593385300697,1482.796180783533,347.8695291579509,0.9994100728074521,U,True,-1,True,True,2.122317066758895,eligible
C1,43,fit,48:60,86,11.690536134295572,1483.757652683182,348.14227863973645,0.9994100728074521,U,True,-1,True,True,1.8734622692620133,eligible
C1,43,fit,48:60,87,11.70850898550093,1484.719124582831,348.41502812152214,0.9994100728074521,U,True,-1,True,True,1.6096666908200257,eligible
C1,43,fit,48:60,88,11.726512014733233,1485.6805964824798,348.68777760330767,0.9994100728074521,U,True,-1,True,True,1.4782216309961336,eligible
C1,43,fit,48:60,89,11.744545298063763,1486.642068382129,348.96052708509325,0.9994100728074521,U,True,-1,True,True,1.9434228856357443,eligible
C1,43,fit,48:60,90,11.762608911819687,1487.603540281778,349.2332765668789,0.9994100728074521,U,True,-1,True,True,1.8106606521687072,eligible
C1,43,fit,48:60,91,11.780702932585148,1488.565012181427,349.50602604866447,0.9994100728074521,U,True,-1,True,True,1.5972466723802974,eligible
C1,43,fit,48:60,92,11.798827437202332,1489.526484081076,349.77877553045,0.9994100728074521,U,True,-1,True,True,1.9548766853195814,eligible
C1,43,fit,48:60,93,11.816982502772568,1490.487955980725,350.05152501223563,0.9994100728074521,U,True,-1,True,True,2.0086452690977272,eligible
C1,43,fit,48:60,94,11.83516820665741,1491.449427880374,350.32427449402127,0.9994100728074521,U,True,-1,True,True,1.734947085949655,eligible
C1,43,fit,48:60,95,11.853384626479746,1492.4108997800229,350.5970239758068,0.9994100728074521,U,True,-1,True,True,1.461909830900602,eligible
C1,43,fit,48:60,96,11.871631840124897,1493.3723716796717,350.86977345759243,0.9994100728074521,U,True,-1,True,True,1.7778684046710147,eligible
C1,43,fit,48:60,97,11.889909925741728,1494.3338435793212,351.14252293937795,0.9994100728074521,U,True,-1,True,True,1.8872394035180309,eligible
C1,43,fit,48:60,98,11.908218961743763,1495.29531547897,351.4152724211636,0.9994100728074521,U,True,-1,True,True,1.6120089116515393,eligible
C1,43,fit,48:60,99,11.926559026810311,1496.256787378619,351.68802190294923,0.9994100728074521,U,True,-1,True,True,1.816810678688638,eligible
C1,43,fit,48:60,100,11.944930199887583,1497.2182592782679,351.96077138473476,0.9994100728074521,U,True,-1,True,True,2.050875534464881,eligible
C1,43,fit,48:60,101,11.963332560189837,1498.179731177917,352.23352086652034,0.9994100728074521,U,True,-1,True,True,1.7755990046557402,eligible
C1,43,fit,48:60,102,11.981766187200508,1499.141203077566,352.506270348306,0.9994100728074521,U,True,-1,True,True,1.5003888100969176,eligible
C1,43,fit,48:60,103,12.000231160673351,1500.102674977215,352.77901983009156,0.9994100728074521,U,True,-1,True,True,1.6452004986279622,eligible
C1,43,fit,48:60,104,12.018727560633602,1501.064146876864,353.05176931187714,0.9994100728074521,U,True,-1,True,True,1.9492864427669652,eligible
C1,43,fit,48:60,105,12.037255467379122,1502.025618776513,353.3245187936627,0.9994100728074521,U,True,-1,True,True,1.6756770555508171,eligible
C1,43,fit,48:60,106,12.055814961481566,1502.9870906761619,353.5972682754483,0.9994100728074521,U,True,-1,True,True,1.7152271843780587,eligible
C1,43,fit,48:60,107,12.07440612378755,1503.948562575811,353.87001775723394,0.9994100728074521,U,True,-1,True,True,2.130603239250788,eligible
C1,43,fit,48:60,108,12.093029035419823,1504.9100344754602,354.1427672390195,0.9994100728074521,U,True,-1,True,True,1.8594104775613431,eligible
C1,43,fit,48:60,109,12.111683777778447,1505.8715063751092,354.41551672080516,0.9994100728074521,U,True,-1,True,True,1.5896848347032855,eligible
C1,43,fit,48:60,110,12.130370432541984,1506.832978274758,354.68826620259074,0.9994100728074521,U,True,-1,True,True,1.5538656188630309,eligible
C1,43,fit,48:60,111,12.14908908166869,1507.7944501744073,354.9610156843762,0.9994100728074521,U,True,-1,True,True,2.0493188551713994,eligible
C1,43,fit,48:60,112,12.167839807397709,1508.7559220740563,355.2337651661619,0.9994100728074521,U,True,-1,True,True,1.783019776165158,eligible
C1,43,fit,48:60,113,12.186622692250278,1509.7173939737052,355.5065146479475,0.9994100728074521,U,True,-1,True,True,1.6568502075637088,eligible
C1,43,fit,48:60,114,12.205437819030946,1510.6788658733544,355.77926412973306,0.9994100728074521,U,True,-1,True,True,2.0757617121602587,eligible
C1,43,fit,48:60,115,12.224285270828778,1511.6403377730035,356.05201361151865,0.9994100728074521,U,True,-1,True,True,1.9809108731179035,eligible
C1,43,fit,48:60,116,12.243165131018584,1512.6018096726523,356.3247630933042,0.9994100728074521,U,True,-1,True,True,1.7800543743530604,eligible
C1,43,fit,48:60,117,12.26207748326215,1513.5632815723013,356.59751257508987,0.9994100728074521,U,True,-1,True,True,2.1001952888548128,eligible
C1,43,fit,48:60,118,12.281022411509472,1514.5247534719504,356.8702620568754,0.9994100728074521,U,True,-1,True,True,2.1821189172013242,eligible
C1,43,fit,48:60,119,12.3,1515.4862253715994,357.143011538661,0.49970503640372604,U,True,-1,True,True,1.9195888251219477,eligible
C1,43,fit,54:66,0,10.25,1483.0797164946532,829.5206538067099,0.4960399311847511,F,True,-1,True,True,7.5357508722951065,eligible
C1,43,fit,54:66,1,10.265244735512608,1484.0653919905978,829.4081092821264,0.9920798623695022,F,True,-1,True,True,7.592172336332354,eligible
C1,43,fit,54:66,2,10.28051286060192,1485.0510674865423,829.2955647575427,0.9920798623695022,F,True,-1,True,True,7.704604486500246,eligible
C1,43,fit,54:66,3,10.295804429138236,1486.0367429824864,829.1830202329592,0.9920798623695022,F,True,-1,True,True,7.817066120040675,eligible
C1,43,fit,54:66,4,10.311119495157412,1487.022418478431,829.0704757083755,0.9920798623695022,F,True,-1,True,True,7.9295559825023,eligible
C1,43,fit,54:66,5,10.326458112861493,1488.0080939743755,828.9579311837919,0.9920798623695022,F,True,-1,True,True,8.042072889314586,eligible
C1,43,fit,54:66,6,10.341820336619367,1488.9937694703199,828.8453866592084,0.9920798623695022,F,True,-1,True,True,8.154615721008314,eligible
C1,43,fit,54:66,7,10.357206220967392,1489.9794449662643,828.7328421346248,0.9920798623695022,F,True,-1,True,True,8.267183418822116,eligible
C1,43,fit,54:66,8,10.372615820610045,1490.965120462209,828.6202976100412,0.9920798623695022,F,True,-1,True,True,8.379774980656531,eligible
C1,43,fit,54:66,9,10.38804919042058,1491.9507959581533,828.5077530854575,0.9920798623695022,F,True,-1,True,True,8.49238945734893,eligible
C1,43,fit,54:66,10,10.403506385441661,1492.9364714540975,828.3952085608739,0.9920798623695022,F,True,-1,True,True,8.60502594923466,eligible
C1,43,fit,54:66,11,10.418987460886038,1493.9221469500424,828.2826640362904,0.9920798623695022,F,True,-1,True,True,8.717683602974633,eligible
C1,43,fit,54:66,12,10.434492472137187,1494.9078224459865,828.1701195117067,0.9920798623695022,F,True,-1,True,True,8.830361608620912,eligible
C1,43,fit,54:66,13,10.450021474749978,1495.8934979419312,828.0575749871232,0.9920798623695022,F,True,-1,True,True,8.528333373054613,eligible
C1,43,fit,54:66,14,10.465574524451338,1496.8791734378756,827.9450304625396,0.9920798623695022,F,True,-1,True,True,8.329492154749095,eligible
C1,43,fit,54:66,15,10.481151677140918,1497.86484893382,827.8324859379559,0.9920798623695022,F,True,-1,True,True,8.246020488498562,eligible
C1,43,fit,54:66,16,10.496752988891762,1498.8505244297646,827.7199414133725,0.9920798623695022,F,True,-1,True,True,8.28140767889625,eligible
C1,43,fit,54:66,17,10.512378515950978,1499.836199925709,827.6073968887888,0.9920798623695022,F,True,-1,True,True,8.394201418041485,eligible
C1,43,fit,54:66,18,10.528028314740416,1500.8218754216534,827.4948523642053,0.9920798623695022,F,True,-1,True,True,8.507012676144079,eligible
C1,43,fit,54:66,19,10.543702441857347,1501.8075509175976,827.3823078396217,0.9920798623695022,F,True,-1,True,True,8.619840765371645,eligible
C1,43,fit,54:66,20,10.559400954075146,1502.7932264135425,827.2697633150381,0.9920798623695022,F,True,-1,True,True,8.7326850333395,eligible
C1,43,fit,54:66,21,10.575123908343972,1503.7789019094866,827.1572187904543,0.9920798623695022,F,True,-1,True,True,8.845544860862063,eligible
C1,43,fit,54:66,22,10.59087136179147,1504.764577405431,827.0446742658709,0.9920798623695022,F,True,-1,True,True,8.95841965987244,eligible
C1,43,fit,54:66,23,10.606643371723441,1505.7502529013757,826.9321297412872,0.9920798623695022,F,True,-1,True,True,9.071308871498047,eligible
C1,43,fit,54:66,24,10.622439995624566,1506.7359283973203,826.8195852167037,0.9920798623695022,F,True,-1,True,True,9.184211964273668,eligible
C1,43,fit,54:66,25,10.638261291159074,1507.7216038932643,826.70704069212,0.9920798623695022,F,True,-1,True,True,9.297128432487034,eligible
C1,43,fit,54:66,26,10.654107316171466,1508.707279389209,826.5944961675364,0.9920798623695022,F,True,-1,True,True,9.410057794640268,eligible
C1,43,fit,54:66,27,10.66997812868721,1509.6929548851533,826.4819516429528,0.9920798623695022,F,True,-1,True,True,9.522999592021398,eligible
C1,43,fit,54:66,28,10.685873786913454,1510.678630381098,826.3694071183692,0.9920798623695022,F,True,-1,True,True,9.635953387375414,eligible
C1,43,fit,54:66,29,10.70179434923973,1511.6643058770424,826.2568625937856,0.9920798623695022,F,True,-1,True,True,9.357847347861536,eligible
C1,43,fit,54:66,30,10.71773987423868,1512.649981372987,826.144318069202,0.9920798623695022,F,True,-1,True,True,9.162188057815165,eligible
C1,43,fit,54:66,31,10.73371042066676,1513.6356568689314,826.0317735446184,0.9920798623695022,F,True,-1,True,True,9.0714121245978,eligible
C1,43,fit,54:66,32,10.749706047464981,1514.6213323648758,825.9192290200348,0.9920798623695022,F,True,-1,True,True,9.088662760190253,eligible
C1,43,fit,54:66,33,10.765726813759612,1515.60700786082,825.8066844954512,0.9920798623695022,F,True,-1,True,True,9.201711405365526,eligible
C1,43,fit,54:66,34,10.781772778862926,1516.5926833567646,825.6941399708676,0.9920798623695022,F,True,-1,True,True,9.314769869924913,eligible
C1,43,fit,54:66,35,10.797844002273926,1517.578358852709,825.5815954462839,0.9920798623695022,F,True,-1,True,True,9.427837800606696,eligible
C1,43,fit,54:66,36,10.813940543679077,1518.5640343486536,825.4690509217004,0.9920798623695022,F,True,-1,True,True,9.540914860866021,eligible
C1,43,fit,54:66,37,10.830062462953048,1519.5497098445978,825.3565063971168,0.9920798623695022,F,True,-1,True,True,9.654000729899519,eligible
C1,43,fit,54:66,38,10.846209820159455,1520.5353853405425,825.2439618725332,0.9920798623695022,F,True,-1,True,True,9.767095101736695,eligible
C1,43,fit,54:66,39,10.862382675551606,1521.5210608364869,825.1314173479497,0.9920798623695022,F,True,-1,True,True,9.880197684393556,eligible
C1,43,fit,54:66,40,10.878581089573252,1522.5067363324313,825.018872823366,0.9920798623695022,F,True,-1,True,True,9.993308199084288,eligible
C1,43,fit,54:66,41,10.894805122859337,1523.492411828376,824.9063282987825,0.9920798623695022,F,True,-1,True,True,10.105675525202875,eligible
C1,43,fit,54:66,42,10.911054836236755,1524.4780873243203,824.7937837741989,0.9920798623695022,F,True,-1,True,True,10.217407554633471,eligible
C1,43,fit,54:66,43,10.927330290725113,1525.4637628202647,824.6812392496153,0.9920798623695022,F,True,-1,True,True,10.329177090995223,eligible
C1,43,fit,54:66,44,10.943631547537494,1526.4494383162091,824.5686947250317,0.9920798623695022,F,True,-1,True,True,10.077500060037133,eligible
C1,43,fit,54:66,45,10.959958668081223,1527.4351138121535,824.4561502004481,0.9920798623695022,F,True,-1,True,True,9.882495138021223,eligible
C1,43,fit,54:66,46,10.976311713958635,1528.420789308098,824.3436056758644,0.9920798623695022,F,True,-1,True,True,9.78467463703397,eligible
C1,43,fit,54:66,47,10.99269074696786,1529.4064648040423,824.2310611512809,0.9920798623695022,F,True,-1,True,True,9.786953063076083,eligible
C1,43,fit,54:66,48,11.009095829103588,1530.3921402999867,824.1185166266973,0.9920798623695022,F,True,-1,True,True,9.889261229825555,eligible
C1,43,fit,54:66,49,11.025527022557863,1531.3778157959316,824.0059721021137,0.9920798623695022,F,True,-1,True,True,10.001166851892114,eligible
C1,43,fit,54:66,50,11.041984389720863,1532.363491291876,823.89342757753,0.9920798623695022,F,True,-1,True,True,10.113106943462055,eligible
C1,43,fit,54:66,51,11.058467993181686,1533.3491667878204,823.7808830529466,0.9920798623695022,F,True,-1,True,True,10.225080372460209,eligible
C1,43,fit,54:66,52,11.074977895729155,1534.3348422837648,823.6683385283628,0.9920798623695022,F,True,-1,True,True,10.337086055533682,eligible
C1,43,fit,54:66,53,11.091514160352606,1535.3205177797095,823.5557940037793,0.9920798623695022,F,True,-1,True,True,10.449122955473472,eligible
C1,43,fit,54:66,54,11.108076850242686,1536.3061932756539,823.4432494791957,0.9920798623695022,F,True,-1,True,True,10.56119007880062,eligible
C1,43,fit,54:66,55,11.124666028792168,1537.291868771598,823.3307049546121,0.9920798623695022,F,True,-1,True,True,10.673286473498836,eligible
C1,43,fit,54:66,56,11.141281759596758,1538.2775442675427,823.2181604300284,0.9920798623695022,F,True,-1,True,True,10.78541122688655,eligible
C1,43,fit,54:66,57,11.157924106455898,1539.263219763487,823.1056159054449,0.9920798623695022,F,True,-1,True,True,10.897563463618164,eligible
C1,43,fit,54:66,58,11.174593133373595,1540.2488952594317,822.9930713808614,0.9920798623695022,F,True,-1,True,True,10.686880141708803,eligible
C1,43,fit,54:66,59,11.19128890455923,1541.234570755376,822.8805268562777,0.9920798623695022,F,True,-1,True,True,10.490535525583962,eligible
C1,43,fit,54:66,60,11.208011484428392,1542.2202462513205,822.767982331694,0.9920798623695022,F,True,-1,True,True,10.385649183872133,eligible
C1,43,fit,54:66,61,11.224760937603703,1543.2059217472647,822.6554378071105,0.9920798623695022,F,True,-1,True,True,10.37499528838572,eligible
C1,43,fit,54:66,62,11.24153732891565,1544.1915972432093,822.5428932825271,0.9920798623695022,F,True,-1,True,True,10.45886181208179,eligible
C1,43,fit,54:66,63,11.25834072340342,1545.1772727391538,822.4303487579433,0.9920798623695022,F,True,-1,True,True,10.571137734546726,eligible
C1,43,fit,54:66,64,11.275171186315738,1546.1629482350984,822.3178042333598,0.9920798623695022,F,True,-1,True,True,10.683438515953009,eligible
C1,43,fit,54:66,65,11.292028783111727,1547.1486237310428,822.205259708776,0.9920798623695022,F,True,-1,True,True,10.795763380530529,eligible
C1,43,fit,54:66,66,11.308913579461734,1548.134299226987,822.0927151841925,0.9920798623695022,F,True,-1,True,True,10.908111584298863,eligible
C1,43,fit,54:66,67,11.325825641248198,1549.1199747229316,821.9801706596088,0.9920798623695022,F,True,-1,True,True,11.020482413464903,eligible
C1,43,fit,54:66,68,11.342765034566504,1550.105650218876,821.8676261350254,0.9920798623695022,F,True,-1,True,True,11.132875182912931,eligible
C1,43,fit,54:66,69,11.359731825725843,1551.0913257148206,821.7550816104418,0.9920798623695022,F,True,-1,True,True,11.245289234786757,eligible
C1,43,fit,54:66,70,11.376726081250075,1552.077001210765,821.6425370858582,0.9920798623695022,F,True,-1,True,True,11.357723937152464,eligible
C1,43,fit,54:66,71,11.393747867878599,1553.0626767067095,821.5299925612745,0.9920798623695022,F,True,-1,True,True,11.185864762406842,eligible
C1,43,fit,54:66,72,11.410797252567233,1554.0483522026539,821.4174480366909,0.9920798623695022,F,True,-1,True,True,10.98647490215657,eligible
C1,43,fit,54:66,73,11.427874302489085,1555.0340276985985,821.3049035121074,0.9920798623695022,F,True,-1,True,True,10.874287837610776,eligible
C1,43,fit,54:66,74,11.444979085035436,1556.0197031945427,821.1923589875238,0.9920798623695022,F,True,-1,True,True,10.852008389295857,eligible
C1,43,fit,54:66,75,11.46211166781663,1557.0053786904873,821.0798144629401,0.9920798623695022,F,True,-1,True,True,10.920186861685234,eligible
C1,43,fit,54:66,76,11.47927211866296,1557.9910541864317,820.9672699383566,0.9920798623695022,F,True,-1,True,True,11.032733688468625,eligible
C1,43,fit,54:66,77,11.496460505625567,1558.9767296823763,820.8547254137729,0.9920798623695022,F,True,-1,True,True,11.145298879351826,eligible
C1,43,fit,54:66,78,11.51367689697734,1559.9624051783205,820.7421808891894,0.9920798623695022,F,True,-1,True,True,11.257881883478326,eligible
C1,43,fit,54:66,79,11.530921361213816,1560.9480806742652,820.6296363646057,0.9920798623695022,F,True,-1,True,True,11.37048217172345,eligible
C1,43,fit,54:66,80,11.54819396705409,1561.9337561702098,820.5170918400222,0.9920798623695022,F,True,-1,True,True,11.483099235636255,eligible
C1,43,fit,54:66,81,11.56549478344173,1562.919431666154,820.4045473154385,0.9920798623695022,F,True,-1,True,True,11.595732586444122,eligible
C1,43,fit,54:66,82,11.582823879545693,1563.9051071620984,820.2920027908549,0.9920798623695022,F,True,-1,True,True,11.708381754112505,eligible
C1,43,fit,54:66,83,11.600181324761248,1564.8907826580428,820.1794582662714,0.9920798623695022,F,True,-1,True,True,11.821046286458946,eligible
C1,43,fit,54:66,84,11.617567188710895,1565.8764581539872,820.0669137416877,0.9920798623695022,F,True,-1,True,True,11.933725748316748,eligible
C1,43,fit,54:66,85,11.634981541245308,1566.8621336499318,819.9543692171042,0.9920798623695022,F,True,-1,True,True,12.04641972074396,eligible
C1,43,fit,54:66,86,11.652424452444262,1567.847809145876,819.8418246925206,0.9920798623695022,F,True,-1,True,True,12.159127800277467,eligible
C1,43,fit,54:66,87,11.669895992617574,1568.8334846418209,819.729280167937,0.9920798623695022,F,True,-1,True,True,12.016196393318548,eligible
C1,43,fit,54:66,88,11.68739623230605,1569.819160137765,819.6167356433533,0.9920798623695022,F,True,-1,True,True,11.819325261726489,eligible
C1,43,fit,54:66,89,11.704925242282433,1570.8048356337097,819.5041911187698,0.9920798623695022,F,True,-1,True,True,11.703519488974361,eligible
C1,43,fit,54:66,90,11.72248309355236,1571.790511129654,819.3916465941862,0.9920798623695022,F,True,-1,True,True,11.67119240359608,eligible
C1,43,fit,54:66,91,11.740069857355312,1572.7761866255985,819.2791020696026,0.9920798623695022,F,True,-1,True,True,11.723034620837545,eligible
C1,43,fit,54:66,92,11.757685605165591,1573.7618621215431,819.166557545019,0.9920798623695022,F,True,-1,True,True,11.83583837269257,eligible
C1,43,fit,54:66,93,11.775330408693275,1574.7475376174873,819.0540130204354,0.9920798623695022,F,True,-1,True,True,11.948654408363792,eligible
C1,43,fit,54:66,94,11.793004339885199,1575.733213113432,818.9414684958517,0.9920798623695022,F,True,-1,True,True,12.061482383164234,eligible
C1,43,fit,54:66,95,11.810707470925934,1576.7188886093763,818.8289239712682,0.9920798623695022,F,True,-1,True,True,12.17432196514897,eligible
C1,43,fit,54:66,96,11.828439874238759,1577.7045641053207,818.7163794466846,0.9920798623695022,F,True,-1,True,True,12.287172834533436,eligible
C1,43,fit,54:66,97,11.846201622486664,1578.6902396012654,818.603834922101,0.9920798623695022,F,True,-1,True,True,12.400034683142918,eligible
C1,43,fit,54:66,98,11.863992788573329,1579.6759150972098,818.4912903975174,0.9920798623695022,F,True,-1,True,True,12.512907213891415,eligible
C1,43,fit,54:66,99,11.881813445644132,1580.661590593154,818.3787458729338,0.9920798623695022,F,True,-1,True,True,12.625790140289347,eligible
C1,43,fit,54:66,100,11.899663667087145,1581.6472660890986,818.2662013483503,0.9920798623695022,F,True,-1,True,True,12.738683185975573,eligible
C1,43,fit,54:66,101,11.91754352653414,1582.632941585043,818.1536568237666,0.9920798623695022,F,True,-1,True,True,12.851586084275718,eligible
C1,43,fit,54:66,102,11.935453097861604,1583.6186170809874,818.041112299183,0.9920798623695022,F,True,-1,True,True,12.736228300551389,eligible
C1,43,fit,54:66,103,11.953392455191763,1584.6042925769318,817.9285677745995,0.9920798623695022,F,True,-1,True,True,12.539948360161524,eligible
C1,43,fit,54:66,104,11.971361672893593,1585.5899680728767,817.8160232500157,0.9920798623695022,F,True,-1,True,True,12.420046027849923,eligible
C1,43,fit,54:66,105,11.989360825583857,1586.5756435688209,817.7034787254322,0.9920798623695022,F,True,-1,True,True,12.378740917352612,eligible
C1,43,fit,54:66,106,12.007389988128129,1587.5613190647653,817.5909342008487,0.9920798623695022,F,True,-1,True,True,12.416817425194179,eligible
C1,43,fit,54:66,107,12.02544923564184,1588.54699456071,817.4783896762651,0.9920798623695022,F,True,-1,True,True,12.529802034648842,eligible
C1,43,fit,54:66,108,12.043538643491322,1589.5326700566543,817.3658451516815,0.9920798623695022,F,True,-1,True,True,12.642795023539618,eligible
C1,43,fit,54:66,109,12.061658287294843,1590.5183455525987,817.2533006270978,0.9920798623695022,F,True,-1,True,True,12.755796169187025,eligible
C1,43,fit,54:66,110,12.079808242923681,1591.504021048543,817.1407561025142,0.9920798623695022,F,True,-1,True,True,12.86880525671731,eligible
C1,43,fit,54:66,111,12.097988586503162,1592.4896965444873,817.0282115779306,0.9920798623695022,F,True,-1,True,True,12.98102837115057,eligible
C1,43,fit,54:66,112,12.116199394413742,1593.475372040432,816.9156670533471,0.9920798623695022,F,True,-1,True,True,13.092965563068265,eligible
C1,43,fit,54:66,113,12.134440743292066,1594.4610475363763,816.8031225287635,0.9920798623695022,F,True,-1,True,True,13.204928618573717,eligible
C1,43,fit,54:66,114,12.152712710032047,1595.446723032321,816.6905780041798,0.9920798623695022,F,True,-1,True,True,13.316916885316562,eligible
C1,43,fit,54:66,115,12.171015371785943,1596.4323985282651,816.5780334795963,0.9920798623695022,F,True,-1,True,True,13.428929732561807,eligible
C1,43,fit,54:66,116,12.189348805965452,1597.4180740242098,816.4654889550127,0.9920798623695022,F,True,-1,True,True,13.345711400466074,eligible
C1,43,fit,54:66,117,12.20771309024279,1598.4037495201544,816.352944430429,0.9920798623695022,F,True,-1,True,True,13.148423178982553,eligible
C1,43,fit,54:66,118,12.226108302551797,1599.3894250160986,816.2403999058455,0.9920798623695022,F,True,-1,True,True,13.023920159050407,eligible
C1,43,fit,54:66,119,12.24453452108904,1600.3751005120434,816.127855381262,0.9920798623695022,F,True,-1,True,True,12.974297878177005,eligible
C1,43,fit,54:66,120,12.262991824314916,1601.3607760079876,816.0153108566783,0.9920798623695022,F,True,-1,True,True,13.000413818823642,eligible
C1,43,fit,54:66,121,12.281480290954766,1602.346451503932,815.9027663320948,0.9920798623695022,F,True,-1,True,True,13.101815080220273,eligible
C1,43,fit,54:66,122,12.3,1603.3321269998764,815.7902218075112,0.4960399311847511,F,True,-1,True,True,13.21395278630884,eligible
C1,44,nonblind_diagnostic,25:37,0,6.15,1174.7943259669307,197.85863426837014,0.4978757420745745,U,True,-1,False,True,225.81880920190247,excluded_contour_domain
C1,44,nonblind_diagnostic,25:37,1,6.160978906772008,1175.7791462536964,198.00577372929362,0.995751484149149,U,True,-1,False,True,224.8293343472131,excluded_contour_domain
C1,44,nonblind_diagnostic,25:37,2,6.171976849386461,1176.7639665404615,198.15291319021705,0.995751484149149,U,True,-1,False,True,223.83991515968106,excluded_contour_domain
C1,44,nonblind_diagnostic,25:37,3,6.182993877394427,1177.7487868272267,198.30005265114048,0.995751484149149,U,True,-1,False,True,222.8505523807645,excluded_contour_domain
C1,44,nonblind_diagnostic,25:37,4,6.194030040519104,1178.7336071139919,198.4471921120639,0.995751484149149,U,True,-1,False,True,221.86124676510514,excluded_contour_domain
C1,44,nonblind_diagnostic,25:37,5,6.205085388656564,1179.718427400757,198.5943315729874,0.995751484149149,U,True,-1,False,True,220.87199908082115,excluded_contour_domain
C1,44,nonblind_diagnostic,25:37,6,6.216159971876506,1180.7032476875224,198.74147103391087,0.995751484149149,U,True,-1,False,True,219.88281010980808,excluded_contour_domain
C1,44,nonblind_diagnostic,25:37,7,6.227253840423011,1181.6880679742876,198.88861049483438,0.995751484149149,U,True,-1,False,True,218.89368064804893,excluded_contour_domain
C1,44,nonblind_diagnostic,25:37,8,6.238367044715306,1182.6728882610528,199.0357499557578,0.995751484149149,U,True,-1,False,True,217.9046115059306,excluded_contour_domain
C1,44,nonblind_diagnostic,25:37,9,6.249499635348522,1183.657708547818,199.18288941668126,0.995751484149149,U,True,-1,False,True,216.9156035085706,excluded_contour_domain
C1,44,nonblind_diagnostic,25:37,10,6.260651663094467,1184.6425288345833,199.33002887760466,0.995751484149149,U,True,-1,False,True,215.92665749615205,excluded_contour_domain
C1,44,nonblind_diagnostic,25:37,11,6.271823178902393,1185.6273491213487,199.47716833852812,0.995751484149149,U,True,-1,False,True,214.93777432426825,excluded_contour_domain
C1,44,nonblind_diagnostic,25:37,12,6.2830142338997765,1186.612169408114,199.62430779945163,0.995751484149149,U,True,-1,False,True,213.9489548642761,excluded_contour_domain
C1,44,nonblind_diagnostic,25:37,13,6.294224879393094,1187.596989694879,199.77144726037503,0.995751484149149,U,True,-1,False,True,212.9602000036589,excluded_contour_domain
C1,44,nonblind_diagnostic,25:37,14,6.3054551668686125,1188.5818099816443,199.91858672129854,0.995751484149149,U,True,-1,False,True,211.97151064640056,excluded_contour_domain
C1,44,nonblind_diagnostic,25:37,15,6.3167051479931695,1189.5666302684097,200.06572618222188,0.995751484149149,U,True,-1,False,True,210.9828877133691,excluded_contour_domain
C1,44,nonblind_diagnostic,25:37,16,6.327974874614971,1190.551450555175,200.21286564314545,0.995751484149149,U,True,-1,False,True,209.99433214271158,excluded_contour_domain
C1,44,nonblind_diagnostic,25:37,17,6.339264398764388,1191.5362708419402,200.36000510406888,0.995751484149149,U,True,-1,False,True,209.00584489025974,excluded_contour_domain
C1,44,nonblind_diagnostic,25:37,18,6.3505737726547515,1192.5210911287054,200.5071445649924,0.995751484149149,U,True,-1,False,True,208.0174269299462,excluded_contour_domain
C1,44,nonblind_diagnostic,25:37,19,6.361903048683167,1193.5059114154706,200.65428402591587,0.995751484149149,U,True,-1,False,True,207.0290792542344,excluded_contour_domain
C1,44,nonblind_diagnostic,25:37,20,6.373252279431314,1194.490731702236,200.80142348683924,0.995751484149149,U,True,-1,False,True,206.04080287455912,excluded_contour_domain
C1,44,nonblind_diagnostic,25:37,21,6.3846215176662655,1195.4755519890011,200.9485629477627,0.995751484149149,U,True,-1,False,True,205.05259882178095,excluded_contour_domain
C1,44,nonblind_diagnostic,25:37,22,6.396010816341305,1196.460372275766,201.09570240868618,0.995751484149149,U,True,-1,False,True,204.06446814665213,excluded_contour_domain
C1,44,nonblind_diagnostic,25:37,23,6.407420228596747,1197.4451925625317,201.24284186960963,0.995751484149149,U,True,-1,False,True,203.07641192029635,excluded_contour_domain
C1,44,nonblind_diagnostic,25:37,24,6.418849807760764,1198.4300128492969,201.38998133053315,0.995751484149149,U,True,-1,False,True,202.0884312347055,excluded_contour_domain
C1,44,nonblind_diagnostic,25:37,25,6.430299607350217,1199.414833136062,201.53712079145663,0.995751484149149,U,True,-1,False,True,201.100527203245,excluded_contour_domain
C1,44,nonblind_diagnostic,25:37,26,6.441769681071492,1200.3996534228274,201.68426025238,0.995751484149149,U,True,-1,False,True,200.1127009611788,excluded_contour_domain
C1,44,nonblind_diagnostic,25:37,27,6.45326008282134,1201.3844737095926,201.83139971330345,0.995751484149149,U,True,-1,False,True,199.12495366620854,excluded_contour_domain
C1,44,nonblind_diagnostic,25:37,28,6.464770866687718,1202.3692939963578,201.97853917422697,0.995751484149149,U,True,-1,False,True,198.13728649902725,excluded_contour_domain
C1,44,nonblind_diagnostic,25:37,29,6.476302086950642,1203.354114283123,202.12567863515042,0.995751484149149,U,True,-1,False,True,197.14970066389114,excluded_contour_domain
C1,44,nonblind_diagnostic,25:37,30,6.487853798083037,1204.3389345698884,202.27281809607385,0.995751484149149,U,True,-1,False,True,196.1621973892076,excluded_contour_domain
C1,44,nonblind_diagnostic,25:37,31,6.499426054751598,1205.3237548566535,202.4199575569973,0.995751484149149,U,True,-1,False,True,195.17477792814176,excluded_contour_domain
C1,44,nonblind_diagnostic,25:37,32,6.511018911817645,1206.3085751434187,202.5670970179208,0.995751484149149,U,True,-1,False,True,194.1874435592395,excluded_contour_domain
C1,44,nonblind_diagnostic,25:37,33,6.522632424338003,1207.293395430184,202.7142364788443,0.995751484149149,U,True,-1,False,True,193.20019558707102,excluded_contour_domain
C1,44,nonblind_diagnostic,25:37,34,6.534266647565858,1208.2782157169493,202.86137593976767,0.995751484149149,U,True,-1,False,True,192.21303534289405,excluded_contour_domain
C1,44,nonblind_diagnostic,25:37,35,6.545921636951647,1209.2630360037147,203.00851540069115,0.995751484149149,U,True,-1,False,True,191.22596418533504,excluded_contour_domain
C1,44,nonblind_diagnostic,25:37,36,6.5575974481439285,1210.2478562904796,203.15565486161455,0.995751484149149,U,True,-1,False,True,190.23898350109525,excluded_contour_domain
C1,44,nonblind_diagnostic,25:37,37,6.569294136990277,1211.232676577245,203.3027943225381,0.995751484149149,U,True,-1,False,True,189.25209470567333,excluded_contour_domain
C1,44,nonblind_diagnostic,25:37,38,6.581011759538166,1212.2174968640102,203.44993378346152,0.995751484149149,U,True,-1,False,True,188.26529924411653,excluded_contour_domain
C1,44,nonblind_diagnostic,25:37,39,6.592750372035867,1213.2023171507756,203.59707324438497,0.995751484149149,U,True,-1,False,True,187.27859859178957,excluded_contour_domain
C1,44,nonblind_diagnostic,25:37,40,6.604510030933348,1214.1871374375407,203.7442127053085,0.995751484149149,U,True,-1,False,True,186.29199425517186,excluded_contour_domain
C1,44,nonblind_diagnostic,25:37,41,6.6162907928831824,1215.171957724306,203.89135216623188,0.995751484149149,U,True,-1,False,True,185.3054877726769,excluded_contour_domain
C1,44,nonblind_diagnostic,25:37,42,6.628092714741452,1216.1567780110713,204.0384916271554,0.995751484149149,U,True,-1,False,True,184.31908071549918,excluded_contour_domain
C1,44,nonblind_diagnostic,25:37,43,6.639915853568668,1217.1415982978367,204.18563108807885,0.995751484149149,U,True,-1,False,True,183.33277468848848,excluded_contour_domain
C1,44,nonblind_diagnostic,25:37,44,6.651760266630687,1218.1264185846017,204.33277054900228,0.995751484149149,U,True,-1,False,True,182.3465713310508,excluded_contour_domain
C1,44,nonblind_diagnostic,25:37,45,6.663626011399634,1219.111238871367,204.4799100099257,0.995751484149149,U,True,-1,False,True,181.3604723180774,excluded_contour_domain
C1,44,nonblind_diagnostic,25:37,46,6.675513145554838,1220.0960591581322,204.6270494708492,0.995751484149149,U,True,-1,False,True,180.37447936090817,excluded_contour_domain
C1,44,nonblind_diagnostic,25:37,47,6.687421726983762,1221.0808794448976,204.77418893177267,0.995751484149149,U,True,-1,False,True,179.38859420832068,excluded_contour_domain
C1,44,nonblind_diagnostic,25:37,48,6.699351813782941,1222.0656997316626,204.9213283926961,0.995751484149149,U,True,-1,False,True,178.4028186475565,excluded_contour_domain
C1,44,nonblind_diagnostic,25:37,49,6.7113034642589335,1223.0505200184282,205.06846785361952,0.995751484149149,U,True,-1,False,True,177.41715450537603,excluded_contour_domain
C1,44,nonblind_diagnostic,25:37,50,6.723276736929265,1224.0353403051934,205.215607314543,0.995751484149149,U,True,-1,False,True,176.43160364915497,excluded_contour_domain
C1,44,nonblind_diagnostic,25:37,51,6.735271690523385,1225.0201605919585,205.36274677546652,0.995751484149149,U,True,-1,False,True,175.44616798800973,excluded_contour_domain
C1,44,nonblind_diagnostic,25:37,52,6.74728838398363,1226.0049808787237,205.50988623638995,0.995751484149149,U,True,-1,False,True,174.4608494739657,excluded_contour_domain
C1,44,nonblind_diagnostic,25:37,53,6.759326876466183,1226.989801165489,205.65702569731343,0.995751484149149,U,True,-1,False,True,173.47565010316234,excluded_contour_domain
C1,44,nonblind_diagnostic,25:37,54,6.771387227342051,1227.9746214522543,205.80416515823688,0.995751484149149,U,True,-1,False,True,172.49057191710025,excluded_contour_domain
C1,44,nonblind_diagnostic,25:37,55,6.783469496198035,1228.9594417390194,205.9513046191603,0.995751484149149,U,True,-1,False,True,171.5056170039286,excluded_contour_domain
C1,44,nonblind_diagnostic,25:37,56,6.795573742837717,1229.9442620257848,206.09844408008382,0.995751484149149,U,True,-1,False,True,170.52078749977798,excluded_contour_domain
C1,44,nonblind_diagnostic,25:37,57,6.807700027282442,1230.92908231255,206.24558354100716,0.995751484149149,U,True,-1,False,True,169.53608559013944,excluded_contour_domain
C1,44,nonblind_diagnostic,25:37,58,6.8198484097723115,1231.9139025993154,206.3927230019307,0.995751484149149,U,True,-1,False,True,168.55151351128833,excluded_contour_domain
C1,44,nonblind_diagnostic,25:37,59,6.832018950767184,1232.8987228860806,206.5398624628542,0.995751484149149,U,True,-1,False,True,167.56707355176135,excluded_contour_domain
C1,44,nonblind_diagnostic,25:37,60,6.844211710947672,1233.8835431728457,206.68700192377761,0.995751484149149,U,True,-1,False,True,166.58276805388113,excluded_contour_domain
C1,44,nonblind_diagnostic,25:37,61,6.856426751216157,1234.8683634596111,206.83414138470104,0.995751484149149,U,True,-1,False,True,165.59859941533688,excluded_contour_domain
C1,44,nonblind_diagnostic,25:37,62,6.8686641326977975,1235.8531837463763,206.9812808456246,0.995751484149149,U,True,-1,False,True,164.61457009082062,excluded_contour_domain
C1,44,nonblind_diagnostic,25:37,63,6.880923916741556,1236.8380040331415,207.12842030654804,0.995751484149149,U,True,-1,False,True,163.63068259371946,excluded_contour_domain
C1,44,nonblind_diagnostic,25:37,64,6.893206164921214,1237.8228243199067,207.2755597674714,0.995751484149149,U,True,-1,False,True,162.64693949787005,excluded_contour_domain
C1,44,nonblind_diagnostic,25:37,65,6.9055109390364136,1238.807644606672,207.42269922839495,0.995751484149149,U,True,-1,False,True,161.66334343937507,excluded_contour_domain
C1,44,nonblind_diagnostic,25:37,66,6.917838301113686,1239.7924648934372,207.5698386893184,0.995751484149149,U,True,-1,False,True,160.6798971184862,excluded_contour_domain
C1,44,nonblind_diagnostic,25:37,67,6.930188313407497,1240.7772851802026,207.71697815024183,0.995751484149149,U,True,-1,False,True,159.69660330155298,excluded_contour_domain
C1,44,nonblind_diagnostic,25:37,68,6.942561038401296,1241.7621054669678,207.86411761116526,0.995751484149149,U,True,-1,False,True,158.71346482304614,excluded_contour_domain
C1,44,nonblind_diagnostic,25:37,69,6.954956538808568,1242.746925753733,208.01125707208877,0.995751484149149,U,True,-1,False,True,157.73048458765155,excluded_contour_domain
C1,44,nonblind_diagnostic,25:37,70,6.967374877573892,1243.7317460404981,208.15839653301217,0.995751484149149,U,True,-1,False,True,156.74766557244433,excluded_contour_domain
C1,44,nonblind_diagnostic,25:37,71,6.979816117874012,1244.7165663272635,208.30553599393565,0.995751484149149,U,True,-1,False,True,155.7650108291416,excluded_contour_domain
C1,44,nonblind_diagnostic,25:37,72,6.9922803231189,1245.701386614029,208.45267545485916,0.995751484149149,U,True,-1,False,True,154.78252348644122,excluded_contour_domain
C1,44,nonblind_diagnostic,25:37,73,7.004767556952839,1246.6862069007939,208.59981491578253,0.995751484149149,U,True,-1,False,True,153.80020675244677,excluded_contour_domain
C1,44,nonblind_diagnostic,25:37,74,7.017277883255507,1247.671027187559,208.74695437670607,0.995751484149149,U,True,-1,False,True,152.81806391718322,excluded_contour_domain
C1,44,nonblind_diagnostic,25:37,75,7.029811366143062,1248.6558474743244,208.89409383762953,0.995751484149149,U,True,-1,False,True,151.83609835521176,excluded_contour_domain
C1,44,nonblind_diagnostic,25:37,76,7.042368069969242,1249.6406677610896,209.04123329855298,0.995751484149149,U,True,-1,False,True,150.8543135283417,excluded_contour_domain
C1,44,nonblind_diagnostic,25:37,77,7.054948059326461,1250.625488047855,209.18837275947647,0.995751484149149,U,True,-1,False,True,149.8727129884463,excluded_contour_domain
C1,44,nonblind_diagnostic,25:37,78,7.067551399046921,1251.6103083346202,209.3355122203999,0.995751484149149,U,True,-1,False,True,148.89130038039033,excluded_contour_domain
C1,44,nonblind_diagnostic,25:37,79,7.0801781542037245,1252.5951286213854,209.4826516813233,0.995751484149149,U,True,-1,False,True,147.9100794450683,excluded_contour_domain
C1,44,nonblind_diagnostic,25:37,80,7.092828390111995,1253.5799489081508,209.6297911422468,0.995751484149149,U,True,-1,False,True,146.92905402256392,excluded_contour_domain
C1,44,nonblind_diagnostic,25:37,81,7.1055021723300005,1254.564769194916,209.77693060317026,0.995751484149149,U,True,-1,False,True,145.9482280554342,excluded_contour_domain
C1,44,nonblind_diagnostic,25:37,82,7.11819956666029,1255.549589481681,209.92407006409374,0.995751484149149,U,True,-1,False,True,144.96760559212163,excluded_contour_domain
C1,44,nonblind_diagnostic,25:37,83,7.13092063915083,1256.5344097684465,210.0712095250171,0.995751484149149,U,True,-1,False,True,143.9871907905045,excluded_contour_domain
C1,44,nonblind_diagnostic,25:37,84,7.143665456096147,1257.5192300552117,210.21834898594062,0.995751484149149,U,True,-1,False,True,143.00698792159,excluded_contour_domain
C1,44,nonblind_diagnostic,25:37,85,7.156434084038487,1258.5040503419768,210.36548844686408,0.995751484149149,U,True,-1,False,True,142.02700137335432,excluded_contour_domain
C1,44,nonblind_diagnostic,25:37,86,7.169226589768965,1259.4888706287422,210.5126279077875,0.995751484149149,U,True,-1,False,True,141.04723565474129,excluded_contour_domain
C1,44,nonblind_diagnostic,25:37,87,7.182043040328735,1260.4736909155074,210.65976736871104,0.995751484149149,U,True,-1,False,True,140.06769539982395,excluded_contour_domain
C1,44,nonblind_diagnostic,25:37,88,7.194883503010159,1261.4585112022726,210.80690682963444,0.995751484149149,U,True,-1,False,True,139.08838537213663,excluded_contour_domain
C1,44,nonblind_diagnostic,25:37,89,7.2077480453579845,1262.443331489038,210.95404629055795,0.995751484149149,U,True,-1,False,True,138.1093104691875,excluded_contour_domain
C1,44,nonblind_diagnostic,25:37,90,7.220636735170531,1263.4281517758031,211.10118575148138,0.995751484149149,U,True,-1,False,True,137.13047572716025,excluded_contour_domain
C1,44,nonblind_diagnostic,25:37,91,7.233549640500879,1264.4129720625685,211.2483252124048,0.995751484149149,U,True,-1,False,True,136.15188632581064,excluded_contour_domain
C1,44,nonblind_diagnostic,25:37,92,7.246486829658068,1265.3977923493337,211.39546467332832,0.995751484149149,U,True,-1,False,True,135.17354759357343,excluded_contour_domain
C1,44,nonblind_diagnostic,25:37,93,7.2594483712082996,1266.382612636099,211.54260413425172,0.995751484149149,U,True,-1,False,True,134.1954650128833,excluded_contour_domain
C1,44,nonblind_diagnostic,25:37,94,7.272434333976155,1267.367432922864,211.6897435951752,0.995751484149149,U,True,-1,False,True,133.217644225727,excluded_contour_domain
C1,44,nonblind_diagnostic,25:37,95,7.2854447870458054,1268.3522532096295,211.83688305609866,0.995751484149149,U,True,-1,False,True,132.24009103943115,excluded_contour_domain
C1,44,nonblind_diagnostic,25:37,96,7.298479799762241,1269.3370734963949,211.9840225170221,0.995751484149149,U,True,-1,False,True,131.26281143270575,excluded_contour_domain
C1,44,nonblind_diagnostic,25:37,97,7.311539441732501,1270.32189378316,212.13116197794557,0.995751484149149,U,True,-1,False,True,130.28581156194838,excluded_contour_domain
C1,44,nonblind_diagnostic,25:37,98,7.324623782826919,1271.3067140699252,212.27830143886905,0.995751484149149,U,True,-1,False,True,129.30909776782661,excluded_contour_domain
C1,44,nonblind_diagnostic,25:37,99,7.337732893180357,1272.2915343566904,212.42544089979245,0.995751484149149,U,True,-1,False,True,128.33267658215325,excluded_contour_domain
C1,44,nonblind_diagnostic,25:37,100,7.350866843193472,1273.2763546434555,212.572580360716,0.995751484149149,U,True,-1,False,True,127.35655473506695,excluded_contour_domain
C1,44,nonblind_diagnostic,25:37,101,7.364025703533967,1274.2611749302207,212.71971982163944,0.995751484149149,U,True,-1,False,True,126.3807391625363,excluded_contour_domain
C1,44,nonblind_diagnostic,25:37,102,7.37720954513786,1275.245995216986,212.86685928256287,0.995751484149149,U,True,-1,False,True,125.40523701420246,excluded_contour_domain
C1,44,nonblind_diagnostic,25:37,103,7.390418439210763,1276.2308155037513,213.01399874348638,0.995751484149149,U,True,-1,False,True,124.43005566158027,excluded_contour_domain
C1,44,nonblind_diagnostic,25:37,104,7.403652457229159,1277.2156357905167,213.16113820440972,0.995751484149149,U,True,-1,False,True,123.4552027066335,excluded_contour_domain
C1,44,nonblind_diagnostic,25:37,105,7.416911670941693,1278.2004560772818,213.30827766533326,0.995751484149149,U,True,-1,False,True,122.48068599074867,excluded_contour_domain
C1,44,nonblind_diagnostic,25:37,106,7.4301961523704705,1279.1852763640472,213.4554171262567,0.995751484149149,U,True,-1,False,True,121.50651360412378,excluded_contour_domain
C1,44,nonblind_diagnostic,25:37,107,7.443505973812358,1280.1700966508124,213.60255658718015,0.995751484149149,U,True,-1,False,True,120.53269389559944,excluded_contour_domain
C1,44,nonblind_diagnostic,25:37,108,7.456841207840298,1281.1549169375776,213.7496960481036,0.995751484149149,U,True,-1,False,True,119.55923548295131,excluded_contour_domain
C1,44,nonblind_diagnostic,25:37,109,7.470201927304625,1282.139737224343,213.89683550902708,0.995751484149149,U,True,-1,False,True,118.58614726367347,excluded_contour_domain
C1,44,nonblind_diagnostic,25:37,110,7.483588205334394,1283.1245575111082,214.04397496995054,0.995751484149149,U,True,-1,False,True,117.61343842627814,excluded_contour_domain
C1,44,nonblind_diagnostic,25:37,111,7.497000115338715,1284.1093777978733,214.19111443087397,0.995751484149149,U,True,-1,False,True,116.64111846213821,excluded_contour_domain
C1,44,nonblind_diagnostic,25:37,112,7.5104377310080945,1285.0941980846387,214.3382538917975,0.995751484149149,U,True,-1,False,True,115.66919717790694,excluded_contour_domain
C1,44,nonblind_diagnostic,25:37,113,7.523901126315781,1286.079018371404,214.4853933527209,0.995751484149149,U,True,-1,False,True,114.69768470854544,excluded_contour_domain
C1,44,nonblind_diagnostic,25:37,114,7.537390375519132,1287.0638386581693,214.63253281364433,0.995751484149149,U,True,-1,False,True,113.72659153098981,excluded_contour_domain
C1,44,nonblind_diagnostic,25:37,115,7.550905553160968,1288.0486589449342,214.7796722745678,0.995751484149149,U,True,-1,False,True,112.75592847850072,excluded_contour_domain
C1,44,nonblind_diagnostic,25:37,116,7.564446734070955,1289.0334792316996,214.9268117354913,0.995751484149149,U,True,-1,False,True,111.78570675572618,excluded_contour_domain
C1,44,nonblind_diagnostic,25:37,117,7.57801399336698,1290.0182995184648,215.07395119641475,0.995751484149149,U,True,-1,False,True,110.8159379545292,excluded_contour_domain
C1,44,nonblind_diagnostic,25:37,118,7.591607406456541,1291.00311980523,215.2210906573382,0.995751484149149,U,True,-1,False,True,109.84663407061365,excluded_contour_domain
C1,44,nonblind_diagnostic,25:37,119,7.605227049038146,1291.9879400919954,215.36823011826164,0.995751484149149,U,True,-1,False,True,108.87780752100429,excluded_contour_domain
C1,44,nonblind_diagnostic,25:37,120,7.618872997102715,1292.9727603787605,215.51536957918512,0.995751484149149,U,True,-1,False,True,107.90947116242775,excluded_contour_domain
C1,44,nonblind_diagnostic,25:37,121,7.632545326934997,1293.957580665526,215.66250904010857,0.995751484149149,U,True,-1,False,True,106.94163831064645,excluded_contour_domain
C1,44,nonblind_diagnostic,25:37,122,7.646244115114987,1294.942400952291,215.80964850103203,0.995751484149149,U,True,-1,False,True,105.97432276080767,excluded_contour_domain
C1,44,nonblind_diagnostic,25:37,123,7.659969438519363,1295.9272212390563,215.95678796195548,0.995751484149149,U,True,-1,False,True,105.00753880886323,excluded_contour_domain
C1,44,nonblind_diagnostic,25:37,124,7.673721374322916,1296.9120415258215,216.103927422879,0.995751484149149,U,True,-1,False,True,104.04130127413039,excluded_contour_domain
C1,44,nonblind_diagnostic,25:37,125,7.6875,1297.8968618125868,216.25106688380242,0.4978757420745745,U,True,-1,False,True,103.07562552306025,excluded_contour_domain
C1,44,nonblind_diagnostic,30:42,0,6.15,1169.7792495442102,799.4236920281206,0.4983318703410324,B,True,-1,True,True,24.424689620304584,eligible
C1,44,nonblind_diagnostic,30:42,1,6.160435589591601,1170.7473576394652,799.1868263955529,0.9966637406820648,B,True,-1,True,True,24.18814584152639,eligible
C1,44,nonblind_diagnostic,30:42,2,6.170886571808003,1171.7154657347205,798.9499607629851,0.9966637406820648,B,True,-1,True,True,23.95165088875182,eligible
C1,44,nonblind_diagnostic,30:42,3,6.1813529807308125,1172.683573829976,798.7130951304174,0.9966637406820648,B,True,-1,True,True,23.715206222702378,eligible
C1,44,nonblind_diagnostic,30:42,4,6.191834850542325,1173.6516819252308,798.4762294978497,0.9966637406820648,B,True,-1,True,True,23.478813362623704,eligible
C1,44,nonblind_diagnostic,30:42,5,6.202332215525897,1174.619790020486,798.239363865282,0.9966637406820648,B,True,-1,True,True,23.242473889229135,eligible
C1,44,nonblind_diagnostic,30:42,6,6.212845110066326,1175.5878981157414,798.0024982327143,0.9966637406820648,B,True,-1,True,True,23.00618944782107,eligible
C1,44,nonblind_diagnostic,30:42,7,6.223373568650214,1176.5560062109967,797.7656326001465,0.9966637406820648,B,True,-1,True,True,22.76996175160443,eligible
C1,44,nonblind_diagnostic,30:42,8,6.233917625866356,1177.5241143062517,797.5287669675788,0.9966637406820648,B,True,-1,True,True,22.533792585203766,eligible
C1,44,nonblind_diagnostic,30:42,9,6.244477316406115,1178.492222401507,797.2919013350112,0.9966637406820648,B,True,-1,True,True,22.2973349982104,eligible
C1,44,nonblind_diagnostic,30:42,10,6.255052675063799,1179.4603304967623,797.0550357024433,0.9966637406820648,B,True,-1,True,True,22.05983916537695,eligible
C1,44,nonblind_diagnostic,30:42,11,6.265643736737046,1180.4284385920173,796.8181700698757,0.9966637406820648,B,True,-1,True,True,21.822376241490044,eligible
C1,44,nonblind_diagnostic,30:42,12,6.276250536427211,1181.3965466872726,796.581304437308,0.9966637406820648,B,True,-1,True,True,21.584947312674977,eligible
C1,44,nonblind_diagnostic,30:42,13,6.286873109239745,1182.3646547825276,796.3444388047403,0.9966637406820648,B,True,-1,True,True,21.347553513218433,eligible
C1,44,nonblind_diagnostic,30:42,14,6.297511490384587,1183.3327628777831,796.1075731721726,0.9966637406820648,B,True,-1,True,True,21.110196028257295,eligible
C1,44,nonblind_diagnostic,30:42,15,6.3081657151765524,1184.3008709730382,795.8707075396048,0.9966637406820648,B,True,-1,True,True,20.87287609665077,eligible
C1,44,nonblind_diagnostic,30:42,16,6.318835819035721,1185.2689790682934,795.6338419070371,0.9966637406820648,B,True,-1,True,True,20.635595014047457,eligible
C1,44,nonblind_diagnostic,30:42,17,6.3295218374878335,1186.2370871635487,795.3969762744694,0.9966637406820648,B,True,-1,True,True,20.398354136164645,eligible
C1,44,nonblind_diagnostic,30:42,18,6.340223806164683,1187.2051952588038,795.1601106419017,0.9966637406820648,B,True,-1,True,True,20.161154882296668,eligible
C1,44,nonblind_diagnostic,30:42,19,6.350941760804513,1188.1733033540593,794.9232450093339,0.9966637406820648,B,True,-1,True,True,19.923998739070306,eligible
C1,44,nonblind_diagnostic,30:42,20,6.361675737252413,1189.141411449314,794.6863793767662,0.9966637406820648,B,True,-1,True,True,19.686887264470332,eligible
C1,44,nonblind_diagnostic,30:42,21,6.372425771460718,1190.1095195445696,794.4495137441985,0.9966637406820648,B,True,-1,True,True,19.449822092153155,eligible
C1,44,nonblind_diagnostic,30:42,22,6.383191899489415,1191.0776276398246,794.2126481116309,0.9966637406820648,B,True,-1,True,True,19.212804936078907,eligible
C1,44,nonblind_diagnostic,30:42,23,6.393974157506537,1192.0457357350797,793.975782479063,0.9966637406820648,B,True,-1,True,True,18.975837595483846,eligible
C1,44,nonblind_diagnostic,30:42,24,6.404772581788579,1193.0138438303352,793.7389168464954,0.9966637406820648,B,True,-1,True,True,18.73892196022778,eligible
C1,44,nonblind_diagnostic,30:42,25,6.415587208720894,1193.9819519255902,793.5020512139276,0.9966637406820648,B,True,-1,True,True,18.50206001654387,eligible
C1,44,nonblind_diagnostic,30:42,26,6.426418074798112,1194.9500600208455,793.2651855813599,0.9966637406820648,B,True,-1,True,True,18.2652538532328,eligible
C1,44,nonblind_diagnostic,30:42,27,6.43726521662454,1195.9181681161008,793.0283199487922,0.9966637406820648,B,True,-1,True,True,18.02850566833646,eligible
C1,44,nonblind_diagnostic,30:42,28,6.448128670914583,1196.8862762113558,792.7914543162244,0.9966637406820648,B,True,-1,True,True,17.79181777633764,eligible
C1,44,nonblind_diagnostic,30:42,29,6.459008474493155,1197.854384306611,792.5545886836567,0.9966637406820648,B,True,-1,True,True,17.55519261593356,eligible
C1,44,nonblind_diagnostic,30:42,30,6.469904664296093,1198.8224924018664,792.317723051089,0.9966637406820648,B,True,-1,True,True,17.318632758437257,eligible
C1,44,nonblind_diagnostic,30:42,31,6.480817277370579,1199.7906004971214,792.0808574185213,0.9966637406820648,B,True,-1,True,True,17.08214091686578,eligible
C1,44,nonblind_diagnostic,30:42,32,6.491746350875558,1200.7587085923767,791.8439917859537,0.9966637406820648,B,True,-1,True,True,16.845719955783064,eligible
C1,44,nonblind_diagnostic,30:42,33,6.502691922082157,1201.726816687632,791.6071261533859,0.9966637406820648,B,True,-1,True,True,16.623023238024285,eligible
C1,44,nonblind_diagnostic,30:42,34,6.5136540283741144,1202.694924782887,791.3702605208182,0.9966637406820648,B,True,-1,True,True,16.457770187334106,eligible
C1,44,nonblind_diagnostic,30:42,35,6.524632707248201,1203.6630328781423,791.1333948882505,0.9966637406820648,B,True,-1,True,True,16.351702502500853,eligible
C1,44,nonblind_diagnostic,30:42,36,6.535627996314649,1204.6311409733976,790.8965292556827,0.9966637406820648,B,True,-1,True,True,16.305975197621972,eligible
C1,44,nonblind_diagnostic,30:42,37,6.546639933297582,1205.5992490686529,790.659663623115,0.9966637406820648,B,True,-1,True,True,16.321095452959472,eligible
C1,44,nonblind_diagnostic,30:42,38,6.557668556035447,1206.567357163908,790.4227979905473,0.9966637406820648,B,True,-1,True,True,16.39689493921784,eligible
C1,44,nonblind_diagnostic,30:42,39,6.568713902481444,1207.5354652591632,790.1859323579797,0.9966637406820648,B,True,-1,True,True,16.19259703761379,eligible
C1,44,nonblind_diagnostic,30:42,40,6.5797760107039664,1208.5035733544184,789.9490667254119,0.9966637406820648,B,True,-1,True,True,15.956790680650133,eligible
C1,44,nonblind_diagnostic,30:42,41,6.590854918887036,1209.4716814496735,789.7122010928441,0.9966637406820648,B,True,-1,True,True,15.719279454604075,eligible
C1,44,nonblind_diagnostic,30:42,42,6.601950665330742,1210.4397895449288,789.4753354602765,0.9966637406820648,B,True,-1,True,True,15.481583331556221,eligible
C1,44,nonblind_diagnostic,30:42,43,6.6130632884516825,1211.407897640184,789.2384698277087,0.9966637406820648,B,True,-1,True,True,15.24392807562596,eligible
C1,44,nonblind_diagnostic,30:42,44,6.624192826783408,1212.376005735439,789.001604195141,0.9966637406820648,B,True,-1,True,True,15.006315628453079,eligible
C1,44,nonblind_diagnostic,30:42,45,6.635339318976868,1213.3441138306944,788.7647385625733,0.9966637406820648,B,True,-1,True,True,14.768748056271154,eligible
C1,44,nonblind_diagnostic,30:42,46,6.646502803800857,1214.3122219259496,788.5278729300055,0.9966637406820648,B,True,-1,True,True,14.531227560031903,eligible
C1,44,nonblind_diagnostic,30:42,47,6.657683320142463,1215.280330021205,788.2910072974378,0.9966637406820648,B,True,-1,True,True,14.29375648652965,eligible
C1,44,nonblind_diagnostic,30:42,48,6.668880907007523,1216.24843811646,788.0541416648701,0.9966637406820648,B,True,-1,True,True,14.0563373406428,eligible
C1,44,nonblind_diagnostic,30:42,49,6.680095603521072,1217.2165462117152,787.8172760323025,0.9966637406820648,B,True,-1,True,True,13.81897279882444,eligible
C1,44,nonblind_diagnostic,30:42,50,6.691327448927801,1218.1846543069705,787.5804103997348,0.9966637406820648,B,True,-1,True,True,13.581665723993769,eligible
C1,44,nonblind_diagnostic,30:42,51,6.702576482592514,1219.1527624022256,787.343544767167,0.9966637406820648,B,True,-1,True,True,13.344419181999807,eligible
C1,44,nonblind_diagnostic,30:42,52,6.71384274400059,1220.1208704974808,787.1066791345992,0.9966637406820648,B,True,-1,True,True,13.107236459852956,eligible
C1,44,nonblind_diagnostic,30:42,53,6.725126272758441,1221.0889785927359,786.8698135020315,0.9966637406820648,B,True,-1,True,True,12.870121085950931,eligible
C1,44,nonblind_diagnostic,30:42,54,6.736427108593982,1222.0570866879912,786.6329478694638,0.9966637406820648,B,True,-1,True,True,12.633076852554009,eligible
C1,44,nonblind_diagnostic,30:42,55,6.74774529135709,1223.0251947832464,786.3960822368961,0.9966637406820648,B,True,-1,True,True,12.396107840810073,eligible
C1,44,nonblind_diagnostic,30:42,56,6.7590808610200765,1223.9933028785015,786.1592166043284,0.9966637406820648,B,True,-1,True,True,12.15921844866736,eligible
C1,44,nonblind_diagnostic,30:42,57,6.770433857678161,1224.961410973757,785.9223509717607,0.9966637406820648,B,True,-1,True,True,11.922413422071452,eligible
C1,44,nonblind_diagnostic,30:42,58,6.781804321549937,1225.9295190690118,785.685485339193,0.9966637406820648,B,True,-1,True,True,11.685697889904837,eligible
C1,44,nonblind_diagnostic,30:42,59,6.793192292977851,1226.8976271642673,785.4486197066252,0.9966637406820648,B,True,-1,True,True,11.483754948315367,eligible
C1,44,nonblind_diagnostic,30:42,60,6.804597812428682,1227.8657352595226,785.2117540740575,0.9966637406820648,B,True,-1,True,True,11.365931438987744,eligible
C1,44,nonblind_diagnostic,30:42,61,6.816020920494012,1228.8338433547776,784.9748884414897,0.9966637406820648,B,True,-1,True,True,11.334850879590878,eligible
C1,44,nonblind_diagnostic,30:42,62,6.8274616578907175,1229.801951450033,784.7380228089221,0.9966637406820648,B,True,-1,True,True,11.391223317683597,eligible
C1,44,nonblind_diagnostic,30:42,63,6.83892006546145,1230.7700595452882,784.5011571763544,0.9966637406820648,B,True,-1,True,True,11.503455524663897,eligible
C1,44,nonblind_diagnostic,30:42,64,6.850396184175118,1231.7381676405435,784.2642915437866,0.9966637406820648,B,True,-1,True,True,11.267334208581955,eligible
C1,44,nonblind_diagnostic,30:42,65,6.86189005512738,1232.7062757357985,784.0274259112189,0.9966637406820648,B,True,-1,True,True,11.031337007398607,eligible
C1,44,nonblind_diagnostic,30:42,66,6.873401719541132,1233.6743838310535,783.7905602786512,0.9966637406820648,B,True,-1,True,True,10.795472060854278,eligible
C1,44,nonblind_diagnostic,30:42,67,6.884931218767005,1234.6424919263088,783.5536946460835,0.9966637406820648,B,True,-1,True,True,10.559748231161853,eligible
C1,44,nonblind_diagnostic,30:42,68,6.896478594283854,1235.610600021564,783.3168290135158,0.9966637406820648,B,True,-1,True,True,10.324175184358623,eligible
C1,44,nonblind_diagnostic,30:42,69,6.908043887699258,1236.5787081168194,783.0799633809481,0.9966637406820648,B,True,-1,True,True,10.088763482810425,eligible
C1,44,nonblind_diagnostic,30:42,70,6.919627140750023,1237.5468162120744,782.8430977483804,0.9966637406820648,B,True,-1,True,True,9.853524690678439,eligible
C1,44,nonblind_diagnostic,30:42,71,6.931228395302679,1238.51492430733,782.6062321158126,0.9966637406820648,B,True,-1,True,True,9.61847149449899,eligible
C1,44,nonblind_diagnostic,30:42,72,6.942847693353986,1239.483032402585,782.3693664832449,0.9966637406820648,B,True,-1,True,True,9.38180945230183,eligible
C1,44,nonblind_diagnostic,30:42,73,6.954485077031443,1240.45114049784,782.1325008506773,0.9966637406820648,B,True,-1,True,True,9.143637106557351,eligible
C1,44,nonblind_diagnostic,30:42,74,6.9661405885937935,1241.4192485930953,781.8956352181094,0.9966637406820648,B,True,-1,True,True,8.905509267665774,eligible
C1,44,nonblind_diagnostic,30:42,75,6.977814270431541,1242.3873566883506,781.6587695855417,0.9966637406820648,B,True,-1,True,True,8.667429603954767,eligible
C1,44,nonblind_diagnostic,30:42,76,6.989506165067458,1243.3554647836056,781.421903952974,0.9966637406820648,B,True,-1,True,True,8.429402197398323,eligible
C1,44,nonblind_diagnostic,30:42,77,7.001216315157109,1244.323572878861,781.1850383204063,0.9966637406820648,B,True,-1,True,True,8.191431603477747,eligible
C1,44,nonblind_diagnostic,30:42,78,7.012944763489362,1245.2916809741162,780.9481726878386,0.9966637406820648,B,True,-1,True,True,7.95352292172244,eligible
C1,44,nonblind_diagnostic,30:42,79,7.024691552986915,1246.2597890693712,780.7113070552708,0.9966637406820648,B,True,-1,True,True,7.715681879214197,eligible
C1,44,nonblind_diagnostic,30:42,80,7.036456726706817,1247.2278971646265,780.4744414227031,0.9966637406820648,B,True,-1,True,True,7.477914929916255,eligible
C1,44,nonblind_diagnostic,30:42,81,7.048240327840995,1248.1960052598818,780.2375757901353,0.9966637406820648,B,True,-1,True,True,7.2402293734283365,eligible
C1,44,nonblind_diagnostic,30:42,82,7.060042399716781,1249.164113355137,780.0007101575677,0.9966637406820648,B,True,-1,True,True,7.002633497735408,eligible
C1,44,nonblind_diagnostic,30:42,83,7.071862985797447,1250.1322214503923,779.763844525,0.9966637406820648,B,True,-1,True,True,6.7651367517823235,eligible
C1,44,nonblind_diagnostic,30:42,84,7.083702129682733,1251.1003295456474,779.5269788924322,0.9966637406820648,B,True,-1,True,True,6.527749955381687,eligible
C1,44,nonblind_diagnostic,30:42,85,7.095559875109387,1252.0684376409026,779.2901132598646,0.9966637406820648,B,True,-1,True,True,6.290485556188548,eligible
C1,44,nonblind_diagnostic,30:42,86,7.107436265951705,1253.0365457361577,779.0532476272969,0.9966637406820648,B,True,-1,True,True,6.053357946479483,eligible
C1,44,nonblind_diagnostic,30:42,87,7.119331346222065,1254.004653831413,778.816381994729,0.9966637406820648,B,True,-1,True,True,5.9025103836910295,eligible
C1,44,nonblind_diagnostic,30:42,88,7.131245160071479,1254.972761926668,778.5795163621614,0.9966637406820648,B,True,-1,True,True,5.918005783618101,eligible
C1,44,nonblind_diagnostic,30:42,89,7.143177751790134,1255.9408700219233,778.3426507295936,0.9966637406820648,B,True,-1,True,True,6.098576334217219,eligible
C1,44,nonblind_diagnostic,30:42,90,7.155129165807942,1256.9089781171785,778.1057850970259,0.9966637406820648,B,True,-1,True,True,6.106463512886635,eligible
C1,44,nonblind_diagnostic,30:42,91,7.167099446695094,1257.8770862124338,777.8689194644583,0.9966637406820648,B,True,-1,True,True,5.87020642562686,eligible
C1,44,nonblind_diagnostic,30:42,92,7.179088639162609,1258.8451943076889,777.6320538318905,0.9966637406820648,B,True,-1,True,True,5.63418096689169,eligible
C1,44,nonblind_diagnostic,30:42,93,7.191096788062897,1259.8133024029441,777.3951881993228,0.9966637406820648,B,True,-1,True,True,5.398417518019345,eligible
C1,44,nonblind_diagnostic,30:42,94,7.20312393839031,1260.7814104981994,777.158322566755,0.9966637406820648,B,True,-1,True,True,5.162951972756637,eligible
C1,44,nonblind_diagnostic,30:42,95,7.215170135281714,1261.7495185934547,776.9214569341874,0.9966637406820648,B,True,-1,True,True,4.927827035325631,eligible
C1,44,nonblind_diagnostic,30:42,96,7.227235424017047,1262.71762668871,776.6845913016197,0.9966637406820648,B,True,-1,True,True,4.693093899565562,eligible
C1,44,nonblind_diagnostic,30:42,97,7.239319850019885,1263.685734783965,776.4477256690519,0.9966637406820648,B,True,-1,True,True,4.458814444799521,eligible
C1,44,nonblind_diagnostic,30:42,98,7.251423458858017,1264.6538428792203,776.2108600364842,0.9966637406820648,B,True,-1,True,True,4.2250641414215275,eligible
C1,44,nonblind_diagnostic,30:42,99,7.2635462962440185,1265.6219509744756,775.9739944039167,0.9966637406820648,B,True,-1,True,True,3.991935944884503,eligible
C1,44,nonblind_diagnostic,30:42,100,7.27568840803582,1266.5900590697306,775.7371287713488,0.9966637406820648,B,True,-1,True,True,3.75954558689653,eligible
C1,44,nonblind_diagnostic,30:42,101,7.287849840237291,1267.558167164986,775.5002631387811,0.9966637406820648,B,True,-1,True,True,3.5280388737662856,eligible
C1,44,nonblind_diagnostic,30:42,102,7.300030638998818,1268.526275260241,775.2633975062133,0.9966637406820648,U,True,-1,True,True,3.297601918458189,eligible
C1,44,nonblind_diagnostic,30:42,103,7.312230850617892,1269.4943833554964,775.0265318736456,0.9966637406820648,U,True,-1,True,True,3.0666447600569176,eligible
C1,44,nonblind_diagnostic,30:42,104,7.324450521539692,1270.4624914507515,774.7896662410778,0.9966637406820648,B,True,-1,True,True,3.1497807828689517,eligible
C1,44,nonblind_diagnostic,30:42,105,7.336689698357674,1271.4305995460068,774.5528006085102,0.9966637406820648,B,True,-1,True,True,3.524855330344548,eligible
C1,44,nonblind_diagnostic,30:42,106,7.348948427814165,1272.398707641262,774.3159349759425,0.9966637406820648,U,True,-1,True,True,3.3398192388030994,eligible
C1,44,nonblind_diagnostic,30:42,107,7.361226756800957,1273.366815736517,774.0790693433748,0.9966637406820648,U,True,-1,True,True,3.10084211237324,eligible
C1,44,nonblind_diagnostic,30:42,108,7.373524732359908,1274.3349238317724,773.842203710807,0.9966637406820648,U,True,-1,True,True,2.8618693028882487,eligible
C1,44,nonblind_diagnostic,30:42,109,7.385842401683534,1275.3030319270276,773.6053380782394,0.9966637406820648,U,True,-1,True,True,2.6229019903004422,eligible
C1,44,nonblind_diagnostic,30:42,110,7.398179812115624,1276.2711400222827,773.3684724456715,0.9966637406820648,U,True,-1,True,True,2.383941827643575,eligible
C1,44,nonblind_diagnostic,30:42,111,7.410537011151841,1277.239248117538,773.1316068131039,0.9966637406820648,U,True,-1,True,True,2.144991204507911,eligible
C1,44,nonblind_diagnostic,30:42,112,7.4229140464403285,1278.2073562127932,772.8947411805362,0.9966637406820648,U,True,-1,True,True,1.9060537086356797,eligible
C1,44,nonblind_diagnostic,30:42,113,7.435310965782328,1279.1754643080483,772.6578755479684,0.9966637406820648,U,True,-1,True,True,1.6671349843220082,eligible
C1,44,nonblind_diagnostic,30:42,114,7.447727817132794,1280.1435724033036,772.4210099154008,0.9966637406820648,U,True,-1,True,True,1.4282444519960968,eligible
C1,44,nonblind_diagnostic,30:42,115,7.460164648601008,1281.1116804985588,772.1841442828329,0.9966637406820648,U,True,-1,True,True,1.1893990988411751,eligible
C1,44,nonblind_diagnostic,30:42,116,7.472621508451204,1282.0797885938139,771.9472786502653,0.9966637406820648,U,True,-1,True,True,0.950632979099293,eligible
C1,44,nonblind_diagnostic,30:42,117,7.485098445103192,1283.0478966890691,771.7104130176975,0.9966637406820648,U,True,-1,True,True,0.7120258060898511,eligible
C1,44,nonblind_diagnostic,30:42,118,7.497595507132986,1284.0160047843244,771.4735473851299,0.9966637406820648,U,True,-1,True,True,0.47381776991227514,eligible
C1,44,nonblind_diagnostic,30:42,119,7.51011274327343,1284.9841128795795,771.236681752562,0.9966637406820648,U,True,-1,True,True,0.23721436000187557,eligible
C1,44,nonblind_diagnostic,30:42,120,7.522650202414837,1285.952220974835,770.9998161199944,0.9966637406820648,U,True,-1,True,True,0.9522209925891791,eligible
C1,44,nonblind_diagnostic,30:42,121,7.535207933605624,1286.92032907009,770.7629504874267,0.9966637406820648,U,True,-1,True,True,0.7670990179483529,eligible
C1,44,nonblind_diagnostic,30:42,122,7.547785986052948,1287.888437165345,770.526084854859,0.9966637406820648,U,True,-1,True,True,0.5377839162603432,eligible
C1,44,nonblind_diagnostic,30:42,123,7.560384409123355,1288.8565452606003,770.2892192222912,0.9966637406820648,U,True,-1,True,True,0.3228420988640533,eligible
C1,44,nonblind_diagnostic,30:42,124,7.573003252343421,1289.8246533558556,770.0523535897236,0.9966637406820648,U,True,-1,True,True,0.18299547527094898,eligible
C1,44,nonblind_diagnostic,30:42,125,7.585642565400402,1290.7927614511107,769.8154879571558,0.9966637406820648,U,True,-1,True,True,0.27747524231954235,eligible
C1,44,nonblind_diagnostic,30:42,126,7.598302398142888,1291.760869546366,769.5786223245881,0.9966637406820648,U,True,-1,True,True,0.4845023417804951,eligible
C1,44,nonblind_diagnostic,30:42,127,7.610982800581455,1292.7289776416212,769.3417566920205,0.9966637406820648,U,True,-1,True,True,0.7118548807454055,eligible
C1,44,nonblind_diagnostic,30:42,128,7.623683822889327,1293.6970857368765,769.1048910594526,0.9966637406820648,U,True,-1,True,True,0.944974637887998,eligible
C1,44,nonblind_diagnostic,30:42,129,7.636405515403037,1294.6651938321315,768.8680254268849,0.9966637406820648,U,True,-1,True,True,1.1804497465889767,eligible
C1,44,nonblind_diagnostic,30:42,130,7.649147928623088,1295.6333019273868,768.6311597943172,0.9966637406820648,U,True,-1,True,True,1.4171065539160714,eligible
C1,44,nonblind_diagnostic,30:42,131,7.661911113214628,1296.601410022642,768.3942941617495,0.9966637406820648,F,True,-1,True,True,1.6544380342103997,eligible
C1,44,nonblind_diagnostic,30:42,132,7.674695120008116,1297.5695181178974,768.1574285291817,0.9966637406820648,F,True,-1,True,True,1.8921903381774217,eligible
C1,44,nonblind_diagnostic,30:42,133,7.6875,1298.5376262131524,767.920562896614,0.4983318703410324,F,True,-1,True,True,1.8176142474753338,eligible
C1,44,nonblind_diagnostic,37:49,0,7.6875,1297.8968618125868,216.25106688380242,0.49998922538015933,U,True,-1,False,True,103.07562552306025,excluded_contour_domain
C1,44,nonblind_diagnostic,37:49,1,7.702937805828909,1298.8217394552062,216.63127504805982,0.9999784507603187,U,True,-1,False,True,102.075664404326,excluded_contour_domain
C1,44,nonblind_diagnostic,37:49,2,7.718413659756176,1299.7466170978253,217.01148321231724,0.9999784507603187,U,True,-1,False,True,101.07570362853298,excluded_contour_domain
C1,44,nonblind_diagnostic,37:49,3,7.733927702615671,1300.6714947404448,217.39169137657476,0.9999784507603187,U,True,-1,False,True,100.07574320596056,excluded_contour_domain
C1,44,nonblind_diagnostic,37:49,4,7.749480075937175,1301.596372383064,217.77189954083212,0.9999784507603187,U,True,-1,False,True,99.07578314730473,excluded_contour_domain
C1,44,nonblind_diagnostic,37:49,5,7.7650709219506915,1302.5212500256832,218.15210770508958,0.9999784507603187,U,True,-1,False,True,98.07582346369603,excluded_contour_domain
C1,44,nonblind_diagnostic,37:49,6,7.780700383590777,1303.4461276683026,218.53231586934695,0.9999784507603187,U,True,-1,False,True,97.07586416672456,excluded_contour_domain
C1,44,nonblind_diagnostic,37:49,7,7.796368604500911,1304.3710053109219,218.9125240336045,0.9999784507603187,U,True,-1,False,True,96.07590526846262,excluded_contour_domain
C1,44,nonblind_diagnostic,37:49,8,7.812075729037895,1305.295882953541,219.29273219786182,0.9999784507603187,U,True,-1,False,True,95.07594678149083,excluded_contour_domain
C1,44,nonblind_diagnostic,37:49,9,7.827821902276288,1306.2207605961605,219.67294036211928,0.9999784507603187,U,True,-1,False,True,94.07598871892354,excluded_contour_domain
C1,44,nonblind_diagnostic,37:49,10,7.843607270012872,1307.1456382387796,220.05314852637673,0.9999784507603187,U,True,-1,False,True,93.07603109444038,excluded_contour_domain
C1,44,nonblind_diagnostic,37:49,11,7.859431978771152,1308.0705158813987,220.4333566906342,0.9999784507603187,U,True,-1,False,True,92.07607392231384,excluded_contour_domain
C1,44,nonblind_diagnostic,37:49,12,7.875296175805889,1308.995393524018,220.81356485489164,0.9999784507603187,U,True,-1,False,True,91.0761172174435,excluded_contour_domain
C1,44,nonblind_diagnostic,37:49,13,7.891200009107668,1309.9202711666376,221.193773019149,0.9999784507603187,U,True,-1,False,True,90.07616099539074,excluded_contour_domain
C1,44,nonblind_diagnostic,37:49,14,7.9071436274075015,1310.8451488092567,221.5739811834065,0.9999784507603187,U,True,-1,False,True,89.07620527241622,excluded_contour_domain
C1,44,nonblind_diagnostic,37:49,15,7.923127180181463,1311.7700264518758,221.95418934766388,0.9999784507603187,U,True,-1,False,True,88.07625006551815,excluded_contour_domain
C1,44,nonblind_diagnostic,37:49,16,7.939150817655358,1312.694904094495,222.33439751192134,0.9999784507603187,U,True,-1,False,True,87.07629539247561,excluded_contour_domain
C1,44,nonblind_diagnostic,37:49,17,7.955214690809436,1313.6197817371146,222.71460567617868,0.9999784507603187,U,True,-1,False,True,86.0763412718942,excluded_contour_domain
C1,44,nonblind_diagnostic,37:49,18,7.971318951383126,1314.544659379734,223.09481384043616,0.9999784507603187,U,True,-1,False,True,85.07638772325444,excluded_contour_domain
C1,44,nonblind_diagnostic,37:49,19,7.987463751879817,1315.4695370223533,223.4750220046936,0.9999784507603187,U,True,-1,False,True,84.07643476696317,excluded_contour_domain
C1,44,nonblind_diagnostic,37:49,20,8.003649245571673,1316.3944146649726,223.85523016895107,0.9999784507603187,U,True,-1,False,True,83.07648242440985,excluded_contour_domain
C1,44,nonblind_diagnostic,37:49,21,8.01987558650448,1317.3192923075917,224.23543833320846,0.9999784507603187,U,True,-1,False,True,82.07653071802653,excluded_contour_domain
C1,44,nonblind_diagnostic,37:49,22,8.036142929502537,1318.2441699502108,224.61564649746592,0.9999784507603187,U,True,-1,False,True,81.0765796713514,excluded_contour_domain
C1,44,nonblind_diagnostic,37:49,23,8.05245143017358,1319.1690475928303,224.9958546617234,0.9999784507603187,U,True,-1,False,True,80.07662930909824,excluded_contour_domain
C1,44,nonblind_diagnostic,37:49,24,8.068801244913741,1320.0939252354497,225.37606282598077,0.9999784507603187,U,True,-1,False,True,79.07667965723195,excluded_contour_domain
C1,44,nonblind_diagnostic,37:49,25,8.085192530912547,1321.018802878069,225.75627099023816,0.9999784507603187,U,True,-1,False,True,78.07673074304661,excluded_contour_domain
C1,44,nonblind_diagnostic,37:49,26,8.10162544615796,1321.943680520688,226.13647915449562,0.9999784507603187,U,True,-1,False,True,77.07678259525315,excluded_contour_domain
C1,44,nonblind_diagnostic,37:49,27,8.118100149441457,1322.8685581633074,226.5166873187531,0.9999784507603187,U,True,-1,False,True,76.07683524407132,excluded_contour_domain
C1,44,nonblind_diagnostic,37:49,28,8.13461680036313,1323.7934358059267,226.8968954830105,0.9999784507603187,U,True,-1,False,True,75.07688872133156,excluded_contour_domain
C1,44,nonblind_diagnostic,37:49,29,8.151175559336858,1324.7183134485458,227.2771036472679,0.9999784507603187,U,True,-1,False,True,74.07694306058283,excluded_contour_domain
C1,44,nonblind_diagnostic,37:49,30,8.16777658759549,1325.6431910911654,227.65731181152535,0.9999784507603187,U,True,-1,False,True,73.07699829720954,excluded_contour_domain
C1,44,nonblind_diagnostic,37:49,31,8.18442004719608,1326.5680687337847,228.03751997578286,0.9999784507603187,U,True,-1,False,True,72.07705446856093,excluded_contour_domain
C1,44,nonblind_diagnostic,37:49,32,8.201106101025156,1327.4929463764038,228.41772814004023,0.9999784507603187,U,True,-1,False,True,71.07711161408741,excluded_contour_domain
C1,44,nonblind_diagnostic,37:49,33,8.217834912804044,1328.417824019023,228.79793630429765,0.9999784507603187,U,True,-1,False,True,70.07716977549049,excluded_contour_domain
C1,44,nonblind_diagnostic,37:49,34,8.234606647094216,1329.3427016616422,229.17814446855513,0.9999784507603187,U,True,-1,False,True,69.07722899688717,excluded_contour_domain
C1,44,nonblind_diagnostic,37:49,35,8.251421469302686,1330.2675793042615,229.55835263281253,0.9999784507603187,U,True,-1,False,True,68.07728932498568,excluded_contour_domain
C1,44,nonblind_diagnostic,37:49,36,8.268279545687449,1331.192456946881,229.93856079706998,0.9999784507603187,U,True,-1,False,True,67.07735080927965,excluded_contour_domain
C1,44,nonblind_diagnostic,37:49,37,8.285181043362957,1332.1173345895002,230.31876896132744,0.9999784507603187,U,True,-1,False,True,66.07741350225925,excluded_contour_domain
C1,44,nonblind_diagnostic,37:49,38,8.30212613030565,1333.0422122321195,230.69897712558483,0.9999784507603187,U,True,-1,False,True,65.07747745963945,excluded_contour_domain
C1,44,nonblind_diagnostic,37:49,39,8.319114975359513,1333.9670898747388,231.07918528984226,0.9999784507603187,U,True,-1,False,True,64.07754274061374,excluded_contour_domain
C1,44,nonblind_diagnostic,37:49,40,8.336147748241686,1334.8919675173581,231.45939345409965,0.9999784507603187,U,True,-1,False,True,63.07760940812873,excluded_contour_domain
C1,44,nonblind_diagnostic,37:49,41,8.353224619548113,1335.8168451599774,231.8396016183571,0.9999784507603187,U,True,-1,False,True,62.077677529186666,excluded_contour_domain
C1,44,nonblind_diagnostic,37:49,42,8.370345760759244,1336.7417228025968,232.21980978261453,0.9999784507603187,U,True,-1,False,True,61.07774717517744,excluded_contour_domain
C1,44,nonblind_diagnostic,37:49,43,8.387511344245771,1337.6666004452159,232.6000179468719,0.9999784507603187,U,True,-1,False,True,60.077818422243844,excluded_contour_domain
C1,44,nonblind_diagnostic,37:49,44,8.404721543274414,1338.5914780878352,232.98022611112944,0.9999784507603187,U,True,-1,False,True,59.07789135168287,excluded_contour_domain
C1,44,nonblind_diagnostic,37:49,45,8.421976532013744,1339.5163557304547,233.36043427538687,0.9999784507603187,U,True,-1,False,True,58.07796605039075,excluded_contour_domain
C1,44,nonblind_diagnostic,37:49,46,8.43927648554007,1340.4412333730738,233.74064243964423,0.9999784507603187,U,True,-1,False,True,57.07804261135324,excluded_contour_domain
C1,44,nonblind_diagnostic,37:49,47,8.45662157984335,1341.3661110156931,234.12085060390172,0.9999784507603187,U,True,-1,False,True,56.07812113418666,excluded_contour_domain
C1,44,nonblind_diagnostic,37:49,48,8.474011991833168,1342.2909886583122,234.5010587681592,0.9999784507603187,U,True,-1,False,True,55.0782017257423,excluded_contour_domain
C1,44,nonblind_diagnostic,37:49,49,8.491447899344738,1343.2158663009316,234.88126693241657,0.9999784507603187,U,True,-1,False,True,54.078284500773165,excluded_contour_domain
C1,44,nonblind_diagnostic,37:49,50,8.508929481144978,1344.140743943551,235.26147509667405,0.9999784507603187,U,True,-1,False,True,53.07836958267963,excluded_contour_domain
C1,44,nonblind_diagnostic,37:49,51,8.526456916938608,1345.0656215861702,235.64168326093147,0.9999784507603187,U,True,-1,False,True,52.07845710433892,excluded_contour_domain
C1,44,nonblind_diagnostic,37:49,52,8.544030387374315,1345.9904992287895,236.0218914251888,0.9999784507603187,U,True,-1,False,True,51.07854720903269,excluded_contour_domain
C1,44,nonblind_diagnostic,37:49,53,8.561650074050958,1346.9153768714086,236.4020995894463,0.9999784507603187,U,True,-1,False,True,50.07864005148583,excluded_contour_domain
C1,44,nonblind_diagnostic,37:49,54,8.57931615952382,1347.8402545140282,236.78230775370375,0.9999784507603187,U,True,-1,False,True,49.07873579903121,excluded_contour_domain
C1,44,nonblind_diagnostic,37:49,55,8.597028827310918,1348.7651321566473,237.1625159179612,0.9999784507603187,U,True,-1,False,True,48.0788346329229,excluded_contour_domain
C1,44,nonblind_diagnostic,37:49,56,8.614788261899356,1349.6900097992666,237.54272408221868,0.9999784507603187,U,True,-1,False,True,47.07893674981131,excluded_contour_domain
C1,44,nonblind_diagnostic,37:49,57,8.632594648751725,1350.614887441886,237.92293224647614,0.9999784507603187,U,True,-1,False,True,46.07904236341607,excluded_contour_domain
C1,44,nonblind_diagnostic,37:49,58,8.650448174312567,1351.5397650845052,238.30314041073345,0.9999784507603187,U,True,-1,False,True,45.079151706417754,excluded_contour_domain
C1,44,nonblind_diagnostic,37:49,59,8.668349026014877,1352.4646427271243,238.68334857499087,0.9999784507603187,U,True,-1,False,True,44.07926503260853,excluded_contour_domain
C1,44,nonblind_diagnostic,37:49,60,8.686297392286665,1353.3895203697437,239.0635567392483,0.9999784507603187,U,True,-1,False,True,43.07938261934141,excluded_contour_domain
C1,44,nonblind_diagnostic,37:49,61,8.704293462557567,1354.314398012363,239.44376490350575,0.9999784507603187,U,True,-1,False,True,42.079504770330345,excluded_contour_domain
C1,44,nonblind_diagnostic,37:49,62,8.722337427265508,1355.2392756549825,239.82397306776315,0.9999784507603187,U,True,-1,False,True,41.07963181885699,excluded_contour_domain
C1,44,nonblind_diagnostic,37:49,63,8.740429477863415,1356.1641532976016,240.20418123202057,0.9999784507603187,U,True,-1,False,True,40.07976413145972,excluded_contour_domain
C1,44,nonblind_diagnostic,37:49,64,8.758569806826005,1357.089030940221,240.58438939627803,0.9999784507603187,U,True,-1,False,True,39.07990211218542,excluded_contour_domain
C1,44,nonblind_diagnostic,37:49,65,8.776758607656587,1358.0139085828403,240.96459756053548,0.9999784507603187,U,True,-1,False,True,38.08004620751548,excluded_contour_domain
C1,44,nonblind_diagnostic,37:49,66,8.794996074893962,1358.9387862254594,241.34480572479288,0.9999784507603187,U,True,-1,False,True,37.08019691208531,excluded_contour_domain
C1,44,nonblind_diagnostic,37:49,67,8.81328240411935,1359.863663868079,241.72501388905033,0.9999784507603187,U,True,-1,False,True,36.08035477535477,excluded_contour_domain
C1,44,nonblind_diagnostic,37:49,68,8.831617791963383,1360.788541510698,242.10522205330778,0.9999784507603187,U,True,-1,False,True,35.080520409422526,excluded_contour_domain
C1,44,nonblind_diagnostic,37:49,69,8.850002436113149,1361.7134191533173,242.48543021756518,0.9999784507603187,U,True,-1,False,True,34.08069449820986,excluded_contour_domain
C1,44,nonblind_diagnostic,37:49,70,8.868436535319304,1362.6382967959366,242.8656383818227,0.9999784507603187,U,True,-1,False,True,33.08087780831519,excluded_contour_domain
C1,44,nonblind_diagnostic,37:49,71,8.886920289403228,1363.5631744385557,243.24584654608,0.9999784507603187,U,True,-1,False,True,32.08107120189471,excluded_contour_domain
C1,44,nonblind_diagnostic,37:49,72,8.905453899264252,1364.488052081175,243.62605471033746,0.9999784507603187,U,True,-1,False,True,31.081275652027987,excluded_contour_domain
C1,44,nonblind_diagnostic,37:49,73,8.924037566886929,1365.4129297237946,244.0062628745949,0.9999784507603187,U,True,-1,False,True,30.081492261149805,excluded_contour_domain
C1,44,nonblind_diagnostic,37:49,74,8.942671495348373,1366.3378073664137,244.3864710388524,0.9999784507603187,U,True,-1,False,True,29.081722283280918,excluded_contour_domain
C1,44,nonblind_diagnostic,37:49,75,8.961355888825661,1367.2626850090328,244.76667920310982,0.9999784507603187,U,True,-1,False,True,28.08196715100477,excluded_contour_domain
C1,44,nonblind_diagnostic,37:49,76,8.98009095260329,1368.1875626516523,245.1468873673672,0.9999784507603187,U,True,-1,False,True,27.08222850842026,excluded_contour_domain
C1,44,nonblind_diagnostic,37:49,77,8.998876893080688,1369.1124402942717,245.5270955316247,0.9999784507603187,U,True,-1,False,True,26.08250825167034,excluded_contour_domain
C1,44,nonblind_diagnostic,37:49,78,9.0177139177798,1370.0373179368908,245.90730369588212,0.9999784507603187,U,True,-1,False,True,25.082808579156232,excluded_contour_domain
C1,44,nonblind_diagnostic,37:49,79,9.036602235352728,1370.96219557951,246.28751186013952,0.9999784507603187,U,True,-1,False,True,24.083132054255227,excluded_contour_domain
C1,44,nonblind_diagnostic,37:49,80,9.055542055589438,1371.8870732221294,246.667720024397,0.9999784507603187,U,True,-1,False,True,23.083481684329296,excluded_contour_domain
C1,44,nonblind_diagnostic,37:49,81,9.07453358942552,1372.8119508647487,247.0479281886544,0.9999784507603187,U,True,-1,False,True,22.08386102118034,excluded_contour_domain
C1,44,nonblind_diagnostic,37:49,82,9.093577048950024,1373.736828507368,247.42813635291188,0.9999784507603187,U,True,-1,False,True,21.084274290067924,excluded_contour_domain
C1,44,nonblind_diagnostic,37:49,83,9.112672647413353,1374.6617061499871,247.80834451716927,0.9999784507603187,U,True,-1,False,True,20.08472655723274,excluded_contour_domain
C1,44,nonblind_diagnostic,37:49,84,9.131820599235228,1375.5865837926067,248.1885526814267,0.9999784507603187,U,True,-1,False,True,19.08522395002883,excluded_contour_domain
C1,44,nonblind_diagnostic,37:49,85,9.151021120012702,1376.5114614352258,248.56876084568407,0.9999784507603187,U,True,-1,False,True,18.085773950005148,excluded_contour_domain
C1,44,nonblind_diagnostic,37:49,86,9.17027442652827,1377.436339077845,248.94896900994146,0.9999784507603187,U,True,-1,False,True,17.08638578876695,excluded_contour_domain
C1,44,nonblind_diagnostic,37:49,87,9.189580736758005,1378.3612167204642,249.329177174199,0.9999784507603187,U,True,-1,False,True,16.08707099127882,excluded_contour_domain
C1,44,nonblind_diagnostic,37:49,88,9.208940269879806,1379.2860943630837,249.7093853384564,0.9999784507603187,F,True,-1,False,True,15.087844134874626,excluded_contour_domain
C1,44,nonblind_diagnostic,37:49,89,9.228353246281676,1380.210972005703,250.08959350271388,0.9999784507603187,U,True,-1,False,True,14.088723930934005,excluded_contour_domain
C1,44,nonblind_diagnostic,37:49,90,9.247819887570095,1381.1358496483222,250.4698016669713,0.9999784507603187,U,True,-1,False,True,13.089734801356773,excluded_contour_domain
C1,44,nonblind_diagnostic,37:49,91,9.267340416578447,1382.0607272909415,250.85000983122868,0.9999784507603187,U,True,-1,False,True,12.09090923552045,excluded_contour_domain
C1,44,nonblind_diagnostic,37:49,92,9.286915057375527,1382.9856049335608,251.23021799548619,0.9999784507603187,U,True,-1,False,True,11.092291418697286,excluded_contour_domain
C1,44,nonblind_diagnostic,37:49,93,9.306544035274106,1383.9104825761801,251.6104261597436,0.9999784507603187,U,True,-1,False,True,10.093943010389362,excluded_contour_domain
C1,44,nonblind_diagnostic,37:49,94,9.326227576839589,1384.8353602187992,251.99063432400106,0.9999784507603187,U,True,-1,False,True,9.095952719789427,excluded_contour_domain
C1,44,nonblind_diagnostic,37:49,95,9.345965909898721,1385.7602378614188,252.37084248825843,0.9999784507603187,U,True,-1,False,True,8.098452942893752,excluded_contour_domain
C1,44,nonblind_diagnostic,37:49,96,9.365759263548378,1386.685115504038,252.7510506525159,0.9999784507603187,U,True,-1,False,True,7.101650375782906,excluded_contour_domain
C1,44,nonblind_diagnostic,37:49,97,9.385607868164442,1387.6099931466572,253.13125881677337,0.9999784507603187,U,True,-1,False,True,6.105886492183016,excluded_contour_domain
C1,44,nonblind_diagnostic,37:49,98,9.40551195541072,1388.5348707892765,253.51146698103074,0.9999784507603187,U,True,-1,False,True,5.111768329546679,excluded_contour_domain
C1,44,nonblind_diagnostic,37:49,99,9.425471758247975,1389.4597484318958,253.89167514528822,0.9999784507603187,U,True,-1,False,True,4.120487211296678,excluded_contour_domain
C1,44,nonblind_diagnostic,37:49,100,9.445487510943003,1390.3846260745152,254.27188330954564,0.9999784507603187,U,True,-1,False,True,3.134735725054495,excluded_contour_domain
C1,44,nonblind_diagnostic,37:49,101,9.465559449077805,1391.3095037171345,254.65209147380307,0.9999784507603187,U,True,-1,False,True,2.162090441534891,excluded_contour_domain
C1,44,nonblind_diagnostic,37:49,102,9.485687809558826,1392.2343813597536,255.0322996380605,0.9999784507603187,U,True,-1,False,True,1.2339432291603387,excluded_contour_domain
C1,44,nonblind_diagnostic,37:49,103,9.505872830626274,1393.159259002373,255.41250780231786,0.9999784507603187,U,True,-1,False,True,0.6086957468014685,excluded_contour_domain
C1,44,nonblind_diagnostic,37:49,104,9.526114751863526,1394.0841366449922,255.7927159665753,0.9999784507603187,U,True,-1,True,True,0.22370884100402333,eligible
C1,44,nonblind_diagnostic,37:49,105,9.546413814206602,1395.0090142876113,256.17292413083277,0.9999784507603187,U,True,-1,True,True,0.8271249910018863,eligible
C1,44,nonblind_diagnostic,37:49,106,9.566770259953726,1395.9338919302309,256.55313229509017,0.9999784507603187,U,True,-1,True,True,0.4517311397058929,eligible
C1,44,nonblind_diagnostic,37:49,107,9.587184332774964,1396.85876957285,256.9333404593477,0.9999784507603187,U,True,-1,True,True,0.8613528159893984,eligible
C1,44,nonblind_diagnostic,37:49,108,9.607656277721954,1397.7836472154693,257.31354862360513,0.9999784507603187,U,True,-1,True,True,0.7197388550916309,eligible
C1,44,nonblind_diagnostic,37:49,109,9.6281863412377,1398.7085248580888,257.69375678786247,0.9999784507603187,U,True,-1,True,True,0.4227796865182316,eligible
C1,44,nonblind_diagnostic,37:49,110,9.648774771166474,1399.633402500708,258.07396495212,0.9999784507603187,U,True,-1,True,True,0.6377064701295987,eligible
C1,44,nonblind_diagnostic,37:49,111,9.669421816763776,1400.5582801433272,258.4541731163773,0.9999784507603187,U,True,-1,True,True,0.7807712246994819,eligible
C1,44,nonblind_diagnostic,37:49,112,9.69012772870641,1401.4831577859466,258.8343812806348,0.9999784507603187,U,True,-1,True,True,1.2617877971574356,eligible
C1,44,nonblind_diagnostic,37:49,113,9.710892759102608,1402.4080354285657,259.2145894448923,0.9999784507603187,U,True,-1,True,True,0.8850777655321418,eligible
C1,44,nonblind_diagnostic,37:49,114,9.731717161502278,1403.332913071185,259.5947976091496,0.9999784507603187,U,True,-1,True,True,1.393142574500767,eligible
C1,44,nonblind_diagnostic,37:49,115,9.752601190907322,1404.2577907138043,259.9750057734071,0.9999784507603187,U,True,-1,True,True,1.056914952431157,eligible
C1,44,nonblind_diagnostic,37:49,116,9.773545103782036,1405.1826683564236,260.3552139376645,0.9999784507603187,U,True,-1,True,True,0.6701617675014445,eligible
C1,44,nonblind_diagnostic,37:49,117,9.794549158063617,1406.107545999043,260.735422101922,0.9999784507603187,U,True,-1,True,True,1.138709622400464,eligible
C1,44,nonblind_diagnostic,37:49,118,9.81561361317275,1407.0324236416623,261.1156302661794,0.9999784507603187,U,True,-1,True,True,0.8849639080982888,eligible
C1,44,nonblind_diagnostic,37:49,119,9.836738730024283,1407.9573012842814,261.49583843043683,0.9999784507603187,U,True,-1,True,True,0.5059664697867012,eligible
C1,44,nonblind_diagnostic,37:49,120,9.85792477103801,1408.8821789269007,261.87604659469423,0.9999784507603187,U,True,-1,True,True,0.8908446024725801,eligible
C1,44,nonblind_diagnostic,37:49,121,9.879172000149527,1409.80705656952,262.2562547589517,0.9999784507603187,U,True,-1,True,True,0.768364595063703,eligible
C1,44,nonblind_diagnostic,37:49,122,9.900480682821197,1410.7319342121393,262.63646292320914,0.9999784507603187,U,True,-1,True,True,0.4516840409213187,eligible
C1,44,nonblind_diagnostic,37:49,123,9.92185108605321,1411.6568118547586,263.01667108746653,0.9999784507603187,U,True,-1,True,True,0.657023392056026,eligible
C1,44,nonblind_diagnostic,37:49,124,9.943283478394722,1412.581689497378,263.39687925172393,0.9999784507603187,U,True,-1,True,True,0.7339879519481126,eligible
C1,44,nonblind_diagnostic,37:49,125,9.964778129955123,1413.506567139997,263.77708741598144,0.9999784507603187,U,True,-1,True,True,0.5414480653253019,eligible
C1,44,nonblind_diagnostic,37:49,126,9.986335312415365,1414.4314447826164,264.1572955802389,0.9999784507603187,U,True,-1,True,True,0.4592238016583931,eligible
C1,44,nonblind_diagnostic,37:49,127,10.007955299039422,1415.3563224252357,264.5375037444963,0.9999784507603187,U,True,-1,True,True,0.5838394103525429,eligible
C1,44,nonblind_diagnostic,37:49,128,10.02963836468583,1416.281200067855,264.91771190875374,0.9999784507603187,U,True,-1,True,True,0.29299284653831154,eligible
C1,44,nonblind_diagnostic,37:49,129,10.051384785819335,1417.2060777104743,265.29792007301114,0.9999784507603187,U,True,-1,True,True,0.36224907544024526,eligible
C1,44,nonblind_diagnostic,37:49,130,10.07319484052265,1418.1309553530937,265.67812823726854,0.9999784507603187,U,True,-1,True,True,0.6906570861757825,eligible
C1,44,nonblind_diagnostic,37:49,131,10.095068808508298,1419.0558329957128,266.058336401526,0.9999784507603187,U,True,-1,True,True,0.08074936007958883,eligible
C1,44,nonblind_diagnostic,37:49,132,10.117006971130579,1419.980710638332,266.4385445657834,0.9999784507603187,U,True,-1,True,True,0.43896858162253066,eligible
C1,44,nonblind_diagnostic,37:49,133,10.139009611397622,1420.9055882809514,266.81875273004084,0.9999784507603187,U,True,-1,True,True,0.8241781395081056,eligible
C1,44,nonblind_diagnostic,37:49,134,10.161077013983572,1421.8304659235705,267.1989608942983,0.9999784507603187,U,True,-1,True,False,0.2613947982091092,eligible
C1,44,nonblind_diagnostic,37:49,135,10.18320946524085,1422.75534356619,267.57916905855575,0.9999784507603187,U,True,-1,True,False,0.628723762071194,eligible
C1,44,nonblind_diagnostic,37:49,136,10.205407253212547,1423.6802212088091,267.95937722281315,0.9999784507603187,U,True,-1,True,False,1.0112680806532703,eligible
C1,44,nonblind_diagnostic,37:49,137,10.22767066764492,1424.6050988514285,268.33958538707066,0.9999784507603187,U,True,-1,True,False,1.3965800823427048,eligible
C1,44,nonblind_diagnostic,37:49,138,10.25,1425.5299764940478,268.71979355132805,0.49998922538015933,U,True,-1,True,False,0.8596655469896766,eligible
C1,44,nonblind_diagnostic,48:49,0,10.25,1375.1710117819605,254.13404763012704,0.4946104427897638,F,False,74,False,False,17.92636603234538,self_occluded
C1,44,nonblind_diagnostic,48:49,1,10.25,1376.1211809274716,254.40925038335726,0.9892208855795276,F,False,74,False,False,16.953613704045406,self_occluded
C1,44,nonblind_diagnostic,48:49,2,10.25,1377.0713500729826,254.6844531365875,0.9892208855795276,F,False,74,False,False,15.982883095590322,self_occluded
C1,44,nonblind_diagnostic,48:49,3,10.25,1378.0215192184935,254.95965588981767,0.9892208855795276,F,False,74,False,False,15.01456634037596,self_occluded
C1,44,nonblind_diagnostic,48:49,4,10.25,1378.9716883640049,255.23485864304786,0.9892208855795276,F,False,74,False,False,14.049162560548396,self_occluded
C1,44,nonblind_diagnostic,48:49,5,10.25,1379.9218575095158,255.5100613962781,0.9892208855795276,F,False,74,True,False,13.087316410816433,self_occluded
C1,44,nonblind_diagnostic,48:49,6,10.25,1380.872026655027,255.78526414950832,0.9892208855795276,F,False,74,True,False,12.129874234379473,self_occluded
C1,44,nonblind_diagnostic,48:49,7,10.25,1381.8221958005379,256.06046690273854,0.9892208855795276,F,False,74,True,False,11.177967747665035,self_occluded
C1,44,nonblind_diagnostic,48:49,8,10.25,1382.772364946049,256.3356696559688,0.9892208855795276,F,False,74,True,False,10.23314188872336,self_occluded
C1,44,nonblind_diagnostic,48:49,9,10.25,1383.7225340915602,256.61087240919886,0.9892208855795276,F,False,74,True,False,9.297555527265395,self_occluded
C1,44,nonblind_diagnostic,48:49,10,10.25,1384.6727032370713,256.88607516242917,0.9892208855795276,F,False,74,True,False,8.374305975503637,self_occluded
C1,44,nonblind_diagnostic,48:49,11,10.25,1385.6228723825825,257.16127791565935,0.9892208855795276,F,False,74,True,False,7.4679701580189874,self_occluded
C1,44,nonblind_diagnostic,48:49,12,10.25,1386.5730415280934,257.4364806688895,0.9892208855795276,F,False,74,True,False,6.585535051285117,self_occluded
C1,44,nonblind_diagnostic,48:49,13,10.25,1387.5232106736046,257.7116834221197,0.9892208855795276,F,False,74,True,False,5.738038119712879,self_occluded
C1,44,nonblind_diagnostic,48:49,14,10.25,1388.4733798191157,257.98688617535,0.9892208855795276,F,False,74,True,False,4.94348125674464,self_occluded
C1,44,nonblind_diagnostic,48:49,15,10.25,1389.4235489646267,258.2620889285801,0.9892208855795276,F,False,74,True,False,4.23179020382955,self_occluded
C1,44,nonblind_diagnostic,48:49,16,10.25,1390.3737181101378,258.53729168181036,0.9892208855795276,F,False,74,True,False,3.6517400843436443,self_occluded
C1,44,nonblind_diagnostic,48:49,17,10.25,1391.323887255649,258.81249443504055,0.9892208855795276,F,False,74,True,False,3.2740615264392936,self_occluded
C1,44,nonblind_diagnostic,48:49,18,10.25,1392.27405640116,259.08769718827074,0.9892208855795276,F,False,74,True,False,3.171887140985937,self_occluded
C1,44,nonblind_diagnostic,48:49,19,10.25,1393.224225546671,259.362899941501,0.9892208855795276,F,False,74,True,False,2.955786027885152,self_occluded
C1,44,nonblind_diagnostic,48:49,20,10.25,1394.1743946921822,259.63810269473123,0.9892208855795276,F,False,74,True,False,2.7642738562315237,self_occluded
C1,44,nonblind_diagnostic,48:49,21,10.25,1395.1245638376931,259.91330544796136,0.9892208855795276,F,False,74,True,False,2.679178705515358,self_occluded
C1,44,nonblind_diagnostic,48:49,22,10.25,1396.0747329832043,260.1885082011916,0.9892208855795276,F,False,74,True,False,2.3760654871137237,self_occluded
C1,44,nonblind_diagnostic,48:49,23,10.25,1397.0249021287154,260.4637109544218,0.9892208855795276,F,False,74,True,False,2.463836801201032,self_occluded
C1,44,nonblind_diagnostic,48:49,24,10.25,1397.9750712742264,260.738913707652,0.9892208855795276,F,False,74,True,False,2.669111692515549,self_occluded
C1,44,nonblind_diagnostic,48:49,25,10.25,1398.9252404197375,261.0141164608823,0.9892208855795276,F,False,74,True,False,2.2829308516385227,self_occluded
C1,44,nonblind_diagnostic,48:49,26,10.25,1399.8754095652487,261.2893192141124,0.9892208855795276,F,False,74,True,False,1.7108616781650283,self_occluded
C1,44,nonblind_diagnostic,48:49,27,10.25,1400.8255787107596,261.5645219673427,0.9892208855795276,F,False,74,True,False,1.5742146525929182,self_occluded
C1,44,nonblind_diagnostic,48:49,28,10.25,1401.775747856271,261.83972472057286,0.9892208855795276,F,False,74,True,False,1.484564218134825,self_occluded
C1,44,nonblind_diagnostic,48:49,29,10.25,1402.7259170017817,262.1149274738031,0.9892208855795276,U,False,74,True,False,1.1481222764816126,self_occluded
C1,44,nonblind_diagnostic,48:49,30,10.25,1403.6760861472928,262.39013022703324,0.9892208855795276,U,False,74,True,False,1.4273689894652624,self_occluded
C1,44,nonblind_diagnostic,48:49,31,10.25,1404.626255292804,262.6653329802635,0.9892208855795276,F,False,74,True,False,1.5263821589547437,self_occluded
C1,44,nonblind_diagnostic,48:49,32,10.25,1405.5764244383151,262.94053573349373,0.9892208855795276,U,False,74,True,False,1.0315152555513827,self_occluded
C1,44,nonblind_diagnostic,48:49,33,10.25,1406.526593583826,263.2157384867239,0.9892208855795276,U,False,74,True,False,1.3046584621947672,self_occluded
C1,44,nonblind_diagnostic,48:49,34,10.25,1407.4767627293372,263.4909412399541,0.9892208855795276,U,False,74,True,False,1.5653141796716024,self_occluded
C1,44,nonblind_diagnostic,48:49,35,10.25,1408.4269318748486,263.7661439931843,0.9892208855795276,F,False,74,True,False,0.9567568627174408,self_occluded
C1,44,nonblind_diagnostic,48:49,36,10.25,1409.3771010203593,264.04134674641455,0.9892208855795276,U,False,74,True,False,1.1075234651347987,self_occluded
C1,44,nonblind_diagnostic,48:49,37,10.25,1410.3272701658705,264.31654949964474,0.9892208855795276,U,False,74,True,False,1.3566165067857916,self_occluded
C1,44,nonblind_diagnostic,48:49,38,10.25,1411.2774393113816,264.591752252875,0.9892208855795276,F,False,74,True,False,0.9339511108828421,self_occluded
C1,44,nonblind_diagnostic,48:49,39,10.25,1412.2276084568925,264.8669550061051,0.9892208855795276,U,False,74,True,False,0.8963350892717098,self_occluded
C1,44,nonblind_diagnostic,48:49,40,10.25,1413.1777776024037,265.14215775933536,0.9892208855795276,U,False,74,True,False,1.155910560175994,self_occluded
C1,44,nonblind_diagnostic,48:49,41,10.25,1414.1279467479148,265.41736051256555,0.9892208855795276,U,False,74,True,False,0.9667816050801077,self_occluded
C1,44,nonblind_diagnostic,48:49,42,10.25,1415.078115893426,265.6925632657958,0.9892208855795276,U,False,74,True,False,0.6969547832790037,self_occluded
C1,44,nonblind_diagnostic,48:49,43,10.25,1416.028285038937,265.967766019026,0.9892208855795276,U,False,74,True,False,0.9681792762753554,self_occluded
C1,44,nonblind_diagnostic,48:49,44,10.25,1416.978454184448,266.2429687722561,0.9892208855795276,U,False,74,True,False,1.2431554975029,self_occluded
C1,44,nonblind_diagnostic,48:49,45,10.25,1417.9286233299592,266.5181715254863,0.9892208855795276,F,False,74,True,False,1.1901049108933395,self_occluded
C1,44,nonblind_diagnostic,48:49,46,10.25,1418.8787924754702,266.79337427871656,0.9892208855795276,U,False,74,True,False,0.8025795973806372,self_occluded
C1,44,nonblind_diagnostic,48:49,47,10.25,1419.8289616209815,267.0685770319468,0.9892208855795276,U,False,74,True,False,1.082178820852403,self_occluded
C1,44,nonblind_diagnostic,48:49,48,10.25,1420.7791307664922,267.34377978517693,0.9892208855795276,U,False,74,True,False,1.2683478332153664,self_occluded
C1,44,nonblind_diagnostic,48:49,49,10.25,1421.7292999120034,267.6189825384073,0.9892208855795276,U,False,74,True,False,0.6755870931970992,self_occluded
C1,44,nonblind_diagnostic,48:49,50,10.25,1422.6794690575146,267.8941852916374,0.9892208855795276,U,False,74,True,False,0.9498986371562601,self_occluded
C1,44,nonblind_diagnostic,48:49,51,10.25,1423.6296382030257,268.1693880448676,0.9892208855795276,U,False,74,True,False,1.226636156379444,self_occluded
C1,44,nonblind_diagnostic,48:49,52,10.25,1424.5798073485366,268.4445907980978,0.9892208855795276,U,False,74,True,False,1.488155954536954,self_occluded
C1,44,nonblind_diagnostic,48:49,53,10.25,1425.5299764940478,268.71979355132805,0.4946104427897638,U,True,-1,True,False,0.8596655469896766,eligible
C1,44,nonblind_diagnostic,42:54,0,7.6875,1298.5376262131524,767.920562896614,0.4985289050682749,F,True,-1,True,True,1.8176142474753338,eligible
C1,44,nonblind_diagnostic,42:54,1,7.700017935353292,1299.5286506519217,767.8110419464884,0.9970578101365498,U,True,-1,True,True,1.2789806335296263,eligible
C1,44,nonblind_diagnostic,42:54,2,7.712555138465973,1300.519675090691,767.7015209963629,0.9970578101365498,U,True,-1,True,True,1.3844709247178766,eligible
C1,44,nonblind_diagnostic,42:54,3,7.725111653858063,1301.5106995294602,767.5920000462372,0.9970578101365498,U,True,-1,True,True,1.49059680003227,eligible
C1,44,nonblind_diagnostic,42:54,4,7.7376875261868445,1302.5017239682295,767.4824790961117,0.9970578101365498,F,True,-1,True,True,1.597231572933318,eligible
C1,44,nonblind_diagnostic,42:54,5,7.750282800247392,1303.4927484069988,767.372958145986,0.9970578101365498,F,True,-1,True,True,1.7000194667453585,eligible
C1,44,nonblind_diagnostic,42:54,6,7.762897520973104,1304.4837728457678,767.2634371958603,0.9970578101365498,F,True,-1,True,True,1.8026886972030867,eligible
C1,44,nonblind_diagnostic,42:54,7,7.775531733436239,1305.474797284537,767.1539162457348,0.9970578101365498,F,True,-1,True,True,1.9061630804225085,eligible
C1,44,nonblind_diagnostic,42:54,8,7.788185482848448,1306.4658217233064,767.0443952956092,0.9970578101365498,F,True,-1,True,True,2.010318292644106,eligible
C1,44,nonblind_diagnostic,42:54,9,7.800858814561318,1307.4568461620756,766.9348743454836,0.9970578101365498,F,True,-1,True,True,2.1150537545757135,eligible
C1,44,nonblind_diagnostic,42:54,10,7.813551774066912,1308.4478706008447,766.825353395358,0.9970578101365498,F,True,-1,True,True,2.220287353065374,eligible
C1,44,nonblind_diagnostic,42:54,11,7.826264406998315,1309.4388950396142,766.7158324452324,0.9970578101365498,F,True,-1,True,True,2.325951477148831,eligible
C1,44,nonblind_diagnostic,42:54,12,7.838996759130178,1310.4299194783832,766.6063114951068,0.9970578101365498,F,True,-1,True,True,2.431990011564887,eligible
C1,44,nonblind_diagnostic,42:54,13,7.851748876379269,1311.4209439171525,766.4967905449812,0.9970578101365498,F,True,-1,True,True,2.538356034342549,eligible
C1,44,nonblind_diagnostic,42:54,14,7.864520804805026,1312.4119683559218,766.3872695948556,0.9970578101365498,F,True,-1,True,True,2.6450100370786322,eligible
C1,44,nonblind_diagnostic,42:54,15,7.877312590610108,1313.402992794691,766.27774864473,0.9970578101365498,F,True,-1,True,True,2.7519185369197294,eligible
C1,44,nonblind_diagnostic,42:54,16,7.890124280140958,1314.39401723346,766.1682276946043,0.9970578101365498,F,True,-1,True,True,2.8590529847957757,eligible
C1,44,nonblind_diagnostic,42:54,17,7.902955919888357,1315.3850416722294,766.0587067444787,0.9970578101365498,F,True,-1,True,True,2.5252148234096956,eligible
C1,44,nonblind_diagnostic,42:54,18,7.915807556487988,1316.3760661109986,765.9491857943531,0.9970578101365498,F,True,-1,True,True,2.143625994414047,eligible
C1,44,nonblind_diagnostic,42:54,19,7.928679236721004,1317.367090549768,765.8396648442274,0.9970578101365498,F,True,-1,True,True,2.191301772234014,eligible
C1,44,nonblind_diagnostic,42:54,20,7.941571007514592,1318.3581149885372,765.7301438941018,0.9970578101365498,F,True,-1,True,True,2.2979323502875646,eligible
C1,44,nonblind_diagnostic,42:54,21,7.9544829159425445,1319.3491394273065,765.6206229439763,0.9970578101365498,F,True,-1,True,True,2.404856235709726,eligible
C1,44,nonblind_diagnostic,42:54,22,7.967415009225832,1320.3401638660757,765.5111019938506,0.9970578101365498,F,True,-1,True,True,2.512035975219695,eligible
C1,44,nonblind_diagnostic,42:54,23,7.98036733473318,1321.3311883048448,765.4015810437251,0.9970578101365498,F,True,-1,True,True,2.619440162629203,eligible
C1,44,nonblind_diagnostic,42:54,24,7.993339939981647,1322.322212743614,765.2920600935994,0.9970578101365498,F,True,-1,True,True,2.727042278517926,eligible
C1,44,nonblind_diagnostic,42:54,25,8.006332872637204,1323.3132371823833,765.1825391434738,0.9970578101365498,F,True,-1,True,True,2.8348197844809477,eligible
C1,44,nonblind_diagnostic,42:54,26,8.019346180515319,1324.3042616211524,765.0730181933482,0.9970578101365498,F,True,-1,True,True,2.94275340974692,eligible
C1,44,nonblind_diagnostic,42:54,27,8.032379911581545,1325.2952860599216,764.9634972432226,0.9970578101365498,F,True,-1,True,True,3.050826584567003,eligible
C1,44,nonblind_diagnostic,42:54,28,8.045434113952108,1326.286310498691,764.8539762930969,0.9970578101365498,F,True,-1,True,True,3.1590249866148166,eligible
C1,44,nonblind_diagnostic,42:54,29,8.058508835894502,1327.2773349374602,764.7444553429714,0.9970578101365498,F,True,-1,True,True,3.2673361751499725,eligible
C1,44,nonblind_diagnostic,42:54,30,8.071604125828074,1328.2683593762295,764.6349343928458,0.9970578101365498,F,True,-1,True,True,2.9312308977690598,eligible
C1,44,nonblind_diagnostic,42:54,31,8.084720032324636,1329.2593838149987,764.5254134427202,0.9970578101365498,F,True,-1,True,True,2.5830390943530017,eligible
C1,44,nonblind_diagnostic,42:54,32,8.097856604109055,1330.2504082537678,764.4158924925946,0.9970578101365498,F,True,-1,True,True,2.5962118371550513,eligible
C1,44,nonblind_diagnostic,42:54,33,8.111013890059862,1331.241432692537,764.3063715424688,0.9970578101365498,F,True,-1,True,True,2.704426743738411,eligible
C1,44,nonblind_diagnostic,42:54,34,8.124191939209854,1332.2324571313063,764.1968505923434,0.9970578101365498,F,True,-1,True,True,2.8127713948241326,eligible
C1,44,nonblind_diagnostic,42:54,35,8.137390800746708,1333.2234815700756,764.0873296422177,0.9970578101365498,F,True,-1,True,True,2.9212313542866037,eligible
C1,44,nonblind_diagnostic,42:54,36,8.150610524013587,1334.2145060088449,763.9778086920921,0.9970578101365498,F,True,-1,True,True,3.029794238793185,eligible
C1,44,nonblind_diagnostic,42:54,37,8.16385115850976,1335.2055304476141,763.8682877419665,0.9970578101365498,F,True,-1,True,True,3.1384493674446854,eligible
C1,44,nonblind_diagnostic,42:54,38,8.177112753891214,1336.1965548863832,763.7587667918408,0.9970578101365498,F,True,-1,True,True,3.2471874804259597,eligible
C1,44,nonblind_diagnostic,42:54,39,8.190395359971287,1337.1875793251525,763.6492458417152,0.9970578101365498,F,True,-1,True,True,3.356000511395558,eligible
C1,44,nonblind_diagnostic,42:54,40,8.203699026721274,1338.178603763922,763.5397248915898,0.9970578101365498,F,True,-1,True,True,3.464881402064192,eligible
C1,44,nonblind_diagnostic,42:54,41,8.21702380427107,1339.169628202691,763.4302039414639,0.9970578101365498,F,True,-1,True,True,3.5738239501531193,eligible
C1,44,nonblind_diagnostic,42:54,42,8.230369742909788,1340.1606526414603,763.3206829913385,0.9970578101365498,F,True,-1,True,True,3.682822683952389,eligible
C1,44,nonblind_diagnostic,42:54,43,8.2437368930864,1341.1516770802293,763.2111620412129,0.9970578101365498,F,True,-1,True,True,3.791872758230803,eligible
C1,44,nonblind_diagnostic,42:54,44,8.257125305410366,1342.1427015189986,763.1016410910871,0.9970578101365498,F,True,-1,True,True,3.9009698673823343,eligible
C1,44,nonblind_diagnostic,42:54,45,8.270535030652276,1343.133725957768,762.9921201409616,0.9970578101365498,F,True,-1,True,True,4.01011017258466,eligible
C1,44,nonblind_diagnostic,42:54,46,8.283966119744491,1344.1247503965371,762.882599190836,0.9970578101365498,F,True,-1,True,True,3.6379594390625027,eligible
C1,44,nonblind_diagnostic,42:54,47,8.297418623781795,1345.1157748353064,762.7730782407103,0.9970578101365498,F,True,-1,True,True,3.34587480077401,eligible
C1,44,nonblind_diagnostic,42:54,48,8.310892594022024,1346.1067992740755,762.6635572905848,0.9970578101365498,F,True,-1,True,True,3.3381515900499545,eligible
C1,44,nonblind_diagnostic,42:54,49,8.32438808188674,1347.097823712845,762.5540363404591,0.9970578101365498,F,True,-1,True,True,3.4473518853855407,eligible
C1,44,nonblind_diagnostic,42:54,50,8.337905138961869,1348.088848151614,762.4445153903335,0.9970578101365498,F,True,-1,True,True,3.556594551480421,eligible
C1,44,nonblind_diagnostic,42:54,51,8.351443816998366,1349.0798725903835,762.3349944402079,0.9970578101365498,F,True,-1,True,True,3.6658758004059178,eligible
C1,44,nonblind_diagnostic,42:54,52,8.365004167912868,1350.0708970291525,762.2254734900823,0.9970578101365498,F,True,-1,True,True,3.7751922815684478,eligible
C1,44,nonblind_diagnostic,42:54,53,8.378586243788373,1351.0619214679218,762.1159525399567,0.9970578101365498,F,True,-1,True,True,3.884541020514364,eligible
C1,44,nonblind_diagnostic,42:54,54,8.392190096874884,1352.0529459066909,762.0064315898311,0.9970578101365498,F,True,-1,True,True,3.9939193677056517,eligible
C1,44,nonblind_diagnostic,42:54,55,8.405815779590103,1353.0439703454604,761.8969106397055,0.9970578101365498,F,True,-1,True,True,4.103324955428405,eligible
C1,44,nonblind_diagnostic,42:54,56,8.419463344520084,1354.0349947842296,761.7873896895799,0.9970578101365498,F,True,-1,True,True,4.212755661367186,eligible
C1,44,nonblind_diagnostic,42:54,57,8.433132844419923,1355.0260192229985,761.6778687394542,0.9970578101365498,F,True,-1,True,True,4.322209577675832,eligible
C1,44,nonblind_diagnostic,42:54,58,8.446824332214433,1356.017043661768,761.5683477893286,0.9970578101365498,F,True,-1,True,True,4.4316849846029,eligible
C1,44,nonblind_diagnostic,42:54,59,8.460537860998823,1357.0080681005372,761.458826839203,0.9970578101365498,F,True,-1,True,True,4.541180327909206,eligible
C1,44,nonblind_diagnostic,42:54,60,8.474273484039395,1357.9990925393065,761.3493058890774,0.9970578101365498,F,True,-1,True,True,4.650694199456135,eligible
C1,44,nonblind_diagnostic,42:54,61,8.48803125477422,1358.9901169780755,761.2397849389519,0.9970578101365498,F,True,-1,True,True,4.76022532046036,eligible
C1,44,nonblind_diagnostic,42:54,62,8.501811226813844,1359.9811414168448,761.1302639888262,0.9970578101365498,F,True,-1,True,True,4.364704660679203,eligible
C1,44,nonblind_diagnostic,42:54,63,8.515613453941976,1360.972165855614,761.0207430387006,0.9970578101365498,F,True,-1,True,True,4.109857539187338,eligible
C1,44,nonblind_diagnostic,42:54,64,8.529437990116186,1361.9631902943831,760.911222088575,0.9970578101365498,F,True,-1,True,True,4.0889435999271155,eligible
C1,44,nonblind_diagnostic,42:54,65,8.543284889468621,1362.9542147331524,760.8017011384493,0.9970578101365498,F,True,-1,True,True,4.198548513660203,eligible
C1,44,nonblind_diagnostic,42:54,66,8.557154206306697,1363.945239171922,760.6921801883238,0.9970578101365498,F,True,-1,True,True,4.308167856312167,eligible
C1,44,nonblind_diagnostic,42:54,67,8.571045995113815,1364.936263610691,760.5826592381982,0.9970578101365498,F,True,-1,True,True,4.417800553804809,eligible
C1,44,nonblind_diagnostic,42:54,68,8.584960310550075,1365.9272880494602,760.4731382880726,0.9970578101365498,F,True,-1,True,True,4.527445635970177,eligible
C1,44,nonblind_diagnostic,42:54,69,8.598897207452994,1366.9183124882297,760.363617337947,0.9970578101365498,F,True,-1,True,True,4.637102224295401,eligible
C1,44,nonblind_diagnostic,42:54,70,8.612856740838222,1367.9093369269988,760.2540963878213,0.9970578101365498,F,True,-1,True,True,4.746769521358401,eligible
C1,44,nonblind_diagnostic,42:54,71,8.626838965900271,1368.900361365768,760.1445754376957,0.9970578101365498,F,True,-1,True,True,4.85644680169147,eligible
C1,44,nonblind_diagnostic,42:54,72,8.640843938013235,1369.891385804537,760.0350544875702,0.9970578101365498,F,True,-1,True,True,4.966133403851856,eligible
C1,44,nonblind_diagnostic,42:54,73,8.654871712731532,1370.8824102433066,759.9255335374445,0.9970578101365498,F,True,-1,True,True,5.07582872351696,eligible
C1,44,nonblind_diagnostic,42:54,74,8.66892234579063,1371.8734346820759,759.8160125873189,0.9970578101365498,F,True,-1,True,True,5.18553220745344,eligible
C1,44,nonblind_diagnostic,42:54,75,8.682995893107785,1372.864459120845,759.7064916371934,0.9970578101365498,F,True,-1,True,True,5.295243348234881,eligible
C1,44,nonblind_diagnostic,42:54,76,8.69709241078279,1373.8554835596142,759.5969706870677,0.9970578101365498,F,True,-1,True,True,5.404961679600269,eligible
C1,44,nonblind_diagnostic,42:54,77,8.711211955098713,1374.8465079983832,759.487449736942,0.9970578101365498,F,True,-1,True,True,5.000063767358559,eligible
C1,44,nonblind_diagnostic,42:54,78,8.725354582522652,1375.8375324371527,759.3779287868165,0.9970578101365498,F,True,-1,True,True,4.76601228852925,eligible
C1,44,nonblind_diagnostic,42:54,79,8.739520349706478,1376.8285568759218,759.2684078366908,0.9970578101365498,F,True,-1,True,True,4.734697154484394,eligible
C1,44,nonblind_diagnostic,42:54,80,8.753709313487605,1377.8195813146913,759.1588868865651,0.9970578101365498,F,True,-1,True,True,4.844473870202983,eligible
C1,44,nonblind_diagnostic,42:54,81,8.767921530889739,1378.8106057534603,759.0493659364397,0.9970578101365498,F,True,-1,True,True,4.9542555254958245,eligible
C1,44,nonblind_diagnostic,42:54,82,8.78215705912365,1379.8016301922296,758.939844986314,0.9970578101365498,F,True,-1,True,True,5.064041799113248,eligible
C1,44,nonblind_diagnostic,42:54,83,8.796415955587932,1380.7926546309989,758.8303240361884,0.9970578101365498,F,True,-1,True,True,5.173832397059074,eligible
C1,44,nonblind_diagnostic,42:54,84,8.810698277869783,1381.7836790697681,758.7208030860628,0.9970578101365498,F,True,-1,True,True,5.2836270497623525,eligible
C1,44,nonblind_diagnostic,42:54,85,8.825004083745768,1382.7747035085372,758.6112821359371,0.9970578101365498,F,True,-1,True,True,5.39342550959367,eligible
C1,44,nonblind_diagnostic,42:54,86,8.839333431182613,1383.7657279473065,758.5017611858116,0.9970578101365498,F,True,-1,True,True,5.503227548677357,eligible
C1,44,nonblind_diagnostic,42:54,87,8.85368637833798,1384.7567523860755,758.3922402356859,0.9970578101365498,F,True,-1,True,True,5.613032956961864,eligible
C1,44,nonblind_diagnostic,42:54,88,8.868062983561249,1385.747776824845,758.2827192855605,0.9970578101365498,F,True,-1,True,True,5.72284154051006,eligible
C1,44,nonblind_diagnostic,42:54,89,8.882463305394317,1386.738801263614,758.1731983354347,0.9970578101365498,F,True,-1,True,True,5.832653119985007,eligible
C1,44,nonblind_diagnostic,42:54,90,8.896887402572395,1387.7298257023833,758.0636773853091,0.9970578101365498,F,True,-1,True,True,5.942467529299847,eligible
C1,44,nonblind_diagnostic,42:54,91,8.911335334024791,1388.7208501411526,757.9541564351834,0.9970578101365498,F,True,-1,True,True,6.017753823261595,eligible
C1,44,nonblind_diagnostic,42:54,92,8.92580715887573,1389.7118745799219,757.8446354850579,0.9970578101365498,F,True,-1,True,True,5.640328112790248,eligible
C1,44,nonblind_diagnostic,42:54,93,8.940302936445152,1390.7028990186911,757.7351145349322,0.9970578101365498,F,True,-1,True,True,5.422314073898187,eligible
C1,44,nonblind_diagnostic,42:54,94,8.954822726249521,1391.6939234574604,757.6255935848067,0.9970578101365498,F,True,-1,True,True,5.383115005790258,eligible
C1,44,nonblind_diagnostic,42:54,95,8.969366588002647,1392.6849478962297,757.516072634681,0.9970578101365498,F,True,-1,True,True,5.492969795673806,eligible
C1,44,nonblind_diagnostic,42:54,96,8.983934581616497,1393.6759723349987,757.4065516845556,0.9970578101365498,F,True,-1,True,True,5.60282589281824,eligible
C1,44,nonblind_diagnostic,42:54,97,8.998526767202021,1394.6669967737682,757.2970307344299,0.9970578101365498,F,True,-1,True,True,5.712683221807256,eligible
C1,44,nonblind_diagnostic,42:54,98,9.013143205069976,1395.6580212125373,757.1875097843042,0.9970578101365498,F,True,-1,True,True,5.82254171291488,eligible
C1,44,nonblind_diagnostic,42:54,99,9.027783955731767,1396.6490456513066,757.0779888341787,0.9970578101365498,F,True,-1,True,True,5.93240130157928,eligible
C1,44,nonblind_diagnostic,42:54,100,9.042449079900265,1397.6400700900758,756.968467884053,0.9970578101365498,F,True,-1,True,True,6.042261927933803,eligible
C1,44,nonblind_diagnostic,42:54,101,9.05713863849066,1398.6310945288449,756.8589469339274,0.9970578101365498,F,True,-1,True,True,6.152123536387053,eligible
C1,44,nonblind_diagnostic,42:54,102,9.071852692621299,1399.6221189676141,756.7494259838018,0.9970578101365498,F,True,-1,True,True,6.261986075248782,eligible
C1,44,nonblind_diagnostic,42:54,103,9.086591303614538,1400.6131434063834,756.6399050336762,0.9970578101365498,F,True,-1,True,True,6.371849496392861,eligible
C1,44,nonblind_diagnostic,42:54,104,9.101354532997584,1401.6041678451527,756.5303840835505,0.9970578101365498,F,True,-1,True,True,6.4380411848148595,eligible
C1,44,nonblind_diagnostic,42:54,105,9.116142442503365,1402.5951922839217,756.4208631334249,0.9970578101365498,F,True,-1,True,True,6.075349235005955,eligible
C1,44,nonblind_diagnostic,42:54,106,9.130955094071378,1403.5862167226912,756.3113421832993,0.9970578101365498,F,True,-1,True,True,5.861707166918855,eligible
C1,44,nonblind_diagnostic,42:54,107,9.145792549848558,1404.5772411614603,756.2018212331737,0.9970578101365498,F,True,-1,True,True,5.813570507668955,eligible
C1,44,nonblind_diagnostic,42:54,108,9.160654872190154,1405.5682656002296,756.0923002830482,0.9970578101365498,F,True,-1,True,True,5.923454274122292,eligible
C1,44,nonblind_diagnostic,42:54,109,9.175542123660593,1406.559290038999,755.9827793329225,0.9970578101365498,F,True,-1,True,True,6.033338199208613,eligible
C1,44,nonblind_diagnostic,42:54,110,9.19045436703436,1407.550314477768,755.8732583827968,0.9970578101365498,F,True,-1,True,True,6.143222274415445,eligible
C1,44,nonblind_diagnostic,42:54,111,9.205391665296881,1408.5413389165374,755.7637374326712,0.9970578101365498,F,True,-1,True,True,6.253106491828664,eligible
C1,44,nonblind_diagnostic,42:54,112,9.220354081645418,1409.5323633553066,755.6542164825457,0.9970578101365498,F,True,-1,True,True,6.362990844080659,eligible
C1,44,nonblind_diagnostic,42:54,113,9.235341679489945,1410.5233877940757,755.54469553242,0.9970578101365498,F,True,-1,True,True,6.472875324304878,eligible
C1,44,nonblind_diagnostic,42:54,114,9.250354522454055,1411.514412232845,755.4351745822945,0.9970578101365498,F,True,-1,True,True,6.582759926091996,eligible
C1,44,nonblind_diagnostic,42:54,115,9.265392674375855,1412.5054366716142,755.3256536321688,0.9970578101365498,F,True,-1,True,True,6.664096304692581,eligible
C1,44,nonblind_diagnostic,42:54,116,9.280456199308876,1413.4964611103835,755.2161326820433,0.9970578101365498,F,True,-1,True,True,6.302446201559363,eligible
C1,44,nonblind_diagnostic,42:54,117,9.295545161522977,1414.4874855491526,755.1066117319177,0.9970578101365498,F,True,-1,True,True,6.084383719193931,eligible
C1,44,nonblind_diagnostic,42:54,118,9.310659625505261,1415.478509987922,754.997090781792,0.9970578101365498,F,True,-1,True,True,6.025518310879406,eligible
C1,44,nonblind_diagnostic,42:54,119,9.325799655960992,1416.469534426691,754.8875698316665,0.9970578101365498,F,True,-1,True,True,6.130437597806675,eligible
C1,44,nonblind_diagnostic,42:54,120,9.340965317814527,1417.4605588654604,754.7780488815407,0.9970578101365498,F,True,-1,True,True,6.238973488407442,eligible
C1,44,nonblind_diagnostic,42:54,121,9.356156676210231,1418.4515833042296,754.6685279314152,0.9970578101365498,F,True,-1,True,True,6.347555910421665,eligible
C1,44,nonblind_diagnostic,42:54,122,9.371373796513419,1419.442607742999,754.5590069812895,0.9970578101365498,F,True,-1,True,True,6.456182516103474,eligible
C1,44,nonblind_diagnostic,42:54,123,9.386616744311288,1420.4336321817682,754.449486031164,0.9970578101365498,F,True,-1,True,True,6.564851112171551,eligible
C1,44,nonblind_diagnostic,42:54,124,9.401885585413863,1421.4246566205372,754.3399650810384,0.9970578101365498,F,True,-1,True,True,6.673559647381173,eligible
C1,44,nonblind_diagnostic,42:54,125,9.417180385854948,1422.4156810593067,754.2304441309127,0.9970578101365498,F,True,-1,True,True,6.7823062012681685,eligible
C1,44,nonblind_diagnostic,42:54,126,9.432501211893063,1423.4067054980758,754.1209231807871,0.9970578101365498,F,True,-1,True,True,6.891088973942851,eligible
C1,44,nonblind_diagnostic,42:54,127,9.447848130012419,1424.397729936845,754.0114022306615,0.9970578101365498,F,True,-1,True,True,6.999906276820154,eligible
C1,44,nonblind_diagnostic,42:54,128,9.463221206923869,1425.3887543756143,753.9018812805359,0.9970578101365498,F,True,-1,True,True,7.087181871260461,eligible
C1,44,nonblind_diagnostic,42:54,129,9.478620509565875,1426.3797788143834,753.7923603304102,0.9970578101365498,F,True,-1,True,True,6.7379781336108975,eligible
C1,44,nonblind_diagnostic,42:54,130,9.494046105105484,1427.3708032531526,753.6828393802846,0.9970578101365498,F,True,-1,True,True,6.523863911457791,eligible
C1,44,nonblind_diagnostic,42:54,131,9.509498060939302,1428.361827691922,753.573318430159,0.9970578101365498,F,True,-1,True,True,6.458289239026961,eligible
C1,44,nonblind_diagnostic,42:54,132,9.524976444694476,1429.3528521306912,753.4637974800335,0.9970578101365498,F,True,-1,True,True,6.5457198235297405,eligible
C1,44,nonblind_diagnostic,42:54,133,9.540481324229676,1430.3438765694605,753.3542765299078,0.9970578101365498,F,True,-1,True,True,6.654614304071897,eligible
C1,44,nonblind_diagnostic,42:54,134,9.556012767636096,1431.3349010082295,753.2447555797823,0.9970578101365498,F,True,-1,True,True,6.76354092633399,eligible
C1,44,nonblind_diagnostic,42:54,135,9.571570843238444,1432.325925446999,753.1352346296567,0.9970578101365498,F,True,-1,True,True,6.872498162012586,eligible
C1,44,nonblind_diagnostic,42:54,136,9.587155619595945,1433.316949885768,753.0257136795309,0.9970578101365498,F,True,-1,True,True,6.981484577793671,eligible
C1,44,nonblind_diagnostic,42:54,137,9.602767165503352,1434.3079743245376,752.9161927294053,0.9970578101365498,F,True,-1,True,True,7.09049882811528,eligible
C1,44,nonblind_diagnostic,42:54,138,9.618405549991946,1435.2989987633066,752.8066717792799,0.9970578101365498,F,True,-1,True,True,7.1995396485794245,eligible
C1,44,nonblind_diagnostic,42:54,139,9.634070842330575,1436.2900232020759,752.6971508291541,0.9970578101365498,F,True,-1,True,True,7.308605849946132,eligible
C1,44,nonblind_diagnostic,42:54,140,9.649763112026653,1437.2810476408451,752.5876298790286,0.9970578101365498,F,True,-1,True,True,7.417696312649559,eligible
C1,44,nonblind_diagnostic,42:54,141,9.665482428827207,1438.2720720796144,752.478108928903,0.9970578101365498,F,True,-1,True,True,7.512157461265383,eligible
C1,44,nonblind_diagnostic,42:54,142,9.681228862719898,1439.2630965183837,752.3685879787774,0.9970578101365498,F,True,-1,True,True,7.173999307422502,eligible
C1,44,nonblind_diagnostic,42:54,143,9.697002483934064,1440.2541209571525,752.2590670286518,0.9970578101365498,F,True,-1,True,True,6.963351991423652,eligible
C1,44,nonblind_diagnostic,42:54,144,9.71280336294177,1441.245145395922,752.1495460785261,0.9970578101365498,F,True,-1,True,True,6.891917324194688,eligible
C1,44,nonblind_diagnostic,42:54,145,9.728631570458843,1442.2361698346913,752.0400251284005,0.9970578101365498,F,True,-1,True,True,6.963980643576917,eligible
C1,44,nonblind_diagnostic,42:54,146,9.744487177445942,1443.2271942734603,751.930504178275,0.9970578101365498,F,True,-1,True,True,7.073145581089123,eligible
C1,44,nonblind_diagnostic,42:54,147,9.760370255109612,1444.2182187122296,751.8209832281492,0.9970578101365498,F,True,-1,True,True,7.182332574928718,eligible
C1,44,nonblind_diagnostic,42:54,148,9.776280874903346,1445.2092431509989,751.7114622780238,0.9970578101365498,F,True,-1,True,True,7.2915406342494276,eligible
C1,44,nonblind_diagnostic,42:54,149,9.792219108528666,1446.2002675897681,751.6019413278981,0.9970578101365498,F,True,-1,True,True,7.400768826505381,eligible
C1,44,nonblind_diagnostic,42:54,150,9.80818502793619,1447.1912920285374,751.4924203777724,0.9970578101365498,F,True,-1,True,True,7.510016273235951,eligible
C1,44,nonblind_diagnostic,42:54,151,9.824178705326723,1448.1823164673065,751.3828994276469,0.9970578101365498,F,True,-1,True,True,7.619282146212569,eligible
C1,44,nonblind_diagnostic,42:54,152,9.84020021315234,1449.173340906076,751.2733784775212,0.9970578101365498,F,True,-1,True,True,7.728565663908923,eligible
C1,44,nonblind_diagnostic,42:54,153,9.85624962411748,1450.1643653448452,751.1638575273956,0.9970578101365498,F,True,-1,True,True,7.400923442602281,eligible
C1,44,nonblind_diagnostic,42:54,154,9.87232701118005,1451.1553897836143,751.05433657727,0.9970578101365498,F,True,-1,True,True,7.186433554430492,eligible
C1,44,nonblind_diagnostic,42:54,155,9.888432447552528,1452.1464142223836,750.9448156271445,0.9970578101365498,F,True,-1,True,True,7.106633184197228,eligible
C1,44,nonblind_diagnostic,42:54,156,9.904566006703076,1453.1374386611528,750.8352946770189,0.9970578101365498,F,True,-1,True,True,7.166023426610737,eligible
C1,44,nonblind_diagnostic,42:54,157,9.920727762356652,1454.128463099922,750.7257737268932,0.9970578101365498,F,True,-1,True,True,7.275360516180564,eligible
C1,44,nonblind_diagnostic,42:54,158,9.936917788496135,1455.1194875386914,750.6162527767677,0.9970578101365498,F,True,-1,True,True,7.384713963891402,eligible
C1,44,nonblind_diagnostic,42:54,159,9.953136159363464,1456.1105119774604,750.506731826642,0.9970578101365498,F,True,-1,True,True,7.49408305365125,eligible
C1,44,nonblind_diagnostic,42:54,160,9.969382949460755,1457.1015364162297,750.3972108765164,0.9970578101365498,F,True,-1,True,True,7.603467110468839,eligible
C1,44,nonblind_diagnostic,42:54,161,9.985658233551456,1458.092560854999,750.2876899263908,0.9970578101365498,F,True,-1,True,True,7.712865497554814,eligible
C1,44,nonblind_diagnostic,42:54,162,10.00196208666149,1459.0835852937682,750.178168976265,0.9970578101365498,F,True,-1,True,True,7.4190870904119635,eligible
C1,44,nonblind_diagnostic,42:54,163,10.018294584080397,1460.0746097325375,750.0686480261396,0.9970578101365498,F,True,-1,True,True,7.193800655257106,eligible
C1,44,nonblind_diagnostic,42:54,164,10.034655801362518,1461.0656341713066,749.9591270760139,0.9970578101365498,F,True,-1,True,True,7.102600300844048,eligible
C1,44,nonblind_diagnostic,42:54,165,10.051045814328134,1462.056658610076,749.8496061258883,0.9970578101365498,F,True,-1,True,True,7.150618347599758,eligible
C1,44,nonblind_diagnostic,42:54,166,10.06746469906465,1463.047683048845,749.7400851757627,0.9970578101365498,F,True,-1,True,True,7.260071413445425,eligible
C1,44,nonblind_diagnostic,42:54,167,10.083912531927771,1464.0387074876141,749.630564225637,0.9970578101365498,F,True,-1,True,True,7.369537427956923,eligible
C1,44,nonblind_diagnostic,42:54,168,10.100389389542686,1465.0297319263839,749.5210432755115,0.9970578101365498,F,True,-1,True,True,7.479015822567728,eligible
C1,44,nonblind_diagnostic,42:54,169,10.116895348805254,1466.020756365153,749.4115223253859,0.9970578101365498,F,True,-1,True,True,7.588506061459693,eligible
C1,44,nonblind_diagnostic,42:54,170,10.133430486883206,1467.011780803922,749.3020013752603,0.9970578101365498,F,True,-1,True,True,7.334346565361136,eligible
C1,44,nonblind_diagnostic,42:54,171,10.149994881217344,1468.0028052426912,749.1924804251346,0.9970578101365498,F,True,-1,True,True,7.094442166992224,eligible
C1,44,nonblind_diagnostic,42:54,172,10.16658860952275,1468.9938296814605,749.0829594750091,0.9970578101365498,F,True,-1,True,True,6.989837504139534,eligible
C1,44,nonblind_diagnostic,42:54,173,10.18321174979,1469.9848541202298,748.9734385248835,0.9970578101365498,F,True,-1,True,True,7.026577798705833,eligible
C1,44,nonblind_diagnostic,42:54,174,10.199864380286396,1470.9758785589988,748.8639175747578,0.9970578101365498,F,True,-1,True,True,7.136123192866452,eligible
C1,44,nonblind_diagnostic,42:54,175,10.216546579557173,1471.9669029977683,748.7543966246321,0.9970578101365498,F,True,-1,True,True,7.245678966439164,eligible
C1,44,nonblind_diagnostic,42:54,176,10.23325842642676,1472.9579274365374,748.6448756745066,0.9970578101365498,F,True,-1,True,True,7.355244655622365,eligible
C1,44,nonblind_diagnostic,42:54,177,10.25,1473.9489518753069,748.535354724381,0.4985289050682749,F,True,-1,True,True,7.4648198238038805,eligible
C1,44,nonblind_diagnostic,48:60,0,10.25,1375.1710117819605,254.13404763012704,0.4973415350343331,F,False,74,False,False,17.92636603234538,self_occluded
C1,44,nonblind_diagnostic,48:60,1,10.26574380009109,1376.1370587995277,254.37100241427424,0.9946830700686662,F,False,74,False,False,16.941440879242997,self_occluded
C1,44,nonblind_diagnostic,48:60,2,10.281512856661307,1377.1031058170954,254.60795719842142,0.9946830700686662,F,False,74,False,False,15.95772627362346,self_occluded
C1,44,nonblind_diagnostic,48:60,3,10.297307230534761,1378.0691528346629,254.84491198256865,0.9946830700686662,F,False,74,False,False,14.975460774302379,self_occluded
C1,44,nonblind_diagnostic,48:60,4,10.313126982731033,1379.0351998522303,255.08186676671585,0.9946830700686662,F,False,74,False,False,13.994949510491578,self_occluded
C1,44,nonblind_diagnostic,48:60,5,10.328972174465951,1380.0012468697978,255.3188215508631,0.9946830700686662,F,False,74,False,False,13.016588916436984,self_occluded
C1,44,nonblind_diagnostic,48:60,6,10.344842867152384,1380.9672938873653,255.55577633501028,0.9946830700686662,F,False,74,True,False,12.040903249240664,self_occluded
C1,44,nonblind_diagnostic,48:60,7,10.360739122401029,1381.9333409049327,255.79273111915754,0.9946830700686662,F,False,74,True,False,11.068599907639676,self_occluded
C1,44,nonblind_diagnostic,48:60,8,10.376661002021219,1382.8993879225,256.02968590330465,0.9946830700686662,F,False,74,True,False,10.100655701141129,self_occluded
C1,44,nonblind_diagnostic,48:60,9,10.392608568021714,1383.8654349400674,256.2666406874518,0.9946830700686662,F,False,74,True,False,9.138455892017312,self_occluded
C1,44,nonblind_diagnostic,48:60,10,10.40858188261151,1384.831481957635,256.503595471599,0.9946830700686662,F,False,74,True,False,8.184026845475021,self_occluded
C1,44,nonblind_diagnostic,48:60,11,10.424581008200652,1385.7975289752026,256.7405502557462,0.9946830700686662,F,False,74,True,False,7.2404422202191725,self_occluded
C1,44,nonblind_diagnostic,48:60,12,10.440606007401037,1386.7635759927698,256.9775050398934,0.9946830700686662,F,False,74,True,False,6.312566871010094,self_occluded
C1,44,nonblind_diagnostic,48:60,13,10.45665694302724,1387.7296230103375,257.21445982404055,0.9946830700686662,F,False,74,True,False,5.408492052076313,self_occluded
C1,44,nonblind_diagnostic,48:60,14,10.472733878097328,1388.695670027905,257.4514146081878,0.9946830700686662,F,False,74,True,False,4.542450976459373,self_occluded
C1,44,nonblind_diagnostic,48:60,15,10.488836875833693,1389.6617170454724,257.688369392335,0.9946830700686662,F,False,74,True,False,3.740952323869298,self_occluded
C1,44,nonblind_diagnostic,48:60,16,10.50496599966387,1390.6277640630396,257.92532417648215,0.9946830700686662,F,False,74,True,False,3.0552211908719182,self_occluded
C1,44,nonblind_diagnostic,48:60,17,10.52112131322138,1391.593811080607,258.16227896062935,0.9946830700686662,F,False,74,True,False,2.579305639237756,self_occluded
C1,44,nonblind_diagnostic,48:60,18,10.537302880346562,1392.5598580981746,258.3992337447766,0.9946830700686662,F,False,74,True,False,2.4392719110048584,self_occluded
C1,44,nonblind_diagnostic,48:60,19,10.553510765087408,1393.525905115742,258.63618852892375,0.9946830700686662,F,False,74,True,False,2.202287136133066,self_occluded
C1,44,nonblind_diagnostic,48:60,20,10.569745031700423,1394.4919521333095,258.87314331307095,0.9946830700686662,F,False,74,True,False,1.9408190297271934,self_occluded
C1,44,nonblind_diagnostic,48:60,21,10.586005744651459,1395.4579991508772,259.1100980972181,0.9946830700686662,F,False,74,True,False,1.9000222114866776,self_occluded
C1,44,nonblind_diagnostic,48:60,22,10.602292968616577,1396.4240461684446,259.34705288136524,0.9946830700686662,F,False,74,True,False,1.4650168194521511,self_occluded
C1,44,nonblind_diagnostic,48:60,23,10.618606768482902,1397.390093186012,259.5840076655125,0.9946830700686662,F,False,74,True,False,1.6313347229111024,self_occluded
C1,44,nonblind_diagnostic,48:60,24,10.634947209349486,1398.3561402035793,259.82096244965965,0.9946830700686662,F,False,74,True,False,1.8374586727432347,self_occluded
C1,44,nonblind_diagnostic,48:60,25,10.65131435652817,1399.3221872211468,260.0579172338069,0.9946830700686662,F,False,74,True,False,1.2564310712340498,self_occluded
C1,44,nonblind_diagnostic,48:60,26,10.66770827554446,1400.2882342387143,260.2948720179541,0.9946830700686662,U,False,74,True,False,0.7704284560625894,self_occluded
C1,44,nonblind_diagnostic,48:60,27,10.684129032138395,1401.254281256282,260.5318268021013,0.9946830700686662,U,False,74,True,False,0.5894902074925694,self_occluded
C1,44,nonblind_diagnostic,48:60,28,10.700576692265432,1402.2203282738492,260.7687815862485,0.9946830700686662,U,False,74,True,False,0.7997310020326437,self_occluded
C1,44,nonblind_diagnostic,48:60,29,10.717051322097324,1403.1863752914169,261.00573637039565,0.9946830700686662,U,False,74,True,True,0.18646354924231984,self_occluded
C1,44,nonblind_diagnostic,48:60,30,10.733552988023014,1404.1524223089843,261.2426911545429,0.9946830700686662,U,False,74,True,True,0.2865860372898322,self_occluded
C1,44,nonblind_diagnostic,48:60,31,10.750081756649514,1405.1184693265518,261.47964593869006,0.9946830700686662,U,False,74,True,True,0.49405992332459225,self_occluded
C1,44,nonblind_diagnostic,48:60,32,10.766637694802819,1406.0845163441193,261.71660072283726,0.9946830700686662,U,False,74,True,True,0.2957332627887023,self_occluded
C1,44,nonblind_diagnostic,48:60,33,10.78322086952879,1407.0505633616867,261.95355550698446,0.9946830700686662,U,False,74,True,True,0.06865671472284081,self_occluded
C1,44,nonblind_diagnostic,48:60,34,10.799831348094072,1408.0166103792542,262.19051029113166,0.9946830700686662,U,False,74,True,True,0.1912330403618513,self_occluded
C1,44,nonblind_diagnostic,48:60,35,10.816469197986999,1408.9826573968217,262.4274650752788,0.9946830700686662,U,False,74,True,True,0.5727975261036905,self_occluded
C1,44,nonblind_diagnostic,48:60,36,10.833134486918503,1409.948704414389,262.66441985942606,0.9946830700686662,U,False,74,True,True,0.33947793426199024,self_occluded
C1,44,nonblind_diagnostic,48:60,37,10.849827282823043,1410.9147514319563,262.9013746435732,0.9946830700686662,U,False,74,True,True,0.13036210831298142,self_occluded
C1,44,nonblind_diagnostic,48:60,38,10.866547653859516,1411.8807984495238,263.13832942772046,0.9946830700686662,U,False,74,True,True,0.8698765342095802,self_occluded
C1,44,nonblind_diagnostic,48:60,39,10.883295668412199,1412.8468454670913,263.3752842118676,0.9946830700686662,U,True,-1,True,True,0.6432154591521927,eligible
C1,44,nonblind_diagnostic,48:60,40,10.900071395091667,1413.8128924846587,263.61223899601475,0.9946830700686662,U,True,-1,True,True,0.4305436313648472,eligible
C1,44,nonblind_diagnostic,48:60,41,10.916874902735737,1414.7789395022262,263.84919378016195,0.9946830700686662,U,True,-1,True,True,0.7934035946920283,eligible
C1,44,nonblind_diagnostic,48:60,42,10.933706260410409,1415.7449865197937,264.0861485643092,0.9946830700686662,U,True,-1,True,True,0.948765683191095,eligible
C1,44,nonblind_diagnostic,48:60,43,10.950565537410816,1416.7110335373613,264.3231033484563,0.9946830700686662,U,True,-1,True,True,0.7359963949646563,eligible
C1,44,nonblind_diagnostic,48:60,44,10.967452803262164,1417.6770805549288,264.5600581326036,0.9946830700686662,U,True,-1,True,True,0.5457341978411338,eligible
C1,44,nonblind_diagnostic,48:60,45,10.984368127720701,1418.6431275724963,264.79701291675076,0.9946830700686662,U,True,-1,True,True,0.6744010902059528,eligible
C1,44,nonblind_diagnostic,48:60,46,11.001311580774669,1419.6091745900637,265.03396770089796,0.9946830700686662,U,True,-1,True,True,1.0420954389883035,eligible
C1,44,nonblind_diagnostic,48:60,47,11.018283232645269,1420.575221607631,265.2709224850451,0.9946830700686662,U,True,-1,True,True,0.843795416814068,eligible
C1,44,nonblind_diagnostic,48:60,48,11.035283153787637,1421.5412686251984,265.50787726919236,0.9946830700686662,U,True,-1,True,True,0.7315439199403962,eligible
C1,44,nonblind_diagnostic,48:60,49,11.052311414891813,1422.5073156427661,265.74483205333956,0.9946830700686662,U,True,-1,True,True,1.3484007008996766,eligible
C1,44,nonblind_diagnostic,48:60,50,11.069368086883724,1423.4733626603336,265.98178683748677,0.9946830700686662,U,True,-1,True,True,1.122866978993186,eligible
C1,44,nonblind_diagnostic,48:60,51,11.08645324092617,1424.439409677901,266.21874162163397,0.9946830700686662,U,True,-1,True,True,0.8963512251345557,eligible
C1,44,nonblind_diagnostic,48:60,52,11.10356694841981,1425.4054566954685,266.4556964057811,0.9946830700686662,U,True,-1,True,True,0.6787205128621335,eligible
C1,44,nonblind_diagnostic,48:60,53,11.120709281004158,1426.371503713036,266.6926511899283,0.9946830700686662,U,True,-1,True,True,1.359108501921522,eligible
C1,44,nonblind_diagnostic,48:60,54,11.137880310558582,1427.3375507306032,266.9296059740755,0.9946830700686662,U,True,-1,True,True,1.1223563901299718,eligible
C1,44,nonblind_diagnostic,48:60,55,11.155080109203313,1428.303597748171,267.16656075822266,0.9946830700686662,U,True,-1,True,True,0.887013281991213,eligible
C1,44,nonblind_diagnostic,48:60,56,11.17230874930045,1429.2696447657381,267.4035155423699,0.9946830700686662,U,True,-1,True,True,0.6546006476350456,eligible
C1,44,nonblind_diagnostic,48:60,57,11.189566303454974,1430.2356917833058,267.6404703265172,0.9946830700686662,U,True,-1,True,True,1.2869326981020264,eligible
C1,44,nonblind_diagnostic,48:60,58,11.206852844515772,1431.201738800873,267.8774251106643,0.9946830700686662,U,True,-1,True,True,1.1405581642093972,eligible
C1,44,nonblind_diagnostic,48:60,59,11.22416844557666,1432.167785818441,268.11437989481146,0.9946830700686662,U,True,-1,True,True,0.9013739798685435,eligible
C1,44,nonblind_diagnostic,48:60,60,11.241513179977414,1433.1338328360082,268.35133467895866,0.9946830700686662,U,True,-1,True,True,0.6623276581237229,eligible
C1,44,nonblind_diagnostic,48:60,61,11.258887121304802,1434.0998798535757,268.5882894631059,0.9946830700686662,U,True,-1,True,True,1.1744110262132332,eligible
C1,44,nonblind_diagnostic,48:60,62,11.276290343393631,1435.0659268711431,268.8252442472531,0.9946830700686662,U,True,-1,True,True,1.1766041946851116,eligible
C1,44,nonblind_diagnostic,48:60,63,11.293722920327788,1436.0319738887106,269.06219903140027,0.9946830700686662,U,True,-1,True,True,0.93834587773692,eligible
C1,44,nonblind_diagnostic,48:60,64,11.31118492644129,1436.998020906278,269.29915381554747,0.9946830700686662,U,True,-1,True,True,0.7008489787918863,eligible
C1,44,nonblind_diagnostic,48:60,65,11.328676436319348,1437.9640679238453,269.5361085996946,0.9946830700686662,U,True,-1,True,True,1.0698701757992113,eligible
C1,44,nonblind_diagnostic,48:60,66,11.346197524799422,1438.930114941413,269.7730633838418,0.9946830700686662,U,True,-1,True,True,1.2289252953224654,eligible
C1,44,nonblind_diagnostic,48:60,67,11.363748266972289,1439.8961619589804,270.0100181679891,0.9946830700686662,U,True,-1,True,True,0.9954126613995282,eligible
C1,44,nonblind_diagnostic,48:60,68,11.381328738183116,1440.862208976548,270.24697295213616,0.9946830700686662,U,True,-1,True,True,0.7655299477868307,eligible
C1,44,nonblind_diagnostic,48:60,69,11.398939014032546,1441.8282559941151,270.4839277362834,0.9946830700686662,U,True,-1,True,True,0.9758783598201107,eligible
C1,44,nonblind_diagnostic,48:60,70,11.416579170377767,1442.7943030116826,270.7208825204306,0.9946830700686662,U,True,-1,True,True,1.2955511481770123,eligible
C1,44,nonblind_diagnostic,48:60,71,11.434249283333614,1443.76035002925,270.9578373045778,0.9946830700686662,U,True,-1,True,True,1.0693620491723426,eligible
C1,44,nonblind_diagnostic,48:60,72,11.451949429273657,1444.7263970468175,271.194792088725,0.9946830700686662,U,True,-1,True,True,0.8504224575879862,eligible
C1,44,nonblind_diagnostic,48:60,73,11.469679684831306,1445.6924440643852,271.43174687287217,0.9946830700686662,U,True,-1,True,True,0.8957624678411429,eligible
C1,44,nonblind_diagnostic,48:60,74,11.487440126900909,1446.6584910819524,271.66870165701937,0.9946830700686662,U,True,-1,True,True,1.3744030046274611,eligible
C1,44,nonblind_diagnostic,48:60,75,11.505230832638874,1447.6245380995201,271.9056564411666,0.9946830700686662,U,True,-1,True,True,1.156961305952819,eligible
C1,44,nonblind_diagnostic,48:60,76,11.523051879464779,1448.5905851170876,272.1426112253137,0.9946830700686662,U,True,-1,True,True,0.9501242325655294,eligible
C1,44,nonblind_diagnostic,48:60,77,11.540903345062498,1449.556632134655,272.37956600946103,0.9946830700686662,U,True,-1,True,True,0.8335332446559914,eligible
C1,44,nonblind_diagnostic,48:60,78,11.558785307381328,1450.5226791522223,272.6165207936082,0.9946830700686662,U,True,-1,True,True,1.4635060321849707,eligible
C1,44,nonblind_diagnostic,48:60,79,11.576697844637124,1451.4887261697897,272.8534755777554,0.9946830700686662,U,True,-1,True,True,1.2463432592350803,eligible
C1,44,nonblind_diagnostic,48:60,80,11.59464103531344,1452.4547731873572,273.0904303619026,0.9946830700686662,U,True,-1,True,True,1.0169245687304977,eligible
C1,44,nonblind_diagnostic,48:60,81,11.61261495816268,1453.4208202049247,273.3273851460497,0.9946830700686662,U,True,-1,True,True,0.7934106040552982,eligible
C1,44,nonblind_diagnostic,48:60,82,11.630619692207238,1454.3868672224924,273.564339930197,0.9946830700686662,U,True,-1,True,True,1.4536851066322563,eligible
C1,44,nonblind_diagnostic,48:60,83,11.648655316740667,1455.3529142400596,273.8012947143441,0.9946830700686662,U,True,-1,True,True,1.2495770575263352,eligible
C1,44,nonblind_diagnostic,48:60,84,11.666721911328843,1456.3189612576273,274.0382494984914,0.9946830700686662,U,True,-1,True,True,1.0132622123711383,eligible
C1,44,nonblind_diagnostic,48:60,85,11.68481955581112,1457.2850082751945,274.27520428263847,0.9946830700686662,U,True,-1,True,True,0.7788186880365463,eligible
C1,44,nonblind_diagnostic,48:60,86,11.702948330301533,1458.2510552927622,274.5121590667857,0.9946830700686662,U,True,-1,True,True,1.3428060625673737,eligible
C1,44,nonblind_diagnostic,48:60,87,11.721108315189953,1459.2171023103297,274.7491138509329,0.9946830700686662,U,True,-1,True,True,1.2695863779508927,eligible
C1,44,nonblind_diagnostic,48:60,88,11.739299591143293,1460.183149327897,274.9860686350801,0.9946830700686662,U,True,-1,True,True,1.0303399871292347,eligible
C1,44,nonblind_diagnostic,48:60,89,11.757522239106693,1461.1491963454646,275.22302341922733,0.9946830700686662,U,True,-1,True,True,0.7911713825519575,eligible
C1,44,nonblind_diagnostic,48:60,90,11.775776340304725,1462.1152433630318,275.4599782033745,0.9946830700686662,U,True,-1,True,True,1.2391090749474758,eligible
C1,44,nonblind_diagnostic,48:60,91,11.7940619762426,1463.0812903805995,275.6969329875217,0.9946830700686662,U,True,-1,True,True,1.3056001550961898,eligible
C1,44,nonblind_diagnostic,48:60,92,11.812379228707382,1464.0473373981667,275.9338877716689,0.9946830700686662,U,True,-1,True,True,1.0671626458334955,eligible
C1,44,nonblind_diagnostic,48:60,93,11.830728179769197,1465.0133844157342,276.170842555816,0.9946830700686662,U,True,-1,True,True,0.8292654640284082,eligible
C1,44,nonblind_diagnostic,48:60,94,11.849108911782478,1465.9794314333017,276.4077973399633,0.9946830700686662,U,True,-1,True,True,1.1445479121006379,eligible
C1,44,nonblind_diagnostic,48:60,95,11.867521507387178,1466.9454784508691,276.6447521241104,0.9946830700686662,U,True,-1,True,True,1.3563441320044236,eligible
C1,44,nonblind_diagnostic,48:60,96,11.885966049510019,1467.9115254684368,276.8817069082577,0.9946830700686662,U,True,-1,True,True,1.121787494035262,eligible
C1,44,nonblind_diagnostic,48:60,97,11.904442621365735,1468.8775724860043,277.1186616924049,0.9946830700686662,U,True,-1,True,True,0.8898009376359374,eligible
C1,44,nonblind_diagnostic,48:60,98,11.922951306458323,1469.8436195035717,277.35561647655203,0.9946830700686662,U,True,-1,True,True,1.0615667629018244,eligible
C1,44,nonblind_diagnostic,48:60,99,11.9414921885823,1470.809666521139,277.59257126069923,0.9946830700686662,U,True,-1,True,True,1.4202402928325515,eligible
C1,44,nonblind_diagnostic,48:60,100,11.960065351823973,1471.7757135387064,277.8295260448465,0.9946830700686662,U,True,-1,True,True,1.1917691456034138,eligible
C1,44,nonblind_diagnostic,48:60,101,11.978670880562698,1472.7417605562741,278.0664808289936,0.9946830700686662,U,True,-1,True,True,0.9685791929069957,eligible
C1,44,nonblind_diagnostic,48:60,102,11.99730885947217,1473.7078075738414,278.3034356131408,0.9946830700686662,U,True,-1,True,True,0.9930727599867812,eligible
C1,44,nonblind_diagnostic,48:60,103,12.015979373521706,1474.673854591409,278.54039039728804,0.9946830700686662,U,True,-1,True,True,1.495603898053871,eligible
C1,44,nonblind_diagnostic,48:60,104,12.034682507977527,1475.6399016089765,278.7773451814352,0.9946830700686662,U,True,-1,True,True,1.2745805806528965,eligible
C1,44,nonblind_diagnostic,48:60,105,12.053418348404065,1476.605948626544,279.0142999655824,0.9946830700686662,U,True,-1,True,True,1.061546533494162,eligible
C1,44,nonblind_diagnostic,48:60,106,12.072186980665267,1477.5719956441114,279.2512547497296,0.9946830700686662,U,True,-1,True,True,0.9422305804233748,eligible
C1,44,nonblind_diagnostic,48:60,107,12.0909884909259,1478.538042661679,279.4882095338767,0.9946830700686662,U,True,-1,True,True,1.5807956844228594,eligible
C1,44,nonblind_diagnostic,48:60,108,12.109822965652882,1479.5040896792464,279.725164318024,0.9946830700686662,U,True,-1,True,True,1.3678936589769053,eligible
C1,44,nonblind_diagnostic,48:60,109,12.128690491616592,1480.4701366968138,279.9621191021712,0.9946830700686662,U,True,-1,True,True,1.1393968894853794,eligible
C1,44,nonblind_diagnostic,48:60,110,12.147591155892213,1481.4361837143813,280.19907388631833,0.9946830700686662,U,True,-1,True,True,0.9119971887394596,eligible
C1,44,nonblind_diagnostic,48:60,111,12.166525045861071,1482.4022307319485,280.43602867046553,0.9946830700686662,U,True,-1,True,True,1.5113949471126862,eligible
C1,44,nonblind_diagnostic,48:60,112,12.18549224921198,1483.368277749516,280.6729834546127,0.9946830700686662,U,True,-1,True,True,1.3771715261797504,eligible
C1,44,nonblind_diagnostic,48:60,113,12.20449285394259,1484.3343247670837,280.90993823875993,0.9946830700686662,U,True,-1,True,True,1.1401787987869902,eligible
C1,44,nonblind_diagnostic,48:60,114,12.223526948360757,1485.300371784651,281.14689302290714,0.9946830700686662,U,True,-1,True,True,0.9044416638893271,eligible
C1,44,nonblind_diagnostic,48:60,115,12.242594621085908,1486.2664188022186,281.3838478070543,0.9946830700686662,U,True,-1,True,True,1.408353686928323,eligible
C1,44,nonblind_diagnostic,48:60,116,12.261695961050414,1487.232465819786,281.6208025912015,0.9946830700686662,U,True,-1,True,True,1.3986514397108918,eligible
C1,44,nonblind_diagnostic,48:60,117,12.280831057500972,1488.1985128373533,281.8577573753487,0.9946830700686662,U,True,-1,True,True,1.159364291396101,eligible
C1,44,nonblind_diagnostic,48:60,118,12.3,1489.1645598549208,282.0947121594959,0.4973415350343331,U,True,-1,True,True,1.4750409248077327,eligible
C1,44,nonblind_diagnostic,54:66,0,10.25,1473.9489518753069,748.535354724381,0.499420919530277,F,True,-1,True,True,7.4648198238038805,eligible
C1,44,nonblind_diagnostic,54:66,1,10.265755537881784,1474.9355139364902,748.3792127412667,0.998841839060554,F,True,-1,True,True,7.621060089991382,eligible
C1,44,nonblind_diagnostic,54:66,2,10.281536168815,1475.922075997674,748.2230707581523,0.998841839060554,F,True,-1,True,True,7.443143563918737,eligible
C1,44,nonblind_diagnostic,54:66,3,10.297341952794083,1476.9086380588576,748.0669287750379,0.998841839060554,F,True,-1,True,True,7.241634579240798,eligible
C1,44,nonblind_diagnostic,54:66,4,10.31317295000487,1477.8952001200414,747.9107867919237,0.998841839060554,F,True,-1,True,True,7.1747840862509875,eligible
C1,44,nonblind_diagnostic,54:66,5,10.32902922082537,1478.8817621812252,747.7546448088093,0.998841839060554,F,True,-1,True,True,7.24631989552646,eligible
C1,44,nonblind_diagnostic,54:66,6,10.344910825826526,1479.8683242424086,747.5985028256948,0.998841839060554,F,True,-1,True,True,7.402668365284562,eligible
C1,44,nonblind_diagnostic,54:66,7,10.36081782577299,1480.8548863035924,747.4423608425806,0.998841839060554,F,True,-1,True,True,7.559032187961932,eligible
C1,44,nonblind_diagnostic,54:66,8,10.376750281623897,1481.8414483647762,747.2862188594662,0.998841839060554,F,True,-1,True,True,7.715410430112389,eligible
C1,44,nonblind_diagnostic,54:66,9,10.392708254533643,1482.8280104259597,747.130076876352,0.998841839060554,F,True,-1,True,True,7.871802232380386,eligible
C1,44,nonblind_diagnostic,54:66,10,10.40869180585267,1483.8145724871438,746.9739348932375,0.998841839060554,F,True,-1,True,True,8.028206802301188,eligible
C1,44,nonblind_diagnostic,54:66,11,10.424700997128243,1484.8011345483271,746.8177929101232,0.998841839060554,F,True,-1,True,True,8.184623407921647,eligible
C1,44,nonblind_diagnostic,54:66,12,10.440735890105257,1485.7876966095107,746.6616509270088,0.998841839060554,F,True,-1,True,True,8.341051372139223,eligible
C1,44,nonblind_diagnostic,54:66,13,10.456796546727016,1486.7742586706945,746.5055089438945,0.998841839060554,F,True,-1,True,True,8.159215851638878,eligible
C1,44,nonblind_diagnostic,54:66,14,10.472883029136035,1487.760820731878,746.3493669607801,0.998841839060554,F,True,-1,True,True,7.971581379851169,eligible
C1,44,nonblind_diagnostic,54:66,15,10.488995399674844,1488.7473827930617,746.1932249776659,0.998841839060554,F,True,-1,True,True,7.906629251233307,eligible
C1,44,nonblind_diagnostic,54:66,16,10.50513372088679,1489.7339448542457,746.0370829945515,0.998841839060554,F,True,-1,True,True,7.967360452260416,eligible
C1,44,nonblind_diagnostic,54:66,17,10.521298055516848,1490.720506915429,745.8809410114371,0.998841839060554,F,True,-1,True,True,8.123868243890131,eligible
C1,44,nonblind_diagnostic,54:66,18,10.537488466512436,1491.7070689766128,745.7247990283228,0.998841839060554,F,True,-1,True,True,8.280384031318265,eligible
C1,44,nonblind_diagnostic,54:66,19,10.553705017024225,1492.6936310377964,745.5686570452085,0.998841839060554,F,True,-1,True,True,8.436907369546839,eligible
C1,44,nonblind_diagnostic,54:66,20,10.569947770406971,1493.68019309898,745.4125150620941,0.998841839060554,F,True,-1,True,True,8.593437845978753,eligible
C1,44,nonblind_diagnostic,54:66,21,10.58621679022033,1494.666755160164,745.2563730789797,0.998841839060554,F,True,-1,True,True,8.4305562719339,eligible
C1,44,nonblind_diagnostic,54:66,22,10.602512140229694,1495.6533172213476,745.1002310958654,0.998841839060554,F,True,-1,True,True,8.240950721995342,eligible
C1,44,nonblind_diagnostic,54:66,23,10.618833884407016,1496.6398792825312,744.944089112751,0.998841839060554,F,True,-1,True,True,8.16992218992226,eligible
C1,44,nonblind_diagnostic,54:66,24,10.635182086931659,1497.626441343715,744.7879471296367,0.998841839060554,F,True,-1,True,True,8.220544897713774,eligible
C1,44,nonblind_diagnostic,54:66,25,10.651556812191227,1498.6130034048988,744.6318051465224,0.998841839060554,F,True,-1,True,True,8.377138620697911,eligible
C1,44,nonblind_diagnostic,54:66,26,10.667958124782412,1499.5995654660824,744.475663163408,0.998841839060554,F,True,-1,True,True,8.533736949287462,eligible
C1,44,nonblind_diagnostic,54:66,27,10.684386089511854,1500.586127527266,744.3195211802936,0.998841839060554,F,True,-1,True,True,8.690339634505593,eligible
C1,44,nonblind_diagnostic,54:66,28,10.700840771396972,1501.5726895884497,744.1633791971791,0.998841839060554,F,True,-1,True,True,8.846946444998204,eligible
C1,44,nonblind_diagnostic,54:66,29,10.717322235666847,1502.5592516496336,744.007237214065,0.998841839060554,F,True,-1,True,True,8.70189669915574,eligible
C1,44,nonblind_diagnostic,54:66,30,10.73383054776307,1503.5458137108171,743.8510952309506,0.998841839060554,F,True,-1,True,True,8.510445304274588,eligible
C1,44,nonblind_diagnostic,54:66,31,10.750365773340604,1504.5323757720007,743.6949532478363,0.998841839060554,F,True,-1,True,True,8.433725299666495,eligible
C1,44,nonblind_diagnostic,54:66,32,10.766927978268674,1505.5189378331845,743.538811264722,0.998841839060554,F,True,-1,True,True,8.474853132788615,eligible
C1,44,nonblind_diagnostic,54:66,33,10.783517228631615,1506.5054998943683,743.3826692816076,0.998841839060554,F,True,-1,True,True,8.631507346032844,eligible
C1,44,nonblind_diagnostic,54:66,34,10.800133590729773,1507.4920619555517,743.2265272984932,0.998841839060554,F,True,-1,True,True,8.787260563576437,eligible
C1,44,nonblind_diagnostic,54:66,35,10.81677713108038,1508.4786240167355,743.0703853153788,0.998841839060554,F,True,-1,True,True,8.942432519465791,eligible
C1,44,nonblind_diagnostic,54:66,36,10.833447916418436,1509.4651860779193,742.9142433322645,0.998841839060554,F,True,-1,True,True,9.09765751786634,eligible
C1,44,nonblind_diagnostic,54:66,37,10.85014601369761,1510.4517481391028,742.7581013491503,0.998841839060554,F,True,-1,True,True,9.252932889293064,eligible
C1,44,nonblind_diagnostic,54:66,38,10.866871490091135,1511.4383102002864,742.6019593660358,0.998841839060554,F,True,-1,True,True,9.408256139652975,eligible
C1,44,nonblind_diagnostic,54:66,39,10.883624412992702,1512.4248722614702,742.4458173829214,0.998841839060554,F,True,-1,True,True,9.271223144393334,eligible
C1,44,nonblind_diagnostic,54:66,40,10.900404850017374,1513.4114343226538,742.2896753998072,0.998841839060554,F,True,-1,True,True,9.086827108879065,eligible
C1,44,nonblind_diagnostic,54:66,41,10.917212869002487,1514.3979963838374,742.1335334166928,0.998841839060554,F,True,-1,True,True,9.01003025850089,eligible
C1,44,nonblind_diagnostic,54:66,42,10.934048538008572,1515.3845584450212,741.9773914335784,0.998841839060554,F,True,-1,True,True,9.043574163485301,eligible
C1,44,nonblind_diagnostic,54:66,43,10.950911925320268,1516.371120506205,741.8212494504642,0.998841839060554,F,True,-1,True,True,9.186250164279777,eligible
C1,44,nonblind_diagnostic,54:66,44,10.967803099447249,1517.3576825673886,741.6651074673497,0.998841839060554,F,True,-1,True,True,9.341742632675356,eligible
C1,44,nonblind_diagnostic,54:66,45,10.98472212912515,1518.3442446285721,741.5089654842353,0.998841839060554,F,True,-1,True,True,9.497275427391653,eligible
C1,44,nonblind_diagnostic,54:66,46,11.001669083316498,1519.330806689756,741.352823501121,0.998841839060554,F,True,-1,True,True,9.65284659913911,eligible
C1,44,nonblind_diagnostic,54:66,47,11.018644031211652,1520.3173687509397,741.1966815180067,0.998841839060554,F,True,-1,True,True,9.808454321831983,eligible
C1,44,nonblind_diagnostic,54:66,48,11.035647042229744,1521.3039308121233,741.0405395348923,0.998841839060554,F,True,-1,True,True,9.691896577419646,eligible
C1,44,nonblind_diagnostic,54:66,49,11.052678186019621,1522.290492873307,740.884397551778,0.998841839060554,F,True,-1,True,True,9.509765342196001,eligible
C1,44,nonblind_diagnostic,54:66,50,11.069737532460804,1523.2770549344907,740.7282555686637,0.998841839060554,F,True,-1,True,True,9.430471064521553,eligible
C1,44,nonblind_diagnostic,54:66,51,11.086825151664435,1524.2636169956743,740.5721135855495,0.998841839060554,F,True,-1,True,True,9.45660098411902,eligible
C1,44,nonblind_diagnostic,54:66,52,11.103941113974244,1525.2501790568579,740.4159716024351,0.998841839060554,F,True,-1,True,True,9.587293146963894,eligible
C1,44,nonblind_diagnostic,54:66,53,11.121085489967511,1526.236741118042,740.2598296193207,0.998841839060554,F,True,-1,True,True,9.743047028606274,eligible
C1,44,nonblind_diagnostic,54:66,54,11.138258350456038,1527.2233031792255,740.1036876362062,0.998841839060554,F,True,-1,True,True,9.898831381109051,eligible
C1,44,nonblind_diagnostic,54:66,55,11.155459766487123,1528.2098652404088,739.9475456530919,0.998841839060554,F,True,-1,True,True,10.05464478814661,eligible
C1,44,nonblind_diagnostic,54:66,56,11.172689809344538,1529.1964273015926,739.7914036699776,0.998841839060554,F,True,-1,True,True,10.210485919590568,eligible
C1,44,nonblind_diagnostic,54:66,57,11.189948550549515,1530.1829893627762,739.6352616868633,0.998841839060554,F,True,-1,True,True,10.11275896470448,eligible
C1,44,nonblind_diagnostic,54:66,58,11.20723606186174,1531.1695514239602,739.4791197037489,0.998841839060554,F,True,-1,True,True,9.932703597568395,eligible
C1,44,nonblind_diagnostic,54:66,59,11.22455241528034,1532.156113485144,739.3229777206345,0.998841839060554,F,True,-1,True,True,9.851125705979163,eligible
C1,44,nonblind_diagnostic,54:66,60,11.241897683044888,1533.1426755463276,739.1668357375203,0.998841839060554,F,True,-1,True,True,9.870467295512059,eligible
C1,44,nonblind_diagnostic,54:66,61,11.259271937636402,1534.129237607511,739.0106937544059,0.998841839060554,F,True,-1,True,True,9.990142222584238,eligible
C1,44,nonblind_diagnostic,54:66,62,11.276675251778364,1535.1157996686948,738.8545517712914,0.998841839060554,F,True,-1,True,True,10.14610907317065,eligible
C1,44,nonblind_diagnostic,54:66,63,11.294107698437728,1536.1023617298783,738.6984097881772,0.998841839060554,F,True,-1,True,True,10.302098757829278,eligible
C1,44,nonblind_diagnostic,54:66,64,11.311569350825932,1537.0889237910621,738.5422678050628,0.998841839060554,F,True,-1,True,True,10.458110254804295,eligible
C1,44,nonblind_diagnostic,54:66,65,11.329060282399944,1538.075485852246,738.3861258219486,0.998841839060554,F,True,-1,True,True,10.384044876989222,eligible
C1,44,nonblind_diagnostic,54:66,66,11.346580566863272,1539.0620479134293,738.2299838388342,0.998841839060554,F,True,-1,True,True,10.202194776244292,eligible
C1,44,nonblind_diagnostic,54:66,67,11.36413027816701,1540.048609974613,738.0738418557198,0.998841839060554,F,True,-1,True,True,10.116152358304971,eligible
C1,44,nonblind_diagnostic,54:66,68,11.381709490510874,1541.035172035797,737.9176998726053,0.998841839060554,F,True,-1,True,True,10.128359633196812,eligible
C1,44,nonblind_diagnostic,54:66,69,11.399318278344246,1542.0217340969803,737.7615578894911,0.998841839060554,F,True,-1,True,True,10.238465178981357,eligible
C1,44,nonblind_diagnostic,54:66,70,11.416956716367237,1543.0082961581643,737.6054159063767,0.998841839060554,F,True,-1,True,True,10.394587404300681,eligible
C1,44,nonblind_diagnostic,54:66,71,11.434624879531725,1543.994858219348,737.4492739232625,0.998841839060554,F,True,-1,True,True,10.550727329632666,eligible
C1,44,nonblind_diagnostic,54:66,72,11.452322843042433,1544.9814202805314,737.2931319401481,0.998841839060554,F,True,-1,True,True,10.706884180612597,eligible
C1,44,nonblind_diagnostic,54:66,73,11.470050682357982,1545.9679823417152,737.1369899570336,0.998841839060554,F,True,-1,True,True,10.655333570769887,eligible
C1,44,nonblind_diagnostic,54:66,74,11.487808473191977,1546.954544402899,736.9808479739194,0.998841839060554,F,True,-1,True,True,10.47178146809936,eligible
C1,44,nonblind_diagnostic,54:66,75,11.505596291514076,1547.9411064640826,736.824705990805,0.998841839060554,F,True,-1,True,True,10.381505226401517,eligible
C1,44,nonblind_diagnostic,54:66,76,11.523414213551074,1548.9276685252664,736.6685640076907,0.998841839060554,F,True,-1,True,True,10.386937202798876,eligible
C1,44,nonblind_diagnostic,54:66,77,11.541262315787998,1549.9142305864498,736.5124220245763,0.998841839060554,F,True,-1,True,True,10.4879286888734,eligible
C1,44,nonblind_diagnostic,54:66,78,11.559140674969193,1550.9007926476336,736.356280041462,0.998841839060554,F,True,-1,True,True,10.64418229149348,eligible
C1,44,nonblind_diagnostic,54:66,79,11.577049368099427,1551.8873547088174,736.2001380583475,0.998841839060554,F,True,-1,True,True,10.800449385112593,eligible
C1,44,nonblind_diagnostic,54:66,80,11.594988472444998,1552.8739167700007,736.0439960752333,0.998841839060554,F,True,-1,True,True,10.95672939249623,eligible
C1,44,nonblind_diagnostic,54:66,81,11.612958065534837,1553.8604788311845,735.8878540921189,0.998841839060554,F,True,-1,True,True,11.113021768834344,eligible
C1,44,nonblind_diagnostic,54:66,82,11.630958225161638,1554.847040892368,735.7317121090045,0.998841839060554,F,True,-1,True,True,11.26932599949803,eligible
C1,44,nonblind_diagnostic,54:66,83,11.64898902938297,1555.833602953552,735.5755701258903,0.998841839060554,F,True,-1,True,True,11.226201608241418,eligible
C1,44,nonblind_diagnostic,54:66,84,11.667050556522405,1556.8201650147357,735.4194281427759,0.998841839060554,F,True,-1,True,True,11.048070028715093,eligible
C1,44,nonblind_diagnostic,54:66,85,11.685142885170661,1557.8067270759195,735.2632861596614,0.998841839060554,F,True,-1,True,True,10.958442873365811,eligible
C1,44,nonblind_diagnostic,54:66,86,11.703266094186734,1558.793289137103,735.1071441765472,0.998841839060554,F,True,-1,True,True,10.95949173534809,eligible
C1,44,nonblind_diagnostic,54:66,87,11.721420262699048,1559.779851198287,734.9510021934328,0.998841839060554,F,True,-1,True,True,11.051190796670822,eligible
C1,44,nonblind_diagnostic,54:66,88,11.739605470106602,1560.7664132594703,734.7948602103185,0.998841839060554,F,True,-1,True,True,11.207574245645475,eligible
C1,44,nonblind_diagnostic,54:66,89,11.757821796080133,1561.752975320654,734.6387182272042,0.998841839060554,F,True,-1,True,True,11.363966944384687,eligible
C1,44,nonblind_diagnostic,54:66,90,11.776069320563279,1562.7395373818376,734.4825762440898,0.998841839060554,F,True,-1,True,True,11.520368516183137,eligible
C1,44,nonblind_diagnostic,54:66,91,11.794348123773739,1563.7260994430214,734.3264342609755,0.998841839060554,F,True,-1,True,True,11.497444566346898,eligible
C1,44,nonblind_diagnostic,54:66,92,11.812658286204464,1564.712661504205,734.1702922778611,0.998841839060554,F,True,-1,True,True,11.317648330500925,eligible
C1,44,nonblind_diagnostic,54:66,93,11.830999888624826,1565.6992235653886,734.0141502947469,0.998841839060554,F,True,-1,True,True,11.224191104417002,eligible
C1,44,nonblind_diagnostic,54:66,94,11.849373012081811,1566.6857856265726,733.8580083116325,0.998841839060554,F,True,-1,True,True,11.219230731336879,eligible
C1,44,nonblind_diagnostic,54:66,95,11.867777737901212,1567.6723476877562,733.701866328518,0.998841839060554,F,True,-1,True,True,11.302883724801998,eligible
C1,44,nonblind_diagnostic,54:66,96,11.886214147688829,1568.65890974894,733.5457243454038,0.998841839060554,F,True,-1,True,True,11.45935309390737,eligible
C1,44,nonblind_diagnostic,54:66,97,11.904682323331674,1569.6454718101236,733.3895823622894,0.998841839060554,F,True,-1,True,True,11.61582919810199,eligible
C1,44,nonblind_diagnostic,54:66,98,11.923182346999186,1570.6320338713074,733.2334403791751,0.998841839060554,F,True,-1,True,True,11.772311768819716,eligible
C1,44,nonblind_diagnostic,54:66,99,11.941714301144446,1571.6185959324907,733.0772983960607,0.998841839060554,F,True,-1,True,True,11.928800551576442,eligible
C1,44,nonblind_diagnostic,54:66,100,11.960278268505403,1572.6051579936745,732.9211564129463,0.998841839060554,F,True,-1,True,True,12.085295305058445,eligible
C1,44,nonblind_diagnostic,54:66,101,11.978874332106113,1573.5917200548583,732.7650144298319,0.998841839060554,F,True,-1,True,True,12.068878690111317,eligible
C1,44,nonblind_diagnostic,54:66,102,11.997502575257958,1574.578282116042,732.6088724467178,0.998841839060554,F,True,-1,True,True,11.893945527559131,eligible
C1,44,nonblind_diagnostic,54:66,103,12.016163081560913,1575.5648441772257,732.4527304636033,0.998841839060554,F,True,-1,True,True,11.801246443803581,eligible
C1,44,nonblind_diagnostic,54:66,104,12.034855934904781,1576.5514062384095,732.2965884804889,0.998841839060554,F,True,-1,True,True,11.792720851488987,eligible
C1,44,nonblind_diagnostic,54:66,105,12.053581219470454,1577.537968299593,732.1404464973746,0.998841839060554,F,True,-1,True,True,11.868550146240105,eligible
C1,44,nonblind_diagnostic,54:66,106,12.072339019731178,1578.5245303607765,731.9843045142603,0.998841839060554,F,True,-1,True,True,12.025099142370859,eligible
C1,44,nonblind_diagnostic,54:66,107,12.091129420453825,1579.5110924219605,731.8281625311458,0.998841839060554,F,True,-1,True,True,12.181652514665924,eligible
C1,44,nonblind_diagnostic,54:66,108,12.109952506700164,1580.4976544831438,731.6720205480315,0.998841839060554,F,True,-1,True,True,12.33801999320602,eligible
C1,44,nonblind_diagnostic,54:66,109,12.12880836382815,1581.4842165443279,731.5158785649173,0.998841839060554,F,True,-1,True,True,12.340070719175293,eligible
C1,44,nonblind_diagnostic,54:66,110,12.147697077493211,1582.4707786055114,731.359736581803,0.998841839060554,F,True,-1,True,True,12.163516600734013,eligible
C1,44,nonblind_diagnostic,54:66,111,12.16661873364955,1583.4573406666952,731.2035945986885,0.998841839060554,F,True,-1,True,True,12.06732351755489,eligible
C1,44,nonblind_diagnostic,54:66,112,12.18557341855144,1584.443902727879,731.0474526155742,0.998841839060554,F,True,-1,True,True,12.053415602941998,eligible
C1,44,nonblind_diagnostic,54:66,113,12.204561218754543,1585.4304647890626,730.8913106324599,0.998841839060554,F,True,-1,True,True,12.12207608275402,eligible
C1,44,nonblind_diagnostic,54:66,114,12.223582221117224,1586.4170268502462,730.7351686493455,0.998841839060554,F,True,-1,True,True,12.27191914306087,eligible
C1,44,nonblind_diagnostic,54:66,115,12.242636512801877,1587.40358891143,730.5790266662311,0.998841839060554,F,True,-1,True,True,12.42752841749423,eligible
C1,44,nonblind_diagnostic,54:66,116,12.26172418127625,1588.3901509726134,730.4228846831169,0.998841839060554,F,True,-1,True,True,12.583165240733637,eligible
C1,44,nonblind_diagnostic,54:66,117,12.280845314314794,1589.3767130337974,730.2667427000024,0.998841839060554,F,True,-1,True,True,12.738828603045693,eligible
C1,44,nonblind_diagnostic,54:66,118,12.3,1590.363275094981,730.1106007168881,0.499420919530277,F,True,-1,True,True,12.89451754328629,eligible
C1,45,nonblind_diagnostic,25:37,0,6.15,1147.0053308123124,134.04023866973634,0.49769627292455054,U,True,-1,False,True,573.5046831469074,excluded_contour_domain
C1,45,nonblind_diagnostic,25:37,1,6.161056239590765,1147.9941847378927,134.15414316567922,0.9953925458491011,U,True,-1,False,True,573.348632909023,excluded_contour_domain
C1,45,nonblind_diagnostic,25:37,2,6.172131967869566,1148.9830386634735,134.26804766162218,0.9953925458491011,U,True,-1,False,True,573.189113303223,excluded_contour_domain
C1,45,nonblind_diagnostic,25:37,3,6.183227236410539,1149.9718925890538,134.38195215756514,0.9953925458491011,U,True,-1,False,True,572.9850613098706,excluded_contour_domain
C1,45,nonblind_diagnostic,25:37,4,6.194342096969957,1150.9607465146344,134.49585665350804,0.9953925458491011,U,True,-1,False,True,572.7826664380286,excluded_contour_domain
C1,45,nonblind_diagnostic,25:37,5,6.20547660148704,1151.949600440215,134.60976114945097,0.9953925458491011,U,True,-1,False,True,572.5819304449631,excluded_contour_domain
C1,45,nonblind_diagnostic,25:37,6,6.216630802084759,1152.9384543657952,134.72366564539396,0.9953925458491011,U,True,-1,False,True,572.3828550759915,excluded_contour_domain
C1,45,nonblind_diagnostic,25:37,7,6.227804751070652,1153.9273082913758,134.83757014133684,0.9953925458491011,U,True,-1,False,True,572.1854420644128,excluded_contour_domain
C1,45,nonblind_diagnostic,25:37,8,6.23899850093764,1154.9161622169563,134.9514746372798,0.9953925458491011,U,True,-1,False,True,571.9896931314338,excluded_contour_domain
C1,45,nonblind_diagnostic,25:37,9,6.250212104364851,1155.9050161425366,135.06537913322273,0.9953925458491011,U,True,-1,False,True,571.7956099861008,excluded_contour_domain
C1,45,nonblind_diagnostic,25:37,10,6.261445614218446,1156.8938700681172,135.1792836291656,0.9953925458491011,U,True,-1,False,True,571.6031943252266,excluded_contour_domain
C1,45,nonblind_diagnostic,25:37,11,6.272699083552447,1157.8827239936977,135.29318812510863,0.9953925458491011,U,True,-1,False,True,571.4124478333222,excluded_contour_domain
C1,45,nonblind_diagnostic,25:37,12,6.2839725656095755,1158.8715779192783,135.40709262105156,0.9953925458491011,U,True,-1,False,True,571.2233721825256,excluded_contour_domain
C1,45,nonblind_diagnostic,25:37,13,6.29526611382209,1159.8604318448586,135.5209971169945,0.9953925458491011,U,True,-1,False,True,571.035969032533,excluded_contour_domain
C1,45,nonblind_diagnostic,25:37,14,6.306579781812634,1160.849285770439,135.6349016129374,0.9953925458491011,U,True,-1,False,True,570.8502400305289,excluded_contour_domain
C1,45,nonblind_diagnostic,25:37,15,6.3179136233950794,1161.8381396960197,135.74880610888033,0.9953925458491011,U,True,-1,False,True,570.6661868111178,excluded_contour_domain
C1,45,nonblind_diagnostic,25:37,16,6.329267692575382,1162.8269936216,135.86271060482332,0.9953925458491011,U,True,-1,False,True,570.4838109962554,excluded_contour_domain
C1,45,nonblind_diagnostic,25:37,17,6.340642043552441,1163.8158475471807,135.97661510076625,0.9953925458491011,U,True,-1,False,True,570.303114195181,excluded_contour_domain
C1,45,nonblind_diagnostic,25:37,18,6.352036730718958,1164.8047014727613,136.09051959670916,0.9953925458491011,U,True,-1,False,True,570.1240980043493,excluded_contour_domain
C1,45,nonblind_diagnostic,25:37,19,6.363451808662309,1165.7935553983416,136.20442409265206,0.9953925458491011,U,True,-1,False,True,569.9467640073628,excluded_contour_domain
C1,45,nonblind_diagnostic,25:37,20,6.374887332165411,1166.7824093239221,136.31832858859502,0.9953925458491011,U,True,-1,False,True,569.7711137749061,excluded_contour_domain
C1,45,nonblind_diagnostic,25:37,21,6.386343356207599,1167.7712632495027,136.4322330845379,0.9953925458491011,U,True,-1,False,True,569.5971488646779,excluded_contour_domain
C1,45,nonblind_diagnostic,25:37,22,6.397819935965511,1168.7601171750832,136.54613758048097,0.9953925458491011,U,True,-1,False,True,569.4168003353452,excluded_contour_domain
C1,45,nonblind_diagnostic,25:37,23,6.409317126813969,1169.7489711006638,136.66004207642382,0.9953925458491011,U,True,-1,False,True,569.2220880561229,excluded_contour_domain
C1,45,nonblind_diagnostic,25:37,24,6.420834984326875,1170.737825026244,136.77394657236675,0.9953925458491011,U,True,-1,False,True,569.029050374797,excluded_contour_domain
C1,45,nonblind_diagnostic,25:37,25,6.432373564278103,1171.7266789518244,136.88785106830974,0.9953925458491011,U,True,-1,False,True,568.8376889962149,excluded_contour_domain
C1,45,nonblind_diagnostic,25:37,26,6.443932922642395,1172.7155328774052,137.0017555642526,0.9953925458491011,U,True,-1,False,True,568.6480056127047,excluded_contour_domain
C1,45,nonblind_diagnostic,25:37,27,6.4555131155962755,1173.7043868029857,137.11566006019558,0.9953925458491011,U,True,-1,False,True,568.4600019040031,excluded_contour_domain
C1,45,nonblind_diagnostic,25:37,28,6.4671141995189565,1174.693240728566,137.22956455613846,0.9953925458491011,U,True,-1,False,True,568.2736795371861,excluded_contour_domain
C1,45,nonblind_diagnostic,25:37,29,6.478736230993251,1175.6820946541463,137.34346905208145,0.9953925458491011,U,True,-1,False,True,568.089040166598,excluded_contour_domain
C1,45,nonblind_diagnostic,25:37,30,6.490379266806496,1176.6709485797269,137.45737354802438,0.9953925458491011,U,True,-1,False,True,567.9060854337813,excluded_contour_domain
C1,45,nonblind_diagnostic,25:37,31,6.502043363951474,1177.6598025053077,137.57127804396734,0.9953925458491011,U,True,-1,False,True,567.7248169674077,excluded_contour_domain
C1,45,nonblind_diagnostic,25:37,32,6.513728579627347,1178.648656430888,137.68518253991022,0.9953925458491011,U,True,-1,False,True,567.545236383209,excluded_contour_domain
C1,45,nonblind_diagnostic,25:37,33,6.525434971240591,1179.6375103564685,137.79908703585318,0.9953925458491011,U,True,-1,False,True,567.3523837962724,excluded_contour_domain
C1,45,nonblind_diagnostic,25:37,34,6.537162596405931,1180.626364282049,137.91299153179614,0.9953925458491011,U,True,-1,False,True,567.1537144126951,excluded_contour_domain
C1,45,nonblind_diagnostic,25:37,35,6.548911512947292,1181.6152182076296,138.0268960277391,0.9953925458491011,U,True,-1,False,True,566.9567230023484,excluded_contour_domain
C1,45,nonblind_diagnostic,25:37,36,6.560681778898746,1182.60407213321,138.14080052368203,0.9953925458491011,U,True,-1,False,True,566.7614113148911,excluded_contour_domain
C1,45,nonblind_diagnostic,25:37,37,6.572473452505472,1183.5929260587907,138.25470501962494,0.9953925458491011,U,True,-1,False,True,566.5677810874647,excluded_contour_domain
C1,45,nonblind_diagnostic,25:37,38,6.584286592224707,1184.5817799843708,138.3686095155679,0.9953925458491011,U,True,-1,False,True,566.375834044621,excluded_contour_domain
C1,45,nonblind_diagnostic,25:37,39,6.596121256726726,1185.5706339099515,138.48251401151083,0.9953925458491011,U,True,-1,False,True,566.1855718982492,excluded_contour_domain
C1,45,nonblind_diagnostic,25:37,40,6.6079775048958,1186.5594878355319,138.5964185074538,0.9953925458491011,U,True,-1,False,True,565.9969963475032,excluded_contour_domain
C1,45,nonblind_diagnostic,25:37,41,6.619855395831181,1187.5483417611124,138.71032300339667,0.9953925458491011,U,True,-1,False,True,565.8101090787301,excluded_contour_domain
C1,45,nonblind_diagnostic,25:37,42,6.6317549888480825,1188.5371956866927,138.82422749933966,0.9953925458491011,U,True,-1,False,True,565.6249117653975,excluded_contour_domain
C1,45,nonblind_diagnostic,25:37,43,6.643676343478662,1189.5260496122735,138.9381319952825,0.9953925458491011,U,True,-1,False,True,565.4414060680241,excluded_contour_domain
C1,45,nonblind_diagnostic,25:37,44,6.65561951947302,1190.5149035378538,139.05203649122555,0.9953925458491011,U,True,-1,False,True,565.2595936341061,excluded_contour_domain
C1,45,nonblind_diagnostic,25:37,45,6.667584576800197,1191.5037574634343,139.16594098716848,0.9953925458491011,U,True,-1,False,True,565.0794760980496,excluded_contour_domain
C1,45,nonblind_diagnostic,25:37,46,6.679571575649172,1192.4926113890147,139.27984548311136,0.9953925458491011,U,True,-1,False,True,564.8937544588276,excluded_contour_domain
C1,45,nonblind_diagnostic,25:37,47,6.691580576429879,1193.4814653145952,139.3937499790544,0.9953925458491011,U,True,-1,False,True,564.6944667434325,excluded_contour_domain
C1,45,nonblind_diagnostic,25:37,48,6.703611639774218,1194.4703192401757,139.50765447499725,0.9953925458491011,U,True,-1,False,True,564.496863877338,excluded_contour_domain
C1,45,nonblind_diagnostic,25:37,49,6.715664826537075,1195.4591731657563,139.6215589709402,0.9953925458491011,U,True,-1,False,True,564.3009476305093,excluded_contour_domain
C1,45,nonblind_diagnostic,25:37,50,6.727740197797349,1196.4480270913366,139.73546346688317,0.9953925458491011,U,True,-1,False,True,564.1063779196231,excluded_contour_domain
C1,45,nonblind_diagnostic,25:37,51,6.739837814858984,1197.4368810169171,139.84936796282614,0.9953925458491011,U,True,-1,False,True,563.8947526151028,excluded_contour_domain
C1,45,nonblind_diagnostic,25:37,52,6.751957739252008,1198.4257349424977,139.96327245876907,0.9953925458491011,U,True,-1,False,True,563.6848055932853,excluded_contour_domain
C1,45,nonblind_diagnostic,25:37,53,6.7641000327335705,1199.4145888680782,140.07717695471197,0.9953925458491011,U,True,-1,False,True,563.4765387301167,excluded_contour_domain
C1,45,nonblind_diagnostic,25:37,54,6.776264757288997,1200.4034427936588,140.1910814506548,0.9953925458491011,U,True,-1,False,True,563.2699538892928,excluded_contour_domain
C1,45,nonblind_diagnostic,25:37,55,6.788451975132843,1201.3922967192393,140.30498594659778,0.9953925458491011,U,True,-1,False,True,563.0650529221823,excluded_contour_domain
C1,45,nonblind_diagnostic,25:37,56,6.800661748709953,1202.3811506448199,140.41889044254071,0.9953925458491011,U,True,-1,False,True,562.8549218677076,excluded_contour_domain
C1,45,nonblind_diagnostic,25:37,57,6.812894140696527,1203.3700045704002,140.53279493848365,0.9953925458491011,U,True,-1,False,True,562.6360190160943,excluded_contour_domain
C1,45,nonblind_diagnostic,25:37,58,6.825149214001194,1204.3588584959807,140.6466994344266,0.9953925458491011,U,True,-1,False,True,562.4187926540995,excluded_contour_domain
C1,45,nonblind_diagnostic,25:37,59,6.837427031766091,1205.3477124215613,140.76060393036957,0.9953925458491011,U,True,-1,False,True,562.20324472503,excluded_contour_domain
C1,45,nonblind_diagnostic,25:37,60,6.849727657367944,1206.3365663471416,140.87450842631245,0.9953925458491011,U,True,-1,False,True,561.9893771601468,excluded_contour_domain
C1,45,nonblind_diagnostic,25:37,61,6.862051154419163,1207.325420272722,140.9884129222554,0.9953925458491011,U,True,-1,False,True,561.7771918785844,excluded_contour_domain
C1,45,nonblind_diagnostic,25:37,62,6.874397586768937,1208.3142741983027,141.10231741819837,0.9953925458491011,U,True,-1,False,True,561.5666907872712,excluded_contour_domain
C1,45,nonblind_diagnostic,25:37,63,6.886767018504333,1209.3031281238832,141.21622191414124,0.9953925458491011,U,True,-1,False,True,561.3578757808483,excluded_contour_domain
C1,45,nonblind_diagnostic,25:37,64,6.899159513951412,1210.2919820494635,141.33012641008423,0.9953925458491011,U,True,-1,False,True,561.1507487415896,excluded_contour_domain
C1,45,nonblind_diagnostic,25:37,65,6.911575137676339,1211.280835975044,141.44403090602725,0.9953925458491011,U,True,-1,False,True,560.9453115393222,excluded_contour_domain
C1,45,nonblind_diagnostic,25:37,66,6.924013954486502,1212.2696899006244,141.55793540197013,0.9953925458491011,U,True,-1,False,True,560.7415660313484,excluded_contour_domain
C1,45,nonblind_diagnostic,25:37,67,6.936476029431648,1213.258543826205,141.67183989791306,0.9953925458491011,U,True,-1,False,True,560.539514062364,excluded_contour_domain
C1,45,nonblind_diagnostic,25:37,68,6.94896142780501,1214.2473977517857,141.785744393856,0.9953925458491011,U,True,-1,False,True,560.3391574643824,excluded_contour_domain
C1,45,nonblind_diagnostic,25:37,69,6.961470215144448,1215.236251677366,141.89964888979887,0.9953925458491011,U,True,-1,False,True,560.1404980566551,excluded_contour_domain
C1,45,nonblind_diagnostic,25:37,70,6.974002457233601,1216.2251056029465,142.01355338574186,0.9953925458491011,U,True,-1,False,True,559.9435376455932,excluded_contour_domain
C1,45,nonblind_diagnostic,25:37,71,6.9865582201030305,1217.213959528527,142.12745788168482,0.9953925458491011,U,True,-1,False,True,559.7331303823844,excluded_contour_domain
C1,45,nonblind_diagnostic,25:37,72,6.999137570031391,1218.2028134541074,142.24136237762772,0.9953925458491011,U,True,-1,False,True,559.4785248086166,excluded_contour_domain
C1,45,nonblind_diagnostic,25:37,73,7.011740573546589,1219.1916673796882,142.35526687357068,0.9953925458491011,U,True,-1,False,True,558.4930420250398,excluded_contour_domain
C1,45,nonblind_diagnostic,25:37,74,7.024367297426958,1220.1805213052685,142.4691713695136,0.9953925458491011,U,True,-1,False,True,557.5017061607197,excluded_contour_domain
C1,45,nonblind_diagnostic,25:37,75,7.037017808702439,1221.1693752308488,142.58307586545655,0.9953925458491011,U,True,-1,False,True,556.510384778653,excluded_contour_domain
C1,45,nonblind_diagnostic,25:37,76,7.049692174655764,1222.1582291564293,142.69698036139945,0.9953925458491011,U,True,-1,False,True,555.5190779563704,excluded_contour_domain
C1,45,nonblind_diagnostic,25:37,77,7.062390462823651,1223.1470830820099,142.8108848573425,0.9953925458491011,U,True,-1,False,True,554.5277857719558,excluded_contour_domain
C1,45,nonblind_diagnostic,25:37,78,7.075112740998005,1224.1359370075904,142.9247893532853,0.9953925458491011,U,True,-1,False,True,553.5365083040512,excluded_contour_domain
C1,45,nonblind_diagnostic,25:37,79,7.087859077227119,1225.124790933171,143.03869384922828,0.9953925458491011,U,True,-1,False,True,552.5452456318618,excluded_contour_domain
C1,45,nonblind_diagnostic,25:37,80,7.100629539816893,1226.1136448587513,143.15259834517116,0.9953925458491011,U,True,-1,False,True,551.553997835161,excluded_contour_domain
C1,45,nonblind_diagnostic,25:37,81,7.113424197332051,1227.1024987843318,143.26650284111417,0.9953925458491011,U,True,-1,False,True,550.5627649942953,excluded_contour_domain
C1,45,nonblind_diagnostic,25:37,82,7.126243118597369,1228.0913527099124,143.3804073370571,0.9953925458491011,U,True,-1,False,True,549.5715471901899,excluded_contour_domain
C1,45,nonblind_diagnostic,25:37,83,7.139086372698909,1229.0802066354927,143.494311833,0.9953925458491011,U,True,-1,False,True,548.5803445043538,excluded_contour_domain
C1,45,nonblind_diagnostic,25:37,84,7.151954028985259,1230.0690605610732,143.6082163289429,0.9953925458491011,U,True,-1,False,True,547.5891570188843,excluded_contour_domain
C1,45,nonblind_diagnostic,25:37,85,7.1648461570687845,1231.0579144866538,143.7221208248859,0.9953925458491011,U,True,-1,False,True,546.5979848164734,excluded_contour_domain
C1,45,nonblind_diagnostic,25:37,86,7.17776282682688,1232.046768412234,143.8360253208289,0.9953925458491011,U,True,-1,False,True,545.6068279804131,excluded_contour_domain
C1,45,nonblind_diagnostic,25:37,87,7.190704108403232,1233.0356223378146,143.94992981677177,0.9953925458491011,U,True,-1,False,True,544.6156865945994,excluded_contour_domain
C1,45,nonblind_diagnostic,25:37,88,7.203670072209094,1234.024476263395,144.0638343127148,0.9953925458491011,U,True,-1,False,True,543.6245607435399,excluded_contour_domain
C1,45,nonblind_diagnostic,25:37,89,7.216660788924553,1235.0133301889757,144.17773880865764,0.9953925458491011,U,True,-1,False,True,542.633450512357,excluded_contour_domain
C1,45,nonblind_diagnostic,25:37,90,7.229676329499827,1236.0021841145563,144.29164330460054,0.9953925458491011,U,True,-1,False,True,541.6423559867962,excluded_contour_domain
C1,45,nonblind_diagnostic,25:37,91,7.242716765156542,1236.9910380401368,144.40554780054353,0.9953925458491011,U,True,-1,False,True,540.6512772532299,excluded_contour_domain
C1,45,nonblind_diagnostic,25:37,92,7.255782167389047,1237.9798919657171,144.5194522964865,0.9953925458491011,U,True,-1,False,True,539.6602143986632,excluded_contour_domain
C1,45,nonblind_diagnostic,25:37,93,7.268872607965706,1238.9687458912977,144.63335679242942,0.9953925458491011,U,True,-1,False,True,538.6691675107402,excluded_contour_domain
C1,45,nonblind_diagnostic,25:37,94,7.281988158930222,1239.957599816878,144.74726128837236,0.9953925458491011,U,True,-1,False,True,537.6781366777503,excluded_contour_domain
C1,45,nonblind_diagnostic,25:37,95,7.295128892602953,1240.9464537424587,144.86116578431523,0.9953925458491011,U,True,-1,False,True,536.6871219886327,excluded_contour_domain
C1,45,nonblind_diagnostic,25:37,96,7.3082948815822455,1241.935307668039,144.97507028025822,0.9953925458491011,U,True,-1,False,True,535.6961235329844,excluded_contour_domain
C1,45,nonblind_diagnostic,25:37,97,7.321486198745769,1242.9241615936196,145.08897477620116,0.9953925458491011,U,True,-1,False,True,534.7051414010641,excluded_contour_domain
C1,45,nonblind_diagnostic,25:37,98,7.33470291725186,1243.9130155192001,145.20287927214403,0.9953925458491011,U,True,-1,False,True,533.7141756837999,excluded_contour_domain
C1,45,nonblind_diagnostic,25:37,99,7.347945110540875,1244.9018694447805,145.31678376808705,0.9953925458491011,U,True,-1,False,True,532.7232264727952,excluded_contour_domain
C1,45,nonblind_diagnostic,25:37,100,7.361212852336554,1245.890723370361,145.43068826402992,0.9953925458491011,U,True,-1,False,True,531.7322938603339,excluded_contour_domain
C1,45,nonblind_diagnostic,25:37,101,7.374506216647383,1246.8795772959415,145.54459275997283,0.9953925458491011,U,True,-1,False,True,530.7413779393883,excluded_contour_domain
C1,45,nonblind_diagnostic,25:37,102,7.387825277767974,1247.868431221522,145.6584972559159,0.9953925458491011,U,True,-1,False,True,529.7504788036244,excluded_contour_domain
C1,45,nonblind_diagnostic,25:37,103,7.401170110280449,1248.8572851471026,145.77240175185878,0.9953925458491011,U,True,-1,False,True,528.759596547409,excluded_contour_domain
C1,45,nonblind_diagnostic,25:37,104,7.414540789055831,1249.8461390726832,145.88630624780166,0.9953925458491011,U,True,-1,False,True,527.7687312658157,excluded_contour_domain
C1,45,nonblind_diagnostic,25:37,105,7.427937389255442,1250.8349929982637,146.00021074374465,0.9953925458491011,U,True,-1,False,True,526.7778830546321,excluded_contour_domain
C1,45,nonblind_diagnostic,25:37,106,7.441359986332317,1251.823846923844,146.11411523968758,0.9953925458491011,U,True,-1,False,True,525.787052010366,excluded_contour_domain
C1,45,nonblind_diagnostic,25:37,107,7.4548086560326166,1252.8127008494246,146.22801973563057,0.9953925458491011,U,True,-1,False,True,524.7962382302519,excluded_contour_domain
C1,45,nonblind_diagnostic,25:37,108,7.46828347439705,1253.8015547750051,146.3419242315735,0.9953925458491011,U,True,-1,False,True,523.8054418122592,excluded_contour_domain
C1,45,nonblind_diagnostic,25:37,109,7.481784517762315,1254.7904087005857,146.45582872751638,0.9953925458491011,U,True,-1,False,True,522.8146628550977,excluded_contour_domain
C1,45,nonblind_diagnostic,25:37,110,7.495311862762533,1255.779262626166,146.56973322345937,0.9953925458491011,U,True,-1,False,True,521.8239014582255,excluded_contour_domain
C1,45,nonblind_diagnostic,25:37,111,7.508865586330699,1256.7681165517465,146.68363771940227,0.9953925458491011,U,True,-1,False,True,520.8331577218548,excluded_contour_domain
C1,45,nonblind_diagnostic,25:37,112,7.522445765700147,1257.756970477327,146.79754221534523,0.9953925458491011,U,True,-1,False,True,519.8424317469611,excluded_contour_domain
C1,45,nonblind_diagnostic,25:37,113,7.536052478406009,1258.7458244029074,146.9114467112881,0.9953925458491011,U,True,-1,False,True,518.851723635289,excluded_contour_domain
C1,45,nonblind_diagnostic,25:37,114,7.549685802286695,1259.734678328488,147.0253512072311,0.9953925458491011,U,True,-1,False,True,517.8610334893589,excluded_contour_domain
C1,45,nonblind_diagnostic,25:37,115,7.563345815485377,1260.7235322540685,147.13925570317397,0.9953925458491011,U,True,-1,False,True,516.8703614124768,excluded_contour_domain
C1,45,nonblind_diagnostic,25:37,116,7.577032596451479,1261.712386179649,147.25316019911693,0.9953925458491011,U,True,-1,False,True,515.8797075087393,excluded_contour_domain
C1,45,nonblind_diagnostic,25:37,117,7.590746223942183,1262.7012401052293,147.3670646950599,0.9953925458491011,U,True,-1,False,True,514.8890718830429,excluded_contour_domain
C1,45,nonblind_diagnostic,25:37,118,7.604486777023937,1263.6900940308099,147.48096919100286,0.9953925458491011,U,True,-1,False,True,513.8984546410902,excluded_contour_domain
C1,45,nonblind_diagnostic,25:37,119,7.618254335073975,1264.6789479563902,147.59487368694576,0.9953925458491011,U,True,-1,False,True,512.9078558893995,excluded_contour_domain
C1,45,nonblind_diagnostic,25:37,120,7.632048977781846,1265.6678018819707,147.70877818288875,0.9953925458491011,U,True,-1,False,True,511.9172757353103,excluded_contour_domain
C1,45,nonblind_diagnostic,25:37,121,7.64587078515095,1266.6566558075513,147.8226826788316,0.9953925458491011,U,True,-1,False,True,510.9267142869935,excluded_contour_domain
C1,45,nonblind_diagnostic,25:37,122,7.659719837500087,1267.6455097331318,147.93658717477453,0.9953925458491011,U,True,-1,False,True,509.93617165345813,excluded_contour_domain
C1,45,nonblind_diagnostic,25:37,123,7.673596215465013,1268.6343636587123,148.05049167071752,0.9953925458491011,U,True,-1,False,True,508.9456479445598,excluded_contour_domain
C1,45,nonblind_diagnostic,25:37,124,7.6875,1269.623217584293,148.16439616666042,0.49769627292455054,U,True,-1,False,True,507.9551432710089,excluded_contour_domain
C1,45,nonblind_diagnostic,30:42,0,6.15,1167.4942686337574,732.2649528626455,0.4979395182812276,B,True,-1,True,True,24.269986380480805,eligible
C1,45,nonblind_diagnostic,30:42,1,6.160678069618646,1168.4509723807596,731.9883791908384,0.9958790365624552,B,True,-1,True,True,23.992617870746315,eligible
C1,45,nonblind_diagnostic,30:42,2,6.171372232831634,1169.4076761277615,731.7118055190314,0.9958790365624552,B,True,-1,True,True,23.715309839795754,eligible
C1,45,nonblind_diagnostic,30:42,3,6.182082526049915,1170.3643798747635,731.4352318472243,0.9958790365624552,B,True,-1,True,True,23.438064434297615,eligible
C1,45,nonblind_diagnostic,30:42,4,6.192808985794359,1171.3210836217654,731.1586581754171,0.9958790365624552,B,True,-1,True,True,23.1608839032102,eligible
C1,45,nonblind_diagnostic,30:42,5,6.203551648696172,1172.2777873687676,730.8820845036103,0.9958790365624552,B,True,-1,True,True,22.91773400208107,eligible
C1,45,nonblind_diagnostic,30:42,6,6.214310551497311,1173.2344911157695,730.605510831803,0.9958790365624552,B,True,-1,True,True,22.715678957786338,eligible
C1,45,nonblind_diagnostic,30:42,7,6.225085731050906,1174.1911948627715,730.328937159996,0.9958790365624552,B,True,-1,True,True,22.555823180439027,eligible
C1,45,nonblind_diagnostic,30:42,8,6.235877224321676,1175.1478986097736,730.052363488189,0.9958790365624552,B,True,-1,True,True,22.439068570067132,eligible
C1,45,nonblind_diagnostic,30:42,9,6.246685068386359,1176.1046023567758,729.7757898163819,0.9958790365624552,B,True,-1,True,True,22.36609012205851,eligible
C1,45,nonblind_diagnostic,30:42,10,6.257509300434128,1177.0613061037777,729.4992161445748,0.9958790365624552,B,True,-1,True,True,22.337316905009853,eligible
C1,45,nonblind_diagnostic,30:42,11,6.268349957767023,1178.0180098507797,729.2226424727678,0.9958790365624552,B,True,-1,True,True,22.222649770609905,eligible
C1,45,nonblind_diagnostic,30:42,12,6.27920707780038,1178.9747135977816,728.9460688009608,0.9958790365624552,B,True,-1,True,True,21.946083368533944,eligible
C1,45,nonblind_diagnostic,30:42,13,6.290080698063258,1179.931417344784,728.6694951291537,0.9958790365624552,B,True,-1,True,True,21.66960365888153,eligible
C1,45,nonblind_diagnostic,30:42,14,6.300970856198875,1180.888121091786,728.3929214573466,0.9958790365624552,B,True,-1,True,True,21.393214002816467,eligible
C1,45,nonblind_diagnostic,30:42,15,6.311877589965037,1181.8448248387876,728.1163477855396,0.9958790365624552,B,True,-1,True,True,21.116917936349502,eligible
C1,45,nonblind_diagnostic,30:42,16,6.3228009372345815,1182.8015285857898,727.8397741137325,0.9958790365624552,B,True,-1,True,True,20.840719181776144,eligible
C1,45,nonblind_diagnostic,30:42,17,6.33374093599581,1183.758232332792,727.5632004419255,0.9958790365624552,B,True,-1,True,True,20.56462166001871,eligible
C1,45,nonblind_diagnostic,30:42,18,6.344697624352934,1184.714936079794,727.2866267701183,0.9958790365624552,B,True,-1,True,True,20.28862950395333,eligible
C1,45,nonblind_diagnostic,30:42,19,6.355671040526509,1185.671639826796,727.0100530983113,0.9958790365624552,B,True,-1,True,True,20.012747072818016,eligible
C1,45,nonblind_diagnostic,30:42,20,6.366661222853889,1186.628343573798,726.7334794265041,0.9958790365624552,B,True,-1,True,True,19.736978967800482,eligible
C1,45,nonblind_diagnostic,30:42,21,6.377668209789663,1187.5850473208,726.4569057546971,0.9958790365624552,B,True,-1,True,True,19.461330048923717,eligible
C1,45,nonblind_diagnostic,30:42,22,6.388692039906114,1188.5417510678021,726.1803320828901,0.9958790365624552,B,True,-1,True,True,19.18580545335026,eligible
C1,45,nonblind_diagnostic,30:42,23,6.399732751893659,1189.498454814804,725.9037584110831,0.9958790365624552,B,True,-1,True,True,18.910328904252225,eligible
C1,45,nonblind_diagnostic,30:42,24,6.4107903845613095,1190.455158561806,725.6271847392759,0.9958790365624552,B,True,-1,True,True,18.632744849524933,eligible
C1,45,nonblind_diagnostic,30:42,25,6.4218649768371225,1191.411862308808,725.3506110674689,0.9958790365624552,B,True,-1,True,True,18.404843974577567,eligible
C1,45,nonblind_diagnostic,30:42,26,6.432956567768659,1192.3685660558103,725.0740373956618,0.9958790365624552,B,True,-1,True,True,18.228574627230657,eligible
C1,45,nonblind_diagnostic,30:42,27,6.44406519652344,1193.325269802812,724.7974637238548,0.9958790365624552,B,True,-1,True,True,18.10544487891475,eligible
C1,45,nonblind_diagnostic,30:42,28,6.455190902389413,1194.2819735498142,724.5208900520477,0.9958790365624552,B,True,-1,True,True,18.036543063936925,eligible
C1,45,nonblind_diagnostic,30:42,29,6.466333724775409,1195.2386772968161,724.2443163802407,0.9958790365624552,B,True,-1,True,True,18.022491149727703,eligible
C1,45,nonblind_diagnostic,30:42,30,6.477493703211612,1196.1953810438183,723.9677427084335,0.9958790365624552,B,True,-1,True,True,17.968804962733344,eligible
C1,45,nonblind_diagnostic,30:42,31,6.488670877350025,1197.1520847908203,723.6911690366265,0.9958790365624552,B,True,-1,True,True,17.691822734418654,eligible
C1,45,nonblind_diagnostic,30:42,32,6.499865286964939,1198.1087885378224,723.4145953648194,0.9958790365624552,B,True,-1,True,True,17.414935161129716,eligible
C1,45,nonblind_diagnostic,30:42,33,6.511076971953405,1199.0654922848244,723.1380216930123,0.9958790365624552,B,True,-1,True,True,17.138146830667907,eligible
C1,45,nonblind_diagnostic,30:42,34,6.522305972335712,1200.0221960318265,722.8614480212053,0.9958790365624552,B,True,-1,True,True,16.861462630378114,eligible
C1,45,nonblind_diagnostic,30:42,35,6.533552328255855,1200.9788997788282,722.5848743493982,0.9958790365624552,B,True,-1,True,True,16.58488777184398,eligible
C1,45,nonblind_diagnostic,30:42,36,6.54481607998202,1201.9356035258302,722.3083006775912,0.9958790365624552,B,True,-1,True,True,16.335116312664187,eligible
C1,45,nonblind_diagnostic,30:42,37,6.556097267907065,1202.8923072728323,722.0317270057841,0.9958790365624552,B,True,-1,True,True,16.14302008927701,eligible
C1,45,nonblind_diagnostic,30:42,38,6.5673959325489975,1203.8490110198345,721.7551533339771,0.9958790365624552,B,True,-1,True,True,16.010675200261478,eligible
C1,45,nonblind_diagnostic,30:42,39,6.578712114551463,1204.8057147668364,721.47857966217,0.9958790365624552,B,True,-1,True,True,15.939570045790415,eligible
C1,45,nonblind_diagnostic,30:42,40,6.590045854684232,1205.7624185138384,721.2020059903629,0.9958790365624552,B,True,-1,True,True,15.930524669074115,eligible
C1,45,nonblind_diagnostic,30:42,41,6.601397193843691,1206.7191222608405,720.925432318556,0.9958790365624552,B,True,-1,True,True,15.927909054149653,eligible
C1,45,nonblind_diagnostic,30:42,42,6.612766173053332,1207.6758260078425,720.6488586467489,0.9958790365624552,B,True,-1,True,True,15.65221600039809,eligible
C1,45,nonblind_diagnostic,30:42,43,6.6241528334642465,1208.6325297548447,720.3722849749419,0.9958790365624552,B,True,-1,True,True,15.376676485245369,eligible
C1,45,nonblind_diagnostic,30:42,44,6.635557216355626,1209.5892335018468,720.0957113031347,0.9958790365624552,B,True,-1,True,True,15.101298913126488,eligible
C1,45,nonblind_diagnostic,30:42,45,6.646979363135255,1210.5459372488488,719.8191376313276,0.9958790365624552,B,True,-1,True,True,14.826092307759785,eligible
C1,45,nonblind_diagnostic,30:42,46,6.658419315340017,1211.5026409958507,719.5425639595205,0.9958790365624552,B,True,-1,True,True,14.551066369711656,eligible
C1,45,nonblind_diagnostic,30:42,47,6.669877114636395,1212.4593447428529,719.2659902877135,0.9958790365624552,B,True,-1,True,True,14.27338349803308,eligible
C1,45,nonblind_diagnostic,30:42,48,6.68135280282098,1213.4160484898548,718.9894166159064,0.9958790365624552,B,True,-1,True,True,13.995601937727034,eligible
C1,45,nonblind_diagnostic,30:42,49,6.692846421820975,1214.3727522368567,718.7128429440994,0.9958790365624552,B,True,-1,True,True,13.717908216620295,eligible
C1,45,nonblind_diagnostic,30:42,50,6.704358013694712,1215.329455983859,718.4362692722924,0.9958790365624552,B,True,-1,True,True,13.440307779319994,eligible
C1,45,nonblind_diagnostic,30:42,51,6.715887620632159,1216.2861597308608,718.1596956004853,0.9958790365624552,B,True,-1,True,True,13.222397481195307,eligible
C1,45,nonblind_diagnostic,30:42,52,6.727435284955438,1217.242863477863,717.8831219286782,0.9958790365624552,B,True,-1,True,True,13.076898225860761,eligible
C1,45,nonblind_diagnostic,30:42,53,6.739001049119342,1218.199567224865,717.6065482568712,0.9958790365624552,B,True,-1,True,True,13.006240401409308,eligible
C1,45,nonblind_diagnostic,30:42,54,6.750584955711859,1219.156270971867,717.3299745850641,0.9958790365624552,B,True,-1,True,True,13.01164331127737,eligible
C1,45,nonblind_diagnostic,30:42,55,6.762187047454687,1220.112974718869,717.053400913257,0.9958790365624552,B,True,-1,True,True,13.053889791526545,eligible
C1,45,nonblind_diagnostic,30:42,56,6.7738073672037675,1221.069678465871,716.77682724145,0.9958790365624552,B,True,-1,True,True,12.77701723589914,eligible
C1,45,nonblind_diagnostic,30:42,57,6.7854459579498085,1222.026382212873,716.500253569643,0.9958790365624552,B,True,-1,True,True,12.500281409893434,eligible
C1,45,nonblind_diagnostic,30:42,58,6.797102862818815,1222.983085959875,716.2236798978358,0.9958790365624552,B,True,-1,True,True,12.223691599901777,eligible
C1,45,nonblind_diagnostic,30:42,59,6.808778125072623,1223.939789706877,715.9471062260287,0.9958790365624552,B,True,-1,True,True,11.94725794713633,eligible
C1,45,nonblind_diagnostic,30:42,60,6.820471788109432,1224.8964934538792,715.6705325542216,0.9958790365624552,B,True,-1,True,True,11.670991547603666,eligible
C1,45,nonblind_diagnostic,30:42,61,6.8321838954643495,1225.8531972008811,715.3939588824146,0.9958790365624552,B,True,-1,True,True,11.394904566339461,eligible
C1,45,nonblind_diagnostic,30:42,62,6.843914490809921,1226.809900947883,715.1173852106076,0.9958790365624552,B,True,-1,True,True,11.119010368313024,eligible
C1,45,nonblind_diagnostic,30:42,63,6.855663617956683,1227.7666046948852,714.8408115388005,0.9958790365624552,B,True,-1,True,True,10.843323668886747,eligible
C1,45,nonblind_diagnostic,30:42,64,6.8674313208537,1228.7233084418872,714.5642378669935,0.9958790365624552,B,True,-1,True,True,10.58897052656794,eligible
C1,45,nonblind_diagnostic,30:42,65,6.879217643589119,1229.6800121888893,714.2876641951864,0.9958790365624552,B,True,-1,True,True,10.423937622018688,eligible
C1,45,nonblind_diagnostic,30:42,66,6.891022630390715,1230.6367159358913,714.0110905233793,0.9958790365624552,B,True,-1,True,True,10.35249749547795,eligible
C1,45,nonblind_diagnostic,30:42,67,6.90284632562645,1231.5934196828932,713.7345168515722,0.9958790365624552,B,True,-1,True,True,10.376583414156448,eligible
C1,45,nonblind_diagnostic,30:42,68,6.91468877380502,1232.5501234298954,713.4579431797653,0.9958790365624552,B,True,-1,True,True,10.467615033021033,eligible
C1,45,nonblind_diagnostic,30:42,69,6.926550019576424,1233.5068271768976,713.1813695079582,0.9958790365624552,B,True,-1,True,True,10.19330684768328,eligible
C1,45,nonblind_diagnostic,30:42,70,6.9384301077325174,1234.4635309238995,712.904795836151,0.9958790365624552,B,True,-1,True,True,9.915636211219432,eligible
C1,45,nonblind_diagnostic,30:42,71,6.9503290832075795,1235.4202346709017,712.628222164344,0.9958790365624552,B,True,-1,True,True,9.63738861023014,eligible
C1,45,nonblind_diagnostic,30:42,72,6.962246991078878,1236.3769384179036,712.3516484925369,0.9958790365624552,B,True,-1,True,True,9.3592420686111,eligible
C1,45,nonblind_diagnostic,30:42,73,6.974183876567241,1237.3336421649055,712.0750748207299,0.9958790365624552,B,True,-1,True,True,9.081205872352477,eligible
C1,45,nonblind_diagnostic,30:42,74,6.986139785037625,1238.2903459119077,711.7985011489228,0.9958790365624552,B,True,-1,True,True,8.803290476643237,eligible
C1,45,nonblind_diagnostic,30:42,75,6.998114761999693,1239.2470496589096,711.5219274771158,0.9958790365624552,B,True,-1,True,True,8.525507695098797,eligible
C1,45,nonblind_diagnostic,30:42,76,7.01010885310839,1240.2037534059116,711.2453538053086,0.9958790365624552,B,True,-1,True,True,8.247870926799067,eligible
C1,45,nonblind_diagnostic,30:42,77,7.0221221041645245,1241.1604571529138,710.9687801335016,0.9958790365624552,B,True,-1,True,True,7.970395430216162,eligible
C1,45,nonblind_diagnostic,30:42,78,7.034154561115351,1242.1171608999157,710.6922064616946,0.9958790365624552,B,True,-1,True,True,7.772907353470535,eligible
C1,45,nonblind_diagnostic,30:42,79,7.046206270055154,1243.0738646469176,710.4156327898876,0.9958790365624552,B,True,-1,True,True,7.700163910475585,eligible
C1,45,nonblind_diagnostic,30:42,80,7.058277277225842,1244.0305683939198,710.1390591180804,0.9958790365624552,B,True,-1,True,True,7.755675978383305,eligible
C1,45,nonblind_diagnostic,30:42,81,7.07036762901753,1244.9872721409217,709.8624854462734,0.9958790365624552,B,True,-1,True,True,7.862495748250489,eligible
C1,45,nonblind_diagnostic,30:42,82,7.0824773719691425,1245.943975887924,709.5859117744664,0.9958790365624552,B,True,-1,True,True,7.586118648631933,eligible
C1,45,nonblind_diagnostic,30:42,83,7.094606552769007,1246.9006796349258,709.3093381026594,0.9958790365624552,B,True,-1,True,True,7.310012861404985,eligible
C1,45,nonblind_diagnostic,30:42,84,7.106755218255453,1247.8573833819278,709.0327644308522,0.9958790365624552,B,True,-1,True,True,7.034210335184098,eligible
C1,45,nonblind_diagnostic,30:42,85,7.1189234154174175,1248.81408712893,708.7561907590451,0.9958790365624552,B,True,-1,True,True,6.758748195356612,eligible
C1,45,nonblind_diagnostic,30:42,86,7.131111191395046,1249.7707908759319,708.479617087238,0.9958790365624552,B,True,-1,True,True,6.483669826555243,eligible
C1,45,nonblind_diagnostic,30:42,87,7.143318593480309,1250.727494622934,708.2030434154309,0.9958790365624552,B,True,-1,True,True,6.209026235590446,eligible
C1,45,nonblind_diagnostic,30:42,88,7.155545669117605,1251.684198369936,707.9264697436239,0.9958790365624552,B,True,-1,True,True,5.934877782367603,eligible
C1,45,nonblind_diagnostic,30:42,89,7.167792465904383,1252.6409021169382,707.6498960718169,0.9958790365624552,B,True,-1,True,True,5.68613059521392,eligible
C1,45,nonblind_diagnostic,30:42,90,7.180059031591754,1253.5976058639399,707.3733224000098,0.9958790365624552,B,True,-1,True,True,5.605795047175907,eligible
C1,45,nonblind_diagnostic,30:42,91,7.192345414085117,1254.5543096109423,707.0967487282028,0.9958790365624552,B,True,-1,True,True,5.700995104978486,eligible
C1,45,nonblind_diagnostic,30:42,92,7.2046516614447755,1255.5110133579442,706.8201750563957,0.9958790365624552,B,True,-1,True,True,5.8406802363422825,eligible
C1,45,nonblind_diagnostic,30:42,93,7.216977821886573,1256.4677171049461,706.5436013845886,0.9958790365624552,B,True,-1,True,True,5.563297187951704,eligible
C1,45,nonblind_diagnostic,30:42,94,7.229323943782515,1257.4244208519483,706.2670277127816,0.9958790365624552,B,True,-1,True,True,5.284100111350789,eligible
C1,45,nonblind_diagnostic,30:42,95,7.241690075661406,1258.3811245989502,705.9904540409746,0.9958790365624552,B,True,-1,True,True,5.004986263218337,eligible
C1,45,nonblind_diagnostic,30:42,96,7.254076266209485,1259.3378283459522,705.7138803691673,0.9958790365624552,B,True,-1,True,True,4.725970389893475,eligible
C1,45,nonblind_diagnostic,30:42,97,7.266482564271063,1260.2945320929541,705.4373066973604,0.9958790365624552,B,True,-1,True,True,4.447070932672398,eligible
C1,45,nonblind_diagnostic,30:42,98,7.278909018849164,1261.2512358399565,705.1607330255533,0.9958790365624552,B,True,-1,True,True,4.168311259636064,eligible
C1,45,nonblind_diagnostic,30:42,99,7.291355679106175,1262.2079395869584,704.8841593537462,0.9958790365624552,B,True,-1,True,True,3.889721424102072,eligible
C1,45,nonblind_diagnostic,30:42,100,7.303822594364489,1263.1646433339604,704.6075856819392,0.9958790365624552,B,True,-1,True,True,3.790919222018741,eligible
C1,45,nonblind_diagnostic,30:42,101,7.316309814107161,1264.1213470809623,704.3310120101322,0.9958790365624552,B,True,-1,True,True,3.9491460405450205,eligible
C1,45,nonblind_diagnostic,30:42,102,7.328817387978558,1265.0780508279643,704.0544383383251,0.9958790365624552,B,True,-1,True,True,4.05518953577096,eligible
C1,45,nonblind_diagnostic,30:42,103,7.34134536578502,1266.0347545749664,703.777864666518,0.9958790365624552,B,True,-1,True,True,3.7780245259932,eligible
C1,45,nonblind_diagnostic,30:42,104,7.3538937974955205,1266.9914583219684,703.5012909947109,0.9958790365624552,B,True,-1,True,True,3.501301413747042,eligible
C1,45,nonblind_diagnostic,30:42,105,7.366462733242333,1267.9481620689703,703.2247173229039,0.9958790365624552,U,True,-1,True,True,3.225133948184129,eligible
C1,45,nonblind_diagnostic,30:42,106,7.379052223321692,1268.9048658159725,702.9481436510969,0.9958790365624552,U,True,-1,True,True,2.9496782028677924,eligible
C1,45,nonblind_diagnostic,30:42,107,7.391662318194474,1269.8615695629746,702.6715699792898,0.9958790365624552,U,True,-1,True,True,2.675154040450251,eligible
C1,45,nonblind_diagnostic,30:42,108,7.40429306848686,1270.8182733099766,702.3949963074828,0.9958790365624552,U,True,-1,True,True,2.401880909354772,eligible
C1,45,nonblind_diagnostic,30:42,109,7.416944524991022,1271.7749770569787,702.1184226356756,0.9958790365624552,U,True,-1,True,True,2.1303402986914755,eligible
C1,45,nonblind_diagnostic,30:42,110,7.429616738665803,1272.7316808039807,701.8418489638685,0.9958790365624552,U,True,-1,True,True,1.8612906265965095,eligible
C1,45,nonblind_diagnostic,30:42,111,7.442309760637395,1273.6883845509826,701.5652752920615,0.9958790365624552,U,True,-1,True,True,1.7099590726008167,eligible
C1,45,nonblind_diagnostic,30:42,112,7.455023642200031,1274.6450882979848,701.2887016202544,0.9958790365624552,U,True,-1,True,True,2.0897529457361292,eligible
C1,45,nonblind_diagnostic,30:42,113,7.467758434816679,1275.6017920449867,701.0121279484474,0.9958790365624552,U,True,-1,True,True,2.051152957816422,eligible
C1,45,nonblind_diagnostic,30:42,114,7.48051419011973,1276.5584957919887,700.7355542766403,0.9958790365624552,U,True,-1,True,True,1.7908307046887921,eligible
C1,45,nonblind_diagnostic,30:42,115,7.4932909599116995,1277.5151995389908,700.4589806048333,0.9958790365624552,U,True,-1,True,True,1.5374185806976735,eligible
C1,45,nonblind_diagnostic,30:42,116,7.506088796165928,1278.4719032859928,700.1824069330262,0.9958790365624552,U,True,-1,True,True,1.27309813706531,eligible
C1,45,nonblind_diagnostic,30:42,117,7.518907751027285,1279.4286070329947,699.9058332612191,0.9958790365624552,U,True,-1,True,True,1.0021167027164575,eligible
C1,45,nonblind_diagnostic,30:42,118,7.531747876812881,1280.3853107799969,699.6292595894121,0.9958790365624552,U,True,-1,True,True,0.7378563735909902,eligible
C1,45,nonblind_diagnostic,30:42,119,7.544609226012771,1281.3420145269988,699.352685917605,0.9958790365624552,U,True,-1,True,True,0.4912853479955117,eligible
C1,45,nonblind_diagnostic,30:42,120,7.557491851290679,1282.298718274001,699.076112245798,0.9958790365624552,U,True,-1,True,True,0.30826235771259974,eligible
C1,45,nonblind_diagnostic,30:42,121,7.5703958054847105,1283.255422021003,698.799538573991,0.9958790365624552,U,True,-1,True,True,0.3246924577670258,eligible
C1,45,nonblind_diagnostic,30:42,122,7.583321141608079,1284.212125768005,698.5229649021838,0.9958790365624552,U,True,-1,True,True,0.564348855202084,eligible
C1,45,nonblind_diagnostic,30:42,123,7.596267912849829,1285.168829515007,698.2463912303767,0.9958790365624552,U,True,-1,True,True,0.2986838521649005,eligible
C1,45,nonblind_diagnostic,30:42,124,7.6092361725755655,1286.125533262009,697.9698175585697,0.9958790365624552,U,True,-1,True,True,0.12911072628291295,eligible
C1,45,nonblind_diagnostic,30:42,125,7.622225974328192,1287.082237009011,697.6932438867626,0.9958790365624552,U,True,-1,True,True,0.31758815887807423,eligible
C1,45,nonblind_diagnostic,30:42,126,7.635237371828639,1288.0389407560133,697.4166702149555,0.9958790365624552,U,True,-1,True,True,0.5846281045236763,eligible
C1,45,nonblind_diagnostic,30:42,127,7.648270418976615,1288.9956445030152,697.1400965431485,0.9958790365624552,U,True,-1,True,True,0.8599144872946034,eligible
C1,45,nonblind_diagnostic,30:42,128,7.66132516985134,1289.9523482500172,696.8635228713414,0.9958790365624552,U,True,-1,True,True,1.056503760470824,eligible
C1,45,nonblind_diagnostic,30:42,129,7.6744016787123,1290.909051997019,696.5869491995344,0.9958790365624552,U,True,-1,True,True,0.4229450354496383,eligible
C1,45,nonblind_diagnostic,30:42,130,7.6875,1291.8657557440213,696.3103755277274,0.4979395182812276,U,True,-1,True,True,0.7025691660047155,eligible
C1,45,nonblind_diagnostic,37:49,0,7.6875,1269.623217584293,148.16439616666042,0.499318092832655,U,True,-1,False,True,507.9551432710089,excluded_contour_domain
C1,45,nonblind_diagnostic,37:49,1,7.703024921357738,1270.5567557645652,148.5190519114236,0.99863618566531,U,True,-1,False,True,506.9676148044883,excluded_contour_domain
C1,45,nonblind_diagnostic,37:49,2,7.718588700091348,1271.490293944838,148.87370765618667,0.99863618566531,U,True,-1,False,True,505.9801299399957,excluded_contour_domain
C1,45,nonblind_diagnostic,37:49,3,7.734191482268005,1272.4238321251107,149.22836340094975,0.99863618566531,U,True,-1,False,True,504.99268893331566,excluded_contour_domain
C1,45,nonblind_diagnostic,37:49,4,7.7498334146879,1273.357370305383,149.58301914571288,0.99863618566531,U,True,-1,False,True,504.00529204222573,excluded_contour_domain
C1,45,nonblind_diagnostic,37:49,5,7.765514644888849,1274.2909084856558,149.93767489047593,0.99863618566531,U,True,-1,False,True,503.0179395265144,excluded_contour_domain
C1,45,nonblind_diagnostic,37:49,6,7.781235321150927,1275.2244466659283,150.29233063523913,0.99863618566531,U,True,-1,False,True,502.0306316480039,excluded_contour_domain
C1,45,nonblind_diagnostic,37:49,7,7.796995592501147,1276.1579848462009,150.64698638000218,0.99863618566531,U,True,-1,False,True,501.04336867056753,excluded_contour_domain
C1,45,nonblind_diagnostic,37:49,8,7.812795608718163,1277.0915230264736,151.0016421247653,0.99863618566531,U,True,-1,False,True,500.05615086014996,excluded_contour_domain
C1,45,nonblind_diagnostic,37:49,9,7.828635520337022,1278.0250612067462,151.3562978695284,0.99863618566531,U,True,-1,False,True,499.0689784847889,excluded_contour_domain
C1,45,nonblind_diagnostic,37:49,10,7.844515478653936,1278.958599387019,151.71095361429158,0.99863618566531,U,True,-1,False,True,498.08185181463375,excluded_contour_domain
C1,45,nonblind_diagnostic,37:49,11,7.8604356357311085,1279.8921375672915,152.0656093590547,0.99863618566531,U,True,-1,False,True,497.094771121968,excluded_contour_domain
C1,45,nonblind_diagnostic,37:49,12,7.87639614440158,1280.825675747564,152.42026510381774,0.99863618566531,U,True,-1,False,True,496.1077366812287,excluded_contour_domain
C1,45,nonblind_diagnostic,37:49,13,7.892397158274125,1281.7592139278365,152.77492084858085,0.99863618566531,U,True,-1,False,True,495.12074876902864,excluded_contour_domain
C1,45,nonblind_diagnostic,37:49,14,7.908438831738176,1282.6927521081093,153.12957659334404,0.99863618566531,U,True,-1,False,True,494.1338076641773,excluded_contour_domain
C1,45,nonblind_diagnostic,37:49,15,7.924521319968791,1283.6262902883816,153.48423233810712,0.99863618566531,U,True,-1,False,True,493.1469136477039,excluded_contour_domain
C1,45,nonblind_diagnostic,37:49,16,7.940644778931656,1284.5598284686544,153.83888808287014,0.99863618566531,U,True,-1,False,True,492.1600670028765,excluded_contour_domain
C1,45,nonblind_diagnostic,37:49,17,7.956809365388127,1285.493366648927,154.19354382763336,0.99863618566531,U,True,-1,False,True,491.1732680152276,excluded_contour_domain
C1,45,nonblind_diagnostic,37:49,18,7.97301523690031,1286.4269048291997,154.54819957239638,0.99863618566531,U,True,-1,False,True,490.1865169725742,excluded_contour_domain
C1,45,nonblind_diagnostic,37:49,19,7.989262551836182,1287.3604430094722,154.90285531715955,0.99863618566531,U,True,-1,False,True,489.19981416504226,excluded_contour_domain
C1,45,nonblind_diagnostic,37:49,20,8.00555146937475,1288.293981189745,155.25751106192266,0.99863618566531,U,True,-1,False,True,488.21315988508786,excluded_contour_domain
C1,45,nonblind_diagnostic,37:49,21,8.021882149511244,1289.2275193700175,155.61216680668574,0.99863618566531,U,True,-1,False,True,487.2265544275227,excluded_contour_domain
C1,45,nonblind_diagnostic,37:49,22,8.038254753062366,1290.1610575502903,155.96682255144884,0.99863618566531,U,True,-1,False,True,486.23999808953556,excluded_contour_domain
C1,45,nonblind_diagnostic,37:49,23,8.054669441671557,1291.0945957305626,156.32147829621198,0.99863618566531,U,True,-1,False,True,485.25349117071823,excluded_contour_domain
C1,45,nonblind_diagnostic,37:49,24,8.071126377814323,1292.028133910835,156.67613404097509,0.99863618566531,U,True,-1,False,True,484.2670339730877,excluded_contour_domain
C1,45,nonblind_diagnostic,37:49,25,8.0876257248036,1292.961672091108,157.03078978573814,0.99863618566531,U,True,-1,False,True,483.2806268011114,excluded_contour_domain
C1,45,nonblind_diagnostic,37:49,26,8.104167646795142,1293.8952102713804,157.3854455305013,0.99863618566531,U,True,-1,False,True,482.2942699617339,excluded_contour_domain
C1,45,nonblind_diagnostic,37:49,27,8.120752308792982,1294.828748451653,157.74010127526435,0.99863618566531,U,True,-1,False,True,481.30796376439804,excluded_contour_domain
C1,45,nonblind_diagnostic,37:49,28,8.137379876654908,1295.7622866319255,158.09475702002754,0.99863618566531,U,True,-1,False,True,480.3217085210733,excluded_contour_domain
C1,45,nonblind_diagnostic,37:49,29,8.154050517097994,1296.6958248121982,158.44941276479065,0.99863618566531,U,True,-1,False,True,479.33550454628033,excluded_contour_domain
C1,45,nonblind_diagnostic,37:49,30,8.170764397704174,1297.629362992471,158.8040685095537,0.99863618566531,U,True,-1,False,True,478.34935215711755,excluded_contour_domain
C1,45,nonblind_diagnostic,37:49,31,8.187521686925853,1298.5629011727435,159.15872425431687,0.99863618566531,U,True,-1,False,True,477.3632516732868,excluded_contour_domain
C1,45,nonblind_diagnostic,37:49,32,8.204322554091572,1299.496439353016,159.51337999907997,0.99863618566531,U,True,-1,False,True,476.37720341712003,excluded_contour_domain
C1,45,nonblind_diagnostic,37:49,33,8.22116716941171,1300.4299775332888,159.86803574384305,0.99863618566531,U,True,-1,False,True,475.3912077136061,excluded_contour_domain
C1,45,nonblind_diagnostic,37:49,34,8.23805570398423,1301.3635157135614,160.2226914886062,0.99863618566531,U,True,-1,False,True,474.40526489041906,excluded_contour_domain
C1,45,nonblind_diagnostic,37:49,35,8.254988329800467,1302.297053893834,160.57734723336927,0.99863618566531,U,True,-1,False,True,473.4193752779442,excluded_contour_domain
C1,45,nonblind_diagnostic,37:49,36,8.271965219750982,1303.2305920741064,160.9320029781324,0.99863618566531,U,True,-1,False,True,472.4335392093071,excluded_contour_domain
C1,45,nonblind_diagnostic,37:49,37,8.28898654763143,1304.164130254379,161.28665872289548,0.99863618566531,U,True,-1,False,True,471.44775702040147,excluded_contour_domain
C1,45,nonblind_diagnostic,37:49,38,8.3060524881485,1305.0976684346517,161.64131446765862,0.99863618566531,U,True,-1,False,True,470.4620290499176,excluded_contour_domain
C1,45,nonblind_diagnostic,37:49,39,8.32316321692589,1306.0312066149245,161.99597021242167,0.99863618566531,U,True,-1,False,True,469.4763556393721,excluded_contour_domain
C1,45,nonblind_diagnostic,37:49,40,8.34031891051033,1306.9647447951968,162.35062595718483,0.99863618566531,U,True,-1,False,True,468.49073713313686,excluded_contour_domain
C1,45,nonblind_diagnostic,37:49,41,8.357519746377656,1307.8982829754696,162.7052817019479,0.99863618566531,U,True,-1,False,True,467.50517387846725,excluded_contour_domain
C1,45,nonblind_diagnostic,37:49,42,8.374765902938929,1308.831821155742,163.059937446711,0.99863618566531,U,True,-1,False,True,466.5196662255351,excluded_contour_domain
C1,45,nonblind_diagnostic,37:49,43,8.392057559546606,1309.7653593360146,163.41459319147415,0.99863618566531,U,True,-1,False,True,465.53421452745675,excluded_contour_domain
C1,45,nonblind_diagnostic,37:49,44,8.40939489650075,1310.6988975162872,163.76924893623735,0.99863618566531,U,True,-1,False,True,464.5488191403247,excluded_contour_domain
C1,45,nonblind_diagnostic,37:49,45,8.426778095055306,1311.63243569656,164.12390468100045,0.99863618566531,U,True,-1,False,True,463.56348042323896,excluded_contour_domain
C1,45,nonblind_diagnostic,37:49,46,8.444207337424412,1312.5659738768327,164.4785604257635,0.99863618566531,U,True,-1,False,True,462.57819873833853,excluded_contour_domain
C1,45,nonblind_diagnostic,37:49,47,8.461682806788765,1313.499512057105,164.8332161705266,0.99863618566531,U,True,-1,False,True,461.5929744508337,excluded_contour_domain
C1,45,nonblind_diagnostic,37:49,48,8.479204687302044,1314.4330502373775,165.18787191528975,0.99863618566531,U,True,-1,False,True,460.607807929037,excluded_contour_domain
C1,45,nonblind_diagnostic,37:49,49,8.496773164097373,1315.3665884176503,165.54252766005283,0.99863618566531,U,True,-1,False,True,459.62269954439773,excluded_contour_domain
C1,45,nonblind_diagnostic,37:49,50,8.514388423293841,1316.3001265979228,165.8971834048159,0.99863618566531,U,True,-1,False,True,458.637649671535,excluded_contour_domain
C1,45,nonblind_diagnostic,37:49,51,8.532050652003083,1317.2336647781954,166.251839149579,0.99863618566531,U,True,-1,False,True,457.65265868827004,excluded_contour_domain
C1,45,nonblind_diagnostic,37:49,52,8.549760038335892,1318.1672029584681,166.60649489434218,0.99863618566531,U,True,-1,False,True,456.6677269756613,excluded_contour_domain
C1,45,nonblind_diagnostic,37:49,53,8.567516771408908,1319.1007411387407,166.96115063910523,0.99863618566531,U,True,-1,False,True,455.6828549180395,excluded_contour_domain
C1,45,nonblind_diagnostic,37:49,54,8.585321041351346,1320.0342793190134,167.31580638386836,0.99863618566531,U,True,-1,False,True,454.6980429030405,excluded_contour_domain
C1,45,nonblind_diagnostic,37:49,55,8.60317303931178,1320.967817499286,167.67046212863153,0.99863618566531,U,True,-1,False,True,453.7132913216433,excluded_contour_domain
C1,45,nonblind_diagnostic,37:49,56,8.62107295746499,1321.9013556795585,168.02511787339466,0.99863618566531,U,True,-1,False,True,452.72860056820366,excluded_contour_domain
C1,45,nonblind_diagnostic,37:49,57,8.639020989018851,1322.834893859831,168.37977361815774,0.99863618566531,U,True,-1,False,True,451.7439710404916,excluded_contour_domain
C1,45,nonblind_diagnostic,37:49,58,8.657017328221285,1323.7684320401038,168.73442936292082,0.99863618566531,U,True,-1,False,True,450.7594031397275,excluded_contour_domain
C1,45,nonblind_diagnostic,37:49,59,8.675062170367275,1324.7019702203766,169.0890851076839,0.99863618566531,U,True,-1,False,True,449.77489727062004,excluded_contour_domain
C1,45,nonblind_diagnostic,37:49,60,8.693155711805922,1325.6355084006489,169.44374085244704,0.99863618566531,U,True,-1,False,True,448.790453841404,excluded_contour_domain
C1,45,nonblind_diagnostic,37:49,61,8.711298149947574,1326.5690465809216,169.79839659721011,0.99863618566531,U,True,-1,False,True,447.8060732638762,excluded_contour_domain
C1,45,nonblind_diagnostic,37:49,62,8.729489683270998,1327.5025847611942,170.15305234197322,0.99863618566531,U,True,-1,False,True,446.821755953438,excluded_contour_domain
C1,45,nonblind_diagnostic,37:49,63,8.747730511330627,1328.436122941467,170.50770808673636,0.99863618566531,U,True,-1,False,True,445.8375023291308,excluded_contour_domain
C1,45,nonblind_diagnostic,37:49,64,8.766020834763843,1329.3696611217395,170.86236383149947,0.99863618566531,U,True,-1,False,True,444.85331281367866,excluded_contour_domain
C1,45,nonblind_diagnostic,37:49,65,8.784360855298349,1330.303199302012,171.2170195762626,0.99863618566531,U,True,-1,False,True,443.86918783352615,excluded_contour_domain
C1,45,nonblind_diagnostic,37:49,66,8.802750775759575,1331.2367374822845,171.57167532102565,0.99863618566531,U,True,-1,False,True,442.8851278188807,excluded_contour_domain
C1,45,nonblind_diagnostic,37:49,67,8.821190800078162,1332.1702756625573,171.92633106578884,0.99863618566531,U,True,-1,False,True,441.9011332037528,excluded_contour_domain
C1,45,nonblind_diagnostic,37:49,68,8.83968113329749,1333.1038138428298,172.28098681055187,0.99863618566531,U,True,-1,False,True,440.91720442599916,excluded_contour_domain
C1,45,nonblind_diagnostic,37:49,69,8.85822198158129,1334.0373520231026,172.63564255531503,0.99863618566531,U,True,-1,False,True,439.93334192736313,excluded_contour_domain
C1,45,nonblind_diagnostic,37:49,70,8.876813552221298,1334.9708902033751,172.99029830007814,0.99863618566531,U,True,-1,False,True,438.9495461535197,excluded_contour_domain
C1,45,nonblind_diagnostic,37:49,71,8.895456053644985,1335.9044283836474,173.34495404484124,0.99863618566531,U,True,-1,False,True,437.9658175541174,excluded_contour_domain
C1,45,nonblind_diagnostic,37:49,72,8.91414969542334,1336.8379665639202,173.6996097896044,0.99863618566531,U,True,-1,False,True,436.9821565828223,excluded_contour_domain
C1,45,nonblind_diagnostic,37:49,73,8.932894688278735,1337.7715047441927,174.0542655343674,0.99863618566531,U,True,-1,False,True,435.9985636973646,excluded_contour_domain
C1,45,nonblind_diagnostic,37:49,74,8.951691244092823,1338.7050429244655,174.40892127913065,0.99863618566531,U,True,-1,False,True,435.0150393595812,excluded_contour_domain
C1,45,nonblind_diagnostic,37:49,75,8.970539575914545,1339.638581104738,174.7635770238937,0.99863618566531,U,True,-1,False,True,434.0315840354638,excluded_contour_domain
C1,45,nonblind_diagnostic,37:49,76,8.98943989796816,1340.5721192850108,175.11823276865678,0.99863618566531,U,True,-1,False,True,433.0481981952035,excluded_contour_domain
C1,45,nonblind_diagnostic,37:49,77,9.00839242566137,1341.505657465283,175.47288851341992,0.99863618566531,U,True,-1,False,True,432.0648823132397,excluded_contour_domain
C1,45,nonblind_diagnostic,37:49,78,9.027397375593507,1342.4391956455559,175.827544258183,0.99863618566531,U,True,-1,False,True,431.08163686830517,excluded_contour_domain
C1,45,nonblind_diagnostic,37:49,79,9.046454965563774,1343.3727338258284,176.18220000294613,0.99863618566531,U,True,-1,False,True,430.09846234347754,excluded_contour_domain
C1,45,nonblind_diagnostic,37:49,80,9.065565414579572,1344.3062720061012,176.53685574770915,0.99863618566531,U,True,-1,False,True,429.11535922622573,excluded_contour_domain
C1,45,nonblind_diagnostic,37:49,81,9.084728942864889,1345.2398101863735,176.89151149247235,0.99863618566531,U,True,-1,False,True,428.13232800846123,excluded_contour_domain
C1,45,nonblind_diagnostic,37:49,82,9.103945771868759,1346.1733483666462,177.24616723723543,0.99863618566531,U,True,-1,False,True,427.1493691865866,excluded_contour_domain
C1,45,nonblind_diagnostic,37:49,83,9.123216124273789,1347.106886546919,177.60082298199856,0.99863618566531,U,True,-1,False,True,426.16648326154854,excluded_contour_domain
C1,45,nonblind_diagnostic,37:49,84,9.142540224004765,1348.0404247271915,177.95547872676167,0.99863618566531,U,True,-1,False,True,425.18367073888834,excluded_contour_domain
C1,45,nonblind_diagnostic,37:49,85,9.161918296237324,1348.973962907464,178.31013447152478,0.99863618566531,U,True,-1,False,True,424.200932128794,excluded_contour_domain
C1,45,nonblind_diagnostic,37:49,86,9.181350567406698,1349.9075010877366,178.66479021628794,0.99863618566531,U,True,-1,False,True,423.2182679461541,excluded_contour_domain
C1,45,nonblind_diagnostic,37:49,87,9.200837265216538,1350.8410392680091,179.019445961051,0.99863618566531,U,True,-1,False,True,422.23567871061096,excluded_contour_domain
C1,45,nonblind_diagnostic,37:49,88,9.220378618647805,1351.774577448282,179.37410170581416,0.99863618566531,U,True,-1,False,True,421.25316494661536,excluded_contour_domain
C1,45,nonblind_diagnostic,37:49,89,9.23997485796774,1352.7081156285547,179.72875745057718,0.99863618566531,U,True,-1,False,True,420.27072718348234,excluded_contour_domain
C1,45,nonblind_diagnostic,37:49,90,9.259626214738905,1353.641653808827,180.0834131953403,0.99863618566531,U,True,-1,False,True,419.28836595544686,excluded_contour_domain
C1,45,nonblind_diagnostic,37:49,91,9.279332921828312,1354.5751919890997,180.43806894010348,0.99863618566531,U,True,-1,False,True,418.3060818017193,excluded_contour_domain
C1,45,nonblind_diagnostic,37:49,92,9.299095213416615,1355.5087301693723,180.79272468486653,0.99863618566531,U,True,-1,False,True,417.3238752665458,excluded_contour_domain
C1,45,nonblind_diagnostic,37:49,93,9.318913325007387,1356.442268349645,181.14738042962966,0.99863618566531,U,True,-1,False,True,416.3417468992639,excluded_contour_domain
C1,45,nonblind_diagnostic,37:49,94,9.33878749343648,1357.3758065299173,181.50203617439274,0.99863618566531,U,True,-1,False,True,415.35969725436416,excluded_contour_domain
C1,45,nonblind_diagnostic,37:49,95,9.35871795688145,1358.30934471019,181.85669191915585,0.99863618566531,U,True,-1,False,True,414.37772689154707,excluded_contour_domain
C1,45,nonblind_diagnostic,37:49,96,9.378704954871075,1359.2428828904626,182.21134766391893,0.99863618566531,U,True,-1,False,True,413.3958363757876,excluded_contour_domain
C1,45,nonblind_diagnostic,37:49,97,9.398748728294963,1360.1764210707354,182.56600340868212,0.99863618566531,U,True,-1,False,True,412.41402627739365,excluded_contour_domain
C1,45,nonblind_diagnostic,37:49,98,9.418849519413211,1361.109959251008,182.9206591534452,0.99863618566531,U,True,-1,False,True,411.43229717207106,excluded_contour_domain
C1,45,nonblind_diagnostic,37:49,99,9.439007571866176,1362.0434974312807,183.27531489820836,0.99863618566531,U,True,-1,False,True,410.4506496409848,excluded_contour_domain
C1,45,nonblind_diagnostic,37:49,100,9.459223130684315,1362.9770356115532,183.62997064297147,0.99863618566531,U,True,-1,False,True,409.46908427082553,excluded_contour_domain
C1,45,nonblind_diagnostic,37:49,101,9.479496442298117,1363.9105737918255,183.98462638773455,0.99863618566531,U,True,-1,False,True,408.4876016538729,excluded_contour_domain
C1,45,nonblind_diagnostic,37:49,102,9.499827754548116,1364.8441119720983,184.33928213249771,0.99863618566531,U,True,-1,False,True,407.50620238806204,excluded_contour_domain
C1,45,nonblind_diagnostic,37:49,103,9.520217316694985,1365.7776501523708,184.69393787726077,0.99863618566531,U,True,-1,False,True,406.52488707705214,excluded_contour_domain
C1,45,nonblind_diagnostic,37:49,104,9.540665379429731,1366.7111883326436,185.04859362202384,0.99863618566531,U,True,-1,False,True,405.54365633029244,excluded_contour_domain
C1,45,nonblind_diagnostic,37:49,105,9.561172194883959,1367.6447265129161,185.40324936678695,0.99863618566531,U,True,-1,False,True,404.5625107630927,excluded_contour_domain
C1,45,nonblind_diagnostic,37:49,106,9.581738016640244,1368.5782646931887,185.75790511155006,0.99863618566531,U,True,-1,False,True,403.5814509966919,excluded_contour_domain
C1,45,nonblind_diagnostic,37:49,107,9.602363099742584,1369.5118028734612,186.11256085631322,0.99863618566531,U,True,-1,False,True,402.60047765833014,excluded_contour_domain
C1,45,nonblind_diagnostic,37:49,108,9.623047700706934,1370.445341053734,186.46721660107627,0.99863618566531,U,True,-1,False,True,401.61959138132005,excluded_contour_domain
C1,45,nonblind_diagnostic,37:49,109,9.643792077531847,1371.3788792340065,186.82187234583947,0.99863618566531,U,True,-1,False,True,400.6387928051203,excluded_contour_domain
C1,45,nonblind_diagnostic,37:49,110,9.6645964897092,1372.3124174142793,187.17652809060252,0.99863618566531,U,True,-1,False,True,399.65808257540886,excluded_contour_domain
C1,45,nonblind_diagnostic,37:49,111,9.685461198235014,1373.245955594552,187.53118383536557,0.99863618566531,U,True,-1,False,True,398.67746134415864,excluded_contour_domain
C1,45,nonblind_diagnostic,37:49,112,9.706386465620369,1374.1794937748243,187.8858395801288,0.99863618566531,U,True,-1,False,True,397.6969297697141,excluded_contour_domain
C1,45,nonblind_diagnostic,37:49,113,9.727372555902411,1375.1130319550969,188.2404953248919,0.99863618566531,U,True,-1,False,True,396.71648851686655,excluded_contour_domain
C1,45,nonblind_diagnostic,37:49,114,9.748419734655458,1376.0465701353696,188.59515106965492,0.99863618566531,U,True,-1,False,True,395.7361382569348,excluded_contour_domain
C1,45,nonblind_diagnostic,37:49,115,9.769528269002208,1376.9801083156422,188.94980681441805,0.99863618566531,U,True,-1,False,True,394.75587966784406,excluded_contour_domain
C1,45,nonblind_diagnostic,37:49,116,9.790698427625028,1377.9136464959147,189.30446255918113,0.99863618566531,U,True,-1,False,True,393.7757134342055,excluded_contour_domain
C1,45,nonblind_diagnostic,37:49,117,9.81193048077737,1378.8471846761875,189.65911830394427,0.99863618566531,U,True,-1,False,True,392.7956402473991,excluded_contour_domain
C1,45,nonblind_diagnostic,37:49,118,9.833224700295256,1379.78072285646,190.01377404870743,0.99863618566531,U,True,-1,False,True,391.8156608056569,excluded_contour_domain
C1,45,nonblind_diagnostic,37:49,119,9.85458135960889,1380.7142610367325,190.36842979347054,0.99863618566531,U,True,-1,False,True,390.8357758141464,excluded_contour_domain
C1,45,nonblind_diagnostic,37:49,120,9.876000733754354,1381.6477992170053,190.72308553823365,0.99863618566531,U,True,-1,False,True,389.85598598505607,excluded_contour_domain
C1,45,nonblind_diagnostic,37:49,121,9.89748309938542,1382.5813373972778,191.0777412829967,0.99863618566531,U,True,-1,False,True,388.87629203768336,excluded_contour_domain
C1,45,nonblind_diagnostic,37:49,122,9.91902873478546,1383.5148755775504,191.4323970277599,0.99863618566531,U,True,-1,False,True,387.896694698521,excluded_contour_domain
C1,45,nonblind_diagnostic,37:49,123,9.940637919879457,1384.4484137578231,191.787052772523,0.99863618566531,U,True,-1,False,True,386.91719470134706,excluded_contour_domain
C1,45,nonblind_diagnostic,37:49,124,9.962310936246137,1385.3819519380957,192.1417085172861,0.99863618566531,U,True,-1,False,True,385.93779278731614,excluded_contour_domain
C1,45,nonblind_diagnostic,37:49,125,9.98404806713019,1386.3154901183682,192.49636426204913,0.99863618566531,U,True,-1,False,True,384.9584897050503,excluded_contour_domain
C1,45,nonblind_diagnostic,37:49,126,10.005849597454622,1387.2490282986407,192.8510200068123,0.99863618566531,U,True,-1,False,True,383.9792862107328,excluded_contour_domain
C1,45,nonblind_diagnostic,37:49,127,10.027715813833186,1388.1825664789133,193.2056757515754,0.99863618566531,U,True,-1,False,True,383.0001830682031,excluded_contour_domain
C1,45,nonblind_diagnostic,37:49,128,10.049647004582958,1389.116104659186,193.5603314963386,0.99863618566531,U,True,-1,False,True,382.02118104905225,excluded_contour_domain
C1,45,nonblind_diagnostic,37:49,129,10.071643459737004,1390.0496428394588,193.91498724110156,0.99863618566531,U,True,-1,False,True,381.04228093272155,excluded_contour_domain
C1,45,nonblind_diagnostic,37:49,130,10.093705471057158,1390.9831810197313,194.2696429858647,0.99863618566531,U,True,-1,False,True,380.0634835066008,excluded_contour_domain
C1,45,nonblind_diagnostic,37:49,131,10.115833332046936,1391.9167192000039,194.6242987306278,0.99863618566531,U,True,-1,False,True,379.08478956612856,excluded_contour_domain
C1,45,nonblind_diagnostic,37:49,132,10.13802733796454,1392.8502573802766,194.97895447539094,0.99863618566531,U,True,-1,False,True,378.1061999148946,excluded_contour_domain
C1,45,nonblind_diagnostic,37:49,133,10.160287785835992,1393.7837955605492,195.33361022015407,0.99863618566531,U,True,-1,False,True,377.1277153647439,excluded_contour_domain
C1,45,nonblind_diagnostic,37:49,134,10.182614974468397,1394.7173337408217,195.68826596491712,0.99863618566531,U,True,-1,False,True,376.1493367358807,excluded_contour_domain
C1,45,nonblind_diagnostic,37:49,135,10.205009204463291,1395.6508719210942,196.0429217096803,0.99863618566531,U,True,-1,False,True,375.171064856976,excluded_contour_domain
C1,45,nonblind_diagnostic,37:49,136,10.227470778230153,1396.5844101013668,196.3975774544434,0.99863618566531,U,True,-1,False,True,374.19290056527564,excluded_contour_domain
C1,45,nonblind_diagnostic,37:49,137,10.25,1397.5179482816395,196.7522331992065,0.499318092832655,U,True,-1,False,False,373.21484470671004,excluded_contour_domain
C1,45,nonblind_diagnostic,48:49,0,10.25,1346.890733597802,184.60599056945932,0.4911685411719265,U,False,74,False,False,425.1466591268909,self_occluded
C1,45,nonblind_diagnostic,48:49,1,10.25,1347.845964063535,184.83516495869986,0.982337082343853,U,False,74,False,False,424.1665139027479,self_occluded
C1,45,nonblind_diagnostic,48:49,2,10.25,1348.8011945292678,185.06433934794038,0.982337082343853,U,False,74,False,False,423.1863788431168,self_occluded
C1,45,nonblind_diagnostic,48:49,3,10.25,1349.7564249950003,185.29351373718086,0.982337082343853,U,False,74,False,False,422.20625401878766,self_occluded
C1,45,nonblind_diagnostic,48:49,4,10.25,1350.7116554607333,185.52268812642137,0.982337082343853,U,False,74,False,False,421.2261395012071,self_occluded
C1,45,nonblind_diagnostic,48:49,5,10.25,1351.666885926466,185.751862515662,0.982337082343853,U,False,74,False,False,420.2460353624893,self_occluded
C1,45,nonblind_diagnostic,48:49,6,10.25,1352.6221163921987,185.98103690490248,0.982337082343853,U,False,74,False,False,419.265941675421,self_occluded
C1,45,nonblind_diagnostic,48:49,7,10.25,1353.5773468579316,186.2102112941429,0.982337082343853,U,False,74,False,False,418.2858585134705,self_occluded
C1,45,nonblind_diagnostic,48:49,8,10.25,1354.5325773236643,186.43938568338342,0.982337082343853,U,False,74,False,False,417.3057859507957,self_occluded
C1,45,nonblind_diagnostic,48:49,9,10.25,1355.4878077893973,186.6685600726239,0.982337082343853,U,False,74,False,False,416.32572406225177,self_occluded
C1,45,nonblind_diagnostic,48:49,10,10.25,1356.4430382551297,186.89773446186442,0.982337082343853,U,False,74,False,False,415.34567292340023,self_occluded
C1,45,nonblind_diagnostic,48:49,11,10.25,1357.3982687208627,187.1269088511049,0.982337082343853,U,False,74,False,False,414.3656326105151,self_occluded
C1,45,nonblind_diagnostic,48:49,12,10.25,1358.3534991865954,187.35608324034547,0.982337082343853,U,False,74,False,False,413.38560320059463,self_occluded
C1,45,nonblind_diagnostic,48:49,13,10.25,1359.308729652328,187.58525762958604,0.982337082343853,U,False,74,False,False,412.4055847713671,self_occluded
C1,45,nonblind_diagnostic,48:49,14,10.25,1360.263960118061,187.8144320188265,0.982337082343853,U,False,74,False,False,411.4255774013006,self_occluded
C1,45,nonblind_diagnostic,48:49,15,10.25,1361.2191905837938,188.04360640806703,0.982337082343853,U,False,74,False,False,410.44558116961224,self_occluded
C1,45,nonblind_diagnostic,48:49,16,10.25,1362.1744210495265,188.27278079730758,0.982337082343853,U,False,74,False,False,409.4655961562762,self_occluded
C1,45,nonblind_diagnostic,48:49,17,10.25,1363.1296515152592,188.501955186548,0.982337082343853,U,False,74,False,False,408.48562244203316,self_occluded
C1,45,nonblind_diagnostic,48:49,18,10.25,1364.0848819809921,188.7311295757886,0.982337082343853,U,False,74,False,False,407.5056601083994,self_occluded
C1,45,nonblind_diagnostic,48:49,19,10.25,1365.0401124467248,188.96030396502914,0.982337082343853,U,False,74,False,False,406.52570923767706,self_occluded
C1,45,nonblind_diagnostic,48:49,20,10.25,1365.9953429124575,189.1894783542696,0.982337082343853,U,False,74,False,False,405.5457699129619,self_occluded
C1,45,nonblind_diagnostic,48:49,21,10.25,1366.9505733781905,189.4186527435101,0.982337082343853,U,False,74,False,False,404.56584221815393,self_occluded
C1,45,nonblind_diagnostic,48:49,22,10.25,1367.9058038439234,189.6478271327506,0.982337082343853,U,False,74,False,False,403.58592623796744,self_occluded
C1,45,nonblind_diagnostic,48:49,23,10.25,1368.8610343096561,189.87700152199113,0.982337082343853,U,False,74,False,False,402.6060220579405,self_occluded
C1,45,nonblind_diagnostic,48:49,24,10.25,1369.8162647753888,190.10617591123165,0.982337082343853,U,False,74,False,False,401.6261297644444,self_occluded
C1,45,nonblind_diagnostic,48:49,25,10.25,1370.7714952411216,190.3353503004721,0.982337082343853,U,False,74,False,False,400.64624944469466,self_occluded
C1,45,nonblind_diagnostic,48:49,26,10.25,1371.7267257068545,190.56452468971267,0.982337082343853,U,False,74,False,False,399.66638118676076,self_occluded
C1,45,nonblind_diagnostic,48:49,27,10.25,1372.6819561725872,190.79369907895313,0.982337082343853,U,False,74,False,False,398.6865250795777,self_occluded
C1,45,nonblind_diagnostic,48:49,28,10.25,1373.6371866383201,191.0228734681936,0.982337082343853,U,False,74,False,False,397.7066812129547,self_occluded
C1,45,nonblind_diagnostic,48:49,29,10.25,1374.5924171040529,191.25204785743418,0.982337082343853,U,False,74,False,False,396.7268496775883,self_occluded
C1,45,nonblind_diagnostic,48:49,30,10.25,1375.5476475697856,191.4812222466747,0.982337082343853,U,False,74,False,False,395.74703056507116,self_occluded
C1,45,nonblind_diagnostic,48:49,31,10.25,1376.5028780355183,191.71039663591523,0.982337082343853,U,False,74,False,False,394.76722396790456,self_occluded
C1,45,nonblind_diagnostic,48:49,32,10.25,1377.458108501251,191.93957102515577,0.982337082343853,U,False,74,False,False,393.787429979509,self_occluded
C1,45,nonblind_diagnostic,48:49,33,10.25,1378.413338966984,192.1687454143963,0.982337082343853,U,False,74,False,False,392.8076486942359,self_occluded
C1,45,nonblind_diagnostic,48:49,34,10.25,1379.3685694327166,192.39791980363677,0.982337082343853,U,False,74,False,False,391.8278802073797,self_occluded
C1,45,nonblind_diagnostic,48:49,35,10.25,1380.3237998984494,192.6270941928773,0.982337082343853,U,False,74,False,False,390.8481246151883,self_occluded
C1,45,nonblind_diagnostic,48:49,36,10.25,1381.279030364182,192.85626858211776,0.982337082343853,U,False,74,False,False,389.8683820148764,self_occluded
C1,45,nonblind_diagnostic,48:49,37,10.25,1382.2342608299148,193.0854429713583,0.982337082343853,U,False,74,False,False,388.8886525046367,self_occluded
C1,45,nonblind_diagnostic,48:49,38,10.25,1383.189491295648,193.3146173605988,0.982337082343853,U,False,74,False,False,387.90893618365243,self_occluded
C1,45,nonblind_diagnostic,48:49,39,10.25,1384.1447217613804,193.5437917498393,0.982337082343853,U,False,74,False,False,386.9292331521114,self_occluded
C1,45,nonblind_diagnostic,48:49,40,10.25,1385.0999522271134,193.7729661390798,0.982337082343853,U,False,74,False,False,385.94954351121527,self_occluded
C1,45,nonblind_diagnostic,48:49,41,10.25,1386.055182692846,194.00214052832033,0.982337082343853,U,False,74,False,False,384.969867363196,self_occluded
C1,45,nonblind_diagnostic,48:49,42,10.25,1387.010413158579,194.2313149175608,0.982337082343853,U,False,74,False,True,383.9902048113266,self_occluded
C1,45,nonblind_diagnostic,48:49,43,10.25,1387.9656436243117,194.4604893068014,0.982337082343853,U,False,74,False,True,383.0105559599359,self_occluded
C1,45,nonblind_diagnostic,48:49,44,10.25,1388.9208740900444,194.6896636960419,0.982337082343853,U,False,74,False,True,382.030920914421,self_occluded
C1,45,nonblind_diagnostic,48:49,45,10.25,1389.8761045557771,194.91883808528232,0.982337082343853,U,False,74,False,True,381.05129978126126,self_occluded
C1,45,nonblind_diagnostic,48:49,46,10.25,1390.83133502151,195.14801247452291,0.982337082343853,U,False,74,False,True,380.0716926680323,self_occluded
C1,45,nonblind_diagnostic,48:49,47,10.25,1391.7865654872428,195.3771868637634,0.982337082343853,U,False,74,False,True,379.0920996834209,self_occluded
C1,45,nonblind_diagnostic,48:49,48,10.25,1392.7417959529755,195.60636125300397,0.982337082343853,U,False,74,False,True,378.11252093723743,self_occluded
C1,45,nonblind_diagnostic,48:49,49,10.25,1393.6970264187082,195.8355356422444,0.982337082343853,U,False,74,False,True,377.1329565404324,self_occluded
C1,45,nonblind_diagnostic,48:49,50,10.25,1394.6522568844412,196.06471003148496,0.982337082343853,U,False,74,False,True,376.15340660510975,self_occluded
C1,45,nonblind_diagnostic,48:49,51,10.25,1395.6074873501739,196.29388442072545,0.982337082343853,U,False,74,False,False,375.1738712445435,self_occluded
C1,45,nonblind_diagnostic,48:49,52,10.25,1396.5627178159066,196.52305880996602,0.982337082343853,U,False,74,False,False,374.1943505731911,self_occluded
C1,45,nonblind_diagnostic,48:49,53,10.25,1397.5179482816395,196.7522331992065,0.4911685411719265,U,True,-1,False,False,373.21484470671004,excluded_contour_domain
C1,45,nonblind_diagnostic,42:54,0,7.6875,1291.8657557440213,696.3103755277274,0.4980655227665929,U,True,-1,True,True,0.7025691660047155,eligible
C1,45,nonblind_diagnostic,42:54,1,7.700301114152542,1292.8504080040784,696.1595876414784,0.9961310455331858,U,True,-1,True,True,0.8536221046807541,eligible
C1,45,nonblind_diagnostic,42:54,2,7.713122453460758,1293.8350602641356,696.0087997552295,0.9961310455331858,U,True,-1,True,True,1.0048298570903467,eligible
C1,45,nonblind_diagnostic,42:54,3,7.725964065894728,1294.8197125241927,695.8580118689806,0.9961310455331858,U,True,-1,True,True,1.1561316816531413,eligible
C1,45,nonblind_diagnostic,42:54,4,7.738825999576354,1295.8043647842496,695.7072239827318,0.9961310455331858,U,True,-1,True,True,1.307494921009494,eligible
C1,45,nonblind_diagnostic,42:54,5,7.751708302779962,1296.7890170443068,695.5564360964827,0.9961310455331858,U,True,-1,True,True,1.2896622253454657,eligible
C1,45,nonblind_diagnostic,42:54,6,7.764611023932898,1297.7736693043641,695.4056482102338,0.9961310455331858,U,True,-1,True,True,0.635987133348822,eligible
C1,45,nonblind_diagnostic,42:54,7,7.777534211616147,1298.758321564421,695.2548603239849,0.9961310455331858,U,True,-1,True,True,0.7833527959966766,eligible
C1,45,nonblind_diagnostic,42:54,8,7.790477914564932,1299.7429738244782,695.104072437736,0.9961310455331858,F,True,-1,True,True,1.1639142153458117,eligible
C1,45,nonblind_diagnostic,42:54,9,7.803442181669335,1300.7276260845354,694.9532845514872,0.9961310455331858,F,True,-1,True,True,1.6475887262633935,eligible
C1,45,nonblind_diagnostic,42:54,10,7.816427061974904,1301.7122783445925,694.8024966652382,0.9961310455331858,U,True,-1,True,True,1.2315835285339112,eligible
C1,45,nonblind_diagnostic,42:54,11,7.82943260468328,1302.6969306046497,694.6517087789892,0.9961310455331858,U,True,-1,True,True,1.381933527725808,eligible
C1,45,nonblind_diagnostic,42:54,12,7.842458859152812,1303.681582864707,694.5009208927404,0.9961310455331858,U,True,-1,True,True,1.532523292439771,eligible
C1,45,nonblind_diagnostic,42:54,13,7.855505874899185,1304.6662351247637,694.3501330064914,0.9961310455331858,F,True,-1,True,True,1.6832884744483017,eligible
C1,45,nonblind_diagnostic,42:54,14,7.868573701596047,1305.650887384821,694.1993451202425,0.9961310455331858,F,True,-1,True,True,1.8341858177599304,eligible
C1,45,nonblind_diagnostic,42:54,15,7.881662389075636,1306.6355396448782,694.0485572339936,0.9961310455331858,F,True,-1,True,True,1.9851851851789835,eligible
C1,45,nonblind_diagnostic,42:54,16,7.89477198732942,1307.6201919049354,693.8977693477447,0.9961310455331858,F,True,-1,True,True,2.1362649424541287,eligible
C1,45,nonblind_diagnostic,42:54,17,7.907902546508727,1308.6048441649925,693.7469814614958,0.9961310455331858,F,True,-1,True,True,1.8752373881166569,eligible
C1,45,nonblind_diagnostic,42:54,18,7.921054116925387,1309.5894964250497,693.5961935752468,0.9961310455331858,U,True,-1,True,True,1.462595522769449,eligible
C1,45,nonblind_diagnostic,42:54,19,7.934226749052377,1310.5741486851068,693.445405688998,0.9961310455331858,F,True,-1,True,True,1.6118662519564246,eligible
C1,45,nonblind_diagnostic,42:54,20,7.9474204935244614,1311.558800945164,693.294617802749,0.9961310455331858,F,True,-1,True,True,1.7615291779271651,eligible
C1,45,nonblind_diagnostic,42:54,21,7.960635401138847,1312.5434532052209,693.1438299165001,0.9961310455331858,F,True,-1,True,True,1.9114921801313316,eligible
C1,45,nonblind_diagnostic,42:54,22,7.97387152285583,1313.5281054652783,692.9930420302512,0.9961310455331858,F,True,-1,True,True,2.061689778855782,eligible
C1,45,nonblind_diagnostic,42:54,23,7.987128909799451,1314.5127577253354,692.8422541440023,0.9961310455331858,F,True,-1,True,True,2.212074188018063,eligible
C1,45,nonblind_diagnostic,42:54,24,8.000407613258158,1315.4974099853923,692.6914662577534,0.9961310455331858,F,True,-1,True,True,2.3615132294058956,eligible
C1,45,nonblind_diagnostic,42:54,25,8.013707684685466,1316.4820622454497,692.5406783715044,0.9961310455331858,F,True,-1,True,True,2.506121880690173,eligible
C1,45,nonblind_diagnostic,42:54,26,8.027029175700614,1317.4667145055068,692.3898904852556,0.9961310455331858,F,True,-1,True,True,2.651507893371202,eligible
C1,45,nonblind_diagnostic,42:54,27,8.040372138089246,1318.4513667655638,692.2391025990066,0.9961310455331858,F,True,-1,True,True,2.3449999043977923,eligible
C1,45,nonblind_diagnostic,42:54,28,8.053736623804072,1319.4360190256211,692.0883147127578,0.9961310455331858,F,True,-1,True,True,1.9931420363134456,eligible
C1,45,nonblind_diagnostic,42:54,29,8.067122684965547,1320.4206712856783,691.9375268265088,0.9961310455331858,F,True,-1,True,True,2.1049370351545003,eligible
C1,45,nonblind_diagnostic,42:54,30,8.080530373862544,1321.4053235457352,691.78673894026,0.9961310455331858,F,True,-1,True,True,2.250069264553635,eligible
C1,45,nonblind_diagnostic,42:54,31,8.093959742953041,1322.3899758057923,691.635951054011,0.9961310455331858,F,True,-1,True,True,2.3959984449358647,eligible
C1,45,nonblind_diagnostic,42:54,32,8.107410844864804,1323.3746280658497,691.485163167762,0.9961310455331858,F,True,-1,True,True,2.5425873594633805,eligible
C1,45,nonblind_diagnostic,42:54,33,8.120883732396065,1324.3592803259069,691.3343752815132,0.9961310455331858,F,True,-1,True,True,2.689728144700061,eligible
C1,45,nonblind_diagnostic,42:54,34,8.134378458516226,1325.3439325859638,691.1835873952642,0.9961310455331858,F,True,-1,True,True,2.4580305186216864,eligible
C1,45,nonblind_diagnostic,42:54,35,8.147895076366549,1326.328584846021,691.0327995090154,0.9961310455331858,F,True,-1,True,True,2.0786236024645928,eligible
C1,45,nonblind_diagnostic,42:54,36,8.16143363926085,1327.313237106078,690.8820116227664,0.9961310455331858,F,True,-1,True,True,2.141025980860749,eligible
C1,45,nonblind_diagnostic,42:54,37,8.174994200686196,1328.2978893661352,690.7312237365176,0.9961310455331858,F,True,-1,True,True,2.613783185436049,eligible
C1,45,nonblind_diagnostic,42:54,38,8.188576814303627,1329.2825416261921,690.5804358502686,0.9961310455331858,F,True,-1,True,True,2.5236951465683113,eligible
C1,45,nonblind_diagnostic,42:54,39,8.202181533948844,1330.2671938862495,690.4296479640198,0.9961310455331858,F,True,-1,True,True,2.5842024227441884,eligible
C1,45,nonblind_diagnostic,42:54,40,8.215808413632931,1331.2518461463067,690.2788600777709,0.9961310455331858,F,True,-1,True,True,2.7327694666324316,eligible
C1,45,nonblind_diagnostic,42:54,41,8.229457507543067,1332.2364984063638,690.1280721915218,0.9961310455331858,F,True,-1,True,True,2.8816489781586654,eligible
C1,45,nonblind_diagnostic,42:54,42,8.243128870043245,1333.221150666421,689.9772843052729,0.9961310455331858,F,True,-1,True,True,3.0307949103177876,eligible
C1,45,nonblind_diagnostic,42:54,43,8.25682255567499,1334.2058029264779,689.826496419024,0.9961310455331858,F,True,-1,True,True,3.180169778960596,eligible
C1,45,nonblind_diagnostic,42:54,44,8.270538619158096,1335.190455186535,689.6757085327752,0.9961310455331858,F,True,-1,True,True,3.3297427734198872,eligible
C1,45,nonblind_diagnostic,42:54,45,8.284277115391335,1336.1751074465922,689.5249206465262,0.9961310455331858,F,True,-1,True,True,3.479488343247025,eligible
C1,45,nonblind_diagnostic,42:54,46,8.29803809945321,1337.1597597066495,689.3741327602773,0.9961310455331858,F,True,-1,True,True,3.206503250882377,eligible
C1,45,nonblind_diagnostic,42:54,47,8.31182162660268,1338.1444119667067,689.2233448740284,0.9961310455331858,F,True,-1,True,True,2.905485255735979,eligible
C1,45,nonblind_diagnostic,42:54,48,8.325627752279896,1339.1290642267638,689.0725569877795,0.9961310455331858,F,True,-1,True,True,2.930286703452168,eligible
C1,45,nonblind_diagnostic,42:54,49,8.339456532106956,1340.113716486821,688.9217691015306,0.9961310455331858,F,True,-1,True,True,3.0803306484315622,eligible
C1,45,nonblind_diagnostic,42:54,50,8.353308021888646,1341.098368746878,688.7709812152816,0.9961310455331858,F,True,-1,True,True,3.230516788754791,eligible
C1,45,nonblind_diagnostic,42:54,51,8.367182277613187,1342.083021006935,688.6201933290328,0.9961310455331858,F,True,-1,True,True,3.380826174281543,eligible
C1,45,nonblind_diagnostic,42:54,52,8.381079355452995,1343.0676732669922,688.4694054427838,0.9961310455331858,F,True,-1,True,True,3.5312430670388695,eligible
C1,45,nonblind_diagnostic,42:54,53,8.394999311765435,1344.0523255270493,688.318617556535,0.9961310455331858,F,True,-1,True,True,3.6817542905296823,eligible
C1,45,nonblind_diagnostic,42:54,54,8.40894220309359,1345.0369777871065,688.167829670286,0.9961310455331858,F,True,-1,True,True,3.445960676622091,eligible
C1,45,nonblind_diagnostic,42:54,55,8.422908086167013,1346.0216300471636,688.0170417840371,0.9961310455331858,F,True,-1,True,True,3.139306847505261,eligible
C1,45,nonblind_diagnostic,42:54,56,8.436897017902513,1347.0062823072208,687.8662538977883,0.9961310455331858,F,True,-1,True,True,3.1337523993626464,eligible
C1,45,nonblind_diagnostic,42:54,57,8.450909055404916,1347.9909345672777,687.7154660115393,0.9961310455331858,F,True,-1,True,True,3.2845464988981155,eligible
C1,45,nonblind_diagnostic,42:54,58,8.464944255967845,1348.9755868273348,687.5646781252904,0.9961310455331858,F,True,-1,True,True,3.4354086199254605,eligible
C1,45,nonblind_diagnostic,42:54,59,8.479002677074504,1349.9602390873922,687.4138902390415,0.9961310455331858,F,True,-1,True,True,3.586330178303886,eligible
C1,45,nonblind_diagnostic,42:54,60,8.493084376398462,1350.9448913474494,687.2631023527924,0.9961310455331858,F,True,-1,True,True,3.737303973359863,eligible
C1,45,nonblind_diagnostic,42:54,61,8.507189411804436,1351.9295436075065,687.1123144665437,0.9961310455331858,F,True,-1,True,True,3.888323920442925,eligible
C1,45,nonblind_diagnostic,42:54,62,8.521317841349093,1352.9141958675636,686.9615265802947,0.9961310455331858,F,True,-1,True,True,4.039384843117715,eligible
C1,45,nonblind_diagnostic,42:54,63,8.535469723281837,1353.8988481276206,686.8107386940458,0.9961310455331858,F,True,-1,True,True,4.190482310051103,eligible
C1,45,nonblind_diagnostic,42:54,64,8.549645116045617,1354.883500387678,686.6599508077968,0.9961310455331858,F,True,-1,True,True,4.341612505788006,eligible
C1,45,nonblind_diagnostic,42:54,65,8.563844078277727,1355.8681526477349,686.509162921548,0.9961310455331858,F,True,-1,True,True,4.090319870334777,eligible
C1,45,nonblind_diagnostic,42:54,66,8.578066668810617,1356.8528049077922,686.358375035299,0.9961310455331858,F,True,-1,True,True,3.818047794766222,eligible
C1,45,nonblind_diagnostic,42:54,67,8.592312946672704,1357.8374571678492,686.2075871490501,0.9961310455331858,F,True,-1,True,True,3.795894545997459,eligible
C1,45,nonblind_diagnostic,42:54,68,8.60658297108919,1358.8221094279063,686.0567992628012,0.9961310455331858,F,True,-1,True,True,3.947211307934395,eligible
C1,45,nonblind_diagnostic,42:54,69,8.620876801482883,1359.8067616879634,685.9060113765522,0.9961310455331858,F,True,-1,True,True,4.098546558739894,eligible
C1,45,nonblind_diagnostic,42:54,70,8.635194497475016,1360.7914139480208,685.7552234903034,0.9961310455331858,F,True,-1,True,True,4.2498983232958185,eligible
C1,45,nonblind_diagnostic,42:54,71,8.649536118886084,1361.7760662080777,685.6044356040545,0.9961310455331858,F,True,-1,True,True,4.40126489796607,eligible
C1,45,nonblind_diagnostic,42:54,72,8.663901725736677,1362.760718468135,685.4536477178056,0.9961310455331858,F,True,-1,True,True,4.552644805528571,eligible
C1,45,nonblind_diagnostic,42:54,73,8.678291378248309,1363.745370728192,685.3028598315567,0.9961310455331858,F,True,-1,True,True,4.330380881447991,eligible
C1,45,nonblind_diagnostic,42:54,74,8.692705136844268,1364.7300229882492,685.1520719453077,0.9961310455331858,F,True,-1,True,True,4.052084886137422,eligible
C1,45,nonblind_diagnostic,42:54,75,8.707143062150454,1365.7146752483063,685.0012840590588,0.9961310455331858,F,True,-1,True,True,4.008882561296417,eligible
C1,45,nonblind_diagnostic,42:54,76,8.72160521499624,1366.6993275083635,684.8504961728099,0.9961310455331858,F,True,-1,True,True,4.160382910152862,eligible
C1,45,nonblind_diagnostic,42:54,77,8.736091656415313,1367.6839797684206,684.699708286561,0.9961310455331858,F,True,-1,True,True,4.311887940037396,eligible
C1,45,nonblind_diagnostic,42:54,78,8.750602447646546,1368.6686320284778,684.548920400312,0.9961310455331858,F,True,-1,True,True,4.46339717427314,eligible
C1,45,nonblind_diagnostic,42:54,79,8.765137650134848,1369.653284288535,684.3981325140631,0.9961310455331858,F,True,-1,True,True,4.6149101987687144,eligible
C1,45,nonblind_diagnostic,42:54,80,8.779697325532043,1370.637936548592,684.2473446278142,0.9961310455331858,F,True,-1,True,True,4.766426652075127,eligible
C1,45,nonblind_diagnostic,42:54,81,8.794281535697731,1371.6225888086492,684.0965567415653,0.9961310455331858,F,True,-1,True,True,4.9179462172786295,eligible
C1,45,nonblind_diagnostic,42:54,82,8.808890342700172,1372.6072410687063,683.9457688553165,0.9961310455331858,F,True,-1,True,True,5.069468615348136,eligible
C1,45,nonblind_diagnostic,42:54,83,8.823523808817162,1373.5918933287635,683.7949809690675,0.9961310455331858,F,True,-1,True,True,5.220993599639536,eligible
C1,45,nonblind_diagnostic,42:54,84,8.838181996536926,1374.5765455888206,683.6441930828186,0.9961310455331858,F,True,-1,True,True,4.9845947862218845,eligible
C1,45,nonblind_diagnostic,42:54,85,8.852864968558992,1375.5611978488778,683.4934051965697,0.9961310455331858,F,True,-1,True,True,4.730702733461363,eligible
C1,45,nonblind_diagnostic,42:54,86,8.8675727877951,1376.545850108935,683.3426173103207,0.9961310455331858,F,True,-1,True,True,4.679472795270677,eligible
C1,45,nonblind_diagnostic,42:54,87,8.88230551737009,1377.5305023689918,683.1918294240719,0.9961310455331858,F,True,-1,True,True,4.831038430062738,eligible
C1,45,nonblind_diagnostic,42:54,88,8.897063220622819,1378.5151546290492,683.0410415378229,0.9961310455331858,F,True,-1,True,True,4.9826041447550224,eligible
C1,45,nonblind_diagnostic,42:54,89,8.91184596110705,1379.4998068891061,682.890253651574,0.9961310455331858,F,True,-1,True,True,5.1341323192581525,eligible
C1,45,nonblind_diagnostic,42:54,90,8.926653802592377,1380.4844591491633,682.7394657653251,0.9961310455331858,F,True,-1,True,True,5.282794819164797,eligible
C1,45,nonblind_diagnostic,42:54,91,8.94148680906514,1381.4691114092204,682.5886778790762,0.9961310455331858,F,True,-1,True,True,5.431617863092034,eligible
C1,45,nonblind_diagnostic,42:54,92,8.956345044729343,1382.4537636692776,682.4378899928273,0.9961310455331858,F,True,-1,True,True,5.580588606898635,eligible
C1,45,nonblind_diagnostic,42:54,93,8.971228574007586,1383.4384159293347,682.2871021065783,0.9961310455331858,F,True,-1,True,True,5.364058119083383,eligible
C1,45,nonblind_diagnostic,42:54,94,8.986137461541992,1384.4230681893919,682.1363142203295,0.9961310455331858,F,True,-1,True,True,5.112939790245619,eligible
C1,45,nonblind_diagnostic,42:54,95,9.00107177219514,1385.407720449449,681.9855263340805,0.9961310455331858,F,True,-1,True,True,5.049330768745567,eligible
C1,45,nonblind_diagnostic,42:54,96,9.01603157105101,1386.3923727095062,681.8347384478316,0.9961310455331858,F,True,-1,True,True,5.180143168434116,eligible
C1,45,nonblind_diagnostic,42:54,97,9.031016923415937,1387.3770249695633,681.6839505615827,0.9961310455331858,F,True,-1,True,True,5.329402354802169,eligible
C1,45,nonblind_diagnostic,42:54,98,9.04602789481954,1388.3616772296205,681.5331626753339,0.9961310455331858,F,True,-1,True,True,5.478788255881829,eligible
C1,45,nonblind_diagnostic,42:54,99,9.061064551015695,1389.3463294896776,681.3823747890849,0.9961310455331858,F,True,-1,True,True,5.628290781909655,eligible
C1,45,nonblind_diagnostic,42:54,100,9.07612695798349,1390.3309817497347,681.2315869028359,0.9961310455331858,F,True,-1,True,True,5.777900879920951,eligible
C1,45,nonblind_diagnostic,42:54,101,9.091215181928185,1391.315634009792,681.0807990165871,0.9961310455331858,F,True,-1,True,True,5.603959232952758,eligible
C1,45,nonblind_diagnostic,42:54,102,9.106329289282192,1392.300286269849,680.9300111303382,0.9961310455331858,F,True,-1,True,True,5.347318384289249,eligible
C1,45,nonblind_diagnostic,42:54,103,9.121469346706041,1393.2849385299062,680.7792232440893,0.9961310455331858,F,True,-1,True,True,5.269518274099672,eligible
C1,45,nonblind_diagnostic,42:54,104,9.136635421089364,1394.269590789963,680.6284353578403,0.9961310455331858,F,True,-1,True,True,5.3783255664689,eligible
C1,45,nonblind_diagnostic,42:54,105,9.151827579551881,1395.2542430500205,680.4776474715915,0.9961310455331858,F,True,-1,True,True,5.52820196596541,eligible
C1,45,nonblind_diagnostic,42:54,106,9.167045889444386,1396.2388953100776,680.3268595853426,0.9961310455331858,F,True,-1,True,True,5.678168114242129,eligible
C1,45,nonblind_diagnostic,42:54,107,9.182290418349746,1397.2235475701348,680.1760716990937,0.9961310455331858,F,True,-1,True,True,5.8282170833121025,eligible
C1,45,nonblind_diagnostic,42:54,108,9.197561234083903,1398.208199830192,680.0252838128447,0.9961310455331858,F,True,-1,True,True,5.978342637081586,eligible
C1,45,nonblind_diagnostic,42:54,109,9.212858404696872,1399.1928520902488,679.8744959265958,0.9961310455331858,F,True,-1,True,True,5.843874690109547,eligible
C1,45,nonblind_diagnostic,42:54,110,9.228181998473762,1400.177504350306,679.7237080403469,0.9961310455331858,F,True,-1,True,True,5.582181225708622,eligible
C1,45,nonblind_diagnostic,42:54,111,9.243532083935781,1401.1621566103634,679.5729201540979,0.9961310455331858,F,True,-1,True,True,5.491372979442794,eligible
C1,45,nonblind_diagnostic,42:54,112,9.25890872984127,1402.1468088704203,679.422132267849,0.9961310455331858,F,True,-1,True,True,5.579799394405319,eligible
C1,45,nonblind_diagnostic,42:54,113,9.274312005186717,1403.1314611304774,679.2713443816001,0.9961310455331858,F,True,-1,True,True,5.730163804207618,eligible
C1,45,nonblind_diagnostic,42:54,114,9.2897419792078,1404.1161133905348,679.1205564953513,0.9961310455331858,F,True,-1,True,True,5.880589957123166,eligible
C1,45,nonblind_diagnostic,42:54,115,9.305198721380412,1405.1007656505917,678.9697686091023,0.9961310455331858,F,True,-1,True,True,6.031073233190534,eligible
C1,45,nonblind_diagnostic,42:54,116,9.320682301421721,1406.0854179106489,678.8189807228533,0.9961310455331858,F,True,-1,True,True,5.9445562917455765,eligible
C1,45,nonblind_diagnostic,42:54,117,9.336192789291198,1407.0700701707062,678.6681928366045,0.9961310455331858,F,True,-1,True,True,5.670343620419639,eligible
C1,45,nonblind_diagnostic,42:54,118,9.351730255191686,1408.054722430763,678.5174049503556,0.9961310455331858,F,True,-1,True,True,5.563487949235421,eligible
C1,45,nonblind_diagnostic,42:54,119,9.367294769570456,1409.0393746908203,678.3666170641067,0.9961310455331858,F,True,-1,True,True,5.63352053947542,eligible
C1,45,nonblind_diagnostic,42:54,120,9.382886403120267,1410.0240269508774,678.2158291778577,0.9961310455331858,F,True,-1,True,True,5.784220724876498,eligible
C1,45,nonblind_diagnostic,42:54,121,9.398505226780435,1411.0086792109346,678.0650412916088,0.9961310455331858,F,True,-1,True,True,5.934965054573649,eligible
C1,45,nonblind_diagnostic,42:54,122,9.414151311737918,1411.9933314709917,677.9142534053599,0.9961310455331858,F,True,-1,True,True,6.085750248198892,eligible
C1,45,nonblind_diagnostic,42:54,123,9.429824729428391,1412.9779837310489,677.7634655191109,0.9961310455331858,F,True,-1,True,True,6.23657334178128,eligible
C1,45,nonblind_diagnostic,42:54,124,9.445525551537338,1413.962635991106,677.6126776328621,0.9961310455331858,F,True,-1,True,True,6.387431650585474,eligible
C1,45,nonblind_diagnostic,42:54,125,9.461253850001135,1414.947288251163,677.4618897466132,0.9961310455331858,F,True,-1,True,True,6.3237421041781525,eligible
C1,45,nonblind_diagnostic,42:54,126,9.477009697008159,1415.9319405112203,677.3111018603643,0.9961310455331858,F,True,-1,True,True,6.0531340718905815,eligible
C1,45,nonblind_diagnostic,42:54,127,9.492793164999885,1416.9165927712772,677.1603139741154,0.9961310455331858,F,True,-1,True,True,5.939335325115133,eligible
C1,45,nonblind_diagnostic,42:54,128,9.508604326672005,1417.9012450313346,677.0095260878664,0.9961310455331858,F,True,-1,True,True,5.991287861202195,eligible
C1,45,nonblind_diagnostic,42:54,129,9.524443254975536,1418.8858972913915,676.8587382016175,0.9961310455331858,F,True,-1,True,True,6.142321703100892,eligible
C1,45,nonblind_diagnostic,42:54,130,9.540310023117943,1419.8705495514487,676.7079503153686,0.9961310455331858,F,True,-1,True,True,6.293381178071117,eligible
C1,45,nonblind_diagnostic,42:54,131,9.556204704564271,1420.8552018115058,676.5571624291197,0.9961310455331858,F,True,-1,True,True,6.444464483581109,eligible
C1,45,nonblind_diagnostic,42:54,132,9.572127373038276,1421.839854071563,676.4063745428708,0.9961310455331858,F,True,-1,True,True,6.595569981987677,eligible
C1,45,nonblind_diagnostic,42:54,133,9.588078102523566,1422.8245063316201,676.2555866566219,0.9961310455331858,F,True,-1,True,True,6.5636913926160165,eligible
C1,45,nonblind_diagnostic,42:54,134,9.604056967264745,1423.8091585916773,676.1047987703729,0.9961310455331858,F,True,-1,True,True,6.289132182918284,eligible
C1,45,nonblind_diagnostic,42:54,135,9.620064041768565,1424.7938108517344,675.954010884124,0.9961310455331858,F,True,-1,True,True,6.165133952371528,eligible
C1,45,nonblind_diagnostic,42:54,136,9.636099400805088,1425.7784631117916,675.8032229978751,0.9961310455331858,F,True,-1,True,True,6.200735747223983,eligible
C1,45,nonblind_diagnostic,42:54,137,9.652163119408847,1426.7631153718487,675.6524351116262,0.9961310455331858,F,True,-1,True,True,6.35198349644974,eligible
C1,45,nonblind_diagnostic,42:54,138,9.668255272880012,1427.7477676319058,675.5016472253773,0.9961310455331858,F,True,-1,True,True,6.503246108749178,eligible
C1,45,nonblind_diagnostic,42:54,139,9.684375936785578,1428.7324198919628,675.3508593391284,0.9961310455331858,F,True,-1,True,True,6.654522570573563,eligible
C1,45,nonblind_diagnostic,42:54,140,9.700525186960538,1429.7170721520201,675.2000714528795,0.9961310455331858,F,True,-1,True,True,6.805811958400513,eligible
C1,45,nonblind_diagnostic,42:54,141,9.716703099509076,1430.7017244120773,675.0492835666306,0.9961310455331858,F,True,-1,True,True,6.957113428963336,eligible
C1,45,nonblind_diagnostic,42:54,142,9.73290975080576,1431.6863766721344,674.8984956803816,0.9961310455331858,F,True,-1,True,True,6.943230841711686,eligible
C1,45,nonblind_diagnostic,42:54,143,9.749145217496746,1432.6710289321916,674.7477077941328,0.9961310455331858,F,True,-1,True,True,6.671976023805581,eligible
C1,45,nonblind_diagnostic,42:54,144,9.76540957650099,1433.6556811922487,674.5969199078838,0.9961310455331858,F,True,-1,True,True,6.542677412415214,eligible
C1,45,nonblind_diagnostic,42:54,145,9.781702905011452,1434.6403334523059,674.446132021635,0.9961310455331858,F,True,-1,True,True,6.563729542216727,eligible
C1,45,nonblind_diagnostic,42:54,146,9.798025280496331,1435.6249857123628,674.295344135386,0.9961310455331858,F,True,-1,True,True,6.715135589013428,eligible
C1,45,nonblind_diagnostic,42:54,147,9.814376780700279,1436.60963797242,674.1445562491372,0.9961310455331858,F,True,-1,True,True,6.866548735268736,eligible
C1,45,nonblind_diagnostic,42:54,148,9.830757483645648,1437.594290232477,673.9937683628882,0.9961310455331858,F,True,-1,True,True,7.017968521468997,eligible
C1,45,nonblind_diagnostic,42:54,149,9.84716746763372,1438.5789424925342,673.8429804766392,0.9961310455331858,F,True,-1,True,True,7.043615824307391,eligible
C1,45,nonblind_diagnostic,42:54,150,9.863606811245965,1439.5635947525916,673.6921925903903,0.9961310455331858,F,True,-1,True,True,6.761989710604898,eligible
C1,45,nonblind_diagnostic,42:54,151,9.880075593345286,1440.5482470126485,673.5414047041414,0.9961310455331858,F,True,-1,True,True,6.619746213562151,eligible
C1,45,nonblind_diagnostic,42:54,152,9.896573893077282,1441.532899272706,673.3906168178926,0.9961310455331858,F,True,-1,True,True,6.6258681798963615,eligible
C1,45,nonblind_diagnostic,42:54,153,9.913101789871522,1442.5175515327628,673.2398289316436,0.9961310455331858,F,True,-1,True,True,6.777364487541026,eligible
C1,45,nonblind_diagnostic,42:54,154,9.929659363442816,1443.5022037928202,673.0890410453947,0.9961310455331858,F,True,-1,True,True,6.928863884946973,eligible
C1,45,nonblind_diagnostic,42:54,155,9.946246693792494,1444.486856052877,672.9382531591458,0.9961310455331858,F,True,-1,True,True,7.006208329461244,eligible
C1,45,nonblind_diagnostic,42:54,156,9.962863861209696,1445.4715083129342,672.7874652728968,0.9961310455331858,F,True,-1,True,True,6.707373401490584,eligible
C1,45,nonblind_diagnostic,42:54,157,9.979510946272672,1446.4561605729916,672.6366773866479,0.9961310455331858,F,True,-1,True,True,6.547924469477643,eligible
C1,45,nonblind_diagnostic,42:54,158,9.996188029850074,1447.4408128330485,672.485889500399,0.9961310455331858,F,True,-1,True,True,6.538067442960102,eligible
C1,45,nonblind_diagnostic,42:54,159,10.01289519310228,1448.4254650931057,672.3351016141501,0.9961310455331858,F,True,-1,True,True,6.678464721712359,eligible
C1,45,nonblind_diagnostic,42:54,160,10.029632517482694,1449.4101173531628,672.1843137279012,0.9961310455331858,F,True,-1,True,True,6.828014030671081,eligible
C1,45,nonblind_diagnostic,42:54,161,10.046400084739087,1450.39476961322,672.0335258416522,0.9961310455331858,F,True,-1,True,True,6.977650410163069,eligible
C1,45,nonblind_diagnostic,42:54,162,10.063197976914912,1451.3794218732771,671.8827379554034,0.9961310455331858,F,True,-1,True,True,7.1273683761523445,eligible
C1,45,nonblind_diagnostic,42:54,163,10.080026276350655,1452.364074133334,671.7319500691544,0.9961310455331858,F,True,-1,True,True,7.246268477186287,eligible
C1,45,nonblind_diagnostic,42:54,164,10.096885065685168,1453.3487263933914,671.5811621829056,0.9961310455331858,F,True,-1,True,True,6.94483481871676,eligible
C1,45,nonblind_diagnostic,42:54,165,10.113774427857036,1454.3333786534483,671.4303742966566,0.9961310455331858,F,True,-1,True,True,6.777728867018188,eligible
C1,45,nonblind_diagnostic,42:54,166,10.130694446105926,1455.3180309135057,671.2795864104077,0.9961310455331858,F,True,-1,True,True,6.754927138771466,eligible
C1,45,nonblind_diagnostic,42:54,167,10.147645203973957,1456.3026831735629,671.1287985241588,0.9961310455331858,F,True,-1,True,True,6.877864990326593,eligible
C1,45,nonblind_diagnostic,42:54,168,10.164626785307078,1457.2873354336202,670.97801063791,0.9961310455331858,F,True,-1,True,True,7.027865696832816,eligible
C1,45,nonblind_diagnostic,42:54,169,10.181639274256446,1458.271987693677,670.827222751661,0.9961310455331858,F,True,-1,True,True,6.748720626982703,eligible
C1,45,nonblind_diagnostic,42:54,170,10.198682755279822,1459.256639953734,670.6764348654121,0.9961310455331858,F,True,-1,True,True,6.55948018232325,eligible
C1,45,nonblind_diagnostic,42:54,171,10.215757313142964,1460.2412922137914,670.5256469791632,0.9961310455331858,F,True,-1,True,True,6.518656651739858,eligible
C1,45,nonblind_diagnostic,42:54,172,10.232863032921031,1461.2259444738486,670.3748590929142,0.9961310455331858,F,True,-1,True,True,6.628992604008855,eligible
C1,45,nonblind_diagnostic,42:54,173,10.25,1462.2105967339055,670.2240712066653,0.4980655227665929,F,True,-1,True,True,6.779200690101635,eligible
C1,45,nonblind_diagnostic,48:60,0,10.25,1346.890733597802,184.60599056945932,0.4963531232419885,U,False,74,False,False,425.1466591268909,self_occluded
C1,45,nonblind_diagnostic,48:60,1,10.265855052115642,1347.8626304104175,184.80818423265467,0.992706246483977,U,False,74,False,False,424.1546115269133,self_occluded
C1,45,nonblind_diagnostic,48:60,2,10.281736122901128,1348.8345272230329,185.01037789584996,0.992706246483977,U,False,74,False,False,423.16256701617704,self_occluded
C1,45,nonblind_diagnostic,48:60,3,10.297643276455315,1349.8064240356482,185.21257155904536,0.992706246483977,U,False,74,False,False,422.17052561645977,self_occluded
C1,45,nonblind_diagnostic,48:60,4,10.313576577087776,1350.7783208482638,185.41476522224065,0.992706246483977,U,False,74,False,False,421.1784873497444,self_occluded
C1,45,nonblind_diagnostic,48:60,5,10.329536089319676,1351.750217660879,185.61695888543602,0.992706246483977,U,False,74,False,False,420.186452238222,self_occluded
C1,45,nonblind_diagnostic,48:60,6,10.345521877884641,1352.7221144734945,185.8191525486313,0.992706246483977,U,False,74,False,False,419.19442030429235,self_occluded
C1,45,nonblind_diagnostic,48:60,7,10.361534007729631,1353.6940112861098,186.02134621182665,0.992706246483977,U,False,74,False,False,418.20239157056903,self_occluded
C1,45,nonblind_diagnostic,48:60,8,10.377572544015818,1354.6659080987251,186.22353987502188,0.992706246483977,U,False,74,False,False,417.21036605988,self_occluded
C1,45,nonblind_diagnostic,48:60,9,10.393637552119479,1355.6378049113407,186.42573353821726,0.992706246483977,U,False,74,False,False,416.2183437952705,self_occluded
C1,45,nonblind_diagnostic,48:60,10,10.409729097632873,1356.609701723956,186.62792720141258,0.992706246483977,U,False,74,False,False,415.2263248000068,self_occluded
C1,45,nonblind_diagnostic,48:60,11,10.425847246365143,1357.5815985365714,186.83012086460798,0.992706246483977,U,False,74,False,False,414.2343090975772,self_occluded
C1,45,nonblind_diagnostic,48:60,12,10.441992064343202,1358.5534953491867,187.0323145278033,0.992706246483977,U,False,74,False,False,413.2422967116956,self_occluded
C1,45,nonblind_diagnostic,48:60,13,10.458163617812648,1359.525392161802,187.23450819099864,0.992706246483977,U,False,74,False,False,412.25028766630425,self_occluded
C1,45,nonblind_diagnostic,48:60,14,10.474361973238661,1360.4972889744176,187.43670185419393,0.992706246483977,U,False,74,False,False,411.2582819855761,self_occluded
C1,45,nonblind_diagnostic,48:60,15,10.490587197306919,1361.469185787033,187.63889551738922,0.992706246483977,U,False,74,False,False,410.26627969391836,self_occluded
C1,45,nonblind_diagnostic,48:60,16,10.506839356924505,1362.4410825996483,187.84108918058456,0.992706246483977,U,False,74,False,False,409.2742808159742,self_occluded
C1,45,nonblind_diagnostic,48:60,17,10.523118519220834,1363.4129794122637,188.04328284377985,0.992706246483977,U,False,74,False,False,408.2822853766263,self_occluded
C1,45,nonblind_diagnostic,48:60,18,10.539424751548578,1364.384876224879,188.24547650697525,0.992706246483977,U,False,74,False,False,407.2902934009999,self_occluded
C1,45,nonblind_diagnostic,48:60,19,10.55575812148459,1365.3567730374943,188.44767017017054,0.992706246483977,U,False,74,False,False,406.29830491446535,self_occluded
C1,45,nonblind_diagnostic,48:60,20,10.572118696830838,1366.3286698501101,188.64986383336586,0.992706246483977,U,False,74,False,False,405.3063199426409,self_occluded
C1,45,nonblind_diagnostic,48:60,21,10.588506545615346,1367.3005666627253,188.85205749656117,0.992706246483977,U,False,74,False,False,404.31433851139775,self_occluded
C1,45,nonblind_diagnostic,48:60,22,10.604921736093136,1368.2724634753406,189.05425115975657,0.992706246483977,U,False,74,False,False,403.3223606468593,self_occluded
C1,45,nonblind_diagnostic,48:60,23,10.621364336747176,1369.2443602879562,189.25644482295178,0.992706246483977,U,False,74,False,False,402.33038637540767,self_occluded
C1,45,nonblind_diagnostic,48:60,24,10.63783441628933,1370.2162571005715,189.45863848614715,0.992706246483977,U,False,74,False,False,401.3384157236859,self_occluded
C1,45,nonblind_diagnostic,48:60,25,10.654332043661318,1371.1881539131869,189.6608321493425,0.992706246483977,U,False,74,False,False,400.34644871860064,self_occluded
C1,45,nonblind_diagnostic,48:60,26,10.670857288035673,1372.1600507258022,189.8630258125378,0.992706246483977,U,False,74,False,False,399.35448538732567,self_occluded
C1,45,nonblind_diagnostic,48:60,27,10.68741021881672,1373.1319475384178,190.0652194757331,0.992706246483977,U,False,74,False,False,398.3625257573054,self_occluded
C1,45,nonblind_diagnostic,48:60,28,10.703990905641525,1374.103844351033,190.26741313892842,0.992706246483977,U,False,74,False,False,397.3705698562585,self_occluded
C1,45,nonblind_diagnostic,48:60,29,10.720599418380903,1375.0757411636484,190.4696068021238,0.992706246483977,U,False,74,False,False,396.37861771218064,self_occluded
C1,45,nonblind_diagnostic,48:60,30,10.737235827140369,1376.0476379762638,190.6718004653191,0.992706246483977,U,False,74,False,False,395.38666935334845,self_occluded
C1,45,nonblind_diagnostic,48:60,31,10.753900202261141,1377.0195347888791,190.8739941285144,0.992706246483977,U,False,74,False,False,394.39472480832296,self_occluded
C1,45,nonblind_diagnostic,48:60,32,10.77059261432113,1377.9914316014947,191.0761877917098,0.992706246483977,U,False,74,False,False,393.4027841059528,self_occluded
C1,45,nonblind_diagnostic,48:60,33,10.78731313413593,1378.9633284141103,191.27838145490503,0.992706246483977,U,False,74,False,True,392.4108472753787,self_occluded
C1,45,nonblind_diagnostic,48:60,34,10.80406183275983,1379.9352252267254,191.4805751181004,0.992706246483977,U,False,74,False,True,391.4189143460371,self_occluded
C1,45,nonblind_diagnostic,48:60,35,10.820838781486808,1380.907122039341,191.68276878129566,0.992706246483977,U,False,74,False,True,390.4269853476618,self_occluded
C1,45,nonblind_diagnostic,48:60,36,10.837644051851552,1381.879018851956,191.8849624444911,0.992706246483977,U,False,74,False,True,389.43506031029136,self_occluded
C1,45,nonblind_diagnostic,48:60,37,10.854477715630473,1382.8509156645719,192.08715610768633,0.992706246483977,U,False,74,False,True,388.443139264269,self_occluded
C1,45,nonblind_diagnostic,48:60,38,10.871339844842726,1383.822812477187,192.2893497708817,0.992706246483977,U,False,74,False,True,387.4512222402511,self_occluded
C1,45,nonblind_diagnostic,48:60,39,10.88823051175124,1384.7947092898023,192.49154343407702,0.992706246483977,U,False,74,False,True,386.4593092692063,self_occluded
C1,45,nonblind_diagnostic,48:60,40,10.90514978886375,1385.7666061024179,192.6937370972724,0.992706246483977,U,False,74,False,True,385.46740038242285,self_occluded
C1,45,nonblind_diagnostic,48:60,41,10.922097748933828,1386.7385029150332,192.89593076046768,0.992706246483977,U,False,74,False,True,384.4754956115122,self_occluded
C1,45,nonblind_diagnostic,48:60,42,10.939074464961934,1387.7103997276483,193.09812442366305,0.992706246483977,U,False,74,False,True,383.4835949884122,self_occluded
C1,45,nonblind_diagnostic,48:60,43,10.956080010196464,1388.682296540264,193.30031808685834,0.992706246483977,U,True,-1,False,True,382.4916985453913,excluded_contour_domain
C1,45,nonblind_diagnostic,48:60,44,10.973114458134798,1389.6541933528795,193.50251175005366,0.992706246483977,U,True,-1,False,True,381.4998063150544,excluded_contour_domain
C1,45,nonblind_diagnostic,48:60,45,10.990177882524359,1390.6260901654946,193.70470541324894,0.992706246483977,U,True,-1,False,True,380.5079183303463,excluded_contour_domain
C1,45,nonblind_diagnostic,48:60,46,11.007270357363685,1391.5979869781102,193.90689907644426,0.992706246483977,U,True,-1,False,True,379.5160346245548,excluded_contour_domain
C1,45,nonblind_diagnostic,48:60,47,11.02439195690349,1392.5698837907255,194.10909273963964,0.992706246483977,U,True,-1,False,True,378.5241552313178,excluded_contour_domain
C1,45,nonblind_diagnostic,48:60,48,11.041542755647741,1393.541780603341,194.31128640283498,0.992706246483977,U,True,-1,False,True,377.5322801846258,excluded_contour_domain
C1,45,nonblind_diagnostic,48:60,49,11.058722828354746,1394.5136774159564,194.5134800660303,0.992706246483977,U,True,-1,False,True,376.5404095188278,excluded_contour_domain
C1,45,nonblind_diagnostic,48:60,50,11.075932250038228,1395.4855742285717,194.71567372922559,0.992706246483977,U,True,-1,False,True,375.54854326863517,excluded_contour_domain
C1,45,nonblind_diagnostic,48:60,51,11.093171095968428,1396.457471041187,194.91786739242096,0.992706246483977,U,True,-1,False,True,374.55668146912683,excluded_contour_domain
C1,45,nonblind_diagnostic,48:60,52,11.110439441673195,1397.4293678538027,195.12006105561625,0.992706246483977,U,True,-1,False,True,373.56482415575397,excluded_contour_domain
C1,45,nonblind_diagnostic,48:60,53,11.127737362939094,1398.401264666418,195.3222547188116,0.992706246483977,U,True,-1,False,True,372.57297136434585,excluded_contour_domain
C1,45,nonblind_diagnostic,48:60,54,11.145064935812508,1399.3731614790333,195.52444838200697,0.992706246483977,U,True,-1,False,True,371.58112313111315,excluded_contour_domain
C1,45,nonblind_diagnostic,48:60,55,11.162422236600761,1400.3450582916487,195.72664204520223,0.992706246483977,U,True,-1,False,True,370.5892794926547,excluded_contour_domain
C1,45,nonblind_diagnostic,48:60,56,11.179809341873236,1401.316955104264,195.92883570839757,0.992706246483977,U,True,-1,False,True,369.5974404859618,excluded_contour_domain
C1,45,nonblind_diagnostic,48:60,57,11.197226328462492,1402.2888519168794,196.1310293715929,0.992706246483977,U,True,-1,False,True,368.6056061484236,excluded_contour_domain
C1,45,nonblind_diagnostic,48:60,58,11.214673273465404,1403.2607487294947,196.33322303478818,0.992706246483977,U,True,-1,False,True,367.6137765178328,excluded_contour_domain
C1,45,nonblind_diagnostic,48:60,59,11.232150254244306,1404.2326455421105,196.53541669798358,0.992706246483977,U,True,-1,False,True,366.6219516323903,excluded_contour_domain
C1,45,nonblind_diagnostic,48:60,60,11.24965734842812,1405.2045423547256,196.73761036117892,0.992706246483977,U,True,-1,False,True,365.6301315307129,excluded_contour_domain
C1,45,nonblind_diagnostic,48:60,61,11.267194633913515,1406.176439167341,196.93980402437413,0.992706246483977,U,True,-1,False,True,364.63831625183553,excluded_contour_domain
C1,45,nonblind_diagnostic,48:60,62,11.284762188866065,1407.1483359799565,197.14199768756959,0.992706246483977,U,True,-1,False,True,363.64650583521933,excluded_contour_domain
C1,45,nonblind_diagnostic,48:60,63,11.302360091721397,1408.1202327925719,197.34419135076482,0.992706246483977,U,True,-1,False,True,362.6547003207578,excluded_contour_domain
C1,45,nonblind_diagnostic,48:60,64,11.319988421186373,1409.092129605187,197.5463850139602,0.992706246483977,U,True,-1,False,True,361.662899748781,excluded_contour_domain
C1,45,nonblind_diagnostic,48:60,65,11.337647256240258,1410.0640264178026,197.74857867715545,0.992706246483977,U,True,-1,False,True,360.67110416006204,excluded_contour_domain
C1,45,nonblind_diagnostic,48:60,66,11.355336676135895,1411.035923230418,197.95077234035077,0.992706246483977,U,True,-1,False,True,359.6793135958246,excluded_contour_domain
C1,45,nonblind_diagnostic,48:60,67,11.373056760400898,1412.0078200430332,198.15296600354617,0.992706246483977,U,True,-1,False,True,358.68752809774753,excluded_contour_domain
C1,45,nonblind_diagnostic,48:60,68,11.390807588838836,1412.9797168556488,198.3551596667414,0.992706246483977,U,True,-1,False,True,357.69574770797146,excluded_contour_domain
C1,45,nonblind_diagnostic,48:60,69,11.40858924153044,1413.9516136682641,198.55735332993677,0.992706246483977,U,True,-1,False,True,356.7039724691062,excluded_contour_domain
C1,45,nonblind_diagnostic,48:60,70,11.426401798834798,1414.9235104808795,198.75954699313215,0.992706246483977,U,True,-1,False,True,355.7122024242359,excluded_contour_domain
C1,45,nonblind_diagnostic,48:60,71,11.444245341390573,1415.8954072934948,198.9617406563274,0.992706246483977,U,True,-1,False,True,354.72043761692663,excluded_contour_domain
C1,45,nonblind_diagnostic,48:60,72,11.462119950117218,1416.8673041061104,199.16393431952275,0.992706246483977,U,True,-1,False,True,353.72867809123244,excluded_contour_domain
C1,45,nonblind_diagnostic,48:60,73,11.480025706216196,1417.839200918726,199.36612798271815,0.992706246483977,U,True,-1,False,True,352.7369238917031,excluded_contour_domain
C1,45,nonblind_diagnostic,48:60,74,11.497962691172212,1418.811097731341,199.56832164591344,0.992706246483977,U,True,-1,False,True,351.74517506339083,excluded_contour_domain
C1,45,nonblind_diagnostic,48:60,75,11.515930986754446,1419.7829945439566,199.77051530910876,0.992706246483977,U,True,-1,False,True,350.75343165185586,excluded_contour_domain
C1,45,nonblind_diagnostic,48:60,76,11.533930675017807,1420.754891356572,199.97270897230408,0.992706246483977,U,True,-1,False,True,349.7616937031763,excluded_contour_domain
C1,45,nonblind_diagnostic,48:60,77,11.551961838304162,1421.7267881691873,200.17490263549936,0.992706246483977,U,True,-1,False,True,348.76996126395346,excluded_contour_domain
C1,45,nonblind_diagnostic,48:60,78,11.570024559243613,1422.6986849818027,200.37709629869465,0.992706246483977,U,True,-1,False,True,347.77823438131986,excluded_contour_domain
C1,45,nonblind_diagnostic,48:60,79,11.588118920755742,1423.670581794418,200.57928996189003,0.992706246483977,U,True,-1,False,True,346.78651310294714,excluded_contour_domain
C1,45,nonblind_diagnostic,48:60,80,11.606245006050893,1424.6424786070336,200.78148362508534,0.992706246483977,U,True,-1,False,True,345.7947974770532,excluded_contour_domain
C1,45,nonblind_diagnostic,48:60,81,11.624402898631436,1425.614375419649,200.98367728828072,0.992706246483977,U,True,-1,False,True,344.80308755241117,excluded_contour_domain
C1,45,nonblind_diagnostic,48:60,82,11.64259268229306,1426.5862722322645,201.18587095147603,0.992706246483977,U,True,-1,False,True,343.81138337835574,excluded_contour_domain
C1,45,nonblind_diagnostic,48:60,83,11.660814441126051,1427.5581690448796,201.38806461467135,0.992706246483977,U,True,-1,False,True,342.81968500479314,excluded_contour_domain
C1,45,nonblind_diagnostic,48:60,84,11.679068259516601,1428.530065857495,201.5902582778667,0.992706246483977,U,True,-1,False,True,341.82799248220726,excluded_contour_domain
C1,45,nonblind_diagnostic,48:60,85,11.6973542221481,1429.5019626701105,201.792451941062,0.992706246483977,U,True,-1,False,True,340.83630586166987,excluded_contour_domain
C1,45,nonblind_diagnostic,48:60,86,11.715672414002444,1430.4738594827256,201.99464560425733,0.992706246483977,U,True,-1,False,True,339.8446251948492,excluded_contour_domain
C1,45,nonblind_diagnostic,48:60,87,11.734022920361364,1431.4457562953412,202.1968392674527,0.992706246483977,U,True,-1,False,True,338.8529505340164,excluded_contour_domain
C1,45,nonblind_diagnostic,48:60,88,11.752405826807738,1432.4176531079565,202.39903293064793,0.992706246483977,U,True,-1,False,True,337.8612819320577,excluded_contour_domain
C1,45,nonblind_diagnostic,48:60,89,11.770821219226928,1433.389549920572,202.60122659384334,0.992706246483977,U,True,-1,False,True,336.86961944248054,excluded_contour_domain
C1,45,nonblind_diagnostic,48:60,90,11.78926918380811,1434.3614467331874,202.80342025703865,0.992706246483977,U,True,-1,False,True,335.8779631194248,excluded_contour_domain
C1,45,nonblind_diagnostic,48:60,91,11.807749807045628,1435.3333435458028,203.00561392023388,0.992706246483977,U,True,-1,False,True,334.8863130176708,excluded_contour_domain
C1,45,nonblind_diagnostic,48:60,92,11.82626317574034,1436.3052403584181,203.20780758342923,0.992706246483977,U,True,-1,False,True,333.89466919264925,excluded_contour_domain
C1,45,nonblind_diagnostic,48:60,93,11.84480937700098,1437.2771371710337,203.41000124662463,0.992706246483977,U,True,-1,False,True,332.9030317004509,excluded_contour_domain
C1,45,nonblind_diagnostic,48:60,94,11.863388498245516,1438.249033983649,203.61219490981995,0.992706246483977,U,True,-1,False,True,331.91140059783714,excluded_contour_domain
C1,45,nonblind_diagnostic,48:60,95,11.882000627202537,1439.2209307962644,203.81438857301524,0.992706246483977,U,True,-1,False,True,330.9197759422487,excluded_contour_domain
C1,45,nonblind_diagnostic,48:60,96,11.900645851912625,1440.1928276088797,204.01658223621052,0.992706246483977,U,True,-1,False,True,329.9281577918166,excluded_contour_domain
C1,45,nonblind_diagnostic,48:60,97,11.919324260729741,1441.164724421495,204.21877589940587,0.992706246483977,U,True,-1,False,True,328.93654620537257,excluded_contour_domain
C1,45,nonblind_diagnostic,48:60,98,11.938035942322633,1442.1366212341106,204.42096956260124,0.992706246483977,U,True,-1,False,True,327.9449412424592,excluded_contour_domain
C1,45,nonblind_diagnostic,48:60,99,11.956780985676223,1443.108518046726,204.62316322579656,0.992706246483977,U,True,-1,False,True,326.9533429633418,excluded_contour_domain
C1,45,nonblind_diagnostic,48:60,100,11.975559480093027,1444.0804148593413,204.82535688899182,0.992706246483977,U,True,-1,False,True,325.9617514290179,excluded_contour_domain
C1,45,nonblind_diagnostic,48:60,101,11.994371515194572,1445.0523116719569,205.02755055218717,0.992706246483977,U,True,-1,False,True,324.97016670122895,excluded_contour_domain
C1,45,nonblind_diagnostic,48:60,102,12.013217180922823,1446.0242084845722,205.22974421538257,0.992706246483977,U,True,-1,False,True,323.97858884247273,excluded_contour_domain
C1,45,nonblind_diagnostic,48:60,103,12.032096567541611,1446.9961052971876,205.43193787857786,0.992706246483977,U,True,-1,False,True,322.9870179160132,excluded_contour_domain
C1,45,nonblind_diagnostic,48:60,104,12.051009765638083,1447.9680021098027,205.63413154177317,0.992706246483977,U,True,-1,False,True,321.99545398589385,excluded_contour_domain
C1,45,nonblind_diagnostic,48:60,105,12.069956866124139,1448.9398989224183,205.83632520496855,0.992706246483977,U,True,-1,False,True,321.0038971169478,excluded_contour_domain
C1,45,nonblind_diagnostic,48:60,106,12.088937960237898,1449.9117957350338,206.03851886816383,0.992706246483977,U,True,-1,False,True,320.01234737481275,excluded_contour_domain
C1,45,nonblind_diagnostic,48:60,107,12.107953139545163,1450.8836925476492,206.2407125313592,0.992706246483977,U,True,-1,False,True,319.0208048259413,excluded_contour_domain
C1,45,nonblind_diagnostic,48:60,108,12.127002495940884,1451.8555893602645,206.4429061945544,0.992706246483977,U,True,-1,False,True,318.02926953761425,excluded_contour_domain
C1,45,nonblind_diagnostic,48:60,109,12.146086121650649,1452.82748617288,206.6450998577498,0.992706246483977,U,True,-1,False,True,317.0377415779533,excluded_contour_domain
C1,45,nonblind_diagnostic,48:60,110,12.165204109232166,1453.7993829854952,206.8472935209451,0.992706246483977,U,True,-1,False,True,316.0462210159356,excluded_contour_domain
C1,45,nonblind_diagnostic,48:60,111,12.184356551576762,1454.7712797981108,207.04948718414047,0.992706246483977,U,True,-1,False,True,315.0547079214045,excluded_contour_domain
C1,45,nonblind_diagnostic,48:60,112,12.203543541910886,1455.743176610726,207.25168084733573,0.992706246483977,U,True,-1,False,True,314.0632023650862,excluded_contour_domain
C1,45,nonblind_diagnostic,48:60,113,12.22276517379762,1456.7150734233414,207.45387451053102,0.992706246483977,U,True,-1,False,True,313.07170441860177,excluded_contour_domain
C1,45,nonblind_diagnostic,48:60,114,12.242021541138207,1457.6869702359568,207.65606817372642,0.992706246483977,U,True,-1,False,True,312.0802141544817,excluded_contour_domain
C1,45,nonblind_diagnostic,48:60,115,12.261312738173572,1458.6588670485721,207.85826183692174,0.992706246483977,U,True,-1,False,True,311.0887316461811,excluded_contour_domain
C1,45,nonblind_diagnostic,48:60,116,12.280638859485865,1459.6307638611877,208.06045550011711,0.992706246483977,U,True,-1,False,True,310.0972569680931,excluded_contour_domain
C1,45,nonblind_diagnostic,48:60,117,12.3,1460.602660673803,208.2626491633124,0.4963531232419885,U,True,-1,False,True,309.10579019556604,excluded_contour_domain
C1,45,nonblind_diagnostic,54:66,0,10.25,1462.2105967339055,670.2240712066653,0.49612212814916634,F,True,-1,True,True,6.779200690101635,eligible
C1,45,nonblind_diagnostic,54:66,1,10.266023436672652,1463.1830954811835,670.0271071218677,0.9922442562983327,F,True,-1,True,True,6.975296341026477,eligible
C1,45,nonblind_diagnostic,54:66,2,10.28207289644945,1464.155594228461,669.8301430370702,0.9922442562983327,F,True,-1,True,True,7.171545051995623,eligible
C1,45,nonblind_diagnostic,54:66,3,10.298148442776736,1465.128092975739,669.6331789522726,0.9922442562983327,F,True,-1,True,True,6.984573015566812,eligible
C1,45,nonblind_diagnostic,54:66,4,10.314250139307267,1466.1005917230168,669.436214867475,0.9922442562983327,F,True,-1,True,True,6.833083276869151,eligible
C1,45,nonblind_diagnostic,54:66,5,10.330378049901066,1467.0730904702948,669.2392507826775,0.9922442562983327,F,True,-1,True,True,6.82399379072004,eligible
C1,45,nonblind_diagnostic,54:66,6,10.346532238626247,1468.0455892175721,669.0422866978798,0.9922442562983327,F,True,-1,True,True,6.957862658263584,eligible
C1,45,nonblind_diagnostic,54:66,7,10.362712769759884,1469.01808796485,668.8453226130823,0.9922442562983327,F,True,-1,True,True,7.154700251257467,eligible
C1,45,nonblind_diagnostic,54:66,8,10.378919707788846,1469.990586712128,668.6483585282846,0.9922442562983327,F,True,-1,True,True,7.351647498257428,eligible
C1,45,nonblind_diagnostic,54:66,9,10.395153117410663,1470.9630854594056,668.4513944434871,0.9922442562983327,F,True,-1,True,True,7.218523717607745,eligible
C1,45,nonblind_diagnostic,54:66,10,10.411413063534388,1471.9355842066836,668.2544303586895,0.9922442562983327,F,True,-1,True,True,7.054397377059449,eligible
C1,45,nonblind_diagnostic,54:66,11,10.427699611281456,1472.9080829539614,668.0574662738919,0.9922442562983327,F,True,-1,True,True,7.027877159824138,eligible
C1,45,nonblind_diagnostic,54:66,12,10.444012825986558,1473.880581701239,667.8605021890943,0.9922442562983327,F,True,-1,True,True,7.140496461871989,eligible
C1,45,nonblind_diagnostic,54:66,13,10.460352773198512,1474.853080448517,667.6635381042968,0.9922442562983327,F,True,-1,True,True,7.337932849359778,eligible
C1,45,nonblind_diagnostic,54:66,14,10.476719518681145,1475.825579195795,667.4665740194991,0.9922442562983327,F,True,-1,True,True,7.535444885381669,eligible
C1,45,nonblind_diagnostic,54:66,15,10.49311312841417,1476.7980779430725,667.2696099347016,0.9922442562983327,F,True,-1,True,True,7.4532177809122055,eligible
C1,45,nonblind_diagnostic,54:66,16,10.509533668594074,1477.7705766903503,667.072645849904,0.9922442562983327,F,True,-1,True,True,7.27726348392456,eligible
C1,45,nonblind_diagnostic,54:66,17,10.525981205635015,1478.7430754376282,666.8756817651064,0.9922442562983327,F,True,-1,True,True,7.234346526641586,eligible
C1,45,nonblind_diagnostic,54:66,18,10.542455806169706,1479.715574184906,666.6787176803089,0.9922442562983327,F,True,-1,True,True,7.326805091505704,eligible
C1,45,nonblind_diagnostic,54:66,19,10.558957537050325,1480.6880729321836,666.4817535955112,0.9922442562983327,F,True,-1,True,True,7.524714446026825,eligible
C1,45,nonblind_diagnostic,54:66,20,10.57548646534942,1481.6605716794613,666.2847895107136,0.9922442562983327,F,True,-1,True,True,7.722673402312082,eligible
C1,45,nonblind_diagnostic,54:66,21,10.592042658360803,1482.6330704267396,666.0878254259161,0.9922442562983327,F,True,-1,True,True,7.920678241319548,eligible
C1,45,nonblind_diagnostic,54:66,22,10.60862618360048,1483.605569174017,665.8908613411185,0.9922442562983327,F,True,-1,True,True,7.877944725852482,eligible
C1,45,nonblind_diagnostic,54:66,23,10.625237108807564,1484.5780679212946,665.693897256321,0.9922442562983327,F,True,-1,True,True,7.697070370930528,eligible
C1,45,nonblind_diagnostic,54:66,24,10.64187550194519,1485.5505666685724,665.4969331715233,0.9922442562983327,F,True,-1,True,True,7.64178439991867,eligible
C1,45,nonblind_diagnostic,54:66,25,10.658541431201453,1486.5230654158506,665.2999690867257,0.9922442562983327,F,True,-1,True,True,7.714787272695058,eligible
C1,45,nonblind_diagnostic,54:66,26,10.67523496499033,1487.4955641631282,665.1030050019282,0.9922442562983327,F,True,-1,True,True,7.91252891554579,eligible
C1,45,nonblind_diagnostic,54:66,27,10.691956171952622,1488.4680629104062,664.9060409171306,0.9922442562983327,F,True,-1,True,True,8.107481515443787,eligible
C1,45,nonblind_diagnostic,54:66,28,10.708705120956894,1489.4405616576837,664.7090768323329,0.9922442562983327,F,True,-1,True,True,8.302620161514053,eligible
C1,45,nonblind_diagnostic,54:66,29,10.725481881100418,1490.413060404962,664.5121127475354,0.9922442562983327,F,True,-1,True,True,8.302685780160152,eligible
C1,45,nonblind_diagnostic,54:66,30,10.742286521710122,1491.3855591522397,664.3151486627378,0.9922442562983327,F,True,-1,True,True,8.1174035887258,eligible
C1,45,nonblind_diagnostic,54:66,31,10.759119112343553,1492.3580578995172,664.1181845779403,0.9922442562983327,F,True,-1,True,True,8.051024047210166,eligible
C1,45,nonblind_diagnostic,54:66,32,10.77597972278983,1493.330556646795,663.9212204931426,0.9922442562983327,F,True,-1,True,True,8.106468572909462,eligible
C1,45,nonblind_diagnostic,54:66,33,10.792868423070606,1494.303055394073,663.7242564083451,0.9922442562983327,F,True,-1,True,True,8.281290634115761,eligible
C1,45,nonblind_diagnostic,54:66,34,10.809785283441045,1495.2755541413508,663.5272923235475,0.9922442562983327,F,True,-1,True,True,8.47718735521592,eligible
C1,45,nonblind_diagnostic,54:66,35,10.826730374390792,1496.2480528886285,663.3303282387499,0.9922442562983327,F,True,-1,True,True,8.538206606298909,eligible
C1,45,nonblind_diagnostic,54:66,36,10.843703766644948,1497.2205516359063,663.1333641539524,0.9922442562983327,F,True,-1,True,True,8.343218368410648,eligible
C1,45,nonblind_diagnostic,54:66,37,10.860705531165067,1498.193050383184,662.9364000691547,0.9922442562983327,F,True,-1,True,True,8.263577358652794,eligible
C1,45,nonblind_diagnostic,54:66,38,10.877735739150127,1499.1655491304616,662.7394359843572,0.9922442562983327,F,True,-1,True,True,8.302603574193208,eligible
C1,45,nonblind_diagnostic,54:66,39,10.894794462037538,1500.1380478777394,662.5424718995596,0.9922442562983327,F,True,-1,True,True,8.458654667634066,eligible
C1,45,nonblind_diagnostic,54:66,40,10.911881771504138,1501.1105466250176,662.3455078147621,0.9922442562983327,F,True,-1,True,True,8.655198180321877,eligible
C1,45,nonblind_diagnostic,54:66,41,10.928997739467189,1502.0830453722951,662.1485437299644,0.9922442562983327,F,True,-1,True,True,8.774274848429306,eligible
C1,45,nonblind_diagnostic,54:66,42,10.946142438085397,1503.055544119573,661.9515796451668,0.9922442562983327,F,True,-1,True,True,8.57011613922908,eligible
C1,45,nonblind_diagnostic,54:66,43,10.963315939759918,1504.028042866851,661.7546155603693,0.9922442562983327,F,True,-1,True,True,8.477911269427253,eligible
C1,45,nonblind_diagnostic,54:66,44,10.980518317135381,1505.0005416141285,661.5576514755717,0.9922442562983327,F,True,-1,True,True,8.50130376312987,eligible
C1,45,nonblind_diagnostic,54:66,45,10.997749643100914,1505.9730403614064,661.360687390774,0.9922442562983327,F,True,-1,True,True,8.639354673935065,eligible
C1,45,nonblind_diagnostic,54:66,46,11.015009990791166,1506.9455391086842,661.1637233059765,0.9922442562983327,F,True,-1,True,True,8.836444522658715,eligible
C1,45,nonblind_diagnostic,54:66,47,11.03229943358735,1507.9180378559618,660.9667592211789,0.9922442562983327,F,True,-1,True,True,9.03361260854215,eligible
C1,45,nonblind_diagnostic,54:66,48,11.049618045118276,1508.8905366032395,660.7697951363814,0.9922442562983327,F,True,-1,True,True,9.199128301444956,eligible
C1,45,nonblind_diagnostic,54:66,49,11.066965899261406,1509.8630353505175,660.5728310515838,0.9922442562983327,F,True,-1,True,True,8.992092286962672,eligible
C1,45,nonblind_diagnostic,54:66,50,11.084343070143893,1510.8355340977953,660.3758669667861,0.9922442562983327,F,True,-1,True,True,8.891601836360952,eligible
C1,45,nonblind_diagnostic,54:66,51,11.10174963214364,1511.808032845073,660.1789028819886,0.9922442562983327,F,True,-1,True,True,8.901266205648122,eligible
C1,45,nonblind_diagnostic,54:66,52,11.119185659890372,1512.780531592351,659.981938797191,0.9922442562983327,F,True,-1,True,True,9.020731358352549,eligible
C1,45,nonblind_diagnostic,54:66,53,11.136651228266683,1513.7530303396288,659.7849747123934,0.9922442562983327,F,True,-1,True,True,9.218334180554185,eligible
C1,45,nonblind_diagnostic,54:66,54,11.154146412409126,1514.7255290869066,659.5880106275958,0.9922442562983327,F,True,-1,True,True,9.415990560126057,eligible
C1,45,nonblind_diagnostic,54:66,55,11.171671287709282,1515.6980278341846,659.3910465427982,0.9922442562983327,F,True,-1,True,True,9.61369719367098,eligible
C1,45,nonblind_diagnostic,54:66,56,11.189225929814842,1516.670526581462,659.1940824580007,0.9922442562983327,F,True,-1,True,True,9.41432828199881,eligible
C1,45,nonblind_diagnostic,54:66,57,11.206810414630699,1517.64302532874,658.9971183732031,0.9922442562983327,F,True,-1,True,True,9.306299328254989,eligible
C1,45,nonblind_diagnostic,54:66,58,11.224424818320038,1518.6155240760174,658.8001542884056,0.9922442562983327,F,True,-1,True,True,9.303436714528125,eligible
C1,45,nonblind_diagnostic,54:66,59,11.242069217305444,1519.5880228232957,658.6031902036079,0.9922442562983327,F,True,-1,True,True,9.40583646167076,eligible
C1,45,nonblind_diagnostic,54:66,60,11.259743688269996,1520.5605215705734,658.4062261188104,0.9922442562983327,F,True,-1,True,True,9.603834576528614,eligible
C1,45,nonblind_diagnostic,54:66,61,11.277448308158386,1521.5330203178512,658.2092620340127,0.9922442562983327,F,True,-1,True,True,9.801868186328834,eligible
C1,45,nonblind_diagnostic,54:66,62,11.295183154178032,1522.505519065129,658.0122979492152,0.9922442562983327,F,True,-1,True,True,9.643141871706494,eligible
C1,45,nonblind_diagnostic,54:66,63,11.312948303800201,1523.4780178124065,657.8153338644177,0.9922442562983327,F,True,-1,True,True,9.524625251244903,eligible
C1,45,nonblind_diagnostic,54:66,64,11.33074383476114,1524.4505165596845,657.61836977962,0.9922442562983327,F,True,-1,True,True,9.508726756183437,eligible
C1,45,nonblind_diagnostic,54:66,65,11.348569825063203,1525.4230153069623,657.4214056948225,0.9922442562983327,F,True,-1,True,True,9.595956450462792,eligible
C1,45,nonblind_diagnostic,54:66,66,11.366426352975997,1526.3955140542398,657.2244416100249,0.9922442562983327,F,True,-1,True,True,9.783556265638488,eligible
C1,45,nonblind_diagnostic,54:66,67,11.384313497037526,1527.3680128015178,657.0274775252273,0.9922442562983327,F,True,-1,True,True,9.979310493813113,eligible
C1,45,nonblind_diagnostic,54:66,68,11.402231336055342,1528.3405115487958,656.8305134404297,0.9922442562983327,F,True,-1,True,True,9.872757441091952,eligible
C1,45,nonblind_diagnostic,54:66,69,11.4201799491077,1529.3130102960733,656.6335493556321,0.9922442562983327,F,True,-1,True,True,9.744245037066108,eligible
C1,45,nonblind_diagnostic,54:66,70,11.438159415544725,1530.2855090433509,656.4365852708345,0.9922442562983327,F,True,-1,True,True,9.71588289979102,eligible
C1,45,nonblind_diagnostic,54:66,71,11.45616981498958,1531.258007790629,656.239621186037,0.9922442562983327,F,True,-1,True,True,9.78854161920076,eligible
C1,45,nonblind_diagnostic,54:66,72,11.474211227339643,1532.2305065379066,656.0426571012393,0.9922442562983327,F,True,-1,True,True,9.9600105857131,eligible
C1,45,nonblind_diagnostic,54:66,73,11.492283732767682,1533.2030052851846,655.8456930164417,0.9922442562983327,F,True,-1,True,True,10.156336025464768,eligible
C1,45,nonblind_diagnostic,54:66,74,11.51038741172305,1534.1755040324624,655.6487289316442,0.9922442562983327,F,True,-1,True,True,10.103120310061614,eligible
C1,45,nonblind_diagnostic,54:66,75,11.528522344932881,1535.1480027797402,655.4517648468466,0.9922442562983327,F,True,-1,True,True,9.965073139936536,eligible
C1,45,nonblind_diagnostic,54:66,76,11.546688613403276,1536.120501527018,655.2548007620491,0.9922442562983327,F,True,-1,True,True,9.924788294835386,eligible
C1,45,nonblind_diagnostic,54:66,77,11.564886298420523,1537.0930002742957,655.0578366772514,0.9922442562983327,F,True,-1,True,True,9.983449305657565,eligible
C1,45,nonblind_diagnostic,54:66,78,11.583115481552307,1538.0654990215735,654.8608725924538,0.9922442562983327,F,True,-1,True,True,10.139338968013721,eligible
C1,45,nonblind_diagnostic,54:66,79,11.60137624464892,1539.0379977688513,654.6639085076562,0.9922442562983327,F,True,-1,True,True,10.336161336228265,eligible
C1,45,nonblind_diagnostic,54:66,80,11.619668669844497,1540.0104965161293,654.4669444228587,0.9922442562983327,F,True,-1,True,True,10.533060807191761,eligible
C1,45,nonblind_diagnostic,54:66,81,11.637992839558242,1540.9829952634068,654.269980338061,0.9922442562983327,F,True,-1,True,True,10.526614350090497,eligible
C1,45,nonblind_diagnostic,54:66,82,11.656348836495665,1541.9554940106848,654.0730162532635,0.9922442562983327,F,True,-1,True,True,10.383353168747872,eligible
C1,45,nonblind_diagnostic,54:66,83,11.67473674364983,1542.9279927579623,653.8760521684659,0.9922442562983327,F,True,-1,True,True,10.333805383627116,eligible
C1,45,nonblind_diagnostic,54:66,84,11.693156644302602,1543.9004915052406,653.6790880836683,0.9922442562983327,F,True,-1,True,True,10.379313161993267,eligible
C1,45,nonblind_diagnostic,54:66,85,11.711608622025908,1544.872990252518,653.4821239988707,0.9922442562983327,F,True,-1,True,True,10.51864283313613,eligible
C1,45,nonblind_diagnostic,54:66,86,11.730092760682995,1545.8454889997959,653.2851599140732,0.9922442562983327,F,True,-1,True,True,10.7159540740042,eligible
C1,45,nonblind_diagnostic,54:66,87,11.74860914442971,1546.8179877470739,653.0881958292756,0.9922442562983327,F,True,-1,True,True,10.913322075356044,eligible
C1,45,nonblind_diagnostic,54:66,88,11.767157857715764,1547.7904864943516,652.8912317444781,0.9922442562983327,F,True,-1,True,True,10.95021459141708,eligible
C1,45,nonblind_diagnostic,54:66,89,11.78573898528603,1548.7629852416294,652.6942676596803,0.9922442562983327,F,True,-1,True,True,10.802147176196938,eligible
C1,45,nonblind_diagnostic,54:66,90,11.804352612181829,1549.735483988907,652.4973035748828,0.9922442562983327,F,True,-1,True,True,10.744052539087182,eligible
C1,45,nonblind_diagnostic,54:66,91,11.822998823742218,1550.7079827361852,652.3003394900852,0.9922442562983327,F,True,-1,True,True,10.777385751536672,eligible
C1,45,nonblind_diagnostic,54:66,92,11.841677705605305,1551.6804814834627,652.1033754052877,0.9922442562983327,F,True,-1,True,True,10.90130816189045,eligible
C1,45,nonblind_diagnostic,54:66,93,11.860389343709556,1552.6529802307405,651.9064113204901,0.9922442562983327,F,True,-1,True,True,11.099014934236639,eligible
C1,45,nonblind_diagnostic,54:66,94,11.879133824295117,1553.6254789780182,651.7094472356926,0.9922442562983327,F,True,-1,True,True,11.18176687141867,eligible
C1,45,nonblind_diagnostic,54:66,95,11.897911233905134,1554.5979777252962,651.5124831508949,0.9922442562983327,F,True,-1,True,True,11.025505213723473,eligible
C1,45,nonblind_diagnostic,54:66,96,11.916721659387083,1555.5704764725738,651.3155190660973,0.9922442562983327,F,True,-1,True,True,10.95722215697245,eligible
C1,45,nonblind_diagnostic,54:66,97,11.935565187894117,1556.5429752198518,651.1185549812998,0.9922442562983327,F,True,-1,True,True,10.978559418473893,eligible
C1,45,nonblind_diagnostic,54:66,98,11.954441906886403,1557.5154739671295,650.9215908965022,0.9922442562983327,F,True,-1,True,True,11.088999672693348,eligible
C1,45,nonblind_diagnostic,54:66,99,11.973351904132485,1558.4879727144073,650.7246268117046,0.9922442562983327,F,True,-1,True,True,11.285927427789705,eligible
C1,45,nonblind_diagnostic,54:66,100,11.992295267710634,1559.4604714616848,650.527662726907,0.9922442562983327,F,True,-1,True,True,11.481574651354443,eligible
C1,45,nonblind_diagnostic,54:66,101,12.011272086010226,1560.4329702089628,650.3306986421095,0.9922442562983327,F,True,-1,True,True,11.60567760097208,eligible
C1,45,nonblind_diagnostic,54:66,102,12.030282447733104,1561.4054689562406,650.1337345573119,0.9922442562983327,F,True,-1,True,True,11.44536491753357,eligible
C1,45,nonblind_diagnostic,54:66,103,12.04932644189497,1562.3779677035184,649.9367704725144,0.9922442562983327,F,True,-1,True,True,11.369701004935132,eligible
C1,45,nonblind_diagnostic,54:66,104,12.068404157826773,1563.3504664507964,649.7398063877167,0.9922442562983327,F,True,-1,True,True,11.380374383826455,eligible
C1,45,nonblind_diagnostic,54:66,105,12.087515685176106,1564.322965198074,649.5428423029191,0.9922442562983327,F,True,-1,True,True,11.47714418393353,eligible
C1,45,nonblind_diagnostic,54:66,106,12.106661113908604,1565.2954639453517,649.3458782181215,0.9922442562983327,F,True,-1,True,True,11.646586213675853,eligible
C1,45,nonblind_diagnostic,54:66,107,12.125840534309361,1566.2679626926297,649.1489141333238,0.9922442562983327,F,True,-1,True,True,11.474936468215542,eligible
C1,45,nonblind_diagnostic,54:66,108,12.145054036984352,1567.2404614399074,648.9519500485264,0.9922442562983327,F,True,-1,True,True,11.38746946405972,eligible
C1,45,nonblind_diagnostic,54:66,109,12.164301712861851,1568.2129601871852,648.7549859637288,0.9922442562983327,F,True,-1,True,True,11.386125415105926,eligible
C1,45,nonblind_diagnostic,54:66,110,12.183583653193876,1569.1854589344632,648.5580218789311,0.9922442562983327,F,True,-1,True,True,11.470934594463778,eligible
C1,45,nonblind_diagnostic,54:66,111,12.202899949557622,1570.157957681741,648.3610577941336,0.9922442562983327,F,True,-1,True,True,11.640014016345521,eligible
C1,45,nonblind_diagnostic,54:66,112,12.222250693856914,1571.1304564290185,648.1640937093359,0.9922442562983327,F,True,-1,True,True,11.836625220106177,eligible
C1,45,nonblind_diagnostic,54:66,113,12.241635978323671,1572.1029551762963,647.9671296245384,0.9922442562983327,F,True,-1,True,True,12.03331081793316,eligible
C1,45,nonblind_diagnostic,54:66,114,12.261055895519355,1573.075453923574,647.7701655397408,0.9922442562983327,F,True,-1,True,True,11.89584986080505,eligible
C1,45,nonblind_diagnostic,54:66,115,12.280510538336465,1574.047952670852,647.5732014549433,0.9922442562983327,F,True,-1,True,True,11.801962058185074,eligible
C1,45,nonblind_diagnostic,54:66,116,12.3,1575.0204514181298,647.3762373701458,0.49612212814916634,F,True,-1,True,True,11.791118278737612,eligible
C2,42,fit,37:49,0,8.641482347537925,33.498872144821696,-5.732182122115713e-14,0.49976097092787597,outside,False,-1,False,True,16.561482695466278,outside_image
C2,42,fit,37:49,1,8.647968472061443,34.30726514225257,0.5878306507451116,0.9995219418557519,U,True,-1,False,True,15.570203670684762,excluded_contour_domain
C2,42,fit,37:49,2,8.65446266635788,35.11565813968363,1.1756613014903388,0.9995219418557519,U,True,-1,False,True,14.580050200375759,excluded_contour_domain
C2,42,fit,37:49,3,8.660964945496737,35.92405113711498,1.7634919522357055,0.9995219418557519,U,True,-1,False,True,13.591268284043357,excluded_contour_domain
C2,42,fit,37:49,4,8.667475324585055,36.73244413454555,2.351322602980666,0.9995219418557519,U,True,-1,False,True,12.604180715807514,excluded_contour_domain
C2,42,fit,37:49,5,8.673993818767546,37.54083713197671,2.939153253725834,0.9995219418557519,U,True,-1,False,True,11.619219323565202,excluded_contour_domain
C2,42,fit,37:49,6,8.680520443226692,38.34923012940773,3.526983904471228,0.9995219418557519,F,True,-1,False,True,10.636974761932596,excluded_contour_domain
C2,42,fit,37:49,7,8.687055213182877,39.15762312683897,4.114814555216338,0.9995219418557519,F,True,-1,False,True,9.658275969725231,excluded_contour_domain
C2,42,fit,37:49,8,8.693598143894494,39.966016124270176,4.702645205961714,0.9995219418557519,F,True,-1,False,True,8.684321824601739,excluded_contour_domain
C2,42,fit,37:49,9,8.700149250658075,40.77440912170097,5.290475856706821,0.9995219418557519,F,True,-1,False,True,7.716909007086113,excluded_contour_domain
C2,42,fit,37:49,10,8.706708548808407,41.582802119132225,5.878306507452035,0.9995219418557519,F,True,-1,False,True,6.758846937054741,excluded_contour_domain
C2,42,fit,37:49,11,8.713276053718642,42.39119511656307,6.46613715819716,0.9995219418557519,F,True,-1,False,True,5.8147594479848825,excluded_contour_domain
C2,42,fit,37:49,12,8.719851780800434,43.19958811399427,7.053967808942487,0.9995219418557519,F,True,-1,False,True,4.8927427054589945,excluded_contour_domain
C2,42,fit,37:49,13,8.726435745504041,44.00798111142512,7.641798459687595,0.9995219418557519,F,True,-1,True,True,4.008057278809876,eligible
C2,42,fit,37:49,14,8.733027963318463,44.816374108856195,8.22962911043283,0.9995219418557519,F,True,-1,True,True,3.1918965119689204,eligible
C2,42,fit,37:49,15,8.739628449771551,45.62476710628759,8.817459761178123,0.9995219418557519,F,True,-1,True,True,2.5119657164298266,eligible
C2,42,fit,37:49,16,8.746237220430135,46.433160103718215,9.405290411923167,0.9995219418557519,F,True,-1,True,True,2.1047157533556633,eligible
C2,42,fit,37:49,17,8.752854290900148,47.24155310114953,9.993121062668513,0.9995219418557519,F,True,-1,True,True,2.132550883057368,eligible
C2,42,fit,37:49,18,8.75947967682674,48.04994609858047,10.580951713413658,0.9995219418557519,F,True,-1,True,True,2.5104020671173592,eligible
C2,42,fit,37:49,19,8.766113393894411,48.85833909601149,11.168782364158911,0.9995219418557519,F,True,-1,True,True,2.439828609235036,eligible
C2,42,fit,37:49,20,8.772755457827135,49.666732093442626,11.756613014904126,0.9995219418557519,F,True,-1,True,True,2.205287417727323,eligible
C2,42,fit,37:49,21,8.77940588438847,50.4751250908737,12.344443665649342,0.9995219418557519,F,True,-1,True,True,2.032922098504409,eligible
C2,42,fit,37:49,22,8.786064689381702,51.28351808830466,12.932274316394468,0.9995219418557519,F,True,-1,True,True,1.953316552478389,eligible
C2,42,fit,37:49,23,8.792731888649957,52.091911085735696,13.520104967139753,0.9995219418557519,F,True,-1,True,True,1.770690426735479,eligible
C2,42,fit,37:49,24,8.799407498076333,52.900304083166844,14.10793561788489,0.9995219418557519,F,True,-1,True,True,2.1102918862045965,eligible
C2,42,fit,37:49,25,8.80609153358402,53.70869708059792,14.695766268630159,0.9995219418557519,F,True,-1,True,True,2.7114596006461804,eligible
C2,42,fit,37:49,26,8.812784011136435,54.51709007802899,15.283596919375361,0.9995219418557519,F,True,-1,True,True,2.722836154978977,eligible
C2,42,fit,37:49,27,8.81948494673734,55.325483075459786,15.871427570120463,0.9995219418557519,F,True,-1,True,True,2.5112244186409542,eligible
C2,42,fit,37:49,28,8.826194356430982,56.13387607289089,16.459258220865717,0.9995219418557519,F,True,-1,True,True,2.368935006810718,eligible
C2,42,fit,37:49,29,8.832912256302203,56.94226907032176,17.047088871610864,0.9995219418557519,F,True,-1,True,True,2.3042064941907965,eligible
C2,42,fit,37:49,30,8.839638662476586,57.75066206775292,17.63491952235627,0.9995219418557519,F,True,-1,True,True,2.646690441617879,eligible
C2,42,fit,37:49,31,8.846373591120575,58.55905506518402,18.222750173101463,0.9995219418557519,F,True,-1,True,True,2.6489508559417287,eligible
C2,42,fit,37:49,32,8.853117058441603,59.36744806261508,18.810580823846507,0.9995219418557519,F,True,-1,True,True,2.8808829411940926,eligible
C2,42,fit,37:49,33,8.859869080688231,60.17584106004616,19.398411474591825,0.9995219418557519,F,True,-1,True,True,3.013292790232514,eligible
C2,42,fit,37:49,34,8.866629674150268,60.984234057477146,19.986242125337025,0.9995219418557519,F,True,-1,True,True,2.8299240476554126,eligible
C2,42,fit,37:49,35,8.87339885515891,61.792627054908394,20.57407277608232,0.9995219418557519,F,True,-1,True,True,2.7111253056850577,eligible
C2,42,fit,37:49,36,8.880176640086866,62.60102005233948,21.16190342682746,0.9995219418557519,F,True,-1,True,True,2.5750672458956396,eligible
C2,42,fit,37:49,37,8.886963045348493,63.4094130497703,21.74973407757255,0.9995219418557519,F,True,-1,True,True,2.3646429304357315,eligible
C2,42,fit,37:49,38,8.89375808739993,64.21780604720158,22.3375647283179,0.9995219418557519,F,True,-1,True,True,2.464961711441044,eligible
C2,42,fit,37:49,39,8.900561782739222,65.02619904463234,22.92539537906307,0.9995219418557519,F,True,-1,True,True,2.7573606178967096,eligible
C2,42,fit,37:49,40,8.907374147906472,65.83459204206356,23.513226029808408,0.9995219418557519,F,True,-1,True,True,2.6417502988708397,eligible
C2,42,fit,37:49,41,8.91419519948395,66.64298503949442,24.101056680553345,0.9995219418557519,F,True,-1,True,True,2.5011854745167947,eligible
C2,42,fit,37:49,42,8.921024954096254,67.45137803692568,24.68888733129867,0.9995219418557519,F,True,-1,True,True,2.2914123160918285,eligible
C2,42,fit,37:49,43,8.92786342841042,68.25977103435669,25.27671798204391,0.9995219418557519,F,True,-1,True,True,2.158334000690871,eligible
C2,42,fit,37:49,44,8.934710639136078,69.06816403178786,25.864548632789162,0.9995219418557519,F,True,-1,True,True,2.0844327467418546,eligible
C2,42,fit,37:49,45,8.941566603025576,69.87655702921876,26.452379283534402,0.9995219418557519,F,True,-1,True,True,2.455484130949334,eligible
C2,42,fit,37:49,46,8.948431336874119,70.68495002664973,27.040209934279495,0.9995219418557519,F,True,-1,True,True,2.427305709699808,eligible
C2,42,fit,37:49,47,8.955304857519913,71.49334302408079,27.628040585024813,0.9995219418557519,F,True,-1,True,True,2.218227082508453,eligible
C2,42,fit,37:49,48,8.962187181844293,72.30173602151197,28.21587123576998,0.9995219418557519,F,True,-1,True,True,2.0886463086417506,eligible
C2,42,fit,37:49,49,8.969078326771863,73.11012901894304,28.80370188651526,0.9995219418557519,F,True,-1,True,True,2.011270955974351,eligible
C2,42,fit,37:49,50,8.97597830927064,73.91852201637404,29.39153253726044,0.9995219418557519,F,True,-1,True,True,1.7623726709530376,eligible
C2,42,fit,37:49,51,8.982887146352194,74.72691501380525,29.97936318800554,0.9995219418557519,F,True,-1,True,True,1.6062059756129816,eligible
C2,42,fit,37:49,52,8.989804855071776,75.53530801123615,30.567193838750814,0.9995219418557519,F,True,-1,True,True,1.5706786662668706,eligible
C2,42,fit,37:49,53,8.996731452528474,76.34370100866711,31.155024489495993,0.9995219418557519,F,True,-1,True,True,1.328461492614689,eligible
C2,42,fit,37:49,54,9.003666955865341,77.15209400609818,31.74285514024127,0.9995219418557519,F,True,-1,True,True,1.1272880438812034,eligible
C2,42,fit,37:49,55,9.010611382269545,77.96048700352927,32.33068579098641,0.9995219418557519,U,True,-1,True,True,1.3312723054368771,eligible
C2,42,fit,37:49,56,9.017564748972505,78.7688800009606,32.918516441731704,0.9995219418557519,F,True,-1,True,True,1.5360107114750945,eligible
C2,42,fit,37:49,57,9.024527073250038,79.57727299839136,33.50634709247682,0.9995219418557519,F,True,-1,True,True,1.510145522512989,eligible
C2,42,fit,37:49,58,9.031498372422503,80.38566599582258,34.09417774322206,0.9995219418557519,F,True,-1,True,True,1.2548430987383201,eligible
C2,42,fit,37:49,59,9.038478663854935,81.19405899325335,34.682008393967244,0.9995219418557519,F,True,-1,True,True,1.0557823430033217,eligible
C2,42,fit,37:49,60,9.045467964957203,82.00245199068443,35.269839044712505,0.9995219418557519,U,True,-1,True,True,1.0333997972424827,eligible
C2,42,fit,37:49,61,9.052466293184144,82.81084498811573,35.85766969545783,0.9995219418557519,U,True,-1,True,True,0.8782806641544965,eligible
C2,42,fit,37:49,62,9.059473666035714,83.61923798554683,36.44550034620307,0.9995219418557519,U,True,-1,True,True,0.5860463037316155,eligible
C2,42,fit,37:49,63,9.06649010105713,84.42763098297779,37.0333309969481,0.9995219418557519,U,True,-1,True,True,0.5733386843782013,eligible
C2,42,fit,37:49,64,9.073515615839021,85.23602398040877,37.62116164769334,0.9995219418557519,U,True,-1,True,True,0.6644916191293222,eligible
C2,42,fit,37:49,65,9.080550228017572,86.04441697783976,38.20899229843854,0.9995219418557519,U,True,-1,True,True,0.21366012432609105,eligible
C2,42,fit,37:49,66,9.08759395527467,86.85280997527093,38.79682294918374,0.9995219418557519,U,True,-1,True,True,0.25089005033706835,eligible
C2,42,fit,37:49,67,9.094646815338056,87.66120297270196,39.384653599928946,0.9995219418557519,U,True,-1,True,True,0.7024490143678732,eligible
C2,42,fit,37:49,68,9.101708825981472,88.4695959701331,39.97248425067421,0.9995219418557519,U,True,-1,True,True,0.4704014154168821,eligible
C2,42,fit,37:49,69,9.108780005024808,89.2779889675638,40.560314901419375,0.9995219418557519,U,True,-1,True,True,0.5201930910739221,eligible
C2,42,fit,37:49,70,9.11586037033426,90.08638196499517,41.14814555216468,0.9995219418557519,U,True,-1,True,True,0.8562230107707034,eligible
C2,42,fit,37:49,71,9.122949939822469,90.89477496242621,41.735976202909825,0.9995219418557519,U,True,-1,True,True,0.2842197634970502,eligible
C2,42,fit,37:49,72,9.130048731448676,91.70316795985717,42.323806853655036,0.9995219418557519,U,True,-1,True,True,0.7384757485654202,eligible
C2,42,fit,37:49,73,9.137156763218883,92.51156095728832,42.91163750440029,0.9995219418557519,U,True,-1,True,True,0.519136343989087,eligible
C2,42,fit,37:49,74,9.14427405318599,93.31995395471925,43.499468155145514,0.9995219418557519,U,True,-1,True,True,0.5940561091798691,eligible
C2,42,fit,37:49,75,9.151400619449959,94.12834695215021,44.08729880589067,0.9995219418557519,U,True,-1,True,True,0.9216812951638153,eligible
C2,42,fit,37:49,76,9.158536480157965,94.93673994958138,44.6751294566359,0.9995219418557519,U,True,-1,True,True,0.3309723612700182,eligible
C2,42,fit,37:49,77,9.165681653504546,95.7451329470125,45.26296010738107,0.9995219418557519,U,True,-1,True,True,0.7798621788561502,eligible
C2,42,fit,37:49,78,9.17283615773176,96.55352594444336,45.85079075812627,0.9995219418557519,U,True,-1,True,True,0.5732838468267282,eligible
C2,42,fit,37:49,79,9.180000011129346,97.36191894187453,46.43862140887146,0.9995219418557519,U,True,-1,True,True,0.6679305675480386,eligible
C2,42,fit,37:49,80,9.18717323203487,98.17031193930563,47.02645205961671,0.9995219418557519,U,True,-1,True,True,0.9883328128189381,eligible
C2,42,fit,37:49,81,9.194355838833884,98.97870493673675,47.61428271036201,0.9995219418557519,U,True,-1,True,True,1.0519701425033678,eligible
C2,42,fit,37:49,82,9.20154784996009,99.7870979341676,48.202113361106996,0.9995219418557519,U,True,-1,True,True,1.120779303205982,eligible
C2,42,fit,37:49,83,9.208749283895493,100.5954909315988,48.78994401185237,0.9995219418557519,U,True,-1,True,True,1.3486455961698567,eligible
C2,42,fit,37:49,84,9.215960159170553,101.40388392902976,49.37777466259756,0.9995219418557519,U,True,-1,True,True,1.5355957986050943,eligible
C2,42,fit,37:49,85,9.223180494364358,102.21227692646067,49.965605313342806,0.9995219418557519,U,True,-1,True,True,1.593608394246709,eligible
C2,42,fit,37:49,86,9.230410308104771,103.02066992389184,50.55343596408791,0.9995219418557519,U,True,-1,True,True,1.4467117044345663,eligible
C2,42,fit,37:49,87,9.237649619068595,103.82906292132297,51.14126661483318,0.9995219418557519,U,True,-1,True,True,1.193636608986441,eligible
C2,42,fit,37:49,88,9.244898445981734,104.63745591875389,51.72909726557835,0.9995219418557519,U,True,-1,True,True,1.4218100466358998,eligible
C2,42,fit,37:49,89,9.252156807619356,105.44584891618507,52.316927916323635,0.9995219418557519,U,True,-1,True,True,1.5990830372221183,eligible
C2,42,fit,37:49,90,9.25942472280605,106.25424191361614,52.904758567068775,0.9995219418557519,U,True,-1,True,True,1.6651356023701862,eligible
C2,42,fit,37:49,91,9.266702210415994,107.06263491104706,53.49258921781399,0.9995219418557519,U,True,-1,True,True,1.844310228900391,eligible
C2,42,fit,37:49,92,9.273989289373118,107.87102790847813,54.080419868559254,0.9995219418557519,U,True,-1,True,True,2.0847956860192824,eligible
C2,42,fit,37:49,93,9.281285978651262,108.67942090590894,54.66825051930436,0.9995219418557519,U,True,-1,True,True,2.1433644716979705,eligible
C2,42,fit,37:49,94,9.28859229727435,109.48781390334047,55.2560811700497,0.9995219418557519,U,True,-1,True,True,2.2923444541404394,eligible
C2,42,fit,37:49,95,9.295908264316546,110.29620690077151,55.84391182079496,0.9995219418557519,U,True,-1,True,True,2.5157242627353646,eligible
C2,42,fit,37:49,96,9.303233898902427,111.10459989820238,56.43174247154017,0.9995219418557519,U,True,-1,True,True,2.5703867162733607,eligible
C2,42,fit,37:49,97,9.310569220207144,111.91299289563334,57.01957312228526,0.9995219418557519,U,True,-1,True,True,2.180744516318201,eligible
C2,42,fit,37:49,98,9.3179142474566,112.72138589306455,57.60740377303048,0.9995219418557519,U,True,-1,True,True,2.2141575472877695,eligible
C2,42,fit,37:49,99,9.325268999927598,113.52977889049542,58.195234423775716,0.9995219418557519,B,True,-1,True,True,2.3658829723656187,eligible
C2,42,fit,37:49,100,9.332633496948034,114.33817188792658,58.78306507452081,0.9995219418557519,U,True,-1,True,True,2.589498883074945,eligible
C2,42,fit,37:49,101,9.34000775789705,115.14656488535768,59.370895725266216,0.9995219418557519,U,True,-1,True,True,2.633186387828132,eligible
C2,42,fit,37:49,102,9.347391802205202,115.95495788278846,59.95872637601123,0.9995219418557519,U,True,-1,True,True,2.253606568567832,eligible
C2,42,fit,37:49,103,9.354785649354648,116.76335088021992,60.54655702675652,0.9995219418557519,U,True,-1,True,True,2.285148310994981,eligible
C2,42,fit,37:49,104,9.362189318879299,117.57174387765087,61.13438767750182,0.9995219418557519,B,True,-1,True,True,2.439444230719378,eligible
C2,42,fit,37:49,105,9.369602830365004,118.38013687508204,61.72221832824709,0.9995219418557519,U,True,-1,True,True,2.6632812728164335,eligible
C2,42,fit,37:49,106,9.377026203449718,119.18852987251287,62.310048978992135,0.9995219418557519,U,True,-1,True,True,2.6965496487643192,eligible
C2,42,fit,37:49,107,9.384459457823679,119.99692286994382,62.89787962973737,0.9995219418557519,U,True,-1,True,True,2.326535032981477,eligible
C2,42,fit,37:49,108,9.391902613229577,120.80531586737506,63.485710280482586,0.9995219418557519,B,True,-1,True,True,2.3563188951481684,eligible
C2,42,fit,37:49,109,9.399355689462732,121.61370886480596,64.07354093122771,0.9995219418557519,B,True,-1,True,True,2.513026232256306,eligible
C2,42,fit,37:49,110,9.406818706371268,122.42210186223714,64.66137158197303,0.9995219418557519,U,True,-1,True,True,2.7370708036478852,eligible
C2,42,fit,37:49,111,9.41429168385629,123.2304948596678,65.24920223271818,0.9995219418557519,U,True,-1,True,True,2.7604376893557925,eligible
C2,42,fit,37:49,112,9.421774641872062,124.03888785709923,65.83703288346346,0.9995219418557519,U,True,-1,True,True,2.399523854194118,eligible
C2,42,fit,37:49,113,9.429267600426183,124.84728085453025,66.42486353420861,0.9995219418557519,B,True,-1,True,True,2.42765348461839,eligible
C2,42,fit,37:49,114,9.436770579579763,125.65567385196114,67.01269418495392,0.9995219418557519,B,True,-1,True,True,2.5866272067276768,eligible
C2,42,fit,37:49,115,9.44428359944761,126.46406684939245,67.6005248356992,0.9995219418557519,U,True,-1,True,True,2.810866913175768,eligible
C2,42,fit,37:49,116,9.4518066801984,127.27245984682331,68.1883554864443,0.9995219418557519,B,True,-1,True,True,2.906222565276223,eligible
C2,42,fit,37:49,117,9.459339842054865,128.0808528442544,68.77618613718946,0.9995219418557519,B,True,-1,True,True,3.045537170331362,eligible
C2,42,fit,37:49,118,9.46688310529397,128.88924584168552,69.36401678793473,0.9995219418557519,B,True,-1,True,True,3.243093792139841,eligible
C2,42,fit,37:49,119,9.474436490247093,129.6976388391165,69.95184743867985,0.9995219418557519,B,True,-1,True,True,3.1269688177093204,eligible
C2,42,fit,37:49,120,9.48200001730022,130.50603183654766,70.53967808942512,0.9995219418557519,B,True,-1,True,True,2.8846690965082873,eligible
C2,42,fit,37:49,121,9.489573706894106,131.3144248339787,71.12750874017033,0.9995219418557519,B,True,-1,True,True,2.9770431354409146,eligible
C2,42,fit,37:49,122,9.497157579524483,132.12281783140975,71.71533939091553,0.9995219418557519,B,True,-1,True,True,3.1186583083200055,eligible
C2,42,fit,37:49,123,9.504751655742231,132.93121082884065,72.30317004166079,0.9995219418557519,B,True,-1,True,True,3.3169966972590186,eligible
C2,42,fit,37:49,124,9.512355956153566,133.73960382627195,72.89100069240607,0.9995219418557519,B,True,-1,True,True,3.4573555218339314,eligible
C2,42,fit,37:49,125,9.519970501420227,134.54799682370268,73.4788313431511,0.9995219418557519,B,True,-1,True,True,3.563555700247059,eligible
C2,42,fit,37:49,126,9.527595312259667,135.35638982113403,74.06666199389646,0.9995219418557519,B,True,-1,True,True,3.2317588407750195,eligible
C2,42,fit,37:49,127,9.53523040944523,136.16478281856487,74.65449264464158,0.9995219418557519,B,True,-1,True,True,3.191816004345196,eligible
C2,42,fit,37:49,128,9.542875813806354,136.973175815996,75.24232329538677,0.9995219418557519,B,True,-1,True,True,3.3909001176675755,eligible
C2,42,fit,37:49,129,9.55053154622875,137.78156881342719,75.83015394613199,0.9995219418557519,B,True,-1,True,True,3.5277977494915027,eligible
C2,42,fit,37:49,130,9.558197627654597,138.589961810858,76.41798459687719,0.9995219418557519,B,True,-1,True,True,3.630273996061443,eligible
C2,42,fit,37:49,131,9.56587407908273,139.39835480828927,77.00581524762246,0.9995219418557519,B,True,-1,True,True,3.304623806310764,eligible
C2,42,fit,37:49,132,9.573560921568834,140.20674780572023,77.59364589836768,0.9995219418557519,B,True,-1,True,True,3.2650078009851233,eligible
C2,42,fit,37:49,133,9.581258176225635,141.01514080315104,78.18147654911274,0.9995219418557519,B,True,-1,True,True,3.464804020392153,eligible
C2,42,fit,37:49,134,9.588965864223097,141.8235338005823,78.76930719985812,0.9995219418557519,B,True,-1,True,True,3.598379286795045,eligible
C2,42,fit,37:49,135,9.596684006788607,142.63192679801332,79.35713785060325,0.9995219418557519,B,True,-1,True,True,3.7298470492521103,eligible
C2,42,fit,37:49,136,9.604412625207182,143.4403197954443,79.94496850134844,0.9995219418557519,B,True,-1,True,True,3.9100355703996543,eligible
C2,42,fit,37:49,137,9.612151740821657,144.24871279287527,80.53279915209369,0.9995219418557519,B,True,-1,True,True,3.6852089979826923,eligible
C2,42,fit,37:49,138,9.619901375032882,145.05710579030648,81.12062980283886,0.9995219418557519,B,True,-1,True,True,3.538708375214354,eligible
C2,42,fit,37:49,139,9.62766154929992,145.8654987877375,81.70846045358404,0.9995219418557519,B,True,-1,True,True,3.6690920941444514,eligible
C2,42,fit,37:49,140,9.635432285140245,146.6738917851686,82.2962911043294,0.9995219418557519,B,True,-1,True,True,3.8025963592419885,eligible
C2,42,fit,37:49,141,9.643213604129945,147.48228478259955,82.88412175507452,0.9995219418557519,B,True,-1,True,True,3.98377145166803,eligible
C2,42,fit,37:49,142,9.651005527903916,148.29067778003053,83.47195240581969,0.9995219418557519,B,True,-1,True,True,4.149648767116023,eligible
C2,42,fit,37:49,143,9.658808078156063,149.09907077746195,84.05978305656505,0.9995219418557519,B,True,-1,True,True,4.271898331910597,eligible
C2,42,fit,37:49,144,9.666621276639503,149.90746377489285,84.64761370731019,0.9995219418557519,B,True,-1,True,True,4.437548811869986,eligible
C2,42,fit,37:49,145,9.67444514516677,150.71585677232395,85.23544435805537,0.9995219418557519,B,True,-1,True,True,4.631453276222658,eligible
C2,42,fit,37:49,146,9.68227970561001,151.52424976975485,85.82327500880056,0.9995219418557519,B,True,-1,True,True,4.446163403734463,eligible
C2,42,fit,37:49,147,9.690124979901196,152.3326427671857,86.41110565954573,0.9995219418557519,B,True,-1,True,True,4.280348685124663,eligible
C2,42,fit,37:49,148,9.697980990032322,153.14103576461704,86.99893631029096,0.9995219418557519,B,True,-1,True,True,4.3442477995958555,eligible
C2,42,fit,37:49,149,9.705847758055615,153.94942876204806,87.58676696103625,0.9995219418557519,B,True,-1,True,True,4.511018709855909,eligible
C2,42,fit,37:49,150,9.713725306083736,154.75782175947904,88.17459761178141,0.9995219418557519,B,True,-1,True,True,4.209945459253184,eligible
C2,42,fit,37:49,151,9.721613656289996,155.56621475691017,88.76242826252665,0.9995219418557519,B,True,-1,True,True,4.131262389859751,eligible
C2,42,fit,37:49,152,9.729512830908554,156.3746077543413,89.3502589132719,0.9995219418557519,B,True,-1,True,True,3.900020061287689,eligible
C2,42,fit,37:49,153,9.737422852234632,157.1830007517724,89.93808956401706,0.9995219418557519,B,True,-1,True,True,3.760423885710237,eligible
C2,42,fit,37:49,154,9.745343742624723,157.99139374920318,90.52592021476217,0.9995219418557519,B,True,-1,True,True,3.881946334829265,eligible
C2,42,fit,37:49,155,9.753275524496804,158.7997867466344,91.11375086550744,0.9995219418557519,B,True,-1,True,True,3.9676934326427227,eligible
C2,42,fit,37:49,156,9.761218220330539,159.60817974406524,91.7015815162526,0.9995219418557519,B,True,-1,True,True,3.6695785293611336,eligible
C2,42,fit,37:49,157,9.769171852667506,160.41657274149637,92.28941216699785,0.9995219418557519,B,True,-1,True,True,3.631406093424772,eligible
C2,42,fit,37:49,158,9.777136444111397,161.22496573892747,92.87724281774307,0.9995219418557519,B,True,-1,True,True,3.3544229728648376,eligible
C2,42,fit,37:49,159,9.785112017328236,162.03335873635845,93.46507346848827,0.9995219418557519,B,True,-1,True,True,3.2496769486961816,eligible
C2,42,fit,37:49,160,9.7930985950466,162.84175173378952,94.05290411923347,0.9995219418557519,B,True,-1,True,True,3.444812808469239,eligible
C2,42,fit,37:49,161,9.801096200057824,163.6501447312208,94.64073476997879,0.9995219418557519,B,True,-1,True,True,3.4216006571725455,eligible
C2,42,fit,37:49,162,9.809104855216226,164.45853772865158,95.22856542072388,0.9995219418557519,B,True,-1,True,True,3.1318017071819053,eligible
C2,42,fit,37:49,163,9.817124583439327,165.26693072608265,95.81639607146906,0.9995219418557519,B,True,-1,True,True,3.1475547705406766,eligible
C2,42,fit,37:49,164,9.82515540770806,166.0753237235136,96.40422672221435,0.9995219418557519,B,True,-1,True,True,3.3234029949803636,eligible
C2,42,fit,37:49,165,9.833197351066993,166.8837167209445,96.99205737295947,0.9995219418557519,B,True,-1,True,True,3.1350716244520513,eligible
C2,42,fit,37:49,166,9.841250436624557,167.69210971837575,97.57988802370468,0.9995219418557519,U,True,-1,True,True,2.952994628648971,eligible
C2,42,fit,37:49,167,9.849314687553257,168.50050271580685,98.16771867444999,0.9995219418557519,B,True,-1,True,True,2.8761641948243097,eligible
C2,42,fit,37:49,168,9.8573901270899,169.30889571323797,98.75554932519516,0.9995219418557519,U,True,-1,True,True,2.59822378169484,eligible
C2,42,fit,37:49,169,9.865476778535815,170.11728871066887,99.34337997594038,0.9995219418557519,U,True,-1,True,True,2.659207888429354,eligible
C2,42,fit,37:49,170,9.873574665257083,170.92568170810014,99.93121062668563,0.9995219418557519,U,True,-1,True,True,2.266445696646994,eligible
C2,42,fit,37:49,171,9.881683810684752,171.73407470553101,100.5190412774307,0.9995219418557519,U,True,-1,True,False,2.2804065037436994,eligible
C2,42,fit,37:49,172,9.889804238315076,172.54246770296217,101.10687192817605,0.9995219418557519,U,True,-1,True,False,2.441954240154649,eligible
C2,42,fit,37:49,173,9.89793597170973,173.35086070039335,101.69470257892127,0.9995219418557519,U,True,-1,True,False,2.331844641204207,eligible
C2,42,fit,37:49,174,9.906079034496042,174.1592536978243,102.28253322966646,0.9995219418557519,U,True,-1,True,False,1.7248344405973153,eligible
C2,42,fit,37:49,175,9.914233450367226,174.9676466952553,102.8703638804116,0.9995219418557519,U,True,-1,True,False,1.4874198766714226,eligible
C2,42,fit,37:49,176,9.922399243082609,175.7760396926866,103.45819453115692,0.9995219418557519,U,True,-1,True,False,1.7260943509494302,eligible
C2,42,fit,37:49,177,9.930576436467854,176.58443269011758,104.0460251819021,0.9995219418557519,U,True,-1,True,False,1.8494580025180791,eligible
C2,42,fit,37:49,178,9.938765054415208,177.39282568754834,104.6338558326472,0.9995219418557519,U,True,-1,True,False,1.9509775195748869,eligible
C2,42,fit,37:49,179,9.946965120883721,178.20121868497938,105.2216864833925,0.9995219418557519,U,True,-1,True,False,1.7896613988500043,eligible
C2,42,fit,37:49,180,9.955176659899486,179.0096116824106,105.80951713413768,0.9995219418557519,U,True,-1,True,False,1.1905216664767293,eligible
C2,42,fit,37:49,181,9.963399695555868,179.8180046798415,106.39734778488287,0.9995219418557519,U,True,-1,True,False,1.0160321592489927,eligible
C2,42,fit,37:49,182,9.971634252013748,180.62639767727276,106.98517843562814,0.9995219418557519,U,True,-1,True,False,1.1925757240556494,eligible
C2,42,fit,37:49,183,9.979880353501752,181.4347906747036,107.57300908637328,0.9995219418557519,U,True,-1,True,False,1.4917593634304598,eligible
C2,42,fit,37:49,184,9.988138024316495,182.24318367213453,108.16083973711847,0.9995219418557519,U,True,-1,True,False,0.8736865829301969,eligible
C2,42,fit,37:49,185,9.996407288822814,183.0515766695656,108.74867038786365,0.9995219418557519,U,True,-1,True,False,1.0811938151466167,eligible
C2,42,fit,37:49,186,10.004688171454012,183.85996966699696,109.33650103860903,0.9995219418557519,U,True,-1,True,False,1.0861761827262464,eligible
C2,42,fit,37:49,187,10.012980696712091,184.66836266442786,109.9243316893541,0.9995219418557519,U,True,-1,True,False,1.1256312170836333,eligible
C2,42,fit,37:49,188,10.021284889168008,185.47675566185882,110.51216234009927,0.9995219418557519,U,True,-1,True,False,0.6821154913442907,eligible
C2,42,fit,37:49,189,10.029600773461905,186.28514865928992,111.09999299084454,0.9995219418557519,U,True,-1,True,False,0.9440987101059886,eligible
C2,42,fit,37:49,190,10.037928374303355,187.0935416567213,111.68782364158984,0.9995219418557519,U,True,-1,True,False,0.3258897364023475,eligible
C2,42,fit,37:49,191,10.04626771647161,187.90193465415211,112.27565429233499,0.9995219418557519,U,True,-1,True,False,0.7309538400398399,eligible
C2,42,fit,37:49,192,10.054618824815845,188.71032765158319,112.86348494308018,0.9995219418557519,U,True,-1,True,False,0.3202287154568342,eligible
C2,42,fit,37:49,193,10.062981724255406,189.5187206490141,113.45131559382533,0.9995219418557519,U,True,-1,True,False,0.6875731793369572,eligible
C2,42,fit,37:49,194,10.071356439780057,190.3271136464451,114.03914624457056,0.9995219418557519,U,True,-1,True,False,0.32944766830953187,eligible
C2,42,fit,37:49,195,10.07974299645023,191.1355066438764,114.62697689531592,0.9995219418557519,U,True,-1,True,False,0.39687313736607915,eligible
C2,42,fit,37:49,196,10.08814141939727,191.94389964130738,115.2148075460611,0.9995219418557519,U,True,-1,True,False,0.22201245931305297,eligible
C2,42,fit,37:49,197,10.09655173382369,192.75229263873842,115.80263819680629,0.9995219418557519,U,True,-1,True,False,0.3167185156934266,eligible
C2,42,fit,37:49,198,10.104973965003428,193.5606856361694,116.3904688475514,0.9995219418557519,U,True,-1,True,False,0.587761032372849,eligible
C2,42,fit,37:49,199,10.113408138282091,194.3690786336005,116.97829949829672,0.9995219418557519,U,True,-1,True,False,0.6312944498041899,eligible
C2,42,fit,37:49,200,10.121854279077215,195.1774716310317,117.566130149042,0.9995219418557519,U,True,-1,True,False,0.5932954790619611,eligible
C2,42,fit,37:49,201,10.130312412878517,195.9858646284627,118.15396079978717,0.9995219418557519,U,True,-1,True,False,1.0257555652660086,eligible
C2,42,fit,37:49,202,10.138782565248155,196.79425762589364,118.74179145053232,0.9995219418557519,U,True,-1,True,False,0.7697950899984775,eligible
C2,42,fit,37:49,203,10.147264761820983,197.60265062332482,119.32962210127742,0.9995219418557519,U,True,-1,True,False,1.3877252823774389,eligible
C2,42,fit,37:49,204,10.15575902830481,198.41104362075592,119.9174527520228,0.9995219418557519,F,True,-1,True,False,1.0902243662872801,eligible
C2,42,fit,37:49,205,10.16426539048066,199.21943661818676,120.5052834027679,0.9995219418557519,F,True,-1,True,False,1.5211937917470457,eligible
C2,42,fit,37:49,206,10.172783874203034,200.02782961561797,121.09311405351323,0.9995219418557519,F,True,-1,True,False,1.4628785288798334,eligible
C2,42,fit,37:49,207,10.181314505400167,200.83622261304876,121.6809447042583,0.9995219418557519,F,True,-1,True,False,1.6889044174406618,eligible
C2,42,fit,37:49,208,10.1898573100743,201.64461561047995,122.26877535500363,0.9995219418557519,F,True,-1,True,False,1.8565715027488783,eligible
C2,42,fit,37:49,209,10.198412314301937,202.45300860791096,122.85660600574877,0.9995219418557519,F,True,-1,True,False,1.9355065082819847,eligible
C2,42,fit,37:49,210,10.206979544234109,203.26140160534192,123.44443665649393,0.9995219418557519,F,True,-1,True,False,2.2603366192961265,eligible
C2,42,fit,37:49,211,10.21555902609665,204.06979460277296,124.0322673072391,0.9995219418557519,F,True,-1,True,False,2.2350374692839408,eligible
C2,42,fit,37:49,212,10.224150786190451,204.87818760020406,124.62009795798438,0.9995219418557519,F,True,-1,True,False,2.622928052802438,eligible
C2,42,fit,37:49,213,10.232754850891745,205.68658059763516,125.20792860872962,0.9995219418557519,F,True,-1,True,False,2.5690502657120438,eligible
C2,42,fit,37:49,214,10.24137124665236,206.4949735950664,125.79575925947486,0.9995219418557519,F,True,-1,True,False,2.8410071289279784,eligible
C2,42,fit,37:49,215,10.25,207.30336659249733,126.3835899102201,0.49976097092787597,F,True,-1,True,False,2.9257590091388552,eligible
C2,42,fit,48:49,0,10.25,90.11338765736097,54.84691171309133,0.4974597766591148,F,False,74,True,False,10.440280311890007,self_occluded
C2,42,fit,48:49,1,10.25,90.96259040326775,55.36529343915748,0.9949195533182296,F,False,74,True,False,10.18688771299043,self_occluded
C2,42,fit,48:49,2,10.25,91.81179314917473,55.8836751652237,0.9949195533182296,F,False,74,True,False,9.952652988553798,self_occluded
C2,42,fit,48:49,3,10.25,92.66099589508153,56.40205689128981,0.9949195533182296,F,False,74,True,False,9.738958552705805,self_occluded
C2,42,fit,48:49,4,10.25,93.51019864098835,56.92043861735602,0.9949195533182296,F,False,74,True,False,9.487359608237792,self_occluded
C2,42,fit,48:49,5,10.25,94.35940138689503,57.43882034342214,0.9949195533182296,F,False,74,True,False,9.249646336765446,self_occluded
C2,42,fit,48:49,6,10.25,95.20860413280188,57.95720206948833,0.9949195533182296,F,False,74,True,False,9.033898069034858,self_occluded
C2,42,fit,48:49,7,10.25,96.05780687870863,58.475583795554535,0.9949195533182296,F,False,74,True,False,8.788790848801154,self_occluded
C2,42,fit,48:49,8,10.25,96.90700962461544,58.99396552162048,0.9949195533182296,F,False,74,True,False,8.65182666732152,self_occluded
C2,42,fit,48:49,9,10.25,97.756212370522,59.51234724768663,0.9949195533182296,F,False,74,True,False,8.628157080972471,self_occluded
C2,42,fit,48:49,10,10.25,98.6054151164288,60.030728973752915,0.9949195533182296,F,False,74,True,False,8.718704856895009,self_occluded
C2,42,fit,48:49,11,10.25,99.45461786233572,60.54911069981895,0.9949195533182296,F,False,74,True,False,8.581063855192996,self_occluded
C2,42,fit,48:49,12,10.25,100.30382060824262,61.067492425885085,0.9949195533182296,F,False,74,True,False,8.322314822286788,self_occluded
C2,42,fit,48:49,13,10.25,101.15302335414933,61.58587415195133,0.9949195533182296,F,False,74,True,False,8.086354304540532,self_occluded
C2,42,fit,48:49,14,10.25,102.00222610005613,62.1042558780175,0.9949195533182296,F,False,74,True,False,7.875704401710619,self_occluded
C2,42,fit,48:49,15,10.25,102.85142884596281,62.62263760408366,0.9949195533182296,F,False,74,True,False,7.623768002440748,self_occluded
C2,42,fit,48:49,16,10.25,103.70063159186961,63.14101933014976,0.9949195533182296,F,False,74,True,False,7.3833180398831475,self_occluded
C2,42,fit,48:49,17,10.25,104.54983433777647,63.65940105621587,0.9949195533182296,F,False,74,True,False,7.170378229099631,self_occluded
C2,42,fit,48:49,18,10.25,105.39903708368314,64.17778278228208,0.9949195533182296,F,False,74,True,False,6.926636579020131,self_occluded
C2,42,fit,48:49,19,10.25,106.24823982958998,64.6961645083482,0.9949195533182296,F,False,74,True,False,6.820703371532938,self_occluded
C2,42,fit,48:49,20,10.25,107.09744257549679,65.21454623441431,0.9949195533182296,F,False,74,True,False,6.858966722634822,self_occluded
C2,42,fit,48:49,21,10.25,107.94664532140358,65.73292796048052,0.9949195533182296,F,False,74,True,False,6.923655146437513,self_occluded
C2,42,fit,48:49,22,10.25,108.7958480673102,66.2513096865466,0.9949195533182296,F,False,74,True,False,6.719883286891517,self_occluded
C2,42,fit,48:49,23,10.25,109.6450508132171,66.7696914126129,0.9949195533182296,F,False,74,True,False,6.458756737253255,self_occluded
C2,42,fit,48:49,24,10.25,110.49425355912386,67.28807313867905,0.9949195533182296,F,False,74,True,False,6.344602085847042,self_occluded
C2,42,fit,48:49,25,10.25,111.34345630503074,67.8064548647451,0.9949195533182296,F,False,74,True,False,6.385306766287978,self_occluded
C2,42,fit,48:49,26,10.25,112.19265905093745,68.32483659081134,0.9949195533182296,F,False,74,True,False,6.466431669611479,self_occluded
C2,42,fit,48:49,27,10.25,113.04186179684423,68.84321831687737,0.9949195533182296,F,False,74,True,False,6.254887824750948,self_occluded
C2,42,fit,48:49,28,10.25,113.89106454275098,69.36160004294364,0.9949195533182296,F,False,74,True,False,5.9922371053258665,self_occluded
C2,42,fit,48:49,29,10.25,114.74026728865775,69.87998176900969,0.9949195533182296,F,False,74,True,False,5.868567066606775,self_occluded
C2,42,fit,48:49,30,10.25,115.58947003456453,70.39836349507594,0.9949195533182296,F,False,74,True,False,5.912104797720594,self_occluded
C2,42,fit,48:49,31,10.25,116.43867278047138,70.91674522114207,0.9949195533182296,F,False,74,True,False,6.0122041824069745,self_occluded
C2,42,fit,48:49,32,10.25,117.28787552637822,71.43512694720822,0.9949195533182296,F,False,74,True,False,5.7836164417701745,self_occluded
C2,42,fit,48:49,33,10.25,118.1370782722849,71.95350867327431,0.9949195533182296,F,False,74,True,False,5.52742210294353,self_occluded
C2,42,fit,48:49,34,10.25,118.9862810181918,72.4718903993405,0.9949195533182296,F,False,74,True,False,5.3926158629207706,self_occluded
C2,42,fit,48:49,35,10.25,119.83548376409864,72.99027212540659,0.9949195533182296,F,False,74,True,False,5.4394803447655375,self_occluded
C2,42,fit,48:49,36,10.25,120.68468651000538,73.50865385147277,0.9949195533182296,F,False,74,True,False,5.5617067853658275,self_occluded
C2,42,fit,48:49,37,10.25,121.53388925591211,74.027035577539,0.9949195533182296,F,False,74,True,False,5.313279517684563,self_occluded
C2,42,fit,48:49,38,10.25,122.38309200181888,74.54541730360506,0.9949195533182296,F,False,74,True,False,5.064781073650543,self_occluded
C2,42,fit,48:49,39,10.25,123.23229474772562,75.06379902967124,0.9949195533182296,F,False,74,True,False,4.85617826713872,self_occluded
C2,42,fit,48:49,40,10.25,124.08149749363257,75.58218075573731,0.9949195533182296,F,False,74,True,False,4.6205709437739095,self_occluded
C2,42,fit,48:49,41,10.25,124.93070023953915,76.10056248180356,0.9949195533182296,F,False,74,True,False,4.362807435944533,self_occluded
C2,42,fit,48:49,42,10.25,125.77990298544607,76.61894420786976,0.9949195533182296,F,False,74,True,False,4.24565518309075,self_occluded
C2,42,fit,48:49,43,10.25,126.62910573135282,77.13732593393584,0.9949195533182296,F,False,74,True,False,4.3585338107473435,self_occluded
C2,42,fit,48:49,44,10.25,127.47830847725966,77.65570766000207,0.9949195533182296,F,False,74,True,False,4.410792939680441,self_occluded
C2,42,fit,48:49,45,10.25,128.32751122316648,78.17408938606812,0.9949195533182296,F,False,74,True,False,4.149342079541213,self_occluded
C2,42,fit,48:49,46,10.25,129.1767139690732,78.69247111213414,0.9949195533182296,F,False,74,True,False,3.901326018433123,self_occluded
C2,42,fit,48:49,47,10.25,130.02591671497981,79.21085283820035,0.9949195533182296,F,False,74,True,False,3.7058118757453156,self_occluded
C2,42,fit,48:49,48,10.25,130.87511946088668,79.72923456426648,0.9949195533182296,F,False,74,True,False,3.4588782303355727,self_occluded
C2,42,fit,48:49,49,10.25,131.72432220679354,80.24761629033273,0.9949195533182296,F,False,74,True,False,3.4891783275313704,self_occluded
C2,42,fit,48:49,50,10.25,132.57352495270027,80.76599801639887,0.9949195533182296,F,False,74,True,False,3.679473628372774,self_occluded
C2,42,fit,48:49,51,10.25,133.42272769860708,81.28437974246506,0.9949195533182296,F,False,74,True,False,3.4439400870677073,self_occluded
C2,42,fit,48:49,52,10.25,134.27193044451383,81.80276146853122,0.9949195533182296,F,False,74,True,False,3.2699101535044273,self_occluded
C2,42,fit,48:49,53,10.25,135.12113319042064,82.32114319459734,0.9949195533182296,F,False,74,True,False,2.986276313063559,self_occluded
C2,42,fit,48:49,54,10.25,135.97033593632744,82.83952492066348,0.9949195533182296,F,False,74,True,False,3.020448618845819,self_occluded
C2,42,fit,48:49,55,10.25,136.81953868223428,83.35790664672972,0.9949195533182296,F,False,74,True,False,3.2115627524563166,self_occluded
C2,42,fit,48:49,56,10.25,137.66874142814095,83.8762883727958,0.9949195533182296,F,False,74,True,False,2.992528126309762,self_occluded
C2,42,fit,48:49,57,10.25,138.51794417404778,84.39467009886188,0.9949195533182296,F,False,74,True,False,2.81619146252915,self_occluded
C2,42,fit,48:49,58,10.25,139.36714691995462,84.91305182492795,0.9949195533182296,F,False,74,True,False,2.515149392357009,self_occluded
C2,42,fit,48:49,59,10.25,140.21634966586132,85.43143355099434,0.9949195533182296,F,False,74,True,False,2.2870090785533215,self_occluded
C2,42,fit,48:49,60,10.25,141.06555241176812,85.94981527706034,0.9949195533182296,F,False,74,True,False,2.16216833521589,self_occluded
C2,42,fit,48:49,61,10.25,141.9147551576749,86.46819700312646,0.9949195533182296,F,False,74,True,False,2.469668627444881,self_occluded
C2,42,fit,48:49,62,10.25,142.76395790358163,86.98657872919269,0.9949195533182296,F,False,74,True,False,2.339721161035895,self_occluded
C2,42,fit,48:49,63,10.25,143.6131606494885,87.5049604552588,0.9949195533182296,F,False,74,True,False,2.0465163952482635,self_occluded
C2,42,fit,48:49,64,10.25,144.46236339539536,88.02334218132503,0.9949195533182296,F,False,74,True,False,1.847039671447036,self_occluded
C2,42,fit,48:49,65,10.25,145.311566141302,88.54172390739116,0.9949195533182296,F,False,74,True,False,1.6884471518005197,self_occluded
C2,42,fit,48:49,66,10.25,146.16076888720877,89.06010563345725,0.9949195533182296,F,False,74,True,False,1.3520846181968809,self_occluded
C2,42,fit,48:49,67,10.25,147.0099716331156,89.57848735952348,0.9949195533182296,F,False,74,True,False,1.1466489403318765,self_occluded
C2,42,fit,48:49,68,10.25,147.85917437902242,90.09686908558947,0.9949195533182296,U,False,74,True,False,1.105872346360832,self_occluded
C2,42,fit,48:49,69,10.25,148.70837712492914,90.61525081165564,0.9949195533182296,U,False,74,True,False,0.6808652307964614,self_occluded
C2,42,fit,48:49,70,10.25,149.557579870836,91.1336325377218,0.9949195533182296,U,False,74,True,False,1.2169052145796069,self_occluded
C2,42,fit,48:49,71,10.25,150.4067826167427,91.65201426378799,0.9949195533182296,F,False,74,True,False,0.8814927475490819,self_occluded
C2,42,fit,48:49,72,10.25,151.25598536264943,92.17039598985406,0.9949195533182296,U,False,74,True,False,0.7632775209255479,self_occluded
C2,42,fit,48:49,73,10.25,152.10518810855635,92.68877771592028,0.9949195533182296,U,False,74,True,False,0.6967634319695758,self_occluded
C2,42,fit,48:49,74,10.25,152.9543908544631,93.20715944198649,0.9949195533182296,U,False,74,True,False,1.0659331684653413,self_occluded
C2,42,fit,48:49,75,10.25,153.8035936003698,93.72554116805256,0.9949195533182296,U,False,74,True,False,0.7516551472282823,self_occluded
C2,42,fit,48:49,76,10.25,154.65279634627672,94.2439228941188,0.9949195533182296,U,False,74,True,False,1.2914699158988103,self_occluded
C2,42,fit,48:49,77,10.25,155.5019990921836,94.76230462018498,0.9949195533182296,U,False,74,True,False,0.9105565540598297,self_occluded
C2,42,fit,48:49,78,10.25,156.35120183809022,95.280686346251,0.9949195533182296,U,False,74,True,False,0.7069115078064919,self_occluded
C2,42,fit,48:49,79,10.25,157.20040458399706,95.79906807231716,0.9949195533182296,U,False,74,True,False,0.8238153807035209,self_occluded
C2,42,fit,48:49,80,10.25,158.0496073299039,96.31744979838348,0.9949195533182296,U,False,74,True,False,1.0020082843300846,self_occluded
C2,42,fit,48:49,81,10.25,158.8988100758106,96.83583152444952,0.9949195533182296,U,False,74,True,False,0.841934521219473,self_occluded
C2,42,fit,48:49,82,10.25,159.7480128217174,97.35421325051558,0.9949195533182296,U,False,74,True,False,1.301129863397522,self_occluded
C2,42,fit,48:49,83,10.25,160.5972155676242,97.87259497658182,0.9949195533182296,U,False,74,True,False,0.9610709089968982,self_occluded
C2,42,fit,48:49,84,10.25,161.4464183135309,98.39097670264792,0.9949195533182296,U,False,74,True,False,0.6777281649801885,self_occluded
C2,42,fit,48:49,85,10.25,162.2956210594378,98.90935842871413,0.9949195533182296,U,False,74,True,False,0.9562032015510882,self_occluded
C2,42,fit,48:49,86,10.25,163.14482380534452,99.42774015478025,0.9949195533182296,U,False,74,True,False,0.9561840638270803,self_occluded
C2,42,fit,48:49,87,10.25,163.9940265512513,99.94612188084645,0.9949195533182296,U,False,74,True,False,0.9461407376846077,self_occluded
C2,42,fit,48:49,88,10.25,164.84322929715802,100.46450360691259,0.9949195533182296,U,False,74,True,False,0.49024550391040983,self_occluded
C2,42,fit,48:49,89,10.25,165.69243204306488,100.98288533297867,0.9949195533182296,U,False,74,True,False,1.0298842779253548,self_occluded
C2,42,fit,48:49,90,10.25,166.54163478897178,101.50126705904488,0.9949195533182296,U,False,74,True,False,0.6792402602646934,self_occluded
C2,42,fit,48:49,91,10.25,167.39083753487856,102.01964878511102,0.9949195533182296,U,False,74,True,False,1.0919879228491123,self_occluded
C2,42,fit,48:49,92,10.25,168.24004028078525,102.53803051117718,0.9949195533182296,F,False,74,True,False,0.9311367277615787,self_occluded
C2,42,fit,48:49,93,10.25,169.08924302669206,103.05641223724325,0.9949195533182296,U,False,74,True,False,1.0601750481927266,self_occluded
C2,42,fit,48:49,94,10.25,169.93844577259873,103.57479396330945,0.9949195533182296,F,False,74,True,False,1.207180797548775,self_occluded
C2,42,fit,48:49,95,10.25,170.78764851850565,104.09317568937564,0.9949195533182296,U,False,74,True,False,1.1136095543478222,self_occluded
C2,42,fit,48:49,96,10.25,171.6368512644124,104.6115574154418,0.9949195533182296,U,False,74,True,False,0.7112520485318269,self_occluded
C2,42,fit,48:49,97,10.25,172.48605401031907,105.12993914150793,0.9949195533182296,U,False,74,True,False,1.230045106676552,self_occluded
C2,42,fit,48:49,98,10.25,173.33525675622585,105.64832086757404,0.9949195533182296,F,False,74,True,False,1.6820697890025613,self_occluded
C2,42,fit,48:49,99,10.25,174.18445950213277,106.16670259364014,0.9949195533182296,F,False,74,True,False,1.4234820847724639,self_occluded
C2,42,fit,48:49,100,10.25,175.03366224803935,106.68508431970639,0.9949195533182296,F,False,74,True,False,1.1845459788340569,self_occluded
C2,42,fit,48:49,101,10.25,175.88286499394624,107.20346604577247,0.9949195533182296,U,False,74,True,False,1.135512683122921,self_occluded
C2,42,fit,48:49,102,10.25,176.73206773985302,107.72184777183868,0.9949195533182296,U,False,74,True,False,0.7699687667275459,self_occluded
C2,42,fit,48:49,103,10.25,177.58127048575997,108.2402294979048,0.9949195533182296,U,False,74,True,False,1.309008637698353,self_occluded
C2,42,fit,48:49,104,10.25,178.43047323166675,108.75861122397097,0.9949195533182296,F,False,74,True,False,1.743245612542692,self_occluded
C2,42,fit,48:49,105,10.25,179.27967597757336,109.27699295003708,0.9949195533182296,F,False,74,True,False,1.4661438168642615,self_occluded
C2,42,fit,48:49,106,10.25,180.12887872348023,109.79537467610328,0.9949195533182296,F,False,74,True,False,1.1796072031790221,self_occluded
C2,42,fit,48:49,107,10.25,180.97808146938706,110.31375640216945,0.9949195533182296,U,False,74,True,False,1.313939232318389,self_occluded
C2,42,fit,48:49,108,10.25,181.82728421529382,110.83213812823554,0.9949195533182296,F,False,74,True,False,1.4379555543070146,self_occluded
C2,42,fit,48:49,109,10.25,182.67648696120062,111.35051985430164,0.9949195533182296,U,False,74,True,False,1.3691424075426197,self_occluded
C2,42,fit,48:49,110,10.25,183.52568970710735,111.86890158036786,0.9949195533182296,U,False,74,True,False,0.9899293966287099,self_occluded
C2,42,fit,48:49,111,10.25,184.37489245301404,112.38728330643399,0.9949195533182296,U,False,74,True,False,1.4370453450177894,self_occluded
C2,42,fit,48:49,112,10.25,185.22409519892105,112.90566503250017,0.9949195533182296,F,False,74,True,False,1.1925843414328798,self_occluded
C2,42,fit,48:49,113,10.25,186.0732979448277,113.42404675856638,0.9949195533182296,U,False,74,True,False,1.425931891535976,self_occluded
C2,42,fit,48:49,114,10.25,186.9225006907345,113.94242848463246,0.9949195533182296,F,False,74,True,False,1.4314943975141057,self_occluded
C2,42,fit,48:49,115,10.25,187.7717034366413,114.46081021069858,0.9949195533182296,U,False,74,True,False,1.4785417790927076,self_occluded
C2,42,fit,48:49,116,10.25,188.62090618254808,114.97919193676475,0.9949195533182296,F,False,74,True,False,1.6913653083704898,self_occluded
C2,42,fit,48:49,117,10.25,189.4701089284548,115.49757366283099,0.9949195533182296,F,False,74,True,False,1.5885563960112759,self_occluded
C2,42,fit,48:49,118,10.25,190.31931167436176,116.01595538889705,0.9949195533182296,F,False,74,True,False,1.222907171002428,self_occluded
C2,42,fit,48:49,119,10.25,191.16851442026845,116.53433711496321,0.9949195533182296,F,False,74,True,False,1.543563245284116,self_occluded
C2,42,fit,48:49,120,10.25,192.0177171661751,117.0527188410293,0.9949195533182296,F,False,74,True,False,1.4398251712917016,self_occluded
C2,42,fit,48:49,121,10.25,192.86691991208198,117.5711005670955,0.9949195533182296,F,False,74,True,False,1.5767267682537978,self_occluded
C2,42,fit,48:49,122,10.25,193.71612265798882,118.08948229316164,0.9949195533182296,F,False,74,True,False,1.6838386788651798,self_occluded
C2,42,fit,48:49,123,10.25,194.5653254038956,118.60786401922782,0.9949195533182296,F,False,74,True,False,1.6655835940672443,self_occluded
C2,42,fit,48:49,124,10.25,195.41452814980235,119.12624574529397,0.9949195533182296,F,False,74,True,False,1.9447751712118115,self_occluded
C2,42,fit,48:49,125,10.25,196.2637308957091,119.6446274713601,0.9949195533182296,F,False,74,True,False,1.8019133479403562,self_occluded
C2,42,fit,48:49,126,10.25,197.11293364161583,120.1630091974262,0.9949195533182296,F,False,74,True,False,2.165955400177707,self_occluded
C2,42,fit,48:49,127,10.25,197.96213638752275,120.68139092349244,0.9949195533182296,F,False,74,True,False,1.975914045627265,self_occluded
C2,42,fit,48:49,128,10.25,198.8113391334294,121.19977264955854,0.9949195533182296,F,False,74,True,False,2.2078479640412203,self_occluded
C2,42,fit,48:49,129,10.25,199.66054187933634,121.7181543756247,0.9949195533182296,F,False,74,True,False,2.178578094879814,self_occluded
C2,42,fit,48:49,130,10.25,200.50974462524292,122.2365361016908,0.9949195533182296,F,False,74,True,False,2.289638413951972,self_occluded
C2,42,fit,48:49,131,10.25,201.35894737114984,122.75491782775693,0.9949195533182296,F,False,74,True,False,2.4026631709074655,self_occluded
C2,42,fit,48:49,132,10.25,202.20815011705668,123.27329955382312,0.9949195533182296,F,False,74,True,False,2.4072634044760792,self_occluded
C2,42,fit,48:49,133,10.25,203.05735286296348,123.7916812798893,0.9949195533182296,F,False,74,True,False,2.6427258101706173,self_occluded
C2,42,fit,48:49,134,10.25,203.90655560887,124.3100630059554,0.9949195533182296,F,False,74,True,False,2.5557800625205083,self_occluded
C2,42,fit,48:49,135,10.25,204.755758354777,124.8284447320216,0.9949195533182296,F,False,74,True,False,2.8389705147045743,self_occluded
C2,42,fit,48:49,136,10.25,205.60496110068377,125.34682645808773,0.9949195533182296,F,False,74,True,False,2.730151635896084,self_occluded
C2,42,fit,48:49,137,10.25,206.45416384659046,125.8652081841539,0.9949195533182296,F,False,74,True,False,2.916737054468814,self_occluded
C2,42,fit,48:49,138,10.25,207.30336659249733,126.3835899102201,0.4974597766591148,F,True,-1,True,False,2.9257590091388552,eligible
C2,42,fit,48:60,0,10.25,90.11338765736097,54.84691171309133,0.4984064498694499,F,False,74,True,False,10.440280311890007,self_occluded
C2,42,fit,48:60,1,10.255907146260778,90.99106253137037,55.31948210215412,0.9968128997388997,F,False,74,True,False,10.134101967264526,self_occluded
C2,42,fit,48:60,2,10.261819650482636,91.86873740537938,55.79205249121679,0.9968128997388997,F,False,74,True,False,9.848191876526347,self_occluded
C2,42,fit,48:60,3,10.267737519958631,92.74641227938857,56.264622880279575,0.9968128997388997,F,False,74,True,False,9.584364071378307,self_occluded
C2,42,fit,48:60,4,10.273660761995062,93.62408715339761,56.737193269342356,0.9968128997388997,F,False,74,True,False,9.275884743567124,self_occluded
C2,42,fit,48:60,5,10.279589383911503,94.50176202740685,57.20976365840502,0.9968128997388997,F,False,74,True,False,8.988229049245419,self_occluded
C2,42,fit,48:60,6,10.285523393040828,95.37943690141608,57.68233404746774,0.9968128997388997,F,False,74,True,False,8.724722114161697,self_occluded
C2,42,fit,48:60,7,10.29146279672924,96.25711177542499,58.154904436530394,0.9968128997388997,F,False,74,True,False,8.41805284984502,self_occluded
C2,42,fit,48:60,8,10.297407602336314,97.13478664943457,58.627474825593325,0.9968128997388997,F,False,74,True,False,8.221540215214747,self_occluded
C2,42,fit,48:60,9,10.303357817235007,98.01246152344336,59.10004521465596,0.9968128997388997,F,False,74,True,False,8.14316309256904,self_occluded
C2,42,fit,48:60,10,10.30931344881171,98.89013639745271,59.572615603718674,0.9968128997388997,F,False,74,True,False,8.186315331584288,self_occluded
C2,42,fit,48:60,11,10.315274504466261,99.76781127146164,60.04518599278131,0.9968128997388997,F,False,74,True,False,7.995002975506842,self_occluded
C2,42,fit,48:60,12,10.321240991611988,100.64548614547095,60.51775638184412,0.9968128997388997,F,False,74,True,False,7.688722527684624,self_occluded
C2,42,fit,48:60,13,10.32721291767573,101.5231610194801,60.99032677090694,0.9968128997388997,F,False,74,True,False,7.409394475864593,self_occluded
C2,42,fit,48:60,14,10.333190290097875,102.40083589348913,61.4628971599695,0.9968128997388997,F,False,74,True,False,7.1411172696589125,self_occluded
C2,42,fit,48:60,15,10.33917311633239,103.27851076749837,61.93546754903227,0.9968128997388997,F,False,74,True,False,6.830175729816866,self_occluded
C2,42,fit,48:60,16,10.345161403846845,104.1561856415074,62.40803793809495,0.9968128997388997,F,False,74,True,False,6.549300420901716,self_occluded
C2,42,fit,48:60,17,10.351155160122456,105.03386051551671,62.88060832715769,0.9968128997388997,F,False,74,True,False,6.288926780739172,self_occluded
C2,42,fit,48:60,18,10.357154392654104,105.91153538952575,63.35317871622043,0.9968128997388997,F,False,74,True,False,5.972077344312853,self_occluded
C2,42,fit,48:60,19,10.363159108950377,106.78921026353487,63.82574910528316,0.9968128997388997,F,False,74,True,False,5.796294088375005,self_occluded
C2,42,fit,48:60,20,10.369169316533592,107.66688513754428,64.29831949434599,0.9968128997388997,F,False,74,True,False,5.7892671751767075,self_occluded
C2,42,fit,48:60,21,10.37518502293983,108.5445600115532,64.77088988340866,0.9968128997388997,F,False,74,True,False,5.83699888670921,self_occluded
C2,42,fit,48:60,22,10.381206235718972,109.42223488556237,65.24346027247138,0.9968128997388997,F,False,74,True,False,5.550437667259201,self_occluded
C2,42,fit,48:60,23,10.387232962434725,110.29990975957149,65.71603066153409,0.9968128997388997,F,False,74,True,False,5.244001493590157,self_occluded
C2,42,fit,48:60,24,10.393265210664653,111.17758463358079,66.18860105059686,0.9968128997388997,F,False,74,True,False,5.050782836517561,self_occluded
C2,42,fit,48:60,25,10.399302988000214,112.0552595075897,66.66117143965946,0.9968128997388997,F,False,74,True,False,5.050597466905996,self_occluded
C2,42,fit,48:60,26,10.40534630204679,112.93293438159895,67.13374182872236,0.9968128997388997,F,False,74,True,False,5.134331562478612,self_occluded
C2,42,fit,48:60,27,10.41139516042371,113.81060925560803,67.60631221778497,0.9968128997388997,F,False,74,True,False,4.814322499849626,self_occluded
C2,42,fit,48:60,28,10.417449570764301,114.68828412961714,68.07888260684764,0.9968128997388997,F,False,74,True,False,4.521833711327143,self_occluded
C2,42,fit,48:60,29,10.423509540715903,115.56595900362656,68.55145299591051,0.9968128997388997,F,False,74,True,False,4.305505075387595,self_occluded
C2,42,fit,48:60,30,10.429575077939905,116.44363387763569,69.02402338497319,0.9968128997388997,F,False,74,True,False,4.314515002831073,self_occluded
C2,42,fit,48:60,31,10.435646190111783,117.32130875164466,69.4965937740359,0.9968128997388997,F,False,74,True,False,4.404719607948057,self_occluded
C2,42,fit,48:60,32,10.441722884921129,118.19898362565382,69.96916416309861,0.9968128997388997,F,False,74,True,False,4.081865818076885,self_occluded
C2,42,fit,48:60,33,10.447805170071682,119.07665849966322,70.4417345521614,0.9968128997388997,F,False,74,True,False,3.8089359604501274,self_occluded
C2,42,fit,48:60,34,10.45389305328136,119.95433337367211,70.91430494122407,0.9968128997388997,F,False,74,True,False,3.5606074252176088,self_occluded
C2,42,fit,48:60,35,10.4599865422823,120.83200824768106,71.38687533028673,0.9968128997388997,F,False,74,True,False,3.582614860181024,self_occluded
C2,42,fit,48:60,36,10.46608564482088,121.70968312169063,71.85944571934971,0.9968128997388997,F,False,74,True,False,3.6636022198071863,self_occluded
C2,42,fit,48:60,37,10.47219036865776,122.58735799569969,72.33201610841233,0.9968128997388997,F,False,74,True,False,3.355464285431871,self_occluded
C2,42,fit,48:60,38,10.478300721567908,123.46503286970875,72.80458649747504,0.9968128997388997,F,False,74,True,False,3.1116861632443427,self_occluded
C2,42,fit,48:60,39,10.484416711340643,124.34270774371785,73.2771568865378,0.9968128997388997,F,False,74,True,False,2.8163915048585273,self_occluded
C2,42,fit,48:60,40,10.490538345779658,125.22038261772707,73.74972727560042,0.9968128997388997,F,False,74,True,False,2.4957130376443586,self_occluded
C2,42,fit,48:60,41,10.496665632703058,126.09805749173624,74.22229766466319,0.9968128997388997,F,False,74,True,False,2.260839862923006,self_occluded
C2,42,fit,48:60,42,10.502798579943391,126.97573236574522,74.69486805372591,0.9968128997388997,F,False,74,True,False,1.9803287368824787,self_occluded
C2,42,fit,48:60,43,10.50893719534769,127.85340723975443,75.1674384427886,0.9968128997388997,F,False,74,True,False,2.172390121648103,self_occluded
C2,42,fit,48:60,44,10.515081486777488,128.73108211376368,75.64000883185138,0.9968128997388997,F,False,74,True,False,2.0735914666493427,self_occluded
C2,42,fit,48:60,45,10.521231462108872,129.60875698777295,76.11257922091416,0.9968128997388997,F,False,74,True,False,1.7814010334230046,self_occluded
C2,42,fit,48:60,46,10.527387129232503,130.4864318617819,76.58514960997685,0.9968128997388997,F,False,74,True,False,1.622741068404026,self_occluded
C2,42,fit,48:60,47,10.533548496053658,131.3641067357911,77.05771999903945,0.9968128997388997,F,False,74,True,False,1.2341522757886345,self_occluded
C2,42,fit,48:60,48,10.539715570492257,132.2417816098002,77.53029038810224,0.9968128997388997,F,False,74,True,False,0.9252583547046773,self_occluded
C2,42,fit,48:60,49,10.545888360482902,133.1194564838093,78.00286077716504,0.9968128997388997,U,False,74,True,False,1.0099502908065079,self_occluded
C2,42,fit,48:60,50,10.552066873974908,133.99713135781863,78.4754311662278,0.9968128997388997,U,False,74,True,False,1.109855984932926,self_occluded
C2,42,fit,48:60,51,10.558251118932338,134.87480623182762,78.94800155529046,0.9968128997388997,U,False,74,True,False,0.9562324133924406,self_occluded
C2,42,fit,48:60,52,10.56444110333404,135.75248110583695,79.42057194435323,0.9968128997388997,U,False,74,True,False,0.488002421453781,self_occluded
C2,42,fit,48:60,53,10.570636835173676,136.63015597984608,79.89314233341594,0.9968128997388997,U,False,74,True,False,0.3849716355154023,self_occluded
C2,42,fit,48:60,54,10.576838322459759,137.50783085385507,80.36571272247859,0.9968128997388997,U,False,74,True,False,0.6131690336275419,self_occluded
C2,42,fit,48:60,55,10.583045573215692,138.3855057278643,80.83828311154134,0.9968128997388997,U,False,74,True,False,0.6354176284148223,self_occluded
C2,42,fit,48:60,56,10.589258595479793,139.26318060187347,81.31085350060415,0.9968128997388997,U,False,74,True,False,0.4073007832552492,self_occluded
C2,42,fit,48:60,57,10.595477397305338,140.14085547588266,81.78342388966685,0.9968128997388997,U,False,74,True,False,0.2583514595530041,self_occluded
C2,42,fit,48:60,58,10.601701986760592,141.01853034989182,82.25599427872959,0.9968128997388997,U,False,74,True,False,0.7442364457282504,self_occluded
C2,42,fit,48:60,59,10.607932371928843,141.8962052239007,82.7285646677921,0.9968128997388997,U,False,74,True,False,0.9364085341973908,self_occluded
C2,42,fit,48:60,60,10.614168560908446,142.77388009791022,83.20113505685495,0.9968128997388997,U,False,74,True,False,0.8302502077730737,self_occluded
C2,42,fit,48:60,61,10.62041056181284,143.65155497191907,83.67370544591766,0.9968128997388997,U,False,74,True,False,0.7286919908001256,self_occluded
C2,42,fit,48:60,62,10.626658382770602,144.52922984592826,84.14627583498051,0.9968128997388997,U,False,74,True,False,1.0044546678469188,self_occluded
C2,42,fit,48:60,63,10.632912031925471,145.40690471993736,84.61884622404317,0.9968128997388997,U,False,74,True,False,1.4398462431617884,self_occluded
C2,42,fit,48:60,64,10.639171517436388,146.2845795939466,85.09141661310589,0.9968128997388997,U,False,74,True,False,1.5734257224680126,self_occluded
C2,42,fit,48:60,65,10.64543684747753,147.16225446795593,85.56398700216859,0.9968128997388997,U,False,74,True,False,1.84742219815187,self_occluded
C2,42,fit,48:60,66,10.651708030238343,148.0399293419649,86.03655739123128,0.9968128997388997,U,False,74,True,False,2.221837058428911,self_occluded
C2,42,fit,48:60,67,10.657985073923582,148.91760421597397,86.50912778029404,0.9968128997388997,U,False,74,True,False,2.4289721909919257,self_occluded
C2,42,fit,48:60,68,10.66426798675335,149.7952790899832,86.9816981693567,0.9968128997388997,U,False,74,True,False,2.701216261336553,self_occluded
C2,42,fit,48:60,69,10.67055677696312,150.67295396399246,87.45426855841956,0.9968128997388997,B,False,74,True,False,2.633175955059669,self_occluded
C2,42,fit,48:60,70,10.676851452803788,151.55062883800156,87.92683894748235,0.9968128997388997,B,False,74,True,False,2.5889083689690797,self_occluded
C2,42,fit,48:60,71,10.683152022541696,152.42830371201072,88.39940933654503,0.9968128997388997,B,False,74,True,False,2.9083585387129,self_occluded
C2,42,fit,48:60,72,10.689458494458677,153.30597858601985,88.87197972560769,0.9968128997388997,U,False,74,True,True,3.1378348470572552,self_occluded
C2,42,fit,48:60,73,10.695770876852086,154.183653460029,89.34455011467041,0.9968128997388997,B,False,74,True,True,2.9073096854197633,self_occluded
C2,42,fit,48:60,74,10.702089178034834,155.06132833403805,89.81712050373302,0.9968128997388997,U,False,74,True,True,3.002338654437714,self_occluded
C2,42,fit,48:60,75,10.708413406335437,155.93900320804713,90.2896908927958,0.9968128997388997,B,False,74,True,True,2.8683623343846922,self_occluded
C2,42,fit,48:60,76,10.714743570098037,156.81667808205617,90.76226128185849,0.9968128997388997,B,False,74,True,True,2.882324378777121,self_occluded
C2,42,fit,48:60,77,10.72107967768245,157.6943529560656,91.23483167092138,0.9968128997388997,B,False,74,True,True,3.2210801110561604,self_occluded
C2,42,fit,48:60,78,10.727421737464194,158.57202783007475,91.70740205998402,0.9968128997388997,B,False,74,True,True,3.341918166708679,self_occluded
C2,42,fit,48:60,79,10.733769757834535,159.44970270408385,92.17997244904683,0.9968128997388997,B,False,74,True,True,3.170834798339856,self_occluded
C2,42,fit,48:60,80,10.740123747200517,160.32737757809278,92.6525428381094,0.9968128997388997,U,False,74,True,True,3.3056378382878684,self_occluded
C2,42,fit,48:60,81,10.746483713985004,161.20505245210208,93.12511322717219,0.9968128997388997,B,False,74,True,True,3.1172304003550204,self_occluded
C2,42,fit,48:60,82,10.75284966662671,162.08272732611115,93.59768361623502,0.9968128997388997,B,False,74,True,True,3.179446040214519,self_occluded
C2,42,fit,48:60,83,10.759221613580248,162.96040220012043,94.07025400529774,0.9968128997388997,B,True,-1,True,True,3.5251366469558225,eligible
C2,42,fit,48:60,84,10.765599563316155,163.8380770741297,94.54282439436052,0.9968128997388997,B,True,-1,True,True,3.557307457953345,eligible
C2,42,fit,48:60,85,10.771983524320936,164.71575194813872,95.01539478342305,0.9968128997388997,B,True,-1,True,True,3.442625894046601,eligible
C2,42,fit,48:60,86,10.778373505097102,165.59342682214788,95.48796517248596,0.9968128997388997,B,True,-1,True,True,3.6105652821240524,eligible
C2,42,fit,48:60,87,10.784769514163207,166.47110169615715,95.96053556154868,0.9968128997388997,B,True,-1,True,True,3.9172295905857917,eligible
C2,42,fit,48:60,88,10.791171560053884,167.34877657016634,96.43310595061142,0.9968128997388997,B,True,-1,True,True,3.8133884401924396,eligible
C2,42,fit,48:60,89,10.797579651319886,168.22645144417547,96.90567633967414,0.9968128997388997,B,True,-1,True,True,3.812076199149674,eligible
C2,42,fit,48:60,90,10.803993796528118,169.10412631818446,97.37824672873676,0.9968128997388997,B,True,-1,True,True,3.7863163740519066,eligible
C2,42,fit,48:60,91,10.810414004261688,169.9818011921937,97.85081711779965,0.9968128997388997,B,True,-1,True,True,3.720872047104559,eligible
C2,42,fit,48:60,92,10.816840283119925,170.8594760662026,98.32338750686216,0.9968128997388997,B,True,-1,True,True,3.7757354956448332,eligible
C2,42,fit,48:60,93,10.823272641718441,171.73715094021185,98.79595789592491,0.9968128997388997,B,True,-1,True,True,3.6446644830168946,eligible
C2,42,fit,48:60,94,10.829711088689152,172.61482581422112,99.26852828498771,0.9968128997388997,B,True,-1,True,True,3.781302919448444,eligible
C2,42,fit,48:60,95,10.836155632680319,173.4925006882302,99.74109867405039,0.9968128997388997,B,True,-1,True,True,4.102803618637396,eligible
C2,42,fit,48:60,96,10.842606282356599,174.37017556223947,100.21366906311319,0.9968128997388997,B,True,-1,True,True,3.8043832496878487,eligible
C2,42,fit,48:60,97,10.849063046399065,175.24785043624854,100.68623945217594,0.9968128997388997,B,True,-1,True,True,3.5409235630779845,eligible
C2,42,fit,48:60,98,10.855525933505263,176.12552531025764,101.15880984123855,0.9968128997388997,B,True,-1,True,True,3.5482699112086666,eligible
C2,42,fit,48:60,99,10.861994952389239,177.00320018426694,101.63138023030142,0.9968128997388997,B,True,-1,True,True,3.824862214536359,eligible
C2,42,fit,48:60,100,10.868470111781582,177.88087505827593,102.10395061936414,0.9968128997388997,B,True,-1,True,True,4.084916537271931,eligible
C2,42,fit,48:60,101,10.874951420429465,178.75854993228515,102.57652100842684,0.9968128997388997,B,True,-1,True,True,4.396567540099117,eligible
C2,42,fit,48:60,102,10.88143888709668,179.63622480629448,103.04909139748969,0.9968128997388997,B,True,-1,True,True,4.001807190449637,eligible
C2,42,fit,48:60,103,10.887932520563682,180.51389968030344,103.52166178655229,0.9968128997388997,B,True,-1,True,True,3.7935114299489707,eligible
C2,42,fit,48:60,104,10.894432329627628,181.3915745543126,103.99423217561498,0.9968128997388997,B,True,-1,True,True,3.8411286183807674,eligible
C2,42,fit,48:60,105,10.900938323102414,182.2692494283218,104.46680256467772,0.9968128997388997,B,True,-1,True,True,4.135828946040428,eligible
C2,42,fit,48:60,106,10.907450509818716,183.14692430233077,104.93937295374042,0.9968128997388997,B,True,-1,True,True,4.219493733149957,eligible
C2,42,fit,48:60,107,10.913968898624033,184.02459917634005,105.41194334280317,0.9968128997388997,B,True,-1,True,True,4.11984858946191,eligible
C2,42,fit,48:60,108,10.920493498382719,184.90227405034906,105.88451373186587,0.9968128997388997,B,True,-1,True,True,4.2578691091039795,eligible
C2,42,fit,48:60,109,10.927024317976036,185.77994892435822,106.35708412092859,0.9968128997388997,B,True,-1,True,True,4.582461360887952,eligible
C2,42,fit,48:60,110,10.933561366302179,186.65762379836735,106.82965450999136,0.9968128997388997,B,True,-1,True,True,4.487705222376938,eligible
C2,42,fit,48:60,111,10.940104652276332,187.5352986723766,107.30222489905408,0.9968128997388997,B,True,-1,True,True,4.483445110105635,eligible
C2,42,fit,48:60,112,10.946654184830695,188.41297354638587,107.77479528811695,0.9968128997388997,B,True,-1,True,True,4.455204720336093,eligible
C2,42,fit,48:60,113,10.953209972914532,189.29064842039477,108.24736567717942,0.9968128997388997,B,True,-1,True,True,4.396513908390165,eligible
C2,42,fit,48:60,114,10.959772025494214,190.16832329440413,108.71993606624231,0.9968128997388997,B,True,-1,True,True,4.436657142184942,eligible
C2,42,fit,48:60,115,10.96634035155325,191.04599816841315,109.19250645530497,0.9968128997388997,B,True,-1,True,True,4.322396973676102,eligible
C2,42,fit,48:60,116,10.972914960092337,191.92367304242242,109.66507684436772,0.9968128997388997,B,True,-1,True,True,4.435039629243459,eligible
C2,42,fit,48:60,117,10.9794958601294,192.80134791643147,110.13764723343046,0.9968128997388997,B,True,-1,True,True,4.758498643694897,eligible
C2,42,fit,48:60,118,10.986083060699631,193.67902279044068,110.61021762249315,0.9968128997388997,B,True,-1,True,True,4.6999262603458885,eligible
C2,42,fit,48:60,119,10.992676570855526,194.5566976644498,111.08278801155596,0.9968128997388997,B,True,-1,True,True,4.677740128503594,eligible
C2,42,fit,48:60,120,10.999276399666936,195.4343725384588,111.55535840061856,0.9968128997388997,B,True,-1,True,True,4.670360106676654,eligible
C2,42,fit,48:60,121,11.005882556221104,196.3120474124681,112.0279287896813,0.9968128997388997,B,True,-1,True,True,4.595967029618809,eligible
C2,42,fit,48:60,122,11.012495049622705,197.18972228647712,112.50049917874406,0.9968128997388997,B,True,-1,True,True,4.654132224101845,eligible
C2,42,fit,48:60,123,11.01911388899389,198.0673971604864,112.97306956780679,0.9968128997388997,B,True,-1,True,True,4.526621226136665,eligible
C2,42,fit,48:60,124,11.025739083474328,198.9450720344956,113.44563995686947,0.9968128997388997,B,True,-1,True,True,4.615942439477659,eligible
C2,42,fit,48:60,125,11.032370642221242,199.82274690850454,113.91821034593215,0.9968128997388997,B,True,-1,True,True,4.470281095470193,eligible
C2,42,fit,48:60,126,11.039008574409467,200.70042178251398,114.390780734995,0.9968128997388997,B,True,-1,True,True,4.507631474106907,eligible
C2,42,fit,48:60,127,11.045652889231471,201.57809665652314,114.8633511240577,0.9968128997388997,B,True,-1,True,True,4.427443165097008,eligible
C2,42,fit,48:60,128,11.052303595897417,202.45577153053213,115.33592151312043,0.9968128997388997,B,True,-1,True,True,4.410927903308537,eligible
C2,42,fit,48:60,129,11.058960703635192,203.33344640454138,115.80849190218312,0.9968128997388997,B,True,-1,True,True,4.398501954967031,eligible
C2,42,fit,48:60,130,11.065624221690456,204.2111212785507,116.281062291246,0.9968128997388997,B,True,-1,True,True,4.326610103770866,eligible
C2,42,fit,48:60,131,11.072294159326683,205.08879615255967,116.75363268030877,0.9968128997388997,B,True,-1,True,True,4.383732710324663,eligible
C2,42,fit,48:60,132,11.078970525825204,205.96647102656888,117.22620306937134,0.9968128997388997,B,True,-1,True,True,4.255414383107383,eligible
C2,42,fit,48:60,133,11.085653330485252,206.84414590057793,117.69877345843406,0.9968128997388997,B,True,-1,True,True,4.357437616594601,eligible
C2,42,fit,48:60,134,11.092342582624003,207.72182077458706,118.1713438474968,0.9968128997388997,B,True,-1,True,True,4.198008422323636,eligible
C2,42,fit,48:60,135,11.099038291576617,208.59949564859613,118.64391423655955,0.9968128997388997,B,True,-1,True,True,4.245078241756903,eligible
C2,42,fit,48:60,136,11.10574046669629,209.4771705226053,119.11648462562212,0.9968128997388997,B,True,-1,True,True,4.154963828468708,eligible
C2,42,fit,48:60,137,11.112449117354288,210.35484539661462,119.589055014685,0.9968128997388997,B,True,-1,True,True,4.144857360006808,eligible
C2,42,fit,48:60,138,11.11916425293999,211.2325202706236,120.06162540374777,0.9968128997388997,B,True,-1,True,True,4.126730022415208,eligible
C2,42,fit,48:60,139,11.125885882860947,212.1101951446327,120.53419579281044,0.9968128997388997,B,True,-1,True,True,4.057674500376336,eligible
C2,42,fit,48:60,140,11.132614016542908,212.98787001864173,121.00676618187315,0.9968128997388997,B,True,-1,True,True,4.229280782624439,eligible
C2,42,fit,48:60,141,11.139348663429873,213.86554489265126,121.47933657093593,0.9968128997388997,B,True,-1,True,True,4.522662491803859,eligible
C2,42,fit,48:60,142,11.146089832984133,214.7432197666603,121.95190695999855,0.9968128997388997,B,True,-1,True,True,4.115754230036428,eligible
C2,42,fit,48:60,143,11.15283753468632,215.62089464066935,122.42447734906128,0.9968128997388997,B,True,-1,True,True,3.9257689264049263,eligible
C2,42,fit,48:60,144,11.159591778035448,216.49856951467848,122.89704773812409,0.9968128997388997,B,True,-1,True,True,3.983862743514327,eligible
C2,42,fit,48:60,145,11.16635257254896,217.37624438868772,123.36961812718677,0.9968128997388997,B,True,-1,True,True,4.279945673600284,eligible
C2,42,fit,48:60,146,11.17311992776276,218.2539192626967,123.84218851624952,0.9968128997388997,B,True,-1,True,True,4.1655577449335395,eligible
C2,42,fit,48:60,147,11.179893853231285,219.13159413670613,124.31475890531225,0.9968128997388997,B,True,-1,True,True,3.855062543747258,eligible
C2,42,fit,48:60,148,11.186674358527517,220.0092690107151,124.7873292943749,0.9968128997388997,B,True,-1,True,True,3.789249928442523,eligible
C2,42,fit,48:60,149,11.193461453243057,220.88694388472425,125.2598996834376,0.9968128997388997,B,True,-1,True,True,3.9802757113511764,eligible
C2,42,fit,48:60,150,11.200255146988148,221.76461875873343,125.73247007250042,0.9968128997388997,B,True,-1,True,True,4.280171574627144,eligible
C2,42,fit,48:60,151,11.207055449391737,222.64229363274265,126.20504046156312,0.9968128997388997,B,True,-1,True,True,4.1350751232015295,eligible
C2,42,fit,48:60,152,11.213862370101511,223.5199685067519,126.67761085062597,0.9968128997388997,B,True,-1,True,True,4.169953349247408,eligible
C2,42,fit,48:60,153,11.220675918783943,224.3976433807609,127.15018123968862,0.9968128997388997,B,True,-1,True,True,4.095669848392352,eligible
C2,42,fit,48:60,154,11.227496105124343,225.27531825476999,127.62275162875122,0.9968128997388997,B,True,-1,True,True,4.07220821196462,eligible
C2,42,fit,48:60,155,11.234322938826901,226.15299312877926,128.0953220178141,0.9968128997388997,B,True,-1,True,True,4.071351532302196,eligible
C2,42,fit,48:60,156,11.24115642961473,227.03066800278847,128.56789240687678,0.9968128997388997,B,True,-1,True,True,3.987853441178975,eligible
C2,42,fit,48:60,157,11.247996587229915,227.90834287679738,129.0404627959396,0.9968128997388997,B,True,-1,True,True,4.149375706203977,eligible
C2,42,fit,48:60,158,11.254843421433563,228.78601775080668,129.51303318500234,0.9968128997388997,B,True,-1,True,True,4.463275980342781,eligible
C2,42,fit,48:60,159,11.261696942005843,229.66369262481587,129.985603574065,0.9968128997388997,B,True,-1,True,True,4.345486372597011,eligible
C2,42,fit,48:60,160,11.268557158746033,230.54136749882485,130.45817396312773,0.9968128997388997,B,True,-1,True,True,4.359252279869748,eligible
C2,42,fit,48:60,161,11.275424081472575,231.41904237283413,130.9307443521905,0.9968128997388997,B,True,-1,True,True,4.309584989662964,eligible
C2,42,fit,48:60,162,11.28229772002311,232.29671724684312,131.40331474125315,0.9968128997388997,B,True,-1,True,True,4.2674412664304455,eligible
C2,42,fit,48:60,163,11.289178084254534,233.1743921208525,131.87588513031605,0.9968128997388997,B,True,-1,True,True,4.453858894925928,eligible
C2,42,fit,48:60,164,11.296065184043039,234.05206699486158,132.34845551937863,0.9968128997388997,B,True,-1,True,True,4.759084999774615,eligible
C2,42,fit,48:60,165,11.302959029284168,234.9297418688707,132.82102590844138,0.9968128997388997,B,True,-1,True,True,4.603012941366856,eligible
C2,42,fit,48:60,166,11.309859629892852,235.80741674287995,133.29359629750414,0.9968128997388997,B,True,-1,True,True,4.649625487507323,eligible
C2,42,fit,48:60,167,11.316766995803466,236.6850916168889,133.76616668656683,0.9968128997388997,B,True,-1,True,True,4.556849600683102,eligible
C2,42,fit,48:60,168,11.323681136969876,237.56276649089816,134.23873707562944,0.9968128997388997,B,True,-1,True,True,4.551359233582314,eligible
C2,42,fit,48:60,169,11.330602063365479,238.44044136490712,134.71130746469217,0.9968128997388997,B,True,-1,True,True,4.524130301852566,eligible
C2,42,fit,48:60,170,11.33752978498326,239.31811623891625,135.1838778537549,0.9968128997388997,B,True,-1,True,True,4.465025322681783,eligible
C2,42,fit,48:60,171,11.34446431183584,240.19579111292575,135.65644824281773,0.9968128997388997,B,True,-1,True,True,4.505147972383745,eligible
C2,42,fit,48:60,172,11.35140565395551,241.07346598693468,136.12901863188054,0.9968128997388997,B,True,-1,True,True,4.391327584148443,eligible
C2,42,fit,48:60,173,11.358353821394301,241.95114086094375,136.60158902094307,0.9968128997388997,B,True,-1,True,True,4.500076452466713,eligible
C2,42,fit,48:60,174,11.36530882422402,242.8288157349532,137.0741594100059,0.9968128997388997,B,True,-1,True,True,4.330911143218894,eligible
C2,42,fit,48:60,175,11.372270672536292,243.70649060896204,137.54672979906857,0.9968128997388997,B,True,-1,True,True,4.387501167753771,eligible
C2,42,fit,48:60,176,11.379239376442628,244.5841654829712,138.01930018813124,0.9968128997388997,B,True,-1,True,True,4.284337903299571,eligible
C2,42,fit,48:60,177,11.38621494607446,245.4618403569805,138.49187057719413,0.9968128997388997,B,True,-1,True,True,4.285747308278231,eligible
C2,42,fit,48:60,178,11.39319739158319,246.33951523098958,138.96444096625686,0.9968128997388997,B,True,-1,True,True,4.512979129726943,eligible
C2,42,fit,48:60,179,11.40018672314024,247.21719010499865,139.43701135531944,0.9968128997388997,B,True,-1,True,True,4.568154650752648,eligible
C2,42,fit,48:60,180,11.407182950937116,248.0948649790079,139.9095817443822,0.9968128997388997,B,True,-1,True,True,4.23441268987204,eligible
C2,42,fit,48:60,181,11.414186085185435,248.97253985301705,140.38215213344483,0.9968128997388997,B,True,-1,True,True,4.120647601685724,eligible
C2,42,fit,48:60,182,11.421196136116986,249.8502147270262,140.85472252250776,0.9968128997388997,B,True,-1,True,True,4.231570683263688,eligible
C2,42,fit,48:60,183,11.428213113983782,250.72788960103534,141.32729291157045,0.9968128997388997,B,True,-1,True,True,4.058864352348661,eligible
C2,42,fit,48:60,184,11.435237029058106,251.60556447504442,141.79986330063306,0.9968128997388997,B,True,-1,True,True,4.126722807294985,eligible
C2,42,fit,48:60,185,11.442267891632563,252.48323934905366,142.27243368969576,0.9968128997388997,B,True,-1,True,True,4.424090227369065,eligible
C2,42,fit,48:60,186,11.449305712020125,253.3609142230628,142.74500407875863,0.9968128997388997,B,True,-1,True,True,4.467334531050404,eligible
C2,42,fit,48:60,187,11.456350500554192,254.23858909707198,143.2175744678213,0.9968128997388997,B,True,-1,True,True,4.395227417552693,eligible
C2,42,fit,48:60,188,11.463402267588632,255.11626397108114,143.69014485688413,0.9968128997388997,B,True,-1,True,True,4.452066554733446,eligible
C2,42,fit,48:60,189,11.470461023497837,255.99393884509016,144.16271524594674,0.9968128997388997,B,True,-1,True,True,4.3244128389469285,eligible
C2,42,fit,48:60,190,11.477526778676774,256.8716137190994,144.63528563500952,0.9968128997388997,B,True,-1,True,True,4.423513095910665,eligible
C2,42,fit,48:60,191,11.484599543541034,257.74928859310836,145.10785602407216,0.9968128997388997,B,True,-1,True,True,4.735151711604196,eligible
C2,42,fit,48:60,192,11.491679328526885,258.62696346711766,145.58042641313497,0.9968128997388997,B,True,-1,True,True,4.709526601798797,eligible
C2,42,fit,48:60,193,11.49876614409132,259.5046383411266,146.05299680219773,0.9968128997388997,B,True,-1,True,True,4.674617360095144,eligible
C2,42,fit,48:60,194,11.505860000712115,260.38231321513604,146.5255671912604,0.9968128997388997,B,True,-1,True,True,4.683090729920266,eligible
C2,42,fit,48:60,195,11.512960908887871,261.2599880891451,146.9981375803231,0.9968128997388997,B,True,-1,True,True,4.595916555933115,eligible
C2,42,fit,48:60,196,11.52006887913808,262.1376629631544,147.47070796938598,0.9968128997388997,B,True,-1,True,True,4.669985365749759,eligible
C2,42,fit,48:60,197,11.527183922003157,263.0153378371634,147.9432783584486,0.9968128997388997,B,True,-1,True,True,4.529743599248622,eligible
C2,42,fit,48:60,198,11.534306048044513,263.8930127111726,148.4158487475113,0.9968128997388997,B,True,-1,True,True,4.606046324964906,eligible
C2,42,fit,48:60,199,11.541435267844594,264.77068758518175,148.88841913657402,0.9968128997388997,B,True,-1,True,True,4.476654076518258,eligible
C2,42,fit,48:60,200,11.548571592006937,265.6483624591908,149.36098952563677,0.9968128997388997,B,True,-1,True,True,4.50069116334109,eligible
C2,42,fit,48:60,201,11.555715031156222,266.5260373332,149.83355991469952,0.9968128997388997,B,True,-1,True,True,4.437117637241418,eligible
C2,42,fit,48:60,202,11.562865595938327,267.4037122072091,150.3061303037622,0.9968128997388997,B,True,-1,True,True,4.407097197461156,eligible
C2,42,fit,48:60,203,11.570023297020379,268.2813870812182,150.77870069282488,0.9968128997388997,B,True,-1,True,True,4.4114986900904825,eligible
C2,42,fit,48:60,204,11.577188145090807,269.1590619552275,151.2512710818877,0.9968128997388997,B,True,-1,True,True,4.326027857978069,eligible
C2,42,fit,48:60,205,11.584360150859393,270.0367368292366,151.72384147095036,0.9968128997388997,B,True,-1,True,True,4.40004034284454,eligible
C2,42,fit,48:60,206,11.591539325057333,270.9144117032457,152.19641186001311,0.9968128997388997,B,True,-1,True,True,4.258198551990392,eligible
C2,42,fit,48:60,207,11.598725678437283,271.79208657725496,152.66898224907587,0.9968128997388997,B,True,-1,True,True,4.3464268902006165,eligible
C2,42,fit,48:60,208,11.605919221773412,272.66976145126404,153.14155263813856,0.9968128997388997,B,True,-1,True,True,4.2042501529265435,eligible
C2,42,fit,48:60,209,11.613119965861465,273.5474363252731,153.61412302720126,0.9968128997388997,B,True,-1,True,True,4.2371682414378755,eligible
C2,42,fit,48:60,210,11.620327921518806,274.4251111992824,154.08669341626407,0.9968128997388997,B,True,-1,True,True,4.496525545161389,eligible
C2,42,fit,48:60,211,11.627543099584479,275.30278607329143,154.5592638053267,0.9968128997388997,B,True,-1,True,True,4.6278925553045775,eligible
C2,42,fit,48:60,212,11.634765510919259,276.1804609473005,155.03183419438938,0.9968128997388997,B,True,-1,True,True,4.527775370258558,eligible
C2,42,fit,48:60,213,11.641995166405712,277.0581358213098,155.50440458345219,0.9968128997388997,B,True,-1,True,True,4.495971299174972,eligible
C2,42,fit,48:60,214,11.649232076948241,277.935810695319,155.97697497251488,0.9968128997388997,B,True,-1,True,True,4.130432426422814,eligible
C2,42,fit,48:60,215,11.656476253473146,278.8134855693279,156.44954536157763,0.9968128997388997,B,True,-1,True,True,3.986785428093091,eligible
C2,42,fit,48:60,216,11.663727706928682,279.6911604433372,156.9221157506404,0.9968128997388997,B,True,-1,True,True,4.088485781342384,eligible
C2,42,fit,48:60,217,11.670986448285108,280.5688353173463,157.39468613970314,0.9968128997388997,B,True,-1,True,True,4.4186248803211825,eligible
C2,42,fit,48:60,218,11.678252488534744,281.4465101913556,157.8672565287658,0.9968128997388997,B,True,-1,True,True,4.378579716383446,eligible
C2,42,fit,48:60,219,11.685525838692028,282.3241850653646,158.33982691782856,0.9968128997388997,B,True,-1,True,True,4.335747133945449,eligible
C2,42,fit,48:60,220,11.692806509793574,283.2018599393739,158.81239730689134,0.9968128997388997,B,True,-1,True,True,4.518043603207138,eligible
C2,42,fit,48:60,221,11.700094512898218,284.07953481338296,159.28496769595407,0.9968128997388997,B,True,-1,True,True,4.82545331413977,eligible
C2,42,fit,48:60,222,11.707389859087089,284.9572096873921,159.75753808501673,0.9968128997388997,B,True,-1,True,True,4.672167897294033,eligible
C2,42,fit,48:60,223,11.714692559463652,285.8348845614012,160.23010847407943,0.9968128997388997,B,True,-1,True,True,4.716847739081551,eligible
C2,42,fit,48:60,224,11.722002625153769,286.7125594354104,160.70267886314207,0.9968128997388997,B,True,-1,True,True,4.625994895489961,eligible
C2,42,fit,48:60,225,11.729320067305759,287.59023430941954,161.17524925220488,0.9968128997388997,B,True,-1,True,True,4.619310777643509,eligible
C2,42,fit,48:60,226,11.73664489709045,288.46790918342873,161.64781964126763,0.9968128997388997,B,True,-1,True,True,4.3772608876868135,eligible
C2,42,fit,48:60,227,11.743977125701237,289.3455840574379,162.12039003033036,0.9968128997388997,B,True,-1,True,True,4.106332910565239,eligible
C2,42,fit,48:60,228,11.751316764354138,290.22325893144705,162.59296041939314,0.9968128997388997,B,True,-1,True,True,4.068267319152081,eligible
C2,42,fit,48:60,229,11.758663824287856,291.10093380545624,163.06553080845592,0.9968128997388997,B,True,-1,True,True,4.269297354593923,eligible
C2,42,fit,48:60,230,11.76601831676383,291.9786086794653,163.53810119751859,0.9968128997388997,B,True,-1,True,True,4.566930367764362,eligible
C2,42,fit,48:60,231,11.773380253066296,292.85628355347444,164.0106715865813,0.9968128997388997,B,True,-1,True,True,4.400060206520972,eligible
C2,42,fit,48:60,232,11.780749644502349,293.73395842748374,164.48324197564406,0.9968128997388997,B,True,-1,True,True,4.4544489765942155,eligible
C2,42,fit,48:60,233,11.788126502401985,294.6116333014929,164.95581236470682,0.9968128997388997,B,True,-1,True,True,4.353483148920999,eligible
C2,42,fit,48:60,234,11.79551083811818,295.48930817550183,165.42838275376948,0.9968128997388997,B,True,-1,True,True,4.353516388643957,eligible
C2,42,fit,48:60,235,11.802902663026936,296.36698304951113,165.9009531428322,0.9968128997388997,B,True,-1,True,True,4.320975329125117,eligible
C2,42,fit,48:60,236,11.81030198852734,297.24465792352026,166.37352353189496,0.9968128997388997,B,True,-1,True,True,4.264952610210565,eligible
C2,42,fit,48:60,237,11.817708826041626,298.12233279752934,166.84609392095763,0.9968128997388997,B,True,-1,True,True,4.438027225462662,eligible
C2,42,fit,48:60,238,11.825123187015231,299.0000076715384,167.3186643100204,0.9968128997388997,B,True,-1,True,True,4.748923929861041,eligible
C2,42,fit,48:60,239,11.832545082916857,299.87768254554766,167.79123469908313,0.9968128997388997,B,True,-1,True,True,4.608622039184398,eligible
C2,42,fit,48:60,240,11.839974525238524,300.75535741955673,168.2638050881457,0.9968128997388997,B,True,-1,True,True,4.642321286691861,eligible
C2,42,fit,48:60,241,11.847411525495641,301.633032293566,168.73637547720853,0.9968128997388997,B,True,-1,True,True,4.565664085670142,eligible
C2,42,fit,48:60,242,11.85485609522705,302.51070716757505,169.20894586627128,0.9968128997388997,B,True,-1,True,True,4.547058601576887,eligible
C2,42,fit,48:60,243,11.862308245995097,303.3883820415843,169.68151625533403,0.9968128997388997,B,True,-1,True,True,4.536177525884319,eligible
C2,42,fit,48:60,244,11.86976798938569,304.26605691559337,170.15408664439687,0.9968128997388997,B,True,-1,True,True,4.463861947183745,eligible
C2,42,fit,48:60,245,11.877235337008358,305.14373178960267,170.62665703345948,0.9968128997388997,B,True,-1,True,True,4.520425987618551,eligible
C2,42,fit,48:60,246,11.884710300496305,306.02140666361174,171.09922742252218,0.9968128997388997,B,True,-1,True,True,4.3934168480690445,eligible
C2,42,fit,48:60,247,11.892192891506486,306.89908153762093,171.57179781158487,0.9968128997388997,B,True,-1,True,True,4.489681949362205,eligible
C2,42,fit,48:60,248,11.899683121719649,307.7767564116301,172.04436820064763,0.9968128997388997,B,True,-1,True,True,4.79579485863732,eligible
C2,42,fit,48:60,249,11.907181002840408,308.65443128563913,172.51693858971046,0.9968128997388997,B,True,-1,True,True,4.778596288381011,eligible
C2,42,fit,48:60,250,11.914686546597302,309.53210615964827,172.9895089787731,0.9968128997388997,B,True,-1,True,True,4.742952649465336,eligible
C2,42,fit,48:60,251,11.922199764742853,310.4097810336573,173.46207936783577,0.9968128997388997,B,True,-1,True,True,4.751863447815141,eligible
C2,42,fit,48:60,252,11.929720669053632,311.2874559076667,173.93464975689864,0.9968128997388997,B,True,-1,True,True,4.664710830116223,eligible
C2,42,fit,48:60,253,11.93724927133031,312.1651307816758,174.40722014596125,0.9968128997388997,B,True,-1,True,True,4.595747486831831,eligible
C2,42,fit,48:60,254,11.944785583397737,313.0428056556849,174.87979053502397,0.9968128997388997,B,True,-1,True,True,4.250125841761213,eligible
C2,42,fit,48:60,255,11.952329617104988,313.9204805296942,175.35236092408684,0.9968128997388997,B,True,-1,True,True,4.1223192856768325,eligible
C2,42,fit,48:60,256,11.959881384325433,314.79815540370316,175.82493131314956,0.9968128997388997,B,True,-1,True,True,4.232107610811824,eligible
C2,42,fit,48:60,257,11.967440896956798,315.67583027771224,176.29750170221214,0.9968128997388997,B,True,-1,True,True,4.064099010213584,eligible
C2,42,fit,48:60,258,11.97500816692123,316.55350515172154,176.7700720912749,0.9968128997388997,B,True,-1,True,True,4.117380581805591,eligible
C2,42,fit,48:60,259,11.98258320616535,317.4311800257306,177.24264248033768,0.9968128997388997,B,True,-1,True,True,4.4018197214573735,eligible
C2,42,fit,48:60,260,11.990166026660328,318.3088548997397,177.71521286940032,0.9968128997388997,B,True,-1,True,True,4.480234581260811,eligible
C2,42,fit,48:60,261,11.997756640401938,319.1865297737489,178.18778325846307,0.9968128997388997,B,True,-1,True,True,4.394759258019117,eligible
C2,42,fit,48:60,262,12.005355059410629,320.0642046477582,178.6603536475259,0.9968128997388997,B,True,-1,True,True,4.532393173913346,eligible
C2,42,fit,48:60,263,12.012961295731575,320.9418795217672,179.13292403658866,0.9968128997388997,B,True,-1,True,True,4.858902306837099,eligible
C2,42,fit,48:60,264,12.020575361434755,321.8195543957765,179.6054944256512,0.9968128997388997,B,True,-1,True,True,4.756307122355782,eligible
C2,42,fit,48:60,265,12.028197268615004,322.6972292697857,180.0780648147141,0.9968128997388997,B,True,-1,True,True,4.759897197563415,eligible
C2,42,fit,48:60,266,12.035827029392085,323.57490414379464,180.5506352037767,0.9968128997388997,B,True,-1,True,True,4.719869717694843,eligible
C2,42,fit,48:60,267,12.043464655910748,324.4525790178038,181.02320559283947,0.9968128997388997,B,True,-1,True,True,4.672262577744837,eligible
C2,42,fit,48:60,268,12.051110160340798,325.3302538918129,181.49577598190209,0.9968128997388997,B,True,-1,True,True,4.696552929744697,eligible
C2,42,fit,48:60,269,12.05876355487716,326.20792876582226,181.96834637096498,0.9968128997388997,B,True,-1,True,True,4.596648824900228,eligible
C2,42,fit,48:60,270,12.066424851739937,327.0856036398314,182.44091676002768,0.9968128997388997,B,True,-1,True,True,4.68655259778568,eligible
C2,42,fit,48:60,271,12.074094063174485,327.96327851384063,182.91348714909046,0.9968128997388997,B,True,-1,True,True,4.533657442237683,eligible
C2,42,fit,48:60,272,12.08177120145147,328.8409533878496,183.3860575381531,0.9968128997388997,B,True,-1,True,True,4.596911601224691,eligible
C2,42,fit,48:60,273,12.08945627886694,329.7186282618589,183.85862792721596,0.9968128997388997,B,True,-1,True,True,4.483820441063143,eligible
C2,42,fit,48:60,274,12.097149307742386,330.59630313586786,184.33119831627855,0.9968128997388997,B,True,-1,True,True,4.494540662603315,eligible
C2,42,fit,48:60,275,12.10485030042481,331.47397800987704,184.8037687053413,0.9968128997388997,B,True,-1,True,True,4.447580044459474,eligible
C2,42,fit,48:60,276,12.11255926928679,332.3516528838863,185.2763390944041,0.9968128997388997,B,True,-1,True,True,4.404080133938745,eligible
C2,42,fit,48:60,277,12.120276226726544,333.2293277578955,185.74890948346678,0.9968128997388997,B,True,-1,True,True,4.425270309946166,eligible
C2,42,fit,48:60,278,12.128001185168003,334.1070026319044,186.22147987252936,0.9968128997388997,B,True,-1,True,True,4.326277203850066,eligible
C2,42,fit,48:60,279,12.135734157060874,334.9846775059135,186.6940502615922,0.9968128997388997,B,True,-1,True,True,4.453942465634769,eligible
C2,42,fit,48:60,280,12.143475154880704,335.86235237992275,187.16662065065492,0.9968128997388997,B,True,-1,True,True,4.784125665451814,eligible
C2,42,fit,48:60,281,12.151224191128952,336.740027253932,187.63919103971776,0.9968128997388997,B,True,-1,True,True,4.423154431470828,eligible
C2,42,fit,48:60,282,12.158981278333052,337.6177021279411,188.11176142878037,0.9968128997388997,B,True,-1,True,True,4.211337004024393,eligible
C2,42,fit,48:60,283,12.166746429046482,338.49537700195026,188.584331817843,0.9968128997388997,B,True,-1,True,True,4.230094031160763,eligible
C2,42,fit,48:60,284,12.174519655848837,339.3730518759593,189.05690220690576,0.9968128997388997,B,True,-1,True,True,4.17531934826307,eligible
C2,42,fit,48:60,285,12.182300971345889,340.2507267499687,189.52947259596863,0.9968128997388997,B,True,-1,True,True,4.136463630343843,eligible
C2,42,fit,48:60,286,12.190090388169656,341.12840162397765,190.00204298503132,0.9968128997388997,B,True,-1,True,True,4.332971611320101,eligible
C2,42,fit,48:60,287,12.197887918978477,342.0060764979868,190.47461337409402,0.9968128997388997,B,True,-1,True,True,4.633017027150368,eligible
C2,42,fit,48:60,288,12.205693576457076,342.883751371996,190.94718376315677,0.9968128997388997,B,True,-1,True,True,4.939960697760122,eligible
C2,42,fit,48:60,289,12.213507373316627,343.76142624600516,191.41975415221935,0.9968128997388997,B,True,-1,True,True,4.64310477527886,eligible
C2,42,fit,48:60,290,12.221329322294832,344.63910112001423,191.89232454128205,0.9968128997388997,B,True,-1,True,True,4.422629326066749,eligible
C2,42,fit,48:60,291,12.229159436155982,345.5167759940234,192.36489493034495,0.9968128997388997,B,True,-1,True,True,4.421329016429839,eligible
C2,42,fit,48:60,292,12.236997727691032,346.39445086803266,192.83746531940756,0.9968128997388997,B,True,-1,True,True,4.639388138692175,eligible
C2,42,fit,48:60,293,12.244844209717666,347.27212574204174,193.31003570847037,0.9968128997388997,B,True,-1,True,True,4.859430929583041,eligible
C2,42,fit,48:60,294,12.252698895080371,348.1498006160509,193.78260609753312,0.9968128997388997,B,True,-1,True,True,4.733714610888342,eligible
C2,42,fit,48:60,295,12.260561796650503,349.0274754900599,194.25517648659581,0.9968128997388997,B,True,-1,True,True,4.8155281111689305,eligible
C2,42,fit,48:60,296,12.268432927326366,349.90515036406913,194.7277468756586,0.9968128997388997,B,True,-1,True,True,4.6777927132524395,eligible
C2,42,fit,48:60,297,12.276312300033268,350.7828252380784,195.20031726472124,0.9968128997388997,B,True,-1,True,True,4.709745767497591,eligible
C2,42,fit,48:60,298,12.284199927723606,351.66050011208756,195.67288765378407,0.9968128997388997,B,True,-1,True,True,4.946608700406319,eligible
C2,42,fit,48:60,299,12.292095823376924,352.5381749860965,196.14545804284668,0.9968128997388997,B,True,-1,True,True,5.092402173985768,eligible
C2,42,fit,48:60,300,12.3,353.4158498601058,196.6180284319095,0.4984064498694499,B,True,-1,True,True,5.003799093701394,eligible
C2,44,nonblind_diagnostic,42:54,0,9.50178131664433,7.907098709121784e-15,981.7423952989546,0.4968207496510484,U,True,-1,False,True,19.933392320918013,excluded_contour_domain
C2,44,nonblind_diagnostic,42:54,1,9.507801573179162,0.989178336875148,981.6483227365793,0.9936414993020968,U,True,-1,False,True,19.645245704060127,excluded_contour_domain
C2,44,nonblind_diagnostic,42:54,2,9.513827915747418,1.9783566737507712,981.554250174204,0.9936414993020968,U,True,-1,False,True,19.403759300311282,excluded_contour_domain
C2,44,nonblind_diagnostic,42:54,3,9.519860353582555,2.967535010625738,981.4601776118286,0.9936414993020968,U,True,-1,False,True,19.210692805159805,excluded_contour_domain
C2,44,nonblind_diagnostic,42:54,4,9.525898895936724,3.956713347501336,981.3661050494533,0.9936414993020968,F,True,-1,False,True,19.06751709012699,excluded_contour_domain
C2,44,nonblind_diagnostic,42:54,5,9.531943552080806,4.9458916843764085,981.272032487078,0.9936414993020968,F,True,-1,False,True,18.975361518785924,excluded_contour_domain
C2,44,nonblind_diagnostic,42:54,6,9.537994331304468,5.935070021252005,981.1779599247026,0.9936414993020968,F,True,-1,False,True,18.82574004103487,excluded_contour_domain
C2,44,nonblind_diagnostic,42:54,7,9.544051242916204,6.924248358127242,981.0838873623271,0.9936414993020968,F,True,-1,False,True,18.621233760837544,excluded_contour_domain
C2,44,nonblind_diagnostic,42:54,8,9.550114296243388,7.913426695002529,980.9898147999519,0.9936414993020968,F,True,-1,True,True,18.467995351882404,eligible
C2,44,nonblind_diagnostic,42:54,9,9.556183500632319,8.90260503187801,980.8957422375765,0.9936414993020968,F,True,-1,True,True,18.367308042193265,eligible
C2,44,nonblind_diagnostic,42:54,10,9.562258865448268,9.891783368753341,980.8016696752011,0.9936414993020968,F,True,-1,True,True,18.32003831804838,eligible
C2,44,nonblind_diagnostic,42:54,11,9.568340400075527,10.880961705628666,980.7075971128257,0.9936414993020968,F,True,-1,True,True,18.32659952339688,eligible
C2,44,nonblind_diagnostic,42:54,12,9.574428113917463,11.870140042503786,980.6135245504505,0.9936414993020968,F,True,-1,True,True,18.38693403113872,eligible
C2,44,nonblind_diagnostic,42:54,13,9.580522016396559,12.859318379379234,980.519451988075,0.9936414993020968,F,True,-1,True,True,18.481083467682403,eligible
C2,44,nonblind_diagnostic,42:54,14,9.586622116954462,13.84849671625475,980.4253794256995,0.9936414993020968,F,True,-1,True,True,18.575238429807946,eligible
C2,44,nonblind_diagnostic,42:54,15,9.592728425052037,14.83767505313001,980.3313068633245,0.9936414993020968,F,True,-1,True,True,18.669398833913544,eligible
C2,44,nonblind_diagnostic,42:54,16,9.598840950169416,15.826853390005203,980.2372343009489,0.9936414993020968,F,True,-1,True,True,18.76356459807254,eligible
C2,44,nonblind_diagnostic,42:54,17,9.604959701806044,16.816031726880652,980.1431617385736,0.9936414993020968,F,True,-1,True,True,18.857735641988167,eligible
C2,44,nonblind_diagnostic,42:54,18,9.611084689480725,17.805210063756125,980.0490891761983,0.9936414993020968,F,True,-1,True,True,18.951911886956037,eligible
C2,44,nonblind_diagnostic,42:54,19,9.61721592273168,18.7943884006311,979.9550166138229,0.9936414993020968,F,True,-1,True,True,19.04609325582436,eligible
C2,44,nonblind_diagnostic,42:54,20,9.62335341111659,19.78356673750656,979.8609440514475,0.9936414993020968,F,True,-1,True,True,19.140279672955035,eligible
C2,44,nonblind_diagnostic,42:54,21,9.62949716421265,20.772745074381973,979.7668714890721,0.9936414993020968,F,True,-1,True,True,18.96763478542887,eligible
C2,44,nonblind_diagnostic,42:54,22,9.635647191616611,21.76192341125731,979.6727989266968,0.9936414993020968,F,True,-1,True,True,18.810837098686857,eligible
C2,44,nonblind_diagnostic,42:54,23,9.641803502944843,22.751101748132772,979.5787263643214,0.9936414993020968,F,True,-1,True,True,18.705578371478776,eligible
C2,44,nonblind_diagnostic,42:54,24,9.64796610783337,23.740280085008127,979.484653801946,0.9936414993020968,F,True,-1,True,True,18.652731138575998,eligible
C2,44,nonblind_diagnostic,42:54,25,9.65413501593793,24.729458421883173,979.3905812395709,0.9936414993020968,F,True,-1,True,True,18.652740884458076,eligible
C2,44,nonblind_diagnostic,42:54,26,9.66031023693403,25.718636758758795,979.2965086771952,0.9936414993020968,F,True,-1,True,True,18.70560752650807,eligible
C2,44,nonblind_diagnostic,42:54,27,9.66649178051698,26.70781509563399,979.2024361148202,0.9936414993020968,F,True,-1,True,True,18.7998345746912,eligible
C2,44,nonblind_diagnostic,42:54,28,9.672679656401957,27.69699343250907,979.1083635524446,0.9936414993020968,F,True,-1,True,True,18.894066281416094,eligible
C2,44,nonblind_diagnostic,42:54,29,9.678873874324058,28.686171769384746,979.0142909900693,0.9936414993020968,F,True,-1,True,True,18.988302577326255,eligible
C2,44,nonblind_diagnostic,42:54,30,9.685074444038335,29.67535010625991,978.9202184276938,0.9936414993020968,F,True,-1,True,True,19.082543394433017,eligible
C2,44,nonblind_diagnostic,42:54,31,9.691281375319864,30.66452844313511,978.8261458653186,0.9936414993020968,F,True,-1,True,True,19.176788666080252,eligible
C2,44,nonblind_diagnostic,42:54,32,9.697494677963789,31.653706780010662,978.7320733029433,0.9936414993020968,F,True,-1,True,True,19.271038326913324,eligible
C2,44,nonblind_diagnostic,42:54,33,9.703714361785371,32.64288511688594,978.638000740568,0.9936414993020968,F,True,-1,True,True,19.365292312846343,eligible
C2,44,nonblind_diagnostic,42:54,34,9.709940436620043,33.63206345376125,978.5439281781926,0.9936414993020968,F,True,-1,True,True,19.459550561032675,eligible
C2,44,nonblind_diagnostic,42:54,35,9.716172912323461,34.62124179063661,978.4498556158171,0.9936414993020968,F,True,-1,True,True,19.553813009834112,eligible
C2,44,nonblind_diagnostic,42:54,36,9.722411798771557,35.610420127511716,978.3557830534419,0.9936414993020968,F,True,-1,True,True,19.648079598792577,eligible
C2,44,nonblind_diagnostic,42:54,37,9.728657105860592,36.599598464387455,978.2617104910662,0.9936414993020968,F,True,-1,True,True,19.500969987835603,eligible
C2,44,nonblind_diagnostic,42:54,38,9.734908843507199,37.58877680126277,978.167637928691,0.9936414993020968,F,True,-1,True,True,19.342097903122006,eligible
C2,44,nonblind_diagnostic,42:54,39,9.741167021648451,38.5779551381379,978.0735653663158,0.9936414993020968,F,True,-1,True,True,19.23331274065172,eligible
C2,44,nonblind_diagnostic,42:54,40,9.747431650241905,39.56713347501322,977.9794928039405,0.9936414993020968,F,True,-1,True,True,19.17546697016144,eligible
C2,44,nonblind_diagnostic,42:54,41,9.753702739265654,40.55631181188861,977.8854202415652,0.9936414993020968,F,True,-1,True,True,19.169021751932448,eligible
C2,44,nonblind_diagnostic,42:54,42,9.759980298718379,41.54549014876419,977.7913476791896,0.9936414993020968,F,True,-1,True,True,19.21402881195523,eligible
C2,44,nonblind_diagnostic,42:54,43,9.766264338619406,42.534668485639244,977.6972751168144,0.9936414993020968,F,True,-1,True,True,19.308332950677322,eligible
C2,44,nonblind_diagnostic,42:54,44,9.772554869008761,43.5238468225145,977.6032025544389,0.9936414993020968,F,True,-1,True,True,19.402640876760962,eligible
C2,44,nonblind_diagnostic,42:54,45,9.778851899947218,44.51302515939,977.5091299920635,0.9936414993020968,F,True,-1,True,True,19.28779838529766,eligible
C2,44,nonblind_diagnostic,42:54,46,9.785155441516357,45.50220349626544,977.4150574296882,0.9936414993020968,F,True,-1,True,True,19.121460815816203,eligible
C2,44,nonblind_diagnostic,42:54,47,9.791465503818612,46.49138183314063,977.3209848673127,0.9936414993020968,F,True,-1,True,True,19.005683564870143,eligible
C2,44,nonblind_diagnostic,42:54,48,9.797782096977333,47.480560170015934,977.2269123049375,0.9936414993020968,F,True,-1,True,True,18.941393788827067,eligible
C2,44,nonblind_diagnostic,42:54,49,9.80410523113683,48.46973850689106,977.132839742562,0.9936414993020968,F,True,-1,True,True,18.929116102373555,eligible
C2,44,nonblind_diagnostic,42:54,50,9.810434916462444,49.45891684376644,977.0387671801868,0.9936414993020968,F,True,-1,True,True,18.968951500521058,eligible
C2,44,nonblind_diagnostic,42:54,51,9.816771163140581,50.44809518064199,976.9446946178115,0.9936414993020968,F,True,-1,True,True,19.060573246872124,eligible
C2,44,nonblind_diagnostic,42:54,52,9.82311398137878,51.43727351751732,976.850622055436,0.9936414993020968,F,True,-1,True,True,19.154369835441607,eligible
C2,44,nonblind_diagnostic,42:54,53,9.829463381405763,52.42645185439253,976.7565494930608,0.9936414993020968,F,True,-1,True,True,19.248175201746626,eligible
C2,44,nonblind_diagnostic,42:54,54,9.835819373471494,53.41563019126816,976.6624769306851,0.9936414993020968,F,True,-1,True,True,19.34198921807629,eligible
C2,44,nonblind_diagnostic,42:54,55,9.842181967847228,54.40480852814344,976.5684043683102,0.9936414993020968,F,True,-1,True,True,19.262136048135016,eligible
C2,44,nonblind_diagnostic,42:54,56,9.848551174825571,55.39398686501875,976.4743318059348,0.9936414993020968,F,True,-1,True,True,19.089676242310148,eligible
C2,44,nonblind_diagnostic,42:54,57,9.854927004720537,56.383165201894016,976.3802592435593,0.9936414993020968,F,True,-1,True,True,18.967768445282367,eligible
C2,44,nonblind_diagnostic,42:54,58,9.861309467867596,57.372343538769215,976.286186681184,0.9936414993020968,F,True,-1,True,True,18.89739102124272,eligible
C2,44,nonblind_diagnostic,42:54,59,9.867698574623736,58.36152187564466,976.1921141188086,0.9936414993020968,F,True,-1,True,True,18.87912026244628,eligible
C2,44,nonblind_diagnostic,42:54,60,9.874094335367522,59.35070021252012,976.0980415564331,0.9936414993020968,F,True,-1,True,True,18.91310718037493,eligible
C2,44,nonblind_diagnostic,42:54,61,9.880496760499142,60.33987854939536,976.0039689940578,0.9936414993020968,F,True,-1,True,True,18.99907133012181,eligible
C2,44,nonblind_diagnostic,42:54,62,9.886905860440473,61.32905688627056,975.9098964316825,0.9936414993020968,F,True,-1,True,True,19.09293934111488,eligible
C2,44,nonblind_diagnostic,42:54,63,9.893321645635133,62.31823522314598,975.815823869307,0.9936414993020968,F,True,-1,True,True,19.186815459338266,eligible
C2,44,nonblind_diagnostic,42:54,64,9.899744126548539,63.307413560021345,975.7217513069318,0.9936414993020968,F,True,-1,True,True,19.280699566371343,eligible
C2,44,nonblind_diagnostic,42:54,65,9.906173313667962,64.29659189689647,975.6276787445565,0.9936414993020968,F,True,-1,True,True,19.3745915460794,eligible
C2,44,nonblind_diagnostic,42:54,66,9.912609217502588,65.28577023377213,975.533606182181,0.9936414993020968,F,True,-1,True,True,19.46849128455858,eligible
C2,44,nonblind_diagnostic,42:54,67,9.91905184858357,66.27494857064744,975.4395336198056,0.9936414993020968,F,True,-1,True,True,19.56239867008174,eligible
C2,44,nonblind_diagnostic,42:54,68,9.925501217464088,67.26412690752261,975.3454610574304,0.9936414993020968,F,True,-1,True,True,19.51645621758347,eligible
C2,44,nonblind_diagnostic,42:54,69,9.931957334719412,68.25330524439802,975.2513884950549,0.9936414993020968,F,True,-1,True,True,19.340153682590483,eligible
C2,44,nonblind_diagnostic,42:54,70,9.93842021094695,69.24248358127343,975.1573159326796,0.9936414993020968,F,True,-1,True,True,19.21368451125006,eligible
C2,44,nonblind_diagnostic,42:54,71,9.94488985676631,70.23166191814856,975.0632433703043,0.9936414993020968,F,True,-1,True,True,19.13803666491814,eligible
C2,44,nonblind_diagnostic,42:54,72,9.951366282819365,71.22084025502406,974.9691708079289,0.9936414993020968,F,True,-1,True,True,19.11381356861913,eligible
C2,44,nonblind_diagnostic,42:54,73,9.957849499770296,72.21001859189934,974.8750982455537,0.9936414993020968,F,True,-1,True,True,19.141210456561243,eligible
C2,44,nonblind_diagnostic,42:54,74,9.964339518305668,73.19919692877453,974.7810256831781,0.9936414993020968,F,True,-1,True,True,19.220006587072064,eligible
C2,44,nonblind_diagnostic,42:54,75,9.970836349134476,74.18837526564995,974.686953120803,0.9936414993020968,F,True,-1,True,True,19.313965543066782,eligible
C2,44,nonblind_diagnostic,42:54,76,9.97734000298821,75.17755360252531,974.5928805584273,0.9936414993020968,F,True,-1,True,True,19.407931633773842,eligible
C2,44,nonblind_diagnostic,42:54,77,9.983850490620913,76.16673193940069,974.4988079960522,0.9936414993020968,F,True,-1,True,True,19.39899795952748,eligible
C2,44,nonblind_diagnostic,42:54,78,9.990367822809235,77.15591027627576,974.4047354336767,0.9936414993020968,F,True,-1,True,True,19.215854639933386,eligible
C2,44,nonblind_diagnostic,42:54,79,9.996892010352504,78.14508861315119,974.3106628713014,0.9936414993020968,F,True,-1,True,True,19.082758294088674,eligible
C2,44,nonblind_diagnostic,42:54,80,10.003423064072775,79.13426695002661,974.216590308926,0.9936414993020968,F,True,-1,True,True,19.000760656785346,eligible
C2,44,nonblind_diagnostic,42:54,81,10.009960994814895,80.12344528690178,974.1225177465506,0.9936414993020968,F,True,-1,True,True,18.970524342267133,eligible
C2,44,nonblind_diagnostic,42:54,82,10.01650581344656,81.11262362377728,974.0284451841753,0.9936414993020968,F,True,-1,True,True,18.992296568949175,eligible
C2,44,nonblind_diagnostic,42:54,83,10.023057530858377,82.10180196065247,973.9343726218001,0.9936414993020968,F,True,-1,True,True,19.065899164832445,eligible
C2,44,nonblind_diagnostic,42:54,84,10.029616157963929,83.09098029752803,973.8403000594245,0.9936414993020968,F,True,-1,True,True,19.15991595042698,eligible
C2,44,nonblind_diagnostic,42:54,85,10.036181705699821,84.08015863440326,973.7462274970493,0.9936414993020968,F,True,-1,True,True,19.18970381176608,eligible
C2,44,nonblind_diagnostic,42:54,86,10.042754185025762,85.06933697127862,973.6521549346738,0.9936414993020968,F,True,-1,True,True,18.99881197454235,eligible
C2,44,nonblind_diagnostic,42:54,87,10.049333606924609,86.05851530815426,973.5580823722986,0.9936414993020968,F,True,-1,True,True,18.858409990319384,eligible
C2,44,nonblind_diagnostic,42:54,88,10.05591998240243,87.04769364502941,973.4640098099231,0.9936414993020968,F,True,-1,True,True,18.769630927118023,eligible
C2,44,nonblind_diagnostic,42:54,89,10.062513322488579,88.03687198190461,973.3699372475478,0.9936414993020968,F,True,-1,True,True,18.73320874211725,eligible
C2,44,nonblind_diagnostic,42:54,90,10.06911363823574,89.0260503187801,973.2758646851725,0.9936414993020968,F,True,-1,True,True,18.749448559078225,eligible
C2,44,nonblind_diagnostic,42:54,91,10.075720940719998,90.01522865565538,973.1817921227971,0.9936414993020968,F,True,-1,True,True,18.81821403910515,eligible
C2,44,nonblind_diagnostic,42:54,92,10.082335241040902,91.00440699253069,973.0877195604219,0.9936414993020968,F,True,-1,True,True,18.912280953042988,eligible
C2,44,nonblind_diagnostic,42:54,93,10.088956550321523,91.99358532940607,972.9936469980463,0.9936414993020968,F,True,-1,True,True,19.006354084433795,eligible
C2,44,nonblind_diagnostic,42:54,94,10.095584879708516,92.98276366628134,972.8995744356712,0.9936414993020968,F,True,-1,True,True,19.074394845069975,eligible
C2,44,nonblind_diagnostic,42:54,95,10.10222024037219,93.97194200315676,972.8055018732956,0.9936414993020968,F,True,-1,True,True,18.876470255380607,eligible
C2,44,nonblind_diagnostic,42:54,96,10.108862643506558,94.96112034003183,972.7114293109204,0.9936414993020968,F,True,-1,True,True,18.729238285556807,eligible
C2,44,nonblind_diagnostic,42:54,97,10.115512100329417,95.9502986769072,972.6173567485451,0.9936414993020968,F,True,-1,True,True,18.633900586574264,eligible
C2,44,nonblind_diagnostic,42:54,98,10.122168622082391,96.93947701378282,972.5232841861696,0.9936414993020968,F,True,-1,True,True,18.591255531614333,eligible
C2,44,nonblind_diagnostic,42:54,99,10.12883222003101,97.92865535065805,972.4292116237943,0.9936414993020968,F,True,-1,True,True,18.60166552412683,eligible
C2,44,nonblind_diagnostic,42:54,100,10.135502905464769,98.91783368753335,972.335139061419,0.9936414993020968,F,True,-1,True,True,18.665041793670625,eligible
C2,44,nonblind_diagnostic,42:54,101,10.142180689697188,99.90701202440887,972.2410664990434,0.9936414993020968,F,True,-1,True,True,18.759163970095134,eligible
C2,44,nonblind_diagnostic,42:54,102,10.148865584065883,100.89619036128397,972.1469939366683,0.9936414993020968,F,True,-1,True,True,18.85329186283159,eligible
C2,44,nonblind_diagnostic,42:54,103,10.155557599932623,101.88536869815944,972.0529213742927,0.9936414993020968,F,True,-1,True,True,18.947425386687627,eligible
C2,44,nonblind_diagnostic,42:54,104,10.162256748683397,102.8745470350347,971.9588488119174,0.9936414993020968,F,True,-1,True,True,19.041564458148873,eligible
C2,44,nonblind_diagnostic,42:54,105,10.168963041728484,103.86372537191018,971.8647762495422,0.9936414993020968,F,True,-1,True,True,19.135708995340277,eligible
C2,44,nonblind_diagnostic,42:54,106,10.175676490502505,104.85290370878509,971.7707036871667,0.9936414993020968,F,True,-1,True,True,18.94201267796313,eligible
C2,44,nonblind_diagnostic,42:54,107,10.182397106464506,105.84208204566066,971.6766311247915,0.9936414993020968,F,True,-1,True,True,18.789202448533523,eligible
C2,44,nonblind_diagnostic,42:54,108,10.189124901098005,106.83126038253589,971.582558562416,0.9936414993020968,F,True,-1,True,True,18.688045908283787,eligible
C2,44,nonblind_diagnostic,42:54,109,10.195859885911068,107.82043871941124,971.4884860000408,0.9936414993020968,F,True,-1,True,True,18.639384054912544,eligible
C2,44,nonblind_diagnostic,42:54,110,10.202602072436372,108.80961705628673,971.3944134376652,0.9936414993020968,F,True,-1,True,True,18.643627943112804,eligible
C2,44,nonblind_diagnostic,42:54,111,10.209351472231273,109.79879539316211,971.30034087529,0.9936414993020968,F,True,-1,True,True,18.70074155412463,eligible
C2,44,nonblind_diagnostic,42:54,112,10.216108096877864,110.78797373003717,971.2062683129146,0.9936414993020968,F,True,-1,True,True,18.794927663210387,eligible
C2,44,nonblind_diagnostic,42:54,113,10.222871957983058,111.77715206691278,971.1121957505392,0.9936414993020968,F,True,-1,True,True,18.889118840412642,eligible
C2,44,nonblind_diagnostic,42:54,114,10.229643067178632,112.76633040378812,971.0181231881638,0.9936414993020968,F,True,-1,True,True,18.983315010290422,eligible
C2,44,nonblind_diagnostic,42:54,115,10.236421436121312,113.75550874066334,970.9240506257884,0.9936414993020968,F,True,-1,True,True,19.077516098889216,eligible
C2,44,nonblind_diagnostic,42:54,116,10.24320707649283,114.7446870775385,970.8299780634133,0.9936414993020968,F,True,-1,True,True,19.17172203370352,eligible
C2,44,nonblind_diagnostic,42:54,117,10.25,115.73386541441413,970.7359055010377,0.4968207496510484,F,True,-1,True,True,19.265932743643514,eligible
C2,44,nonblind_diagnostic,54:66,0,10.25,115.73386541441413,970.7359055010377,0.49987129549224185,F,True,-1,True,True,19.265932743643514,eligible
C2,44,nonblind_diagnostic,54:66,1,10.256384209532055,116.72335418588642,970.5930866669911,0.9997425909844837,F,True,-1,True,True,19.148301478107744,eligible
C2,44,nonblind_diagnostic,54:66,2,10.262774776512687,117.71284295735866,970.4502678329442,0.9997425909844837,F,True,-1,True,True,19.038704761032847,eligible
C2,44,nonblind_diagnostic,54:66,3,10.26917171044283,118.702331728831,970.3074489988974,0.9997425909844837,F,True,-1,True,True,18.981203306310633,eligible
C2,44,nonblind_diagnostic,54:66,4,10.275575020842354,119.69182050030356,970.1646301648507,0.9997425909844837,F,True,-1,True,True,18.97627069341265,eligible
C2,44,nonblind_diagnostic,54:66,5,10.281984717250117,120.6813092717759,970.0218113308041,0.9997425909844837,F,True,-1,True,True,19.02394781322478,eligible
C2,44,nonblind_diagnostic,54:66,6,10.288400809224015,121.67079804324841,969.8789924967573,0.9997425909844837,F,True,-1,True,True,19.12384119018439,eligible
C2,44,nonblind_diagnostic,54:66,7,10.294823306341026,122.66028681472046,969.7361736627104,0.9997425909844837,F,True,-1,True,True,19.266821486729622,eligible
C2,44,nonblind_diagnostic,54:66,8,10.301252218197263,123.64977558619307,969.5933548286637,0.9997425909844837,F,True,-1,True,True,19.409805098098687,eligible
C2,44,nonblind_diagnostic,54:66,9,10.307687554408009,124.63926435766545,969.4505359946169,0.9997425909844837,F,True,-1,True,True,19.30854995886538,eligible
C2,44,nonblind_diagnostic,54:66,10,10.31412932460778,125.62875312913765,969.3077171605702,0.9997425909844837,F,True,-1,True,True,19.196594410344417,eligible
C2,44,nonblind_diagnostic,54:66,11,10.320577538450367,126.61824190061023,969.1648983265234,0.9997425909844837,F,True,-1,True,True,19.136283413792512,eligible
C2,44,nonblind_diagnostic,54:66,12,10.32703220560888,127.60773067208261,969.0220794924765,0.9997425909844837,F,True,-1,True,True,19.128105481912662,eligible
C2,44,nonblind_diagnostic,54:66,13,10.333493335775803,128.59721944355488,968.8792606584299,0.9997425909844837,F,True,-1,True,True,19.17212732739401,eligible
C2,44,nonblind_diagnostic,54:66,14,10.339960938663037,129.5867082150271,968.7364418243832,0.9997425909844837,F,True,-1,True,True,19.267991168902373,eligible
C2,44,nonblind_diagnostic,54:66,15,10.346435024001956,130.57619698649953,968.5936229903364,0.9997425909844837,F,True,-1,True,True,19.411004034708075,eligible
C2,44,nonblind_diagnostic,54:66,16,10.352915601543446,131.56568575797175,968.4508041562897,0.9997425909844837,F,True,-1,True,True,19.557378620676978,eligible
C2,44,nonblind_diagnostic,54:66,17,10.359402681057965,132.55517452944426,968.3079853222429,0.9997425909844837,F,True,-1,True,True,19.6970381470986,eligible
C2,44,nonblind_diagnostic,54:66,18,10.36589627233558,133.54466330091674,968.1651664881961,0.9997425909844837,F,True,-1,True,True,19.840059272857843,eligible
C2,44,nonblind_diagnostic,54:66,19,10.372396385186025,134.534152072389,968.0223476541491,0.9997425909844837,F,True,-1,True,True,19.983083033990017,eligible
C2,44,nonblind_diagnostic,54:66,20,10.37890302943875,135.52364084386122,967.8795288201026,0.9997425909844837,F,True,-1,True,True,19.889266646820175,eligible
C2,44,nonblind_diagnostic,54:66,21,10.385416214942968,136.5131296153337,967.7367099860558,0.9997425909844837,F,True,-1,True,True,19.778936978769096,eligible
C2,44,nonblind_diagnostic,54:66,22,10.391935951567701,137.50261838680623,967.5938911520091,0.9997425909844837,F,True,-1,True,True,19.718740800780814,eligible
C2,44,nonblind_diagnostic,54:66,23,10.398462249201838,138.49210715827851,967.4510723179623,0.9997425909844837,F,True,-1,True,True,19.709137475371655,eligible
C2,44,nonblind_diagnostic,54:66,24,10.404995117754181,139.48159592975077,967.3082534839155,0.9997425909844837,F,True,-1,True,True,19.750200803391277,eligible
C2,44,nonblind_diagnostic,54:66,25,10.411534567153494,140.47108470122308,967.1654346498688,0.9997425909844837,F,True,-1,True,True,19.629308604976742,eligible
C2,44,nonblind_diagnostic,54:66,26,10.418080607348552,141.4605734726955,967.0226158158221,0.9997425909844837,F,True,-1,True,True,19.51275233458065,eligible
C2,44,nonblind_diagnostic,54:66,27,10.424633248308199,142.4500622441678,966.8797969817753,0.9997425909844837,F,True,-1,True,True,19.44695918462353,eligible
C2,44,nonblind_diagnostic,54:66,28,10.43119250002139,143.4395510156402,966.7369781477285,0.9997425909844837,F,True,-1,True,True,19.43244477369228,eligible
C2,44,nonblind_diagnostic,54:66,29,10.437758372497248,144.42903978711257,966.5941593136818,0.9997425909844837,F,True,-1,True,True,19.469323787261843,eligible
C2,44,nonblind_diagnostic,54:66,30,10.44433087576511,145.41852855858517,966.4513404796347,0.9997425909844837,F,True,-1,True,True,19.557305491308075,eligible
C2,44,nonblind_diagnostic,54:66,31,10.450910019874575,146.40801733005728,966.3085216455881,0.9997425909844837,F,True,-1,True,True,19.6957050628785,eligible
C2,44,nonblind_diagnostic,54:66,32,10.457495814895575,147.3975061015299,966.1657028115416,0.9997425909844837,F,True,-1,True,True,19.838280068111846,eligible
C2,44,nonblind_diagnostic,54:66,33,10.464088270918396,148.38699487300215,966.0228839774946,0.9997425909844837,F,True,-1,True,True,19.980864085628784,eligible
C2,44,nonblind_diagnostic,54:66,34,10.470687398053755,149.37648364447452,965.880065143448,0.9997425909844837,F,True,-1,True,True,20.123456923860147,eligible
C2,44,nonblind_diagnostic,54:66,35,10.477293206432838,150.36597241594666,965.7372463094013,0.9997425909844837,F,True,-1,True,True,20.266058396617403,eligible
C2,44,nonblind_diagnostic,54:66,36,10.483905706207361,151.35546118741925,965.5944274753543,0.9997425909844837,F,True,-1,True,True,20.40866832290474,eligible
C2,44,nonblind_diagnostic,54:66,37,10.490524907549608,152.34494995889148,965.4516086413076,0.9997425909844837,F,True,-1,True,True,20.551286526738952,eligible
C2,44,nonblind_diagnostic,54:66,38,10.4971508206525,153.3344387303639,965.308789807261,0.9997425909844837,F,True,-1,True,True,20.693912836978797,eligible
C2,44,nonblind_diagnostic,54:66,39,10.503783455729637,154.32392750183632,965.1659709732141,0.9997425909844837,F,True,-1,True,True,20.836547087159175,eligible
C2,44,nonblind_diagnostic,54:66,40,10.510422823015352,155.31341627330883,965.0231521391672,0.9997425909844837,F,True,-1,True,True,20.97918911533283,eligible
C2,44,nonblind_diagnostic,54:66,41,10.517068932764763,156.3029050447812,964.8803333051205,0.9997425909844837,F,True,-1,True,True,20.910712059655495,eligible
C2,44,nonblind_diagnostic,54:66,42,10.523721795253831,157.29239381625328,964.7375144710738,0.9997425909844837,F,True,-1,True,True,20.802160363558215,eligible
C2,44,nonblind_diagnostic,54:66,43,10.530381420779408,158.28188258772568,964.594695637027,0.9997425909844837,F,True,-1,True,True,20.741283548445626,eligible
C2,44,nonblind_diagnostic,54:66,44,10.537047819659291,159.27137135919807,964.4518768029803,0.9997425909844837,F,True,-1,True,True,20.72850166266974,eligible
C2,44,nonblind_diagnostic,54:66,45,10.543721002232273,160.26086013067044,964.3090579689335,0.9997425909844837,F,True,-1,True,True,20.763903525542702,eligible
C2,44,nonblind_diagnostic,54:66,46,10.550400978858205,161.25034890214295,964.1662391348866,0.9997425909844837,F,True,-1,True,True,20.847243668006776,eligible
C2,44,nonblind_diagnostic,54:66,47,10.557087759918037,162.239837673615,964.0234203008401,0.9997425909844837,F,True,-1,True,True,20.977950757518965,eligible
C2,44,nonblind_diagnostic,54:66,48,10.563781355813886,163.22932644508765,963.8806014667932,0.9997425909844837,F,True,-1,True,True,21.120643575015254,eligible
C2,44,nonblind_diagnostic,54:66,49,10.570481776969075,164.21881521655985,963.7377826327464,0.9997425909844837,F,True,-1,True,True,21.26334328066351,eligible
C2,44,nonblind_diagnostic,54:66,50,10.577189033828201,165.2083039880325,963.5949637986994,0.9997425909844837,F,True,-1,True,True,21.406049736708084,eligible
C2,44,nonblind_diagnostic,54:66,51,10.583903136857176,166.19779275950467,963.452144964653,0.9997425909844837,F,True,-1,True,True,21.548762809034773,eligible
C2,44,nonblind_diagnostic,54:66,52,10.590624096543294,167.18728153097695,963.3093261306063,0.9997425909844837,F,True,-1,True,True,21.491665388464696,eligible
C2,44,nonblind_diagnostic,54:66,53,10.59735192339528,168.17677030244946,963.1665072965595,0.9997425909844837,F,True,-1,True,True,21.38452625006317,eligible
C2,44,nonblind_diagnostic,54:66,54,10.604086627943339,169.16625907392196,963.0236884625128,0.9997425909844837,F,True,-1,True,True,21.323771130032387,eligible
C2,44,nonblind_diagnostic,54:66,55,10.610828220739222,170.1557478453942,962.8808696284658,0.9997425909844837,F,True,-1,True,True,21.309796760383193,eligible
C2,44,nonblind_diagnostic,54:66,56,10.617576712356271,171.14523661686638,962.7380507944191,0.9997425909844837,F,True,-1,True,True,21.342695031980266,eligible
C2,44,nonblind_diagnostic,54:66,57,10.624332113389487,172.1347253883389,962.5952319603724,0.9997425909844837,F,True,-1,True,True,21.42224999816424,eligible
C2,44,nonblind_diagnostic,54:66,58,10.631094434455568,173.12421415981123,962.4524131263256,0.9997425909844837,F,True,-1,True,True,21.54794489588375,eligible
C2,44,nonblind_diagnostic,54:66,59,10.63786368619298,174.11370293128363,962.3095942922788,0.9997425909844837,F,True,-1,True,True,21.690703725839022,eligible
C2,44,nonblind_diagnostic,54:66,60,10.644639879262002,175.10319170275585,962.1667754582319,0.9997425909844837,F,True,-1,True,True,21.833468401030178,eligible
C2,44,nonblind_diagnostic,54:66,61,10.651423024344794,176.0926804742285,962.0239566241853,0.9997425909844837,F,True,-1,True,True,21.79198980551388,eligible
C2,44,nonblind_diagnostic,54:66,62,10.658213132145438,177.08216924570067,961.8811377901387,0.9997425909844837,F,True,-1,True,True,21.68389725964959,eligible
C2,44,nonblind_diagnostic,54:66,63,10.665010213390007,178.07165801717295,961.7383189560919,0.9997425909844837,F,True,-1,True,True,21.62153906517577,eligible
C2,44,nonblind_diagnostic,54:66,64,10.671814278826616,179.06114678864546,961.5955001220449,0.9997425909844837,F,True,-1,True,True,21.60531122717906,eligible
C2,44,nonblind_diagnostic,54:66,65,10.67862533922548,180.0506355601179,961.4526812879982,0.9997425909844837,F,True,-1,True,True,21.635317547844316,eligible
C2,44,nonblind_diagnostic,54:66,66,10.685443405378965,181.04012433159005,961.3098624539515,0.9997425909844837,F,True,-1,True,True,21.711366333450975,eligible
C2,44,nonblind_diagnostic,54:66,67,10.692268488101659,182.0296131030625,961.1670436199048,0.9997425909844837,F,True,-1,True,True,21.8329764629336,eligible
C2,44,nonblind_diagnostic,54:66,68,10.699100598230412,183.0191018745349,961.024224785858,0.9997425909844837,F,True,-1,True,True,21.975783516045766,eligible
C2,44,nonblind_diagnostic,54:66,69,10.705939746624406,184.0085906460071,960.8814059518113,0.9997425909844837,F,True,-1,True,True,22.11859571645016,eligible
C2,44,nonblind_diagnostic,54:66,70,10.712785944165208,184.99807941747954,960.7385871177644,0.9997425909844837,F,True,-1,True,True,22.092322839117152,eligible
C2,44,nonblind_diagnostic,54:66,71,10.719639201756827,185.98756818895185,960.5957682837177,0.9997425909844837,F,True,-1,True,True,21.983302937109176,eligible
C2,44,nonblind_diagnostic,54:66,72,10.726499530325775,186.97705696042442,960.452949449671,0.9997425909844837,F,True,-1,True,True,21.919385441159225,eligible
C2,44,nonblind_diagnostic,54:66,73,10.733366940821117,187.96654573189682,960.3101306156241,0.9997425909844837,F,True,-1,True,True,21.852692604895058,eligible
C2,44,nonblind_diagnostic,54:66,74,10.740241444214542,188.95603450336907,960.1673117815776,0.9997425909844837,F,True,-1,True,True,21.69171310271414,eligible
C2,44,nonblind_diagnostic,54:66,75,10.747123051500411,189.94552327484146,960.0244929475307,0.9997425909844837,F,True,-1,True,True,21.57590394568346,eligible
C2,44,nonblind_diagnostic,54:66,76,10.75401177369582,190.9350120463138,959.881674113484,0.9997425909844837,F,True,-1,True,True,21.505994869168592,eligible
C2,44,nonblind_diagnostic,54:66,77,10.76090762184066,191.92450081778637,959.7388552794372,0.9997425909844837,F,True,-1,True,True,21.482433987993833,eligible
C2,44,nonblind_diagnostic,54:66,78,10.76781060699767,192.91398958925865,959.5960364453903,0.9997425909844837,F,True,-1,True,True,21.505373637321043,eligible
C2,44,nonblind_diagnostic,54:66,79,10.774720740252503,193.90347836073116,959.4532176113437,0.9997425909844837,F,True,-1,True,True,21.574665490094965,eligible
C2,44,nonblind_diagnostic,54:66,80,10.78163803271378,194.8929671322033,959.3103987772969,0.9997425909844837,F,True,-1,True,True,21.689865311584427,eligible
C2,44,nonblind_diagnostic,54:66,81,10.788562495513155,195.88245590367578,959.1675799432501,0.9997425909844837,F,True,-1,True,True,21.832736478713727,eligible
C2,44,nonblind_diagnostic,54:66,82,10.795494139805369,196.87194467514814,959.0247611092034,0.9997425909844837,F,True,-1,True,True,21.975611993157393,eligible
C2,44,nonblind_diagnostic,54:66,83,10.802432976768314,197.86143344662042,958.8819422751566,0.9997425909844837,F,True,-1,True,True,22.118491770670563,eligible
C2,44,nonblind_diagnostic,54:66,84,10.809379017603092,198.85092221809276,958.73912344111,0.9997425909844837,F,True,-1,True,True,22.26137572916815,eligible
C2,44,nonblind_diagnostic,54:66,85,10.816332273534076,199.84041098956536,958.596304607063,0.9997425909844837,F,True,-1,True,True,22.404263788657726,eligible
C2,44,nonblind_diagnostic,54:66,86,10.823292755808966,200.8298997610376,958.4534857730163,0.9997425909844837,F,True,-1,True,True,22.547155871170865,eligible
C2,44,nonblind_diagnostic,54:66,87,10.830260475698854,201.81938853250992,958.3106669389695,0.9997425909844837,F,True,-1,True,True,22.69005190070226,eligible
C2,44,nonblind_diagnostic,54:66,88,10.837235444498287,202.80887730398217,958.1678481049228,0.9997425909844837,F,True,-1,True,True,22.83295180314652,eligible
C2,44,nonblind_diagnostic,54:66,89,10.844217673525321,203.7983660754545,958.025029270876,0.9997425909844837,F,True,-1,True,True,22.833300284451475,eligible
C2,44,nonblind_diagnostic,54:66,90,10.85120717412159,204.78785484692708,957.8822104368292,0.9997425909844837,F,True,-1,True,True,22.723623660354235,eligible
C2,44,nonblind_diagnostic,54:66,91,10.85820395765236,205.7773436183994,957.7393916027825,0.9997425909844837,F,True,-1,True,True,22.657570768538807,eligible
C2,44,nonblind_diagnostic,54:66,92,10.865208035506596,206.76683238987178,957.5965727687357,0.9997425909844837,F,True,-1,True,True,22.635523508453236,eligible
C2,44,nonblind_diagnostic,54:66,93,10.872219419097021,207.75632116134432,957.4537539346888,0.9997425909844837,F,True,-1,True,True,22.657610341088265,eligible
C2,44,nonblind_diagnostic,54:66,94,10.87923811986018,208.74580993281643,957.3109351006422,0.9997425909844837,F,True,-1,True,True,22.723702575326367,eligible
C2,44,nonblind_diagnostic,54:66,95,10.8862641492565,209.73529870428877,957.1681162665956,0.9997425909844837,F,True,-1,True,True,22.833418088224303,eligible
C2,44,nonblind_diagnostic,54:66,96,10.893297518770355,210.72478747576125,957.0252974325487,0.9997425909844837,F,True,-1,True,True,22.976350885124326,eligible
C2,44,nonblind_diagnostic,54:66,97,10.900338239910127,211.71427624723364,956.8824785985017,0.9997425909844837,F,True,-1,True,True,23.119287052407678,eligible
C2,44,nonblind_diagnostic,54:66,98,10.907386324208264,212.7037650187058,956.7396597644552,0.9997425909844837,F,True,-1,True,True,23.262226527945444,eligible
C2,44,nonblind_diagnostic,54:66,99,10.914441783221358,213.6932537901784,956.5968409304083,0.9997425909844837,F,True,-1,True,True,23.405169251125912,eligible
C2,44,nonblind_diagnostic,54:66,100,10.921504628530187,214.6827425616507,956.4540220963617,0.9997425909844837,F,True,-1,True,True,23.414287543586028,eligible
C2,44,nonblind_diagnostic,54:66,101,10.928574871739796,215.6722313331232,956.3112032623148,0.9997425909844837,F,True,-1,True,True,23.30593521770252,eligible
C2,44,nonblind_diagnostic,54:66,102,10.93565252447955,216.66172010459542,956.168384428268,0.9997425909844837,F,True,-1,True,True,23.240123538101617,eligible
C2,44,nonblind_diagnostic,54:66,103,10.942737598403207,217.6512088760677,956.0255655942215,0.9997425909844837,F,True,-1,True,True,23.217214265651002,eligible
C2,44,nonblind_diagnostic,54:66,104,10.949830105188973,218.6406976475402,955.8827467601745,0.9997425909844837,F,True,-1,True,True,23.237334290846334,eligible
C2,44,nonblind_diagnostic,54:66,105,10.956930056539568,219.63018641901257,955.7399279261278,0.9997425909844837,F,True,-1,True,True,23.300372145705843,eligible
C2,44,nonblind_diagnostic,54:66,106,10.964037464182294,220.61967519048497,955.597109092081,0.9997425909844837,F,True,-1,True,True,23.405981069134626,eligible
C2,44,nonblind_diagnostic,54:66,107,10.971152339869098,221.60916396195722,955.4542902580343,0.9997425909844837,F,True,-1,True,True,23.54895326891472,eligible
C2,44,nonblind_diagnostic,54:66,108,10.978274695376639,222.5986527334296,955.3114714239877,0.9997425909844837,F,True,-1,True,True,23.69192828211619,eligible
C2,44,nonblind_diagnostic,54:66,109,10.985404542506346,223.58814150490204,955.1686525899408,0.9997425909844837,F,True,-1,True,True,23.714602124429046,eligible
C2,44,nonblind_diagnostic,54:66,110,10.99254189308449,224.57763027637424,955.0258337558939,0.9997425909844837,F,True,-1,True,True,23.60538938529751,eligible
C2,44,nonblind_diagnostic,54:66,111,10.999686758962245,225.5671190478466,954.8830149218472,0.9997425909844837,F,True,-1,True,True,23.538169696038434,eligible
C2,44,nonblind_diagnostic,54:66,112,11.00683915201576,226.556607819319,954.7401960878005,0.9997425909844837,F,True,-1,True,True,23.513303207842668,eligible
C2,44,nonblind_diagnostic,54:66,113,11.013999084146214,227.54609659079134,954.5973772537538,0.9997425909844837,F,True,-1,True,True,23.530924192322825,eligible
C2,44,nonblind_diagnostic,54:66,114,11.021166567279895,228.53558536226376,954.454558419707,0.9997425909844837,F,True,-1,True,True,23.59093744305649,eligible
C2,44,nonblind_diagnostic,54:66,115,11.028341613368257,229.52507413373613,954.3117395856601,0.9997425909844837,F,True,-1,True,True,23.693020829687974,eligible
C2,44,nonblind_diagnostic,54:66,116,11.035524234387987,230.51456290520852,954.1689207516135,0.9997425909844837,F,True,-1,True,True,23.836022892166287,eligible
C2,44,nonblind_diagnostic,54:66,117,11.042714442341076,231.50405167668092,954.0261019175667,0.9997425909844837,F,True,-1,True,True,23.87461701726884,eligible
C2,44,nonblind_diagnostic,54:66,118,11.049912249254882,232.49354044815323,953.88328308352,0.9997425909844837,F,True,-1,True,True,23.763495066862436,eligible
C2,44,nonblind_diagnostic,54:66,119,11.057117667182203,233.48302921962562,953.7404642494732,0.9997425909844837,F,True,-1,True,True,23.694071586808136,eligible
C2,44,nonblind_diagnostic,54:66,120,11.064330708201332,234.4725179910979,953.5976454154264,0.9997425909844837,F,True,-1,True,True,23.666713532411713,eligible
C2,44,nonblind_diagnostic,54:66,121,11.071551384416143,235.46200676257052,953.4548265813797,0.9997425909844837,F,True,-1,True,True,23.68156669196825,eligible
C2,44,nonblind_diagnostic,54:66,122,11.078779707956135,236.45149553404278,953.3120077473329,0.9997425909844837,F,True,-1,True,True,23.738551831219713,eligible
C2,44,nonblind_diagnostic,54:66,123,11.086015690976526,237.44098430551506,953.1691889132863,0.9997425909844837,F,True,-1,True,True,23.837366792439862,eligible
C2,44,nonblind_diagnostic,54:66,124,11.0932593456583,238.43047307698774,953.0263700792393,0.9997425909844837,F,True,-1,True,True,23.977494419717907,eligible
C2,44,nonblind_diagnostic,54:66,125,11.100510684208285,239.4199618484599,952.8835512451926,0.9997425909844837,F,True,-1,True,True,24.120105068125476,eligible
C2,44,nonblind_diagnostic,54:66,126,11.10776971885922,240.40945061993204,952.7407324111458,0.9997425909844837,F,True,-1,True,True,24.26272271938568,eligible
C2,44,nonblind_diagnostic,54:66,127,11.11503646186983,241.39893939140455,952.5979135770991,0.9997425909844837,F,True,-1,True,True,24.40534725073048,eligible
C2,44,nonblind_diagnostic,54:66,128,11.122310925524877,242.38842816287675,952.4550947430523,0.9997425909844837,F,True,-1,True,True,24.547978542239562,eligible
C2,44,nonblind_diagnostic,54:66,129,11.129593122135253,243.3779169343493,952.3122759090056,0.9997425909844837,F,True,-1,True,True,24.595939842572665,eligible
C2,44,nonblind_diagnostic,54:66,130,11.136883064038027,244.3674057058215,952.1694570749588,0.9997425909844837,F,True,-1,True,True,24.487157748196147,eligible
C2,44,nonblind_diagnostic,54:66,131,11.144180763596538,245.3568944772943,952.0266382409118,0.9997425909844837,F,True,-1,True,True,24.41885547946696,eligible
C2,44,nonblind_diagnostic,54:66,132,11.151486233200435,246.34638324876622,951.8838194068653,0.9997425909844837,F,True,-1,True,True,24.391373101274603,eligible
C2,44,nonblind_diagnostic,54:66,133,11.158799485265781,247.33587202023872,951.7410005728185,0.9997425909844837,F,True,-1,True,True,24.404848516238303,eligible
C2,44,nonblind_diagnostic,54:66,134,11.166120532235098,248.32536079171118,951.5981817387715,0.9997425909844837,F,True,-1,True,True,24.459214029317547,eligible
C2,44,nonblind_diagnostic,54:66,135,11.173449386577445,249.31484956318354,951.455362904725,0.9997425909844837,F,True,-1,True,True,24.554198037399207,eligible
C2,44,nonblind_diagnostic,54:66,136,11.180786060788495,250.30433833465594,951.3125440706782,0.9997425909844837,F,True,-1,True,True,24.689331746407134,eligible
C2,44,nonblind_diagnostic,54:66,137,11.188130567390596,251.29382710612813,951.1697252366315,0.9997425909844837,F,True,-1,True,True,24.832013192503542,eligible
C2,44,nonblind_diagnostic,54:66,138,11.195482918932852,252.28331587760053,951.0269064025846,0.9997425909844837,F,True,-1,True,True,24.97470063307609,eligible
C2,44,nonblind_diagnostic,54:66,139,11.202843127991185,253.272804649073,950.8840875685378,0.9997425909844837,F,True,-1,True,True,25.036620971918072,eligible
C2,44,nonblind_diagnostic,54:66,140,11.210211207168413,254.26229342054526,950.7412687344912,0.9997425909844837,F,True,-1,True,True,24.928042831399587,eligible
C2,44,nonblind_diagnostic,54:66,141,11.217587169094324,255.25178219201757,950.5984499004444,0.9997425909844837,F,True,-1,True,True,24.859228057467185,eligible
C2,44,nonblind_diagnostic,54:66,142,11.22497102642574,256.24127096349,950.4556310663978,0.9997425909844837,F,True,-1,True,True,24.830507250531134,eligible
C2,44,nonblind_diagnostic,54:66,143,11.232362791846592,257.2307597349625,950.3128122323509,0.9997425909844837,F,True,-1,True,True,24.842019473478175,eligible
C2,44,nonblind_diagnostic,54:66,144,11.239762478068,258.22024850643476,950.1699933983041,0.9997425909844837,F,True,-1,True,True,24.893708908459388,eligible
C2,44,nonblind_diagnostic,54:66,145,11.247170097828338,259.20973727790715,950.0271745642574,0.9997425909844837,F,True,-1,True,True,24.985326201873022,eligible
C2,44,nonblind_diagnostic,54:66,146,11.254585663893309,260.1992260493795,949.8843557302106,0.9997425909844837,F,True,-1,True,True,25.116434422611764,eligible
C2,44,nonblind_diagnostic,54:66,147,11.262009189056018,261.18871482085177,949.7415368961639,0.9997425909844837,F,True,-1,True,True,25.259168071246112,eligible
C2,44,nonblind_diagnostic,54:66,148,11.269440686137049,262.1782035923242,949.5987180621171,0.9997425909844837,F,True,-1,True,True,25.40190702699571,eligible
C2,44,nonblind_diagnostic,54:66,149,11.276880167984533,263.1676923637966,949.4558992280704,0.9997425909844837,F,True,-1,True,True,25.47730971547739,eligible
C2,44,nonblind_diagnostic,54:66,150,11.284327647474228,264.157181135269,949.3130803940236,0.9997425909844837,F,True,-1,True,True,25.36892847398169,eligible
C2,44,nonblind_diagnostic,54:66,151,11.291783137509588,265.14666990674135,949.1702615599768,0.9997425909844837,F,True,-1,True,True,25.299619048398668,eligible
C2,44,nonblind_diagnostic,54:66,152,11.299246651021841,266.13615867821363,949.0274427259301,0.9997425909844837,F,True,-1,True,True,25.269702937839334,eligible
C2,44,nonblind_diagnostic,54:66,153,11.306718200970064,267.12564744968614,948.8846238918833,0.9997425909844837,F,True,-1,True,True,25.27931999947103,eligible
C2,44,nonblind_diagnostic,54:66,154,11.314197800341255,268.1151362211583,948.7418050578366,0.9997425909844837,F,True,-1,True,True,25.216291779427223,eligible
C2,44,nonblind_diagnostic,54:66,155,11.321685462150409,269.1046249926307,948.5989862237899,0.9997425909844837,F,True,-1,True,True,25.103085861788188,eligible
C2,44,nonblind_diagnostic,54:66,156,11.3291811994406,270.0941137641032,948.456167389743,0.9997425909844837,F,True,-1,True,True,25.029331572374797,eligible
C2,44,nonblind_diagnostic,54:66,157,11.336685025283042,271.08360253557544,948.3133485556962,0.9997425909844837,F,True,-1,True,True,24.995378145407198,eligible
C2,44,nonblind_diagnostic,54:66,158,11.344196952777184,272.0730913070477,948.1705297216495,0.9997425909844837,F,True,-1,True,True,25.00138773749113,eligible
C2,44,nonblind_diagnostic,54:66,159,11.351716995050769,273.0625800785202,948.0277108876028,0.9997425909844837,F,True,-1,True,True,25.047331583729623,eligible
C2,44,nonblind_diagnostic,54:66,160,11.359245165259921,274.05206884999257,947.8848920535561,0.9997425909844837,F,True,-1,True,True,25.132990682103166,eligible
C2,44,nonblind_diagnostic,54:66,161,11.366781476589221,275.0415576214651,947.7420732195092,0.9997425909844837,F,True,-1,True,True,25.257960968465724,eligible
C2,44,nonblind_diagnostic,54:66,162,11.374325942251776,276.0310463929374,947.5992543854625,0.9997425909844837,F,True,-1,True,True,25.42166270012323,eligible
C2,44,nonblind_diagnostic,54:66,163,11.381878575489305,277.0205351644097,947.4564355514158,0.9997425909844837,F,True,-1,True,True,25.562336280221604,eligible
C2,44,nonblind_diagnostic,54:66,164,11.389439389572214,278.01002393588203,947.3136167173689,0.9997425909844837,F,True,-1,True,True,25.68638523851737,eligible
C2,44,nonblind_diagnostic,54:66,165,11.397008397799672,278.99951270735437,947.1707978833222,0.9997425909844837,F,True,-1,True,True,25.829202121274456,eligible
C2,44,nonblind_diagnostic,54:66,166,11.40458561349969,279.9890014788268,947.0279790492754,0.9997425909844837,F,True,-1,True,True,25.937539024111807,eligible
C2,44,nonblind_diagnostic,54:66,167,11.412171050029198,280.978490250299,946.8851602152287,0.9997425909844837,F,True,-1,True,True,25.826609477058295,eligible
C2,44,nonblind_diagnostic,54:66,168,11.419764720774127,281.96797902177155,946.742341381182,0.9997425909844837,F,True,-1,True,True,25.75403956722292,eligible
C2,44,nonblind_diagnostic,54:66,169,11.427366639149485,282.95746779324384,946.5995225471352,0.9997425909844837,F,True,-1,True,True,25.720153994021025,eligible
C2,44,nonblind_diagnostic,54:66,170,11.434976818599434,283.94695656471623,946.4567037130884,0.9997425909844837,F,True,-1,True,True,25.725105625024813,eligible
C2,44,nonblind_diagnostic,54:66,171,11.442595272597375,284.9364453361887,946.3138848790416,0.9997425909844837,F,True,-1,True,True,25.768872071894567,eligible
C2,44,nonblind_diagnostic,54:66,172,11.450222014646021,285.925934107661,946.1710660449949,0.9997425909844837,F,True,-1,True,True,25.851256193715294,eligible
C2,44,nonblind_diagnostic,54:66,173,11.457857058277483,286.9154228791334,946.028247210948,0.9997425909844837,F,True,-1,True,True,25.9718905015596,eligible
C2,44,nonblind_diagnostic,54:66,174,11.465500417053345,287.9049116506058,945.8854283769012,0.9997425909844837,F,True,-1,True,True,26.097547518827632,eligible
C2,44,nonblind_diagnostic,54:66,175,11.473152104564747,288.8944004220782,945.7426095428543,0.9997425909844837,F,True,-1,True,True,25.98488250715466,eligible
C2,44,nonblind_diagnostic,54:66,176,11.480812134432464,289.8838891935506,945.5997907088077,0.9997425909844837,F,True,-1,True,True,25.91033040739229,eligible
C2,44,nonblind_diagnostic,54:66,177,11.488480520306988,290.8733779650228,945.456971874761,0.9997425909844837,F,True,-1,True,True,25.874220668965222,eligible
C2,44,nonblind_diagnostic,54:66,178,11.49615727586861,291.86286673649516,945.3141530407142,0.9997425909844837,F,True,-1,True,True,25.876714225898887,eligible
C2,44,nonblind_diagnostic,54:66,179,11.5038424148275,292.85235550796745,945.1713342066674,0.9997425909844837,F,True,-1,True,True,25.91779993610232,eligible
C2,44,nonblind_diagnostic,54:66,180,11.511535950923786,293.84184427943984,945.0285153726207,0.9997425909844837,F,True,-1,True,True,25.99729482894832,eligible
C2,44,nonblind_diagnostic,54:66,181,11.519237897927644,294.83133305091235,944.8856965385739,0.9997425909844837,F,True,-1,True,True,26.114848148422453,eligible
C2,44,nonblind_diagnostic,54:66,182,11.526948269639368,295.82082182238474,944.7428777045272,0.9997425909844837,F,True,-1,True,True,26.257733642847892,eligible
C2,44,nonblind_diagnostic,54:66,183,11.534667079889463,296.8103105938571,944.6000588704804,0.9997425909844837,F,True,-1,True,True,26.40062260085738,eligible
C2,44,nonblind_diagnostic,54:66,184,11.542394342538724,297.7997993653295,944.4572400364336,0.9997425909844837,F,True,-1,True,True,26.543514966515346,eligible
C2,44,nonblind_diagnostic,54:66,185,11.55013007147832,298.7892881368018,944.3144212023869,0.9997425909844837,F,True,-1,True,True,26.686410685082926,eligible
C2,44,nonblind_diagnostic,54:66,186,11.557874280629871,299.77877690827427,944.1716023683401,0.9997425909844837,F,True,-1,True,True,26.8293097029865,eligible
C2,44,nonblind_diagnostic,54:66,187,11.565626983945542,300.76826567974655,944.0287835342934,0.9997425909844837,F,True,-1,True,True,26.972211967786105,eligible
C2,44,nonblind_diagnostic,54:66,188,11.573388195408118,301.7577544512188,943.8859647002465,0.9997425909844837,F,True,-1,True,True,27.099685611195056,eligible
C2,44,nonblind_diagnostic,54:66,189,11.581157929031095,302.74724322269134,943.7431458661998,0.9997425909844837,F,True,-1,True,True,26.991097723505778,eligible
C2,44,nonblind_diagnostic,54:66,190,11.588936198858757,303.7367319941636,943.600327032153,0.9997425909844837,F,True,-1,True,True,26.919225897312344,eligible
C2,44,nonblind_diagnostic,54:66,191,11.596723018966268,304.726220765636,943.4575081981063,0.9997425909844837,F,True,-1,True,True,26.884364600966,eligible
C2,44,nonblind_diagnostic,54:66,192,11.604518403459748,305.7157095371083,943.3146893640595,0.9997425909844837,F,True,-1,True,True,26.886657798642055,eligible
C2,44,nonblind_diagnostic,54:66,193,11.61232236647637,306.70519830858086,943.1718705300129,0.9997425909844837,F,True,-1,True,True,26.926095997402378,eligible
C2,44,nonblind_diagnostic,54:66,194,11.620134922184434,307.69468708005314,943.029051695966,0.9997425909844837,F,True,-1,True,True,27.002516442692034,eligible
C2,44,nonblind_diagnostic,54:66,195,11.62795608478346,308.6841758515254,942.8862328619193,0.9997425909844837,F,True,-1,True,True,27.11560645294188,eligible
C2,44,nonblind_diagnostic,54:66,196,11.635785868504271,309.67366462299776,942.7434140278726,0.9997425909844837,F,True,-1,True,True,27.258539462602425,eligible
C2,44,nonblind_diagnostic,54:66,197,11.643624287609082,310.66315339447016,942.6005951938258,0.9997425909844837,F,True,-1,True,True,27.39996153707751,eligible
C2,44,nonblind_diagnostic,54:66,198,11.651471356391582,311.65264216594267,942.4577763597791,0.9997425909844837,F,True,-1,True,True,27.290631858589652,eligible
C2,44,nonblind_diagnostic,54:66,199,11.659327089177022,312.6421309374149,942.3149575257322,0.9997425909844837,F,True,-1,True,True,27.217609240072548,eligible
C2,44,nonblind_diagnostic,54:66,200,11.66719150032231,313.63161970888734,942.1721386916856,0.9997425909844837,F,True,-1,True,True,27.18118630129915,eligible
C2,44,nonblind_diagnostic,54:66,201,11.675064604216088,314.6211084803596,942.0293198576386,0.9997425909844837,F,True,-1,True,True,27.18151017223041,eligible
C2,44,nonblind_diagnostic,54:66,202,11.68294641527882,315.610597251832,941.886501023592,0.9997425909844837,F,True,-1,True,True,27.218579541126488,eligible
C2,44,nonblind_diagnostic,54:66,203,11.690836947962893,316.6000860233043,941.7436821895451,0.9997425909844837,F,True,-1,True,True,27.292244680983444,eligible
C2,44,nonblind_diagnostic,54:66,204,11.69873621675269,317.58957479477664,941.6008633554985,0.9997425909844837,F,True,-1,True,True,27.402210453048248,eligible
C2,44,nonblind_diagnostic,54:66,205,11.706644236164687,318.5790635662492,941.4580445214516,0.9997425909844837,F,True,-1,True,True,27.545171973752517,eligible
C2,44,nonblind_diagnostic,54:66,206,11.714561020747535,319.5685523377214,941.3152256874049,0.9997425909844837,F,True,-1,True,True,27.68813601210112,eligible
C2,44,nonblind_diagnostic,54:66,207,11.722486585082164,320.5580411091939,941.1724068533582,0.9997425909844837,F,True,-1,True,True,27.831102529296025,eligible
C2,44,nonblind_diagnostic,54:66,208,11.730420943781853,321.54752988066616,941.0295880193113,0.9997425909844837,F,True,-1,True,True,27.974071487331702,eligible
C2,44,nonblind_diagnostic,54:66,209,11.738364111492336,322.53701865213867,940.8867691852645,0.9997425909844837,F,True,-1,True,True,27.87287952680754,eligible
C2,44,nonblind_diagnostic,54:66,210,11.74631610289188,323.52650742361084,940.7439503512179,0.9997425909844837,F,True,-1,True,True,27.800204377677908,eligible
C2,44,nonblind_diagnostic,54:66,211,11.754276932691386,324.51599619508323,940.6011315171711,0.9997425909844837,F,True,-1,True,True,27.763362265076307,eligible
C2,44,nonblind_diagnostic,54:66,212,11.762246615634472,325.5054849665556,940.4583126831244,0.9997425909844837,F,True,-1,True,True,27.76249584564606,eligible
C2,44,nonblind_diagnostic,54:66,213,11.770225166497566,326.4949737380281,940.3154938490776,0.9997425909844837,F,True,-1,True,True,27.797608483350313,eligible
C2,44,nonblind_diagnostic,54:66,214,11.778212600089997,327.4844625095003,940.1726750150309,0.9997425909844837,F,True,-1,True,True,27.86856418447487,eligible
C2,44,nonblind_diagnostic,54:66,215,11.786208931254095,328.47395128097276,940.0298561809842,0.9997425909844837,F,True,-1,True,True,27.975090214532237,eligible
C2,44,nonblind_diagnostic,54:66,216,11.794214174865264,329.46344005244515,939.8870373469372,0.9997425909844837,F,True,-1,True,True,28.116782280600948,eligible
C2,44,nonblind_diagnostic,54:66,217,11.802228345832097,330.45292882391766,939.7442185128906,0.9997425909844837,F,True,-1,True,True,28.259411387479567,eligible
C2,44,nonblind_diagnostic,54:66,218,11.810251459096447,331.44241759539,939.6013996788438,0.9997425909844837,F,True,-1,True,True,28.4020462912355,eligible
C2,44,nonblind_diagnostic,54:66,219,11.81828352963354,332.4319063668624,939.458580844797,0.9997425909844837,F,True,-1,True,True,28.5446869049693,eligible
C2,44,nonblind_diagnostic,54:66,220,11.82632457245205,333.4213951383347,939.3157620107503,0.9997425909844837,F,True,-1,True,True,28.68733314350653,eligible
C2,44,nonblind_diagnostic,54:66,221,11.834374602594206,334.4108839098068,939.1729431767035,0.9997425909844837,F,True,-1,True,True,28.596530249263047,eligible
C2,44,nonblind_diagnostic,54:66,222,11.842433635135881,335.40037268127946,939.0301243426567,0.9997425909844837,F,True,-1,True,True,28.524897377480748,eligible
C2,44,nonblind_diagnostic,54:66,223,11.850501685186682,336.38986145275175,938.88730550861,0.9997425909844837,F,True,-1,True,True,28.48818999148691,eligible
C2,44,nonblind_diagnostic,54:66,224,11.85857876789005,337.3793502242242,938.7444866745632,0.9997425909844837,F,True,-1,True,True,28.486543105170963,eligible
C2,44,nonblind_diagnostic,54:66,225,11.866664898423352,338.36883899569636,938.6016678405166,0.9997425909844837,F,True,-1,True,True,28.519962792242865,eligible
C2,44,nonblind_diagnostic,54:66,226,11.874760091997981,339.35832776716893,938.4588490064698,0.9997425909844837,F,True,-1,True,True,28.588326074737903,eligible
C2,44,nonblind_diagnostic,54:66,227,11.88286436385944,340.34781653864115,938.3160301724229,0.9997425909844837,F,True,-1,True,True,28.691383172245725,eligible
C2,44,nonblind_diagnostic,54:66,228,11.890977729287453,341.33730531011355,938.1732113383761,0.9997425909844837,F,True,-1,True,True,28.828762016676354,eligible
C2,44,nonblind_diagnostic,54:66,229,11.89910020359605,342.3267940815859,938.0303925043296,0.9997425909844837,F,True,-1,True,True,28.9714506510282,eligible
C2,44,nonblind_diagnostic,54:66,230,11.907231802133662,343.31628285305817,937.8875736702826,0.9997425909844837,F,True,-1,True,True,28.896030679733755,eligible
C2,44,nonblind_diagnostic,54:66,231,11.915372540283231,344.3057716245308,937.744754836236,0.9997425909844837,F,True,-1,True,True,28.823308554994316,eligible
C2,44,nonblind_diagnostic,54:66,232,11.923522433462288,345.295260396003,937.6019360021891,0.9997425909844837,F,True,-1,True,True,28.785145710334408,eligible
C2,44,nonblind_diagnostic,54:66,233,11.931681497123071,346.2847491674753,937.4591171681421,0.9997425909844837,F,True,-1,True,True,28.78167961690933,eligible
C2,44,nonblind_diagnostic,54:66,234,11.939849746752603,347.2742379389478,937.3162983340956,0.9997425909844837,F,True,-1,True,True,28.812922796413424,eligible
C2,44,nonblind_diagnostic,54:66,235,11.948027197872804,348.26372671042003,937.1734795000489,0.9997425909844837,F,True,-1,True,True,28.878762595897552,eligible
C2,44,nonblind_diagnostic,54:66,236,11.956213866040585,349.2532154818925,937.0306606660021,0.9997425909844837,F,True,-1,True,True,28.978963207209553,eligible
C2,44,nonblind_diagnostic,54:66,237,11.964409766847943,350.2427042533651,936.8878418319553,0.9997425909844837,F,True,-1,True,True,29.113169847267677,eligible
C2,44,nonblind_diagnostic,54:66,238,11.972614915922064,351.23219302483733,936.7450229979084,0.9997425909844837,F,True,-1,True,True,29.054206866507005,eligible
C2,44,nonblind_diagnostic,54:66,239,11.980829328925422,352.22168179630955,936.6022041638619,0.9997425909844837,F,True,-1,True,True,28.97971306990607,eligible
C2,44,nonblind_diagnostic,54:66,240,11.989053021555879,353.21117056778206,936.459385329815,0.9997425909844837,F,True,-1,True,True,28.939584880969853,eligible
C2,44,nonblind_diagnostic,54:66,241,11.997286009546782,354.2006593392543,936.3165664957683,0.9997425909844837,F,True,-1,True,True,28.93396528386802,eligible
C2,44,nonblind_diagnostic,54:66,242,12.005528308667067,355.19014811072674,936.1737476617214,0.9997425909844837,F,True,-1,True,True,28.962874365465904,eligible
C2,44,nonblind_diagnostic,54:66,243,12.013779934721358,356.17963688219913,936.0309288276748,0.9997425909844837,F,True,-1,True,True,29.026208957903805,eligible
C2,44,nonblind_diagnostic,54:66,244,12.022040903550065,357.1691256536715,935.888109993628,0.9997425909844837,F,True,-1,True,True,29.123744469461542,eligible
C2,44,nonblind_diagnostic,54:66,245,12.030311231029495,358.15861442514387,935.7452911595814,0.9997425909844837,F,True,-1,True,True,29.25513882847818,eligible
C2,44,nonblind_diagnostic,54:66,246,12.03859093307194,359.14810319661643,935.6024723255343,0.9997425909844837,F,True,-1,True,True,29.397900740151883,eligible
C2,44,nonblind_diagnostic,54:66,247,12.04688002562579,360.1375919680885,935.4596534914875,0.9997425909844837,F,True,-1,True,True,29.540666942245352,eligible
C2,44,nonblind_diagnostic,54:66,248,12.05517852467563,361.1270807395609,935.3168346574408,0.9997425909844837,F,True,-1,True,True,29.683437372852776,eligible
C2,44,nonblind_diagnostic,54:66,249,12.063486446242347,362.1165695110331,935.1740158233943,0.9997425909844837,F,True,-1,True,True,29.826211971251706,eligible
C2,44,nonblind_diagnostic,54:66,250,12.07180380638323,363.1060582825056,935.0311969893474,0.9997425909844837,F,True,-1,True,True,29.777810199445522,eligible
C2,44,nonblind_diagnostic,54:66,251,12.080130621192067,364.09554705397795,934.8883781553006,0.9997425909844837,F,True,-1,True,True,29.704361481448565,eligible
C2,44,nonblind_diagnostic,54:66,252,12.088466906799267,365.0850358254503,934.7455593212538,0.9997425909844837,F,True,-1,True,True,29.66444289487644,eligible
C2,44,nonblind_diagnostic,54:66,253,12.096812679371945,366.0745245969228,934.602740487207,0.9997425909844837,F,True,-1,True,True,29.65818983017441,eligible
C2,44,nonblind_diagnostic,54:66,254,12.105167955114036,367.06401336839514,934.4599216531606,0.9997425909844837,F,True,-1,True,True,29.685623561555424,eligible
C2,44,nonblind_diagnostic,54:66,255,12.113532750266398,368.0535021398675,934.3171028191136,0.9997425909844837,F,True,-1,True,True,29.74665088662204,eligible
C2,44,nonblind_diagnostic,54:66,256,12.12190708110692,369.0429909113399,934.1742839850668,0.9997425909844837,F,True,-1,True,True,29.841065701466135,eligible
C2,44,nonblind_diagnostic,54:66,257,12.130290963950623,370.03247968281227,934.03146515102,0.9997425909844837,F,True,-1,True,True,29.96855244959827,eligible
C2,44,nonblind_diagnostic,54:66,258,12.138684415149767,371.02196845428455,933.8886463169732,0.9997425909844837,F,True,-1,True,True,30.111361696829885,eligible
C2,44,nonblind_diagnostic,54:66,259,12.14708745109396,372.011457225757,933.7458274829265,0.9997425909844837,F,True,-1,True,True,30.077339306629515,eligible
C2,44,nonblind_diagnostic,54:66,260,12.155500088210262,373.0009459972293,933.6030086488796,0.9997425909844837,F,True,-1,True,True,30.00286235388228,eligible
C2,44,nonblind_diagnostic,54:66,261,12.163922342963296,373.9904347687018,933.4601898148328,0.9997425909844837,F,True,-1,True,True,29.961577554967622,eligible
C2,44,nonblind_diagnostic,54:66,262,12.172354231855348,374.9799235401741,933.3173709807863,0.9997425909844837,F,True,-1,True,True,29.953622155510864,eligible
C2,44,nonblind_diagnostic,54:66,263,12.18079577142648,375.9694123116463,933.1745521467395,0.9997425909844837,F,True,-1,True,True,29.979022688946362,eligible
C2,44,nonblind_diagnostic,54:66,264,12.189246978254642,376.95890108311875,933.0317333126927,0.9997425909844837,F,True,-1,True,True,30.03769453586718,eligible
C2,44,nonblind_diagnostic,54:66,265,12.19770786895577,377.94838985459114,932.888914478646,0.9997425909844837,F,True,-1,True,True,30.129443326623537,eligible
C2,44,nonblind_diagnostic,54:66,266,12.206178460183907,378.9378786260636,932.7460956445992,0.9997425909844837,F,True,-1,True,True,30.25396813330175,eligible
C2,44,nonblind_diagnostic,54:66,267,12.214658768631296,379.92736739753576,932.6032768105525,0.9997425909844837,F,True,-1,True,True,30.235566245837678,eligible
C2,44,nonblind_diagnostic,54:66,268,12.223148811028512,380.91685616900827,932.4604579765057,0.9997425909844837,F,True,-1,True,True,30.159396244393175,eligible
C2,44,nonblind_diagnostic,54:66,269,12.231648604144551,381.90634494048055,932.3176391424588,0.9997425909844837,F,True,-1,True,True,30.11623927290162,eligible
C2,44,nonblind_diagnostic,54:66,270,12.240158164786955,382.8958337119532,932.1748203084122,0.9997425909844837,F,True,-1,True,True,30.106237303180883,eligible
C2,44,nonblind_diagnostic,54:66,271,12.248677509801908,383.8853224834252,932.0320014743655,0.9997425909844837,F,True,-1,True,True,30.129423354333987,eligible
C2,44,nonblind_diagnostic,54:66,272,12.25720665607437,384.87481125489785,931.8891826403186,0.9997425909844837,F,True,-1,True,True,30.185720949985594,eligible
C2,44,nonblind_diagnostic,54:66,273,12.26574562052816,385.8643000263701,931.7463638062719,0.9997425909844837,F,True,-1,True,True,30.274945373568503,eligible
C2,44,nonblind_diagnostic,54:66,274,12.274294420126093,386.8537887978426,931.6035449722252,0.9997425909844837,F,True,-1,True,True,30.396806673911833,eligible
C2,44,nonblind_diagnostic,54:66,275,12.282853071870075,387.84327756931475,931.4607261381785,0.9997425909844837,F,True,-1,True,True,30.5396759957864,eligible
C2,44,nonblind_diagnostic,54:66,276,12.291421592801232,388.83276634078726,931.3179073041316,0.9997425909844837,F,True,-1,True,True,30.682548448501375,eligible
C2,44,nonblind_diagnostic,54:66,277,12.3,389.82225511225954,931.1750884700848,0.49987129549224185,F,True,-1,True,True,30.825423988523124,eligible
C2,45,nonblind_diagnostic,42:54,0,9.535240958451993,-1.0671356009773117e-13,781.657862232929,0.4988485998656021,outside,False,-1,False,True,17.30263538492873,outside_image
C2,45,nonblind_diagnostic,42:54,1,9.541433639903532,0.9924659388540219,781.5558276183834,0.9976971997312042,U,True,-1,False,True,16.959598880020984,excluded_contour_domain
C2,45,nonblind_diagnostic,42:54,2,9.547632703403176,1.9849318777085636,781.4537930038377,0.9976971997312042,U,True,-1,False,True,16.66930101963879,excluded_contour_domain
C2,45,nonblind_diagnostic,42:54,3,9.553838158821819,2.9773978165632355,781.3517583892922,0.9976971997312042,U,True,-1,False,True,16.43453675039706,excluded_contour_domain
C2,45,nonblind_diagnostic,42:54,4,9.560050016050718,3.9698637554173604,781.2497237747466,0.9976971997312042,F,True,-1,False,True,16.257711995286456,excluded_contour_domain
C2,45,nonblind_diagnostic,42:54,5,9.56626828500156,4.96232969427171,781.1476891602008,0.9976971997312042,F,True,-1,False,True,16.140731081581116,excluded_contour_domain
C2,45,nonblind_diagnostic,42:54,6,9.57249297560649,5.954795633125982,781.0456545456553,0.9976971997312042,F,True,-1,False,True,16.08489974413421,excluded_contour_domain
C2,45,nonblind_diagnostic,42:54,7,9.578724097818188,6.947261571980287,780.9436199311098,0.9976971997312042,F,True,-1,False,True,16.090854517846,excluded_contour_domain
C2,45,nonblind_diagnostic,42:54,8,9.584961661609908,7.939727510834402,780.8415853165641,0.9976971997312042,F,True,-1,True,True,16.158527094225757,eligible
C2,45,nonblind_diagnostic,42:54,9,9.591205676975536,8.932193449688933,780.7395507020183,0.9976971997312042,F,True,-1,True,True,16.07992462692679,eligible
C2,45,nonblind_diagnostic,42:54,10,9.597456153929636,9.924659388543239,780.6375160874728,0.9976971997312042,F,True,-1,True,True,15.893845131435164,eligible
C2,45,nonblind_diagnostic,42:54,11,9.603713102507522,10.917125327397772,780.5354814729271,0.9976971997312042,F,True,-1,True,True,15.768812559008758,eligible
C2,45,nonblind_diagnostic,42:54,12,9.609976532765286,11.909591266252002,780.4334468583816,0.9976971997312042,F,True,-1,True,True,15.706284900795634,eligible
C2,45,nonblind_diagnostic,42:54,13,9.616246454779874,12.902057205106344,780.3314122438358,0.9976971997312042,F,True,-1,True,True,15.707008647526713,eligible
C2,45,nonblind_diagnostic,42:54,14,9.62252287864913,13.894523143960638,780.2293776292904,0.9976971997312042,F,True,-1,True,True,15.770975091182082,eligible
C2,45,nonblind_diagnostic,42:54,15,9.628805814491852,14.886989082814981,780.1273430147447,0.9976971997312042,F,True,-1,True,True,15.873059290476304,eligible
C2,45,nonblind_diagnostic,42:54,16,9.635095272447842,15.879455021669369,780.0253084001993,0.9976971997312042,F,True,-1,True,True,15.97514640936179,eligible
C2,45,nonblind_diagnostic,42:54,17,9.641391262677967,16.871920960523543,779.9232737856535,0.9976971997312042,F,True,-1,True,True,16.07723639222271,eligible
C2,45,nonblind_diagnostic,42:54,18,9.647693795364216,17.864386899378097,779.821239171108,0.9976971997312042,F,True,-1,True,True,16.024022660367944,eligible
C2,45,nonblind_diagnostic,42:54,19,9.65400288070974,18.856852838232342,779.7192045565623,0.9976971997312042,F,True,-1,True,True,15.832510154370635,eligible
C2,45,nonblind_diagnostic,42:54,20,9.660318528938927,19.84931877708666,779.6171699420167,0.9976971997312042,F,True,-1,True,True,15.702173504365943,eligible
C2,45,nonblind_diagnostic,42:54,21,9.666640750297441,20.84178471594094,779.5151353274711,0.9976971997312042,F,True,-1,True,True,15.63454275439103,eligible
C2,45,nonblind_diagnostic,42:54,22,9.672969555052287,21.834250654795095,779.4131007129255,0.9976971997312042,F,True,-1,True,True,15.630431885307894,eligible
C2,45,nonblind_diagnostic,42:54,23,9.679304953491865,22.826716593649806,779.3110660983799,0.9976971997312042,F,True,-1,True,True,15.689890825251796,eligible
C2,45,nonblind_diagnostic,42:54,24,9.685646955926018,23.81918253250413,779.2090314838342,0.9976971997312042,F,True,-1,True,True,15.812202462025923,eligible
C2,45,nonblind_diagnostic,42:54,25,9.6919955726861,24.811648471358357,779.1069968692885,0.9976971997312042,F,True,-1,True,True,15.995925065358971,eligible
C2,45,nonblind_diagnostic,42:54,26,9.698350814125023,25.80411441021286,779.004962254743,0.9976971997312042,F,True,-1,True,True,16.23897441643901,eligible
C2,45,nonblind_diagnostic,42:54,27,9.704712690617317,26.796580349066986,778.9029276401973,0.9976971997312042,F,True,-1,True,True,16.538735166379755,eligible
C2,45,nonblind_diagnostic,42:54,28,9.71108121255919,27.789046287921288,778.8008930256517,0.9976971997312042,F,True,-1,True,True,16.514275355203804,eligible
C2,45,nonblind_diagnostic,42:54,29,9.717456390368573,28.781512226775682,778.6988584111061,0.9976971997312042,F,True,-1,True,True,16.451410428930135,eligible
C2,45,nonblind_diagnostic,42:54,30,9.723838234485191,29.773978165630115,778.5968237965604,0.9976971997312042,F,True,-1,True,True,16.44893063695745,eligible
C2,45,nonblind_diagnostic,42:54,31,9.730226755370609,30.766444104484325,778.4947891820148,0.9976971997312042,F,True,-1,True,True,16.5068631939102,eligible
C2,45,nonblind_diagnostic,42:54,32,9.736621963508297,31.75891004333877,778.3927545674693,0.9976971997312042,F,True,-1,True,True,16.60899531047904,eligible
C2,45,nonblind_diagnostic,42:54,33,9.74302386940368,32.751375982193096,778.2907199529235,0.9976971997312042,F,True,-1,True,True,16.711129632489225,eligible
C2,45,nonblind_diagnostic,42:54,34,9.749432483584203,33.74384192104722,778.1886853383781,0.9976971997312042,F,True,-1,True,True,16.813266119748256,eligible
C2,45,nonblind_diagnostic,42:54,35,9.755847816599385,34.736307859901764,778.0866507238322,0.9976971997312042,F,True,-1,True,True,16.915404733035338,eligible
C2,45,nonblind_diagnostic,42:54,36,9.762269879020872,35.72877379875595,777.984616109287,0.9976971997312042,F,True,-1,True,True,17.017545434068236,eligible
C2,45,nonblind_diagnostic,42:54,37,9.768698681442505,36.721239737610354,777.8825814947412,0.9976971997312042,F,True,-1,True,True,17.119688185480012,eligible
C2,45,nonblind_diagnostic,42:54,38,9.775134234480374,37.71370567646466,777.7805468801956,0.9976971997312042,F,True,-1,True,True,17.22183295078747,eligible
C2,45,nonblind_diagnostic,42:54,39,9.781576548772872,38.70617161531914,777.6785122656499,0.9976971997312042,F,True,-1,True,True,17.323979694368255,eligible
C2,45,nonblind_diagnostic,42:54,40,9.788025634980757,39.69863755417321,777.5764776511044,0.9976971997312042,F,True,-1,True,True,17.437523490294332,eligible
C2,45,nonblind_diagnostic,42:54,41,9.794481503787217,40.69110349302778,777.4744430365587,0.9976971997312042,F,True,-1,True,True,17.528278978007116,eligible
C2,45,nonblind_diagnostic,42:54,42,9.800944165897917,41.68356943188199,777.3724084220131,0.9976971997312042,F,True,-1,True,True,17.630431450896314,eligible
C2,45,nonblind_diagnostic,42:54,43,9.807413632041067,42.67603537073632,777.2703738074675,0.9976971997312042,F,True,-1,True,True,17.73258576767492,eligible
C2,45,nonblind_diagnostic,42:54,44,9.813889912967479,43.668501309590674,777.1683391929217,0.9976971997312042,F,True,-1,True,True,17.834741896658727,eligible
C2,45,nonblind_diagnostic,42:54,45,9.820373019450624,44.66096724844504,777.0663045783762,0.9976971997312042,F,True,-1,True,True,17.936899806884096,eligible
C2,45,nonblind_diagnostic,42:54,46,9.826862962286697,45.65343318729939,776.9642699638307,0.9976971997312042,F,True,-1,True,True,18.03905946808882,eligible
C2,45,nonblind_diagnostic,42:54,47,9.833359752294669,46.64589912615363,776.8622353492851,0.9976971997312042,F,True,-1,True,True,18.14122085069196,eligible
C2,45,nonblind_diagnostic,42:54,48,9.83986340031636,47.638365065007946,776.7602007347396,0.9976971997312042,F,True,-1,True,True,18.243383925774356,eligible
C2,45,nonblind_diagnostic,42:54,49,9.846373917216486,48.63083100386215,776.6581661201939,0.9976971997312042,F,True,-1,True,True,18.345548665060782,eligible
C2,45,nonblind_diagnostic,42:54,50,9.852891313882726,49.62329694271686,776.5561315056482,0.9976971997312042,F,True,-1,True,True,18.25369781207188,eligible
C2,45,nonblind_diagnostic,42:54,51,9.859415601225777,50.615762881571015,776.4540968911026,0.9976971997312042,F,True,-1,True,True,18.085360129602773,eligible
C2,45,nonblind_diagnostic,42:54,52,9.865946790179427,51.60822882042544,776.3520622765569,0.9976971997312042,F,True,-1,True,True,17.970915881643815,eligible
C2,45,nonblind_diagnostic,42:54,53,9.872484891700603,52.600694759279506,776.2500276620112,0.9976971997312042,F,True,-1,True,True,17.911398148595637,eligible
C2,45,nonblind_diagnostic,42:54,54,9.879029916769444,53.593160698133985,776.1479930474657,0.9976971997312042,F,True,-1,True,True,17.90735460794277,eligible
C2,45,nonblind_diagnostic,42:54,55,9.885581876389347,54.58562663698834,776.04595843292,0.9976971997312042,F,True,-1,True,True,17.958822730803124,eligible
C2,45,nonblind_diagnostic,42:54,56,9.892140781587045,55.578092575842554,775.9439238183746,0.9976971997312042,F,True,-1,True,True,18.061004760290007,eligible
C2,45,nonblind_diagnostic,42:54,57,9.898706643412662,56.570558514697055,775.8418892038288,0.9976971997312042,F,True,-1,True,True,18.16318825744333,eligible
C2,45,nonblind_diagnostic,42:54,58,9.90527947293977,57.56302445355142,775.7398545892833,0.9976971997312042,F,True,-1,True,True,18.09622398987607,eligible
C2,45,nonblind_diagnostic,42:54,59,9.911859281265457,58.55549039240567,775.6378199747376,0.9976971997312042,F,True,-1,True,True,17.922024463816026,eligible
C2,45,nonblind_diagnostic,42:54,60,9.918446079510392,59.54795633125979,775.535785360192,0.9976971997312042,F,True,-1,True,True,17.802117808737634,eligible
C2,45,nonblind_diagnostic,42:54,61,9.925039878818884,60.540422270114426,775.4337507456464,0.9976971997312042,F,True,-1,True,True,17.737605122322087,eligible
C2,45,nonblind_diagnostic,42:54,62,9.93164069035894,61.532888208968544,775.3317161311008,0.9976971997312042,F,True,-1,True,True,17.72909111825492,eligible
C2,45,nonblind_diagnostic,42:54,63,9.938248525322338,62.52535414782293,775.2296815165552,0.9976971997312042,F,True,-1,True,True,17.77665625723944,eligible
C2,45,nonblind_diagnostic,42:54,64,9.944863394924685,63.51782008667726,775.1276469020095,0.9976971997312042,F,True,-1,True,True,17.878856303691897,eligible
C2,45,nonblind_diagnostic,42:54,65,9.951485310405477,64.51028602553198,775.0256122874638,0.9976971997312042,F,True,-1,True,True,17.84003356882968,eligible
C2,45,nonblind_diagnostic,42:54,66,9.958114283028168,65.50275196438601,774.9235776729184,0.9976971997312042,F,True,-1,True,True,17.658693026005167,eligible
C2,45,nonblind_diagnostic,42:54,67,9.964750324080237,66.49521790324039,774.8215430583728,0.9976971997312042,F,True,-1,True,True,17.532338133891553,eligible
C2,45,nonblind_diagnostic,42:54,68,9.97139344487324,67.48768384209458,774.7195084438271,0.9976971997312042,F,True,-1,True,True,17.462162549359018,eligible
C2,45,nonblind_diagnostic,42:54,69,9.978043656742887,68.480149780949,774.6174738292815,0.9976971997312042,F,True,-1,True,True,17.287449498842623,eligible
C2,45,nonblind_diagnostic,42:54,70,9.984700971049097,69.4726157198033,774.5154392147358,0.9976971997312042,F,True,-1,True,True,17.09496863710613,eligible
C2,45,nonblind_diagnostic,42:54,71,9.991365399176074,70.46508165865761,774.4134046001903,0.9976971997312042,F,True,-1,True,True,16.95909179870625,eligible
C2,45,nonblind_diagnostic,42:54,72,9.998036952532354,71.45754759751196,774.3113699856444,0.9976971997312042,F,True,-1,True,True,16.881185858077824,eligible
C2,45,nonblind_diagnostic,42:54,73,10.00471564255089,72.45001353636633,774.209335371099,0.9976971997312042,F,True,-1,True,True,16.86205434452385,eligible
C2,45,nonblind_diagnostic,42:54,74,10.011401480689102,73.44247947522062,774.1073007565535,0.9976971997312042,F,True,-1,True,True,16.901896842221223,eligible
C2,45,nonblind_diagnostic,42:54,75,10.018094478428955,74.43494541407514,774.0052661420077,0.9976971997312042,F,True,-1,True,True,17.000298715528924,eligible
C2,45,nonblind_diagnostic,42:54,76,10.024794647277009,75.42741135292918,773.9032315274623,0.9976971997312042,F,True,-1,True,True,17.10211018173411,eligible
C2,45,nonblind_diagnostic,42:54,77,10.031501998764506,76.41987729178366,773.8011969129166,0.9976971997312042,F,True,-1,True,True,17.20392759135036,eligible
C2,45,nonblind_diagnostic,42:54,78,10.038216544447414,77.41234323063807,773.6991622983708,0.9976971997312042,F,True,-1,True,True,17.305750839474392,eligible
C2,45,nonblind_diagnostic,42:54,79,10.044938295906508,78.40480916949221,773.5971276838254,0.9976971997312042,F,True,-1,True,True,17.407579823650977,eligible
C2,45,nonblind_diagnostic,42:54,80,10.051667264747437,79.39727510834688,773.4950930692797,0.9976971997312042,F,True,-1,True,True,17.50941444380395,eligible
C2,45,nonblind_diagnostic,42:54,81,10.058403462600776,80.38974104720094,773.393058454734,0.9976971997312042,F,True,-1,True,True,17.611254602165218,eligible
C2,45,nonblind_diagnostic,42:54,82,10.06514690112211,81.38220698605517,773.2910238401885,0.9976971997312042,F,True,-1,True,True,17.71310020321012,eligible
C2,45,nonblind_diagnostic,42:54,83,10.071897591992096,82.37467292490945,773.1889892256428,0.9976971997312042,F,True,-1,True,True,17.814951153593686,eligible
C2,45,nonblind_diagnostic,42:54,84,10.078655546916524,83.36713886376386,773.0869546110973,0.9976971997312042,F,True,-1,True,True,17.96514023818631,eligible
C2,45,nonblind_diagnostic,42:54,85,10.085420777626393,84.35960480261856,772.9849199965518,0.9976971997312042,F,True,-1,True,True,18.026458707673843,eligible
C2,45,nonblind_diagnostic,42:54,86,10.09219329587797,85.35207074147259,772.882885382006,0.9976971997312042,F,True,-1,True,True,18.12053519873336,eligible
C2,45,nonblind_diagnostic,42:54,87,10.098973113452871,86.34453668032717,772.7808507674604,0.9976971997312042,F,True,-1,True,True,18.222406654491056,eligible
C2,45,nonblind_diagnostic,42:54,88,10.105760242158116,87.33700261918136,772.6788161529148,0.9976971997312042,F,True,-1,True,True,18.324283023464535,eligible
C2,45,nonblind_diagnostic,42:54,89,10.112554693826208,88.32946855803573,772.576781538369,0.9976971997312042,F,True,-1,True,True,18.426164224160036,eligible
C2,45,nonblind_diagnostic,42:54,90,10.119356480315192,89.32193449688988,772.4747469238234,0.9976971997312042,F,True,-1,True,True,18.528050176871748,eligible
C2,45,nonblind_diagnostic,42:54,91,10.126165613508734,90.31440043574446,772.3727123092779,0.9976971997312042,F,True,-1,True,True,18.52153648422687,eligible
C2,45,nonblind_diagnostic,42:54,92,10.13298210531618,91.30686637459868,772.2706776947321,0.9976971997312042,F,True,-1,True,True,18.33996653840851,eligible
C2,45,nonblind_diagnostic,42:54,93,10.139805967672636,92.29933231345288,772.1686430801867,0.9976971997312042,F,True,-1,True,True,18.211321504164033,eligible
C2,45,nonblind_diagnostic,42:54,94,10.146637212539032,93.29179825230725,772.066608465641,0.9976971997312042,F,True,-1,True,True,18.136727616381744,eligible
C2,45,nonblind_diagnostic,42:54,95,10.153475851902186,94.28426419116165,771.9645738510955,0.9976971997312042,F,True,-1,True,True,18.116852533989455,eligible
C2,45,nonblind_diagnostic,42:54,96,10.160321897774887,95.27673013001593,771.8625392365499,0.9976971997312042,F,True,-1,True,True,18.15187599810332,eligible
C2,45,nonblind_diagnostic,42:54,97,10.167175362195955,96.26919606887016,771.7605046220042,0.9976971997312042,F,True,-1,True,True,18.2414817974699,eligible
C2,45,nonblind_diagnostic,42:54,98,10.17403625723032,97.26166200772455,771.6584700074587,0.9976971997312042,F,True,-1,True,True,18.266285484350675,eligible
C2,45,nonblind_diagnostic,42:54,99,10.180904594969082,98.2541279465789,771.5564353929129,0.9976971997312042,F,True,-1,True,True,18.077644972425585,eligible
C2,45,nonblind_diagnostic,42:54,100,10.187780387529592,99.2465938854334,771.4544007783675,0.9976971997312042,F,True,-1,True,True,17.942578117623395,eligible
C2,45,nonblind_diagnostic,42:54,101,10.194663647055519,100.23905982428785,771.3523661638216,0.9976971997312042,F,True,-1,True,True,17.86230026255554,eligible
C2,45,nonblind_diagnostic,42:54,102,10.201554385716918,101.23152576314178,771.2503315492761,0.9976971997312042,F,True,-1,True,True,17.837551155835676,eligible
C2,45,nonblind_diagnostic,42:54,103,10.208452615710312,102.22399170199627,771.1482969347304,0.9976971997312042,F,True,-1,True,True,17.868561531615416,eligible
C2,45,nonblind_diagnostic,42:54,104,10.215358349258754,103.21645764085069,771.046262320185,0.9976971997312042,F,True,-1,True,True,17.955042483544652,eligible
C2,45,nonblind_diagnostic,42:54,105,10.2222715986119,104.20892357970497,770.9442277056394,0.9976971997312042,F,True,-1,True,True,18.05698098265481,eligible
C2,45,nonblind_diagnostic,42:54,106,10.229192376046093,105.2013895185595,770.8421930910936,0.9976971997312042,F,True,-1,True,True,18.15892368724852,eligible
C2,45,nonblind_diagnostic,42:54,107,10.236120693864414,106.19385545741362,770.7401584765481,0.9976971997312042,F,True,-1,True,True,18.210256556789073,eligible
C2,45,nonblind_diagnostic,42:54,108,10.243056564396781,107.18632139626796,770.6381238620024,0.9976971997312042,F,True,-1,True,True,18.0168322612827,eligible
C2,45,nonblind_diagnostic,42:54,109,10.25,108.17878733512235,770.5360892474569,0.4988485998656021,F,True,-1,True,True,17.877075963451443,eligible
C2,45,nonblind_diagnostic,54:66,0,10.25,108.17878733512235,770.5360892474569,0.4983869384773349,F,True,-1,True,True,17.877075963451443,eligible
C2,45,nonblind_diagnostic,54:66,1,10.256484333893857,109.1640463963737,770.3850172646097,0.9967738769546698,F,True,-1,True,True,17.84181183652656,eligible
C2,45,nonblind_diagnostic,54:66,2,10.262975178107693,110.149305457625,770.2339452817624,0.9967738769546698,F,True,-1,True,True,17.862188290928636,eligible
C2,45,nonblind_diagnostic,54:66,3,10.269472542451046,111.13456451887626,770.0828732989153,0.9967738769546698,F,True,-1,True,True,17.938015715087083,eligible
C2,45,nonblind_diagnostic,54:66,4,10.275976436753176,112.11982358012762,769.9318013160679,0.9967738769546698,F,True,-1,True,True,18.068595998925886,eligible
C2,45,nonblind_diagnostic,54:66,5,10.282486870863105,113.1050826413792,769.7807293332208,0.9967738769546698,F,True,-1,True,True,18.219573704971214,eligible
C2,45,nonblind_diagnostic,54:66,6,10.289003854649673,114.09034170263035,769.6296573503737,0.9967738769546698,F,True,-1,True,True,18.370564789573386,eligible
C2,45,nonblind_diagnostic,54:66,7,10.29552739800159,115.07560076388167,769.4785853675265,0.9967738769546698,F,True,-1,True,True,18.49590433128304,eligible
C2,45,nonblind_diagnostic,54:66,8,10.302057510827481,116.06085982513292,769.3275133846794,0.9967738769546698,F,True,-1,True,True,18.349710865179116,eligible
C2,45,nonblind_diagnostic,54:66,9,10.308594203055936,117.04611888638429,769.176441401832,0.9967738769546698,F,True,-1,True,True,18.256845756124896,eligible
C2,45,nonblind_diagnostic,54:66,10,10.315137484635564,118.03137794763589,769.0253694189848,0.9967738769546698,F,True,-1,True,True,18.218124530635638,eligible
C2,45,nonblind_diagnostic,54:66,11,10.321687365535038,119.01663700888692,768.8742974361377,0.9967738769546698,F,True,-1,True,True,18.233892129441866,eligible
C2,45,nonblind_diagnostic,54:66,12,10.328243855743157,120.00189607013844,768.7232254532904,0.9967738769546698,F,True,-1,True,True,18.30400773836311,eligible
C2,45,nonblind_diagnostic,54:66,13,10.33480696526888,120.98715513138973,768.5721534704431,0.9967738769546698,F,True,-1,True,True,18.4278510062229,eligible
C2,45,nonblind_diagnostic,54:66,14,10.341376704141393,121.97241419264103,768.4210814875961,0.9967738769546698,F,True,-1,True,True,18.420170274333515,eligible
C2,45,nonblind_diagnostic,54:66,15,10.347953082410148,122.95767325389232,768.2700095047489,0.9967738769546698,F,True,-1,True,True,18.151775339347232,eligible
C2,45,nonblind_diagnostic,54:66,16,10.354536110144926,123.94293231514384,768.1189375219017,0.9967738769546698,F,True,-1,True,True,17.93483591584791,eligible
C2,45,nonblind_diagnostic,54:66,17,10.361125797435871,124.92819137639513,767.9678655390544,0.9967738769546698,F,True,-1,True,True,17.771236507632306,eligible
C2,45,nonblind_diagnostic,54:66,18,10.367722154393563,125.91345043764642,767.8167935562072,0.9967738769546698,F,True,-1,True,True,17.662459370528587,eligible
C2,45,nonblind_diagnostic,54:66,19,10.374325191149053,126.89870949889776,767.6657215733601,0.9967738769546698,F,True,-1,True,True,17.609520474575703,eligible
C2,45,nonblind_diagnostic,54:66,20,10.38093491785392,127.88396856014886,767.5146495905129,0.9967738769546698,F,True,-1,True,True,17.612923323428966,eligible
C2,45,nonblind_diagnostic,54:66,21,10.38755134468033,128.86922762140034,767.3635776076657,0.9967738769546698,F,True,-1,True,True,17.672635371472925,eligible
C2,45,nonblind_diagnostic,54:66,22,10.394174481821077,129.8544866826516,767.2125056248185,0.9967738769546698,F,True,-1,True,True,17.78808956219411,eligible
C2,45,nonblind_diagnostic,54:66,23,10.400804339489639,130.83974574390297,767.0614336419712,0.9967738769546698,F,True,-1,True,True,17.93928215977436,eligible
C2,45,nonblind_diagnostic,54:66,24,10.407440927920236,131.82500480515438,766.9103616591241,0.9967738769546698,F,True,-1,True,True,18.090484753646244,eligible
C2,45,nonblind_diagnostic,54:66,25,10.414084257367877,132.81026386640582,766.7592896762768,0.9967738769546698,F,True,-1,True,True,18.241697095236866,eligible
C2,45,nonblind_diagnostic,54:66,26,10.420734338108412,133.79552292765692,766.6082176934298,0.9967738769546698,F,True,-1,True,True,18.3929189441313,eligible
C2,45,nonblind_diagnostic,54:66,27,10.427391180438592,134.7807819889083,766.4571457105826,0.9967738769546698,F,True,-1,True,True,18.54415006774244,eligible
C2,45,nonblind_diagnostic,54:66,28,10.434054794676115,135.76604105015986,766.3060737277352,0.9967738769546698,F,True,-1,True,True,18.695390240994744,eligible
C2,45,nonblind_diagnostic,54:66,29,10.440725191159679,136.75130011141104,766.1550017448882,0.9967738769546698,F,True,-1,True,True,18.846639246023457,eligible
C2,45,nonblind_diagnostic,54:66,30,10.447402380249043,137.7365591726624,766.003929762041,0.9967738769546698,F,True,-1,True,True,18.997896871890294,eligible
C2,45,nonblind_diagnostic,54:66,31,10.454086372325072,138.7218182339137,765.8528577791939,0.9967738769546698,F,True,-1,True,True,19.149162914309326,eligible
C2,45,nonblind_diagnostic,54:66,32,10.460777177789799,139.70707729516502,765.7017857963465,0.9967738769546698,F,True,-1,True,True,19.30043717538808,eligible
C2,45,nonblind_diagnostic,54:66,33,10.467474807066468,140.69233635641612,765.5507138134993,0.9967738769546698,F,True,-1,True,True,19.197589800410533,eligible
C2,45,nonblind_diagnostic,54:66,34,10.474179270599603,141.67759541766765,765.3996418306523,0.9967738769546698,F,True,-1,True,True,19.095981394036492,eligible
C2,45,nonblind_diagnostic,54:66,35,10.480890578855048,142.66285447891903,765.248569847805,0.9967738769546698,F,True,-1,True,True,19.046067126352305,eligible
C2,45,nonblind_diagnostic,54:66,36,10.48760874232003,143.64811354017036,765.0974978649576,0.9967738769546698,F,True,-1,True,True,19.04825338148386,eligible
C2,45,nonblind_diagnostic,54:66,37,10.494333771503207,144.63337260142174,764.9464258821105,0.9967738769546698,F,True,-1,True,True,19.102522270958207,eligible
C2,45,nonblind_diagnostic,54:66,38,10.501065676934735,145.61863166267295,764.7953538992634,0.9967738769546698,F,True,-1,True,True,18.983368110929344,eligible
C2,45,nonblind_diagnostic,54:66,39,10.507804469166308,146.60389072392425,764.6442819164163,0.9967738769546698,F,True,-1,True,True,18.87480233356635,eligible
C2,45,nonblind_diagnostic,54:66,40,10.514550158771222,147.58914978517575,764.493209933569,0.9967738769546698,F,True,-1,True,True,18.818479687554877,eligible
C2,45,nonblind_diagnostic,54:66,41,10.52130275634443,148.5744088464269,764.3421379507218,0.9967738769546698,F,True,-1,True,True,18.814869350973076,eligible
C2,45,nonblind_diagnostic,54:66,42,10.528062272502593,149.5596679076784,764.1910659678746,0.9967738769546698,F,True,-1,True,True,18.86400158929747,eligible
C2,45,nonblind_diagnostic,54:66,43,10.53482871788414,150.5449269689297,764.0399939850274,0.9967738769546698,F,True,-1,True,True,18.96546649970424,eligible
C2,45,nonblind_diagnostic,54:66,44,10.541602103149321,151.53018603018094,763.8889220021803,0.9967738769546698,F,True,-1,True,True,19.116851921929683,eligible
C2,45,nonblind_diagnostic,54:66,45,10.54838243898027,152.5154450914325,763.737850019333,0.9967738769546698,F,True,-1,True,True,19.268243701415205,eligible
C2,45,nonblind_diagnostic,54:66,46,10.555169736081043,153.50070415268368,763.5867780364858,0.9967738769546698,F,True,-1,True,True,19.419641689480677,eligible
C2,45,nonblind_diagnostic,54:66,47,10.5619640051777,154.48596321393512,763.4357060536386,0.9967738769546698,F,True,-1,True,True,19.570328506822072,eligible
C2,45,nonblind_diagnostic,54:66,48,10.56876525701834,155.47122227518648,763.2846340707914,0.9967738769546698,F,True,-1,True,True,19.720996530480672,eligible
C2,45,nonblind_diagnostic,54:66,49,10.575573502373167,156.45648133643772,763.1335620879441,0.9967738769546698,F,True,-1,True,True,19.87168162295497,eligible
C2,45,nonblind_diagnostic,54:66,50,10.582388752034552,157.44174039768907,762.982490105097,0.9967738769546698,F,True,-1,True,True,20.022383398873636,eligible
C2,45,nonblind_diagnostic,54:66,51,10.589211016817075,158.42699945894046,762.8314181222499,0.9967738769546698,F,True,-1,True,True,20.173101484339078,eligible
C2,45,nonblind_diagnostic,54:66,52,10.596040307557594,159.41225852019176,762.6803461394027,0.9967738769546698,F,True,-1,True,True,20.11148627373081,eligible
C2,45,nonblind_diagnostic,54:66,53,10.602876635115301,160.39751758144294,762.5292741565554,0.9967738769546698,F,True,-1,True,True,20.007298900244084,eligible
C2,45,nonblind_diagnostic,54:66,54,10.60972001037178,161.3827766426945,762.3782021737082,0.9967738769546698,F,True,-1,True,True,19.952424783782654,eligible
C2,45,nonblind_diagnostic,54:66,55,10.616570444231055,162.36803570394574,762.2271301908612,0.9967738769546698,F,True,-1,True,True,19.947270904684103,eligible
C2,45,nonblind_diagnostic,54:66,56,10.623427947619662,163.35329476519698,762.0760582080138,0.9967738769546698,F,True,-1,True,True,19.991875716419937,eligible
C2,45,nonblind_diagnostic,54:66,57,10.630292531486699,164.33855382644828,761.9249862251668,0.9967738769546698,F,True,-1,True,True,20.085907724079835,eligible
C2,45,nonblind_diagnostic,54:66,58,10.637164206803886,165.3238128876997,761.7739142423195,0.9967738769546698,F,True,-1,True,True,20.04648282606026,eligible
C2,45,nonblind_diagnostic,54:66,59,10.644042984565623,166.30907194895096,761.6228422594725,0.9967738769546698,F,True,-1,True,True,19.936876587906266,eligible
C2,45,nonblind_diagnostic,54:66,60,10.650928875789049,167.29433101020246,761.471770276625,0.9967738769546698,F,True,-1,True,True,19.876713480624893,eligible
C2,45,nonblind_diagnostic,54:66,61,10.657821891514098,168.2795900714536,761.320698293778,0.9967738769546698,F,True,-1,True,True,19.866442706832153,eligible
C2,45,nonblind_diagnostic,54:66,62,10.664722042803568,169.2648491327052,761.1696263109308,0.9967738769546698,F,True,-1,True,True,19.906141494031516,eligible
C2,45,nonblind_diagnostic,54:66,63,10.671629340743166,170.25010819395646,761.0185543280835,0.9967738769546698,F,True,-1,True,True,19.99551221800837,eligible
C2,45,nonblind_diagnostic,54:66,64,10.678543796441577,171.23536725520776,760.8674823452365,0.9967738769546698,F,True,-1,True,True,20.13389343530431,eligible
C2,45,nonblind_diagnostic,54:66,65,10.685465421030523,172.2206263164591,760.7164103623892,0.9967738769546698,F,True,-1,True,True,20.2847894876557,eligible
C2,45,nonblind_diagnostic,54:66,66,10.692394225664815,173.2058853777103,760.565338379542,0.9967738769546698,F,True,-1,True,True,20.435698772769502,eligible
C2,45,nonblind_diagnostic,54:66,67,10.699330221522427,174.1911444389619,760.4142663966946,0.9967738769546698,F,True,-1,True,True,20.58662099963958,eligible
C2,45,nonblind_diagnostic,54:66,68,10.706273419804537,175.17640350021307,760.2631944138475,0.9967738769546698,F,True,-1,True,True,20.737555885705856,eligible
C2,45,nonblind_diagnostic,54:66,69,10.713223831735608,176.16166256146428,760.1121224310004,0.9967738769546698,F,True,-1,True,True,20.727128557659007,eligible
C2,45,nonblind_diagnostic,54:66,70,10.720181468563434,177.14692162271578,759.9610504481531,0.9967738769546698,F,True,-1,True,True,20.61824116838122,eligible
C2,45,nonblind_diagnostic,54:66,71,10.727146341559203,178.1321806839672,759.8099784653059,0.9967738769546698,F,True,-1,True,True,20.557164099964954,eligible
C2,45,nonblind_diagnostic,54:66,72,10.734118462017564,179.11743974521835,759.6589064824587,0.9967738769546698,F,True,-1,True,True,20.54432376866675,eligible
C2,45,nonblind_diagnostic,54:66,73,10.741097841256682,180.1026988064695,759.5078344996117,0.9967738769546698,F,True,-1,True,True,20.579810463516825,eligible
C2,45,nonblind_diagnostic,54:66,74,10.748084490618304,181.08795786772103,759.3567625167644,0.9967738769546698,F,True,-1,True,True,20.66337519962104,eligible
C2,45,nonblind_diagnostic,54:66,75,10.755078421467811,182.07321692897213,759.2056905339173,0.9967738769546698,F,True,-1,True,True,20.79443836437776,eligible
C2,45,nonblind_diagnostic,54:66,76,10.762079645194296,183.05847599022383,759.0546185510699,0.9967738769546698,F,True,-1,True,True,20.94546307634706,eligible
C2,45,nonblind_diagnostic,54:66,77,10.769088173210607,184.04373505147504,758.9035465682227,0.9967738769546698,F,True,-1,True,True,21.096498765289805,eligible
C2,45,nonblind_diagnostic,54:66,78,10.776104016953424,185.0289941127263,758.7524745853756,0.9967738769546698,F,True,-1,True,True,21.247545197120616,eligible
C2,45,nonblind_diagnostic,54:66,79,10.783127187883313,186.01425317397766,758.6014026025283,0.9967738769546698,F,True,-1,True,True,21.258690948630285,eligible
C2,45,nonblind_diagnostic,54:66,80,10.790157697484794,186.99951223522916,758.450330619681,0.9967738769546698,F,True,-1,True,True,21.149321254499906,eligible
C2,45,nonblind_diagnostic,54:66,81,10.797195557266393,187.98477129648032,758.299258636834,0.9967738769546698,F,True,-1,True,True,21.086553879813085,eligible
C2,45,nonblind_diagnostic,54:66,82,10.804240778760722,188.97003035773173,758.1481866539867,0.9967738769546698,F,True,-1,True,True,21.07080529666687,eligible
C2,45,nonblind_diagnostic,54:66,83,10.811293373524524,189.95528941898294,757.9971146711397,0.9967738769546698,F,True,-1,True,True,21.102180775867193,eligible
C2,45,nonblind_diagnostic,54:66,84,10.81835335313875,190.94054848023438,757.8460426882924,0.9967738769546698,F,True,-1,True,True,21.18047089817128,eligible
C2,45,nonblind_diagnostic,54:66,85,10.825420729208615,191.9258075414859,757.6949707054453,0.9967738769546698,F,True,-1,True,True,21.305158477766273,eligible
C2,45,nonblind_diagnostic,54:66,86,10.832495513363659,192.91106660273704,757.5438987225979,0.9967738769546698,F,True,-1,True,True,21.45628558663605,eligible
C2,45,nonblind_diagnostic,54:66,87,10.839577717257821,193.89632566398828,757.392826739751,0.9967738769546698,F,True,-1,True,True,21.49210157657952,eligible
C2,45,nonblind_diagnostic,54:66,88,10.846667352569497,194.88158472523966,757.2417547569037,0.9967738769546698,F,True,-1,True,True,21.37996539981838,eligible
C2,45,nonblind_diagnostic,54:66,89,10.853764431001602,195.8668437864911,757.0906827740563,0.9967738769546698,F,True,-1,True,True,21.31390454938779,eligible
C2,45,nonblind_diagnostic,54:66,90,10.860868964281636,196.8521028477425,756.9396107912092,0.9967738769546698,F,True,-1,True,True,21.294347844133217,eligible
C2,45,nonblind_diagnostic,54:66,91,10.86798096416175,197.8373619089938,756.788538808362,0.9967738769546698,F,True,-1,True,True,21.321423249798237,eligible
C2,45,nonblind_diagnostic,54:66,92,10.875100442418812,198.82262097024508,756.6374668255148,0.9967738769546698,F,True,-1,True,True,21.39495372770613,eligible
C2,45,nonblind_diagnostic,54:66,93,10.882227410854469,199.80788003149624,756.4863948426676,0.9967738769546698,F,True,-1,True,True,21.51446297140366,eligible
C2,45,nonblind_diagnostic,54:66,94,10.889361881295214,200.79313909274774,756.3353228598205,0.9967738769546698,F,True,-1,True,True,21.665664703007963,eligible
C2,45,nonblind_diagnostic,54:66,95,10.896503865592448,201.77839815399915,756.1842508769732,0.9967738769546698,F,True,-1,True,True,21.81687459690306,eligible
C2,45,nonblind_diagnostic,54:66,96,10.903653375622552,202.7636572152505,756.0331788941262,0.9967738769546698,F,True,-1,True,True,21.968092484541437,eligible
C2,45,nonblind_diagnostic,54:66,97,10.910810423286947,203.7489162765019,755.8821069112789,0.9967738769546698,F,True,-1,True,True,22.11931820197678,eligible
C2,45,nonblind_diagnostic,54:66,98,10.917975020512161,204.73417533775324,755.7310349284317,0.9967738769546698,F,True,-1,True,True,22.270551589706745,eligible
C2,45,nonblind_diagnostic,54:66,99,10.925147179249901,205.71943439900434,755.5799629455845,0.9967738769546698,F,True,-1,True,True,22.321816495996536,eligible
C2,45,nonblind_diagnostic,54:66,100,10.932326911477112,206.70469346025584,755.4288909627373,0.9967738769546698,F,True,-1,True,True,22.21155141919024,eligible
C2,45,nonblind_diagnostic,54:66,101,10.939514229196046,207.68995252150694,755.2778189798901,0.9967738769546698,F,True,-1,True,True,22.14564646916609,eligible
C2,45,nonblind_diagnostic,54:66,102,10.946709144434333,208.67521158275846,755.1267469970428,0.9967738769546698,F,True,-1,True,True,22.124498072290805,eligible
C2,45,nonblind_diagnostic,54:66,103,10.953911669245038,209.6604706440098,754.9756750141958,0.9967738769546698,F,True,-1,True,True,22.148234437260705,eligible
C2,45,nonblind_diagnostic,54:66,104,10.961121815706742,210.64572970526098,754.8246030313485,0.9967738769546698,F,True,-1,True,True,22.216711699720353,eligible
C2,45,nonblind_diagnostic,54:66,105,10.968339595923599,211.63098876651244,754.6735310485014,0.9967738769546698,F,True,-1,True,True,22.3295182467663,eligible
C2,45,nonblind_diagnostic,54:66,106,10.975565022025407,212.61624782776377,754.5224590656542,0.9967738769546698,F,True,-1,True,True,22.480816537325513,eligible
C2,45,nonblind_diagnostic,54:66,107,10.982798106167676,213.60150688901507,754.371387082807,0.9967738769546698,F,True,-1,True,True,22.632121405552233,eligible
C2,45,nonblind_diagnostic,54:66,108,10.9900388605317,214.5867659502665,754.2203150999599,0.9967738769546698,F,True,-1,True,True,22.783432720399613,eligible
C2,45,nonblind_diagnostic,54:66,109,10.997287297324615,215.57202501151775,754.0692431171124,0.9967738769546698,F,True,-1,True,True,22.85337961678484,eligible
C2,45,nonblind_diagnostic,54:66,110,11.00454342877948,216.55728407276902,753.9181711342653,0.9967738769546698,F,True,-1,True,True,22.742698228665105,eligible
C2,45,nonblind_diagnostic,54:66,111,11.011807267155337,217.54254313402038,753.767099151418,0.9967738769546698,F,True,-1,True,True,22.675334658058407,eligible
C2,45,nonblind_diagnostic,54:66,112,11.019078824737285,218.5278021952717,753.616027168571,0.9967738769546698,F,True,-1,True,True,22.651675375417845,eligible
C2,45,nonblind_diagnostic,54:66,113,11.026358113836547,219.51306125652314,753.4649551857237,0.9967738769546698,F,True,-1,True,True,22.671857204367836,eligible
C2,45,nonblind_diagnostic,54:66,114,11.033645146790539,220.4983203177746,753.3138832028765,0.9967738769546698,F,True,-1,True,True,22.735763396040586,eligible
C2,45,nonblind_diagnostic,54:66,115,11.040939935962939,221.4835793790258,753.1628112200293,0.9967738769546698,F,True,-1,True,True,22.843026980454813,eligible
C2,45,nonblind_diagnostic,54:66,116,11.04824249374376,222.46883844027698,753.0117392371823,0.9967738769546698,F,True,-1,True,True,22.937734907633608,eligible
C2,45,nonblind_diagnostic,54:66,117,11.055552832549424,223.45409750152822,752.860667254335,0.9967738769546698,F,True,-1,True,True,22.823389076686883,eligible
C2,45,nonblind_diagnostic,54:66,118,11.06287096482282,224.4393565627799,752.7095952714877,0.9967738769546698,F,True,-1,True,True,22.752178170943132,eligible
C2,45,nonblind_diagnostic,54:66,119,11.070196903033379,225.424615624031,752.5585232886406,0.9967738769546698,F,True,-1,True,True,22.72450770473171,eligible
C2,45,nonblind_diagnostic,54:66,120,11.077530659677157,226.40987468528238,752.4074513057933,0.9967738769546698,F,True,-1,True,True,22.74053661737211,eligible
C2,45,nonblind_diagnostic,54:66,121,11.08487224727689,227.3951337465337,752.2563793229461,0.9967738769546698,F,True,-1,True,True,22.800172744811093,eligible
C2,45,nonblind_diagnostic,54:66,122,11.092221678382073,228.38039280778497,752.105307340099,0.9967738769546698,F,True,-1,True,True,22.903075449903444,eligible
C2,45,nonblind_diagnostic,54:66,123,11.09957896556903,229.36565186903633,751.954235357252,0.9967738769546698,F,True,-1,True,True,23.048665238105787,eligible
C2,45,nonblind_diagnostic,54:66,124,11.10694412144099,230.3509109302879,751.8031633744047,0.9967738769546698,F,True,-1,True,True,23.199490682244647,eligible
C2,45,nonblind_diagnostic,54:66,125,11.114317158628145,231.33616999153898,751.6520913915574,0.9967738769546698,F,True,-1,True,True,23.350328619773194,eligible
C2,45,nonblind_diagnostic,54:66,126,11.121698089787744,232.3214290527904,751.5010194087102,0.9967738769546698,F,True,-1,True,True,23.508775964737282,eligible
C2,45,nonblind_diagnostic,54:66,127,11.129086927604146,233.30668811404166,751.349947425863,0.9967738769546698,F,True,-1,True,True,23.652041018879103,eligible
C2,45,nonblind_diagnostic,54:66,128,11.136483684788903,234.2919471752932,751.1988754430158,0.9967738769546698,F,True,-1,True,True,23.76739896922177,eligible
C2,45,nonblind_diagnostic,54:66,129,11.143888374080827,235.27720623654432,751.0478034601688,0.9967738769546698,F,True,-1,True,True,23.654887327190707,eligible
C2,45,nonblind_diagnostic,54:66,130,11.151301008246074,236.26246529779576,750.8967314773214,0.9967738769546698,F,True,-1,True,True,23.58400414445311,eligible
C2,45,nonblind_diagnostic,54:66,131,11.1587216000782,237.2477243590472,750.7456594944741,0.9967738769546698,F,True,-1,True,True,23.555125234917117,eligible
C2,45,nonblind_diagnostic,54:66,132,11.16615016239825,238.23298342029835,750.5945875116271,0.9967738769546698,F,True,-1,True,True,23.568405005498924,eligible
C2,45,nonblind_diagnostic,54:66,133,11.173586708054824,239.2182424815497,750.44351552878,0.9967738769546698,F,True,-1,True,True,23.623772359582652,eligible
C2,45,nonblind_diagnostic,54:66,134,11.181031249924155,240.2035015428011,750.2924435459329,0.9967738769546698,F,True,-1,True,True,23.720932587381544,eligible
C2,45,nonblind_diagnostic,54:66,135,11.18848380091018,241.18876060405262,750.1413715630855,0.9967738769546698,F,True,-1,True,True,23.859375127114866,eligible
C2,45,nonblind_diagnostic,54:66,136,11.195944373944617,242.17401966530392,749.9902995802383,0.9967738769546698,F,True,-1,True,True,24.000840004817277,eligible
C2,45,nonblind_diagnostic,54:66,137,11.203412981987036,243.15927872655507,749.8392275973911,0.9967738769546698,F,True,-1,True,True,23.88588292861546,eligible
C2,45,nonblind_diagnostic,54:66,138,11.210889638024941,244.14453778780663,749.6881556145438,0.9967738769546698,F,True,-1,True,True,23.812131402832538,eligible
C2,45,nonblind_diagnostic,54:66,139,11.218374355073838,245.12979684905775,749.5370836316968,0.9967738769546698,F,True,-1,True,True,23.779968816959272,eligible
C2,45,nonblind_diagnostic,54:66,140,11.225867146177315,246.11505591030914,749.3860116488495,0.9967738769546698,F,True,-1,True,True,23.78956385159077,eligible
C2,45,nonblind_diagnostic,54:66,141,11.233368024407117,247.10031497156044,749.2349396660023,0.9967738769546698,F,True,-1,True,True,23.78767801829819,eligible
C2,45,nonblind_diagnostic,54:66,142,11.24087700286322,248.08557403281165,749.0838676831552,0.9967738769546698,F,True,-1,True,True,23.66705632064308,eligible
C2,45,nonblind_diagnostic,54:66,143,11.24839409467391,249.07083309406306,748.9327957003079,0.9967738769546698,F,True,-1,True,True,23.587975762882184,eligible
C2,45,nonblind_diagnostic,54:66,144,11.255919312995857,250.05609215531445,748.7817237174607,0.9967738769546698,F,True,-1,True,True,23.550854817175892,eligible
C2,45,nonblind_diagnostic,54:66,145,11.263452671014194,251.04135121656574,748.6306517346136,0.9967738769546698,F,True,-1,True,True,23.555891852626505,eligible
C2,45,nonblind_diagnostic,54:66,146,11.270994181942593,252.0266102778171,748.4795797517663,0.9967738769546698,F,True,-1,True,True,23.60305987894658,eligible
C2,45,nonblind_diagnostic,54:66,147,11.27854385902334,253.01186933906826,748.3285077689193,0.9967738769546698,F,True,-1,True,True,23.692107264850637,eligible
C2,45,nonblind_diagnostic,54:66,148,11.286101715527419,253.9971284003197,748.177435786072,0.9967738769546698,F,True,-1,True,True,23.822564387000977,eligible
C2,45,nonblind_diagnostic,54:66,149,11.293667764754582,254.98238746157088,748.0263638032247,0.9967738769546698,F,True,-1,True,True,23.97364266641269,eligible
C2,45,nonblind_diagnostic,54:66,150,11.301242020033433,255.9676465228224,747.8752918203775,0.9967738769546698,F,True,-1,True,True,24.14410662139058,eligible
C2,45,nonblind_diagnostic,54:66,151,11.308824494721499,256.95290558407356,747.7242198375304,0.9967738769546698,F,True,-1,True,True,24.298351985523947,eligible
C2,45,nonblind_diagnostic,54:66,152,11.31641520220532,257.9381646453251,747.5731478546832,0.9967738769546698,F,True,-1,True,True,24.426930411745513,eligible
C2,45,nonblind_diagnostic,54:66,153,11.324014155900516,258.92342370657633,747.422075871836,0.9967738769546698,F,True,-1,True,True,24.578043420469836,eligible
C2,45,nonblind_diagnostic,54:66,154,11.331621369251874,259.9086827678279,747.2710038889888,0.9967738769546698,F,True,-1,True,True,24.729164714872528,eligible
C2,45,nonblind_diagnostic,54:66,155,11.339236855733422,260.89394182907904,747.1199319061417,0.9967738769546698,F,True,-1,True,True,24.88029414397357,eligible
C2,45,nonblind_diagnostic,54:66,156,11.346860628848514,261.8792008903305,746.9688599232943,0.9967738769546698,F,True,-1,True,True,25.031431560431358,eligible
C2,45,nonblind_diagnostic,54:66,157,11.354492702129905,262.8644599515818,746.8177879404471,0.9967738769546698,F,True,-1,True,True,24.94843144927005,eligible
C2,45,nonblind_diagnostic,54:66,158,11.362133089139832,263.8497190128332,746.6667159576,0.9967738769546698,F,True,-1,True,True,24.872356272273258,eligible
C2,45,nonblind_diagnostic,54:66,159,11.369781803470095,264.8349780740843,746.515643974753,0.9967738769546698,F,True,-1,True,True,24.836084587036062,eligible
C2,45,nonblind_diagnostic,54:66,160,11.377438858742142,265.8202371353357,746.3645719919057,0.9967738769546698,F,True,-1,True,True,24.839790760340485,eligible
C2,45,nonblind_diagnostic,54:66,161,11.385104268607142,266.8054961965871,746.2135000090584,0.9967738769546698,F,True,-1,True,True,24.88345692913549,eligible
C2,45,nonblind_diagnostic,54:66,162,11.392778046746068,267.7907552578383,746.0624280262113,0.9967738769546698,F,True,-1,True,True,24.966873428491997,eligible
C2,45,nonblind_diagnostic,54:66,163,11.400460206869784,268.7760143190897,745.9113560433641,0.9967738769546698,F,True,-1,True,True,25.08964378320458,eligible
C2,45,nonblind_diagnostic,54:66,164,11.408150762719123,269.761273380341,745.7602840605168,0.9967738769546698,F,True,-1,True,True,25.240844896808326,eligible
C2,45,nonblind_diagnostic,54:66,165,11.415849728064964,270.74653244159236,745.6092120776697,0.9967738769546698,F,True,-1,True,True,25.392053030818936,eligible
C2,45,nonblind_diagnostic,54:66,166,11.423557116708324,271.7317915028437,745.4581400948225,0.9967738769546698,F,True,-1,True,True,25.5432680605607,eligible
C2,45,nonblind_diagnostic,54:66,167,11.431272942480433,272.7170505640951,745.3070681119752,0.9967738769546698,F,True,-1,True,True,25.694489864287213,eligible
C2,45,nonblind_diagnostic,54:66,168,11.43899721924282,273.70230962534646,745.1559961291281,0.9967738769546698,F,True,-1,True,True,25.629776284448965,eligible
C2,45,nonblind_diagnostic,54:66,169,11.446729960887394,274.68756868659773,745.0049241462809,0.9967738769546698,F,True,-1,True,True,25.553390056757387,eligible
C2,45,nonblind_diagnostic,54:66,170,11.45447118133653,275.67282774784906,744.8538521634337,0.9967738769546698,F,True,-1,True,True,25.515743585446128,eligible
C2,45,nonblind_diagnostic,54:66,171,11.46222089454315,276.65808680910055,744.7027801805865,0.9967738769546698,F,True,-1,True,True,25.517008334976005,eligible
C2,45,nonblind_diagnostic,54:66,172,11.469979114490805,277.64334587035177,744.5517081977393,0.9967738769546698,F,True,-1,True,True,25.557178528542522,eligible
C2,45,nonblind_diagnostic,54:66,173,11.47774585519377,278.6286049316032,744.400636214892,0.9967738769546698,F,True,-1,True,True,25.636071279272183,eligible
C2,45,nonblind_diagnostic,54:66,174,11.485521130697112,279.6138639928544,744.2495642320448,0.9967738769546698,F,True,-1,True,True,25.561040741828908,eligible
C2,45,nonblind_diagnostic,54:66,175,11.493304955076786,280.5991230541057,744.0984922491976,0.9967738769546698,F,True,-1,True,True,25.4804740938618,eligible
C2,45,nonblind_diagnostic,54:66,176,11.501097342439719,281.58438211535713,743.9474202663505,0.9967738769546698,F,True,-1,True,True,25.438738817285028,eligible
C2,45,nonblind_diagnostic,54:66,177,11.508898306923891,282.56964117660857,743.7963482835032,0.9967738769546698,F,True,-1,True,True,25.4360260556497,eligible
C2,45,nonblind_diagnostic,54:66,178,11.51670786269842,283.5549002378598,743.6452763006563,0.9967738769546698,F,True,-1,True,True,25.46727462724652,eligible
C2,45,nonblind_diagnostic,54:66,179,11.524526023963656,284.54015929911105,743.4942043178089,0.9967738769546698,F,True,-1,True,True,25.342919403615618,eligible
C2,45,nonblind_diagnostic,54:66,180,11.532352804951259,285.5254183603624,743.3431323349618,0.9967738769546698,F,True,-1,True,True,25.257319081412145,eligible
C2,45,nonblind_diagnostic,54:66,181,11.540188219924286,286.5106774216138,743.1920603521146,0.9967738769546698,F,True,-1,True,True,25.210868425858173,eligible
C2,45,nonblind_diagnostic,54:66,182,11.548032283177282,287.495936482865,743.0409883692674,0.9967738769546698,F,True,-1,True,True,25.20378389677153,eligible
C2,45,nonblind_diagnostic,54:66,183,11.555885009036363,288.4811955441164,742.8899163864202,0.9967738769546698,F,True,-1,True,True,25.23609864792792,eligible
C2,45,nonblind_diagnostic,54:66,184,11.563746411859306,289.4664546053678,742.7388444035729,0.9967738769546698,F,True,-1,True,True,25.30766175576673,eligible
C2,45,nonblind_diagnostic,54:66,185,11.571616506035632,290.451713666619,742.5877724207257,0.9967738769546698,F,True,-1,True,True,25.4181417189416,eligible
C2,45,nonblind_diagnostic,54:66,186,11.579495305986702,291.43697272787045,742.4367004378786,0.9967738769546698,F,True,-1,True,True,25.56703404127392,eligible
C2,45,nonblind_diagnostic,54:66,187,11.587382826165797,292.4222317891218,742.2856284550314,0.9967738769546698,F,True,-1,True,True,25.717837849174536,eligible
C2,45,nonblind_diagnostic,54:66,188,11.595279081058207,293.40749085037305,742.1345564721843,0.9967738769546698,F,True,-1,True,True,25.86865318650668,eligible
C2,45,nonblind_diagnostic,54:66,189,11.603184085181327,294.3927499116244,741.9834844893371,0.9967738769546698,F,True,-1,True,True,25.874346407698425,eligible
C2,45,nonblind_diagnostic,54:66,190,11.611097853084738,295.3780089728757,741.8324125064897,0.9967738769546698,F,True,-1,True,True,25.787870081737278,eligible
C2,45,nonblind_diagnostic,54:66,191,11.619020399350301,296.36326803412715,741.6813405236426,0.9967738769546698,F,True,-1,True,True,25.73973195282132,eligible
C2,45,nonblind_diagnostic,54:66,192,11.626951738592242,297.3485270953785,741.5302685407954,0.9967738769546698,F,True,-1,True,True,25.73014720084556,eligible
C2,45,nonblind_diagnostic,54:66,193,11.634891885457249,298.3337861566298,741.3791965579481,0.9967738769546698,F,True,-1,True,True,25.759158861943355,eligible
C2,45,nonblind_diagnostic,54:66,194,11.642840854624552,299.3190452178812,741.228124575101,0.9967738769546698,F,True,-1,True,True,25.826636867700014,eligible
C2,45,nonblind_diagnostic,54:66,195,11.650798660806027,300.30430427913257,741.0770525922537,0.9967738769546698,F,True,-1,True,True,25.932280941729996,eligible
C2,45,nonblind_diagnostic,54:66,196,11.658765318746271,301.2895633403839,740.9259806094067,0.9967738769546698,F,True,-1,True,True,25.95643289365027,eligible
C2,45,nonblind_diagnostic,54:66,197,11.666740843222708,302.2748224016353,740.7749086265595,0.9967738769546698,F,True,-1,True,True,25.866636683790926,eligible
C2,45,nonblind_diagnostic,54:66,198,11.67472524904567,303.2600814628866,740.6238366437121,0.9967738769546698,F,True,-1,True,True,25.8150439554822,eligible
C2,45,nonblind_diagnostic,54:66,199,11.68271855105849,304.2453405241377,740.4727646608651,0.9967738769546698,F,True,-1,True,True,25.801883881594005,eligible
C2,45,nonblind_diagnostic,54:66,200,11.690720764137605,305.2305995853892,740.3216926780178,0.9967738769546698,F,True,-1,True,True,25.827215211451076,eligible
C2,45,nonblind_diagnostic,54:66,201,11.698731903192629,306.21585864664047,740.1706206951707,0.9967738769546698,F,True,-1,True,True,25.89092496689744,eligible
C2,45,nonblind_diagnostic,54:66,202,11.70675198316646,307.2011177078918,740.0195487123234,0.9967738769546698,F,True,-1,True,True,25.992730945939115,eligible
C2,45,nonblind_diagnostic,54:66,203,11.714781019035374,308.1863767691431,739.8684767294762,0.9967738769546698,F,True,-1,True,True,26.132187905684454,eligible
C2,45,nonblind_diagnostic,54:66,204,11.722819025809105,309.17163583039445,739.717404746629,0.9967738769546698,F,True,-1,True,True,26.188474181947523,eligible
C2,45,nonblind_diagnostic,54:66,205,11.730866018530952,310.1568948916458,739.5663327637818,0.9967738769546698,F,True,-1,True,True,26.096231651139853,eligible
C2,45,nonblind_diagnostic,54:66,206,11.738922012277866,311.1421539528971,739.4152607809348,0.9967738769546698,F,True,-1,True,True,26.041842275939842,eligible
C2,45,nonblind_diagnostic,54:66,207,11.746987022160546,312.12741301414854,739.2641887980875,0.9967738769546698,F,True,-1,True,True,26.025543379216327,eligible
C2,45,nonblind_diagnostic,54:66,208,11.755061063323533,313.11267207539976,739.1131168152402,0.9967738769546698,F,True,-1,True,True,26.047406465242837,eligible
C2,45,nonblind_diagnostic,54:66,209,11.763144150945305,314.09793113665125,738.9620448323932,0.9967738769546698,F,True,-1,True,True,26.1073356601401,eligible
C2,45,nonblind_diagnostic,54:66,210,11.771236300238373,315.0831901979026,738.8109728495458,0.9967738769546698,F,True,-1,True,True,26.20506980148019,eligible
C2,45,nonblind_diagnostic,54:66,211,11.779337526449373,316.0684492591538,738.6599008666988,0.9967738769546698,F,True,-1,True,True,26.340188071713065,eligible
C2,45,nonblind_diagnostic,54:66,212,11.78744784485917,317.05370832040506,738.5088288838515,0.9967738769546698,F,True,-1,True,True,26.491225560338684,eligible
C2,45,nonblind_diagnostic,54:66,213,11.795567270782941,318.0389673816565,738.3577569010042,0.9967738769546698,F,True,-1,True,True,26.64227159614625,eligible
C2,45,nonblind_diagnostic,54:66,214,11.803695819570283,319.0242264429077,738.2066849181571,0.9967738769546698,F,True,-1,True,True,26.793326034582716,eligible
C2,45,nonblind_diagnostic,54:66,215,11.811833506605307,320.0094855041591,738.0556129353098,0.9967738769546698,F,True,-1,True,True,26.94438873432897,eligible
C2,45,nonblind_diagnostic,54:66,216,11.81998034730673,320.9947445654105,737.9045409524625,0.9967738769546698,F,True,-1,True,True,27.095459557209455,eligible
C2,45,nonblind_diagnostic,54:66,217,11.828136357127978,321.9800036266618,737.7534689696156,0.9967738769546698,F,True,-1,True,True,27.246538368105533,eligible
C2,45,nonblind_diagnostic,54:66,218,11.83630155155728,322.9652626879132,737.6023969867684,0.9967738769546698,F,True,-1,True,True,27.39762503487275,eligible
C2,45,nonblind_diagnostic,54:66,219,11.844475946117772,323.9505217491647,737.451325003921,0.9967738769546698,F,True,-1,True,True,27.548719428258202,eligible
C2,45,nonblind_diagnostic,54:66,220,11.852659556367584,324.9357808104159,737.3002530210739,0.9967738769546698,F,True,-1,True,True,27.699821421822136,eligible
C2,45,nonblind_diagnostic,54:66,221,11.860852397899952,325.9210398716672,737.1491810382269,0.9967738769546698,F,True,-1,True,True,27.768294067451137,eligible
C2,45,nonblind_diagnostic,54:66,222,11.869054486343309,326.90629893291845,736.9981090553795,0.9967738769546698,F,True,-1,True,True,27.680955678591207,eligible
C2,45,nonblind_diagnostic,54:66,223,11.877265837361385,327.8915579941697,736.8470370725322,0.9967738769546698,F,True,-1,True,True,27.629324556843077,eligible
C2,45,nonblind_diagnostic,54:66,224,11.88548646665331,328.87681705542116,736.695965089685,0.9967738769546698,F,True,-1,True,True,27.613600996214956,eligible
C2,45,nonblind_diagnostic,54:66,225,11.893716389953708,329.8620761166725,736.5448931068379,0.9967738769546698,F,True,-1,True,True,27.633846290600136,eligible
C2,45,nonblind_diagnostic,54:66,226,11.901955623032807,330.84733517792375,736.3938211239908,0.9967738769546698,F,True,-1,True,True,27.689981545144057,eligible
C2,45,nonblind_diagnostic,54:66,227,11.910204181696532,331.8325942391752,736.2427491411435,0.9967738769546698,F,True,-1,True,True,27.781789205375144,eligible
C2,45,nonblind_diagnostic,54:66,228,11.918462081786602,332.8178533004264,736.0916771582965,0.9967738769546698,F,True,-1,True,True,27.908917235480725,eligible
C2,45,nonblind_diagnostic,54:66,229,11.92672933918065,333.80311236167785,735.9406051754493,0.9967738769546698,F,True,-1,True,True,28.000107856034365,eligible
C2,45,nonblind_diagnostic,54:66,230,11.9350059697923,334.7883714229292,735.7895331926019,0.9967738769546698,F,True,-1,True,True,27.91046100400346,eligible
C2,45,nonblind_diagnostic,54:66,231,11.943291989571287,335.77363048418033,735.6384612097547,0.9967738769546698,F,True,-1,True,True,27.856215523397754,eligible
C2,45,nonblind_diagnostic,54:66,232,11.951587414503559,336.7588895454318,735.4873892269075,0.9967738769546698,F,True,-1,True,True,27.837578368808153,eligible
C2,45,nonblind_diagnostic,54:66,233,11.959892260611362,337.74414860668304,735.3363172440604,0.9967738769546698,F,True,-1,True,True,27.85462101549101,eligible
C2,45,nonblind_diagnostic,54:66,234,11.96820654395337,338.7294076679344,735.1852452612133,0.9967738769546698,F,True,-1,True,True,27.907278095817492,eligible
C2,45,nonblind_diagnostic,54:66,235,11.976530280624763,339.714666729186,735.0341732783659,0.9967738769546698,F,True,-1,True,True,27.995348646543537,eligible
C2,45,nonblind_diagnostic,54:66,236,11.984863486757348,340.6999257904373,734.8831012955188,0.9967738769546698,F,True,-1,True,True,28.08233036651722,eligible
C2,45,nonblind_diagnostic,54:66,237,11.993206178519657,341.6851848516884,734.7320293126716,0.9967738769546698,F,True,-1,True,True,27.989625145084542,eligible
C2,45,nonblind_diagnostic,54:66,238,12.00155837211705,342.67044391293985,734.5809573298244,0.9967738769546698,F,True,-1,True,True,27.93220487240544,eligible
C2,45,nonblind_diagnostic,54:66,239,12.009920083791824,343.6557029741913,734.4298853469772,0.9967738769546698,F,True,-1,True,True,27.910287326168294,eligible
C2,45,nonblind_diagnostic,54:66,240,12.018291329823317,344.64096203544267,734.27881336413,0.9967738769546698,F,True,-1,True,True,27.92395610489453,eligible
C2,45,nonblind_diagnostic,54:66,241,12.026672126528007,345.62622109669377,734.1277413812828,0.9967738769546698,F,True,-1,True,True,27.9731590420252,eligible
C2,45,nonblind_diagnostic,54:66,242,12.035062490259632,346.61148015794504,733.9766693984357,0.9967738769546698,F,True,-1,True,True,28.057709196517678,eligible
C2,45,nonblind_diagnostic,54:66,243,12.043462437409284,347.5967392191964,733.8255974155884,0.9967738769546698,F,True,-1,True,True,28.17728837638274,eligible
C2,45,nonblind_diagnostic,54:66,244,12.051871984405519,348.58199828044764,733.6745254327412,0.9967738769546698,F,True,-1,True,True,28.32855864490765,eligible
C2,45,nonblind_diagnostic,54:66,245,12.06029114771447,349.56725734169913,733.5234534498941,0.9967738769546698,F,True,-1,True,True,28.464122571136162,eligible
C2,45,nonblind_diagnostic,54:66,246,12.06871994383994,350.55251640295035,733.3723814670468,0.9967738769546698,F,True,-1,True,True,28.369972691855082,eligible
C2,45,nonblind_diagnostic,54:66,247,12.07715838932353,351.53777546420184,733.2213094841998,0.9967738769546698,F,True,-1,True,True,28.310625984815054,eligible
C2,45,nonblind_diagnostic,54:66,248,12.085606500744731,352.52303452545317,733.0702375013525,0.9967738769546698,F,True,-1,True,True,28.286301509584828,eligible
C2,45,nonblind_diagnostic,54:66,249,12.09406429472104,353.5082935867046,732.9191655185053,0.9967738769546698,F,True,-1,True,True,28.297089582742387,eligible
C2,45,nonblind_diagnostic,54:66,250,12.102531787908065,354.4935526479558,732.7680935356581,0.9967738769546698,F,True,-1,True,True,28.34295011003479,eligible
C2,45,nonblind_diagnostic,54:66,251,12.111008996999638,355.47881170920715,732.617021552811,0.9967738769546698,F,True,-1,True,True,28.423713327952758,eligible
C2,45,nonblind_diagnostic,54:66,252,12.119495938727926,356.46407077045865,732.4659495699636,0.9967738769546698,F,True,-1,True,True,28.539082922948573,eligible
C2,45,nonblind_diagnostic,54:66,253,12.127992629863531,357.44932983170963,732.3148775871166,0.9967738769546698,F,True,-1,True,True,28.688641395851597,eligible
C2,45,nonblind_diagnostic,54:66,254,12.136499087215617,358.4345888929612,732.1638056042692,0.9967738769546698,F,True,-1,True,True,28.83946904390337,eligible
C2,45,nonblind_diagnostic,54:66,255,12.145015327632002,359.4198479542126,732.0127336214221,0.9967738769546698,F,True,-1,True,True,28.990306731859388,eligible
C2,45,nonblind_diagnostic,54:66,256,12.153541367999287,360.40510701546384,731.8616616385749,0.9967738769546698,F,True,-1,True,True,28.90084253476932,eligible
C2,45,nonblind_diagnostic,54:66,257,12.162077225242953,361.39036607671517,731.7105896557276,0.9967738769546698,F,True,-1,True,True,28.840227640916645,eligible
C2,45,nonblind_diagnostic,54:66,258,12.170622916327487,362.37562513796667,731.5595176728805,0.9967738769546698,F,True,-1,True,True,28.813987538412725,eligible
C2,45,nonblind_diagnostic,54:66,259,12.179178458256477,363.3608841992177,731.4084456900333,0.9967738769546698,F,True,-1,True,True,28.822216113117978,eligible
C2,45,nonblind_diagnostic,54:66,260,12.187743868072744,364.3461432604693,731.2573737071862,0.9967738769546698,F,True,-1,True,True,28.864883886866856,eligible
C2,45,nonblind_diagnostic,54:66,261,12.196319162858439,365.33140232172053,731.106301724339,0.9967738769546698,F,True,-1,True,True,28.941838543135002,eligible
C2,45,nonblind_diagnostic,54:66,262,12.204904359735167,366.31666138297186,730.9552297414917,0.9967738769546698,F,True,-1,True,True,29.052807627405794,eligible
C2,45,nonblind_diagnostic,54:66,263,12.213499475864095,367.3019204442233,730.8041577586447,0.9967738769546698,F,True,-1,True,True,29.19740331154034,eligible
C2,45,nonblind_diagnostic,54:66,264,12.22210452844607,368.28717950547446,730.6530857757973,0.9967738769546698,F,True,-1,True,True,29.34831931390748,eligible
C2,45,nonblind_diagnostic,54:66,265,12.230719534721736,369.272438566726,730.50201379295,0.9967738769546698,F,True,-1,True,True,29.499244279200603,eligible
C2,45,nonblind_diagnostic,54:66,266,12.239344511971636,370.2576976279771,730.3509418101029,0.9967738769546698,F,True,-1,True,True,29.431737570926675,eligible
C2,45,nonblind_diagnostic,54:66,267,12.247979477516346,371.24295668922844,730.1998698272558,0.9967738769546698,F,True,-1,True,True,29.36990033434074,eligible
C2,45,nonblind_diagnostic,54:66,268,12.256624448716579,372.22821575047993,730.0487978444085,0.9967738769546698,F,True,-1,True,True,29.34181369952949,eligible
C2,45,nonblind_diagnostic,54:66,269,12.265279442973302,373.2134748117313,729.8977258615613,0.9967738769546698,F,True,-1,True,True,29.347574568100704,eligible
C2,45,nonblind_diagnostic,54:66,270,12.273944477727856,374.1987338729825,729.7466538787143,0.9967738769546698,F,True,-1,True,True,29.38716303432707,eligible
C2,45,nonblind_diagnostic,54:66,271,12.282619570462078,375.18399293423386,729.5955818958669,0.9967738769546698,F,True,-1,True,True,29.460442727589562,eligible
C2,45,nonblind_diagnostic,54:66,272,12.291304738698404,376.1692519954853,729.4445099130197,0.9967738769546698,F,True,-1,True,True,29.567163146446685,eligible
C2,45,nonblind_diagnostic,54:66,273,12.3,377.15451105673657,729.2934379301726,0.4983869384773349,F,True,-1,True,True,29.70696389190865,eligible
