
Predictions were generated on 17-Aug-2026 at 08:25:21 using OpenFAST, compiled as a 64-bit application using single precision at commit v3.5.1
 linked with  NWTC Subroutine Library; ElastoDyn; InflowWind; AeroDyn; ServoDyn

Description from the FAST input file: FAST                   Certification - Test #26: NREL 5.0 MW Baseline Wind Turbine (Onshore)

Time	YawPzn	YawVzn	RotSpeed	GenSpeed	Azimuth	BlPitch1	RootMyc1	RootMyc2	RootMyc3	RootMxc1	RootMxc2	RootMxc3	OoPDefl1	OoPDefl2	OoPDefl3	IPDefl1	IPDefl2	IPDefl3	TipDxc1	TipDyc1	BlPitchC1	BlPitchC2	BlPitchC3	GenPwr	GenTq
(s)	(deg)	(deg/s)	(rpm)	(rpm)	(deg)	(deg)	(kN-m)	(kN-m)	(kN-m)	(kN-m)	(kN-m)	(kN-m)	(m)	(m)	(m)	(m)	(m)	(m)	(m)	(m)	(deg)	(deg)	(deg)	(kW)	(kN-m)
    0.0000	 0.000E+00	 0.000E+00	 9.000E+00	 8.730E+02	 0.000E+00	 0.000E+00	 6.194E+01	 7.651E+01	 1.354E+02	 6.583E+00	 8.279E+02	-8.350E+02	 0.000E+00	 0.000E+00	 0.000E+00	 0.000E+00	 0.000E+00	 0.000E+00	 0.000E+00	 0.000E+00	 0.000E+00	 0.000E+00	 0.000E+00	 1.682E+03	 1.949E+01
    0.2500	-2.635E-03	-1.430E-02	 8.845E+00	 8.526E+02	 1.334E+01	 0.000E+00	 1.636E+03	 1.560E+03	 1.805E+03	 1.301E+03	 3.858E+03	-2.728E+03	 6.682E-01	 7.632E-01	 7.431E-01	-2.658E-01	-6.360E-01	 2.379E-01	 6.682E-01	-2.658E-01	 0.000E+00	 0.000E+00	 0.000E+00	 1.594E+03	 1.892E+01
    0.5000	-4.124E-03	 4.787E-03	 8.809E+00	 8.656E+02	 2.663E+01	 0.000E+00	 2.953E+03	 3.628E+03	 3.663E+03	 1.982E+03	 4.220E+03	-5.525E+03	 1.698E+00	 2.281E+00	 1.942E+00	-3.849E-01	-8.086E-01	 6.840E-01	 1.698E+00	-3.849E-01	 0.000E+00	 0.000E+00	 0.000E+00	 1.623E+03	 1.897E+01
    0.7500	 4.444E-04	 2.231E-02	 8.649E+00	 8.303E+02	 3.972E+01	 0.000E+00	 3.734E+03	 4.979E+03	 4.017E+03	 3.182E+03	 9.508E+02	-2.250E+03	 2.218E+00	 2.617E+00	 2.236E+00	-6.144E-01	-2.973E-01	 7.593E-02	 2.218E+00	-6.144E-01	 0.000E+00	 0.000E+00	 0.000E+00	 1.489E+03	 1.814E+01
    1.0000	 3.649E-03	-4.719E-03	 8.693E+00	 8.563E+02	 5.277E+01	 0.000E+00	 3.781E+03	 3.384E+03	 3.435E+03	 3.092E+03	-7.580E+02	-8.795E+02	 2.322E+00	 2.184E+00	 2.120E+00	-5.683E-01	 7.858E-03	-1.448E-01	 2.322E+00	-5.683E-01	 0.000E+00	 0.000E+00	 0.000E+00	 1.504E+03	 1.777E+01
    1.2500	-2.386E-03	-2.387E-02	 8.536E+00	 8.209E+02	 6.572E+01	 0.000E+00	 3.427E+03	 2.924E+03	 3.469E+03	 3.447E+03	 1.311E+03	-3.638E+03	 2.115E+00	 1.592E+00	 1.906E+00	-5.875E-01	-3.412E-01	 3.890E-01	 2.115E+00	-5.875E-01	 0.000E+00	 0.000E+00	 0.000E+00	 1.400E+03	 1.725E+01
    1.5000	-2.917E-03	 1.986E-02	 8.549E+00	 8.372E+02	 7.853E+01	 0.000E+00	 3.069E+03	 2.669E+03	 3.109E+03	 4.511E+03	 7.045E+02	-3.284E+03	 1.932E+00	 1.552E+00	 1.805E+00	-7.645E-01	-2.869E-01	 3.517E-01	 1.932E+00	-7.645E-01	 0.000E+00	 0.000E+00	 0.000E+00	 1.368E+03	 1.653E+01
    1.7500	 3.112E-03	 2.004E-02	 8.434E+00	 8.162E+02	 9.131E+01	 0.000E+00	 3.220E+03	 3.157E+03	 3.039E+03	 3.966E+03	-3.287E+03	 1.539E+00	 1.917E+00	 1.582E+00	 1.775E+00	-6.423E-01	 4.087E-01	-1.768E-01	 1.917E+00	-6.423E-01	 0.000E+00	 0.000E+00	 0.000E+00	 1.307E+03	 1.620E+01
    2.0000	 2.705E-03	-2.146E-02	 8.396E+00	 8.150E+02	 1.039E+02	 0.000E+00	 3.245E+03	 2.852E+03	 3.142E+03	 3.767E+03	-2.633E+03	 8.670E+02	 1.941E+00	 1.609E+00	 1.891E+00	-6.360E-01	 2.416E-01	-3.325E-01	 1.941E+00	-6.360E-01	 0.000E+00	 0.000E+00	 0.000E+00	 1.233E+03	 1.530E+01
    2.2500	-2.841E-03	-1.185E-02	 8.350E+00	 8.136E+02	 1.165E+02	 0.000E+00	 3.145E+03	 3.060E+03	 3.476E+03	 3.346E+03	-1.012E+03	-1.662E+03	 1.868E+00	 1.651E+00	 1.971E+00	-5.467E-01	-5.187E-02	 1.717E-01	 1.868E+00	-5.467E-01	 0.000E+00	 0.000E+00	 0.000E+00	 1.209E+03	 1.503E+01
    2.5000	-2.584E-03	 1.090E-02	 8.264E+00	 7.969E+02	 1.289E+02	 0.000E+00	 2.999E+03	 3.177E+03	 3.157E+03	 3.693E+03	-2.473E+03	 4.413E+02	 1.796E+00	 1.762E+00	 1.929E+00	-6.421E-01	 1.605E-01	-1.761E-01	 1.796E+00	-6.421E-01	 0.000E+00	 0.000E+00	 0.000E+00	 1.120E+03	 1.421E+01
    2.7500	 6.849E-04	 1.085E-02	 8.265E+00	 8.082E+02	 1.414E+02	 0.000E+00	 3.153E+03	 3.258E+03	 3.069E+03	 2.482E+03	-4.994E+03	 3.467E+03	 1.799E+00	 1.726E+00	 1.889E+00	-4.434E-01	 6.152E-01	-6.677E-01	 1.799E+00	-4.434E-01	 0.000E+00	 0.000E+00	 0.000E+00	 1.108E+03	 1.386E+01
    3.0000	 8.711E-04	-7.822E-03	 8.162E+00	 7.858E+02	 1.537E+02	 0.000E+00	 3.057E+03	 2.935E+03	 3.234E+03	 1.560E+03	-3.037E+03	 2.637E+03	 1.744E+00	 1.666E+00	 1.959E+00	-3.107E-01	 2.684E-01	-5.012E-01	 1.744E+00	-3.107E-01	 0.000E+00	 0.000E+00	 0.000E+00	 1.031E+03	 1.327E+01
    3.2500	-6.793E-04	-1.902E-03	 8.173E+00	 7.982E+02	 1.659E+02	 0.000E+00	 2.868E+03	 3.074E+03	 3.331E+03	 1.377E+03	-1.334E+03	 1.225E+03	 1.625E+00	 1.721E+00	 1.972E+00	-3.066E-01	-3.757E-02	-2.225E-01	 1.625E+00	-3.066E-01	 0.000E+00	 0.000E+00	 0.000E+00	 1.009E+03	 1.278E+01
    3.5000	-1.371E-03	-6.072E-03	 8.085E+00	 7.807E+02	 1.781E+02	 0.000E+00	 2.878E+03	 3.257E+03	 3.075E+03	 6.537E+02	-3.443E+03	 3.546E+03	 1.596E+00	 1.810E+00	 1.902E+00	-2.056E-01	 3.503E-01	-5.976E-01	 1.596E+00	-2.056E-01	 0.000E+00	 0.000E+00	 0.000E+00	 9.581E+02	 1.242E+01
    3.7500	-1.847E-03	 8.075E-03	 8.076E+00	 7.854E+02	 1.902E+02	 0.000E+00	 2.980E+03	 3.159E+03	 3.023E+03	-4.148E+02	-3.714E+03	 5.539E+03	 1.623E+00	 1.766E+00	 1.890E+00	-6.553E-02	 4.137E-01	-9.518E-01	 1.623E+00	-6.553E-02	 0.000E+00	 0.000E+00	 0.000E+00	 9.190E+02	 1.184E+01
    4.0000	 1.994E-03	 1.433E-02	 8.027E+00	 7.788E+02	 2.023E+02	 0.000E+00	 2.939E+03	 3.003E+03	 3.264E+03	-1.454E+03	-1.062E+03	 3.118E+03	 1.585E+00	 1.756E+00	 1.932E+00	 1.002E-01	-1.739E-02	-5.049E-01	 1.585E+00	 1.002E-01	 0.000E+00	 0.000E+00	 0.000E+00	 8.935E+02	 1.161E+01
    4.2500	 2.219E-03	-1.267E-02	 7.988E+00	 7.733E+02	 2.143E+02	 0.000E+00	 2.789E+03	 3.122E+03	 3.177E+03	-1.346E+03	 1.167E+02	 2.537E+03	 1.531E+00	 1.833E+00	 1.885E+00	 4.061E-02	-2.188E-01	-4.058E-01	 1.531E+00	 4.061E-02	 0.000E+00	 0.000E+00	 0.000E+00	 8.445E+02	 1.105E+01
    4.5000	-2.009E-03	-1.472E-02	 7.974E+00	 7.765E+02	 2.263E+02	 0.000E+00	 2.946E+03	 3.271E+03	 2.958E+03	-2.208E+03	-1.748E+03	 4.634E+03	 1.572E+00	 1.872E+00	 1.805E+00	 1.731E-01	 1.535E-01	-7.686E-01	 1.572E+00	 1.731E-01	 0.000E+00	 0.000E+00	 0.000E+00	 8.319E+02	 1.084E+01
    4.7500	-2.441E-03	 1.342E-02	 7.916E+00	 7.644E+02	 2.382E+02	 0.000E+00	 3.037E+03	 3.068E+03	 2.985E+03	-3.003E+03	-6.050E+02	 4.650E+03	 1.628E+00	 1.820E+00	 1.794E+00	 2.825E-01	-1.413E-02	-7.953E-01	 1.628E+00	 2.825E-01	 0.000E+00	 0.000E+00	 0.000E+00	 7.853E+02	 1.039E+01
    5.0000	 2.501E-03	 1.593E-02	 7.920E+00	 7.718E+02	 2.501E+02	 0.000E+00	 2.978E+03	 3.002E+03	 3.147E+03	-3.167E+03	 2.283E+03	 1.750E+03	 1.614E+00	 1.829E+00	 1.785E+00	 3.000E-01	-4.918E-01	-2.969E-01	 1.614E+00	 3.000E-01	 0.000E+00	 0.000E+00	 0.000E+00	 7.727E+02	 1.013E+01
    5.2500	 1.715E-03	-2.120E-02	 7.862E+00	 7.597E+02	 2.619E+02	 0.000E+00	 2.920E+03	 3.187E+03	 2.960E+03	-2.980E+03	 2.145E+03	 1.601E+03	 1.607E+00	 1.907E+00	 1.695E+00	 2.595E-01	-4.415E-01	-2.843E-01	 1.607E+00	 2.595E-01	 0.000E+00	 0.000E+00	 0.000E+00	 7.384E+02	 9.832E+00
    5.5000	-3.384E-03	-9.027E-03	 7.863E+00	 7.650E+02	 2.737E+02	 0.000E+00	 3.063E+03	 3.208E+03	 2.764E+03	-3.224E+03	 9.448E+02	 3.282E+03	 1.661E+00	 1.908E+00	 1.616E+00	 2.935E-01	-1.999E-01	-6.126E-01	 1.661E+00	 2.935E-01	 0.000E+00	 0.000E+00	 0.000E+00	 7.189E+02	 9.506E+00
    5.7500	-1.600E-03	 1.758E-02	 7.822E+00	 7.577E+02	 2.855E+02	 0.000E+00	 3.108E+03	 3.015E+03	 2.919E+03	-3.530E+03	 2.638E+03	 1.487E+03	 1.705E+00	 1.846E+00	 1.621E+00	 3.578E-01	-4.604E-01	-3.243E-01	 1.705E+00	 3.578E-01	 0.000E+00	 0.000E+00	 0.000E+00	 6.985E+02	 9.326E+00
    6.0000	 1.914E-03	 6.024E-03	 7.808E+00	 7.575E+02	 2.972E+02	 0.000E+00	 2.989E+03	 3.011E+03	 2.963E+03	-2.752E+03	 4.773E+03	-1.002E+03	 1.686E+00	 1.862E+00	 1.600E+00	 2.261E-01	-8.297E-01	 7.908E-02	 1.686E+00	 2.261E-01	 0.000E+00	 0.000E+00	 0.000E+00	 6.724E+02	 8.980E+00
    6.2500	 1.010E-03	-1.070E-02	 7.790E+00	 7.566E+02	 3.089E+02	 0.000E+00	 3.024E+03	 3.203E+03	 2.766E+03	-2.302E+03	 3.332E+03	-4.538E+02	 1.705E+00	 1.912E+00	 1.515E+00	 1.704E-01	-5.565E-01	-3.720E-02	 1.705E+00	 1.704E-01	 0.000E+00	 0.000E+00	 0.000E+00	 6.620E+02	 8.851E+00
    6.5000	-1.200E-03	-3.069E-03	 7.760E+00	 7.512E+02	 3.206E+02	 0.000E+00	 3.111E+03	 3.106E+03	 2.704E+03	-2.079E+03	 2.544E+03	 4.360E+02	 1.766E+00	 1.861E+00	 1.494E+00	 1.449E-01	-4.066E-01	-2.357E-01	 1.766E+00	 1.449E-01	 0.000E+00	 0.000E+00	 0.000E+00	 6.348E+02	 8.549E+00
    6.7500	-4.001E-04	 6.409E-03	 7.757E+00	 7.545E+02	 3.322E+02	 0.000E+00	 3.091E+03	 2.940E+03	 2.945E+03	-1.643E+03	 4.341E+03	-2.040E+03	 1.777E+00	 1.794E+00	 1.554E+00	 9.975E-02	-7.140E-01	 1.705E-01	 1.777E+00	 9.975E-02	 0.000E+00	 0.000E+00	 0.000E+00	 6.270E+02	 8.407E+00
    7.0000	 6.558E-04	 1.940E-03	 7.722E+00	 7.471E+02	 3.438E+02	 0.000E+00	 2.994E+03	 3.007E+03	 2.944E+03	-5.359E+02	 4.822E+03	-3.548E+03	 1.760E+00	 1.810E+00	 1.556E+00	-6.577E-02	-8.106E-01	 4.125E-01	 1.760E+00	-6.577E-02	 0.000E+00	 0.000E+00	 0.000E+00	 6.045E+02	 8.184E+00
    7.2500	 1.168E-03	 1.967E-03	 7.725E+00	 7.511E+02	 3.554E+02	 0.000E+00	 3.062E+03	 3.105E+03	 2.788E+03	 1.730E+02	 2.646E+03	-2.059E+03	 1.801E+00	 1.803E+00	 1.518E+00	-1.621E-01	-4.362E-01	 1.288E-01	 1.801E+00	-1.621E-01	 0.000E+00	 0.000E+00	 0.000E+00	 5.946E+02	 8.008E+00
    7.5000	 5.094E-04	-8.773E-03	 7.695E+00	 7.452E+02	 6.958E+00	 0.000E+00	 3.132E+03	 2.946E+03	 2.870E+03	 4.551E+02	 2.162E+03	-2.016E+03	 1.849E+00	 1.708E+00	 1.561E+00	-1.787E-01	-3.557E-01	 1.009E-01	 1.849E+00	-1.787E-01	 0.000E+00	 0.000E+00	 0.000E+00	 5.796E+02	 7.868E+00
    7.7500	-1.991E-03	-6.108E-03	 7.691E+00	 7.468E+02	 1.849E+01	 0.000E+00	 3.052E+03	 2.807E+03	 3.062E+03	 1.328E+03	 3.616E+03	-4.136E+03	 1.833E+00	 1.653E+00	 1.623E+00	-3.031E-01	-6.373E-01	 4.596E-01	 1.833E+00	-3.031E-01	 0.000E+00	 0.000E+00	 0.000E+00	 5.659E+02	 7.666E+00
    8.0000	-1.105E-03	 1.196E-02	 7.674E+00	 7.444E+02	 3.002E+01	 0.000E+00	 3.005E+03	 2.930E+03	 3.000E+03	 2.243E+03	 2.502E+03	-4.200E+03	 1.821E+00	 1.661E+00	 1.617E+00	-4.299E-01	-4.669E-01	 4.755E-01	 1.821E+00	-4.299E-01	 0.000E+00	 0.000E+00	 0.000E+00	 5.575E+02	 7.577E+00
    8.2500	 1.877E-03	 6.570E-03	 7.661E+00	 7.426E+02	 4.152E+01	 0.000E+00	 3.079E+03	 2.927E+03	 2.869E+03	 2.717E+03	 2.166E+02	-2.157E+03	 1.857E+00	 1.611E+00	 1.612E+00	-4.934E-01	-9.195E-02	 1.112E-01	 1.857E+00	-4.934E-01	 0.000E+00	 0.000E+00	 0.000E+00	 5.420E+02	 7.383E+00
    8.5000	 6.753E-04	-1.472E-02	 7.655E+00	 7.435E+02	 5.301E+01	 0.000E+00	 3.120E+03	 2.745E+03	 3.017E+03	 2.832E+03	 3.067E+02	-2.572E+03	 1.875E+00	 1.518E+00	 1.671E+00	-4.883E-01	-1.287E-01	 1.916E-01	 1.875E+00	-4.883E-01	 0.000E+00	 0.000E+00	 0.000E+00	 5.370E+02	 7.306E+00
    8.7500	-2.616E-03	-4.488E-03	 7.635E+00	 7.395E+02	 6.447E+01	 0.000E+00	 3.009E+03	 2.713E+03	 3.117E+03	 3.487E+03	 1.064E+03	-3.862E+03	 1.838E+00	 1.505E+00	 1.710E+00	-5.867E-01	-3.000E-01	 4.341E-01	 1.838E+00	-5.867E-01	 0.000E+00	 0.000E+00	 0.000E+00	 5.227E+02	 7.150E+00
    9.0000	-3.194E-04	 1.870E-02	 7.635E+00	 7.418E+02	 7.593E+01	 0.000E+00	 2.989E+03	 2.884E+03	 2.987E+03	 3.932E+03	-8.484E+02	-2.460E+03	 1.816E+00	 1.540E+00	 1.696E+00	-6.525E-01	 2.286E-03	 2.113E-01	 1.816E+00	-6.525E-01	 0.000E+00	 0.000E+00	 0.000E+00	 5.174E+02	 7.055E+00
    9.2500	 2.940E-03	 1.421E-03	 7.616E+00	 7.378E+02	 8.737E+01	 0.000E+00	 3.068E+03	 2.851E+03	 2.929E+03	 3.711E+03	-2.587E+03	-5.252E+02	 1.829E+00	 1.510E+00	 1.712E+00	-6.090E-01	 2.836E-01	-1.092E-01	 1.829E+00	-6.090E-01	 0.000E+00	 0.000E+00	 0.000E+00	 5.067E+02	 6.948E+00
    9.5000	 5.405E-04	-1.513E-02	 7.616E+00	 7.395E+02	 9.879E+01	 0.000E+00	 3.034E+03	 2.719E+03	 3.093E+03	 3.524E+03	-1.728E+03	-1.125E+03	 1.808E+00	 1.470E+00	 1.774E+00	-5.770E-01	 1.058E-01	 2.030E-02	 1.808E+00	-5.770E-01	 0.000E+00	 0.000E+00	 0.000E+00	 4.997E+02	 6.835E+00
    9.7500	-1.770E-03	-3.015E-04	 7.601E+00	 7.370E+02	 1.102E+02	 0.000E+00	 2.925E+03	 2.829E+03	 3.113E+03	 3.640E+03	-1.600E+03	-1.503E+03	 1.745E+00	 1.520E+00	 1.794E+00	-5.996E-01	 5.515E-02	 1.233E-01	 1.745E+00	-5.996E-01	 0.000E+00	 0.000E+00	 0.000E+00	 4.931E+02	 6.768E+00
   10.0000	-2.085E-05	 1.033E-02	 7.596E+00	 7.369E+02	 1.216E+02	 0.000E+00	 2.922E+03	 2.983E+03	 2.952E+03	 3.444E+03	-3.486E+03	 7.179E+02	 1.716E+00	 1.578E+00	 1.769E+00	-5.805E-01	 3.641E-01	-2.377E-01	 1.716E+00	-5.805E-01	 0.000E+00	 0.000E+00	 0.000E+00	 4.843E+02	 6.648E+00
   10.2500	 1.351E-03	-1.307E-03	 7.590E+00	 7.365E+02	 1.330E+02	 0.000E+00	 2.968E+03	 2.917E+03	 2.986E+03	 2.586E+03	-4.054E+03	 1.999E+03	 1.703E+00	 1.559E+00	 1.797E+00	-4.456E-01	 4.581E-01	-4.345E-01	 1.703E+00	-4.456E-01	 0.000E+00	 0.000E+00	 0.000E+00	 4.805E+02	 6.600E+00
   10.5000	-6.035E-05	-6.895E-03	 7.580E+00	 7.348E+02	 1.444E+02	 0.000E+00	 2.869E+03	 2.837E+03	 3.129E+03	 2.096E+03	-2.600E+03	 1.142E+03	 1.640E+00	 1.557E+00	 1.851E+00	-3.808E-01	 1.915E-01	-2.562E-01	 1.640E+00	-3.808E-01	 0.000E+00	 0.000E+00	 0.000E+00	 4.719E+02	 6.497E+00
   10.7500	-1.048E-03	-8.358E-04	 7.579E+00	 7.358E+02	 1.557E+02	 0.000E+00	 2.781E+03	 2.983E+03	 3.074E+03	 1.815E+03	-2.771E+03	 1.510E+03	 1.572E+00	 1.626E+00	 1.840E+00	-3.542E-01	 2.163E-01	-2.876E-01	 1.572E+00	-3.542E-01	 0.000E+00	 0.000E+00	 0.000E+00	 4.690E+02	 6.447E+00
   11.0000	-8.633E-04	 1.987E-03	 7.567E+00	 7.334E+02	 1.671E+02	 0.000E+00	 2.813E+03	 3.057E+03	 2.940E+03	 1.048E+03	-4.072E+03	 3.608E+03	 1.558E+00	 1.660E+00	 1.810E+00	-2.501E-01	 4.521E-01	-6.344E-01	 1.558E+00	-2.501E-01	 0.000E+00	 0.000E+00	 0.000E+00	 4.617E+02	 6.369E+00
   11.2500	 1.764E-04	 6.217E-03	 7.567E+00	 7.346E+02	 1.784E+02	 0.000E+00	 2.831E+03	 2.951E+03	 3.022E+03	 1.900E+01	-3.282E+03	 3.851E+03	 1.541E+00	 1.640E+00	 1.836E+00	-9.962E-02	 3.283E-01	-6.619E-01	 1.541E+00	-9.962E-02	 0.000E+00	 0.000E+00	 0.000E+00	 4.581E+02	 6.308E+00
   11.5000	 1.370E-03	 9.201E-04	 7.557E+00	 7.326E+02	 1.898E+02	 0.000E+00	 2.744E+03	 2.930E+03	 3.118E+03	-5.148E+02	-1.621E+03	 2.674E+03	 1.488E+00	 1.670E+00	 1.853E+00	-3.368E-02	 4.951E-02	-4.373E-01	 1.488E+00	-3.368E-02	 0.000E+00	 0.000E+00	 0.000E+00	 4.532E+02	 6.258E+00
   11.7500	 2.363E-04	-8.422E-03	 7.556E+00	 7.331E+02	 2.011E+02	 0.000E+00	 2.724E+03	 3.061E+03	 2.999E+03	-8.995E+02	-1.900E+03	 3.402E+03	 1.468E+00	 1.732E+00	 1.809E+00	 2.110E-03	 1.158E-01	-5.542E-01	 1.468E+00	 2.110E-03	 0.000E+00	 0.000E+00	 0.000E+00	 4.485E+02	 6.188E+00
   12.0000	-1.248E-03	-2.072E-04	 7.549E+00	 7.323E+02	 2.125E+02	 0.000E+00	 2.828E+03	 3.066E+03	 2.912E+03	-1.796E+03	-2.367E+03	 4.681E+03	 1.502E+00	 1.740E+00	 1.776E+00	 1.303E-01	 2.295E-01	-7.774E-01	 1.502E+00	 1.303E-01	 0.000E+00	 0.000E+00	 0.000E+00	 4.455E+02	 6.154E+00
   12.2500	 5.061E-04	 1.159E-02	 7.545E+00	 7.317E+02	 2.238E+02	 0.000E+00	 2.856E+03	 2.948E+03	 3.004E+03	-2.509E+03	-6.530E+02	 3.756E+03	 1.517E+00	 1.727E+00	 1.780E+00	 2.283E-01	-4.324E-02	-6.214E-01	 1.517E+00	 2.283E-01	 0.000E+00	 0.000E+00	 0.000E+00	 4.402E+02	 6.086E+00
   12.5000	 2.211E-03	-1.922E-03	 7.543E+00	 7.319E+02	 2.351E+02	 0.000E+00	 2.810E+03	 2.989E+03	 3.023E+03	-2.699E+03	 7.624E+02	 2.462E+03	 1.507E+00	 1.771E+00	 1.750E+00	 2.422E-01	-2.659E-01	-3.976E-01	 1.507E+00	 2.422E-01	 0.000E+00	 0.000E+00	 0.000E+00	 4.383E+02	 6.057E+00
   12.7500	-3.549E-04	-1.401E-02	 7.536E+00	 7.307E+02	 2.464E+02	 0.000E+00	 2.851E+03	 3.099E+03	 2.861E+03	-2.914E+03	 3.057E+02	 3.174E+03	 1.529E+00	 1.819E+00	 1.681E+00	 2.614E-01	-1.561E-01	-5.357E-01	 1.529E+00	 2.614E-01	 0.000E+00	 0.000E+00	 0.000E+00	 4.336E+02	 6.003E+00
   13.0000	-2.073E-03	 3.205E-03	 7.536E+00	 7.314E+02	 2.577E+02	 0.000E+00	 2.955E+03	 3.042E+03	 2.822E+03	-3.429E+03	 5.582E+02	 3.412E+03	 1.577E+00	 1.806E+00	 1.644E+00	 3.400E-01	-1.650E-01	-5.996E-01	 1.577E+00	 3.400E-01	 0.000E+00	 0.000E+00	 0.000E+00	 4.317E+02	 5.971E+00
   13.2500	 3.574E-04	 1.113E-02	 7.529E+00	 7.300E+02	 2.690E+02	 0.000E+00	 2.946E+03	 2.949E+03	 2.910E+03	-3.533E+03	 2.443E+03	 1.625E+03	 1.596E+00	 1.795E+00	 1.631E+00	 3.537E-01	-4.683E-01	-3.092E-01	 1.596E+00	 3.537E-01	 0.000E+00	 0.000E+00	 0.000E+00	 4.282E+02	 5.933E+00
   13.5000	 1.349E-03	-4.471E-03	 7.529E+00	 7.306E+02	 2.803E+02	 0.000E+00	 2.909E+03	 3.034E+03	 2.846E+03	-3.170E+03	 3.132E+03	 5.970E+02	 1.599E+00	 1.835E+00	 1.575E+00	 2.915E-01	-5.686E-01	-1.513E-01	 1.599E+00	 2.915E-01	 0.000E+00	 0.000E+00	 0.000E+00	 4.258E+02	 5.895E+00
   13.7500	-7.613E-04	-8.068E-03	 7.525E+00	 7.298E+02	 2.916E+02	 0.000E+00	 2.970E+03	 3.100E+03	 2.702E+03	-3.034E+03	 2.376E+03	 1.173E+03	 1.635E+00	 1.854E+00	 1.508E+00	 2.745E-01	-4.114E-01	-2.803E-01	 1.635E+00	 2.745E-01	 0.000E+00	 0.000E+00	 0.000E+00	 4.236E+02	 5.872E+00
   14.0000	-1.137E-03	 5.245E-03	 7.523E+00	 7.297E+02	 3.029E+02	 0.000E+00	 3.022E+03	 2.995E+03	 2.744E+03	-2.963E+03	 2.974E+03	 5.467E+02	 1.676E+00	 1.815E+00	 1.500E+00	 2.739E-01	-4.957E-01	-2.049E-01	 1.676E+00	 2.739E-01	 0.000E+00	 0.000E+00	 0.000E+00	 4.207E+02	 5.831E+00
   14.2500	 6.751E-04	 6.104E-03	 7.520E+00	 7.295E+02	 3.142E+02	 0.000E+00	 2.980E+03	 2.947E+03	 2.841E+03	-2.425E+03	 4.340E+03	-1.404E+03	 1.684E+00	 1.799E+00	 1.509E+00	 1.997E-01	-7.252E-01	 1.085E-01	 1.684E+00	 1.997E-01	 0.000E+00	 0.000E+00	 0.000E+00	 4.192E+02	 5.812E+00
   14.5000	 1.154E-03	-1.728E-03	 7.517E+00	 7.290E+02	 3.254E+02	 0.000E+00	 2.964E+03	 3.035E+03	 2.766E+03	-1.640E+03	 3.973E+03	-1.785E+03	 1.697E+00	 1.819E+00	 1.478E+00	 8.397E-02	-6.578E-01	 1.483E-01	 1.697E+00	 8.397E-02	 0.000E+00	 0.000E+00	 0.000E+00	 4.162E+02	 5.776E+00
   14.7500	 4.732E-04	-2.786E-03	 7.516E+00	 7.293E+02	 3.367E+02	 0.000E+00	 3.028E+03	 3.033E+03	 2.716E+03	-1.196E+03	 2.971E+03	-1.256E+03	 1.742E+00	 1.793E+00	 1.465E+00	 3.150E-02	-4.768E-01	 2.637E-02	 1.742E+00	 3.150E-02	 0.000E+00	 0.000E+00	 0.000E+00	 4.151E+02	 5.758E+00
   15.0000	-1.659E-04	-2.260E-03	 7.512E+00	 7.284E+02	 3.480E+02	 0.000E+00	 3.037E+03	 2.907E+03	 2.842E+03	-7.055E+02	 3.543E+03	-2.308E+03	 1.767E+00	 1.732E+00	 1.510E+00	-2.559E-02	-5.802E-01	 1.836E-01	 1.767E+00	-2.559E-02	 0.000E+00	 0.000E+00	 0.000E+00	 4.126E+02	 5.730E+00
   15.2500	-3.583E-04	 1.457E-03	 7.512E+00	 7.289E+02	 3.592E+02	 0.000E+00	 2.986E+03	 2.892E+03	 2.922E+03	 1.957E+02	 4.001E+03	-3.667E+03	 1.764E+00	 1.712E+00	 1.540E+00	-1.524E-01	-6.751E-01	 4.043E-01	 1.764E+00	-1.524E-01	 0.000E+00	 0.000E+00	 0.000E+00	 4.112E+02	 5.708E+00
   15.5000	 5.070E-04	 4.160E-03	 7.509E+00	 7.282E+02	 1.051E+01	 0.000E+00	 2.997E+03	 2.953E+03	 2.849E+03	 1.020E+03	 2.685E+03	-3.191E+03	 1.784E+00	 1.699E+00	 1.533E+00	-2.673E-01	-4.604E-01	 3.077E-01	 1.784E+00	-2.673E-01	 0.000E+00	 0.000E+00	 0.000E+00	 4.096E+02	 5.690E+00
   15.7500	 7.760E-04	-3.469E-03	 7.508E+00	 7.284E+02	 2.177E+01	 0.000E+00	 3.054E+03	 2.880E+03	 2.855E+03	 1.477E+03	 1.686E+03	-2.628E+03	 1.821E+00	 1.633E+00	 1.556E+00	-3.194E-01	-3.012E-01	 1.963E-01	 1.821E+00	-3.194E-01	 0.000E+00	 0.000E+00	 0.000E+00	 4.080E+02	 5.667E+00
   16.0000	-9.354E-04	-7.451E-03	 7.506E+00	 7.281E+02	 3.303E+01	 0.000E+00	 3.037E+03	 2.761E+03	 2.981E+03	 2.017E+03	 2.079E+03	-3.590E+03	 1.825E+00	 1.571E+00	 1.606E+00	-3.855E-01	-3.937E-01	 3.621E-01	 1.825E+00	-3.855E-01	 0.000E+00	 0.000E+00	 0.000E+00	 4.071E+02	 5.655E+00
   16.2500	-1.404E-03	 5.189E-03	 7.505E+00	 7.279E+02	 4.429E+01	 0.000E+00	 2.984E+03	 2.789E+03	 2.994E+03	 2.805E+03	 1.653E+03	-3.926E+03	 1.812E+00	 1.557E+00	 1.624E+00	-4.991E-01	-3.502E-01	 4.272E-01	 1.812E+00	-4.991E-01	 0.000E+00	 0.000E+00	 0.000E+00	 4.053E+02	 5.633E+00
   16.5000	 8.420E-04	 8.773E-03	 7.504E+00	 7.279E+02	 5.555E+01	 0.000E+00	 3.012E+03	 2.832E+03	 2.914E+03	 3.257E+03	-6.665E+01	-2.682E+03	 1.822E+00	 1.536E+00	 1.628E+00	-5.586E-01	-7.629E-02	 2.180E-01	 1.822E+00	-5.586E-01	 0.000E+00	 0.000E+00	 0.000E+00	 4.046E+02	 5.623E+00
   16.7500	 1.302E-03	-5.706E-03	 7.501E+00	 7.275E+02	 6.680E+01	 0.000E+00	 3.049E+03	 2.740E+03	 2.956E+03	 3.358E+03	-7.131E+02	-2.122E+03	 1.833E+00	 1.481E+00	 1.665E+00	-5.614E-01	 1.028E-02	 1.313E-01	 1.833E+00	-5.614E-01	 0.000E+00	 0.000E+00	 0.000E+00	 4.030E+02	 5.604E+00
   17.0000	-7.185E-04	-6.259E-03	 7.501E+00	 7.277E+02	 7.805E+01	 0.000E+00	 2.999E+03	 2.696E+03	 3.050E+03	 3.601E+03	-4.220E+02	-2.666E+03	 1.811E+00	 1.461E+00	 1.707E+00	-5.926E-01	-7.261E-02	 2.480E-01	 1.811E+00	-5.926E-01	 0.000E+00	 0.000E+00	 0.000E+00	 4.023E+02	 5.592E+00
   17.2500	-5.473E-04	 7.221E-03	 7.499E+00	 7.273E+02	 8.930E+01	 0.000E+00	 2.952E+03	 2.803E+03	 3.004E+03	 3.892E+03	-1.351E+03	-2.030E+03	 1.780E+00	 1.493E+00	 1.714E+00	-6.386E-01	 5.813E-02	 1.629E-01	 1.780E+00	-6.386E-01	 0.000E+00	 0.000E+00	 0.000E+00	 4.010E+02	 5.578E+00
   17.5000	 1.420E-03	 4.823E-03	 7.498E+00	 7.274E+02	 1.005E+02	 0.000E+00	 2.980E+03	 2.850E+03	 2.941E+03	 3.725E+03	-2.779E+03	-4.266E+02	 1.770E+00	 1.505E+00	 1.722E+00	-6.115E-01	 2.839E-01	-9.310E-02	 1.770E+00	-6.115E-01	 0.000E+00	 0.000E+00	 0.000E+00	 4.001E+02	 5.563E+00
   17.7500	 1.042E-03	-6.777E-03	 7.497E+00	 7.272E+02	 1.118E+02	 0.000E+00	 2.974E+03	 2.789E+03	 3.017E+03	 3.313E+03	-2.757E+03	-5.081E+01	 1.749E+00	 1.490E+00	 1.764E+00	-5.457E-01	 2.595E-01	-1.317E-01	 1.749E+00	-5.457E-01	 0.000E+00	 0.000E+00	 0.000E+00	 3.993E+02	 5.554E+00
   18.0000	-6.421E-04	-4.093E-03	 7.496E+00	 7.272E+02	 1.230E+02	 0.000E+00	 2.893E+03	 2.821E+03	 3.069E+03	 3.135E+03	-2.418E+03	-1.981E+02	 1.696E+00	 1.516E+00	 1.795E+00	-5.256E-01	 1.785E-01	-7.374E-02	 1.696E+00	-5.256E-01	 0.000E+00	 0.000E+00	 0.000E+00	 3.983E+02	 5.541E+00
   18.2500	-6.038E-04	 3.305E-03	 7.495E+00	 7.271E+02	 1.343E+02	 0.000E+00	 2.857E+03	 2.938E+03	 2.993E+03	 2.848E+03	-3.335E+03	 9.904E+02	 1.652E+00	 1.568E+00	 1.788E+00	-4.925E-01	 3.252E-01	-2.503E-01	 1.652E+00	-4.925E-01	 0.000E+00	 0.000E+00	 0.000E+00	 3.978E+02	 5.534E+00
   18.5000	 1.731E-04	 1.802E-03	 7.495E+00	 7.269E+02	 1.455E+02	 0.000E+00	 2.870E+03	 2.942E+03	 2.967E+03	 2.120E+03	-3.955E+03	 2.351E+03	 1.627E+00	 1.580E+00	 1.796E+00	-3.875E-01	 4.299E-01	-4.630E-01	 1.627E+00	-3.875E-01	 0.000E+00	 0.000E+00	 0.000E+00	 3.968E+02	 5.522E+00
   18.7500	 2.179E-04	-1.008E-03	 7.495E+00	 7.270E+02	 1.568E+02	 0.000E+00	 2.826E+03	 2.889E+03	 3.052E+03	 1.384E+03	-3.169E+03	 2.291E+03	 1.582E+00	 1.582E+00	 1.830E+00	-2.823E-01	 2.916E-01	-4.268E-01	 1.582E+00	-2.823E-01	 0.000E+00	 0.000E+00	 0.000E+00	 3.965E+02	 5.517E+00
   19.0000	-1.642E-04	-1.902E-03	 7.493E+00	 7.268E+02	 1.680E+02	 0.000E+00	 2.749E+03	 2.944E+03	 3.058E+03	 9.316E+02	-2.717E+03	 2.294E+03	 1.524E+00	 1.625E+00	 1.834E+00	-2.297E-01	 2.143E-01	-4.018E-01	 1.524E+00	-2.297E-01	 0.000E+00	 0.000E+00	 0.000E+00	 3.957E+02	 5.508E+00
   19.2500	-5.608E-04	-6.338E-04	 7.493E+00	 7.269E+02	 1.792E+02	 0.000E+00	 2.750E+03	 3.020E+03	 2.972E+03	 2.947E+02	-3.247E+03	 3.462E+03	 1.501E+00	 1.665E+00	 1.811E+00	-1.485E-01	 3.192E-01	-5.875E-01	 1.501E+00	-1.485E-01	 0.000E+00	 0.000E+00	 0.000E+00	 3.952E+02	 5.501E+00
   19.5000	-1.298E-04	 4.284E-03	 7.492E+00	 7.266E+02	 1.905E+02	 0.000E+00	 2.784E+03	 2.981E+03	 2.976E+03	-6.239E+02	-2.926E+03	 4.054E+03	 1.497E+00	 1.668E+00	 1.810E+00	-1.828E-02	 2.824E-01	-6.800E-01	 1.497E+00	-1.828E-02	 0.000E+00	 0.000E+00	 0.000E+00	 3.946E+02	 5.494E+00
   19.7500	 1.113E-03	 3.717E-03	 7.491E+00	 7.267E+02	 2.017E+02	 0.000E+00	 2.760E+03	 2.943E+03	 3.041E+03	-1.287E+03	-1.609E+03	 3.407E+03	 1.477E+00	 1.685E+00	 1.815E+00	 6.897E-02	 7.091E-02	-5.576E-01	 1.477E+00	 6.897E-02	 0.000E+00	 0.000E+00	 0.000E+00	 3.940E+02	 5.485E+00
   20.0000	 9.572E-04	-5.057E-03	 7.490E+00	 7.266E+02	 2.130E+02	 0.000E+00	 2.745E+03	 3.010E+03	 2.997E+03	-1.692E+03	-1.139E+03	 3.333E+03	 1.467E+00	 1.731E+00	 1.785E+00	 1.121E-01	 1.122E-02	-5.392E-01	 1.467E+00	 1.121E-01	 0.000E+00	 0.000E+00	 0.000E+00	 3.936E+02	 5.480E+00
   20.2500	-5.382E-04	-4.059E-03	 7.490E+00	 7.265E+02	 2.242E+02	 0.000E+00	 2.810E+03	 3.045E+03	 2.910E+03	-2.285E+03	-1.231E+03	 4.026E+03	 1.493E+00	 1.755E+00	 1.746E+00	 1.892E-01	 5.725E-02	-6.647E-01	 1.493E+00	 1.892E-01	 0.000E+00	 0.000E+00	 0.000E+00	 3.930E+02	 5.472E+00
   20.5000	-2.445E-04	 5.817E-03	 7.490E+00	 7.265E+02	 2.354E+02	 0.000E+00	 2.868E+03	 2.984E+03	 2.928E+03	-2.918E+03	-2.441E+02	 3.664E+03	 1.522E+00	 1.753E+00	 1.727E+00	 2.786E-01	-8.416E-02	-6.118E-01	 1.522E+00	 2.786E-01	 0.000E+00	 0.000E+00	 0.000E+00	 3.927E+02	 5.467E+00
   20.7500	 1.114E-03	 2.103E-03	 7.489E+00	 7.264E+02	 2.467E+02	 0.000E+00	 2.857E+03	 2.976E+03	 2.949E+03	-3.145E+03	 1.108E+03	 2.545E+03	 1.531E+00	 1.775E+00	 1.699E+00	 3.023E-01	-2.937E-01	-4.278E-01	 1.531E+00	 3.023E-01	 0.000E+00	 0.000E+00	 0.000E+00	 3.921E+02	 5.460E+00
   21.0000	 2.585E-04	-7.573E-03	 7.489E+00	 7.265E+02	 2.579E+02	 0.000E+00	 2.872E+03	 3.048E+03	 2.857E+03	-3.199E+03	 1.344E+03	 2.360E+03	 1.547E+00	 1.813E+00	 1.641E+00	 3.007E-01	-3.066E-01	-4.121E-01	 1.547E+00	 3.007E-01	 0.000E+00	 0.000E+00	 0.000E+00	 3.919E+02	 5.457E+00
   21.2500	-1.260E-03	-1.948E-03	 7.488E+00	 7.263E+02	 2.691E+02	 0.000E+00	 2.939E+03	 3.044E+03	 2.786E+03	-3.409E+03	 1.468E+03	 2.444E+03	 1.585E+00	 1.819E+00	 1.592E+00	 3.317E-01	-2.977E-01	-4.510E-01	 1.585E+00	 3.317E-01	 0.000E+00	 0.000E+00	 0.000E+00	 3.916E+02	 5.453E+00
   21.5000	-4.624E-04	 6.530E-03	 7.488E+00	 7.264E+02	 2.804E+02	 0.000E+00	 2.962E+03	 2.978E+03	 2.820E+03	-3.456E+03	 2.602E+03	 1.360E+03	 1.613E+00	 1.806E+00	 1.569E+00	 3.413E-01	-4.705E-01	-2.881E-01	 1.613E+00	 3.413E-01	 0.000E+00	 0.000E+00	 0.000E+00	 3.913E+02	 5.449E+00
   21.7500	 7.297E-04	 1.216E-03	 7.488E+00	 7.263E+02	 2.916E+02	 0.000E+00	 2.939E+03	 2.999E+03	 2.809E+03	-3.100E+03	 3.440E+03	 1.616E+02	 1.625E+00	 1.820E+00	 1.534E+00	 2.867E-01	-5.984E-01	-1.044E-01	 1.625E+00	 2.867E-01	 0.000E+00	 0.000E+00	 0.000E+00	 3.910E+02	 5.446E+00
   22.0000	 2.017E-04	-3.755E-03	 7.488E+00	 7.263E+02	 3.028E+02	 0.000E+00	 2.962E+03	 3.052E+03	 2.722E+03	-2.706E+03	 3.181E+03	 3.048E+01	 1.651E+00	 1.835E+00	 1.486E+00	 2.299E-01	-5.358E-01	-1.103E-01	 1.651E+00	 2.299E-01	 0.000E+00	 0.000E+00	 0.000E+00	 3.907E+02	 5.442E+00
   22.2500	-3.021E-04	 4.941E-04	 7.487E+00	 7.262E+02	 3.141E+02	 0.000E+00	 3.006E+03	 3.008E+03	 2.721E+03	-2.440E+03	 3.243E+03	-3.040E+02	 1.688E+00	 1.811E+00	 1.472E+00	 2.009E-01	-5.317E-01	-8.384E-02	 1.688E+00	 2.009E-01	 0.000E+00	 0.000E+00	 0.000E+00	 3.905E+02	 5.439E+00
   22.5000	 2.431E-04	 2.842E-03	 7.486E+00	 7.262E+02	 3.253E+02	 0.000E+00	 2.995E+03	 2.949E+03	 2.800E+03	-1.925E+03	 4.021E+03	-1.591E+03	 1.706E+00	 1.784E+00	 1.487E+00	 1.339E-01	-6.620E-01	 1.117E-01	 1.706E+00	 1.339E-01	 0.000E+00	 0.000E+00	 0.000E+00	 3.901E+02	 5.434E+00
   22.7500	 7.403E-04	 8.623E-04	 7.486E+00	 7.262E+02	 3.365E+02	 0.000E+00	 2.975E+03	 2.977E+03	 2.804E+03	-1.142E+03	 4.006E+03	-2.363E+03	 1.719E+00	 1.780E+00	 1.487E+00	 2.284E-02	-6.608E-01	 2.214E-01	 1.719E+00	 2.284E-02	 0.000E+00	 0.000E+00	 0.000E+00	 3.899E+02	 5.431E+00
   23.0000	 6.949E-04	-1.185E-03	 7.486E+00	 7.261E+02	 3.477E+02	 0.000E+00	 3.006E+03	 2.987E+03	 2.774E+03	-4.908E+02	 3.207E+03	-2.214E+03	 1.751E+00	 1.758E+00	 1.485E+00	-6.368E-02	-5.240E-01	 1.705E-01	 1.751E+00	-6.368E-02	 0.000E+00	 0.000E+00	 0.000E+00	 3.896E+02	 5.427E+00
   23.2500	 1.274E-04	-3.192E-03	 7.486E+00	 7.261E+02	 3.590E+02	 0.000E+00	 3.030E+03	 2.908E+03	 2.837E+03	 4.623E+01	 3.078E+03	-2.622E+03	 1.779E+00	 1.705E+00	 1.515E+00	-1.280E-01	-5.095E-01	 2.201E-01	 1.779E+00	-1.280E-01	 0.000E+00	 0.000E+00	 0.000E+00	 3.894E+02	 5.424E+00
   23.5000	-5.443E-04	-1.145E-03	 7.486E+00	 7.261E+02	 1.020E+01	 0.000E+00	 3.004E+03	 2.857E+03	 2.918E+03	 7.991E+02	 3.252E+03	-3.550E+03	 1.786E+00	 1.667E+00	 1.550E+00	-2.290E-01	-5.571E-01	 3.687E-01	 1.786E+00	-2.290E-01	 0.000E+00	 0.000E+00	 0.000E+00	 3.892E+02	 5.422E+00
   23.7500	-1.813E-04	 3.531E-03	 7.486E+00	 7.261E+02	 2.143E+01	 0.000E+00	 2.995E+03	 2.877E+03	 2.904E+03	 1.613E+03	 2.441E+03	-3.551E+03	 1.796E+00	 1.642E+00	 1.562E+00	-3.427E-01	-4.362E-01	 3.611E-01	 1.796E+00	-3.427E-01	 0.000E+00	 0.000E+00	 0.000E+00	 3.890E+02	 5.420E+00
   24.0000	 5.052E-04	 3.328E-04	 7.485E+00	 7.261E+02	 3.266E+01	 0.000E+00	 3.029E+03	 2.845E+03	 2.890E+03	 2.147E+03	 1.364E+03	-3.011E+03	 1.819E+00	 1.594E+00	 1.579E+00	-4.098E-01	-2.688E-01	 2.619E-01	 1.819E+00	-4.098E-01	 0.000E+00	 0.000E+00	 0.000E+00	 3.889E+02	 5.419E+00
   24.2500	-2.172E-04	-4.894E-03	 7.485E+00	 7.261E+02	 4.389E+01	 0.000E+00	 3.034E+03	 2.758E+03	 2.958E+03	 2.579E+03	 1.130E+03	-3.206E+03	 1.828E+00	 1.536E+00	 1.617E+00	-4.609E-01	-2.535E-01	 2.980E-01	 1.828E+00	-4.609E-01	 0.000E+00	 0.000E+00	 0.000E+00	 3.888E+02	 5.417E+00
   24.5000	-9.276E-04	 9.274E-04	 7.485E+00	 7.261E+02	 5.512E+01	 0.000E+00	 2.998E+03	 2.746E+03	 2.997E+03	 3.139E+03	 8.028E+02	-3.442E+03	 1.818E+00	 1.511E+00	 1.645E+00	-5.381E-01	-2.271E-01	 3.503E-01	 1.818E+00	-5.381E-01	 0.000E+00	 0.000E+00	 0.000E+00	 3.887E+02	 5.416E+00
   24.7500	 2.279E-04	 6.493E-03	 7.485E+00	 7.260E+02	 6.634E+01	 0.000E+00	 2.994E+03	 2.786E+03	 2.957E+03	 3.561E+03	-3.886E+02	-2.671E+03	 1.812E+00	 1.502E+00	 1.657E+00	-5.967E-01	-4.880E-02	 2.300E-01	 1.812E+00	-5.967E-01	 0.000E+00	 0.000E+00	 0.000E+00	 3.885E+02	 5.413E+00
   25.0000	 1.173E-03	-3.556E-04	 7.485E+00	 7.260E+02	 7.757E+01	 0.000E+00	 3.017E+03	 2.761E+03	 2.958E+03	 3.636E+03	-1.291E+03	-1.844E+03	 1.813E+00	 1.477E+00	 1.682E+00	-5.997E-01	 8.139E-02	 1.029E-01	 1.813E+00	-5.997E-01	 0.000E+00	 0.000E+00	 0.000E+00	 3.884E+02	 5.412E+00
   25.2500	 2.719E-04	-4.848E-03	 7.484E+00	 7.260E+02	 8.880E+01	 0.000E+00	 2.993E+03	 2.731E+03	 3.019E+03	 3.656E+03	-1.393E+03	-1.763E+03	 1.794E+00	 1.463E+00	 1.719E+00	-5.977E-01	 7.011E-02	 1.122E-01	 1.794E+00	-5.977E-01	 0.000E+00	 0.000E+00	 0.000E+00	 3.882E+02	 5.409E+00
   25.5000	-2.841E-04	 1.202E-03	 7.484E+00	 7.260E+02	 1.000E+02	 0.000E+00	 2.945E+03	 2.794E+03	 3.018E+03	 3.737E+03	-1.883E+03	-1.353E+03	 1.760E+00	 1.488E+00	 1.738E+00	-6.124E-01	 1.272E-01	 6.901E-02	 1.760E+00	-6.124E-01	 0.000E+00	 0.000E+00	 0.000E+00	 3.880E+02	 5.407E+00
   25.7500	 4.994E-04	 3.269E-03	 7.484E+00	 7.259E+02	 1.113E+02	 0.000E+00	 2.938E+03	 2.860E+03	 2.973E+03	 3.555E+03	-2.899E+03	-1.554E+02	 1.735E+00	 1.514E+00	 1.747E+00	-5.874E-01	 2.826E-01	-1.123E-01	 1.735E+00	-5.874E-01	 0.000E+00	 0.000E+00	 0.000E+00	 3.879E+02	 5.405E+00
   26.0000	 6.743E-04	-2.102E-03	 7.484E+00	 7.260E+02	 1.225E+02	 0.000E+00	 2.932E+03	 2.847E+03	 2.998E+03	 3.079E+03	-3.211E+03	 6.345E+02	 1.708E+00	 1.519E+00	 1.774E+00	-5.160E-01	 3.205E-01	-2.223E-01	 1.708E+00	-5.160E-01	 0.000E+00	 0.000E+00	 0.000E+00	 3.878E+02	 5.403E+00
   26.2500	-1.473E-04	-3.242E-03	 7.484E+00	 7.260E+02	 1.337E+02	 0.000E+00	 2.876E+03	 2.855E+03	 3.045E+03	 2.659E+03	-2.966E+03	 8.059E+02	 1.660E+00	 1.537E+00	 1.803E+00	-4.584E-01	 2.632E-01	-2.218E-01	 1.660E+00	-4.584E-01	 0.000E+00	 0.000E+00	 0.000E+00	 3.878E+02	 5.403E+00
   26.5000	-5.639E-04	 2.099E-05	 7.484E+00	 7.259E+02	 1.449E+02	 0.000E+00	 2.825E+03	 2.927E+03	 3.018E+03	 2.267E+03	-3.275E+03	 1.508E+03	 1.611E+00	 1.577E+00	 1.808E+00	-4.107E-01	 3.086E-01	-3.147E-01	 1.611E+00	-4.107E-01	 0.000E+00	 0.000E+00	 0.000E+00	 3.877E+02	 5.402E+00
   26.7500	-3.183E-04	 1.522E-03	 7.484E+00	 7.260E+02	 1.562E+02	 0.000E+00	 2.816E+03	 2.960E+03	 2.984E+03	 1.597E+03	-3.696E+03	 2.600E+03	 1.579E+00	 1.602E+00	 1.808E+00	-3.186E-01	 3.828E-01	-4.806E-01	 1.579E+00	-3.186E-01	 0.000E+00	 0.000E+00	 0.000E+00	 3.877E+02	 5.402E+00
   27.0000	 7.192E-05	 1.401E-03	 7.484E+00	 7.259E+02	 1.674E+02	 0.000E+00	 2.795E+03	 2.933E+03	 3.019E+03	 8.039E+02	-3.259E+03	 2.955E+03	 1.543E+00	 1.613E+00	 1.824E+00	-2.068E-01	 3.119E-01	-5.209E-01	 1.543E+00	-2.068E-01	 0.000E+00	 0.000E+00	 0.000E+00	 3.876E+02	 5.401E+00
   27.2500	 2.604E-04	-1.992E-04	 7.484E+00	 7.259E+02	 1.786E+02	 0.000E+00	 2.745E+03	 2.949E+03	 3.042E+03	 1.985E+02	-2.635E+03	 2.937E+03	 1.500E+00	 1.642E+00	 1.830E+00	-1.292E-01	 2.116E-01	-4.974E-01	 1.500E+00	-1.292E-01	 0.000E+00	 0.000E+00	 0.000E+00	 3.876E+02	 5.401E+00
   27.5000	-1.305E-05	-1.480E-03	 7.484E+00	 7.259E+02	 1.898E+02	 0.000E+00	 2.736E+03	 3.002E+03	 2.994E+03	-3.953E+02	-2.603E+03	 3.498E+03	 1.478E+00	 1.679E+00	 1.812E+00	-5.566E-02	 2.218E-01	-5.808E-01	 1.478E+00	-5.566E-02	 0.000E+00	 0.000E+00	 0.000E+00	 3.875E+02	 5.400E+00
   27.7500	-7.046E-05	 1.649E-03	 7.483E+00	 7.259E+02	 2.011E+02	 0.000E+00	 2.771E+03	 2.999E+03	 2.968E+03	-1.174E+03	-2.344E+03	 4.018E+03	 1.481E+00	 1.696E+00	 1.796E+00	 5.021E-02	 1.991E-01	-6.645E-01	 1.481E+00	 5.021E-02	 0.000E+00	 0.000E+00	 0.000E+00	 3.874E+02	 5.398E+00
   28.0000	 7.042E-04	 3.398E-03	 7.483E+00	 7.259E+02	 2.123E+02	 0.000E+00	 2.785E+03	 2.969E+03	 2.995E+03	-1.859E+03	-1.345E+03	 3.704E+03	 1.482E+00	 1.710E+00	 1.788E+00	 1.423E-01	 4.855E-02	-6.066E-01	 1.482E+00	 1.423E-01	 0.000E+00	 0.000E+00	 0.000E+00	 3.873E+02	 5.397E+00
   28.2500	 9.559E-04	-2.071E-03	 7.483E+00	 7.259E+02	 2.235E+02	 0.000E+00	 2.785E+03	 2.996E+03	 2.979E+03	-2.280E+03	-5.607E+02	 3.341E+03	 1.484E+00	 1.743E+00	 1.762E+00	 1.907E-01	-6.307E-02	-5.442E-01	 1.484E+00	 1.907E-01	 0.000E+00	 0.000E+00	 0.000E+00	 3.871E+02	 5.395E+00
   28.5000	-5.092E-05	-4.362E-03	 7.483E+00	 7.259E+02	 2.347E+02	 0.000E+00	 2.828E+03	 3.032E+03	 2.911E+03	-2.697E+03	-3.021E+02	 3.498E+03	 1.505E+00	 1.771E+00	 1.720E+00	 2.414E-01	-7.840E-02	-5.797E-01	 1.505E+00	 2.414E-01	 0.000E+00	 0.000E+00	 0.000E+00	 3.871E+02	 5.395E+00
   28.7500	-4.733E-04	 1.507E-03	 7.483E+00	 7.259E+02	 2.460E+02	 0.000E+00	 2.883E+03	 3.008E+03	 2.887E+03	-3.160E+03	 3.752E+02	 3.284E+03	 1.536E+00	 1.779E+00	 1.687E+00	 3.052E-01	-1.654E-01	-5.570E-01	 1.536E+00	 3.052E-01	 0.000E+00	 0.000E+00	 0.000E+00	 3.870E+02	 5.394E+00
   29.0000	 2.685E-04	 2.690E-03	 7.483E+00	 7.259E+02	 2.572E+02	 0.000E+00	 2.896E+03	 2.988E+03	 2.892E+03	-3.373E+03	 1.481E+03	 2.392E+03	 1.555E+00	 1.790E+00	 1.654E+00	 3.315E-01	-3.305E-01	-4.184E-01	 1.555E+00	 3.315E-01	 0.000E+00	 0.000E+00	 0.000E+00	 3.870E+02	 5.393E+00
   29.2500	 2.500E-04	-2.891E-03	 7.483E+00	 7.259E+02	 2.684E+02	 0.000E+00	 2.903E+03	 3.024E+03	 2.839E+03	-3.334E+03	 2.044E+03	 1.790E+03	 1.573E+00	 1.815E+00	 1.605E+00	 3.195E-01	-4.024E-01	-3.340E-01	 1.573E+00	 3.195E-01	 0.000E+00	 0.000E+00	 0.000E+00	 3.870E+02	 5.393E+00
   29.5000	-6.085E-04	-2.325E-03	 7.483E+00	 7.259E+02	 2.796E+02	 0.000E+00	 2.943E+03	 3.039E+03	 2.772E+03	-3.311E+03	 2.235E+03	 1.575E+03	 1.603E+00	 1.826E+00	 1.555E+00	 3.156E-01	-4.092E-01	-3.222E-01	 1.603E+00	 3.156E-01	 0.000E+00	 0.000E+00	 0.000E+00	 3.871E+02	 5.394E+00
   29.7500	-4.921E-04	 2.967E-03	 7.483E+00	 7.259E+02	 2.909E+02	 0.000E+00	 2.971E+03	 3.000E+03	 2.771E+03	-3.229E+03	 2.898E+03	 8.300E+02	 1.633E+00	 1.817E+00	 1.526E+00	 3.081E-01	-5.025E-01	-2.208E-01	 1.633E+00	 3.081E-01	 0.000E+00	 0.000E+00	 0.000E+00	 3.870E+02	 5.394E+00
   30.0000	 3.423E-04	 2.517E-03	 7.483E+00	 7.259E+02	 3.021E+02	 0.000E+00	 2.964E+03	 2.991E+03	 2.780E+03	-2.856E+03	 3.607E+03	-2.514E+02	 1.652E+00	 1.815E+00	 1.504E+00	 2.556E-01	-6.105E-01	-6.031E-02	 1.652E+00	 2.556E-01	 0.000E+00	 0.000E+00	 0.000E+00	 3.870E+02	 5.393E+00
   30.2500	 5.203E-04	-7.787E-04	 7.483E+00	 7.258E+02	 3.133E+02	 0.000E+00	 2.970E+03	 3.020E+03	 2.743E+03	-2.335E+03	 3.611E+03	-7.769E+02	 1.674E+00	 1.819E+00	 1.477E+00	 1.818E-01	-5.992E-01	 2.506E-03	 1.674E+00	 1.818E-01	 0.000E+00	 0.000E+00	 0.000E+00	 3.870E+02	 5.393E+00
   30.5000	 2.696E-04	-7.030E-04	 7.483E+00	 7.258E+02	 3.245E+02	 0.000E+00	 2.999E+03	 3.003E+03	 2.736E+03	-1.881E+03	 3.482E+03	-1.102E+03	 1.706E+00	 1.800E+00	 1.468E+00	 1.240E-01	-5.681E-01	 2.912E-02	 1.706E+00	 1.240E-01	 0.000E+00	 0.000E+00	 0.000E+00	 3.869E+02	 5.392E+00
   30.7500	 2.416E-04	 3.187E-04	 7.483E+00	 7.258E+02	 3.358E+02	 0.000E+00	 3.004E+03	 2.953E+03	 2.794E+03	-1.340E+03	 3.781E+03	-1.942E+03	 1.729E+00	 1.769E+00	 1.485E+00	 5.516E-02	-6.187E-01	 1.479E-01	 1.729E+00	 5.516E-02	 0.000E+00	 0.000E+00	 0.000E+00	 3.868E+02	 5.391E+00
   31.0000	 3.544E-04	 5.325E-04	 7.483E+00	 7.258E+02	 3.470E+02	 0.000E+00	 2.990E+03	 2.943E+03	 2.832E+03	-5.845E+02	 3.798E+03	-2.714E+03	 1.743E+00	 1.748E+00	 1.501E+00	-4.854E-02	-6.274E-01	 2.593E-01	 1.743E+00	-4.854E-02	 0.000E+00	 0.000E+00	 0.000E+00	 3.867E+02	 5.390E+00
   31.2500	 4.531E-04	-2.668E-05	 7.483E+00	 7.258E+02	 3.582E+02	 0.000E+00	 3.002E+03	 2.945E+03	 2.827E+03	 1.547E+02	 3.175E+03	-2.830E+03	 1.767E+00	 1.722E+00	 1.510E+00	-1.488E-01	-5.279E-01	 2.595E-01	 1.767E+00	-1.488E-01	 0.000E+00	 0.000E+00	 0.000E+00	 3.867E+02	 5.389E+00
   31.5000	 1.781E-04	-2.267E-03	 7.483E+00	 7.258E+02	 9.425E+00	 0.000E+00	 3.024E+03	 2.893E+03	 2.859E+03	 7.565E+02	 2.706E+03	-2.963E+03	 1.792E+00	 1.675E+00	 1.534E+00	-2.244E-01	-4.591E-01	 2.664E-01	 1.792E+00	-2.244E-01	 0.000E+00	 0.000E+00	 0.000E+00	 3.867E+02	 5.389E+00
   31.7500	-4.649E-04	-2.022E-03	 7.483E+00	 7.258E+02	 2.065E+01	 0.000E+00	 3.016E+03	 2.835E+03	 2.921E+03	 1.413E+03	 2.555E+03	-3.469E+03	 1.803E+00	 1.628E+00	 1.566E+00	-3.097E-01	-4.527E-01	 3.455E-01	 1.803E+00	-3.097E-01	 0.000E+00	 0.000E+00	 0.000E+00	 3.867E+02	 5.389E+00
   32.0000	-4.792E-04	 1.996E-03	 7.483E+00	 7.258E+02	 3.187E+01	 0.000E+00	 3.002E+03	 2.825E+03	 2.936E+03	 2.137E+03	 1.947E+03	-3.585E+03	 1.809E+00	 1.595E+00	 1.588E+00	-4.091E-01	-3.707E-01	 3.633E-01	 1.809E+00	-4.091E-01	 0.000E+00	 0.000E+00	 0.000E+00	 3.867E+02	 5.390E+00
   32.2500	 1.799E-04	 2.069E-03	 7.483E+00	 7.258E+02	 4.310E+01	 0.000E+00	 3.016E+03	 2.809E+03	 2.926E+03	 2.684E+03	 9.639E+02	-3.148E+03	 1.821E+00	 1.556E+00	 1.606E+00	-4.808E-01	-2.240E-01	 2.889E-01	 1.821E+00	-4.808E-01	 0.000E+00	 0.000E+00	 0.000E+00	 3.867E+02	 5.390E+00
   32.5000	 1.666E-04	-1.994E-03	 7.483E+00	 7.258E+02	 5.432E+01	 0.000E+00	 3.026E+03	 2.754E+03	 2.958E+03	 3.045E+03	 3.843E+02	-2.930E+03	 1.827E+00	 1.510E+00	 1.636E+00	-5.236E-01	-1.501E-01	 2.585E-01	 1.827E+00	-5.236E-01	 0.000E+00	 0.000E+00	 0.000E+00	 3.868E+02	 5.390E+00
   32.7500	-3.210E-04	-6.384E-04	 7.483E+00	 7.258E+02	 6.555E+01	 0.000E+00	 3.004E+03	 2.733E+03	 2.995E+03	 3.417E+03	-1.637E+01	-2.902E+03	 1.818E+00	 1.485E+00	 1.666E+00	-5.722E-01	-1.107E-01	 2.683E-01	 1.818E+00	-5.722E-01	 0.000E+00	 0.000E+00	 0.000E+00	 3.867E+02	 5.390E+00
   33.0000	 1.106E-04	 3.579E-03	 7.483E+00	 7.258E+02	 7.677E+01	 0.000E+00	 2.986E+03	 2.766E+03	 2.982E+03	 3.721E+03	-8.756E+02	-2.346E+03	 1.804E+00	 1.483E+00	 1.684E+00	-6.145E-01	 8.965E-03	 1.908E-01	 1.804E+00	-6.145E-01	 0.000E+00	 0.000E+00	 0.000E+00	 3.867E+02	 5.389E+00
   33.2500	 1.055E+00	 7.683E+00	 7.639E+00	 7.335E+02	 8.807E+01	 0.000E+00	 2.051E+01	 4.685E+03	 4.069E+03	 3.879E+03	-1.209E+03	-1.998E+03	 3.274E-01	 2.099E+00	 2.551E+00	-5.496E-01	-2.414E-02	 1.217E-01	 3.274E-01	-5.496E-01	 0.000E+00	 0.000E+00	 0.000E+00	 4.020E+02	 5.544E+00
   33.5000	 1.913E+00	 4.015E-01	 7.497E+00	 7.273E+02	 9.938E+01	 0.000E+00	 9.668E+02	 4.517E+03	 3.314E+03	 2.940E+03	-2.210E+03	-4.876E+02	 1.359E-01	 2.622E+00	 2.362E+00	-3.459E-01	 1.337E-01	-1.959E-01	 1.359E-01	-3.459E-01	 0.000E+00	 0.000E+00	 0.000E+00	 4.104E+02	 5.707E+00
   33.7500	 2.629E+00	 4.173E+00	 7.586E+00	 7.320E+02	 1.107E+02	 0.000E+00	 2.301E+03	 4.465E+03	 2.628E+03	 2.660E+03	-2.832E+03	 1.037E+03	 1.423E+00	 2.439E+00	 1.710E+00	-4.499E-01	 1.676E-01	-2.602E-01	 1.423E+00	-4.499E-01	 0.000E+00	 0.000E+00	 0.000E+00	 4.105E+02	 5.674E+00
   34.0000	 3.123E+00	 7.529E-01	 7.537E+00	 7.323E+02	 1.220E+02	 0.000E+00	 4.306E+03	 3.886E+03	 2.046E+03	 3.573E+03	-2.389E+03	-9.703E+02	 2.190E+00	 2.271E+00	 1.413E+00	-5.935E-01	 1.354E-01	 1.591E-02	 2.190E+00	-5.935E-01	 0.000E+00	 0.000E+00	 0.000E+00	 4.252E+02	 5.874E+00
   34.2500	 3.567E+00	 2.024E+00	 7.558E+00	 7.300E+02	 1.333E+02	 0.000E+00	 3.803E+03	 3.493E+03	 2.304E+03	 2.983E+03	-2.886E+03	 7.126E+02	 2.338E+00	 1.986E+00	 1.285E+00	-6.198E-01	 2.041E-01	-1.147E-01	 2.338E+00	-6.198E-01	 0.000E+00	 0.000E+00	 0.000E+00	 4.196E+02	 5.815E+00
   34.5000	 3.850E+00	 8.577E-01	 7.559E+00	 7.357E+02	 1.447E+02	 0.000E+00	 3.322E+03	 3.420E+03	 2.119E+03	 1.874E+03	-3.827E+03	 2.294E+03	 1.744E+00	 1.917E+00	 1.436E+00	-3.104E-01	 3.762E-01	-4.700E-01	 1.744E+00	-3.104E-01	 0.000E+00	 0.000E+00	 0.000E+00	 4.342E+02	 5.970E+00
   34.7500	 4.126E+00	 9.310E-01	 7.537E+00	 7.283E+02	 1.560E+02	 0.000E+00	 2.486E+03	 3.157E+03	 2.788E+03	 1.054E+03	-3.265E+03	 2.837E+03	 1.459E+00	 1.809E+00	 1.559E+00	-2.524E-01	 3.004E-01	-4.817E-01	 1.459E+00	-2.524E-01	 0.000E+00	 0.000E+00	 0.000E+00	 4.269E+02	 5.929E+00
   35.0000	 4.298E+00	 7.419E-01	 7.554E+00	 7.351E+02	 1.673E+02	 0.000E+00	 2.734E+03	 3.232E+03	 2.612E+03	 1.437E+03	-2.681E+03	 1.765E+03	 1.348E+00	 1.845E+00	 1.653E+00	-2.815E-01	 1.783E-01	-3.135E-01	 1.348E+00	-2.815E-01	 0.000E+00	 0.000E+00	 0.000E+00	 4.333E+02	 5.962E+00
   35.2500	 4.467E+00	 4.316E-01	 7.522E+00	 7.277E+02	 1.786E+02	 0.000E+00	 2.744E+03	 3.187E+03	 2.788E+03	 2.210E+02	-2.867E+03	 3.105E+03	 1.537E+00	 1.825E+00	 1.599E+00	-1.543E-01	 2.515E-01	-5.005E-01	 1.537E+00	-1.543E-01	 0.000E+00	 0.000E+00	 0.000E+00	 4.281E+02	 5.951E+00
   35.5000	 4.575E+00	 5.414E-01	 7.540E+00	 7.326E+02	 1.899E+02	 0.000E+00	 3.167E+03	 3.092E+03	 2.557E+03	-8.850E+02	-2.940E+03	 4.493E+03	 1.612E+00	 1.784E+00	 1.621E+00	 2.931E-02	 2.634E-01	-7.507E-01	 1.612E+00	 2.931E-02	 0.000E+00	 0.000E+00	 0.000E+00	 4.260E+02	 5.882E+00
   35.7500	 4.675E+00	 2.135E-01	 7.521E+00	 7.292E+02	 2.012E+02	 0.000E+00	 2.915E+03	 2.996E+03	 2.891E+03	-1.251E+03	-1.866E+03	 3.491E+03	 1.633E+00	 1.735E+00	 1.650E+00	 4.990E-02	 1.207E-01	-5.588E-01	 1.633E+00	 4.990E-02	 0.000E+00	 0.000E+00	 0.000E+00	 4.266E+02	 5.918E+00
   36.0000	 4.743E+00	 3.506E-01	 7.525E+00	 7.297E+02	 2.125E+02	 0.000E+00	 2.965E+03	 2.978E+03	 2.794E+03	-1.210E+03	-9.593E+02	 2.864E+03	 1.568E+00	 1.753E+00	 1.667E+00	 1.988E-02	-2.909E-02	-4.501E-01	 1.568E+00	 1.988E-02	 0.000E+00	 0.000E+00	 0.000E+00	 4.193E+02	 5.813E+00
   36.2500	 4.801E+00	 1.158E-01	 7.522E+00	 7.306E+02	 2.238E+02	 0.000E+00	 2.921E+03	 3.033E+03	 2.793E+03	-2.463E+03	-1.053E+03	 3.908E+03	 1.593E+00	 1.757E+00	 1.629E+00	 2.152E-01	 2.783E-02	-6.322E-01	 1.593E+00	 2.152E-01	 0.000E+00	 0.000E+00	 0.000E+00	 4.228E+02	 5.854E+00
   36.5000	 4.843E+00	 2.164E-01	 7.512E+00	 7.273E+02	 2.350E+02	 0.000E+00	 3.026E+03	 2.930E+03	 2.769E+03	-3.161E+03	-3.859E+02	 4.175E+03	 1.596E+00	 1.736E+00	 1.648E+00	 3.162E-01	-6.056E-02	-6.983E-01	 1.596E+00	 3.162E-01	 0.000E+00	 0.000E+00	 0.000E+00	 4.143E+02	 5.763E+00
   36.7500	 4.880E+00	 8.576E-02	 7.520E+00	 7.311E+02	 2.463E+02	 0.000E+00	 2.940E+03	 2.919E+03	 2.909E+03	-2.887E+03	 9.159E+02	 2.450E+03	 1.613E+00	 1.738E+00	 1.642E+00	 2.523E-01	-2.568E-01	-4.057E-01	 1.613E+00	 2.523E-01	 0.000E+00	 0.000E+00	 0.000E+00	 4.172E+02	 5.774E+00
   37.0000	 4.906E+00	 1.121E-01	 7.505E+00	 7.265E+02	 2.576E+02	 0.000E+00	 2.995E+03	 2.958E+03	 2.804E+03	-2.926E+03	 1.547E+03	 1.904E+03	 1.629E+00	 1.770E+00	 1.597E+00	 2.464E-01	-3.390E-01	-3.278E-01	 1.629E+00	 2.464E-01	 0.000E+00	 0.000E+00	 0.000E+00	 4.113E+02	 5.727E+00
   37.2500	 4.924E+00	 5.191E-02	 7.515E+00	 7.303E+02	 2.688E+02	 0.000E+00	 3.066E+03	 2.964E+03	 2.720E+03	-3.659E+03	 1.571E+03	 2.658E+03	 1.671E+00	 1.768E+00	 1.549E+00	 3.689E-01	-3.148E-01	-4.845E-01	 1.671E+00	 3.689E-01	 0.000E+00	 0.000E+00	 0.000E+00	 4.112E+02	 5.696E+00
   37.5000	 4.942E+00	 7.644E-02	 7.503E+00	 7.270E+02	 2.801E+02	 0.000E+00	 3.070E+03	 2.891E+03	 2.782E+03	-3.613E+03	 2.333E+03	 1.724E+03	 1.682E+00	 1.744E+00	 1.552E+00	 3.668E-01	-4.167E-01	-3.508E-01	 1.682E+00	 3.668E-01	 0.000E+00	 0.000E+00	 0.000E+00	 4.093E+02	 5.696E+00
   37.7500	 4.956E+00	 4.475E-02	 7.507E+00	 7.286E+02	 2.914E+02	 0.000E+00	 2.992E+03	 2.882E+03	 2.835E+03	-2.724E+03	 3.412E+03	-7.397E+01	 1.684E+00	 1.747E+00	 1.535E+00	 2.135E-01	-5.899E-01	-6.343E-02	 1.684E+00	 2.135E-01	 0.000E+00	 0.000E+00	 0.000E+00	 4.059E+02	 5.636E+00
   38.0000	 4.966E+00	 2.764E-02	 7.503E+00	 7.279E+02	 3.026E+02	 0.000E+00	 3.040E+03	 2.948E+03	 2.733E+03	-2.646E+03	 3.366E+03	-2.951E+02	 1.703E+00	 1.765E+00	 1.490E+00	 2.169E-01	-5.620E-01	-5.060E-02	 1.703E+00	 2.169E-01	 0.000E+00	 0.000E+00	 0.000E+00	 4.071E+02	 5.658E+00
   38.2500	 4.971E+00	 2.652E-02	 7.500E+00	 7.270E+02	 3.139E+02	 0.000E+00	 3.073E+03	 2.902E+03	 2.714E+03	-2.728E+03	 3.236E+03	 8.883E+01	 1.731E+00	 1.743E+00	 1.481E+00	 2.472E-01	-5.273E-01	-1.543E-01	 1.731E+00	 2.472E-01	 0.000E+00	 0.000E+00	 0.000E+00	 4.022E+02	 5.597E+00
   38.5000	 4.979E+00	 2.777E-02	 7.503E+00	 7.285E+02	 3.251E+02	 0.000E+00	 3.029E+03	 2.845E+03	 2.852E+03	-1.918E+03	 3.770E+03	-1.394E+03	 1.733E+00	 1.708E+00	 1.522E+00	 1.324E-01	-6.108E-01	 7.501E-02	 1.733E+00	 1.324E-01	 0.000E+00	 0.000E+00	 0.000E+00	 4.042E+02	 5.612E+00
   38.7500	 4.984E+00	 1.724E-02	 7.494E+00	 7.261E+02	 3.364E+02	 0.000E+00	 2.971E+03	 2.860E+03	 2.884E+03	-8.077E+02	 4.078E+03	-2.727E+03	 1.734E+00	 1.706E+00	 1.531E+00	-3.874E-02	-6.683E-01	 2.827E-01	 1.734E+00	-3.874E-02	 0.000E+00	 0.000E+00	 0.000E+00	 3.998E+02	 5.570E+00
   39.0000	 4.987E+00	 6.978E-03	 7.501E+00	 7.285E+02	 3.476E+02	 0.000E+00	 3.026E+03	 2.890E+03	 2.823E+03	-5.735E+02	 3.381E+03	-2.295E+03	 1.758E+00	 1.696E+00	 1.524E+00	-5.007E-02	-5.507E-01	 1.831E-01	 1.758E+00	-5.007E-02	 0.000E+00	 0.000E+00	 0.000E+00	 4.007E+02	 5.565E+00
   39.2500	 4.989E+00	 9.960E-03	 7.492E+00	 7.260E+02	 3.589E+02	 0.000E+00	 3.029E+03	 2.825E+03	 2.890E+03	-2.402E+02	 2.938E+03	-2.213E+03	 1.774E+00	 1.647E+00	 1.564E+00	-7.620E-02	-4.801E-01	 1.447E-01	 1.774E+00	-7.620E-02	 0.000E+00	 0.000E+00	 0.000E+00	 3.985E+02	 5.552E+00
   39.5000	 4.992E+00	 7.594E-03	 7.497E+00	 7.277E+02	 1.011E+01	 0.000E+00	 2.955E+03	 2.773E+03	 3.017E+03	 9.711E+02	 3.112E+03	-3.528E+03	 1.761E+00	 1.610E+00	 1.615E+00	-2.584E-01	-5.284E-01	 3.588E-01	 1.761E+00	-2.584E-01	 0.000E+00	 0.000E+00	 0.000E+00	 3.974E+02	 5.525E+00
   39.7500	 4.994E+00	 8.702E-03	 7.492E+00	 7.265E+02	 2.135E+01	 0.000E+00	 2.936E+03	 2.807E+03	 3.003E+03	 1.824E+03	 2.569E+03	-3.937E+03	 1.762E+00	 1.600E+00	 1.622E+00	-3.774E-01	-4.546E-01	 4.264E-01	 1.762E+00	-3.774E-01	 0.000E+00	 0.000E+00	 0.000E+00	 3.974E+02	 5.533E+00
   40.0000	 4.995E+00	 5.446E-03	 7.493E+00	 7.268E+02	 3.259E+01	 0.000E+00	 2.981E+03	 2.796E+03	 2.946E+03	 1.952E+03	 1.477E+03	-2.867E+03	 1.780E+00	 1.566E+00	 1.628E+00	-3.736E-01	-2.880E-01	 2.325E-01	 1.780E+00	-3.736E-01	 0.000E+00	 0.000E+00	 0.000E+00	 3.950E+02	 5.498E+00
   40.2500	 4.996E+00	 3.889E-04	 7.493E+00	 7.271E+02	 4.383E+01	 0.000E+00	 2.965E+03	 2.732E+03	 3.028E+03	 2.384E+03	 9.368E+02	-2.860E+03	 1.778E+00	 1.514E+00	 1.673E+00	-4.213E-01	-2.169E-01	 2.331E-01	 1.778E+00	-4.213E-01	 0.000E+00	 0.000E+00	 0.000E+00	 3.962E+02	 5.512E+00
   40.5000	 4.996E+00	 1.334E-03	 7.489E+00	 7.260E+02	 5.507E+01	 0.000E+00	 2.888E+03	 2.720E+03	 3.088E+03	 3.382E+03	 7.608E+02	-3.603E+03	 1.754E+00	 1.499E+00	 1.702E+00	-5.773E-01	-2.190E-01	 3.736E-01	 1.754E+00	-5.773E-01	 0.000E+00	 0.000E+00	 0.000E+00	 3.935E+02	 5.482E+00
   40.7500	 4.998E+00	 1.018E-02	 7.492E+00	 7.272E+02	 6.630E+01	 0.000E+00	 2.895E+03	 2.787E+03	 3.022E+03	 3.645E+03	-2.136E+02	-2.943E+03	 1.748E+00	 1.507E+00	 1.696E+00	-6.072E-01	-7.982E-02	 2.764E-01	 1.748E+00	-6.072E-01	 0.000E+00	 0.000E+00	 0.000E+00	 3.945E+02	 5.487E+00
   41.0000	 5.000E+00	 2.932E-03	 7.487E+00	 7.257E+02	 7.754E+01	 0.000E+00	 2.932E+03	 2.785E+03	 2.979E+03	 3.363E+03	-1.284E+03	-1.574E+03	 1.747E+00	 1.494E+00	 1.710E+00	-5.467E-01	 7.857E-02	 5.313E-02	 1.747E+00	-5.467E-01	 0.000E+00	 0.000E+00	 0.000E+00	 3.925E+02	 5.471E+00
   41.2500	 4.999E+00	-6.413E-03	 7.490E+00	 7.270E+02	 8.877E+01	 0.000E+00	 2.887E+03	 2.765E+03	 3.054E+03	 3.611E+03	-1.559E+03	-1.533E+03	 1.724E+00	 1.486E+00	 1.747E+00	-5.845E-01	 9.782E-02	 6.855E-02	 1.724E+00	-5.845E-01	 0.000E+00	 0.000E+00	 0.000E+00	 3.925E+02	 5.461E+00
   41.5000	 4.998E+00	 5.103E-04	 7.486E+00	 7.259E+02	 1.000E+02	 0.000E+00	 2.826E+03	 2.836E+03	 3.058E+03	 3.969E+03	-1.844E+03	-1.647E+03	 1.690E+00	 1.521E+00	 1.756E+00	-6.483E-01	 1.187E-01	 1.201E-01	 1.690E+00	-6.483E-01	 0.000E+00	 0.000E+00	 0.000E+00	 3.918E+02	 5.460E+00
   41.7500	 4.999E+00	 8.003E-03	 7.488E+00	 7.264E+02	 1.112E+02	 0.000E+00	 2.845E+03	 2.923E+03	 2.963E+03	 3.518E+03	-2.719E+03	-2.655E+02	 1.672E+00	 1.561E+00	 1.743E+00	-5.774E-01	 2.467E-01	-9.230E-02	 1.672E+00	-5.774E-01	 0.000E+00	 0.000E+00	 0.000E+00	 3.907E+02	 5.441E+00
   42.0000	 5.000E+00	-1.543E-03	 7.486E+00	 7.262E+02	 1.225E+02	 0.000E+00	 2.860E+03	 2.926E+03	 2.958E+03	 2.815E+03	-3.290E+03	 9.487E+02	 1.651E+00	 1.572E+00	 1.758E+00	-4.644E-01	 3.310E-01	-2.764E-01	 1.651E+00	-4.644E-01	 0.000E+00	 0.000E+00	 0.000E+00	 3.910E+02	 5.447E+00
   42.2500	 4.999E+00	-6.312E-03	 7.486E+00	 7.260E+02	 1.337E+02	 0.000E+00	 2.787E+03	 2.926E+03	 3.021E+03	 2.744E+03	-3.078E+03	 8.637E+02	 1.608E+00	 1.587E+00	 1.785E+00	-4.698E-01	 2.792E-01	-2.318E-01	 1.608E+00	-4.698E-01	 0.000E+00	 0.000E+00	 0.000E+00	 3.895E+02	 5.428E+00
   42.5000	 4.998E+00	 2.553E-03	 7.487E+00	 7.264E+02	 1.449E+02	 0.000E+00	 2.750E+03	 3.003E+03	 2.984E+03	 2.456E+03	-3.155E+03	 1.181E+03	 1.568E+00	 1.632E+00	 1.776E+00	-4.411E-01	 2.840E-01	-2.539E-01	 1.568E+00	-4.411E-01	 0.000E+00	 0.000E+00	 0.000E+00	 3.903E+02	 5.435E+00
   42.7500	 5.000E+00	 4.506E-03	 7.484E+00	 7.257E+02	 1.561E+02	 0.000E+00	 2.781E+03	 3.040E+03	 2.898E+03	 1.453E+03	-3.575E+03	 2.634E+03	 1.550E+00	 1.662E+00	 1.756E+00	-2.916E-01	 3.565E-01	-4.825E-01	 1.550E+00	-2.916E-01	 0.000E+00	 0.000E+00	 0.000E+00	 3.889E+02	 5.421E+00
   43.0000	 5.000E+00	-3.377E-04	 7.486E+00	 7.264E+02	 1.674E+02	 0.000E+00	 2.773E+03	 3.010E+03	 2.925E+03	 6.304E+02	-3.374E+03	 3.245E+03	 1.526E+00	 1.664E+00	 1.768E+00	-1.746E-01	 3.285E-01	-5.686E-01	 1.526E+00	-1.746E-01	 0.000E+00	 0.000E+00	 0.000E+00	 3.893E+02	 5.420E+00
   43.2500	 5.000E+00	-1.067E-03	 7.483E+00	 7.257E+02	 1.786E+02	 0.000E+00	 2.717E+03	 3.008E+03	 2.970E+03	 3.650E+02	-2.685E+03	 2.813E+03	 1.490E+00	 1.685E+00	 1.775E+00	-1.579E-01	 2.179E-01	-4.718E-01	 1.490E+00	-1.579E-01	 0.000E+00	 0.000E+00	 0.000E+00	 3.886E+02	 5.417E+00
   43.5000	 5.000E+00	 3.888E-04	 7.485E+00	 7.262E+02	 1.898E+02	 0.000E+00	 2.736E+03	 3.053E+03	 2.902E+03	-2.777E+02	-2.438E+03	 3.229E+03	 1.483E+00	 1.719E+00	 1.745E+00	-7.753E-02	 1.894E-01	-5.283E-01	 1.483E+00	-7.753E-02	 0.000E+00	 0.000E+00	 0.000E+00	 3.883E+02	 5.408E+00
   43.7500	 5.000E+00	 8.807E-04	 7.483E+00	 7.257E+02	 2.011E+02	 0.000E+00	 2.808E+03	 3.045E+03	 2.845E+03	-1.378E+03	-2.307E+03	 4.168E+03	 1.501E+00	 1.728E+00	 1.721E+00	 8.507E-02	 1.903E-01	-6.851E-01	 1.501E+00	 8.507E-02	 0.000E+00	 0.000E+00	 0.000E+00	 3.881E+02	 5.410E+00
   44.0000	 5.000E+00	 2.340E-03	 7.483E+00	 7.258E+02	 2.123E+02	 0.000E+00	 2.821E+03	 2.997E+03	 2.886E+03	-1.911E+03	-1.470E+03	 3.899E+03	 1.510E+00	 1.727E+00	 1.721E+00	 1.495E-01	 6.929E-02	-6.371E-01	 1.510E+00	 1.495E-01	 0.000E+00	 0.000E+00	 0.000E+00	 3.873E+02	 5.398E+00
   44.2500	 5.001E+00	-7.648E-04	 7.483E+00	 7.259E+02	 2.235E+02	 0.000E+00	 2.823E+03	 3.001E+03	 2.898E+03	-2.073E+03	-5.444E+02	 3.101E+03	 1.519E+00	 1.749E+00	 1.700E+00	 1.516E-01	-6.581E-02	-4.971E-01	 1.519E+00	 1.516E-01	 0.000E+00	 0.000E+00	 0.000E+00	 3.876E+02	 5.401E+00
   44.5000	 5.000E+00	-5.313E-03	 7.482E+00	 7.256E+02	 2.347E+02	 0.000E+00	 2.894E+03	 3.023E+03	 2.812E+03	-2.680E+03	-1.528E+02	 3.343E+03	 1.552E+00	 1.769E+00	 1.654E+00	 2.345E-01	-1.051E-01	-5.473E-01	 1.552E+00	 2.345E-01	 0.000E+00	 0.000E+00	 0.000E+00	 3.866E+02	 5.390E+00
   44.7500	 4.999E+00	 7.659E-04	 7.483E+00	 7.260E+02	 2.460E+02	 0.000E+00	 2.967E+03	 2.989E+03	 2.782E+03	-3.353E+03	 3.331E+02	 3.513E+03	 1.589E+00	 1.764E+00	 1.627E+00	 3.360E-01	-1.570E-01	-5.931E-01	 1.589E+00	 3.360E-01	 0.000E+00	 0.000E+00	 0.000E+00	 3.870E+02	 5.392E+00
   45.0000	 5.000E+00	 5.023E-03	 7.481E+00	 7.255E+02	 2.572E+02	 0.000E+00	 2.965E+03	 2.945E+03	 2.825E+03	-3.313E+03	 1.360E+03	 2.452E+03	 1.608E+00	 1.760E+00	 1.610E+00	 3.174E-01	-3.067E-01	-4.264E-01	 1.608E+00	 3.174E-01	 0.000E+00	 0.000E+00	 0.000E+00	 3.863E+02	 5.387E+00
   45.2500	 5.000E+00	-2.309E-03	 7.482E+00	 7.259E+02	 2.684E+02	 0.000E+00	 2.970E+03	 2.961E+03	 2.796E+03	-3.135E+03	 2.116E+03	 1.523E+03	 1.627E+00	 1.775E+00	 1.569E+00	 2.799E-01	-4.121E-01	-2.841E-01	 1.627E+00	 2.799E-01	 0.000E+00	 0.000E+00	 0.000E+00	 3.864E+02	 5.384E+00
   45.5000	 4.999E+00	-4.790E-03	 7.481E+00	 7.256E+02	 2.796E+02	 0.000E+00	 3.028E+03	 2.969E+03	 2.717E+03	-3.390E+03	 2.324E+03	 1.557E+03	 1.658E+00	 1.780E+00	 1.524E+00	 3.255E-01	-4.217E-01	-3.162E-01	 1.658E+00	 3.255E-01	 0.000E+00	 0.000E+00	 0.000E+00	 3.862E+02	 5.385E+00
   45.7500	 4.999E+00	 4.169E-03	 7.482E+00	 7.258E+02	 2.908E+02	 0.000E+00	 3.048E+03	 2.919E+03	 2.732E+03	-3.363E+03	 2.795E+03	 1.076E+03	 1.683E+00	 1.760E+00	 1.510E+00	 3.284E-01	-4.804E-01	-2.635E-01	 1.683E+00	 3.284E-01	 0.000E+00	 0.000E+00	 0.000E+00	 3.860E+02	 5.379E+00
   46.0000	 5.001E+00	 4.906E-03	 7.481E+00	 7.257E+02	 3.021E+02	 0.000E+00	 3.014E+03	 2.893E+03	 2.787E+03	-2.716E+03	 3.521E+03	-3.171E+02	 1.693E+00	 1.748E+00	 1.506E+00	 2.281E-01	-5.900E-01	-4.906E-02	 1.693E+00	 2.281E-01	 0.000E+00	 0.000E+00	 0.000E+00	 3.860E+02	 5.381E+00
   46.2500	 5.001E+00	-3.151E-03	 7.481E+00	 7.256E+02	 3.133E+02	 0.000E+00	 3.015E+03	 2.915E+03	 2.759E+03	-2.200E+03	 3.709E+03	-1.002E+03	 1.709E+00	 1.751E+00	 1.486E+00	 1.549E-01	-6.119E-01	 4.171E-02	 1.709E+00	 1.549E-01	 0.000E+00	 0.000E+00	 0.000E+00	 3.855E+02	 5.375E+00
   46.5000	 5.000E+00	-2.487E-03	 7.481E+00	 7.257E+02	 3.245E+02	 0.000E+00	 3.048E+03	 2.903E+03	 2.745E+03	-2.021E+03	 3.501E+03	-9.892E+02	 1.734E+00	 1.734E+00	 1.483E+00	 1.469E-01	-5.668E-01	 8.391E-03	 1.734E+00	 1.469E-01	 0.000E+00	 0.000E+00	 0.000E+00	 3.857E+02	 5.376E+00
   46.7500	 5.000E+00	 2.222E-03	 7.480E+00	 7.254E+02	 3.357E+02	 0.000E+00	 3.025E+03	 2.850E+03	 2.833E+03	-1.402E+03	 3.650E+03	-1.747E+03	 1.744E+00	 1.699E+00	 1.517E+00	 6.543E-02	-5.905E-01	 1.106E-01	 1.744E+00	 6.543E-02	 0.000E+00	 0.000E+00	 0.000E+00	 3.852E+02	 5.371E+00
   47.0000	 5.000E+00	 8.508E-04	 7.480E+00	 7.257E+02	 3.469E+02	 0.000E+00	 2.982E+03	 2.838E+03	 2.904E+03	-4.121E+02	 3.775E+03	-2.865E+03	 1.745E+00	 1.679E+00	 1.545E+00	-7.932E-02	-6.182E-01	 2.828E-01	 1.745E+00	-7.932E-02	 0.000E+00	 0.000E+00	 0.000E+00	 3.852E+02	 5.369E+00
   47.2500	 5.000E+00	-1.814E-03	 7.480E+00	 7.254E+02	 3.582E+02	 0.000E+00	 2.990E+03	 2.850E+03	 2.890E+03	 1.899E+02	 3.269E+03	-2.964E+03	 1.759E+00	 1.662E+00	 1.554E+00	-1.548E-01	-5.404E-01	 2.805E-01	 1.759E+00	-1.548E-01	 0.000E+00	 0.000E+00	 0.000E+00	 3.849E+02	 5.367E+00
   47.5000	 5.000E+00	-1.527E-03	 7.480E+00	 7.256E+02	 9.385E+00	 0.000E+00	 3.004E+03	 2.814E+03	 2.917E+03	 5.925E+02	 2.669E+03	-2.760E+03	 1.774E+00	 1.622E+00	 1.581E+00	-1.941E-01	-4.491E-01	 2.271E-01	 1.774E+00	-1.941E-01	 0.000E+00	 0.000E+00	 0.000E+00	 3.848E+02	 5.365E+00
   47.7500	 4.999E+00	-9.072E-04	 7.480E+00	 7.255E+02	 2.060E+01	 0.000E+00	 2.964E+03	 2.765E+03	 3.004E+03	 1.419E+03	 2.441E+03	-3.368E+03	 1.771E+00	 1.581E+00	 1.625E+00	-3.081E-01	-4.289E-01	 3.232E-01	 1.771E+00	-3.081E-01	 0.000E+00	 0.000E+00	 0.000E+00	 3.848E+02	 5.366E+00
   48.0000	 4.999E+00	 1.493E-03	 7.480E+00	 7.256E+02	 3.182E+01	 0.000E+00	 2.929E+03	 2.766E+03	 3.026E+03	 2.289E+03	 1.988E+03	-3.774E+03	 1.764E+00	 1.559E+00	 1.645E+00	-4.332E-01	-3.753E-01	 3.926E-01	 1.764E+00	-4.332E-01	 0.000E+00	 0.000E+00	 0.000E+00	 3.846E+02	 5.362E+00
   48.2500	 5.000E+00	 2.740E-03	 7.480E+00	 7.256E+02	 4.304E+01	 0.000E+00	 2.946E+03	 2.773E+03	 2.991E+03	 2.622E+03	 1.038E+03	-3.169E+03	 1.770E+00	 1.535E+00	 1.654E+00	-4.665E-01	-2.357E-01	 2.895E-01	 1.770E+00	-4.665E-01	 0.000E+00	 0.000E+00	 0.000E+00	 3.848E+02	 5.364E+00
   48.5000	 5.000E+00	-1.494E-03	 7.480E+00	 7.255E+02	 5.426E+01	 0.000E+00	 2.946E+03	 2.737E+03	 3.014E+03	 2.895E+03	 3.130E+02	-2.708E+03	 1.769E+00	 1.499E+00	 1.682E+00	-4.927E-01	-1.368E-01	 2.154E-01	 1.769E+00	-4.927E-01	 0.000E+00	 0.000E+00	 0.000E+00	 3.845E+02	 5.362E+00
   48.7500	 5.000E+00	-2.141E-03	 7.480E+00	 7.256E+02	 6.548E+01	 0.000E+00	 2.899E+03	 2.727E+03	 3.063E+03	 3.483E+03	-8.090E+01	-2.908E+03	 1.751E+00	 1.483E+00	 1.711E+00	-5.791E-01	-9.889E-02	 2.658E-01	 1.751E+00	-5.791E-01	 0.000E+00	 0.000E+00	 0.000E+00	 3.846E+02	 5.362E+00
   49.0000	 5.000E+00	 3.582E-03	 7.479E+00	 7.254E+02	 7.670E+01	 0.000E+00	 2.877E+03	 2.778E+03	 3.035E+03	 3.816E+03	-7.913E+02	-2.528E+03	 1.734E+00	 1.495E+00	 1.717E+00	-6.268E-01	-6.712E-03	 2.208E-01	 1.734E+00	-6.268E-01	 0.000E+00	 0.000E+00	 0.000E+00	 3.844E+02	 5.360E+00
   49.2500	 5.001E+00	 2.698E-03	 7.479E+00	 7.255E+02	 8.792E+01	 0.000E+00	 2.895E+03	 2.814E+03	 2.991E+03	 3.630E+03	-1.711E+03	-1.421E+03	 1.724E+00	 1.504E+00	 1.724E+00	-5.886E-01	 1.252E-01	 4.982E-02	 1.724E+00	-5.886E-01	 0.000E+00	 0.000E+00	 0.000E+00	 3.843E+02	 5.358E+00
   49.5000	 5.001E+00	-4.395E-03	 7.479E+00	 7.254E+02	 9.914E+01	 0.000E+00	 2.876E+03	 2.819E+03	 3.016E+03	 3.526E+03	-2.181E+03	-8.517E+02	 1.703E+00	 1.510E+00	 1.748E+00	-5.703E-01	 1.810E-01	-2.414E-02	 1.703E+00	-5.703E-01	 0.000E+00	 0.000E+00	 0.000E+00	 3.842E+02	 5.357E+00
   49.7500	 4.999E+00	-2.781E-03	 7.479E+00	 7.255E+02	 1.104E+02	 0.000E+00	 2.825E+03	 2.866E+03	 3.033E+03	 3.612E+03	-2.418E+03	-6.947E+02	 1.670E+00	 1.538E+00	 1.763E+00	-5.917E-01	 1.975E-01	-2.078E-02	 1.670E+00	-5.917E-01	 0.000E+00	 0.000E+00	 0.000E+00	 3.840E+02	 5.355E+00
   50.0000	 5.000E+00	 3.155E-03	 7.479E+00	 7.254E+02	 1.216E+02	 0.000E+00	 2.814E+03	 2.940E+03	 2.979E+03	 3.275E+03	-2.962E+03	 1.792E+02	 1.641E+00	 1.578E+00	 1.758E+00	-5.449E-01	 2.726E-01	-1.418E-01	 1.641E+00	-5.449E-01	 0.000E+00	 0.000E+00	 0.000E+00	 3.840E+02	 5.355E+00
   50.2500	 5.000E+00	 7.154E-04	 7.479E+00	 7.254E+02	 1.328E+02	 0.000E+00	 2.821E+03	 2.966E+03	 2.948E+03	 2.588E+03	-3.416E+03	 1.328E+03	 1.617E+00	 1.600E+00	 1.761E+00	-4.413E-01	 3.392E-01	-3.139E-01	 1.617E+00	-4.413E-01	 0.000E+00	 0.000E+00	 0.000E+00	 3.839E+02	 5.353E+00
   50.5000	 5.000E+00	-3.163E-03	 7.479E+00	 7.255E+02	 1.440E+02	 0.000E+00	 2.782E+03	 2.967E+03	 2.978E+03	 2.140E+03	-3.345E+03	 1.699E+03	 1.580E+00	 1.616E+00	 1.777E+00	-3.836E-01	 3.192E-01	-3.500E-01	 1.580E+00	-3.836E-01	 0.000E+00	 0.000E+00	 0.000E+00	 3.840E+02	 5.354E+00
   50.7500	 4.999E+00	-2.117E-04	 7.479E+00	 7.254E+02	 1.552E+02	 0.000E+00	 2.740E+03	 3.005E+03	 2.971E+03	 1.768E+03	-3.204E+03	 1.933E+03	 1.541E+00	 1.647E+00	 1.777E+00	-3.438E-01	 2.917E-01	-3.621E-01	 1.541E+00	-3.438E-01	 0.000E+00	 0.000E+00	 0.000E+00	 3.839E+02	 5.353E+00
   51.0000	 5.000E+00	 2.480E-03	 7.479E+00	 7.255E+02	 1.664E+02	 0.000E+00	 2.750E+03	 3.041E+03	 2.913E+03	 9.720E+02	-3.299E+03	 2.823E+03	 1.519E+00	 1.676E+00	 1.760E+00	-2.327E-01	 3.129E-01	-4.935E-01	 1.519E+00	-2.327E-01	 0.000E+00	 0.000E+00	 0.000E+00	 3.840E+02	 5.354E+00
   51.2500	 5.000E+00	 1.144E-03	 7.479E+00	 7.254E+02	 1.777E+02	 0.000E+00	 2.762E+03	 3.029E+03	 2.902E+03	 9.276E+01	-3.104E+03	 3.507E+03	 1.504E+00	 1.687E+00	 1.756E+00	-1.083E-01	 2.906E-01	-5.953E-01	 1.504E+00	-1.083E-01	 0.000E+00	 0.000E+00	 0.000E+00	 3.839E+02	 5.353E+00
   51.5000	 5.000E+00	 1.581E-04	 7.479E+00	 7.255E+02	 1.889E+02	 0.000E+00	 2.744E+03	 3.015E+03	 2.929E+03	-4.186E+02	-2.474E+03	 3.390E+03	 1.487E+00	 1.701E+00	 1.757E+00	-4.922E-02	 1.961E-01	-5.598E-01	 1.487E+00	-4.922E-02	 0.000E+00	 0.000E+00	 0.000E+00	 3.839E+02	 5.353E+00
   51.7500	 5.000E+00	-7.017E-04	 7.478E+00	 7.254E+02	 2.001E+02	 0.000E+00	 2.757E+03	 3.033E+03	 2.902E+03	-9.505E+02	-1.973E+03	 3.417E+03	 1.485E+00	 1.726E+00	 1.736E+00	 1.282E-02	 1.283E-01	-5.534E-01	 1.485E+00	 1.282E-02	 0.000E+00	 0.000E+00	 0.000E+00	 3.838E+02	 5.353E+00
   52.0000	 5.000E+00	-7.873E-04	 7.478E+00	 7.254E+02	 2.113E+02	 0.000E+00	 2.819E+03	 3.034E+03	 2.849E+03	-1.778E+03	-1.629E+03	 3.904E+03	 1.506E+00	 1.740E+00	 1.708E+00	 1.282E-01	 9.378E-02	-6.356E-01	 1.506E+00	 1.282E-01	 0.000E+00	 0.000E+00	 0.000E+00	 3.837E+02	 5.350E+00
   52.2500	 5.000E+00	 1.278E-03	 7.478E+00	 7.254E+02	 2.225E+02	 0.000E+00	 2.862E+03	 3.001E+03	 2.852E+03	-2.405E+03	-9.390E+02	 3.838E+03	 1.529E+00	 1.743E+00	 1.693E+00	 2.118E-01	 1.991E-03	-6.275E-01	 1.529E+00	 2.118E-01	 0.000E+00	 0.000E+00	 0.000E+00	 3.836E+02	 5.350E+00
   52.5000	 5.000E+00	 2.490E-04	 7.478E+00	 7.254E+02	 2.338E+02	 0.000E+00	 2.878E+03	 2.987E+03	 2.862E+03	-2.637E+03	-3.815E+01	 3.172E+03	 1.547E+00	 1.754E+00	 1.671E+00	 2.296E-01	-1.266E-01	-5.180E-01	 1.547E+00	 2.296E-01	 0.000E+00	 0.000E+00	 0.000E+00	 3.835E+02	 5.348E+00
   52.7500	 5.000E+00	-3.442E-03	 7.478E+00	 7.254E+02	 2.450E+02	 0.000E+00	 2.923E+03	 2.997E+03	 2.814E+03	-2.966E+03	 5.586E+02	 2.902E+03	 1.575E+00	 1.770E+00	 1.632E+00	 2.690E-01	-2.009E-01	-4.829E-01	 1.575E+00	 2.690E-01	 0.000E+00	 0.000E+00	 0.000E+00	 3.835E+02	 5.348E+00
   53.0000	 4.999E+00	-1.165E-03	 7.478E+00	 7.254E+02	 2.562E+02	 0.000E+00	 2.982E+03	 2.980E+03	 2.770E+03	-3.407E+03	 1.057E+03	 2.845E+03	 1.608E+00	 1.771E+00	 1.596E+00	 3.342E-01	-2.568E-01	-4.922E-01	 1.608E+00	 3.342E-01	 0.000E+00	 0.000E+00	 0.000E+00	 3.835E+02	 5.348E+00
   53.2500	 5.000E+00	 3.432E-03	 7.479E+00	 7.254E+02	 2.674E+02	 0.000E+00	 2.999E+03	 2.944E+03	 2.782E+03	-3.458E+03	 1.844E+03	 2.110E+03	 1.632E+00	 1.765E+00	 1.573E+00	 3.374E-01	-3.651E-01	-3.869E-01	 1.632E+00	 3.374E-01	 0.000E+00	 0.000E+00	 0.000E+00	 3.835E+02	 5.348E+00
   53.5000	 5.000E+00	 6.480E-04	 7.478E+00	 7.254E+02	 2.786E+02	 0.000E+00	 2.998E+03	 2.939E+03	 2.777E+03	-3.214E+03	 2.568E+03	 1.141E+03	 1.651E+00	 1.769E+00	 1.542E+00	 2.946E-01	-4.665E-01	-2.420E-01	 1.651E+00	 2.946E-01	 0.000E+00	 0.000E+00	 0.000E+00	 3.835E+02	 5.349E+00
   53.7500	 5.000E+00	-2.684E-03	 7.479E+00	 7.254E+02	 2.898E+02	 0.000E+00	 3.025E+03	 2.945E+03	 2.729E+03	-3.125E+03	 2.887E+03	 7.340E+02	 1.675E+00	 1.771E+00	 1.506E+00	 2.852E-01	-4.999E-01	-1.987E-01	 1.675E+00	 2.852E-01	 0.000E+00	 0.000E+00	 0.000E+00	 3.836E+02	 5.349E+00
   54.0000	 5.000E+00	 1.101E-03	 7.478E+00	 7.254E+02	 3.011E+02	 0.000E+00	 3.046E+03	 2.917E+03	 2.728E+03	-2.991E+03	 3.178E+03	 3.066E+02	 1.698E+00	 1.757E+00	 1.491E+00	 2.746E-01	-5.314E-01	-1.554E-01	 1.698E+00	 2.746E-01	 0.000E+00	 0.000E+00	 0.000E+00	 3.836E+02	 5.349E+00
   54.2500	 5.000E+00	 3.265E-03	 7.478E+00	 7.254E+02	 3.123E+02	 0.000E+00	 3.026E+03	 2.886E+03	 2.776E+03	-2.441E+03	 3.639E+03	-7.022E+02	 1.711E+00	 1.739E+00	 1.494E+00	 1.962E-01	-5.989E-01	-9.996E-03	 1.711E+00	 1.962E-01	 0.000E+00	 0.000E+00	 0.000E+00	 3.835E+02	 5.348E+00
   54.5000	 5.001E+00	-5.230E-04	 7.478E+00	 7.254E+02	 3.235E+02	 0.000E+00	 3.012E+03	 2.888E+03	 2.793E+03	-1.788E+03	 3.816E+03	-1.533E+03	 1.723E+00	 1.730E+00	 1.495E+00	 1.038E-01	-6.230E-01	 1.065E-01	 1.723E+00	 1.038E-01	 0.000E+00	 0.000E+00	 0.000E+00	 3.835E+02	 5.348E+00
   54.7500	 5.000E+00	-2.195E-03	 7.478E+00	 7.254E+02	 3.347E+02	 0.000E+00	 3.025E+03	 2.883E+03	 2.797E+03	-1.343E+03	 3.617E+03	-1.778E+03	 1.741E+00	 1.713E+00	 1.502E+00	 5.189E-02	-5.859E-01	 1.206E-01	 1.741E+00	 5.189E-02	 0.000E+00	 0.000E+00	 0.000E+00	 3.834E+02	 5.347E+00
   55.0000	 5.000E+00	-2.334E-04	 7.478E+00	 7.254E+02	 3.459E+02	 0.000E+00	 3.017E+03	 2.845E+03	 2.857E+03	-7.751E+02	 3.493E+03	-2.223E+03	 1.754E+00	 1.681E+00	 1.532E+00	-1.835E-02	-5.672E-01	 1.716E-01	 1.754E+00	-1.835E-02	 0.000E+00	 0.000E+00	 0.000E+00	 3.834E+02	 5.346E+00
   55.2500	 5.000E+00	 2.128E-04	 7.478E+00	 7.253E+02	 3.571E+02	 0.000E+00	 2.984E+03	 2.820E+03	 2.927E+03	 8.708E+01	 3.417E+03	-3.009E+03	 1.756E+00	 1.652E+00	 1.566E+00	-1.389E-01	-5.641E-01	 2.883E-01	 1.756E+00	-1.389E-01	 0.000E+00	 0.000E+00	 0.000E+00	 3.833E+02	 5.345E+00
   55.5000	 5.000E+00	-3.584E-04	 7.478E+00	 7.254E+02	 8.364E+00	 0.000E+00	 2.973E+03	 2.818E+03	 2.943E+03	 8.268E+02	 2.968E+03	-3.299E+03	 1.763E+00	 1.629E+00	 1.585E+00	-2.381E-01	-5.011E-01	 3.240E-01	 1.763E+00	-2.381E-01	 0.000E+00	 0.000E+00	 0.000E+00	 3.833E+02	 5.345E+00
   55.7500	 5.000E+00	-6.141E-04	 7.478E+00	 7.254E+02	 1.958E+01	 0.000E+00	 2.980E+03	 2.796E+03	 2.955E+03	 1.325E+03	 2.308E+03	-3.138E+03	 1.774E+00	 1.594E+00	 1.607E+00	-2.951E-01	-4.044E-01	 2.848E-01	 1.774E+00	-2.951E-01	 0.000E+00	 0.000E+00	 0.000E+00	 3.833E+02	 5.345E+00
   56.0000	 5.000E+00	-9.890E-04	 7.478E+00	 7.254E+02	 3.080E+01	 0.000E+00	 2.959E+03	 2.756E+03	 3.006E+03	 1.954E+03	 1.837E+03	-3.295E+03	 1.773E+00	 1.554E+00	 1.641E+00	-3.766E-01	-3.450E-01	 3.072E-01	 1.773E+00	-3.766E-01	 0.000E+00	 0.000E+00	 0.000E+00	 3.833E+02	 5.346E+00
   56.2500	 5.000E+00	 7.500E-04	 7.478E+00	 7.254E+02	 4.202E+01	 0.000E+00	 2.927E+03	 2.746E+03	 3.036E+03	 2.679E+03	 1.332E+03	-3.515E+03	 1.765E+00	 1.528E+00	 1.665E+00	-4.782E-01	-2.842E-01	 3.489E-01	 1.765E+00	-4.782E-01	 0.000E+00	 0.000E+00	 0.000E+00	 3.834E+02	 5.346E+00
   56.5000	 5.000E+00	 2.635E-03	 7.478E+00	 7.254E+02	 5.323E+01	 0.000E+00	 2.922E+03	 2.756E+03	 3.018E+03	 3.099E+03	 5.144E+02	-3.118E+03	 1.762E+00	 1.510E+00	 1.678E+00	-5.307E-01	-1.706E-01	 2.882E-01	 1.762E+00	-5.307E-01	 0.000E+00	 0.000E+00	 0.000E+00	 3.834E+02	 5.347E+00
   56.7500	 5.000E+00	 2.866E-04	 7.478E+00	 7.254E+02	 6.445E+01	 0.000E+00	 2.924E+03	 2.749E+03	 3.016E+03	 3.299E+03	-2.758E+02	-2.528E+03	 1.757E+00	 1.490E+00	 1.697E+00	-5.484E-01	-6.197E-02	 1.978E-01	 1.757E+00	-5.484E-01	 0.000E+00	 0.000E+00	 0.000E+00	 3.834E+02	 5.347E+00
   57.0000	 5.000E+00	-1.986E-03	 7.478E+00	 7.254E+02	 7.567E+01	 0.000E+00	 2.896E+03	 2.750E+03	 3.042E+03	 3.605E+03	-7.995E+02	-2.310E+03	 1.741E+00	 1.483E+00	 1.721E+00	-5.901E-01	-1.098E-03	 1.787E-01	 1.741E+00	-5.901E-01	 0.000E+00	 0.000E+00	 0.000E+00	 3.834E+02	 5.346E+00
   57.2500	 5.000E+00	 8.170E-04	 7.478E+00	 7.254E+02	 8.689E+01	 0.000E+00	 2.868E+03	 2.794E+03	 3.034E+03	 3.828E+03	-1.388E+03	-1.945E+03	 1.720E+00	 1.498E+00	 1.732E+00	-6.234E-01	 7.119E-02	 1.394E-01	 1.720E+00	-6.234E-01	 0.000E+00	 0.000E+00	 0.000E+00	 3.833E+02	 5.346E+00
   57.5000	 5.000E+00	 1.917E-03	 7.478E+00	 7.253E+02	 9.810E+01	 0.000E+00	 2.867E+03	 2.845E+03	 2.998E+03	 3.679E+03	-2.132E+03	-1.053E+03	 1.702E+00	 1.520E+00	 1.738E+00	-5.974E-01	 1.736E-01	 1.022E-02	 1.702E+00	-5.974E-01	 0.000E+00	 0.000E+00	 0.000E+00	 3.832E+02	 5.345E+00
   57.7500	 5.000E+00	-1.952E-03	 7.478E+00	 7.253E+02	 1.093E+02	 0.000E+00	 2.856E+03	 2.871E+03	 2.996E+03	 3.404E+03	-2.635E+03	-2.737E+02	 1.679E+00	 1.538E+00	 1.753E+00	-5.546E-01	 2.380E-01	-9.792E-02	 1.679E+00	-5.546E-01	 0.000E+00	 0.000E+00	 0.000E+00	 3.832E+02	 5.344E+00
   58.0000	 5.000E+00	-2.699E-03	 7.478E+00	 7.254E+02	 1.205E+02	 0.000E+00	 2.818E+03	 2.906E+03	 3.007E+03	 3.228E+03	-2.865E+03	 1.321E+02	 1.646E+00	 1.563E+00	 1.767E+00	-5.348E-01	 2.582E-01	-1.380E-01	 1.646E+00	-5.348E-01	 0.000E+00	 0.000E+00	 0.000E+00	 3.832E+02	 5.344E+00
   58.2500	 4.999E+00	 8.211E-04	 7.478E+00	 7.254E+02	 1.318E+02	 0.000E+00	 2.793E+03	 2.961E+03	 2.979E+03	 2.874E+03	-3.169E+03	 7.906E+02	 1.612E+00	 1.597E+00	 1.767E+00	-4.895E-01	 2.963E-01	-2.216E-01	 1.612E+00	-4.895E-01	 0.000E+00	 0.000E+00	 0.000E+00	 3.832E+02	 5.344E+00
   58.5000	 5.000E+00	 1.283E-03	 7.478E+00	 7.254E+02	 1.430E+02	 0.000E+00	 2.790E+03	 2.993E+03	 2.946E+03	 2.215E+03	-3.460E+03	 1.740E+03	 1.584E+00	 1.624E+00	 1.766E+00	-3.951E-01	 3.390E-01	-3.587E-01	 1.584E+00	-3.951E-01	 0.000E+00	 0.000E+00	 0.000E+00	 3.832E+02	 5.344E+00
   58.7500	 5.000E+00	-7.886E-04	 7.478E+00	 7.254E+02	 1.542E+02	 0.000E+00	 2.768E+03	 2.998E+03	 2.951E+03	 1.587E+03	-3.401E+03	 2.310E+03	 1.552E+00	 1.642E+00	 1.772E+00	-3.095E-01	 3.270E-01	-4.318E-01	 1.552E+00	-3.095E-01	 0.000E+00	 0.000E+00	 0.000E+00	 3.832E+02	 5.345E+00
   59.0000	 5.000E+00	-1.471E-04	 7.478E+00	 7.254E+02	 1.654E+02	 0.000E+00	 2.738E+03	 3.015E+03	 2.952E+03	 1.074E+03	-3.152E+03	 2.573E+03	 1.518E+00	 1.665E+00	 1.773E+00	-2.473E-01	 2.869E-01	-4.529E-01	 1.518E+00	-2.473E-01	 0.000E+00	 0.000E+00	 0.000E+00	 3.833E+02	 5.345E+00
   59.2500	 5.000E+00	 1.127E-03	 7.478E+00	 7.254E+02	 1.766E+02	 0.000E+00	 2.739E+03	 3.038E+03	 2.916E+03	 3.795E+02	-2.993E+03	 3.108E+03	 1.498E+00	 1.691E+00	 1.759E+00	-1.558E-01	 2.688E-01	-5.257E-01	 1.498E+00	-1.558E-01	 0.000E+00	 0.000E+00	 0.000E+00	 3.833E+02	 5.346E+00
   59.5000	 5.000E+00	 1.162E-03	 7.478E+00	 7.254E+02	 1.878E+02	 0.000E+00	 2.761E+03	 3.034E+03	 2.892E+03	-4.493E+02	-2.711E+03	 3.656E+03	 1.492E+00	 1.706E+00	 1.746E+00	-4.141E-02	 2.358E-01	-6.070E-01	 1.492E+00	-4.141E-02	 0.000E+00	 0.000E+00	 0.000E+00	 3.833E+02	 5.346E+00
   59.7500	 5.000E+00	 6.046E-04	 7.478E+00	 7.254E+02	 1.991E+02	 0.000E+00	 2.772E+03	 3.018E+03	 2.900E+03	-1.079E+03	-2.111E+03	 3.685E+03	 1.490E+00	 1.717E+00	 1.739E+00	 3.843E-02	 1.515E-01	-6.025E-01	 1.490E+00	 3.843E-02	 0.000E+00	 0.000E+00	 0.000E+00	 3.833E+02	 5.345E+00
   60.0000	 5.000E+00	-5.787E-04	 7.478E+00	 7.253E+02	 2.103E+02	 0.000E+00	 2.793E+03	 3.020E+03	 2.888E+03	-1.584E+03	-1.476E+03	 3.555E+03	 1.498E+00	 1.735E+00	 1.720E+00	 9.712E-02	 6.437E-02	-5.746E-01	 1.498E+00	 9.712E-02	 0.000E+00	 0.000E+00	 0.000E+00	 3.832E+02	 5.345E+00
   60.2500	 5.000E+00	-1.645E-03	 7.478E+00	 7.253E+02	 2.215E+02	 0.000E+00	 2.846E+03	 3.020E+03	 2.848E+03	-2.211E+03	-9.667E+02	 3.672E+03	 1.522E+00	 1.750E+00	 1.691E+00	 1.798E-01	 3.100E-03	-5.966E-01	 1.522E+00	 1.798E-01	 0.000E+00	 0.000E+00	 0.000E+00	 3.832E+02	 5.344E+00
   60.5000	 5.000E+00	 1.744E-04	 7.478E+00	 7.253E+02	 2.327E+02	 0.000E+00	 2.898E+03	 2.998E+03	 2.830E+03	-2.772E+03	-3.159E+02	 3.584E+03	 1.551E+00	 1.754E+00	 1.666E+00	 2.552E-01	-8.034E-02	-5.893E-01	 1.551E+00	 2.552E-01	 0.000E+00	 0.000E+00	 0.000E+00	 3.831E+02	 5.343E+00
   60.7500	 5.000E+00	 6.334E-04	 7.478E+00	 7.253E+02	 2.439E+02	 0.000E+00	 2.925E+03	 2.977E+03	 2.830E+03	-3.034E+03	 5.122E+02	 3.017E+03	 1.575E+00	 1.761E+00	 1.641E+00	 2.828E-01	-1.948E-01	-5.029E-01	 1.575E+00	 2.828E-01	 0.000E+00	 0.000E+00	 0.000E+00	 3.831E+02	 5.343E+00
   61.0000	 5.000E+00	-1.587E-03	 7.478E+00	 7.254E+02	 2.551E+02	 0.000E+00	 2.955E+03	 2.977E+03	 2.801E+03	-3.200E+03	 1.195E+03	 2.500E+03	 1.600E+00	 1.771E+00	 1.605E+00	 2.987E-01	-2.843E-01	-4.293E-01	 1.600E+00	 2.987E-01	 0.000E+00	 0.000E+00	 0.000E+00	 3.831E+02	 5.343E+00
   61.2500	 4.999E+00	-1.341E-03	 7.478E+00	 7.254E+02	 2.664E+02	 0.000E+00	 2.997E+03	 2.967E+03	 2.761E+03	-3.412E+03	 1.718E+03	 2.190E+03	 1.629E+00	 1.774E+00	 1.568E+00	 3.294E-01	-3.464E-01	-3.974E-01	 1.629E+00	 3.294E-01	 0.000E+00	 0.000E+00	 0.000E+00	 3.832E+02	 5.343E+00
   61.5000	 5.000E+00	 1.979E-03	 7.478E+00	 7.254E+02	 2.776E+02	 0.000E+00	 3.018E+03	 2.939E+03	 2.756E+03	-3.420E+03	 2.339E+03	 1.576E+03	 1.654E+00	 1.768E+00	 1.541E+00	 3.306E-01	-4.281E-01	-3.162E-01	 1.654E+00	 3.306E-01	 0.000E+00	 0.000E+00	 0.000E+00	 3.832E+02	 5.344E+00
   61.7500	 5.000E+00	 1.647E-03	 7.478E+00	 7.254E+02	 2.888E+02	 0.000E+00	 3.017E+03	 2.925E+03	 2.759E+03	-3.139E+03	 2.955E+03	 6.792E+02	 1.672E+00	 1.764E+00	 1.517E+00	 2.872E-01	-5.132E-01	-1.873E-01	 1.672E+00	 2.872E-01	 0.000E+00	 0.000E+00	 0.000E+00	 3.833E+02	 5.345E+00
   62.0000	 5.000E+00	-7.586E-04	 7.478E+00	 7.254E+02	 3.000E+02	 0.000E+00	 3.026E+03	 2.924E+03	 2.740E+03	-2.837E+03	 3.290E+03	 4.195E+01	 1.692E+00	 1.761E+00	 1.493E+00	 2.460E-01	-5.534E-01	-1.052E-01	 1.692E+00	 2.460E-01	 0.000E+00	 0.000E+00	 0.000E+00	 3.833E+02	 5.345E+00
   62.2500	 5.000E+00	-1.165E-04	 7.478E+00	 7.254E+02	 3.112E+02	 0.000E+00	 3.039E+03	 2.907E+03	 2.742E+03	-2.540E+03	 3.475E+03	-4.400E+02	 1.712E+00	 1.748E+00	 1.484E+00	 2.113E-01	-5.714E-01	-5.225E-02	 1.712E+00	 2.113E-01	 0.000E+00	 0.000E+00	 0.000E+00	 3.833E+02	 5.345E+00
   62.5000	 5.000E+00	 1.465E-03	 7.478E+00	 7.253E+02	 3.224E+02	 0.000E+00	 3.028E+03	 2.879E+03	 2.786E+03	-2.008E+03	 3.708E+03	-1.206E+03	 1.726E+00	 1.727E+00	 1.495E+00	 1.403E-01	-6.038E-01	 5.082E-02	 1.726E+00	 1.403E-01	 0.000E+00	 0.000E+00	 0.000E+00	 3.832E+02	 5.345E+00
   62.7500	 5.000E+00	-3.031E-06	 7.478E+00	 7.253E+02	 3.337E+02	 0.000E+00	 3.010E+03	 2.868E+03	 2.826E+03	-1.310E+03	 3.790E+03	-1.985E+03	 1.736E+00	 1.710E+00	 1.510E+00	 4.370E-02	-6.161E-01	 1.590E-01	 1.736E+00	 4.370E-02	 0.000E+00	 0.000E+00	 0.000E+00	 3.832E+02	 5.344E+00
   63.0000	 5.000E+00	-1.378E-03	 7.478E+00	 7.253E+02	 3.449E+02	 0.000E+00	 3.008E+03	 2.861E+03	 2.849E+03	-7.009E+02	 3.565E+03	-2.369E+03	 1.749E+00	 1.690E+00	 1.526E+00	-3.453E-02	-5.801E-01	 2.006E-01	 1.749E+00	-3.453E-02	 0.000E+00	 0.000E+00	 0.000E+00	 3.831E+02	 5.343E+00
   63.2500	 5.000E+00	-1.055E-03	 7.478E+00	 7.253E+02	 3.561E+02	 0.000E+00	 3.003E+03	 2.833E+03	 2.892E+03	-1.018E+02	 3.270E+03	-2.673E+03	 1.761E+00	 1.658E+00	 1.554E+00	-1.089E-01	-5.370E-01	 2.314E-01	 1.761E+00	-1.089E-01	 0.000E+00	 0.000E+00	 0.000E+00	 3.831E+02	 5.343E+00
   63.5000	 5.000E+00	-3.535E-04	 7.478E+00	 7.253E+02	 7.307E+00	 0.000E+00	 2.980E+03	 2.804E+03	 2.951E+03	 6.591E+02	 3.004E+03	-3.168E+03	 1.765E+00	 1.625E+00	 1.587E+00	-2.112E-01	-5.050E-01	 3.012E-01	 1.765E+00	-2.112E-01	 0.000E+00	 0.000E+00	 0.000E+00	 3.831E+02	 5.342E+00
   63.7500	 5.000E+00	 1.752E-04	 7.478E+00	 7.254E+02	 1.852E+01	 0.000E+00	 2.961E+03	 2.792E+03	 2.978E+03	 1.407E+03	 2.532E+03	-3.443E+03	 1.767E+00	 1.596E+00	 1.611E+00	-3.121E-01	-4.420E-01	 3.392E-01	 1.767E+00	-3.121E-01	 0.000E+00	 0.000E+00	 0.000E+00	 3.831E+02	 5.343E+00
   64.0000	 5.000E+00	 3.745E-04	 7.478E+00	 7.254E+02	 2.974E+01	 0.000E+00	 2.959E+03	 2.776E+03	 2.987E+03	 1.960E+03	 1.854E+03	-3.319E+03	 1.772E+00	 1.564E+00	 1.632E+00	-3.806E-01	-3.462E-01	 3.125E-01	 1.772E+00	-3.806E-01	 0.000E+00	 0.000E+00	 0.000E+00	 3.832E+02	 5.343E+00
   64.2500	 5.000E+00	-2.946E-04	 7.478E+00	 7.254E+02	 4.096E+01	 0.000E+00	 2.947E+03	 2.749E+03	 3.014E+03	 2.476E+03	 1.236E+03	-3.218E+03	 1.771E+00	 1.529E+00	 1.659E+00	-4.450E-01	-2.643E-01	 2.957E-01	 1.771E+00	-4.450E-01	 0.000E+00	 0.000E+00	 0.000E+00	 3.832E+02	 5.344E+00
   64.5000	 5.000E+00	 3.680E-04	 7.478E+00	 7.254E+02	 5.217E+01	 0.000E+00	 2.921E+03	 2.737E+03	 3.038E+03	 3.037E+03	 6.594E+02	-3.201E+03	 1.763E+00	 1.505E+00	 1.682E+00	-5.212E-01	-1.926E-01	 3.009E-01	 1.763E+00	-5.212E-01	 0.000E+00	 0.000E+00	 0.000E+00	 3.833E+02	 5.345E+00
   64.7500	 5.000E+00	 1.836E-03	 7.478E+00	 7.254E+02	 6.339E+01	 0.000E+00	 2.907E+03	 2.751E+03	 3.030E+03	 3.424E+03	-7.823E+01	-2.851E+03	 1.753E+00	 1.494E+00	 1.697E+00	-5.719E-01	-9.432E-02	 2.537E-01	 1.753E+00	-5.719E-01	 0.000E+00	 0.000E+00	 0.000E+00	 3.833E+02	 5.345E+00
   65.0000	 5.000E+00	 9.322E-04	 7.478E+00	 7.254E+02	 7.461E+01	 0.000E+00	 2.904E+03	 2.765E+03	 3.019E+03	 3.574E+03	-8.473E+02	-2.231E+03	 1.743E+00	 1.489E+00	 1.712E+00	-5.858E-01	 9.811E-03	 1.634E-01	 1.743E+00	-5.858E-01	 0.000E+00	 0.000E+00	 0.000E+00	 3.832E+02	 5.345E+00
   65.2500	 5.000E+00	-1.433E-03	 7.478E+00	 7.253E+02	 8.583E+01	 0.000E+00	 2.886E+03	 2.782E+03	 3.027E+03	 3.679E+03	-1.430E+03	-1.755E+03	 1.726E+00	 1.493E+00	 1.731E+00	-5.976E-01	 8.188E-02	 1.028E-01	 1.726E+00	-5.976E-01	 0.000E+00	 0.000E+00	 0.000E+00	 3.832E+02	 5.344E+00
   65.5000	 5.000E+00	-6.889E-04	 7.478E+00	 7.253E+02	 9.704E+01	 0.000E+00	 2.859E+03	 2.825E+03	 3.024E+03	 3.739E+03	-1.949E+03	-1.296E+03	 1.702E+00	 1.513E+00	 1.744E+00	-6.074E-01	 1.442E-01	 4.971E-02	 1.702E+00	-6.074E-01	 0.000E+00	 0.000E+00	 0.000E+00	 3.831E+02	 5.343E+00
   65.7500	 5.000E+00	 7.763E-04	 7.478E+00	 7.253E+02	 1.083E+02	 0.000E+00	 2.845E+03	 2.879E+03	 2.998E+03	 3.556E+03	-2.530E+03	-5.306E+02	 1.678E+00	 1.540E+00	 1.750E+00	-5.805E-01	 2.211E-01	-5.477E-02	 1.678E+00	-5.805E-01	 0.000E+00	 0.000E+00	 0.000E+00	 3.831E+02	 5.343E+00
   66.0000	 5.000E+00	-6.846E-04	 7.478E+00	 7.253E+02	 1.195E+02	 0.000E+00	 2.833E+03	 2.914E+03	 2.984E+03	 3.182E+03	-2.975E+03	 2.884E+02	 1.651E+00	 1.565E+00	 1.759E+00	-5.257E-01	 2.791E-01	-1.682E-01	 1.651E+00	-5.257E-01	 0.000E+00	 0.000E+00	 0.000E+00	 3.830E+02	 5.342E+00
   66.2500	 5.000E+00	-1.765E-03	 7.478E+00	 7.253E+02	 1.307E+02	 0.000E+00	 2.804E+03	 2.944E+03	 2.986E+03	 2.812E+03	-3.173E+03	 8.563E+02	 1.618E+00	 1.589E+00	 1.770E+00	-4.766E-01	 2.986E-01	-2.370E-01	 1.618E+00	-4.766E-01	 0.000E+00	 0.000E+00	 0.000E+00	 3.831E+02	 5.342E+00
   66.5000	 5.000E+00	-2.499E-05	 7.478E+00	 7.254E+02	 1.419E+02	 0.000E+00	 2.776E+03	 2.982E+03	 2.970E+03	 2.371E+03	-3.309E+03	 1.433E+03	 1.583E+00	 1.619E+00	 1.772E+00	-4.200E-01	 3.130E-01	-3.075E-01	 1.583E+00	-4.200E-01	 0.000E+00	 0.000E+00	 0.000E+00	 3.831E+02	 5.343E+00
   66.7500	 5.000E+00	 1.097E-03	 7.478E+00	 7.254E+02	 1.531E+02	 0.000E+00	 2.766E+03	 3.011E+03	 2.942E+03	 1.724E+03	-3.420E+03	 2.191E+03	 1.553E+00	 1.645E+00	 1.768E+00	-3.313E-01	 3.297E-01	-4.125E-01	 1.553E+00	-3.313E-01	 0.000E+00	 0.000E+00	 0.000E+00	 3.831E+02	 5.343E+00
   67.0000	 5.000E+00	 5.437E-04	 7.478E+00	 7.254E+02	 1.643E+02	 0.000E+00	 2.755E+03	 3.018E+03	 2.933E+03	 1.019E+03	-3.304E+03	 2.781E+03	 1.525E+00	 1.664E+00	 1.767E+00	-2.351E-01	 3.132E-01	-4.916E-01	 1.525E+00	-2.351E-01	 0.000E+00	 0.000E+00	 0.000E+00	 3.832E+02	 5.344E+00
   67.2500	 5.000E+00	 3.417E-04	 7.478E+00	 7.254E+02	 1.756E+02	 0.000E+00	 2.739E+03	 3.023E+03	 2.932E+03	 3.998E+02	-2.975E+03	 3.071E+03	 1.500E+00	 1.684E+00	 1.765E+00	-1.562E-01	 2.650E-01	-5.216E-01	 1.500E+00	-1.562E-01	 0.000E+00	 0.000E+00	 0.000E+00	 3.832E+02	 5.345E+00
   67.5000	 5.000E+00	 5.422E-04	 7.478E+00	 7.254E+02	 1.868E+02	 0.000E+00	 2.744E+03	 3.034E+03	 2.910E+03	-2.580E+02	-2.634E+03	 3.386E+03	 1.488E+00	 1.705E+00	 1.751E+00	-7.190E-02	 2.200E-01	-5.605E-01	 1.488E+00	-7.190E-02	 0.000E+00	 0.000E+00	 0.000E+00	 3.833E+02	 5.345E+00
   67.7500	 5.000E+00	 5.009E-04	 7.478E+00	 7.253E+02	 1.980E+02	 0.000E+00	 2.773E+03	 3.032E+03	 2.884E+03	-1.006E+03	-2.236E+03	 3.736E+03	 1.491E+00	 1.721E+00	 1.735E+00	 2.819E-02	 1.708E-01	-6.115E-01	 1.491E+00	 2.819E-02	 0.000E+00	 0.000E+00	 0.000E+00	 3.832E+02	 5.344E+00
   68.0000	 5.000E+00	 2.712E-04	 7.478E+00	 7.253E+02	 2.092E+02	 0.000E+00	 2.804E+03	 3.017E+03	 2.878E+03	-1.652E+03	-1.629E+03	 3.776E+03	 1.501E+00	 1.731E+00	 1.720E+00	 1.118E-01	 8.928E-02	-6.141E-01	 1.501E+00	 1.118E-01	 0.000E+00	 0.000E+00	 0.000E+00	 3.832E+02	 5.344E+00
   68.2500	 5.000E+00	-4.096E-04	 7.478E+00	 7.253E+02	 2.204E+02	 0.000E+00	 2.835E+03	 3.009E+03	 2.868E+03	-2.140E+03	-9.337E+02	 3.569E+03	 1.518E+00	 1.745E+00	 1.699E+00	 1.700E-01	-5.286E-03	-5.785E-01	 1.518E+00	 1.700E-01	 0.000E+00	 0.000E+00	 0.000E+00	 3.831E+02	 5.343E+00
   68.5000	 5.000E+00	-1.688E-03	 7.478E+00	 7.253E+02	 2.316E+02	 0.000E+00	 2.882E+03	 3.005E+03	 2.838E+03	-2.619E+03	-3.121E+02	 3.426E+03	 1.544E+00	 1.757E+00	 1.669E+00	 2.301E-01	-8.448E-02	-5.600E-01	 1.544E+00	 2.301E-01	 0.000E+00	 0.000E+00	 0.000E+00	 3.831E+02	 5.342E+00
   68.7500	 5.000E+00	-5.151E-04	 7.478E+00	 7.253E+02	 2.429E+02	 0.000E+00	 2.931E+03	 2.989E+03	 2.813E+03	-3.056E+03	 3.369E+02	 3.215E+03	 1.574E+00	 1.763E+00	 1.639E+00	 2.880E-01	-1.670E-01	-5.358E-01	 1.574E+00	 2.880E-01	 0.000E+00	 0.000E+00	 0.000E+00	 3.830E+02	 5.342E+00
   69.0000	 5.000E+00	 5.738E-04	 7.478E+00	 7.253E+02	 2.541E+02	 0.000E+00	 2.962E+03	 2.969E+03	 2.803E+03	-3.280E+03	 1.091E+03	 2.684E+03	 1.600E+00	 1.766E+00	 1.610E+00	 3.140E-01	-2.684E-01	-4.605E-01	 1.600E+00	 3.140E-01	 0.000E+00	 0.000E+00	 0.000E+00	 3.831E+02	 5.342E+00
   69.2500	 5.000E+00	-2.247E-04	 7.478E+00	 7.254E+02	 2.653E+02	 0.000E+00	 2.984E+03	 2.960E+03	 2.783E+03	-3.334E+03	 1.774E+03	 2.056E+03	 1.625E+00	 1.771E+00	 1.576E+00	 3.161E-01	-3.591E-01	-3.717E-01	 1.625E+00	 3.161E-01	 0.000E+00	 0.000E+00	 0.000E+00	 3.831E+02	 5.343E+00
   69.5000	 5.000E+00	-7.558E-04	 7.478E+00	 7.254E+02	 2.765E+02	 0.000E+00	 3.011E+03	 2.952E+03	 2.752E+03	-3.354E+03	 2.297E+03	 1.552E+03	 1.650E+00	 1.773E+00	 1.541E+00	 3.186E-01	-4.237E-01	-3.088E-01	 1.650E+00	 3.186E-01	 0.000E+00	 0.000E+00	 0.000E+00	 3.832E+02	 5.343E+00
   69.7500	 5.000E+00	 1.136E-03	 7.478E+00	 7.254E+02	 2.877E+02	 0.000E+00	 3.028E+03	 2.931E+03	 2.742E+03	-3.251E+03	 2.797E+03	 9.487E+02	 1.673E+00	 1.766E+00	 1.515E+00	 3.060E-01	-4.874E-01	-2.318E-01	 1.673E+00	 3.060E-01	 0.000E+00	 0.000E+00	 0.000E+00	 3.832E+02	 5.344E+00
   70.0000	 5.000E+00	 1.625E-03	 7.478E+00	 7.254E+02	 2.989E+02	 0.000E+00	 3.028E+03	 2.913E+03	 2.751E+03	-2.920E+03	 3.277E+03	 1.375E+02	 1.691E+00	 1.757E+00	 1.499E+00	 2.593E-01	-5.523E-01	-1.197E-01	 1.691E+00	 2.593E-01	 0.000E+00	 0.000E+00	 0.000E+00	 3.832E+02	 5.345E+00
   70.2500	 5.000E+00	 6.329E-05	 7.478E+00	 7.254E+02	 3.102E+02	 0.000E+00	 3.027E+03	 2.906E+03	 2.755E+03	-2.484E+03	 3.560E+03	-5.810E+02	 1.707E+00	 1.749E+00	 1.488E+00	 1.996E-01	-5.877E-01	-2.441E-02	 1.707E+00	 1.996E-01	 0.000E+00	 0.000E+00	 0.000E+00	 3.832E+02	 5.345E+00
   70.5000	 5.000E+00	-4.818E-04	 7.478E+00	 7.253E+02	 3.214E+02	 0.000E+00	 3.030E+03	 2.893E+03	 2.769E+03	-2.037E+03	 3.653E+03	-1.121E+03	 1.725E+00	 1.734E+00	 1.489E+00	 1.429E-01	-5.950E-01	 3.948E-02	 1.725E+00	 1.429E-01	 0.000E+00	 0.000E+00	 0.000E+00	 3.832E+02	 5.344E+00
   70.7500	 5.000E+00	 1.792E-04	 7.478E+00	 7.253E+02	 3.326E+02	 0.000E+00	 3.022E+03	 2.869E+03	 2.812E+03	-1.471E+03	 3.704E+03	-1.738E+03	 1.738E+00	 1.711E+00	 1.506E+00	 6.934E-02	-6.006E-01	 1.181E-01	 1.738E+00	 6.934E-02	 0.000E+00	 0.000E+00	 0.000E+00	 3.831E+02	 5.343E+00
   71.0000	 5.000E+00	-2.210E-04	 7.478E+00	 7.253E+02	 3.438E+02	 0.000E+00	 3.004E+03	 2.851E+03	 2.861E+03	-7.623E+02	 3.652E+03	-2.395E+03	 1.747E+00	 1.688E+00	 1.529E+00	-2.634E-02	-5.946E-01	 2.069E-01	 1.747E+00	-2.634E-02	 0.000E+00	 0.000E+00	 0.000E+00	 3.831E+02	 5.343E+00
   71.2500	 5.000E+00	-8.677E-04	 7.478E+00	 7.253E+02	 3.550E+02	 0.000E+00	 2.994E+03	 2.839E+03	 2.895E+03	-7.082E+01	 3.369E+03	-2.803E+03	 1.757E+00	 1.663E+00	 1.553E+00	-1.174E-01	-5.538E-01	 2.565E-01	 1.757E+00	-1.174E-01	 0.000E+00	 0.000E+00	 0.000E+00	 3.830E+02	 5.342E+00
   71.5000	 5.000E+00	-9.064E-04	 7.478E+00	 7.253E+02	 6.244E+00	 0.000E+00	 2.988E+03	 2.815E+03	 2.930E+03	 5.674E+02	 2.958E+03	-3.030E+03	 1.766E+00	 1.631E+00	 1.579E+00	-1.983E-01	-4.954E-01	 2.788E-01	 1.766E+00	-1.983E-01	 0.000E+00	 0.000E+00	 0.000E+00	 3.830E+02	 5.342E+00
   71.7500	 5.000E+00	-4.579E-04	 7.478E+00	 7.254E+02	 1.746E+01	 0.000E+00	 2.971E+03	 2.787E+03	 2.974E+03	 1.257E+03	 2.537E+03	-3.299E+03	 1.770E+00	 1.596E+00	 1.609E+00	-2.885E-01	-4.404E-01	 3.141E-01	 1.770E+00	-2.885E-01	 0.000E+00	 0.000E+00	 0.000E+00	 3.831E+02	 5.342E+00
   72.0000	 5.000E+00	 3.146E-04	 7.478E+00	 7.254E+02	 2.868E+01	 0.000E+00	 2.952E+03	 2.770E+03	 3.002E+03	 1.949E+03	 2.006E+03	-3.461E+03	 1.770E+00	 1.565E+00	 1.635E+00	-3.811E-01	-3.707E-01	 3.374E-01	 1.770E+00	-3.811E-01	 0.000E+00	 0.000E+00	 0.000E+00	 3.831E+02	 5.343E+00
   72.2500	 5.000E+00	 9.351E-04	 7.478E+00	 7.254E+02	 3.989E+01	 0.000E+00	 2.942E+03	 2.758E+03	 3.011E+03	 2.499E+03	 1.318E+03	-3.321E+03	 1.770E+00	 1.536E+00	 1.655E+00	-4.514E-01	-2.764E-01	 3.140E-01	 1.770E+00	-4.514E-01	 0.000E+00	 0.000E+00	 0.000E+00	 3.832E+02	 5.344E+00
   72.5000	 5.000E+00	 3.006E-04	 7.478E+00	 7.254E+02	 5.111E+01	 0.000E+00	 2.933E+03	 2.743E+03	 3.022E+03	 2.934E+03	 6.270E+02	-3.066E+03	 1.766E+00	 1.508E+00	 1.677E+00	-5.052E-01	-1.840E-01	 2.762E-01	 1.766E+00	-5.052E-01	 0.000E+00	 0.000E+00	 0.000E+00	 3.832E+02	 5.344E+00
   72.7500	 5.000E+00	 1.883E-04	 7.478E+00	 7.254E+02	 6.233E+01	 0.000E+00	 2.913E+03	 2.740E+03	 3.036E+03	 3.341E+03	-5.751E+00	-2.840E+03	 1.756E+00	 1.491E+00	 1.698E+00	-5.585E-01	-1.037E-01	 2.496E-01	 1.756E+00	-5.585E-01	 0.000E+00	 0.000E+00	 0.000E+00	 3.832E+02	 5.345E+00
   73.0000	 5.000E+00	 9.097E-04	 7.478E+00	 7.254E+02	 7.355E+01	 0.000E+00	 2.895E+03	 2.760E+03	 3.032E+03	 3.630E+03	-6.913E+02	-2.444E+03	 1.742E+00	 1.489E+00	 1.713E+00	-5.965E-01	-1.482E-02	 1.989E-01	 1.742E+00	-5.965E-01	 0.000E+00	 0.000E+00	 0.000E+00	 3.832E+02	 5.345E+00
   73.2500	 5.000E+00	 7.357E-04	 7.478E+00	 7.253E+02	 8.476E+01	 0.000E+00	 2.886E+03	 2.790E+03	 3.019E+03	 3.710E+03	-1.400E+03	-1.814E+03	 1.727E+00	 1.496E+00	 1.726E+00	-6.034E-01	 7.921E-02	 1.114E-01	 1.727E+00	-6.034E-01	 0.000E+00	 0.000E+00	 0.000E+00	 3.832E+02	 5.344E+00
   73.5000	 5.000E+00	-1.066E-03	 7.478E+00	 7.253E+02	 9.598E+01	 0.000E+00	 2.871E+03	 2.821E+03	 3.015E+03	 3.668E+03	-1.978E+03	-1.195E+03	 1.707E+00	 1.510E+00	 1.741E+00	-5.947E-01	 1.522E-01	 2.907E-02	 1.707E+00	-5.947E-01	 0.000E+00	 0.000E+00	 0.000E+00	 3.831E+02	 5.343E+00
   73.7500	 5.000E+00	-1.153E-03	 7.478E+00	 7.253E+02	 1.072E+02	 0.000E+00	 2.846E+03	 2.864E+03	 3.011E+03	 3.562E+03	-2.437E+03	-6.301E+02	 1.681E+00	 1.534E+00	 1.753E+00	-5.808E-01	 2.073E-01	-4.061E-02	 1.681E+00	-5.808E-01	 0.000E+00	 0.000E+00	 0.000E+00	 3.831E+02	 5.342E+00
   74.0000	 5.000E+00	-9.542E-05	 7.478E+00	 7.253E+02	 1.184E+02	 0.000E+00	 2.826E+03	 2.913E+03	 2.992E+03	 3.296E+03	-2.876E+03	 7.507E+01	 1.652E+00	 1.563E+00	 1.760E+00	-5.445E-01	 2.631E-01	-1.333E-01	 1.652E+00	-5.445E-01	 0.000E+00	 0.000E+00	 0.000E+00	 3.830E+02	 5.342E+00
   74.2500	 5.000E+00	-1.434E-04	 7.478E+00	 7.253E+02	 1.296E+02	 0.000E+00	 2.810E+03	 2.950E+03	 2.974E+03	 2.849E+03	-3.215E+03	 8.610E+02	 1.622E+00	 1.590E+00	 1.765E+00	-4.817E-01	 3.071E-01	-2.404E-01	 1.622E+00	-4.817E-01	 0.000E+00	 0.000E+00	 0.000E+00	 3.830E+02	 5.342E+00
   74.5000	 5.000E+00	-7.394E-04	 7.478E+00	 7.254E+02	 1.408E+02	 0.000E+00	 2.787E+03	 2.975E+03	 2.968E+03	 2.345E+03	-3.346E+03	 1.496E+03	 1.589E+00	 1.614E+00	 1.771E+00	-4.134E-01	 3.205E-01	-3.219E-01	 1.589E+00	-4.134E-01	 0.000E+00	 0.000E+00	 0.000E+00	 3.831E+02	 5.342E+00
   74.7500	 5.000E+00	-9.093E-05	 7.478E+00	 7.254E+02	 1.521E+02	 0.000E+00	 2.761E+03	 3.001E+03	 2.957E+03	 1.807E+03	-3.350E+03	 2.038E+03	 1.554E+00	 1.640E+00	 1.773E+00	-3.432E-01	 3.174E-01	-3.884E-01	 1.554E+00	-3.432E-01	 0.000E+00	 0.000E+00	 0.000E+00	 3.831E+02	 5.343E+00
   75.0000	 5.000E+00	 9.099E-04	 7.478E+00	 7.254E+02	 1.633E+02	 0.000E+00	 2.750E+03	 3.023E+03	 2.935E+03	 1.151E+03	-3.294E+03	 2.638E+03	 1.526E+00	 1.664E+00	 1.767E+00	-2.557E-01	 3.105E-01	-4.683E-01	 1.526E+00	-2.557E-01	 0.000E+00	 0.000E+00	 0.000E+00	 3.832E+02	 5.344E+00
   75.2500	 5.000E+00	 9.021E-04	 7.478E+00	 7.254E+02	 1.745E+02	 0.000E+00	 2.747E+03	 3.029E+03	 2.920E+03	 4.247E+02	-3.082E+03	 3.152E+03	 1.504E+00	 1.683E+00	 1.761E+00	-1.578E-01	 2.825E-01	-5.376E-01	 1.504E+00	-1.578E-01	 0.000E+00	 0.000E+00	 0.000E+00	 3.832E+02	 5.344E+00
   75.5000	 5.000E+00	 5.871E-04	 7.478E+00	 7.254E+02	 1.857E+02	 0.000E+00	 2.747E+03	 3.028E+03	 2.913E+03	-2.489E+02	-2.679E+03	 3.423E+03	 1.490E+00	 1.701E+00	 1.754E+00	-7.043E-02	 2.267E-01	-5.688E-01	 1.490E+00	-7.043E-02	 0.000E+00	 0.000E+00	 0.000E+00	 3.832E+02	 5.344E+00
   75.7500	 5.000E+00	 2.222E-04	 7.478E+00	 7.254E+02	 1.969E+02	 0.000E+00	 2.762E+03	 3.029E+03	 2.898E+03	-8.897E+02	-2.208E+03	 3.592E+03	 1.487E+00	 1.718E+00	 1.739E+00	 1.085E-02	 1.637E-01	-5.870E-01	 1.487E+00	 1.085E-02	 0.000E+00	 0.000E+00	 0.000E+00	 3.832E+02	 5.344E+00
   76.0000	 5.000E+00	-2.330E-04	 7.478E+00	 7.253E+02	 2.081E+02	 0.000E+00	 2.798E+03	 3.025E+03	 2.875E+03	-1.554E+03	-1.699E+03	 3.748E+03	 1.499E+00	 1.733E+00	 1.720E+00	 9.731E-02	 9.875E-02	-6.090E-01	 1.499E+00	 9.731E-02	 0.000E+00	 0.000E+00	 0.000E+00	 3.832E+02	 5.344E+00
   76.2500	 5.000E+00	-1.013E-04	 7.478E+00	 7.253E+02	 2.194E+02	 0.000E+00	 2.839E+03	 3.011E+03	 2.860E+03	-2.152E+03	-1.067E+03	 3.714E+03	 1.519E+00	 1.743E+00	 1.699E+00	 1.746E-01	 1.558E-02	-6.038E-01	 1.519E+00	 1.746E-01	 0.000E+00	 0.000E+00	 0.000E+00	 3.831E+02	 5.343E+00
   76.5000	 5.000E+00	-5.188E-04	 7.478E+00	 7.253E+02	 2.306E+02	 0.000E+00	 2.878E+03	 2.999E+03	 2.847E+03	-2.601E+03	-3.478E+02	 3.443E+03	 1.542E+00	 1.754E+00	 1.674E+00	 2.291E-01	-8.091E-02	-5.626E-01	 1.542E+00	 2.291E-01	 0.000E+00	 0.000E+00	 0.000E+00	 3.831E+02	 5.342E+00
   76.7500	 5.000E+00	-1.202E-03	 7.478E+00	 7.253E+02	 2.418E+02	 0.000E+00	 2.919E+03	 2.991E+03	 2.823E+03	-2.961E+03	 3.322E+02	 3.124E+03	 1.569E+00	 1.763E+00	 1.643E+00	 2.728E-01	-1.694E-01	-5.182E-01	 1.569E+00	 2.728E-01	 0.000E+00	 0.000E+00	 0.000E+00	 3.830E+02	 5.342E+00
   77.0000	 5.000E+00	-6.633E-04	 7.478E+00	 7.253E+02	 2.530E+02	 0.000E+00	 2.960E+03	 2.977E+03	 2.796E+03	-3.258E+03	 9.828E+02	 2.770E+03	 1.598E+00	 1.769E+00	 1.610E+00	 3.109E-01	-2.525E-01	-4.733E-01	 1.598E+00	 3.109E-01	 0.000E+00	 0.000E+00	 0.000E+00	 3.831E+02	 5.342E+00
   77.2500	 5.000E+00	 4.437E-04	 7.478E+00	 7.254E+02	 2.642E+02	 0.000E+00	 2.989E+03	 2.959E+03	 2.780E+03	-3.394E+03	 1.666E+03	 2.223E+03	 1.624E+00	 1.770E+00	 1.578E+00	 3.270E-01	-3.425E-01	-3.991E-01	 1.624E+00	 3.270E-01	 0.000E+00	 0.000E+00	 0.000E+00	 3.831E+02	 5.343E+00
   77.5000	 5.000E+00	 5.402E-04	 7.478E+00	 7.254E+02	 2.754E+02	 0.000E+00	 3.006E+03	 2.946E+03	 2.764E+03	-3.349E+03	 2.299E+03	 1.546E+03	 1.647E+00	 1.770E+00	 1.547E+00	 3.177E-01	-4.263E-01	-3.054E-01	 1.647E+00	 3.177E-01	 0.000E+00	 0.000E+00	 0.000E+00	 3.832E+02	 5.343E+00
   77.7500	 5.000E+00	-3.142E-05	 7.478E+00	 7.254E+02	 2.867E+02	 0.000E+00	 3.021E+03	 2.937E+03	 2.745E+03	-3.212E+03	 2.786E+03	 9.207E+02	 1.669E+00	 1.768E+00	 1.517E+00	 2.982E-01	-4.878E-01	-2.237E-01	 1.669E+00	 2.982E-01	 0.000E+00	 0.000E+00	 0.000E+00	 3.832E+02	 5.344E+00
   78.0000	 5.000E+00	 6.690E-04	 7.478E+00	 7.254E+02	 2.979E+02	 0.000E+00	 3.033E+03	 2.920E+03	 2.739E+03	-2.979E+03	 3.182E+03	 2.913E+02	 1.690E+00	 1.760E+00	 1.497E+00	 2.682E-01	-5.372E-01	-1.436E-01	 1.690E+00	 2.682E-01	 0.000E+00	 0.000E+00	 0.000E+00	 3.832E+02	 5.345E+00
   78.2500	 5.000E+00	 1.128E-03	 7.478E+00	 7.254E+02	 3.091E+02	 0.000E+00	 3.031E+03	 2.902E+03	 2.755E+03	-2.577E+03	 3.521E+03	-4.494E+02	 1.707E+00	 1.748E+00	 1.489E+00	 2.142E-01	-5.818E-01	-4.490E-02	 1.707E+00	 2.142E-01	 0.000E+00	 0.000E+00	 0.000E+00	 3.832E+02	 5.345E+00
   78.5000	 5.000E+00	 2.829E-04	 7.478E+00	 7.253E+02	 3.203E+02	 0.000E+00	 3.024E+03	 2.890E+03	 2.777E+03	-2.050E+03	 3.707E+03	-1.162E+03	 1.722E+00	 1.734E+00	 1.491E+00	 1.431E-01	-6.052E-01	 4.944E-02	 1.722E+00	 1.431E-01	 0.000E+00	 0.000E+00	 0.000E+00	 3.832E+02	 5.344E+00
   78.7500	 5.000E+00	-6.991E-04	 7.478E+00	 7.253E+02	 3.315E+02	 0.000E+00	 3.020E+03	 2.877E+03	 2.804E+03	-1.490E+03	 3.706E+03	-1.722E+03	 1.736E+00	 1.716E+00	 1.502E+00	 7.000E-02	-6.013E-01	 1.182E-01	 1.736E+00	 7.000E-02	 0.000E+00	 0.000E+00	 0.000E+00	 3.831E+02	 5.343E+00
   79.0000	 5.000E+00	-5.199E-04	 7.478E+00	 7.253E+02	 3.427E+02	 0.000E+00	 3.012E+03	 2.855E+03	 2.847E+03	-8.721E+02	 3.606E+03	-2.239E+03	 1.748E+00	 1.691E+00	 1.524E+00	-9.935E-03	-5.859E-01	 1.820E-01	 1.748E+00	-9.935E-03	 0.000E+00	 0.000E+00	 0.000E+00	 3.831E+02	 5.343E+00
   79.2500	 5.000E+00	-6.163E-04	 7.478E+00	 7.253E+02	 3.540E+02	 0.000E+00	 2.996E+03	 2.834E+03	 2.897E+03	-1.634E+02	 3.415E+03	-2.756E+03	 1.757E+00	 1.663E+00	 1.552E+00	-1.039E-01	-5.605E-01	 2.499E-01	 1.757E+00	-1.039E-01	 0.000E+00	 0.000E+00	 0.000E+00	 3.830E+02	 5.342E+00
   79.5000	 5.000E+00	-5.190E-04	 7.478E+00	 7.253E+02	 5.181E+00	 0.000E+00	 2.982E+03	 2.817E+03	 2.934E+03	 5.527E+02	 3.053E+03	-3.111E+03	 1.764E+00	 1.635E+00	 1.579E+00	-1.986E-01	-5.107E-01	 2.944E-01	 1.764E+00	-1.986E-01	 0.000E+00	 0.000E+00	 0.000E+00	 3.830E+02	 5.342E+00
   79.7500	 5.000E+00	-5.002E-04	 7.478E+00	 7.254E+02	 1.640E+01	 0.000E+00	 2.973E+03	 2.796E+03	 2.963E+03	 1.207E+03	 2.554E+03	-3.266E+03	 1.770E+00	 1.602E+00	 1.604E+00	-2.828E-01	-4.416E-01	 3.095E-01	 1.770E+00	-2.828E-01	 0.000E+00	 0.000E+00	 0.000E+00	 3.831E+02	 5.342E+00
   80.0000	 5.000E+00	-5.043E-05	 7.478E+00	 7.254E+02	 2.761E+01	 0.000E+00	 2.959E+03	 2.771E+03	 2.994E+03	 1.839E+03	 2.017E+03	-3.361E+03	 1.772E+00	 1.567E+00	 1.631E+00	-3.644E-01	-3.700E-01	 3.200E-01	 1.772E+00	-3.644E-01	 0.000E+00	 0.000E+00	 0.000E+00	 3.831E+02	 5.343E+00
   80.2500	 5.000E+00	 3.728E-04	 7.478E+00	 7.254E+02	 3.883E+01	 0.000E+00	 2.941E+03	 2.754E+03	 3.017E+03	 2.448E+03	 1.422E+03	-3.375E+03	 1.769E+00	 1.537E+00	 1.655E+00	-4.448E-01	-2.920E-01	 3.230E-01	 1.769E+00	-4.448E-01	 0.000E+00	 0.000E+00	 0.000E+00	 3.832E+02	 5.344E+00
   80.5000	 5.000E+00	 1.091E-03	 7.478E+00	 7.254E+02	 5.005E+01	 0.000E+00	 2.928E+03	 2.747E+03	 3.024E+03	 2.943E+03	 7.256E+02	-3.174E+03	 1.765E+00	 1.512E+00	 1.675E+00	-5.088E-01	-1.987E-01	 2.944E-01	 1.765E+00	-5.088E-01	 0.000E+00	 0.000E+00	 0.000E+00	 3.832E+02	 5.344E+00
   80.7500	 5.000E+00	 6.764E-04	 7.478E+00	 7.254E+02	 6.127E+01	 0.000E+00	 2.917E+03	 2.745E+03	 3.028E+03	 3.298E+03	 1.026E+01	-2.813E+03	 1.758E+00	 1.494E+00	 1.694E+00	-5.526E-01	-1.036E-01	 2.436E-01	 1.758E+00	-5.526E-01	 0.000E+00	 0.000E+00	 0.000E+00	 3.832E+02	 5.344E+00
   81.0000	 5.000E+00	 9.272E-05	 7.478E+00	 7.254E+02	 7.248E+01	 0.000E+00	 2.901E+03	 2.754E+03	 3.032E+03	 3.566E+03	-6.470E+02	-2.424E+03	 1.745E+00	 1.487E+00	 1.713E+00	-5.862E-01	-1.938E-02	 1.932E-01	 1.745E+00	-5.862E-01	 0.000E+00	 0.000E+00	 0.000E+00	 3.832E+02	 5.344E+00
   81.2500	 5.000E+00	 1.858E-04	 7.478E+00	 7.253E+02	 8.370E+01	 0.000E+00	 2.883E+03	 2.783E+03	 3.028E+03	 3.727E+03	-1.288E+03	-1.945E+03	 1.728E+00	 1.493E+00	 1.727E+00	-6.069E-01	 6.232E-02	 1.319E-01	 1.728E+00	-6.069E-01	 0.000E+00	 0.000E+00	 0.000E+00	 3.832E+02	 5.344E+00
   81.5000	 5.000E+00	 1.111E-04	 7.478E+00	 7.253E+02	 9.492E+01	 0.000E+00	 2.869E+03	 2.822E+03	 3.014E+03	 3.714E+03	-1.919E+03	-1.300E+03	 1.708E+00	 1.510E+00	 1.739E+00	-6.027E-01	 1.442E-01	 4.511E-02	 1.708E+00	-6.027E-01	 0.000E+00	 0.000E+00	 0.000E+00	 3.831E+02	 5.343E+00
   81.7500	 5.000E+00	-8.155E-04	 7.478E+00	 7.253E+02	 1.061E+02	 0.000E+00	 2.853E+03	 2.862E+03	 3.004E+03	 3.550E+03	-2.445E+03	-6.103E+02	 1.684E+00	 1.532E+00	 1.750E+00	-5.780E-01	 2.109E-01	-4.697E-02	 1.684E+00	-5.780E-01	 0.000E+00	 0.000E+00	 0.000E+00	 3.831E+02	 5.342E+00
   82.0000	 5.000E+00	-1.179E-03	 7.478E+00	 7.253E+02	 1.173E+02	 0.000E+00	 2.830E+03	 2.903E+03	 2.997E+03	 3.298E+03	-2.834E+03	 3.103E+01	 1.655E+00	 1.558E+00	 1.760E+00	-5.435E-01	 2.577E-01	-1.288E-01	 1.655E+00	-5.435E-01	 0.000E+00	 0.000E+00	 0.000E+00	 3.830E+02	 5.342E+00
   82.2500	 5.000E+00	-4.091E-04	 7.478E+00	 7.253E+02	 1.286E+02	 0.000E+00	 2.807E+03	 2.945E+03	 2.982E+03	 2.930E+03	-3.144E+03	 7.089E+02	 1.624E+00	 1.587E+00	 1.766E+00	-4.942E-01	 2.958E-01	-2.165E-01	 1.624E+00	-4.942E-01	 0.000E+00	 0.000E+00	 0.000E+00	 3.830E+02	 5.342E+00
   82.5000	 5.000E+00	 7.324E-05	 7.478E+00	 7.254E+02	 1.398E+02	 0.000E+00	 2.788E+03	 2.978E+03	 2.964E+03	 2.417E+03	-3.356E+03	 1.435E+03	 1.591E+00	 1.614E+00	 1.769E+00	-4.239E-01	 3.227E-01	-3.136E-01	 1.591E+00	-4.239E-01	 0.000E+00	 0.000E+00	 0.000E+00	 3.831E+02	 5.342E+00
   82.7500	 5.000E+00	 5.484E-05	 7.478E+00	 7.254E+02	 1.510E+02	 0.000E+00	 2.769E+03	 2.999E+03	 2.953E+03	 1.824E+03	-3.393E+03	 2.065E+03	 1.559E+00	 1.638E+00	 1.771E+00	-3.437E-01	 3.253E-01	-3.959E-01	 1.559E+00	-3.437E-01	 0.000E+00	 0.000E+00	 0.000E+00	 3.831E+02	 5.343E+00
   83.0000	 5.000E+00	 2.619E-04	 7.478E+00	 7.254E+02	 1.622E+02	 0.000E+00	 2.749E+03	 3.016E+03	 2.942E+03	 1.206E+03	-3.279E+03	 2.569E+03	 1.528E+00	 1.661E+00	 1.770E+00	-2.624E-01	 3.075E-01	-4.587E-01	 1.528E+00	-2.624E-01	 0.000E+00	 0.000E+00	 0.000E+00	 3.832E+02	 5.344E+00
   83.2500	 5.000E+00	 8.536E-04	 7.478E+00	 7.254E+02	 1.734E+02	 0.000E+00	 2.742E+03	 3.029E+03	 2.925E+03	 5.332E+02	-3.077E+03	 3.039E+03	 1.504E+00	 1.682E+00	 1.763E+00	-1.739E-01	 2.804E-01	-5.193E-01	 1.504E+00	-1.739E-01	 0.000E+00	 0.000E+00	 0.000E+00	 3.832E+02	 5.344E+00
   83.5000	 5.000E+00	 7.616E-04	 7.478E+00	 7.254E+02	 1.847E+02	 0.000E+00	 2.749E+03	 3.032E+03	 2.908E+03	-1.859E+02	-2.755E+03	 3.435E+03	 1.491E+00	 1.700E+00	 1.753E+00	-7.864E-02	 2.382E-01	-5.721E-01	 1.491E+00	-7.864E-02	 0.000E+00	 0.000E+00	 0.000E+00	 3.832E+02	 5.345E+00
   83.7500	 5.000E+00	 5.427E-04	 7.478E+00	 7.254E+02	 1.959E+02	 0.000E+00	 2.764E+03	 3.027E+03	 2.897E+03	-8.676E+02	-2.278E+03	 3.641E+03	 1.489E+00	 1.716E+00	 1.741E+00	 9.892E-03	 1.742E-01	-5.965E-01	 1.489E+00	 9.892E-03	 0.000E+00	 0.000E+00	 0.000E+00	 3.832E+02	 5.344E+00
   84.0000	 5.000E+00	-1.919E-04	 7.478E+00	 7.253E+02	 2.071E+02	 0.000E+00	 2.791E+03	 3.022E+03	 2.883E+03	-1.484E+03	-1.714E+03	 3.693E+03	 1.496E+00	 1.731E+00	 1.723E+00	 8.777E-02	 9.894E-02	-5.996E-01	 1.496E+00	 8.777E-02	 0.000E+00	 0.000E+00	 0.000E+00	 3.832E+02	 5.344E+00
   84.2500	 5.000E+00	-6.891E-04	 7.478E+00	 7.253E+02	 2.183E+02	 0.000E+00	 2.832E+03	 3.016E+03	 2.862E+03	-2.066E+03	-1.117E+03	 3.678E+03	 1.516E+00	 1.744E+00	 1.701E+00	 1.619E-01	 2.151E-02	-5.970E-01	 1.516E+00	 1.619E-01	 0.000E+00	 0.000E+00	 0.000E+00	 3.831E+02	 5.343E+00
   84.5000	 5.000E+00	-5.719E-04	 7.478E+00	 7.253E+02	 2.295E+02	 0.000E+00	 2.878E+03	 3.002E+03	 2.843E+03	-2.581E+03	-4.554E+02	 3.531E+03	 1.541E+00	 1.753E+00	 1.675E+00	 2.277E-01	-6.486E-02	-5.771E-01	 1.541E+00	 2.277E-01	 0.000E+00	 0.000E+00	 0.000E+00	 3.831E+02	 5.342E+00
   84.7500	 5.000E+00	-4.530E-04	 7.478E+00	 7.253E+02	 2.407E+02	 0.000E+00	 2.918E+03	 2.988E+03	 2.826E+03	-2.959E+03	 2.654E+02	 3.188E+03	 1.568E+00	 1.761E+00	 1.647E+00	 2.741E-01	-1.604E-01	-5.284E-01	 1.568E+00	 2.741E-01	 0.000E+00	 0.000E+00	 0.000E+00	 3.830E+02	 5.342E+00
   85.0000	 5.000E+00	-7.115E-04	 7.478E+00	 7.253E+02	 2.519E+02	 0.000E+00	 2.953E+03	 2.977E+03	 2.804E+03	-3.210E+03	 9.595E+02	 2.746E+03	 1.594E+00	 1.768E+00	 1.615E+00	 3.037E-01	-2.514E-01	-4.672E-01	 1.594E+00	 3.037E-01	 0.000E+00	 0.000E+00	 0.000E+00	 3.830E+02	 5.342E+00
   85.2500	 5.000E+00	-3.386E-04	 7.478E+00	 7.254E+02	 2.632E+02	 0.000E+00	 2.985E+03	 2.965E+03	 2.778E+03	-3.367E+03	 1.596E+03	 2.266E+03	 1.621E+00	 1.772E+00	 1.580E+00	 3.227E-01	-3.331E-01	-4.042E-01	 1.621E+00	 3.227E-01	 0.000E+00	 0.000E+00	 0.000E+00	 3.831E+02	 5.342E+00
   85.5000	 5.000E+00	 4.825E-04	 7.478E+00	 7.254E+02	 2.744E+02	 0.000E+00	 3.008E+03	 2.948E+03	 2.761E+03	-3.388E+03	 2.207E+03	 1.676E+03	 1.646E+00	 1.771E+00	 1.549E+00	 3.244E-01	-4.126E-01	-3.258E-01	 1.646E+00	 3.244E-01	 0.000E+00	 0.000E+00	 0.000E+00	 3.831E+02	 5.343E+00
   85.7500	 5.000E+00	 8.919E-04	 7.478E+00	 7.254E+02	 2.856E+02	 0.000E+00	 3.020E+03	 2.933E+03	 2.750E+03	-3.242E+03	 2.760E+03	 9.777E+02	 1.667E+00	 1.767E+00	 1.521E+00	 3.029E-01	-4.851E-01	-2.312E-01	 1.667E+00	 3.029E-01	 0.000E+00	 0.000E+00	 0.000E+00	 3.832E+02	 5.344E+00
   86.0000	 5.000E+00	 4.909E-04	 7.478E+00	 7.254E+02	 2.968E+02	 0.000E+00	 3.028E+03	 2.922E+03	 2.743E+03	-2.975E+03	 3.179E+03	 2.912E+02	 1.687E+00	 1.761E+00	 1.499E+00	 2.663E-01	-5.384E-01	-1.406E-01	 1.687E+00	 2.663E-01	 0.000E+00	 0.000E+00	 0.000E+00	 3.832E+02	 5.344E+00
   86.2500	 5.000E+00	 4.292E-04	 7.478E+00	 7.254E+02	 3.080E+02	 0.000E+00	 3.032E+03	 2.908E+03	 2.748E+03	-2.616E+03	 3.472E+03	-3.607E+02	 1.706E+00	 1.750E+00	 1.488E+00	 2.193E-01	-5.744E-01	-5.732E-02	 1.706E+00	 2.193E-01	 0.000E+00	 0.000E+00	 0.000E+00	 3.832E+02	 5.344E+00
   86.5000	 5.000E+00	 4.580E-04	 7.478E+00	 7.253E+02	 3.193E+02	 0.000E+00	 3.028E+03	 2.890E+03	 2.772E+03	-2.135E+03	 3.673E+03	-1.043E+03	 1.721E+00	 1.735E+00	 1.490E+00	 1.558E-01	-5.996E-01	 3.128E-02	 1.721E+00	 1.558E-01	 0.000E+00	 0.000E+00	 0.000E+00	 3.832E+02	 5.344E+00
   86.7500	 5.000E+00	 3.466E-05	 7.478E+00	 7.253E+02	 3.305E+02	 0.000E+00	 3.019E+03	 2.875E+03	 2.807E+03	-1.542E+03	 3.740E+03	-1.703E+03	 1.734E+00	 1.716E+00	 1.503E+00	 7.669E-02	-6.073E-01	 1.176E-01	 1.734E+00	 7.669E-02	 0.000E+00	 0.000E+00	 0.000E+00	 3.831E+02	 5.343E+00
   87.0000	 5.000E+00	-8.383E-04	 7.478E+00	 7.253E+02	 3.417E+02	 0.000E+00	 3.010E+03	 2.859E+03	 2.844E+03	-9.041E+02	 3.636E+03	-2.237E+03	 1.746E+00	 1.694E+00	 1.522E+00	-7.143E-03	-5.908E-01	 1.842E-01	 1.746E+00	-7.143E-03	 0.000E+00	 0.000E+00	 0.000E+00	 3.831E+02	 5.343E+00
   87.2500	 5.000E+00	-7.580E-04	 7.478E+00	 7.253E+02	 3.529E+02	 0.000E+00	 3.000E+03	 2.839E+03	 2.887E+03	-2.424E+02	 3.407E+03	-2.670E+03	 1.757E+00	 1.667E+00	 1.548E+00	-9.306E-02	-5.582E-01	 2.368E-01	 1.757E+00	-9.306E-02	 0.000E+00	 0.000E+00	 0.000E+00	 3.830E+02	 5.342E+00
   87.5000	 5.000E+00	-6.691E-04	 7.478E+00	 7.253E+02	 4.117E+00	 0.000E+00	 2.986E+03	 2.816E+03	 2.931E+03	 4.601E+02	 3.086E+03	-3.051E+03	 1.764E+00	 1.636E+00	 1.576E+00	-1.852E-01	-5.149E-01	 2.853E-01	 1.764E+00	-1.852E-01	 0.000E+00	 0.000E+00	 0.000E+00	 3.830E+02	 5.342E+00
   87.7500	 5.000E+00	-1.537E-04	 7.478E+00	 7.254E+02	 1.533E+01	 0.000E+00	 2.971E+03	 2.796E+03	 2.966E+03	 1.163E+03	 2.638E+03	-3.305E+03	 1.768E+00	 1.605E+00	 1.603E+00	-2.778E-01	-4.543E-01	 3.173E-01	 1.768E+00	-2.778E-01	 0.000E+00	 0.000E+00	 0.000E+00	 3.831E+02	 5.342E+00
   88.0000	 5.000E+00	-2.233E-05	 7.478E+00	 7.254E+02	 2.655E+01	 0.000E+00	 2.959E+03	 2.776E+03	 2.990E+03	 1.801E+03	 2.069E+03	-3.375E+03	 1.771E+00	 1.572E+00	 1.628E+00	-3.605E-01	-3.769E-01	 3.229E-01	 1.771E+00	-3.605E-01	 0.000E+00	 0.000E+00	 0.000E+00	 3.831E+02	 5.343E+00
   88.2500	 5.000E+00	 3.252E-04	 7.478E+00	 7.254E+02	 3.777E+01	 0.000E+00	 2.946E+03	 2.756E+03	 3.011E+03	 2.373E+03	 1.451E+03	-3.329E+03	 1.771E+00	 1.539E+00	 1.652E+00	-4.340E-01	-2.943E-01	 3.144E-01	 1.771E+00	-4.340E-01	 0.000E+00	 0.000E+00	 0.000E+00	 3.832E+02	 5.343E+00
   88.5000	 5.000E+00	 4.939E-04	 7.478E+00	 7.254E+02	 4.899E+01	 0.000E+00	 2.930E+03	 2.744E+03	 3.026E+03	 2.886E+03	 8.033E+02	-3.195E+03	 1.766E+00	 1.513E+00	 1.674E+00	-5.007E-01	-2.094E-01	 2.970E-01	 1.766E+00	-5.007E-01	 0.000E+00	 0.000E+00	 0.000E+00	 3.832E+02	 5.344E+00
   88.7500	 5.000E+00	 1.017E-03	 7.478E+00	 7.254E+02	 6.020E+01	 0.000E+00	 2.915E+03	 2.744E+03	 3.031E+03	 3.293E+03	 1.050E+02	-2.903E+03	 1.757E+00	 1.495E+00	 1.693E+00	-5.532E-01	-1.174E-01	 2.579E-01	 1.757E+00	-5.532E-01	 0.000E+00	 0.000E+00	 0.000E+00	 3.832E+02	 5.345E+00
   89.0000	 5.000E+00	 6.048E-04	 7.478E+00	 7.254E+02	 7.142E+01	 0.000E+00	 2.903E+03	 2.756E+03	 3.028E+03	 3.554E+03	-6.024E+02	-2.457E+03	 1.746E+00	 1.488E+00	 1.710E+00	-5.852E-01	-2.436E-02	 1.971E-01	 1.746E+00	-5.852E-01	 0.000E+00	 0.000E+00	 0.000E+00	 3.832E+02	 5.344E+00
   89.2500	 5.000E+00	-3.532E-05	 7.478E+00	 7.253E+02	 8.264E+01	 0.000E+00	 2.888E+03	 2.779E+03	 3.026E+03	 3.693E+03	-1.251E+03	-1.948E+03	 1.730E+00	 1.492E+00	 1.726E+00	-6.014E-01	 5.876E-02	 1.299E-01	 1.730E+00	-6.014E-01	 0.000E+00	 0.000E+00	 0.000E+00	 3.832E+02	 5.344E+00
   89.5000	 5.000E+00	-5.205E-04	 7.478E+00	 7.253E+02	 9.385E+01	 0.000E+00	 2.869E+03	 2.815E+03	 3.020E+03	 3.719E+03	-1.841E+03	-1.384E+03	 1.710E+00	 1.507E+00	 1.739E+00	-6.035E-01	 1.332E-01	 5.708E-02	 1.710E+00	-6.035E-01	 0.000E+00	 0.000E+00	 0.000E+00	 3.831E+02	 5.343E+00
   89.7500	 5.000E+00	-2.408E-04	 7.478E+00	 7.253E+02	 1.051E+02	 0.000E+00	 2.851E+03	 2.860E+03	 3.006E+03	 3.596E+03	-2.384E+03	-7.172E+02	 1.686E+00	 1.531E+00	 1.749E+00	-5.854E-01	 2.023E-01	-3.091E-02	 1.686E+00	-5.854E-01	 0.000E+00	 0.000E+00	 0.000E+00	 3.831E+02	 5.343E+00
   90.0000	 5.000E+00	-8.208E-04	 7.478E+00	 7.253E+02	 1.163E+02	 0.000E+00	 2.834E+03	 2.902E+03	 2.993E+03	 3.323E+03	-2.826E+03	-1.465E+00	 1.659E+00	 1.557E+00	 1.758E+00	-5.468E-01	 2.582E-01	-1.260E-01	 1.659E+00	-5.468E-01	 0.000E+00	 0.000E+00	 0.000E+00	 3.830E+02	 5.342E+00
   90.2500	 5.000E+00	-7.371E-04	 7.478E+00	 7.253E+02	 1.275E+02	 0.000E+00	 2.811E+03	 2.939E+03	 2.983E+03	 2.947E+03	-3.128E+03	 6.764E+02	 1.627E+00	 1.584E+00	 1.766E+00	-4.955E-01	 2.945E-01	-2.139E-01	 1.627E+00	-4.955E-01	 0.000E+00	 0.000E+00	 0.000E+00	 3.830E+02	 5.342E+00
   90.5000	 5.000E+00	-3.744E-04	 7.478E+00	 7.254E+02	 1.387E+02	 0.000E+00	 2.788E+03	 2.973E+03	 2.970E+03	 2.479E+03	-3.316E+03	 1.332E+03	 1.594E+00	 1.611E+00	 1.770E+00	-4.327E-01	 3.164E-01	-2.984E-01	 1.594E+00	-4.327E-01	 0.000E+00	 0.000E+00	 0.000E+00	 3.831E+02	 5.342E+00
   90.7500	 5.000E+00	 3.708E-04	 7.478E+00	 7.254E+02	 1.499E+02	 0.000E+00	 2.769E+03	 3.000E+03	 2.953E+03	 1.903E+03	-3.394E+03	 1.987E+03	 1.561E+00	 1.636E+00	 1.771E+00	-3.552E-01	 3.255E-01	-3.846E-01	 1.561E+00	-3.552E-01	 0.000E+00	 0.000E+00	 0.000E+00	 3.831E+02	 5.343E+00
   91.0000	 5.000E+00	 4.255E-04	 7.478E+00	 7.254E+02	 1.612E+02	 0.000E+00	 2.754E+03	 3.016E+03	 2.939E+03	 1.252E+03	-3.321E+03	 2.564E+03	 1.531E+00	 1.659E+00	 1.769E+00	-2.679E-01	 3.144E-01	-4.602E-01	 1.531E+00	-2.679E-01	 0.000E+00	 0.000E+00	 0.000E+00	 3.832E+02	 5.344E+00
   91.2500	 5.000E+00	 6.693E-04	 7.478E+00	 7.254E+02	 1.724E+02	 0.000E+00	 2.743E+03	 3.026E+03	 2.928E+03	 5.825E+02	-3.097E+03	 3.009E+03	 1.507E+00	 1.679E+00	 1.764E+00	-1.797E-01	 2.829E-01	-5.162E-01	 1.507E+00	-1.797E-01	 0.000E+00	 0.000E+00	 0.000E+00	 3.832E+02	 5.344E+00
   91.5000	 5.000E+00	 6.599E-04	 7.478E+00	 7.254E+02	 1.836E+02	 0.000E+00	 2.744E+03	 3.031E+03	 2.913E+03	-1.000E+02	-2.767E+03	 3.362E+03	 1.491E+00	 1.699E+00	 1.755E+00	-9.069E-02	 2.388E-01	-5.606E-01	 1.491E+00	-9.069E-02	 0.000E+00	 0.000E+00	 0.000E+00	 3.832E+02	 5.345E+00
   91.7500	 5.000E+00	 4.938E-04	 7.478E+00	 7.254E+02	 1.948E+02	 0.000E+00	 2.762E+03	 3.030E+03	 2.896E+03	-7.939E+02	-2.338E+03	 3.627E+03	 1.488E+00	 1.715E+00	 1.741E+00	-1.553E-04	 1.826E-01	-5.949E-01	 1.488E+00	-1.553E-04	 0.000E+00	 0.000E+00	 0.000E+00	 3.832E+02	 5.344E+00
   92.0000	 5.000E+00	 7.390E-05	 7.478E+00	 7.253E+02	 2.060E+02	 0.000E+00	 2.791E+03	 3.023E+03	 2.882E+03	-1.447E+03	-1.791E+03	 3.733E+03	 1.496E+00	 1.729E+00	 1.725E+00	 8.418E-02	 1.101E-01	-6.071E-01	 1.496E+00	 8.418E-02	 0.000E+00	 0.000E+00	 0.000E+00	 3.832E+02	 5.344E+00
   92.2500	 5.000E+00	-3.668E-04	 7.478E+00	 7.253E+02	 2.172E+02	 0.000E+00	 2.827E+03	 3.014E+03	 2.867E+03	-2.019E+03	-1.162E+03	 3.675E+03	 1.513E+00	 1.742E+00	 1.704E+00	 1.562E-01	 2.660E-02	-5.963E-01	 1.513E+00	 1.562E-01	 0.000E+00	 0.000E+00	 0.000E+00	 3.831E+02	 5.343E+00
   92.5000	 5.000E+00	-9.039E-04	 7.478E+00	 7.253E+02	 2.285E+02	 0.000E+00	 2.871E+03	 3.005E+03	 2.846E+03	-2.516E+03	-5.042E+02	 3.515E+03	 1.537E+00	 1.753E+00	 1.678E+00	 2.185E-01	-5.930E-02	-5.734E-01	 1.537E+00	 2.185E-01	 0.000E+00	 0.000E+00	 0.000E+00	 3.831E+02	 5.342E+00
   92.7500	 5.000E+00	-7.116E-04	 7.478E+00	 7.253E+02	 2.397E+02	 0.000E+00	 2.915E+03	 2.992E+03	 2.825E+03	-2.928E+03	 1.786E+02	 3.245E+03	 1.565E+00	 1.761E+00	 1.649E+00	 2.704E-01	-1.482E-01	-5.370E-01	 1.565E+00	 2.704E-01	 0.000E+00	 0.000E+00	 0.000E+00	 3.830E+02	 5.342E+00
   93.0000	 5.000E+00	-3.268E-04	 7.478E+00	 7.253E+02	 2.509E+02	 0.000E+00	 2.952E+03	 2.977E+03	 2.805E+03	-3.211E+03	 8.841E+02	 2.822E+03	 1.592E+00	 1.767E+00	 1.618E+00	 3.050E-01	-2.409E-01	-4.790E-01	 1.592E+00	 3.050E-01	 0.000E+00	 0.000E+00	 0.000E+00	 3.830E+02	 5.342E+00
   93.2500	 5.000E+00	-1.883E-04	 7.478E+00	 7.254E+02	 2.621E+02	 0.000E+00	 2.981E+03	 2.964E+03	 2.784E+03	-3.352E+03	 1.558E+03	 2.289E+03	 1.618E+00	 1.771E+00	 1.585E+00	 3.207E-01	-3.292E-01	-4.062E-01	 1.618E+00	 3.207E-01	 0.000E+00	 0.000E+00	 0.000E+00	 3.831E+02	 5.342E+00
   93.5000	 5.000E+00	 2.494E-05	 7.478E+00	 7.254E+02	 2.733E+02	 0.000E+00	 3.005E+03	 2.951E+03	 2.762E+03	-3.375E+03	 2.158E+03	 1.713E+03	 1.643E+00	 1.772E+00	 1.551E+00	 3.219E-01	-4.065E-01	-3.296E-01	 1.643E+00	 3.219E-01	 0.000E+00	 0.000E+00	 0.000E+00	 3.831E+02	 5.343E+00
   93.7500	 5.000E+00	 6.301E-04	 7.478E+00	 7.254E+02	 2.845E+02	 0.000E+00	 3.021E+03	 2.936E+03	 2.748E+03	-3.272E+03	 2.690E+03	 1.076E+03	 1.666E+00	 1.768E+00	 1.523E+00	 3.074E-01	-4.751E-01	-2.457E-01	 1.666E+00	 3.074E-01	 0.000E+00	 0.000E+00	 0.000E+00	 3.832E+02	 5.344E+00
   94.0000	 5.000E+00	 9.474E-04	 7.478E+00	 7.254E+02	 2.958E+02	 0.000E+00	 3.029E+03	 2.921E+03	 2.744E+03	-3.020E+03	 3.144E+03	 3.707E+02	 1.686E+00	 1.761E+00	 1.501E+00	 2.730E-01	-5.340E-01	-1.518E-01	 1.686E+00	 2.730E-01	 0.000E+00	 0.000E+00	 0.000E+00	 3.832E+02	 5.344E+00
   94.2500	 5.000E+00	 5.860E-04	 7.478E+00	 7.254E+02	 3.070E+02	 0.000E+00	 3.030E+03	 2.908E+03	 2.750E+03	-2.642E+03	 3.469E+03	-3.325E+02	 1.703E+00	 1.751E+00	 1.489E+00	 2.221E-01	-5.752E-01	-5.931E-02	 1.703E+00	 2.221E-01	 0.000E+00	 0.000E+00	 0.000E+00	 3.832E+02	 5.344E+00
   94.5000	 5.000E+00	 2.663E-04	 7.478E+00	 7.253E+02	 3.182E+02	 0.000E+00	 3.029E+03	 2.894E+03	 2.767E+03	-2.174E+03	 3.654E+03	-9.848E+02	 1.720E+00	 1.737E+00	 1.489E+00	 1.604E-01	-5.971E-01	 2.410E-02	 1.720E+00	 1.604E-01	 0.000E+00	 0.000E+00	 0.000E+00	 3.832E+02	 5.344E+00
   94.7500	 5.000E+00	-1.011E-04	 7.478E+00	 7.253E+02	 3.294E+02	 0.000E+00	 3.022E+03	 2.877E+03	 2.800E+03	-1.617E+03	 3.722E+03	-1.610E+03	 1.734E+00	 1.718E+00	 1.500E+00	 8.724E-02	-6.042E-01	 1.039E-01	 1.734E+00	 8.724E-02	 0.000E+00	 0.000E+00	 0.000E+00	 3.831E+02	 5.344E+00
   95.0000	 5.000E+00	-4.765E-04	 7.478E+00	 7.253E+02	 3.406E+02	 0.000E+00	 3.011E+03	 2.859E+03	 2.843E+03	-9.732E+02	 3.662E+03	-2.194E+03	 1.745E+00	 1.696E+00	 1.521E+00	 2.252E-03	-5.949E-01	 1.789E-01	 1.745E+00	 2.252E-03	 0.000E+00	 0.000E+00	 0.000E+00	 3.831E+02	 5.343E+00
   95.2500	 5.000E+00	-7.707E-04	 7.478E+00	 7.253E+02	 3.518E+02	 0.000E+00	 2.999E+03	 2.841E+03	 2.885E+03	-2.901E+02	 3.449E+03	-2.664E+03	 1.755E+00	 1.670E+00	 1.546E+00	-8.760E-02	-5.647E-01	 2.379E-01	 1.755E+00	-8.760E-02	 0.000E+00	 0.000E+00	 0.000E+00	 3.830E+02	 5.342E+00
   95.5000	 5.000E+00	-7.413E-04	 7.478E+00	 7.253E+02	 3.054E+00	 0.000E+00	 2.988E+03	 2.820E+03	 2.924E+03	 3.958E+02	 3.108E+03	-3.009E+03	 1.763E+00	 1.640E+00	 1.573E+00	-1.769E-01	-5.173E-01	 2.794E-01	 1.763E+00	-1.769E-01	 0.000E+00	 0.000E+00	 0.000E+00	 3.830E+02	 5.342E+00
   95.7500	 5.000E+00	-4.283E-04	 7.478E+00	 7.253E+02	 1.427E+01	 0.000E+00	 2.974E+03	 2.797E+03	 2.962E+03	 1.081E+03	 2.674E+03	-3.260E+03	 1.769E+00	 1.607E+00	 1.601E+00	-2.664E-01	-4.586E-01	 3.102E-01	 1.769E+00	-2.664E-01	 0.000E+00	 0.000E+00	 0.000E+00	 3.831E+02	 5.342E+00
   96.0000	 5.000E+00	 1.591E-05	 7.478E+00	 7.254E+02	 2.549E+01	 0.000E+00	 2.959E+03	 2.776E+03	 2.991E+03	 1.745E+03	 2.143E+03	-3.392E+03	 1.771E+00	 1.574E+00	 1.627E+00	-3.533E-01	-3.875E-01	 3.263E-01	 1.771E+00	-3.533E-01	 0.000E+00	 0.000E+00	 0.000E+00	 3.831E+02	 5.343E+00
   96.2500	 5.000E+00	 5.384E-04	 7.478E+00	 7.254E+02	 3.670E+01	 0.000E+00	 2.946E+03	 2.759E+03	 3.010E+03	 2.337E+03	 1.518E+03	-3.360E+03	 1.770E+00	 1.543E+00	 1.650E+00	-4.301E-01	-3.036E-01	 3.198E-01	 1.770E+00	-4.301E-01	 0.000E+00	 0.000E+00	 0.000E+00	 3.832E+02	 5.343E+00
   96.5000	 5.000E+00	 4.790E-04	 7.478E+00	 7.254E+02	 4.792E+01	 0.000E+00	 2.933E+03	 2.746E+03	 3.023E+03	 2.837E+03	 8.486E+02	-3.190E+03	 1.767E+00	 1.515E+00	 1.672E+00	-4.941E-01	-2.145E-01	 2.954E-01	 1.767E+00	-4.941E-01	 0.000E+00	 0.000E+00	 0.000E+00	 3.832E+02	 5.344E+00
   96.7500	 5.000E+00	 7.015E-04	 7.478E+00	 7.254E+02	 5.914E+01	 0.000E+00	 2.918E+03	 2.742E+03	 3.031E+03	 3.246E+03	 1.698E+02	-2.921E+03	 1.759E+00	 1.496E+00	 1.692E+00	-5.465E-01	-1.257E-01	 2.596E-01	 1.759E+00	-5.465E-01	 0.000E+00	 0.000E+00	 0.000E+00	 3.832E+02	 5.344E+00
   97.0000	 5.000E+00	 5.849E-04	 7.478E+00	 7.254E+02	 7.036E+01	 0.000E+00	 2.902E+03	 2.754E+03	 3.031E+03	 3.543E+03	-5.188E+02	-2.529E+03	 1.747E+00	 1.488E+00	 1.709E+00	-5.843E-01	-3.609E-02	 2.080E-01	 1.747E+00	-5.843E-01	 0.000E+00	 0.000E+00	 0.000E+00	 3.832E+02	 5.344E+00
   97.2500	 5.000E+00	 3.173E-04	 7.478E+00	 7.253E+02	 8.157E+01	 0.000E+00	 2.888E+03	 2.778E+03	 3.026E+03	 3.696E+03	-1.194E+03	-2.008E+03	 1.732E+00	 1.492E+00	 1.724E+00	-6.025E-01	 5.158E-02	 1.383E-01	 1.732E+00	-6.025E-01	 0.000E+00	 0.000E+00	 0.000E+00	 3.832E+02	 5.344E+00
   97.5000	 5.000E+00	-3.684E-04	 7.478E+00	 7.253E+02	 9.279E+01	 0.000E+00	 2.873E+03	 2.812E+03	 3.018E+03	 3.712E+03	-1.804E+03	-1.413E+03	 1.712E+00	 1.505E+00	 1.737E+00	-6.022E-01	 1.294E-01	 5.963E-02	 1.712E+00	-6.022E-01	 0.000E+00	 0.000E+00	 0.000E+00	 3.831E+02	 5.343E+00
   97.7500	 5.000E+00	-7.078E-04	 7.478E+00	 7.253E+02	 1.040E+02	 0.000E+00	 2.854E+03	 2.854E+03	 3.009E+03	 3.605E+03	-2.329E+03	-7.811E+02	 1.689E+00	 1.527E+00	 1.749E+00	-5.865E-01	 1.952E-01	-2.261E-02	 1.689E+00	-5.865E-01	 0.000E+00	 0.000E+00	 0.000E+00	 3.831E+02	 5.343E+00
   98.0000	 5.000E+00	-6.485E-04	 7.478E+00	 7.253E+02	 1.152E+02	 0.000E+00	 2.834E+03	 2.898E+03	 2.996E+03	 3.367E+03	-2.775E+03	-9.626E+01	 1.661E+00	 1.554E+00	 1.758E+00	-5.533E-01	 2.510E-01	-1.123E-01	 1.661E+00	-5.533E-01	 0.000E+00	 0.000E+00	 0.000E+00	 3.830E+02	 5.342E+00
   98.2500	 5.000E+00	-4.765E-04	 7.478E+00	 7.253E+02	 1.264E+02	 0.000E+00	 2.814E+03	 2.938E+03	 2.982E+03	 2.992E+03	-3.115E+03	 6.179E+02	 1.630E+00	 1.582E+00	 1.765E+00	-5.018E-01	 2.934E-01	-2.065E-01	 1.630E+00	-5.018E-01	 0.000E+00	 0.000E+00	 0.000E+00	 3.830E+02	 5.342E+00
   98.5000	 5.000E+00	-3.469E-04	 7.478E+00	 7.254E+02	 1.377E+02	 0.000E+00	 2.792E+03	 2.970E+03	 2.970E+03	 2.514E+03	-3.314E+03	 1.295E+03	 1.598E+00	 1.608E+00	 1.770E+00	-4.369E-01	 3.169E-01	-2.948E-01	 1.598E+00	-4.369E-01	 0.000E+00	 0.000E+00	 0.000E+00	 3.831E+02	 5.342E+00
   98.7500	 5.000E+00	-3.429E-05	 7.478E+00	 7.254E+02	 1.489E+02	 0.000E+00	 2.770E+03	 2.996E+03	 2.957E+03	 1.959E+03	-3.380E+03	 1.916E+03	 1.564E+00	 1.634E+00	 1.772E+00	-3.627E-01	 3.232E-01	-3.749E-01	 1.564E+00	-3.627E-01	 0.000E+00	 0.000E+00	 0.000E+00	 3.831E+02	 5.343E+00
   99.0000	 5.000E+00	 6.720E-04	 7.478E+00	 7.254E+02	 1.601E+02	 0.000E+00	 2.753E+03	 3.016E+03	 2.942E+03	 1.329E+03	-3.327E+03	 2.493E+03	 1.534E+00	 1.657E+00	 1.770E+00	-2.787E-01	 3.149E-01	-4.499E-01	 1.534E+00	-2.787E-01	 0.000E+00	 0.000E+00	 0.000E+00	 3.832E+02	 5.344E+00
   99.2500	 5.000E+00	 6.537E-04	 7.478E+00	 7.254E+02	 1.713E+02	 0.000E+00	 2.744E+03	 3.026E+03	 2.927E+03	 6.450E+02	-3.137E+03	 2.987E+03	 1.509E+00	 1.678E+00	 1.764E+00	-1.878E-01	 2.890E-01	-5.142E-01	 1.509E+00	-1.878E-01	 0.000E+00	 0.000E+00	 0.000E+00	 3.832E+02	 5.344E+00
   99.5000	 5.000E+00	 8.010E-04	 7.478E+00	 7.254E+02	 1.825E+02	 0.000E+00	 2.745E+03	 3.030E+03	 2.914E+03	-4.758E+01	-2.807E+03	 3.349E+03	 1.493E+00	 1.697E+00	 1.756E+00	-9.695E-02	 2.443E-01	-5.598E-01	 1.493E+00	-9.695E-02	 0.000E+00	 0.000E+00	 0.000E+00	 3.832E+02	 5.344E+00
   99.7500	 5.000E+00	 3.778E-04	 7.478E+00	 7.254E+02	 1.937E+02	 0.000E+00	 2.758E+03	 3.030E+03	 2.900E+03	-7.241E+02	-2.369E+03	 3.588E+03	 1.488E+00	 1.714E+00	 1.743E+00	-9.419E-03	 1.860E-01	-5.890E-01	 1.488E+00	-9.419E-03	 0.000E+00	 0.000E+00	 0.000E+00	 3.832E+02	 5.344E+00
  100.0000	 5.000E+00	-2.406E-05	 7.478E+00	 7.253E+02	 2.050E+02	 0.000E+00	 2.787E+03	 3.025E+03	 2.883E+03	-1.377E+03	-1.847E+03	 3.719E+03	 1.495E+00	 1.728E+00	 1.726E+00	 7.468E-02	 1.174E-01	-6.048E-01	 1.495E+00	 7.468E-02	 0.000E+00	 0.000E+00	 0.000E+00	 3.832E+02	 5.344E+00
  100.2500	 5.000E+00	-3.624E-04	 7.478E+00	 7.253E+02	 2.162E+02	 0.000E+00	 2.825E+03	 3.016E+03	 2.866E+03	-1.976E+03	-1.237E+03	 3.708E+03	 1.512E+00	 1.741E+00	 1.705E+00	 1.511E-01	 3.724E-02	-6.018E-01	 1.512E+00	 1.511E-01	 0.000E+00	 0.000E+00	 0.000E+00	 3.831E+02	 5.343E+00
  100.5000	 5.000E+00	-6.540E-04	 7.478E+00	 7.253E+02	 2.274E+02	 0.000E+00	 2.868E+03	 3.004E+03	 2.849E+03	-2.481E+03	-5.646E+02	 3.540E+03	 1.535E+00	 1.751E+00	 1.681E+00	 2.145E-01	-5.151E-02	-5.772E-01	 1.535E+00	 2.145E-01	 0.000E+00	 0.000E+00	 0.000E+00	 3.831E+02	 5.342E+00
  100.7500	 5.000E+00	-8.330E-04	 7.478E+00	 7.253E+02	 2.386E+02	 0.000E+00	 2.909E+03	 2.993E+03	 2.828E+03	-2.885E+03	 1.256E+02	 3.254E+03	 1.562E+00	 1.760E+00	 1.652E+00	 2.645E-01	-1.419E-01	-5.373E-01	 1.562E+00	 2.645E-01	 0.000E+00	 0.000E+00	 0.000E+00	 3.830E+02	 5.342E+00
  101.0000	 5.000E+00	-5.819E-04	 7.478E+00	 7.253E+02	 2.498E+02	 0.000E+00	 2.948E+03	 2.980E+03	 2.806E+03	-3.184E+03	 8.116E+02	 2.868E+03	 1.590E+00	 1.767E+00	 1.620E+00	 3.015E-01	-2.312E-01	-4.852E-01	 1.590E+00	 3.015E-01	 0.000E+00	 0.000E+00	 0.000E+00	 3.830E+02	 5.342E+00
  101.2500	 5.000E+00	-6.916E-05	 7.478E+00	 7.254E+02	 2.610E+02	 0.000E+00	 2.980E+03	 2.965E+03	 2.785E+03	-3.355E+03	 1.486E+03	 2.364E+03	 1.616E+00	 1.770E+00	 1.587E+00	 3.218E-01	-3.192E-01	-4.172E-01	 1.616E+00	 3.218E-01	 0.000E+00	 0.000E+00	 0.000E+00	 3.831E+02	 5.342E+00
  101.5000	 5.000E+00	 2.803E-04	 7.478E+00	 7.254E+02	 2.723E+02	 0.000E+00	 3.003E+03	 2.951E+03	 2.766E+03	-3.381E+03	 2.112E+03	 1.764E+03	 1.641E+00	 1.771E+00	 1.555E+00	 3.230E-01	-4.010E-01	-3.362E-01	 1.641E+00	 3.230E-01	 0.000E+00	 0.000E+00	 0.000E+00	 3.831E+02	 5.343E+00
  101.7500	 5.000E+00	 4.820E-04	 7.478E+00	 7.254E+02	 2.835E+02	 0.000E+00	 3.019E+03	 2.938E+03	 2.750E+03	-3.277E+03	 2.651E+03	 1.120E+03	 1.663E+00	 1.769E+00	 1.525E+00	 3.076E-01	-4.705E-01	-2.506E-01	 1.663E+00	 3.076E-01	 0.000E+00	 0.000E+00	 0.000E+00	 3.832E+02	 5.344E+00
  102.0000	 5.000E+00	 6.380E-04	 7.478E+00	 7.254E+02	 2.947E+02	 0.000E+00	 3.029E+03	 2.924E+03	 2.742E+03	-3.050E+03	 3.095E+03	 4.491E+02	 1.684E+00	 1.762E+00	 1.503E+00	 2.770E-01	-5.272E-01	-1.626E-01	 1.684E+00	 2.770E-01	 0.000E+00	 0.000E+00	 0.000E+00	 3.832E+02	 5.344E+00
  102.2500	 5.000E+00	 8.216E-04	 7.478E+00	 7.254E+02	 3.059E+02	 0.000E+00	 3.031E+03	 2.909E+03	 2.748E+03	-2.693E+03	 3.439E+03	-2.511E+02	 1.702E+00	 1.752E+00	 1.490E+00	 2.293E-01	-5.711E-01	-7.067E-02	 1.702E+00	 2.293E-01	 0.000E+00	 0.000E+00	 0.000E+00	 3.832E+02	 5.345E+00
  102.5000	 5.000E+00	 3.711E-04	 7.478E+00	 7.253E+02	 3.171E+02	 0.000E+00	 3.028E+03	 2.894E+03	 2.767E+03	-2.220E+03	 3.653E+03	-9.387E+02	 1.718E+00	 1.738E+00	 1.489E+00	 1.663E-01	-5.977E-01	 1.889E-02	 1.718E+00	 1.663E-01	 0.000E+00	 0.000E+00	 0.000E+00	 3.832E+02	 5.344E+00
  102.7500	 5.000E+00	-1.840E-04	 7.478E+00	 7.253E+02	 3.283E+02	 0.000E+00	 3.022E+03	 2.879E+03	 2.797E+03	-1.664E+03	 3.723E+03	-1.564E+03	 1.732E+00	 1.721E+00	 1.499E+00	 9.299E-02	-6.046E-01	 9.868E-02	 1.732E+00	 9.299E-02	 0.000E+00	 0.000E+00	 0.000E+00	 3.832E+02	 5.344E+00
  103.0000	 5.000E+00	-5.546E-04	 7.478E+00	 7.253E+02	 3.396E+02	 0.000E+00	 3.013E+03	 2.861E+03	 2.836E+03	-1.042E+03	 3.662E+03	-2.125E+03	 1.745E+00	 1.698E+00	 1.518E+00	 1.147E-02	-5.945E-01	 1.694E-01	 1.745E+00	 1.147E-02	 0.000E+00	 0.000E+00	 0.000E+00	 3.831E+02	 5.343E+00
  103.2500	 5.000E+00	-7.102E-04	 7.478E+00	 7.253E+02	 3.508E+02	 0.000E+00	 3.001E+03	 2.842E+03	 2.882E+03	-3.636E+02	 3.476E+03	-2.618E+03	 1.754E+00	 1.672E+00	 1.543E+00	-7.758E-02	-5.685E-01	 2.317E-01	 1.754E+00	-7.758E-02	 0.000E+00	 0.000E+00	 0.000E+00	 3.831E+02	 5.342E+00
  103.5000	 5.000E+00	-6.371E-04	 7.478E+00	 7.253E+02	 1.990E+00	 0.000E+00	 2.988E+03	 2.822E+03	 2.922E+03	 3.374E+02	 3.156E+03	-2.998E+03	 1.762E+00	 1.643E+00	 1.571E+00	-1.696E-01	-5.243E-01	 2.792E-01	 1.762E+00	-1.696E-01	 0.000E+00	 0.000E+00	 0.000E+00	 3.830E+02	 5.342E+00
  103.7500	 5.000E+00	-5.196E-04	 7.478E+00	 7.253E+02	 1.321E+01	 0.000E+00	 2.975E+03	 2.800E+03	 2.958E+03	 1.023E+03	 2.715E+03	-3.243E+03	 1.768E+00	 1.611E+00	 1.598E+00	-2.591E-01	-4.641E-01	 3.083E-01	 1.768E+00	-2.591E-01	 0.000E+00	 0.000E+00	 0.000E+00	 3.830E+02	 5.342E+00
  104.0000	 5.000E+00	 3.320E-05	 7.478E+00	 7.254E+02	 2.442E+01	 0.000E+00	 2.962E+03	 2.778E+03	 2.987E+03	 1.676E+03	 2.187E+03	-3.368E+03	 1.771E+00	 1.577E+00	 1.624E+00	-3.440E-01	-3.930E-01	 3.224E-01	 1.771E+00	-3.440E-01	 0.000E+00	 0.000E+00	 0.000E+00	 3.831E+02	 5.343E+00
  104.2500	 5.000E+00	 1.889E-04	 7.478E+00	 7.254E+02	 3.564E+01	 0.000E+00	 2.947E+03	 2.759E+03	 3.009E+03	 2.281E+03	 1.586E+03	-3.372E+03	 1.771E+00	 1.545E+00	 1.648E+00	-4.226E-01	-3.130E-01	 3.216E-01	 1.771E+00	-4.226E-01	 0.000E+00	 0.000E+00	 0.000E+00	 3.832E+02	 5.343E+00
  104.5000	 5.000E+00	 8.214E-04	 7.478E+00	 7.254E+02	 4.686E+01	 0.000E+00	 2.933E+03	 2.747E+03	 3.022E+03	 2.802E+03	 9.211E+02	-3.228E+03	 1.767E+00	 1.518E+00	 1.670E+00	-4.900E-01	-2.245E-01	 3.013E-01	 1.767E+00	-4.900E-01	 0.000E+00	 0.000E+00	 0.000E+00	 3.832E+02	 5.344E+00
  104.7500	 5.000E+00	 6.913E-04	 7.478E+00	 7.254E+02	 5.808E+01	 0.000E+00	 2.920E+03	 2.743E+03	 3.029E+03	 3.213E+03	 2.265E+02	-2.945E+03	 1.760E+00	 1.498E+00	 1.689E+00	-5.425E-01	-1.328E-01	 2.625E-01	 1.760E+00	-5.425E-01	 0.000E+00	 0.000E+00	 0.000E+00	 3.832E+02	 5.344E+00
  105.0000	 5.000E+00	 5.443E-04	 7.478E+00	 7.254E+02	 6.929E+01	 0.000E+00	 2.905E+03	 2.751E+03	 3.031E+03	 3.512E+03	-4.595E+02	-2.558E+03	 1.749E+00	 1.488E+00	 1.707E+00	-5.800E-01	-4.350E-02	 2.111E-01	 1.749E+00	-5.800E-01	 0.000E+00	 0.000E+00	 0.000E+00	 3.832E+02	 5.344E+00
  105.2500	 5.000E+00	 2.703E-04	 7.478E+00	 7.253E+02	 8.051E+01	 0.000E+00	 2.889E+03	 2.774E+03	 3.028E+03	 3.688E+03	-1.123E+03	-2.071E+03	 1.733E+00	 1.491E+00	 1.723E+00	-6.017E-01	 4.194E-02	 1.471E-01	 1.733E+00	-6.017E-01	 0.000E+00	 0.000E+00	 0.000E+00	 3.832E+02	 5.344E+00
  105.5000	 5.000E+00	-1.923E-04	 7.478E+00	 7.253E+02	 9.173E+01	 0.000E+00	 2.873E+03	 2.809E+03	 3.019E+03	 3.724E+03	-1.746E+03	-1.483E+03	 1.714E+00	 1.504E+00	 1.736E+00	-6.044E-01	 1.219E-01	 6.940E-02	 1.714E+00	-6.044E-01	 0.000E+00	 0.000E+00	 0.000E+00	 3.831E+02	 5.343E+00
  105.7500	 5.000E+00	-4.980E-04	 7.478E+00	 7.253E+02	 1.029E+02	 0.000E+00	 2.856E+03	 2.850E+03	 3.009E+03	 3.619E+03	-2.293E+03	-8.308E+02	 1.691E+00	 1.525E+00	 1.748E+00	-5.883E-01	 1.911E-01	-1.669E-02	 1.691E+00	-5.883E-01	 0.000E+00	 0.000E+00	 0.000E+00	 3.831E+02	 5.343E+00
  106.0000	 5.000E+00	-9.017E-04	 7.478E+00	 7.253E+02	 1.142E+02	 0.000E+00	 2.836E+03	 2.893E+03	 2.998E+03	 3.387E+03	-2.738E+03	-1.547E+02	 1.664E+00	 1.551E+00	 1.757E+00	-5.559E-01	 2.464E-01	-1.050E-01	 1.664E+00	-5.559E-01	 0.000E+00	 0.000E+00	 0.000E+00	 3.830E+02	 5.342E+00
  106.2500	 5.000E+00	-5.635E-04	 7.478E+00	 7.253E+02	 1.254E+02	 0.000E+00	 2.815E+03	 2.934E+03	 2.985E+03	 3.037E+03	-3.079E+03	 5.369E+02	 1.633E+00	 1.579E+00	 1.764E+00	-5.081E-01	 2.884E-01	-1.952E-01	 1.633E+00	-5.081E-01	 0.000E+00	 0.000E+00	 0.000E+00	 3.830E+02	 5.342E+00
  106.5000	 5.000E+00	-2.744E-04	 7.478E+00	 7.254E+02	 1.366E+02	 0.000E+00	 2.793E+03	 2.968E+03	 2.970E+03	 2.570E+03	-3.303E+03	 1.229E+03	 1.601E+00	 1.606E+00	 1.769E+00	-4.446E-01	 3.158E-01	-2.859E-01	 1.601E+00	-4.446E-01	 0.000E+00	 0.000E+00	 0.000E+00	 3.831E+02	 5.342E+00
  106.7500	 5.000E+00	 1.975E-05	 7.478E+00	 7.254E+02	 1.478E+02	 0.000E+00	 2.773E+03	 2.994E+03	 2.957E+03	 2.009E+03	-3.388E+03	 1.874E+03	 1.568E+00	 1.631E+00	 1.771E+00	-3.692E-01	 3.248E-01	-3.701E-01	 1.568E+00	-3.692E-01	 0.000E+00	 0.000E+00	 0.000E+00	 3.831E+02	 5.343E+00
  107.0000	 5.000E+00	 4.228E-04	 7.478E+00	 7.254E+02	 1.590E+02	 0.000E+00	 2.755E+03	 3.013E+03	 2.944E+03	 1.387E+03	-3.333E+03	 2.442E+03	 1.536E+00	 1.655E+00	 1.770E+00	-2.862E-01	 3.157E-01	-4.433E-01	 1.536E+00	-2.862E-01	 0.000E+00	 0.000E+00	 0.000E+00	 3.832E+02	 5.344E+00
  107.2500	 5.000E+00	 6.517E-04	 7.478E+00	 7.254E+02	 1.702E+02	 0.000E+00	 2.744E+03	 3.026E+03	 2.929E+03	 7.177E+02	-3.154E+03	 2.931E+03	 1.511E+00	 1.676E+00	 1.765E+00	-1.977E-01	 2.909E-01	-5.062E-01	 1.511E+00	-1.977E-01	 0.000E+00	 0.000E+00	 0.000E+00	 3.832E+02	 5.344E+00
  107.5000	 5.000E+00	 7.823E-04	 7.478E+00	 7.254E+02	 1.815E+02	 0.000E+00	 2.745E+03	 3.031E+03	 2.914E+03	 2.064E+01	-2.849E+03	 3.323E+03	 1.494E+00	 1.695E+00	 1.757E+00	-1.060E-01	 2.502E-01	-5.567E-01	 1.494E+00	-1.060E-01	 0.000E+00	 0.000E+00	 0.000E+00	 3.832E+02	 5.344E+00
  107.7500	 5.000E+00	 5.454E-04	 7.478E+00	 7.254E+02	 1.927E+02	 0.000E+00	 2.757E+03	 3.030E+03	 2.900E+03	-6.681E+02	-2.421E+03	 3.583E+03	 1.488E+00	 1.712E+00	 1.744E+00	-1.631E-02	 1.930E-01	-5.892E-01	 1.488E+00	-1.631E-02	 0.000E+00	 0.000E+00	 0.000E+00	 3.832E+02	 5.344E+00
  108.0000	 5.000E+00	-2.735E-07	 7.478E+00	 7.253E+02	 2.039E+02	 0.000E+00	 2.783E+03	 3.025E+03	 2.886E+03	-1.318E+03	-1.893E+03	 3.706E+03	 1.493E+00	 1.727E+00	 1.728E+00	 6.714E-02	 1.231E-01	-6.030E-01	 1.493E+00	 6.714E-02	 0.000E+00	 0.000E+00	 0.000E+00	 3.832E+02	 5.344E+00
  108.2500	 5.000E+00	-3.444E-04	 7.478E+00	 7.253E+02	 2.151E+02	 0.000E+00	 2.820E+03	 3.017E+03	 2.868E+03	-1.915E+03	-1.294E+03	 3.704E+03	 1.510E+00	 1.740E+00	 1.708E+00	 1.431E-01	 4.456E-02	-6.010E-01	 1.510E+00	 1.431E-01	 0.000E+00	 0.000E+00	 0.000E+00	 3.831E+02	 5.343E+00
  108.5000	 5.000E+00	-6.776E-04	 7.478E+00	 7.253E+02	 2.263E+02	 0.000E+00	 2.864E+03	 3.006E+03	 2.850E+03	-2.438E+03	-6.375E+02	 3.571E+03	 1.533E+00	 1.751E+00	 1.683E+00	 2.093E-01	-4.158E-02	-5.818E-01	 1.533E+00	 2.093E-01	 0.000E+00	 0.000E+00	 0.000E+00	 3.831E+02	 5.342E+00
  108.7500	 5.000E+00	-6.769E-04	 7.478E+00	 7.253E+02	 2.375E+02	 0.000E+00	 2.906E+03	 2.993E+03	 2.830E+03	-2.857E+03	 5.824E+01	 3.294E+03	 1.560E+00	 1.759E+00	 1.655E+00	 2.615E-01	-1.330E-01	-5.432E-01	 1.560E+00	 2.615E-01	 0.000E+00	 0.000E+00	 0.000E+00	 3.830E+02	 5.342E+00
  109.0000	 5.000E+00	-6.049E-04	 7.478E+00	 7.253E+02	 2.488E+02	 0.000E+00	 2.944E+03	 2.980E+03	 2.809E+03	-3.158E+03	 7.548E+02	 2.899E+03	 1.587E+00	 1.766E+00	 1.624E+00	 2.981E-01	-2.241E-01	-4.889E-01	 1.587E+00	 2.981E-01	 0.000E+00	 0.000E+00	 0.000E+00	 3.830E+02	 5.342E+00
  109.2500	 5.000E+00	-3.696E-04	 7.478E+00	 7.254E+02	 2.600E+02	 0.000E+00	 2.977E+03	 2.967E+03	 2.786E+03	-3.339E+03	 1.423E+03	 2.411E+03	 1.614E+00	 1.770E+00	 1.590E+00	 3.196E-01	-3.111E-01	-4.233E-01	 1.614E+00	 3.196E-01	 0.000E+00	 0.000E+00	 0.000E+00	 3.831E+02	 5.342E+00
  109.5000	 5.000E+00	 3.146E-04	 7.478E+00	 7.254E+02	 2.712E+02	 0.000E+00	 3.002E+03	 2.953E+03	 2.766E+03	-3.388E+03	 2.048E+03	 1.835E+03	 1.639E+00	 1.771E+00	 1.558E+00	 3.243E-01	-3.924E-01	-3.462E-01	 1.639E+00	 3.243E-01	 0.000E+00	 0.000E+00	 0.000E+00	 3.831E+02	 5.343E+00
  109.7500	 5.000E+00	 4.550E-04	 7.478E+00	 7.254E+02	 2.824E+02	 0.000E+00	 3.018E+03	 2.939E+03	 2.751E+03	-3.296E+03	 2.606E+03	 1.185E+03	 1.661E+00	 1.769E+00	 1.528E+00	 3.106E-01	-4.648E-01	-2.593E-01	 1.661E+00	 3.106E-01	 0.000E+00	 0.000E+00	 0.000E+00	 3.832E+02	 5.344E+00
  110.0000	 5.000E+00	 7.989E-04	 7.478E+00	 7.254E+02	 2.936E+02	 0.000E+00	 3.027E+03	 2.925E+03	 2.743E+03	-3.072E+03	 3.064E+03	 5.021E+02	 1.682E+00	 1.763E+00	 1.505E+00	 2.797E-01	-5.236E-01	-1.690E-01	 1.682E+00	 2.797E-01	 0.000E+00	 0.000E+00	 0.000E+00	 3.832E+02	 5.344E+00
  110.2500	 5.000E+00	 5.804E-04	 7.478E+00	 7.254E+02	 3.048E+02	 0.000E+00	 3.031E+03	 2.911E+03	 2.746E+03	-2.729E+03	 3.408E+03	-1.839E+02	 1.701E+00	 1.754E+00	 1.490E+00	 2.340E-01	-5.670E-01	-7.947E-02	 1.701E+00	 2.340E-01	 0.000E+00	 0.000E+00	 0.000E+00	 3.832E+02	 5.344E+00
  110.5000	 5.000E+00	 4.456E-04	 7.478E+00	 7.254E+02	 3.161E+02	 0.000E+00	 3.029E+03	 2.896E+03	 2.764E+03	-2.275E+03	 3.634E+03	-8.642E+02	 1.717E+00	 1.740E+00	 1.488E+00	 1.738E-01	-5.950E-01	 8.721E-03	 1.717E+00	 1.738E-01	 0.000E+00	 0.000E+00	 0.000E+00	 3.832E+02	 5.344E+00
  110.7500	 5.000E+00	 2.847E-05	 7.478E+00	 7.253E+02	 3.273E+02	 0.000E+00	 3.023E+03	 2.880E+03	 2.794E+03	-1.721E+03	 3.727E+03	-1.511E+03	 1.731E+00	 1.722E+00	 1.497E+00	 1.006E-01	-6.056E-01	 9.211E-02	 1.731E+00	 1.006E-01	 0.000E+00	 0.000E+00	 0.000E+00	 3.832E+02	 5.344E+00
  111.0000	 5.000E+00	-5.909E-04	 7.478E+00	 7.253E+02	 3.385E+02	 0.000E+00	 3.013E+03	 2.863E+03	 2.833E+03	-1.097E+03	 3.677E+03	-2.085E+03	 1.743E+00	 1.701E+00	 1.516E+00	 1.851E-02	-5.969E-01	 1.648E-01	 1.743E+00	 1.851E-02	 0.000E+00	 0.000E+00	 0.000E+00	 3.831E+02	 5.343E+00
  111.2500	 5.000E+00	-6.518E-04	 7.478E+00	 7.253E+02	 3.497E+02	 0.000E+00	 3.003E+03	 2.844E+03	 2.876E+03	-4.294E+02	 3.494E+03	-2.569E+03	 1.754E+00	 1.675E+00	 1.541E+00	-6.896E-02	-5.706E-01	 2.253E-01	 1.754E+00	-6.896E-02	 0.000E+00	 0.000E+00	 0.000E+00	 3.831E+02	 5.342E+00
  111.5000	 5.000E+00	-7.694E-04	 7.478E+00	 7.253E+02	 9.270E-01	 0.000E+00	 2.990E+03	 2.823E+03	 2.919E+03	 2.654E+02	 3.190E+03	-2.960E+03	 1.762E+00	 1.646E+00	 1.568E+00	-1.599E-01	-5.288E-01	 2.740E-01	 1.762E+00	-1.599E-01	 0.000E+00	 0.000E+00	 0.000E+00	 3.830E+02	 5.342E+00
  111.7500	 5.000E+00	-4.266E-04	 7.478E+00	 7.253E+02	 1.214E+01	 0.000E+00	 2.976E+03	 2.802E+03	 2.956E+03	 9.606E+02	 2.768E+03	-3.233E+03	 1.768E+00	 1.614E+00	 1.595E+00	-2.510E-01	-4.715E-01	 3.076E-01	 1.768E+00	-2.510E-01	 0.000E+00	 0.000E+00	 0.000E+00	 3.830E+02	 5.342E+00
  112.0000	 5.000E+00	-1.141E-04	 7.478E+00	 7.254E+02	 2.336E+01	 0.000E+00	 2.963E+03	 2.781E+03	 2.985E+03	 1.621E+03	 2.241E+03	-3.367E+03	 1.771E+00	 1.581E+00	 1.621E+00	-3.371E-01	-4.003E-01	 3.228E-01	 1.771E+00	-3.371E-01	 0.000E+00	 0.000E+00	 0.000E+00	 3.831E+02	 5.342E+00
  112.2500	 5.000E+00	 2.851E-04	 7.478E+00	 7.254E+02	 3.458E+01	 0.000E+00	 2.949E+03	 2.761E+03	 3.007E+03	 2.224E+03	 1.640E+03	-3.369E+03	 1.771E+00	 1.548E+00	 1.646E+00	-4.152E-01	-3.198E-01	 3.209E-01	 1.771E+00	-4.152E-01	 0.000E+00	 0.000E+00	 0.000E+00	 3.831E+02	 5.343E+00
  112.5000	 5.000E+00	 6.217E-04	 7.478E+00	 7.254E+02	 4.579E+01	 0.000E+00	 2.935E+03	 2.747E+03	 3.022E+03	 2.752E+03	 9.871E+02	-3.244E+03	 1.768E+00	 1.520E+00	 1.668E+00	-4.835E-01	-2.333E-01	 3.034E-01	 1.768E+00	-4.835E-01	 0.000E+00	 0.000E+00	 0.000E+00	 3.832E+02	 5.344E+00
  112.7500	 5.000E+00	 7.330E-04	 7.478E+00	 7.254E+02	 5.701E+01	 0.000E+00	 2.920E+03	 2.743E+03	 3.030E+03	 3.183E+03	 2.985E+02	-2.986E+03	 1.760E+00	 1.499E+00	 1.688E+00	-5.387E-01	-1.425E-01	 2.685E-01	 1.760E+00	-5.387E-01	 0.000E+00	 0.000E+00	 0.000E+00	 3.832E+02	 5.344E+00
  113.0000	 5.000E+00	 7.049E-04	 7.478E+00	 7.254E+02	 6.823E+01	 0.000E+00	 2.906E+03	 2.751E+03	 3.031E+03	 3.492E+03	-3.978E+02	-2.599E+03	 1.750E+00	 1.489E+00	 1.706E+00	-5.777E-01	-5.139E-02	 2.166E-01	 1.750E+00	-5.777E-01	 0.000E+00	 0.000E+00	 0.000E+00	 3.832E+02	 5.344E+00
  113.2500	 5.000E+00	 2.737E-04	 7.478E+00	 7.253E+02	 7.945E+01	 0.000E+00	 2.891E+03	 2.771E+03	 3.027E+03	 3.673E+03	-1.066E+03	-2.112E+03	 1.735E+00	 1.490E+00	 1.721E+00	-5.996E-01	 3.498E-02	 1.521E-01	 1.735E+00	-5.996E-01	 0.000E+00	 0.000E+00	 0.000E+00	 3.832E+02	 5.344E+00
  113.5000	 5.000E+00	-2.238E-04	 7.478E+00	 7.253E+02	 9.066E+01	 0.000E+00	 2.875E+03	 2.805E+03	 3.021E+03	 3.725E+03	-1.686E+03	-1.544E+03	 1.716E+00	 1.502E+00	 1.735E+00	-6.046E-01	 1.141E-01	 7.747E-02	 1.716E+00	-6.046E-01	 0.000E+00	 0.000E+00	 0.000E+00	 3.831E+02	 5.343E+00
  113.7500	 5.000E+00	-4.595E-04	 7.478E+00	 7.253E+02	 1.019E+02	 0.000E+00	 2.857E+03	 2.846E+03	 3.010E+03	 3.639E+03	-2.241E+03	-9.029E+02	 1.693E+00	 1.523E+00	 1.747E+00	-5.914E-01	 1.844E-01	-6.804E-03	 1.693E+00	-5.914E-01	 0.000E+00	 0.000E+00	 0.000E+00	 3.831E+02	 5.343E+00
  114.0000	 5.000E+00	-7.373E-04	 7.478E+00	 7.253E+02	 1.131E+02	 0.000E+00	 2.838E+03	 2.890E+03	 2.998E+03	 3.416E+03	-2.705E+03	-2.160E+02	 1.667E+00	 1.549E+00	 1.756E+00	-5.599E-01	 2.425E-01	-9.716E-02	 1.667E+00	-5.599E-01	 0.000E+00	 0.000E+00	 0.000E+00	 3.830E+02	 5.342E+00
  114.2500	 5.000E+00	-6.737E-04	 7.478E+00	 7.253E+02	 1.243E+02	 0.000E+00	 2.817E+03	 2.930E+03	 2.986E+03	 3.071E+03	-3.054E+03	 4.785E+02	 1.636E+00	 1.576E+00	 1.764E+00	-5.124E-01	 2.855E-01	-1.880E-01	 1.636E+00	-5.124E-01	 0.000E+00	 0.000E+00	 0.000E+00	 3.830E+02	 5.342E+00
  114.5000	 5.000E+00	-3.521E-04	 7.478E+00	 7.254E+02	 1.355E+02	 0.000E+00	 2.795E+03	 2.965E+03	 2.973E+03	 2.619E+03	-3.282E+03	 1.159E+03	 1.604E+00	 1.603E+00	 1.769E+00	-4.513E-01	 3.130E-01	-2.766E-01	 1.604E+00	-4.513E-01	 0.000E+00	 0.000E+00	 0.000E+00	 3.831E+02	 5.342E+00
  114.7500	 5.000E+00	 1.859E-06	 7.478E+00	 7.254E+02	 1.467E+02	 0.000E+00	 2.774E+03	 2.993E+03	 2.958E+03	 2.070E+03	-3.385E+03	 1.810E+03	 1.571E+00	 1.629E+00	 1.771E+00	-3.775E-01	 3.245E-01	-3.615E-01	 1.571E+00	-3.775E-01	 0.000E+00	 0.000E+00	 0.000E+00	 3.831E+02	 5.343E+00
  115.0000	 5.000E+00	 5.190E-04	 7.478E+00	 7.254E+02	 1.580E+02	 0.000E+00	 2.757E+03	 3.012E+03	 2.944E+03	 1.447E+03	-3.350E+03	 2.398E+03	 1.539E+00	 1.653E+00	 1.770E+00	-2.941E-01	 3.182E-01	-4.379E-01	 1.539E+00	-2.941E-01	 0.000E+00	 0.000E+00	 0.000E+00	 3.832E+02	 5.343E+00
  115.2500	 5.000E+00	 5.420E-04	 7.478E+00	 7.254E+02	 1.692E+02	 0.000E+00	 2.745E+03	 3.024E+03	 2.931E+03	 7.785E+02	-3.176E+03	 2.893E+03	 1.513E+00	 1.674E+00	 1.766E+00	-2.056E-01	 2.939E-01	-5.015E-01	 1.513E+00	-2.056E-01	 0.000E+00	 0.000E+00	 0.000E+00	 3.832E+02	 5.344E+00
  115.5000	 5.000E+00	 7.926E-04	 7.478E+00	 7.254E+02	 1.804E+02	 0.000E+00	 2.743E+03	 3.031E+03	 2.916E+03	 8.924E+01	-2.878E+03	 3.284E+03	 1.495E+00	 1.693E+00	 1.758E+00	-1.151E-01	 2.538E-01	-5.513E-01	 1.495E+00	-1.151E-01	 0.000E+00	 0.000E+00	 0.000E+00	 3.832E+02	 5.344E+00
  115.7500	 5.000E+00	 5.011E-04	 7.478E+00	 7.254E+02	 1.916E+02	 0.000E+00	 2.755E+03	 3.031E+03	 2.901E+03	-6.006E+02	-2.467E+03	 3.563E+03	 1.488E+00	 1.711E+00	 1.746E+00	-2.521E-02	 1.993E-01	-5.865E-01	 1.488E+00	-2.521E-02	 0.000E+00	 0.000E+00	 0.000E+00	 3.832E+02	 5.344E+00
  116.0000	 5.000E+00	 7.596E-05	 7.478E+00	 7.253E+02	 2.028E+02	 0.000E+00	 2.781E+03	 3.026E+03	 2.886E+03	-1.262E+03	-1.951E+03	 3.707E+03	 1.493E+00	 1.726E+00	 1.730E+00	 6.007E-02	 1.310E-01	-6.038E-01	 1.493E+00	 6.007E-02	 0.000E+00	 0.000E+00	 0.000E+00	 3.832E+02	 5.344E+00
  116.2500	 5.000E+00	-2.141E-04	 7.478E+00	 7.253E+02	 2.140E+02	 0.000E+00	 2.816E+03	 3.017E+03	 2.870E+03	-1.864E+03	-1.352E+03	 3.710E+03	 1.508E+00	 1.739E+00	 1.710E+00	 1.367E-01	 5.194E-02	-6.020E-01	 1.508E+00	 1.367E-01	 0.000E+00	 0.000E+00	 0.000E+00	 3.831E+02	 5.343E+00
  116.5000	 5.000E+00	-7.802E-04	 7.478E+00	 7.253E+02	 2.253E+02	 0.000E+00	 2.859E+03	 3.007E+03	 2.852E+03	-2.389E+03	-6.980E+02	 3.582E+03	 1.530E+00	 1.750E+00	 1.686E+00	 2.029E-01	-3.383E-02	-5.831E-01	 1.530E+00	 2.029E-01	 0.000E+00	 0.000E+00	 0.000E+00	 3.831E+02	 5.342E+00
  116.7500	 5.000E+00	-6.576E-04	 7.478E+00	 7.253E+02	 2.365E+02	 0.000E+00	 2.902E+03	 2.995E+03	 2.832E+03	-2.821E+03	-1.170E+01	 3.328E+03	 1.557E+00	 1.759E+00	 1.658E+00	 2.569E-01	-1.237E-01	-5.479E-01	 1.557E+00	 2.569E-01	 0.000E+00	 0.000E+00	 0.000E+00	 3.830E+02	 5.342E+00
  117.0000	 5.000E+00	-6.498E-04	 7.478E+00	 7.253E+02	 2.477E+02	 0.000E+00	 2.942E+03	 2.981E+03	 2.811E+03	-3.139E+03	 6.867E+02	 2.947E+03	 1.585E+00	 1.766E+00	 1.627E+00	 2.960E-01	-2.151E-01	-4.958E-01	 1.585E+00	 2.960E-01	 0.000E+00	 0.000E+00	 0.000E+00	 3.830E+02	 5.342E+00
  117.2500	 5.000E+00	-2.470E-04	 7.478E+00	 7.254E+02	 2.589E+02	 0.000E+00	 2.974E+03	 2.968E+03	 2.789E+03	-3.328E+03	 1.365E+03	 2.458E+03	 1.611E+00	 1.770E+00	 1.594E+00	 3.184E-01	-3.037E-01	-4.294E-01	 1.611E+00	 3.184E-01	 0.000E+00	 0.000E+00	 0.000E+00	 3.831E+02	 5.342E+00
  117.5000	 5.000E+00	 1.480E-05	 7.478E+00	 7.254E+02	 2.701E+02	 0.000E+00	 2.999E+03	 2.955E+03	 2.768E+03	-3.386E+03	 1.993E+03	 1.888E+03	 1.636E+00	 1.771E+00	 1.561E+00	 3.240E-01	-3.853E-01	-3.530E-01	 1.636E+00	 3.240E-01	 0.000E+00	 0.000E+00	 0.000E+00	 3.831E+02	 5.343E+00
  117.7500	 5.000E+00	 5.383E-04	 7.478E+00	 7.254E+02	 2.813E+02	 0.000E+00	 3.017E+03	 2.940E+03	 2.752E+03	-3.311E+03	 2.553E+03	 1.253E+03	 1.659E+00	 1.769E+00	 1.530E+00	 3.127E-01	-4.577E-01	-2.686E-01	 1.659E+00	 3.127E-01	 0.000E+00	 0.000E+00	 0.000E+00	 3.832E+02	 5.344E+00
  118.0000	 5.000E+00	 7.897E-04	 7.478E+00	 7.254E+02	 2.926E+02	 0.000E+00	 3.027E+03	 2.926E+03	 2.743E+03	-3.102E+03	 3.025E+03	 5.718E+02	 1.680E+00	 1.764E+00	 1.506E+00	 2.839E-01	-5.185E-01	-1.783E-01	 1.680E+00	 2.839E-01	 0.000E+00	 0.000E+00	 0.000E+00	 3.832E+02	 5.344E+00
  118.2500	 5.000E+00	 6.723E-04	 7.478E+00	 7.254E+02	 3.038E+02	 0.000E+00	 3.031E+03	 2.912E+03	 2.746E+03	-2.765E+03	 3.385E+03	-1.247E+02	 1.699E+00	 1.755E+00	 1.491E+00	 2.387E-01	-5.643E-01	-8.691E-02	 1.699E+00	 2.387E-01	 0.000E+00	 0.000E+00	 0.000E+00	 3.832E+02	 5.344E+00
  118.5000	 5.000E+00	 4.139E-04	 7.478E+00	 7.254E+02	 3.150E+02	 0.000E+00	 3.029E+03	 2.897E+03	 2.761E+03	-2.319E+03	 3.617E+03	-8.032E+02	 1.715E+00	 1.741E+00	 1.488E+00	 1.796E-01	-5.930E-01	 9.880E-04	 1.715E+00	 1.796E-01	 0.000E+00	 0.000E+00	 0.000E+00	 3.832E+02	 5.344E+00
  118.7500	 5.000E+00	-8.796E-06	 7.478E+00	 7.253E+02	 3.262E+02	 0.000E+00	 3.024E+03	 2.882E+03	 2.790E+03	-1.779E+03	 3.720E+03	-1.446E+03	 1.730E+00	 1.724E+00	 1.496E+00	 1.084E-01	-6.047E-01	 8.349E-02	 1.730E+00	 1.084E-01	 0.000E+00	 0.000E+00	 0.000E+00	 3.832E+02	 5.344E+00
  119.0000	 5.000E+00	-4.871E-04	 7.478E+00	 7.253E+02	 3.374E+02	 0.000E+00	 3.014E+03	 2.865E+03	 2.829E+03	-1.161E+03	 3.689E+03	-2.033E+03	 1.742E+00	 1.703E+00	 1.514E+00	 2.702E-02	-5.988E-01	 1.583E-01	 1.742E+00	 2.702E-02	 0.000E+00	 0.000E+00	 0.000E+00	 3.831E+02	 5.343E+00
  119.2500	 5.000E+00	-6.250E-04	 7.478E+00	 7.253E+02	 3.486E+02	 0.000E+00	 3.003E+03	 2.846E+03	 2.873E+03	-4.915E+02	 3.520E+03	-2.533E+03	 1.753E+00	 1.678E+00	 1.538E+00	-6.095E-02	-5.745E-01	 2.212E-01	 1.753E+00	-6.095E-02	 0.000E+00	 0.000E+00	 0.000E+00	 3.831E+02	 5.342E+00
  119.5000	 5.000E+00	-7.760E-04	 7.478E+00	 7.253E+02	 3.599E+02	 0.000E+00	 2.991E+03	 2.826E+03	 2.914E+03	 2.007E+02	 3.221E+03	-2.927E+03	 1.761E+00	 1.649E+00	 1.565E+00	-1.515E-01	-5.330E-01	 2.698E-01	 1.761E+00	-1.515E-01	 0.000E+00	 0.000E+00	 0.000E+00	 3.830E+02	 5.342E+00
  119.7500	 5.000E+00	-4.793E-04	 7.478E+00	 7.253E+02	 1.108E+01	 0.000E+00	 2.978E+03	 2.804E+03	 2.952E+03	 8.926E+02	 2.810E+03	-3.207E+03	 1.767E+00	 1.617E+00	 1.593E+00	-2.419E-01	-4.771E-01	 3.041E-01	 1.767E+00	-2.419E-01	 0.000E+00	 0.000E+00	 0.000E+00	 3.830E+02	 5.342E+00
  120.0000	 5.000E+00	-1.365E-04	 7.478E+00	 7.254E+02	 2.230E+01	 0.000E+00	 2.964E+03	 2.782E+03	 2.983E+03	 1.560E+03	 2.298E+03	-3.363E+03	 1.771E+00	 1.584E+00	 1.619E+00	-3.290E-01	-4.081E-01	 3.225E-01	 1.771E+00	-3.290E-01	 0.000E+00	 0.000E+00	 0.000E+00	 3.831E+02	 5.342E+00
  120.2500	 5.000E+00	 2.466E-04	 7.478E+00	 7.254E+02	 3.351E+01	 0.000E+00	 2.950E+03	 2.763E+03	 3.005E+03	 2.173E+03	 1.701E+03	-3.379E+03	 1.771E+00	 1.551E+00	 1.643E+00	-4.087E-01	-3.281E-01	 3.227E-01	 1.771E+00	-4.087E-01	 0.000E+00	 0.000E+00	 0.000E+00	 3.831E+02	 5.343E+00
  120.5000	 5.000E+00	 6.330E-04	 7.478E+00	 7.254E+02	 4.473E+01	 0.000E+00	 2.936E+03	 2.749E+03	 3.020E+03	 2.706E+03	 1.047E+03	-3.258E+03	 1.768E+00	 1.522E+00	 1.666E+00	-4.775E-01	-2.411E-01	 3.052E-01	 1.768E+00	-4.775E-01	 0.000E+00	 0.000E+00	 0.000E+00	 3.832E+02	 5.344E+00
  120.7500	 5.000E+00	 6.772E-04	 7.478E+00	 7.254E+02	 5.595E+01	 0.000E+00	 2.922E+03	 2.742E+03	 3.029E+03	 3.144E+03	 3.636E+02	-3.012E+03	 1.761E+00	 1.501E+00	 1.686E+00	-5.336E-01	-1.510E-01	 2.718E-01	 1.761E+00	-5.336E-01	 0.000E+00	 0.000E+00	 0.000E+00	 3.832E+02	 5.344E+00
  121.0000	 5.000E+00	 6.977E-04	 7.478E+00	 7.254E+02	 6.717E+01	 0.000E+00	 2.907E+03	 2.749E+03	 3.031E+03	 3.469E+03	-3.288E+02	-2.645E+03	 1.751E+00	 1.489E+00	 1.704E+00	-5.748E-01	-6.053E-02	 2.229E-01	 1.751E+00	-5.748E-01	 0.000E+00	 0.000E+00	 0.000E+00	 3.832E+02	 5.344E+00
  121.2500	 5.000E+00	 3.591E-04	 7.478E+00	 7.253E+02	 7.838E+01	 0.000E+00	 2.893E+03	 2.769E+03	 3.028E+03	 3.664E+03	-1.005E+03	-2.165E+03	 1.737E+00	 1.489E+00	 1.720E+00	-5.988E-01	 2.704E-02	 1.592E-01	 1.737E+00	-5.988E-01	 0.000E+00	 0.000E+00	 0.000E+00	 3.832E+02	 5.344E+00
  121.5000	 5.000E+00	-2.026E-04	 7.478E+00	 7.253E+02	 8.960E+01	 0.000E+00	 2.877E+03	 2.801E+03	 3.021E+03	 3.724E+03	-1.633E+03	-1.596E+03	 1.718E+00	 1.501E+00	 1.734E+00	-6.047E-01	 1.075E-01	 8.413E-02	 1.718E+00	-6.047E-01	 0.000E+00	 0.000E+00	 0.000E+00	 3.831E+02	 5.343E+00
  121.7500	 5.000E+00	-5.363E-04	 7.478E+00	 7.253E+02	 1.008E+02	 0.000E+00	 2.859E+03	 2.842E+03	 3.012E+03	 3.651E+03	-2.191E+03	-9.646E+02	 1.696E+00	 1.521E+00	 1.746E+00	-5.930E-01	 1.780E-01	 1.219E-03	 1.696E+00	-5.930E-01	 0.000E+00	 0.000E+00	 0.000E+00	 3.831E+02	 5.343E+00
  122.0000	 5.000E+00	-7.643E-04	 7.478E+00	 7.253E+02	 1.120E+02	 0.000E+00	 2.840E+03	 2.886E+03	 3.000E+03	 3.444E+03	-2.662E+03	-2.870E+02	 1.669E+00	 1.546E+00	 1.755E+00	-5.639E-01	 2.371E-01	-8.760E-02	 1.669E+00	-5.639E-01	 0.000E+00	 0.000E+00	 0.000E+00	 3.830E+02	 5.342E+00
  122.2500	 5.000E+00	-6.058E-04	 7.478E+00	 7.253E+02	 1.232E+02	 0.000E+00	 2.819E+03	 2.927E+03	 2.987E+03	 3.110E+03	-3.027E+03	 4.126E+02	 1.639E+00	 1.574E+00	 1.763E+00	-5.179E-01	 2.824E-01	-1.793E-01	 1.639E+00	-5.179E-01	 0.000E+00	 0.000E+00	 0.000E+00	 3.830E+02	 5.342E+00
  122.5000	 5.000E+00	-4.609E-04	 7.478E+00	 7.253E+02	 1.345E+02	 0.000E+00	 2.798E+03	 2.962E+03	 2.973E+03	 2.663E+03	-3.269E+03	 1.100E+03	 1.607E+00	 1.601E+00	 1.769E+00	-4.572E-01	 3.115E-01	-2.692E-01	 1.607E+00	-4.572E-01	 0.000E+00	 0.000E+00	 0.000E+00	 3.831E+02	 5.342E+00
  122.7500	 5.000E+00	 8.154E-05	 7.478E+00	 7.254E+02	 1.457E+02	 0.000E+00	 2.776E+03	 2.990E+03	 2.960E+03	 2.125E+03	-3.379E+03	 1.749E+03	 1.574E+00	 1.627E+00	 1.771E+00	-3.847E-01	 3.238E-01	-3.536E-01	 1.574E+00	-3.847E-01	 0.000E+00	 0.000E+00	 0.000E+00	 3.831E+02	 5.343E+00
  123.0000	 5.000E+00	 3.821E-04	 7.478E+00	 7.254E+02	 1.569E+02	 0.000E+00	 2.758E+03	 3.011E+03	 2.946E+03	 1.511E+03	-3.357E+03	 2.341E+03	 1.542E+00	 1.650E+00	 1.770E+00	-3.028E-01	 3.192E-01	-4.304E-01	 1.542E+00	-3.028E-01	 0.000E+00	 0.000E+00	 0.000E+00	 3.832E+02	 5.343E+00
  123.2500	 5.000E+00	 2.866E-03	 7.478E+00	 7.253E+02	 1.681E+02	 0.000E+00	 2.746E+03	 3.006E+03	 2.930E+03	 8.455E+02	-3.206E+03	 2.853E+03	 1.515E+00	 1.637E+00	 1.766E+00	-2.146E-01	 3.010E-01	-4.967E-01	 1.515E+00	-2.146E-01	 0.000E+00	 0.000E+00	 0.000E+00	 3.832E+02	 5.344E+00
  123.5000	 5.000E+00	-3.992E-03	 7.478E+00	 7.253E+02	 1.793E+02	 0.000E+00	 2.744E+03	 2.969E+03	 2.919E+03	 1.542E+02	-2.916E+03	 3.257E+03	 1.496E+00	 1.641E+00	 1.758E+00	-1.236E-01	 2.630E-01	-5.482E-01	 1.496E+00	-1.236E-01	 0.000E+00	 0.000E+00	 0.000E+00	 3.831E+02	 5.343E+00
  123.7500	 5.001E+00	 1.004E-02	 7.476E+00	 7.252E+02	 1.905E+02	 0.000E+00	 2.749E+03	 2.887E+03	 2.896E+03	-5.297E+02	-2.530E+03	 3.545E+03	 1.489E+00	 1.547E+00	 1.747E+00	-3.459E-02	 2.215E-01	-5.843E-01	 1.489E+00	-3.459E-02	 0.000E+00	 0.000E+00	 0.000E+00	 3.829E+02	 5.342E+00
  124.0000	 5.002E+00	-3.717E-03	 7.473E+00	 7.248E+02	 2.018E+02	 0.000E+00	 2.756E+03	 2.510E+03	 2.890E+03	-1.177E+03	-2.056E+03	 3.721E+03	 1.493E+00	 1.475E+00	 1.728E+00	 4.793E-02	 1.645E-01	-6.061E-01	 1.493E+00	 4.793E-02	 0.000E+00	 0.000E+00	 0.000E+00	 3.820E+02	 5.331E+00
  124.2500	 5.001E+00	-2.854E-03	 7.469E+00	 7.245E+02	 2.130E+02	 0.000E+00	 2.756E+03	 2.679E+03	 2.868E+03	-1.797E+03	-1.462E+03	 3.741E+03	 1.501E+00	 1.495E+00	 1.714E+00	 1.281E-01	 8.645E-02	-6.072E-01	 1.501E+00	 1.281E-01	 0.000E+00	 0.000E+00	 0.000E+00	 3.806E+02	 5.314E+00
  124.5000	 5.000E+00	-1.014E-03	 7.466E+00	 7.242E+02	 2.242E+02	 0.000E+00	 2.732E+03	 2.889E+03	 2.857E+03	-2.351E+03	-7.758E+02	 3.614E+03	 1.504E+00	 1.663E+00	 1.689E+00	 2.004E-01	-1.648E-02	-5.879E-01	 1.504E+00	 2.004E-01	 0.000E+00	 0.000E+00	 0.000E+00	 3.788E+02	 5.291E+00
  124.7500	 5.000E+00	 1.264E-03	 7.464E+00	 7.241E+02	 2.354E+02	 0.000E+00	 2.677E+03	 3.070E+03	 2.830E+03	-2.812E+03	-6.345E+01	 3.360E+03	 1.448E+00	 1.783E+00	 1.660E+00	 2.652E-01	-1.188E-01	-5.521E-01	 1.448E+00	 2.652E-01	 0.000E+00	 0.000E+00	 0.000E+00	 3.772E+02	 5.270E+00
  125.0000	 5.001E+00	 7.140E-03	 7.462E+00	 7.238E+02	 2.466E+02	 0.000E+00	 2.547E+03	 3.047E+03	 2.809E+03	-3.157E+03	 6.369E+02	 3.002E+03	 1.299E+00	 1.816E+00	 1.628E+00	 3.214E-01	-2.130E-01	-5.032E-01	 1.299E+00	 3.214E-01	 0.000E+00	 0.000E+00	 0.000E+00	 3.756E+02	 5.250E+00
  125.2500	 5.002E+00	-2.570E-03	 7.460E+00	 7.237E+02	 2.578E+02	 0.000E+00	 2.347E+03	 3.000E+03	 2.790E+03	-3.375E+03	 1.319E+03	 2.534E+03	 1.222E+00	 1.788E+00	 1.595E+00	 3.552E-01	-2.997E-01	-4.402E-01	 1.222E+00	 3.552E-01	 0.000E+00	 0.000E+00	 0.000E+00	 3.742E+02	 5.230E+00
  125.5000	 5.001E+00	-4.577E-03	 7.457E+00	 7.233E+02	 2.689E+02	 0.000E+00	 2.485E+03	 2.935E+03	 2.769E+03	-3.453E+03	 1.956E+03	 1.969E+03	 1.251E+00	 1.766E+00	 1.565E+00	 3.643E-01	-3.811E-01	-3.643E-01	 1.251E+00	 3.643E-01	 0.000E+00	 0.000E+00	 0.000E+00	 3.724E+02	 5.208E+00
  125.7500	 5.000E+00	-6.178E-03	 7.454E+00	 7.230E+02	 2.801E+02	 0.000E+00	 2.658E+03	 2.925E+03	 2.752E+03	-3.373E+03	 2.511E+03	 1.340E+03	 1.401E+00	 1.755E+00	 1.533E+00	 3.420E-01	-4.519E-01	-2.805E-01	 1.401E+00	 3.420E-01	 0.000E+00	 0.000E+00	 0.000E+00	 3.704E+02	 5.182E+00
  126.0000	 4.998E+00	-2.292E-03	 7.453E+00	 7.229E+02	 2.913E+02	 0.000E+00	 2.919E+03	 2.913E+03	 2.736E+03	-3.148E+03	 2.969E+03	 6.534E+02	 1.575E+00	 1.757E+00	 1.505E+00	 2.988E-01	-5.103E-01	-1.889E-01	 1.575E+00	 2.988E-01	 0.000E+00	 0.000E+00	 0.000E+00	 3.687E+02	 5.160E+00
  126.2500	 4.998E+00	-4.598E-04	 7.440E+00	 7.218E+02	 3.025E+02	 0.000E+00	 2.339E+03	 2.160E+03	 2.126E+03	-2.838E+03	 3.318E+03	-3.957E+01	 1.509E+00	 1.550E+00	 1.348E+00	 2.604E-01	-5.424E-01	-9.015E-02	 1.509E+00	 2.604E-01	 0.000E+00	 0.000E+00	 0.000E+00	 3.658E+02	 5.127E+00
  126.5000	 4.999E+00	 3.469E-03	 7.420E+00	 7.198E+02	 3.136E+02	 0.000E+00	 1.914E+03	 1.755E+03	 1.856E+03	-2.436E+03	 3.564E+03	-7.015E+02	 1.130E+00	 1.133E+00	 1.034E+00	 2.372E-01	-5.428E-01	 1.801E-02	 1.130E+00	 2.372E-01	 0.000E+00	 0.000E+00	 0.000E+00	 3.595E+02	 5.052E+00
  126.7500	 4.999E+00	 2.070E-03	 7.394E+00	 7.172E+02	 3.247E+02	 0.000E+00	 1.501E+03	 1.498E+03	 1.610E+03	-1.928E+03	 3.681E+03	-1.362E+03	 9.472E-01	 1.006E+00	 9.451E-01	 1.848E-01	-5.486E-01	 1.097E-01	 9.472E-01	 1.848E-01	 0.000E+00	 0.000E+00	 0.000E+00	 3.497E+02	 4.932E+00
  127.0000	 5.000E+00	 7.444E-03	 7.367E+00	 7.145E+02	 3.358E+02	 0.000E+00	 1.603E+03	 1.852E+03	 1.856E+03	-1.330E+03	 3.683E+03	-1.957E+03	 9.286E-01	 1.165E+00	 9.641E-01	 1.085E-01	-5.602E-01	 1.864E-01	 9.286E-01	 1.085E-01	 0.000E+00	 0.000E+00	 0.000E+00	 3.363E+02	 4.762E+00
  127.2500	 5.002E+00	-1.950E-03	 7.345E+00	 7.125E+02	 3.468E+02	 0.000E+00	 1.647E+03	 2.122E+03	 1.853E+03	-7.003E+02	 3.554E+03	-2.477E+03	 1.022E+00	 1.346E+00	 1.047E+00	 2.044E-02	-5.568E-01	 2.474E-01	 1.022E+00	 2.044E-02	 0.000E+00	 0.000E+00	 0.000E+00	 3.224E+02	 4.577E+00
  127.5000	 5.000E+00	-6.537E-03	 7.324E+00	 7.104E+02	 3.578E+02	 0.000E+00	 1.750E+03	 2.086E+03	 1.965E+03	-2.377E+01	 3.294E+03	-2.902E+03	 1.069E+00	 1.327E+00	 1.082E+00	-7.098E-02	-5.220E-01	 3.007E-01	 1.069E+00	-7.098E-02	 0.000E+00	 0.000E+00	 0.000E+00	 3.081E+02	 4.387E+00
  127.7500	 4.999E+00	-3.641E-03	 7.306E+00	 7.088E+02	 8.802E+00	 0.000E+00	 1.693E+03	 1.870E+03	 1.946E+03	 6.713E+02	 2.886E+03	-3.209E+03	 1.085E+00	 1.178E+00	 1.098E+00	-1.635E-01	-4.575E-01	 3.395E-01	 1.085E+00	-1.635E-01	 0.000E+00	 0.000E+00	 0.000E+00	 2.944E+02	 4.202E+00
  128.0000	 4.998E+00	 1.031E-03	 7.286E+00	 7.068E+02	 1.975E+01	 0.000E+00	 1.677E+03	 1.730E+03	 1.931E+03	 1.331E+03	 2.378E+03	-3.379E+03	 1.067E+00	 1.064E+00	 1.080E+00	-2.481E-01	-3.818E-01	 3.625E-01	 1.067E+00	-2.481E-01	 0.000E+00	 0.000E+00	 0.000E+00	 2.807E+02	 4.018E+00
  128.2500	 4.999E+00	 1.900E-03	 7.267E+00	 7.050E+02	 3.066E+01	 0.000E+00	 1.629E+03	 1.746E+03	 1.879E+03	 1.930E+03	 1.829E+03	-3.441E+03	 1.061E+00	 1.040E+00	 1.066E+00	-3.250E-01	-3.092E-01	 3.718E-01	 1.061E+00	-3.250E-01	 0.000E+00	 0.000E+00	 0.000E+00	 2.673E+02	 3.836E+00
  128.5000	 4.999E+00	 6.789E-04	 7.249E+00	 7.032E+02	 4.155E+01	 0.000E+00	 1.639E+03	 1.833E+03	 1.859E+03	 2.467E+03	 1.229E+03	-3.396E+03	 1.064E+00	 1.048E+00	 1.053E+00	-3.947E-01	-2.329E-01	 3.683E-01	 1.064E+00	-3.947E-01	 0.000E+00	 0.000E+00	 0.000E+00	 2.542E+02	 3.657E+00
  128.7500	 5.000E+00	 1.644E-03	 7.233E+00	 7.017E+02	 5.241E+01	 0.000E+00	 1.655E+03	 1.818E+03	 1.823E+03	 2.932E+03	 5.607E+02	-3.204E+03	 1.084E+00	 1.050E+00	 1.047E+00	-4.570E-01	-1.462E-01	 3.439E-01	 1.084E+00	-4.570E-01	 0.000E+00	 0.000E+00	 0.000E+00	 2.416E+02	 3.484E+00
  129.0000	 5.000E+00	 9.306E-04	 7.217E+00	 7.001E+02	 6.325E+01	 0.000E+00	 1.693E+03	 1.807E+03	 1.797E+03	 3.287E+03	-1.364E+02	-2.878E+03	 1.099E+00	 1.034E+00	 1.040E+00	-5.037E-01	-5.379E-02	 3.019E-01	 1.099E+00	-5.037E-01	 0.000E+00	 0.000E+00	 0.000E+00	 2.297E+02	 3.319E+00
  129.2500	 5.000E+00	-3.060E-04	 7.202E+00	 6.987E+02	 7.406E+01	 0.000E+00	 1.698E+03	 1.842E+03	 1.761E+03	 3.517E+03	-7.874E+02	-2.467E+03	 1.105E+00	 1.035E+00	 1.034E+00	-5.339E-01	 3.023E-02	 2.491E-01	 1.105E+00	-5.339E-01	 0.000E+00	 0.000E+00	 0.000E+00	 2.182E+02	 3.160E+00
  129.5000	 5.000E+00	-3.204E-04	 7.189E+00	 6.974E+02	 8.485E+01	 0.000E+00	 1.706E+03	 1.872E+03	 1.728E+03	 3.630E+03	-1.403E+03	-1.979E+03	 1.103E+00	 1.051E+00	 1.027E+00	-5.480E-01	 1.081E-01	 1.872E-01	 1.103E+00	-5.480E-01	 0.000E+00	 0.000E+00	 0.000E+00	 2.075E+02	 3.010E+00
  129.7500	 5.000E+00	 8.641E-05	 7.175E+00	 6.960E+02	 9.563E+01	 0.000E+00	 1.722E+03	 1.911E+03	 1.691E+03	 3.624E+03	-1.992E+03	-1.394E+03	 1.104E+00	 1.063E+00	 1.021E+00	-5.473E-01	 1.843E-01	 1.114E-01	 1.104E+00	-5.473E-01	 0.000E+00	 0.000E+00	 0.000E+00	 1.973E+02	 2.867E+00
  130.0000	 5.000E+00	-6.030E-05	 7.163E+00	 6.949E+02	 1.064E+02	 0.000E+00	 1.751E+03	 1.914E+03	 1.661E+03	 3.489E+03	-2.508E+03	-7.526E+02	 1.109E+00	 1.067E+00	 1.017E+00	-5.297E-01	 2.515E-01	 2.761E-02	 1.109E+00	-5.297E-01	 0.000E+00	 0.000E+00	 0.000E+00	 1.877E+02	 2.733E+00
  130.2500	 5.000E+00	-3.004E-04	 7.152E+00	 6.938E+02	 1.171E+02	 0.000E+00	 1.777E+03	 1.911E+03	 1.640E+03	 3.231E+03	-2.909E+03	-1.060E+02	 1.112E+00	 1.062E+00	 1.018E+00	-4.959E-01	 3.035E-01	-5.598E-02	 1.112E+00	-4.959E-01	 0.000E+00	 0.000E+00	 0.000E+00	 1.787E+02	 2.606E+00
  130.5000	 5.000E+00	-3.467E-04	 7.141E+00	 6.927E+02	 1.278E+02	 0.000E+00	 1.795E+03	 1.899E+03	 1.624E+03	 2.872E+03	-3.212E+03	 5.488E+02	 1.108E+00	 1.058E+00	 1.021E+00	-4.491E-01	 3.429E-01	-1.410E-01	 1.108E+00	-4.491E-01	 0.000E+00	 0.000E+00	 0.000E+00	 1.703E+02	 2.487E+00
  130.7500	 5.000E+00	-1.985E-04	 7.131E+00	 6.918E+02	 1.385E+02	 0.000E+00	 1.807E+03	 1.890E+03	 1.613E+03	 2.415E+03	-3.425E+03	 1.207E+03	 1.099E+00	 1.054E+00	 1.027E+00	-3.891E-01	 3.720E-01	-2.276E-01	 1.099E+00	-3.891E-01	 0.000E+00	 0.000E+00	 0.000E+00	 1.625E+02	 2.376E+00
  131.0000	 5.000E+00	 5.513E-05	 7.122E+00	 6.908E+02	 1.492E+02	 0.000E+00	 1.816E+03	 1.869E+03	 1.611E+03	 1.873E+03	-3.501E+03	 1.819E+03	 1.086E+00	 1.049E+00	 1.035E+00	-3.177E-01	 3.827E-01	-3.082E-01	 1.086E+00	-3.177E-01	 0.000E+00	 0.000E+00	 0.000E+00	 1.550E+02	 2.270E+00
  131.2500	 5.000E+00	 2.731E-04	 7.113E+00	 6.900E+02	 1.599E+02	 0.000E+00	 1.821E+03	 1.844E+03	 1.616E+03	 1.269E+03	-3.437E+03	 2.348E+03	 1.072E+00	 1.042E+00	 1.045E+00	-2.381E-01	 3.745E-01	-3.770E-01	 1.072E+00	-2.381E-01	 0.000E+00	 0.000E+00	 0.000E+00	 1.481E+02	 2.171E+00
  131.5000	 5.000E+00	 5.223E-04	 7.104E+00	 6.891E+02	 1.706E+02	 0.000E+00	 1.825E+03	 1.813E+03	 1.626E+03	 6.328E+02	-3.268E+03	 2.810E+03	 1.058E+00	 1.034E+00	 1.056E+00	-1.549E-01	 3.534E-01	-4.375E-01	 1.058E+00	-1.549E-01	 0.000E+00	 0.000E+00	 0.000E+00	 1.416E+02	 2.078E+00
  131.7500	 5.000E+00	 6.566E-04	 7.096E+00	 6.884E+02	 1.812E+02	 0.000E+00	 1.833E+03	 1.780E+03	 1.640E+03	-2.542E+01	-2.999E+03	 3.191E+03	 1.047E+00	 1.025E+00	 1.067E+00	-6.885E-02	 3.202E-01	-4.885E-01	 1.047E+00	-6.885E-02	 0.000E+00	 0.000E+00	 0.000E+00	 1.354E+02	 1.990E+00
  132.0000	 5.000E+00	 5.097E-04	 7.089E+00	 6.876E+02	 1.919E+02	 0.000E+00	 1.844E+03	 1.743E+03	 1.660E+03	-6.850E+02	-2.604E+03	 3.449E+03	 1.041E+00	 1.017E+00	 1.078E+00	 1.729E-02	 2.695E-01	-5.225E-01	 1.041E+00	 1.729E-02	 0.000E+00	 0.000E+00	 0.000E+00	 1.296E+02	 1.907E+00
  132.2500	 5.000E+00	-1.211E-04	 7.082E+00	 6.870E+02	 2.025E+02	 0.000E+00	 1.863E+03	 1.709E+03	 1.684E+03	-1.313E+03	-2.109E+03	 3.577E+03	 1.043E+00	 1.009E+00	 1.086E+00	 9.860E-02	 2.052E-01	-5.389E-01	 1.043E+00	 9.860E-02	 0.000E+00	 0.000E+00	 0.000E+00	 1.242E+02	 1.828E+00
  132.5000	 5.000E+00	-4.107E-04	 7.075E+00	 6.863E+02	 2.131E+02	 0.000E+00	 1.887E+03	 1.676E+03	 1.703E+03	-1.891E+03	-1.562E+03	 3.600E+03	 1.050E+00	 1.004E+00	 1.092E+00	 1.727E-01	 1.350E-01	-5.422E-01	 1.050E+00	 1.727E-01	 0.000E+00	 0.000E+00	 0.000E+00	 1.190E+02	 1.755E+00
  132.7500	 5.000E+00	-4.309E-04	 7.069E+00	 6.857E+02	 2.237E+02	 0.000E+00	 1.903E+03	 1.647E+03	 1.729E+03	-2.405E+03	-9.626E+02	 3.511E+03	 1.057E+00	 1.000E+00	 1.097E+00	 2.389E-01	 5.783E-02	-5.314E-01	 1.057E+00	 2.389E-01	 0.000E+00	 0.000E+00	 0.000E+00	 1.142E+02	 1.685E+00
  133.0000	 5.000E+00	-1.689E-04	 7.063E+00	 6.851E+02	 2.343E+02	 0.000E+00	 1.907E+03	 1.621E+03	 1.755E+03	-2.841E+03	-3.070E+02	 3.284E+03	 1.058E+00	 1.000E+00	 1.100E+00	 2.957E-01	-2.789E-02	-5.017E-01	 1.058E+00	 2.957E-01	 0.000E+00	 0.000E+00	 0.000E+00	 1.097E+02	 1.620E+00
  133.2500	 5.000E+00	-4.201E-04	 7.058E+00	 6.846E+02	 2.449E+02	 0.000E+00	 1.900E+03	 1.604E+03	 1.779E+03	-3.173E+03	 3.598E+02	 2.946E+03	 1.055E+00	 1.003E+00	 1.100E+00	 3.392E-01	-1.154E-01	-4.572E-01	 1.055E+00	 3.392E-01	 0.000E+00	 0.000E+00	 0.000E+00	 1.055E+02	 1.559E+00
  133.5000	 5.000E+00	-4.092E-04	 7.053E+00	 6.841E+02	 2.555E+02	 0.000E+00	 1.888E+03	 1.595E+03	 1.794E+03	-3.395E+03	 9.939E+02	 2.529E+03	 1.051E+00	 1.009E+00	 1.094E+00	 3.684E-01	-1.978E-01	-4.029E-01	 1.051E+00	 3.684E-01	 0.000E+00	 0.000E+00	 0.000E+00	 1.017E+02	 1.503E+00
  133.7500	 5.000E+00	-1.153E-04	 7.048E+00	 6.837E+02	 2.661E+02	 0.000E+00	 1.871E+03	 1.591E+03	 1.807E+03	-3.505E+03	 1.603E+03	 2.026E+03	 1.046E+00	 1.017E+00	 1.084E+00	 3.834E-01	-2.772E-01	-3.372E-01	 1.046E+00	 3.834E-01	 0.000E+00	 0.000E+00	 0.000E+00	 9.801E+01	 1.450E+00
  134.0000	 5.000E+00	 3.998E-04	 7.044E+00	 6.833E+02	 2.766E+02	 0.000E+00	 1.846E+03	 1.591E+03	 1.817E+03	-3.495E+03	 2.176E+03	 1.438E+03	 1.038E+00	 1.026E+00	 1.073E+00	 3.831E-01	-3.532E-01	-2.597E-01	 1.038E+00	 3.831E-01	 0.000E+00	 0.000E+00	 0.000E+00	 9.460E+01	 1.401E+00
  134.2500	 5.000E+00	 4.295E-04	 7.039E+00	 6.828E+02	 2.872E+02	 0.000E+00	 1.814E+03	 1.602E+03	 1.825E+03	-3.361E+03	 2.665E+03	 8.109E+02	 1.029E+00	 1.037E+00	 1.060E+00	 3.666E-01	-4.176E-01	-1.772E-01	 1.029E+00	 3.666E-01	 0.000E+00	 0.000E+00	 0.000E+00	 9.140E+01	 1.354E+00
  134.5000	 5.000E+00	 5.170E-04	 7.035E+00	 6.824E+02	 2.977E+02	 0.000E+00	 1.780E+03	 1.617E+03	 1.831E+03	-3.112E+03	 3.049E+03	 1.746E+02	 1.020E+00	 1.050E+00	 1.049E+00	 3.350E-01	-4.678E-01	-9.459E-02	 1.020E+00	 3.350E-01	 0.000E+00	 0.000E+00	 0.000E+00	 8.836E+01	 1.310E+00
  134.7500	 5.000E+00	 3.587E-04	 7.031E+00	 6.821E+02	 3.083E+02	 0.000E+00	 1.745E+03	 1.636E+03	 1.842E+03	-2.760E+03	 3.344E+03	-4.765E+02	 1.011E+00	 1.061E+00	 1.042E+00	 2.904E-01	-5.069E-01	-9.820E-03	 1.011E+00	 2.904E-01	 0.000E+00	 0.000E+00	 0.000E+00	 8.550E+01	 1.268E+00
  135.0000	 5.000E+00	 3.837E-04	 7.028E+00	 6.817E+02	 3.188E+02	 0.000E+00	 1.709E+03	 1.659E+03	 1.856E+03	-2.312E+03	 3.539E+03	-1.122E+03	 1.003E+00	 1.073E+00	 1.040E+00	 2.329E-01	-5.335E-01	 7.448E-02	 1.003E+00	 2.329E-01	 0.000E+00	 0.000E+00	 0.000E+00	 8.276E+01	 1.228E+00
  135.2500	 5.000E+00	-4.354E-04	 7.024E+00	 6.814E+02	 3.294E+02	 0.000E+00	 1.674E+03	 1.688E+03	 1.878E+03	-1.781E+03	 3.597E+03	-1.715E+03	 9.958E-01	 1.083E+00	 1.045E+00	 1.644E-01	-5.413E-01	 1.509E-01	 9.958E-01	 1.644E-01	 0.000E+00	 0.000E+00	 0.000E+00	 8.020E+01	 1.191E+00
  135.5000	 5.000E+00	-2.654E-04	 7.021E+00	 6.811E+02	 3.399E+02	 0.000E+00	 1.642E+03	 1.715E+03	 1.900E+03	-1.191E+03	 3.529E+03	-2.238E+03	 9.909E-01	 1.091E+00	 1.054E+00	 8.804E-02	-5.322E-01	 2.176E-01	 9.909E-01	 8.804E-02	 0.000E+00	 0.000E+00	 0.000E+00	 7.777E+01	 1.155E+00
  135.7500	 5.000E+00	-5.480E-04	 7.018E+00	 6.808E+02	 3.504E+02	 0.000E+00	 1.616E+03	 1.742E+03	 1.912E+03	-5.624E+02	 3.361E+03	-2.701E+03	 9.890E-01	 1.096E+00	 1.060E+00	 6.563E-03	-5.109E-01	 2.775E-01	 9.890E-01	 6.563E-03	 0.000E+00	 0.000E+00	 0.000E+00	 7.553E+01	 1.122E+00
  136.0000	 5.000E+00	-3.138E-04	 7.016E+00	 6.805E+02	 9.678E-01	 0.000E+00	 1.595E+03	 1.767E+03	 1.910E+03	 9.030E+01	 3.083E+03	-3.079E+03	 9.904E-01	 1.098E+00	 1.059E+00	-7.849E-02	-4.754E-01	 3.272E-01	 9.904E-01	-7.849E-02	 0.000E+00	 0.000E+00	 0.000E+00	 7.345E+01	 1.092E+00
  136.2500	 5.000E+00	-1.651E-04	 7.013E+00	 6.803E+02	 1.149E+01	 0.000E+00	 1.582E+03	 1.790E+03	 1.897E+03	 7.437E+02	 2.686E+03	-3.338E+03	 9.950E-01	 1.096E+00	 1.054E+00	-1.641E-01	-4.232E-01	 3.610E-01	 9.950E-01	-1.641E-01	 0.000E+00	 0.000E+00	 0.000E+00	 7.154E+01	 1.064E+00
  136.5000	 5.000E+00	-1.735E-04	 7.011E+00	 6.801E+02	 2.201E+01	 0.000E+00	 1.577E+03	 1.807E+03	 1.878E+03	 1.369E+03	 2.203E+03	-3.482E+03	 1.003E+00	 1.090E+00	 1.047E+00	-2.460E-01	-3.596E-01	 3.801E-01	 1.003E+00	-2.460E-01	 0.000E+00	 0.000E+00	 0.000E+00	 6.977E+01	 1.038E+00
  136.7500	 5.000E+00	 9.292E-05	 7.009E+00	 6.799E+02	 3.252E+01	 0.000E+00	 1.578E+03	 1.818E+03	 1.855E+03	 1.947E+03	 1.664E+03	-3.523E+03	 1.012E+00	 1.079E+00	 1.040E+00	-3.218E-01	-2.895E-01	 3.867E-01	 1.012E+00	-3.218E-01	 0.000E+00	 0.000E+00	 0.000E+00	 6.811E+01	 1.013E+00
  137.0000	 5.000E+00	 2.875E-04	 7.007E+00	 6.797E+02	 4.304E+01	 0.000E+00	 1.584E+03	 1.828E+03	 1.826E+03	 2.465E+03	 1.065E+03	-3.443E+03	 1.023E+00	 1.068E+00	 1.031E+00	-3.900E-01	-2.112E-01	 3.776E-01	 1.023E+00	-3.900E-01	 0.000E+00	 0.000E+00	 0.000E+00	 6.657E+01	 9.908E-01
  137.2500	 5.000E+00	 6.603E-04	 7.005E+00	 6.795E+02	 5.354E+01	 0.000E+00	 1.598E+03	 1.838E+03	 1.790E+03	 2.900E+03	 4.167E+02	-3.232E+03	 1.035E+00	 1.058E+00	 1.020E+00	-4.475E-01	-1.260E-01	 3.508E-01	 1.035E+00	-4.475E-01	 0.000E+00	 0.000E+00	 0.000E+00	 6.510E+01	 9.691E-01
  137.5000	 5.000E+00	 3.890E-04	 7.003E+00	 6.793E+02	 6.405E+01	 0.000E+00	 1.618E+03	 1.847E+03	 1.753E+03	 3.234E+03	-2.340E+02	-2.918E+03	 1.049E+00	 1.050E+00	 1.010E+00	-4.917E-01	-4.104E-02	 3.108E-01	 1.049E+00	-4.917E-01	 0.000E+00	 0.000E+00	 0.000E+00	 6.370E+01	 9.486E-01
  137.7500	 5.000E+00	 1.064E-04	 7.001E+00	 6.791E+02	 7.455E+01	 0.000E+00	 1.642E+03	 1.860E+03	 1.716E+03	 3.461E+03	-8.635E+02	-2.516E+03	 1.062E+00	 1.046E+00	 1.001E+00	-5.219E-01	 4.028E-02	 2.599E-01	 1.062E+00	-5.219E-01	 0.000E+00	 0.000E+00	 0.000E+00	 6.235E+01	 9.287E-01
  138.0000	 5.000E+00	 1.521E-04	 6.999E+00	 6.789E+02	 8.505E+01	 0.000E+00	 1.670E+03	 1.875E+03	 1.681E+03	 3.575E+03	-1.475E+03	-2.020E+03	 1.074E+00	 1.046E+00	 9.931E-01	-5.376E-01	 1.196E-01	 1.962E-01	 1.074E+00	-5.376E-01	 0.000E+00	 0.000E+00	 0.000E+00	 6.106E+01	 9.097E-01
  138.2500	 5.000E+00	-3.441E-04	 6.998E+00	 6.788E+02	 9.555E+01	 0.000E+00	 1.700E+03	 1.897E+03	 1.647E+03	 3.569E+03	-2.045E+03	-1.446E+03	 1.085E+00	 1.053E+00	 9.862E-01	-5.374E-01	 1.934E-01	 1.216E-01	 1.085E+00	-5.374E-01	 0.000E+00	 0.000E+00	 0.000E+00	 5.984E+01	 8.918E-01
  138.5000	 5.000E+00	-6.126E-04	 6.996E+00	 6.786E+02	 1.060E+02	 0.000E+00	 1.732E+03	 1.916E+03	 1.615E+03	 3.441E+03	-2.531E+03	-8.327E+02	 1.094E+00	 1.062E+00	 9.818E-01	-5.211E-01	 2.556E-01	 4.219E-02	 1.094E+00	-5.211E-01	 0.000E+00	 0.000E+00	 0.000E+00	 5.870E+01	 8.750E-01
  138.7500	 5.000E+00	-4.921E-04	 6.995E+00	 6.785E+02	 1.165E+02	 0.000E+00	 1.761E+03	 1.921E+03	 1.593E+03	 3.201E+03	-2.928E+03	-1.977E+02	 1.099E+00	 1.065E+00	 9.813E-01	-4.902E-01	 3.065E-01	-3.993E-02	 1.099E+00	-4.902E-01	 0.000E+00	 0.000E+00	 0.000E+00	 5.768E+01	 8.598E-01
  139.0000	 5.000E+00	-2.815E-04	 6.994E+00	 6.784E+02	 1.270E+02	 0.000E+00	 1.786E+03	 1.914E+03	 1.576E+03	 2.859E+03	-3.242E+03	 4.585E+02	 1.100E+00	 1.062E+00	 9.847E-01	-4.459E-01	 3.480E-01	-1.258E-01	 1.100E+00	-4.459E-01	 0.000E+00	 0.000E+00	 0.000E+00	 5.674E+01	 8.461E-01
  139.2500	 5.000E+00	-1.035E-05	 6.993E+00	 6.783E+02	 1.375E+02	 0.000E+00	 1.808E+03	 1.894E+03	 1.567E+03	 2.419E+03	-3.450E+03	 1.105E+03	 1.097E+00	 1.055E+00	 9.911E-01	-3.885E-01	 3.761E-01	-2.108E-01	 1.097E+00	-3.885E-01	 0.000E+00	 0.000E+00	 0.000E+00	 5.591E+01	 8.338E-01
  139.5000	 5.000E+00	-2.997E-05	 6.992E+00	 6.782E+02	 1.480E+02	 0.000E+00	 1.824E+03	 1.869E+03	 1.567E+03	 1.898E+03	-3.526E+03	 1.701E+03	 1.090E+00	 1.045E+00	 1.001E+00	-3.203E-01	 3.866E-01	-2.888E-01	 1.090E+00	-3.203E-01	 0.000E+00	 0.000E+00	 0.000E+00	 5.515E+01	 8.225E-01
  139.7500	 5.000E+00	 1.242E-04	 6.991E+00	 6.781E+02	 1.585E+02	 0.000E+00	 1.835E+03	 1.839E+03	 1.572E+03	 1.319E+03	-3.487E+03	 2.239E+03	 1.080E+00	 1.035E+00	 1.012E+00	-2.446E-01	 3.823E-01	-3.594E-01	 1.080E+00	-2.446E-01	 0.000E+00	 0.000E+00	 0.000E+00	 5.444E+01	 8.120E-01
  140.0000	 5.000E+00	 4.876E-04	 6.990E+00	 6.781E+02	 1.690E+02	 0.000E+00	 1.845E+03	 1.806E+03	 1.583E+03	 6.980E+02	-3.344E+03	 2.716E+03	 1.069E+00	 1.024E+00	 1.024E+00	-1.634E-01	 3.652E-01	-4.226E-01	 1.069E+00	-1.634E-01	 0.000E+00	 0.000E+00	 0.000E+00	 5.376E+01	 8.021E-01
  140.2500	 5.000E+00	 5.994E-04	 6.989E+00	 6.780E+02	 1.795E+02	 0.000E+00	 1.857E+03	 1.767E+03	 1.601E+03	 5.146E+01	-3.082E+03	 3.101E+03	 1.061E+00	 1.012E+00	 1.037E+00	-7.900E-02	 3.325E-01	-4.738E-01	 1.061E+00	-7.900E-02	 0.000E+00	 0.000E+00	 0.000E+00	 5.311E+01	 7.924E-01
  140.5000	 5.000E+00	 4.286E-04	 6.988E+00	 6.779E+02	 1.900E+02	 0.000E+00	 1.868E+03	 1.727E+03	 1.626E+03	-5.953E+02	-2.705E+03	 3.369E+03	 1.056E+00	 1.001E+00	 1.052E+00	 5.217E-03	 2.841E-01	-5.092E-01	 1.056E+00	 5.217E-03	 0.000E+00	 0.000E+00	 0.000E+00	 5.247E+01	 7.830E-01
  140.7500	 5.000E+00	 1.294E-04	 6.987E+00	 6.778E+02	 2.004E+02	 0.000E+00	 1.882E+03	 1.690E+03	 1.654E+03	-1.218E+03	-2.244E+03	 3.530E+03	 1.054E+00	 9.916E-01	 1.066E+00	 8.586E-02	 2.250E-01	-5.309E-01	 1.054E+00	 8.586E-02	 0.000E+00	 0.000E+00	 0.000E+00	 5.183E+01	 7.736E-01
  141.0000	 5.000E+00	-2.093E-04	 6.986E+00	 6.777E+02	 2.109E+02	 0.000E+00	 1.896E+03	 1.656E+03	 1.685E+03	-1.800E+03	-1.717E+03	 3.585E+03	 1.056E+00	 9.849E-01	 1.079E+00	 1.612E-01	 1.574E-01	-5.391E-01	 1.056E+00	 1.612E-01	 0.000E+00	 0.000E+00	 0.000E+00	 5.122E+01	 7.646E-01
  141.2500	 5.000E+00	-3.388E-04	 6.986E+00	 6.776E+02	 2.214E+02	 0.000E+00	 1.916E+03	 1.624E+03	 1.719E+03	-2.325E+03	-1.120E+03	 3.512E+03	 1.063E+00	 9.785E-01	 1.090E+00	 2.288E-01	 8.031E-02	-5.304E-01	 1.063E+00	 2.288E-01	 0.000E+00	 0.000E+00	 0.000E+00	 5.064E+01	 7.560E-01
  141.5000	 5.000E+00	-5.174E-04	 6.985E+00	 6.776E+02	 2.319E+02	 0.000E+00	 1.931E+03	 1.592E+03	 1.754E+03	-2.769E+03	-4.794E+02	 3.315E+03	 1.070E+00	 9.750E-01	 1.100E+00	 2.859E-01	-3.274E-03	-5.049E-01	 1.070E+00	 2.859E-01	 0.000E+00	 0.000E+00	 0.000E+00	 5.012E+01	 7.483E-01
  141.7500	 5.000E+00	-5.343E-04	 6.985E+00	 6.775E+02	 2.423E+02	 0.000E+00	 1.929E+03	 1.574E+03	 1.784E+03	-3.119E+03	 1.669E+02	 3.018E+03	 1.071E+00	 9.757E-01	 1.105E+00	 3.312E-01	-8.724E-02	-4.667E-01	 1.071E+00	 3.312E-01	 0.000E+00	 0.000E+00	 0.000E+00	 4.968E+01	 7.417E-01
  142.0000	 5.000E+00	-9.936E-05	 6.984E+00	 6.775E+02	 2.528E+02	 0.000E+00	 1.915E+03	 1.561E+03	 1.808E+03	-3.368E+03	 8.060E+02	 2.629E+03	 1.065E+00	 9.811E-01	 1.105E+00	 3.643E-01	-1.705E-01	-4.164E-01	 1.065E+00	 3.643E-01	 0.000E+00	 0.000E+00	 0.000E+00	 4.931E+01	 7.362E-01
  142.2500	 5.000E+00	 6.269E-06	 6.984E+00	 6.775E+02	 2.633E+02	 0.000E+00	 1.889E+03	 1.558E+03	 1.829E+03	-3.507E+03	 1.432E+03	 2.141E+03	 1.055E+00	 9.892E-01	 1.100E+00	 3.835E-01	-2.529E-01	-3.527E-01	 1.055E+00	 3.835E-01	 0.000E+00	 0.000E+00	 0.000E+00	 4.899E+01	 7.315E-01
