
Predictions were generated on 17-Aug-2026 at 08:25:20 using OpenFAST, compiled as a 64-bit application using single precision at commit v3.5.1
 linked with  NWTC Subroutine Library; ElastoDyn; InflowWind; AeroDyn; ServoDyn

Description from the FAST input file: FAST                   Certification - Test #26: NREL 5.0 MW Baseline Wind Turbine (Onshore)

Time	YawPzn	YawVzn	RotSpeed	GenSpeed	Azimuth	BlPitch1	RootMyc1	RootMyc2	RootMyc3	RootMxc1	RootMxc2	RootMxc3	OoPDefl1	OoPDefl2	OoPDefl3	IPDefl1	IPDefl2	IPDefl3	TipDxc1	TipDyc1	BlPitchC1	BlPitchC2	BlPitchC3	GenPwr	GenTq
(s)	(deg)	(deg/s)	(rpm)	(rpm)	(deg)	(deg)	(kN-m)	(kN-m)	(kN-m)	(kN-m)	(kN-m)	(kN-m)	(m)	(m)	(m)	(m)	(m)	(m)	(m)	(m)	(deg)	(deg)	(deg)	(kW)	(kN-m)
    0.0000	 0.000E+00	 0.000E+00	 9.000E+00	 8.730E+02	 0.000E+00	 0.000E+00	 6.194E+01	 7.651E+01	 1.354E+02	 6.583E+00	 8.279E+02	-8.350E+02	 0.000E+00	 0.000E+00	 0.000E+00	 0.000E+00	 0.000E+00	 0.000E+00	 0.000E+00	 0.000E+00	 0.000E+00	 0.000E+00	 0.000E+00	 1.682E+03	 1.949E+01
    0.2500	-2.635E-03	-1.430E-02	 8.845E+00	 8.526E+02	 1.334E+01	 0.000E+00	 1.636E+03	 1.560E+03	 1.805E+03	 1.301E+03	 3.858E+03	-2.728E+03	 6.682E-01	 7.632E-01	 7.431E-01	-2.658E-01	-6.360E-01	 2.379E-01	 6.682E-01	-2.658E-01	 0.000E+00	 0.000E+00	 0.000E+00	 1.594E+03	 1.892E+01
    0.5000	-4.124E-03	 4.787E-03	 8.809E+00	 8.656E+02	 2.663E+01	 0.000E+00	 2.953E+03	 3.628E+03	 3.663E+03	 1.982E+03	 4.220E+03	-5.525E+03	 1.698E+00	 2.281E+00	 1.942E+00	-3.849E-01	-8.086E-01	 6.840E-01	 1.698E+00	-3.849E-01	 0.000E+00	 0.000E+00	 0.000E+00	 1.623E+03	 1.897E+01
    0.7500	 4.444E-04	 2.231E-02	 8.649E+00	 8.303E+02	 3.972E+01	 0.000E+00	 3.734E+03	 4.979E+03	 4.017E+03	 3.182E+03	 9.508E+02	-2.250E+03	 2.218E+00	 2.617E+00	 2.236E+00	-6.144E-01	-2.973E-01	 7.593E-02	 2.218E+00	-6.144E-01	 0.000E+00	 0.000E+00	 0.000E+00	 1.489E+03	 1.814E+01
    1.0000	 3.649E-03	-4.720E-03	 8.693E+00	 8.563E+02	 5.277E+01	 0.000E+00	 3.781E+03	 3.384E+03	 3.435E+03	 3.092E+03	-7.580E+02	-8.795E+02	 2.322E+00	 2.184E+00	 2.120E+00	-5.683E-01	 7.858E-03	-1.448E-01	 2.322E+00	-5.683E-01	 0.000E+00	 0.000E+00	 0.000E+00	 1.504E+03	 1.777E+01
    1.2500	-2.386E-03	-2.387E-02	 8.536E+00	 8.209E+02	 6.572E+01	 0.000E+00	 3.427E+03	 2.924E+03	 3.469E+03	 3.447E+03	 1.311E+03	-3.638E+03	 2.115E+00	 1.592E+00	 1.906E+00	-5.875E-01	-3.412E-01	 3.890E-01	 2.115E+00	-5.875E-01	 0.000E+00	 0.000E+00	 0.000E+00	 1.400E+03	 1.725E+01
    1.5000	-2.917E-03	 1.986E-02	 8.549E+00	 8.372E+02	 7.853E+01	 0.000E+00	 3.069E+03	 2.669E+03	 3.109E+03	 4.511E+03	 7.045E+02	-3.284E+03	 1.932E+00	 1.552E+00	 1.805E+00	-7.645E-01	-2.869E-01	 3.517E-01	 1.932E+00	-7.645E-01	 0.000E+00	 0.000E+00	 0.000E+00	 1.368E+03	 1.653E+01
    1.7500	 3.112E-03	 2.004E-02	 8.434E+00	 8.162E+02	 9.131E+01	 0.000E+00	 3.220E+03	 3.157E+03	 3.039E+03	 3.966E+03	-3.287E+03	 1.539E+00	 1.917E+00	 1.582E+00	 1.775E+00	-6.423E-01	 4.087E-01	-1.768E-01	 1.917E+00	-6.423E-01	 0.000E+00	 0.000E+00	 0.000E+00	 1.307E+03	 1.620E+01
    2.0000	 2.705E-03	-2.146E-02	 8.396E+00	 8.150E+02	 1.039E+02	 0.000E+00	 3.245E+03	 2.852E+03	 3.142E+03	 3.767E+03	-2.633E+03	 8.670E+02	 1.941E+00	 1.609E+00	 1.891E+00	-6.360E-01	 2.416E-01	-3.325E-01	 1.941E+00	-6.360E-01	 0.000E+00	 0.000E+00	 0.000E+00	 1.233E+03	 1.530E+01
    2.2500	-2.841E-03	-1.185E-02	 8.350E+00	 8.136E+02	 1.165E+02	 0.000E+00	 3.145E+03	 3.060E+03	 3.476E+03	 3.346E+03	-1.012E+03	-1.662E+03	 1.868E+00	 1.651E+00	 1.971E+00	-5.467E-01	-5.187E-02	 1.717E-01	 1.868E+00	-5.467E-01	 0.000E+00	 0.000E+00	 0.000E+00	 1.209E+03	 1.503E+01
    2.5000	-2.584E-03	 1.090E-02	 8.264E+00	 7.969E+02	 1.289E+02	 0.000E+00	 2.999E+03	 3.177E+03	 3.157E+03	 3.693E+03	-2.473E+03	 4.413E+02	 1.796E+00	 1.762E+00	 1.929E+00	-6.421E-01	 1.605E-01	-1.761E-01	 1.796E+00	-6.421E-01	 0.000E+00	 0.000E+00	 0.000E+00	 1.120E+03	 1.421E+01
    2.7500	 6.849E-04	 1.085E-02	 8.265E+00	 8.082E+02	 1.414E+02	 0.000E+00	 3.153E+03	 3.258E+03	 3.069E+03	 2.482E+03	-4.994E+03	 3.467E+03	 1.799E+00	 1.726E+00	 1.889E+00	-4.434E-01	 6.152E-01	-6.677E-01	 1.799E+00	-4.434E-01	 0.000E+00	 0.000E+00	 0.000E+00	 1.108E+03	 1.386E+01
    3.0000	 8.711E-04	-7.822E-03	 8.162E+00	 7.858E+02	 1.537E+02	 0.000E+00	 3.057E+03	 2.935E+03	 3.234E+03	 1.560E+03	-3.037E+03	 2.637E+03	 1.744E+00	 1.666E+00	 1.959E+00	-3.107E-01	 2.684E-01	-5.012E-01	 1.744E+00	-3.107E-01	 0.000E+00	 0.000E+00	 0.000E+00	 1.031E+03	 1.327E+01
    3.2500	-6.793E-04	-1.902E-03	 8.173E+00	 7.982E+02	 1.659E+02	 0.000E+00	 2.868E+03	 3.074E+03	 3.331E+03	 1.377E+03	-1.334E+03	 1.225E+03	 1.625E+00	 1.721E+00	 1.972E+00	-3.066E-01	-3.757E-02	-2.225E-01	 1.625E+00	-3.066E-01	 0.000E+00	 0.000E+00	 0.000E+00	 1.009E+03	 1.278E+01
    3.5000	-1.371E-03	-6.072E-03	 8.085E+00	 7.807E+02	 1.781E+02	 0.000E+00	 2.878E+03	 3.257E+03	 3.075E+03	 6.537E+02	-3.443E+03	 3.546E+03	 1.596E+00	 1.810E+00	 1.902E+00	-2.056E-01	 3.503E-01	-5.976E-01	 1.596E+00	-2.056E-01	 0.000E+00	 0.000E+00	 0.000E+00	 9.581E+02	 1.242E+01
    3.7500	-1.847E-03	 8.074E-03	 8.076E+00	 7.854E+02	 1.902E+02	 0.000E+00	 2.980E+03	 3.159E+03	 3.023E+03	-4.148E+02	-3.714E+03	 5.539E+03	 1.623E+00	 1.766E+00	 1.890E+00	-6.553E-02	 4.137E-01	-9.518E-01	 1.623E+00	-6.553E-02	 0.000E+00	 0.000E+00	 0.000E+00	 9.190E+02	 1.184E+01
    4.0000	 1.994E-03	 1.433E-02	 8.027E+00	 7.788E+02	 2.023E+02	 0.000E+00	 2.939E+03	 3.003E+03	 3.264E+03	-1.454E+03	-1.062E+03	 3.118E+03	 1.585E+00	 1.756E+00	 1.932E+00	 1.002E-01	-1.739E-02	-5.049E-01	 1.585E+00	 1.002E-01	 0.000E+00	 0.000E+00	 0.000E+00	 8.935E+02	 1.161E+01
    4.2500	 2.219E-03	-1.267E-02	 7.988E+00	 7.733E+02	 2.143E+02	 0.000E+00	 2.789E+03	 3.122E+03	 3.177E+03	-1.346E+03	 1.167E+02	 2.537E+03	 1.531E+00	 1.833E+00	 1.885E+00	 4.061E-02	-2.188E-01	-4.058E-01	 1.531E+00	 4.061E-02	 0.000E+00	 0.000E+00	 0.000E+00	 8.445E+02	 1.105E+01
    4.5000	-2.009E-03	-1.472E-02	 7.974E+00	 7.765E+02	 2.263E+02	 0.000E+00	 2.946E+03	 3.271E+03	 2.958E+03	-2.208E+03	-1.748E+03	 4.634E+03	 1.572E+00	 1.872E+00	 1.805E+00	 1.731E-01	 1.535E-01	-7.686E-01	 1.572E+00	 1.731E-01	 0.000E+00	 0.000E+00	 0.000E+00	 8.319E+02	 1.084E+01
    4.7500	-2.441E-03	 1.342E-02	 7.916E+00	 7.644E+02	 2.382E+02	 0.000E+00	 3.037E+03	 3.068E+03	 2.985E+03	-3.003E+03	-6.050E+02	 4.650E+03	 1.628E+00	 1.820E+00	 1.794E+00	 2.825E-01	-1.413E-02	-7.953E-01	 1.628E+00	 2.825E-01	 0.000E+00	 0.000E+00	 0.000E+00	 7.853E+02	 1.039E+01
    5.0000	 2.501E-03	 1.593E-02	 7.920E+00	 7.718E+02	 2.501E+02	 0.000E+00	 2.978E+03	 3.002E+03	 3.147E+03	-3.167E+03	 2.283E+03	 1.750E+03	 1.614E+00	 1.829E+00	 1.785E+00	 3.000E-01	-4.918E-01	-2.969E-01	 1.614E+00	 3.000E-01	 0.000E+00	 0.000E+00	 0.000E+00	 7.727E+02	 1.013E+01
    5.2500	 1.715E-03	-2.120E-02	 7.862E+00	 7.597E+02	 2.619E+02	 0.000E+00	 2.920E+03	 3.187E+03	 2.960E+03	-2.980E+03	 2.145E+03	 1.601E+03	 1.607E+00	 1.907E+00	 1.695E+00	 2.595E-01	-4.415E-01	-2.843E-01	 1.607E+00	 2.595E-01	 0.000E+00	 0.000E+00	 0.000E+00	 7.384E+02	 9.832E+00
    5.5000	-3.384E-03	-9.028E-03	 7.863E+00	 7.650E+02	 2.737E+02	 0.000E+00	 3.063E+03	 3.208E+03	 2.764E+03	-3.224E+03	 9.448E+02	 3.282E+03	 1.661E+00	 1.908E+00	 1.616E+00	 2.935E-01	-1.999E-01	-6.126E-01	 1.661E+00	 2.935E-01	 0.000E+00	 0.000E+00	 0.000E+00	 7.189E+02	 9.506E+00
    5.7500	-1.600E-03	 1.758E-02	 7.822E+00	 7.577E+02	 2.855E+02	 0.000E+00	 3.108E+03	 3.015E+03	 2.919E+03	-3.530E+03	 2.638E+03	 1.487E+03	 1.705E+00	 1.846E+00	 1.621E+00	 3.578E-01	-4.604E-01	-3.243E-01	 1.705E+00	 3.578E-01	 0.000E+00	 0.000E+00	 0.000E+00	 6.985E+02	 9.326E+00
    6.0000	 1.914E-03	 6.024E-03	 7.808E+00	 7.575E+02	 2.972E+02	 0.000E+00	 2.989E+03	 3.011E+03	 2.963E+03	-2.752E+03	 4.773E+03	-1.002E+03	 1.686E+00	 1.862E+00	 1.600E+00	 2.261E-01	-8.297E-01	 7.908E-02	 1.686E+00	 2.261E-01	 0.000E+00	 0.000E+00	 0.000E+00	 6.724E+02	 8.980E+00
    6.2500	 1.010E-03	-1.070E-02	 7.790E+00	 7.566E+02	 3.089E+02	 0.000E+00	 3.024E+03	 3.203E+03	 2.766E+03	-2.302E+03	 3.332E+03	-4.538E+02	 1.705E+00	 1.912E+00	 1.515E+00	 1.704E-01	-5.565E-01	-3.720E-02	 1.705E+00	 1.704E-01	 0.000E+00	 0.000E+00	 0.000E+00	 6.620E+02	 8.851E+00
    6.5000	-1.200E-03	-3.068E-03	 7.760E+00	 7.512E+02	 3.206E+02	 0.000E+00	 3.111E+03	 3.106E+03	 2.704E+03	-2.079E+03	 2.544E+03	 4.360E+02	 1.766E+00	 1.861E+00	 1.494E+00	 1.449E-01	-4.066E-01	-2.357E-01	 1.766E+00	 1.449E-01	 0.000E+00	 0.000E+00	 0.000E+00	 6.348E+02	 8.549E+00
    6.7500	-4.001E-04	 6.409E-03	 7.757E+00	 7.545E+02	 3.322E+02	 0.000E+00	 3.091E+03	 2.940E+03	 2.945E+03	-1.643E+03	 4.341E+03	-2.040E+03	 1.777E+00	 1.794E+00	 1.554E+00	 9.975E-02	-7.140E-01	 1.705E-01	 1.777E+00	 9.975E-02	 0.000E+00	 0.000E+00	 0.000E+00	 6.270E+02	 8.407E+00
    7.0000	 6.558E-04	 1.942E-03	 7.722E+00	 7.471E+02	 3.438E+02	 0.000E+00	 2.994E+03	 3.007E+03	 2.944E+03	-5.360E+02	 4.822E+03	-3.548E+03	 1.760E+00	 1.810E+00	 1.556E+00	-6.577E-02	-8.106E-01	 4.125E-01	 1.760E+00	-6.577E-02	 0.000E+00	 0.000E+00	 0.000E+00	 6.045E+02	 8.184E+00
    7.2500	 1.168E-03	 1.965E-03	 7.725E+00	 7.511E+02	 3.554E+02	 0.000E+00	 3.062E+03	 3.105E+03	 2.788E+03	 1.730E+02	 2.646E+03	-2.059E+03	 1.801E+00	 1.803E+00	 1.518E+00	-1.621E-01	-4.362E-01	 1.288E-01	 1.801E+00	-1.621E-01	 0.000E+00	 0.000E+00	 0.000E+00	 5.946E+02	 8.008E+00
    7.5000	 5.095E-04	-8.771E-03	 7.695E+00	 7.452E+02	 6.958E+00	 0.000E+00	 3.132E+03	 2.946E+03	 2.870E+03	 4.551E+02	 2.162E+03	-2.016E+03	 1.849E+00	 1.708E+00	 1.561E+00	-1.787E-01	-3.557E-01	 1.009E-01	 1.849E+00	-1.787E-01	 0.000E+00	 0.000E+00	 0.000E+00	 5.796E+02	 7.868E+00
    7.7500	-1.991E-03	-6.109E-03	 7.691E+00	 7.468E+02	 1.849E+01	 0.000E+00	 3.052E+03	 2.807E+03	 3.062E+03	 1.328E+03	 3.616E+03	-4.136E+03	 1.833E+00	 1.653E+00	 1.623E+00	-3.031E-01	-6.373E-01	 4.596E-01	 1.833E+00	-3.031E-01	 0.000E+00	 0.000E+00	 0.000E+00	 5.659E+02	 7.666E+00
    8.0000	-1.105E-03	 1.196E-02	 7.674E+00	 7.444E+02	 3.002E+01	 0.000E+00	 3.005E+03	 2.930E+03	 3.000E+03	 2.243E+03	 2.502E+03	-4.200E+03	 1.821E+00	 1.661E+00	 1.617E+00	-4.299E-01	-4.669E-01	 4.755E-01	 1.821E+00	-4.299E-01	 0.000E+00	 0.000E+00	 0.000E+00	 5.575E+02	 7.577E+00
    8.2500	 1.877E-03	 6.570E-03	 7.661E+00	 7.426E+02	 4.152E+01	 0.000E+00	 3.079E+03	 2.927E+03	 2.869E+03	 2.717E+03	 2.166E+02	-2.157E+03	 1.857E+00	 1.611E+00	 1.612E+00	-4.934E-01	-9.195E-02	 1.112E-01	 1.857E+00	-4.934E-01	 0.000E+00	 0.000E+00	 0.000E+00	 5.420E+02	 7.383E+00
    8.5000	 6.753E-04	-1.472E-02	 7.655E+00	 7.435E+02	 5.301E+01	 0.000E+00	 3.120E+03	 2.745E+03	 3.017E+03	 2.832E+03	 3.067E+02	-2.572E+03	 1.875E+00	 1.518E+00	 1.671E+00	-4.883E-01	-1.287E-01	 1.916E-01	 1.875E+00	-4.883E-01	 0.000E+00	 0.000E+00	 0.000E+00	 5.370E+02	 7.306E+00
    8.7500	-2.616E-03	-4.489E-03	 7.635E+00	 7.395E+02	 6.447E+01	 0.000E+00	 3.009E+03	 2.713E+03	 3.117E+03	 3.487E+03	 1.064E+03	-3.862E+03	 1.838E+00	 1.505E+00	 1.710E+00	-5.867E-01	-3.000E-01	 4.341E-01	 1.838E+00	-5.867E-01	 0.000E+00	 0.000E+00	 0.000E+00	 5.227E+02	 7.150E+00
    9.0000	-3.194E-04	 1.870E-02	 7.635E+00	 7.418E+02	 7.593E+01	 0.000E+00	 2.989E+03	 2.884E+03	 2.987E+03	 3.932E+03	-8.484E+02	-2.460E+03	 1.816E+00	 1.540E+00	 1.696E+00	-6.525E-01	 2.286E-03	 2.113E-01	 1.816E+00	-6.525E-01	 0.000E+00	 0.000E+00	 0.000E+00	 5.174E+02	 7.055E+00
    9.2500	 2.940E-03	 1.419E-03	 7.616E+00	 7.378E+02	 8.737E+01	 0.000E+00	 3.068E+03	 2.851E+03	 2.929E+03	 3.711E+03	-2.587E+03	-5.252E+02	 1.829E+00	 1.510E+00	 1.712E+00	-6.090E-01	 2.836E-01	-1.092E-01	 1.829E+00	-6.090E-01	 0.000E+00	 0.000E+00	 0.000E+00	 5.067E+02	 6.948E+00
    9.5000	 5.406E-04	-1.512E-02	 7.616E+00	 7.395E+02	 9.879E+01	 0.000E+00	 3.034E+03	 2.719E+03	 3.093E+03	 3.524E+03	-1.728E+03	-1.125E+03	 1.808E+00	 1.470E+00	 1.774E+00	-5.770E-01	 1.058E-01	 2.030E-02	 1.808E+00	-5.770E-01	 0.000E+00	 0.000E+00	 0.000E+00	 4.997E+02	 6.835E+00
    9.7500	-1.770E-03	-3.022E-04	 7.601E+00	 7.370E+02	 1.102E+02	 0.000E+00	 2.925E+03	 2.829E+03	 3.113E+03	 3.640E+03	-1.600E+03	-1.503E+03	 1.745E+00	 1.520E+00	 1.794E+00	-5.996E-01	 5.515E-02	 1.233E-01	 1.745E+00	-5.996E-01	 0.000E+00	 0.000E+00	 0.000E+00	 4.931E+02	 6.768E+00
   10.0000	-2.086E-05	 1.033E-02	 7.596E+00	 7.369E+02	 1.216E+02	 0.000E+00	 2.922E+03	 2.983E+03	 2.952E+03	 3.444E+03	-3.486E+03	 7.179E+02	 1.716E+00	 1.578E+00	 1.769E+00	-5.805E-01	 3.641E-01	-2.377E-01	 1.716E+00	-5.805E-01	 0.000E+00	 0.000E+00	 0.000E+00	 4.843E+02	 6.648E+00
   10.2500	 1.351E-03	-1.308E-03	 7.590E+00	 7.365E+02	 1.330E+02	 0.000E+00	 2.968E+03	 2.917E+03	 2.986E+03	 2.586E+03	-4.054E+03	 1.999E+03	 1.703E+00	 1.559E+00	 1.797E+00	-4.456E-01	 4.581E-01	-4.345E-01	 1.703E+00	-4.456E-01	 0.000E+00	 0.000E+00	 0.000E+00	 4.805E+02	 6.600E+00
   10.5000	-6.043E-05	-6.894E-03	 7.580E+00	 7.348E+02	 1.444E+02	 0.000E+00	 2.869E+03	 2.837E+03	 3.129E+03	 2.096E+03	-2.600E+03	 1.142E+03	 1.640E+00	 1.557E+00	 1.851E+00	-3.808E-01	 1.915E-01	-2.562E-01	 1.640E+00	-3.808E-01	 0.000E+00	 0.000E+00	 0.000E+00	 4.719E+02	 6.497E+00
   10.7500	-1.048E-03	-8.368E-04	 7.579E+00	 7.358E+02	 1.557E+02	 0.000E+00	 2.781E+03	 2.983E+03	 3.074E+03	 1.815E+03	-2.771E+03	 1.510E+03	 1.572E+00	 1.626E+00	 1.840E+00	-3.542E-01	 2.163E-01	-2.876E-01	 1.572E+00	-3.542E-01	 0.000E+00	 0.000E+00	 0.000E+00	 4.690E+02	 6.447E+00
   11.0000	-8.633E-04	 1.988E-03	 7.567E+00	 7.334E+02	 1.671E+02	 0.000E+00	 2.813E+03	 3.057E+03	 2.940E+03	 1.048E+03	-4.072E+03	 3.608E+03	 1.558E+00	 1.660E+00	 1.810E+00	-2.501E-01	 4.521E-01	-6.344E-01	 1.558E+00	-2.501E-01	 0.000E+00	 0.000E+00	 0.000E+00	 4.617E+02	 6.369E+00
   11.2500	 1.763E-04	 6.216E-03	 7.567E+00	 7.346E+02	 1.784E+02	 0.000E+00	 2.831E+03	 2.951E+03	 3.022E+03	 1.900E+01	-3.282E+03	 3.851E+03	 1.541E+00	 1.640E+00	 1.836E+00	-9.962E-02	 3.283E-01	-6.619E-01	 1.541E+00	-9.962E-02	 0.000E+00	 0.000E+00	 0.000E+00	 4.581E+02	 6.308E+00
   11.5000	 1.370E-03	 9.207E-04	 7.557E+00	 7.326E+02	 1.898E+02	 0.000E+00	 2.744E+03	 2.930E+03	 3.118E+03	-5.148E+02	-1.621E+03	 2.674E+03	 1.488E+00	 1.670E+00	 1.853E+00	-3.368E-02	 4.951E-02	-4.373E-01	 1.488E+00	-3.368E-02	 0.000E+00	 0.000E+00	 0.000E+00	 4.532E+02	 6.258E+00
   11.7500	 2.363E-04	-8.422E-03	 7.556E+00	 7.331E+02	 2.011E+02	 0.000E+00	 2.724E+03	 3.061E+03	 2.999E+03	-8.995E+02	-1.900E+03	 3.402E+03	 1.468E+00	 1.732E+00	 1.809E+00	 2.110E-03	 1.158E-01	-5.542E-01	 1.468E+00	 2.110E-03	 0.000E+00	 0.000E+00	 0.000E+00	 4.485E+02	 6.188E+00
   12.0000	-1.248E-03	-2.072E-04	 7.549E+00	 7.323E+02	 2.125E+02	 0.000E+00	 2.828E+03	 3.066E+03	 2.912E+03	-1.796E+03	-2.367E+03	 4.681E+03	 1.502E+00	 1.740E+00	 1.776E+00	 1.303E-01	 2.295E-01	-7.774E-01	 1.502E+00	 1.303E-01	 0.000E+00	 0.000E+00	 0.000E+00	 4.455E+02	 6.154E+00
   12.2500	 5.061E-04	 1.159E-02	 7.545E+00	 7.317E+02	 2.238E+02	 0.000E+00	 2.856E+03	 2.948E+03	 3.004E+03	-2.509E+03	-6.530E+02	 3.756E+03	 1.517E+00	 1.727E+00	 1.780E+00	 2.283E-01	-4.324E-02	-6.214E-01	 1.517E+00	 2.283E-01	 0.000E+00	 0.000E+00	 0.000E+00	 4.402E+02	 6.086E+00
   12.5000	 2.211E-03	-1.921E-03	 7.543E+00	 7.319E+02	 2.351E+02	 0.000E+00	 2.810E+03	 2.989E+03	 3.023E+03	-2.699E+03	 7.624E+02	 2.462E+03	 1.507E+00	 1.771E+00	 1.750E+00	 2.422E-01	-2.659E-01	-3.976E-01	 1.507E+00	 2.422E-01	 0.000E+00	 0.000E+00	 0.000E+00	 4.383E+02	 6.057E+00
   12.7500	-3.549E-04	-1.401E-02	 7.536E+00	 7.307E+02	 2.464E+02	 0.000E+00	 2.851E+03	 3.099E+03	 2.861E+03	-2.914E+03	 3.057E+02	 3.174E+03	 1.529E+00	 1.819E+00	 1.681E+00	 2.614E-01	-1.561E-01	-5.357E-01	 1.529E+00	 2.614E-01	 0.000E+00	 0.000E+00	 0.000E+00	 4.336E+02	 6.003E+00
   13.0000	-2.073E-03	 3.205E-03	 7.536E+00	 7.314E+02	 2.577E+02	 0.000E+00	 2.955E+03	 3.042E+03	 2.822E+03	-3.429E+03	 5.582E+02	 3.412E+03	 1.577E+00	 1.806E+00	 1.644E+00	 3.400E-01	-1.650E-01	-5.996E-01	 1.577E+00	 3.400E-01	 0.000E+00	 0.000E+00	 0.000E+00	 4.317E+02	 5.971E+00
   13.2500	 3.573E-04	 1.113E-02	 7.529E+00	 7.300E+02	 2.690E+02	 0.000E+00	 2.946E+03	 2.949E+03	 2.910E+03	-3.533E+03	 2.443E+03	 1.625E+03	 1.596E+00	 1.795E+00	 1.631E+00	 3.537E-01	-4.683E-01	-3.092E-01	 1.596E+00	 3.537E-01	 0.000E+00	 0.000E+00	 0.000E+00	 4.282E+02	 5.933E+00
   13.5000	 1.349E-03	-4.471E-03	 7.529E+00	 7.306E+02	 2.803E+02	 0.000E+00	 2.909E+03	 3.034E+03	 2.846E+03	-3.170E+03	 3.132E+03	 5.970E+02	 1.599E+00	 1.835E+00	 1.575E+00	 2.915E-01	-5.686E-01	-1.513E-01	 1.599E+00	 2.915E-01	 0.000E+00	 0.000E+00	 0.000E+00	 4.258E+02	 5.895E+00
   13.7500	-7.613E-04	-8.069E-03	 7.525E+00	 7.298E+02	 2.916E+02	 0.000E+00	 2.970E+03	 3.100E+03	 2.702E+03	-3.034E+03	 2.376E+03	 1.173E+03	 1.635E+00	 1.854E+00	 1.508E+00	 2.745E-01	-4.114E-01	-2.803E-01	 1.635E+00	 2.745E-01	 0.000E+00	 0.000E+00	 0.000E+00	 4.236E+02	 5.872E+00
   14.0000	-1.137E-03	 5.244E-03	 7.523E+00	 7.297E+02	 3.029E+02	 0.000E+00	 3.022E+03	 2.995E+03	 2.744E+03	-2.963E+03	 2.974E+03	 5.467E+02	 1.676E+00	 1.815E+00	 1.500E+00	 2.739E-01	-4.957E-01	-2.049E-01	 1.676E+00	 2.739E-01	 0.000E+00	 0.000E+00	 0.000E+00	 4.207E+02	 5.831E+00
   14.2500	 6.752E-04	 6.105E-03	 7.520E+00	 7.295E+02	 3.142E+02	 0.000E+00	 2.980E+03	 2.947E+03	 2.841E+03	-2.425E+03	 4.340E+03	-1.404E+03	 1.684E+00	 1.799E+00	 1.509E+00	 1.997E-01	-7.252E-01	 1.085E-01	 1.684E+00	 1.997E-01	 0.000E+00	 0.000E+00	 0.000E+00	 4.192E+02	 5.812E+00
   14.5000	 1.154E-03	-1.730E-03	 7.517E+00	 7.290E+02	 3.254E+02	 0.000E+00	 2.964E+03	 3.035E+03	 2.766E+03	-1.640E+03	 3.973E+03	-1.785E+03	 1.697E+00	 1.819E+00	 1.478E+00	 8.397E-02	-6.578E-01	 1.483E-01	 1.697E+00	 8.397E-02	 0.000E+00	 0.000E+00	 0.000E+00	 4.162E+02	 5.776E+00
   14.7500	 4.732E-04	-2.786E-03	 7.516E+00	 7.293E+02	 3.367E+02	 0.000E+00	 3.028E+03	 3.033E+03	 2.716E+03	-1.196E+03	 2.971E+03	-1.256E+03	 1.742E+00	 1.793E+00	 1.465E+00	 3.150E-02	-4.768E-01	 2.637E-02	 1.742E+00	 3.150E-02	 0.000E+00	 0.000E+00	 0.000E+00	 4.151E+02	 5.758E+00
   15.0000	-1.659E-04	-2.260E-03	 7.512E+00	 7.284E+02	 3.480E+02	 0.000E+00	 3.037E+03	 2.907E+03	 2.842E+03	-7.055E+02	 3.543E+03	-2.308E+03	 1.767E+00	 1.732E+00	 1.510E+00	-2.559E-02	-5.802E-01	 1.836E-01	 1.767E+00	-2.559E-02	 0.000E+00	 0.000E+00	 0.000E+00	 4.126E+02	 5.730E+00
   15.2500	-3.583E-04	 1.458E-03	 7.512E+00	 7.289E+02	 3.592E+02	 0.000E+00	 2.986E+03	 2.892E+03	 2.922E+03	 1.957E+02	 4.001E+03	-3.667E+03	 1.764E+00	 1.712E+00	 1.540E+00	-1.524E-01	-6.751E-01	 4.043E-01	 1.764E+00	-1.524E-01	 0.000E+00	 0.000E+00	 0.000E+00	 4.112E+02	 5.708E+00
   15.5000	 5.069E-04	 4.161E-03	 7.509E+00	 7.282E+02	 1.051E+01	 0.000E+00	 2.997E+03	 2.953E+03	 2.849E+03	 1.020E+03	 2.685E+03	-3.191E+03	 1.784E+00	 1.699E+00	 1.533E+00	-2.673E-01	-4.604E-01	 3.077E-01	 1.784E+00	-2.673E-01	 0.000E+00	 0.000E+00	 0.000E+00	 4.096E+02	 5.690E+00
   15.7500	 7.760E-04	-3.473E-03	 7.508E+00	 7.284E+02	 2.177E+01	 0.000E+00	 3.054E+03	 2.880E+03	 2.855E+03	 1.477E+03	 1.686E+03	-2.628E+03	 1.821E+00	 1.633E+00	 1.556E+00	-3.194E-01	-3.012E-01	 1.963E-01	 1.821E+00	-3.194E-01	 0.000E+00	 0.000E+00	 0.000E+00	 4.080E+02	 5.667E+00
   16.0000	-9.354E-04	-7.451E-03	 7.506E+00	 7.281E+02	 3.303E+01	 0.000E+00	 3.037E+03	 2.761E+03	 2.981E+03	 2.017E+03	 2.079E+03	-3.590E+03	 1.825E+00	 1.571E+00	 1.606E+00	-3.855E-01	-3.937E-01	 3.621E-01	 1.825E+00	-3.855E-01	 0.000E+00	 0.000E+00	 0.000E+00	 4.071E+02	 5.655E+00
   16.2500	-1.404E-03	 5.190E-03	 7.505E+00	 7.279E+02	 4.429E+01	 0.000E+00	 2.984E+03	 2.789E+03	 2.994E+03	 2.805E+03	 1.653E+03	-3.926E+03	 1.812E+00	 1.557E+00	 1.624E+00	-4.991E-01	-3.502E-01	 4.272E-01	 1.812E+00	-4.991E-01	 0.000E+00	 0.000E+00	 0.000E+00	 4.053E+02	 5.633E+00
   16.5000	 8.419E-04	 8.772E-03	 7.504E+00	 7.279E+02	 5.555E+01	 0.000E+00	 3.012E+03	 2.832E+03	 2.914E+03	 3.257E+03	-6.665E+01	-2.682E+03	 1.822E+00	 1.536E+00	 1.628E+00	-5.586E-01	-7.629E-02	 2.180E-01	 1.822E+00	-5.586E-01	 0.000E+00	 0.000E+00	 0.000E+00	 4.046E+02	 5.623E+00
   16.7500	 1.302E-03	-5.706E-03	 7.501E+00	 7.275E+02	 6.680E+01	 0.000E+00	 3.049E+03	 2.740E+03	 2.956E+03	 3.358E+03	-7.131E+02	-2.122E+03	 1.833E+00	 1.481E+00	 1.665E+00	-5.614E-01	 1.028E-02	 1.313E-01	 1.833E+00	-5.614E-01	 0.000E+00	 0.000E+00	 0.000E+00	 4.030E+02	 5.604E+00
   17.0000	-7.184E-04	-6.259E-03	 7.501E+00	 7.277E+02	 7.805E+01	 0.000E+00	 2.999E+03	 2.696E+03	 3.050E+03	 3.601E+03	-4.220E+02	-2.666E+03	 1.811E+00	 1.461E+00	 1.707E+00	-5.926E-01	-7.261E-02	 2.480E-01	 1.811E+00	-5.926E-01	 0.000E+00	 0.000E+00	 0.000E+00	 4.023E+02	 5.592E+00
   17.2500	-5.472E-04	 7.220E-03	 7.499E+00	 7.273E+02	 8.930E+01	 0.000E+00	 2.952E+03	 2.803E+03	 3.004E+03	 3.892E+03	-1.351E+03	-2.030E+03	 1.780E+00	 1.493E+00	 1.714E+00	-6.386E-01	 5.813E-02	 1.629E-01	 1.780E+00	-6.386E-01	 0.000E+00	 0.000E+00	 0.000E+00	 4.010E+02	 5.578E+00
   17.5000	 1.420E-03	 4.823E-03	 7.498E+00	 7.274E+02	 1.005E+02	 0.000E+00	 2.980E+03	 2.850E+03	 2.941E+03	 3.725E+03	-2.779E+03	-4.266E+02	 1.770E+00	 1.505E+00	 1.722E+00	-6.115E-01	 2.839E-01	-9.310E-02	 1.770E+00	-6.115E-01	 0.000E+00	 0.000E+00	 0.000E+00	 4.001E+02	 5.563E+00
   17.7500	 1.042E-03	-6.779E-03	 7.497E+00	 7.272E+02	 1.118E+02	 0.000E+00	 2.974E+03	 2.789E+03	 3.017E+03	 3.313E+03	-2.757E+03	-5.080E+01	 1.749E+00	 1.490E+00	 1.764E+00	-5.457E-01	 2.595E-01	-1.317E-01	 1.749E+00	-5.457E-01	 0.000E+00	 0.000E+00	 0.000E+00	 3.993E+02	 5.554E+00
   18.0000	-6.421E-04	-4.093E-03	 7.496E+00	 7.272E+02	 1.230E+02	 0.000E+00	 2.893E+03	 2.821E+03	 3.069E+03	 3.135E+03	-2.418E+03	-1.981E+02	 1.696E+00	 1.516E+00	 1.795E+00	-5.256E-01	 1.785E-01	-7.374E-02	 1.696E+00	-5.256E-01	 0.000E+00	 0.000E+00	 0.000E+00	 3.983E+02	 5.541E+00
   18.2500	-6.038E-04	 3.305E-03	 7.495E+00	 7.271E+02	 1.343E+02	 0.000E+00	 2.857E+03	 2.938E+03	 2.993E+03	 2.848E+03	-3.335E+03	 9.904E+02	 1.652E+00	 1.568E+00	 1.788E+00	-4.925E-01	 3.252E-01	-2.503E-01	 1.652E+00	-4.925E-01	 0.000E+00	 0.000E+00	 0.000E+00	 3.978E+02	 5.534E+00
   18.5000	 1.731E-04	 1.803E-03	 7.495E+00	 7.269E+02	 1.455E+02	 0.000E+00	 2.870E+03	 2.942E+03	 2.967E+03	 2.120E+03	-3.955E+03	 2.351E+03	 1.627E+00	 1.580E+00	 1.796E+00	-3.875E-01	 4.299E-01	-4.630E-01	 1.627E+00	-3.875E-01	 0.000E+00	 0.000E+00	 0.000E+00	 3.968E+02	 5.522E+00
   18.7500	 2.179E-04	-1.011E-03	 7.495E+00	 7.270E+02	 1.568E+02	 0.000E+00	 2.826E+03	 2.889E+03	 3.052E+03	 1.384E+03	-3.169E+03	 2.291E+03	 1.582E+00	 1.582E+00	 1.830E+00	-2.823E-01	 2.916E-01	-4.268E-01	 1.582E+00	-2.823E-01	 0.000E+00	 0.000E+00	 0.000E+00	 3.965E+02	 5.517E+00
   19.0000	-1.644E-04	-1.902E-03	 7.493E+00	 7.268E+02	 1.680E+02	 0.000E+00	 2.749E+03	 2.944E+03	 3.058E+03	 9.316E+02	-2.717E+03	 2.294E+03	 1.524E+00	 1.625E+00	 1.834E+00	-2.297E-01	 2.143E-01	-4.018E-01	 1.524E+00	-2.297E-01	 0.000E+00	 0.000E+00	 0.000E+00	 3.957E+02	 5.508E+00
   19.2500	-5.605E-04	-6.349E-04	 7.493E+00	 7.269E+02	 1.792E+02	 0.000E+00	 2.750E+03	 3.020E+03	 2.973E+03	 2.947E+02	-3.247E+03	 3.462E+03	 1.501E+00	 1.665E+00	 1.811E+00	-1.485E-01	 3.192E-01	-5.875E-01	 1.501E+00	-1.485E-01	 0.000E+00	 0.000E+00	 0.000E+00	 3.952E+02	 5.501E+00
   19.5000	-1.299E-04	 4.282E-03	 7.492E+00	 7.266E+02	 1.905E+02	 0.000E+00	 2.784E+03	 2.981E+03	 2.976E+03	-6.239E+02	-2.926E+03	 4.054E+03	 1.497E+00	 1.668E+00	 1.810E+00	-1.828E-02	 2.824E-01	-6.800E-01	 1.497E+00	-1.828E-02	 0.000E+00	 0.000E+00	 0.000E+00	 3.946E+02	 5.494E+00
   19.7500	 1.113E-03	 3.717E-03	 7.491E+00	 7.267E+02	 2.017E+02	 0.000E+00	 2.760E+03	 2.943E+03	 3.041E+03	-1.287E+03	-1.609E+03	 3.407E+03	 1.477E+00	 1.685E+00	 1.815E+00	 6.897E-02	 7.091E-02	-5.576E-01	 1.477E+00	 6.897E-02	 0.000E+00	 0.000E+00	 0.000E+00	 3.940E+02	 5.485E+00
   20.0000	 9.571E-04	-5.060E-03	 7.490E+00	 7.266E+02	 2.130E+02	 0.000E+00	 2.745E+03	 3.010E+03	 2.997E+03	-1.692E+03	-1.139E+03	 3.333E+03	 1.467E+00	 1.731E+00	 1.785E+00	 1.121E-01	 1.122E-02	-5.392E-01	 1.467E+00	 1.121E-01	 0.000E+00	 0.000E+00	 0.000E+00	 3.936E+02	 5.480E+00
   20.2500	-5.381E-04	-4.057E-03	 7.490E+00	 7.265E+02	 2.242E+02	 0.000E+00	 2.810E+03	 3.045E+03	 2.910E+03	-2.285E+03	-1.231E+03	 4.026E+03	 1.493E+00	 1.755E+00	 1.746E+00	 1.892E-01	 5.725E-02	-6.647E-01	 1.493E+00	 1.892E-01	 0.000E+00	 0.000E+00	 0.000E+00	 3.930E+02	 5.472E+00
   20.5000	-2.445E-04	 5.816E-03	 7.490E+00	 7.265E+02	 2.354E+02	 0.000E+00	 2.868E+03	 2.984E+03	 2.928E+03	-2.918E+03	-2.441E+02	 3.664E+03	 1.522E+00	 1.753E+00	 1.727E+00	 2.786E-01	-8.416E-02	-6.118E-01	 1.522E+00	 2.786E-01	 0.000E+00	 0.000E+00	 0.000E+00	 3.927E+02	 5.467E+00
   20.7500	 1.114E-03	 2.103E-03	 7.489E+00	 7.264E+02	 2.467E+02	 0.000E+00	 2.857E+03	 2.976E+03	 2.949E+03	-3.145E+03	 1.108E+03	 2.545E+03	 1.531E+00	 1.775E+00	 1.699E+00	 3.023E-01	-2.937E-01	-4.278E-01	 1.531E+00	 3.023E-01	 0.000E+00	 0.000E+00	 0.000E+00	 3.921E+02	 5.460E+00
   21.0000	 2.584E-04	-7.572E-03	 7.489E+00	 7.265E+02	 2.579E+02	 0.000E+00	 2.872E+03	 3.048E+03	 2.857E+03	-3.199E+03	 1.344E+03	 2.360E+03	 1.547E+00	 1.813E+00	 1.641E+00	 3.007E-01	-3.066E-01	-4.121E-01	 1.547E+00	 3.007E-01	 0.000E+00	 0.000E+00	 0.000E+00	 3.919E+02	 5.457E+00
   21.2500	-1.259E-03	-1.949E-03	 7.488E+00	 7.263E+02	 2.691E+02	 0.000E+00	 2.939E+03	 3.044E+03	 2.786E+03	-3.409E+03	 1.468E+03	 2.444E+03	 1.585E+00	 1.819E+00	 1.592E+00	 3.317E-01	-2.977E-01	-4.510E-01	 1.585E+00	 3.317E-01	 0.000E+00	 0.000E+00	 0.000E+00	 3.916E+02	 5.453E+00
   21.5000	-4.625E-04	 6.530E-03	 7.488E+00	 7.264E+02	 2.804E+02	 0.000E+00	 2.962E+03	 2.978E+03	 2.820E+03	-3.456E+03	 2.602E+03	 1.360E+03	 1.613E+00	 1.806E+00	 1.569E+00	 3.413E-01	-4.705E-01	-2.881E-01	 1.613E+00	 3.413E-01	 0.000E+00	 0.000E+00	 0.000E+00	 3.913E+02	 5.449E+00
   21.7500	 7.298E-04	 1.215E-03	 7.488E+00	 7.263E+02	 2.916E+02	 0.000E+00	 2.939E+03	 2.999E+03	 2.809E+03	-3.100E+03	 3.440E+03	 1.616E+02	 1.625E+00	 1.820E+00	 1.534E+00	 2.867E-01	-5.984E-01	-1.044E-01	 1.625E+00	 2.867E-01	 0.000E+00	 0.000E+00	 0.000E+00	 3.910E+02	 5.446E+00
   22.0000	 2.017E-04	-3.756E-03	 7.488E+00	 7.263E+02	 3.028E+02	 0.000E+00	 2.962E+03	 3.052E+03	 2.722E+03	-2.706E+03	 3.181E+03	 3.047E+01	 1.651E+00	 1.835E+00	 1.486E+00	 2.299E-01	-5.358E-01	-1.103E-01	 1.651E+00	 2.299E-01	 0.000E+00	 0.000E+00	 0.000E+00	 3.907E+02	 5.442E+00
   22.2500	-3.020E-04	 4.942E-04	 7.487E+00	 7.262E+02	 3.141E+02	 0.000E+00	 3.006E+03	 3.008E+03	 2.721E+03	-2.440E+03	 3.243E+03	-3.040E+02	 1.688E+00	 1.811E+00	 1.472E+00	 2.009E-01	-5.317E-01	-8.384E-02	 1.688E+00	 2.009E-01	 0.000E+00	 0.000E+00	 0.000E+00	 3.905E+02	 5.439E+00
   22.5000	 2.431E-04	 2.842E-03	 7.486E+00	 7.262E+02	 3.253E+02	 0.000E+00	 2.995E+03	 2.949E+03	 2.800E+03	-1.925E+03	 4.021E+03	-1.591E+03	 1.706E+00	 1.784E+00	 1.487E+00	 1.339E-01	-6.620E-01	 1.117E-01	 1.706E+00	 1.339E-01	 0.000E+00	 0.000E+00	 0.000E+00	 3.901E+02	 5.434E+00
   22.7500	 7.403E-04	 8.619E-04	 7.486E+00	 7.262E+02	 3.365E+02	 0.000E+00	 2.975E+03	 2.977E+03	 2.804E+03	-1.142E+03	 4.006E+03	-2.363E+03	 1.719E+00	 1.780E+00	 1.487E+00	 2.284E-02	-6.608E-01	 2.214E-01	 1.719E+00	 2.284E-02	 0.000E+00	 0.000E+00	 0.000E+00	 3.899E+02	 5.431E+00
   23.0000	 6.949E-04	-1.185E-03	 7.486E+00	 7.261E+02	 3.477E+02	 0.000E+00	 3.006E+03	 2.987E+03	 2.774E+03	-4.908E+02	 3.207E+03	-2.214E+03	 1.751E+00	 1.758E+00	 1.485E+00	-6.368E-02	-5.240E-01	 1.705E-01	 1.751E+00	-6.368E-02	 0.000E+00	 0.000E+00	 0.000E+00	 3.896E+02	 5.427E+00
   23.2500	 1.274E-04	-3.192E-03	 7.486E+00	 7.261E+02	 3.590E+02	 0.000E+00	 3.030E+03	 2.908E+03	 2.837E+03	 4.623E+01	 3.078E+03	-2.622E+03	 1.779E+00	 1.705E+00	 1.515E+00	-1.280E-01	-5.095E-01	 2.201E-01	 1.779E+00	-1.280E-01	 0.000E+00	 0.000E+00	 0.000E+00	 3.894E+02	 5.424E+00
   23.5000	-5.443E-04	-1.146E-03	 7.486E+00	 7.261E+02	 1.020E+01	 0.000E+00	 3.004E+03	 2.857E+03	 2.918E+03	 7.991E+02	 3.252E+03	-3.550E+03	 1.786E+00	 1.667E+00	 1.550E+00	-2.290E-01	-5.571E-01	 3.687E-01	 1.786E+00	-2.290E-01	 0.000E+00	 0.000E+00	 0.000E+00	 3.892E+02	 5.422E+00
   23.7500	-1.813E-04	 3.532E-03	 7.486E+00	 7.261E+02	 2.143E+01	 0.000E+00	 2.995E+03	 2.877E+03	 2.904E+03	 1.613E+03	 2.441E+03	-3.551E+03	 1.796E+00	 1.642E+00	 1.562E+00	-3.427E-01	-4.362E-01	 3.611E-01	 1.796E+00	-3.427E-01	 0.000E+00	 0.000E+00	 0.000E+00	 3.890E+02	 5.420E+00
   24.0000	 5.052E-04	 3.323E-04	 7.485E+00	 7.261E+02	 3.266E+01	 0.000E+00	 3.029E+03	 2.845E+03	 2.890E+03	 2.147E+03	 1.364E+03	-3.011E+03	 1.819E+00	 1.594E+00	 1.579E+00	-4.098E-01	-2.688E-01	 2.619E-01	 1.819E+00	-4.098E-01	 0.000E+00	 0.000E+00	 0.000E+00	 3.889E+02	 5.419E+00
   24.2500	-2.172E-04	-4.896E-03	 7.485E+00	 7.261E+02	 4.389E+01	 0.000E+00	 3.034E+03	 2.758E+03	 2.958E+03	 2.579E+03	 1.130E+03	-3.206E+03	 1.828E+00	 1.536E+00	 1.617E+00	-4.609E-01	-2.535E-01	 2.980E-01	 1.828E+00	-4.609E-01	 0.000E+00	 0.000E+00	 0.000E+00	 3.888E+02	 5.417E+00
   24.5000	-9.276E-04	 9.290E-04	 7.485E+00	 7.261E+02	 5.512E+01	 0.000E+00	 2.998E+03	 2.746E+03	 2.997E+03	 3.139E+03	 8.028E+02	-3.442E+03	 1.818E+00	 1.511E+00	 1.645E+00	-5.381E-01	-2.271E-01	 3.503E-01	 1.818E+00	-5.381E-01	 0.000E+00	 0.000E+00	 0.000E+00	 3.887E+02	 5.416E+00
   24.7500	 2.280E-04	 6.491E-03	 7.485E+00	 7.260E+02	 6.634E+01	 0.000E+00	 2.994E+03	 2.786E+03	 2.957E+03	 3.561E+03	-3.886E+02	-2.671E+03	 1.812E+00	 1.502E+00	 1.657E+00	-5.967E-01	-4.880E-02	 2.300E-01	 1.812E+00	-5.967E-01	 0.000E+00	 0.000E+00	 0.000E+00	 3.885E+02	 5.413E+00
   25.0000	 1.173E-03	-3.556E-04	 7.485E+00	 7.260E+02	 7.757E+01	 0.000E+00	 3.017E+03	 2.761E+03	 2.958E+03	 3.636E+03	-1.291E+03	-1.844E+03	 1.813E+00	 1.477E+00	 1.682E+00	-5.997E-01	 8.139E-02	 1.029E-01	 1.813E+00	-5.997E-01	 0.000E+00	 0.000E+00	 0.000E+00	 3.884E+02	 5.412E+00
   25.2500	 2.720E-04	-4.849E-03	 7.484E+00	 7.260E+02	 8.880E+01	 0.000E+00	 2.993E+03	 2.731E+03	 3.019E+03	 3.656E+03	-1.393E+03	-1.763E+03	 1.794E+00	 1.463E+00	 1.719E+00	-5.977E-01	 7.011E-02	 1.122E-01	 1.794E+00	-5.977E-01	 0.000E+00	 0.000E+00	 0.000E+00	 3.882E+02	 5.409E+00
   25.5000	-2.841E-04	 1.200E-03	 7.484E+00	 7.260E+02	 1.000E+02	 0.000E+00	 2.945E+03	 2.794E+03	 3.018E+03	 3.737E+03	-1.883E+03	-1.353E+03	 1.760E+00	 1.488E+00	 1.738E+00	-6.124E-01	 1.272E-01	 6.901E-02	 1.760E+00	-6.124E-01	 0.000E+00	 0.000E+00	 0.000E+00	 3.880E+02	 5.407E+00
   25.7500	 4.996E-04	 3.270E-03	 7.484E+00	 7.259E+02	 1.113E+02	 0.000E+00	 2.938E+03	 2.860E+03	 2.973E+03	 3.555E+03	-2.899E+03	-1.554E+02	 1.735E+00	 1.514E+00	 1.747E+00	-5.874E-01	 2.826E-01	-1.123E-01	 1.735E+00	-5.874E-01	 0.000E+00	 0.000E+00	 0.000E+00	 3.879E+02	 5.405E+00
   26.0000	 6.743E-04	-2.103E-03	 7.484E+00	 7.260E+02	 1.225E+02	 0.000E+00	 2.932E+03	 2.847E+03	 2.998E+03	 3.079E+03	-3.211E+03	 6.345E+02	 1.708E+00	 1.519E+00	 1.774E+00	-5.160E-01	 3.205E-01	-2.223E-01	 1.708E+00	-5.160E-01	 0.000E+00	 0.000E+00	 0.000E+00	 3.878E+02	 5.403E+00
   26.2500	-1.472E-04	-3.242E-03	 7.484E+00	 7.260E+02	 1.337E+02	 0.000E+00	 2.876E+03	 2.855E+03	 3.045E+03	 2.659E+03	-2.966E+03	 8.059E+02	 1.660E+00	 1.537E+00	 1.803E+00	-4.584E-01	 2.632E-01	-2.218E-01	 1.660E+00	-4.584E-01	 0.000E+00	 0.000E+00	 0.000E+00	 3.878E+02	 5.403E+00
   26.5000	-5.639E-04	 2.130E-05	 7.484E+00	 7.259E+02	 1.449E+02	 0.000E+00	 2.825E+03	 2.927E+03	 3.018E+03	 2.267E+03	-3.275E+03	 1.508E+03	 1.611E+00	 1.577E+00	 1.808E+00	-4.107E-01	 3.086E-01	-3.147E-01	 1.611E+00	-4.107E-01	 0.000E+00	 0.000E+00	 0.000E+00	 3.877E+02	 5.402E+00
   26.7500	-3.183E-04	 1.521E-03	 7.484E+00	 7.260E+02	 1.562E+02	 0.000E+00	 2.816E+03	 2.960E+03	 2.984E+03	 1.597E+03	-3.696E+03	 2.600E+03	 1.579E+00	 1.602E+00	 1.808E+00	-3.186E-01	 3.828E-01	-4.806E-01	 1.579E+00	-3.186E-01	 0.000E+00	 0.000E+00	 0.000E+00	 3.877E+02	 5.402E+00
   27.0000	 7.187E-05	 1.401E-03	 7.484E+00	 7.259E+02	 1.674E+02	 0.000E+00	 2.795E+03	 2.933E+03	 3.019E+03	 8.039E+02	-3.259E+03	 2.955E+03	 1.543E+00	 1.613E+00	 1.824E+00	-2.068E-01	 3.119E-01	-5.209E-01	 1.543E+00	-2.068E-01	 0.000E+00	 0.000E+00	 0.000E+00	 3.876E+02	 5.401E+00
   27.2500	 2.605E-04	-1.986E-04	 7.484E+00	 7.259E+02	 1.786E+02	 0.000E+00	 2.745E+03	 2.949E+03	 3.042E+03	 1.985E+02	-2.635E+03	 2.937E+03	 1.500E+00	 1.642E+00	 1.830E+00	-1.292E-01	 2.116E-01	-4.974E-01	 1.500E+00	-1.292E-01	 0.000E+00	 0.000E+00	 0.000E+00	 3.876E+02	 5.401E+00
   27.5000	-1.317E-05	-1.479E-03	 7.484E+00	 7.259E+02	 1.898E+02	 0.000E+00	 2.736E+03	 3.002E+03	 2.994E+03	-3.953E+02	-2.603E+03	 3.498E+03	 1.478E+00	 1.679E+00	 1.812E+00	-5.566E-02	 2.218E-01	-5.808E-01	 1.478E+00	-5.566E-02	 0.000E+00	 0.000E+00	 0.000E+00	 3.875E+02	 5.400E+00
   27.7500	-7.041E-05	 1.648E-03	 7.483E+00	 7.259E+02	 2.011E+02	 0.000E+00	 2.771E+03	 2.999E+03	 2.968E+03	-1.174E+03	-2.344E+03	 4.018E+03	 1.481E+00	 1.696E+00	 1.796E+00	 5.021E-02	 1.991E-01	-6.645E-01	 1.481E+00	 5.021E-02	 0.000E+00	 0.000E+00	 0.000E+00	 3.874E+02	 5.398E+00
   28.0000	 7.042E-04	 3.398E-03	 7.483E+00	 7.259E+02	 2.123E+02	 0.000E+00	 2.785E+03	 2.969E+03	 2.995E+03	-1.859E+03	-1.345E+03	 3.704E+03	 1.482E+00	 1.710E+00	 1.788E+00	 1.423E-01	 4.855E-02	-6.066E-01	 1.482E+00	 1.423E-01	 0.000E+00	 0.000E+00	 0.000E+00	 3.873E+02	 5.397E+00
   28.2500	 9.559E-04	-2.070E-03	 7.483E+00	 7.259E+02	 2.235E+02	 0.000E+00	 2.785E+03	 2.996E+03	 2.979E+03	-2.280E+03	-5.607E+02	 3.341E+03	 1.484E+00	 1.743E+00	 1.762E+00	 1.907E-01	-6.307E-02	-5.442E-01	 1.484E+00	 1.907E-01	 0.000E+00	 0.000E+00	 0.000E+00	 3.871E+02	 5.395E+00
   28.5000	-5.095E-05	-4.363E-03	 7.483E+00	 7.259E+02	 2.347E+02	 0.000E+00	 2.828E+03	 3.032E+03	 2.911E+03	-2.697E+03	-3.021E+02	 3.498E+03	 1.505E+00	 1.771E+00	 1.720E+00	 2.414E-01	-7.840E-02	-5.797E-01	 1.505E+00	 2.414E-01	 0.000E+00	 0.000E+00	 0.000E+00	 3.871E+02	 5.395E+00
   28.7500	-4.733E-04	 1.507E-03	 7.483E+00	 7.259E+02	 2.460E+02	 0.000E+00	 2.883E+03	 3.008E+03	 2.887E+03	-3.160E+03	 3.752E+02	 3.284E+03	 1.536E+00	 1.779E+00	 1.687E+00	 3.052E-01	-1.654E-01	-5.570E-01	 1.536E+00	 3.052E-01	 0.000E+00	 0.000E+00	 0.000E+00	 3.870E+02	 5.394E+00
   29.0000	 2.685E-04	 2.691E-03	 7.483E+00	 7.259E+02	 2.572E+02	 0.000E+00	 2.896E+03	 2.988E+03	 2.892E+03	-3.373E+03	 1.481E+03	 2.392E+03	 1.555E+00	 1.790E+00	 1.654E+00	 3.315E-01	-3.305E-01	-4.184E-01	 1.555E+00	 3.315E-01	 0.000E+00	 0.000E+00	 0.000E+00	 3.870E+02	 5.393E+00
   29.2500	 2.501E-04	-2.891E-03	 7.483E+00	 7.259E+02	 2.684E+02	 0.000E+00	 2.903E+03	 3.024E+03	 2.839E+03	-3.334E+03	 2.044E+03	 1.790E+03	 1.573E+00	 1.815E+00	 1.605E+00	 3.195E-01	-4.024E-01	-3.340E-01	 1.573E+00	 3.195E-01	 0.000E+00	 0.000E+00	 0.000E+00	 3.870E+02	 5.393E+00
   29.5000	-6.087E-04	-2.329E-03	 7.483E+00	 7.259E+02	 2.796E+02	 0.000E+00	 2.943E+03	 3.039E+03	 2.772E+03	-3.311E+03	 2.235E+03	 1.575E+03	 1.603E+00	 1.826E+00	 1.555E+00	 3.156E-01	-4.092E-01	-3.222E-01	 1.603E+00	 3.156E-01	 0.000E+00	 0.000E+00	 0.000E+00	 3.871E+02	 5.394E+00
   29.7500	-4.919E-04	 2.972E-03	 7.483E+00	 7.259E+02	 2.909E+02	 0.000E+00	 2.971E+03	 3.000E+03	 2.771E+03	-3.229E+03	 2.898E+03	 8.300E+02	 1.633E+00	 1.817E+00	 1.526E+00	 3.081E-01	-5.025E-01	-2.208E-01	 1.633E+00	 3.081E-01	 0.000E+00	 0.000E+00	 0.000E+00	 3.870E+02	 5.394E+00
   30.0000	 3.421E-04	 2.513E-03	 7.483E+00	 7.259E+02	 3.021E+02	 0.000E+00	 2.964E+03	 2.991E+03	 2.780E+03	-2.856E+03	 3.607E+03	-2.514E+02	 1.652E+00	 1.815E+00	 1.504E+00	 2.556E-01	-6.105E-01	-6.031E-02	 1.652E+00	 2.556E-01	 0.000E+00	 0.000E+00	 0.000E+00	 3.870E+02	 5.393E+00
   30.2500	 5.205E-04	-7.761E-04	 7.483E+00	 7.258E+02	 3.133E+02	 0.000E+00	 2.970E+03	 3.020E+03	 2.743E+03	-2.335E+03	 3.611E+03	-7.769E+02	 1.674E+00	 1.819E+00	 1.477E+00	 1.818E-01	-5.992E-01	 2.506E-03	 1.674E+00	 1.818E-01	 0.000E+00	 0.000E+00	 0.000E+00	 3.870E+02	 5.393E+00
   30.5000	 2.695E-04	-7.033E-04	 7.483E+00	 7.258E+02	 3.245E+02	 0.000E+00	 2.999E+03	 3.003E+03	 2.736E+03	-1.881E+03	 3.482E+03	-1.102E+03	 1.706E+00	 1.800E+00	 1.468E+00	 1.240E-01	-5.681E-01	 2.912E-02	 1.706E+00	 1.240E-01	 0.000E+00	 0.000E+00	 0.000E+00	 3.869E+02	 5.392E+00
   30.7500	 2.417E-04	 3.189E-04	 7.483E+00	 7.258E+02	 3.358E+02	 0.000E+00	 3.004E+03	 2.953E+03	 2.794E+03	-1.340E+03	 3.781E+03	-1.942E+03	 1.729E+00	 1.769E+00	 1.485E+00	 5.516E-02	-6.187E-01	 1.479E-01	 1.729E+00	 5.516E-02	 0.000E+00	 0.000E+00	 0.000E+00	 3.868E+02	 5.391E+00
   31.0000	 3.544E-04	 5.321E-04	 7.483E+00	 7.258E+02	 3.470E+02	 0.000E+00	 2.990E+03	 2.943E+03	 2.832E+03	-5.845E+02	 3.798E+03	-2.714E+03	 1.743E+00	 1.748E+00	 1.501E+00	-4.854E-02	-6.274E-01	 2.593E-01	 1.743E+00	-4.854E-02	 0.000E+00	 0.000E+00	 0.000E+00	 3.867E+02	 5.390E+00
   31.2500	 4.531E-04	-2.593E-05	 7.483E+00	 7.258E+02	 3.582E+02	 0.000E+00	 3.002E+03	 2.945E+03	 2.827E+03	 1.547E+02	 3.175E+03	-2.830E+03	 1.767E+00	 1.722E+00	 1.510E+00	-1.488E-01	-5.279E-01	 2.595E-01	 1.767E+00	-1.488E-01	 0.000E+00	 0.000E+00	 0.000E+00	 3.867E+02	 5.389E+00
   31.5000	 1.782E-04	-2.268E-03	 7.483E+00	 7.258E+02	 9.425E+00	 0.000E+00	 3.024E+03	 2.893E+03	 2.859E+03	 7.565E+02	 2.706E+03	-2.963E+03	 1.792E+00	 1.675E+00	 1.534E+00	-2.244E-01	-4.591E-01	 2.664E-01	 1.792E+00	-2.244E-01	 0.000E+00	 0.000E+00	 0.000E+00	 3.867E+02	 5.389E+00
   31.7500	-4.650E-04	-2.023E-03	 7.483E+00	 7.258E+02	 2.065E+01	 0.000E+00	 3.016E+03	 2.835E+03	 2.921E+03	 1.413E+03	 2.555E+03	-3.469E+03	 1.803E+00	 1.628E+00	 1.566E+00	-3.097E-01	-4.527E-01	 3.455E-01	 1.803E+00	-3.097E-01	 0.000E+00	 0.000E+00	 0.000E+00	 3.867E+02	 5.389E+00
   32.0000	-4.792E-04	 1.998E-03	 7.483E+00	 7.258E+02	 3.187E+01	 0.000E+00	 3.002E+03	 2.825E+03	 2.936E+03	 2.137E+03	 1.947E+03	-3.585E+03	 1.809E+00	 1.595E+00	 1.588E+00	-4.091E-01	-3.707E-01	 3.633E-01	 1.809E+00	-4.091E-01	 0.000E+00	 0.000E+00	 0.000E+00	 3.867E+02	 5.390E+00
   32.2500	 1.800E-04	 2.075E-03	 7.483E+00	 7.258E+02	 4.310E+01	 0.000E+00	 3.016E+03	 2.809E+03	 2.926E+03	 2.684E+03	 9.640E+02	-3.148E+03	 1.821E+00	 1.556E+00	 1.606E+00	-4.808E-01	-2.240E-01	 2.889E-01	 1.821E+00	-4.808E-01	 0.000E+00	 0.000E+00	 0.000E+00	 3.867E+02	 5.390E+00
   32.5000	 1.667E-04	-1.991E-03	 7.483E+00	 7.258E+02	 5.432E+01	 0.000E+00	 3.026E+03	 2.754E+03	 2.958E+03	 3.045E+03	 3.843E+02	-2.931E+03	 1.827E+00	 1.510E+00	 1.636E+00	-5.236E-01	-1.501E-01	 2.585E-01	 1.827E+00	-5.236E-01	 0.000E+00	 0.000E+00	 0.000E+00	 3.868E+02	 5.390E+00
   32.7500	-3.211E-04	-6.382E-04	 7.483E+00	 7.258E+02	 6.555E+01	 0.000E+00	 3.004E+03	 2.733E+03	 2.995E+03	 3.417E+03	-1.636E+01	-2.902E+03	 1.818E+00	 1.485E+00	 1.666E+00	-5.722E-01	-1.107E-01	 2.683E-01	 1.818E+00	-5.722E-01	 0.000E+00	 0.000E+00	 0.000E+00	 3.867E+02	 5.390E+00
   33.0000	 1.106E-04	 3.578E-03	 7.483E+00	 7.258E+02	 7.677E+01	 0.000E+00	 2.986E+03	 2.766E+03	 2.982E+03	 3.721E+03	-8.756E+02	-2.346E+03	 1.804E+00	 1.483E+00	 1.684E+00	-6.145E-01	 8.965E-03	 1.908E-01	 1.804E+00	-6.145E-01	 0.000E+00	 0.000E+00	 0.000E+00	 3.867E+02	 5.389E+00
   33.2500	 3.166E-01	 2.301E+00	 7.530E+00	 7.289E+02	 8.802E+01	 9.070E-01	 2.035E+03	 3.328E+03	 3.280E+03	 3.772E+03	-1.583E+03	-1.638E+03	 1.318E+00	 1.636E+00	 1.933E+00	-6.061E-01	 7.049E-02	 6.103E-02	 1.318E+00	-6.061E-01	 9.070E-01	 9.070E-01	 9.070E-01	 3.924E+02	 5.446E+00
   33.5000	 5.738E-01	 1.311E-01	 7.487E+00	 7.262E+02	 9.928E+01	 9.924E-01	 2.199E+03	 3.131E+03	 2.927E+03	 3.386E+03	-2.120E+03	-8.428E+02	 1.155E+00	 1.716E+00	 1.825E+00	-5.173E-01	 1.425E-01	-7.247E-02	 1.155E+00	-5.173E-01	 9.924E-01	 9.924E-01	 9.924E-01	 3.948E+02	 5.499E+00
   33.7500	 7.875E-01	 1.237E+00	 7.515E+00	 7.282E+02	 1.105E+02	 9.994E-01	 2.358E+03	 3.057E+03	 2.673E+03	 3.233E+03	-2.540E+03	-8.146E+01	 1.342E+00	 1.612E+00	 1.597E+00	-5.328E-01	 1.831E-01	-1.179E-01	 1.342E+00	-5.328E-01	 9.994E-01	 9.994E-01	 9.994E-01	 3.953E+02	 5.491E+00
   34.0000	 9.346E-01	 2.427E-01	 7.495E+00	 7.274E+02	 1.218E+02	 9.999E-01	 2.696E+03	 2.917E+03	 2.483E+03	 3.340E+03	-2.887E+03	-6.060E+01	 1.468E+00	 1.566E+00	 1.508E+00	-5.492E-01	 2.456E-01	-1.212E-01	 1.468E+00	-5.492E-01	 9.999E-01	 9.999E-01	 9.999E-01	 3.990E+02	 5.549E+00
   34.2500	 1.069E+00	 6.035E-01	 7.500E+00	 7.267E+02	 1.330E+02	 1.000E+00	 2.738E+03	 2.837E+03	 2.577E+03	 2.779E+03	-3.248E+03	 1.072E+03	 1.569E+00	 1.511E+00	 1.495E+00	-5.096E-01	 2.944E-01	-2.521E-01	 1.569E+00	-5.096E-01	 1.000E+00	 1.000E+00	 1.000E+00	 3.958E+02	 5.509E+00
   34.5000	 1.155E+00	 2.627E-01	 7.499E+00	 7.282E+02	 1.443E+02	 1.000E+00	 2.785E+03	 2.853E+03	 2.561E+03	 2.041E+03	-3.431E+03	 1.824E+03	 1.512E+00	 1.520E+00	 1.570E+00	-3.685E-01	 3.211E-01	-3.884E-01	 1.512E+00	-3.685E-01	 1.000E+00	 1.000E+00	 1.000E+00	 3.993E+02	 5.547E+00
   34.7500	 1.237E+00	 2.756E-01	 7.493E+00	 7.259E+02	 1.555E+02	 1.000E+00	 2.603E+03	 2.802E+03	 2.768E+03	 1.495E+03	-3.261E+03	 2.317E+03	 1.458E+00	 1.516E+00	 1.619E+00	-3.205E-01	 2.958E-01	-4.328E-01	 1.458E+00	-3.205E-01	 1.000E+00	 1.000E+00	 1.000E+00	 3.958E+02	 5.515E+00
   35.0000	 1.289E+00	 2.230E-01	 7.500E+00	 7.284E+02	 1.668E+02	 1.000E+00	 2.611E+03	 2.847E+03	 2.693E+03	 1.156E+03	-3.199E+03	 2.541E+03	 1.389E+00	 1.543E+00	 1.646E+00	-2.670E-01	 2.823E-01	-4.614E-01	 1.389E+00	-2.670E-01	 1.000E+00	 1.000E+00	 1.000E+00	 3.979E+02	 5.526E+00
   35.2500	 1.340E+00	 1.308E-01	 7.490E+00	 7.259E+02	 1.780E+02	 1.000E+00	 2.567E+03	 2.823E+03	 2.743E+03	 1.952E+02	-2.998E+03	 3.293E+03	 1.386E+00	 1.548E+00	 1.630E+00	-1.420E-01	 2.670E-01	-5.661E-01	 1.386E+00	-1.420E-01	 1.000E+00	 1.000E+00	 1.000E+00	 3.962E+02	 5.521E+00
   35.5000	 1.372E+00	 1.620E-01	 7.498E+00	 7.278E+02	 1.892E+02	 1.000E+00	 2.638E+03	 2.799E+03	 2.684E+03	-6.165E+02	-2.568E+03	 3.734E+03	 1.367E+00	 1.555E+00	 1.638E+00	-2.141E-02	 2.013E-01	-6.354E-01	 1.367E+00	-2.141E-02	 1.000E+00	 1.000E+00	 1.000E+00	 3.960E+02	 5.504E+00
   35.7500	 1.402E+00	 6.330E-02	 7.492E+00	 7.265E+02	 2.005E+02	 1.000E+00	 2.570E+03	 2.797E+03	 2.774E+03	-1.095E+03	-2.005E+03	 3.556E+03	 1.362E+00	 1.566E+00	 1.637E+00	 2.879E-02	 1.300E-01	-5.920E-01	 1.362E+00	 2.879E-02	 1.000E+00	 1.000E+00	 1.000E+00	 3.964E+02	 5.520E+00
   36.0000	 1.422E+00	 1.041E-01	 7.494E+00	 7.269E+02	 2.117E+02	 1.000E+00	 2.619E+03	 2.799E+03	 2.717E+03	-1.549E+03	-1.469E+03	 3.583E+03	 1.357E+00	 1.590E+00	 1.624E+00	 8.029E-02	 5.546E-02	-5.950E-01	 1.357E+00	 8.029E-02	 1.000E+00	 1.000E+00	 1.000E+00	 3.945E+02	 5.490E+00
   36.2500	 1.439E+00	 3.533E-02	 7.495E+00	 7.279E+02	 2.230E+02	 1.923E+00	 2.620E+03	 2.761E+03	 2.640E+03	-2.407E+03	-9.140E+02	 3.771E+03	 1.348E+00	 1.574E+00	 1.559E+00	 1.925E-01	-2.667E-02	-6.453E-01	 1.348E+00	 1.925E-01	 1.923E+00	 1.923E+00	 1.923E+00	 3.974E+02	 5.523E+00
   36.5000	 1.452E+00	 6.573E-02	 7.494E+00	 7.265E+02	 2.342E+02	 1.994E+00	 2.500E+03	 2.590E+03	 2.503E+03	-2.866E+03	-1.128E+02	 3.531E+03	 1.277E+00	 1.512E+00	 1.484E+00	 2.572E-01	-1.340E-01	-6.098E-01	 1.277E+00	 2.572E-01	 1.994E+00	 1.994E+00	 1.994E+00	 3.952E+02	 5.503E+00
   36.7500	 1.463E+00	 2.393E-02	 7.500E+00	 7.285E+02	 2.455E+02	 1.999E+00	 2.425E+03	 2.541E+03	 2.471E+03	-2.964E+03	 6.041E+02	 2.854E+03	 1.234E+00	 1.480E+00	 1.408E+00	 2.635E-01	-2.245E-01	-4.961E-01	 1.234E+00	 2.635E-01	 1.999E+00	 1.999E+00	 1.999E+00	 3.980E+02	 5.527E+00
   37.0000	 1.471E+00	 3.284E-02	 7.493E+00	 7.262E+02	 2.567E+02	 2.000E+00	 2.466E+03	 2.547E+03	 2.400E+03	-3.211E+03	 1.207E+03	 2.505E+03	 1.254E+00	 1.498E+00	 1.358E+00	 2.948E-01	-3.003E-01	-4.512E-01	 1.254E+00	 2.948E-01	 2.000E+00	 2.000E+00	 2.000E+00	 3.965E+02	 5.523E+00
   37.2500	 1.476E+00	 1.724E-02	 7.498E+00	 7.279E+02	 2.680E+02	 2.000E+00	 2.549E+03	 2.570E+03	 2.382E+03	-3.533E+03	 1.846E+03	 2.228E+03	 1.300E+00	 1.524E+00	 1.325E+00	 3.431E-01	-3.871E-01	-4.254E-01	 1.300E+00	 3.431E-01	 2.000E+00	 2.000E+00	 2.000E+00	 3.968E+02	 5.514E+00
   37.5000	 1.482E+00	 2.284E-02	 7.493E+00	 7.265E+02	 2.792E+02	 2.000E+00	 2.567E+03	 2.578E+03	 2.400E+03	-3.413E+03	 2.495E+03	 1.387E+03	 1.332E+00	 1.546E+00	 1.304E+00	 3.225E-01	-4.757E-01	-3.034E-01	 1.332E+00	 3.225E-01	 2.000E+00	 2.000E+00	 2.000E+00	 3.968E+02	 5.524E+00
   37.7500	 1.486E+00	 1.284E-02	 7.495E+00	 7.272E+02	 2.904E+02	 2.000E+00	 2.559E+03	 2.585E+03	 2.385E+03	-2.981E+03	 3.010E+03	 5.311E+02	 1.355E+00	 1.558E+00	 1.265E+00	 2.498E-01	-5.471E-01	-1.801E-01	 1.355E+00	 2.498E-01	 2.000E+00	 2.000E+00	 2.000E+00	 3.954E+02	 5.501E+00
   38.0000	 1.489E+00	 8.864E-03	 7.495E+00	 7.271E+02	 3.017E+02	 2.000E+00	 2.591E+03	 2.588E+03	 2.332E+03	-2.842E+03	 3.276E+03	 3.143E+01	 1.382E+00	 1.558E+00	 1.223E+00	 2.391E-01	-5.743E-01	-1.190E-01	 1.382E+00	 2.391E-01	 2.000E+00	 2.000E+00	 2.000E+00	 3.967E+02	 5.519E+00
   38.2500	 1.491E+00	 9.380E-03	 7.493E+00	 7.265E+02	 3.129E+02	 2.000E+00	 2.599E+03	 2.555E+03	 2.327E+03	-2.564E+03	 3.592E+03	-4.821E+02	 1.404E+00	 1.543E+00	 1.204E+00	 2.063E-01	-6.177E-01	-6.033E-02	 1.404E+00	 2.063E-01	 2.000E+00	 2.000E+00	 2.000E+00	 3.947E+02	 5.496E+00
   38.5000	 1.493E+00	 8.383E-03	 7.495E+00	 7.274E+02	 3.242E+02	 2.000E+00	 2.577E+03	 2.542E+03	 2.377E+03	-1.873E+03	 3.779E+03	-1.420E+03	 1.420E+00	 1.527E+00	 1.206E+00	 1.079E-01	-6.419E-01	 7.566E-02	 1.420E+00	 1.079E-01	 2.000E+00	 2.000E+00	 2.000E+00	 3.960E+02	 5.507E+00
   38.7500	 1.495E+00	 4.206E-03	 7.491E+00	 7.262E+02	 3.354E+02	 2.000E+00	 2.574E+03	 2.540E+03	 2.392E+03	-1.130E+03	 3.732E+03	-2.085E+03	 1.445E+00	 1.512E+00	 1.206E+00	 7.023E-04	-6.326E-01	 1.651E-01	 1.445E+00	 7.023E-04	 2.000E+00	 2.000E+00	 2.000E+00	 3.944E+02	 5.493E+00
   39.0000	 1.495E+00	 1.413E-03	 7.495E+00	 7.274E+02	 3.466E+02	 2.000E+00	 2.606E+03	 2.522E+03	 2.396E+03	-6.728E+02	 3.522E+03	-2.335E+03	 1.476E+00	 1.486E+00	 1.213E+00	-5.218E-02	-5.989E-01	 1.839E-01	 1.476E+00	-5.218E-02	 2.000E+00	 2.000E+00	 2.000E+00	 3.949E+02	 5.492E+00
   39.2500	 1.496E+00	 2.039E-03	 7.492E+00	 7.270E+02	 3.579E+02	 2.923E+00	 2.546E+03	 2.407E+03	 2.409E+03	-5.783E+01	 3.299E+03	-2.758E+03	 1.461E+00	 1.408E+00	 1.208E+00	-1.444E-01	-5.816E-01	 2.257E-01	 1.461E+00	-1.444E-01	 2.923E+00	 2.923E+00	 2.923E+00	 3.955E+02	 5.503E+00
   39.5000	 1.497E+00	 3.708E-03	 7.494E+00	 7.271E+02	 9.133E+00	 2.994E+00	 2.356E+03	 2.241E+03	 2.306E+03	 8.767E+02	 2.961E+03	-3.303E+03	 1.389E+00	 1.301E+00	 1.148E+00	-2.724E-01	-5.307E-01	 3.131E-01	 1.389E+00	-2.724E-01	 2.994E+00	 2.994E+00	 2.994E+00	 3.950E+02	 5.495E+00
   39.7500	 1.497E+00	 2.372E-03	 7.494E+00	 7.272E+02	 2.038E+01	 2.999E+00	 2.293E+03	 2.171E+03	 2.237E+03	 1.550E+03	 2.374E+03	-3.441E+03	 1.352E+00	 1.212E+00	 1.098E+00	-3.555E-01	-4.381E-01	 3.365E-01	 1.352E+00	-3.555E-01	 2.999E+00	 2.999E+00	 2.999E+00	 3.960E+02	 5.509E+00
   40.0000	 1.498E+00	 6.234E-04	 7.489E+00	 7.263E+02	 3.162E+01	 3.000E+00	 2.316E+03	 2.132E+03	 2.228E+03	 1.975E+03	 1.782E+03	-3.238E+03	 1.370E+00	 1.164E+00	 1.112E+00	-4.036E-01	-3.554E-01	 2.958E-01	 1.370E+00	-4.036E-01	 3.000E+00	 3.000E+00	 3.000E+00	 3.943E+02	 5.492E+00
   40.2500	 1.498E+00	 9.844E-04	 7.489E+00	 7.268E+02	 4.285E+01	 3.000E+00	 2.338E+03	 2.132E+03	 2.319E+03	 2.559E+03	 1.204E+03	-3.264E+03	 1.396E+00	 1.135E+00	 1.165E+00	-4.837E-01	-2.795E-01	 2.992E-01	 1.396E+00	-4.837E-01	 3.000E+00	 3.000E+00	 3.000E+00	 3.940E+02	 5.483E+00
   40.5000	 1.498E+00	 1.532E-03	 7.485E+00	 7.258E+02	 5.408E+01	 3.000E+00	 2.330E+03	 2.136E+03	 2.366E+03	 3.217E+03	 5.173E+02	-3.233E+03	 1.413E+00	 1.115E+00	 1.209E+00	-5.815E-01	-1.877E-01	 2.999E-01	 1.413E+00	-5.815E-01	 3.000E+00	 3.000E+00	 3.000E+00	 3.922E+02	 5.465E+00
   40.7500	 1.499E+00	 3.603E-03	 7.486E+00	 7.264E+02	 6.531E+01	 3.000E+00	 2.345E+03	 2.138E+03	 2.348E+03	 3.482E+03	-2.490E+02	-2.719E+03	 1.420E+00	 1.089E+00	 1.228E+00	-6.134E-01	-8.169E-02	 2.226E-01	 1.420E+00	-6.134E-01	 3.000E+00	 3.000E+00	 3.000E+00	 3.912E+02	 5.448E+00
   41.0000	 1.499E+00	-4.056E-05	 7.483E+00	 7.257E+02	 7.654E+01	 3.000E+00	 2.347E+03	 2.123E+03	 2.334E+03	 3.520E+03	-9.207E+02	-2.113E+03	 1.410E+00	 1.063E+00	 1.249E+00	-6.074E-01	 8.646E-03	 1.340E-01	 1.410E+00	-6.074E-01	 3.000E+00	 3.000E+00	 3.000E+00	 3.902E+02	 5.438E+00
   41.2500	 1.499E+00	-1.424E-03	 7.482E+00	 7.258E+02	 8.776E+01	 3.000E+00	 2.301E+03	 2.128E+03	 2.359E+03	 3.739E+03	-1.485E+03	-1.738E+03	 1.385E+00	 1.052E+00	 1.276E+00	-6.397E-01	 7.907E-02	 8.964E-02	 1.385E+00	-6.397E-01	 3.000E+00	 3.000E+00	 3.000E+00	 3.886E+02	 5.416E+00
   41.5000	 1.499E+00	 7.016E-04	 7.481E+00	 7.257E+02	 9.898E+01	 3.000E+00	 2.274E+03	 2.170E+03	 2.359E+03	 3.812E+03	-2.106E+03	-1.224E+03	 1.361E+00	 1.061E+00	 1.297E+00	-6.519E-01	 1.618E-01	 2.628E-02	 1.361E+00	-6.519E-01	 3.000E+00	 3.000E+00	 3.000E+00	 3.880E+02	 5.409E+00
   41.7500	 1.499E+00	 1.467E-03	 7.479E+00	 7.253E+02	 1.102E+02	 3.000E+00	 2.280E+03	 2.207E+03	 2.331E+03	 3.480E+03	-2.639E+03	-3.304E+02	 1.339E+00	 1.076E+00	 1.316E+00	-5.992E-01	 2.312E-01	-1.041E-01	 1.339E+00	-5.992E-01	 3.000E+00	 3.000E+00	 3.000E+00	 3.863E+02	 5.388E+00
   42.0000	 1.499E+00	-1.656E-03	 7.479E+00	 7.256E+02	 1.214E+02	 3.000E+00	 2.263E+03	 2.230E+03	 2.342E+03	 3.062E+03	-2.984E+03	 4.101E+02	 1.305E+00	 1.091E+00	 1.346E+00	-5.347E-01	 2.730E-01	-2.065E-01	 1.305E+00	-5.347E-01	 3.000E+00	 3.000E+00	 3.000E+00	 3.858E+02	 5.379E+00
   42.2500	 1.499E+00	-1.950E-03	 7.476E+00	 7.250E+02	 1.326E+02	 3.000E+00	 2.208E+03	 2.259E+03	 2.368E+03	 2.810E+03	-3.206E+03	 8.938E+02	 1.259E+00	 1.110E+00	 1.373E+00	-5.050E-01	 2.974E-01	-2.630E-01	 1.259E+00	-5.050E-01	 3.000E+00	 3.000E+00	 3.000E+00	 3.844E+02	 5.364E+00
   42.5000	 1.498E+00	 1.250E-03	 7.477E+00	 7.254E+02	 1.439E+02	 3.000E+00	 2.180E+03	 2.296E+03	 2.350E+03	 2.332E+03	-3.396E+03	 1.560E+03	 1.217E+00	 1.135E+00	 1.385E+00	-4.403E-01	 3.220E-01	-3.515E-01	 1.217E+00	-4.403E-01	 3.000E+00	 3.000E+00	 3.000E+00	 3.839E+02	 5.353E+00
   42.7500	 1.499E+00	 1.410E-03	 7.474E+00	 7.249E+02	 1.551E+02	 3.000E+00	 2.177E+03	 2.314E+03	 2.326E+03	 1.542E+03	-3.423E+03	 2.368E+03	 1.178E+00	 1.157E+00	 1.393E+00	-3.234E-01	 3.247E-01	-4.680E-01	 1.178E+00	-3.234E-01	 3.000E+00	 3.000E+00	 3.000E+00	 3.830E+02	 5.344E+00
   43.0000	 1.499E+00	-1.036E-04	 7.475E+00	 7.251E+02	 1.663E+02	 3.000E+00	 2.142E+03	 2.317E+03	 2.340E+03	 8.821E+02	-3.225E+03	 2.844E+03	 1.132E+00	 1.177E+00	 1.409E+00	-2.322E-01	 2.932E-01	-5.301E-01	 1.132E+00	-2.322E-01	 3.000E+00	 3.000E+00	 3.000E+00	 3.821E+02	 5.331E+00
   43.2500	 1.499E+00	 9.625E-05	 7.473E+00	 7.249E+02	 1.775E+02	 3.000E+00	 2.104E+03	 2.334E+03	 2.354E+03	 3.623E+02	-2.958E+03	 3.077E+03	 1.092E+00	 1.203E+00	 1.415E+00	-1.678E-01	 2.555E-01	-5.512E-01	 1.092E+00	-1.678E-01	 3.000E+00	 3.000E+00	 3.000E+00	 3.816E+02	 5.326E+00
   43.5000	 1.499E+00	 9.243E-04	 7.472E+00	 7.248E+02	 1.887E+02	 3.000E+00	 2.113E+03	 2.348E+03	 2.322E+03	-3.664E+02	-2.624E+03	 3.490E+03	 1.072E+00	 1.231E+00	 1.405E+00	-6.931E-02	 2.109E-01	-6.090E-01	 1.072E+00	-6.931E-02	 3.000E+00	 3.000E+00	 3.000E+00	 3.806E+02	 5.312E+00
   43.7500	 1.499E+00	 8.377E-04	 7.471E+00	 7.248E+02	 1.999E+02	 3.000E+00	 2.142E+03	 2.346E+03	 2.302E+03	-1.204E+03	-2.132E+03	 3.818E+03	 1.062E+00	 1.253E+00	 1.394E+00	 4.945E-02	 1.442E-01	-6.575E-01	 1.062E+00	 4.945E-02	 3.000E+00	 3.000E+00	 3.000E+00	 3.802E+02	 5.306E+00
   44.0000	 1.499E+00	 1.526E-04	 7.470E+00	 7.245E+02	 2.111E+02	 3.000E+00	 2.144E+03	 2.341E+03	 2.312E+03	-1.741E+03	-1.496E+03	 3.730E+03	 1.055E+00	 1.277E+00	 1.385E+00	 1.161E-01	 5.505E-02	-6.384E-01	 1.055E+00	 1.161E-01	 3.000E+00	 3.000E+00	 3.000E+00	 3.792E+02	 5.294E+00
   44.2500	 1.499E+00	-1.109E-03	 7.470E+00	 7.247E+02	 2.223E+02	 3.000E+00	 2.161E+03	 2.350E+03	 2.300E+03	-2.159E+03	-8.727E+02	 3.519E+03	 1.060E+00	 1.306E+00	 1.360E+00	 1.634E-01	-2.874E-02	-6.015E-01	 1.060E+00	 1.634E-01	 3.000E+00	 3.000E+00	 3.000E+00	 3.788E+02	 5.287E+00
   44.5000	 1.499E+00	-1.624E-03	 7.468E+00	 7.244E+02	 2.335E+02	 3.000E+00	 2.216E+03	 2.354E+03	 2.253E+03	-2.732E+03	-2.360E+02	 3.454E+03	 1.080E+00	 1.330E+00	 1.323E+00	 2.412E-01	-1.127E-01	-5.960E-01	 1.080E+00	 2.412E-01	 3.000E+00	 3.000E+00	 3.000E+00	 3.780E+02	 5.279E+00
   44.7500	 1.499E+00	 3.212E-04	 7.469E+00	 7.245E+02	 2.447E+02	 3.000E+00	 2.256E+03	 2.344E+03	 2.228E+03	-3.181E+03	 4.937E+02	 3.179E+03	 1.099E+00	 1.350E+00	 1.289E+00	 3.026E-01	-2.122E-01	-5.597E-01	 1.099E+00	 3.026E-01	 3.000E+00	 3.000E+00	 3.000E+00	 3.775E+02	 5.271E+00
   45.0000	 1.499E+00	 7.236E-04	 7.468E+00	 7.243E+02	 2.559E+02	 3.000E+00	 2.262E+03	 2.342E+03	 2.224E+03	-3.276E+03	 1.216E+03	 2.542E+03	 1.115E+00	 1.370E+00	 1.252E+00	 3.070E-01	-3.107E-01	-4.633E-01	 1.115E+00	 3.070E-01	 3.000E+00	 3.000E+00	 3.000E+00	 3.771E+02	 5.267E+00
   45.2500	 1.499E+00	-1.226E-03	 7.468E+00	 7.244E+02	 2.671E+02	 3.000E+00	 2.283E+03	 2.349E+03	 2.186E+03	-3.304E+03	 1.830E+03	 1.966E+03	 1.137E+00	 1.390E+00	 1.205E+00	 3.046E-01	-3.920E-01	-3.814E-01	 1.137E+00	 3.046E-01	 3.000E+00	 3.000E+00	 3.000E+00	 3.766E+02	 5.259E+00
   45.5000	 1.499E+00	-6.230E-04	 7.467E+00	 7.243E+02	 2.783E+02	 3.000E+00	 2.325E+03	 2.347E+03	 2.138E+03	-3.416E+03	 2.382E+03	 1.515E+03	 1.164E+00	 1.402E+00	 1.157E+00	 3.236E-01	-4.638E-01	-3.250E-01	 1.164E+00	 3.236E-01	 3.000E+00	 3.000E+00	 3.000E+00	 3.764E+02	 5.257E+00
   45.7500	 1.499E+00	 2.099E-03	 7.466E+00	 7.242E+02	 2.895E+02	 3.000E+00	 2.334E+03	 2.332E+03	 2.128E+03	-3.264E+03	 2.926E+03	 8.282E+02	 1.186E+00	 1.407E+00	 1.121E+00	 3.025E-01	-5.377E-01	-2.311E-01	 1.186E+00	 3.025E-01	 3.000E+00	 3.000E+00	 3.000E+00	 3.758E+02	 5.250E+00
   46.0000	 1.499E+00	 1.566E-03	 7.466E+00	 7.243E+02	 3.007E+02	 3.000E+00	 2.324E+03	 2.330E+03	 2.133E+03	-2.817E+03	 3.332E+03	-3.326E+01	 1.207E+00	 1.409E+00	 1.091E+00	 2.345E-01	-5.915E-01	-1.070E-01	 1.207E+00	 2.345E-01	 3.000E+00	 3.000E+00	 3.000E+00	 3.757E+02	 5.247E+00
   46.2500	 1.499E+00	-9.044E-04	 7.465E+00	 7.241E+02	 3.119E+02	 3.000E+00	 2.339E+03	 2.330E+03	 2.114E+03	-2.411E+03	 3.558E+03	-6.623E+02	 1.235E+00	 1.407E+00	 1.064E+00	 1.785E-01	-6.183E-01	-2.466E-02	 1.235E+00	 1.785E-01	 3.000E+00	 3.000E+00	 3.000E+00	 3.751E+02	 5.241E+00
   46.5000	 1.499E+00	-3.347E-04	 7.465E+00	 7.242E+02	 3.231E+02	 3.000E+00	 2.359E+03	 2.314E+03	 2.114E+03	-2.034E+03	 3.695E+03	-1.176E+03	 1.263E+00	 1.394E+00	 1.052E+00	 1.328E-01	-6.340E-01	 3.638E-02	 1.263E+00	 1.328E-01	 3.000E+00	 3.000E+00	 3.000E+00	 3.748E+02	 5.236E+00
   46.7500	 1.499E+00	 7.744E-04	 7.464E+00	 7.240E+02	 3.343E+02	 3.000E+00	 2.347E+03	 2.293E+03	 2.160E+03	-1.389E+03	 3.745E+03	-1.874E+03	 1.285E+00	 1.373E+00	 1.059E+00	 4.397E-02	-6.399E-01	 1.311E-01	 1.285E+00	 4.397E-02	 3.000E+00	 3.000E+00	 3.000E+00	 3.744E+02	 5.232E+00
   47.0000	 1.499E+00	-3.099E-04	 7.464E+00	 7.241E+02	 3.455E+02	 3.000E+00	 2.334E+03	 2.280E+03	 2.198E+03	-6.045E+02	 3.607E+03	-2.515E+03	 1.308E+00	 1.349E+00	 1.070E+00	-6.789E-02	-6.185E-01	 2.191E-01	 1.308E+00	-6.789E-02	 3.000E+00	 3.000E+00	 3.000E+00	 3.740E+02	 5.226E+00
   47.2500	 1.499E+00	-1.389E-03	 7.464E+00	 7.240E+02	 3.567E+02	 3.000E+00	 2.351E+03	 2.263E+03	 2.210E+03	 8.481E+00	 3.298E+03	-2.826E+03	 1.336E+00	 1.318E+00	 1.080E+00	-1.478E-01	-5.718E-01	 2.530E-01	 1.336E+00	-1.478E-01	 3.000E+00	 3.000E+00	 3.000E+00	 3.738E+02	 5.223E+00
   47.5000	 1.499E+00	-9.058E-04	 7.464E+00	 7.240E+02	 7.907E+00	 3.000E+00	 2.359E+03	 2.228E+03	 2.240E+03	 6.052E+02	 2.939E+03	-3.057E+03	 1.360E+00	 1.277E+00	 1.100E+00	-2.237E-01	-5.210E-01	 2.765E-01	 1.360E+00	-2.237E-01	 3.000E+00	 3.000E+00	 3.000E+00	 3.735E+02	 5.218E+00
   47.7500	 1.499E+00	-8.908E-05	 7.464E+00	 7.240E+02	 1.910E+01	 3.000E+00	 2.340E+03	 2.197E+03	 2.289E+03	 1.380E+03	 2.488E+03	-3.386E+03	 1.374E+00	 1.235E+00	 1.126E+00	-3.314E-01	-4.587E-01	 3.233E-01	 1.374E+00	-3.314E-01	 3.000E+00	 3.000E+00	 3.000E+00	 3.734E+02	 5.217E+00
   48.0000	 1.499E+00	 6.151E-04	 7.463E+00	 7.239E+02	 3.030E+01	 3.000E+00	 2.333E+03	 2.175E+03	 2.307E+03	 2.088E+03	 1.884E+03	-3.488E+03	 1.390E+00	 1.193E+00	 1.146E+00	-4.299E-01	-3.737E-01	 3.366E-01	 1.390E+00	-4.299E-01	 3.000E+00	 3.000E+00	 3.000E+00	 3.731E+02	 5.214E+00
   48.2500	 1.499E+00	 7.162E-04	 7.463E+00	 7.240E+02	 4.149E+01	 3.000E+00	 2.349E+03	 2.149E+03	 2.305E+03	 2.536E+03	 1.214E+03	-3.268E+03	 1.406E+00	 1.149E+00	 1.165E+00	-4.846E-01	-2.797E-01	 2.988E-01	 1.406E+00	-4.846E-01	 3.000E+00	 3.000E+00	 3.000E+00	 3.730E+02	 5.212E+00
   48.5000	 1.499E+00	-1.038E-04	 7.463E+00	 7.239E+02	 5.269E+01	 3.000E+00	 2.345E+03	 2.120E+03	 2.326E+03	 2.959E+03	 5.713E+02	-3.049E+03	 1.411E+00	 1.108E+00	 1.192E+00	-5.380E-01	-1.929E-01	 2.666E-01	 1.411E+00	-5.380E-01	 3.000E+00	 3.000E+00	 3.000E+00	 3.728E+02	 5.210E+00
   48.7500	 1.499E+00	 3.684E-04	 7.463E+00	 7.239E+02	 6.388E+01	 3.000E+00	 2.320E+03	 2.112E+03	 2.350E+03	 3.441E+03	-1.032E+02	-2.854E+03	 1.406E+00	 1.079E+00	 1.220E+00	-6.062E-01	-1.027E-01	 2.447E-01	 1.406E+00	-6.062E-01	 3.000E+00	 3.000E+00	 3.000E+00	 3.726E+02	 5.207E+00
   49.0000	 1.499E+00	 1.555E-03	 7.462E+00	 7.238E+02	 7.508E+01	 3.000E+00	 2.315E+03	 2.123E+03	 2.344E+03	 3.689E+03	-8.274E+02	-2.382E+03	 1.401E+00	 1.063E+00	 1.241E+00	-6.385E-01	-4.335E-03	 1.795E-01	 1.401E+00	-6.385E-01	 3.000E+00	 3.000E+00	 3.000E+00	 3.725E+02	 5.205E+00
   49.2500	 1.500E+00	 3.486E-04	 7.462E+00	 7.238E+02	 8.627E+01	 3.000E+00	 2.320E+03	 2.136E+03	 2.333E+03	 3.671E+03	-1.480E+03	-1.708E+03	 1.391E+00	 1.055E+00	 1.264E+00	-6.287E-01	 8.191E-02	 8.204E-02	 1.391E+00	-6.287E-01	 3.000E+00	 3.000E+00	 3.000E+00	 3.722E+02	 5.202E+00
   49.5000	 1.499E+00	-1.724E-03	 7.462E+00	 7.238E+02	 9.746E+01	 3.000E+00	 2.297E+03	 2.156E+03	 2.350E+03	 3.652E+03	-2.025E+03	-1.148E+03	 1.368E+00	 1.057E+00	 1.294E+00	-6.236E-01	 1.508E-01	 7.982E-03	 1.368E+00	-6.236E-01	 3.000E+00	 3.000E+00	 3.000E+00	 3.720E+02	 5.200E+00
   49.7500	 1.499E+00	-8.752E-04	 7.461E+00	 7.237E+02	 1.087E+02	 3.000E+00	 2.263E+03	 2.194E+03	 2.358E+03	 3.599E+03	-2.526E+03	-5.899E+02	 1.338E+00	 1.071E+00	 1.320E+00	-6.185E-01	 2.146E-01	-6.264E-02	 1.338E+00	-6.185E-01	 3.000E+00	 3.000E+00	 3.000E+00	 3.718E+02	 5.196E+00
   50.0000	 1.499E+00	 5.659E-04	 7.462E+00	 7.238E+02	 1.198E+02	 3.000E+00	 2.250E+03	 2.233E+03	 2.342E+03	 3.258E+03	-2.963E+03	 1.863E+02	 1.307E+00	 1.089E+00	 1.339E+00	-5.679E-01	 2.714E-01	-1.703E-01	 1.307E+00	-5.679E-01	 3.000E+00	 3.000E+00	 3.000E+00	 3.717E+02	 5.195E+00
   50.2500	 1.499E+00	-5.195E-04	 7.461E+00	 7.237E+02	 1.310E+02	 3.000E+00	 2.233E+03	 2.257E+03	 2.337E+03	 2.744E+03	-3.233E+03	 9.703E+02	 1.269E+00	 1.107E+00	 1.361E+00	-4.913E-01	 3.040E-01	-2.800E-01	 1.269E+00	-4.913E-01	 3.000E+00	 3.000E+00	 3.000E+00	 3.715E+02	 5.193E+00
   50.5000	 1.499E+00	-1.247E-03	 7.462E+00	 7.238E+02	 1.422E+02	 3.000E+00	 2.190E+03	 2.279E+03	 2.353E+03	 2.298E+03	-3.353E+03	 1.537E+03	 1.222E+00	 1.127E+00	 1.384E+00	-4.306E-01	 3.158E-01	-3.522E-01	 1.222E+00	-4.306E-01	 3.000E+00	 3.000E+00	 3.000E+00	 3.715E+02	 5.192E+00
   50.7500	 1.499E+00	 3.352E-04	 7.461E+00	 7.237E+02	 1.534E+02	 3.000E+00	 2.154E+03	 2.307E+03	 2.350E+03	 1.784E+03	-3.393E+03	 2.090E+03	 1.177E+00	 1.151E+00	 1.397E+00	-3.622E-01	 3.193E-01	-4.228E-01	 1.177E+00	-3.622E-01	 3.000E+00	 3.000E+00	 3.000E+00	 3.714E+02	 5.192E+00
   51.0000	 1.499E+00	 1.341E-03	 7.461E+00	 7.238E+02	 1.646E+02	 3.000E+00	 2.144E+03	 2.324E+03	 2.330E+03	 1.046E+03	-3.304E+03	 2.740E+03	 1.138E+00	 1.175E+00	 1.402E+00	-2.575E-01	 3.063E-01	-5.139E-01	 1.138E+00	-2.575E-01	 3.000E+00	 3.000E+00	 3.000E+00	 3.714E+02	 5.190E+00
   51.2500	 2.690E+00	 6.530E+00	 7.597E+00	 7.322E+02	 1.759E+02	 3.000E+00	 2.681E+03	 3.715E+03	 3.808E+02	 1.982E+02	-2.886E+03	 3.409E+03	 9.080E-01	 2.726E+00	 8.000E-02	-2.809E-01	 2.106E-01	-3.990E-01	 9.080E-01	-2.809E-01	 3.000E+00	 3.000E+00	 3.000E+00	 3.882E+02	 5.364E+00
   51.5000	 3.429E+00	 1.521E+00	 7.495E+00	 7.241E+02	 1.872E+02	 3.000E+00	 2.942E+03	 4.270E+03	-3.455E+02	-5.646E+02	-1.977E+03	 2.800E+03	 1.401E+00	 2.473E+00	-1.319E-01	 6.972E-02	-1.764E-01	-3.482E-01	 1.401E+00	 6.972E-02	 3.000E+00	 3.000E+00	 3.000E+00	 3.935E+02	 5.498E+00
   51.7500	 4.197E+00	 3.070E+00	 7.550E+00	 7.311E+02	 1.984E+02	 3.000E+00	 3.334E+03	 2.174E+03	 1.362E+03	-2.313E+03	-2.210E+02	 3.387E+03	 1.624E+00	 1.643E+00	 5.406E-01	 8.748E-02	-1.355E-01	-5.002E-01	 1.624E+00	 8.748E-02	 3.000E+00	 3.000E+00	 3.000E+00	 3.963E+02	 5.483E+00
   52.0000	 4.642E+00	 1.608E+00	 7.524E+00	 7.285E+02	 2.097E+02	 3.000E+00	 3.190E+03	 1.854E+03	 2.094E+03	-4.732E+02	-3.086E+03	 3.740E+03	 1.651E+00	 1.097E+00	 1.117E+00	-1.069E-01	 2.552E-01	-5.853E-01	 1.651E+00	-1.069E-01	 3.000E+00	 3.000E+00	 3.000E+00	 4.081E+02	 5.667E+00
   52.2500	 5.098E+00	 1.324E+00	 7.516E+00	 7.277E+02	 2.210E+02	 3.000E+00	 2.787E+03	 1.631E+03	 2.473E+03	-1.671E+03	-1.287E+03	 3.754E+03	 1.520E+00	 8.766E-01	 1.438E+00	-1.517E-02	 1.575E-01	-6.891E-01	 1.520E+00	-1.517E-02	 3.000E+00	 3.000E+00	 3.000E+00	 4.013E+02	 5.579E+00
   52.5000	 5.373E+00	 1.343E+00	 7.528E+00	 7.311E+02	 2.323E+02	 3.000E+00	 2.887E+03	 1.581E+03	 2.394E+03	-3.569E+03	 5.271E+02	 3.319E+03	 1.408E+00	 1.056E+00	 1.270E+00	 3.733E-01	-2.705E-01	-5.352E-01	 1.408E+00	 3.733E-01	 3.000E+00	 3.000E+00	 3.000E+00	 4.125E+02	 5.708E+00
   52.7500	 5.640E+00	 5.534E-01	 7.492E+00	 7.246E+02	 2.435E+02	 3.000E+00	 2.400E+03	 2.254E+03	 2.028E+03	-3.297E+03	 1.139E+03	 2.800E+03	 1.252E+00	 1.236E+00	 1.191E+00	 3.008E-01	-2.927E-01	-5.077E-01	 1.252E+00	 3.008E-01	 3.000E+00	 3.000E+00	 3.000E+00	 4.021E+02	 5.613E+00
   53.0000	 5.814E+00	 9.601E-01	 7.520E+00	 7.315E+02	 2.548E+02	 3.000E+00	 2.419E+03	 2.226E+03	 2.134E+03	-2.228E+03	-1.155E+02	 2.801E+03	 1.259E+00	 1.365E+00	 1.071E+00	 1.031E-01	-9.222E-02	-4.724E-01	 1.259E+00	 1.031E-01	 3.000E+00	 3.000E+00	 3.000E+00	 4.083E+02	 5.647E+00
   53.2500	 5.972E+00	 2.751E-01	 7.481E+00	 7.237E+02	 2.660E+02	 3.000E+00	 2.550E+03	 2.207E+03	 2.046E+03	-3.293E+03	 1.632E+03	 2.120E+03	 1.315E+00	 1.251E+00	 1.152E+00	 2.841E-01	-3.341E-01	-4.112E-01	 1.315E+00	 2.841E-01	 3.000E+00	 3.000E+00	 3.000E+00	 4.011E+02	 5.607E+00
   53.5000	 6.084E+00	 6.163E-01	 7.506E+00	 7.296E+02	 2.773E+02	 3.000E+00	 2.562E+03	 1.856E+03	 2.352E+03	-4.271E+03	 3.546E+03	 1.346E+03	 1.307E+00	 1.238E+00	 1.173E+00	 4.570E-01	-6.634E-01	-2.925E-01	 1.307E+00	 4.570E-01	 3.000E+00	 3.000E+00	 3.000E+00	 4.002E+02	 5.549E+00
   53.7500	 6.178E+00	 1.695E-01	 7.482E+00	 7.251E+02	 2.885E+02	 3.000E+00	 2.347E+03	 2.263E+03	 2.193E+03	-3.018E+03	 2.672E+03	 6.916E+02	 1.236E+00	 1.285E+00	 1.182E+00	 2.552E-01	-4.791E-01	-2.090E-01	 1.236E+00	 2.552E-01	 3.000E+00	 3.000E+00	 3.000E+00	 3.996E+02	 5.575E+00
   54.0000	 6.249E+00	 3.578E-01	 7.491E+00	 7.267E+02	 2.997E+02	 3.000E+00	 2.271E+03	 2.240E+03	 2.201E+03	-1.906E+03	 2.210E+03	 3.680E+02	 1.248E+00	 1.330E+00	 1.112E+00	 6.293E-02	-3.857E-01	-1.825E-01	 1.248E+00	 6.293E-02	 3.000E+00	 3.000E+00	 3.000E+00	 3.931E+02	 5.472E+00
   54.2500	 6.302E+00	 1.124E-01	 7.484E+00	 7.267E+02	 3.110E+02	 3.000E+00	 2.473E+03	 2.143E+03	 2.155E+03	-2.950E+03	 3.891E+03	-5.972E+02	 1.291E+00	 1.284E+00	 1.106E+00	 2.669E-01	-6.608E-01	-3.483E-02	 1.291E+00	 2.669E-01	 3.000E+00	 3.000E+00	 3.000E+00	 3.964E+02	 5.518E+00
   54.5000	 6.346E+00	 2.077E-01	 7.477E+00	 7.242E+02	 3.222E+02	 3.000E+00	 2.377E+03	 2.089E+03	 2.236E+03	-2.701E+03	 4.709E+03	-1.388E+03	 1.269E+00	 1.316E+00	 1.094E+00	 2.511E-01	-8.116E-01	 6.887E-02	 1.269E+00	 2.511E-01	 3.000E+00	 3.000E+00	 3.000E+00	 3.880E+02	 5.421E+00
   54.7500	 6.381E+00	 1.000E-01	 7.485E+00	 7.276E+02	 3.334E+02	 3.000E+00	 2.224E+03	 2.358E+03	 2.184E+03	-8.331E+02	 3.068E+03	-1.810E+03	 1.254E+00	 1.344E+00	 1.093E+00	-5.500E-02	-5.143E-01	 1.205E-01	 1.254E+00	-5.500E-02	 3.000E+00	 3.000E+00	 3.000E+00	 3.916E+02	 5.445E+00
   55.0000	 6.408E+00	 9.279E-02	 7.470E+00	 7.230E+02	 3.446E+02	 3.000E+00	 2.297E+03	 2.265E+03	 2.202E+03	-9.641E+01	 2.801E+03	-2.190E+03	 1.306E+00	 1.307E+00	 1.089E+00	-1.603E-01	-4.690E-01	 1.593E-01	 1.306E+00	-1.603E-01	 3.000E+00	 3.000E+00	 3.000E+00	 3.853E+02	 5.390E+00
   55.2500	 6.424E+00	 5.906E-02	 7.482E+00	 7.271E+02	 3.559E+02	 3.000E+00	 2.426E+03	 2.065E+03	 2.277E+03	-7.565E+02	 4.159E+03	-2.877E+03	 1.348E+00	 1.240E+00	 1.122E+00	-1.690E-02	-7.150E-01	 2.584E-01	 1.348E+00	-1.690E-02	 3.000E+00	 3.000E+00	 3.000E+00	 3.861E+02	 5.371E+00
   55.5000	 6.442E+00	 6.938E-02	 7.468E+00	 7.234E+02	 7.067E+00	 3.000E+00	 2.306E+03	 2.148E+03	 2.338E+03	 2.032E+02	 3.512E+03	-3.293E+03	 1.318E+00	 1.248E+00	 1.144E+00	-1.458E-01	-6.201E-01	 3.166E-01	 1.318E+00	-1.458E-01	 3.000E+00	 3.000E+00	 3.000E+00	 3.838E+02	 5.367E+00
   55.7500	 6.456E+00	 5.124E-02	 7.475E+00	 7.256E+02	 1.827E+01	 3.000E+00	 2.172E+03	 2.299E+03	 2.281E+03	 2.148E+03	 1.605E+03	-3.168E+03	 1.316E+00	 1.239E+00	 1.154E+00	-4.671E-01	-3.009E-01	 2.797E-01	 1.316E+00	-4.671E-01	 3.000E+00	 3.000E+00	 3.000E+00	 3.811E+02	 5.313E+00
   56.0000	 6.465E+00	 1.689E-02	 7.470E+00	 7.245E+02	 2.948E+01	 3.000E+00	 2.335E+03	 2.136E+03	 2.321E+03	 2.151E+03	 1.558E+03	-3.317E+03	 1.375E+00	 1.164E+00	 1.165E+00	-4.404E-01	-3.075E-01	 3.055E-01	 1.375E+00	-4.404E-01	 3.000E+00	 3.000E+00	 3.000E+00	 3.825E+02	 5.340E+00
   56.2500	 6.470E+00	 3.013E-02	 7.468E+00	 7.241E+02	 4.068E+01	 3.000E+00	 2.376E+03	 1.984E+03	 2.369E+03	 1.732E+03	 2.292E+03	-3.448E+03	 1.390E+00	 1.106E+00	 1.197E+00	-3.423E-01	-4.667E-01	 3.253E-01	 1.390E+00	-3.423E-01	 3.000E+00	 3.000E+00	 3.000E+00	 3.780E+02	 5.280E+00
   56.5000	 6.478E+00	 2.816E-02	 7.471E+00	 7.253E+02	 5.189E+01	 3.000E+00	 2.225E+03	 2.153E+03	 2.377E+03	 2.969E+03	 6.609E+02	-3.211E+03	 1.344E+00	 1.121E+00	 1.218E+00	-5.314E-01	-2.086E-01	 2.936E-01	 1.344E+00	-5.314E-01	 3.000E+00	 3.000E+00	 3.000E+00	 3.804E+02	 5.305E+00
   56.7500	 6.484E+00	 1.875E-02	 7.463E+00	 7.230E+02	 6.309E+01	 3.000E+00	 2.177E+03	 2.223E+03	 2.320E+03	 4.177E+03	-1.032E+03	-2.618E+03	 1.347E+00	 1.103E+00	 1.227E+00	-7.337E-01	 6.275E-02	 1.996E-01	 1.347E+00	-7.337E-01	 3.000E+00	 3.000E+00	 3.000E+00	 3.761E+02	 5.262E+00
   57.0000	 6.487E+00	 6.417E-03	 7.470E+00	 7.255E+02	 7.429E+01	 3.000E+00	 2.332E+03	 2.039E+03	 2.360E+03	 3.414E+03	-5.988E+02	-2.338E+03	 1.387E+00	 1.040E+00	 1.250E+00	-5.891E-01	-3.927E-02	 1.688E-01	 1.387E+00	-5.891E-01	 3.000E+00	 3.000E+00	 3.000E+00	 3.776E+02	 5.265E+00
   57.2500	 6.489E+00	 1.144E-02	 7.461E+00	 7.229E+02	 8.549E+01	 3.000E+00	 2.313E+03	 2.041E+03	 2.385E+03	 2.991E+03	-5.346E+02	-1.995E+03	 1.357E+00	 1.041E+00	 1.282E+00	-5.023E-01	-8.396E-02	 1.303E-01	 1.357E+00	-5.023E-01	 3.000E+00	 3.000E+00	 3.000E+00	 3.753E+02	 5.252E+00
   57.5000	 6.491E+00	 6.548E-03	 7.466E+00	 7.248E+02	 9.668E+01	 3.000E+00	 2.141E+03	 2.259E+03	 2.335E+03	 4.081E+03	-2.381E+03	-1.173E+03	 1.301E+00	 1.098E+00	 1.290E+00	-6.928E-01	 2.100E-01	 1.047E-02	 1.301E+00	-6.928E-01	 3.000E+00	 3.000E+00	 3.000E+00	 3.746E+02	 5.228E+00
   57.7500	 6.493E+00	 8.774E-03	 7.461E+00	 7.234E+02	 1.079E+02	 3.000E+00	 2.177E+03	 2.284E+03	 2.310E+03	 4.122E+03	-3.286E+03	-4.082E+02	 1.301E+00	 1.096E+00	 1.300E+00	-7.075E-01	 3.510E-01	-9.440E-02	 1.301E+00	-7.075E-01	 3.000E+00	 3.000E+00	 3.000E+00	 3.746E+02	 5.238E+00
   58.0000	 6.495E+00	 6.360E-03	 7.462E+00	 7.239E+02	 1.191E+02	 3.000E+00	 2.282E+03	 2.133E+03	 2.339E+03	 2.754E+03	-2.320E+03	 1.055E+02	 1.298E+00	 1.077E+00	 1.331E+00	-4.773E-01	 1.585E-01	-1.585E-01	 1.298E+00	-4.773E-01	 3.000E+00	 3.000E+00	 3.000E+00	 3.723E+02	 5.203E+00
   58.2500	 6.496E+00	-3.335E-03	 7.462E+00	 7.240E+02	 1.303E+02	 3.000E+00	 2.195E+03	 2.242E+03	 2.350E+03	 2.369E+03	-2.631E+03	 6.921E+02	 1.232E+00	 1.124E+00	 1.352E+00	-4.169E-01	 1.948E-01	-2.301E-01	 1.232E+00	-4.169E-01	 3.000E+00	 3.000E+00	 3.000E+00	 3.737E+02	 5.221E+00
   58.5000	 6.495E+00	-1.125E-03	 7.459E+00	 7.231E+02	 1.415E+02	 3.000E+00	 2.052E+03	 2.419E+03	 2.286E+03	 2.961E+03	-4.057E+03	 1.615E+03	 1.178E+00	 1.175E+00	 1.351E+00	-5.431E-01	 4.357E-01	-3.650E-01	 1.178E+00	-5.431E-01	 3.000E+00	 3.000E+00	 3.000E+00	 3.710E+02	 5.190E+00
   58.7500	 6.496E+00	 1.317E-02	 7.462E+00	 7.244E+02	 1.526E+02	 3.000E+00	 2.138E+03	 2.346E+03	 2.276E+03	 2.029E+03	-3.793E+03	 2.223E+03	 1.171E+00	 1.166E+00	 1.358E+00	-4.042E-01	 3.906E-01	-4.443E-01	 1.171E+00	-4.042E-01	 3.000E+00	 3.000E+00	 3.000E+00	 3.723E+02	 5.200E+00
   59.0000	 6.499E+00	 3.776E-03	 7.457E+00	 7.228E+02	 1.638E+02	 3.000E+00	 2.198E+03	 2.232E+03	 2.313E+03	 4.334E+02	-2.503E+03	 2.552E+03	 1.142E+00	 1.171E+00	 1.375E+00	-1.465E-01	 1.627E-01	-4.788E-01	 1.142E+00	-1.465E-01	 3.000E+00	 3.000E+00	 3.000E+00	 3.705E+02	 5.185E+00
   59.2500	 6.498E+00	-9.720E-03	 7.461E+00	 7.242E+02	 1.750E+02	 3.000E+00	 2.064E+03	 2.371E+03	 2.297E+03	 3.048E+02	-2.855E+03	 3.043E+03	 1.076E+00	 1.226E+00	 1.378E+00	-1.482E-01	 2.296E-01	-5.453E-01	 1.076E+00	-1.482E-01	 3.000E+00	 3.000E+00	 3.000E+00	 3.708E+02	 5.180E+00
   59.5000	 6.496E+00	 2.388E-03	 7.457E+00	 7.230E+02	 1.862E+02	 3.000E+00	 2.022E+03	 2.463E+03	 2.242E+03	 3.859E+02	-3.502E+03	 3.568E+03	 1.053E+00	 1.256E+00	 1.363E+00	-1.940E-01	 3.617E-01	-6.210E-01	 1.053E+00	-1.940E-01	 3.000E+00	 3.000E+00	 3.000E+00	 3.703E+02	 5.181E+00
   59.7500	 6.499E+00	 1.271E-02	 7.458E+00	 7.236E+02	 1.974E+02	 3.000E+00	 2.165E+03	 2.309E+03	 2.241E+03	-1.000E+03	-2.197E+03	 3.707E+03	 1.079E+00	 1.240E+00	 1.353E+00	 1.641E-02	 1.520E-01	-6.356E-01	 1.079E+00	 1.641E-02	 3.000E+00	 3.000E+00	 3.000E+00	 3.693E+02	 5.163E+00
   60.0000	 6.500E+00	-2.339E-03	 7.457E+00	 7.233E+02	 2.086E+02	 3.000E+00	 2.206E+03	 2.263E+03	 2.275E+03	-2.234E+03	-8.953E+02	 3.574E+03	 1.073E+00	 1.261E+00	 1.348E+00	 2.093E-01	-5.707E-02	-6.056E-01	 1.073E+00	 2.093E-01	 3.000E+00	 3.000E+00	 3.000E+00	 3.698E+02	 5.171E+00
   60.2500	 6.498E+00	-8.894E-03	 7.456E+00	 7.231E+02	 2.198E+02	 3.000E+00	 2.103E+03	 2.409E+03	 2.228E+03	-1.929E+03	-1.223E+03	 3.659E+03	 1.048E+00	 1.318E+00	 1.326E+00	 1.294E-01	 2.401E-02	-6.217E-01	 1.048E+00	 1.294E-01	 3.000E+00	 3.000E+00	 3.000E+00	 3.682E+02	 5.151E+00
   60.5000	 6.498E+00	 3.427E-03	 7.457E+00	 7.236E+02	 2.310E+02	 3.000E+00	 2.174E+03	 2.409E+03	 2.182E+03	-2.080E+03	-1.069E+03	 3.604E+03	 1.081E+00	 1.327E+00	 1.289E+00	 1.290E-01	 3.046E-02	-6.162E-01	 1.081E+00	 1.290E-01	 3.000E+00	 3.000E+00	 3.000E+00	 3.690E+02	 5.159E+00
   60.7500	 6.499E+00	 4.606E-03	 7.454E+00	 7.228E+02	 2.421E+02	 3.000E+00	 2.329E+03	 2.242E+03	 2.193E+03	-3.350E+03	 7.056E+02	 3.133E+03	 1.134E+00	 1.307E+00	 1.263E+00	 3.315E-01	-2.525E-01	-5.448E-01	 1.134E+00	 3.315E-01	 3.000E+00	 3.000E+00	 3.000E+00	 3.676E+02	 5.144E+00
   61.0000	 6.499E+00	-2.302E-03	 7.457E+00	 7.236E+02	 2.533E+02	 3.000E+00	 2.311E+03	 2.266E+03	 2.192E+03	-3.715E+03	 1.618E+03	 2.573E+03	 1.132E+00	 1.339E+00	 1.234E+00	 3.860E-01	-3.879E-01	-4.616E-01	 1.132E+00	 3.860E-01	 3.000E+00	 3.000E+00	 3.000E+00	 3.680E+02	 5.145E+00
   61.2500	 6.499E+00	-2.084E-03	 7.454E+00	 7.228E+02	 2.645E+02	 3.000E+00	 2.235E+03	 2.400E+03	 2.129E+03	-2.941E+03	 1.181E+03	 2.227E+03	 1.132E+00	 1.384E+00	 1.185E+00	 2.413E-01	-2.823E-01	-4.193E-01	 1.132E+00	 2.413E-01	 3.000E+00	 3.000E+00	 3.000E+00	 3.675E+02	 5.143E+00
   61.5000	 6.498E+00	-3.222E-06	 7.456E+00	 7.234E+02	 2.757E+02	 3.000E+00	 2.330E+03	 2.324E+03	 2.097E+03	-3.046E+03	 1.834E+03	 1.703E+03	 1.182E+00	 1.368E+00	 1.142E+00	 2.534E-01	-3.675E-01	-3.507E-01	 1.182E+00	 2.534E-01	 3.000E+00	 3.000E+00	 3.000E+00	 3.673E+02	 5.135E+00
   61.7500	 6.498E+00	 7.718E-04	 7.454E+00	 7.230E+02	 2.869E+02	 3.000E+00	 2.425E+03	 2.192E+03	 2.125E+03	-3.756E+03	 3.384E+03	 8.292E+02	 1.217E+00	 1.347E+00	 1.119E+00	 3.846E-01	-6.178E-01	-2.230E-01	 1.217E+00	 3.846E-01	 3.000E+00	 3.000E+00	 3.000E+00	 3.673E+02	 5.139E+00
   62.0000	 6.499E+00	 4.972E-03	 7.455E+00	 7.231E+02	 2.981E+02	 3.000E+00	 2.340E+03	 2.268E+03	 2.113E+03	-3.148E+03	 3.510E+03	 1.322E+02	 1.209E+00	 1.375E+00	 1.090E+00	 2.898E-01	-6.252E-01	-1.288E-01	 1.209E+00	 2.898E-01	 3.000E+00	 3.000E+00	 3.000E+00	 3.666E+02	 5.128E+00
   62.2500	 6.500E+00	 6.757E-04	 7.455E+00	 7.232E+02	 3.092E+02	 3.000E+00	 2.289E+03	 2.360E+03	 2.079E+03	-2.035E+03	 2.861E+03	-3.685E+02	 1.228E+00	 1.386E+00	 1.058E+00	 1.072E-01	-4.936E-01	-6.880E-02	 1.228E+00	 1.072E-01	 3.000E+00	 3.000E+00	 3.000E+00	 3.671E+02	 5.135E+00
   62.5000	 6.499E+00	-6.823E-03	 7.453E+00	 7.228E+02	 3.204E+02	 3.000E+00	 2.384E+03	 2.236E+03	 2.103E+03	-2.021E+03	 3.567E+03	-1.059E+03	 1.276E+00	 1.346E+00	 1.053E+00	 1.219E-01	-6.062E-01	 2.221E-02	 1.276E+00	 1.219E-01	 3.000E+00	 3.000E+00	 3.000E+00	 3.661E+02	 5.124E+00
   62.7500	 6.498E+00	 1.406E-03	 7.454E+00	 7.232E+02	 3.316E+02	 3.000E+00	 2.409E+03	 2.152E+03	 2.174E+03	-2.041E+03	 4.376E+03	-1.867E+03	 1.292E+00	 1.321E+00	 1.068E+00	 1.527E-01	-7.472E-01	 1.359E-01	 1.292E+00	 1.527E-01	 3.000E+00	 3.000E+00	 3.000E+00	 3.664E+02	 5.125E+00
   63.0000	 6.500E+00	 7.890E-03	 7.452E+00	 7.227E+02	 3.428E+02	 3.000E+00	 2.296E+03	 2.258E+03	 2.193E+03	-7.792E+02	 3.579E+03	-2.326E+03	 1.285E+00	 1.328E+00	 1.078E+00	-4.113E-02	-6.102E-01	 1.902E-01	 1.285E+00	-4.113E-02	 3.000E+00	 3.000E+00	 3.000E+00	 3.658E+02	 5.120E+00
   63.2500	 6.500E+00	-4.054E-03	 7.454E+00	 7.232E+02	 3.540E+02	 3.000E+00	 2.286E+03	 2.277E+03	 2.198E+03	 3.332E+02	 2.767E+03	-2.620E+03	 1.313E+00	 1.299E+00	 1.088E+00	-2.119E-01	-4.711E-01	 2.192E-01	 1.313E+00	-2.119E-01	 3.000E+00	 3.000E+00	 3.000E+00	 3.658E+02	 5.117E+00
   63.5000	 6.498E+00	-8.991E-03	 7.452E+00	 7.228E+02	 5.135E+00	 3.000E+00	 2.381E+03	 2.128E+03	 2.261E+03	 3.249E+02	 3.233E+03	-3.093E+03	 1.354E+00	 1.238E+00	 1.112E+00	-1.815E-01	-5.637E-01	 2.848E-01	 1.354E+00	-1.815E-01	 3.000E+00	 3.000E+00	 3.000E+00	 3.656E+02	 5.117E+00
   63.7500	 6.498E+00	 4.781E-03	 7.453E+00	 7.230E+02	 1.631E+01	 3.000E+00	 2.344E+03	 2.100E+03	 2.318E+03	 7.671E+02	 3.142E+03	-3.425E+03	 1.353E+00	 1.208E+00	 1.142E+00	-2.270E-01	-5.677E-01	 3.301E-01	 1.353E+00	-2.270E-01	 3.000E+00	 3.000E+00	 3.000E+00	 3.653E+02	 5.111E+00
   64.0000	 6.500E+00	 6.417E-03	 7.453E+00	 7.229E+02	 2.749E+01	 3.000E+00	 2.241E+03	 2.205E+03	 2.315E+03	 2.140E+03	 1.691E+03	-3.368E+03	 1.341E+00	 1.195E+00	 1.161E+00	-4.402E-01	-3.330E-01	 3.137E-01	 1.341E+00	-4.402E-01	 3.000E+00	 3.000E+00	 3.000E+00	 3.655E+02	 5.115E+00
   64.2500	 6.500E+00	-5.122E-03	 7.453E+00	 7.229E+02	 3.867E+01	 3.000E+00	 2.277E+03	 2.153E+03	 2.316E+03	 2.784E+03	 9.421E+02	-3.242E+03	 1.369E+00	 1.143E+00	 1.178E+00	-5.321E-01	-2.222E-01	 2.907E-01	 1.369E+00	-5.321E-01	 3.000E+00	 3.000E+00	 3.000E+00	 3.651E+02	 5.109E+00
   64.5000	 6.498E+00	-3.052E-03	 7.453E+00	 7.231E+02	 4.985E+01	 3.000E+00	 2.349E+03	 2.024E+03	 2.363E+03	 2.542E+03	 1.164E+03	-3.239E+03	 1.391E+00	 1.084E+00	 1.205E+00	-4.667E-01	-2.875E-01	 2.962E-01	 1.391E+00	-4.667E-01	 3.000E+00	 3.000E+00	 3.000E+00	 3.654E+02	 5.113E+00
   64.7500	 6.499E+00	 4.921E-03	 7.452E+00	 7.227E+02	 6.103E+01	 3.000E+00	 2.272E+03	 2.079E+03	 2.371E+03	 3.057E+03	 3.797E+02	-2.961E+03	 1.365E+00	 1.078E+00	 1.230E+00	-5.363E-01	-1.814E-01	 2.583E-01	 1.365E+00	-5.363E-01	 3.000E+00	 3.000E+00	 3.000E+00	 3.650E+02	 5.109E+00
   65.0000	 6.500E+00	 2.199E-03	 7.453E+00	 7.230E+02	 7.221E+01	 3.000E+00	 2.198E+03	 2.183E+03	 2.339E+03	 3.996E+03	-1.153E+03	-2.369E+03	 1.346E+00	 1.082E+00	 1.243E+00	-6.896E-01	 5.952E-02	 1.708E-01	 1.346E+00	-6.896E-01	 3.000E+00	 3.000E+00	 3.000E+00	 3.650E+02	 5.108E+00
   65.2500	 6.500E+00	-1.558E-03	 7.452E+00	 7.227E+02	 8.339E+01	 3.000E+00	 2.263E+03	 2.122E+03	 2.343E+03	 3.838E+03	-1.502E+03	-1.867E+03	 1.359E+00	 1.052E+00	 1.264E+00	-6.566E-01	 9.450E-02	 1.035E-01	 1.359E+00	-6.566E-01	 3.000E+00	 3.000E+00	 3.000E+00	 3.648E+02	 5.106E+00
   65.5000	 6.499E+00	-8.828E-04	 7.452E+00	 7.229E+02	 9.457E+01	 3.000E+00	 2.290E+03	 2.080E+03	 2.366E+03	 3.265E+03	-1.358E+03	-1.429E+03	 1.345E+00	 1.046E+00	 1.292E+00	-5.512E-01	 3.942E-02	 5.075E-02	 1.345E+00	-5.512E-01	 3.000E+00	 3.000E+00	 3.000E+00	 3.647E+02	 5.103E+00
   65.7500	 6.499E+00	-2.031E-03	 7.451E+00	 7.227E+02	 1.057E+02	 3.000E+00	 2.191E+03	 2.218E+03	 2.344E+03	 3.557E+03	-2.371E+03	-7.196E+02	 1.297E+00	 1.088E+00	 1.308E+00	-6.032E-01	 1.900E-01	-4.623E-02	 1.297E+00	-6.032E-01	 3.000E+00	 3.000E+00	 3.000E+00	 3.646E+02	 5.103E+00
   66.0000	 6.499E+00	 4.184E-04	 7.452E+00	 7.228E+02	 1.169E+02	 3.000E+00	 2.149E+03	 2.302E+03	 2.309E+03	 3.746E+03	-3.383E+03	 1.164E+02	 1.270E+00	 1.113E+00	 1.317E+00	-6.477E-01	 3.485E-01	-1.645E-01	 1.270E+00	-6.477E-01	 3.000E+00	 3.000E+00	 3.000E+00	 3.643E+02	 5.098E+00
   66.2500	 6.499E+00	 3.177E-03	 7.452E+00	 7.229E+02	 1.281E+02	 3.000E+00	 2.213E+03	 2.234E+03	 2.320E+03	 2.829E+03	-3.076E+03	 7.150E+02	 1.257E+00	 1.108E+00	 1.339E+00	-5.002E-01	 2.795E-01	-2.405E-01	 1.257E+00	-5.002E-01	 3.000E+00	 3.000E+00	 3.000E+00	 3.645E+02	 5.101E+00
   66.5000	 6.499E+00	-3.068E-03	 7.451E+00	 7.227E+02	 1.393E+02	 3.000E+00	 2.189E+03	 2.245E+03	 2.331E+03	 2.043E+03	-2.845E+03	 1.278E+03	 1.210E+00	 1.134E+00	 1.359E+00	-3.770E-01	 2.249E-01	-3.110E-01	 1.210E+00	-3.770E-01	 3.000E+00	 3.000E+00	 3.000E+00	 3.642E+02	 5.098E+00
   66.7500	 6.498E+00	-4.807E-03	 7.452E+00	 7.229E+02	 1.505E+02	 3.000E+00	 2.084E+03	 2.375E+03	 2.298E+03	 2.057E+03	-3.608E+03	 2.022E+03	 1.153E+00	 1.179E+00	 1.363E+00	-4.005E-01	 3.538E-01	-4.144E-01	 1.153E+00	-4.005E-01	 3.000E+00	 3.000E+00	 3.000E+00	 3.644E+02	 5.099E+00
   67.0000	 6.498E+00	 5.094E-03	 7.451E+00	 7.227E+02	 1.616E+02	 3.000E+00	 2.088E+03	 2.383E+03	 2.270E+03	 1.564E+03	-3.753E+03	 2.661E+03	 1.128E+00	 1.192E+00	 1.364E+00	-3.410E-01	 3.831E-01	-5.023E-01	 1.128E+00	-3.410E-01	 3.000E+00	 3.000E+00	 3.000E+00	 3.642E+02	 5.098E+00
   67.2500	 6.500E+00	 5.454E-03	 7.452E+00	 7.229E+02	 1.728E+02	 3.000E+00	 2.150E+03	 2.293E+03	 2.287E+03	 2.792E+02	-2.799E+03	 2.994E+03	 1.110E+00	 1.196E+00	 1.371E+00	-1.420E-01	 2.219E-01	-5.399E-01	 1.110E+00	-1.420E-01	 3.000E+00	 3.000E+00	 3.000E+00	 3.643E+02	 5.098E+00
   67.5000	 6.500E+00	-5.282E-03	 7.451E+00	 7.227E+02	 1.840E+02	 3.000E+00	 2.105E+03	 2.332E+03	 2.288E+03	-4.029E+02	-2.428E+03	 3.300E+03	 1.070E+00	 1.230E+00	 1.373E+00	-4.809E-02	 1.669E-01	-5.771E-01	 1.070E+00	-4.809E-02	 3.000E+00	 3.000E+00	 3.000E+00	 3.642E+02	 5.098E+00
   67.7500	 6.498E+00	-2.853E-03	 7.451E+00	 7.228E+02	 1.952E+02	 3.000E+00	 2.054E+03	 2.418E+03	 2.247E+03	-4.961E+02	-2.705E+03	 3.677E+03	 1.045E+00	 1.267E+00	 1.360E+00	-6.198E-02	 2.344E-01	-6.317E-01	 1.045E+00	-6.198E-02	 3.000E+00	 3.000E+00	 3.000E+00	 3.641E+02	 5.096E+00
   68.0000	 6.499E+00	 6.143E-03	 7.451E+00	 7.227E+02	 2.063E+02	 3.000E+00	 2.139E+03	 2.359E+03	 2.230E+03	-1.299E+03	-2.024E+03	 3.791E+03	 1.064E+00	 1.269E+00	 1.342E+00	 4.771E-02	 1.392E-01	-6.449E-01	 1.064E+00	 4.771E-02	 3.000E+00	 3.000E+00	 3.000E+00	 3.641E+02	 5.096E+00
   68.2500	 6.500E+00	 1.219E-03	 7.451E+00	 7.227E+02	 2.175E+02	 3.000E+00	 2.216E+03	 2.281E+03	 2.244E+03	-2.404E+03	-7.354E+02	 3.614E+03	 1.081E+00	 1.277E+00	 1.328E+00	 2.154E-01	-6.373E-02	-6.129E-01	 1.081E+00	 2.154E-01	 3.000E+00	 3.000E+00	 3.000E+00	 3.638E+02	 5.093E+00
   68.5000	 6.499E+00	-5.599E-03	 7.451E+00	 7.228E+02	 2.287E+02	 3.000E+00	 2.188E+03	 2.346E+03	 2.223E+03	-2.619E+03	-3.695E+02	 3.459E+03	 1.075E+00	 1.317E+00	 1.304E+00	 2.311E-01	-1.023E-01	-5.898E-01	 1.075E+00	 2.311E-01	 3.000E+00	 3.000E+00	 3.000E+00	 3.639E+02	 5.093E+00
   68.7500	 6.498E+00	-1.241E-03	 7.451E+00	 7.227E+02	 2.399E+02	 3.000E+00	 2.201E+03	 2.388E+03	 2.175E+03	-2.578E+03	-2.527E+02	 3.303E+03	 1.093E+00	 1.342E+00	 1.266E+00	 2.018E-01	-9.191E-02	-5.718E-01	 1.093E+00	 2.018E-01	 3.000E+00	 3.000E+00	 3.000E+00	 3.637E+02	 5.092E+00
   69.0000	 6.499E+00	 2.366E-03	 7.451E+00	 7.228E+02	 2.510E+02	 3.000E+00	 2.308E+03	 2.294E+03	 2.164E+03	-3.241E+03	 8.694E+02	 2.844E+03	 1.137E+00	 1.334E+00	 1.232E+00	 3.016E-01	-2.582E-01	-5.055E-01	 1.137E+00	 3.016E-01	 3.000E+00	 3.000E+00	 3.000E+00	 3.638E+02	 5.091E+00
   69.2500	 6.499E+00	-5.259E-05	 7.451E+00	 7.227E+02	 2.622E+02	 3.000E+00	 2.344E+03	 2.255E+03	 2.164E+03	-3.719E+03	 1.987E+03	 2.204E+03	 1.156E+00	 1.344E+00	 1.200E+00	 3.782E-01	-4.284E-01	-4.118E-01	 1.156E+00	 3.782E-01	 3.000E+00	 3.000E+00	 3.000E+00	 3.637E+02	 5.091E+00
   69.5000	 6.499E+00	-2.355E-04	 7.451E+00	 7.228E+02	 2.734E+02	 3.000E+00	 2.295E+03	 2.333E+03	 2.124E+03	-3.286E+03	 2.072E+03	 1.689E+03	 1.160E+00	 1.377E+00	 1.157E+00	 2.995E-01	-4.180E-01	-3.431E-01	 1.160E+00	 2.995E-01	 3.000E+00	 3.000E+00	 3.000E+00	 3.638E+02	 5.091E+00
   69.7500	 6.499E+00	-4.830E-04	 7.451E+00	 7.227E+02	 2.846E+02	 3.000E+00	 2.320E+03	 2.332E+03	 2.089E+03	-2.970E+03	 2.296E+03	 1.142E+03	 1.191E+00	 1.379E+00	 1.114E+00	 2.444E-01	-4.315E-01	-2.722E-01	 1.191E+00	 2.444E-01	 3.000E+00	 3.000E+00	 3.000E+00	 3.638E+02	 5.093E+00
   70.0000	 6.499E+00	-4.818E-04	 7.451E+00	 7.227E+02	 2.957E+02	 3.000E+00	 2.392E+03	 2.234E+03	 2.100E+03	-3.208E+03	 3.323E+03	 3.582E+02	 1.227E+00	 1.358E+00	 1.090E+00	 2.946E-01	-5.918E-01	-1.624E-01	 1.227E+00	 2.946E-01	 3.000E+00	 3.000E+00	 3.000E+00	 3.638E+02	 5.091E+00
   70.2500	 6.499E+00	 3.178E-03	 7.451E+00	 7.228E+02	 3.069E+02	 3.000E+00	 2.371E+03	 2.234E+03	 2.115E+03	-2.920E+03	 3.801E+03	-4.113E+02	 1.236E+00	 1.362E+00	 1.072E+00	 2.605E-01	-6.626E-01	-5.603E-02	 1.236E+00	 2.605E-01	 3.000E+00	 3.000E+00	 3.000E+00	 3.638E+02	 5.092E+00
   70.5000	 6.500E+00	 2.521E-03	 7.451E+00	 7.227E+02	 3.181E+02	 3.000E+00	 2.313E+03	 2.303E+03	 2.105E+03	-1.956E+03	 3.393E+03	-9.645E+02	 1.247E+00	 1.369E+00	 1.056E+00	 1.094E-01	-5.803E-01	 1.200E-02	 1.247E+00	 1.094E-01	 3.000E+00	 3.000E+00	 3.000E+00	 3.637E+02	 5.091E+00
   70.7500	 6.500E+00	-4.196E-03	 7.451E+00	 7.227E+02	 3.293E+02	 3.000E+00	 2.346E+03	 2.261E+03	 2.126E+03	-1.435E+03	 3.458E+03	-1.552E+03	 1.281E+00	 1.343E+00	 1.055E+00	 3.867E-02	-5.844E-01	 8.641E-02	 1.281E+00	 3.867E-02	 3.000E+00	 3.000E+00	 3.000E+00	 3.637E+02	 5.090E+00
   71.0000	 6.499E+00	-2.530E-03	 7.450E+00	 7.227E+02	 3.405E+02	 3.000E+00	 2.384E+03	 2.173E+03	 2.187E+03	-1.266E+03	 3.976E+03	-2.240E+03	 1.307E+00	 1.308E+00	 1.073E+00	 3.610E-02	-6.766E-01	 1.803E-01	 1.307E+00	 3.610E-02	 3.000E+00	 3.000E+00	 3.000E+00	 3.635E+02	 5.089E+00
   71.2500	 6.499E+00	 4.589E-03	 7.450E+00	 7.227E+02	 3.516E+02	 3.000E+00	 2.327E+03	 2.201E+03	 2.228E+03	-4.384E+02	 3.628E+03	-2.717E+03	 1.309E+00	 1.295E+00	 1.092E+00	-7.934E-02	-6.230E-01	 2.408E-01	 1.309E+00	-7.934E-02	 3.000E+00	 3.000E+00	 3.000E+00	 3.635E+02	 5.088E+00
   71.5000	 6.500E+00	 2.623E-04	 7.450E+00	 7.227E+02	 2.804E+00	 3.000E+00	 2.286E+03	 2.238E+03	 2.242E+03	 6.681E+02	 2.764E+03	-2.961E+03	 1.323E+00	 1.271E+00	 1.108E+00	-2.461E-01	-4.805E-01	 2.645E-01	 1.323E+00	-2.461E-01	 3.000E+00	 3.000E+00	 3.000E+00	 3.635E+02	 5.088E+00
   71.7500	 6.499E+00	-5.916E-03	 7.451E+00	 7.227E+02	 1.398E+01	 3.000E+00	 2.332E+03	 2.156E+03	 2.280E+03	 1.111E+03	 2.597E+03	-3.235E+03	 1.355E+00	 1.219E+00	 1.130E+00	-2.964E-01	-4.652E-01	 2.990E-01	 1.355E+00	-2.964E-01	 3.000E+00	 3.000E+00	 3.000E+00	 3.634E+02	 5.087E+00
   72.0000	 6.498E+00	 1.629E-04	 7.451E+00	 7.227E+02	 2.516E+01	 3.000E+00	 2.339E+03	 2.092E+03	 2.329E+03	 1.423E+03	 2.514E+03	-3.467E+03	 1.366E+00	 1.176E+00	 1.157E+00	-3.215E-01	-4.716E-01	 3.321E-01	 1.366E+00	-3.215E-01	 3.000E+00	 3.000E+00	 3.000E+00	 3.635E+02	 5.088E+00
   72.2500	 6.499E+00	 4.955E-03	 7.451E+00	 7.227E+02	 3.633E+01	 3.000E+00	 2.271E+03	 2.140E+03	 2.338E+03	 2.338E+03	 1.527E+03	-3.392E+03	 1.357E+00	 1.154E+00	 1.179E+00	-4.554E-01	-3.226E-01	 3.170E-01	 1.357E+00	-4.554E-01	 3.000E+00	 3.000E+00	 3.000E+00	 3.635E+02	 5.088E+00
   72.5000	 6.500E+00	-4.143E-04	 7.451E+00	 7.227E+02	 4.751E+01	 3.000E+00	 2.258E+03	 2.145E+03	 2.333E+03	 3.099E+03	 5.187E+02	-3.147E+03	 1.365E+00	 1.119E+00	 1.197E+00	-5.684E-01	-1.696E-01	 2.780E-01	 1.365E+00	-5.684E-01	 3.000E+00	 3.000E+00	 3.000E+00	 3.636E+02	 5.089E+00
   72.7500	 6.499E+00	-2.252E-03	 7.451E+00	 7.227E+02	 5.868E+01	 3.000E+00	 2.304E+03	 2.064E+03	 2.356E+03	 3.137E+03	 2.827E+02	-2.948E+03	 1.381E+00	 1.073E+00	 1.220E+00	-5.570E-01	-1.552E-01	 2.533E-01	 1.381E+00	-5.570E-01	 3.000E+00	 3.000E+00	 3.000E+00	 3.636E+02	 5.089E+00
   73.0000	 6.499E+00	 1.561E-03	 7.451E+00	 7.227E+02	 6.986E+01	 3.000E+00	 2.283E+03	 2.068E+03	 2.369E+03	 3.281E+03	-1.852E+02	-2.625E+03	 1.367E+00	 1.058E+00	 1.245E+00	-5.662E-01	-1.039E-01	 2.119E-01	 1.367E+00	-5.662E-01	 3.000E+00	 3.000E+00	 3.000E+00	 3.636E+02	 5.089E+00
   73.2500	 6.499E+00	 1.539E-03	 7.450E+00	 7.227E+02	 8.104E+01	 3.000E+00	 2.218E+03	 2.158E+03	 2.348E+03	 3.843E+03	-1.344E+03	-2.028E+03	 1.343E+00	 1.068E+00	 1.262E+00	-6.557E-01	 6.974E-02	 1.272E-01	 1.343E+00	-6.557E-01	 3.000E+00	 3.000E+00	 3.000E+00	 3.635E+02	 5.088E+00
   73.5000	 6.500E+00	-2.926E-04	 7.450E+00	 7.227E+02	 9.221E+01	 3.000E+00	 2.226E+03	 2.172E+03	 2.337E+03	 3.915E+03	-2.045E+03	-1.398E+03	 1.336E+00	 1.065E+00	 1.279E+00	-6.666E-01	 1.664E-01	 4.019E-02	 1.336E+00	-6.666E-01	 3.000E+00	 3.000E+00	 3.000E+00	 3.634E+02	 5.087E+00
   73.7500	 6.499E+00	-5.281E-04	 7.450E+00	 7.227E+02	 1.034E+02	 3.000E+00	 2.255E+03	 2.144E+03	 2.349E+03	 3.413E+03	-2.084E+03	-8.585E+02	 1.323E+00	 1.064E+00	 1.304E+00	-5.795E-01	 1.472E-01	-2.806E-02	 1.323E+00	-5.795E-01	 3.000E+00	 3.000E+00	 3.000E+00	 3.634E+02	 5.086E+00
   74.0000	 6.499E+00	-2.241E-03	 7.450E+00	 7.227E+02	 1.146E+02	 3.000E+00	 2.204E+03	 2.215E+03	 2.341E+03	 3.236E+03	-2.572E+03	-1.918E+02	 1.282E+00	 1.094E+00	 1.323E+00	-5.539E-01	 2.088E-01	-1.166E-01	 1.282E+00	-5.539E-01	 3.000E+00	 3.000E+00	 3.000E+00	 3.633E+02	 5.085E+00
   74.2500	 6.499E+00	-1.057E-03	 7.450E+00	 7.227E+02	 1.257E+02	 3.000E+00	 2.147E+03	 2.307E+03	 2.312E+03	 3.245E+03	-3.384E+03	 6.098E+02	 1.244E+00	 1.126E+00	 1.333E+00	-5.684E-01	 3.344E-01	-2.280E-01	 1.244E+00	-5.684E-01	 3.000E+00	 3.000E+00	 3.000E+00	 3.633E+02	 5.085E+00
   74.5000	 6.499E+00	 2.580E-03	 7.450E+00	 7.227E+02	 1.369E+02	 3.000E+00	 2.163E+03	 2.296E+03	 2.305E+03	 2.627E+03	-3.435E+03	 1.280E+03	 1.219E+00	 1.135E+00	 1.348E+00	-4.777E-01	 3.327E-01	-3.172E-01	 1.219E+00	-4.777E-01	 3.000E+00	 3.000E+00	 3.000E+00	 3.633E+02	 5.085E+00
   74.7500	 6.499E+00	 1.140E-04	 7.451E+00	 7.227E+02	 1.481E+02	 3.000E+00	 2.165E+03	 2.279E+03	 2.314E+03	 1.751E+03	-3.100E+03	 1.820E+03	 1.181E+00	 1.152E+00	 1.364E+00	-3.431E-01	 2.662E-01	-3.846E-01	 1.181E+00	-3.431E-01	 3.000E+00	 3.000E+00	 3.000E+00	 3.634E+02	 5.086E+00
   75.0000	 6.499E+00	-3.548E-03	 7.451E+00	 7.227E+02	 1.593E+02	 3.000E+00	 2.100E+03	 2.349E+03	 2.298E+03	 1.351E+03	-3.309E+03	 2.429E+03	 1.130E+00	 1.188E+00	 1.370E+00	-2.958E-01	 3.018E-01	-4.665E-01	 1.130E+00	-2.958E-01	 3.000E+00	 3.000E+00	 3.000E+00	 3.634E+02	 5.086E+00
   75.2500	 6.498E+00	 1.490E-03	 7.451E+00	 7.227E+02	 1.704E+02	 3.000E+00	 2.074E+03	 2.387E+03	 2.270E+03	 9.320E+02	-3.465E+03	 3.004E+03	 1.098E+00	 1.212E+00	 1.369E+00	-2.500E-01	 3.365E-01	-5.459E-01	 1.098E+00	-2.500E-01	 3.000E+00	 3.000E+00	 3.000E+00	 3.634E+02	 5.087E+00
   75.5000	 6.499E+00	 4.886E-03	 7.450E+00	 7.227E+02	 1.816E+02	 3.000E+00	 2.117E+03	 2.336E+03	 2.269E+03	-4.194E+01	-2.817E+03	 3.330E+03	 1.084E+00	 1.220E+00	 1.368E+00	-1.079E-01	 2.348E-01	-5.854E-01	 1.084E+00	-1.079E-01	 3.000E+00	 3.000E+00	 3.000E+00	 3.635E+02	 5.087E+00
   75.7500	 6.500E+00	-1.186E-03	 7.450E+00	 7.227E+02	 1.928E+02	 3.000E+00	 2.124E+03	 2.325E+03	 2.273E+03	-9.002E+02	-2.144E+03	 3.516E+03	 1.064E+00	 1.243E+00	 1.364E+00	 1.497E-02	 1.316E-01	-6.053E-01	 1.064E+00	 1.497E-02	 3.000E+00	 3.000E+00	 3.000E+00	 3.634E+02	 5.087E+00
   76.0000	 6.499E+00	-3.408E-03	 7.450E+00	 7.227E+02	 2.040E+02	 3.000E+00	 2.100E+03	 2.380E+03	 2.247E+03	-1.237E+03	-2.008E+03	 3.715E+03	 1.049E+00	 1.276E+00	 1.350E+00	 4.535E-02	 1.285E-01	-6.326E-01	 1.049E+00	 4.535E-02	 3.000E+00	 3.000E+00	 3.000E+00	 3.634E+02	 5.087E+00
   76.2500	 6.499E+00	 1.795E-03	 7.450E+00	 7.227E+02	 2.151E+02	 3.000E+00	 2.146E+03	 2.369E+03	 2.221E+03	-1.744E+03	-1.551E+03	 3.766E+03	 1.063E+00	 1.291E+00	 1.329E+00	 1.050E-01	 7.470E-02	-6.394E-01	 1.063E+00	 1.050E-01	 3.000E+00	 3.000E+00	 3.000E+00	 3.633E+02	 5.086E+00
   76.5000	 6.500E+00	 1.769E-03	 7.450E+00	 7.227E+02	 2.263E+02	 3.000E+00	 2.226E+03	 2.305E+03	 2.220E+03	-2.589E+03	-4.829E+02	 3.543E+03	 1.088E+00	 1.297E+00	 1.307E+00	 2.282E-01	-8.587E-02	-6.033E-01	 1.088E+00	 2.282E-01	 3.000E+00	 3.000E+00	 3.000E+00	 3.632E+02	 5.085E+00
   76.7500	 6.499E+00	-2.635E-03	 7.450E+00	 7.227E+02	 2.375E+02	 3.000E+00	 2.241E+03	 2.315E+03	 2.206E+03	-3.012E+03	 2.488E+02	 3.235E+03	 1.099E+00	 1.323E+00	 1.279E+00	 2.827E-01	-1.873E-01	-5.574E-01	 1.099E+00	 2.827E-01	 3.000E+00	 3.000E+00	 3.000E+00	 3.632E+02	 5.084E+00
   77.0000	 6.499E+00	-1.852E-03	 7.450E+00	 7.227E+02	 2.487E+02	 3.000E+00	 2.244E+03	 2.356E+03	 2.167E+03	-3.000E+03	 5.353E+02	 2.936E+03	 1.113E+00	 1.350E+00	 1.241E+00	 2.640E-01	-2.080E-01	-5.181E-01	 1.113E+00	 2.640E-01	 3.000E+00	 3.000E+00	 3.000E+00	 3.632E+02	 5.084E+00
   77.2500	 6.499E+00	 6.025E-04	 7.450E+00	 7.227E+02	 2.598E+02	 3.000E+00	 2.305E+03	 2.316E+03	 2.143E+03	-3.256E+03	 1.266E+03	 2.461E+03	 1.147E+00	 1.353E+00	 1.202E+00	 2.969E-01	-3.063E-01	-4.524E-01	 1.147E+00	 2.969E-01	 3.000E+00	 3.000E+00	 3.000E+00	 3.632E+02	 5.085E+00
   77.5000	 6.499E+00	 6.905E-04	 7.450E+00	 7.227E+02	 2.710E+02	 3.000E+00	 2.353E+03	 2.264E+03	 2.138E+03	-3.590E+03	 2.272E+03	 1.791E+03	 1.173E+00	 1.354E+00	 1.167E+00	 3.517E-01	-4.567E-01	-3.563E-01	 1.173E+00	 3.517E-01	 3.000E+00	 3.000E+00	 3.000E+00	 3.633E+02	 5.085E+00
   77.7500	 6.499E+00	 8.360E-04	 7.451E+00	 7.227E+02	 2.822E+02	 3.000E+00	 2.334E+03	 2.292E+03	 2.115E+03	-3.359E+03	 2.674E+03	 1.156E+03	 1.184E+00	 1.372E+00	 1.129E+00	 3.135E-01	-5.045E-01	-2.692E-01	 1.184E+00	 3.135E-01	 3.000E+00	 3.000E+00	 3.000E+00	 3.634E+02	 5.086E+00
   78.0000	 6.499E+00	 4.271E-04	 7.451E+00	 7.227E+02	 2.934E+02	 3.000E+00	 2.329E+03	 2.314E+03	 2.087E+03	-2.898E+03	 2.804E+03	 5.656E+02	 1.206E+00	 1.379E+00	 1.092E+00	 2.389E-01	-5.056E-01	-1.924E-01	 1.206E+00	 2.389E-01	 3.000E+00	 3.000E+00	 3.000E+00	 3.634E+02	 5.087E+00
   78.2500	 6.499E+00	-9.092E-04	 7.450E+00	 7.227E+02	 3.045E+02	 3.000E+00	 2.369E+03	 2.259E+03	 2.094E+03	-2.755E+03	 3.381E+03	-1.553E+02	 1.238E+00	 1.364E+00	 1.070E+00	 2.259E-01	-5.897E-01	-9.468E-02	 1.238E+00	 2.259E-01	 3.000E+00	 3.000E+00	 3.000E+00	 3.634E+02	 5.087E+00
   78.5000	 6.499E+00	 1.250E-03	 7.450E+00	 7.227E+02	 3.157E+02	 3.000E+00	 2.375E+03	 2.226E+03	 2.120E+03	-2.488E+03	 3.872E+03	-9.130E+02	 1.256E+00	 1.353E+00	 1.062E+00	 1.982E-01	-6.656E-01	 8.937E-03	 1.256E+00	 1.982E-01	 3.000E+00	 3.000E+00	 3.000E+00	 3.634E+02	 5.086E+00
   78.7500	 6.500E+00	 2.391E-03	 7.450E+00	 7.227E+02	 3.269E+02	 3.000E+00	 2.333E+03	 2.260E+03	 2.135E+03	-1.705E+03	 3.680E+03	-1.504E+03	 1.267E+00	 1.350E+00	 1.059E+00	 8.311E-02	-6.262E-01	 8.397E-02	 1.267E+00	 8.311E-02	 3.000E+00	 3.000E+00	 3.000E+00	 3.633E+02	 5.086E+00
   79.0000	 6.500E+00	-1.879E-03	 7.450E+00	 7.226E+02	 3.381E+02	 3.000E+00	 2.330E+03	 2.255E+03	 2.157E+03	-9.623E+02	 3.452E+03	-2.019E+03	 1.291E+00	 1.329E+00	 1.065E+00	-2.325E-02	-5.839E-01	 1.470E-01	 1.291E+00	-2.325E-02	 3.000E+00	 3.000E+00	 3.000E+00	 3.632E+02	 5.085E+00
   79.2500	 6.499E+00	-3.371E-03	 7.450E+00	 7.227E+02	 3.492E+02	 3.000E+00	 2.357E+03	 2.189E+03	 2.210E+03	-5.518E+02	 3.600E+03	-2.577E+03	 1.318E+00	 1.293E+00	 1.084E+00	-6.764E-02	-6.142E-01	 2.207E-01	 1.318E+00	-6.764E-02	 3.000E+00	 3.000E+00	 3.000E+00	 3.632E+02	 5.084E+00
   79.5000	 6.499E+00	 1.510E-03	 7.450E+00	 7.227E+02	 4.217E-01	 3.000E+00	 2.335E+03	 2.171E+03	 2.257E+03	 8.324E+01	 3.398E+03	-3.011E+03	 1.329E+00	 1.266E+00	 1.107E+00	-1.489E-01	-5.899E-01	 2.770E-01	 1.329E+00	-1.489E-01	 3.000E+00	 3.000E+00	 3.000E+00	 3.632E+02	 5.084E+00
   79.7500	 6.499E+00	 1.672E-03	 7.450E+00	 7.227E+02	 1.160E+01	 3.000E+00	 2.294E+03	 2.195E+03	 2.277E+03	 1.039E+03	 2.642E+03	-3.209E+03	 1.337E+00	 1.239E+00	 1.127E+00	-2.878E-01	-4.714E-01	 2.969E-01	 1.337E+00	-2.878E-01	 3.000E+00	 3.000E+00	 3.000E+00	 3.632E+02	 5.084E+00
   80.0000	 6.499E+00	-2.699E-03	 7.450E+00	 7.227E+02	 2.277E+01	 3.000E+00	 2.305E+03	 2.156E+03	 2.301E+03	 1.694E+03	 2.111E+03	-3.333E+03	 1.358E+00	 1.194E+00	 1.148E+00	-3.758E-01	-3.955E-01	 3.094E-01	 1.358E+00	-3.758E-01	 3.000E+00	 3.000E+00	 3.000E+00	 3.632E+02	 5.084E+00
   80.2500	 6.498E+00	-1.217E-03	 7.451E+00	 7.227E+02	 3.395E+01	 3.000E+00	 2.321E+03	 2.094E+03	 2.337E+03	 2.048E+03	 1.847E+03	-3.424E+03	 1.372E+00	 1.147E+00	 1.173E+00	-4.114E-01	-3.719E-01	 3.224E-01	 1.372E+00	-4.114E-01	 3.000E+00	 3.000E+00	 3.000E+00	 3.633E+02	 5.085E+00
   80.5000	 6.499E+00	 2.952E-03	 7.450E+00	 7.227E+02	 4.512E+01	 3.000E+00	 2.284E+03	 2.103E+03	 2.351E+03	 2.648E+03	 1.126E+03	-3.303E+03	 1.368E+00	 1.119E+00	 1.196E+00	-4.924E-01	-2.716E-01	 3.042E-01	 1.368E+00	-4.924E-01	 3.000E+00	 3.000E+00	 3.000E+00	 3.633E+02	 5.086E+00
   80.7500	 6.499E+00	 1.369E-03	 7.450E+00	 7.227E+02	 5.630E+01	 3.000E+00	 2.255E+03	 2.126E+03	 2.346E+03	 3.310E+03	 1.351E+02	-2.974E+03	 1.365E+00	 1.095E+00	 1.215E+00	-5.897E-01	-1.246E-01	 2.552E-01	 1.365E+00	-5.897E-01	 3.000E+00	 3.000E+00	 3.000E+00	 3.633E+02	 5.086E+00
   81.0000	 6.499E+00	-8.616E-04	 7.450E+00	 7.227E+02	 6.747E+01	 3.000E+00	 2.273E+03	 2.094E+03	 2.353E+03	 3.504E+03	-4.131E+02	-2.619E+03	 1.370E+00	 1.064E+00	 1.237E+00	-6.095E-01	-5.626E-02	 2.072E-01	 1.370E+00	-6.095E-01	 3.000E+00	 3.000E+00	 3.000E+00	 3.634E+02	 5.086E+00
   81.2500	 6.499E+00	 1.510E-04	 7.450E+00	 7.227E+02	 7.865E+01	 3.000E+00	 2.273E+03	 2.086E+03	 2.363E+03	 3.506E+03	-8.245E+02	-2.211E+03	 1.361E+00	 1.051E+00	 1.260E+00	-5.988E-01	-1.413E-02	 1.545E-01	 1.361E+00	-5.988E-01	 3.000E+00	 3.000E+00	 3.000E+00	 3.633E+02	 5.086E+00
   81.5000	 6.499E+00	 4.167E-04	 7.450E+00	 7.226E+02	 8.983E+01	 3.000E+00	 2.228E+03	 2.153E+03	 2.350E+03	 3.734E+03	-1.655E+03	-1.608E+03	 1.336E+00	 1.064E+00	 1.279E+00	-6.334E-01	 1.023E-01	 7.180E-02	 1.336E+00	-6.334E-01	 3.000E+00	 3.000E+00	 3.000E+00	 3.633E+02	 5.085E+00
   81.7500	 6.499E+00	-3.777E-04	 7.450E+00	 7.226E+02	 1.010E+02	 3.000E+00	 2.209E+03	 2.202E+03	 2.334E+03	 3.797E+03	-2.412E+03	-9.140E+02	 1.316E+00	 1.077E+00	 1.295E+00	-6.460E-01	 2.095E-01	-2.398E-02	 1.316E+00	-6.460E-01	 3.000E+00	 3.000E+00	 3.000E+00	 3.632E+02	 5.084E+00
   82.0000	 6.499E+00	-1.464E-04	 7.450E+00	 7.227E+02	 1.122E+02	 3.000E+00	 2.221E+03	 2.202E+03	 2.335E+03	 3.388E+03	-2.631E+03	-2.856E+02	 1.296E+00	 1.084E+00	 1.316E+00	-5.803E-01	 2.252E-01	-1.063E-01	 1.296E+00	-5.803E-01	 3.000E+00	 3.000E+00	 3.000E+00	 3.632E+02	 5.084E+00
   82.2500	 6.499E+00	-1.523E-03	 7.450E+00	 7.227E+02	 1.234E+02	 3.000E+00	 2.196E+03	 2.237E+03	 2.332E+03	 2.969E+03	-2.862E+03	 3.648E+02	 1.260E+00	 1.108E+00	 1.335E+00	-5.166E-01	 2.461E-01	-1.914E-01	 1.260E+00	-5.166E-01	 3.000E+00	 3.000E+00	 3.000E+00	 3.632E+02	 5.083E+00
   82.5000	 6.499E+00	-1.578E-03	 7.450E+00	 7.227E+02	 1.345E+02	 3.000E+00	 2.145E+03	 2.310E+03	 2.311E+03	 2.739E+03	-3.377E+03	 1.110E+03	 1.217E+00	 1.139E+00	 1.347E+00	-4.919E-01	 3.230E-01	-2.932E-01	 1.217E+00	-4.919E-01	 3.000E+00	 3.000E+00	 3.000E+00	 3.632E+02	 5.084E+00
   82.7500	 6.499E+00	 1.590E-03	 7.450E+00	 7.227E+02	 1.457E+02	 3.000E+00	 2.133E+03	 2.329E+03	 2.297E+03	 2.227E+03	-3.544E+03	 1.789E+03	 1.184E+00	 1.157E+00	 1.357E+00	-4.227E-01	 3.458E-01	-3.847E-01	 1.184E+00	-4.227E-01	 3.000E+00	 3.000E+00	 3.000E+00	 3.632E+02	 5.084E+00
   83.0000	 6.499E+00	 1.552E-03	 7.450E+00	 7.227E+02	 1.569E+02	 3.000E+00	 2.136E+03	 2.313E+03	 2.299E+03	 1.398E+03	-3.242E+03	 2.315E+03	 1.149E+00	 1.173E+00	 1.368E+00	-3.001E-01	 2.909E-01	-4.516E-01	 1.149E+00	-3.001E-01	 3.000E+00	 3.000E+00	 3.000E+00	 3.633E+02	 5.085E+00
   83.2500	 6.499E+00	-1.516E-03	 7.450E+00	 7.227E+02	 1.681E+02	 3.000E+00	 2.103E+03	 2.341E+03	 2.291E+03	 7.612E+02	-3.100E+03	 2.810E+03	 1.108E+00	 1.201E+00	 1.373E+00	-2.132E-01	 2.696E-01	-5.161E-01	 1.108E+00	-2.132E-01	 3.000E+00	 3.000E+00	 3.000E+00	 3.633E+02	 5.086E+00
   83.5000	 6.499E+00	-1.859E-04	 7.450E+00	 7.227E+02	 1.792E+02	 3.000E+00	 2.077E+03	 2.379E+03	 2.268E+03	 2.737E+02	-3.082E+03	 3.280E+03	 1.077E+00	 1.227E+00	 1.369E+00	-1.560E-01	 2.774E-01	-5.800E-01	 1.077E+00	-1.560E-01	 3.000E+00	 3.000E+00	 3.000E+00	 3.634E+02	 5.086E+00
   83.7500	 6.499E+00	 3.105E-03	 7.450E+00	 7.227E+02	 1.904E+02	 3.000E+00	 2.105E+03	 2.356E+03	 2.257E+03	-4.911E+02	-2.600E+03	 3.562E+03	 1.066E+00	 1.241E+00	 1.363E+00	-5.164E-02	 2.091E-01	-6.158E-01	 1.066E+00	-5.164E-02	 3.000E+00	 3.000E+00	 3.000E+00	 3.633E+02	 5.086E+00
   84.0000	 6.500E+00	 5.544E-04	 7.450E+00	 7.227E+02	 2.016E+02	 3.000E+00	 2.137E+03	 2.330E+03	 2.257E+03	-1.329E+03	-1.857E+03	 3.657E+03	 1.061E+00	 1.259E+00	 1.353E+00	 6.675E-02	 9.807E-02	-6.237E-01	 1.061E+00	 6.675E-02	 3.000E+00	 3.000E+00	 3.000E+00	 3.633E+02	 5.085E+00
   84.2500	 6.499E+00	-2.493E-03	 7.450E+00	 7.227E+02	 2.128E+02	 3.000E+00	 2.143E+03	 2.353E+03	 2.239E+03	-1.821E+03	-1.405E+03	 3.698E+03	 1.059E+00	 1.286E+00	 1.336E+00	 1.257E-01	 4.204E-02	-6.273E-01	 1.059E+00	 1.257E-01	 3.000E+00	 3.000E+00	 3.000E+00	 3.632E+02	 5.085E+00
   84.5000	 6.499E+00	-5.041E-04	 7.450E+00	 7.226E+02	 2.239E+02	 3.000E+00	 2.175E+03	 2.361E+03	 2.212E+03	-2.216E+03	-9.560E+02	 3.643E+03	 1.072E+00	 1.307E+00	 1.311E+00	 1.685E-01	-9.287E-03	-6.197E-01	 1.072E+00	 1.685E-01	 3.000E+00	 3.000E+00	 3.000E+00	 3.632E+02	 5.084E+00
   84.7500	 6.499E+00	 9.539E-04	 7.450E+00	 7.226E+02	 2.351E+02	 3.000E+00	 2.240E+03	 2.320E+03	 2.200E+03	-2.807E+03	-9.167E+01	 3.370E+03	 1.099E+00	 1.317E+00	 1.283E+00	 2.495E-01	-1.321E-01	-5.790E-01	 1.099E+00	 2.495E-01	 3.000E+00	 3.000E+00	 3.000E+00	 3.631E+02	 5.083E+00
   85.0000	 6.499E+00	-8.798E-04	 7.450E+00	 7.227E+02	 2.463E+02	 3.000E+00	 2.276E+03	 2.304E+03	 2.186E+03	-3.236E+03	 7.529E+02	 2.955E+03	 1.119E+00	 1.333E+00	 1.251E+00	 3.083E-01	-2.522E-01	-5.184E-01	 1.119E+00	 3.083E-01	 3.000E+00	 3.000E+00	 3.000E+00	 3.631E+02	 5.083E+00
   85.2500	 6.499E+00	-1.243E-03	 7.450E+00	 7.227E+02	 2.575E+02	 3.000E+00	 2.283E+03	 2.327E+03	 2.155E+03	-3.275E+03	 1.222E+03	 2.525E+03	 1.135E+00	 1.356E+00	 1.212E+00	 3.035E-01	-3.061E-01	-4.594E-01	 1.135E+00	 3.035E-01	 3.000E+00	 3.000E+00	 3.000E+00	 3.632E+02	 5.083E+00
   85.5000	 6.499E+00	 9.891E-05	 7.450E+00	 7.227E+02	 2.686E+02	 3.000E+00	 2.314E+03	 2.316E+03	 2.126E+03	-3.298E+03	 1.766E+03	 2.003E+03	 1.161E+00	 1.364E+00	 1.171E+00	 3.007E-01	-3.734E-01	-3.886E-01	 1.161E+00	 3.007E-01	 3.000E+00	 3.000E+00	 3.000E+00	 3.632E+02	 5.084E+00
   85.7500	 6.499E+00	 6.578E-04	 7.450E+00	 7.227E+02	 2.798E+02	 3.000E+00	 2.354E+03	 2.274E+03	 2.116E+03	-3.415E+03	 2.563E+03	 1.324E+03	 1.188E+00	 1.363E+00	 1.136E+00	 3.214E-01	-4.884E-01	-2.934E-01	 1.188E+00	 3.214E-01	 3.000E+00	 3.000E+00	 3.000E+00	 3.633E+02	 5.085E+00
   86.0000	 6.499E+00	 1.153E-03	 7.450E+00	 7.227E+02	 2.910E+02	 3.000E+00	 2.354E+03	 2.272E+03	 2.105E+03	-3.233E+03	 3.079E+03	 6.249E+02	 1.205E+00	 1.370E+00	 1.103E+00	 2.962E-01	-5.585E-01	-1.971E-01	 1.205E+00	 2.962E-01	 3.000E+00	 3.000E+00	 3.000E+00	 3.633E+02	 5.085E+00
   86.2500	 6.499E+00	 1.085E-03	 7.450E+00	 7.227E+02	 3.022E+02	 3.000E+00	 2.341E+03	 2.290E+03	 2.091E+03	-2.744E+03	 3.226E+03	-1.110E+01	 1.224E+00	 1.374E+00	 1.074E+00	 2.219E-01	-5.669E-01	-1.136E-01	 1.224E+00	 2.219E-01	 3.000E+00	 3.000E+00	 3.000E+00	 3.634E+02	 5.086E+00
   86.5000	 6.499E+00	-6.045E-04	 7.450E+00	 7.227E+02	 3.133E+02	 3.000E+00	 2.356E+03	 2.265E+03	 2.100E+03	-2.348E+03	 3.503E+03	-6.844E+02	 1.250E+00	 1.362E+00	 1.059E+00	 1.684E-01	-6.020E-01	-2.480E-02	 1.250E+00	 1.684E-01	 3.000E+00	 3.000E+00	 3.000E+00	 3.633E+02	 5.086E+00
   86.7500	 6.499E+00	-3.354E-04	 7.450E+00	 7.227E+02	 3.245E+02	 3.000E+00	 2.366E+03	 2.227E+03	 2.133E+03	-1.978E+03	 3.840E+03	-1.392E+03	 1.272E+00	 1.344E+00	 1.059E+00	 1.252E-01	-6.543E-01	 7.020E-02	 1.272E+00	 1.252E-01	 3.000E+00	 3.000E+00	 3.000E+00	 3.633E+02	 5.085E+00
   87.0000	 6.499E+00	 1.452E-03	 7.450E+00	 7.226E+02	 3.357E+02	 3.000E+00	 2.342E+03	 2.232E+03	 2.164E+03	-1.302E+03	 3.752E+03	-1.979E+03	 1.286E+00	 1.331E+00	 1.066E+00	 3.186E-02	-6.374E-01	 1.457E-01	 1.286E+00	 3.186E-02	 3.000E+00	 3.000E+00	 3.000E+00	 3.632E+02	 5.084E+00
   87.2500	 6.500E+00	-6.812E-04	 7.450E+00	 7.226E+02	 3.469E+02	 3.000E+00	 2.325E+03	 2.234E+03	 2.193E+03	-5.054E+02	 3.415E+03	-2.439E+03	 1.305E+00	 1.309E+00	 1.079E+00	-8.134E-02	-5.810E-01	 2.014E-01	 1.305E+00	-8.134E-02	 3.000E+00	 3.000E+00	 3.000E+00	 3.632E+02	 5.084E+00
   87.5000	 6.499E+00	-2.680E-03	 7.450E+00	 7.226E+02	 3.580E+02	 3.000E+00	 2.336E+03	 2.191E+03	 2.236E+03	 8.438E+01	 3.259E+03	-2.872E+03	 1.328E+00	 1.273E+00	 1.100E+00	-1.565E-01	-5.617E-01	 2.564E-01	 1.328E+00	-1.565E-01	 3.000E+00	 3.000E+00	 3.000E+00	 3.631E+02	 5.083E+00
   87.7500	 6.499E+00	-2.684E-04	 7.450E+00	 7.227E+02	 9.207E+00	 3.000E+00	 2.330E+03	 2.156E+03	 2.281E+03	 6.701E+02	 3.020E+03	-3.218E+03	 1.343E+00	 1.237E+00	 1.123E+00	-2.296E-01	-5.338E-01	 3.013E-01	 1.343E+00	-2.296E-01	 3.000E+00	 3.000E+00	 3.000E+00	 3.631E+02	 5.083E+00
   88.0000	 6.499E+00	 1.621E-03	 7.450E+00	 7.227E+02	 2.038E+01	 3.000E+00	 2.300E+03	 2.159E+03	 2.304E+03	 1.464E+03	 2.368E+03	-3.361E+03	 1.350E+00	 1.205E+00	 1.145E+00	-3.402E-01	-4.375E-01	 3.159E-01	 1.350E+00	-3.402E-01	 3.000E+00	 3.000E+00	 3.000E+00	 3.632E+02	 5.083E+00
   88.2500	 6.499E+00	-5.032E-04	 7.450E+00	 7.227E+02	 3.156E+01	 3.000E+00	 2.291E+03	 2.142E+03	 2.321E+03	 2.161E+03	 1.675E+03	-3.364E+03	 1.362E+00	 1.165E+00	 1.167E+00	-4.365E-01	-3.367E-01	 3.120E-01	 1.362E+00	-4.365E-01	 3.000E+00	 3.000E+00	 3.000E+00	 3.632E+02	 5.084E+00
   88.5000	 6.499E+00	-8.929E-04	 7.450E+00	 7.227E+02	 4.273E+01	 3.000E+00	 2.301E+03	 2.096E+03	 2.344E+03	 2.572E+03	 1.210E+03	-3.311E+03	 1.374E+00	 1.122E+00	 1.190E+00	-4.849E-01	-2.796E-01	 3.044E-01	 1.374E+00	-4.849E-01	 3.000E+00	 3.000E+00	 3.000E+00	 3.633E+02	 5.085E+00
   88.7500	 6.499E+00	 1.528E-03	 7.450E+00	 7.227E+02	 5.391E+01	 3.000E+00	 2.284E+03	 2.086E+03	 2.358E+03	 2.990E+03	 5.937E+02	-3.112E+03	 1.372E+00	 1.092E+00	 1.213E+00	-5.370E-01	-1.992E-01	 2.772E-01	 1.372E+00	-5.370E-01	 3.000E+00	 3.000E+00	 3.000E+00	 3.633E+02	 5.086E+00
   89.0000	 6.499E+00	 1.511E-03	 7.450E+00	 7.227E+02	 6.509E+01	 3.000E+00	 2.256E+03	 2.112E+03	 2.353E+03	 3.477E+03	-2.871E+02	-2.719E+03	 1.364E+00	 1.075E+00	 1.233E+00	-6.065E-01	-7.325E-02	 2.212E-01	 1.364E+00	-6.065E-01	 3.000E+00	 3.000E+00	 3.000E+00	 3.633E+02	 5.086E+00
   89.2500	 6.499E+00	-1.366E-04	 7.450E+00	 7.227E+02	 7.626E+01	 3.000E+00	 2.254E+03	 2.116E+03	 2.351E+03	 3.697E+03	-9.794E+02	-2.247E+03	 1.359E+00	 1.059E+00	 1.253E+00	-6.346E-01	 1.965E-02	 1.564E-01	 1.359E+00	-6.346E-01	 3.000E+00	 3.000E+00	 3.000E+00	 3.633E+02	 5.086E+00
   89.5000	 6.499E+00	-2.547E-04	 7.450E+00	 7.227E+02	 8.744E+01	 3.000E+00	 2.255E+03	 2.119E+03	 2.355E+03	 3.646E+03	-1.431E+03	-1.745E+03	 1.348E+00	 1.054E+00	 1.275E+00	-6.194E-01	 6.989E-02	 9.049E-02	 1.348E+00	-6.194E-01	 3.000E+00	 3.000E+00	 3.000E+00	 3.633E+02	 5.085E+00
   89.7500	 6.499E+00	-4.880E-04	 7.450E+00	 7.226E+02	 9.861E+01	 3.000E+00	 2.227E+03	 2.168E+03	 2.347E+03	 3.633E+03	-2.038E+03	-1.124E+03	 1.323E+00	 1.069E+00	 1.295E+00	-6.159E-01	 1.487E-01	 7.100E-03	 1.323E+00	-6.159E-01	 3.000E+00	 3.000E+00	 3.000E+00	 3.632E+02	 5.084E+00
   90.0000	 6.499E+00	-6.547E-04	 7.450E+00	 7.226E+02	 1.098E+02	 3.000E+00	 2.198E+03	 2.226E+03	 2.331E+03	 3.576E+03	-2.698E+03	-4.064E+02	 1.295E+00	 1.089E+00	 1.311E+00	-6.111E-01	 2.409E-01	-9.112E-02	 1.295E+00	-6.111E-01	 3.000E+00	 3.000E+00	 3.000E+00	 3.631E+02	 5.083E+00
   90.2500	 6.499E+00	-8.275E-05	 7.450E+00	 7.227E+02	 1.210E+02	 3.000E+00	 2.193E+03	 2.247E+03	 2.324E+03	 3.202E+03	-3.007E+03	 2.766E+02	 1.268E+00	 1.105E+00	 1.329E+00	-5.557E-01	 2.760E-01	-1.822E-01	 1.268E+00	-5.557E-01	 3.000E+00	 3.000E+00	 3.000E+00	 3.631E+02	 5.083E+00
   90.5000	 6.499E+00	-6.486E-04	 7.450E+00	 7.227E+02	 1.321E+02	 3.000E+00	 2.177E+03	 2.267E+03	 2.322E+03	 2.675E+03	-3.128E+03	 9.243E+02	 1.232E+00	 1.125E+00	 1.346E+00	-4.773E-01	 2.820E-01	-2.668E-01	 1.232E+00	-4.773E-01	 3.000E+00	 3.000E+00	 3.000E+00	 3.631E+02	 5.083E+00
   90.7500	 6.499E+00	-1.225E-03	 7.450E+00	 7.227E+02	 1.433E+02	 3.000E+00	 2.138E+03	 2.316E+03	 2.308E+03	 2.244E+03	-3.378E+03	 1.606E+03	 1.189E+00	 1.153E+00	 1.357E+00	-4.202E-01	 3.168E-01	-3.583E-01	 1.189E+00	-4.202E-01	 3.000E+00	 3.000E+00	 3.000E+00	 3.632E+02	 5.084E+00
   91.0000	 6.499E+00	 6.535E-04	 7.450E+00	 7.227E+02	 1.545E+02	 3.000E+00	 2.114E+03	 2.345E+03	 2.292E+03	 1.723E+03	-3.498E+03	 2.247E+03	 1.151E+00	 1.176E+00	 1.364E+00	-3.518E-01	 3.357E-01	-4.448E-01	 1.151E+00	-3.518E-01	 3.000E+00	 3.000E+00	 3.000E+00	 3.632E+02	 5.084E+00
   91.2500	 6.499E+00	 1.944E-03	 7.450E+00	 7.227E+02	 1.657E+02	 3.000E+00	 2.113E+03	 2.337E+03	 2.287E+03	 9.610E+02	-3.234E+03	 2.744E+03	 1.119E+00	 1.193E+00	 1.370E+00	-2.435E-01	 2.927E-01	-5.090E-01	 1.119E+00	-2.435E-01	 3.000E+00	 3.000E+00	 3.000E+00	 3.633E+02	 5.085E+00
   91.5000	 6.499E+00	-7.264E-05	 7.450E+00	 7.227E+02	 1.768E+02	 3.000E+00	 2.102E+03	 2.343E+03	 2.281E+03	 2.256E+02	-2.899E+03	 3.144E+03	 1.087E+00	 1.216E+00	 1.372E+00	-1.414E-01	 2.423E-01	-5.598E-01	 1.087E+00	-1.414E-01	 3.000E+00	 3.000E+00	 3.000E+00	 3.633E+02	 5.086E+00
   91.7500	 6.499E+00	-5.447E-04	 7.450E+00	 7.227E+02	 1.880E+02	 3.000E+00	 2.089E+03	 2.367E+03	 2.264E+03	-3.496E+02	-2.671E+03	 3.492E+03	 1.063E+00	 1.242E+00	 1.366E+00	-6.933E-02	 2.169E-01	-6.060E-01	 1.063E+00	-6.933E-02	 3.000E+00	 3.000E+00	 3.000E+00	 3.633E+02	 5.086E+00
   92.0000	 6.499E+00	 1.313E-03	 7.450E+00	 7.227E+02	 1.992E+02	 3.000E+00	 2.112E+03	 2.362E+03	 2.248E+03	-1.000E+03	-2.226E+03	 3.697E+03	 1.057E+00	 1.260E+00	 1.355E+00	 1.502E-02	 1.585E-01	-6.321E-01	 1.057E+00	 1.502E-02	 3.000E+00	 3.000E+00	 3.000E+00	 3.633E+02	 5.085E+00
   92.2500	 6.500E+00	 7.961E-04	 7.450E+00	 7.226E+02	 2.104E+02	 3.000E+00	 2.154E+03	 2.336E+03	 2.242E+03	-1.740E+03	-1.499E+03	 3.710E+03	 1.063E+00	 1.276E+00	 1.340E+00	 1.164E-01	 5.401E-02	-6.298E-01	 1.063E+00	 1.164E-01	 3.000E+00	 3.000E+00	 3.000E+00	 3.632E+02	 5.085E+00
   92.5000	 6.499E+00	-1.566E-03	 7.450E+00	 7.226E+02	 2.215E+02	 3.000E+00	 2.181E+03	 2.338E+03	 2.227E+03	-2.283E+03	-8.625E+02	 3.616E+03	 1.072E+00	 1.299E+00	 1.318E+00	 1.857E-01	-3.215E-02	-6.141E-01	 1.072E+00	 1.857E-01	 3.000E+00	 3.000E+00	 3.000E+00	 3.632E+02	 5.084E+00
   92.7500	 6.499E+00	-1.288E-03	 7.450E+00	 7.226E+02	 2.327E+02	 3.000E+00	 2.210E+03	 2.347E+03	 2.201E+03	-2.636E+03	-3.336E+02	 3.441E+03	 1.088E+00	 1.320E+00	 1.289E+00	 2.246E-01	-9.657E-02	-5.894E-01	 1.088E+00	 2.246E-01	 3.000E+00	 3.000E+00	 3.000E+00	 3.631E+02	 5.083E+00
   93.0000	 6.499E+00	 1.080E-04	 7.450E+00	 7.227E+02	 2.439E+02	 3.000E+00	 2.260E+03	 2.324E+03	 2.181E+03	-3.029E+03	 3.987E+02	 3.102E+03	 1.113E+00	 1.333E+00	 1.257E+00	 2.747E-01	-1.955E-01	-5.412E-01	 1.113E+00	 2.747E-01	 3.000E+00	 3.000E+00	 3.000E+00	 3.631E+02	 5.083E+00
   93.2500	 6.499E+00	-9.340E-05	 7.450E+00	 7.227E+02	 2.551E+02	 3.000E+00	 2.300E+03	 2.301E+03	 2.165E+03	-3.361E+03	 1.220E+03	 2.612E+03	 1.137E+00	 1.345E+00	 1.221E+00	 3.200E-01	-3.112E-01	-4.709E-01	 1.137E+00	 3.200E-01	 3.000E+00	 3.000E+00	 3.000E+00	 3.631E+02	 5.083E+00
   93.5000	 6.499E+00	-3.465E-04	 7.450E+00	 7.227E+02	 2.662E+02	 3.000E+00	 2.313E+03	 2.307E+03	 2.139E+03	-3.405E+03	 1.799E+03	 2.077E+03	 1.155E+00	 1.361E+00	 1.182E+00	 3.208E-01	-3.857E-01	-3.968E-01	 1.155E+00	 3.208E-01	 3.000E+00	 3.000E+00	 3.000E+00	 3.632E+02	 5.084E+00
   93.7500	 6.499E+00	 2.104E-04	 7.450E+00	 7.227E+02	 2.774E+02	 3.000E+00	 2.328E+03	 2.307E+03	 2.113E+03	-3.297E+03	 2.271E+03	 1.497E+03	 1.178E+00	 1.370E+00	 1.142E+00	 3.003E-01	-4.426E-01	-3.183E-01	 1.178E+00	 3.003E-01	 3.000E+00	 3.000E+00	 3.000E+00	 3.633E+02	 5.085E+00
   94.0000	 6.499E+00	 4.931E-04	 7.450E+00	 7.227E+02	 2.886E+02	 3.000E+00	 2.354E+03	 2.279E+03	 2.101E+03	-3.212E+03	 2.869E+03	 8.143E+02	 1.204E+00	 1.369E+00	 1.108E+00	 2.900E-01	-5.250E-01	-2.245E-01	 1.204E+00	 2.900E-01	 3.000E+00	 3.000E+00	 3.000E+00	 3.633E+02	 5.085E+00
   94.2500	 6.499E+00	 9.719E-04	 7.450E+00	 7.227E+02	 2.998E+02	 3.000E+00	 2.361E+03	 2.262E+03	 2.100E+03	-2.977E+03	 3.356E+03	 9.274E+01	 1.224E+00	 1.368E+00	 1.081E+00	 2.599E-01	-5.928E-01	-1.258E-01	 1.224E+00	 2.599E-01	 3.000E+00	 3.000E+00	 3.000E+00	 3.633E+02	 5.086E+00
   94.5000	 6.499E+00	 1.169E-03	 7.450E+00	 7.227E+02	 3.109E+02	 3.000E+00	 2.349E+03	 2.269E+03	 2.101E+03	-2.481E+03	 3.522E+03	-5.699E+02	 1.242E+00	 1.366E+00	 1.062E+00	 1.886E-01	-6.085E-01	-3.857E-02	 1.242E+00	 1.886E-01	 3.000E+00	 3.000E+00	 3.000E+00	 3.633E+02	 5.086E+00
   94.7500	 6.500E+00	-3.416E-04	 7.450E+00	 7.227E+02	 3.221E+02	 3.000E+00	 2.349E+03	 2.258E+03	 2.117E+03	-1.940E+03	 3.616E+03	-1.206E+03	 1.264E+00	 1.353E+00	 1.056E+00	 1.134E-01	-6.160E-01	 4.377E-02	 1.264E+00	 1.134E-01	 3.000E+00	 3.000E+00	 3.000E+00	 3.633E+02	 5.085E+00
   95.0000	 6.499E+00	-9.857E-04	 7.450E+00	 7.226E+02	 3.333E+02	 3.000E+00	 2.355E+03	 2.226E+03	 2.154E+03	-1.443E+03	 3.757E+03	-1.844E+03	 1.287E+00	 1.332E+00	 1.063E+00	 5.035E-02	-6.376E-01	 1.276E-01	 1.287E+00	 5.035E-02	 3.000E+00	 3.000E+00	 3.000E+00	 3.632E+02	 5.084E+00
   95.2500	 6.499E+00	 2.421E-04	 7.450E+00	 7.226E+02	 3.445E+02	 3.000E+00	 2.342E+03	 2.213E+03	 2.195E+03	-8.018E+02	 3.663E+03	-2.390E+03	 1.303E+00	 1.310E+00	 1.078E+00	-3.490E-02	-6.237E-01	 1.979E-01	 1.303E+00	-3.490E-02	 3.000E+00	 3.000E+00	 3.000E+00	 3.632E+02	 5.084E+00
   95.5000	 6.499E+00	-5.431E-05	 7.450E+00	 7.226E+02	 3.556E+02	 3.000E+00	 2.323E+03	 2.210E+03	 2.228E+03	-2.264E+01	 3.287E+03	-2.793E+03	 1.319E+00	 1.284E+00	 1.096E+00	-1.433E-01	-5.650E-01	 2.466E-01	 1.319E+00	-1.433E-01	 3.000E+00	 3.000E+00	 3.000E+00	 3.631E+02	 5.083E+00
   95.7500	 6.499E+00	-1.675E-03	 7.450E+00	 7.227E+02	 6.817E+00	 3.000E+00	 2.321E+03	 2.181E+03	 2.264E+03	 6.598E+02	 2.924E+03	-3.112E+03	 1.338E+00	 1.248E+00	 1.117E+00	-2.344E-01	-5.133E-01	 2.856E-01	 1.338E+00	-2.344E-01	 3.000E+00	 3.000E+00	 3.000E+00	 3.631E+02	 5.083E+00
   96.0000	 6.499E+00	-7.785E-04	 7.450E+00	 7.227E+02	 1.799E+01	 3.000E+00	 2.320E+03	 2.144E+03	 2.301E+03	 1.250E+03	 2.569E+03	-3.348E+03	 1.353E+00	 1.208E+00	 1.141E+00	-3.092E-01	-4.681E-01	 3.154E-01	 1.353E+00	-3.092E-01	 3.000E+00	 3.000E+00	 3.000E+00	 3.631E+02	 5.083E+00
   96.2500	 6.499E+00	 1.123E-03	 7.450E+00	 7.227E+02	 2.917E+01	 3.000E+00	 2.300E+03	 2.132E+03	 2.324E+03	 1.918E+03	 1.967E+03	-3.414E+03	 1.361E+00	 1.172E+00	 1.163E+00	-3.989E-01	-3.836E-01	 3.213E-01	 1.361E+00	-3.989E-01	 3.000E+00	 3.000E+00	 3.000E+00	 3.632E+02	 5.084E+00
   96.5000	 6.499E+00	 6.412E-04	 7.450E+00	 7.227E+02	 4.034E+01	 3.000E+00	 2.284E+03	 2.123E+03	 2.337E+03	 2.561E+03	 1.227E+03	-3.317E+03	 1.367E+00	 1.135E+00	 1.185E+00	-4.875E-01	-2.775E-01	 3.045E-01	 1.367E+00	-4.875E-01	 3.000E+00	 3.000E+00	 3.000E+00	 3.633E+02	 5.085E+00
   96.7500	 6.499E+00	-1.687E-04	 7.450E+00	 7.227E+02	 5.152E+01	 3.000E+00	 2.285E+03	 2.096E+03	 2.350E+03	 2.987E+03	 6.154E+02	-3.131E+03	 1.373E+00	 1.098E+00	 1.207E+00	-5.412E-01	-1.964E-01	 2.783E-01	 1.373E+00	-5.412E-01	 3.000E+00	 3.000E+00	 3.000E+00	 3.633E+02	 5.085E+00
   97.0000	 6.499E+00	 7.706E-04	 7.450E+00	 7.227E+02	 6.269E+01	 3.000E+00	 2.277E+03	 2.086E+03	 2.359E+03	 3.296E+03	 1.314E+01	-2.838E+03	 1.370E+00	 1.072E+00	 1.229E+00	-5.779E-01	-1.194E-01	 2.388E-01	 1.370E+00	-5.779E-01	 3.000E+00	 3.000E+00	 3.000E+00	 3.633E+02	 5.086E+00
   97.2500	 6.499E+00	 1.009E-03	 7.450E+00	 7.227E+02	 7.387E+01	 3.000E+00	 2.254E+03	 2.111E+03	 2.355E+03	 3.608E+03	-7.538E+02	-2.383E+03	 1.359E+00	 1.062E+00	 1.250E+00	-6.203E-01	-1.431E-02	 1.762E-01	 1.359E+00	-6.203E-01	 3.000E+00	 3.000E+00	 3.000E+00	 3.633E+02	 5.086E+00
   97.5000	 6.499E+00	 1.780E-05	 7.450E+00	 7.227E+02	 8.505E+01	 3.000E+00	 2.241E+03	 2.137E+03	 2.348E+03	 3.767E+03	-1.468E+03	-1.828E+03	 1.347E+00	 1.059E+00	 1.269E+00	-6.413E-01	 8.229E-02	 1.001E-01	 1.347E+00	-6.413E-01	 3.000E+00	 3.000E+00	 3.000E+00	 3.633E+02	 5.085E+00
   97.7500	 6.499E+00	-4.732E-04	 7.450E+00	 7.226E+02	 9.622E+01	 3.000E+00	 2.237E+03	 2.155E+03	 2.347E+03	 3.673E+03	-1.959E+03	-1.244E+03	 1.331E+00	 1.063E+00	 1.290E+00	-6.233E-01	 1.411E-01	 2.229E-02	 1.331E+00	-6.233E-01	 3.000E+00	 3.000E+00	 3.000E+00	 3.632E+02	 5.084E+00
   98.0000	 6.499E+00	-8.622E-04	 7.450E+00	 7.226E+02	 1.074E+02	 3.000E+00	 2.217E+03	 2.195E+03	 2.340E+03	 3.498E+03	-2.429E+03	-5.974E+02	 1.304E+00	 1.080E+00	 1.309E+00	-5.957E-01	 1.984E-01	-6.371E-02	 1.304E+00	-5.957E-01	 3.000E+00	 3.000E+00	 3.000E+00	 3.631E+02	 5.083E+00
   98.2500	 6.499E+00	-8.544E-04	 7.450E+00	 7.226E+02	 1.186E+02	 3.000E+00	 2.188E+03	 2.249E+03	 2.326E+03	 3.293E+03	-2.942E+03	 1.210E+02	 1.272E+00	 1.104E+00	 1.325E+00	-5.686E-01	 2.678E-01	-1.610E-01	 1.272E+00	-5.686E-01	 3.000E+00	 3.000E+00	 3.000E+00	 3.631E+02	 5.083E+00
   98.5000	 6.499E+00	-2.200E-04	 7.450E+00	 7.227E+02	 1.297E+02	 3.000E+00	 2.170E+03	 2.280E+03	 2.316E+03	 2.895E+03	-3.247E+03	 8.231E+02	 1.239E+00	 1.124E+00	 1.341E+00	-5.127E-01	 3.058E-01	-2.552E-01	 1.239E+00	-5.127E-01	 3.000E+00	 3.000E+00	 3.000E+00	 3.631E+02	 5.083E+00
   98.7500	 6.499E+00	 7.741E-05	 7.450E+00	 7.227E+02	 1.409E+02	 3.000E+00	 2.155E+03	 2.296E+03	 2.311E+03	 2.318E+03	-3.310E+03	 1.463E+03	 1.202E+00	 1.144E+00	 1.355E+00	-4.293E-01	 3.067E-01	-3.392E-01	 1.202E+00	-4.293E-01	 3.000E+00	 3.000E+00	 3.000E+00	 3.632E+02	 5.083E+00
   99.0000	 6.499E+00	-5.403E-04	 7.450E+00	 7.227E+02	 1.521E+02	 3.000E+00	 2.126E+03	 2.326E+03	 2.301E+03	 1.751E+03	-3.361E+03	 2.081E+03	 1.160E+00	 1.169E+00	 1.365E+00	-3.512E-01	 3.111E-01	-4.210E-01	 1.160E+00	-3.512E-01	 3.000E+00	 3.000E+00	 3.000E+00	 3.632E+02	 5.084E+00
   99.2500	 6.499E+00	 3.781E-04	 7.450E+00	 7.227E+02	 1.633E+02	 3.000E+00	 2.102E+03	 2.352E+03	 2.286E+03	 1.174E+03	-3.357E+03	 2.654E+03	 1.122E+00	 1.193E+00	 1.369E+00	-2.750E-01	 3.128E-01	-4.978E-01	 1.122E+00	-2.750E-01	 3.000E+00	 3.000E+00	 3.000E+00	 3.633E+02	 5.085E+00
   99.5000	 6.499E+00	 1.616E-03	 7.450E+00	 7.227E+02	 1.744E+02	 3.000E+00	 2.099E+03	 2.352E+03	 2.277E+03	 4.587E+02	-3.087E+03	 3.099E+03	 1.093E+00	 1.212E+00	 1.371E+00	-1.768E-01	 2.734E-01	-5.557E-01	 1.093E+00	-1.768E-01	 3.000E+00	 3.000E+00	 3.000E+00	 3.633E+02	 5.086E+00
   99.7500	 6.499E+00	 7.545E-04	 7.450E+00	 7.227E+02	 1.856E+02	 3.000E+00	 2.103E+03	 2.348E+03	 2.271E+03	-2.912E+02	-2.650E+03	 3.412E+03	 1.071E+00	 1.232E+00	 1.368E+00	-7.357E-02	 2.097E-01	-5.947E-01	 1.071E+00	-7.357E-02	 3.000E+00	 3.000E+00	 3.000E+00	 3.633E+02	 5.086E+00
  100.0000	 6.499E+00	-4.933E-04	 7.450E+00	 7.227E+02	 1.968E+02	 3.000E+00	 2.107E+03	 2.358E+03	 2.257E+03	-9.204E+02	-2.246E+03	 3.637E+03	 1.057E+00	 1.256E+00	 1.358E+00	 7.722E-03	 1.569E-01	-6.232E-01	 1.057E+00	 7.722E-03	 3.000E+00	 3.000E+00	 3.000E+00	 3.633E+02	 5.086E+00
  100.2500	 6.499E+00	 1.131E-04	 7.450E+00	 7.227E+02	 2.080E+02	 3.000E+00	 2.132E+03	 2.358E+03	 2.239E+03	-1.511E+03	-1.759E+03	 3.741E+03	 1.058E+00	 1.276E+00	 1.343E+00	 8.238E-02	 9.420E-02	-6.357E-01	 1.058E+00	 8.238E-02	 3.000E+00	 3.000E+00	 3.000E+00	 3.633E+02	 5.085E+00
  100.5000	 6.499E+00	 2.662E-04	 7.450E+00	 7.226E+02	 2.191E+02	 3.000E+00	 2.177E+03	 2.339E+03	 2.227E+03	-2.138E+03	-1.060E+03	 3.669E+03	 1.071E+00	 1.293E+00	 1.323E+00	 1.653E-01	-2.617E-03	-6.228E-01	 1.071E+00	 1.653E-01	 3.000E+00	 3.000E+00	 3.000E+00	 3.632E+02	 5.084E+00
  100.7500	 6.499E+00	-9.681E-04	 7.450E+00	 7.226E+02	 2.303E+02	 3.000E+00	 2.215E+03	 2.329E+03	 2.212E+03	-2.651E+03	-3.406E+02	 3.462E+03	 1.087E+00	 1.312E+00	 1.297E+00	 2.317E-01	-1.015E-01	-5.915E-01	 1.087E+00	 2.317E-01	 3.000E+00	 3.000E+00	 3.000E+00	 3.631E+02	 5.083E+00
  101.0000	 6.499E+00	-1.246E-03	 7.450E+00	 7.227E+02	 2.415E+02	 3.000E+00	 2.245E+03	 2.332E+03	 2.188E+03	-2.969E+03	 2.712E+02	 3.169E+03	 1.105E+00	 1.332E+00	 1.265E+00	 2.681E-01	-1.800E-01	-5.500E-01	 1.105E+00	 2.681E-01	 3.000E+00	 3.000E+00	 3.000E+00	 3.631E+02	 5.083E+00
  101.2500	 6.499E+00	-2.969E-04	 7.450E+00	 7.227E+02	 2.527E+02	 3.000E+00	 2.282E+03	 2.321E+03	 2.163E+03	-3.218E+03	 9.348E+02	 2.755E+03	 1.129E+00	 1.346E+00	 1.228E+00	 2.972E-01	-2.671E-01	-4.922E-01	 1.129E+00	 2.972E-01	 3.000E+00	 3.000E+00	 3.000E+00	 3.631E+02	 5.083E+00
  101.5000	 6.499E+00	 9.366E-05	 7.450E+00	 7.227E+02	 2.638E+02	 3.000E+00	 2.317E+03	 2.299E+03	 2.144E+03	-3.414E+03	 1.679E+03	 2.206E+03	 1.154E+00	 1.355E+00	 1.190E+00	 3.230E-01	-3.698E-01	-4.150E-01	 1.154E+00	 3.230E-01	 3.000E+00	 3.000E+00	 3.000E+00	 3.632E+02	 5.084E+00
  101.7500	 6.499E+00	 2.469E-04	 7.450E+00	 7.227E+02	 2.750E+02	 3.000E+00	 2.333E+03	 2.294E+03	 2.123E+03	-3.409E+03	 2.285E+03	 1.596E+03	 1.174E+00	 1.366E+00	 1.151E+00	 3.200E-01	-4.505E-01	-3.304E-01	 1.174E+00	 3.200E-01	 3.000E+00	 3.000E+00	 3.000E+00	 3.632E+02	 5.084E+00
  102.0000	 6.499E+00	 6.405E-04	 7.450E+00	 7.227E+02	 2.862E+02	 3.000E+00	 2.341E+03	 2.294E+03	 2.102E+03	-3.215E+03	 2.723E+03	 9.631E+02	 1.195E+00	 1.373E+00	 1.114E+00	 2.893E-01	-5.043E-01	-2.448E-01	 1.195E+00	 2.893E-01	 3.000E+00	 3.000E+00	 3.000E+00	 3.633E+02	 5.085E+00
  102.2500	 6.499E+00	 5.034E-04	 7.450E+00	 7.227E+02	 2.974E+02	 3.000E+00	 2.355E+03	 2.277E+03	 2.094E+03	-2.969E+03	 3.163E+03	 2.776E+02	 1.219E+00	 1.370E+00	 1.085E+00	 2.553E-01	-5.620E-01	-1.521E-01	 1.219E+00	 2.553E-01	 3.000E+00	 3.000E+00	 3.000E+00	 3.633E+02	 5.086E+00
  102.5000	 6.499E+00	 6.816E-04	 7.450E+00	 7.227E+02	 3.086E+02	 3.000E+00	 2.361E+03	 2.257E+03	 2.102E+03	-2.639E+03	 3.547E+03	-4.373E+02	 1.241E+00	 1.364E+00	 1.066E+00	 2.122E-01	-6.150E-01	-5.566E-02	 1.241E+00	 2.122E-01	 3.000E+00	 3.000E+00	 3.000E+00	 3.633E+02	 5.086E+00
  102.7500	 6.499E+00	 7.483E-04	 7.450E+00	 7.227E+02	 3.197E+02	 3.000E+00	 2.352E+03	 2.253E+03	 2.117E+03	-2.120E+03	 3.691E+03	-1.100E+03	 1.259E+00	 1.355E+00	 1.058E+00	 1.408E-01	-6.308E-01	 3.144E-02	 1.259E+00	 1.408E-01	 3.000E+00	 3.000E+00	 3.000E+00	 3.633E+02	 5.085E+00
  103.0000	 6.500E+00	-1.699E-04	 7.450E+00	 7.226E+02	 3.309E+02	 3.000E+00	 2.344E+03	 2.246E+03	 2.143E+03	-1.501E+03	 3.670E+03	-1.698E+03	 1.279E+00	 1.340E+00	 1.060E+00	 5.523E-02	-6.226E-01	 1.080E-01	 1.279E+00	 5.523E-02	 3.000E+00	 3.000E+00	 3.000E+00	 3.632E+02	 5.085E+00
  103.2500	 6.499E+00	-1.235E-03	 7.450E+00	 7.226E+02	 3.421E+02	 3.000E+00	 2.344E+03	 2.220E+03	 2.182E+03	-9.009E+02	 3.631E+03	-2.259E+03	 1.301E+00	 1.315E+00	 1.073E+00	-2.388E-02	-6.166E-01	 1.800E-01	 1.301E+00	-2.388E-02	 3.000E+00	 3.000E+00	 3.000E+00	 3.632E+02	 5.084E+00
  103.5000	 6.499E+00	-5.244E-04	 7.450E+00	 7.226E+02	 3.533E+02	 3.000E+00	 2.336E+03	 2.198E+03	 2.225E+03	-2.534E+02	 3.460E+03	-2.736E+03	 1.318E+00	 1.287E+00	 1.092E+00	-1.091E-01	-5.934E-01	 2.409E-01	 1.318E+00	-1.091E-01	 3.000E+00	 3.000E+00	 3.000E+00	 3.631E+02	 5.083E+00
  103.7500	 6.499E+00	-1.941E-05	 7.450E+00	 7.227E+02	 4.427E+00	 3.000E+00	 2.320E+03	 2.187E+03	 2.259E+03	 4.887E+02	 3.053E+03	-3.070E+03	 1.333E+00	 1.257E+00	 1.113E+00	-2.102E-01	-5.333E-01	 2.814E-01	 1.333E+00	-2.102E-01	 3.000E+00	 3.000E+00	 3.000E+00	 3.631E+02	 5.083E+00
  104.0000	 6.499E+00	-8.255E-04	 7.450E+00	 7.227E+02	 1.560E+01	 3.000E+00	 2.311E+03	 2.165E+03	 2.290E+03	 1.193E+03	 2.563E+03	-3.285E+03	 1.348E+00	 1.219E+00	 1.135E+00	-3.053E-01	-4.630E-01	 3.062E-01	 1.348E+00	-3.053E-01	 3.000E+00	 3.000E+00	 3.000E+00	 3.631E+02	 5.083E+00
  104.2500	 6.499E+00	-5.183E-04	 7.450E+00	 7.227E+02	 2.678E+01	 3.000E+00	 2.308E+03	 2.132E+03	 2.319E+03	 1.789E+03	 2.084E+03	-3.402E+03	 1.361E+00	 1.178E+00	 1.158E+00	-3.823E-01	-3.990E-01	 3.198E-01	 1.361E+00	-3.823E-01	 3.000E+00	 3.000E+00	 3.000E+00	 3.632E+02	 5.084E+00
  104.5000	 6.499E+00	 7.717E-04	 7.450E+00	 7.227E+02	 3.795E+01	 3.000E+00	 2.295E+03	 2.113E+03	 2.339E+03	 2.364E+03	 1.482E+03	-3.374E+03	 1.368E+00	 1.140E+00	 1.181E+00	-4.577E-01	-3.169E-01	 3.141E-01	 1.368E+00	-4.577E-01	 3.000E+00	 3.000E+00	 3.000E+00	 3.633E+02	 5.085E+00
  104.7500	 6.499E+00	 1.043E-03	 7.450E+00	 7.227E+02	 4.913E+01	 3.000E+00	 2.279E+03	 2.107E+03	 2.347E+03	 2.913E+03	 7.431E+02	-3.185E+03	 1.370E+00	 1.108E+00	 1.202E+00	-5.320E-01	-2.134E-01	 2.859E-01	 1.370E+00	-5.320E-01	 3.000E+00	 3.000E+00	 3.000E+00	 3.633E+02	 5.085E+00
  105.0000	 6.499E+00	 3.982E-04	 7.450E+00	 7.227E+02	 6.030E+01	 3.000E+00	 2.273E+03	 2.097E+03	 2.354E+03	 3.302E+03	 5.427E+01	-2.885E+03	 1.370E+00	 1.079E+00	 1.224E+00	-5.825E-01	-1.203E-01	 2.440E-01	 1.370E+00	-5.825E-01	 3.000E+00	 3.000E+00	 3.000E+00	 3.633E+02	 5.086E+00
  105.2500	 6.499E+00	 3.212E-04	 7.450E+00	 7.227E+02	 7.148E+01	 3.000E+00	 2.266E+03	 2.096E+03	 2.358E+03	 3.528E+03	-5.644E+02	-2.493E+03	 1.364E+00	 1.060E+00	 1.245E+00	-6.088E-01	-4.093E-02	 1.913E-01	 1.364E+00	-6.088E-01	 3.000E+00	 3.000E+00	 3.000E+00	 3.633E+02	 5.086E+00
  105.5000	 6.499E+00	 4.514E-04	 7.450E+00	 7.227E+02	 8.265E+01	 3.000E+00	 2.248E+03	 2.123E+03	 2.354E+03	 3.690E+03	-1.241E+03	-1.978E+03	 1.351E+00	 1.057E+00	 1.266E+00	-6.287E-01	 4.840E-02	 1.215E-01	 1.351E+00	-6.287E-01	 3.000E+00	 3.000E+00	 3.000E+00	 3.633E+02	 5.085E+00
  105.7500	 6.499E+00	-3.144E-04	 7.450E+00	 7.226E+02	 9.383E+01	 3.000E+00	 2.231E+03	 2.161E+03	 2.345E+03	 3.742E+03	-1.906E+03	-1.364E+03	 1.332E+00	 1.065E+00	 1.285E+00	-6.350E-01	 1.373E-01	 3.796E-02	 1.332E+00	-6.350E-01	 3.000E+00	 3.000E+00	 3.000E+00	 3.632E+02	 5.084E+00
  106.0000	 6.499E+00	-4.362E-04	 7.450E+00	 7.226E+02	 1.050E+02	 3.000E+00	 2.220E+03	 2.191E+03	 2.339E+03	 3.589E+03	-2.400E+03	-7.181E+02	 1.310E+00	 1.077E+00	 1.304E+00	-6.108E-01	 1.986E-01	-4.858E-02	 1.310E+00	-6.108E-01	 3.000E+00	 3.000E+00	 3.000E+00	 3.632E+02	 5.084E+00
  106.2500	 6.499E+00	-9.177E-04	 7.450E+00	 7.226E+02	 1.162E+02	 3.000E+00	 2.202E+03	 2.227E+03	 2.332E+03	 3.300E+03	-2.781E+03	-4.846E+01	 1.281E+00	 1.096E+00	 1.323E+00	-5.677E-01	 2.435E-01	-1.376E-01	 1.281E+00	-5.677E-01	 3.000E+00	 3.000E+00	 3.000E+00	 3.631E+02	 5.083E+00
  106.5000	 6.499E+00	-7.843E-04	 7.450E+00	 7.227E+02	 1.274E+02	 3.000E+00	 2.174E+03	 2.271E+03	 2.321E+03	 2.960E+03	-3.146E+03	 6.576E+02	 1.245E+00	 1.120E+00	 1.338E+00	-5.204E-01	 2.906E-01	-2.323E-01	 1.245E+00	-5.204E-01	 3.000E+00	 3.000E+00	 3.000E+00	 3.631E+02	 5.083E+00
  106.7500	 6.499E+00	-1.442E-04	 7.450E+00	 7.227E+02	 1.385E+02	 3.000E+00	 2.151E+03	 2.304E+03	 2.309E+03	 2.502E+03	-3.378E+03	 1.348E+03	 1.208E+00	 1.142E+00	 1.351E+00	-4.574E-01	 3.204E-01	-3.249E-01	 1.208E+00	-4.574E-01	 3.000E+00	 3.000E+00	 3.000E+00	 3.631E+02	 5.083E+00
  107.0000	 6.499E+00	 4.003E-04	 7.450E+00	 7.227E+02	 1.497E+02	 3.000E+00	 2.134E+03	 2.320E+03	 2.302E+03	 1.894E+03	-3.388E+03	 1.966E+03	 1.170E+00	 1.163E+00	 1.362E+00	-3.717E-01	 3.167E-01	-4.063E-01	 1.170E+00	-3.717E-01	 3.000E+00	 3.000E+00	 3.000E+00	 3.632E+02	 5.084E+00
  107.2500	 6.499E+00	 2.594E-04	 7.450E+00	 7.227E+02	 1.609E+02	 3.000E+00	 2.113E+03	 2.337E+03	 2.293E+03	 1.247E+03	-3.294E+03	 2.518E+03	 1.131E+00	 1.186E+00	 1.369E+00	-2.821E-01	 3.006E-01	-4.788E-01	 1.131E+00	-2.821E-01	 3.000E+00	 3.000E+00	 3.000E+00	 3.633E+02	 5.085E+00
  107.5000	 6.499E+00	 3.490E-04	 7.450E+00	 7.227E+02	 1.721E+02	 3.000E+00	 2.095E+03	 2.356E+03	 2.280E+03	 6.123E+02	-3.148E+03	 3.007E+03	 1.097E+00	 1.209E+00	 1.371E+00	-1.974E-01	 2.817E-01	-5.435E-01	 1.097E+00	-1.974E-01	 3.000E+00	 3.000E+00	 3.000E+00	 3.633E+02	 5.085E+00
  107.7500	 6.499E+00	 1.171E-03	 7.450E+00	 7.227E+02	 1.832E+02	 3.000E+00	 2.095E+03	 2.358E+03	 2.268E+03	-7.769E+01	-2.828E+03	 3.377E+03	 1.073E+00	 1.230E+00	 1.368E+00	-1.050E-01	 2.379E-01	-5.915E-01	 1.073E+00	-1.050E-01	 3.000E+00	 3.000E+00	 3.000E+00	 3.633E+02	 5.086E+00
  108.0000	 6.499E+00	 7.955E-04	 7.450E+00	 7.227E+02	 1.944E+02	 3.000E+00	 2.110E+03	 2.351E+03	 2.260E+03	-8.004E+02	-2.329E+03	 3.601E+03	 1.061E+00	 1.249E+00	 1.361E+00	-7.334E-03	 1.676E-01	-6.188E-01	 1.061E+00	-7.334E-03	 3.000E+00	 3.000E+00	 3.000E+00	 3.633E+02	 5.086E+00
  108.2500	 6.499E+00	-3.374E-04	 7.450E+00	 7.227E+02	 2.056E+02	 3.000E+00	 2.130E+03	 2.351E+03	 2.247E+03	-1.438E+03	-1.799E+03	 3.709E+03	 1.057E+00	 1.271E+00	 1.347E+00	 7.580E-02	 9.600E-02	-6.308E-01	 1.057E+00	 7.580E-02	 3.000E+00	 3.000E+00	 3.000E+00	 3.633E+02	 5.085E+00
  108.5000	 6.499E+00	-6.432E-04	 7.450E+00	 7.226E+02	 2.168E+02	 3.000E+00	 2.160E+03	 2.350E+03	 2.229E+03	-1.987E+03	-1.242E+03	 3.700E+03	 1.065E+00	 1.292E+00	 1.327E+00	 1.445E-01	 2.335E-02	-6.278E-01	 1.065E+00	 1.445E-01	 3.000E+00	 3.000E+00	 3.000E+00	 3.632E+02	 5.084E+00
  108.7500	 6.499E+00	-2.952E-04	 7.450E+00	 7.226E+02	 2.279E+02	 3.000E+00	 2.204E+03	 2.337E+03	 2.212E+03	-2.508E+03	-5.585E+02	 3.538E+03	 1.083E+00	 1.309E+00	 1.302E+00	 2.112E-01	-6.903E-02	-6.032E-01	 1.083E+00	 2.112E-01	 3.000E+00	 3.000E+00	 3.000E+00	 3.631E+02	 5.083E+00
  109.0000	 6.499E+00	-6.571E-04	 7.450E+00	 7.226E+02	 2.391E+02	 3.000E+00	 2.245E+03	 2.323E+03	 2.195E+03	-2.943E+03	 1.814E+02	 3.233E+03	 1.103E+00	 1.326E+00	 1.272E+00	 2.672E-01	-1.703E-01	-5.588E-01	 1.103E+00	 2.672E-01	 3.000E+00	 3.000E+00	 3.000E+00	 3.631E+02	 5.083E+00
  109.2500	 6.499E+00	-8.838E-04	 7.450E+00	 7.227E+02	 2.503E+02	 3.000E+00	 2.276E+03	 2.320E+03	 2.171E+03	-3.207E+03	 8.437E+02	 2.834E+03	 1.124E+00	 1.343E+00	 1.237E+00	 2.981E-01	-2.576E-01	-5.027E-01	 1.124E+00	 2.981E-01	 3.000E+00	 3.000E+00	 3.000E+00	 3.631E+02	 5.083E+00
  109.5000	 6.499E+00	-1.243E-04	 7.450E+00	 7.227E+02	 2.615E+02	 3.000E+00	 2.304E+03	 2.313E+03	 2.146E+03	-3.343E+03	 1.471E+03	 2.343E+03	 1.147E+00	 1.356E+00	 1.198E+00	 3.121E-01	-3.393E-01	-4.346E-01	 1.147E+00	 3.121E-01	 3.000E+00	 3.000E+00	 3.000E+00	 3.632E+02	 5.083E+00
  109.7500	 6.499E+00	 2.481E-04	 7.450E+00	 7.227E+02	 2.726E+02	 3.000E+00	 2.331E+03	 2.296E+03	 2.126E+03	-3.401E+03	 2.127E+03	 1.746E+03	 1.171E+00	 1.364E+00	 1.159E+00	 3.183E-01	-4.277E-01	-3.517E-01	 1.171E+00	 3.183E-01	 3.000E+00	 3.000E+00	 3.000E+00	 3.632E+02	 5.084E+00
  110.0000	 6.499E+00	 5.828E-04	 7.450E+00	 7.227E+02	 2.838E+02	 3.000E+00	 2.346E+03	 2.285E+03	 2.109E+03	-3.311E+03	 2.696E+03	 1.086E+03	 1.192E+00	 1.369E+00	 1.122E+00	 3.050E-01	-5.042E-01	-2.608E-01	 1.192E+00	 3.050E-01	 3.000E+00	 3.000E+00	 3.000E+00	 3.633E+02	 5.085E+00
  110.2500	 6.499E+00	 8.416E-04	 7.450E+00	 7.227E+02	 2.950E+02	 3.000E+00	 2.350E+03	 2.281E+03	 2.096E+03	-3.041E+03	 3.097E+03	 4.156E+02	 1.213E+00	 1.372E+00	 1.091E+00	 2.658E-01	-5.545E-01	-1.703E-01	 1.213E+00	 2.658E-01	 3.000E+00	 3.000E+00	 3.000E+00	 3.633E+02	 5.086E+00
  110.5000	 6.499E+00	 5.349E-04	 7.450E+00	 7.227E+02	 3.062E+02	 3.000E+00	 2.355E+03	 2.270E+03	 2.096E+03	-2.674E+03	 3.413E+03	-2.677E+02	 1.235E+00	 1.367E+00	 1.068E+00	 2.148E-01	-5.942E-01	-7.911E-02	 1.235E+00	 2.148E-01	 3.000E+00	 3.000E+00	 3.000E+00	 3.633E+02	 5.086E+00
  110.7500	 6.499E+00	 1.471E-04	 7.450E+00	 7.227E+02	 3.173E+02	 3.000E+00	 2.358E+03	 2.252E+03	 2.112E+03	-2.240E+03	 3.668E+03	-9.567E+02	 1.257E+00	 1.357E+00	 1.058E+00	 1.572E-01	-6.282E-01	 1.245E-02	 1.257E+00	 1.572E-01	 3.000E+00	 3.000E+00	 3.000E+00	 3.633E+02	 5.085E+00
  111.0000	 6.499E+00	 2.854E-04	 7.450E+00	 7.227E+02	 3.285E+02	 3.000E+00	 2.350E+03	 2.240E+03	 2.140E+03	-1.682E+03	 3.747E+03	-1.594E+03	 1.276E+00	 1.342E+00	 1.059E+00	 8.190E-02	-6.367E-01	 9.558E-02	 1.276E+00	 8.190E-02	 3.000E+00	 3.000E+00	 3.000E+00	 3.632E+02	 5.085E+00
  111.2500	 6.499E+00	-4.416E-04	 7.450E+00	 7.226E+02	 3.397E+02	 3.000E+00	 2.340E+03	 2.230E+03	 2.173E+03	-1.022E+03	 3.638E+03	-2.145E+03	 1.295E+00	 1.323E+00	 1.070E+00	-8.319E-03	-6.175E-01	 1.655E-01	 1.295E+00	-8.319E-03	 3.000E+00	 3.000E+00	 3.000E+00	 3.632E+02	 5.084E+00
  111.5000	 6.499E+00	-1.015E-03	 7.450E+00	 7.226E+02	 3.509E+02	 3.000E+00	 2.335E+03	 2.209E+03	 2.213E+03	-3.557E+02	 3.451E+03	-2.624E+03	 1.314E+00	 1.295E+00	 1.087E+00	-9.743E-02	-5.898E-01	 2.259E-01	 1.314E+00	-9.743E-02	 3.000E+00	 3.000E+00	 3.000E+00	 3.631E+02	 5.083E+00
  111.7500	 6.499E+00	-8.683E-04	 7.450E+00	 7.227E+02	 2.036E+00	 3.000E+00	 2.328E+03	 2.183E+03	 2.253E+03	 3.094E+02	 3.175E+03	-3.013E+03	 1.332E+00	 1.262E+00	 1.108E+00	-1.851E-01	-5.518E-01	 2.749E-01	 1.332E+00	-1.851E-01	 3.000E+00	 3.000E+00	 3.000E+00	 3.631E+02	 5.083E+00
  112.0000	 6.499E+00	 6.968E-05	 7.450E+00	 7.227E+02	 1.321E+01	 3.000E+00	 2.315E+03	 2.165E+03	 2.286E+03	 1.013E+03	 2.724E+03	-3.265E+03	 1.345E+00	 1.227E+00	 1.131E+00	-2.795E-01	-4.878E-01	 3.052E-01	 1.345E+00	-2.795E-01	 3.000E+00	 3.000E+00	 3.000E+00	 3.631E+02	 5.083E+00
  112.2500	 6.499E+00	-1.051E-04	 7.450E+00	 7.227E+02	 2.439E+01	 3.000E+00	 2.304E+03	 2.146E+03	 2.311E+03	 1.694E+03	 2.157E+03	-3.379E+03	 1.357E+00	 1.189E+00	 1.153E+00	-3.712E-01	-4.073E-01	 3.168E-01	 1.357E+00	-3.712E-01	 3.000E+00	 3.000E+00	 3.000E+00	 3.632E+02	 5.084E+00
  112.5000	 6.499E+00	-7.821E-05	 7.450E+00	 7.227E+02	 3.556E+01	 3.000E+00	 2.298E+03	 2.119E+03	 2.333E+03	 2.272E+03	 1.578E+03	-3.378E+03	 1.367E+00	 1.148E+00	 1.176E+00	-4.469E-01	-3.283E-01	 3.145E-01	 1.367E+00	-4.469E-01	 3.000E+00	 3.000E+00	 3.000E+00	 3.632E+02	 5.084E+00
  112.7500	 6.499E+00	 6.407E-04	 7.450E+00	 7.227E+02	 4.674E+01	 3.000E+00	 2.288E+03	 2.100E+03	 2.348E+03	 2.771E+03	 9.489E+02	-3.248E+03	 1.371E+00	 1.112E+00	 1.198E+00	-5.116E-01	-2.436E-01	 2.955E-01	 1.371E+00	-5.116E-01	 3.000E+00	 3.000E+00	 3.000E+00	 3.633E+02	 5.085E+00
  113.0000	 6.499E+00	 1.062E-03	 7.450E+00	 7.227E+02	 5.791E+01	 3.000E+00	 2.273E+03	 2.098E+03	 2.354E+03	 3.213E+03	 2.273E+02	-2.969E+03	 1.370E+00	 1.085E+00	 1.219E+00	-5.701E-01	-1.448E-01	 2.561E-01	 1.370E+00	-5.701E-01	 3.000E+00	 3.000E+00	 3.000E+00	 3.633E+02	 5.086E+00
  113.2500	 6.499E+00	 5.183E-04	 7.450E+00	 7.227E+02	 6.909E+01	 3.000E+00	 2.263E+03	 2.103E+03	 2.355E+03	 3.526E+03	-4.835E+02	-2.572E+03	 1.365E+00	 1.065E+00	 1.240E+00	-6.108E-01	-4.887E-02	 2.013E-01	 1.365E+00	-6.108E-01	 3.000E+00	 3.000E+00	 3.000E+00	 3.633E+02	 5.086E+00
  113.5000	 6.499E+00	 1.374E-04	 7.450E+00	 7.227E+02	 8.026E+01	 3.000E+00	 2.254E+03	 2.114E+03	 2.354E+03	 3.672E+03	-1.112E+03	-2.090E+03	 1.355E+00	 1.056E+00	 1.261E+00	-6.271E-01	 3.213E-02	 1.363E-01	 1.355E+00	-6.271E-01	 3.000E+00	 3.000E+00	 3.000E+00	 3.633E+02	 5.085E+00
  113.7500	 6.499E+00	-8.464E-05	 7.450E+00	 7.226E+02	 9.144E+01	 3.000E+00	 2.239E+03	 2.145E+03	 2.349E+03	 3.706E+03	-1.718E+03	-1.517E+03	 1.338E+00	 1.061E+00	 1.281E+00	-6.288E-01	 1.101E-01	 5.929E-02	 1.338E+00	-6.288E-01	 3.000E+00	 3.000E+00	 3.000E+00	 3.632E+02	 5.085E+00
  114.0000	 6.499E+00	-5.567E-04	 7.450E+00	 7.226E+02	 1.026E+02	 3.000E+00	 2.219E+03	 2.187E+03	 2.340E+03	 3.637E+03	-2.304E+03	-8.620E+02	 1.315E+00	 1.075E+00	 1.300E+00	-6.180E-01	 1.867E-01	-2.919E-02	 1.315E+00	-6.180E-01	 3.000E+00	 3.000E+00	 3.000E+00	 3.632E+02	 5.084E+00
  114.2500	 6.499E+00	-6.501E-04	 7.450E+00	 7.226E+02	 1.138E+02	 3.000E+00	 2.203E+03	 2.225E+03	 2.331E+03	 3.406E+03	-2.757E+03	-1.778E+02	 1.287E+00	 1.093E+00	 1.318E+00	-5.843E-01	 2.438E-01	-1.210E-01	 1.287E+00	-5.843E-01	 3.000E+00	 3.000E+00	 3.000E+00	 3.631E+02	 5.083E+00
  114.5000	 6.499E+00	-6.506E-04	 7.450E+00	 7.227E+02	 1.250E+02	 3.000E+00	 2.184E+03	 2.258E+03	 2.324E+03	 3.030E+03	-3.063E+03	 5.053E+02	 1.254E+00	 1.113E+00	 1.335E+00	-5.298E-01	 2.795E-01	-2.119E-01	 1.254E+00	-5.298E-01	 3.000E+00	 3.000E+00	 3.000E+00	 3.631E+02	 5.083E+00
  114.7500	 6.499E+00	-5.687E-04	 7.450E+00	 7.227E+02	 1.361E+02	 3.000E+00	 2.158E+03	 2.293E+03	 2.314E+03	 2.578E+03	-3.296E+03	 1.189E+03	 1.216E+00	 1.137E+00	 1.349E+00	-4.667E-01	 3.076E-01	-3.030E-01	 1.216E+00	-4.667E-01	 3.000E+00	 3.000E+00	 3.000E+00	 3.631E+02	 5.083E+00
  115.0000	 6.499E+00	-6.456E-05	 7.450E+00	 7.227E+02	 1.473E+02	 3.000E+00	 2.134E+03	 2.322E+03	 2.302E+03	 2.050E+03	-3.422E+03	 1.844E+03	 1.177E+00	 1.160E+00	 1.360E+00	-3.941E-01	 3.232E-01	-3.905E-01	 1.177E+00	-3.941E-01	 3.000E+00	 3.000E+00	 3.000E+00	 3.632E+02	 5.084E+00
  115.2500	 6.499E+00	 6.679E-04	 7.450E+00	 7.227E+02	 1.585E+02	 3.000E+00	 2.116E+03	 2.337E+03	 2.293E+03	 1.413E+03	-3.361E+03	 2.420E+03	 1.140E+00	 1.181E+00	 1.368E+00	-3.061E-01	 3.120E-01	-4.665E-01	 1.140E+00	-3.061E-01	 3.000E+00	 3.000E+00	 3.000E+00	 3.633E+02	 5.085E+00
  115.5000	 6.499E+00	 6.411E-04	 7.450E+00	 7.227E+02	 1.697E+02	 3.000E+00	 2.102E+03	 2.346E+03	 2.284E+03	 7.255E+02	-3.157E+03	 2.903E+03	 1.105E+00	 1.203E+00	 1.371E+00	-2.115E-01	 2.814E-01	-5.294E-01	 1.105E+00	-2.115E-01	 3.000E+00	 3.000E+00	 3.000E+00	 3.633E+02	 5.085E+00
  115.7500	 6.499E+00	 4.674E-04	 7.450E+00	 7.227E+02	 1.808E+02	 3.000E+00	 2.094E+03	 2.357E+03	 2.272E+03	 5.303E+01	-2.879E+03	 3.297E+03	 1.077E+00	 1.226E+00	 1.370E+00	-1.215E-01	 2.436E-01	-5.808E-01	 1.077E+00	-1.215E-01	 3.000E+00	 3.000E+00	 3.000E+00	 3.633E+02	 5.086E+00
  116.0000	 6.499E+00	 6.969E-04	 7.450E+00	 7.227E+02	 1.920E+02	 3.000E+00	 2.102E+03	 2.358E+03	 2.260E+03	-6.198E+02	-2.483E+03	 3.574E+03	 1.061E+00	 1.246E+00	 1.363E+00	-3.271E-02	 1.906E-01	-6.163E-01	 1.061E+00	-3.271E-02	 3.000E+00	 3.000E+00	 3.000E+00	 3.633E+02	 5.086E+00
  116.2500	 6.499E+00	 3.957E-04	 7.450E+00	 7.227E+02	 2.032E+02	 3.000E+00	 2.126E+03	 2.351E+03	 2.249E+03	-1.297E+03	-1.937E+03	 3.704E+03	 1.058E+00	 1.266E+00	 1.350E+00	 5.688E-02	 1.154E-01	-6.311E-01	 1.058E+00	 5.688E-02	 3.000E+00	 3.000E+00	 3.000E+00	 3.633E+02	 5.085E+00
  116.5000	 6.499E+00	-4.174E-04	 7.450E+00	 7.226E+02	 2.144E+02	 3.000E+00	 2.157E+03	 2.344E+03	 2.235E+03	-1.905E+03	-1.325E+03	 3.701E+03	 1.064E+00	 1.286E+00	 1.333E+00	 1.359E-01	 3.225E-02	-6.278E-01	 1.064E+00	 1.359E-01	 3.000E+00	 3.000E+00	 3.000E+00	 3.632E+02	 5.084E+00
  116.7500	 6.499E+00	-8.826E-04	 7.450E+00	 7.226E+02	 2.255E+02	 3.000E+00	 2.193E+03	 2.341E+03	 2.217E+03	-2.406E+03	-7.015E+02	 3.579E+03	 1.078E+00	 1.306E+00	 1.308E+00	 1.985E-01	-5.017E-02	-6.091E-01	 1.078E+00	 1.985E-01	 3.000E+00	 3.000E+00	 3.000E+00	 3.632E+02	 5.084E+00
  117.0000	 6.499E+00	-5.762E-04	 7.450E+00	 7.226E+02	 2.367E+02	 3.000E+00	 2.234E+03	 2.331E+03	 2.197E+03	-2.831E+03	-1.974E+01	 3.322E+03	 1.098E+00	 1.323E+00	 1.279E+00	 2.514E-01	-1.411E-01	-5.720E-01	 1.098E+00	 2.514E-01	 3.000E+00	 3.000E+00	 3.000E+00	 3.631E+02	 5.083E+00
  117.2500	 6.499E+00	-4.859E-04	 7.450E+00	 7.227E+02	 2.479E+02	 3.000E+00	 2.272E+03	 2.318E+03	 2.177E+03	-3.166E+03	 7.073E+02	 2.930E+03	 1.120E+00	 1.338E+00	 1.245E+00	 2.937E-01	-2.396E-01	-5.162E-01	 1.120E+00	 2.937E-01	 3.000E+00	 3.000E+00	 3.000E+00	 3.631E+02	 5.083E+00
  117.5000	 6.499E+00	-3.041E-04	 7.450E+00	 7.227E+02	 2.591E+02	 3.000E+00	 2.301E+03	 2.310E+03	 2.153E+03	-3.351E+03	 1.380E+03	 2.443E+03	 1.142E+00	 1.353E+00	 1.207E+00	 3.152E-01	-3.293E-01	-4.479E-01	 1.142E+00	 3.152E-01	 3.000E+00	 3.000E+00	 3.000E+00	 3.631E+02	 5.083E+00
  117.7500	 6.499E+00	-3.808E-05	 7.450E+00	 7.227E+02	 2.702E+02	 3.000E+00	 2.323E+03	 2.304E+03	 2.129E+03	-3.388E+03	 1.978E+03	 1.881E+03	 1.164E+00	 1.364E+00	 1.167E+00	 3.165E-01	-4.073E-01	-3.704E-01	 1.164E+00	 3.165E-01	 3.000E+00	 3.000E+00	 3.000E+00	 3.632E+02	 5.084E+00
  118.0000	 6.499E+00	 6.459E-04	 7.450E+00	 7.227E+02	 2.814E+02	 3.000E+00	 2.342E+03	 2.291E+03	 2.110E+03	-3.319E+03	 2.547E+03	 1.243E+03	 1.188E+00	 1.369E+00	 1.129E+00	 3.052E-01	-4.826E-01	-2.828E-01	 1.188E+00	 3.052E-01	 3.000E+00	 3.000E+00	 3.000E+00	 3.633E+02	 5.085E+00
  118.2500	 6.499E+00	 6.680E-04	 7.450E+00	 7.227E+02	 2.926E+02	 3.000E+00	 2.353E+03	 2.277E+03	 2.099E+03	-3.127E+03	 3.042E+03	 5.561E+02	 1.210E+00	 1.371E+00	 1.097E+00	 2.785E-01	-5.487E-01	-1.890E-01	 1.210E+00	 2.785E-01	 3.000E+00	 3.000E+00	 3.000E+00	 3.633E+02	 5.085E+00
  118.5000	 6.499E+00	 8.962E-04	 7.450E+00	 7.227E+02	 3.038E+02	 3.000E+00	 2.355E+03	 2.270E+03	 2.097E+03	-2.780E+03	 3.384E+03	-1.328E+02	 1.230E+00	 1.369E+00	 1.072E+00	 2.302E-01	-5.922E-01	-9.654E-02	 1.230E+00	 2.302E-01	 3.000E+00	 3.000E+00	 3.000E+00	 3.633E+02	 5.086E+00
  118.7500	 6.499E+00	 3.729E-04	 7.450E+00	 7.227E+02	 3.149E+02	 3.000E+00	 2.354E+03	 2.260E+03	 2.106E+03	-2.321E+03	 3.596E+03	-8.047E+02	 1.251E+00	 1.361E+00	 1.059E+00	 1.670E-01	-6.175E-01	-7.920E-03	 1.251E+00	 1.670E-01	 3.000E+00	 3.000E+00	 3.000E+00	 3.633E+02	 5.086E+00
  119.0000	 6.499E+00	-1.045E-04	 7.450E+00	 7.227E+02	 3.261E+02	 3.000E+00	 2.352E+03	 2.244E+03	 2.132E+03	-1.796E+03	 3.721E+03	-1.454E+03	 1.272E+00	 1.346E+00	 1.058E+00	 9.661E-02	-6.327E-01	 7.703E-02	 1.272E+00	 9.661E-02	 3.000E+00	 3.000E+00	 3.000E+00	 3.633E+02	 5.085E+00
  119.2500	 6.499E+00	-3.417E-04	 7.450E+00	 7.226E+02	 3.373E+02	 3.000E+00	 2.346E+03	 2.228E+03	 2.167E+03	-1.191E+03	 3.705E+03	-2.043E+03	 1.291E+00	 1.326E+00	 1.067E+00	 1.564E-02	-6.288E-01	 1.532E-01	 1.291E+00	 1.564E-02	 3.000E+00	 3.000E+00	 3.000E+00	 3.632E+02	 5.084E+00
  119.5000	 6.499E+00	-4.364E-04	 7.450E+00	 7.226E+02	 3.485E+02	 3.000E+00	 2.335E+03	 2.214E+03	 2.205E+03	-5.071E+02	 3.514E+03	-2.536E+03	 1.310E+00	 1.302E+00	 1.083E+00	-7.680E-02	-5.994E-01	 2.152E-01	 1.310E+00	-7.680E-02	 3.000E+00	 3.000E+00	 3.000E+00	 3.631E+02	 5.083E+00
  119.7500	 6.499E+00	-9.437E-04	 7.450E+00	 7.226E+02	 3.596E+02	 3.000E+00	 2.327E+03	 2.194E+03	 2.243E+03	 1.905E+02	 3.210E+03	-2.929E+03	 1.327E+00	 1.270E+00	 1.103E+00	-1.705E-01	-5.552E-01	 2.638E-01	 1.327E+00	-1.705E-01	 3.000E+00	 3.000E+00	 3.000E+00	 3.631E+02	 5.083E+00
  120.0000	 6.499E+00	-7.073E-04	 7.450E+00	 7.227E+02	 1.082E+01	 3.000E+00	 2.319E+03	 2.168E+03	 2.279E+03	 8.647E+02	 2.826E+03	-3.219E+03	 1.343E+00	 1.234E+00	 1.126E+00	-2.597E-01	-5.020E-01	 2.996E-01	 1.343E+00	-2.597E-01	 3.000E+00	 3.000E+00	 3.000E+00	 3.631E+02	 5.083E+00
  120.2500	 6.499E+00	-1.629E-05	 7.450E+00	 7.227E+02	 2.200E+01	 3.000E+00	 2.308E+03	 2.145E+03	 2.308E+03	 1.529E+03	 2.319E+03	-3.377E+03	 1.355E+00	 1.196E+00	 1.148E+00	-3.480E-01	-4.315E-01	 3.177E-01	 1.355E+00	-3.480E-01	 3.000E+00	 3.000E+00	 3.000E+00	 3.632E+02	 5.083E+00
  120.5000	 6.499E+00	 3.875E-04	 7.450E+00	 7.227E+02	 3.317E+01	 3.000E+00	 2.296E+03	 2.127E+03	 2.329E+03	 2.159E+03	 1.702E+03	-3.390E+03	 1.364E+00	 1.158E+00	 1.171E+00	-4.324E-01	-3.451E-01	 3.164E-01	 1.364E+00	-4.324E-01	 3.000E+00	 3.000E+00	 3.000E+00	 3.632E+02	 5.084E+00
  120.7500	 6.499E+00	 4.376E-04	 7.450E+00	 7.227E+02	 4.435E+01	 3.000E+00	 2.288E+03	 2.107E+03	 2.344E+03	 2.693E+03	 1.055E+03	-3.276E+03	 1.370E+00	 1.120E+00	 1.193E+00	-5.026E-01	-2.565E-01	 2.991E-01	 1.370E+00	-5.026E-01	 3.000E+00	 3.000E+00	 3.000E+00	 3.633E+02	 5.085E+00
  121.0000	 6.499E+00	 5.957E-04	 7.450E+00	 7.227E+02	 5.552E+01	 3.000E+00	 2.279E+03	 2.094E+03	 2.354E+03	 3.117E+03	 3.960E+02	-3.042E+03	 1.371E+00	 1.089E+00	 1.215E+00	-5.572E-01	-1.682E-01	 2.664E-01	 1.371E+00	-5.572E-01	 3.000E+00	 3.000E+00	 3.000E+00	 3.633E+02	 5.086E+00
  121.2500	 6.499E+00	 8.806E-04	 7.450E+00	 7.227E+02	 6.670E+01	 3.000E+00	 2.266E+03	 2.098E+03	 2.356E+03	 3.452E+03	-3.051E+02	-2.676E+03	 1.366E+00	 1.068E+00	 1.236E+00	-6.004E-01	-7.402E-02	 2.159E-01	 1.366E+00	-6.004E-01	 3.000E+00	 3.000E+00	 3.000E+00	 3.633E+02	 5.086E+00
  121.5000	 6.499E+00	 3.818E-04	 7.450E+00	 7.227E+02	 7.787E+01	 3.000E+00	 2.253E+03	 2.115E+03	 2.354E+03	 3.667E+03	-1.000E+03	-2.195E+03	 1.357E+00	 1.058E+00	 1.257E+00	-6.276E-01	 1.872E-02	 1.504E-01	 1.357E+00	-6.276E-01	 3.000E+00	 3.000E+00	 3.000E+00	 3.633E+02	 5.085E+00
  121.7500	 6.499E+00	-1.860E-04	 7.450E+00	 7.227E+02	 8.905E+01	 3.000E+00	 2.242E+03	 2.139E+03	 2.350E+03	 3.724E+03	-1.616E+03	-1.637E+03	 1.342E+00	 1.059E+00	 1.277E+00	-6.325E-01	 9.811E-02	 7.512E-02	 1.342E+00	-6.325E-01	 3.000E+00	 3.000E+00	 3.000E+00	 3.632E+02	 5.085E+00
  122.0000	 6.499E+00	-5.911E-04	 7.450E+00	 7.226E+02	 1.002E+02	 3.000E+00	 2.226E+03	 2.174E+03	 2.343E+03	 3.645E+03	-2.161E+03	-1.013E+03	 1.321E+00	 1.070E+00	 1.297E+00	-6.188E-01	 1.670E-01	-8.501E-03	 1.321E+00	-6.188E-01	 3.000E+00	 3.000E+00	 3.000E+00	 3.632E+02	 5.084E+00
  122.2500	 6.499E+00	-7.033E-04	 7.450E+00	 7.226E+02	 1.114E+02	 3.000E+00	 2.206E+03	 2.217E+03	 2.334E+03	 3.458E+03	-2.654E+03	-3.323E+02	 1.293E+00	 1.089E+00	 1.315E+00	-5.914E-01	 2.301E-01	-1.000E-01	 1.293E+00	-5.914E-01	 3.000E+00	 3.000E+00	 3.000E+00	 3.631E+02	 5.083E+00
  122.5000	 6.499E+00	-6.859E-04	 7.450E+00	 7.227E+02	 1.226E+02	 3.000E+00	 2.185E+03	 2.255E+03	 2.324E+03	 3.139E+03	-3.035E+03	 3.677E+02	 1.261E+00	 1.110E+00	 1.331E+00	-5.461E-01	 2.780E-01	-1.939E-01	 1.261E+00	-5.461E-01	 3.000E+00	 3.000E+00	 3.000E+00	 3.631E+02	 5.083E+00
  122.7500	 6.499E+00	-4.118E-04	 7.450E+00	 7.227E+02	 1.337E+02	 3.000E+00	 2.165E+03	 2.286E+03	 2.316E+03	 2.686E+03	-3.264E+03	 1.049E+03	 1.225E+00	 1.131E+00	 1.347E+00	-4.819E-01	 3.044E-01	-2.845E-01	 1.225E+00	-4.819E-01	 3.000E+00	 3.000E+00	 3.000E+00	 3.631E+02	 5.083E+00
  123.0000	 6.499E+00	-1.363E-04	 7.450E+00	 7.227E+02	 1.449E+02	 3.000E+00	 2.141E+03	 2.313E+03	 2.306E+03	 2.150E+03	-3.378E+03	 1.699E+03	 1.186E+00	 1.154E+00	 1.358E+00	-4.071E-01	 3.163E-01	-3.708E-01	 1.186E+00	-4.071E-01	 3.000E+00	 3.000E+00	 3.000E+00	 3.632E+02	 5.084E+00
  123.2500	 6.499E+00	 2.022E-04	 7.450E+00	 7.227E+02	 1.561E+02	 3.000E+00	 2.118E+03	 2.336E+03	 2.295E+03	 1.556E+03	-3.386E+03	 2.302E+03	 1.147E+00	 1.177E+00	 1.367E+00	-3.257E-01	 3.158E-01	-4.509E-01	 1.147E+00	-3.257E-01	 3.000E+00	 3.000E+00	 3.000E+00	 3.632E+02	 5.084E+00
  123.5000	 6.499E+00	 7.831E-04	 7.450E+00	 7.227E+02	 1.673E+02	 3.000E+00	 2.103E+03	 2.348E+03	 2.285E+03	 8.937E+02	-3.239E+03	 2.817E+03	 1.112E+00	 1.199E+00	 1.371E+00	-2.353E-01	 2.942E-01	-5.186E-01	 1.112E+00	-2.353E-01	 3.000E+00	 3.000E+00	 3.000E+00	 3.633E+02	 5.085E+00
  123.7500	 6.499E+00	 8.334E-04	 7.450E+00	 7.227E+02	 1.785E+02	 3.000E+00	 2.097E+03	 2.353E+03	 2.275E+03	 1.912E+02	-2.942E+03	 3.222E+03	 1.083E+00	 1.220E+00	 1.370E+00	-1.397E-01	 2.519E-01	-5.710E-01	 1.083E+00	-1.397E-01	 3.000E+00	 3.000E+00	 3.000E+00	 3.633E+02	 5.086E+00
  124.0000	 6.499E+00	 4.211E-04	 7.450E+00	 7.227E+02	 1.896E+02	 3.000E+00	 2.100E+03	 2.356E+03	 2.264E+03	-4.939E+02	-2.552E+03	 3.517E+03	 1.064E+00	 1.242E+00	 1.365E+00	-4.846E-02	 1.986E-01	-6.086E-01	 1.064E+00	-4.846E-02	 3.000E+00	 3.000E+00	 3.000E+00	 3.633E+02	 5.086E+00
  124.2500	 6.499E+00	 2.572E-04	 7.450E+00	 7.227E+02	 2.008E+02	 3.000E+00	 2.117E+03	 2.355E+03	 2.251E+03	-1.146E+03	-2.074E+03	 3.691E+03	 1.057E+00	 1.263E+00	 1.353E+00	 3.664E-02	 1.347E-01	-6.300E-01	 1.057E+00	 3.664E-02	 3.000E+00	 3.000E+00	 3.000E+00	 3.633E+02	 5.085E+00
  124.5000	 6.499E+00	-9.319E-05	 7.450E+00	 7.226E+02	 2.120E+02	 3.000E+00	 2.149E+03	 2.348E+03	 2.237E+03	-1.767E+03	-1.483E+03	 3.721E+03	 1.062E+00	 1.282E+00	 1.337E+00	 1.174E-01	 5.458E-02	-6.315E-01	 1.062E+00	 1.174E-01	 3.000E+00	 3.000E+00	 3.000E+00	 3.632E+02	 5.085E+00
  124.7500	 6.499E+00	-5.580E-04	 7.450E+00	 7.226E+02	 2.232E+02	 3.000E+00	 2.187E+03	 2.339E+03	 2.222E+03	-2.319E+03	-8.210E+02	 3.611E+03	 1.075E+00	 1.301E+00	 1.314E+00	 1.883E-01	-3.509E-02	-6.138E-01	 1.075E+00	 1.883E-01	 3.000E+00	 3.000E+00	 3.000E+00	 3.632E+02	 5.084E+00
  125.0000	 6.499E+00	-8.953E-04	 7.450E+00	 7.226E+02	 2.343E+02	 3.000E+00	 2.225E+03	 2.333E+03	 2.202E+03	-2.758E+03	-1.508E+02	 3.380E+03	 1.093E+00	 1.320E+00	 1.286E+00	 2.430E-01	-1.244E-01	-5.801E-01	 1.093E+00	 2.430E-01	 3.000E+00	 3.000E+00	 3.000E+00	 3.631E+02	 5.083E+00
  125.2500	 6.499E+00	-6.328E-04	 7.450E+00	 7.227E+02	 2.455E+02	 3.000E+00	 2.262E+03	 2.324E+03	 2.180E+03	-3.090E+03	 5.316E+02	 3.029E+03	 1.115E+00	 1.336E+00	 1.252E+00	 2.834E-01	-2.150E-01	-5.304E-01	 1.115E+00	 2.834E-01	 3.000E+00	 3.000E+00	 3.000E+00	 3.631E+02	 5.083E+00
  125.5000	 6.499E+00	-2.210E-04	 7.450E+00	 7.227E+02	 2.567E+02	 3.000E+00	 2.296E+03	 2.312E+03	 2.158E+03	-3.317E+03	 1.229E+03	 2.560E+03	 1.138E+00	 1.349E+00	 1.215E+00	 3.110E-01	-3.086E-01	-4.645E-01	 1.138E+00	 3.110E-01	 3.000E+00	 3.000E+00	 3.000E+00	 3.631E+02	 5.083E+00
  125.7500	 6.499E+00	 5.896E-07	 7.450E+00	 7.227E+02	 2.679E+02	 3.000E+00	 2.320E+03	 2.302E+03	 2.135E+03	-3.407E+03	 1.878E+03	 2.000E+03	 1.160E+00	 1.361E+00	 1.176E+00	 3.204E-01	-3.953E-01	-3.865E-01	 1.160E+00	 3.204E-01	 3.000E+00	 3.000E+00	 3.000E+00	 3.632E+02	 5.084E+00
  126.0000	 6.499E+00	 3.858E-04	 7.450E+00	 7.227E+02	 2.790E+02	 3.000E+00	 2.337E+03	 2.294E+03	 2.114E+03	-3.346E+03	 2.437E+03	 1.381E+03	 1.182E+00	 1.369E+00	 1.137E+00	 3.094E-01	-4.684E-01	-3.015E-01	 1.182E+00	 3.094E-01	 3.000E+00	 3.000E+00	 3.000E+00	 3.633E+02	 5.085E+00
  126.2500	 6.499E+00	 6.543E-04	 7.450E+00	 7.227E+02	 2.902E+02	 3.000E+00	 2.350E+03	 2.283E+03	 2.099E+03	-3.163E+03	 2.921E+03	 7.130E+02	 1.205E+00	 1.371E+00	 1.103E+00	 2.828E-01	-5.316E-01	-2.106E-01	 1.205E+00	 2.828E-01	 3.000E+00	 3.000E+00	 3.000E+00	 3.633E+02	 5.085E+00
  126.5000	 6.499E+00	 7.213E-04	 7.450E+00	 7.227E+02	 3.014E+02	 3.000E+00	 2.356E+03	 2.270E+03	 2.096E+03	-2.867E+03	 3.322E+03	 1.562E+01	 1.226E+00	 1.369E+00	 1.077E+00	 2.422E-01	-5.844E-01	-1.164E-01	 1.226E+00	 2.422E-01	 3.000E+00	 3.000E+00	 3.000E+00	 3.633E+02	 5.086E+00
  126.7500	 6.499E+00	 6.127E-04	 7.450E+00	 7.227E+02	 3.126E+02	 3.000E+00	 2.356E+03	 2.260E+03	 2.104E+03	-2.442E+03	 3.584E+03	-6.710E+02	 1.247E+00	 1.362E+00	 1.061E+00	 1.842E-01	-6.175E-01	-2.511E-02	 1.247E+00	 1.842E-01	 3.000E+00	 3.000E+00	 3.000E+00	 3.633E+02	 5.086E+00
  127.0000	 6.499E+00	 1.115E-04	 7.450E+00	 7.227E+02	 3.237E+02	 3.000E+00	 2.351E+03	 2.249E+03	 2.125E+03	-1.909E+03	 3.699E+03	-1.318E+03	 1.267E+00	 1.350E+00	 1.057E+00	 1.116E-01	-6.299E-01	 5.939E-02	 1.267E+00	 1.116E-01	 3.000E+00	 3.000E+00	 3.000E+00	 3.633E+02	 5.085E+00
  127.2500	 6.499E+00	-3.992E-04	 7.450E+00	 7.226E+02	 3.349E+02	 3.000E+00	 2.346E+03	 2.233E+03	 2.157E+03	-1.313E+03	 3.700E+03	-1.916E+03	 1.287E+00	 1.331E+00	 1.064E+00	 3.135E-02	-6.276E-01	 1.365E-01	 1.287E+00	 3.135E-02	 3.000E+00	 3.000E+00	 3.000E+00	 3.632E+02	 5.084E+00
  127.5000	 6.499E+00	-7.185E-04	 7.450E+00	 7.226E+02	 3.461E+02	 3.000E+00	 2.339E+03	 2.215E+03	 2.197E+03	-6.650E+02	 3.577E+03	-2.441E+03	 1.306E+00	 1.307E+00	 1.079E+00	-5.517E-02	-6.092E-01	 2.035E-01	 1.306E+00	-5.517E-02	 3.000E+00	 3.000E+00	 3.000E+00	 3.631E+02	 5.083E+00
  127.7500	 6.499E+00	-5.378E-04	 7.450E+00	 7.226E+02	 3.573E+02	 3.000E+00	 2.329E+03	 2.197E+03	 2.236E+03	 3.022E+01	 3.302E+03	-2.861E+03	 1.324E+00	 1.277E+00	 1.099E+00	-1.485E-01	-5.690E-01	 2.558E-01	 1.324E+00	-1.485E-01	 3.000E+00	 3.000E+00	 3.000E+00	 3.631E+02	 5.083E+00
  128.0000	 6.499E+00	-6.362E-04	 7.450E+00	 7.227E+02	 8.430E+00	 3.000E+00	 2.319E+03	 2.176E+03	 2.271E+03	 7.325E+02	 2.902E+03	-3.163E+03	 1.340E+00	 1.243E+00	 1.121E+00	-2.427E-01	-5.119E-01	 2.925E-01	 1.340E+00	-2.427E-01	 3.000E+00	 3.000E+00	 3.000E+00	 3.631E+02	 5.083E+00
  128.2500	 6.499E+00	-4.022E-04	 7.450E+00	 7.227E+02	 1.961E+01	 3.000E+00	 2.311E+03	 2.151E+03	 2.302E+03	 1.398E+03	 2.423E+03	-3.349E+03	 1.353E+00	 1.204E+00	 1.143E+00	-3.310E-01	-4.453E-01	 3.144E-01	 1.353E+00	-3.310E-01	 3.000E+00	 3.000E+00	 3.000E+00	 3.632E+02	 5.083E+00
  128.5000	 6.499E+00	 1.883E-04	 7.450E+00	 7.227E+02	 3.078E+01	 3.000E+00	 2.301E+03	 2.128E+03	 2.326E+03	 2.018E+03	 1.857E+03	-3.404E+03	 1.363E+00	 1.165E+00	 1.166E+00	-4.130E-01	-3.674E-01	 3.192E-01	 1.363E+00	-4.130E-01	 3.000E+00	 3.000E+00	 3.000E+00	 3.632E+02	 5.084E+00
  128.7500	 6.499E+00	 6.691E-04	 7.450E+00	 7.227E+02	 4.196E+01	 3.000E+00	 2.289E+03	 2.111E+03	 2.342E+03	 2.582E+03	 1.204E+03	-3.315E+03	 1.369E+00	 1.128E+00	 1.188E+00	-4.878E-01	-2.773E-01	 3.049E-01	 1.369E+00	-4.878E-01	 3.000E+00	 3.000E+00	 3.000E+00	 3.633E+02	 5.085E+00
  129.0000	 6.499E+00	 6.546E-04	 7.450E+00	 7.227E+02	 5.313E+01	 3.000E+00	 2.279E+03	 2.099E+03	 2.351E+03	 3.048E+03	 5.194E+02	-3.096E+03	 1.371E+00	 1.095E+00	 1.210E+00	-5.489E-01	-1.839E-01	 2.736E-01	 1.371E+00	-5.489E-01	 3.000E+00	 3.000E+00	 3.000E+00	 3.633E+02	 5.086E+00
  129.2500	 6.499E+00	 6.440E-04	 7.450E+00	 7.227E+02	 6.431E+01	 3.000E+00	 2.270E+03	 2.096E+03	 2.356E+03	 3.391E+03	-1.582E+02	-2.762E+03	 1.368E+00	 1.071E+00	 1.232E+00	-5.927E-01	-9.347E-02	 2.277E-01	 1.368E+00	-5.927E-01	 3.000E+00	 3.000E+00	 3.000E+00	 3.633E+02	 5.086E+00
  129.5000	 6.499E+00	 5.355E-04	 7.450E+00	 7.227E+02	 7.548E+01	 3.000E+00	 2.257E+03	 2.108E+03	 2.356E+03	 3.619E+03	-8.353E+02	-2.313E+03	 1.360E+00	 1.059E+00	 1.253E+00	-6.211E-01	-3.992E-03	 1.666E-01	 1.360E+00	-6.211E-01	 3.000E+00	 3.000E+00	 3.000E+00	 3.633E+02	 5.086E+00
  129.7500	 6.499E+00	 5.320E-05	 7.450E+00	 7.227E+02	 8.666E+01	 3.000E+00	 2.243E+03	 2.135E+03	 2.351E+03	 3.725E+03	-1.491E+03	-1.763E+03	 1.345E+00	 1.058E+00	 1.273E+00	-6.334E-01	 8.223E-02	 9.210E-02	 1.345E+00	-6.334E-01	 3.000E+00	 3.000E+00	 3.000E+00	 3.633E+02	 5.085E+00
  130.0000	 6.499E+00	-4.150E-04	 7.450E+00	 7.226E+02	 9.783E+01	 3.000E+00	 2.229E+03	 2.168E+03	 2.344E+03	 3.685E+03	-2.069E+03	-1.145E+03	 1.326E+00	 1.068E+00	 1.292E+00	-6.253E-01	 1.564E-01	 8.855E-03	 1.326E+00	-6.253E-01	 3.000E+00	 3.000E+00	 3.000E+00	 3.632E+02	 5.084E+00
  130.2500	 6.499E+00	-7.190E-04	 7.450E+00	 7.226E+02	 1.090E+02	 3.000E+00	 2.212E+03	 2.206E+03	 2.337E+03	 3.503E+03	-2.550E+03	-4.821E+02	 1.300E+00	 1.084E+00	 1.311E+00	-5.978E-01	 2.166E-01	-7.989E-02	 1.300E+00	-5.978E-01	 3.000E+00	 3.000E+00	 3.000E+00	 3.631E+02	 5.083E+00
  130.5000	 6.499E+00	-7.647E-04	 7.450E+00	 7.226E+02	 1.202E+02	 3.000E+00	 2.191E+03	 2.246E+03	 2.327E+03	 3.207E+03	-2.948E+03	 2.119E+02	 1.268E+00	 1.105E+00	 1.328E+00	-5.554E-01	 2.663E-01	-1.728E-01	 1.268E+00	-5.554E-01	 3.000E+00	 3.000E+00	 3.000E+00	 3.631E+02	 5.083E+00
  130.7500	 6.499E+00	-5.043E-04	 7.450E+00	 7.227E+02	 1.314E+02	 3.000E+00	 2.168E+03	 2.282E+03	 2.317E+03	 2.800E+03	-3.236E+03	 9.080E+02	 1.233E+00	 1.127E+00	 1.343E+00	-4.982E-01	 3.020E-01	-2.659E-01	 1.233E+00	-4.982E-01	 3.000E+00	 3.000E+00	 3.000E+00	 3.631E+02	 5.083E+00
  131.0000	 6.499E+00	-1.214E-04	 7.450E+00	 7.227E+02	 1.425E+02	 3.000E+00	 2.146E+03	 2.308E+03	 2.308E+03	 2.279E+03	-3.377E+03	 1.569E+03	 1.195E+00	 1.149E+00	 1.356E+00	-4.254E-01	 3.174E-01	-3.538E-01	 1.195E+00	-4.254E-01	 3.000E+00	 3.000E+00	 3.000E+00	 3.632E+02	 5.084E+00
  131.2500	 6.499E+00	 2.548E-04	 7.450E+00	 7.227E+02	 1.537E+02	 3.000E+00	 2.124E+03	 2.329E+03	 2.298E+03	 1.679E+03	-3.382E+03	 2.175E+03	 1.155E+00	 1.172E+00	 1.365E+00	-3.421E-01	 3.151E-01	-4.339E-01	 1.155E+00	-3.421E-01	 3.000E+00	 3.000E+00	 3.000E+00	 3.632E+02	 5.084E+00
  131.5000	 6.499E+00	 4.081E-04	 7.450E+00	 7.227E+02	 1.649E+02	 3.000E+00	 2.106E+03	 2.346E+03	 2.287E+03	 1.034E+03	-3.273E+03	 2.711E+03	 1.118E+00	 1.194E+00	 1.370E+00	-2.541E-01	 2.987E-01	-5.046E-01	 1.118E+00	-2.541E-01	 3.000E+00	 3.000E+00	 3.000E+00	 3.633E+02	 5.085E+00
  131.7500	 6.499E+00	 8.603E-04	 7.450E+00	 7.227E+02	 1.761E+02	 3.000E+00	 2.096E+03	 2.354E+03	 2.276E+03	 3.528E+02	-3.031E+03	 3.149E+03	 1.088E+00	 1.216E+00	 1.371E+00	-1.620E-01	 2.650E-01	-5.619E-01	 1.088E+00	-1.620E-01	 3.000E+00	 3.000E+00	 3.000E+00	 3.633E+02	 5.086E+00
  132.0000	 6.499E+00	 7.812E-04	 7.450E+00	 7.227E+02	 1.872E+02	 3.000E+00	 2.099E+03	 2.355E+03	 2.266E+03	-3.463E+02	-2.649E+03	 3.467E+03	 1.067E+00	 1.237E+00	 1.366E+00	-6.814E-02	 2.121E-01	-6.024E-01	 1.067E+00	-6.814E-02	 3.000E+00	 3.000E+00	 3.000E+00	 3.633E+02	 5.086E+00
  132.2500	 6.499E+00	 3.311E-04	 7.450E+00	 7.227E+02	 1.984E+02	 3.000E+00	 2.114E+03	 2.354E+03	 2.254E+03	-1.020E+03	-2.168E+03	 3.659E+03	 1.058E+00	 1.258E+00	 1.356E+00	 2.082E-02	 1.466E-01	-6.260E-01	 1.058E+00	 2.082E-02	 3.000E+00	 3.000E+00	 3.000E+00	 3.633E+02	 5.085E+00
  132.5000	 6.499E+00	-2.488E-04	 7.450E+00	 7.227E+02	 2.096E+02	 3.000E+00	 2.141E+03	 2.350E+03	 2.240E+03	-1.639E+03	-1.615E+03	 3.725E+03	 1.059E+00	 1.278E+00	 1.341E+00	 1.009E-01	 7.231E-02	-6.325E-01	 1.059E+00	 1.009E-01	 3.000E+00	 3.000E+00	 3.000E+00	 3.632E+02	 5.085E+00
  132.7500	 6.499E+00	-3.946E-04	 7.450E+00	 7.226E+02	 2.208E+02	 3.000E+00	 2.177E+03	 2.343E+03	 2.224E+03	-2.198E+03	-9.821E+02	 3.652E+03	 1.071E+00	 1.297E+00	 1.319E+00	 1.724E-01	-1.264E-02	-6.201E-01	 1.071E+00	 1.724E-01	 3.000E+00	 3.000E+00	 3.000E+00	 3.632E+02	 5.084E+00
  133.0000	 6.499E+00	-7.576E-04	 7.450E+00	 7.226E+02	 2.319E+02	 3.000E+00	 2.218E+03	 2.333E+03	 2.207E+03	-2.676E+03	-2.930E+02	 3.440E+03	 1.089E+00	 1.315E+00	 1.292E+00	 2.330E-01	-1.056E-01	-5.888E-01	 1.089E+00	 2.330E-01	 3.000E+00	 3.000E+00	 3.000E+00	 3.631E+02	 5.083E+00
  133.2500	 6.499E+00	-7.274E-04	 7.450E+00	 7.227E+02	 2.431E+02	 3.000E+00	 2.255E+03	 2.324E+03	 2.186E+03	-3.038E+03	 4.002E+02	 3.109E+03	 1.110E+00	 1.332E+00	 1.260E+00	 2.776E-01	-1.982E-01	-5.414E-01	 1.110E+00	 2.776E-01	 3.000E+00	 3.000E+00	 3.000E+00	 3.631E+02	 5.083E+00
  133.5000	 6.499E+00	-4.827E-04	 7.450E+00	 7.227E+02	 2.543E+02	 3.000E+00	 2.288E+03	 2.316E+03	 2.162E+03	-3.274E+03	 1.076E+03	 2.670E+03	 1.132E+00	 1.347E+00	 1.223E+00	 3.056E-01	-2.879E-01	-4.799E-01	 1.132E+00	 3.056E-01	 3.000E+00	 3.000E+00	 3.000E+00	 3.631E+02	 5.083E+00
  133.7500	 6.499E+00	 1.244E-05	 7.450E+00	 7.227E+02	 2.655E+02	 3.000E+00	 2.315E+03	 2.305E+03	 2.139E+03	-3.392E+03	 1.732E+03	 2.132E+03	 1.155E+00	 1.359E+00	 1.184E+00	 3.186E-01	-3.752E-01	-4.049E-01	 1.155E+00	 3.186E-01	 3.000E+00	 3.000E+00	 3.000E+00	 3.632E+02	 5.084E+00
  134.0000	 6.499E+00	 3.745E-04	 7.450E+00	 7.227E+02	 2.766E+02	 3.000E+00	 2.336E+03	 2.294E+03	 2.119E+03	-3.377E+03	 2.333E+03	 1.516E+03	 1.178E+00	 1.367E+00	 1.145E+00	 3.144E-01	-4.552E-01	-3.199E-01	 1.178E+00	 3.144E-01	 3.000E+00	 3.000E+00	 3.000E+00	 3.632E+02	 5.084E+00
  134.2500	 6.499E+00	 6.347E-04	 7.450E+00	 7.227E+02	 2.878E+02	 3.000E+00	 2.347E+03	 2.285E+03	 2.103E+03	-3.218E+03	 2.836E+03	 8.542E+02	 1.200E+00	 1.371E+00	 1.110E+00	 2.909E-01	-5.210E-01	-2.296E-01	 1.200E+00	 2.909E-01	 3.000E+00	 3.000E+00	 3.000E+00	 3.633E+02	 5.085E+00
  134.5000	 6.499E+00	 7.799E-04	 7.450E+00	 7.227E+02	 2.990E+02	 3.000E+00	 2.354E+03	 2.275E+03	 2.095E+03	-2.932E+03	 3.235E+03	 1.687E+02	 1.221E+00	 1.370E+00	 1.081E+00	 2.508E-01	-5.725E-01	-1.371E-01	 1.221E+00	 2.508E-01	 3.000E+00	 3.000E+00	 3.000E+00	 3.633E+02	 5.086E+00
  134.7500	 6.499E+00	 5.182E-04	 7.450E+00	 7.227E+02	 3.102E+02	 3.000E+00	 2.356E+03	 2.262E+03	 2.101E+03	-2.538E+03	 3.532E+03	-5.228E+02	 1.243E+00	 1.364E+00	 1.063E+00	 1.972E-01	-6.107E-01	-4.485E-02	 1.243E+00	 1.972E-01	 3.000E+00	 3.000E+00	 3.000E+00	 3.633E+02	 5.086E+00
  135.0000	 6.499E+00	 3.619E-04	 7.450E+00	 7.227E+02	 3.213E+02	 3.000E+00	 2.354E+03	 2.250E+03	 2.120E+03	-2.039E+03	 3.698E+03	-1.188E+03	 1.263E+00	 1.353E+00	 1.057E+00	 1.296E-01	-6.310E-01	 4.266E-02	 1.263E+00	 1.296E-01	 3.000E+00	 3.000E+00	 3.000E+00	 3.633E+02	 5.085E+00
  135.2500	 6.499E+00	-2.732E-04	 7.450E+00	 7.226E+02	 3.325E+02	 3.000E+00	 2.347E+03	 2.237E+03	 2.150E+03	-1.447E+03	 3.714E+03	-1.796E+03	 1.283E+00	 1.336E+00	 1.062E+00	 4.951E-02	-6.303E-01	 1.212E-01	 1.283E+00	 4.951E-02	 3.000E+00	 3.000E+00	 3.000E+00	 3.632E+02	 5.084E+00
  135.5000	 6.499E+00	-5.370E-04	 7.450E+00	 7.226E+02	 3.437E+02	 3.000E+00	 2.340E+03	 2.221E+03	 2.188E+03	-7.987E+02	 3.602E+03	-2.332E+03	 1.302E+00	 1.313E+00	 1.075E+00	-3.769E-02	-6.123E-01	 1.894E-01	 1.302E+00	-3.769E-02	 3.000E+00	 3.000E+00	 3.000E+00	 3.632E+02	 5.084E+00
  135.7500	 6.499E+00	-8.976E-04	 7.450E+00	 7.226E+02	 3.549E+02	 3.000E+00	 2.332E+03	 2.200E+03	 2.228E+03	-1.206E+02	 3.371E+03	-2.779E+03	 1.320E+00	 1.284E+00	 1.095E+00	-1.283E-01	-5.790E-01	 2.457E-01	 1.320E+00	-1.283E-01	 3.000E+00	 3.000E+00	 3.000E+00	 3.631E+02	 5.083E+00
  136.0000	 6.499E+00	-4.918E-04	 7.450E+00	 7.227E+02	 6.039E+00	 3.000E+00	 2.322E+03	 2.179E+03	 2.265E+03	 5.753E+02	 3.009E+03	-3.113E+03	 1.336E+00	 1.250E+00	 1.116E+00	-2.213E-01	-5.276E-01	 2.868E-01	 1.336E+00	-2.213E-01	 3.000E+00	 3.000E+00	 3.000E+00	 3.631E+02	 5.083E+00
  136.2500	 6.499E+00	-2.723E-04	 7.450E+00	 7.227E+02	 1.721E+01	 3.000E+00	 2.312E+03	 2.157E+03	 2.296E+03	 1.261E+03	 2.530E+03	-3.320E+03	 1.350E+00	 1.213E+00	 1.139E+00	-3.130E-01	-4.601E-01	 3.110E-01	 1.350E+00	-3.130E-01	 3.000E+00	 3.000E+00	 3.000E+00	 3.631E+02	 5.083E+00
  136.5000	 6.499E+00	 1.268E-05	 7.450E+00	 7.227E+02	 2.839E+01	 3.000E+00	 2.302E+03	 2.134E+03	 2.321E+03	 1.898E+03	 1.973E+03	-3.399E+03	 1.361E+00	 1.174E+00	 1.161E+00	-3.974E-01	-3.828E-01	 3.188E-01	 1.361E+00	-3.974E-01	 3.000E+00	 3.000E+00	 3.000E+00	 3.632E+02	 5.084E+00
  136.7500	 6.499E+00	 4.550E-04	 7.450E+00	 7.227E+02	 3.957E+01	 3.000E+00	 2.293E+03	 2.113E+03	 2.339E+03	 2.464E+03	 1.354E+03	-3.347E+03	 1.369E+00	 1.135E+00	 1.184E+00	-4.720E-01	-2.980E-01	 3.097E-01	 1.369E+00	-4.720E-01	 3.000E+00	 3.000E+00	 3.000E+00	 3.633E+02	 5.085E+00
  137.0000	 6.499E+00	 7.284E-04	 7.450E+00	 7.227E+02	 5.074E+01	 3.000E+00	 2.282E+03	 2.100E+03	 2.350E+03	 2.952E+03	 6.775E+02	-3.158E+03	 1.371E+00	 1.102E+00	 1.206E+00	-5.360E-01	-2.057E-01	 2.824E-01	 1.371E+00	-5.360E-01	 3.000E+00	 3.000E+00	 3.000E+00	 3.633E+02	 5.085E+00
  137.2500	 6.499E+00	 7.748E-04	 7.450E+00	 7.227E+02	 6.192E+01	 3.000E+00	 2.271E+03	 2.097E+03	 2.355E+03	 3.333E+03	-2.158E+01	-2.841E+03	 1.369E+00	 1.076E+00	 1.227E+00	-5.857E-01	-1.113E-01	 2.383E-01	 1.369E+00	-5.857E-01	 3.000E+00	 3.000E+00	 3.000E+00	 3.633E+02	 5.086E+00
  137.5000	 6.499E+00	 4.903E-04	 7.450E+00	 7.227E+02	 7.309E+01	 3.000E+00	 2.260E+03	 2.104E+03	 2.356E+03	 3.585E+03	-7.000E+02	-2.414E+03	 1.362E+00	 1.061E+00	 1.248E+00	-6.173E-01	-2.142E-02	 1.802E-01	 1.362E+00	-6.173E-01	 3.000E+00	 3.000E+00	 3.000E+00	 3.633E+02	 5.086E+00
  137.7500	 6.499E+00	 2.394E-05	 7.450E+00	 7.227E+02	 8.427E+01	 3.000E+00	 2.247E+03	 2.126E+03	 2.352E+03	 3.708E+03	-1.346E+03	-1.891E+03	 1.349E+00	 1.057E+00	 1.269E+00	-6.312E-01	 6.279E-02	 1.095E-01	 1.349E+00	-6.312E-01	 3.000E+00	 3.000E+00	 3.000E+00	 3.633E+02	 5.085E+00
  138.0000	 6.499E+00	-2.085E-04	 7.450E+00	 7.226E+02	 9.544E+01	 3.000E+00	 2.232E+03	 2.160E+03	 2.346E+03	 3.703E+03	-1.947E+03	-1.284E+03	 1.330E+00	 1.065E+00	 1.288E+00	-6.282E-01	 1.406E-01	 2.771E-02	 1.330E+00	-6.282E-01	 3.000E+00	 3.000E+00	 3.000E+00	 3.632E+02	 5.084E+00
  138.2500	 6.499E+00	-7.759E-04	 7.450E+00	 7.226E+02	 1.066E+02	 3.000E+00	 2.215E+03	 2.199E+03	 2.338E+03	 3.560E+03	-2.466E+03	-6.232E+02	 1.306E+00	 1.080E+00	 1.307E+00	-6.064E-01	 2.066E-01	-6.117E-02	 1.306E+00	-6.064E-01	 3.000E+00	 3.000E+00	 3.000E+00	 3.631E+02	 5.083E+00
  138.5000	 6.499E+00	-6.576E-04	 7.450E+00	 7.226E+02	 1.178E+02	 3.000E+00	 2.196E+03	 2.237E+03	 2.329E+03	 3.281E+03	-2.874E+03	 6.380E+01	 1.276E+00	 1.100E+00	 1.325E+00	-5.659E-01	 2.572E-01	-1.530E-01	 1.276E+00	-5.659E-01	 3.000E+00	 3.000E+00	 3.000E+00	 3.631E+02	 5.083E+00
  138.7500	 6.499E+00	-6.763E-04	 7.450E+00	 7.227E+02	 1.290E+02	 3.000E+00	 2.174E+03	 2.273E+03	 2.320E+03	 2.889E+03	-3.174E+03	 7.566E+02	 1.241E+00	 1.122E+00	 1.340E+00	-5.104E-01	 2.938E-01	-2.455E-01	 1.241E+00	-5.104E-01	 3.000E+00	 3.000E+00	 3.000E+00	 3.631E+02	 5.083E+00
  139.0000	 6.499E+00	-3.147E-04	 7.450E+00	 7.227E+02	 1.401E+02	 3.000E+00	 2.150E+03	 2.304E+03	 2.310E+03	 2.399E+03	-3.359E+03	 1.431E+03	 1.203E+00	 1.145E+00	 1.354E+00	-4.421E-01	 3.157E-01	-3.355E-01	 1.203E+00	-4.421E-01	 3.000E+00	 3.000E+00	 3.000E+00	 3.632E+02	 5.083E+00
  139.2500	 6.499E+00	 2.752E-04	 7.450E+00	 7.227E+02	 1.513E+02	 3.000E+00	 2.128E+03	 2.327E+03	 2.300E+03	 1.819E+03	-3.402E+03	 2.055E+03	 1.164E+00	 1.167E+00	 1.364E+00	-3.618E-01	 3.188E-01	-4.182E-01	 1.164E+00	-3.618E-01	 3.000E+00	 3.000E+00	 3.000E+00	 3.632E+02	 5.084E+00
  139.5000	 6.499E+00	 4.189E-04	 7.450E+00	 7.227E+02	 1.625E+02	 3.000E+00	 2.110E+03	 2.342E+03	 2.290E+03	 1.172E+03	-3.304E+03	 2.603E+03	 1.126E+00	 1.189E+00	 1.370E+00	-2.729E-01	 3.031E-01	-4.903E-01	 1.126E+00	-2.729E-01	 3.000E+00	 3.000E+00	 3.000E+00	 3.633E+02	 5.085E+00
  139.7500	 6.499E+00	 7.652E-04	 7.450E+00	 7.227E+02	 1.737E+02	 3.000E+00	 2.097E+03	 2.352E+03	 2.279E+03	 4.946E+02	-3.084E+03	 3.061E+03	 1.094E+00	 1.211E+00	 1.371E+00	-1.809E-01	 2.720E-01	-5.503E-01	 1.094E+00	-1.809E-01	 3.000E+00	 3.000E+00	 3.000E+00	 3.633E+02	 5.086E+00
  140.0000	 6.499E+00	 6.496E-04	 7.450E+00	 7.227E+02	 1.848E+02	 3.000E+00	 2.097E+03	 2.357E+03	 2.268E+03	-1.935E+02	-2.746E+03	 3.411E+03	 1.071E+00	 1.233E+00	 1.368E+00	-8.870E-02	 2.256E-01	-5.954E-01	 1.071E+00	-8.870E-02	 3.000E+00	 3.000E+00	 3.000E+00	 3.633E+02	 5.086E+00
  140.2500	 6.499E+00	 5.286E-04	 7.450E+00	 7.227E+02	 1.960E+02	 3.000E+00	 2.109E+03	 2.355E+03	 2.257E+03	-8.748E+02	-2.286E+03	 3.632E+03	 1.059E+00	 1.253E+00	 1.359E+00	 1.538E-03	 1.630E-01	-6.230E-01	 1.059E+00	 1.538E-03	 3.000E+00	 3.000E+00	 3.000E+00	 3.633E+02	 5.085E+00
  140.5000	 6.499E+00	 1.538E-05	 7.450E+00	 7.227E+02	 2.072E+02	 3.000E+00	 2.135E+03	 2.350E+03	 2.244E+03	-1.517E+03	-1.732E+03	 3.720E+03	 1.058E+00	 1.274E+00	 1.345E+00	 8.537E-02	 8.779E-02	-6.323E-01	 1.058E+00	 8.537E-02	 3.000E+00	 3.000E+00	 3.000E+00	 3.633E+02	 5.085E+00
  140.7500	 6.499E+00	-5.247E-04	 7.450E+00	 7.226E+02	 2.184E+02	 3.000E+00	 2.169E+03	 2.344E+03	 2.228E+03	-2.088E+03	-1.117E+03	 3.676E+03	 1.068E+00	 1.293E+00	 1.324E+00	 1.586E-01	 5.165E-03	-6.239E-01	 1.068E+00	 1.586E-01	 3.000E+00	 3.000E+00	 3.000E+00	 3.632E+02	 5.084E+00
  141.0000	 6.499E+00	-6.531E-04	 7.450E+00	 7.226E+02	 2.295E+02	 3.000E+00	 2.209E+03	 2.336E+03	 2.210E+03	-2.577E+03	-4.511E+02	 3.499E+03	 1.085E+00	 1.312E+00	 1.298E+00	 2.202E-01	-8.394E-02	-5.974E-01	 1.085E+00	 2.202E-01	 3.000E+00	 3.000E+00	 3.000E+00	 3.631E+02	 5.083E+00
  141.2500	 6.499E+00	-7.157E-04	 7.450E+00	 7.226E+02	 2.407E+02	 3.000E+00	 2.248E+03	 2.326E+03	 2.190E+03	-2.969E+03	 2.486E+02	 3.191E+03	 1.106E+00	 1.329E+00	 1.267E+00	 2.691E-01	-1.778E-01	-5.532E-01	 1.106E+00	 2.691E-01	 3.000E+00	 3.000E+00	 3.000E+00	 3.631E+02	 5.083E+00
  141.5000	 6.499E+00	-4.720E-04	 7.450E+00	 7.227E+02	 2.519E+02	 3.000E+00	 2.282E+03	 2.316E+03	 2.168E+03	-3.240E+03	 9.419E+02	 2.769E+03	 1.128E+00	 1.344E+00	 1.231E+00	 3.020E-01	-2.705E-01	-4.936E-01	 1.128E+00	 3.020E-01	 3.000E+00	 3.000E+00	 3.000E+00	 3.631E+02	 5.083E+00
  141.7500	 6.499E+00	-1.744E-04	 7.450E+00	 7.227E+02	 2.631E+02	 3.000E+00	 2.310E+03	 2.308E+03	 2.144E+03	-3.378E+03	 1.596E+03	 2.253E+03	 1.150E+00	 1.357E+00	 1.192E+00	 3.173E-01	-3.573E-01	-4.217E-01	 1.150E+00	 3.173E-01	 3.000E+00	 3.000E+00	 3.000E+00	 3.632E+02	 5.084E+00
  142.0000	 6.499E+00	 2.105E-04	 7.450E+00	 7.227E+02	 2.742E+02	 3.000E+00	 2.331E+03	 2.297E+03	 2.122E+03	-3.386E+03	 2.202E+03	 1.656E+03	 1.173E+00	 1.366E+00	 1.153E+00	 3.158E-01	-4.375E-01	-3.393E-01	 1.173E+00	 3.158E-01	 3.000E+00	 3.000E+00	 3.000E+00	 3.632E+02	 5.084E+00
  142.2500	 6.499E+00	 6.338E-04	 7.450E+00	 7.227E+02	 2.854E+02	 3.000E+00	 2.346E+03	 2.286E+03	 2.106E+03	-3.265E+03	 2.737E+03	 9.990E+02	 1.195E+00	 1.370E+00	 1.117E+00	 2.976E-01	-5.082E-01	-2.493E-01	 1.195E+00	 2.976E-01	 3.000E+00	 3.000E+00	 3.000E+00	 3.633E+02	 5.085E+00
