
Predictions were generated on 29-Aug-2026 at 11:25:42 using OpenFAST, compiled as a 64-bit application using single precision at commit v3.5.1
 linked with  NWTC Subroutine Library; ElastoDyn; InflowWind; AeroDyn; ServoDyn

Description from the FAST input file: FAST                   Certification - Test #26: NREL 5.0 MW Baseline Wind Turbine (Onshore)

Time	YawPzn	YawVzn	RotSpeed	GenSpeed	Azimuth	BlPitch1	RootMyc1	RootMyc2	RootMyc3	RootMxc1	RootMxc2	RootMxc3	OoPDefl1	OoPDefl2	OoPDefl3	IPDefl1	IPDefl2	IPDefl3	TipDxc1	TipDyc1	BlPitchC1	BlPitchC2	BlPitchC3	GenPwr	GenTq
(s)	(deg)	(deg/s)	(rpm)	(rpm)	(deg)	(deg)	(kN-m)	(kN-m)	(kN-m)	(kN-m)	(kN-m)	(kN-m)	(m)	(m)	(m)	(m)	(m)	(m)	(m)	(m)	(deg)	(deg)	(deg)	(kW)	(kN-m)
    0.0000	 0.000E+00	 0.000E+00	 9.000E+00	 8.730E+02	 0.000E+00	 0.000E+00	 6.194E+01	 7.651E+01	 1.354E+02	 6.583E+00	 8.279E+02	-8.350E+02	 0.000E+00	 0.000E+00	 0.000E+00	 0.000E+00	 0.000E+00	 0.000E+00	 0.000E+00	 0.000E+00	 0.000E+00	 0.000E+00	 0.000E+00	 1.682E+03	 1.949E+01
    0.2500	-2.048E-03	-1.302E-02	 8.870E+00	 8.561E+02	 1.336E+01	 0.000E+00	 3.061E+03	 2.870E+03	 3.077E+03	 1.353E+03	 3.840E+03	-2.714E+03	 1.161E+00	 1.076E+00	 1.076E+00	-3.017E-01	-6.492E-01	 2.186E-01	 1.161E+00	-3.017E-01	 0.000E+00	 0.000E+00	 0.000E+00	 1.605E+03	 1.896E+01
    0.5000	-3.032E-03	 8.312E-03	 8.874E+00	 8.718E+02	 2.673E+01	 0.000E+00	 5.475E+03	 5.194E+03	 5.481E+03	 2.048E+03	 4.202E+03	-5.470E+03	 2.915E+00	 2.999E+00	 2.765E+00	-4.744E-01	-8.533E-01	 6.227E-01	 2.915E+00	-4.744E-01	 0.000E+00	 0.000E+00	 0.000E+00	 1.650E+03	 1.915E+01
    0.7500	 1.594E-03	 2.476E-02	 8.783E+00	 8.436E+02	 3.997E+01	 0.000E+00	 6.478E+03	 6.689E+03	 6.221E+03	 3.364E+03	 9.059E+02	-2.186E+03	 3.715E+00	 3.490E+00	 3.393E+00	-7.507E-01	-3.522E-01	-1.563E-02	 3.715E+00	-7.507E-01	 0.000E+00	 0.000E+00	 0.000E+00	 1.549E+03	 1.857E+01
    1.0000	 3.737E-03	-9.596E-03	 8.910E+00	 8.774E+02	 5.328E+01	 0.000E+00	 6.430E+03	 5.448E+03	 5.984E+03	 3.324E+03	-8.225E+02	-7.921E+02	 3.769E+00	 3.186E+00	 3.441E+00	-7.121E-01	-5.342E-02	-2.523E-01	 3.769E+00	-7.121E-01	 0.000E+00	 0.000E+00	 0.000E+00	 1.613E+03	 1.860E+01
    1.2500	-1.503E-03	-1.695E-02	 8.844E+00	 8.509E+02	 6.663E+01	 0.000E+00	 5.935E+03	 5.005E+03	 5.896E+03	 3.592E+03	 1.265E+03	-3.411E+03	 3.485E+00	 2.683E+00	 3.251E+00	-7.101E-01	-4.130E-01	 2.554E-01	 3.485E+00	-7.101E-01	 0.000E+00	 0.000E+00	 0.000E+00	 1.566E+03	 1.862E+01
    1.5000	-1.662E-03	 1.831E-02	 8.934E+00	 8.746E+02	 7.997E+01	 0.000E+00	 5.575E+03	 4.779E+03	 5.570E+03	 4.617E+03	 5.991E+02	-2.964E+03	 3.267E+00	 2.621E+00	 3.119E+00	-8.746E-01	-3.447E-01	 2.081E-01	 3.267E+00	-8.746E-01	 0.000E+00	 0.000E+00	 0.000E+00	 1.602E+03	 1.853E+01
    1.7500	 4.049E-03	 1.795E-02	 8.890E+00	 8.602E+02	 9.338E+01	 0.000E+00	 5.634E+03	 5.147E+03	 5.592E+03	 4.171E+03	-3.361E+03	 2.801E+02	 3.213E+00	 2.631E+00	 3.153E+00	-7.679E-01	 3.452E-01	-3.143E-01	 3.213E+00	-7.679E-01	 0.000E+00	 0.000E+00	 0.000E+00	 1.601E+03	 1.883E+01
    2.0000	 3.129E-03	-2.023E-02	 8.918E+00	 8.656E+02	 1.067E+02	 0.000E+00	 5.606E+03	 4.955E+03	 5.793E+03	 3.902E+03	-2.641E+03	 1.164E+03	 3.198E+00	 2.673E+00	 3.318E+00	-7.473E-01	 1.666E-01	-4.730E-01	 3.198E+00	-7.473E-01	 0.000E+00	 0.000E+00	 0.000E+00	 1.589E+03	 1.857E+01
    2.2500	-1.380E-03	-8.595E-03	 8.932E+00	 8.698E+02	 1.201E+02	 0.000E+00	 5.495E+03	 5.216E+03	 6.052E+03	 3.311E+03	-1.043E+03	-1.091E+03	 3.111E+00	 2.779E+00	 3.399E+00	-6.304E-01	-1.276E-01	-1.578E-02	 3.111E+00	-6.304E-01	 0.000E+00	 0.000E+00	 0.000E+00	 1.627E+03	 1.892E+01
    2.5000	-1.504E-03	 6.253E-03	 8.908E+00	 8.595E+02	 1.335E+02	 0.000E+00	 5.319E+03	 5.430E+03	 5.815E+03	 3.610E+03	-2.500E+03	 1.093E+03	 3.011E+00	 2.941E+00	 3.370E+00	-7.175E-01	 8.264E-02	-3.757E-01	 3.011E+00	-7.175E-01	 0.000E+00	 0.000E+00	 0.000E+00	 1.590E+03	 1.871E+01
    2.7500	 6.604E-04	 7.494E-03	 8.963E+00	 8.755E+02	 1.469E+02	 0.000E+00	 5.340E+03	 5.580E+03	 5.810E+03	 2.399E+03	-4.792E+03	 3.934E+03	 2.948E+00	 2.975E+00	 3.380E+00	-5.188E-01	 4.944E-01	-8.356E-01	 2.948E+00	-5.188E-01	 0.000E+00	 0.000E+00	 0.000E+00	 1.639E+03	 1.894E+01
    3.0000	 6.777E-04	-5.161E-03	 8.915E+00	 8.588E+02	 1.603E+02	 0.000E+00	 5.179E+03	 5.424E+03	 5.937E+03	 1.308E+03	-2.670E+03	 3.169E+03	 2.842E+00	 2.993E+00	 3.441E+00	-3.574E-01	 1.174E-01	-6.794E-01	 2.842E+00	-3.574E-01	 0.000E+00	 0.000E+00	 0.000E+00	 1.605E+03	 1.891E+01
    3.2500	 9.062E-05	 9.902E-04	 8.974E+00	 8.756E+02	 1.737E+02	 0.000E+00	 5.006E+03	 5.630E+03	 5.951E+03	 9.327E+02	-1.003E+03	 2.000E+03	 2.719E+00	 3.111E+00	 3.415E+00	-3.225E-01	-1.804E-01	-4.418E-01	 2.719E+00	-3.225E-01	 0.000E+00	 0.000E+00	 0.000E+00	 1.641E+03	 1.896E+01
    3.5000	-4.447E-04	-6.498E-03	 8.934E+00	 8.628E+02	 1.872E+02	 0.000E+00	 4.993E+03	 5.821E+03	 5.739E+03	 2.374E+02	-2.908E+03	 4.163E+03	 2.681E+00	 3.220E+00	 3.342E+00	-2.296E-01	 1.760E-01	-7.914E-01	 2.681E+00	-2.296E-01	 0.000E+00	 0.000E+00	 0.000E+00	 1.628E+03	 1.909E+01
    3.7500	-8.457E-04	 8.733E-03	 8.968E+00	 8.717E+02	 2.006E+02	 0.000E+00	 5.064E+03	 5.775E+03	 5.692E+03	-8.221E+02	-2.803E+03	 5.772E+03	 2.698E+00	 3.213E+00	 3.329E+00	-9.269E-02	 1.782E-01	-1.081E+00	 2.698E+00	-9.269E-02	 0.000E+00	 0.000E+00	 0.000E+00	 1.637E+03	 1.900E+01
    4.0000	 2.949E-03	 1.323E-02	 8.958E+00	 8.688E+02	 2.140E+02	 0.000E+00	 5.092E+03	 5.732E+03	 5.807E+03	-1.958E+03	-4.820E+01	 3.413E+03	 2.699E+00	 3.256E+00	 3.309E+00	 8.596E-02	-2.672E-01	-6.476E-01	 2.699E+00	 8.596E-02	 0.000E+00	 0.000E+00	 0.000E+00	 1.650E+03	 1.921E+01
    4.2500	 2.849E-03	-1.359E-02	 8.959E+00	 8.674E+02	 2.275E+02	 0.000E+00	 5.069E+03	 5.875E+03	 5.633E+03	-1.836E+03	 1.083E+03	 2.878E+03	 2.720E+00	 3.361E+00	 3.203E+00	 2.093E-02	-4.544E-01	-5.608E-01	 2.720E+00	 2.093E-02	 0.000E+00	 0.000E+00	 0.000E+00	 1.636E+03	 1.908E+01
    4.5000	-1.388E-03	-1.406E-02	 8.979E+00	 8.736E+02	 2.409E+02	 0.000E+00	 5.285E+03	 5.998E+03	 5.416E+03	-2.465E+03	-4.668E+02	 4.471E+03	 2.814E+00	 3.401E+00	 3.097E+00	 1.125E-01	-1.319E-01	-8.419E-01	 2.814E+00	 1.125E-01	 0.000E+00	 0.000E+00	 0.000E+00	 1.664E+03	 1.926E+01
    4.7500	-1.907E-03	 1.086E-02	 8.956E+00	 8.654E+02	 2.544E+02	 0.000E+00	 5.426E+03	 5.838E+03	 5.370E+03	-3.091E+03	 9.699E+02	 4.056E+03	 2.914E+00	 3.367E+00	 3.037E+00	 1.951E-01	-3.483E-01	-7.987E-01	 2.914E+00	 1.951E-01	 0.000E+00	 0.000E+00	 0.000E+00	 1.642E+03	 1.919E+01
    5.0000	 1.882E-03	 1.123E-02	 8.990E+00	 8.754E+02	 2.678E+02	 0.000E+00	 5.484E+03	 5.836E+03	 5.382E+03	-3.146E+03	 3.663E+03	 1.255E+03	 2.972E+00	 3.395E+00	 2.949E+00	 1.981E-01	-7.900E-01	-3.238E-01	 2.972E+00	 1.981E-01	 0.000E+00	 0.000E+00	 0.000E+00	 1.669E+03	 1.928E+01
    5.2500	 1.059E-03	-1.566E-02	 8.964E+00	 8.665E+02	 2.813E+02	 0.000E+00	 5.530E+03	 5.967E+03	 5.134E+03	-2.635E+03	 3.368E+03	 9.891E+02	 3.036E+00	 3.454E+00	 2.813E+00	 1.071E-01	-7.117E-01	-2.985E-01	 3.036E+00	 1.071E-01	 0.000E+00	 0.000E+00	 0.000E+00	 1.654E+03	 1.931E+01
    5.5000	-2.090E-03	-2.577E-03	 8.992E+00	 8.744E+02	 2.948E+02	 0.000E+00	 5.702E+03	 5.930E+03	 4.968E+03	-2.470E+03	 2.370E+03	 2.058E+03	 3.130E+00	 3.421E+00	 2.724E+00	 7.957E-02	-5.075E-01	-5.255E-01	 3.130E+00	 7.957E-02	 0.000E+00	 0.000E+00	 0.000E+00	 1.669E+03	 1.930E+01
    5.7500	-2.604E-04	 1.190E-02	 8.976E+00	 8.695E+02	 3.083E+02	 0.000E+00	 5.776E+03	 5.758E+03	 5.078E+03	-2.491E+03	 3.977E+03	 1.111E+02	 3.203E+00	 3.347E+00	 2.715E+00	 1.057E-01	-7.599E-01	-2.165E-01	 3.203E+00	 1.057E-01	 0.000E+00	 0.000E+00	 0.000E+00	 1.668E+03	 1.941E+01
    6.0000	 1.814E-03	 3.764E-03	 8.986E+00	 8.718E+02	 3.217E+02	 0.000E+00	 5.750E+03	 5.734E+03	 5.098E+03	-1.450E+03	 5.502E+03	-2.031E+03	 3.233E+00	 3.337E+00	 2.698E+00	-5.944E-02	-1.030E+00	 1.209E-01	 3.233E+00	-5.944E-02	 0.000E+00	 0.000E+00	 0.000E+00	 1.667E+03	 1.934E+01
    6.2500	 1.929E-03	-2.290E-03	 8.989E+00	 8.728E+02	 3.352E+02	 0.000E+00	 5.831E+03	 5.795E+03	 5.022E+03	-5.764E+02	 3.753E+03	-1.562E+03	 3.293E+00	 3.314E+00	 2.679E+00	-1.783E-01	-7.114E-01	 1.315E-02	 3.293E+00	-1.783E-01	 0.000E+00	 0.000E+00	 0.000E+00	 1.676E+03	 1.943E+01
    6.5000	 9.345E-04	-4.986E-03	 8.982E+00	 8.698E+02	 3.487E+02	 0.000E+00	 5.910E+03	 5.618E+03	 5.099E+03	-9.792E-01	 2.947E+03	-9.930E+02	 3.363E+00	 3.199E+00	 2.743E+00	-2.534E-01	-5.710E-01	-1.297E-01	 3.363E+00	-2.534E-01	 0.000E+00	 0.000E+00	 0.000E+00	 1.668E+03	 1.940E+01
    6.7500	-3.351E-04	-4.604E-03	 8.999E+00	 8.748E+02	 2.166E+00	 0.000E+00	 5.918E+03	 5.430E+03	 5.367E+03	 5.812E+02	 4.201E+03	-3.054E+03	 3.385E+00	 3.095E+00	 2.850E+00	-3.145E-01	-7.987E-01	 2.084E-01	 3.385E+00	-3.145E-01	 0.000E+00	 0.000E+00	 0.000E+00	 1.681E+03	 1.944E+01
    7.0000	-7.457E-04	 2.840E-03	 8.984E+00	 8.695E+02	 1.565E+01	 0.000E+00	 5.869E+03	 5.393E+03	 5.429E+03	 1.821E+03	 3.888E+03	-3.885E+03	 3.390E+00	 3.040E+00	 2.909E+00	-4.971E-01	-7.690E-01	 3.387E-01	 3.390E+00	-4.971E-01	 0.000E+00	 0.000E+00	 0.000E+00	 1.670E+03	 1.943E+01
    7.2500	 9.426E-04	 7.293E-03	 9.003E+00	 8.750E+02	 2.914E+01	 0.000E+00	 5.920E+03	 5.346E+03	 5.437E+03	 2.695E+03	 1.495E+03	-2.331E+03	 3.424E+00	 2.942E+00	 2.964E+00	-6.191E-01	-3.702E-01	 5.397E-02	 3.424E+00	-6.191E-01	 0.000E+00	 0.000E+00	 0.000E+00	 1.682E+03	 1.944E+01
    7.5000	 7.886E-04	-9.781E-03	 8.991E+00	 8.709E+02	 4.264E+01	 0.000E+00	 5.952E+03	 5.128E+03	 5.588E+03	 2.935E+03	 9.047E+02	-2.122E+03	 3.441E+00	 2.802E+00	 3.071E+00	-6.282E-01	-2.866E-01	 1.348E-02	 3.441E+00	-6.282E-01	 0.000E+00	 0.000E+00	 0.000E+00	 1.676E+03	 1.946E+01
    7.7500	-1.921E-03	-5.259E-03	 9.002E+00	 8.738E+02	 5.613E+01	 0.000E+00	 5.864E+03	 4.995E+03	 5.756E+03	 3.546E+03	 1.702E+03	-3.317E+03	 3.408E+00	 2.729E+00	 3.152E+00	-7.117E-01	-4.660E-01	 2.303E-01	 3.408E+00	-7.117E-01	 0.000E+00	 0.000E+00	 0.000E+00	 1.680E+03	 1.945E+01
    8.0000	-4.301E-04	 1.461E-02	 8.999E+00	 8.729E+02	 6.963E+01	 0.000E+00	 5.797E+03	 5.084E+03	 5.747E+03	 4.206E+03	 1.255E+02	-2.646E+03	 3.367E+00	 2.721E+00	 3.188E+00	-8.040E-01	-2.243E-01	 1.372E-01	 3.367E+00	-8.040E-01	 0.000E+00	 0.000E+00	 0.000E+00	 1.682E+03	 1.949E+01
    8.2500	 2.774E-03	 6.138E-03	 8.999E+00	 8.723E+02	 8.313E+01	 0.000E+00	 5.792E+03	 5.086E+03	 5.735E+03	 4.355E+03	-1.917E+03	-5.159E+02	 3.343E+00	 2.696E+00	 3.242E+00	-8.237E-01	 9.863E-02	-2.205E-01	 3.343E+00	-8.237E-01	 0.000E+00	 0.000E+00	 0.000E+00	 1.679E+03	 1.947E+01
    8.5000	 1.899E-03	-1.098E-02	 9.006E+00	 8.746E+02	 9.664E+01	 0.000E+00	 5.741E+03	 5.032E+03	 5.886E+03	 3.910E+03	-1.719E+03	-4.558E+02	 3.290E+00	 2.684E+00	 3.326E+00	-7.378E-01	 3.501E-02	-2.016E-01	 3.290E+00	-7.378E-01	 0.000E+00	 0.000E+00	 0.000E+00	 1.686E+03	 1.950E+01
    8.7500	-5.786E-04	-4.706E-03	 8.999E+00	 8.718E+02	 1.101E+02	 0.000E+00	 5.576E+03	 5.147E+03	 5.941E+03	 3.910E+03	-1.262E+03	-7.947E+02	 3.194E+00	 2.760E+00	 3.366E+00	-7.418E-01	-8.371E-02	-1.064E-01	 3.194E+00	-7.418E-01	 0.000E+00	 0.000E+00	 0.000E+00	 1.679E+03	 1.949E+01
    9.0000	 3.537E-06	 6.501E-03	 9.010E+00	 8.751E+02	 1.236E+02	 0.000E+00	 5.478E+03	 5.376E+03	 5.870E+03	 3.785E+03	-2.895E+03	 9.241E+02	 3.106E+00	 2.865E+00	 3.370E+00	-7.310E-01	 1.762E-01	-3.697E-01	 3.106E+00	-7.310E-01	 0.000E+00	 0.000E+00	 0.000E+00	 1.687E+03	 1.950E+01
    9.2500	 8.783E-04	-1.198E-03	 9.002E+00	 8.723E+02	 1.372E+02	 0.000E+00	 5.415E+03	 5.431E+03	 5.877E+03	 2.926E+03	-3.792E+03	 2.649E+03	 3.028E+00	 2.918E+00	 3.404E+00	-5.992E-01	 3.209E-01	-6.406E-01	 3.028E+00	-5.992E-01	 0.000E+00	 0.000E+00	 0.000E+00	 1.682E+03	 1.951E+01
    9.5000	 2.038E-06	-3.580E-03	 9.012E+00	 8.748E+02	 1.507E+02	 0.000E+00	 5.270E+03	 5.459E+03	 5.974E+03	 2.015E+03	-2.514E+03	 2.375E+03	 2.917E+00	 2.975E+00	 3.446E+00	-4.630E-01	 8.562E-02	-5.613E-01	 2.917E+00	-4.630E-01	 0.000E+00	 0.000E+00	 0.000E+00	 1.687E+03	 1.951E+01
    9.7500	-5.426E-04	-1.355E-03	 9.009E+00	 8.735E+02	 1.642E+02	 0.000E+00	 5.116E+03	 5.625E+03	 5.942E+03	 1.495E+03	-2.156E+03	 2.405E+03	 2.801E+00	 3.086E+00	 3.431E+00	-3.971E-01	 1.966E-02	-5.295E-01	 2.801E+00	-3.971E-01	 0.000E+00	 0.000E+00	 0.000E+00	 1.686E+03	 1.953E+01
   10.0000	-7.406E-04	 7.253E-04	 9.011E+00	 8.740E+02	 1.777E+02	 0.000E+00	 5.061E+03	 5.755E+03	 5.821E+03	 8.418E+02	-3.087E+03	 4.133E+03	 2.740E+00	 3.165E+00	 3.393E+00	-3.191E-01	 1.915E-01	-8.104E-01	 2.740E+00	-3.191E-01	 0.000E+00	 0.000E+00	 0.000E+00	 1.686E+03	 1.952E+01
   10.2500	 2.807E-04	 7.232E-03	 9.014E+00	 8.747E+02	 1.912E+02	 0.000E+00	 5.071E+03	 5.749E+03	 5.819E+03	-3.946E+02	-2.540E+03	 4.690E+03	 2.710E+00	 3.194E+00	 3.382E+00	-1.356E-01	 1.197E-01	-8.916E-01	 2.710E+00	-1.356E-01	 0.000E+00	 0.000E+00	 0.000E+00	 1.690E+03	 1.954E+01
   10.5000	 2.064E-03	 4.547E-03	 9.011E+00	 8.735E+02	 2.047E+02	 0.000E+00	 5.036E+03	 5.766E+03	 5.827E+03	-1.199E+03	-6.420E+02	 3.701E+03	 2.685E+00	 3.255E+00	 3.350E+00	-3.047E-02	-1.938E-01	-7.071E-01	 2.685E+00	-3.047E-02	 0.000E+00	 0.000E+00	 0.000E+00	 1.687E+03	 1.953E+01
   10.7500	 1.689E-03	-7.536E-03	 9.017E+00	 8.753E+02	 2.183E+02	 0.000E+00	 5.072E+03	 5.896E+03	 5.701E+03	-1.572E+03	-3.086E+02	 3.678E+03	 2.704E+00	 3.338E+00	 3.267E+00	 1.404E-03	-2.247E-01	-6.953E-01	 2.704E+00	 1.404E-03	 0.000E+00	 0.000E+00	 0.000E+00	 1.691E+03	 1.954E+01
   11.0000	-4.722E-04	-5.788E-03	 9.012E+00	 8.735E+02	 2.318E+02	 0.000E+00	 5.216E+03	 5.936E+03	 5.543E+03	-2.179E+03	-5.383E+02	 4.532E+03	 2.780E+00	 3.370E+00	 3.184E+00	 7.502E-02	-1.468E-01	-8.520E-01	 2.780E+00	 7.502E-02	 0.000E+00	 0.000E+00	 0.000E+00	 1.688E+03	 1.955E+01
   11.2500	-8.559E-05	 7.555E-03	 9.019E+00	 8.753E+02	 2.453E+02	 0.000E+00	 5.355E+03	 5.877E+03	 5.501E+03	-2.896E+03	 9.660E+02	 3.771E+03	 2.862E+00	 3.376E+00	 3.114E+00	 1.755E-01	-3.732E-01	-7.336E-01	 2.862E+00	 1.755E-01	 0.000E+00	 0.000E+00	 0.000E+00	 1.692E+03	 1.955E+01
   11.5000	 1.351E-03	 2.215E-04	 9.016E+00	 8.742E+02	 2.588E+02	 0.000E+00	 5.418E+03	 5.901E+03	 5.422E+03	-3.016E+03	 2.611E+03	 2.190E+03	 2.926E+00	 3.415E+00	 3.015E+00	 1.814E-01	-6.296E-01	-4.712E-01	 2.926E+00	 1.814E-01	 0.000E+00	 0.000E+00	 0.000E+00	 1.690E+03	 1.956E+01
   11.7500	-1.625E-04	-9.421E-03	 9.020E+00	 8.751E+02	 2.724E+02	 0.000E+00	 5.516E+03	 5.974E+03	 5.220E+03	-2.750E+03	 2.559E+03	 2.054E+03	 3.003E+00	 3.451E+00	 2.892E+00	 1.248E-01	-5.895E-01	-4.711E-01	 3.003E+00	 1.248E-01	 0.000E+00	 0.000E+00	 0.000E+00	 1.692E+03	 1.956E+01
   12.0000	-1.534E-03	 6.264E-04	 9.020E+00	 8.750E+02	 2.859E+02	 0.000E+00	 5.660E+03	 5.927E+03	 5.100E+03	-2.804E+03	 2.591E+03	 1.990E+03	 3.094E+00	 3.428E+00	 2.800E+00	 1.357E-01	-5.597E-01	-4.903E-01	 3.094E+00	 1.357E-01	 0.000E+00	 0.000E+00	 0.000E+00	 1.693E+03	 1.957E+01
   12.2500	-1.091E-04	 8.295E-03	 9.020E+00	 8.747E+02	 2.994E+02	 0.000E+00	 5.725E+03	 5.827E+03	 5.100E+03	-2.639E+03	 4.061E+03	 4.318E+02	 3.162E+00	 3.392E+00	 2.747E+00	 1.164E-01	-7.943E-01	-2.524E-01	 3.162E+00	 1.164E-01	 0.000E+00	 0.000E+00	 0.000E+00	 1.692E+03	 1.957E+01
   12.5000	 1.396E-03	 2.392E-03	 9.023E+00	 8.755E+02	 3.129E+02	 0.000E+00	 5.753E+03	 5.831E+03	 5.065E+03	-1.900E+03	 4.668E+03	-9.703E+02	 3.211E+00	 3.383E+00	 2.700E+00	 6.866E-03	-8.863E-01	-3.796E-02	 3.211E+00	 6.866E-03	 0.000E+00	 0.000E+00	 0.000E+00	 1.694E+03	 1.958E+01
   12.7500	 1.271E-03	-1.952E-03	 9.020E+00	 8.746E+02	 3.265E+02	 0.000E+00	 5.823E+03	 5.815E+03	 5.005E+03	-1.085E+03	 3.814E+03	-8.989E+02	 3.276E+00	 3.346E+00	 2.677E+00	-1.126E-01	-7.259E-01	-8.638E-02	 3.276E+00	-1.126E-01	 0.000E+00	 0.000E+00	 0.000E+00	 1.693E+03	 1.958E+01
   13.0000	 8.599E-04	-1.492E-03	 9.024E+00	 8.757E+02	 3.400E+02	 0.000E+00	 5.897E+03	 5.679E+03	 5.102E+03	-5.862E+02	 3.700E+03	-1.291E+03	 3.337E+00	 3.256E+00	 2.723E+00	-1.697E-01	-6.999E-01	-5.480E-02	 3.337E+00	-1.697E-01	 0.000E+00	 0.000E+00	 0.000E+00	 1.695E+03	 1.958E+01
   13.2500	 3.779E-04	-2.034E-03	 9.021E+00	 8.748E+02	 3.535E+02	 0.000E+00	 5.900E+03	 5.548E+03	 5.269E+03	 1.644E+02	 4.368E+03	-2.726E+03	 3.366E+00	 3.175E+00	 2.801E+00	-2.655E-01	-8.242E-01	 1.671E-01	 3.366E+00	-2.655E-01	 0.000E+00	 0.000E+00	 0.000E+00	 1.694E+03	 1.959E+01
   13.5000	 2.629E-04	 1.500E-03	 9.025E+00	 8.756E+02	 7.077E+00	 0.000E+00	 5.899E+03	 5.496E+03	 5.346E+03	 1.295E+03	 3.694E+03	-3.145E+03	 3.391E+00	 3.107E+00	 2.861E+00	-4.286E-01	-7.223E-01	 2.185E-01	 3.391E+00	-4.286E-01	 0.000E+00	 0.000E+00	 0.000E+00	 1.695E+03	 1.959E+01
   13.7500	 6.537E-04	-2.323E-04	 9.025E+00	 8.753E+02	 2.061E+01	 0.000E+00	 5.941E+03	 5.394E+03	 5.412E+03	 2.101E+03	 2.210E+03	-2.513E+03	 3.427E+00	 3.000E+00	 2.933E+00	-5.352E-01	-4.780E-01	 9.102E-02	 3.427E+00	-5.352E-01	 0.000E+00	 0.000E+00	 0.000E+00	 1.695E+03	 1.959E+01
   14.0000	-2.776E-04	-6.308E-03	 9.026E+00	 8.755E+02	 3.415E+01	 0.000E+00	 5.951E+03	 5.206E+03	 5.561E+03	 2.599E+03	 1.930E+03	-2.682E+03	 3.441E+00	 2.877E+00	 3.029E+00	-5.900E-01	-4.526E-01	 1.107E-01	 3.441E+00	-5.900E-01	 0.000E+00	 0.000E+00	 0.000E+00	 1.696E+03	 1.959E+01
   14.2500	-1.352E-03	 5.194E-05	 9.027E+00	 8.758E+02	 4.769E+01	 0.000E+00	 5.898E+03	 5.105E+03	 5.687E+03	 3.274E+03	 1.794E+03	-3.265E+03	 3.423E+00	 2.795E+00	 3.106E+00	-6.774E-01	-4.606E-01	 2.179E-01	 3.423E+00	-6.774E-01	 0.000E+00	 0.000E+00	 0.000E+00	 1.697E+03	 1.960E+01
   14.5000	 2.002E-05	 9.162E-03	 9.026E+00	 8.753E+02	 6.123E+01	 0.000E+00	 5.854E+03	 5.095E+03	 5.708E+03	 3.998E+03	 3.478E+02	-2.512E+03	 3.401E+00	 2.743E+00	 3.159E+00	-7.820E-01	-2.421E-01	 9.815E-02	 3.401E+00	-7.820E-01	 0.000E+00	 0.000E+00	 0.000E+00	 1.696E+03	 1.960E+01
   14.7500	 1.779E-03	 2.408E-03	 9.029E+00	 8.760E+02	 7.477E+01	 0.000E+00	 5.845E+03	 5.051E+03	 5.757E+03	 4.164E+03	-9.965E+02	-1.350E+03	 3.380E+00	 2.693E+00	 3.225E+00	-7.951E-01	-3.853E-02	-8.852E-02	 3.380E+00	-7.951E-01	 0.000E+00	 0.000E+00	 0.000E+00	 1.698E+03	 1.961E+01
   15.0000	 1.100E-03	-5.712E-03	 9.027E+00	 8.754E+02	 8.832E+01	 0.000E+00	 5.777E+03	 5.018E+03	 5.861E+03	 4.054E+03	-1.057E+03	-1.178E+03	 3.329E+00	 2.681E+00	 3.296E+00	-7.660E-01	-6.329E-02	-9.337E-02	 3.329E+00	-7.660E-01	 0.000E+00	 0.000E+00	 0.000E+00	 1.697E+03	 1.961E+01
   15.2500	 2.089E-04	 1.501E-05	 9.029E+00	 8.760E+02	 1.019E+02	 0.000E+00	 5.657E+03	 5.129E+03	 5.902E+03	 4.124E+03	-1.429E+03	-8.635E+02	 3.251E+00	 2.736E+00	 3.338E+00	-7.764E-01	-3.513E-02	-1.150E-01	 3.251E+00	-7.764E-01	 0.000E+00	 0.000E+00	 0.000E+00	 1.698E+03	 1.961E+01
   15.5000	 8.175E-04	 2.825E-03	 9.028E+00	 8.756E+02	 1.154E+02	 0.000E+00	 5.570E+03	 5.283E+03	 5.880E+03	 3.970E+03	-2.721E+03	 5.612E+02	 3.173E+00	 2.812E+00	 3.364E+00	-7.564E-01	 1.622E-01	-3.297E-01	 3.173E+00	-7.564E-01	 0.000E+00	 0.000E+00	 0.000E+00	 1.698E+03	 1.961E+01
   15.7500	 8.451E-04	-2.778E-03	 9.030E+00	 8.759E+02	 1.289E+02	 0.000E+00	 5.484E+03	 5.352E+03	 5.912E+03	 3.281E+03	-3.150E+03	 1.708E+03	 3.090E+00	 2.870E+00	 3.404E+00	-6.504E-01	 2.166E-01	-4.979E-01	 3.090E+00	-6.504E-01	 0.000E+00	 0.000E+00	 0.000E+00	 1.698E+03	 1.961E+01
   16.0000	-1.329E-04	-3.892E-03	 9.031E+00	 8.760E+02	 1.425E+02	 0.000E+00	 5.344E+03	 5.437E+03	 5.968E+03	 2.535E+03	-2.594E+03	 1.870E+03	 2.980E+00	 2.945E+00	 3.437E+00	-5.381E-01	 1.036E-01	-4.905E-01	 2.980E+00	-5.381E-01	 0.000E+00	 0.000E+00	 0.000E+00	 1.699E+03	 1.962E+01
   16.2500	-7.454E-04	-8.359E-04	 9.031E+00	 8.759E+02	 1.560E+02	 0.000E+00	 5.201E+03	 5.586E+03	 5.935E+03	 2.026E+03	-2.687E+03	 2.495E+03	 2.870E+00	 3.044E+00	 3.433E+00	-4.747E-01	 1.113E-01	-5.655E-01	 2.870E+00	-4.747E-01	 0.000E+00	 0.000E+00	 0.000E+00	 1.699E+03	 1.962E+01
   16.5000	-5.841E-04	 2.049E-03	 9.032E+00	 8.763E+02	 1.696E+02	 0.000E+00	 5.126E+03	 5.691E+03	 5.877E+03	 1.231E+03	-3.146E+03	 3.733E+03	 2.791E+00	 3.117E+00	 3.418E+00	-3.665E-01	 1.977E-01	-7.548E-01	 2.791E+00	-3.665E-01	 0.000E+00	 0.000E+00	 0.000E+00	 1.700E+03	 1.962E+01
   16.7500	 3.054E-04	 4.740E-03	 9.031E+00	 8.759E+02	 1.831E+02	 0.000E+00	 5.074E+03	 5.716E+03	 5.872E+03	 1.443E+02	-2.452E+03	 4.133E+03	 2.730E+00	 3.167E+00	 3.409E+00	-2.097E-01	 8.989E-02	-8.043E-01	 2.730E+00	-2.097E-01	 0.000E+00	 0.000E+00	 0.000E+00	 1.699E+03	 1.963E+01
   17.0000	 1.330E-03	 2.237E-03	 9.033E+00	 8.763E+02	 1.967E+02	 0.000E+00	 5.027E+03	 5.777E+03	 5.851E+03	-6.574E+02	-1.326E+03	 3.809E+03	 2.687E+00	 3.236E+00	 3.377E+00	-1.037E-01	-8.953E-02	-7.306E-01	 2.687E+00	-1.037E-01	 0.000E+00	 0.000E+00	 0.000E+00	 1.700E+03	 1.963E+01
   17.2500	 1.095E-03	-3.536E-03	 9.032E+00	 8.760E+02	 2.102E+02	 0.000E+00	 5.051E+03	 5.871E+03	 5.746E+03	-1.201E+03	-1.056E+03	 4.074E+03	 2.693E+00	 3.306E+00	 3.311E+00	-4.433E-02	-1.108E-01	-7.675E-01	 2.693E+00	-4.433E-02	 0.000E+00	 0.000E+00	 0.000E+00	 1.700E+03	 1.963E+01
   17.5000	 3.375E-04	-8.200E-04	 9.033E+00	 8.762E+02	 2.238E+02	 0.000E+00	 5.163E+03	 5.899E+03	 5.638E+03	-1.930E+03	-6.902E+02	 4.452E+03	 2.748E+00	 3.342E+00	 3.243E+00	 4.889E-02	-1.407E-01	-8.354E-01	 2.748E+00	 4.889E-02	 0.000E+00	 0.000E+00	 0.000E+00	 1.700E+03	 1.963E+01
   17.7500	 7.952E-04	 3.087E-03	 9.033E+00	 8.762E+02	 2.373E+02	 0.000E+00	 5.275E+03	 5.888E+03	 5.578E+03	-2.630E+03	 6.532E+02	 3.794E+03	 2.815E+00	 3.370E+00	 3.170E+00	 1.435E-01	-3.409E-01	-7.282E-01	 2.815E+00	 1.435E-01	 0.000E+00	 0.000E+00	 0.000E+00	 1.700E+03	 1.963E+01
   18.0000	 9.490E-04	-2.978E-03	 9.033E+00	 8.762E+02	 2.509E+02	 0.000E+00	 5.360E+03	 5.925E+03	 5.470E+03	-2.832E+03	 1.779E+03	 2.886E+03	 2.882E+00	 3.413E+00	 3.073E+00	 1.572E-01	-5.053E-01	-5.824E-01	 2.882E+00	 1.572E-01	 0.000E+00	 0.000E+00	 0.000E+00	 1.701E+03	 1.963E+01
   18.2500	-4.092E-04	-5.966E-03	 9.035E+00	 8.764E+02	 2.644E+02	 0.000E+00	 5.478E+03	 5.966E+03	 5.306E+03	-2.838E+03	 2.023E+03	 2.635E+03	 2.965E+00	 3.440E+00	 2.960E+00	 1.442E-01	-5.125E-01	-5.586E-01	 2.965E+00	 1.442E-01	 0.000E+00	 0.000E+00	 0.000E+00	 1.701E+03	 1.964E+01
   18.5000	-1.105E-03	 1.314E-03	 9.035E+00	 8.763E+02	 2.780E+02	 0.000E+00	 5.605E+03	 5.926E+03	 5.191E+03	-2.945E+03	 2.622E+03	 2.152E+03	 3.053E+00	 3.431E+00	 2.863E+00	 1.581E-01	-5.832E-01	-5.021E-01	 3.053E+00	 1.581E-01	 0.000E+00	 0.000E+00	 0.000E+00	 1.701E+03	 1.964E+01
   18.7500	-8.934E-05	 5.084E-03	 9.036E+00	 8.765E+02	 2.915E+02	 0.000E+00	 5.680E+03	 5.878E+03	 5.135E+03	-2.800E+03	 3.768E+03	 8.562E+02	 3.122E+00	 3.417E+00	 2.785E+00	 1.382E-01	-7.575E-01	-3.059E-01	 3.122E+00	 1.382E-01	 0.000E+00	 0.000E+00	 0.000E+00	 1.702E+03	 1.964E+01
   19.0000	 7.531E-04	 1.306E-03	 9.035E+00	 8.763E+02	 3.051E+02	 0.000E+00	 5.731E+03	 5.876E+03	 5.058E+03	-2.195E+03	 4.161E+03	-1.428E+02	 3.182E+00	 3.408E+00	 2.717E+00	 4.608E-02	-8.066E-01	-1.632E-01	 3.182E+00	 4.608E-02	 0.000E+00	 0.000E+00	 0.000E+00	 1.702E+03	 1.964E+01
   19.2500	 8.129E-04	-8.149E-06	 9.036E+00	 8.765E+02	 3.186E+02	 0.000E+00	 5.808E+03	 5.837E+03	 5.011E+03	-1.561E+03	 3.874E+03	-4.847E+02	 3.250E+00	 3.370E+00	 2.683E+00	-4.454E-02	-7.406E-01	-1.392E-01	 3.250E+00	-4.454E-02	 0.000E+00	 0.000E+00	 0.000E+00	 1.702E+03	 1.964E+01
   19.5000	 8.841E-04	 3.593E-04	 9.035E+00	 8.764E+02	 3.322E+02	 0.000E+00	 5.869E+03	 5.730E+03	 5.078E+03	-1.038E+03	 4.079E+03	-1.221E+03	 3.308E+00	 3.301E+00	 2.706E+00	-1.083E-01	-7.678E-01	-4.695E-02	 3.308E+00	-1.083E-01	 0.000E+00	 0.000E+00	 0.000E+00	 1.702E+03	 1.965E+01
   19.7500	 8.752E-04	-3.030E-04	 9.035E+00	 8.764E+02	 3.457E+02	 0.000E+00	 5.886E+03	 5.634E+03	 5.192E+03	-2.357E+02	 4.375E+03	-2.309E+03	 3.346E+00	 3.234E+00	 2.759E+00	-2.159E-01	-8.225E-01	 1.111E-01	 3.346E+00	-2.159E-01	 0.000E+00	 0.000E+00	 0.000E+00	 1.702E+03	 1.964E+01
   20.0000	 7.958E-04	-4.048E-04	 9.036E+00	 8.765E+02	 3.593E+02	 0.000E+00	 5.906E+03	 5.566E+03	 5.273E+03	 7.811E+02	 3.728E+03	-2.687E+03	 3.382E+00	 3.160E+00	 2.818E+00	-3.592E-01	-7.185E-01	 1.506E-01	 3.382E+00	-3.592E-01	 0.000E+00	 0.000E+00	 0.000E+00	 1.702E+03	 1.965E+01
   20.2500	 4.826E-04	-2.578E-03	 9.036E+00	 8.765E+02	 1.285E+01	 0.000E+00	 5.943E+03	 5.445E+03	 5.371E+03	 1.581E+03	 2.835E+03	-2.586E+03	 3.419E+00	 3.056E+00	 2.894E+00	-4.645E-01	-5.761E-01	 1.110E-01	 3.419E+00	-4.645E-01	 0.000E+00	 0.000E+00	 0.000E+00	 1.702E+03	 1.965E+01
   20.5000	-4.558E-04	-4.058E-03	 9.037E+00	 8.767E+02	 2.641E+01	 0.000E+00	 5.949E+03	 5.289E+03	 5.513E+03	 2.214E+03	 2.528E+03	-2.917E+03	 3.436E+00	 2.944E+00	 2.985E+00	-5.404E-01	-5.435E-01	 1.559E-01	 3.436E+00	-5.404E-01	 0.000E+00	 0.000E+00	 0.000E+00	 1.703E+03	 1.965E+01
   20.7500	-9.478E-04	 1.108E-03	 9.037E+00	 8.766E+02	 3.996E+01	 0.000E+00	 5.916E+03	 5.185E+03	 5.621E+03	 2.997E+03	 1.998E+03	-3.169E+03	 3.431E+00	 2.853E+00	 3.062E+00	-6.455E-01	-4.796E-01	 1.983E-01	 3.431E+00	-6.455E-01	 0.000E+00	 0.000E+00	 0.000E+00	 1.703E+03	 1.965E+01
   21.0000	 1.655E-05	 5.309E-03	 9.038E+00	 8.767E+02	 5.352E+01	 0.000E+00	 5.893E+03	 5.122E+03	 5.675E+03	 3.696E+03	 7.419E+02	-2.610E+03	 3.422E+00	 2.775E+00	 3.127E+00	-7.418E-01	-2.907E-01	 1.069E-01	 3.422E+00	-7.418E-01	 0.000E+00	 0.000E+00	 0.000E+00	 1.703E+03	 1.965E+01
   21.2500	 9.160E-04	 9.923E-04	 9.038E+00	 8.766E+02	 6.708E+01	 0.000E+00	 5.874E+03	 5.047E+03	 5.745E+03	 3.980E+03	-2.369E+02	-1.920E+03	 3.403E+00	 2.708E+00	 3.197E+00	-7.713E-01	-1.517E-01	-5.888E-04	 3.403E+00	-7.713E-01	 0.000E+00	 0.000E+00	 0.000E+00	 1.703E+03	 1.965E+01
   21.5000	 6.935E-04	-1.492E-03	 9.038E+00	 8.767E+02	 8.063E+01	 0.000E+00	 5.811E+03	 5.018E+03	 5.832E+03	 4.091E+03	-6.167E+02	-1.646E+03	 3.359E+00	 2.684E+00	 3.263E+00	-7.767E-01	-1.214E-01	-2.626E-02	 3.359E+00	-7.767E-01	 0.000E+00	 0.000E+00	 0.000E+00	 1.703E+03	 1.965E+01
   21.7500	 6.978E-04	 1.722E-03	 9.038E+00	 8.767E+02	 9.419E+01	 0.000E+00	 5.719E+03	 5.097E+03	 5.869E+03	 4.234E+03	-1.345E+03	-1.066E+03	 3.295E+00	 2.714E+00	 3.310E+00	-7.956E-01	-3.050E-02	-9.789E-02	 3.295E+00	-7.956E-01	 0.000E+00	 0.000E+00	 0.000E+00	 1.703E+03	 1.966E+01
   22.0000	 1.188E-03	 1.065E-03	 9.038E+00	 8.766E+02	 1.077E+02	 0.000E+00	 5.639E+03	 5.204E+03	 5.879E+03	 4.103E+03	-2.370E+03	 9.612E+01	 3.226E+00	 2.768E+00	 3.349E+00	-7.755E-01	 1.172E-01	-2.691E-01	 3.226E+00	-7.755E-01	 0.000E+00	 0.000E+00	 0.000E+00	 1.703E+03	 1.966E+01
   22.2500	 9.007E-04	-3.229E-03	 9.038E+00	 8.767E+02	 1.213E+02	 0.000E+00	 5.546E+03	 5.285E+03	 5.920E+03	 3.563E+03	-2.727E+03	 9.894E+02	 3.143E+00	 2.828E+00	 3.393E+00	-6.907E-01	 1.540E-01	-3.915E-01	 3.143E+00	-6.907E-01	 0.000E+00	 0.000E+00	 0.000E+00	 1.704E+03	 1.966E+01
   22.5000	-4.501E-05	-3.460E-03	 9.039E+00	 8.767E+02	 1.349E+02	 0.000E+00	 5.412E+03	 5.395E+03	 5.954E+03	 2.987E+03	-2.641E+03	 1.482E+03	 3.039E+00	 2.908E+00	 3.424E+00	-6.057E-01	 1.182E-01	-4.416E-01	 3.039E+00	-6.057E-01	 0.000E+00	 0.000E+00	 0.000E+00	 1.704E+03	 1.966E+01
   22.7500	-5.885E-04	-8.127E-04	 9.039E+00	 8.768E+02	 1.484E+02	 0.000E+00	 5.281E+03	 5.534E+03	 5.936E+03	 2.448E+03	-2.926E+03	 2.305E+03	 2.933E+00	 2.999E+00	 3.432E+00	-5.340E-01	 1.564E-01	-5.507E-01	 2.933E+00	-5.340E-01	 0.000E+00	 0.000E+00	 0.000E+00	 1.704E+03	 1.966E+01
   23.0000	-4.997E-04	 1.460E-03	 9.039E+00	 8.768E+02	 1.620E+02	 0.000E+00	 5.184E+03	 5.629E+03	 5.908E+03	 1.637E+03	-3.116E+03	 3.305E+03	 2.841E+00	 3.073E+00	 3.430E+00	-4.203E-01	 1.892E-01	-6.958E-01	 2.841E+00	-4.203E-01	 0.000E+00	 0.000E+00	 0.000E+00	 1.704E+03	 1.966E+01
   23.2500	 7.872E-05	 2.920E-03	 9.040E+00	 8.769E+02	 1.755E+02	 0.000E+00	 5.099E+03	 5.685E+03	 5.903E+03	 6.497E+02	-2.551E+03	 3.729E+03	 2.761E+00	 3.136E+00	 3.425E+00	-2.789E-01	 9.822E-02	-7.450E-01	 2.761E+00	-2.789E-01	 0.000E+00	 0.000E+00	 0.000E+00	 1.704E+03	 1.966E+01
   23.5000	 6.984E-04	 1.527E-03	 9.040E+00	 8.768E+02	 1.891E+02	 0.000E+00	 5.034E+03	 5.761E+03	 5.870E+03	-1.424E+02	-1.862E+03	 3.829E+03	 2.702E+00	 3.208E+00	 3.397E+00	-1.740E-01	-7.790E-03	-7.418E-01	 2.702E+00	-1.740E-01	 0.000E+00	 0.000E+00	 0.000E+00	 1.704E+03	 1.966E+01
   23.7500	 7.932E-04	-3.940E-04	 9.039E+00	 8.768E+02	 2.027E+02	 0.000E+00	 5.038E+03	 5.839E+03	 5.788E+03	-8.232E+02	-1.542E+03	 4.193E+03	 2.689E+00	 3.273E+00	 3.346E+00	-9.109E-02	-4.058E-02	-7.927E-01	 2.689E+00	-9.109E-02	 0.000E+00	 0.000E+00	 0.000E+00	 1.704E+03	 1.966E+01
   24.0000	 8.220E-04	 1.015E-03	 9.039E+00	 8.768E+02	 2.162E+02	 0.000E+00	 5.114E+03	 5.870E+03	 5.707E+03	-1.629E+03	-9.267E+02	 4.380E+03	 2.721E+00	 3.316E+00	 3.288E+00	 1.460E-02	-1.177E-01	-8.219E-01	 2.721E+00	 1.460E-02	 0.000E+00	 0.000E+00	 0.000E+00	 1.704E+03	 1.966E+01
   24.2500	 1.163E-03	 8.086E-04	 9.039E+00	 8.768E+02	 2.298E+02	 0.000E+00	 5.204E+03	 5.887E+03	 5.637E+03	-2.314E+03	 2.139E+02	 3.928E+03	 2.773E+00	 3.356E+00	 3.218E+00	 1.033E-01	-2.846E-01	-7.462E-01	 2.773E+00	 1.033E-01	 0.000E+00	 0.000E+00	 0.000E+00	 1.704E+03	 1.966E+01
   24.5000	 8.431E-04	-3.549E-03	 9.040E+00	 8.769E+02	 2.433E+02	 0.000E+00	 5.302E+03	 5.928E+03	 5.525E+03	-2.641E+03	 1.098E+03	 3.370E+03	 2.841E+00	 3.400E+00	 3.126E+00	 1.349E-01	-4.053E-01	-6.583E-01	 2.841E+00	 1.349E-01	 0.000E+00	 0.000E+00	 0.000E+00	 1.704E+03	 1.966E+01
   24.7500	-2.712E-04	-4.087E-03	 9.040E+00	 8.769E+02	 2.569E+02	 0.000E+00	 5.427E+03	 5.953E+03	 5.383E+03	-2.833E+03	 1.614E+03	 3.046E+03	 2.924E+00	 3.427E+00	 3.022E+00	 1.495E-01	-4.595E-01	-6.190E-01	 2.924E+00	 1.495E-01	 0.000E+00	 0.000E+00	 0.000E+00	 1.705E+03	 1.966E+01
   25.0000	-7.087E-04	 7.152E-04	 9.041E+00	 8.770E+02	 2.705E+02	 0.000E+00	 5.547E+03	 5.931E+03	 5.269E+03	-3.011E+03	 2.431E+03	 2.408E+03	 3.009E+00	 3.431E+00	 2.922E+00	 1.710E-01	-5.678E-01	-5.316E-01	 3.009E+00	 1.710E-01	 0.000E+00	 0.000E+00	 0.000E+00	 1.705E+03	 1.967E+01
   25.2500	-1.997E-04	 2.450E-03	 9.041E+00	 8.770E+02	 2.840E+02	 0.000E+00	 5.632E+03	 5.910E+03	 5.178E+03	-2.902E+03	 3.384E+03	 1.345E+03	 3.082E+00	 3.431E+00	 2.829E+00	 1.522E-01	-7.054E-01	-3.735E-01	 3.082E+00	 1.522E-01	 0.000E+00	 0.000E+00	 0.000E+00	 1.705E+03	 1.967E+01
   25.5000	 2.202E-04	 9.135E-04	 9.041E+00	 8.770E+02	 2.976E+02	 0.000E+00	 5.702E+03	 5.902E+03	 5.080E+03	-2.453E+03	 3.785E+03	 4.961E+02	 3.150E+00	 3.424E+00	 2.746E+00	 8.224E-02	-7.513E-01	-2.564E-01	 3.150E+00	 8.224E-02	 0.000E+00	 0.000E+00	 0.000E+00	 1.705E+03	 1.967E+01
   25.7500	 4.437E-04	 1.219E-03	 9.041E+00	 8.770E+02	 3.111E+02	 0.000E+00	 5.781E+03	 5.858E+03	 5.025E+03	-1.957E+03	 3.883E+03	-1.004E+02	 3.219E+00	 3.391E+00	 2.697E+00	 1.226E-02	-7.490E-01	-1.871E-01	 3.219E+00	 1.226E-02	 0.000E+00	 0.000E+00	 0.000E+00	 1.705E+03	 1.967E+01
   26.0000	 8.444E-04	 1.668E-03	 9.041E+00	 8.769E+02	 3.247E+02	 0.000E+00	 5.839E+03	 5.775E+03	 5.056E+03	-1.426E+03	 4.212E+03	-9.584E+02	 3.278E+00	 3.337E+00	 2.695E+00	-5.621E-02	-7.948E-01	-7.332E-02	 3.278E+00	-5.621E-02	 0.000E+00	 0.000E+00	 0.000E+00	 1.705E+03	 1.967E+01
   26.2500	 1.132E-03	 4.480E-04	 9.040E+00	 8.769E+02	 3.383E+02	 0.000E+00	 5.869E+03	 5.700E+03	 5.129E+03	-6.381E+02	 4.344E+03	-1.880E+03	 3.323E+00	 3.279E+00	 2.727E+00	-1.639E-01	-8.157E-01	 5.391E-02	 3.323E+00	-1.639E-01	 0.000E+00	 0.000E+00	 0.000E+00	 1.705E+03	 1.967E+01
   26.5000	 1.054E-03	-1.129E-03	 9.040E+00	 8.769E+02	 3.518E+02	 0.000E+00	 5.901E+03	 5.622E+03	 5.210E+03	 2.883E+02	 3.870E+03	-2.330E+03	 3.366E+00	 3.206E+00	 2.780E+00	-2.928E-01	-7.372E-01	 1.023E-01	 3.366E+00	-2.928E-01	 0.000E+00	 0.000E+00	 0.000E+00	 1.705E+03	 1.967E+01
   26.7500	 5.417E-04	-2.977E-03	 9.041E+00	 8.770E+02	 5.381E+00	 0.000E+00	 5.936E+03	 5.503E+03	 5.320E+03	 1.080E+03	 3.309E+03	-2.561E+03	 3.405E+00	 3.110E+00	 2.854E+00	-3.962E-01	-6.498E-01	 1.170E-01	 3.405E+00	-3.962E-01	 0.000E+00	 0.000E+00	 0.000E+00	 1.705E+03	 1.967E+01
   27.0000	-2.924E-04	-2.988E-03	 9.041E+00	 8.770E+02	 1.894E+01	 0.000E+00	 5.944E+03	 5.366E+03	 5.455E+03	 1.823E+03	 2.951E+03	-2.946E+03	 3.426E+00	 3.006E+00	 2.940E+00	-4.905E-01	-6.056E-01	 1.671E-01	 3.426E+00	-4.905E-01	 0.000E+00	 0.000E+00	 0.000E+00	 1.705E+03	 1.967E+01
   27.2500	-6.297E-04	 5.379E-04	 9.042E+00	 8.771E+02	 3.250E+01	 0.000E+00	 5.929E+03	 5.256E+03	 5.560E+03	 2.656E+03	 2.275E+03	-3.102E+03	 3.433E+00	 2.909E+00	 3.019E+00	-6.029E-01	-5.124E-01	 1.869E-01	 3.433E+00	-6.029E-01	 0.000E+00	 0.000E+00	 0.000E+00	 1.705E+03	 1.967E+01
   27.5000	-1.515E-04	 2.516E-03	 9.042E+00	 8.771E+02	 4.607E+01	 0.000E+00	 5.917E+03	 5.161E+03	 5.636E+03	 3.361E+03	 1.217E+03	-2.751E+03	 3.433E+00	 2.816E+00	 3.091E+00	-6.973E-01	-3.558E-01	 1.265E-01	 3.433E+00	-6.973E-01	 0.000E+00	 0.000E+00	 0.000E+00	 1.706E+03	 1.967E+01
   27.7500	 2.877E-04	 7.657E-04	 9.042E+00	 8.771E+02	 5.963E+01	 0.000E+00	 5.895E+03	 5.067E+03	 5.718E+03	 3.767E+03	 3.832E+02	-2.323E+03	 3.419E+00	 2.736E+00	 3.163E+00	-7.444E-01	-2.417E-01	 6.093E-02	 3.419E+00	-7.444E-01	 0.000E+00	 0.000E+00	 0.000E+00	 1.706E+03	 1.967E+01
   28.0000	 4.187E-04	 8.695E-04	 9.042E+00	 8.771E+02	 7.319E+01	 0.000E+00	 5.841E+03	 5.027E+03	 5.797E+03	 4.047E+03	-2.273E+02	-1.993E+03	 3.383E+00	 2.694E+00	 3.230E+00	-7.754E-01	-1.703E-01	 2.180E-02	 3.383E+00	-7.754E-01	 0.000E+00	 0.000E+00	 0.000E+00	 1.706E+03	 1.967E+01
   28.2500	 8.647E-04	 2.443E-03	 9.041E+00	 8.770E+02	 8.676E+01	 0.000E+00	 5.768E+03	 5.067E+03	 5.840E+03	 4.261E+03	-1.087E+03	-1.348E+03	 3.331E+00	 2.699E+00	 3.283E+00	-8.030E-01	-5.629E-02	-6.523E-02	 3.331E+00	-8.030E-01	 0.000E+00	 0.000E+00	 0.000E+00	 1.706E+03	 1.967E+01
   28.5000	 1.317E-03	 4.602E-04	 9.041E+00	 8.770E+02	 1.003E+02	 0.000E+00	 5.695E+03	 5.139E+03	 5.870E+03	 4.186E+03	-1.969E+03	-3.897E+02	 3.270E+00	 2.734E+00	 3.329E+00	-7.881E-01	 6.463E-02	-2.027E-01	 3.270E+00	-7.881E-01	 0.000E+00	 0.000E+00	 0.000E+00	 1.706E+03	 1.967E+01
   28.7500	 9.962E-04	-2.740E-03	 9.041E+00	 8.770E+02	 1.139E+02	 0.000E+00	 5.602E+03	 5.224E+03	 5.912E+03	 3.806E+03	-2.391E+03	 4.126E+02	 3.192E+00	 2.789E+00	 3.375E+00	-7.270E-01	 1.086E-01	-3.097E-01	 3.192E+00	-7.270E-01	 0.000E+00	 0.000E+00	 0.000E+00	 1.706E+03	 1.967E+01
   29.0000	 2.141E-04	-2.951E-03	 9.042E+00	 8.770E+02	 1.274E+02	 0.000E+00	 5.478E+03	 5.342E+03	 5.941E+03	 3.355E+03	-2.616E+03	 1.089E+03	 3.095E+00	 2.867E+00	 3.409E+00	-6.605E-01	 1.235E-01	-3.920E-01	 3.095E+00	-6.605E-01	 0.000E+00	 0.000E+00	 0.000E+00	 1.706E+03	 1.967E+01
   29.2500	-3.181E-04	-1.211E-03	 9.042E+00	 8.771E+02	 1.410E+02	 0.000E+00	 5.354E+03	 5.474E+03	 5.937E+03	 2.823E+03	-2.973E+03	 1.978E+03	 2.993E+00	 2.953E+00	 3.426E+00	-5.868E-01	 1.699E-01	-5.122E-01	 2.993E+00	-5.868E-01	 0.000E+00	 0.000E+00	 0.000E+00	 1.706E+03	 1.967E+01
   29.5000	-4.212E-04	 3.192E-04	 9.042E+00	 8.771E+02	 1.546E+02	 0.000E+00	 5.244E+03	 5.572E+03	 5.927E+03	 2.041E+03	-3.079E+03	 2.867E+03	 2.894E+00	 3.030E+00	 3.435E+00	-4.752E-01	 1.824E-01	-6.355E-01	 2.894E+00	-4.752E-01	 0.000E+00	 0.000E+00	 0.000E+00	 1.706E+03	 1.967E+01
   29.7500	-1.796E-04	 1.442E-03	 9.043E+00	 8.771E+02	 1.681E+02	 0.000E+00	 5.139E+03	 5.649E+03	 5.921E+03	 1.143E+03	-2.701E+03	 3.387E+03	 2.800E+00	 3.101E+00	 3.434E+00	-3.473E-01	 1.188E-01	-6.980E-01	 2.800E+00	-3.473E-01	 0.000E+00	 0.000E+00	 0.000E+00	 1.706E+03	 1.968E+01
   30.0000	 2.122E-04	 1.494E-03	 9.043E+00	 8.771E+02	 1.817E+02	 0.000E+00	 5.056E+03	 5.733E+03	 5.888E+03	 3.487E+02	-2.265E+03	 3.744E+03	 2.727E+00	 3.175E+00	 3.413E+00	-2.412E-01	 5.311E-02	-7.368E-01	 2.727E+00	-2.412E-01	 0.000E+00	 0.000E+00	 0.000E+00	 1.706E+03	 1.968E+01
   30.2500	 5.607E-04	 1.444E-03	 9.042E+00	 8.771E+02	 1.953E+02	 0.000E+00	 5.035E+03	 5.805E+03	 5.825E+03	-4.273E+02	-1.903E+03	 4.158E+03	 2.694E+00	 3.239E+00	 3.374E+00	-1.409E-01	 9.597E-03	-7.927E-01	 2.694E+00	-1.409E-01	 0.000E+00	 0.000E+00	 0.000E+00	 1.706E+03	 1.968E+01
   30.5000	 9.796E-04	 1.834E-03	 9.042E+00	 8.771E+02	 2.088E+02	 0.000E+00	 5.075E+03	 5.844E+03	 5.760E+03	-1.269E+03	-1.224E+03	 4.320E+03	 2.702E+00	 3.289E+00	 3.324E+00	-2.943E-02	-8.251E-02	-8.128E-01	 2.702E+00	-2.943E-02	 0.000E+00	 0.000E+00	 0.000E+00	 1.706E+03	 1.968E+01
   30.7500	 1.290E-03	 1.247E-04	 9.042E+00	 8.771E+02	 2.224E+02	 0.000E+00	 5.145E+03	 5.878E+03	 5.687E+03	-1.971E+03	-2.649E+02	 4.064E+03	 2.740E+00	 3.337E+00	 3.260E+00	 6.006E-02	-2.196E-01	-7.670E-01	 2.740E+00	 6.006E-02	 0.000E+00	 0.000E+00	 0.000E+00	 1.706E+03	 1.968E+01
   31.0000	 9.044E-04	-3.028E-03	 9.042E+00	 8.771E+02	 2.359E+02	 0.000E+00	 5.243E+03	 5.919E+03	 5.582E+03	-2.417E+03	 5.300E+02	 3.716E+03	 2.801E+00	 3.382E+00	 3.176E+00	 1.088E-01	-3.249E-01	-7.122E-01	 2.801E+00	 1.088E-01	 0.000E+00	 0.000E+00	 0.000E+00	 1.706E+03	 1.968E+01
   31.2500	 5.210E-05	-3.040E-03	 9.042E+00	 8.771E+02	 2.495E+02	 0.000E+00	 5.368E+03	 5.941E+03	 5.456E+03	-2.756E+03	 1.219E+03	 3.366E+03	 2.881E+00	 3.412E+00	 3.079E+00	 1.451E-01	-4.093E-01	-6.651E-01	 2.881E+00	 1.451E-01	 0.000E+00	 0.000E+00	 0.000E+00	 1.706E+03	 1.968E+01
   31.5000	-3.682E-04	-3.129E-04	 9.043E+00	 8.771E+02	 2.631E+02	 0.000E+00	 5.487E+03	 5.935E+03	 5.341E+03	-3.000E+03	 2.109E+03	 2.720E+03	 2.964E+00	 3.428E+00	 2.980E+00	 1.734E-01	-5.299E-01	-5.726E-01	 2.964E+00	 1.734E-01	 0.000E+00	 0.000E+00	 0.000E+00	 1.706E+03	 1.968E+01
   31.7500	-2.870E-04	 5.621E-04	 9.043E+00	 8.772E+02	 2.766E+02	 0.000E+00	 5.581E+03	 5.928E+03	 5.230E+03	-2.964E+03	 2.967E+03	 1.826E+03	 3.041E+00	 3.436E+00	 2.879E+00	 1.619E-01	-6.483E-01	-4.417E-01	 3.041E+00	 1.619E-01	 0.000E+00	 0.000E+00	 0.000E+00	 1.706E+03	 1.968E+01
   32.0000	-1.588E-04	 5.659E-04	 9.043E+00	 8.772E+02	 2.902E+02	 0.000E+00	 5.666E+03	 5.919E+03	 5.119E+03	-2.666E+03	 3.459E+03	 1.035E+03	 3.114E+00	 3.433E+00	 2.786E+00	 1.135E-01	-7.067E-01	-3.330E-01	 3.114E+00	 1.135E-01	 0.000E+00	 0.000E+00	 0.000E+00	 1.706E+03	 1.968E+01
   32.2500	 1.287E-04	 1.867E-03	 9.043E+00	 8.772E+02	 3.038E+02	 0.000E+00	 5.748E+03	 5.879E+03	 5.048E+03	-2.281E+03	 3.806E+03	 3.019E+02	 3.185E+00	 3.408E+00	 2.720E+00	 5.858E-02	-7.447E-01	-2.385E-01	 3.185E+00	 5.858E-02	 0.000E+00	 0.000E+00	 0.000E+00	 1.706E+03	 1.968E+01
   32.5000	 7.006E-04	 2.410E-03	 9.043E+00	 8.772E+02	 3.173E+02	 0.000E+00	 5.808E+03	 5.815E+03	 5.043E+03	-1.773E+03	 4.193E+03	-5.928E+02	 3.246E+00	 3.367E+00	 2.695E+00	-9.368E-03	-7.971E-01	-1.177E-01	 3.246E+00	-9.368E-03	 0.000E+00	 0.000E+00	 0.000E+00	 1.706E+03	 1.968E+01
   32.7500	 1.162E-03	 1.085E-03	 9.042E+00	 8.771E+02	 3.309E+02	 0.000E+00	 5.849E+03	 5.752E+03	 5.083E+03	-1.033E+03	 4.307E+03	-1.447E+03	 3.298E+00	 3.316E+00	 2.705E+00	-1.117E-01	-8.100E-01	-3.431E-03	 3.298E+00	-1.117E-01	 0.000E+00	 0.000E+00	 0.000E+00	 1.706E+03	 1.968E+01
   33.0000	 1.183E-03	-8.921E-04	 9.042E+00	 8.771E+02	 3.445E+02	 0.000E+00	 5.889E+03	 5.673E+03	 5.154E+03	-1.901E+02	 4.021E+03	-2.003E+03	 3.345E+00	 3.249E+00	 2.746E+00	-2.277E-01	-7.600E-01	 6.084E-02	 3.345E+00	-2.277E-01	 0.000E+00	 0.000E+00	 0.000E+00	 1.706E+03	 1.968E+01
   33.2500	 7.219E-04	-2.626E-03	 9.042E+00	 8.771E+02	 3.580E+02	 0.000E+00	 5.923E+03	 5.562E+03	 5.263E+03	 6.008E+02	 3.661E+03	-2.434E+03	 3.387E+00	 3.161E+00	 2.814E+00	-3.315E-01	-7.043E-01	 1.075E-01	 3.387E+00	-3.315E-01	 0.000E+00	 0.000E+00	 0.000E+00	 1.706E+03	 1.968E+01
   33.5000	 2.336E-05	-2.542E-03	 9.043E+00	 8.771E+02	 1.159E+01	 0.000E+00	 5.937E+03	 5.439E+03	 5.391E+03	 1.410E+03	 3.282E+03	-2.863E+03	 3.414E+00	 3.064E+00	 2.895E+00	-4.372E-01	-6.531E-01	 1.610E-01	 3.414E+00	-4.372E-01	 0.000E+00	 0.000E+00	 0.000E+00	 1.706E+03	 1.968E+01
   33.7500	-3.605E-04	-4.211E-04	 9.043E+00	 8.772E+02	 2.515E+01	 0.000E+00	 5.936E+03	 5.325E+03	 5.500E+03	 2.267E+03	 2.599E+03	-3.037E+03	 3.430E+00	 2.965E+00	 2.975E+00	-5.527E-01	-5.551E-01	 1.787E-01	 3.430E+00	-5.527E-01	 0.000E+00	 0.000E+00	 0.000E+00	 1.706E+03	 1.968E+01
   34.0000	-2.953E-04	 6.529E-04	 9.043E+00	 8.772E+02	 3.872E+01	 0.000E+00	 5.931E+03	 5.211E+03	 5.592E+03	 2.998E+03	 1.700E+03	-2.869E+03	 3.437E+00	 2.864E+00	 3.052E+00	-6.492E-01	-4.239E-01	 1.452E-01	 3.437E+00	-6.492E-01	 0.000E+00	 0.000E+00	 0.000E+00	 1.706E+03	 1.968E+01
   34.2500	-1.284E-04	 7.305E-04	 9.044E+00	 8.772E+02	 5.228E+01	 0.000E+00	 5.912E+03	 5.105E+03	 5.682E+03	 3.518E+03	 9.166E+02	-2.606E+03	 3.429E+00	 2.773E+00	 3.127E+00	-7.129E-01	-3.172E-01	 1.042E-01	 3.429E+00	-7.129E-01	 0.000E+00	 0.000E+00	 0.000E+00	 1.707E+03	 1.968E+01
   34.5000	 1.713E-04	 1.916E-03	 9.043E+00	 8.772E+02	 6.585E+01	 0.000E+00	 5.867E+03	 5.045E+03	 5.760E+03	 3.930E+03	 1.722E+02	-2.275E+03	 3.403E+00	 2.714E+00	 3.195E+00	-7.636E-01	-2.213E-01	 6.035E-02	 3.403E+00	-7.636E-01	 0.000E+00	 0.000E+00	 0.000E+00	 1.707E+03	 1.968E+01
   34.7500	 7.977E-04	 2.733E-03	 9.043E+00	 8.772E+02	 7.941E+01	 0.000E+00	 5.809E+03	 5.047E+03	 5.812E+03	 4.216E+03	-7.262E+02	-1.663E+03	 3.361E+00	 2.694E+00	 3.253E+00	-7.997E-01	-9.984E-02	-2.475E-02	 3.361E+00	-7.997E-01	 0.000E+00	 0.000E+00	 0.000E+00	 1.707E+03	 1.968E+01
   35.0000	 1.276E-03	 7.086E-04	 9.043E+00	 8.771E+02	 9.298E+01	 0.000E+00	 5.743E+03	 5.091E+03	 5.855E+03	 4.230E+03	-1.551E+03	-8.515E+02	 3.307E+00	 2.709E+00	 3.306E+00	-7.958E-01	 9.557E-03	-1.391E-01	 3.307E+00	-7.958E-01	 0.000E+00	 0.000E+00	 0.000E+00	 1.706E+03	 1.968E+01
   35.2500	 1.101E-03	-1.840E-03	 9.043E+00	 8.771E+02	 1.065E+02	 0.000E+00	 5.654E+03	 5.168E+03	 5.898E+03	 3.997E+03	-2.079E+03	-9.001E+01	 3.236E+00	 2.755E+00	 3.354E+00	-7.564E-01	 6.949E-02	-2.402E-01	 3.236E+00	-7.564E-01	 0.000E+00	 0.000E+00	 0.000E+00	 1.706E+03	 1.968E+01
   35.5000	 5.284E-04	-2.408E-03	 9.043E+00	 8.771E+02	 1.201E+02	 0.000E+00	 5.542E+03	 5.284E+03	 5.927E+03	 3.653E+03	-2.501E+03	 6.763E+02	 3.147E+00	 2.827E+00	 3.391E+00	-7.049E-01	 1.154E-01	-3.391E-01	 3.147E+00	-7.049E-01	 0.000E+00	 0.000E+00	 0.000E+00	 1.706E+03	 1.968E+01
   35.7500	 5.240E-06	-1.705E-03	 9.043E+00	 8.772E+02	 1.337E+02	 0.000E+00	 5.424E+03	 5.409E+03	 5.935E+03	 3.158E+03	-2.905E+03	 1.576E+03	 3.050E+00	 2.908E+00	 3.417E+00	-6.343E-01	 1.657E-01	-4.609E-01	 3.050E+00	-6.343E-01	 0.000E+00	 0.000E+00	 0.000E+00	 1.706E+03	 1.968E+01
   36.0000	-3.024E-04	-7.217E-04	 9.043E+00	 8.772E+02	 1.472E+02	 0.000E+00	 5.308E+03	 5.514E+03	 5.937E+03	 2.437E+03	-3.033E+03	 2.426E+03	 2.949E+00	 2.987E+00	 3.433E+00	-5.303E-01	 1.768E-01	-5.756E-01	 2.949E+00	-5.303E-01	 0.000E+00	 0.000E+00	 0.000E+00	 1.707E+03	 1.968E+01
   36.2500	-3.543E-04	 3.665E-04	 9.044E+00	 8.772E+02	 1.608E+02	 0.000E+00	 5.190E+03	 5.607E+03	 5.933E+03	 1.617E+03	-2.836E+03	 3.048E+03	 2.848E+00	 3.064E+00	 3.438E+00	-4.138E-01	 1.397E-01	-6.534E-01	 2.848E+00	-4.138E-01	 0.000E+00	 0.000E+00	 0.000E+00	 1.707E+03	 1.968E+01
   36.5000	-1.314E-04	 1.397E-03	 9.044E+00	 8.773E+02	 1.744E+02	 0.000E+00	 5.093E+03	 5.696E+03	 5.905E+03	 8.216E+02	-2.559E+03	 3.566E+03	 2.762E+00	 3.139E+00	 3.425E+00	-3.058E-01	 9.753E-02	-7.174E-01	 2.762E+00	-3.058E-01	 0.000E+00	 0.000E+00	 0.000E+00	 1.707E+03	 1.968E+01
   36.7500	 3.145E-04	 2.174E-03	 9.044E+00	 8.772E+02	 1.879E+02	 0.000E+00	 5.045E+03	 5.769E+03	 5.857E+03	-6.877E+00	-2.197E+03	 4.031E+03	 2.709E+00	 3.205E+00	 3.397E+00	-1.953E-01	 4.965E-02	-7.787E-01	 2.709E+00	-1.953E-01	 0.000E+00	 0.000E+00	 0.000E+00	 1.707E+03	 1.968E+01
   37.0000	 9.032E-04	 2.244E-03	 9.043E+00	 8.772E+02	 2.015E+02	 0.000E+00	 5.050E+03	 5.819E+03	 5.802E+03	-8.674E+02	-1.550E+03	 4.245E+03	 2.694E+00	 3.261E+00	 3.355E+00	-8.046E-02	-4.048E-02	-8.035E-01	 2.694E+00	-8.046E-02	 0.000E+00	 0.000E+00	 0.000E+00	 1.707E+03	 1.968E+01
   37.2500	 1.270E-03	 3.789E-04	 9.043E+00	 8.772E+02	 2.151E+02	 0.000E+00	 5.098E+03	 5.863E+03	 5.733E+03	-1.602E+03	-7.312E+02	 4.161E+03	 2.714E+00	 3.314E+00	 3.297E+00	 1.328E-02	-1.555E-01	-7.834E-01	 2.714E+00	 1.328E-02	 0.000E+00	 0.000E+00	 0.000E+00	 1.707E+03	 1.968E+01
   37.5000	 1.028E-03	-2.121E-03	 9.043E+00	 8.772E+02	 2.286E+02	 0.000E+00	 5.187E+03	 5.904E+03	 5.636E+03	-2.157E+03	 2.888E+01	 3.956E+03	 2.765E+00	 3.361E+00	 3.222E+00	 7.827E-02	-2.558E-01	-7.499E-01	 2.765E+00	 7.827E-02	 0.000E+00	 0.000E+00	 0.000E+00	 1.706E+03	 1.968E+01
   37.7500	 4.167E-04	-2.379E-03	 9.043E+00	 8.772E+02	 2.422E+02	 0.000E+00	 5.305E+03	 5.929E+03	 5.524E+03	-2.611E+03	 8.077E+02	 3.632E+03	 2.839E+00	 3.395E+00	 3.133E+00	 1.310E-01	-3.565E-01	-7.033E-01	 2.839E+00	 1.310E-01	 0.000E+00	 0.000E+00	 0.000E+00	 1.706E+03	 1.968E+01
   38.0000	-4.405E-05	-1.293E-03	 9.043E+00	 8.772E+02	 2.558E+02	 0.000E+00	 5.425E+03	 5.935E+03	 5.409E+03	-2.926E+03	 1.711E+03	 3.044E+03	 2.920E+00	 3.420E+00	 3.036E+00	 1.671E-01	-4.791E-01	-6.176E-01	 2.920E+00	 1.671E-01	 0.000E+00	 0.000E+00	 0.000E+00	 1.707E+03	 1.968E+01
   38.2500	-2.796E-04	-7.301E-04	 9.044E+00	 8.772E+02	 2.693E+02	 0.000E+00	 5.528E+03	 5.938E+03	 5.289E+03	-2.985E+03	 2.537E+03	 2.277E+03	 2.999E+00	 3.435E+00	 2.932E+00	 1.672E-01	-5.901E-01	-5.061E-01	 2.999E+00	 1.672E-01	 0.000E+00	 0.000E+00	 0.000E+00	 1.707E+03	 1.968E+01
   38.5000	-3.771E-04	 1.664E-04	 9.044E+00	 8.773E+02	 2.829E+02	 0.000E+00	 5.624E+03	 5.930E+03	 5.171E+03	-2.825E+03	 3.135E+03	 1.519E+03	 3.076E+00	 3.438E+00	 2.833E+00	 1.380E-01	-6.643E-01	-4.010E-01	 3.076E+00	 1.380E-01	 0.000E+00	 0.000E+00	 0.000E+00	 1.707E+03	 1.968E+01
   38.7500	-1.291E-04	 1.845E-03	 9.044E+00	 8.773E+02	 2.965E+02	 0.000E+00	 5.709E+03	 5.898E+03	 5.083E+03	-2.539E+03	 3.642E+03	 7.252E+02	 3.149E+00	 3.422E+00	 2.753E+00	 9.595E-02	-7.271E-01	-2.943E-01	 3.149E+00	 9.595E-02	 0.000E+00	 0.000E+00	 0.000E+00	 1.707E+03	 1.968E+01
   39.0000	 4.634E-04	 2.598E-03	 9.044E+00	 8.772E+02	 3.100E+02	 0.000E+00	 5.776E+03	 5.849E+03	 5.045E+03	-2.082E+03	 4.081E+03	-1.714E+02	 3.213E+00	 3.391E+00	 2.705E+00	 3.268E-02	-7.850E-01	-1.720E-01	 3.213E+00	 3.268E-02	 0.000E+00	 0.000E+00	 0.000E+00	 1.707E+03	 1.968E+01
   39.2500	 1.024E-03	 1.610E-03	 9.043E+00	 8.772E+02	 3.236E+02	 0.000E+00	 5.826E+03	 5.793E+03	 5.053E+03	-1.414E+03	 4.251E+03	-1.010E+03	 3.270E+00	 3.348E+00	 2.694E+00	-6.042E-02	-8.033E-01	-6.090E-02	 3.270E+00	-6.042E-02	 0.000E+00	 0.000E+00	 0.000E+00	 1.707E+03	 1.968E+01
   39.5000	 1.209E-03	-1.907E-04	 9.043E+00	 8.772E+02	 3.371E+02	 0.000E+00	 5.872E+03	 5.719E+03	 5.107E+03	-6.456E+02	 4.137E+03	-1.663E+03	 3.322E+00	 3.287E+00	 2.719E+00	-1.656E-01	-7.790E-01	 1.876E-02	 3.322E+00	-1.656E-01	 0.000E+00	 0.000E+00	 0.000E+00	 1.707E+03	 1.968E+01
   39.7500	 9.267E-04	-1.938E-03	 9.043E+00	 8.772E+02	 3.507E+02	 0.000E+00	 5.908E+03	 5.619E+03	 5.206E+03	 1.384E+02	 3.915E+03	-2.225E+03	 3.366E+00	 3.209E+00	 2.777E+00	-2.695E-01	-7.437E-01	 8.550E-02	 3.366E+00	-2.695E-01	 0.000E+00	 0.000E+00	 0.000E+00	 1.707E+03	 1.968E+01
   40.0000	 3.777E-04	-2.206E-03	 9.043E+00	 8.772E+02	 4.277E+00	 0.000E+00	 5.929E+03	 5.507E+03	 5.326E+03	 9.768E+02	 3.558E+03	-2.706E+03	 3.399E+00	 3.119E+00	 2.852E+00	-3.807E-01	-6.927E-01	 1.443E-01	 3.399E+00	-3.807E-01	 0.000E+00	 0.000E+00	 0.000E+00	 1.707E+03	 1.968E+01
   40.2500	-9.201E-05	-1.422E-03	 9.044E+00	 8.772E+02	 1.784E+01	 0.000E+00	 5.938E+03	 5.391E+03	 5.440E+03	 1.845E+03	 2.935E+03	-2.950E+03	 3.423E+00	 3.020E+00	 2.931E+00	-4.972E-01	-6.017E-01	 1.694E-01	 3.423E+00	-4.972E-01	 0.000E+00	 0.000E+00	 0.000E+00	 1.707E+03	 1.968E+01
   40.5000	-3.267E-04	-5.876E-04	 9.044E+00	 8.773E+02	 3.141E+01	 0.000E+00	 5.939E+03	 5.270E+03	 5.542E+03	 2.610E+03	 2.159E+03	-2.939E+03	 3.437E+00	 2.916E+00	 3.011E+00	-5.978E-01	-4.893E-01	 1.583E-01	 3.437E+00	-5.978E-01	 0.000E+00	 0.000E+00	 0.000E+00	 1.707E+03	 1.968E+01
   40.7500	-3.655E-04	 4.145E-04	 9.044E+00	 8.773E+02	 4.497E+01	 0.000E+00	 5.925E+03	 5.155E+03	 5.640E+03	 3.229E+03	 1.399E+03	-2.799E+03	 3.436E+00	 2.818E+00	 3.089E+00	-6.762E-01	-3.849E-01	 1.341E-01	 3.436E+00	-6.762E-01	 0.000E+00	 0.000E+00	 0.000E+00	 1.707E+03	 1.968E+01
   41.0000	-6.489E-05	 2.019E-03	 9.044E+00	 8.773E+02	 5.854E+01	 0.000E+00	 5.890E+03	 5.074E+03	 5.721E+03	 3.745E+03	 5.927E+02	-2.510E+03	 3.418E+00	 2.743E+00	 3.159E+00	-7.420E-01	-2.763E-01	 9.305E-02	 3.418E+00	-7.420E-01	 0.000E+00	 0.000E+00	 0.000E+00	 1.707E+03	 1.968E+01
   41.2500	 5.770E-04	 2.733E-03	 9.044E+00	 8.772E+02	 7.211E+01	 0.000E+00	 5.843E+03	 5.043E+03	 5.783E+03	 4.109E+03	-3.073E+02	-1.974E+03	 3.386E+00	 2.701E+00	 3.222E+00	-7.877E-01	-1.537E-01	 1.709E-02	 3.386E+00	-7.877E-01	 0.000E+00	 0.000E+00	 0.000E+00	 1.707E+03	 1.968E+01
   41.5000	 1.111E-03	 1.248E-03	 9.043E+00	 8.772E+02	 8.567E+01	 0.000E+00	 5.784E+03	 5.058E+03	 5.834E+03	 4.227E+03	-1.123E+03	-1.277E+03	 3.339E+00	 2.695E+00	 3.279E+00	-7.978E-01	-4.652E-02	-8.042E-02	 3.339E+00	-7.978E-01	 0.000E+00	 0.000E+00	 0.000E+00	 1.707E+03	 1.968E+01
   41.7500	 1.159E-03	-7.958E-04	 9.043E+00	 8.772E+02	 9.924E+01	 0.000E+00	 5.703E+03	 5.119E+03	 5.880E+03	 4.131E+03	-1.755E+03	-5.483E+02	 3.276E+00	 2.726E+00	 3.330E+00	-7.780E-01	 2.965E-02	-1.778E-01	 3.276E+00	-7.780E-01	 0.000E+00	 0.000E+00	 0.000E+00	 1.707E+03	 1.968E+01
   42.0000	 8.202E-04	-1.746E-03	 9.043E+00	 8.772E+02	 1.128E+02	 0.000E+00	 5.602E+03	 5.224E+03	 5.912E+03	 3.886E+03	-2.306E+03	 2.476E+02	 3.196E+00	 2.788E+00	 3.371E+00	-7.401E-01	 9.526E-02	-2.831E-01	 3.196E+00	-7.401E-01	 0.000E+00	 0.000E+00	 0.000E+00	 1.707E+03	 1.968E+01
   42.2500	 3.437E-04	-1.978E-03	 9.043E+00	 8.772E+02	 1.264E+02	 0.000E+00	 5.491E+03	 5.344E+03	 5.929E+03	 3.454E+03	-2.761E+03	 1.137E+03	 3.104E+00	 2.864E+00	 3.403E+00	-6.768E-01	 1.507E-01	-4.032E-01	 3.104E+00	-6.768E-01	 0.000E+00	 0.000E+00	 0.000E+00	 1.707E+03	 1.968E+01
   42.5000	-1.241E-04	-1.600E-03	 9.044E+00	 8.772E+02	 1.399E+02	 0.000E+00	 5.372E+03	 5.455E+03	 5.940E+03	 2.814E+03	-2.964E+03	 1.980E+03	 3.004E+00	 2.943E+00	 3.427E+00	-5.836E-01	 1.699E-01	-5.158E-01	 3.004E+00	-5.836E-01	 0.000E+00	 0.000E+00	 0.000E+00	 1.707E+03	 1.968E+01
   42.7500	-3.987E-04	-5.348E-04	 9.044E+00	 8.773E+02	 1.535E+02	 0.000E+00	 5.249E+03	 5.558E+03	 5.939E+03	 2.066E+03	-2.925E+03	 2.687E+03	 2.900E+00	 3.023E+00	 3.438E+00	-4.772E-01	 1.553E-01	-6.065E-01	 2.900E+00	-4.772E-01	 0.000E+00	 0.000E+00	 0.000E+00	 1.707E+03	 1.968E+01
   43.0000	-3.497E-04	 9.222E-04	 9.044E+00	 8.773E+02	 1.671E+02	 0.000E+00	 5.141E+03	 5.654E+03	 5.919E+03	 1.280E+03	-2.766E+03	 3.314E+03	 2.805E+00	 3.100E+00	 3.433E+00	-3.689E-01	 1.291E-01	-6.868E-01	 2.805E+00	-3.689E-01	 0.000E+00	 0.000E+00	 0.000E+00	 1.707E+03	 1.968E+01
   43.2500	 5.533E-05	 2.217E-03	 9.044E+00	 8.773E+02	 1.806E+02	 0.000E+00	 5.068E+03	 5.731E+03	 5.883E+03	 4.326E+02	-2.444E+03	 3.839E+03	 2.735E+00	 3.169E+00	 3.414E+00	-2.535E-01	 8.368E-02	-7.552E-01	 2.735E+00	-2.535E-01	 0.000E+00	 0.000E+00	 0.000E+00	 1.707E+03	 1.968E+01
   43.5000	 6.758E-04	 2.468E-03	 9.044E+00	 8.773E+02	 1.942E+02	 0.000E+00	 5.041E+03	 5.791E+03	 5.836E+03	-4.358E+02	-1.875E+03	 4.138E+03	 2.697E+00	 3.231E+00	 3.380E+00	-1.366E-01	 3.076E-03	-7.908E-01	 2.697E+00	-1.366E-01	 0.000E+00	 0.000E+00	 0.000E+00	 1.707E+03	 1.968E+01
   43.7500	 1.137E-03	 9.884E-04	 9.043E+00	 8.772E+02	 2.078E+02	 0.000E+00	 5.063E+03	 5.842E+03	 5.773E+03	-1.209E+03	-1.165E+03	 4.202E+03	 2.698E+00	 3.288E+00	 3.331E+00	-3.692E-02	-9.563E-02	-7.923E-01	 2.698E+00	-3.692E-02	 0.000E+00	 0.000E+00	 0.000E+00	 1.707E+03	 1.968E+01
   44.0000	 1.125E-03	-1.012E-03	 9.043E+00	 8.772E+02	 2.213E+02	 0.000E+00	 5.135E+03	 5.886E+03	 5.687E+03	-1.856E+03	-4.308E+02	 4.114E+03	 2.735E+00	 3.337E+00	 3.264E+00	 4.222E-02	-1.933E-01	-7.753E-01	 2.735E+00	 4.222E-02	 0.000E+00	 0.000E+00	 0.000E+00	 1.707E+03	 1.968E+01
   44.2500	 7.472E-04	-1.790E-03	 9.043E+00	 8.772E+02	 2.349E+02	 0.000E+00	 5.243E+03	 5.915E+03	 5.586E+03	-2.403E+03	 3.798E+02	 3.852E+03	 2.799E+00	 3.377E+00	 3.183E+00	 1.081E-01	-3.008E-01	-7.356E-01	 2.799E+00	 1.081E-01	 0.000E+00	 0.000E+00	 0.000E+00	 1.707E+03	 1.968E+01
   44.5000	 2.797E-04	-1.900E-03	 9.043E+00	 8.772E+02	 2.485E+02	 0.000E+00	 5.360E+03	 5.931E+03	 5.475E+03	-2.795E+03	 1.273E+03	 3.351E+03	 2.876E+00	 3.408E+00	 3.090E+00	 1.534E-01	-4.215E-01	-6.614E-01	 2.876E+00	 1.534E-01	 0.000E+00	 0.000E+00	 0.000E+00	 1.707E+03	 1.968E+01
   44.7500	-1.677E-04	-1.574E-03	 9.044E+00	 8.773E+02	 2.620E+02	 0.000E+00	 5.472E+03	 5.941E+03	 5.353E+03	-2.959E+03	 2.099E+03	 2.690E+03	 2.956E+00	 3.430E+00	 2.988E+00	 1.671E-01	-5.312E-01	-5.653E-01	 2.956E+00	 1.671E-01	 0.000E+00	 0.000E+00	 0.000E+00	 1.707E+03	 1.968E+01
   45.0000	-4.434E-04	-4.509E-04	 9.044E+00	 8.773E+02	 2.756E+02	 0.000E+00	 5.575E+03	 5.937E+03	 5.230E+03	-2.926E+03	 2.789E+03	 1.966E+03	 3.036E+00	 3.438E+00	 2.884E+00	 1.551E-01	-6.194E-01	-4.640E-01	 3.036E+00	 1.551E-01	 0.000E+00	 0.000E+00	 0.000E+00	 1.707E+03	 1.968E+01
   45.2500	-3.251E-04	 1.356E-03	 9.044E+00	 8.773E+02	 2.892E+02	 0.000E+00	 5.667E+03	 5.914E+03	 5.127E+03	-2.736E+03	 3.403E+03	 1.162E+03	 3.111E+00	 3.431E+00	 2.793E+00	 1.251E-01	-6.984E-01	-3.531E-01	 3.111E+00	 1.251E-01	 0.000E+00	 0.000E+00	 0.000E+00	 1.707E+03	 1.968E+01
   45.5000	 1.829E-04	 2.456E-03	 9.044E+00	 8.773E+02	 3.027E+02	 0.000E+00	 5.740E+03	 5.877E+03	 5.061E+03	-2.352E+03	 3.902E+03	 2.775E+02	 3.179E+00	 3.410E+00	 2.727E+00	 6.999E-02	-7.632E-01	-2.317E-01	 3.179E+00	 6.999E-02	 0.000E+00	 0.000E+00	 0.000E+00	 1.707E+03	 1.968E+01
   45.7500	 7.749E-04	 2.085E-03	 9.044E+00	 8.773E+02	 3.163E+02	 0.000E+00	 5.800E+03	 5.829E+03	 5.040E+03	-1.770E+03	 4.162E+03	-5.651E+02	 3.240E+00	 3.374E+00	 2.694E+00	-1.190E-02	-7.930E-01	-1.194E-01	 3.240E+00	-1.190E-02	 0.000E+00	 0.000E+00	 0.000E+00	 1.707E+03	 1.968E+01
   46.0000	 1.131E-03	 6.606E-04	 9.043E+00	 8.772E+02	 3.299E+02	 0.000E+00	 5.850E+03	 5.761E+03	 5.071E+03	-1.073E+03	 4.197E+03	-1.297E+03	 3.296E+00	 3.321E+00	 2.701E+00	-1.074E-01	-7.907E-01	-2.700E-02	 3.296E+00	-1.074E-01	 0.000E+00	 0.000E+00	 0.000E+00	 1.707E+03	 1.968E+01
   46.2500	 1.085E-03	-9.548E-04	 9.043E+00	 8.772E+02	 3.434E+02	 0.000E+00	 5.890E+03	 5.672E+03	 5.151E+03	-3.088E+02	 4.087E+03	-1.950E+03	 3.344E+00	 3.252E+00	 2.744E+00	-2.095E-01	-7.710E-01	 5.377E-02	 3.344E+00	-2.095E-01	 0.000E+00	 0.000E+00	 0.000E+00	 1.707E+03	 1.968E+01
   46.5000	 7.051E-04	-1.901E-03	 9.043E+00	 8.772E+02	 3.570E+02	 0.000E+00	 5.917E+03	 5.570E+03	 5.261E+03	 5.318E+02	 3.790E+03	-2.493E+03	 3.382E+00	 3.169E+00	 2.810E+00	-3.220E-01	-7.264E-01	 1.199E-01	 3.382E+00	-3.220E-01	 0.000E+00	 0.000E+00	 0.000E+00	 1.707E+03	 1.968E+01
   46.7500	 2.004E-04	-2.020E-03	 9.044E+00	 8.772E+02	 1.055E+01	 0.000E+00	 5.935E+03	 5.457E+03	 5.377E+03	 1.400E+03	 3.257E+03	-2.827E+03	 3.412E+00	 3.075E+00	 2.887E+00	-4.383E-01	-6.475E-01	 1.563E-01	 3.412E+00	-4.383E-01	 0.000E+00	 0.000E+00	 0.000E+00	 1.707E+03	 1.968E+01
   47.0000	-2.384E-04	-1.390E-03	 9.044E+00	 8.773E+02	 2.411E+01	 0.000E+00	 5.942E+03	 5.333E+03	 5.488E+03	 2.199E+03	 2.581E+03	-2.950E+03	 3.432E+00	 2.971E+00	 2.969E+00	-5.435E-01	-5.498E-01	 1.640E-01	 3.432E+00	-5.435E-01	 0.000E+00	 0.000E+00	 0.000E+00	 1.707E+03	 1.968E+01
   47.2500	-4.546E-04	-1.709E-04	 9.044E+00	 8.773E+02	 3.768E+01	 0.000E+00	 5.934E+03	 5.212E+03	 5.592E+03	 2.899E+03	 1.849E+03	-2.919E+03	 3.438E+00	 2.869E+00	 3.048E+00	-6.339E-01	-4.478E-01	 1.537E-01	 3.438E+00	-6.339E-01	 0.000E+00	 0.000E+00	 0.000E+00	 1.707E+03	 1.968E+01
   47.5000	-2.682E-04	 1.634E-03	 9.044E+00	 8.773E+02	 5.125E+01	 0.000E+00	 5.909E+03	 5.115E+03	 5.679E+03	 3.501E+03	 1.029E+03	-2.702E+03	 3.429E+00	 2.781E+00	 3.122E+00	-7.118E-01	-3.348E-01	 1.204E-01	 3.429E+00	-7.118E-01	 0.000E+00	 0.000E+00	 0.000E+00	 1.707E+03	 1.968E+01
   47.7500	 2.884E-04	 2.550E-03	 9.044E+00	 8.773E+02	 6.481E+01	 0.000E+00	 5.871E+03	 5.055E+03	 5.749E+03	 3.946E+03	 1.414E+02	-2.260E+03	 3.405E+00	 2.719E+00	 3.189E+00	-7.680E-01	-2.132E-01	 5.650E-02	 3.405E+00	-7.680E-01	 0.000E+00	 0.000E+00	 0.000E+00	 1.707E+03	 1.968E+01
   48.0000	 8.597E-04	 1.829E-03	 9.044E+00	 8.773E+02	 7.838E+01	 0.000E+00	 5.820E+03	 5.041E+03	 5.808E+03	 4.173E+03	-6.852E+02	-1.661E+03	 3.367E+00	 2.693E+00	 3.250E+00	-7.931E-01	-1.039E-01	-2.733E-02	 3.367E+00	-7.931E-01	 0.000E+00	 0.000E+00	 0.000E+00	 1.707E+03	 1.968E+01
   48.2500	 1.129E-03	 3.416E-04	 9.043E+00	 8.772E+02	 9.194E+01	 0.000E+00	 5.748E+03	 5.081E+03	 5.858E+03	 4.203E+03	-1.402E+03	-9.739E+02	 3.311E+00	 2.706E+00	 3.304E+00	-7.912E-01	-1.403E-02	-1.200E-01	 3.311E+00	-7.912E-01	 0.000E+00	 0.000E+00	 0.000E+00	 1.707E+03	 1.968E+01
   48.5000	 1.039E-03	-9.748E-04	 9.043E+00	 8.772E+02	 1.055E+02	 0.000E+00	 5.658E+03	 5.168E+03	 5.895E+03	 4.058E+03	-2.043E+03	-1.866E+02	 3.240E+00	 2.753E+00	 3.350E+00	-7.666E-01	 6.525E-02	-2.256E-01	 3.240E+00	-7.666E-01	 0.000E+00	 0.000E+00	 0.000E+00	 1.707E+03	 1.968E+01
   48.7500	 6.583E-04	-1.975E-03	 9.043E+00	 8.772E+02	 1.191E+02	 0.000E+00	 5.554E+03	 5.279E+03	 5.920E+03	 3.708E+03	-2.560E+03	 6.809E+02	 3.156E+00	 2.822E+00	 3.387E+00	-7.139E-01	 1.278E-01	-3.426E-01	 3.156E+00	-7.139E-01	 0.000E+00	 0.000E+00	 0.000E+00	 1.707E+03	 1.968E+01
   49.0000	 1.233E-04	-2.139E-03	 9.044E+00	 8.772E+02	 1.326E+02	 0.000E+00	 5.438E+03	 5.394E+03	 5.937E+03	 3.160E+03	-2.858E+03	 1.528E+03	 3.059E+00	 2.900E+00	 3.416E+00	-6.332E-01	 1.591E-01	-4.554E-01	 3.059E+00	-6.332E-01	 0.000E+00	 0.000E+00	 0.000E+00	 1.707E+03	 1.968E+01
   49.2500	-3.169E-04	-1.218E-03	 9.044E+00	 8.773E+02	 1.462E+02	 0.000E+00	 5.313E+03	 5.505E+03	 5.942E+03	 2.485E+03	-2.955E+03	 2.299E+03	 2.955E+00	 2.981E+00	 3.434E+00	-5.367E-01	 1.634E-01	-5.559E-01	 2.955E+00	-5.367E-01	 0.000E+00	 0.000E+00	 0.000E+00	 1.707E+03	 1.968E+01
   49.5000	-4.499E-04	 2.629E-04	 9.044E+00	 8.773E+02	 1.598E+02	 0.000E+00	 5.196E+03	 5.607E+03	 5.930E+03	 1.725E+03	-2.899E+03	 3.003E+03	 2.855E+00	 3.060E+00	 3.437E+00	-4.305E-01	 1.504E-01	-6.476E-01	 2.855E+00	-4.305E-01	 0.000E+00	 0.000E+00	 0.000E+00	 1.707E+03	 1.968E+01
   49.7500	-1.799E-04	 1.848E-03	 9.044E+00	 8.773E+02	 1.733E+02	 0.000E+00	 5.103E+03	 5.690E+03	 5.904E+03	 8.823E+02	-2.648E+03	 3.594E+03	 2.770E+00	 3.133E+00	 3.426E+00	-3.141E-01	 1.125E-01	-7.243E-01	 2.770E+00	-3.141E-01	 0.000E+00	 0.000E+00	 0.000E+00	 1.707E+03	 1.968E+01
   50.0000	 3.790E-04	 2.427E-03	 9.044E+00	 8.773E+02	 1.869E+02	 0.000E+00	 5.049E+03	 5.759E+03	 5.865E+03	 1.447E+01	-2.175E+03	 3.988E+03	 2.713E+00	 3.198E+00	 3.401E+00	-1.963E-01	 4.442E-02	-7.727E-01	 2.713E+00	-1.963E-01	 0.000E+00	 0.000E+00	 0.000E+00	 1.707E+03	 1.968E+01
   50.2500	 9.166E-04	 1.643E-03	 9.044E+00	 8.773E+02	 2.005E+02	 0.000E+00	 5.043E+03	 5.817E+03	 5.810E+03	-7.935E+02	-1.560E+03	 4.181E+03	 2.692E+00	 3.259E+00	 3.359E+00	-9.054E-02	-4.115E-02	-7.927E-01	 2.692E+00	-9.054E-02	 0.000E+00	 0.000E+00	 0.000E+00	 1.707E+03	 1.968E+01
   50.5000	 1.141E-03	 1.434E-04	 9.043E+00	 8.772E+02	 2.140E+02	 0.000E+00	 5.092E+03	 5.865E+03	 5.735E+03	-1.515E+03	-8.599E+02	 4.202E+03	 2.711E+00	 3.312E+00	 3.301E+00	 4.132E-04	-1.353E-01	-7.906E-01	 2.711E+00	 4.132E-04	 0.000E+00	 0.000E+00	 0.000E+00	 1.707E+03	 1.968E+01
   50.7500	 9.981E-04	-1.188E-03	 9.043E+00	 8.772E+02	 2.276E+02	 0.000E+00	 5.184E+03	 5.899E+03	 5.643E+03	-2.140E+03	-5.620E+01	 4.024E+03	 2.762E+00	 3.356E+00	 3.228E+00	 7.747E-02	-2.432E-01	-7.616E-01	 2.762E+00	 7.747E-02	 0.000E+00	 0.000E+00	 0.000E+00	 1.707E+03	 1.968E+01
   51.0000	 5.873E-04	-2.043E-03	 9.043E+00	 8.772E+02	 2.412E+02	 0.000E+00	 5.296E+03	 5.923E+03	 5.537E+03	-2.611E+03	 8.159E+02	 3.624E+03	 2.833E+00	 3.392E+00	 3.141E+00	 1.330E-01	-3.608E-01	-7.011E-01	 2.833E+00	 1.330E-01	 0.000E+00	 0.000E+00	 0.000E+00	 1.707E+03	 1.968E+01
   51.2500	 4.486E-05	-2.125E-03	 9.044E+00	 8.772E+02	 2.547E+02	 0.000E+00	 5.412E+03	 5.939E+03	 5.418E+03	-2.882E+03	 1.652E+03	 3.059E+03	 2.912E+00	 3.420E+00	 3.043E+00	 1.606E-01	-4.717E-01	-6.186E-01	 2.912E+00	 1.606E-01	 0.000E+00	 0.000E+00	 0.000E+00	 1.707E+03	 1.968E+01
   51.5000	-3.762E-04	-1.068E-03	 9.044E+00	 8.773E+02	 2.683E+02	 0.000E+00	 5.522E+03	 5.941E+03	 5.294E+03	-2.967E+03	 2.412E+03	 2.384E+03	 2.994E+00	 3.435E+00	 2.939E+00	 1.644E-01	-5.705E-01	-5.229E-01	 2.994E+00	 1.644E-01	 0.000E+00	 0.000E+00	 0.000E+00	 1.707E+03	 1.968E+01
   51.7500	-4.345E-04	 6.648E-04	 9.044E+00	 8.773E+02	 2.819E+02	 0.000E+00	 5.620E+03	 5.927E+03	 5.181E+03	-2.875E+03	 3.104E+03	 1.599E+03	 3.072E+00	 3.436E+00	 2.840E+00	 1.465E-01	-6.608E-01	-4.131E-01	 3.072E+00	 1.465E-01	 0.000E+00	 0.000E+00	 0.000E+00	 1.707E+03	 1.968E+01
   52.0000	-8.502E-05	 2.013E-03	 9.044E+00	 8.773E+02	 2.954E+02	 0.000E+00	 5.701E+03	 5.899E+03	 5.092E+03	-2.578E+03	 3.669E+03	 7.371E+02	 3.143E+00	 3.423E+00	 2.759E+00	 1.021E-01	-7.339E-01	-2.938E-01	 3.143E+00	 1.021E-01	 0.000E+00	 0.000E+00	 0.000E+00	 1.707E+03	 1.968E+01
   52.2500	 4.674E-04	 2.243E-03	 9.044E+00	 8.773E+02	 3.090E+02	 0.000E+00	 5.769E+03	 5.858E+03	 5.044E+03	-2.089E+03	 4.030E+03	-1.125E+02	 3.208E+00	 3.396E+00	 2.707E+00	 3.241E-02	-7.774E-01	-1.795E-01	 3.208E+00	 3.241E-02	 0.000E+00	 0.000E+00	 0.000E+00	 1.707E+03	 1.968E+01
   52.5000	 9.563E-04	 1.457E-03	 9.044E+00	 8.772E+02	 3.226E+02	 0.000E+00	 5.826E+03	 5.799E+03	 5.047E+03	-1.466E+03	 4.195E+03	-9.010E+02	 3.267E+00	 3.351E+00	 2.693E+00	-5.349E-02	-7.938E-01	-7.726E-02	 3.267E+00	-5.349E-02	 0.000E+00	 0.000E+00	 0.000E+00	 1.707E+03	 1.968E+01
   52.7500	 1.149E-03	 1.378E-05	 9.043E+00	 8.772E+02	 3.361E+02	 0.000E+00	 5.870E+03	 5.721E+03	 5.105E+03	-7.382E+02	 4.190E+03	-1.624E+03	 3.319E+00	 3.291E+00	 2.718E+00	-1.517E-01	-7.882E-01	 1.422E-02	 3.319E+00	-1.517E-01	 0.000E+00	 0.000E+00	 0.000E+00	 1.707E+03	 1.968E+01
   53.0000	 9.624E-04	-1.434E-03	 9.043E+00	 8.772E+02	 3.497E+02	 0.000E+00	 5.903E+03	 5.628E+03	 5.200E+03	 8.344E+01	 3.977E+03	-2.232E+03	 3.362E+00	 3.216E+00	 2.772E+00	-2.623E-01	-7.543E-01	 8.902E-02	 3.362E+00	-2.623E-01	 0.000E+00	 0.000E+00	 0.000E+00	 1.707E+03	 1.968E+01
   53.2500	 5.005E-04	-2.151E-03	 9.044E+00	 8.772E+02	 3.259E+00	 0.000E+00	 5.927E+03	 5.520E+03	 5.313E+03	 9.430E+02	 3.545E+03	-2.659E+03	 3.397E+00	 3.127E+00	 2.845E+00	-3.775E-01	-6.894E-01	 1.378E-01	 3.397E+00	-3.775E-01	 0.000E+00	 0.000E+00	 0.000E+00	 1.707E+03	 1.968E+01
   53.5000	-4.268E-05	-2.016E-03	 9.044E+00	 8.773E+02	 1.682E+01	 0.000E+00	 5.941E+03	 5.399E+03	 5.430E+03	 1.769E+03	 2.962E+03	-2.901E+03	 3.423E+00	 3.027E+00	 2.925E+00	-4.867E-01	-6.046E-01	 1.617E-01	 3.423E+00	-4.867E-01	 0.000E+00	 0.000E+00	 0.000E+00	 1.707E+03	 1.968E+01
   53.7500	-4.110E-04	-8.367E-04	 9.044E+00	 8.773E+02	 3.039E+01	 0.000E+00	 5.939E+03	 5.275E+03	 5.539E+03	 2.531E+03	 2.271E+03	-2.973E+03	 3.436E+00	 2.923E+00	 3.006E+00	-5.863E-01	-5.070E-01	 1.645E-01	 3.436E+00	-5.863E-01	 0.000E+00	 0.000E+00	 0.000E+00	 1.707E+03	 1.968E+01
   54.0000	-4.015E-04	 9.412E-04	 9.044E+00	 8.773E+02	 4.396E+01	 0.000E+00	 5.924E+03	 5.165E+03	 5.634E+03	 3.205E+03	 1.469E+03	-2.845E+03	 3.435E+00	 2.826E+00	 3.083E+00	-6.742E-01	-3.950E-01	 1.420E-01	 3.435E+00	-6.742E-01	 0.000E+00	 0.000E+00	 0.000E+00	 1.707E+03	 1.968E+01
   54.2500	-1.166E-06	 2.085E-03	 9.044E+00	 8.773E+02	 5.752E+01	 0.000E+00	 5.894E+03	 5.082E+03	 5.712E+03	 3.731E+03	 6.025E+02	-2.506E+03	 3.420E+00	 2.749E+00	 3.153E+00	-7.413E-01	-2.754E-01	 9.128E-02	 3.420E+00	-7.413E-01	 0.000E+00	 0.000E+00	 0.000E+00	 1.707E+03	 1.968E+01
   54.5000	 5.525E-04	 2.146E-03	 9.044E+00	 8.773E+02	 7.109E+01	 0.000E+00	 5.850E+03	 5.040E+03	 5.779E+03	 4.066E+03	-2.379E+02	-2.000E+03	 3.390E+00	 2.702E+00	 3.218E+00	-7.813E-01	-1.630E-01	 1.991E-02	 3.390E+00	-7.813E-01	 0.000E+00	 0.000E+00	 0.000E+00	 1.707E+03	 1.968E+01
   54.7500	 9.979E-04	 1.269E-03	 9.044E+00	 8.772E+02	 8.466E+01	 0.000E+00	 5.788E+03	 5.053E+03	 5.834E+03	 4.213E+03	-1.017E+03	-1.369E+03	 3.343E+00	 2.694E+00	 3.276E+00	-7.957E-01	-6.253E-02	-6.638E-02	 3.343E+00	-7.957E-01	 0.000E+00	 0.000E+00	 0.000E+00	 1.707E+03	 1.968E+01
   55.0000	 1.147E-03	-1.750E-04	 9.043E+00	 8.772E+02	 9.822E+01	 0.000E+00	 5.708E+03	 5.118E+03	 5.875E+03	 4.170E+03	-1.727E+03	-6.151E+02	 3.280E+00	 2.724E+00	 3.326E+00	-7.849E-01	 2.722E-02	-1.683E-01	 3.280E+00	-7.849E-01	 0.000E+00	 0.000E+00	 0.000E+00	 1.707E+03	 1.968E+01
   55.2500	 9.177E-04	-1.607E-03	 9.043E+00	 8.772E+02	 1.118E+02	 0.000E+00	 5.612E+03	 5.217E+03	 5.907E+03	 3.917E+03	-2.311E+03	 2.229E+02	 3.203E+00	 2.782E+00	 3.368E+00	-7.449E-01	 9.844E-02	-2.814E-01	 3.203E+00	-7.449E-01	 0.000E+00	 0.000E+00	 0.000E+00	 1.707E+03	 1.968E+01
   55.5000	 4.118E-04	-2.269E-03	 9.044E+00	 8.772E+02	 1.254E+02	 0.000E+00	 5.501E+03	 5.331E+03	 5.931E+03	 3.466E+03	-2.707E+03	 1.070E+03	 3.112E+00	 2.857E+00	 3.402E+00	-6.777E-01	 1.429E-01	-3.944E-01	 3.112E+00	-6.777E-01	 0.000E+00	 0.000E+00	 0.000E+00	 1.707E+03	 1.968E+01
   55.7500	-1.313E-04	-1.848E-03	 9.044E+00	 8.773E+02	 1.389E+02	 0.000E+00	 5.379E+03	 5.448E+03	 5.941E+03	 2.868E+03	-2.923E+03	 1.885E+03	 3.011E+00	 2.938E+00	 3.426E+00	-5.914E-01	 1.635E-01	-5.016E-01	 3.011E+00	-5.914E-01	 0.000E+00	 0.000E+00	 0.000E+00	 1.707E+03	 1.968E+01
   56.0000	-4.309E-04	-5.090E-04	 9.044E+00	 8.773E+02	 1.525E+02	 0.000E+00	 5.257E+03	 5.554E+03	 5.937E+03	 2.150E+03	-2.968E+03	 2.647E+03	 2.908E+00	 3.019E+00	 3.437E+00	-4.900E-01	 1.630E-01	-6.016E-01	 2.908E+00	-4.900E-01	 0.000E+00	 0.000E+00	 0.000E+00	 1.707E+03	 1.968E+01
   56.2500	-3.514E-04	 1.114E-03	 9.045E+00	 8.773E+02	 1.661E+02	 0.000E+00	 5.151E+03	 5.646E+03	 5.920E+03	 1.333E+03	-2.806E+03	 3.302E+03	 2.813E+00	 3.094E+00	 3.434E+00	-3.759E-01	 1.359E-01	-6.869E-01	 2.813E+00	-3.759E-01	 0.000E+00	 0.000E+00	 0.000E+00	 1.707E+03	 1.968E+01
   56.5000	 7.413E-05	 2.115E-03	 9.044E+00	 8.773E+02	 1.796E+02	 0.000E+00	 5.072E+03	 5.723E+03	 5.889E+03	 4.744E+02	-2.436E+03	 3.790E+03	 2.739E+00	 3.164E+00	 3.417E+00	-2.582E-01	 8.126E-02	-7.483E-01	 2.739E+00	-2.582E-01	 0.000E+00	 0.000E+00	 0.000E+00	 1.707E+03	 1.968E+01
   56.7500	 6.294E-04	 2.110E-03	 9.044E+00	 8.773E+02	 1.932E+02	 0.000E+00	 5.039E+03	 5.789E+03	 5.841E+03	-3.592E+02	-1.911E+03	 4.098E+03	 2.698E+00	 3.228E+00	 3.383E+00	-1.473E-01	 7.569E-03	-7.846E-01	 2.698E+00	-1.473E-01	 0.000E+00	 0.000E+00	 0.000E+00	 1.707E+03	 1.968E+01
   57.0000	 1.046E-03	 1.101E-03	 9.044E+00	 8.772E+02	 2.067E+02	 0.000E+00	 5.060E+03	 5.841E+03	 5.776E+03	-1.137E+03	-1.261E+03	 4.226E+03	 2.697E+00	 3.284E+00	 3.334E+00	-4.692E-02	-8.097E-02	-7.969E-01	 2.697E+00	-4.692E-02	 0.000E+00	 0.000E+00	 0.000E+00	 1.707E+03	 1.968E+01
   57.2500	 1.132E-03	-4.382E-04	 9.043E+00	 8.772E+02	 2.203E+02	 0.000E+00	 5.131E+03	 5.881E+03	 5.694E+03	-1.829E+03	-4.892E+02	 4.146E+03	 2.732E+00	 3.333E+00	 3.270E+00	 3.994E-02	-1.854E-01	-7.809E-01	 2.732E+00	 3.994E-02	 0.000E+00	 0.000E+00	 0.000E+00	 1.707E+03	 1.968E+01
   57.5000	 8.610E-04	-1.749E-03	 9.043E+00	 8.772E+02	 2.339E+02	 0.000E+00	 5.233E+03	 5.912E+03	 5.597E+03	-2.379E+03	 3.553E+02	 3.853E+03	 2.793E+00	 3.374E+00	 3.190E+00	 1.061E-01	-2.992E-01	-7.350E-01	 2.793E+00	 1.061E-01	 0.000E+00	 0.000E+00	 0.000E+00	 1.707E+03	 1.968E+01
   57.7500	 3.200E-04	-2.336E-03	 9.044E+00	 8.772E+02	 2.474E+02	 0.000E+00	 5.349E+03	 5.933E+03	 5.483E+03	-2.752E+03	 1.198E+03	 3.383E+03	 2.869E+00	 3.407E+00	 3.097E+00	 1.475E-01	-4.112E-01	-6.656E-01	 2.869E+00	 1.475E-01	 0.000E+00	 0.000E+00	 0.000E+00	 1.707E+03	 1.968E+01
   58.0000	-2.054E-04	-1.661E-03	 9.044E+00	 8.773E+02	 2.610E+02	 0.000E+00	 5.465E+03	 5.942E+03	 5.360E+03	-2.947E+03	 2.006E+03	 2.770E+03	 2.950E+00	 3.428E+00	 2.995E+00	 1.658E-01	-5.175E-01	-5.777E-01	 2.950E+00	 1.658E-01	 0.000E+00	 0.000E+00	 0.000E+00	 1.707E+03	 1.968E+01
   58.2500	-4.426E-04	-1.814E-04	 9.044E+00	 8.773E+02	 2.746E+02	 0.000E+00	 5.569E+03	 5.936E+03	 5.240E+03	-2.955E+03	 2.757E+03	 2.027E+03	 3.031E+00	 3.437E+00	 2.892E+00	 1.604E-01	-6.161E-01	-4.727E-01	 3.031E+00	 1.604E-01	 0.000E+00	 0.000E+00	 0.000E+00	 1.707E+03	 1.968E+01
   58.5000	-2.967E-04	 1.218E-03	 9.045E+00	 8.773E+02	 2.881E+02	 0.000E+00	 5.659E+03	 5.916E+03	 5.136E+03	-2.757E+03	 3.390E+03	 1.196E+03	 3.105E+00	 3.432E+00	 2.800E+00	 1.283E-01	-6.981E-01	-3.568E-01	 3.105E+00	 1.283E-01	 0.000E+00	 0.000E+00	 0.000E+00	 1.707E+03	 1.968E+01
   58.7500	 1.532E-04	 2.183E-03	 9.044E+00	 8.773E+02	 3.017E+02	 0.000E+00	 5.734E+03	 5.883E+03	 5.063E+03	-2.367E+03	 3.848E+03	 3.465E+02	 3.174E+00	 3.413E+00	 2.730E+00	 7.141E-02	-7.553E-01	-2.411E-01	 3.174E+00	 7.141E-02	 0.000E+00	 0.000E+00	 0.000E+00	 1.707E+03	 1.968E+01
   59.0000	 7.005E-04	 2.046E-03	 9.044E+00	 8.773E+02	 3.153E+02	 0.000E+00	 5.798E+03	 5.832E+03	 5.039E+03	-1.822E+03	 4.130E+03	-4.796E+02	 3.237E+00	 3.377E+00	 2.695E+00	-4.441E-03	-7.881E-01	-1.318E-01	 3.237E+00	-4.441E-03	 0.000E+00	 0.000E+00	 0.000E+00	 1.707E+03	 1.968E+01
   59.2500	 1.091E-03	 9.313E-04	 9.044E+00	 8.772E+02	 3.288E+02	 0.000E+00	 5.847E+03	 5.765E+03	 5.069E+03	-1.145E+03	 4.228E+03	-1.255E+03	 3.292E+00	 3.325E+00	 2.700E+00	-9.671E-02	-7.965E-01	-3.173E-02	 3.292E+00	-9.671E-02	 0.000E+00	 0.000E+00	 0.000E+00	 1.707E+03	 1.968E+01
   59.5000	 1.121E-03	-6.880E-04	 9.043E+00	 8.772E+02	 3.424E+02	 0.000E+00	 5.886E+03	 5.680E+03	 5.145E+03	-3.591E+02	 4.114E+03	-1.927E+03	 3.340E+00	 3.258E+00	 2.740E+00	-2.031E-01	-7.756E-01	 5.212E-02	 3.340E+00	-2.031E-01	 0.000E+00	 0.000E+00	 0.000E+00	 1.707E+03	 1.968E+01
   59.7500	 7.806E-04	-1.907E-03	 9.043E+00	 8.772E+02	 3.560E+02	 0.000E+00	 5.916E+03	 5.580E+03	 5.250E+03	 4.829E+02	 3.790E+03	-2.444E+03	 3.380E+00	 3.176E+00	 2.804E+00	-3.161E-01	-7.255E-01	 1.133E-01	 3.380E+00	-3.161E-01	 0.000E+00	 0.000E+00	 0.000E+00	 1.707E+03	 1.968E+01
   60.0000	 2.283E-04	-2.324E-03	 9.044E+00	 8.772E+02	 9.538E+00	 0.000E+00	 5.935E+03	 5.464E+03	 5.368E+03	 1.324E+03	 3.298E+03	-2.793E+03	 3.411E+00	 3.081E+00	 2.882E+00	-4.277E-01	-6.533E-01	 1.516E-01	 3.411E+00	-4.277E-01	 0.000E+00	 0.000E+00	 0.000E+00	 1.707E+03	 1.968E+01
   60.2500	-2.638E-04	-1.422E-03	 9.044E+00	 8.773E+02	 2.310E+01	 0.000E+00	 5.941E+03	 5.341E+03	 5.482E+03	 2.131E+03	 2.664E+03	-2.966E+03	 3.431E+00	 2.979E+00	 2.963E+00	-5.341E-01	-5.627E-01	 1.674E-01	 3.431E+00	-5.341E-01	 0.000E+00	 0.000E+00	 0.000E+00	 1.707E+03	 1.968E+01
   60.5000	-4.428E-04	 4.559E-05	 9.044E+00	 8.773E+02	 3.667E+01	 0.000E+00	 5.934E+03	 5.223E+03	 5.584E+03	 2.865E+03	 1.903E+03	-2.938E+03	 3.437E+00	 2.877E+00	 3.042E+00	-6.302E-01	-4.551E-01	 1.572E-01	 3.437E+00	-6.302E-01	 0.000E+00	 0.000E+00	 0.000E+00	 1.707E+03	 1.968E+01
   60.7500	-2.424E-04	 1.452E-03	 9.045E+00	 8.773E+02	 5.024E+01	 0.000E+00	 5.912E+03	 5.122E+03	 5.671E+03	 3.468E+03	 1.064E+03	-2.704E+03	 3.430E+00	 2.787E+00	 3.116E+00	-7.079E-01	-3.386E-01	 1.202E-01	 3.430E+00	-7.079E-01	 0.000E+00	 0.000E+00	 0.000E+00	 1.707E+03	 1.968E+01
   61.0000	 2.346E-04	 2.208E-03	 9.044E+00	 8.773E+02	 6.380E+01	 0.000E+00	 5.876E+03	 5.056E+03	 5.745E+03	 3.904E+03	 2.175E+02	-2.294E+03	 3.408E+00	 2.722E+00	 3.184E+00	-7.620E-01	-2.238E-01	 6.106E-02	 3.408E+00	-7.620E-01	 0.000E+00	 0.000E+00	 0.000E+00	 1.707E+03	 1.968E+01
   61.2500	 7.744E-04	 1.975E-03	 9.044E+00	 8.773E+02	 7.737E+01	 0.000E+00	 5.823E+03	 5.040E+03	 5.806E+03	 4.161E+03	-6.033E+02	-1.730E+03	 3.370E+00	 2.693E+00	 3.246E+00	-7.917E-01	-1.157E-01	-1.694E-02	 3.370E+00	-7.917E-01	 0.000E+00	 0.000E+00	 0.000E+00	 1.707E+03	 1.968E+01
   61.5000	 1.125E-03	 7.257E-04	 9.044E+00	 8.772E+02	 9.094E+01	 0.000E+00	 5.753E+03	 5.078E+03	 5.854E+03	 4.224E+03	-1.368E+03	-1.028E+03	 3.316E+00	 2.704E+00	 3.300E+00	-7.950E-01	-1.740E-02	-1.127E-01	 3.316E+00	-7.950E-01	 0.000E+00	 0.000E+00	 0.000E+00	 1.707E+03	 1.968E+01
   61.7500	 1.097E-03	-9.064E-04	 9.043E+00	 8.772E+02	 1.045E+02	 0.000E+00	 5.666E+03	 5.160E+03	 5.891E+03	 4.074E+03	-2.018E+03	-2.281E+02	 3.247E+00	 2.748E+00	 3.346E+00	-7.691E-01	 6.313E-02	-2.209E-01	 3.247E+00	-7.691E-01	 0.000E+00	 0.000E+00	 0.000E+00	 1.707E+03	 1.968E+01
   62.0000	 6.985E-04	-2.106E-03	 9.043E+00	 8.772E+02	 1.181E+02	 0.000E+00	 5.563E+03	 5.268E+03	 5.920E+03	 3.726E+03	-2.508E+03	 6.108E+02	 3.162E+00	 2.815E+00	 3.385E+00	-7.161E-01	 1.205E-01	-3.330E-01	 3.162E+00	-7.161E-01	 0.000E+00	 0.000E+00	 0.000E+00	 1.707E+03	 1.968E+01
   62.2500	 1.344E-04	-2.220E-03	 9.044E+00	 8.772E+02	 1.316E+02	 0.000E+00	 5.445E+03	 5.386E+03	 5.937E+03	 3.211E+03	-2.832E+03	 1.449E+03	 3.066E+00	 2.894E+00	 3.415E+00	-6.409E-01	 1.556E-01	-4.442E-01	 3.066E+00	-6.409E-01	 0.000E+00	 0.000E+00	 0.000E+00	 1.707E+03	 1.968E+01
   62.5000	-3.085E-04	-1.175E-03	 9.044E+00	 8.773E+02	 1.452E+02	 0.000E+00	 5.323E+03	 5.499E+03	 5.941E+03	 2.552E+03	-2.976E+03	 2.254E+03	 2.963E+00	 2.976E+00	 3.432E+00	-5.466E-01	 1.678E-01	-5.504E-01	 2.963E+00	-5.466E-01	 0.000E+00	 0.000E+00	 0.000E+00	 1.707E+03	 1.968E+01
   62.7500	-4.330E-04	 2.478E-04	 9.044E+00	 8.773E+02	 1.588E+02	 0.000E+00	 5.206E+03	 5.598E+03	 5.932E+03	 1.775E+03	-2.915E+03	 2.969E+03	 2.862E+00	 3.054E+00	 3.437E+00	-4.372E-01	 1.531E-01	-6.438E-01	 2.862E+00	-4.372E-01	 0.000E+00	 0.000E+00	 0.000E+00	 1.707E+03	 1.968E+01
   63.0000	-1.870E-04	 1.667E-03	 9.045E+00	 8.773E+02	 1.723E+02	 0.000E+00	 5.109E+03	 5.684E+03	 5.908E+03	 9.361E+02	-2.651E+03	 3.543E+03	 2.775E+00	 3.127E+00	 3.428E+00	-3.211E-01	 1.123E-01	-7.173E-01	 2.775E+00	-3.211E-01	 0.000E+00	 0.000E+00	 0.000E+00	 1.707E+03	 1.968E+01
   63.2500	 3.186E-04	 2.241E-03	 9.044E+00	 8.773E+02	 1.859E+02	 0.000E+00	 5.050E+03	 5.756E+03	 5.869E+03	 8.920E+01	-2.217E+03	 3.955E+03	 2.715E+00	 3.194E+00	 3.403E+00	-2.068E-01	 5.030E-02	-7.682E-01	 2.715E+00	-2.068E-01	 0.000E+00	 0.000E+00	 0.000E+00	 1.707E+03	 1.968E+01
   63.5000	 8.502E-04	 1.840E-03	 9.044E+00	 8.773E+02	 1.995E+02	 0.000E+00	 5.042E+03	 5.814E+03	 5.813E+03	-7.292E+02	-1.631E+03	 4.187E+03	 2.693E+00	 3.255E+00	 3.363E+00	-9.918E-02	-3.055E-02	-7.947E-01	 2.693E+00	-9.918E-02	 0.000E+00	 0.000E+00	 0.000E+00	 1.707E+03	 1.968E+01
   63.7500	 1.150E-03	 4.779E-04	 9.044E+00	 8.772E+02	 2.130E+02	 0.000E+00	 5.088E+03	 5.860E+03	 5.741E+03	-1.477E+03	-9.089E+02	 4.214E+03	 2.709E+00	 3.307E+00	 3.306E+00	-3.643E-03	-1.289E-01	-7.928E-01	 2.709E+00	-3.643E-03	 0.000E+00	 0.000E+00	 0.000E+00	 1.707E+03	 1.968E+01
   64.0000	 1.058E-03	-1.168E-03	 9.043E+00	 8.772E+02	 2.266E+02	 0.000E+00	 5.175E+03	 5.896E+03	 5.651E+03	-2.101E+03	-9.965E+01	 4.029E+03	 2.757E+00	 3.353E+00	 3.235E+00	 7.303E-02	-2.382E-01	-7.620E-01	 2.757E+00	 7.303E-02	 0.000E+00	 0.000E+00	 0.000E+00	 1.707E+03	 1.968E+01
   64.2500	 6.130E-04	-2.232E-03	 9.044E+00	 8.772E+02	 2.402E+02	 0.000E+00	 5.286E+03	 5.923E+03	 5.545E+03	-2.570E+03	 7.404E+02	 3.658E+03	 2.827E+00	 3.390E+00	 3.148E+00	 1.275E-01	-3.502E-01	-7.061E-01	 2.827E+00	 1.275E-01	 0.000E+00	 0.000E+00	 0.000E+00	 1.707E+03	 1.968E+01
   64.5000	 4.849E-05	-2.085E-03	 9.044E+00	 8.773E+02	 2.537E+02	 0.000E+00	 5.404E+03	 5.938E+03	 5.426E+03	-2.869E+03	 1.577E+03	 3.121E+03	 2.907E+00	 3.418E+00	 3.050E+00	 1.595E-01	-4.610E-01	-6.280E-01	 2.907E+00	 1.595E-01	 0.000E+00	 0.000E+00	 0.000E+00	 1.707E+03	 1.968E+01
   64.7500	-3.466E-04	-9.616E-04	 9.044E+00	 8.773E+02	 2.673E+02	 0.000E+00	 5.515E+03	 5.940E+03	 5.304E+03	-2.979E+03	 2.372E+03	 2.436E+03	 2.988E+00	 3.434E+00	 2.947E+00	 1.670E-01	-5.660E-01	-5.302E-01	 2.988E+00	 1.670E-01	 0.000E+00	 0.000E+00	 0.000E+00	 1.707E+03	 1.968E+01
   65.0000	-4.155E-04	 4.737E-04	 9.044E+00	 8.773E+02	 2.809E+02	 0.000E+00	 5.613E+03	 5.929E+03	 5.189E+03	-2.885E+03	 3.068E+03	 1.646E+03	 3.066E+00	 3.437E+00	 2.847E+00	 1.481E-01	-6.566E-01	-4.191E-01	 3.066E+00	 1.481E-01	 0.000E+00	 0.000E+00	 0.000E+00	 1.707E+03	 1.968E+01
   65.2500	-1.243E-04	 1.802E-03	 9.045E+00	 8.773E+02	 2.944E+02	 0.000E+00	 5.696E+03	 5.903E+03	 5.097E+03	-2.596E+03	 3.617E+03	 8.073E+02	 3.138E+00	 3.425E+00	 2.764E+00	 1.043E-01	-7.265E-01	-3.036E-01	 3.138E+00	 1.043E-01	 0.000E+00	 0.000E+00	 0.000E+00	 1.707E+03	 1.968E+01
   65.5000	 4.023E-04	 2.273E-03	 9.044E+00	 8.773E+02	 3.080E+02	 0.000E+00	 5.766E+03	 5.861E+03	 5.045E+03	-2.137E+03	 4.004E+03	-3.873E+01	 3.204E+00	 3.398E+00	 2.709E+00	 3.928E-02	-7.740E-01	-1.898E-01	 3.204E+00	 3.928E-02	 0.000E+00	 0.000E+00	 0.000E+00	 1.707E+03	 1.968E+01
   65.7500	 9.220E-04	 1.657E-03	 9.044E+00	 8.773E+02	 3.216E+02	 0.000E+00	 5.822E+03	 5.803E+03	 5.046E+03	-1.525E+03	 4.206E+03	-8.533E+02	 3.263E+00	 3.355E+00	 2.693E+00	-4.508E-02	-7.964E-01	-8.300E-02	 3.263E+00	-4.508E-02	 0.000E+00	 0.000E+00	 0.000E+00	 1.707E+03	 1.968E+01
   66.0000	 1.166E-03	 2.036E-04	 9.044E+00	 8.772E+02	 3.351E+02	 0.000E+00	 5.866E+03	 5.729E+03	 5.099E+03	-7.875E+02	 4.198E+03	-1.583E+03	 3.315E+00	 3.296E+00	 2.715E+00	-1.454E-01	-7.898E-01	 9.626E-03	 3.315E+00	-1.454E-01	 0.000E+00	 0.000E+00	 0.000E+00	 1.707E+03	 1.968E+01
   66.2500	 1.004E-03	-1.427E-03	 9.043E+00	 8.772E+02	 3.487E+02	 0.000E+00	 5.901E+03	 5.636E+03	 5.191E+03	 2.682E+01	 3.983E+03	-2.182E+03	 3.359E+00	 3.222E+00	 2.767E+00	-2.550E-01	-7.548E-01	 8.243E-02	 3.359E+00	-2.550E-01	 0.000E+00	 0.000E+00	 0.000E+00	 1.707E+03	 1.968E+01
   66.5000	 5.248E-04	-2.259E-03	 9.044E+00	 8.772E+02	 2.253E+00	 0.000E+00	 5.927E+03	 5.527E+03	 5.305E+03	 8.703E+02	 3.586E+03	-2.628E+03	 3.395E+00	 3.134E+00	 2.839E+00	-3.675E-01	-6.955E-01	 1.340E-01	 3.395E+00	-3.675E-01	 0.000E+00	 0.000E+00	 0.000E+00	 1.707E+03	 1.968E+01
   66.7500	-2.780E-05	-1.969E-03	 9.044E+00	 8.773E+02	 1.582E+01	 0.000E+00	 5.939E+03	 5.407E+03	 5.422E+03	 1.706E+03	 3.025E+03	-2.901E+03	 3.421E+00	 3.035E+00	 2.919E+00	-4.782E-01	-6.141E-01	 1.627E-01	 3.421E+00	-4.782E-01	 0.000E+00	 0.000E+00	 0.000E+00	 1.707E+03	 1.968E+01
   67.0000	-3.793E-04	-7.891E-04	 9.044E+00	 8.773E+02	 2.939E+01	 0.000E+00	 5.939E+03	 5.285E+03	 5.530E+03	 2.487E+03	 2.319E+03	-2.977E+03	 3.435E+00	 2.931E+00	 3.000E+00	-5.810E-01	-5.136E-01	 1.657E-01	 3.435E+00	-5.810E-01	 0.000E+00	 0.000E+00	 0.000E+00	 1.707E+03	 1.968E+01
   67.2500	-3.925E-04	 7.209E-04	 9.045E+00	 8.773E+02	 4.295E+01	 0.000E+00	 5.926E+03	 5.173E+03	 5.626E+03	 3.161E+03	 1.518E+03	-2.850E+03	 3.436E+00	 2.833E+00	 3.077E+00	-6.685E-01	-4.013E-01	 1.425E-01	 3.436E+00	-6.685E-01	 0.000E+00	 0.000E+00	 0.000E+00	 1.707E+03	 1.968E+01
   67.5000	-5.404E-05	 1.905E-03	 9.044E+00	 8.773E+02	 5.652E+01	 0.000E+00	 5.897E+03	 5.085E+03	 5.707E+03	 3.689E+03	 6.769E+02	-2.538E+03	 3.422E+00	 2.753E+00	 3.149E+00	-7.355E-01	-2.859E-01	 9.587E-02	 3.422E+00	-7.355E-01	 0.000E+00	 0.000E+00	 0.000E+00	 1.707E+03	 1.968E+01
   67.7500	 4.883E-04	 2.264E-03	 9.044E+00	 8.773E+02	 7.009E+01	 0.000E+00	 5.853E+03	 5.042E+03	 5.775E+03	 4.049E+03	-1.677E+02	-2.054E+03	 3.392E+00	 2.704E+00	 3.214E+00	-7.795E-01	-1.727E-01	 2.776E-02	 3.392E+00	-7.795E-01	 0.000E+00	 0.000E+00	 0.000E+00	 1.707E+03	 1.968E+01
   68.0000	 9.849E-04	 1.480E-03	 9.044E+00	 8.772E+02	 8.365E+01	 0.000E+00	 5.793E+03	 5.051E+03	 5.829E+03	 4.218E+03	-9.733E+02	-1.417E+03	 3.347E+00	 2.694E+00	 3.272E+00	-7.971E-01	-6.749E-02	-5.998E-02	 3.347E+00	-7.971E-01	 0.000E+00	 0.000E+00	 0.000E+00	 1.707E+03	 1.968E+01
   68.2500	 1.170E-03	-1.039E-04	 9.043E+00	 8.772E+02	 9.722E+01	 0.000E+00	 5.715E+03	 5.111E+03	 5.872E+03	 4.177E+03	-1.684E+03	-6.645E+02	 3.286E+00	 2.721E+00	 3.322E+00	-7.860E-01	 2.220E-02	-1.621E-01	 3.286E+00	-7.860E-01	 0.000E+00	 0.000E+00	 0.000E+00	 1.707E+03	 1.968E+01
   68.5000	 9.408E-04	-1.640E-03	 9.043E+00	 8.772E+02	 1.108E+02	 0.000E+00	 5.620E+03	 5.208E+03	 5.906E+03	 3.935E+03	-2.260E+03	 1.541E+02	 3.209E+00	 2.777E+00	 3.366E+00	-7.474E-01	 9.171E-02	-2.720E-01	 3.209E+00	-7.474E-01	 0.000E+00	 0.000E+00	 0.000E+00	 1.707E+03	 1.968E+01
   68.7500	 4.363E-04	-2.234E-03	 9.044E+00	 8.772E+02	 1.243E+02	 0.000E+00	 5.509E+03	 5.323E+03	 5.929E+03	 3.511E+03	-2.682E+03	 1.000E+03	 3.119E+00	 2.851E+00	 3.400E+00	-6.845E-01	 1.400E-01	-3.847E-01	 3.119E+00	-6.845E-01	 0.000E+00	 0.000E+00	 0.000E+00	 1.707E+03	 1.968E+01
   69.0000	-9.775E-05	-1.837E-03	 9.044E+00	 8.773E+02	 1.379E+02	 0.000E+00	 5.389E+03	 5.440E+03	 5.940E+03	 2.923E+03	-2.926E+03	 1.833E+03	 3.019E+00	 2.932E+00	 3.424E+00	-5.994E-01	 1.650E-01	-4.951E-01	 3.019E+00	-5.994E-01	 0.000E+00	 0.000E+00	 0.000E+00	 1.707E+03	 1.968E+01
   69.2500	-4.051E-04	-6.009E-04	 9.044E+00	 8.773E+02	 1.515E+02	 0.000E+00	 5.267E+03	 5.546E+03	 5.938E+03	 2.200E+03	-2.970E+03	 2.599E+03	 2.915E+00	 3.012E+00	 3.436E+00	-4.967E-01	 1.637E-01	-5.957E-01	 2.915E+00	-4.967E-01	 0.000E+00	 0.000E+00	 0.000E+00	 1.707E+03	 1.968E+01
   69.5000	-3.632E-04	 9.411E-04	 9.045E+00	 8.773E+02	 1.650E+02	 0.000E+00	 5.157E+03	 5.640E+03	 5.923E+03	 1.392E+03	-2.813E+03	 3.250E+03	 2.819E+00	 3.089E+00	 3.435E+00	-3.838E-01	 1.367E-01	-6.799E-01	 2.819E+00	-3.838E-01	 0.000E+00	 0.000E+00	 0.000E+00	 1.707E+03	 1.968E+01
   69.7500	 2.063E-05	 2.002E-03	 9.044E+00	 8.773E+02	 1.786E+02	 0.000E+00	 5.076E+03	 5.719E+03	 5.891E+03	 5.457E+02	-2.474E+03	 3.757E+03	 2.743E+00	 3.159E+00	 3.418E+00	-2.682E-01	 8.681E-02	-7.439E-01	 2.743E+00	-2.682E-01	 0.000E+00	 0.000E+00	 0.000E+00	 1.707E+03	 1.968E+01
   70.0000	 5.768E-04	 2.231E-03	 9.044E+00	 8.773E+02	 1.922E+02	 0.000E+00	 5.040E+03	 5.784E+03	 5.845E+03	-2.974E+02	-1.965E+03	 4.090E+03	 2.700E+00	 3.223E+00	 3.386E+00	-1.555E-01	 1.544E-02	-7.843E-01	 2.700E+00	-1.555E-01	 0.000E+00	 0.000E+00	 0.000E+00	 1.707E+03	 1.968E+01
   70.2500	 1.039E-03	 1.285E-03	 9.044E+00	 8.772E+02	 2.057E+02	 0.000E+00	 5.058E+03	 5.836E+03	 5.782E+03	-1.090E+03	-1.306E+03	 4.224E+03	 2.696E+00	 3.280E+00	 3.339E+00	-5.255E-02	-7.505E-02	-7.971E-01	 2.696E+00	-5.255E-02	 0.000E+00	 0.000E+00	 0.000E+00	 1.707E+03	 1.968E+01
   70.5000	 1.160E-03	-4.064E-04	 9.043E+00	 8.772E+02	 2.193E+02	 0.000E+00	 5.124E+03	 5.878E+03	 5.702E+03	-1.781E+03	-5.414E+02	 4.151E+03	 2.728E+00	 3.330E+00	 3.275E+00	 3.407E-02	-1.787E-01	-7.815E-01	 2.728E+00	 3.407E-02	 0.000E+00	 0.000E+00	 0.000E+00	 1.707E+03	 1.968E+01
   70.7500	 8.737E-04	-1.771E-03	 9.043E+00	 8.772E+02	 2.329E+02	 0.000E+00	 5.225E+03	 5.910E+03	 5.604E+03	-2.337E+03	 2.833E+02	 3.882E+03	 2.788E+00	 3.371E+00	 3.196E+00	 1.007E-01	-2.892E-01	-7.395E-01	 2.788E+00	 1.007E-01	 0.000E+00	 0.000E+00	 0.000E+00	 1.707E+03	 1.968E+01
   71.0000	 3.493E-04	-2.241E-03	 9.044E+00	 8.772E+02	 2.464E+02	 0.000E+00	 5.341E+03	 5.932E+03	 5.491E+03	-2.733E+03	 1.131E+03	 3.431E+03	 2.863E+00	 3.404E+00	 3.104E+00	 1.457E-01	-4.021E-01	-6.729E-01	 2.863E+00	 1.457E-01	 0.000E+00	 0.000E+00	 0.000E+00	 1.707E+03	 1.968E+01
   71.2500	-1.632E-04	-1.660E-03	 9.044E+00	 8.773E+02	 2.600E+02	 0.000E+00	 5.457E+03	 5.941E+03	 5.370E+03	-2.945E+03	 1.958E+03	 2.817E+03	 2.944E+00	 3.427E+00	 3.003E+00	 1.664E-01	-5.115E-01	-5.843E-01	 2.944E+00	 1.664E-01	 0.000E+00	 0.000E+00	 0.000E+00	 1.707E+03	 1.968E+01
   71.5000	-4.231E-04	-3.791E-04	 9.044E+00	 8.773E+02	 2.736E+02	 0.000E+00	 5.561E+03	 5.937E+03	 5.249E+03	-2.958E+03	 2.708E+03	 2.079E+03	 3.025E+00	 3.437E+00	 2.900E+00	 1.610E-01	-6.098E-01	-4.797E-01	 3.025E+00	 1.610E-01	 0.000E+00	 0.000E+00	 0.000E+00	 1.707E+03	 1.968E+01
   71.7500	-3.261E-04	 1.113E-03	 9.045E+00	 8.773E+02	 2.871E+02	 0.000E+00	 5.653E+03	 5.919E+03	 5.142E+03	-2.774E+03	 3.338E+03	 1.264E+03	 3.100E+00	 3.433E+00	 2.806E+00	 1.307E-01	-6.911E-01	-3.663E-01	 3.100E+00	 1.307E-01	 0.000E+00	 0.000E+00	 0.000E+00	 1.707E+03	 1.968E+01
   72.0000	 9.965E-05	 2.139E-03	 9.044E+00	 8.773E+02	 3.007E+02	 0.000E+00	 5.730E+03	 5.885E+03	 5.067E+03	-2.407E+03	 3.820E+03	 4.144E+02	 3.169E+00	 3.414E+00	 2.734E+00	 7.723E-02	-7.519E-01	-2.504E-01	 3.169E+00	 7.723E-02	 0.000E+00	 0.000E+00	 0.000E+00	 1.707E+03	 1.968E+01
   72.2500	 6.646E-04	 2.171E-03	 9.044E+00	 8.773E+02	 3.143E+02	 0.000E+00	 5.793E+03	 5.836E+03	 5.039E+03	-1.871E+03	 4.124E+03	-4.258E+02	 3.232E+00	 3.380E+00	 2.697E+00	 2.394E-03	-7.882E-01	-1.386E-01	 3.232E+00	 2.394E-03	 0.000E+00	 0.000E+00	 0.000E+00	 1.707E+03	 1.968E+01
   72.5000	 1.084E-03	 1.038E-03	 9.044E+00	 8.772E+02	 3.278E+02	 0.000E+00	 5.844E+03	 5.771E+03	 5.065E+03	-1.194E+03	 4.226E+03	-1.204E+03	 3.288E+00	 3.330E+00	 2.698E+00	-9.037E-02	-7.965E-01	-3.804E-02	 3.288E+00	-9.037E-02	 0.000E+00	 0.000E+00	 0.000E+00	 1.707E+03	 1.968E+01
   72.7500	 1.137E-03	-6.735E-04	 9.043E+00	 8.772E+02	 3.414E+02	 0.000E+00	 5.884E+03	 5.688E+03	 5.138E+03	-4.181E+02	 4.122E+03	-1.875E+03	 3.337E+00	 3.264E+00	 2.736E+00	-1.952E-01	-7.767E-01	 4.547E-02	 3.337E+00	-1.952E-01	 0.000E+00	 0.000E+00	 0.000E+00	 1.707E+03	 1.968E+01
   73.0000	 8.029E-04	-1.867E-03	 9.043E+00	 8.772E+02	 3.550E+02	 0.000E+00	 5.914E+03	 5.587E+03	 5.242E+03	 4.139E+02	 3.825E+03	-2.410E+03	 3.377E+00	 3.183E+00	 2.799E+00	-3.066E-01	-7.308E-01	 1.092E-01	 3.377E+00	-3.066E-01	 0.000E+00	 0.000E+00	 0.000E+00	 1.707E+03	 1.968E+01
   73.2500	 2.639E-04	-2.262E-03	 9.044E+00	 8.772E+02	 8.534E+00	 0.000E+00	 5.934E+03	 5.473E+03	 5.360E+03	 1.262E+03	 3.346E+03	-2.780E+03	 3.409E+00	 3.089E+00	 2.876E+00	-4.196E-01	-6.605E-01	 1.507E-01	 3.409E+00	-4.196E-01	 0.000E+00	 0.000E+00	 0.000E+00	 1.707E+03	 1.968E+01
   73.5000	-2.236E-04	-1.472E-03	 9.044E+00	 8.773E+02	 2.210E+01	 0.000E+00	 5.941E+03	 5.351E+03	 5.474E+03	 2.079E+03	 2.710E+03	-2.960E+03	 3.429E+00	 2.987E+00	 2.957E+00	-5.275E-01	-5.690E-01	 1.671E-01	 3.429E+00	-5.275E-01	 0.000E+00	 0.000E+00	 0.000E+00	 1.707E+03	 1.968E+01
   73.7500	-4.336E-04	-1.495E-04	 9.044E+00	 8.773E+02	 3.567E+01	 0.000E+00	 5.935E+03	 5.231E+03	 5.577E+03	 2.813E+03	 1.957E+03	-2.941E+03	 3.438E+00	 2.884E+00	 3.037E+00	-6.235E-01	-4.626E-01	 1.578E-01	 3.438E+00	-6.235E-01	 0.000E+00	 0.000E+00	 0.000E+00	 1.707E+03	 1.968E+01
   74.0000	-2.806E-04	 1.298E-03	 9.045E+00	 8.773E+02	 4.923E+01	 0.000E+00	 5.915E+03	 5.128E+03	 5.666E+03	 3.424E+03	 1.135E+03	-2.730E+03	 3.431E+00	 2.793E+00	 3.111E+00	-7.020E-01	-3.485E-01	 1.241E-01	 3.431E+00	-7.020E-01	 0.000E+00	 0.000E+00	 0.000E+00	 1.707E+03	 1.968E+01
   74.2500	 1.844E-04	 2.254E-03	 9.044E+00	 8.773E+02	 6.280E+01	 0.000E+00	 5.879E+03	 5.059E+03	 5.741E+03	 3.880E+03	 2.826E+02	-2.335E+03	 3.410E+00	 2.726E+00	 3.180E+00	-7.593E-01	-2.327E-01	 6.710E-02	 3.410E+00	-7.593E-01	 0.000E+00	 0.000E+00	 0.000E+00	 1.707E+03	 1.968E+01
   74.5000	 7.482E-04	 2.079E-03	 9.044E+00	 8.773E+02	 7.637E+01	 0.000E+00	 5.827E+03	 5.040E+03	 5.801E+03	 4.153E+03	-5.516E+02	-1.774E+03	 3.373E+00	 2.694E+00	 3.241E+00	-7.912E-01	-1.221E-01	-1.109E-02	 3.373E+00	-7.912E-01	 0.000E+00	 0.000E+00	 0.000E+00	 1.707E+03	 1.968E+01
   74.7500	 1.120E-03	 7.756E-04	 9.044E+00	 8.772E+02	 8.993E+01	 0.000E+00	 5.759E+03	 5.073E+03	 5.851E+03	 4.222E+03	-1.315E+03	-1.079E+03	 3.321E+00	 2.702E+00	 3.296E+00	-7.951E-01	-2.398E-02	-1.059E-01	 3.321E+00	-7.951E-01	 0.000E+00	 0.000E+00	 0.000E+00	 1.707E+03	 1.968E+01
   75.0000	 1.105E-03	-8.672E-04	 9.043E+00	 8.772E+02	 1.035E+02	 0.000E+00	 5.673E+03	 5.152E+03	 5.889E+03	 4.089E+03	-1.967E+03	-2.935E+02	 3.252E+00	 2.744E+00	 3.343E+00	-7.714E-01	 5.661E-02	-2.119E-01	 3.252E+00	-7.714E-01	 0.000E+00	 0.000E+00	 0.000E+00	 1.707E+03	 1.968E+01
   75.2500	 7.282E-04	-1.994E-03	 9.043E+00	 8.772E+02	 1.171E+02	 0.000E+00	 5.570E+03	 5.260E+03	 5.918E+03	 3.762E+03	-2.479E+03	 5.450E+02	 3.169E+00	 2.810E+00	 3.383E+00	-7.216E-01	 1.172E-01	-3.241E-01	 3.169E+00	-7.216E-01	 0.000E+00	 0.000E+00	 0.000E+00	 1.707E+03	 1.968E+01
   75.5000	 1.794E-04	-2.221E-03	 9.044E+00	 8.772E+02	 1.306E+02	 0.000E+00	 5.454E+03	 5.378E+03	 5.936E+03	 3.257E+03	-2.820E+03	 1.393E+03	 3.074E+00	 2.888E+00	 3.413E+00	-6.475E-01	 1.549E-01	-4.369E-01	 3.074E+00	-6.475E-01	 0.000E+00	 0.000E+00	 0.000E+00	 1.707E+03	 1.968E+01
   75.7500	-2.769E-04	-1.283E-03	 9.044E+00	 8.773E+02	 1.442E+02	 0.000E+00	 5.332E+03	 5.491E+03	 5.941E+03	 2.600E+03	-2.969E+03	 2.199E+03	 2.971E+00	 2.969E+00	 3.432E+00	-5.533E-01	 1.672E-01	-5.432E-01	 2.971E+00	-5.533E-01	 0.000E+00	 0.000E+00	 0.000E+00	 1.707E+03	 1.968E+01
   76.0000	-4.365E-04	 8.297E-05	 9.044E+00	 8.773E+02	 1.578E+02	 0.000E+00	 5.213E+03	 5.591E+03	 5.933E+03	 1.835E+03	-2.921E+03	 2.915E+03	 2.869E+00	 3.048E+00	 3.438E+00	-4.455E-01	 1.541E-01	-6.367E-01	 2.869E+00	-4.455E-01	 0.000E+00	 0.000E+00	 0.000E+00	 1.707E+03	 1.968E+01
   76.2500	-2.262E-04	 1.537E-03	 9.045E+00	 8.773E+02	 1.713E+02	 0.000E+00	 5.115E+03	 5.678E+03	 5.910E+03	 1.004E+03	-2.681E+03	 3.506E+03	 2.781E+00	 3.122E+00	 3.429E+00	-3.305E-01	 1.168E-01	-7.125E-01	 2.781E+00	-3.305E-01	 0.000E+00	 0.000E+00	 0.000E+00	 1.707E+03	 1.968E+01
   76.5000	 2.739E-04	 2.306E-03	 9.044E+00	 8.773E+02	 1.849E+02	 0.000E+00	 5.053E+03	 5.751E+03	 5.872E+03	 1.507E+02	-2.259E+03	 3.936E+03	 2.719E+00	 3.190E+00	 3.405E+00	-2.150E-01	 5.634E-02	-7.661E-01	 2.719E+00	-2.150E-01	 0.000E+00	 0.000E+00	 0.000E+00	 1.707E+03	 1.968E+01
   76.7500	 8.258E-04	 1.939E-03	 9.044E+00	 8.773E+02	 1.985E+02	 0.000E+00	 5.041E+03	 5.810E+03	 5.818E+03	-6.749E+02	-1.674E+03	 4.176E+03	 2.693E+00	 3.250E+00	 3.366E+00	-1.060E-01	-2.483E-02	-7.935E-01	 2.693E+00	-1.060E-01	 0.000E+00	 0.000E+00	 0.000E+00	 1.707E+03	 1.968E+01
   77.0000	 1.144E-03	 5.335E-04	 9.044E+00	 8.772E+02	 2.120E+02	 0.000E+00	 5.083E+03	 5.857E+03	 5.747E+03	-1.423E+03	-9.632E+02	 4.214E+03	 2.706E+00	 3.304E+00	 3.311E+00	-1.042E-02	-1.217E-01	-7.932E-01	 2.706E+00	-1.042E-02	 0.000E+00	 0.000E+00	 0.000E+00	 1.707E+03	 1.968E+01
   77.2500	 1.068E-03	-1.072E-03	 9.043E+00	 8.772E+02	 2.256E+02	 0.000E+00	 5.168E+03	 5.894E+03	 5.658E+03	-2.057E+03	-1.668E+02	 4.052E+03	 2.753E+00	 3.350E+00	 3.240E+00	 6.743E-02	-2.289E-01	-7.655E-01	 2.753E+00	 6.743E-02	 0.000E+00	 0.000E+00	 0.000E+00	 1.707E+03	 1.968E+01
   77.5000	 6.487E-04	-2.123E-03	 9.043E+00	 8.772E+02	 2.392E+02	 0.000E+00	 5.278E+03	 5.922E+03	 5.553E+03	-2.543E+03	 6.767E+02	 3.696E+03	 2.822E+00	 3.388E+00	 3.155E+00	 1.247E-01	-3.417E-01	-7.117E-01	 2.822E+00	 1.247E-01	 0.000E+00	 0.000E+00	 0.000E+00	 1.707E+03	 1.968E+01
   77.7500	 9.674E-05	-2.119E-03	 9.044E+00	 8.772E+02	 2.527E+02	 0.000E+00	 5.396E+03	 5.937E+03	 5.436E+03	-2.856E+03	 1.522E+03	 3.163E+03	 2.901E+00	 3.416E+00	 3.058E+00	 1.584E-01	-4.540E-01	-6.340E-01	 2.901E+00	 1.584E-01	 0.000E+00	 0.000E+00	 0.000E+00	 1.707E+03	 1.968E+01
   78.0000	-3.228E-04	-1.099E-03	 9.044E+00	 8.773E+02	 2.663E+02	 0.000E+00	 5.507E+03	 5.941E+03	 5.313E+03	-2.974E+03	 2.316E+03	 2.488E+03	 2.982E+00	 3.433E+00	 2.955E+00	 1.668E-01	-5.586E-01	-5.374E-01	 2.982E+00	 1.668E-01	 0.000E+00	 0.000E+00	 0.000E+00	 1.707E+03	 1.968E+01
   78.2500	-4.301E-04	 3.278E-04	 9.044E+00	 8.773E+02	 2.799E+02	 0.000E+00	 5.606E+03	 5.931E+03	 5.197E+03	-2.897E+03	 3.015E+03	 1.710E+03	 3.060E+00	 3.437E+00	 2.854E+00	 1.500E-01	-6.496E-01	-4.282E-01	 3.060E+00	 1.500E-01	 0.000E+00	 0.000E+00	 0.000E+00	 1.707E+03	 1.968E+01
   78.5000	-1.623E-04	 1.760E-03	 9.045E+00	 8.773E+02	 2.934E+02	 0.000E+00	 5.690E+03	 5.905E+03	 5.102E+03	-2.627E+03	 3.584E+03	 8.721E+02	 3.133E+00	 3.426E+00	 2.769E+00	 1.090E-01	-7.223E-01	-3.125E-01	 3.133E+00	 1.090E-01	 0.000E+00	 0.000E+00	 0.000E+00	 1.707E+03	 1.968E+01
   78.7500	 3.644E-04	 2.307E-03	 9.044E+00	 8.773E+02	 3.070E+02	 0.000E+00	 5.761E+03	 5.865E+03	 5.048E+03	-2.178E+03	 3.986E+03	 1.950E+01	 3.199E+00	 3.400E+00	 2.712E+00	 4.495E-02	-7.721E-01	-1.974E-01	 3.199E+00	 4.495E-02	 0.000E+00	 0.000E+00	 0.000E+00	 1.707E+03	 1.968E+01
   79.0000	 8.965E-04	 1.739E-03	 9.044E+00	 8.773E+02	 3.206E+02	 0.000E+00	 5.818E+03	 5.808E+03	 5.044E+03	-1.571E+03	 4.195E+03	-7.962E+02	 3.259E+00	 3.359E+00	 2.693E+00	-3.887E-02	-7.952E-01	-9.034E-02	 3.259E+00	-3.887E-02	 0.000E+00	 0.000E+00	 0.000E+00	 1.707E+03	 1.968E+01
   79.2500	 1.159E-03	 2.919E-04	 9.044E+00	 8.772E+02	 3.341E+02	 0.000E+00	 5.864E+03	 5.735E+03	 5.093E+03	-8.454E+02	 4.202E+03	-1.529E+03	 3.311E+00	 3.301E+00	 2.712E+00	-1.376E-01	-7.907E-01	 2.730E-03	 3.311E+00	-1.376E-01	 0.000E+00	 0.000E+00	 0.000E+00	 1.707E+03	 1.968E+01
   79.5000	 1.022E-03	-1.312E-03	 9.043E+00	 8.772E+02	 3.477E+02	 0.000E+00	 5.899E+03	 5.643E+03	 5.184E+03	-3.838E+01	 4.009E+03	-2.143E+03	 3.356E+00	 3.228E+00	 2.762E+00	-2.461E-01	-7.589E-01	 7.778E-02	 3.356E+00	-2.461E-01	 0.000E+00	 0.000E+00	 0.000E+00	 1.707E+03	 1.968E+01
   79.7500	 5.659E-04	-2.201E-03	 9.044E+00	 8.772E+02	 1.250E+00	 0.000E+00	 5.925E+03	 5.536E+03	 5.296E+03	 8.087E+02	 3.624E+03	-2.604E+03	 3.393E+00	 3.141E+00	 2.833E+00	-3.593E-01	-7.011E-01	 1.315E-01	 3.393E+00	-3.593E-01	 0.000E+00	 0.000E+00	 0.000E+00	 1.707E+03	 1.968E+01
   80.0000	 1.722E-05	-2.010E-03	 9.044E+00	 8.773E+02	 1.482E+01	 0.000E+00	 5.939E+03	 5.417E+03	 5.414E+03	 1.648E+03	 3.067E+03	-2.886E+03	 3.420E+00	 3.042E+00	 2.913E+00	-4.707E-01	-6.201E-01	 1.613E-01	 3.420E+00	-4.707E-01	 0.000E+00	 0.000E+00	 0.000E+00	 1.707E+03	 1.968E+01
   80.2500	-3.623E-04	-9.263E-04	 9.044E+00	 8.773E+02	 2.838E+01	 0.000E+00	 5.940E+03	 5.294E+03	 5.523E+03	 2.431E+03	 2.374E+03	-2.975E+03	 3.435E+00	 2.939E+00	 2.994E+00	-5.736E-01	-5.212E-01	 1.658E-01	 3.435E+00	-5.736E-01	 0.000E+00	 0.000E+00	 0.000E+00	 1.707E+03	 1.968E+01
   80.5000	-4.128E-04	 5.897E-04	 9.045E+00	 8.773E+02	 4.195E+01	 0.000E+00	 5.928E+03	 5.180E+03	 5.620E+03	 3.113E+03	 1.584E+03	-2.868E+03	 3.437E+00	 2.840E+00	 3.072E+00	-6.622E-01	-4.106E-01	 1.454E-01	 3.437E+00	-6.622E-01	 0.000E+00	 0.000E+00	 0.000E+00	 1.707E+03	 1.968E+01
   80.7500	-9.103E-05	 1.908E-03	 9.045E+00	 8.773E+02	 5.551E+01	 0.000E+00	 5.900E+03	 5.091E+03	 5.702E+03	 3.658E+03	 7.400E+02	-2.569E+03	 3.424E+00	 2.758E+00	 3.144E+00	-7.317E-01	-2.945E-01	 1.005E-01	 3.424E+00	-7.317E-01	 0.000E+00	 0.000E+00	 0.000E+00	 1.707E+03	 1.968E+01
   81.0000	 4.538E-04	 2.285E-03	 9.044E+00	 8.773E+02	 6.908E+01	 0.000E+00	 5.857E+03	 5.044E+03	 5.770E+03	 4.031E+03	-1.102E+02	-2.093E+03	 3.395E+00	 2.706E+00	 3.209E+00	-7.774E-01	-1.802E-01	 3.308E-02	 3.395E+00	-7.774E-01	 0.000E+00	 0.000E+00	 0.000E+00	 1.707E+03	 1.968E+01
   81.2500	 9.592E-04	 1.528E-03	 9.044E+00	 8.773E+02	 8.265E+01	 0.000E+00	 5.798E+03	 5.049E+03	 5.825E+03	 4.209E+03	-9.154E+02	-1.466E+03	 3.351E+00	 2.693E+00	 3.268E+00	-7.963E-01	-7.497E-02	-5.324E-02	 3.351E+00	-7.963E-01	 0.000E+00	 0.000E+00	 0.000E+00	 1.707E+03	 1.968E+01
   81.5000	 1.164E-03	 2.539E-05	 9.044E+00	 8.772E+02	 9.621E+01	 0.000E+00	 5.722E+03	 5.105E+03	 5.870E+03	 4.186E+03	-1.632E+03	-7.257E+02	 3.291E+00	 2.718E+00	 3.319E+00	-7.876E-01	 1.556E-02	-1.537E-01	 3.291E+00	-7.876E-01	 0.000E+00	 0.000E+00	 0.000E+00	 1.707E+03	 1.968E+01
   81.7500	 9.674E-04	-1.524E-03	 9.043E+00	 8.772E+02	 1.098E+02	 0.000E+00	 5.628E+03	 5.200E+03	 5.904E+03	 3.962E+03	-2.225E+03	 9.114E+01	 3.215E+00	 2.772E+00	 3.363E+00	-7.517E-01	 8.759E-02	-2.635E-01	 3.215E+00	-7.517E-01	 0.000E+00	 0.000E+00	 0.000E+00	 1.707E+03	 1.968E+01
   82.0000	 4.815E-04	-2.219E-03	 9.044E+00	 8.772E+02	 1.233E+02	 0.000E+00	 5.518E+03	 5.314E+03	 5.928E+03	 3.548E+03	-2.660E+03	 9.405E+02	 3.126E+00	 2.845E+00	 3.398E+00	-6.900E-01	 1.378E-01	-3.769E-01	 3.126E+00	-6.900E-01	 0.000E+00	 0.000E+00	 0.000E+00	 1.707E+03	 1.968E+01
   82.2500	-5.894E-05	-1.916E-03	 9.044E+00	 8.773E+02	 1.369E+02	 0.000E+00	 5.398E+03	 5.431E+03	 5.940E+03	 2.968E+03	-2.912E+03	 1.774E+03	 3.026E+00	 2.926E+00	 3.423E+00	-6.059E-01	 1.636E-01	-4.872E-01	 3.026E+00	-6.059E-01	 0.000E+00	 0.000E+00	 0.000E+00	 1.707E+03	 1.968E+01
   82.5000	-3.953E-04	-7.350E-04	 9.044E+00	 8.773E+02	 1.505E+02	 0.000E+00	 5.276E+03	 5.539E+03	 5.939E+03	 2.257E+03	-2.971E+03	 2.543E+03	 2.923E+00	 3.007E+00	 3.436E+00	-5.048E-01	 1.643E-01	-5.883E-01	 2.923E+00	-5.048E-01	 0.000E+00	 0.000E+00	 0.000E+00	 1.707E+03	 1.968E+01
   82.7500	-3.846E-04	 8.486E-04	 9.045E+00	 8.773E+02	 1.640E+02	 0.000E+00	 5.165E+03	 5.634E+03	 5.924E+03	 1.456E+03	-2.835E+03	 3.207E+03	 2.826E+00	 3.083E+00	 3.435E+00	-3.928E-01	 1.401E-01	-6.744E-01	 2.826E+00	-3.928E-01	 0.000E+00	 0.000E+00	 0.000E+00	 1.707E+03	 1.968E+01
   83.0000	-1.512E-05	 1.989E-03	 9.044E+00	 8.773E+02	 1.776E+02	 0.000E+00	 5.080E+03	 5.713E+03	 5.894E+03	 6.076E+02	-2.507E+03	 3.727E+03	 2.748E+00	 3.154E+00	 3.420E+00	-2.765E-01	 9.151E-02	-7.404E-01	 2.748E+00	-2.765E-01	 0.000E+00	 0.000E+00	 0.000E+00	 1.707E+03	 1.968E+01
   83.2500	 5.411E-04	 2.250E-03	 9.044E+00	 8.773E+02	 1.912E+02	 0.000E+00	 5.041E+03	 5.780E+03	 5.849E+03	-2.383E+02	-2.005E+03	 4.071E+03	 2.702E+00	 3.219E+00	 3.389E+00	-1.632E-01	 2.085E-02	-7.820E-01	 2.702E+00	-1.632E-01	 0.000E+00	 0.000E+00	 0.000E+00	 1.707E+03	 1.968E+01
   83.5000	 1.014E-03	 1.342E-03	 9.044E+00	 8.772E+02	 2.047E+02	 0.000E+00	 5.054E+03	 5.833E+03	 5.787E+03	-1.033E+03	-1.359E+03	 4.219E+03	 2.694E+00	 3.276E+00	 3.343E+00	-5.996E-02	-6.792E-02	-7.968E-01	 2.694E+00	-5.996E-02	 0.000E+00	 0.000E+00	 0.000E+00	 1.707E+03	 1.968E+01
   83.7500	 1.160E-03	-2.603E-04	 9.043E+00	 8.772E+02	 2.183E+02	 0.000E+00	 5.118E+03	 5.876E+03	 5.708E+03	-1.733E+03	-6.037E+02	 4.165E+03	 2.724E+00	 3.326E+00	 3.280E+00	 2.803E-02	-1.702E-01	-7.839E-01	 2.724E+00	 2.803E-02	 0.000E+00	 0.000E+00	 0.000E+00	 1.707E+03	 1.968E+01
   84.0000	 9.051E-04	-1.687E-03	 9.043E+00	 8.772E+02	 2.319E+02	 0.000E+00	 5.217E+03	 5.908E+03	 5.611E+03	-2.303E+03	 2.214E+02	 3.910E+03	 2.783E+00	 3.369E+00	 3.202E+00	 9.685E-02	-2.810E-01	-7.438E-01	 2.783E+00	 9.685E-02	 0.000E+00	 0.000E+00	 0.000E+00	 1.707E+03	 1.968E+01
   84.2500	 3.965E-04	-2.223E-03	 9.044E+00	 8.772E+02	 2.454E+02	 0.000E+00	 5.332E+03	 5.931E+03	 5.500E+03	-2.711E+03	 1.071E+03	 3.468E+03	 2.857E+00	 3.402E+00	 3.111E+00	 1.433E-01	-3.943E-01	-6.783E-01	 2.857E+00	 1.433E-01	 0.000E+00	 0.000E+00	 0.000E+00	 1.707E+03	 1.968E+01
   84.5000	-1.308E-04	-1.780E-03	 9.044E+00	 8.773E+02	 2.590E+02	 0.000E+00	 5.449E+03	 5.941E+03	 5.379E+03	-2.934E+03	 1.897E+03	 2.866E+03	 2.938E+00	 3.426E+00	 3.010E+00	 1.653E-01	-5.036E-01	-5.913E-01	 2.938E+00	 1.653E-01	 0.000E+00	 0.000E+00	 0.000E+00	 1.707E+03	 1.968E+01
   84.7500	-4.197E-04	-5.002E-04	 9.044E+00	 8.773E+02	 2.726E+02	 0.000E+00	 5.554E+03	 5.938E+03	 5.257E+03	-2.963E+03	 2.653E+03	 2.139E+03	 3.019E+00	 3.437E+00	 2.907E+00	 1.622E-01	-6.026E-01	-4.882E-01	 3.019E+00	 1.622E-01	 0.000E+00	 0.000E+00	 0.000E+00	 1.707E+03	 1.968E+01
   85.0000	-3.474E-04	 1.056E-03	 9.045E+00	 8.773E+02	 2.861E+02	 0.000E+00	 5.647E+03	 5.921E+03	 5.149E+03	-2.796E+03	 3.298E+03	 1.327E+03	 3.095E+00	 3.434E+00	 2.812E+00	 1.341E-01	-6.860E-01	-3.749E-01	 3.095E+00	 1.341E-01	 0.000E+00	 0.000E+00	 0.000E+00	 1.707E+03	 1.968E+01
   85.2500	 6.421E-05	 2.090E-03	 9.044E+00	 8.773E+02	 2.997E+02	 0.000E+00	 5.724E+03	 5.888E+03	 5.071E+03	-2.440E+03	 3.792E+03	 4.753E+02	 3.165E+00	 3.416E+00	 2.738E+00	 8.191E-02	-7.485E-01	-2.586E-01	 3.165E+00	 8.191E-02	 0.000E+00	 0.000E+00	 0.000E+00	 1.707E+03	 1.968E+01
   85.5000	 6.264E-04	 2.189E-03	 9.044E+00	 8.773E+02	 3.133E+02	 0.000E+00	 5.789E+03	 5.841E+03	 5.039E+03	-1.914E+03	 4.107E+03	-3.650E+02	 3.228E+00	 3.383E+00	 2.698E+00	 8.243E-03	-7.860E-01	-1.465E-01	 3.228E+00	 8.243E-03	 0.000E+00	 0.000E+00	 0.000E+00	 1.707E+03	 1.968E+01
   85.7500	 1.062E-03	 1.138E-03	 9.044E+00	 8.772E+02	 3.268E+02	 0.000E+00	 5.840E+03	 5.776E+03	 5.061E+03	-1.249E+03	 4.224E+03	-1.148E+03	 3.284E+00	 3.334E+00	 2.697E+00	-8.290E-02	-7.966E-01	-4.531E-02	 3.284E+00	-8.290E-02	 0.000E+00	 0.000E+00	 0.000E+00	 1.707E+03	 1.968E+01
   86.0000	 1.144E-03	-5.331E-04	 9.043E+00	 8.772E+02	 3.404E+02	 0.000E+00	 5.881E+03	 5.694E+03	 5.131E+03	-4.797E+02	 4.139E+03	-1.831E+03	 3.333E+00	 3.269E+00	 2.732E+00	-1.869E-01	-7.795E-01	 4.005E-02	 3.333E+00	-1.869E-01	 0.000E+00	 0.000E+00	 0.000E+00	 1.707E+03	 1.968E+01
   86.2500	 8.391E-04	-1.797E-03	 9.043E+00	 8.772E+02	 3.540E+02	 0.000E+00	 5.912E+03	 5.595E+03	 5.234E+03	 3.524E+02	 3.854E+03	-2.377E+03	 3.374E+00	 3.189E+00	 2.794E+00	-2.985E-01	-7.352E-01	 1.056E-01	 3.374E+00	-2.985E-01	 0.000E+00	 0.000E+00	 0.000E+00	 1.707E+03	 1.968E+01
   86.5000	 3.096E-04	-2.257E-03	 9.044E+00	 8.772E+02	 7.531E+00	 0.000E+00	 5.933E+03	 5.482E+03	 5.351E+03	 1.201E+03	 3.385E+03	-2.757E+03	 3.407E+00	 3.096E+00	 2.870E+00	-4.115E-01	-6.661E-01	 1.483E-01	 3.407E+00	-4.115E-01	 0.000E+00	 0.000E+00	 0.000E+00	 1.707E+03	 1.968E+01
   86.7500	-1.963E-04	-1.595E-03	 9.044E+00	 8.773E+02	 2.110E+01	 0.000E+00	 5.941E+03	 5.360E+03	 5.466E+03	 2.020E+03	 2.761E+03	-2.952E+03	 3.428E+00	 2.994E+00	 2.951E+00	-5.196E-01	-5.763E-01	 1.665E-01	 3.428E+00	-5.196E-01	 0.000E+00	 0.000E+00	 0.000E+00	 1.707E+03	 1.968E+01
   87.0000	-4.343E-04	-2.516E-04	 9.044E+00	 8.773E+02	 3.466E+01	 0.000E+00	 5.936E+03	 5.239E+03	 5.570E+03	 2.762E+03	 2.018E+03	-2.951E+03	 3.437E+00	 2.892E+00	 3.031E+00	-6.167E-01	-4.712E-01	 1.596E-01	 3.437E+00	-6.167E-01	 0.000E+00	 0.000E+00	 0.000E+00	 1.707E+03	 1.968E+01
   87.2500	-3.029E-04	 1.237E-03	 9.045E+00	 8.773E+02	 4.823E+01	 0.000E+00	 5.916E+03	 5.135E+03	 5.660E+03	 3.385E+03	 1.196E+03	-2.753E+03	 3.432E+00	 2.799E+00	 3.106E+00	-6.972E-01	-3.570E-01	 1.276E-01	 3.432E+00	-6.972E-01	 0.000E+00	 0.000E+00	 0.000E+00	 1.707E+03	 1.968E+01
   87.5000	 1.471E-04	 2.199E-03	 9.044E+00	 8.773E+02	 6.180E+01	 0.000E+00	 5.882E+03	 5.063E+03	 5.735E+03	 3.853E+03	 3.436E+02	-2.369E+03	 3.412E+00	 2.730E+00	 3.175E+00	-7.560E-01	-2.408E-01	 7.180E-02	 3.412E+00	-7.560E-01	 0.000E+00	 0.000E+00	 0.000E+00	 1.707E+03	 1.968E+01
   87.7500	 7.091E-04	 2.105E-03	 9.044E+00	 8.773E+02	 7.536E+01	 0.000E+00	 5.832E+03	 5.039E+03	 5.798E+03	 4.138E+03	-4.906E+02	-1.820E+03	 3.377E+00	 2.695E+00	 3.237E+00	-7.895E-01	-1.301E-01	-4.764E-03	 3.377E+00	-7.895E-01	 0.000E+00	 0.000E+00	 0.000E+00	 1.707E+03	 1.968E+01
   88.0000	 1.101E-03	 8.966E-04	 9.044E+00	 8.772E+02	 8.893E+01	 0.000E+00	 5.765E+03	 5.069E+03	 5.847E+03	 4.224E+03	-1.261E+03	-1.136E+03	 3.325E+00	 2.700E+00	 3.292E+00	-7.958E-01	-3.099E-02	-9.819E-02	 3.325E+00	-7.958E-01	 0.000E+00	 0.000E+00	 0.000E+00	 1.707E+03	 1.968E+01
   88.2500	 1.120E-03	-7.406E-04	 9.043E+00	 8.772E+02	 1.025E+02	 0.000E+00	 5.680E+03	 5.145E+03	 5.887E+03	 4.107E+03	-1.925E+03	-3.541E+02	 3.258E+00	 2.740E+00	 3.340E+00	-7.744E-01	 5.157E-02	-2.038E-01	 3.258E+00	-7.744E-01	 0.000E+00	 0.000E+00	 0.000E+00	 1.707E+03	 1.968E+01
   88.5000	 7.676E-04	-1.932E-03	 9.043E+00	 8.772E+02	 1.161E+02	 0.000E+00	 5.579E+03	 5.252E+03	 5.916E+03	 3.792E+03	-2.447E+03	 4.837E+02	 3.176E+00	 2.805E+00	 3.380E+00	-7.260E-01	 1.137E-01	-3.160E-01	 3.176E+00	-7.260E-01	 0.000E+00	 0.000E+00	 0.000E+00	 1.707E+03	 1.968E+01
   88.7500	 2.220E-04	-2.254E-03	 9.044E+00	 8.772E+02	 1.296E+02	 0.000E+00	 5.463E+03	 5.369E+03	 5.935E+03	 3.298E+03	-2.800E+03	 1.331E+03	 3.081E+00	 2.882E+00	 3.411E+00	-6.535E-01	 1.527E-01	-4.287E-01	 3.081E+00	-6.535E-01	 0.000E+00	 0.000E+00	 0.000E+00	 1.707E+03	 1.968E+01
   89.0000	-2.543E-04	-1.394E-03	 9.044E+00	 8.773E+02	 1.432E+02	 0.000E+00	 5.341E+03	 5.483E+03	 5.941E+03	 2.654E+03	-2.964E+03	 2.140E+03	 2.978E+00	 2.964E+00	 3.431E+00	-5.610E-01	 1.671E-01	-5.355E-01	 2.978E+00	-5.610E-01	 0.000E+00	 0.000E+00	 0.000E+00	 1.707E+03	 1.968E+01
   89.2500	-4.391E-04	-1.588E-05	 9.044E+00	 8.773E+02	 1.568E+02	 0.000E+00	 5.222E+03	 5.584E+03	 5.934E+03	 1.895E+03	-2.933E+03	 2.867E+03	 2.876E+00	 3.043E+00	 3.438E+00	-4.540E-01	 1.563E-01	-6.304E-01	 2.876E+00	-4.540E-01	 0.000E+00	 0.000E+00	 0.000E+00	 1.707E+03	 1.968E+01
   89.5000	-2.517E-04	 1.433E-03	 9.045E+00	 8.773E+02	 1.703E+02	 0.000E+00	 5.121E+03	 5.672E+03	 5.912E+03	 1.065E+03	-2.705E+03	 3.468E+03	 2.787E+00	 3.117E+00	 3.430E+00	-3.390E-01	 1.204E-01	-7.078E-01	 2.787E+00	-3.390E-01	 0.000E+00	 0.000E+00	 0.000E+00	 1.707E+03	 1.968E+01
   89.7500	 2.340E-04	 2.281E-03	 9.044E+00	 8.773E+02	 1.839E+02	 0.000E+00	 5.056E+03	 5.746E+03	 5.875E+03	 2.126E+02	-2.294E+03	 3.909E+03	 2.722E+00	 3.185E+00	 3.408E+00	-2.232E-01	 6.124E-02	-7.628E-01	 2.722E+00	-2.232E-01	 0.000E+00	 0.000E+00	 0.000E+00	 1.707E+03	 1.968E+01
   90.0000	 7.878E-04	 1.988E-03	 9.044E+00	 8.773E+02	 1.975E+02	 0.000E+00	 5.040E+03	 5.806E+03	 5.823E+03	-6.147E+02	-1.722E+03	 4.164E+03	 2.693E+00	 3.246E+00	 3.370E+00	-1.139E-01	-1.818E-02	-7.923E-01	 2.693E+00	-1.139E-01	 0.000E+00	 0.000E+00	 0.000E+00	 1.707E+03	 1.968E+01
   90.2500	 1.131E-03	 6.604E-04	 9.044E+00	 8.772E+02	 2.110E+02	 0.000E+00	 5.078E+03	 5.854E+03	 5.753E+03	-1.371E+03	-1.021E+03	 4.220E+03	 2.704E+00	 3.300E+00	 3.316E+00	-1.702E-02	-1.138E-01	-7.943E-01	 2.704E+00	-1.702E-02	 0.000E+00	 0.000E+00	 0.000E+00	 1.707E+03	 1.968E+01
   90.5000	 1.087E-03	-9.398E-04	 9.043E+00	 8.772E+02	 2.246E+02	 0.000E+00	 5.160E+03	 5.892E+03	 5.665E+03	-2.016E+03	-2.271E+02	 4.071E+03	 2.749E+00	 3.347E+00	 3.246E+00	 6.257E-02	-2.209E-01	-7.686E-01	 2.749E+00	 6.257E-02	 0.000E+00	 0.000E+00	 0.000E+00	 1.707E+03	 1.968E+01
   90.7500	 6.905E-04	-2.072E-03	 9.043E+00	 8.772E+02	 2.382E+02	 0.000E+00	 5.269E+03	 5.920E+03	 5.562E+03	-2.513E+03	 6.150E+02	 3.727E+03	 2.816E+00	 3.385E+00	 3.162E+00	 1.212E-01	-3.335E-01	-7.163E-01	 2.816E+00	 1.212E-01	 0.000E+00	 0.000E+00	 0.000E+00	 1.707E+03	 1.968E+01
   91.0000	 1.357E-04	-2.188E-03	 9.044E+00	 8.772E+02	 2.517E+02	 0.000E+00	 5.387E+03	 5.937E+03	 5.445E+03	-2.838E+03	 1.459E+03	 3.208E+03	 2.895E+00	 3.415E+00	 3.065E+00	 1.566E-01	-4.457E-01	-6.404E-01	 2.895E+00	 1.566E-01	 0.000E+00	 0.000E+00	 0.000E+00	 1.707E+03	 1.968E+01
   91.2500	-3.043E-04	-1.187E-03	 9.044E+00	 8.773E+02	 2.653E+02	 0.000E+00	 5.499E+03	 5.941E+03	 5.322E+03	-2.973E+03	 2.259E+03	 2.543E+03	 2.976E+00	 3.433E+00	 2.962E+00	 1.671E-01	-5.511E-01	-5.453E-01	 2.976E+00	 1.671E-01	 0.000E+00	 0.000E+00	 0.000E+00	 1.707E+03	 1.968E+01
   91.5000	-4.349E-04	 2.220E-04	 9.044E+00	 8.773E+02	 2.789E+02	 0.000E+00	 5.599E+03	 5.932E+03	 5.205E+03	-2.910E+03	 2.969E+03	 1.770E+03	 3.055E+00	 3.437E+00	 2.861E+00	 1.523E-01	-6.437E-01	-4.365E-01	 3.055E+00	 1.523E-01	 0.000E+00	 0.000E+00	 0.000E+00	 1.707E+03	 1.968E+01
   91.7500	-1.917E-04	 1.659E-03	 9.045E+00	 8.773E+02	 2.924E+02	 0.000E+00	 5.685E+03	 5.907E+03	 5.108E+03	-2.653E+03	 3.548E+03	 9.340E+02	 3.128E+00	 3.428E+00	 2.775E+00	 1.127E-01	-7.178E-01	-3.209E-01	 3.128E+00	 1.127E-01	 0.000E+00	 0.000E+00	 0.000E+00	 1.707E+03	 1.968E+01
   92.0000	 3.221E-04	 2.300E-03	 9.044E+00	 8.773E+02	 3.060E+02	 0.000E+00	 5.756E+03	 5.868E+03	 5.050E+03	-2.216E+03	 3.961E+03	 8.232E+01	 3.195E+00	 3.403E+00	 2.715E+00	 5.023E-02	-7.691E-01	-2.058E-01	 3.195E+00	 5.023E-02	 0.000E+00	 0.000E+00	 0.000E+00	 1.707E+03	 1.968E+01
   92.2500	 8.615E-04	 1.831E-03	 9.044E+00	 8.773E+02	 3.196E+02	 0.000E+00	 5.814E+03	 5.813E+03	 5.043E+03	-1.622E+03	 4.186E+03	-7.371E+02	 3.255E+00	 3.362E+00	 2.693E+00	-3.198E-02	-7.944E-01	-9.802E-02	 3.255E+00	-3.198E-02	 0.000E+00	 0.000E+00	 0.000E+00	 1.707E+03	 1.968E+01
   92.5000	 1.152E-03	 4.175E-04	 9.044E+00	 8.772E+02	 3.331E+02	 0.000E+00	 5.861E+03	 5.741E+03	 5.088E+03	-9.032E+02	 4.210E+03	-1.479E+03	 3.308E+00	 3.306E+00	 2.709E+00	-1.297E-01	-7.922E-01	-3.467E-03	 3.308E+00	-1.297E-01	 0.000E+00	 0.000E+00	 0.000E+00	 1.707E+03	 1.968E+01
   92.7500	 1.047E-03	-1.185E-03	 9.043E+00	 8.772E+02	 3.467E+02	 0.000E+00	 5.897E+03	 5.650E+03	 5.176E+03	-9.910E+01	 4.030E+03	-2.103E+03	 3.353E+00	 3.234E+00	 2.758E+00	-2.380E-01	-7.622E-01	 7.307E-02	 3.353E+00	-2.380E-01	 0.000E+00	 0.000E+00	 0.000E+00	 1.707E+03	 1.968E+01
   93.0000	 6.081E-04	-2.182E-03	 9.044E+00	 8.772E+02	 2.465E-01	 0.000E+00	 5.923E+03	 5.544E+03	 5.287E+03	 7.462E+02	 3.658E+03	-2.575E+03	 3.391E+00	 3.148E+00	 2.828E+00	-3.510E-01	-7.060E-01	 1.282E-01	 3.391E+00	-3.510E-01	 0.000E+00	 0.000E+00	 0.000E+00	 1.707E+03	 1.968E+01
   93.2500	 5.340E-05	-2.073E-03	 9.044E+00	 8.773E+02	 1.381E+01	 0.000E+00	 5.938E+03	 5.426E+03	 5.405E+03	 1.587E+03	 3.114E+03	-2.871E+03	 3.418E+00	 3.050E+00	 2.907E+00	-4.625E-01	-6.269E-01	 1.598E-01	 3.418E+00	-4.625E-01	 0.000E+00	 0.000E+00	 0.000E+00	 1.707E+03	 1.968E+01
   93.5000	-3.463E-04	-1.000E-03	 9.044E+00	 8.773E+02	 2.738E+01	 0.000E+00	 5.940E+03	 5.303E+03	 5.515E+03	 2.375E+03	 2.430E+03	-2.976E+03	 3.434E+00	 2.946E+00	 2.988E+00	-5.663E-01	-5.292E-01	 1.665E-01	 3.434E+00	-5.663E-01	 0.000E+00	 0.000E+00	 0.000E+00	 1.707E+03	 1.968E+01
   93.7500	-4.213E-04	 4.756E-04	 9.045E+00	 8.773E+02	 4.094E+01	 0.000E+00	 5.929E+03	 5.188E+03	 5.613E+03	 3.068E+03	 1.644E+03	-2.883E+03	 3.437E+00	 2.847E+00	 3.066E+00	-6.564E-01	-4.189E-01	 1.478E-01	 3.437E+00	-6.564E-01	 0.000E+00	 0.000E+00	 0.000E+00	 1.707E+03	 1.968E+01
   94.0000	-1.238E-04	 1.842E-03	 9.045E+00	 8.773E+02	 5.451E+01	 0.000E+00	 5.902E+03	 5.096E+03	 5.696E+03	 3.623E+03	 8.023E+02	-2.597E+03	 3.425E+00	 2.763E+00	 3.139E+00	-7.273E-01	-3.030E-01	 1.045E-01	 3.425E+00	-7.273E-01	 0.000E+00	 0.000E+00	 0.000E+00	 1.707E+03	 1.968E+01
   94.2500	 4.104E-04	 2.285E-03	 9.044E+00	 8.773E+02	 6.808E+01	 0.000E+00	 5.861E+03	 5.045E+03	 5.766E+03	 4.009E+03	-4.733E+01	-2.134E+03	 3.398E+00	 2.709E+00	 3.204E+00	-7.747E-01	-1.886E-01	 3.877E-02	 3.398E+00	-7.747E-01	 0.000E+00	 0.000E+00	 0.000E+00	 1.707E+03	 1.968E+01
   94.5000	 9.283E-04	 1.629E-03	 9.044E+00	 8.773E+02	 8.164E+01	 0.000E+00	 5.803E+03	 5.046E+03	 5.822E+03	 4.203E+03	-8.578E+02	-1.518E+03	 3.355E+00	 2.693E+00	 3.264E+00	-7.959E-01	-8.242E-02	-4.615E-02	 3.355E+00	-7.959E-01	 0.000E+00	 0.000E+00	 0.000E+00	 1.707E+03	 1.968E+01
   94.7500	 1.163E-03	 1.678E-04	 9.044E+00	 8.772E+02	 9.521E+01	 0.000E+00	 5.728E+03	 5.099E+03	 5.867E+03	 4.195E+03	-1.584E+03	-7.834E+02	 3.296E+00	 2.715E+00	 3.315E+00	-7.893E-01	 9.635E-03	-1.459E-01	 3.296E+00	-7.893E-01	 0.000E+00	 0.000E+00	 0.000E+00	 1.707E+03	 1.968E+01
   95.0000	 9.964E-04	-1.427E-03	 9.043E+00	 8.772E+02	 1.088E+02	 0.000E+00	 5.635E+03	 5.192E+03	 5.902E+03	 3.985E+03	-2.186E+03	 2.986E+01	 3.222E+00	 2.768E+00	 3.360E+00	-7.552E-01	 8.304E-02	-2.553E-01	 3.222E+00	-7.552E-01	 0.000E+00	 0.000E+00	 0.000E+00	 1.707E+03	 1.968E+01
   95.2500	 5.225E-04	-2.226E-03	 9.044E+00	 8.772E+02	 1.223E+02	 0.000E+00	 5.527E+03	 5.305E+03	 5.926E+03	 3.584E+03	-2.633E+03	 8.772E+02	 3.133E+00	 2.840E+00	 3.395E+00	-6.952E-01	 1.347E-01	-3.684E-01	 3.133E+00	-6.952E-01	 0.000E+00	 0.000E+00	 0.000E+00	 1.707E+03	 1.968E+01
   95.5000	-2.464E-05	-1.968E-03	 9.044E+00	 8.773E+02	 1.359E+02	 0.000E+00	 5.407E+03	 5.423E+03	 5.939E+03	 3.017E+03	-2.900E+03	 1.713E+03	 3.034E+00	 2.920E+00	 3.422E+00	-6.129E-01	 1.625E-01	-4.792E-01	 3.034E+00	-6.129E-01	 0.000E+00	 0.000E+00	 0.000E+00	 1.707E+03	 1.968E+01
   95.7500	-3.813E-04	-8.214E-04	 9.044E+00	 8.773E+02	 1.495E+02	 0.000E+00	 5.284E+03	 5.531E+03	 5.940E+03	 2.314E+03	-2.975E+03	 2.490E+03	 2.931E+00	 3.001E+00	 3.436E+00	-5.129E-01	 1.653E-01	-5.813E-01	 2.931E+00	-5.129E-01	 0.000E+00	 0.000E+00	 0.000E+00	 1.707E+03	 1.968E+01
   96.0000	-3.979E-04	 7.345E-04	 9.045E+00	 8.773E+02	 1.630E+02	 0.000E+00	 5.172E+03	 5.627E+03	 5.926E+03	 1.517E+03	-2.851E+03	 3.163E+03	 2.832E+00	 3.078E+00	 3.436E+00	-4.012E-01	 1.427E-01	-6.687E-01	 2.832E+00	-4.012E-01	 0.000E+00	 0.000E+00	 0.000E+00	 1.707E+03	 1.968E+01
   96.2500	-5.074E-05	 1.951E-03	 9.045E+00	 8.773E+02	 1.766E+02	 0.000E+00	 5.085E+03	 5.708E+03	 5.897E+03	 6.706E+02	-2.536E+03	 3.694E+03	 2.753E+00	 3.149E+00	 3.422E+00	-2.850E-01	 9.573E-02	-7.362E-01	 2.753E+00	-2.850E-01	 0.000E+00	 0.000E+00	 0.000E+00	 1.707E+03	 1.968E+01
   96.5000	 4.979E-04	 2.257E-03	 9.044E+00	 8.773E+02	 1.902E+02	 0.000E+00	 5.042E+03	 5.775E+03	 5.853E+03	-1.762E+02	-2.048E+03	 4.052E+03	 2.704E+00	 3.214E+00	 3.392E+00	-1.715E-01	 2.683E-02	-7.798E-01	 2.704E+00	-1.715E-01	 0.000E+00	 0.000E+00	 0.000E+00	 1.707E+03	 1.968E+01
   96.7500	 9.875E-04	 1.441E-03	 9.044E+00	 8.773E+02	 2.037E+02	 0.000E+00	 5.051E+03	 5.829E+03	 5.792E+03	-9.766E+02	-1.411E+03	 4.216E+03	 2.694E+00	 3.272E+00	 3.347E+00	-6.714E-02	-6.070E-02	-7.967E-01	 2.694E+00	-6.714E-02	 0.000E+00	 0.000E+00	 0.000E+00	 1.707E+03	 1.968E+01
   97.0000	 1.164E-03	-2.022E-04	 9.044E+00	 8.772E+02	 2.173E+02	 0.000E+00	 5.111E+03	 5.873E+03	 5.714E+03	-1.686E+03	-6.619E+02	 4.176E+03	 2.721E+00	 3.323E+00	 3.285E+00	 2.227E-02	-1.624E-01	-7.858E-01	 2.721E+00	 2.227E-02	 0.000E+00	 0.000E+00	 0.000E+00	 1.707E+03	 1.968E+01
   97.2500	 9.391E-04	-1.561E-03	 9.043E+00	 8.772E+02	 2.309E+02	 0.000E+00	 5.209E+03	 5.906E+03	 5.620E+03	-2.266E+03	 1.595E+02	 3.935E+03	 2.778E+00	 3.366E+00	 3.209E+00	 9.247E-02	-2.727E-01	-7.475E-01	 2.778E+00	 9.247E-02	 0.000E+00	 0.000E+00	 0.000E+00	 1.707E+03	 1.968E+01
   97.5000	 4.362E-04	-2.270E-03	 9.044E+00	 8.772E+02	 2.444E+02	 0.000E+00	 5.324E+03	 5.929E+03	 5.509E+03	-2.686E+03	 1.008E+03	 3.507E+03	 2.852E+00	 3.400E+00	 3.118E+00	 1.406E-01	-3.858E-01	-6.839E-01	 2.852E+00	 1.406E-01	 0.000E+00	 0.000E+00	 0.000E+00	 1.707E+03	 1.968E+01
   97.7500	-9.851E-05	-1.826E-03	 9.044E+00	 8.773E+02	 2.580E+02	 0.000E+00	 5.440E+03	 5.940E+03	 5.388E+03	-2.925E+03	 1.838E+03	 2.916E+03	 2.932E+00	 3.425E+00	 3.018E+00	 1.646E-01	-4.957E-01	-5.985E-01	 2.932E+00	 1.646E-01	 0.000E+00	 0.000E+00	 0.000E+00	 1.707E+03	 1.968E+01
   98.0000	-4.090E-04	-6.204E-04	 9.044E+00	 8.773E+02	 2.716E+02	 0.000E+00	 5.547E+03	 5.938E+03	 5.266E+03	-2.968E+03	 2.602E+03	 2.196E+03	 3.013E+00	 3.437E+00	 2.915E+00	 1.634E-01	-5.959E-01	-4.962E-01	 3.013E+00	 1.634E-01	 0.000E+00	 0.000E+00	 0.000E+00	 1.707E+03	 1.968E+01
   98.2500	-3.649E-04	 9.693E-04	 9.045E+00	 8.773E+02	 2.851E+02	 0.000E+00	 5.640E+03	 5.922E+03	 5.157E+03	-2.815E+03	 3.255E+03	 1.388E+03	 3.089E+00	 3.435E+00	 2.819E+00	 1.369E-01	-6.806E-01	-3.834E-01	 3.089E+00	 1.369E-01	 0.000E+00	 0.000E+00	 0.000E+00	 1.707E+03	 1.968E+01
   98.5000	 2.589E-05	 2.027E-03	 9.044E+00	 8.773E+02	 2.987E+02	 0.000E+00	 5.719E+03	 5.891E+03	 5.075E+03	-2.472E+03	 3.761E+03	 5.388E+02	 3.160E+00	 3.418E+00	 2.743E+00	 8.647E-02	-7.446E-01	-2.672E-01	 3.160E+00	 8.647E-02	 0.000E+00	 0.000E+00	 0.000E+00	 1.707E+03	 1.968E+01
   98.7500	 5.845E-04	 2.223E-03	 9.044E+00	 8.773E+02	 3.123E+02	 0.000E+00	 5.785E+03	 5.845E+03	 5.040E+03	-1.958E+03	 4.090E+03	-3.039E+02	 3.223E+00	 3.386E+00	 2.700E+00	 1.444E-02	-7.842E-01	-1.546E-01	 3.223E+00	 1.444E-02	 0.000E+00	 0.000E+00	 0.000E+00	 1.707E+03	 1.968E+01
   99.0000	 1.040E-03	 1.249E-03	 9.044E+00	 8.772E+02	 3.258E+02	 0.000E+00	 5.837E+03	 5.782E+03	 5.058E+03	-1.302E+03	 4.223E+03	-1.093E+03	 3.280E+00	 3.338E+00	 2.696E+00	-7.561E-02	-7.969E-01	-5.222E-02	 3.280E+00	-7.561E-02	 0.000E+00	 0.000E+00	 0.000E+00	 1.707E+03	 1.968E+01
   99.2500	 1.155E-03	-4.076E-04	 9.043E+00	 8.772E+02	 3.394E+02	 0.000E+00	 5.879E+03	 5.701E+03	 5.124E+03	-5.386E+02	 4.151E+03	-1.785E+03	 3.330E+00	 3.274E+00	 2.728E+00	-1.790E-01	-7.816E-01	 3.443E-02	 3.330E+00	-1.790E-01	 0.000E+00	 0.000E+00	 0.000E+00	 1.707E+03	 1.968E+01
   99.5000	 8.713E-04	-1.749E-03	 9.043E+00	 8.772E+02	 3.530E+02	 0.000E+00	 5.910E+03	 5.603E+03	 5.226E+03	 2.898E+02	 3.881E+03	-2.342E+03	 3.372E+00	 3.196E+00	 2.788E+00	-2.901E-01	-7.393E-01	 1.014E-01	 3.372E+00	-2.901E-01	 0.000E+00	 0.000E+00	 0.000E+00	 1.707E+03	 1.968E+01
   99.7500	 3.504E-04	-2.247E-03	 9.044E+00	 8.772E+02	 6.528E+00	 0.000E+00	 5.932E+03	 5.491E+03	 5.342E+03	 1.139E+03	 3.426E+03	-2.735E+03	 3.405E+00	 3.103E+00	 2.864E+00	-4.032E-01	-6.720E-01	 1.459E-01	 3.405E+00	-4.032E-01	 0.000E+00	 0.000E+00	 0.000E+00	 1.707E+03	 1.968E+01
  100.0000	-1.670E-04	-1.677E-03	 9.044E+00	 8.773E+02	 2.009E+01	 0.000E+00	 5.941E+03	 5.369E+03	 5.458E+03	 1.961E+03	 2.813E+03	-2.944E+03	 3.427E+00	 3.002E+00	 2.945E+00	-5.120E-01	-5.836E-01	 1.661E-01	 3.427E+00	-5.120E-01	 0.000E+00	 0.000E+00	 0.000E+00	 1.707E+03	 1.968E+01
  100.2500	-4.273E-04	-3.661E-04	 9.044E+00	 8.773E+02	 3.366E+01	 0.000E+00	 5.937E+03	 5.248E+03	 5.562E+03	 2.711E+03	 2.076E+03	-2.957E+03	 3.437E+00	 2.899E+00	 3.025E+00	-6.101E-01	-4.793E-01	 1.610E-01	 3.437E+00	-6.101E-01	 0.000E+00	 0.000E+00	 0.000E+00	 1.707E+03	 1.968E+01
  100.5000	-3.244E-04	 1.149E-03	 9.045E+00	 8.773E+02	 4.723E+01	 0.000E+00	 5.919E+03	 5.142E+03	 5.654E+03	 3.344E+03	 1.259E+03	-2.774E+03	 3.433E+00	 2.805E+00	 3.100E+00	-6.919E-01	-3.655E-01	 1.307E-01	 3.433E+00	-6.919E-01	 0.000E+00	 0.000E+00	 0.000E+00	 1.707E+03	 1.968E+01
  100.7500	 1.062E-04	 2.140E-03	 9.044E+00	 8.773E+02	 6.079E+01	 0.000E+00	 5.885E+03	 5.067E+03	 5.730E+03	 3.824E+03	 4.072E+02	-2.403E+03	 3.414E+00	 2.734E+00	 3.170E+00	-7.524E-01	-2.494E-01	 7.670E-02	 3.414E+00	-7.524E-01	 0.000E+00	 0.000E+00	 0.000E+00	 1.707E+03	 1.968E+01
  101.0000	 6.690E-04	 2.156E-03	 9.044E+00	 8.773E+02	 7.436E+01	 0.000E+00	 5.836E+03	 5.039E+03	 5.793E+03	 4.124E+03	-4.304E+02	-1.866E+03	 3.380E+00	 2.696E+00	 3.233E+00	-7.880E-01	-1.380E-01	 1.613E-03	 3.380E+00	-7.880E-01	 0.000E+00	 0.000E+00	 0.000E+00	 1.707E+03	 1.968E+01
  101.2500	 1.084E-03	 1.019E-03	 9.044E+00	 8.772E+02	 8.793E+01	 0.000E+00	 5.770E+03	 5.065E+03	 5.844E+03	 4.225E+03	-1.207E+03	-1.190E+03	 3.329E+00	 2.698E+00	 3.288E+00	-7.963E-01	-3.769E-02	-9.084E-02	 3.329E+00	-7.963E-01	 0.000E+00	 0.000E+00	 0.000E+00	 1.707E+03	 1.968E+01
  101.5000	 1.133E-03	-6.520E-04	 9.043E+00	 8.772E+02	 1.015E+02	 0.000E+00	 5.687E+03	 5.138E+03	 5.884E+03	 4.122E+03	-1.880E+03	-4.139E+02	 3.263E+00	 2.736E+00	 3.337E+00	-7.768E-01	 4.612E-02	-1.958E-01	 3.263E+00	-7.768E-01	 0.000E+00	 0.000E+00	 0.000E+00	 1.707E+03	 1.968E+01
  101.7500	 8.023E-04	-1.871E-03	 9.043E+00	 8.772E+02	 1.151E+02	 0.000E+00	 5.587E+03	 5.243E+03	 5.914E+03	 3.822E+03	-2.414E+03	 4.205E+02	 3.182E+00	 2.799E+00	 3.377E+00	-7.304E-01	 1.098E-01	-3.076E-01	 3.182E+00	-7.304E-01	 0.000E+00	 0.000E+00	 0.000E+00	 1.707E+03	 1.968E+01
  102.0000	 2.629E-04	-2.263E-03	 9.044E+00	 8.772E+02	 1.286E+02	 0.000E+00	 5.472E+03	 5.360E+03	 5.934E+03	 3.341E+03	-2.780E+03	 1.268E+03	 3.088E+00	 2.876E+00	 3.409E+00	-6.597E-01	 1.507E-01	-4.204E-01	 3.088E+00	-6.597E-01	 0.000E+00	 0.000E+00	 0.000E+00	 1.707E+03	 1.968E+01
  102.2500	-2.216E-04	-1.409E-03	 9.044E+00	 8.773E+02	 1.422E+02	 0.000E+00	 5.350E+03	 5.475E+03	 5.941E+03	 2.706E+03	-2.959E+03	 2.083E+03	 2.986E+00	 2.958E+00	 3.430E+00	-5.684E-01	 1.670E-01	-5.280E-01	 2.986E+00	-5.684E-01	 0.000E+00	 0.000E+00	 0.000E+00	 1.707E+03	 1.968E+01
  102.5000	-3.453E-04	 3.409E-04	 9.044E+00	 8.773E+02	 1.558E+02	 0.000E+00	 5.230E+03	 5.578E+03	 5.935E+03	 1.954E+03	-2.942E+03	 2.817E+03	 2.884E+00	 3.037E+00	 3.437E+00	-4.622E-01	 1.579E-01	-6.239E-01	 2.884E+00	-4.622E-01	 0.000E+00	 0.000E+00	 0.000E+00	 1.707E+03	 1.968E+01
  102.7500	-1.208E-04	 1.388E-03	 9.045E+00	 8.773E+02	 1.693E+02	 0.000E+00	 5.128E+03	 5.666E+03	 5.914E+03	 1.128E+03	-2.728E+03	 3.429E+03	 2.792E+00	 3.112E+00	 3.431E+00	-3.476E-01	 1.238E-01	-7.027E-01	 2.792E+00	-3.476E-01	 0.000E+00	 0.000E+00	 0.000E+00	 1.707E+03	 1.968E+01
  103.0000	 3.285E-04	 1.970E-03	 9.044E+00	 8.773E+02	 1.829E+02	 0.000E+00	 5.059E+03	 5.741E+03	 5.879E+03	 2.756E+02	-2.330E+03	 3.883E+03	 2.726E+00	 3.180E+00	 3.410E+00	-2.317E-01	 6.639E-02	-7.596E-01	 2.726E+00	-2.317E-01	 0.000E+00	 0.000E+00	 0.000E+00	 1.707E+03	 1.968E+01
  103.2500	-8.683E-01	-4.767E+00	 8.948E+00	 8.710E+02	 1.964E+02	 0.000E+00	 4.069E+03	 5.181E+03	 7.400E+03	-4.388E+02	-2.049E+03	 4.160E+03	 2.441E+00	 2.363E+00	 4.496E+00	-1.781E-02	-2.477E-02	-8.827E-01	 2.441E+00	-1.781E-02	 0.000E+00	 0.000E+00	 0.000E+00	 1.690E+03	 1.963E+01
  103.5000	-1.412E+00	-1.105E+00	 9.033E+00	 8.782E+02	 2.099E+02	 0.000E+00	 3.723E+03	 5.025E+03	 7.817E+03	-1.401E+03	-1.543E+03	 4.975E+03	 2.067E+00	 2.636E+00	 4.569E+00	-4.453E-02	 1.238E-01	-1.037E+00	 2.067E+00	-4.453E-02	 0.000E+00	 0.000E+00	 0.000E+00	 1.701E+03	 1.959E+01
  103.7500	-1.968E+00	-2.253E+00	 9.011E+00	 8.753E+02	 2.235E+02	 0.000E+00	 4.053E+03	 6.058E+03	 6.422E+03	-1.579E+03	-1.835E+03	 5.038E+03	 2.049E+00	 3.146E+00	 3.983E+00	 8.906E-02	-1.041E-02	-9.593E-01	 2.049E+00	 8.906E-02	 0.000E+00	 0.000E+00	 0.000E+00	 1.698E+03	 1.962E+01
  104.0000	-2.296E+00	-1.164E+00	 9.037E+00	 8.773E+02	 2.370E+02	 0.000E+00	 4.108E+03	 6.417E+03	 5.872E+03	-3.238E+03	 1.524E+03	 3.774E+03	 2.171E+00	 3.520E+00	 3.472E+00	 2.722E-01	-4.386E-01	-7.873E-01	 2.171E+00	 2.722E-01	 0.000E+00	 0.000E+00	 0.000E+00	 1.700E+03	 1.960E+01
  104.2500	-2.630E+00	-1.002E+00	 9.046E+00	 8.788E+02	 2.506E+02	 0.000E+00	 4.749E+03	 6.479E+03	 5.364E+03	-3.216E+03	 1.637E+03	 3.237E+03	 2.383E+00	 3.742E+00	 3.106E+00	 2.738E-01	-5.484E-01	-6.052E-01	 2.383E+00	 2.738E-01	 0.000E+00	 0.000E+00	 0.000E+00	 1.708E+03	 1.966E+01
  104.5000	-2.833E+00	-9.564E-01	 9.037E+00	 8.757E+02	 2.641E+02	 0.000E+00	 4.828E+03	 6.659E+03	 5.195E+03	-2.546E+03	 1.712E+03	 2.804E+03	 2.588E+00	 3.747E+00	 2.998E+00	 1.226E-01	-4.515E-01	-6.179E-01	 2.588E+00	 1.226E-01	 0.000E+00	 0.000E+00	 0.000E+00	 1.701E+03	 1.965E+01
  104.7500	-3.031E+00	-4.457E-01	 9.060E+00	 8.803E+02	 2.777E+02	 0.000E+00	 5.340E+03	 6.261E+03	 5.196E+03	-3.044E+03	 2.597E+03	 2.225E+03	 2.791E+00	 3.702E+00	 2.879E+00	 1.894E-01	-6.116E-01	-4.918E-01	 2.791E+00	 1.894E-01	 0.000E+00	 0.000E+00	 0.000E+00	 1.713E+03	 1.968E+01
  105.0000	-3.157E+00	-6.668E-01	 9.040E+00	 8.756E+02	 2.913E+02	 0.000E+00	 5.407E+03	 6.322E+03	 5.006E+03	-3.310E+03	 4.404E+03	 7.455E+02	 2.919E+00	 3.650E+00	 2.794E+00	 2.507E-01	-8.796E-01	-2.964E-01	 2.919E+00	 2.507E-01	 0.000E+00	 0.000E+00	 0.000E+00	 1.704E+03	 1.968E+01
  105.2500	-3.274E+00	-2.277E-01	 9.062E+00	 8.801E+02	 3.049E+02	 0.000E+00	 5.577E+03	 6.173E+03	 4.948E+03	-2.294E+03	 4.105E+03	 8.086E+01	 3.030E+00	 3.640E+00	 2.657E+00	 6.982E-02	-8.171E-01	-1.904E-01	 3.030E+00	 6.982E-02	 0.000E+00	 0.000E+00	 0.000E+00	 1.713E+03	 1.969E+01
  105.5000	-3.354E+00	-4.251E-01	 9.046E+00	 8.768E+02	 3.185E+02	 0.000E+00	 5.725E+03	 6.156E+03	 4.780E+03	-1.284E+03	 3.474E+03	-4.463E+02	 3.165E+00	 3.549E+00	 2.592E+00	-8.350E-02	-6.794E-01	-1.398E-01	 3.165E+00	-8.350E-02	 0.000E+00	 0.000E+00	 0.000E+00	 1.709E+03	 1.971E+01
  105.7500	-3.423E+00	-1.412E-01	 9.057E+00	 8.786E+02	 3.320E+02	 0.000E+00	 5.871E+03	 5.890E+03	 4.903E+03	-1.184E+03	 4.457E+03	-1.331E+03	 3.276E+00	 3.451E+00	 2.588E+00	-8.356E-02	-8.463E-01	-1.901E-02	 3.276E+00	-8.356E-02	 0.000E+00	 0.000E+00	 0.000E+00	 1.711E+03	 1.970E+01
  106.0000	-3.474E+00	-2.505E-01	 9.052E+00	 8.782E+02	 3.456E+02	 0.000E+00	 5.928E+03	 5.813E+03	 4.992E+03	-6.585E+02	 4.776E+03	-2.394E+03	 3.337E+00	 3.362E+00	 2.645E+00	-1.388E-01	-9.010E-01	 1.372E-01	 3.337E+00	-1.388E-01	 0.000E+00	 0.000E+00	 0.000E+00	 1.712E+03	 1.973E+01
  106.2500	-3.514E+00	-9.128E-02	 9.051E+00	 8.772E+02	 3.592E+02	 0.000E+00	 5.946E+03	 5.705E+03	 5.084E+03	 9.846E+02	 3.478E+03	-2.540E+03	 3.401E+00	 3.264E+00	 2.699E+00	-3.970E-01	-6.840E-01	 1.316E-01	 3.401E+00	-3.970E-01	 0.000E+00	 0.000E+00	 0.000E+00	 1.709E+03	 1.970E+01
  106.5000	-3.546E+00	-1.485E-01	 9.056E+00	 8.793E+02	 1.276E+01	 0.000E+00	 6.045E+03	 5.526E+03	 5.201E+03	 1.810E+03	 2.616E+03	-2.655E+03	 3.474E+00	 3.116E+00	 2.782E+00	-5.102E-01	-5.385E-01	 1.322E-01	 3.474E+00	-5.102E-01	 0.000E+00	 0.000E+00	 0.000E+00	 1.714E+03	 1.972E+01
  106.7500	-3.572E+00	-7.336E-02	 9.048E+00	 8.766E+02	 2.634E+01	 0.000E+00	 6.075E+03	 5.298E+03	 5.366E+03	 1.975E+03	 2.964E+03	-3.083E+03	 3.506E+00	 2.981E+00	 2.880E+00	-5.032E-01	-6.241E-01	 1.928E-01	 3.506E+00	-5.032E-01	 0.000E+00	 0.000E+00	 0.000E+00	 1.708E+03	 1.971E+01
  107.0000	-3.591E+00	-7.036E-02	 9.056E+00	 8.794E+02	 3.992E+01	 0.000E+00	 6.023E+03	 5.209E+03	 5.500E+03	 2.822E+03	 2.177E+03	-3.162E+03	 3.500E+00	 2.877E+00	 2.972E+00	-6.201E-01	-5.125E-01	 2.032E-01	 3.500E+00	-6.201E-01	 0.000E+00	 0.000E+00	 0.000E+00	 1.714E+03	 1.972E+01
  107.2500	-3.604E+00	-4.206E-02	 9.047E+00	 8.768E+02	 5.350E+01	 0.000E+00	 6.009E+03	 5.128E+03	 5.558E+03	 4.003E+03	 3.361E+02	-2.546E+03	 3.501E+00	 2.777E+00	 3.049E+00	-8.008E-01	-2.191E-01	 1.020E-01	 3.501E+00	-8.008E-01	 0.000E+00	 0.000E+00	 0.000E+00	 1.709E+03	 1.972E+01
  107.5000	-3.616E+00	-4.656E-02	 9.052E+00	 8.785E+02	 6.707E+01	 0.000E+00	 6.012E+03	 4.987E+03	 5.663E+03	 4.128E+03	-2.282E+02	-2.015E+03	 3.498E+00	 2.681E+00	 3.132E+00	-8.064E-01	-1.508E-01	 1.926E-02	 3.498E+00	-8.064E-01	 0.000E+00	 0.000E+00	 0.000E+00	 1.712E+03	 1.971E+01
  107.7500	-3.625E+00	-3.288E-02	 9.048E+00	 8.775E+02	 8.065E+01	 0.000E+00	 5.945E+03	 4.935E+03	 5.781E+03	 3.798E+03	-2.420E+02	-1.793E+03	 3.444E+00	 2.645E+00	 3.217E+00	-7.300E-01	-1.843E-01	 4.806E-03	 3.444E+00	-7.300E-01	 0.000E+00	 0.000E+00	 0.000E+00	 1.710E+03	 1.972E+01
  108.0000	-3.632E+00	-2.063E-02	 9.047E+00	 8.774E+02	 9.421E+01	 0.000E+00	 5.809E+03	 5.034E+03	 5.830E+03	 4.282E+03	-1.408E+03	-9.849E+02	 3.365E+00	 2.671E+00	 3.283E+00	-8.097E-01	-1.768E-02	-1.116E-01	 3.365E+00	-8.097E-01	 0.000E+00	 0.000E+00	 0.000E+00	 1.709E+03	 1.970E+01
  108.2500	-3.637E+00	-2.179E-02	 9.048E+00	 8.780E+02	 1.078E+02	 0.000E+00	 5.736E+03	 5.120E+03	 5.870E+03	 4.414E+03	-2.755E+03	 1.205E+02	 3.297E+00	 2.708E+00	 3.338E+00	-8.352E-01	 1.907E-01	-2.717E-01	 3.297E+00	-8.352E-01	 0.000E+00	 0.000E+00	 0.000E+00	 1.711E+03	 1.971E+01
  108.5000	-3.642E+00	-1.663E-02	 9.044E+00	 8.767E+02	 1.214E+02	 0.000E+00	 5.638E+03	 5.152E+03	 5.942E+03	 3.536E+03	-2.561E+03	 8.858E+02	 3.208E+00	 2.750E+00	 3.401E+00	-6.917E-01	 1.302E-01	-3.744E-01	 3.208E+00	-6.917E-01	 0.000E+00	 0.000E+00	 0.000E+00	 1.707E+03	 1.970E+01
  108.7500	-3.646E+00	-1.553E-02	 9.048E+00	 8.783E+02	 1.349E+02	 0.000E+00	 5.473E+03	 5.275E+03	 6.004E+03	 2.752E+03	-2.376E+03	 1.441E+03	 3.079E+00	 2.833E+00	 3.452E+00	-5.666E-01	 7.629E-02	-4.358E-01	 3.079E+00	-5.666E-01	 0.000E+00	 0.000E+00	 0.000E+00	 1.710E+03	 1.970E+01
  109.0000	-3.649E+00	-1.037E-02	 9.043E+00	 8.766E+02	 1.485E+02	 0.000E+00	 5.299E+03	 5.442E+03	 5.995E+03	 2.606E+03	-3.196E+03	 2.410E+03	 2.956E+00	 2.928E+00	 3.473E+00	-5.632E-01	 2.091E-01	-5.721E-01	 2.956E+00	-5.632E-01	 0.000E+00	 0.000E+00	 0.000E+00	 1.707E+03	 1.970E+01
  109.2500	-3.651E+00	-3.938E-03	 9.047E+00	 8.780E+02	 1.621E+02	 0.000E+00	 5.199E+03	 5.525E+03	 5.987E+03	 1.870E+03	-3.351E+03	 3.333E+03	 2.859E+00	 2.996E+00	 3.484E+00	-4.637E-01	 2.367E-01	-7.050E-01	 2.859E+00	-4.637E-01	 0.000E+00	 0.000E+00	 0.000E+00	 1.709E+03	 1.969E+01
  109.5000	-3.651E+00	 1.091E-04	 9.043E+00	 8.769E+02	 1.756E+02	 0.000E+00	 5.105E+03	 5.572E+03	 6.003E+03	 4.579E+02	-2.308E+03	 3.644E+03	 2.762E+00	 3.066E+00	 3.490E+00	-2.449E-01	 6.109E-02	-7.336E-01	 2.762E+00	-2.449E-01	 0.000E+00	 0.000E+00	 0.000E+00	 1.707E+03	 1.969E+01
  109.7500	-3.652E+00	-7.330E-03	 9.044E+00	 8.773E+02	 1.892E+02	 0.000E+00	 4.991E+03	 5.687E+03	 5.972E+03	-2.761E+02	-1.747E+03	 3.888E+03	 2.678E+00	 3.157E+00	 3.468E+00	-1.491E-01	-2.562E-02	-7.577E-01	 2.678E+00	-1.491E-01	 0.000E+00	 0.000E+00	 0.000E+00	 1.707E+03	 1.968E+01
  110.0000	-3.654E+00	-5.168E-03	 9.042E+00	 8.772E+02	 2.028E+02	 0.000E+00	 4.971E+03	 5.801E+03	 5.884E+03	-6.178E+02	-1.884E+03	 4.293E+03	 2.653E+00	 3.233E+00	 3.417E+00	-1.242E-01	 2.375E-02	-8.151E-01	 2.653E+00	-1.242E-01	 0.000E+00	 0.000E+00	 0.000E+00	 1.707E+03	 1.969E+01
  110.2500	-3.654E+00	 1.422E-03	 9.040E+00	 8.766E+02	 2.163E+02	 0.000E+00	 5.049E+03	 5.824E+03	 5.800E+03	-1.543E+03	-9.875E+02	 4.383E+03	 2.680E+00	 3.284E+00	 3.354E+00	 1.292E-03	-1.043E-01	-8.279E-01	 2.680E+00	 1.292E-03	 0.000E+00	 0.000E+00	 0.000E+00	 1.705E+03	 1.968E+01
  110.5000	-3.654E+00	-1.898E-03	 9.042E+00	 8.774E+02	 2.299E+02	 0.000E+00	 5.124E+03	 5.864E+03	 5.729E+03	-2.567E+03	 4.918E+02	 3.885E+03	 2.717E+00	 3.345E+00	 3.278E+00	 1.521E-01	-3.326E-01	-7.427E-01	 2.717E+00	 1.521E-01	 0.000E+00	 0.000E+00	 0.000E+00	 1.707E+03	 1.968E+01
  110.7500	-3.656E+00	-8.392E-03	 9.039E+00	 8.764E+02	 2.434E+02	 0.000E+00	 5.182E+03	 5.956E+03	 5.592E+03	-2.677E+03	 1.060E+03	 3.449E+03	 2.767E+00	 3.413E+00	 3.177E+00	 1.467E-01	-4.000E-01	-6.760E-01	 2.767E+00	 1.467E-01	 0.000E+00	 0.000E+00	 0.000E+00	 1.704E+03	 1.967E+01
  111.0000	-3.657E+00	-3.064E-03	 9.041E+00	 8.773E+02	 2.570E+02	 0.000E+00	 5.310E+03	 6.003E+03	 5.428E+03	-2.626E+03	 1.339E+03	 3.120E+03	 2.850E+00	 3.452E+00	 3.058E+00	 1.181E-01	-4.122E-01	-6.352E-01	 2.850E+00	 1.181E-01	 0.000E+00	 0.000E+00	 0.000E+00	 1.706E+03	 1.967E+01
  111.2500	-3.657E+00	 1.864E-03	 9.038E+00	 8.765E+02	 2.706E+02	 0.000E+00	 5.451E+03	 5.975E+03	 5.303E+03	-3.084E+03	 2.532E+03	 2.363E+03	 2.941E+00	 3.466E+00	 2.945E+00	 1.888E-01	-5.874E-01	-5.253E-01	 2.941E+00	 1.888E-01	 0.000E+00	 0.000E+00	 0.000E+00	 1.704E+03	 1.967E+01
  111.5000	-3.657E+00	 1.080E-03	 9.040E+00	 8.770E+02	 2.841E+02	 0.000E+00	 5.528E+03	 5.982E+03	 5.189E+03	-3.128E+03	 3.642E+03	 1.332E+03	 3.009E+00	 3.484E+00	 2.840E+00	 1.973E-01	-7.555E-01	-3.725E-01	 3.009E+00	 1.973E-01	 0.000E+00	 0.000E+00	 0.000E+00	 1.705E+03	 1.967E+01
  111.7500	-3.657E+00	 5.465E-04	 9.039E+00	 8.767E+02	 2.977E+02	 0.000E+00	 5.597E+03	 6.008E+03	 5.061E+03	-2.396E+03	 3.643E+03	 5.567E+02	 3.080E+00	 3.490E+00	 2.740E+00	 7.799E-02	-7.309E-01	-2.664E-01	 3.080E+00	 7.799E-02	 0.000E+00	 0.000E+00	 0.000E+00	 1.705E+03	 1.967E+01
  112.0000	-3.657E+00	 2.592E-04	 9.038E+00	 8.766E+02	 3.112E+02	 0.000E+00	 5.704E+03	 5.954E+03	 4.983E+03	-1.809E+03	 3.733E+03	-7.923E+01	 3.167E+00	 3.455E+00	 2.674E+00	-1.079E-02	-7.269E-01	-1.898E-01	 3.167E+00	-1.079E-02	 0.000E+00	 0.000E+00	 0.000E+00	 1.704E+03	 1.966E+01
  112.2500	-3.657E+00	-5.280E-04	 9.038E+00	 8.768E+02	 3.248E+02	 0.000E+00	 5.794E+03	 5.857E+03	 5.002E+03	-1.591E+03	 4.430E+03	-1.029E+03	 3.240E+00	 3.401E+00	 2.660E+00	-2.401E-02	-8.376E-01	-5.815E-02	 3.240E+00	-2.401E-02	 0.000E+00	 0.000E+00	 0.000E+00	 1.704E+03	 1.966E+01
  112.5000	-3.657E+00	 8.589E-04	 9.035E+00	 8.762E+02	 3.383E+02	 0.000E+00	 5.830E+03	 5.793E+03	 5.052E+03	-7.856E+02	 4.500E+03	-1.881E+03	 3.293E+00	 3.346E+00	 2.679E+00	-1.352E-01	-8.488E-01	 5.735E-02	 3.293E+00	-1.352E-01	 0.000E+00	 0.000E+00	 0.000E+00	 1.703E+03	 1.966E+01
  112.7500	-3.656E+00	-4.277E-04	 9.037E+00	 8.768E+02	 3.519E+02	 0.000E+00	 5.883E+03	 5.717E+03	 5.111E+03	 4.296E+02	 3.682E+03	-2.288E+03	 3.355E+00	 3.266E+00	 2.718E+00	-3.167E-01	-7.084E-01	 9.893E-02	 3.355E+00	-3.167E-01	 0.000E+00	 0.000E+00	 0.000E+00	 1.704E+03	 1.965E+01
  113.0000	-3.657E+00	-5.662E-03	 9.035E+00	 8.762E+02	 5.453E+00	 0.000E+00	 5.959E+03	 5.561E+03	 5.210E+03	 1.148E+03	 3.275E+03	-2.602E+03	 3.418E+00	 3.153E+00	 2.783E+00	-4.094E-01	-6.464E-01	 1.292E-01	 3.418E+00	-4.094E-01	 0.000E+00	 0.000E+00	 0.000E+00	 1.702E+03	 1.965E+01
  113.2500	-3.658E+00	-2.553E-03	 9.036E+00	 8.766E+02	 1.901E+01	 0.000E+00	 5.990E+03	 5.398E+03	 5.346E+03	 1.651E+03	 3.199E+03	-3.015E+03	 3.453E+00	 3.039E+00	 2.865E+00	-4.621E-01	-6.521E-01	 1.846E-01	 3.453E+00	-4.621E-01	 0.000E+00	 0.000E+00	 0.000E+00	 1.703E+03	 1.965E+01
  113.5000	-3.658E+00	 4.068E-03	 9.035E+00	 8.763E+02	 3.256E+01	 0.000E+00	 5.980E+03	 5.291E+03	 5.450E+03	 2.625E+03	 2.288E+03	-3.101E+03	 3.469E+00	 2.933E+00	 2.945E+00	-5.995E-01	-5.168E-01	 1.924E-01	 3.469E+00	-5.995E-01	 0.000E+00	 0.000E+00	 0.000E+00	 1.702E+03	 1.965E+01
  113.7500	-3.657E+00	 2.142E-03	 9.035E+00	 8.764E+02	 4.611E+01	 0.000E+00	 5.989E+03	 5.173E+03	 5.526E+03	 3.550E+03	 1.025E+03	-2.738E+03	 3.485E+00	 2.822E+00	 3.018E+00	-7.349E-01	-3.225E-01	 1.291E-01	 3.485E+00	-7.349E-01	 0.000E+00	 0.000E+00	 0.000E+00	 1.702E+03	 1.965E+01
  114.0000	-3.657E+00	-1.574E-03	 9.035E+00	 8.764E+02	 5.967E+01	 0.000E+00	 5.995E+03	 5.035E+03	 5.626E+03	 3.766E+03	 4.448E+02	-2.398E+03	 3.485E+00	 2.723E+00	 3.098E+00	-7.492E-01	-2.511E-01	 7.915E-02	 3.485E+00	-7.492E-01	 0.000E+00	 0.000E+00	 0.000E+00	 1.702E+03	 1.965E+01
  114.2500	-3.657E+00	 1.569E-03	 9.034E+00	 8.762E+02	 7.322E+01	 0.000E+00	 5.935E+03	 4.977E+03	 5.723E+03	 3.914E+03	-3.494E+01	-2.048E+03	 3.448E+00	 2.670E+00	 3.176E+00	-7.568E-01	-2.029E-01	 3.543E-02	 3.448E+00	-7.568E-01	 0.000E+00	 0.000E+00	 0.000E+00	 1.701E+03	 1.964E+01
  114.5000	-3.657E+00	 2.671E-03	 9.034E+00	 8.764E+02	 8.677E+01	 0.000E+00	 5.852E+03	 5.016E+03	 5.782E+03	 4.347E+03	-1.192E+03	-1.337E+03	 3.393E+00	 2.665E+00	 3.242E+00	-8.224E-01	-3.539E-02	-6.419E-02	 3.393E+00	-8.224E-01	 0.000E+00	 0.000E+00	 0.000E+00	 1.702E+03	 1.964E+01
  114.7500	-3.656E+00	-1.299E-03	 9.032E+00	 8.760E+02	 1.003E+02	 0.000E+00	 5.784E+03	 5.058E+03	 5.835E+03	 4.352E+03	-2.124E+03	-4.037E+02	 3.334E+00	 2.681E+00	 3.303E+00	-8.224E-01	 9.608E-02	-1.986E-01	 3.334E+00	-8.224E-01	 0.000E+00	 0.000E+00	 0.000E+00	 1.701E+03	 1.964E+01
  115.0000	-3.657E+00	-2.735E-03	 9.033E+00	 8.763E+02	 1.139E+02	 0.000E+00	 5.688E+03	 5.112E+03	 5.908E+03	 3.745E+03	-2.264E+03	 3.471E+02	 3.250E+00	 2.722E+00	 3.368E+00	-7.205E-01	 9.121E-02	-2.977E-01	 3.250E+00	-7.205E-01	 0.000E+00	 0.000E+00	 0.000E+00	 1.701E+03	 1.964E+01
  115.2500	-3.658E+00	-2.651E-03	 9.032E+00	 8.760E+02	 1.274E+02	 0.000E+00	 5.537E+03	 5.232E+03	 5.960E+03	 3.280E+03	-2.531E+03	 1.069E+03	 3.136E+00	 2.797E+00	 3.420E+00	-6.498E-01	 1.133E-01	-3.893E-01	 3.136E+00	-6.498E-01	 0.000E+00	 0.000E+00	 0.000E+00	 1.701E+03	 1.964E+01
  115.5000	-3.658E+00	-1.167E-03	 9.033E+00	 8.762E+02	 1.410E+02	 0.000E+00	 5.388E+03	 5.369E+03	 5.974E+03	 2.970E+03	-3.152E+03	 2.013E+03	 3.023E+00	 2.879E+00	 3.452E+00	-6.150E-01	 2.068E-01	-5.207E-01	 3.023E+00	-6.150E-01	 0.000E+00	 0.000E+00	 0.000E+00	 1.701E+03	 1.963E+01
  115.7500	-3.658E+00	 2.225E-03	 9.032E+00	 8.762E+02	 1.545E+02	 0.000E+00	 5.270E+03	 5.455E+03	 5.987E+03	 2.129E+03	-3.168E+03	 2.856E+03	 2.916E+00	 2.951E+00	 3.475E+00	-4.923E-01	 2.043E-01	-6.367E-01	 2.916E+00	-4.923E-01	 0.000E+00	 0.000E+00	 0.000E+00	 1.701E+03	 1.964E+01
  116.0000	-3.657E+00	 2.256E-03	 9.032E+00	 8.761E+02	 1.681E+02	 0.000E+00	 5.144E+03	 5.533E+03	 6.002E+03	 1.035E+03	-2.566E+03	 3.361E+03	 2.805E+00	 3.027E+00	 3.488E+00	-3.284E-01	 1.000E-01	-6.977E-01	 2.805E+00	-3.284E-01	 0.000E+00	 0.000E+00	 0.000E+00	 1.700E+03	 1.963E+01
  116.2500	-3.657E+00	-5.046E-04	 9.032E+00	 8.762E+02	 1.816E+02	 0.000E+00	 5.026E+03	 5.645E+03	 5.978E+03	 3.341E+02	-2.290E+03	 3.774E+03	 2.712E+00	 3.112E+00	 3.476E+00	-2.369E-01	 6.168E-02	-7.469E-01	 2.712E+00	-2.369E-01	 0.000E+00	 0.000E+00	 0.000E+00	 1.701E+03	 1.963E+01
  116.5000	-3.657E+00	 1.027E-03	 9.031E+00	 8.759E+02	 1.952E+02	 0.000E+00	 4.983E+03	 5.736E+03	 5.915E+03	-2.838E+02	-2.102E+03	 4.210E+03	 2.667E+00	 3.185E+00	 3.440E+00	-1.641E-01	 4.832E-02	-8.070E-01	 2.667E+00	-1.641E-01	 0.000E+00	 0.000E+00	 0.000E+00	 1.700E+03	 1.963E+01
  116.7500	-3.657E+00	 3.079E-03	 9.031E+00	 8.761E+02	 2.087E+02	 0.000E+00	 5.015E+03	 5.782E+03	 5.852E+03	-1.271E+03	-1.233E+03	 4.327E+03	 2.664E+00	 3.247E+00	 3.389E+00	-2.614E-02	-7.796E-02	-8.189E-01	 2.664E+00	-2.614E-02	 0.000E+00	 0.000E+00	 0.000E+00	 1.700E+03	 1.963E+01
  117.0000	-3.656E+00	-1.349E-03	 9.030E+00	 8.758E+02	 2.222E+02	 0.000E+00	 5.059E+03	 5.842E+03	 5.777E+03	-2.097E+03	-1.562E+02	 4.074E+03	 2.684E+00	 3.313E+00	 3.322E+00	 8.673E-02	-2.378E-01	-7.732E-01	 2.684E+00	 8.673E-02	 0.000E+00	 0.000E+00	 0.000E+00	 1.699E+03	 1.963E+01
  117.2500	-3.657E+00	-4.601E-03	 9.030E+00	 8.760E+02	 2.358E+02	 0.000E+00	 5.131E+03	 5.923E+03	 5.655E+03	-2.384E+03	 4.361E+02	 3.775E+03	 2.732E+00	 3.378E+00	 3.230E+00	 1.084E-01	-3.089E-01	-7.266E-01	 2.732E+00	 1.084E-01	 0.000E+00	 0.000E+00	 0.000E+00	 1.700E+03	 1.963E+01
  117.5000	-3.658E+00	-1.459E-03	 9.030E+00	 8.759E+02	 2.493E+02	 0.000E+00	 5.253E+03	 5.963E+03	 5.511E+03	-2.666E+03	 1.072E+03	 3.414E+03	 2.808E+00	 3.423E+00	 3.122E+00	 1.346E-01	-3.843E-01	-6.762E-01	 2.808E+00	 1.346E-01	 0.000E+00	 0.000E+00	 0.000E+00	 1.699E+03	 1.963E+01
  117.7500	-3.658E+00	 9.784E-04	 9.030E+00	 8.759E+02	 2.629E+02	 0.000E+00	 5.377E+03	 5.968E+03	 5.382E+03	-3.089E+03	 2.186E+03	 2.731E+03	 2.889E+00	 3.453E+00	 3.010E+00	 1.944E-01	-5.460E-01	-5.764E-01	 2.889E+00	 1.944E-01	 0.000E+00	 0.000E+00	 0.000E+00	 1.699E+03	 1.962E+01
  118.0000	-3.658E+00	 5.514E-04	 9.030E+00	 8.760E+02	 2.764E+02	 0.000E+00	 5.464E+03	 5.991E+03	 5.250E+03	-3.081E+03	 3.050E+03	 1.850E+03	 2.961E+00	 3.480E+00	 2.897E+00	 1.885E-01	-6.671E-01	-4.466E-01	 2.961E+00	 1.885E-01	 0.000E+00	 0.000E+00	 0.000E+00	 1.699E+03	 1.962E+01
  118.2500	-3.658E+00	 8.572E-04	 9.030E+00	 8.759E+02	 2.900E+02	 0.000E+00	 5.552E+03	 6.005E+03	 5.112E+03	-2.617E+03	 3.352E+03	 1.089E+03	 3.039E+00	 3.489E+00	 2.787E+00	 1.100E-01	-6.926E-01	-3.420E-01	 3.039E+00	 1.100E-01	 0.000E+00	 0.000E+00	 0.000E+00	 1.699E+03	 1.962E+01
  118.5000	-3.657E+00	 1.768E-03	 9.030E+00	 8.759E+02	 3.035E+02	 0.000E+00	 5.657E+03	 5.965E+03	 5.019E+03	-2.266E+03	 3.760E+03	 3.264E+02	 3.122E+00	 3.469E+00	 2.705E+00	 5.981E-02	-7.411E-01	-2.410E-01	 3.122E+00	 5.981E-02	 0.000E+00	 0.000E+00	 0.000E+00	 1.699E+03	 1.962E+01
  118.7500	-3.657E+00	 1.388E-03	 9.029E+00	 8.758E+02	 3.171E+02	 0.000E+00	 5.738E+03	 5.902E+03	 4.995E+03	-1.916E+03	 4.334E+03	-5.965E+02	 3.194E+00	 3.431E+00	 2.666E+00	 1.904E-02	-8.270E-01	-1.141E-01	 3.194E+00	 1.904E-02	 0.000E+00	 0.000E+00	 0.000E+00	 1.699E+03	 1.962E+01
  119.0000	-3.657E+00	 1.147E-03	 9.029E+00	 8.758E+02	 3.306E+02	 0.000E+00	 5.792E+03	 5.847E+03	 5.011E+03	-1.111E+03	 4.361E+03	-1.427E+03	 3.256E+00	 3.384E+00	 2.661E+00	-9.567E-02	-8.248E-01	-2.981E-03	 3.256E+00	-9.567E-02	 0.000E+00	 0.000E+00	 0.000E+00	 1.699E+03	 1.962E+01
  119.2500	-3.657E+00	-1.300E-03	 9.028E+00	 8.757E+02	 3.441E+02	 0.000E+00	 5.857E+03	 5.764E+03	 5.059E+03	-1.371E+02	 3.936E+03	-1.979E+03	 3.323E+00	 3.310E+00	 2.687E+00	-2.365E-01	-7.492E-01	 6.146E-02	 3.323E+00	-2.365E-01	 0.000E+00	 0.000E+00	 0.000E+00	 1.698E+03	 1.962E+01
  119.5000	-3.657E+00	-3.969E-03	 9.028E+00	 8.758E+02	 3.577E+02	 0.000E+00	 5.926E+03	 5.630E+03	 5.155E+03	 5.634E+02	 3.711E+03	-2.449E+03	 3.385E+00	 3.212E+00	 2.744E+00	-3.261E-01	-7.162E-01	 1.156E-01	 3.385E+00	-3.261E-01	 0.000E+00	 0.000E+00	 0.000E+00	 1.698E+03	 1.962E+01
  119.7500	-3.658E+00	-1.588E-03	 9.028E+00	 8.758E+02	 1.123E+01	 0.000E+00	 5.961E+03	 5.490E+03	 5.276E+03	 1.279E+03	 3.435E+03	-2.894E+03	 3.427E+00	 3.107E+00	 2.819E+00	-4.160E-01	-6.827E-01	 1.723E-01	 3.427E+00	-4.160E-01	 0.000E+00	 0.000E+00	 0.000E+00	 1.698E+03	 1.962E+01
  120.0000	-3.658E+00	 1.589E-03	 9.029E+00	 8.758E+02	 2.478E+01	 0.000E+00	 5.974E+03	 5.368E+03	 5.381E+03	 2.265E+03	 2.606E+03	-3.046E+03	 3.457E+00	 2.996E+00	 2.896E+00	-5.552E-01	-5.580E-01	 1.860E-01	 3.457E+00	-5.552E-01	 0.000E+00	 0.000E+00	 0.000E+00	 1.698E+03	 1.962E+01
  120.2500	-3.658E+00	 4.674E-04	 9.029E+00	 8.758E+02	 3.832E+01	 0.000E+00	 5.996E+03	 5.230E+03	 5.473E+03	 3.068E+03	 1.646E+03	-2.893E+03	 3.482E+00	 2.879E+00	 2.973E+00	-6.660E-01	-4.142E-01	 1.548E-01	 3.482E+00	-6.660E-01	 0.000E+00	 0.000E+00	 0.000E+00	 1.698E+03	 1.962E+01
  120.5000	-3.658E+00	-2.985E-05	 9.029E+00	 8.757E+02	 5.186E+01	 0.000E+00	 5.998E+03	 5.090E+03	 5.576E+03	 3.471E+03	 1.017E+03	-2.666E+03	 3.487E+00	 2.771E+00	 3.053E+00	-7.100E-01	-3.335E-01	 1.196E-01	 3.487E+00	-7.100E-01	 0.000E+00	 0.000E+00	 0.000E+00	 1.698E+03	 1.962E+01
  120.7500	-3.657E+00	 2.604E-03	 9.028E+00	 8.758E+02	 6.541E+01	 0.000E+00	 5.955E+03	 5.013E+03	 5.669E+03	 3.869E+03	 2.837E+02	-2.331E+03	 3.464E+00	 2.699E+00	 3.131E+00	-7.579E-01	-2.387E-01	 7.428E-02	 3.464E+00	-7.579E-01	 0.000E+00	 0.000E+00	 0.000E+00	 1.698E+03	 1.962E+01
  121.0000	-3.657E+00	 2.428E-03	 9.028E+00	 8.757E+02	 7.895E+01	 0.000E+00	 5.898E+03	 5.000E+03	 5.737E+03	 4.296E+03	-7.745E+02	-1.702E+03	 3.426E+00	 2.665E+00	 3.200E+00	-8.189E-01	-8.789E-02	-1.513E-02	 3.426E+00	-8.189E-01	 0.000E+00	 0.000E+00	 0.000E+00	 1.698E+03	 1.962E+01
  121.2500	-3.657E+00	-6.331E-04	 9.027E+00	 8.757E+02	 9.249E+01	 0.000E+00	 5.837E+03	 5.012E+03	 5.802E+03	 4.311E+03	-1.580E+03	-9.078E+02	 3.374E+00	 2.661E+00	 3.267E+00	-8.153E-01	 1.958E-02	-1.278E-01	 3.374E+00	-8.153E-01	 0.000E+00	 0.000E+00	 0.000E+00	 1.698E+03	 1.961E+01
  121.5000	-3.657E+00	-2.216E-03	 9.027E+00	 8.756E+02	 1.060E+02	 0.000E+00	 5.743E+03	 5.065E+03	 5.874E+03	 3.966E+03	-1.981E+03	-1.648E+02	 3.297E+00	 2.692E+00	 3.333E+00	-7.550E-01	 5.768E-02	-2.270E-01	 3.297E+00	-7.550E-01	 0.000E+00	 0.000E+00	 0.000E+00	 1.698E+03	 1.961E+01
  121.7500	-3.658E+00	-2.320E-03	 9.027E+00	 8.756E+02	 1.196E+02	 0.000E+00	 5.611E+03	 5.174E+03	 5.927E+03	 3.673E+03	-2.475E+03	 6.256E+02	 3.198E+00	 2.756E+00	 3.388E+00	-7.112E-01	 1.164E-01	-3.316E-01	 3.198E+00	-7.112E-01	 0.000E+00	 0.000E+00	 0.000E+00	 1.698E+03	 1.961E+01
  122.0000	-3.658E+00	-1.254E-03	 9.027E+00	 8.757E+02	 1.331E+02	 0.000E+00	 5.476E+03	 5.294E+03	 5.957E+03	 3.284E+03	-3.008E+03	 1.545E+03	 3.091E+00	 2.830E+00	 3.430E+00	-6.586E-01	 1.900E-01	-4.581E-01	 3.091E+00	-6.586E-01	 0.000E+00	 0.000E+00	 0.000E+00	 1.698E+03	 1.961E+01
  122.2500	-3.658E+00	 5.028E-04	 9.027E+00	 8.756E+02	 1.467E+02	 0.000E+00	 5.347E+03	 5.389E+03	 5.983E+03	 2.497E+03	-3.059E+03	 2.385E+03	 2.979E+00	 2.904E+00	 3.464E+00	-5.420E-01	 1.876E-01	-5.724E-01	 2.979E+00	-5.420E-01	 0.000E+00	 0.000E+00	 0.000E+00	 1.698E+03	 1.961E+01
  122.5000	-3.658E+00	 8.658E-04	 9.028E+00	 8.757E+02	 1.602E+02	 0.000E+00	 5.206E+03	 5.485E+03	 6.002E+03	 1.598E+03	-2.789E+03	 3.013E+03	 2.862E+00	 2.983E+00	 3.484E+00	-4.097E-01	 1.366E-01	-6.520E-01	 2.862E+00	-4.097E-01	 0.000E+00	 0.000E+00	 0.000E+00	 1.698E+03	 1.961E+01
  122.7500	-3.658E+00	 6.899E-04	 9.027E+00	 8.757E+02	 1.737E+02	 0.000E+00	 5.078E+03	 5.594E+03	 5.987E+03	 8.878E+02	-2.631E+03	 3.564E+03	 2.759E+00	 3.066E+00	 3.482E+00	-3.153E-01	 1.145E-01	-7.226E-01	 2.759E+00	-3.153E-01	 0.000E+00	 0.000E+00	 0.000E+00	 1.698E+03	 1.961E+01
  123.0000	-3.657E+00	 2.317E-03	 9.027E+00	 8.756E+02	 1.873E+02	 0.000E+00	 5.009E+03	 5.680E+03	 5.946E+03	 1.077E+02	-2.333E+03	 4.046E+03	 2.692E+00	 3.140E+00	 3.460E+00	-2.125E-01	 7.722E-02	-7.870E-01	 2.692E+00	-2.125E-01	 0.000E+00	 0.000E+00	 0.000E+00	 1.698E+03	 1.961E+01
  123.2500	-3.657E+00	 2.418E-03	 9.027E+00	 8.756E+02	 2.008E+02	 0.000E+00	 4.995E+03	 5.742E+03	 5.897E+03	-8.582E+02	-1.578E+03	 4.256E+03	 2.661E+00	 3.208E+00	 3.422E+00	-7.793E-02	-3.324E-02	-8.107E-01	 2.661E+00	-7.793E-02	 0.000E+00	 0.000E+00	 0.000E+00	 1.697E+03	 1.961E+01
  123.5000	-3.656E+00	-1.079E-03	 9.026E+00	 8.755E+02	 2.144E+02	 0.000E+00	 5.015E+03	 5.812E+03	 5.826E+03	-1.627E+03	-7.399E+02	 4.188E+03	 2.663E+00	 3.277E+00	 3.364E+00	 2.303E-02	-1.535E-01	-7.930E-01	 2.663E+00	 2.303E-02	 0.000E+00	 0.000E+00	 0.000E+00	 1.697E+03	 1.961E+01
  123.7500	-3.657E+00	-3.009E-03	 9.026E+00	 8.755E+02	 2.279E+02	 0.000E+00	 5.080E+03	 5.886E+03	 5.719E+03	-2.094E+03	-9.578E+01	 4.011E+03	 2.700E+00	 3.342E+00	 3.283E+00	 7.344E-02	-2.347E-01	-7.634E-01	 2.700E+00	 7.344E-02	 0.000E+00	 0.000E+00	 0.000E+00	 1.697E+03	 1.961E+01
  124.0000	-3.658E+00	-1.476E-03	 9.026E+00	 8.755E+02	 2.414E+02	 0.000E+00	 5.191E+03	 5.930E+03	 5.593E+03	-2.566E+03	 6.962E+02	 3.692E+03	 2.766E+00	 3.393E+00	 3.185E+00	 1.292E-01	-3.389E-01	-7.166E-01	 2.766E+00	 1.292E-01	 0.000E+00	 0.000E+00	 0.000E+00	 1.697E+03	 1.961E+01
  124.2500	-3.528E+00	 7.098E-01	 9.041E+00	 8.765E+02	 2.550E+02	 0.000E+00	 5.539E+03	 5.815E+03	 5.368E+03	-2.976E+03	 1.754E+03	 3.069E+03	 3.007E+00	 3.401E+00	 2.945E+00	 1.711E-01	-4.687E-01	-6.295E-01	 3.007E+00	 1.711E-01	 0.000E+00	 0.000E+00	 0.000E+00	 1.700E+03	 1.962E+01
  124.5000	-3.447E+00	 1.678E-01	 9.029E+00	 8.755E+02	 2.685E+02	 0.000E+00	 5.722E+03	 5.796E+03	 5.194E+03	-2.956E+03	 2.490E+03	 2.259E+03	 3.106E+00	 3.377E+00	 2.862E+00	 1.519E-01	-5.932E-01	-4.813E-01	 3.106E+00	 1.519E-01	 0.000E+00	 0.000E+00	 0.000E+00	 1.698E+03	 1.962E+01
  124.7500	-3.364E+00	 3.327E-01	 9.034E+00	 8.761E+02	 2.821E+02	 0.000E+00	 5.638E+03	 5.842E+03	 5.205E+03	-2.666E+03	 3.119E+03	 1.403E+03	 3.128E+00	 3.382E+00	 2.816E+00	 1.103E-01	-6.515E-01	-3.900E-01	 3.128E+00	 1.103E-01	 0.000E+00	 0.000E+00	 0.000E+00	 1.699E+03	 1.962E+01
  125.0000	-3.315E+00	 1.783E-01	 9.030E+00	 8.758E+02	 2.956E+02	 0.000E+00	 5.702E+03	 5.809E+03	 5.144E+03	-2.600E+03	 3.467E+03	 9.181E+02	 3.152E+00	 3.381E+00	 2.772E+00	 9.926E-02	-6.991E-01	-3.177E-01	 3.152E+00	 9.926E-02	 0.000E+00	 0.000E+00	 0.000E+00	 1.699E+03	 1.963E+01
  125.2500	-2.922E+00	 2.025E+00	 9.068E+00	 8.781E+02	 3.092E+02	 0.000E+00	 6.007E+03	 5.200E+03	 5.407E+03	-2.061E+03	 4.113E+03	-1.391E+02	 3.561E+00	 2.955E+00	 2.778E+00	 5.246E-02	-7.487E-01	-2.329E-01	 3.561E+00	 5.246E-02	 0.000E+00	 0.000E+00	 0.000E+00	 1.705E+03	 1.964E+01
  125.5000	-2.678E+00	 5.827E-01	 9.037E+00	 8.759E+02	 3.228E+02	 0.000E+00	 6.145E+03	 4.939E+03	 5.538E+03	-1.267E+03	 4.054E+03	-1.064E+03	 3.535E+00	 2.852E+00	 2.898E+00	-1.509E-01	-7.327E-01	-2.505E-02	 3.535E+00	-1.509E-01	 0.000E+00	 0.000E+00	 0.000E+00	 1.703E+03	 1.966E+01
  125.7500	-2.429E+00	 9.445E-01	 9.046E+00	 8.768E+02	 3.363E+02	 0.000E+00	 5.779E+03	 5.366E+03	 5.475E+03	-1.964E+01	 3.822E+03	-1.878E+03	 3.389E+00	 2.951E+00	 2.946E+00	-2.486E-01	-7.095E-01	 1.658E-02	 3.389E+00	-2.486E-01	 0.000E+00	 0.000E+00	 0.000E+00	 1.703E+03	 1.965E+01
  126.0000	-2.282E+00	 5.590E-01	 9.040E+00	 8.767E+02	 3.499E+02	 0.000E+00	 5.693E+03	 5.357E+03	 5.611E+03	-3.691E+02	 3.828E+03	-1.733E+03	 3.306E+00	 3.019E+00	 2.985E+00	-2.071E-01	-7.008E-01	-1.234E-03	 3.306E+00	-2.071E-01	 0.000E+00	 0.000E+00	 0.000E+00	 1.704E+03	 1.967E+01
  126.2500	-2.134E+00	 4.265E-01	 9.033E+00	 8.756E+02	 3.421E+00	 0.000E+00	 5.715E+03	 5.477E+03	 5.514E+03	 7.804E+02	 3.625E+03	-2.516E+03	 3.272E+00	 3.049E+00	 3.016E+00	-3.202E-01	-7.126E-01	 9.215E-02	 3.272E+00	-3.202E-01	 0.000E+00	 0.000E+00	 0.000E+00	 1.701E+03	 1.965E+01
  126.5000	-2.042E+00	 4.406E-01	 9.039E+00	 8.772E+02	 1.697E+01	 0.000E+00	 5.672E+03	 5.426E+03	 5.645E+03	 2.046E+03	 2.970E+03	-3.239E+03	 3.319E+00	 3.005E+00	 3.034E+00	-5.401E-01	-5.951E-01	 2.139E-01	 3.319E+00	-5.401E-01	 0.000E+00	 0.000E+00	 0.000E+00	 1.704E+03	 1.965E+01
  126.7500	-1.954E+00	 1.964E-01	 9.029E+00	 8.752E+02	 3.052E+01	 0.000E+00	 5.857E+03	 5.324E+03	 5.547E+03	 2.725E+03	 2.015E+03	-2.905E+03	 3.365E+00	 2.930E+00	 3.057E+00	-6.099E-01	-4.712E-01	 1.501E-01	 3.365E+00	-6.099E-01	 0.000E+00	 0.000E+00	 0.000E+00	 1.699E+03	 1.964E+01
  127.0000	-1.896E+00	 2.998E-01	 9.038E+00	 8.772E+02	 4.407E+01	 0.000E+00	 5.824E+03	 5.206E+03	 5.671E+03	 2.780E+03	 1.512E+03	-2.459E+03	 3.394E+00	 2.826E+00	 3.113E+00	-5.995E-01	-3.990E-01	 6.858E-02	 3.394E+00	-5.995E-01	 0.000E+00	 0.000E+00	 0.000E+00	 1.703E+03	 1.964E+01
  127.2500	-1.844E+00	 1.070E-01	 9.029E+00	 8.754E+02	 5.762E+01	 0.000E+00	 5.839E+03	 5.107E+03	 5.725E+03	 3.647E+03	 7.435E+02	-2.602E+03	 3.373E+00	 2.762E+00	 3.176E+00	-7.206E-01	-3.043E-01	 1.080E-01	 3.373E+00	-7.206E-01	 0.000E+00	 0.000E+00	 0.000E+00	 1.700E+03	 1.964E+01
  127.5000	-1.807E+00	 1.911E-01	 9.034E+00	 8.765E+02	 7.117E+01	 0.000E+00	 5.773E+03	 5.111E+03	 5.763E+03	 4.458E+03	-2.993E+02	-2.292E+03	 3.363E+00	 2.723E+00	 3.213E+00	-8.503E-01	-1.542E-01	 7.077E-02	 3.363E+00	-8.503E-01	 0.000E+00	 0.000E+00	 0.000E+00	 1.701E+03	 1.963E+01
  127.7500	-1.776E+00	 6.722E-02	 9.030E+00	 8.760E+02	 8.472E+01	 0.000E+00	 5.804E+03	 5.081E+03	 5.780E+03	 4.147E+03	-1.180E+03	-1.193E+03	 3.338E+00	 2.708E+00	 3.258E+00	-7.837E-01	-3.417E-02	-9.487E-02	 3.338E+00	-7.837E-01	 0.000E+00	 0.000E+00	 0.000E+00	 1.701E+03	 1.964E+01
  128.0000	-1.753E+00	 1.068E-01	 9.031E+00	 8.758E+02	 9.827E+01	 0.000E+00	 5.722E+03	 5.108E+03	 5.847E+03	 3.816E+03	-1.600E+03	-3.488E+02	 3.282E+00	 2.720E+00	 3.319E+00	-7.230E-01	 4.079E-03	-2.159E-01	 3.282E+00	-7.230E-01	 0.000E+00	 0.000E+00	 0.000E+00	 1.699E+03	 1.963E+01
  128.2500	-1.736E+00	 4.009E-02	 9.032E+00	 8.765E+02	 1.118E+02	 0.000E+00	 5.605E+03	 5.212E+03	 5.909E+03	 4.040E+03	-2.210E+03	-3.981E+01	 3.201E+00	 2.778E+00	 3.366E+00	-7.653E-01	 8.142E-02	-2.350E-01	 3.201E+00	-7.653E-01	 0.000E+00	 0.000E+00	 0.000E+00	 1.701E+03	 1.963E+01
  128.5000	-1.722E+00	 6.314E-02	 9.029E+00	 8.754E+02	 1.254E+02	 0.000E+00	 5.509E+03	 5.329E+03	 5.904E+03	 3.787E+03	-2.838E+03	 8.950E+02	 3.123E+00	 2.849E+00	 3.390E+00	-7.364E-01	 1.661E-01	-3.616E-01	 3.123E+00	-7.364E-01	 0.000E+00	 0.000E+00	 0.000E+00	 1.699E+03	 1.963E+01
  128.7500	-1.711E+00	 3.300E-02	 9.034E+00	 8.767E+02	 1.389E+02	 0.000E+00	 5.425E+03	 5.414E+03	 5.918E+03	 2.667E+03	-2.997E+03	 2.152E+03	 3.028E+00	 2.916E+00	 3.421E+00	-5.570E-01	 1.784E-01	-5.490E-01	 3.028E+00	-5.570E-01	 0.000E+00	 0.000E+00	 0.000E+00	 1.701E+03	 1.963E+01
  129.0000	-1.702E+00	 3.086E-02	 9.030E+00	 8.756E+02	 1.525E+02	 0.000E+00	 5.273E+03	 5.496E+03	 5.963E+03	 1.907E+03	-2.831E+03	 2.740E+03	 2.913E+00	 2.989E+00	 3.452E+00	-4.470E-01	 1.412E-01	-6.194E-01	 2.913E+00	-4.470E-01	 0.000E+00	 0.000E+00	 0.000E+00	 1.699E+03	 1.963E+01
  129.2500	-1.696E+00	 2.143E-02	 9.034E+00	 8.766E+02	 1.660E+02	 0.000E+00	 5.130E+03	 5.615E+03	 5.954E+03	 1.612E+03	-2.783E+03	 3.017E+03	 2.809E+00	 3.070E+00	 3.453E+00	-4.245E-01	 1.328E-01	-6.384E-01	 2.809E+00	-4.245E-01	 0.000E+00	 0.000E+00	 0.000E+00	 1.701E+03	 1.963E+01
  129.5000	-1.690E+00	 2.384E-02	 9.032E+00	 8.759E+02	 1.796E+02	 0.000E+00	 5.076E+03	 5.696E+03	 5.900E+03	 6.368E+02	-2.606E+03	 3.766E+03	 2.741E+00	 3.142E+00	 3.428E+00	-2.872E-01	 1.136E-01	-7.439E-01	 2.741E+00	-2.872E-01	 0.000E+00	 0.000E+00	 0.000E+00	 1.700E+03	 1.964E+01
  129.7500	-1.685E+00	 1.759E-02	 9.033E+00	 8.762E+02	 1.931E+02	 0.000E+00	 5.051E+03	 5.741E+03	 5.863E+03	-6.352E+02	-1.908E+03	 4.395E+03	 2.696E+00	 3.200E+00	 3.406E+00	-9.855E-02	 8.470E-03	-8.397E-01	 2.696E+00	-9.855E-02	 0.000E+00	 0.000E+00	 0.000E+00	 1.700E+03	 1.963E+01
  130.0000	-1.682E+00	 9.245E-03	 9.033E+00	 8.763E+02	 2.067E+02	 0.000E+00	 5.025E+03	 5.807E+03	 5.836E+03	-1.221E+03	-1.149E+03	 4.169E+03	 2.676E+00	 3.263E+00	 3.369E+00	-2.960E-02	-9.920E-02	-7.895E-01	 2.676E+00	-2.960E-02	 0.000E+00	 0.000E+00	 0.000E+00	 1.701E+03	 1.964E+01
  130.2500	-1.680E+00	 7.080E-03	 9.031E+00	 8.758E+02	 2.202E+02	 0.000E+00	 5.075E+03	 5.878E+03	 5.735E+03	-1.520E+03	-5.480E+02	 3.910E+03	 2.705E+00	 3.326E+00	 3.295E+00	-1.273E-02	-1.754E-01	-7.409E-01	 2.705E+00	-1.273E-02	 0.000E+00	 0.000E+00	 0.000E+00	 1.700E+03	 1.963E+01
  130.5000	-1.678E+00	 4.592E-03	 9.034E+00	 8.765E+02	 2.337E+02	 0.000E+00	 5.208E+03	 5.911E+03	 5.611E+03	-2.387E+03	 2.128E+02	 3.989E+03	 2.772E+00	 3.370E+00	 3.207E+00	 1.089E-01	-2.738E-01	-7.598E-01	 2.772E+00	 1.089E-01	 0.000E+00	 0.000E+00	 0.000E+00	 1.701E+03	 1.963E+01
  130.7500	-1.677E+00	 5.283E-03	 9.032E+00	 8.758E+02	 2.473E+02	 0.000E+00	 5.316E+03	 5.923E+03	 5.511E+03	-3.041E+03	 1.254E+03	 3.612E+03	 2.841E+00	 3.404E+00	 3.120E+00	 2.010E-01	-4.215E-01	-7.080E-01	 2.841E+00	 2.010E-01	 0.000E+00	 0.000E+00	 0.000E+00	 1.700E+03	 1.963E+01
  131.0000	-1.676E+00	 3.586E-03	 9.034E+00	 8.766E+02	 2.608E+02	 0.000E+00	 5.395E+03	 5.958E+03	 5.401E+03	-2.876E+03	 2.093E+03	 2.615E+03	 2.910E+00	 3.440E+00	 3.016E+00	 1.564E-01	-5.346E-01	-5.519E-01	 2.910E+00	 1.564E-01	 0.000E+00	 0.000E+00	 0.000E+00	 1.701E+03	 1.963E+01
  131.2500	-1.675E+00	 1.896E-03	 9.033E+00	 8.761E+02	 2.744E+02	 0.000E+00	 5.509E+03	 5.978E+03	 5.246E+03	-2.724E+03	 2.651E+03	 1.886E+03	 2.995E+00	 3.460E+00	 2.897E+00	 1.219E-01	-5.993E-01	-4.469E-01	 2.995E+00	 1.219E-01	 0.000E+00	 0.000E+00	 0.000E+00	 1.701E+03	 1.964E+01
  131.5000	-1.675E+00	 2.563E-03	 9.035E+00	 8.764E+02	 2.879E+02	 0.000E+00	 5.630E+03	 5.948E+03	 5.120E+03	-2.910E+03	 3.321E+03	 1.430E+03	 3.078E+00	 3.455E+00	 2.798E+00	 1.566E-01	-6.881E-01	-3.975E-01	 3.078E+00	 1.566E-01	 0.000E+00	 0.000E+00	 0.000E+00	 1.701E+03	 1.964E+01
  131.7500	-1.674E+00	 6.952E-03	 9.034E+00	 8.763E+02	 3.015E+02	 0.000E+00	 5.696E+03	 5.910E+03	 5.066E+03	-2.596E+03	 3.952E+03	 4.521E+02	 3.143E+00	 3.436E+00	 2.732E+00	 1.146E-01	-7.754E-01	-2.594E-01	 3.143E+00	 1.146E-01	 0.000E+00	 0.000E+00	 0.000E+00	 1.701E+03	 1.964E+01
  132.0000	-1.672E+00	 4.164E-03	 9.034E+00	 8.762E+02	 3.151E+02	 0.000E+00	 5.743E+03	 5.881E+03	 5.033E+03	-1.659E+03	 4.182E+03	-6.853E+02	 3.207E+00	 3.409E+00	 2.687E+00	-3.177E-02	-8.004E-01	-9.449E-02	 3.207E+00	-3.177E-02	 0.000E+00	 0.000E+00	 0.000E+00	 1.701E+03	 1.964E+01
  132.2500	-1.672E+00	-1.263E-03	 9.035E+00	 8.765E+02	 3.286E+02	 0.000E+00	 5.826E+03	 5.821E+03	 5.023E+03	-1.032E+03	 4.123E+03	-1.277E+03	 3.277E+00	 3.360E+00	 2.675E+00	-1.167E-01	-7.803E-01	-2.497E-02	 3.277E+00	-1.167E-01	 0.000E+00	 0.000E+00	 0.000E+00	 1.702E+03	 1.964E+01
  132.5000	-1.672E+00	-1.481E-03	 9.033E+00	 8.761E+02	 3.422E+02	 0.000E+00	 5.891E+03	 5.714E+03	 5.093E+03	-5.978E+02	 4.122E+03	-1.695E+03	 3.334E+00	 3.285E+00	 2.712E+00	-1.613E-01	-7.787E-01	 1.356E-02	 3.334E+00	-1.613E-01	 0.000E+00	 0.000E+00	 0.000E+00	 1.701E+03	 1.964E+01
  132.7500	-1.672E+00	 1.151E-03	 9.035E+00	 8.765E+02	 3.557E+02	 0.000E+00	 5.908E+03	 5.608E+03	 5.221E+03	 3.719E+02	 3.925E+03	-2.472E+03	 3.373E+00	 3.200E+00	 2.780E+00	-2.964E-01	-7.510E-01	 1.200E-01	 3.373E+00	-2.964E-01	 0.000E+00	 0.000E+00	 0.000E+00	 1.702E+03	 1.964E+01
  133.0000	-1.672E+00	-6.681E-04	 9.034E+00	 8.762E+02	 9.255E+00	 0.000E+00	 5.930E+03	 5.505E+03	 5.321E+03	 1.521E+03	 3.302E+03	-3.002E+03	 3.413E+00	 3.107E+00	 2.848E+00	-4.636E-01	-6.555E-01	 1.915E-01	 3.413E+00	-4.636E-01	 0.000E+00	 0.000E+00	 0.000E+00	 1.701E+03	 1.964E+01
  133.2500	-1.673E+00	-1.781E-03	 9.036E+00	 8.765E+02	 2.281E+01	 0.000E+00	 5.973E+03	 5.368E+03	 5.412E+03	 2.138E+03	 2.587E+03	-2.891E+03	 3.449E+00	 2.997E+00	 2.921E+00	-5.380E-01	-5.496E-01	 1.573E-01	 3.449E+00	-5.380E-01	 0.000E+00	 0.000E+00	 0.000E+00	 1.702E+03	 1.964E+01
  133.5000	-1.673E+00	 2.661E-04	 9.035E+00	 8.764E+02	 3.636E+01	 0.000E+00	 5.976E+03	 5.223E+03	 5.531E+03	 2.630E+03	 1.971E+03	-2.785E+03	 3.460E+00	 2.883E+00	 3.008E+00	-5.909E-01	-4.664E-01	 1.324E-01	 3.460E+00	-5.909E-01	 0.000E+00	 0.000E+00	 0.000E+00	 1.702E+03	 1.964E+01
  133.7500	-1.672E+00	 2.596E-03	 9.036E+00	 8.765E+02	 4.991E+01	 0.000E+00	 5.937E+03	 5.121E+03	 5.638E+03	 3.497E+03	 1.185E+03	-2.847E+03	 3.451E+00	 2.790E+00	 3.088E+00	-7.150E-01	-3.594E-01	 1.469E-01	 3.451E+00	-7.150E-01	 0.000E+00	 0.000E+00	 0.000E+00	 1.702E+03	 1.964E+01
  134.0000	-1.672E+00	 3.425E-03	 9.036E+00	 8.765E+02	 6.347E+01	 0.000E+00	 5.911E+03	 5.059E+03	 5.700E+03	 4.099E+03	 1.738E+02	-2.456E+03	 3.437E+00	 2.722E+00	 3.152E+00	-7.992E-01	-2.151E-01	 9.200E-02	 3.437E+00	-7.992E-01	 0.000E+00	 0.000E+00	 0.000E+00	 1.702E+03	 1.965E+01
  134.2500	-1.671E+00	 1.651E-03	 9.035E+00	 8.763E+02	 7.702E+01	 0.000E+00	 5.883E+03	 5.017E+03	 5.759E+03	 4.087E+03	-6.494E+02	-1.608E+03	 3.406E+00	 2.680E+00	 3.217E+00	-7.820E-01	-1.056E-01	-3.728E-02	 3.406E+00	-7.820E-01	 0.000E+00	 0.000E+00	 0.000E+00	 1.702E+03	 1.965E+01
  134.5000	-1.671E+00	-1.458E-03	 9.036E+00	 8.765E+02	 9.057E+01	 0.000E+00	 5.804E+03	 5.033E+03	 5.838E+03	 4.069E+03	-1.270E+03	-9.763E+02	 3.348E+00	 2.680E+00	 3.286E+00	-7.697E-01	-3.193E-02	-1.222E-01	 3.348E+00	-7.697E-01	 0.000E+00	 0.000E+00	 0.000E+00	 1.702E+03	 1.965E+01
  134.7500	-1.671E+00	-1.963E-03	 9.035E+00	 8.763E+02	 1.041E+02	 0.000E+00	 5.695E+03	 5.121E+03	 5.892E+03	 4.216E+03	-1.961E+03	-4.308E+02	 3.273E+00	 2.723E+00	 3.340E+00	-7.957E-01	 5.561E-02	-1.857E-01	 3.273E+00	-7.957E-01	 0.000E+00	 0.000E+00	 0.000E+00	 1.702E+03	 1.965E+01
  135.0000	-1.672E+00	 7.464E-05	 9.036E+00	 8.765E+02	 1.177E+02	 0.000E+00	 5.600E+03	 5.230E+03	 5.911E+03	 3.881E+03	-2.590E+03	 5.379E+02	 3.191E+00	 2.787E+00	 3.379E+00	-7.455E-01	 1.377E-01	-3.206E-01	 3.191E+00	-7.455E-01	 0.000E+00	 0.000E+00	 0.000E+00	 1.702E+03	 1.965E+01
  135.2500	-1.672E+00	-1.161E-03	 9.036E+00	 8.764E+02	 1.312E+02	 0.000E+00	 5.491E+03	 5.327E+03	 5.941E+03	 3.090E+03	-2.855E+03	 1.587E+03	 3.092E+00	 2.857E+00	 3.420E+00	-6.205E-01	 1.630E-01	-4.702E-01	 3.092E+00	-6.205E-01	 0.000E+00	 0.000E+00	 0.000E+00	 1.702E+03	 1.965E+01
  135.5000	-1.672E+00	-2.610E-03	 9.036E+00	 8.765E+02	 1.448E+02	 0.000E+00	 5.340E+03	 5.436E+03	 5.975E+03	 2.502E+03	-2.895E+03	 2.226E+03	 2.977E+00	 2.936E+00	 3.452E+00	-5.376E-01	 1.563E-01	-5.484E-01	 2.977E+00	-5.376E-01	 0.000E+00	 0.000E+00	 0.000E+00	 1.702E+03	 1.965E+01
  135.7500	-1.673E+00	 5.206E-04	 9.037E+00	 8.766E+02	 1.583E+02	 0.000E+00	 5.204E+03	 5.554E+03	 5.969E+03	 1.971E+03	-2.940E+03	 2.789E+03	 2.869E+00	 3.020E+00	 3.459E+00	-4.711E-01	 1.597E-01	-6.143E-01	 2.869E+00	-4.711E-01	 0.000E+00	 0.000E+00	 0.000E+00	 1.703E+03	 1.965E+01
  136.0000	-1.672E+00	 3.807E-03	 9.037E+00	 8.765E+02	 1.719E+02	 0.000E+00	 5.117E+03	 5.641E+03	 5.935E+03	 1.008E+03	-2.760E+03	 3.581E+03	 2.781E+00	 3.095E+00	 3.450E+00	-3.334E-01	 1.333E-01	-7.262E-01	 2.781E+00	-3.334E-01	 0.000E+00	 0.000E+00	 0.000E+00	 1.703E+03	 1.965E+01
  136.2500	-1.671E+00	 2.318E-03	 9.037E+00	 8.766E+02	 1.855E+02	 0.000E+00	 5.050E+03	 5.707E+03	 5.912E+03	-4.724E+01	-2.224E+03	 4.094E+03	 2.713E+00	 3.162E+00	 3.434E+00	-1.811E-01	 5.325E-02	-7.956E-01	 2.713E+00	-1.811E-01	 0.000E+00	 0.000E+00	 0.000E+00	 1.703E+03	 1.965E+01
  136.5000	-1.671E+00	-8.587E-05	 9.036E+00	 8.765E+02	 1.990E+02	 0.000E+00	 5.009E+03	 5.780E+03	 5.872E+03	-6.932E+02	-1.594E+03	 4.113E+03	 2.676E+00	 3.230E+00	 3.400E+00	-1.028E-01	-3.651E-02	-7.847E-01	 2.676E+00	-1.028E-01	 0.000E+00	 0.000E+00	 0.000E+00	 1.703E+03	 1.965E+01
  136.7500	-1.671E+00	-5.666E-04	 9.036E+00	 8.766E+02	 2.126E+02	 0.000E+00	 5.046E+03	 5.848E+03	 5.786E+03	-1.298E+03	-9.927E+02	 4.116E+03	 2.686E+00	 3.294E+00	 3.337E+00	-3.261E-02	-1.145E-01	-7.776E-01	 2.686E+00	-3.261E-02	 0.000E+00	 0.000E+00	 0.000E+00	 1.703E+03	 1.965E+01
  137.0000	-1.671E+00	-1.018E-03	 9.036E+00	 8.764E+02	 2.261E+02	 0.000E+00	 5.143E+03	 5.888E+03	 5.684E+03	-2.136E+03	-2.015E+02	 4.161E+03	 2.733E+00	 3.344E+00	 3.262E+00	 8.168E-02	-2.208E-01	-7.868E-01	 2.733E+00	 8.168E-02	 0.000E+00	 0.000E+00	 0.000E+00	 1.703E+03	 1.965E+01
  137.2500	-1.672E+00	-1.389E-03	 9.036E+00	 8.766E+02	 2.397E+02	 0.000E+00	 5.241E+03	 5.918E+03	 5.587E+03	-2.698E+03	 7.581E+02	 3.769E+03	 2.795E+00	 3.387E+00	 3.178E+00	 1.533E-01	-3.547E-01	-7.274E-01	 2.795E+00	 1.533E-01	 0.000E+00	 0.000E+00	 0.000E+00	 1.703E+03	 1.965E+01
  137.5000	-1.672E+00	-1.671E-03	 9.037E+00	 8.766E+02	 2.532E+02	 0.000E+00	 5.338E+03	 5.955E+03	 5.467E+03	-2.789E+03	 1.583E+03	 3.029E+03	 2.867E+00	 3.427E+00	 3.075E+00	 1.489E-01	-4.644E-01	-6.125E-01	 2.867E+00	 1.489E-01	 0.000E+00	 0.000E+00	 0.000E+00	 1.703E+03	 1.965E+01
  137.7500	-1.672E+00	-1.514E-03	 9.037E+00	 8.766E+02	 2.668E+02	 0.000E+00	 5.459E+03	 5.973E+03	 5.319E+03	-2.882E+03	 2.279E+03	 2.432E+03	 2.951E+00	 3.453E+00	 2.960E+00	 1.524E-01	-5.523E-01	-5.290E-01	 2.951E+00	 1.524E-01	 0.000E+00	 0.000E+00	 0.000E+00	 1.703E+03	 1.965E+01
  138.0000	-1.672E+00	 9.824E-04	 9.038E+00	 8.767E+02	 2.803E+02	 0.000E+00	 5.572E+03	 5.959E+03	 5.193E+03	-3.013E+03	 3.020E+03	 1.817E+03	 3.032E+00	 3.458E+00	 2.856E+00	 1.729E-01	-6.508E-01	-4.484E-01	 3.032E+00	 1.729E-01	 0.000E+00	 0.000E+00	 0.000E+00	 1.703E+03	 1.965E+01
  138.2500	-1.672E+00	 3.545E-03	 9.037E+00	 8.766E+02	 2.939E+02	 0.000E+00	 5.647E+03	 5.937E+03	 5.105E+03	-2.700E+03	 3.674E+03	 8.532E+02	 3.103E+00	 3.451E+00	 2.770E+00	 1.247E-01	-7.393E-01	-3.108E-01	 3.103E+00	 1.247E-01	 0.000E+00	 0.000E+00	 0.000E+00	 1.703E+03	 1.965E+01
  138.5000	-1.671E+00	 2.035E-03	 9.038E+00	 8.767E+02	 3.074E+02	 0.000E+00	 5.716E+03	 5.912E+03	 5.038E+03	-2.054E+03	 4.008E+03	-1.298E+02	 3.173E+00	 3.431E+00	 2.704E+00	 2.575E-02	-7.780E-01	-1.717E-01	 3.173E+00	 2.575E-02	 0.000E+00	 0.000E+00	 0.000E+00	 1.703E+03	 1.965E+01
  138.7500	-1.671E+00	-6.436E-04	 9.037E+00	 8.766E+02	 3.210E+02	 0.000E+00	 5.796E+03	 5.856E+03	 5.011E+03	-1.528E+03	 4.146E+03	-7.933E+02	 3.242E+00	 3.390E+00	 2.675E+00	-4.463E-02	-7.885E-01	-9.058E-02	 3.242E+00	-4.463E-02	 0.000E+00	 0.000E+00	 0.000E+00	 1.703E+03	 1.965E+01
  139.0000	-1.671E+00	-4.401E-04	 9.037E+00	 8.766E+02	 3.346E+02	 0.000E+00	 5.856E+03	 5.769E+03	 5.060E+03	-9.581E+02	 4.227E+03	-1.442E+03	 3.301E+00	 3.327E+00	 2.692E+00	-1.157E-01	-7.970E-01	-1.243E-02	 3.301E+00	-1.157E-01	 0.000E+00	 0.000E+00	 0.000E+00	 1.703E+03	 1.965E+01
  139.2500	-1.671E+00	-3.906E-04	 9.037E+00	 8.765E+02	 3.481E+02	 0.000E+00	 5.888E+03	 5.677E+03	 5.156E+03	-2.721E+01	 4.072E+03	-2.221E+03	 3.349E+00	 3.252E+00	 2.742E+00	-2.462E-01	-7.724E-01	 9.225E-02	 3.349E+00	-2.462E-01	 0.000E+00	 0.000E+00	 0.000E+00	 1.703E+03	 1.965E+01
  139.5000	-1.671E+00	-2.147E-03	 9.037E+00	 8.766E+02	 1.671E+00	 0.000E+00	 5.925E+03	 5.572E+03	 5.252E+03	 9.466E+02	 3.595E+03	-2.713E+03	 3.395E+00	 3.163E+00	 2.804E+00	-3.829E-01	-6.984E-01	 1.524E-01	 3.395E+00	-3.829E-01	 0.000E+00	 0.000E+00	 0.000E+00	 1.703E+03	 1.965E+01
  139.7500	-1.672E+00	-2.414E-03	 9.037E+00	 8.766E+02	 1.523E+01	 0.000E+00	 5.964E+03	 5.439E+03	 5.357E+03	 1.641E+03	 3.009E+03	-2.825E+03	 3.434E+00	 3.057E+00	 2.879E+00	-4.695E-01	-6.117E-01	 1.527E-01	 3.434E+00	-4.695E-01	 0.000E+00	 0.000E+00	 0.000E+00	 1.703E+03	 1.965E+01
  140.0000	-1.672E+00	-2.595E-04	 9.038E+00	 8.767E+02	 2.878E+01	 0.000E+00	 5.970E+03	 5.300E+03	 5.478E+03	 2.346E+03	 2.403E+03	-2.921E+03	 3.453E+00	 2.945E+00	 2.964E+00	-5.589E-01	-5.278E-01	 1.582E-01	 3.453E+00	-5.589E-01	 0.000E+00	 0.000E+00	 0.000E+00	 1.703E+03	 1.965E+01
  140.2500	-1.672E+00	 1.837E-03	 9.038E+00	 8.767E+02	 4.234E+01	 0.000E+00	 5.953E+03	 5.184E+03	 5.582E+03	 3.187E+03	 1.606E+03	-2.967E+03	 3.457E+00	 2.843E+00	 3.043E+00	-6.758E-01	-4.159E-01	 1.652E-01	 3.457E+00	-6.758E-01	 0.000E+00	 0.000E+00	 0.000E+00	 1.704E+03	 1.966E+01
  140.5000	-1.672E+00	 2.489E-03	 9.038E+00	 8.767E+02	 5.590E+01	 0.000E+00	 5.938E+03	 5.091E+03	 5.657E+03	 3.765E+03	 6.727E+02	-2.612E+03	 3.451E+00	 2.757E+00	 3.113E+00	-7.523E-01	-2.837E-01	 1.109E-01	 3.451E+00	-7.523E-01	 0.000E+00	 0.000E+00	 0.000E+00	 1.703E+03	 1.966E+01
  140.7500	-1.671E+00	 1.596E-03	 9.038E+00	 8.767E+02	 6.945E+01	 0.000E+00	 5.909E+03	 5.026E+03	 5.730E+03	 3.976E+03	-1.541E+02	-1.996E+03	 3.427E+00	 2.696E+00	 3.184E+00	-7.698E-01	-1.726E-01	 1.841E-02	 3.427E+00	-7.698E-01	 0.000E+00	 0.000E+00	 0.000E+00	 1.704E+03	 1.966E+01
  141.0000	-1.671E+00	-5.505E-05	 9.038E+00	 8.766E+02	 8.301E+01	 0.000E+00	 5.841E+03	 5.018E+03	 5.806E+03	 4.159E+03	-8.833E+02	-1.451E+03	 3.380E+00	 2.676E+00	 3.252E+00	-7.892E-01	-8.039E-02	-5.420E-02	 3.380E+00	-7.892E-01	 0.000E+00	 0.000E+00	 0.000E+00	 1.703E+03	 1.966E+01
