frame_id,video_pts,video_time_s,sim_time_s,exposure_start_s,exposure_end_s,turbine_id,rpm,rpm_valid,rpm_reason,center_sample_kind,source_left_index,source_right_index,alpha,clearance_b1_m,clearance_b1_valid,clearance_b1_reason,clearance_b2_m,clearance_b2_valid,clearance_b2_reason,clearance_b3_m,clearance_b3_valid,clearance_b3_reason
0,0,0.0,117.025,117.0125,117.03750000000001,T1,10.9142723,True,valid,source,1,1,0.0,45.11065042864681,True,valid,57.91710918723287,True,valid,,False,no_tower_section_at_tip_height
1,1,0.05,117.075,117.0625,117.0875,T1,10.9168968,True,valid,source,3,3,0.0,42.68633513203732,True,valid,58.94869899959651,True,valid,,False,no_tower_section_at_tip_height
2,2,0.1,117.125,117.1125,117.1375,T1,10.9257212,True,valid,source,5,5,0.0,40.130287701693774,True,valid,59.785028695659285,True,valid,,False,no_tower_section_at_tip_height
3,3,0.15,117.175,117.1625,117.1875,T1,10.9329844,True,valid,source,7,7,0.0,37.453830558092456,True,valid,60.42431596090291,True,valid,,False,no_tower_section_at_tip_height
4,4,0.2,117.225,117.21249999999999,117.2375,T1,10.9347296,True,valid,source,9,9,0.0,34.672664990202804,True,valid,60.86427037789293,True,valid,,False,no_tower_section_at_tip_height
5,5,0.25,117.275,117.2625,117.28750000000001,T1,10.9405622,True,valid,source,11,11,0.0,31.802057599712725,True,valid,,False,no_tower_section_at_tip_height,,False,no_tower_section_at_tip_height
6,6,0.3,117.325,117.3125,117.3375,T1,10.950079,True,valid,source,13,13,0.0,28.850640604702143,True,valid,,False,no_tower_section_at_tip_height,,False,no_tower_section_at_tip_height
7,7,0.35,117.375,117.3625,117.3875,T1,10.955204,True,valid,source,15,15,0.0,25.819327867276915,True,valid,,False,no_tower_section_at_tip_height,,False,no_tower_section_at_tip_height
8,8,0.4,117.425,117.4125,117.4375,T1,10.9601879,True,valid,source,17,17,0.0,22.756254526872812,True,valid,,False,no_tower_section_at_tip_height,,False,no_tower_section_at_tip_height
9,9,0.45,117.475,117.46249999999999,117.4875,T1,10.9662895,True,valid,source,19,19,0.0,19.704472080200023,True,valid,,False,no_tower_section_at_tip_height,,False,no_tower_section_at_tip_height
10,10,0.5,117.525,117.5125,117.53750000000001,T1,10.9696264,True,valid,source,21,21,0.0,16.725245993158996,True,valid,,False,no_tower_section_at_tip_height,,False,no_tower_section_at_tip_height
11,11,0.55,117.575,117.5625,117.5875,T1,10.9730148,True,valid,source,23,23,0.0,13.84654955225915,True,valid,,False,no_tower_section_at_tip_height,,False,no_tower_section_at_tip_height
12,12,0.6,117.625,117.6125,117.6375,T1,10.9805412,True,valid,source,25,25,0.0,11.279195829489352,True,valid,,False,no_tower_section_at_tip_height,,False,no_tower_section_at_tip_height
13,13,0.65,117.675,117.6625,117.6875,T1,10.9904747,True,valid,source,27,27,0.0,9.195097808446663,True,valid,,False,no_tower_section_at_tip_height,,False,no_tower_section_at_tip_height
14,14,0.7,117.725,117.71249999999999,117.7375,T1,11.0021133,True,valid,source,29,29,0.0,7.935325524459167,True,valid,,False,no_tower_section_at_tip_height,,False,no_tower_section_at_tip_height
15,15,0.75,117.775,117.7625,117.78750000000001,T1,11.0128727,True,valid,source,31,31,0.0,7.804385736561963,True,valid,,False,no_tower_section_at_tip_height,,False,no_tower_section_at_tip_height
16,16,0.8,117.825,117.8125,117.8375,T1,11.0229263,True,valid,source,33,33,0.0,8.856843226052376,True,valid,,False,no_tower_section_at_tip_height,,False,no_tower_section_at_tip_height
17,17,0.85,117.875,117.8625,117.8875,T1,11.0342064,True,valid,source,35,35,0.0,10.777038402042113,True,valid,,False,no_tower_section_at_tip_height,,False,no_tower_section_at_tip_height
18,18,0.9,117.925,117.9125,117.9375,T1,11.044714,True,valid,source,37,37,0.0,13.241047684648555,True,valid,,False,no_tower_section_at_tip_height,,False,no_tower_section_at_tip_height
19,19,0.95,117.975,117.96249999999999,117.9875,T1,11.053895,True,valid,source,39,39,0.0,16.044400800385734,True,valid,,False,no_tower_section_at_tip_height,,False,no_tower_section_at_tip_height
20,20,1.0,118.025,118.0125,118.03750000000001,T1,11.0632362,True,valid,source,41,41,0.0,18.985044017686164,True,valid,,False,no_tower_section_at_tip_height,,False,no_tower_section_at_tip_height
21,21,1.05,118.075,118.0625,118.0875,T1,11.0700407,True,valid,source,43,43,0.0,22.021044530739072,True,valid,,False,no_tower_section_at_tip_height,,False,no_tower_section_at_tip_height
22,22,1.1,118.125,118.1125,118.1375,T1,11.0784388,True,valid,source,45,45,0.0,25.084196800123763,True,valid,,False,no_tower_section_at_tip_height,,False,no_tower_section_at_tip_height
23,23,1.15,118.175,118.1625,118.1875,T1,11.0881891,True,valid,source,47,47,0.0,28.12951444231653,True,valid,,False,no_tower_section_at_tip_height,,False,no_tower_section_at_tip_height
24,24,1.2,118.225,118.21249999999999,118.2375,T1,11.0984955,True,valid,source,49,49,0.0,31.108745738836895,True,valid,,False,no_tower_section_at_tip_height,,False,no_tower_section_at_tip_height
25,25,1.25,118.275,118.2625,118.28750000000001,T1,11.1091223,True,valid,source,51,51,0.0,34.024046312125314,True,valid,,False,no_tower_section_at_tip_height,60.973895844552146,True,valid
26,26,1.3,118.325,118.3125,118.3375,T1,11.1248779,True,valid,source,53,53,0.0,36.85790987322578,True,valid,,False,no_tower_section_at_tip_height,60.54055019160002,True,valid
27,27,1.35,118.375,118.3625,118.3875,T1,11.1367855,True,valid,source,55,55,0.0,39.594692075917955,True,valid,,False,no_tower_section_at_tip_height,59.89838149882448,True,valid
28,28,1.4,118.425,118.4125,118.4375,T1,11.1485004,True,valid,source,57,57,0.0,42.220236891802955,True,valid,,False,no_tower_section_at_tip_height,59.05049500520489,True,valid
29,29,1.45,118.475,118.46249999999999,118.4875,T1,11.1651077,True,valid,source,59,59,0.0,44.72022442208292,True,valid,,False,no_tower_section_at_tip_height,57.99961286188106,True,valid
30,30,1.5,118.525,118.5125,118.53750000000001,T1,11.1843195,True,valid,source,61,61,0.0,47.08083824078916,True,valid,,False,no_tower_section_at_tip_height,56.74532119735654,True,valid
31,31,1.55,118.575,118.5625,118.5875,T1,11.1996021,True,valid,source,63,63,0.0,49.28829654281996,True,valid,,False,no_tower_section_at_tip_height,55.28944894155045,True,valid
32,32,1.6,118.625,118.6125,118.6375,T1,11.2141733,True,valid,source,65,65,0.0,51.33135803493424,True,valid,,False,no_tower_section_at_tip_height,53.637313070455974,True,valid
33,33,1.65,118.675,118.6625,118.6875,T1,11.228466,True,valid,source,67,67,0.0,53.20209438963722,True,valid,,False,no_tower_section_at_tip_height,51.79662819845066,True,valid
34,34,1.7,118.725,118.71249999999999,118.7375,T1,11.2448492,True,valid,source,69,69,0.0,54.89298289087232,True,valid,,False,no_tower_section_at_tip_height,49.7739679300057,True,valid
35,35,1.75,118.775,118.7625,118.78750000000001,T1,11.2675018,True,valid,source,71,71,0.0,56.39496100590634,True,valid,,False,no_tower_section_at_tip_height,47.57589835750892,True,valid
36,36,1.8,118.825,118.8125,118.8375,T1,11.2929258,True,valid,source,73,73,0.0,57.69961795843916,True,valid,,False,no_tower_section_at_tip_height,45.211562090872356,True,valid
37,37,1.85,118.875,118.8625,118.8875,T1,11.3228607,True,valid,source,75,75,0.0,58.80103683601159,True,valid,,False,no_tower_section_at_tip_height,42.692718355575934,True,valid
38,38,1.9,118.925,118.9125,118.9375,T1,11.3559265,True,valid,source,77,77,0.0,59.69375124885416,True,valid,,False,no_tower_section_at_tip_height,40.02869749106141,True,valid
39,39,1.95,118.975,118.96249999999999,118.9875,T1,11.3860807,True,valid,source,79,79,0.0,60.37392992360219,True,valid,,False,no_tower_section_at_tip_height,37.22748948988718,True,valid
40,40,2.0,119.025,119.0125,119.03750000000001,T1,11.4118843,True,valid,source,81,81,0.0,60.83765616108296,True,valid,,False,no_tower_section_at_tip_height,34.30261812027477,True,valid
41,41,2.05,119.075,119.0625,119.0875,T1,11.4390783,True,valid,source,83,83,0.0,,False,no_tower_section_at_tip_height,,False,no_tower_section_at_tip_height,31.270041887538802,True,valid
42,42,2.1,119.125,119.1125,119.1375,T1,11.4718466,True,valid,source,85,85,0.0,,False,no_tower_section_at_tip_height,,False,no_tower_section_at_tip_height,28.15006738523217,True,valid
43,43,2.15,119.175,119.1625,119.1875,T1,11.502038,True,valid,source,87,87,0.0,,False,no_tower_section_at_tip_height,,False,no_tower_section_at_tip_height,24.960600621375754,True,valid
44,44,2.2,119.225,119.21249999999999,119.2375,T1,11.5330057,True,valid,source,89,89,0.0,,False,no_tower_section_at_tip_height,,False,no_tower_section_at_tip_height,21.747568493234763,True,valid
45,45,2.25,119.275,119.2625,119.28750000000001,T1,11.5627346,True,valid,source,91,91,0.0,,False,no_tower_section_at_tip_height,,False,no_tower_section_at_tip_height,18.579412400179216,True,valid
46,46,2.3,119.325,119.3125,119.3375,T1,11.5858717,True,valid,source,93,93,0.0,,False,no_tower_section_at_tip_height,,False,no_tower_section_at_tip_height,15.525507898794668,True,valid
47,47,2.35,119.375,119.3625,119.3875,T1,11.6105127,True,valid,source,95,95,0.0,,False,no_tower_section_at_tip_height,,False,no_tower_section_at_tip_height,12.627459196216657,True,valid
48,48,2.4,119.425,119.4125,119.4375,T1,11.6411419,True,valid,source,97,97,0.0,,False,no_tower_section_at_tip_height,,False,no_tower_section_at_tip_height,10.147271789779671,True,valid
49,49,2.45,119.475,119.46249999999999,119.4875,T1,11.6713982,True,valid,source,99,99,0.0,,False,no_tower_section_at_tip_height,,False,no_tower_section_at_tip_height,8.402445396270354,True,valid
50,50,2.5,119.525,119.5125,119.53750000000001,T1,11.709713,True,valid,source,101,101,0.0,,False,no_tower_section_at_tip_height,,False,no_tower_section_at_tip_height,7.823696434671489,True,valid
51,51,2.55,119.575,119.5625,119.5875,T1,11.7475014,True,valid,source,103,103,0.0,,False,no_tower_section_at_tip_height,,False,no_tower_section_at_tip_height,8.54900975328106,True,valid
52,52,2.6,119.625,119.6125,119.6375,T1,11.7767887,True,valid,source,105,105,0.0,,False,no_tower_section_at_tip_height,,False,no_tower_section_at_tip_height,10.387810490685133,True,valid
53,53,2.65,119.675,119.6625,119.6875,T1,11.8043375,True,valid,source,107,107,0.0,,False,no_tower_section_at_tip_height,,False,no_tower_section_at_tip_height,12.941063619217736,True,valid
54,54,2.7,119.725,119.71249999999999,119.7375,T1,11.8299875,True,valid,source,109,109,0.0,,False,no_tower_section_at_tip_height,,False,no_tower_section_at_tip_height,15.870098902063832,True,valid
55,55,2.75,119.775,119.7625,119.78750000000001,T1,11.8493919,True,valid,source,111,111,0.0,,False,no_tower_section_at_tip_height,,False,no_tower_section_at_tip_height,19.017699410423972,True,valid
56,56,2.8,119.825,119.8125,119.8375,T1,11.8672752,True,valid,source,113,113,0.0,,False,no_tower_section_at_tip_height,,False,no_tower_section_at_tip_height,22.237811627747877,True,valid
57,57,2.85,119.875,119.8625,119.8875,T1,11.884634,True,valid,source,115,115,0.0,,False,no_tower_section_at_tip_height,,False,no_tower_section_at_tip_height,25.50409351914633,True,valid
58,58,2.9,119.925,119.9125,119.9375,T1,11.8991089,True,valid,source,117,117,0.0,,False,no_tower_section_at_tip_height,,False,no_tower_section_at_tip_height,28.762485787318557,True,valid
59,59,2.95,119.975,119.96249999999999,119.9875,T1,11.9117794,True,valid,source,119,119,0.0,,False,no_tower_section_at_tip_height,61.214035209500885,True,valid,31.970327133075106,True,valid
60,60,3.0,120.025,120.0125,120.03750000000001,T1,11.9279299,True,valid,source,121,121,0.0,,False,no_tower_section_at_tip_height,60.94274090078405,True,valid,35.08342450214034,True,valid
61,61,3.05,120.075,120.0625,120.0875,T1,11.9417562,True,valid,source,123,123,0.0,,False,no_tower_section_at_tip_height,60.434554264575894,True,valid,38.09188907608703,True,valid
62,62,3.1,120.125,120.1125,120.1375,T1,11.9565849,True,valid,source,125,125,0.0,,False,no_tower_section_at_tip_height,59.69209329479738,True,valid,40.9784783369986,True,valid
63,63,3.15,120.175,120.1625,120.1875,T1,11.9710226,True,valid,source,127,127,0.0,,False,no_tower_section_at_tip_height,58.71986036410662,True,valid,43.726604343813285,True,valid
64,64,3.2,120.225,120.21249999999999,120.2375,T1,11.9815445,True,valid,source,129,129,0.0,,False,no_tower_section_at_tip_height,57.52278579144542,True,valid,46.319315963648016,True,valid
65,65,3.25,120.275,120.2625,120.28750000000001,T1,11.989397,True,valid,source,131,131,0.0,,False,no_tower_section_at_tip_height,56.10530024957745,True,valid,48.740443558459006,True,valid
66,66,3.3,120.325,120.3125,120.3375,T1,11.9957657,True,valid,source,133,133,0.0,,False,no_tower_section_at_tip_height,54.470921078290985,True,valid,50.976864704591065,True,valid
67,67,3.35,120.375,120.3625,120.3875,T1,11.9985905,True,valid,source,135,135,0.0,,False,no_tower_section_at_tip_height,52.62782745332568,True,valid,53.01729139178538,True,valid
68,68,3.4,120.425,120.4125,120.4375,T1,12.0002604,True,valid,source,137,137,0.0,,False,no_tower_section_at_tip_height,50.584400565406284,True,valid,54.85320412321342,True,valid
69,69,3.45,120.475,120.46249999999999,120.4875,T1,12.0002813,True,valid,source,139,139,0.0,,False,no_tower_section_at_tip_height,48.34808880868644,True,valid,56.47866674101392,True,valid
70,70,3.5,120.525,120.5125,120.53750000000001,T1,11.9990797,True,valid,source,141,141,0.0,,False,no_tower_section_at_tip_height,45.92917334974164,True,valid,57.886762355913405,True,valid
71,71,3.55,120.575,120.5625,120.5875,T1,11.9960289,True,valid,source,143,143,0.0,,False,no_tower_section_at_tip_height,43.342262102089194,True,valid,59.069673103426474,True,valid
72,72,3.6,120.625,120.6125,120.6375,T1,11.9990835,True,valid,source,145,145,0.0,,False,no_tower_section_at_tip_height,40.60408243766512,True,valid,60.01978169233743,True,valid
73,73,3.65,120.675,120.6625,120.6875,T1,12.0017757,True,valid,source,147,147,0.0,,False,no_tower_section_at_tip_height,37.736713833709416,True,valid,60.72982216165136,True,valid
74,74,3.7,120.725,120.71249999999999,120.7375,T1,12.0027227,True,valid,source,149,149,0.0,,False,no_tower_section_at_tip_height,34.76747134411087,True,valid,61.1959014642734,True,valid
75,75,3.75,120.775,120.7625,120.78750000000001,T1,12.0044966,True,valid,source,151,151,0.0,,False,no_tower_section_at_tip_height,31.702633813981386,True,valid,,False,no_tower_section_at_tip_height
76,76,3.8,120.825,120.8125,120.8375,T1,12.0018005,True,valid,source,153,153,0.0,,False,no_tower_section_at_tip_height,28.58986109442584,True,valid,,False,no_tower_section_at_tip_height
77,77,3.85,120.875,120.8625,120.8875,T1,11.9972706,True,valid,source,155,155,0.0,,False,no_tower_section_at_tip_height,25.47253735886277,True,valid,,False,no_tower_section_at_tip_height
78,78,3.9,120.925,120.9125,120.9375,T1,11.9935722,True,valid,source,157,157,0.0,,False,no_tower_section_at_tip_height,22.39979588338643,True,valid,,False,no_tower_section_at_tip_height
79,79,3.95,120.975,120.96249999999999,120.9875,T1,11.9857159,True,valid,source,159,159,0.0,,False,no_tower_section_at_tip_height,19.404234038788296,True,valid,,False,no_tower_section_at_tip_height
80,80,4.0,121.025,121.0125,121.03750000000001,T1,11.9736385,True,valid,source,161,161,0.0,,False,no_tower_section_at_tip_height,16.58616580475628,True,valid,,False,no_tower_section_at_tip_height
81,81,4.05,121.075,121.0625,121.0875,T1,11.9639492,True,valid,source,163,163,0.0,,False,no_tower_section_at_tip_height,14.09020356616741,True,valid,,False,no_tower_section_at_tip_height
82,82,4.1,121.125,121.1125,121.1375,T1,11.9513168,True,valid,source,165,165,0.0,,False,no_tower_section_at_tip_height,12.138673646767426,True,valid,,False,no_tower_section_at_tip_height
83,83,4.15,121.175,121.1625,121.1875,T1,11.9376745,True,valid,source,167,167,0.0,,False,no_tower_section_at_tip_height,10.986583386578177,True,valid,,False,no_tower_section_at_tip_height
84,84,4.2,121.225,121.21249999999999,121.2375,T1,11.9290257,True,valid,source,169,169,0.0,,False,no_tower_section_at_tip_height,10.864587294173242,True,valid,,False,no_tower_section_at_tip_height
85,85,4.25,121.275,121.2625,121.28750000000001,T1,11.9210329,True,valid,source,171,171,0.0,,False,no_tower_section_at_tip_height,11.811263640253797,True,valid,,False,no_tower_section_at_tip_height
86,86,4.3,121.325,121.3125,121.3375,T1,11.9125013,True,valid,source,173,173,0.0,,False,no_tower_section_at_tip_height,13.636025124701465,True,valid,,False,no_tower_section_at_tip_height
87,87,4.35,121.375,121.3625,121.3875,T1,11.9027166,True,valid,source,175,175,0.0,,False,no_tower_section_at_tip_height,16.07298737101072,True,valid,,False,no_tower_section_at_tip_height
88,88,4.4,121.425,121.4125,121.4375,T1,11.8912754,True,valid,source,177,177,0.0,,False,no_tower_section_at_tip_height,18.824724985664293,True,valid,,False,no_tower_section_at_tip_height
89,89,4.45,121.475,121.46249999999999,121.4875,T1,11.8799429,True,valid,source,179,179,0.0,,False,no_tower_section_at_tip_height,21.805244214492493,True,valid,,False,no_tower_section_at_tip_height
90,90,4.5,121.525,121.5125,121.53750000000001,T1,11.8642721,True,valid,source,181,181,0.0,,False,no_tower_section_at_tip_height,24.857766343463034,True,valid,,False,no_tower_section_at_tip_height
91,91,4.55,121.575,121.5625,121.5875,T1,11.8399954,True,valid,source,183,183,0.0,,False,no_tower_section_at_tip_height,27.947023976171565,True,valid,,False,no_tower_section_at_tip_height
92,92,4.6,121.625,121.6125,121.6375,T1,11.8149109,True,valid,source,185,185,0.0,,False,no_tower_section_at_tip_height,31.03396053748758,True,valid,,False,no_tower_section_at_tip_height
93,93,4.65,121.675,121.6625,121.6875,T1,11.7944021,True,valid,source,187,187,0.0,61.37690632069497,True,valid,34.074344364123995,True,valid,,False,no_tower_section_at_tip_height
94,94,4.7,121.725,121.71249999999999,121.7375,T1,11.7762365,True,valid,source,189,189,0.0,61.00984576943296,True,valid,37.03560563451325,True,valid,,False,no_tower_section_at_tip_height
95,95,4.75,121.775,121.7625,121.78750000000001,T1,11.760602,True,valid,source,191,191,0.0,60.415270315483056,True,valid,39.88095724968313,True,valid,,False,no_tower_section_at_tip_height
96,96,4.8,121.825,121.8125,121.8375,T1,11.7471161,True,valid,source,193,193,0.0,59.59820120707999,True,valid,42.59877203734999,True,valid,,False,no_tower_section_at_tip_height
97,97,4.85,121.875,121.8625,121.8875,T1,11.7336626,True,valid,source,195,195,0.0,58.56068663511756,True,valid,45.17876644774163,True,valid,,False,no_tower_section_at_tip_height
98,98,4.9,121.925,121.9125,121.9375,T1,11.7171288,True,valid,source,197,197,0.0,57.30521920334728,True,valid,47.604733836385265,True,valid,,False,no_tower_section_at_tip_height
99,99,4.95,121.975,121.96249999999999,121.9875,T1,11.6988182,True,valid,source,199,199,0.0,55.83750158524116,True,valid,49.86387575479914,True,valid,,False,no_tower_section_at_tip_height
100,100,5.0,122.025,122.0125,122.03750000000001,T1,11.6839905,True,valid,source,201,201,0.0,54.167086401872005,True,valid,51.946438987189346,True,valid,,False,no_tower_section_at_tip_height
101,101,5.05,122.075,122.0625,122.0875,T1,11.6679173,True,valid,source,203,203,0.0,52.30663677426855,True,valid,53.84375802790882,True,valid,,False,no_tower_section_at_tip_height
102,102,5.1,122.125,122.1125,122.1375,T1,11.6503763,True,valid,source,205,205,0.0,50.26945087272084,True,valid,55.54676832466409,True,valid,,False,no_tower_section_at_tip_height
103,103,5.15,122.175,122.1625,122.1875,T1,11.6303406,True,valid,source,207,207,0.0,48.065967394253946,True,valid,57.04699526222045,True,valid,,False,no_tower_section_at_tip_height
104,104,5.2,122.225,122.21249999999999,122.2375,T1,11.60779,True,valid,source,209,209,0.0,45.70421603722316,True,valid,58.33790692003119,True,valid,,False,no_tower_section_at_tip_height
105,105,5.25,122.275,122.2625,122.28750000000001,T1,11.5841322,True,valid,source,211,211,0.0,43.191277089630105,True,valid,59.41552186466319,True,valid,,False,no_tower_section_at_tip_height
106,106,5.3,122.325,122.3125,122.3375,T1,11.5607958,True,valid,source,213,213,0.0,40.53697455561306,True,valid,60.27568677303383,True,valid,,False,no_tower_section_at_tip_height
107,107,5.35,122.375,122.3625,122.3875,T1,11.5414743,True,valid,source,215,215,0.0,37.75581735603087,True,valid,60.91334593779523,True,valid,,False,no_tower_section_at_tip_height
108,108,5.4,122.425,122.4125,122.4375,T1,11.5245943,True,valid,source,217,217,0.0,34.85434866252212,True,valid,61.32482280075009,True,valid,,False,no_tower_section_at_tip_height
109,109,5.45,122.475,122.46249999999999,122.4875,T1,11.5094242,True,valid,source,219,219,0.0,31.874384153717568,True,valid,,False,no_tower_section_at_tip_height,,False,no_tower_section_at_tip_height
110,110,5.5,122.525,122.5125,122.53750000000001,T1,11.4938459,True,valid,source,221,221,0.0,28.85091688152599,True,valid,,False,no_tower_section_at_tip_height,,False,no_tower_section_at_tip_height
111,111,5.55,122.575,122.5625,122.5875,T1,11.4766846,True,valid,source,223,223,0.0,25.83065491627266,True,valid,,False,no_tower_section_at_tip_height,,False,no_tower_section_at_tip_height
112,112,5.6,122.625,122.6125,122.6375,T1,11.4595613,True,valid,source,225,225,0.0,22.87051443347294,True,valid,,False,no_tower_section_at_tip_height,,False,no_tower_section_at_tip_height
113,113,5.65,122.675,122.6625,122.6875,T1,11.4434719,True,valid,source,227,227,0.0,19.988305013337236,True,valid,,False,no_tower_section_at_tip_height,,False,no_tower_section_at_tip_height
114,114,5.7,122.725,122.71249999999999,122.7375,T1,11.4226065,True,valid,source,229,229,0.0,17.292467160388625,True,valid,,False,no_tower_section_at_tip_height,,False,no_tower_section_at_tip_height
115,115,5.75,122.775,122.7625,122.78750000000001,T1,11.399354,True,valid,source,231,231,0.0,14.880215623057051,True,valid,,False,no_tower_section_at_tip_height,,False,no_tower_section_at_tip_height
116,116,5.8,122.825,122.8125,122.8375,T1,11.3781309,True,valid,source,233,233,0.0,12.920577395540672,True,valid,,False,no_tower_section_at_tip_height,,False,no_tower_section_at_tip_height
117,117,5.85,122.875,122.8625,122.8875,T1,11.3547115,True,valid,source,235,235,0.0,11.597547743466187,True,valid,,False,no_tower_section_at_tip_height,,False,no_tower_section_at_tip_height
118,118,5.9,122.925,122.9125,122.9375,T1,11.331275,True,valid,source,237,237,0.0,11.146745334971074,True,valid,,False,no_tower_section_at_tip_height,,False,no_tower_section_at_tip_height
119,119,5.95,122.975,122.96249999999999,122.9875,T1,11.3142653,True,valid,source,239,239,0.0,11.65712420239834,True,valid,,False,no_tower_section_at_tip_height,,False,no_tower_section_at_tip_height
120,120,6.0,123.025,123.0125,123.03750000000001,T1,11.3009024,True,valid,source,241,241,0.0,13.03219433323641,True,valid,,False,no_tower_section_at_tip_height,,False,no_tower_section_at_tip_height
121,121,6.05,123.075,123.0625,123.0875,T1,11.2867575,True,valid,source,243,243,0.0,15.035218056100486,True,valid,,False,no_tower_section_at_tip_height,,False,no_tower_section_at_tip_height
122,122,6.1,123.125,123.1125,123.1375,T1,11.2729359,True,valid,source,245,245,0.0,17.481408156365585,True,valid,,False,no_tower_section_at_tip_height,,False,no_tower_section_at_tip_height
123,123,6.15,123.175,123.1625,123.1875,T1,11.2607689,True,valid,source,247,247,0.0,20.178321749490454,True,valid,,False,no_tower_section_at_tip_height,,False,no_tower_section_at_tip_height
124,124,6.2,123.225,123.21249999999999,123.2375,T1,11.2447271,True,valid,source,249,249,0.0,23.03352675122238,True,valid,,False,no_tower_section_at_tip_height,,False,no_tower_section_at_tip_height
125,125,6.25,123.275,123.2625,123.28750000000001,T1,11.2261505,True,valid,source,251,251,0.0,25.917543168138096,True,valid,,False,no_tower_section_at_tip_height,,False,no_tower_section_at_tip_height
126,126,6.3,123.325,123.3125,123.3375,T1,11.2070427,True,valid,source,253,253,0.0,28.827634675864335,True,valid,,False,no_tower_section_at_tip_height,,False,no_tower_section_at_tip_height
127,127,6.35,123.375,123.3625,123.3875,T1,11.1850843,True,valid,source,255,255,0.0,31.72258346869263,True,valid,,False,no_tower_section_at_tip_height,,False,no_tower_section_at_tip_height
128,128,6.4,123.425,123.4125,123.4375,T1,11.1641884,True,valid,source,257,257,0.0,34.573517451375345,True,valid,,False,no_tower_section_at_tip_height,61.30598033440019,True,valid
129,129,6.45,123.475,123.46249999999999,123.4875,T1,11.1461544,True,valid,source,259,259,0.0,37.35203794320786,True,valid,,False,no_tower_section_at_tip_height,60.92679118285817,True,valid
130,130,6.5,123.525,123.5125,123.53750000000001,T1,11.1285257,True,valid,source,261,261,0.0,40.02262024032358,True,valid,,False,no_tower_section_at_tip_height,60.345391144309644,True,valid
131,131,6.55,123.575,123.5625,123.5875,T1,11.1137877,True,valid,source,263,263,0.0,42.58000667497059,True,valid,,False,no_tower_section_at_tip_height,59.561877914253586,True,valid
132,132,6.6,123.625,123.6125,123.6375,T1,11.1002378,True,valid,source,265,265,0.0,45.01805969945289,True,valid,,False,no_tower_section_at_tip_height,58.5786951951065,True,valid
133,133,6.65,123.675,123.6625,123.6875,T1,11.0836105,True,valid,source,267,267,0.0,47.32364147643277,True,valid,,False,no_tower_section_at_tip_height,57.40070852512386,True,valid
134,134,6.7,123.725,123.71249999999999,123.7375,T1,11.0730457,True,valid,source,269,269,0.0,49.484194413999845,True,valid,,False,no_tower_section_at_tip_height,56.030630712600626,True,valid
135,135,6.75,123.775,123.7625,123.78750000000001,T1,11.0657282,True,valid,source,271,271,0.0,51.48883732219106,True,valid,,False,no_tower_section_at_tip_height,54.476087244559025,True,valid
136,136,6.8,123.825,123.8125,123.8375,T1,11.0531979,True,valid,source,273,273,0.0,53.32732407286168,True,valid,,False,no_tower_section_at_tip_height,52.749167171678074,True,valid
137,137,6.85,123.875,123.8625,123.8875,T1,11.0369616,True,valid,source,275,275,0.0,54.9926160606563,True,valid,,False,no_tower_section_at_tip_height,50.86047945633719,True,valid
138,138,6.9,123.925,123.9125,123.9375,T1,11.0204763,True,valid,source,277,277,0.0,56.47889451691113,True,valid,,False,no_tower_section_at_tip_height,48.81866822389946,True,valid
139,139,6.95,123.975,123.96249999999999,123.9875,T1,11.0001888,True,valid,source,279,279,0.0,57.78044573291588,True,valid,,False,no_tower_section_at_tip_height,46.63107345981184,True,valid
140,140,7.0,124.025,124.0125,124.03750000000001,T1,10.9786301,True,valid,source,281,281,0.0,58.89212167980718,True,valid,,False,no_tower_section_at_tip_height,44.30723358637179,True,valid
141,141,7.05,124.075,124.0625,124.0875,T1,10.9601603,True,valid,source,283,283,0.0,59.80887646426706,True,valid,,False,no_tower_section_at_tip_height,41.85880394680448,True,valid
142,142,7.1,124.125,124.1125,124.1375,T1,10.9445848,True,valid,source,285,285,0.0,60.526395178336344,True,valid,,False,no_tower_section_at_tip_height,39.29250237488582,True,valid
143,143,7.15,124.175,124.1625,124.1875,T1,10.9319286,True,valid,source,287,287,0.0,61.041711427139745,True,valid,,False,no_tower_section_at_tip_height,36.614003544857674,True,valid
144,144,7.2,124.225,124.21249999999999,124.2375,T1,10.9203234,True,valid,source,289,289,0.0,61.353229266595136,True,valid,,False,no_tower_section_at_tip_height,33.828764717343006,True,valid
145,145,7.25,124.275,124.2625,124.28750000000001,T1,10.909317,True,valid,source,291,291,0.0,,False,no_tower_section_at_tip_height,,False,no_tower_section_at_tip_height,30.975441895335997,True,valid
146,146,7.3,124.325,124.3125,124.3375,T1,10.9002695,True,valid,source,293,293,0.0,,False,no_tower_section_at_tip_height,,False,no_tower_section_at_tip_height,28.080703109325075,True,valid
147,147,7.35,124.375,124.3625,124.3875,T1,10.890955,True,valid,source,295,295,0.0,,False,no_tower_section_at_tip_height,,False,no_tower_section_at_tip_height,25.171955128640654,True,valid
148,148,7.4,124.425,124.4125,124.4375,T1,10.8805866,True,valid,source,297,297,0.0,,False,no_tower_section_at_tip_height,,False,no_tower_section_at_tip_height,22.284109910833912,True,valid
149,149,7.45,124.475,124.46249999999999,124.4875,T1,10.8697119,True,valid,source,299,299,0.0,,False,no_tower_section_at_tip_height,,False,no_tower_section_at_tip_height,19.43899325128699,True,valid
150,150,7.5,124.525,124.5125,124.53750000000001,T1,10.8558311,True,valid,source,301,301,0.0,,False,no_tower_section_at_tip_height,,False,no_tower_section_at_tip_height,16.726379959727375,True,valid
151,151,7.55,124.575,124.5625,124.5875,T1,10.8404922,True,valid,source,303,303,0.0,,False,no_tower_section_at_tip_height,,False,no_tower_section_at_tip_height,14.278328445239605,True,valid
152,152,7.6,124.625,124.6125,124.6375,T1,10.8282318,True,valid,source,305,305,0.0,,False,no_tower_section_at_tip_height,,False,no_tower_section_at_tip_height,12.220469806601365,True,valid
153,153,7.65,124.675,124.6625,124.6875,T1,10.8182554,True,valid,source,307,307,0.0,,False,no_tower_section_at_tip_height,,False,no_tower_section_at_tip_height,10.758366012622774,True,valid
154,154,7.7,124.725,124.71249999999999,124.7375,T1,10.8107004,True,valid,source,309,309,0.0,,False,no_tower_section_at_tip_height,,False,no_tower_section_at_tip_height,10.132465066225075,True,valid
155,155,7.75,124.775,124.7625,124.78750000000001,T1,10.8050156,True,valid,source,311,311,0.0,,False,no_tower_section_at_tip_height,,False,no_tower_section_at_tip_height,10.461826184109782,True,valid
156,156,7.8,124.825,124.8125,124.8375,T1,10.8025045,True,valid,source,313,313,0.0,,False,no_tower_section_at_tip_height,,False,no_tower_section_at_tip_height,11.665886699789077,True,valid
157,157,7.85,124.875,124.8625,124.8875,T1,10.8036642,True,valid,source,315,315,0.0,,False,no_tower_section_at_tip_height,,False,no_tower_section_at_tip_height,13.53440306945235,True,valid
158,158,7.9,124.925,124.9125,124.9375,T1,10.8065872,True,valid,source,317,317,0.0,,False,no_tower_section_at_tip_height,,False,no_tower_section_at_tip_height,15.867782865508481,True,valid
159,159,7.95,124.975,124.96249999999999,124.9875,T1,10.8069267,True,valid,source,319,319,0.0,,False,no_tower_section_at_tip_height,,False,no_tower_section_at_tip_height,18.472673274913827,True,valid
160,160,8.0,125.025,125.0125,125.03750000000001,T1,10.8055792,True,valid,source,321,321,0.0,,False,no_tower_section_at_tip_height,,False,no_tower_section_at_tip_height,21.239703774085015,True,valid
161,161,8.05,125.075,125.0625,125.0875,T1,10.8057089,True,valid,source,323,323,0.0,,False,no_tower_section_at_tip_height,,False,no_tower_section_at_tip_height,24.058894281557475,True,valid
162,162,8.1,125.125,125.1125,125.1375,T1,10.8017149,True,valid,source,325,325,0.0,,False,no_tower_section_at_tip_height,,False,no_tower_section_at_tip_height,26.916520371908117,True,valid
163,163,8.15,125.175,125.1625,125.1875,T1,10.7973528,True,valid,source,327,327,0.0,,False,no_tower_section_at_tip_height,,False,no_tower_section_at_tip_height,29.77121603297864,True,valid
164,164,8.2,125.225,125.21249999999999,125.2375,T1,10.7995481,True,valid,source,329,329,0.0,,False,no_tower_section_at_tip_height,61.3382281350636,True,valid,32.595020193638135,True,valid
165,165,8.25,125.275,125.2625,125.28750000000001,T1,10.8066025,True,valid,source,331,331,0.0,,False,no_tower_section_at_tip_height,61.061881289567395,True,valid,35.360852865009534,True,valid
166,166,8.3,125.325,125.3125,125.3375,T1,10.8114786,True,valid,source,333,333,0.0,,False,no_tower_section_at_tip_height,60.58608439186037,True,valid,38.04021880081134,True,valid
167,167,8.35,125.375,125.3625,125.3875,T1,10.8178043,True,valid,source,335,335,0.0,,False,no_tower_section_at_tip_height,59.914462655276814,True,valid,40.63208663420233,True,valid
168,168,8.4,125.425,125.4125,125.4375,T1,10.8297863,True,valid,source,337,337,0.0,,False,no_tower_section_at_tip_height,59.05111842013709,True,valid,43.12060240829802,True,valid
169,169,8.45,125.475,125.46249999999999,125.4875,T1,10.8408422,True,valid,source,339,339,0.0,,False,no_tower_section_at_tip_height,57.998276224228135,True,valid,45.49228658813533,True,valid
170,170,8.5,125.525,125.5125,125.53750000000001,T1,10.8528156,True,valid,source,341,341,0.0,,False,no_tower_section_at_tip_height,56.757551917891696,True,valid,47.73436179602949,True,valid
171,171,8.55,125.575,125.5625,125.5875,T1,10.8653412,True,valid,source,343,343,0.0,,False,no_tower_section_at_tip_height,55.334430009121895,True,valid,49.83423821296303,True,valid
172,172,8.6,125.625,125.6125,125.6375,T1,10.8767242,True,valid,source,345,345,0.0,,False,no_tower_section_at_tip_height,53.738886649824906,True,valid,51.7810717376359,True,valid
173,173,8.65,125.675,125.6625,125.6875,T1,10.8826456,True,valid,source,347,347,0.0,,False,no_tower_section_at_tip_height,51.98259591754549,True,valid,53.56516637185287,True,valid
174,174,8.7,125.725,125.71249999999999,125.7375,T1,10.8872232,True,valid,source,349,349,0.0,,False,no_tower_section_at_tip_height,50.070708851332604,True,valid,55.17863248744888,True,valid
175,175,8.75,125.775,125.7625,125.78750000000001,T1,10.8953514,True,valid,source,351,351,0.0,,False,no_tower_section_at_tip_height,48.0034377772819,True,valid,56.61523680526308,True,valid
176,176,8.8,125.825,125.8125,125.8375,T1,10.9060278,True,valid,source,353,353,0.0,,False,no_tower_section_at_tip_height,45.78384216074396,True,valid,57.86919473346224,True,valid
177,177,8.85,125.875,125.8625,125.8875,T1,10.9150791,True,valid,source,355,355,0.0,,False,no_tower_section_at_tip_height,43.42420896888159,True,valid,58.93534947746061,True,valid
178,178,8.9,125.925,125.9125,125.9375,T1,10.9279633,True,valid,source,357,357,0.0,,False,no_tower_section_at_tip_height,40.938662767714945,True,valid,59.80909106726623,True,valid
179,179,8.95,125.975,125.96249999999999,125.9875,T1,10.9443455,True,valid,source,359,359,0.0,,False,no_tower_section_at_tip_height,38.33973292371408,True,valid,60.48623814427718,True,valid
180,180,9.0,126.025,126.0125,126.03750000000001,T1,10.961134,True,valid,source,361,361,0.0,,False,no_tower_section_at_tip_height,35.641356535505594,True,valid,60.96299890718006,True,valid
181,181,9.05,126.075,126.0625,126.0875,T1,10.9756222,True,valid,source,363,363,0.0,,False,no_tower_section_at_tip_height,32.85470632669839,True,valid,61.235200115112114,True,valid
182,182,9.1,126.125,126.1125,126.1375,T1,10.9837761,True,valid,source,365,365,0.0,,False,no_tower_section_at_tip_height,29.97455176996877,True,valid,,False,no_tower_section_at_tip_height
183,183,9.15,126.175,126.1625,126.1875,T1,10.9965096,True,valid,source,367,367,0.0,,False,no_tower_section_at_tip_height,27.040998040173292,True,valid,,False,no_tower_section_at_tip_height
184,184,9.2,126.225,126.21249999999999,126.2375,T1,11.0087042,True,valid,source,369,369,0.0,,False,no_tower_section_at_tip_height,24.10702437048538,True,valid,,False,no_tower_section_at_tip_height
185,185,9.25,126.275,126.2625,126.28750000000001,T1,11.0200691,True,valid,source,371,371,0.0,,False,no_tower_section_at_tip_height,21.217281707157582,True,valid,,False,no_tower_section_at_tip_height
186,186,9.3,126.325,126.3125,126.3375,T1,11.0322247,True,valid,source,373,373,0.0,,False,no_tower_section_at_tip_height,18.400502613910373,True,valid,,False,no_tower_section_at_tip_height
187,187,9.35,126.375,126.3625,126.3875,T1,11.0429869,True,valid,source,375,375,0.0,,False,no_tower_section_at_tip_height,15.740318478481006,True,valid,,False,no_tower_section_at_tip_height
188,188,9.4,126.425,126.4125,126.4375,T1,11.0527039,True,valid,source,377,377,0.0,,False,no_tower_section_at_tip_height,13.378495803323766,True,valid,,False,no_tower_section_at_tip_height
189,189,9.45,126.475,126.46249999999999,126.4875,T1,11.0596819,True,valid,source,379,379,0.0,,False,no_tower_section_at_tip_height,11.493844966196749,True,valid,,False,no_tower_section_at_tip_height
190,190,9.5,126.525,126.5125,126.53750000000001,T1,11.0654497,True,valid,source,381,381,0.0,,False,no_tower_section_at_tip_height,10.309809869623539,True,valid,,False,no_tower_section_at_tip_height
191,191,9.55,126.575,126.5625,126.5875,T1,11.0745115,True,valid,source,383,383,0.0,,False,no_tower_section_at_tip_height,10.055857977569609,True,valid,,False,no_tower_section_at_tip_height
192,192,9.6,126.625,126.6125,126.6375,T1,11.0878096,True,valid,source,385,385,0.0,,False,no_tower_section_at_tip_height,10.798492274735676,True,valid,,False,no_tower_section_at_tip_height
193,193,9.65,126.675,126.6625,126.6875,T1,11.0987873,True,valid,source,387,387,0.0,,False,no_tower_section_at_tip_height,12.380757412020055,True,valid,,False,no_tower_section_at_tip_height
194,194,9.7,126.725,126.71249999999999,126.7375,T1,11.1088896,True,valid,source,389,389,0.0,,False,no_tower_section_at_tip_height,14.533669385106156,True,valid,,False,no_tower_section_at_tip_height
195,195,9.75,126.775,126.7625,126.78750000000001,T1,11.1147509,True,valid,source,391,391,0.0,,False,no_tower_section_at_tip_height,17.04271595691612,True,valid,,False,no_tower_section_at_tip_height
196,196,9.8,126.825,126.8125,126.8375,T1,11.1148739,True,valid,source,393,393,0.0,,False,no_tower_section_at_tip_height,19.796259281343175,True,valid,,False,no_tower_section_at_tip_height
197,197,9.85,126.875,126.8625,126.8875,T1,11.1163301,True,valid,source,395,395,0.0,,False,no_tower_section_at_tip_height,22.68759049657261,True,valid,,False,no_tower_section_at_tip_height
198,198,9.9,126.925,126.9125,126.9375,T1,11.1186934,True,valid,source,397,397,0.0,,False,no_tower_section_at_tip_height,25.628280740145186,True,valid,,False,no_tower_section_at_tip_height
199,199,9.95,126.975,126.96249999999999,126.9875,T1,11.1189995,True,valid,source,399,399,0.0,,False,no_tower_section_at_tip_height,28.58858467178333,True,valid,,False,no_tower_section_at_tip_height
200,200,10.0,127.025,127.0125,127.03750000000001,T1,11.1210718,True,valid,source,401,401,0.0,,False,no_tower_section_at_tip_height,31.521819474448133,True,valid,,False,no_tower_section_at_tip_height
201,201,10.05,127.075,127.0625,127.0875,T1,11.1183796,True,valid,source,403,403,0.0,61.19637915449521,True,valid,34.39615914837099,True,valid,,False,no_tower_section_at_tip_height
202,202,10.1,127.125,127.1125,127.1375,T1,11.1120691,True,valid,source,405,405,0.0,60.81407436611714,True,valid,37.19295503312005,True,valid,,False,no_tower_section_at_tip_height
203,203,10.15,127.175,127.1625,127.1875,T1,11.1076679,True,valid,source,407,407,0.0,60.23318475770541,True,valid,39.88469819455196,True,valid,,False,no_tower_section_at_tip_height
204,204,10.2,127.225,127.21249999999999,127.2375,T1,11.1014824,True,valid,source,409,409,0.0,59.45800223460788,True,valid,42.463975789069956,True,valid,,False,no_tower_section_at_tip_height
205,205,10.25,127.275,127.2625,127.28750000000001,T1,11.0933933,True,valid,source,411,411,0.0,58.49058847299849,True,valid,44.91657443954463,True,valid,,False,no_tower_section_at_tip_height
206,206,10.3,127.325,127.3125,127.3375,T1,11.0858831,True,valid,source,413,413,0.0,57.33357631642415,True,valid,47.23092011450133,True,valid,,False,no_tower_section_at_tip_height
207,207,10.35,127.375,127.3625,127.3875,T1,11.0771313,True,valid,source,415,415,0.0,55.992822667436066,True,valid,49.39908464251138,True,valid,,False,no_tower_section_at_tip_height
208,208,10.4,127.425,127.4125,127.4375,T1,11.067277,True,valid,source,417,417,0.0,54.473388985671015,True,valid,51.41232723662454,True,valid,,False,no_tower_section_at_tip_height
209,209,10.45,127.475,127.46249999999999,127.4875,T1,11.0580626,True,valid,source,419,419,0.0,52.78274134411119,True,valid,53.26096572270815,True,valid,,False,no_tower_section_at_tip_height
210,210,10.5,127.525,127.5125,127.53750000000001,T1,11.0479937,True,valid,source,421,421,0.0,50.92988850833057,True,valid,54.935148120175654,True,valid,,False,no_tower_section_at_tip_height
211,211,10.55,127.575,127.5625,127.5875,T1,11.0350056,True,valid,source,423,423,0.0,48.91791892002438,True,valid,56.428395705431754,True,valid,,False,no_tower_section_at_tip_height
212,212,10.6,127.625,127.6125,127.6375,T1,11.0216799,True,valid,source,425,425,0.0,46.75186325644036,True,valid,57.7369258345237,True,valid,,False,no_tower_section_at_tip_height
213,213,10.65,127.675,127.6625,127.6875,T1,11.0042439,True,valid,source,427,427,0.0,44.4419915751709,True,valid,58.85639820673889,True,valid,,False,no_tower_section_at_tip_height
214,214,10.7,127.725,127.71249999999999,127.7375,T1,10.9899597,True,valid,source,429,429,0.0,41.998696450074995,True,valid,59.77993895589551,True,valid,,False,no_tower_section_at_tip_height
215,215,10.75,127.775,127.7625,127.78750000000001,T1,10.9786882,True,valid,source,431,431,0.0,39.43604414842375,True,valid,60.500202538293834,True,valid,,False,no_tower_section_at_tip_height
216,216,10.8,127.825,127.8125,127.8375,T1,10.9672184,True,valid,source,433,433,0.0,36.77184036926712,True,valid,61.014074969090665,True,valid,,False,no_tower_section_at_tip_height
217,217,10.85,127.875,127.8625,127.8875,T1,10.9596491,True,valid,source,435,435,0.0,34.009275181143664,True,valid,61.321680274817844,True,valid,,False,no_tower_section_at_tip_height
218,218,10.9,127.925,127.9125,127.9375,T1,10.9520636,True,valid,source,437,437,0.0,31.17859625747473,True,valid,,False,no_tower_section_at_tip_height,,False,no_tower_section_at_tip_height
219,219,10.95,127.975,127.96249999999999,127.9875,T1,10.9428892,True,valid,source,439,439,0.0,28.302766683680822,True,valid,,False,no_tower_section_at_tip_height,,False,no_tower_section_at_tip_height
220,220,11.0,128.025,128.01250000000002,128.0375,T1,10.9343605,True,valid,source,441,441,0.0,25.41443948908328,True,valid,,False,no_tower_section_at_tip_height,,False,no_tower_section_at_tip_height
221,221,11.05,128.075,128.0625,128.08749999999998,T1,10.9257212,True,valid,source,443,443,0.0,22.556421179449483,True,valid,,False,no_tower_section_at_tip_height,,False,no_tower_section_at_tip_height
222,222,11.1,128.125,128.1125,128.1375,T1,10.9187307,True,valid,source,445,445,0.0,19.74187902859821,True,valid,,False,no_tower_section_at_tip_height,,False,no_tower_section_at_tip_height
223,223,11.15,128.175,128.16250000000002,128.1875,T1,10.9112988,True,valid,source,447,447,0.0,17.07005783165224,True,valid,,False,no_tower_section_at_tip_height,,False,no_tower_section_at_tip_height
224,224,11.2,128.225,128.2125,128.23749999999998,T1,10.9036503,True,valid,source,449,449,0.0,14.654000026443581,True,valid,,False,no_tower_section_at_tip_height,,False,no_tower_section_at_tip_height
225,225,11.25,128.275,128.26250000000002,128.2875,T1,10.8943424,True,valid,source,451,451,0.0,12.628495690927947,True,valid,,False,no_tower_section_at_tip_height,,False,no_tower_section_at_tip_height
226,226,11.3,128.325,128.3125,128.33749999999998,T1,10.8871002,True,valid,source,453,453,0.0,11.171516565380236,True,valid,,False,no_tower_section_at_tip_height,,False,no_tower_section_at_tip_height
227,227,11.35,128.375,128.3625,128.3875,T1,10.8806496,True,valid,source,455,455,0.0,10.52618022555507,True,valid,,False,no_tower_section_at_tip_height,,False,no_tower_section_at_tip_height
228,228,11.4,128.425,128.41250000000002,128.4375,T1,10.8730268,True,valid,source,457,457,0.0,10.812675674728945,True,valid,,False,no_tower_section_at_tip_height,,False,no_tower_section_at_tip_height
229,229,11.45,128.475,128.4625,128.48749999999998,T1,10.8657885,True,valid,source,459,459,0.0,11.964118642822232,True,valid,,False,no_tower_section_at_tip_height,,False,no_tower_section_at_tip_height
230,230,11.5,128.525,128.51250000000002,128.5375,T1,10.8597918,True,valid,source,461,461,0.0,13.78752678545076,True,valid,,False,no_tower_section_at_tip_height,,False,no_tower_section_at_tip_height
231,231,11.55,128.575,128.5625,128.58749999999998,T1,10.8532429,True,valid,source,463,463,0.0,16.08951598650749,True,valid,,False,no_tower_section_at_tip_height,,False,no_tower_section_at_tip_height
232,232,11.6,128.625,128.6125,128.6375,T1,10.8428259,True,valid,source,465,465,0.0,18.681736189213773,True,valid,,False,no_tower_section_at_tip_height,,False,no_tower_section_at_tip_height
233,233,11.65,128.675,128.66250000000002,128.6875,T1,10.8329401,True,valid,source,467,467,0.0,21.47034707607839,True,valid,,False,no_tower_section_at_tip_height,,False,no_tower_section_at_tip_height
234,234,11.7,128.725,128.7125,128.73749999999998,T1,10.8282576,True,valid,source,469,469,0.0,24.323115657937517,True,valid,,False,no_tower_section_at_tip_height,,False,no_tower_section_at_tip_height
235,235,11.75,128.775,128.76250000000002,128.7875,T1,10.823822,True,valid,source,471,471,0.0,27.212235066705784,True,valid,,False,no_tower_section_at_tip_height,,False,no_tower_section_at_tip_height
236,236,11.8,128.825,128.8125,128.83749999999998,T1,10.8141012,True,valid,source,473,473,0.0,30.084574766733645,True,valid,,False,no_tower_section_at_tip_height,,False,no_tower_section_at_tip_height
237,237,11.85,128.875,128.8625,128.8875,T1,10.8032913,True,valid,source,475,475,0.0,32.90906940668117,True,valid,,False,no_tower_section_at_tip_height,61.3863649097372,True,valid
238,238,11.9,128.925,128.91250000000002,128.9375,T1,10.7894182,True,valid,source,477,477,0.0,35.66817177350388,True,valid,,False,no_tower_section_at_tip_height,61.122806144107884,True,valid
239,239,11.95,128.975,128.9625,128.98749999999998,T1,10.770092,True,valid,source,479,479,0.0,38.332298806507815,True,valid,,False,no_tower_section_at_tip_height,60.664170531341995,True,valid
240,240,12.0,129.025,129.01250000000002,129.0375,T1,10.7565327,True,valid,source,481,481,0.0,40.89782700278345,True,valid,,False,no_tower_section_at_tip_height,60.014262445309726,True,valid
241,241,12.05,129.075,129.0625,129.08749999999998,T1,10.7499542,True,valid,source,483,483,0.0,43.35274453895535,True,valid,,False,no_tower_section_at_tip_height,59.177497569340936,True,valid
242,242,12.1,129.125,129.1125,129.1375,T1,10.7410564,True,valid,source,485,485,0.0,45.68443666371692,True,valid,,False,no_tower_section_at_tip_height,58.15451273815365,True,valid
243,243,12.15,129.175,129.16250000000002,129.1875,T1,10.7319212,True,valid,source,487,487,0.0,47.88363325124037,True,valid,,False,no_tower_section_at_tip_height,56.95043742467261,True,valid
244,244,12.2,129.225,129.2125,129.23749999999998,T1,10.7190847,True,valid,source,489,489,0.0,49.93867682810364,True,valid,,False,no_tower_section_at_tip_height,55.579139096269095,True,valid
245,245,12.25,129.275,129.26250000000002,129.2875,T1,10.70187,True,valid,source,491,491,0.0,51.84436639382737,True,valid,,False,no_tower_section_at_tip_height,54.04315873379408,True,valid
246,246,12.3,129.325,129.3125,129.33749999999998,T1,10.6880312,True,valid,source,493,493,0.0,53.595017037970194,True,valid,,False,no_tower_section_at_tip_height,52.34238072287628,True,valid
247,247,12.35,129.375,129.3625,129.3875,T1,10.6733522,True,valid,source,495,495,0.0,55.18318396198539,True,valid,,False,no_tower_section_at_tip_height,50.48557687253814,True,valid
248,248,12.4,129.425,129.41250000000002,129.4375,T1,10.6565876,True,valid,source,497,497,0.0,56.603810217925755,True,valid,,False,no_tower_section_at_tip_height,48.47993372125724,True,valid
249,249,12.45,129.475,129.4625,129.48749999999998,T1,10.6465845,True,valid,source,499,499,0.0,57.849037965884506,True,valid,,False,no_tower_section_at_tip_height,46.33860206539166,True,valid
250,250,12.5,129.525,129.51250000000002,129.5375,T1,10.635087,True,valid,source,501,501,0.0,58.912976558395385,True,valid,,False,no_tower_section_at_tip_height,44.073775139642024,True,valid
251,251,12.55,129.575,129.5625,129.58749999999998,T1,10.6227217,True,valid,source,503,503,0.0,59.79093245021539,True,valid,,False,no_tower_section_at_tip_height,41.69377358499727,True,valid
252,252,12.6,129.625,129.6125,129.6375,T1,10.6167259,True,valid,source,505,505,0.0,60.47961827714409,True,valid,,False,no_tower_section_at_tip_height,39.214700679908745,True,valid
253,253,12.65,129.675,129.66250000000002,129.6875,T1,10.6122551,True,valid,source,507,507,0.0,60.97688887209184,True,valid,,False,no_tower_section_at_tip_height,36.65203352859204,True,valid
254,254,12.7,129.725,129.7125,129.73749999999998,T1,10.6078739,True,valid,source,509,509,0.0,61.28154058283481,True,valid,,False,no_tower_section_at_tip_height,33.999710265130986,True,valid
255,255,12.75,129.775,129.76250000000002,129.7875,T1,10.6061811,True,valid,source,511,511,0.0,,False,no_tower_section_at_tip_height,,False,no_tower_section_at_tip_height,31.27086423061841,True,valid
256,256,12.8,129.825,129.8125,129.83749999999998,T1,10.6033344,True,valid,source,513,513,0.0,,False,no_tower_section_at_tip_height,,False,no_tower_section_at_tip_height,28.492330346141834,True,valid
257,257,12.85,129.875,129.8625,129.8875,T1,10.6025305,True,valid,source,515,515,0.0,,False,no_tower_section_at_tip_height,,False,no_tower_section_at_tip_height,25.683550252004352,True,valid
258,258,12.9,129.925,129.91250000000002,129.9375,T1,10.602025,True,valid,source,517,517,0.0,,False,no_tower_section_at_tip_height,,False,no_tower_section_at_tip_height,22.874413051287096,True,valid
259,259,12.95,129.975,129.9625,129.98749999999998,T1,10.5987034,True,valid,source,519,519,0.0,,False,no_tower_section_at_tip_height,,False,no_tower_section_at_tip_height,20.096153536592553,True,valid
260,260,13.0,130.025,130.01250000000002,130.0375,T1,10.5964775,True,valid,source,521,521,0.0,,False,no_tower_section_at_tip_height,,False,no_tower_section_at_tip_height,17.38956770486853,True,valid
261,261,13.05,130.075,130.0625,130.08749999999998,T1,10.5925913,True,valid,source,523,523,0.0,,False,no_tower_section_at_tip_height,,False,no_tower_section_at_tip_height,14.905441333589797,True,valid
262,262,13.1,130.125,130.1125,130.1375,T1,10.5899239,True,valid,source,525,525,0.0,,False,no_tower_section_at_tip_height,,False,no_tower_section_at_tip_height,12.693781370594785,True,valid
263,263,13.15,130.175,130.16250000000002,130.1875,T1,10.5956535,True,valid,source,527,527,0.0,,False,no_tower_section_at_tip_height,,False,no_tower_section_at_tip_height,10.99847668911584,True,valid
264,264,13.2,130.225,130.2125,130.23749999999998,T1,10.6069059,True,valid,source,529,529,0.0,,False,no_tower_section_at_tip_height,,False,no_tower_section_at_tip_height,10.039535942991579,True,valid
265,265,13.25,130.275,130.26250000000002,130.2875,T1,10.6184731,True,valid,source,531,531,0.0,,False,no_tower_section_at_tip_height,,False,no_tower_section_at_tip_height,9.989940149748605,True,valid
266,266,13.3,130.325,130.3125,130.33749999999998,T1,10.631691,True,valid,source,533,533,0.0,,False,no_tower_section_at_tip_height,,False,no_tower_section_at_tip_height,10.858242089588032,True,valid
267,267,13.35,130.375,130.3625,130.3875,T1,10.6447325,True,valid,source,535,535,0.0,,False,no_tower_section_at_tip_height,,False,no_tower_section_at_tip_height,12.483128826472331,True,valid
268,268,13.4,130.425,130.41250000000002,130.4375,T1,10.6523733,True,valid,source,537,537,0.0,,False,no_tower_section_at_tip_height,,False,no_tower_section_at_tip_height,14.653211106269465,True,valid
269,269,13.45,130.475,130.4625,130.48749999999998,T1,10.6616783,True,valid,source,539,539,0.0,,False,no_tower_section_at_tip_height,,False,no_tower_section_at_tip_height,17.130017478151295,True,valid
270,270,13.5,130.525,130.51250000000002,130.5375,T1,10.6719379,True,valid,source,541,541,0.0,,False,no_tower_section_at_tip_height,,False,no_tower_section_at_tip_height,19.84068128196922,True,valid
271,271,13.55,130.575,130.5625,130.58749999999998,T1,10.6795244,True,valid,source,543,543,0.0,,False,no_tower_section_at_tip_height,,False,no_tower_section_at_tip_height,22.625898843380167,True,valid
272,272,13.6,130.625,130.6125,130.6375,T1,10.690093,True,valid,source,545,545,0.0,,False,no_tower_section_at_tip_height,,False,no_tower_section_at_tip_height,25.472825038905516,True,valid
273,273,13.65,130.675,130.66250000000002,130.6875,T1,10.6972256,True,valid,source,547,547,0.0,,False,no_tower_section_at_tip_height,,False,no_tower_section_at_tip_height,28.335570414818374,True,valid
274,274,13.7,130.725,130.7125,130.73749999999998,T1,10.700757,True,valid,source,549,549,0.0,,False,no_tower_section_at_tip_height,,False,no_tower_section_at_tip_height,31.17909354113368,True,valid
275,275,13.75,130.775,130.76250000000002,130.7875,T1,10.7094393,True,valid,source,551,551,0.0,,False,no_tower_section_at_tip_height,61.18517912165427,True,valid,33.977457059415926,True,valid
276,276,13.8,130.825,130.8125,130.83749999999998,T1,10.7193527,True,valid,source,553,553,0.0,,False,no_tower_section_at_tip_height,60.82604851002885,True,valid,36.69609469650291,True,valid
277,277,13.85,130.875,130.8625,130.8875,T1,10.7289953,True,valid,source,555,555,0.0,,False,no_tower_section_at_tip_height,60.27693952168601,True,valid,39.33250981652146,True,valid
278,278,13.9,130.925,130.91250000000002,130.9375,T1,10.739027,True,valid,source,557,557,0.0,,False,no_tower_section_at_tip_height,59.541681190455016,True,valid,41.871079705628865,True,valid
279,279,13.95,130.975,130.9625,130.98749999999998,T1,10.7500324,True,valid,source,559,559,0.0,,False,no_tower_section_at_tip_height,58.622333063817905,True,valid,44.29572458256313,True,valid
280,280,14.0,131.025,131.01250000000002,131.0375,T1,10.757163,True,valid,source,561,561,0.0,,False,no_tower_section_at_tip_height,57.519573636401375,True,valid,46.59193635598272,True,valid
281,281,14.05,131.075,131.0625,131.08749999999998,T1,10.7602625,True,valid,source,563,563,0.0,,False,no_tower_section_at_tip_height,56.238299881960124,True,valid,48.74822310369977,True,valid
282,282,14.1,131.125,131.1125,131.1375,T1,10.76196,True,valid,source,565,565,0.0,,False,no_tower_section_at_tip_height,54.78677164025684,True,valid,50.75780112249449,True,valid
283,283,14.15,131.175,131.16250000000002,131.1875,T1,10.7622328,True,valid,source,567,567,0.0,,False,no_tower_section_at_tip_height,53.16877391914079,True,valid,52.61477230483277,True,valid
284,284,14.2,131.225,131.2125,131.23749999999998,T1,10.7603302,True,valid,source,569,569,0.0,,False,no_tower_section_at_tip_height,51.38720407269765,True,valid,54.31023099527583,True,valid
285,285,14.25,131.275,131.26250000000002,131.2875,T1,10.7594957,True,valid,source,571,571,0.0,,False,no_tower_section_at_tip_height,49.44675013652852,True,valid,55.83506305747098,True,valid
286,286,14.3,131.325,131.3125,131.33749999999998,T1,10.7621374,True,valid,source,573,573,0.0,,False,no_tower_section_at_tip_height,47.35321122313361,True,valid,57.182392716812195,True,valid
287,287,14.35,131.375,131.3625,131.3875,T1,10.765192,True,valid,source,575,575,0.0,,False,no_tower_section_at_tip_height,45.11415938772104,True,valid,58.34758587537395,True,valid
288,288,14.4,131.425,131.41250000000002,131.4375,T1,10.7701101,True,valid,source,577,577,0.0,,False,no_tower_section_at_tip_height,42.74043113432869,True,valid,59.327814731445436,True,valid
289,289,14.45,131.475,131.4625,131.48749999999998,T1,10.7757425,True,valid,source,579,579,0.0,,False,no_tower_section_at_tip_height,40.244735291802336,True,valid,60.120040811869856,True,valid
290,290,14.5,131.525,131.51250000000002,131.5375,T1,10.7779932,True,valid,source,581,581,0.0,,False,no_tower_section_at_tip_height,37.643575132762734,True,valid,60.72058329638765,True,valid
291,291,14.55,131.575,131.5625,131.58749999999998,T1,10.776226,True,valid,source,583,583,0.0,,False,no_tower_section_at_tip_height,34.95515784313575,True,valid,61.125883559410404,True,valid
292,292,14.6,131.625,131.6125,131.6375,T1,10.7777519,True,valid,source,585,585,0.0,,False,no_tower_section_at_tip_height,32.18505375644051,True,valid,,False,no_tower_section_at_tip_height
293,293,14.65,131.675,131.66250000000002,131.6875,T1,10.7814541,True,valid,source,587,587,0.0,,False,no_tower_section_at_tip_height,29.359619889831563,True,valid,,False,no_tower_section_at_tip_height
294,294,14.7,131.725,131.7125,131.73749999999998,T1,10.7814016,True,valid,source,589,589,0.0,,False,no_tower_section_at_tip_height,26.502725574771514,True,valid,,False,no_tower_section_at_tip_height
295,295,14.75,131.775,131.76250000000002,131.7875,T1,10.7792206,True,valid,source,591,591,0.0,,False,no_tower_section_at_tip_height,23.639080747460035,True,valid,,False,no_tower_section_at_tip_height
296,296,14.8,131.825,131.8125,131.83749999999998,T1,10.7796583,True,valid,source,593,593,0.0,,False,no_tower_section_at_tip_height,20.80641054938157,True,valid,,False,no_tower_section_at_tip_height
297,297,14.85,131.875,131.8625,131.8875,T1,10.7788544,True,valid,source,595,595,0.0,,False,no_tower_section_at_tip_height,18.015184204113847,True,valid,,False,no_tower_section_at_tip_height
298,298,14.9,131.925,131.91250000000002,131.9375,T1,10.7757101,True,valid,source,597,597,0.0,,False,no_tower_section_at_tip_height,15.385331746973117,True,valid,,False,no_tower_section_at_tip_height
299,299,14.95,131.975,131.9625,131.98749999999998,T1,10.7777805,True,valid,source,599,599,0.0,,False,no_tower_section_at_tip_height,13.021078303134868,True,valid,,False,no_tower_section_at_tip_height
300,300,15.0,132.025,132.01250000000002,132.0375,T1,10.7852583,True,valid,source,601,601,0.0,,False,no_tower_section_at_tip_height,11.12244030768287,True,valid,,False,no_tower_section_at_tip_height
301,301,15.05,132.075,132.0625,132.08749999999998,T1,10.7935333,True,valid,source,603,603,0.0,,False,no_tower_section_at_tip_height,9.899009994933264,True,valid,,False,no_tower_section_at_tip_height
302,302,15.1,132.125,132.1125,132.1375,T1,10.7978992,True,valid,source,605,605,0.0,,False,no_tower_section_at_tip_height,9.57581425793572,True,valid,,False,no_tower_section_at_tip_height
303,303,15.15,132.175,132.16250000000002,132.1875,T1,10.8014555,True,valid,source,607,607,0.0,,False,no_tower_section_at_tip_height,10.245785853727122,True,valid,,False,no_tower_section_at_tip_height
304,304,15.2,132.225,132.2125,132.23749999999998,T1,10.8035393,True,valid,source,609,609,0.0,,False,no_tower_section_at_tip_height,11.779552032538039,True,valid,,False,no_tower_section_at_tip_height
305,305,15.25,132.275,132.26250000000002,132.2875,T1,10.8015337,True,valid,source,611,611,0.0,,False,no_tower_section_at_tip_height,13.938699502988701,True,valid,,False,no_tower_section_at_tip_height
306,306,15.3,132.325,132.3125,132.33749999999998,T1,10.7994366,True,valid,source,613,613,0.0,,False,no_tower_section_at_tip_height,16.44838365390915,True,valid,,False,no_tower_section_at_tip_height
307,307,15.35,132.375,132.3625,132.3875,T1,10.8032885,True,valid,source,615,615,0.0,,False,no_tower_section_at_tip_height,19.22044275183141,True,valid,,False,no_tower_section_at_tip_height
308,308,15.4,132.425,132.41250000000002,132.4375,T1,10.8091841,True,valid,source,617,617,0.0,,False,no_tower_section_at_tip_height,22.074173492643823,True,valid,,False,no_tower_section_at_tip_height
309,309,15.45,132.475,132.4625,132.48749999999998,T1,10.8128948,True,valid,source,619,619,0.0,,False,no_tower_section_at_tip_height,24.991440365876226,True,valid,,False,no_tower_section_at_tip_height
310,310,15.5,132.525,132.51250000000002,132.5375,T1,10.8147306,True,valid,source,621,621,0.0,,False,no_tower_section_at_tip_height,27.917637121684372,True,valid,,False,no_tower_section_at_tip_height
311,311,15.55,132.575,132.5625,132.58749999999998,T1,10.8171415,True,valid,source,623,623,0.0,,False,no_tower_section_at_tip_height,30.81532620060041,True,valid,,False,no_tower_section_at_tip_height
312,312,15.6,132.625,132.6125,132.6375,T1,10.8210487,True,valid,source,625,625,0.0,61.220143962641295,True,valid,33.65404609149124,True,valid,,False,no_tower_section_at_tip_height
313,313,15.65,132.675,132.66250000000002,132.6875,T1,10.8249073,True,valid,source,627,627,0.0,60.86320154421232,True,valid,36.40140328922241,True,valid,,False,no_tower_section_at_tip_height
314,314,15.7,132.725,132.7125,132.73749999999998,T1,10.8319149,True,valid,source,629,629,0.0,60.31250270632829,True,valid,39.060440334323005,True,valid,,False,no_tower_section_at_tip_height
315,315,15.75,132.775,132.76250000000002,132.7875,T1,10.841959,True,valid,source,631,631,0.0,59.572711556410766,True,valid,41.617729608102614,True,valid,,False,no_tower_section_at_tip_height
316,316,15.8,132.825,132.8125,132.83749999999998,T1,10.849122,True,valid,source,633,633,0.0,58.64659226613,True,valid,44.05873881232453,True,valid,,False,no_tower_section_at_tip_height
317,317,15.85,132.875,132.8625,132.8875,T1,10.8544216,True,valid,source,635,635,0.0,57.534940636961814,True,valid,46.37196940471812,True,valid,,False,no_tower_section_at_tip_height
318,318,15.9,132.925,132.91250000000002,132.9375,T1,10.8599367,True,valid,source,637,637,0.0,56.23969832956233,True,valid,48.548892807834115,True,valid,,False,no_tower_section_at_tip_height
319,319,15.95,132.975,132.9625,132.98749999999998,T1,10.8650112,True,valid,source,639,639,0.0,54.76481197332204,True,valid,50.58214236439516,True,valid,,False,no_tower_section_at_tip_height
320,320,16.0,133.025,133.01250000000002,133.0375,T1,10.8699284,True,valid,source,641,641,0.0,53.11501656986932,True,valid,52.46162775750247,True,valid,,False,no_tower_section_at_tip_height
321,321,16.05,133.075,133.0625,133.08749999999998,T1,10.8794575,True,valid,source,643,643,0.0,51.2957347152949,True,valid,54.177037709431445,True,valid,,False,no_tower_section_at_tip_height
322,322,16.1,133.125,133.1125,133.1375,T1,10.8897505,True,valid,source,645,645,0.0,49.31394630700962,True,valid,55.7196132486811,True,valid,,False,no_tower_section_at_tip_height
323,323,16.15,133.175,133.16250000000002,133.1875,T1,10.9012699,True,valid,source,647,647,0.0,47.17751597258211,True,valid,57.082837488487066,True,valid,,False,no_tower_section_at_tip_height
324,324,16.2,133.225,133.2125,133.23749999999998,T1,10.9131775,True,valid,source,649,649,0.0,44.895627856452435,True,valid,58.26369657556442,True,valid,,False,no_tower_section_at_tip_height
325,325,16.25,133.275,133.26250000000002,133.2875,T1,10.9207191,True,valid,source,651,651,0.0,42.478264748776766,True,valid,59.2566865247186,True,valid,,False,no_tower_section_at_tip_height
326,326,16.3,133.325,133.3125,133.33749999999998,T1,10.9296608,True,valid,source,653,653,0.0,39.935257889802955,True,valid,60.054113979623516,True,valid,,False,no_tower_section_at_tip_height
327,327,16.35,133.375,133.3625,133.3875,T1,10.9396181,True,valid,source,655,655,0.0,37.28076261743487,True,valid,60.64940939197969,True,valid,,False,no_tower_section_at_tip_height
328,328,16.4,133.425,133.41250000000002,133.4375,T1,10.9506407,True,valid,source,657,657,0.0,34.532629584447726,True,valid,61.038633145817315,True,valid,,False,no_tower_section_at_tip_height
329,329,16.45,133.475,133.4625,133.48749999999998,T1,10.9612284,True,valid,source,659,659,0.0,31.70050618860476,True,valid,,False,no_tower_section_at_tip_height,,False,no_tower_section_at_tip_height
330,330,16.5,133.525,133.51250000000002,133.5375,T1,10.9720068,True,valid,source,661,661,0.0,28.79260219888786,True,valid,,False,no_tower_section_at_tip_height,,False,no_tower_section_at_tip_height
331,331,16.55,133.575,133.5625,133.58749999999998,T1,10.9809551,True,valid,source,663,663,0.0,25.84974402130562,True,valid,,False,no_tower_section_at_tip_height,,False,no_tower_section_at_tip_height
332,332,16.6,133.625,133.6125,133.6375,T1,10.9880667,True,valid,source,665,665,0.0,22.906744609869424,True,valid,,False,no_tower_section_at_tip_height,,False,no_tower_section_at_tip_height
333,333,16.65,133.675,133.66250000000002,133.6875,T1,10.995245,True,valid,source,667,667,0.0,20.01000729811368,True,valid,,False,no_tower_section_at_tip_height,,False,no_tower_section_at_tip_height
334,334,16.7,133.725,133.7125,133.73749999999998,T1,11.0018187,True,valid,source,669,669,0.0,17.175465144398913,True,valid,,False,no_tower_section_at_tip_height,,False,no_tower_section_at_tip_height
335,335,16.75,133.775,133.76250000000002,133.7875,T1,11.0108404,True,valid,source,671,671,0.0,14.536912965618862,True,valid,,False,no_tower_section_at_tip_height,,False,no_tower_section_at_tip_height
336,336,16.8,133.825,133.8125,133.83749999999998,T1,11.0224638,True,valid,source,673,673,0.0,12.218062333684452,True,valid,,False,no_tower_section_at_tip_height,,False,no_tower_section_at_tip_height
337,337,16.85,133.875,133.8625,133.8875,T1,11.0320406,True,valid,source,675,675,0.0,10.452108823329974,True,valid,,False,no_tower_section_at_tip_height,,False,no_tower_section_at_tip_height
338,338,16.9,133.925,133.91250000000002,133.9375,T1,11.0439653,True,valid,source,677,677,0.0,9.48789777080444,True,valid,,False,no_tower_section_at_tip_height,,False,no_tower_section_at_tip_height
339,339,16.95,133.975,133.9625,133.98749999999998,T1,11.0545654,True,valid,source,679,679,0.0,9.543830829619093,True,valid,,False,no_tower_section_at_tip_height,,False,no_tower_section_at_tip_height
340,340,17.0,134.025,134.01250000000002,134.0375,T1,11.0605049,True,valid,source,681,681,0.0,10.614736679860755,True,valid,,False,no_tower_section_at_tip_height,,False,no_tower_section_at_tip_height
341,341,17.05,134.075,134.0625,134.08749999999998,T1,11.0690899,True,valid,source,683,683,0.0,12.473667331496278,True,valid,,False,no_tower_section_at_tip_height,,False,no_tower_section_at_tip_height
342,342,17.1,134.125,134.1125,134.1375,T1,11.0775175,True,valid,source,685,685,0.0,14.86972697299202,True,valid,,False,no_tower_section_at_tip_height,,False,no_tower_section_at_tip_height
343,343,17.15,134.175,134.16250000000002,134.1875,T1,11.0805769,True,valid,source,687,687,0.0,17.58182269394935,True,valid,,False,no_tower_section_at_tip_height,,False,no_tower_section_at_tip_height
344,344,17.2,134.225,134.2125,134.23749999999998,T1,11.0871191,True,valid,source,689,689,0.0,20.483808943709615,True,valid,,False,no_tower_section_at_tip_height,,False,no_tower_section_at_tip_height
345,345,17.25,134.275,134.26250000000002,134.2875,T1,11.0985651,True,valid,source,691,691,0.0,23.447989174726267,True,valid,,False,no_tower_section_at_tip_height,,False,no_tower_section_at_tip_height
346,346,17.3,134.325,134.3125,134.33749999999998,T1,11.1065159,True,valid,source,693,693,0.0,26.444864844786544,True,valid,,False,no_tower_section_at_tip_height,,False,no_tower_section_at_tip_height
347,347,17.35,134.375,134.3625,134.3875,T1,11.1099892,True,valid,source,695,695,0.0,29.426950037685,True,valid,,False,no_tower_section_at_tip_height,,False,no_tower_section_at_tip_height
348,348,17.4,134.425,134.41250000000002,134.4375,T1,11.1124449,True,valid,source,697,697,0.0,32.36562975563232,True,valid,,False,no_tower_section_at_tip_height,61.28091291313181,True,valid
349,349,17.45,134.475,134.4625,134.48749999999998,T1,11.1141758,True,valid,source,699,699,0.0,35.234897054215566,True,valid,,False,no_tower_section_at_tip_height,61.00934092041007,True,valid
350,350,17.5,134.525,134.51250000000002,134.5375,T1,11.1174316,True,valid,source,701,701,0.0,38.00962362621675,True,valid,,False,no_tower_section_at_tip_height,60.53377970274083,True,valid
351,351,17.55,134.575,134.5625,134.58749999999998,T1,11.1225986,True,valid,source,703,703,0.0,40.686900686142266,True,valid,,False,no_tower_section_at_tip_height,59.85942106754778,True,valid
352,352,17.6,134.625,134.6125,134.6375,T1,11.1279049,True,valid,source,705,705,0.0,43.24694534045327,True,valid,,False,no_tower_section_at_tip_height,58.99065747059018,True,valid
353,353,17.65,134.675,134.66250000000002,134.6875,T1,11.1322126,True,valid,source,707,707,0.0,45.6742270132264,True,valid,,False,no_tower_section_at_tip_height,57.931150168152406,True,valid
354,354,17.7,134.725,134.7125,134.73749999999998,T1,11.1338987,True,valid,source,709,709,0.0,47.957595666649546,True,valid,,False,no_tower_section_at_tip_height,56.68044304440811,True,valid
355,355,17.75,134.775,134.76250000000002,134.7875,T1,11.1326466,True,valid,source,711,711,0.0,50.08961917802447,True,valid,,False,no_tower_section_at_tip_height,55.23863853493606,True,valid
356,356,17.8,134.825,134.8125,134.83749999999998,T1,11.1289024,True,valid,source,713,713,0.0,52.062149281678764,True,valid,,False,no_tower_section_at_tip_height,53.611693396552845,True,valid
357,357,17.85,134.875,134.8625,134.8875,T1,11.1280355,True,valid,source,715,715,0.0,53.86279432014043,True,valid,,False,no_tower_section_at_tip_height,51.81035194592572,True,valid
358,358,17.9,134.925,134.91250000000002,134.9375,T1,11.1284361,True,valid,source,717,717,0.0,55.48121839354214,True,valid,,False,no_tower_section_at_tip_height,49.845535743344165,True,valid
359,359,17.95,134.975,134.9625,134.98749999999998,T1,11.1308899,True,valid,source,719,719,0.0,56.911268548267984,True,valid,,False,no_tower_section_at_tip_height,47.72895202589232,True,valid
360,360,18.0,135.025,135.01250000000002,135.0375,T1,11.1372824,True,valid,source,721,721,0.0,58.14851213936395,True,valid,,False,no_tower_section_at_tip_height,45.47369736763136,True,valid
361,361,18.05,135.075,135.0625,135.08749999999998,T1,11.1424341,True,valid,source,723,723,0.0,59.18650230683236,True,valid,,False,no_tower_section_at_tip_height,43.08851445720655,True,valid
362,362,18.1,135.125,135.1125,135.1375,T1,11.1358767,True,valid,source,725,725,0.0,60.02145815933541,True,valid,,False,no_tower_section_at_tip_height,40.57824134003507,True,valid
363,363,18.15,135.175,135.16250000000002,135.1875,T1,11.13241,True,valid,source,727,727,0.0,60.64964306128219,True,valid,,False,no_tower_section_at_tip_height,37.95463606365285,True,valid
364,364,18.2,135.225,135.2125,135.23749999999998,T1,11.1304331,True,valid,source,729,729,0.0,61.06493852855379,True,valid,,False,no_tower_section_at_tip_height,35.249799181790046,True,valid
365,365,18.25,135.275,135.26250000000002,135.2875,T1,11.1268253,True,valid,source,731,731,0.0,,False,no_tower_section_at_tip_height,,False,no_tower_section_at_tip_height,32.449947265310996,True,valid
366,366,18.3,135.325,135.3125,135.33749999999998,T1,11.1306238,True,valid,source,733,733,0.0,,False,no_tower_section_at_tip_height,,False,no_tower_section_at_tip_height,29.573618539057502,True,valid
367,367,18.35,135.375,135.3625,135.3875,T1,11.1300859,True,valid,source,735,735,0.0,,False,no_tower_section_at_tip_height,,False,no_tower_section_at_tip_height,26.65862809631126,True,valid
368,368,18.4,135.425,135.41250000000002,135.4375,T1,11.1244602,True,valid,source,737,737,0.0,,False,no_tower_section_at_tip_height,,False,no_tower_section_at_tip_height,23.740491054542865,True,valid
369,369,18.45,135.475,135.4625,135.48749999999998,T1,11.1197643,True,valid,source,739,739,0.0,,False,no_tower_section_at_tip_height,,False,no_tower_section_at_tip_height,20.87537263345313,True,valid
370,370,18.5,135.525,135.51250000000002,135.5375,T1,11.1092491,True,valid,source,741,741,0.0,,False,no_tower_section_at_tip_height,,False,no_tower_section_at_tip_height,18.082527346345234,True,valid
371,371,18.55,135.575,135.5625,135.58749999999998,T1,11.1011505,True,valid,source,743,743,0.0,,False,no_tower_section_at_tip_height,,False,no_tower_section_at_tip_height,15.510911164595248,True,valid
372,372,18.6,135.625,135.6125,135.6375,T1,11.099844,True,valid,source,745,745,0.0,,False,no_tower_section_at_tip_height,,False,no_tower_section_at_tip_height,13.22045931377809,True,valid
373,373,18.65,135.675,135.66250000000002,135.6875,T1,11.0909901,True,valid,source,747,747,0.0,,False,no_tower_section_at_tip_height,,False,no_tower_section_at_tip_height,11.45747534602682,True,valid
374,374,18.7,135.725,135.7125,135.73749999999998,T1,11.0829105,True,valid,source,749,749,0.0,,False,no_tower_section_at_tip_height,,False,no_tower_section_at_tip_height,10.446764173876533,True,valid
375,375,18.75,135.775,135.76250000000002,135.7875,T1,11.0778351,True,valid,source,751,751,0.0,,False,no_tower_section_at_tip_height,,False,no_tower_section_at_tip_height,10.385407794607111,True,valid
376,376,18.8,135.825,135.8125,135.83749999999998,T1,11.0669537,True,valid,source,753,753,0.0,,False,no_tower_section_at_tip_height,,False,no_tower_section_at_tip_height,11.29551676998748,True,valid
377,377,18.85,135.875,135.8625,135.8875,T1,11.0609732,True,valid,source,755,755,0.0,,False,no_tower_section_at_tip_height,,False,no_tower_section_at_tip_height,13.005625954860689,True,valid
378,378,18.9,135.925,135.91250000000002,135.9375,T1,11.0584764,True,valid,source,757,757,0.0,,False,no_tower_section_at_tip_height,,False,no_tower_section_at_tip_height,15.282655396241063,True,valid
379,379,18.95,135.975,135.9625,135.98749999999998,T1,11.0507269,True,valid,source,759,759,0.0,,False,no_tower_section_at_tip_height,,False,no_tower_section_at_tip_height,17.877936966476828,True,valid
380,380,19.0,136.025,136.01250000000002,136.0375,T1,11.0454597,True,valid,source,761,761,0.0,,False,no_tower_section_at_tip_height,,False,no_tower_section_at_tip_height,20.696800127666684,True,valid
381,381,19.05,136.075,136.0625,136.08749999999998,T1,11.0413456,True,valid,source,763,763,0.0,,False,no_tower_section_at_tip_height,,False,no_tower_section_at_tip_height,23.576609949406066,True,valid
382,382,19.1,136.125,136.1125,136.1375,T1,11.0333996,True,valid,source,765,765,0.0,,False,no_tower_section_at_tip_height,,False,no_tower_section_at_tip_height,26.507444843161444,True,valid
383,383,19.15,136.175,136.16250000000002,136.1875,T1,11.0268469,True,valid,source,767,767,0.0,,False,no_tower_section_at_tip_height,,False,no_tower_section_at_tip_height,29.442590840916445,True,valid
384,384,19.2,136.225,136.2125,136.23749999999998,T1,11.0225878,True,valid,source,769,769,0.0,,False,no_tower_section_at_tip_height,,False,no_tower_section_at_tip_height,32.34661762316891,True,valid
385,385,19.25,136.275,136.26250000000002,136.2875,T1,11.0162754,True,valid,source,771,771,0.0,,False,no_tower_section_at_tip_height,61.101984090846535,True,valid,35.18823924838613,True,valid
386,386,19.3,136.325,136.3125,136.33749999999998,T1,11.0073576,True,valid,source,773,773,0.0,,False,no_tower_section_at_tip_height,60.63514405197838,True,valid,37.93139944434263,True,valid
387,387,19.35,136.375,136.3625,136.3875,T1,11.0005245,True,valid,source,775,775,0.0,,False,no_tower_section_at_tip_height,59.966592377725235,True,valid,40.57694905554859,True,valid
388,388,19.4,136.425,136.41250000000002,136.4375,T1,10.9964876,True,valid,source,777,777,0.0,,False,no_tower_section_at_tip_height,59.10315586301882,True,valid,43.11222676751833,True,valid
389,389,19.45,136.475,136.4625,136.48749999999998,T1,10.99545,True,valid,source,779,779,0.0,,False,no_tower_section_at_tip_height,58.05018844251152,True,valid,45.522525537372914,True,valid
390,390,19.5,136.525,136.51250000000002,136.5375,T1,10.9928389,True,valid,source,781,781,0.0,,False,no_tower_section_at_tip_height,56.812949544253016,True,valid,47.79218816585199,True,valid
391,391,19.55,136.575,136.5625,136.58749999999998,T1,10.9868927,True,valid,source,783,783,0.0,,False,no_tower_section_at_tip_height,55.39725401296137,True,valid,49.90922665520278,True,valid
392,392,19.6,136.625,136.6125,136.6375,T1,10.9818573,True,valid,source,785,785,0.0,,False,no_tower_section_at_tip_height,53.808352040891975,True,valid,51.86569528106914,True,valid
393,393,19.65,136.675,136.66250000000002,136.6875,T1,10.9757891,True,valid,source,787,787,0.0,,False,no_tower_section_at_tip_height,52.051663356869014,True,valid,53.65531337916065,True,valid
394,394,19.7,136.725,136.7125,136.73749999999998,T1,10.970294,True,valid,source,789,789,0.0,,False,no_tower_section_at_tip_height,50.13324847355585,True,valid,55.270594984386584,True,valid
395,395,19.75,136.775,136.76250000000002,136.7875,T1,10.9679356,True,valid,source,791,791,0.0,,False,no_tower_section_at_tip_height,48.06103184672848,True,valid,56.70406235176591,True,valid
396,396,19.8,136.825,136.8125,136.83749999999998,T1,10.965559,True,valid,source,793,793,0.0,,False,no_tower_section_at_tip_height,45.84208769659062,True,valid,57.951085458873024,True,valid
397,397,19.85,136.875,136.8625,136.8875,T1,10.961503,True,valid,source,795,795,0.0,,False,no_tower_section_at_tip_height,43.482016231986854,True,valid,59.00833670616065,True,valid
398,398,19.9,136.925,136.91250000000002,136.9375,T1,10.9570618,True,valid,source,797,797,0.0,,False,no_tower_section_at_tip_height,40.993910268013956,True,valid,59.872465245354235,True,valid
399,399,19.95,136.975,136.9625,136.98749999999998,T1,10.9522333,True,valid,source,799,799,0.0,,False,no_tower_section_at_tip_height,38.395634052170045,True,valid,60.53983929459661,True,valid
400,400,20.0,137.025,137.01250000000002,137.0375,T1,10.9462299,True,valid,source,801,801,0.0,,False,no_tower_section_at_tip_height,35.70421024388798,True,valid,61.005815471787024,True,valid
401,401,20.05,137.075,137.0625,137.08749999999998,T1,10.9435263,True,valid,source,803,803,0.0,,False,no_tower_section_at_tip_height,32.92930025726242,True,valid,61.26632093359176,True,valid
402,402,20.1,137.125,137.1125,137.1375,T1,10.9443407,True,valid,source,805,805,0.0,,False,no_tower_section_at_tip_height,30.07631266721738,True,valid,,False,no_tower_section_at_tip_height
403,403,20.15,137.175,137.16250000000002,137.1875,T1,10.9450073,True,valid,source,807,807,0.0,,False,no_tower_section_at_tip_height,27.182426572860905,True,valid,,False,no_tower_section_at_tip_height
404,404,20.2,137.225,137.2125,137.23749999999998,T1,10.941803,True,valid,source,809,809,0.0,,False,no_tower_section_at_tip_height,24.280173126389332,True,valid,,False,no_tower_section_at_tip_height
405,405,20.25,137.275,137.26250000000002,137.2875,T1,10.9368696,True,valid,source,811,811,0.0,,False,no_tower_section_at_tip_height,21.416108735682148,True,valid,,False,no_tower_section_at_tip_height
406,406,20.3,137.325,137.3125,137.33749999999998,T1,10.931159,True,valid,source,813,813,0.0,,False,no_tower_section_at_tip_height,18.61661085110788,True,valid,,False,no_tower_section_at_tip_height
407,407,20.35,137.375,137.3625,137.3875,T1,10.9250221,True,valid,source,815,815,0.0,,False,no_tower_section_at_tip_height,15.972916826914089,True,valid,,False,no_tower_section_at_tip_height
408,408,20.4,137.425,137.41250000000002,137.4375,T1,10.9209871,True,valid,source,817,817,0.0,,False,no_tower_section_at_tip_height,13.603244097468163,True,valid,,False,no_tower_section_at_tip_height
409,409,20.45,137.475,137.4625,137.48749999999998,T1,10.9178448,True,valid,source,819,819,0.0,,False,no_tower_section_at_tip_height,11.68001221769759,True,valid,,False,no_tower_section_at_tip_height
410,410,20.5,137.525,137.51250000000002,137.5375,T1,10.9137421,True,valid,source,821,821,0.0,,False,no_tower_section_at_tip_height,10.407071066566532,True,valid,,False,no_tower_section_at_tip_height
411,411,20.55,137.575,137.5625,137.58749999999998,T1,10.9073839,True,valid,source,823,823,0.0,,False,no_tower_section_at_tip_height,10.009661660042376,True,valid,,False,no_tower_section_at_tip_height
412,412,20.6,137.625,137.6125,137.6375,T1,10.8981228,True,valid,source,825,825,0.0,,False,no_tower_section_at_tip_height,10.57291775584511,True,valid,,False,no_tower_section_at_tip_height
413,413,20.65,137.675,137.66250000000002,137.6875,T1,10.8916121,True,valid,source,827,827,0.0,,False,no_tower_section_at_tip_height,11.994316975604736,True,valid,,False,no_tower_section_at_tip_height
414,414,20.7,137.725,137.7125,137.73749999999998,T1,10.8880739,True,valid,source,829,829,0.0,,False,no_tower_section_at_tip_height,14.03628031625003,True,valid,,False,no_tower_section_at_tip_height
415,415,20.75,137.775,137.76250000000002,137.7875,T1,10.8852568,True,valid,source,831,831,0.0,,False,no_tower_section_at_tip_height,16.47285680221933,True,valid,,False,no_tower_section_at_tip_height
416,416,20.8,137.825,137.8125,137.83749999999998,T1,10.8840799,True,valid,source,833,833,0.0,,False,no_tower_section_at_tip_height,19.18514714491214,True,valid,,False,no_tower_section_at_tip_height
417,417,20.85,137.875,137.8625,137.8875,T1,10.8819256,True,valid,source,835,835,0.0,,False,no_tower_section_at_tip_height,22.020749642855268,True,valid,,False,no_tower_section_at_tip_height
418,418,20.9,137.925,137.91250000000002,137.9375,T1,10.881217,True,valid,source,837,837,0.0,,False,no_tower_section_at_tip_height,24.919965419016954,True,valid,,False,no_tower_section_at_tip_height
419,419,20.95,137.975,137.9625,137.98749999999998,T1,10.8790607,True,valid,source,839,839,0.0,,False,no_tower_section_at_tip_height,27.841110058104046,True,valid,,False,no_tower_section_at_tip_height
420,420,21.0,138.025,138.01250000000002,138.0375,T1,10.8762112,True,valid,source,841,841,0.0,,False,no_tower_section_at_tip_height,30.739410234671954,True,valid,,False,no_tower_section_at_tip_height
421,421,21.05,138.075,138.0625,138.08749999999998,T1,10.8715057,True,valid,source,843,843,0.0,61.20950463656102,True,valid,33.58624574458296,True,valid,,False,no_tower_section_at_tip_height
422,422,21.1,138.125,138.1125,138.1375,T1,10.8707151,True,valid,source,845,845,0.0,60.857113529103756,True,valid,36.3504750901951,True,valid,,False,no_tower_section_at_tip_height
423,423,21.15,138.175,138.16250000000002,138.1875,T1,10.8660145,True,valid,source,847,847,0.0,60.306629242792376,True,valid,39.01857654496518,True,valid,,False,no_tower_section_at_tip_height
424,424,21.2,138.225,138.2125,138.23749999999998,T1,10.8635588,True,valid,source,849,849,0.0,59.55517213309607,True,valid,41.5910630775139,True,valid,,False,no_tower_section_at_tip_height
425,425,21.25,138.275,138.26250000000002,138.2875,T1,10.8649893,True,valid,source,851,851,0.0,58.61448595886316,True,valid,44.046061381767885,True,valid,,False,no_tower_section_at_tip_height
426,426,21.3,138.325,138.3125,138.33749999999998,T1,10.8630848,True,valid,source,853,853,0.0,57.49413714824907,True,valid,46.36733431138441,True,valid,,False,no_tower_section_at_tip_height
427,427,21.35,138.375,138.3625,138.3875,T1,10.8636942,True,valid,source,855,855,0.0,56.19348073525902,True,valid,48.550114030113974,True,valid,,False,no_tower_section_at_tip_height
428,428,21.4,138.425,138.41250000000002,138.4375,T1,10.8661642,True,valid,source,857,857,0.0,54.719460366219856,True,valid,50.58277656627043,True,valid,,False,no_tower_section_at_tip_height
429,429,21.45,138.475,138.4625,138.48749999999998,T1,10.8642187,True,valid,source,859,859,0.0,53.076375459110665,True,valid,52.46126141260496,True,valid,,False,no_tower_section_at_tip_height
430,430,21.5,138.525,138.51250000000002,138.5375,T1,10.8632336,True,valid,source,861,861,0.0,51.26739464204378,True,valid,54.17628897340556,True,valid,,False,no_tower_section_at_tip_height
431,431,21.55,138.575,138.5625,138.58749999999998,T1,10.8624868,True,valid,source,863,863,0.0,49.304785102465196,True,valid,55.71804525760842,True,valid,,False,no_tower_section_at_tip_height
432,432,21.6,138.625,138.6125,138.6375,T1,10.8641005,True,valid,source,865,865,0.0,47.196508967296275,True,valid,57.08086358988313,True,valid,,False,no_tower_section_at_tip_height
433,433,21.65,138.675,138.66250000000002,138.6875,T1,10.87146,True,valid,source,867,867,0.0,44.9502029935427,True,valid,58.26082394718306,True,valid,,False,no_tower_section_at_tip_height
434,434,21.7,138.725,138.7125,138.73749999999998,T1,10.8735466,True,valid,source,869,869,0.0,42.582455048473605,True,valid,59.25365754253746,True,valid,,False,no_tower_section_at_tip_height
435,435,21.75,138.775,138.76250000000002,138.7875,T1,10.8708887,True,valid,source,871,871,0.0,40.1015219396824,True,valid,60.05520273705559,True,valid,,False,no_tower_section_at_tip_height
436,436,21.8,138.825,138.8125,138.83749999999998,T1,10.8687057,True,valid,source,873,873,0.0,37.51518787928924,True,valid,60.660853078949444,True,valid,,False,no_tower_section_at_tip_height
437,437,21.85,138.875,138.8625,138.8875,T1,10.8653822,True,valid,source,875,875,0.0,34.84105043983612,True,valid,61.06515851651576,True,valid,,False,no_tower_section_at_tip_height
438,438,21.9,138.925,138.91250000000002,138.9375,T1,10.8629799,True,valid,source,877,877,0.0,32.085285671233606,True,valid,,False,no_tower_section_at_tip_height,,False,no_tower_section_at_tip_height
439,439,21.95,138.975,138.9625,138.98749999999998,T1,10.8660545,True,valid,source,879,879,0.0,29.261635582144688,True,valid,,False,no_tower_section_at_tip_height,,False,no_tower_section_at_tip_height
440,440,22.0,139.025,139.01250000000002,139.0375,T1,10.8721256,True,valid,source,881,881,0.0,26.403821699141112,True,valid,,False,no_tower_section_at_tip_height,,False,no_tower_section_at_tip_height
441,441,22.05,139.075,139.0625,139.08749999999998,T1,10.8773069,True,valid,source,883,883,0.0,23.534478449332706,True,valid,,False,no_tower_section_at_tip_height,,False,no_tower_section_at_tip_height
442,442,22.1,139.125,139.1125,139.1375,T1,10.8801746,True,valid,source,885,885,0.0,20.699696651190752,True,valid,,False,no_tower_section_at_tip_height,,False,no_tower_section_at_tip_height
443,443,22.15,139.175,139.16250000000002,139.1875,T1,10.8763227,True,valid,source,887,887,0.0,17.9158611932268,True,valid,,False,no_tower_section_at_tip_height,,False,no_tower_section_at_tip_height
444,444,22.2,139.225,139.2125,139.23749999999998,T1,10.8722916,True,valid,source,889,889,0.0,15.305981983773155,True,valid,,False,no_tower_section_at_tip_height,,False,no_tower_section_at_tip_height
445,445,22.25,139.275,139.26250000000002,139.2875,T1,10.8729382,True,valid,source,891,891,0.0,12.975737559013549,True,valid,,False,no_tower_section_at_tip_height,,False,no_tower_section_at_tip_height
446,446,22.3,139.325,139.3125,139.33749999999998,T1,10.8740387,True,valid,source,893,893,0.0,11.130208118917047,True,valid,,False,no_tower_section_at_tip_height,,False,no_tower_section_at_tip_height
447,447,22.35,139.375,139.3625,139.3875,T1,10.8743448,True,valid,source,895,895,0.0,9.986867255849257,True,valid,,False,no_tower_section_at_tip_height,,False,no_tower_section_at_tip_height
448,448,22.4,139.425,139.41250000000002,139.4375,T1,10.871685,True,valid,source,897,897,0.0,9.766820838978079,True,valid,,False,no_tower_section_at_tip_height,,False,no_tower_section_at_tip_height
449,449,22.45,139.475,139.4625,139.48749999999998,T1,10.8693104,True,valid,source,899,899,0.0,10.52649576338257,True,valid,,False,no_tower_section_at_tip_height,,False,no_tower_section_at_tip_height
450,450,22.5,139.525,139.51250000000002,139.5375,T1,10.8670206,True,valid,source,901,901,0.0,12.109882596174609,True,valid,,False,no_tower_section_at_tip_height,,False,no_tower_section_at_tip_height
451,451,22.55,139.575,139.5625,139.58749999999998,T1,10.8651047,True,valid,source,903,903,0.0,14.288784619021506,True,valid,,False,no_tower_section_at_tip_height,,False,no_tower_section_at_tip_height
452,452,22.6,139.625,139.6125,139.6375,T1,10.867383,True,valid,source,905,905,0.0,16.808955069574566,True,valid,,False,no_tower_section_at_tip_height,,False,no_tower_section_at_tip_height
453,453,22.65,139.675,139.66250000000002,139.6875,T1,10.8732119,True,valid,source,907,907,0.0,19.580586996827464,True,valid,,False,no_tower_section_at_tip_height,,False,no_tower_section_at_tip_height
454,454,22.7,139.725,139.7125,139.73749999999998,T1,10.879797,True,valid,source,909,909,0.0,22.429767415965106,True,valid,,False,no_tower_section_at_tip_height,,False,no_tower_section_at_tip_height
455,455,22.75,139.775,139.76250000000002,139.7875,T1,10.8838911,True,valid,source,911,911,0.0,25.341528305425793,True,valid,,False,no_tower_section_at_tip_height,,False,no_tower_section_at_tip_height
456,456,22.8,139.825,139.8125,139.83749999999998,T1,10.8877134,True,valid,source,913,913,0.0,28.26393041406841,True,valid,,False,no_tower_section_at_tip_height,,False,no_tower_section_at_tip_height
457,457,22.85,139.875,139.8625,139.8875,T1,10.893322,True,valid,source,915,915,0.0,31.163517541174837,True,valid,,False,no_tower_section_at_tip_height,,False,no_tower_section_at_tip_height
458,458,22.9,139.925,139.91250000000002,139.9375,T1,10.8980207,True,valid,source,917,917,0.0,34.004097562615,True,valid,,False,no_tower_section_at_tip_height,61.0751437579637,True,valid
459,459,22.95,139.975,139.9625,139.98749999999998,T1,10.9040098,True,valid,source,919,919,0.0,36.761600870103244,True,valid,,False,no_tower_section_at_tip_height,60.67264649539869,True,valid
460,460,23.0,140.025,140.01250000000002,140.0375,T1,10.9127979,True,valid,source,921,921,0.0,39.431392499932485,True,valid,,False,no_tower_section_at_tip_height,60.07083010503273,True,valid
461,461,23.05,140.075,140.0625,140.08749999999998,T1,10.9239483,True,valid,source,923,923,0.0,42.00008321661592,True,valid,,False,no_tower_section_at_tip_height,59.27300901231604,True,valid
462,462,23.1,140.125,140.1125,140.1375,T1,10.9353561,True,valid,source,925,925,0.0,44.45364129410145,True,valid,,False,no_tower_section_at_tip_height,58.28387172112764,True,valid
463,463,23.15,140.175,140.16250000000002,140.1875,T1,10.9475002,True,valid,source,927,927,0.0,46.77819719654173,True,valid,,False,no_tower_section_at_tip_height,57.10885615247638,True,valid
464,464,23.2,140.225,140.2125,140.23749999999998,T1,10.9614649,True,valid,source,929,929,0.0,48.96084353119511,True,valid,,False,no_tower_section_at_tip_height,55.75292099105269,True,valid
465,465,23.25,140.275,140.26250000000002,140.2875,T1,10.9763813,True,valid,source,931,931,0.0,50.99009698165109,True,valid,,False,no_tower_section_at_tip_height,54.219347086518326,True,valid
466,466,23.3,140.325,140.3125,140.33749999999998,T1,10.9932947,True,valid,source,933,933,0.0,52.857294776966924,True,valid,,False,no_tower_section_at_tip_height,52.511531595465996,True,valid
467,467,23.35,140.375,140.3625,140.3875,T1,11.0087214,True,valid,source,935,935,0.0,54.55349409062361,True,valid,,False,no_tower_section_at_tip_height,50.635659697311695,True,valid
468,468,23.4,140.425,140.41250000000002,140.4375,T1,11.0240803,True,valid,source,937,937,0.0,56.07069197028115,True,valid,,False,no_tower_section_at_tip_height,48.59983523495361,True,valid
469,469,23.45,140.475,140.4625,140.48749999999998,T1,11.0444298,True,valid,source,939,939,0.0,57.401964220780464,True,valid,,False,no_tower_section_at_tip_height,46.410457561738575,True,valid
470,470,23.5,140.525,140.51250000000002,140.5375,T1,11.0641422,True,valid,source,941,941,0.0,58.54133090013196,True,valid,,False,no_tower_section_at_tip_height,44.075240239388904,True,valid
471,471,23.55,140.575,140.5625,140.58749999999998,T1,11.0834093,True,valid,source,943,943,0.0,59.484094564588986,True,valid,,False,no_tower_section_at_tip_height,41.60491681052819,True,valid
472,472,23.6,140.625,140.6125,140.6375,T1,11.1041832,True,valid,source,945,945,0.0,60.22503932430535,True,valid,,False,no_tower_section_at_tip_height,39.01286124818334,True,valid
473,473,23.65,140.675,140.66250000000002,140.6875,T1,11.1213083,True,valid,source,947,947,0.0,60.75841685857856,True,valid,,False,no_tower_section_at_tip_height,36.312808133674196,True,valid
474,474,23.7,140.725,140.7125,140.73749999999998,T1,11.1399822,True,valid,source,949,949,0.0,61.080543229367045,True,valid,,False,no_tower_section_at_tip_height,33.518657943716384,True,valid
475,475,23.75,140.775,140.76250000000002,140.7875,T1,11.1607876,True,valid,source,951,951,0.0,,False,no_tower_section_at_tip_height,,False,no_tower_section_at_tip_height,30.63254025222614,True,valid
476,476,23.8,140.825,140.8125,140.83749999999998,T1,11.1830425,True,valid,source,953,953,0.0,,False,no_tower_section_at_tip_height,,False,no_tower_section_at_tip_height,27.66858540038032,True,valid
477,477,23.85,140.875,140.8625,140.8875,T1,11.2062149,True,valid,source,955,955,0.0,,False,no_tower_section_at_tip_height,,False,no_tower_section_at_tip_height,24.667492906664297,True,valid
478,478,23.9,140.925,140.91250000000002,140.9375,T1,11.2298822,True,valid,source,957,957,0.0,,False,no_tower_section_at_tip_height,,False,no_tower_section_at_tip_height,21.671435723370397,True,valid
479,479,23.95,140.975,140.9625,140.98749999999998,T1,11.2519426,True,valid,source,959,959,0.0,,False,no_tower_section_at_tip_height,,False,no_tower_section_at_tip_height,18.73648260521611,True,valid
480,480,24.0,141.025,141.01250000000002,141.0375,T1,11.2696819,True,valid,source,961,961,0.0,,False,no_tower_section_at_tip_height,,False,no_tower_section_at_tip_height,15.889655926487979,True,valid
481,481,24.05,141.075,141.0625,141.08749999999998,T1,11.2826834,True,valid,source,963,963,0.0,,False,no_tower_section_at_tip_height,,False,no_tower_section_at_tip_height,13.323486937119712,True,valid
482,482,24.1,141.125,141.1125,141.1375,T1,11.3052521,True,valid,source,965,965,0.0,,False,no_tower_section_at_tip_height,,False,no_tower_section_at_tip_height,11.171788365914797,True,valid
483,483,24.15,141.175,141.16250000000002,141.1875,T1,11.3244286,True,valid,source,967,967,0.0,,False,no_tower_section_at_tip_height,,False,no_tower_section_at_tip_height,9.74218034523984,True,valid
484,484,24.2,141.225,141.2125,141.23749999999998,T1,11.3470459,True,valid,source,969,969,0.0,,False,no_tower_section_at_tip_height,,False,no_tower_section_at_tip_height,9.304599577883497,True,valid
485,485,24.25,141.275,141.26250000000002,141.2875,T1,11.370079,True,valid,source,971,971,0.0,,False,no_tower_section_at_tip_height,,False,no_tower_section_at_tip_height,9.981821768260211,True,valid
486,486,24.3,141.325,141.3125,141.33749999999998,T1,11.3868809,True,valid,source,973,973,0.0,,False,no_tower_section_at_tip_height,,False,no_tower_section_at_tip_height,11.637069408439684,True,valid
487,487,24.35,141.375,141.3625,141.3875,T1,11.4146185,True,valid,source,975,975,0.0,,False,no_tower_section_at_tip_height,,False,no_tower_section_at_tip_height,13.976935567511154,True,valid
488,488,24.4,141.425,141.41250000000002,141.4375,T1,11.4409227,True,valid,source,977,977,0.0,,False,no_tower_section_at_tip_height,,False,no_tower_section_at_tip_height,16.672789756300247,True,valid
489,489,24.45,141.475,141.4625,141.48749999999998,T1,11.4598103,True,valid,source,979,979,0.0,,False,no_tower_section_at_tip_height,,False,no_tower_section_at_tip_height,19.62737613607018,True,valid
490,490,24.5,141.525,141.51250000000002,141.5375,T1,11.487463,True,valid,source,981,981,0.0,,False,no_tower_section_at_tip_height,,False,no_tower_section_at_tip_height,22.66323789255864,True,valid
491,491,24.55,141.575,141.5625,141.58749999999998,T1,11.5129662,True,valid,source,983,983,0.0,,False,no_tower_section_at_tip_height,,False,no_tower_section_at_tip_height,25.76002264811357,True,valid
492,492,24.6,141.625,141.6125,141.6375,T1,11.5268145,True,valid,source,985,985,0.0,,False,no_tower_section_at_tip_height,,False,no_tower_section_at_tip_height,28.86384325781105,True,valid
493,493,24.65,141.675,141.66250000000002,141.6875,T1,11.5457954,True,valid,source,987,987,0.0,,False,no_tower_section_at_tip_height,61.137408048723074,True,valid,31.9340661250339,True,valid
494,494,24.7,141.725,141.7125,141.73749999999998,T1,11.5636377,True,valid,source,989,989,0.0,,False,no_tower_section_at_tip_height,60.8541151689931,True,valid,34.93840455471008,True,valid
495,495,24.75,141.775,141.76250000000002,141.7875,T1,11.5806522,True,valid,source,991,991,0.0,,False,no_tower_section_at_tip_height,60.350715685453835,True,valid,37.84135360053072,True,valid
496,496,24.8,141.825,141.8125,141.83749999999998,T1,11.6023378,True,valid,source,993,993,0.0,,False,no_tower_section_at_tip_height,59.63331039264306,True,valid,40.642467533968606,True,valid
497,497,24.85,141.875,141.8625,141.8875,T1,11.6203852,True,valid,source,995,995,0.0,,False,no_tower_section_at_tip_height,58.71017200781107,True,valid,43.32022844526897,True,valid
498,498,24.9,141.925,141.91250000000002,141.9375,T1,11.6384296,True,valid,source,997,997,0.0,,False,no_tower_section_at_tip_height,57.585503342903564,True,valid,45.855776653985394,True,valid
499,499,24.95,141.975,141.9625,141.98749999999998,T1,11.6587248,True,valid,source,999,999,0.0,,False,no_tower_section_at_tip_height,56.26174023828618,True,valid,48.2339719054506,True,valid
500,500,25.0,142.025,142.01250000000002,142.0375,T1,11.6726656,True,valid,source,1001,1001,0.0,,False,no_tower_section_at_tip_height,54.74400154244657,True,valid,50.443877463160185,True,valid
501,501,25.05,142.075,142.0625,142.08749999999998,T1,11.6828899,True,valid,source,1003,1003,0.0,,False,no_tower_section_at_tip_height,53.039423137436344,True,valid,52.4787243850812,True,valid
502,502,25.1,142.125,142.1125,142.1375,T1,11.6953278,True,valid,source,1005,1005,0.0,,False,no_tower_section_at_tip_height,51.157026527010146,True,valid,54.328631158884114,True,valid
503,503,25.15,142.175,142.16250000000002,142.1875,T1,11.7012806,True,valid,source,1007,1007,0.0,,False,no_tower_section_at_tip_height,49.10400672657111,True,valid,55.98244918253385,True,valid
504,504,25.2,142.225,142.2125,142.23749999999998,T1,11.7054491,True,valid,source,1009,1009,0.0,,False,no_tower_section_at_tip_height,46.8889044009309,True,valid,57.430323416280444,True,valid
505,505,25.25,142.275,142.26250000000002,142.2875,T1,11.7121267,True,valid,source,1011,1011,0.0,,False,no_tower_section_at_tip_height,44.52577231616266,True,valid,58.66497588443966,True,valid
506,506,25.3,142.325,142.3125,142.33749999999998,T1,11.7111225,True,valid,source,1013,1013,0.0,,False,no_tower_section_at_tip_height,42.03016591668592,True,valid,59.67903931556336,True,valid
507,507,25.35,142.375,142.3625,142.3875,T1,11.7103167,True,valid,source,1015,1015,0.0,,False,no_tower_section_at_tip_height,39.41317238418543,True,valid,60.46607002891749,True,valid
508,508,25.4,142.425,142.41250000000002,142.4375,T1,11.7120934,True,valid,source,1017,1017,0.0,,False,no_tower_section_at_tip_height,36.68263519965257,True,valid,61.02066604861756,True,valid
509,509,25.45,142.475,142.4625,142.48749999999998,T1,11.708046,True,valid,source,1019,1019,0.0,,False,no_tower_section_at_tip_height,33.83918408108579,True,valid,61.33980258937747,True,valid
510,510,25.5,142.525,142.51250000000002,142.5375,T1,11.7047873,True,valid,source,1021,1021,0.0,,False,no_tower_section_at_tip_height,30.922650602330346,True,valid,,False,no_tower_section_at_tip_height
511,511,25.55,142.575,142.5625,142.58749999999998,T1,11.7047691,True,valid,source,1023,1023,0.0,,False,no_tower_section_at_tip_height,27.964870133586658,True,valid,,False,no_tower_section_at_tip_height
512,512,25.6,142.625,142.6125,142.6375,T1,11.7001305,True,valid,source,1025,1025,0.0,,False,no_tower_section_at_tip_height,25.01238894400043,True,valid,,False,no_tower_section_at_tip_height
513,513,25.65,142.675,142.66250000000002,142.6875,T1,11.6951408,True,valid,source,1027,1027,0.0,,False,no_tower_section_at_tip_height,22.104542928671066,True,valid,,False,no_tower_section_at_tip_height
514,514,25.7,142.725,142.7125,142.73749999999998,T1,11.6891146,True,valid,source,1029,1029,0.0,,False,no_tower_section_at_tip_height,19.305083140669904,True,valid,,False,no_tower_section_at_tip_height
515,515,25.75,142.775,142.76250000000002,142.7875,T1,11.6782293,True,valid,source,1031,1031,0.0,,False,no_tower_section_at_tip_height,16.74015180075363,True,valid,,False,no_tower_section_at_tip_height
516,516,25.8,142.825,142.8125,142.83749999999998,T1,11.6656094,True,valid,source,1033,1033,0.0,,False,no_tower_section_at_tip_height,14.483788628249915,True,valid,,False,no_tower_section_at_tip_height
517,517,25.85,142.875,142.8625,142.8875,T1,11.6526623,True,valid,source,1035,1035,0.0,,False,no_tower_section_at_tip_height,12.784867772686887,True,valid,,False,no_tower_section_at_tip_height
518,518,25.9,142.925,142.91250000000002,142.9375,T1,11.6369982,True,valid,source,1037,1037,0.0,,False,no_tower_section_at_tip_height,11.877840762355918,True,valid,,False,no_tower_section_at_tip_height
519,519,25.95,142.975,142.9625,142.98749999999998,T1,11.6242781,True,valid,source,1039,1039,0.0,,False,no_tower_section_at_tip_height,11.908912184006258,True,valid,,False,no_tower_section_at_tip_height
520,520,26.0,143.025,143.01250000000002,143.0375,T1,11.6136036,True,valid,source,1041,1041,0.0,,False,no_tower_section_at_tip_height,12.869768879137348,True,valid,,False,no_tower_section_at_tip_height
521,521,26.05,143.075,143.0625,143.08749999999998,T1,11.6025505,True,valid,source,1043,1043,0.0,,False,no_tower_section_at_tip_height,14.606720386586751,True,valid,,False,no_tower_section_at_tip_height
522,522,26.1,143.125,143.1125,143.1375,T1,11.5928888,True,valid,source,1045,1045,0.0,,False,no_tower_section_at_tip_height,16.915131251430285,True,valid,,False,no_tower_section_at_tip_height
523,523,26.15,143.175,143.16250000000002,143.1875,T1,11.5829611,True,valid,source,1047,1047,0.0,,False,no_tower_section_at_tip_height,19.532673128053027,True,valid,,False,no_tower_section_at_tip_height
524,524,26.2,143.225,143.2125,143.23749999999998,T1,11.5717916,True,valid,source,1049,1049,0.0,,False,no_tower_section_at_tip_height,22.389334820020874,True,valid,,False,no_tower_section_at_tip_height
525,525,26.25,143.275,143.26250000000002,143.2875,T1,11.5606041,True,valid,source,1051,1051,0.0,,False,no_tower_section_at_tip_height,25.333357724352666,True,valid,,False,no_tower_section_at_tip_height
526,526,26.3,143.325,143.3125,143.33749999999998,T1,11.5477419,True,valid,source,1053,1053,0.0,,False,no_tower_section_at_tip_height,28.32273554946407,True,valid,,False,no_tower_section_at_tip_height
527,527,26.35,143.375,143.3625,143.3875,T1,11.5329609,True,valid,source,1055,1055,0.0,,False,no_tower_section_at_tip_height,31.313280014066596,True,valid,,False,no_tower_section_at_tip_height
528,528,26.4,143.425,143.41250000000002,143.4375,T1,11.5205431,True,valid,source,1057,1057,0.0,61.29922457834819,True,valid,34.26070158420665,True,valid,,False,no_tower_section_at_tip_height
529,529,26.45,143.475,143.4625,143.48749999999998,T1,11.5062628,True,valid,source,1059,1059,0.0,60.92418396657342,True,valid,37.135597953284496,True,valid,,False,no_tower_section_at_tip_height
530,530,26.5,143.525,143.51250000000002,143.5375,T1,11.4884262,True,valid,source,1061,1061,0.0,60.33600348424511,True,valid,39.90881276350438,True,valid,,False,no_tower_section_at_tip_height
531,531,26.55,143.575,143.5625,143.58749999999998,T1,11.4735765,True,valid,source,1063,1063,0.0,59.54076502752956,True,valid,42.560150036703405,True,valid,,False,no_tower_section_at_tip_height
532,532,26.6,143.625,143.6125,143.6375,T1,11.4571857,True,valid,source,1065,1065,0.0,58.541148759874076,True,valid,45.08446967761239,True,valid,,False,no_tower_section_at_tip_height
533,533,26.65,143.675,143.66250000000002,143.6875,T1,11.4409084,True,valid,source,1067,1067,0.0,57.33859087437645,True,valid,47.464290730669624,True,valid,,False,no_tower_section_at_tip_height
534,534,26.7,143.725,143.7125,143.73749999999998,T1,11.4258022,True,valid,source,1069,1069,0.0,55.940014662746435,True,valid,49.68524832013283,True,valid,,False,no_tower_section_at_tip_height
535,535,26.75,143.775,143.76250000000002,143.7875,T1,11.4088392,True,valid,source,1071,1071,0.0,54.3580605109585,True,valid,51.73672398262309,True,valid,,False,no_tower_section_at_tip_height
536,536,26.8,143.825,143.8125,143.83749999999998,T1,11.3919287,True,valid,source,1073,1073,0.0,52.60576310576602,True,valid,53.611267369418606,True,valid,,False,no_tower_section_at_tip_height
537,537,26.85,143.875,143.8625,143.8875,T1,11.3741159,True,valid,source,1075,1075,0.0,50.69016304188705,True,valid,55.30251681595675,True,valid,,False,no_tower_section_at_tip_height
538,538,26.9,143.925,143.91250000000002,143.9375,T1,11.3526812,True,valid,source,1077,1077,0.0,48.613503994708,True,valid,56.80271513329762,True,valid,,False,no_tower_section_at_tip_height
539,539,26.95,143.975,143.9625,143.98749999999998,T1,11.3307199,True,valid,source,1079,1079,0.0,46.38175596990067,True,valid,58.10444353624425,True,valid,,False,no_tower_section_at_tip_height
540,540,27.0,144.025,144.01250000000002,144.0375,T1,11.3086014,True,valid,source,1081,1081,0.0,44.00571620816324,True,valid,59.201896849770165,True,valid,,False,no_tower_section_at_tip_height
541,541,27.05,144.075,144.0625,144.08749999999998,T1,11.287837,True,valid,source,1083,1083,0.0,41.500623978097366,True,valid,60.09015890194873,True,valid,,False,no_tower_section_at_tip_height
542,542,27.1,144.125,144.1125,144.1375,T1,11.2660303,True,valid,source,1085,1085,0.0,38.87489903834142,True,valid,60.76672311463659,True,valid,,False,no_tower_section_at_tip_height
543,543,27.15,144.175,144.16250000000002,144.1875,T1,11.2450609,True,valid,source,1087,1087,0.0,36.13978142208144,True,valid,61.229092001342586,True,valid,,False,no_tower_section_at_tip_height
544,544,27.2,144.225,144.2125,144.23749999999998,T1,11.2224197,True,valid,source,1089,1089,0.0,33.33414328310378,True,valid,,False,no_tower_section_at_tip_height,,False,no_tower_section_at_tip_height
545,545,27.25,144.275,144.26250000000002,144.2875,T1,11.2010565,True,valid,source,1091,1091,0.0,30.476985490838484,True,valid,,False,no_tower_section_at_tip_height,,False,no_tower_section_at_tip_height
546,546,27.3,144.325,144.3125,144.33749999999998,T1,11.1824465,True,valid,source,1093,1093,0.0,27.59302779893202,True,valid,,False,no_tower_section_at_tip_height,,False,no_tower_section_at_tip_height
547,547,27.35,144.375,144.3625,144.3875,T1,11.1621723,True,valid,source,1095,1095,0.0,24.72958436191686,True,valid,,False,no_tower_section_at_tip_height,,False,no_tower_section_at_tip_height
548,548,27.4,144.425,144.41250000000002,144.4375,T1,11.1440048,True,valid,source,1097,1097,0.0,21.901584870270707,True,valid,,False,no_tower_section_at_tip_height,,False,no_tower_section_at_tip_height
549,549,27.45,144.475,144.4625,144.48749999999998,T1,11.1282406,True,valid,source,1099,1099,0.0,19.183002546990057,True,valid,,False,no_tower_section_at_tip_height,,False,no_tower_section_at_tip_height
550,550,27.5,144.525,144.51250000000002,144.5375,T1,11.1077194,True,valid,source,1101,1101,0.0,16.689368704549434,True,valid,,False,no_tower_section_at_tip_height,,False,no_tower_section_at_tip_height
551,551,27.55,144.575,144.5625,144.58749999999998,T1,11.0847254,True,valid,source,1103,1103,0.0,14.491800319743723,True,valid,,False,no_tower_section_at_tip_height,,False,no_tower_section_at_tip_height
552,552,27.6,144.625,144.6125,144.6375,T1,11.0637131,True,valid,source,1105,1105,0.0,12.806503401377753,True,valid,,False,no_tower_section_at_tip_height,,False,no_tower_section_at_tip_height
553,553,27.65,144.675,144.66250000000002,144.6875,T1,11.0426073,True,valid,source,1107,1107,0.0,11.80944873686382,True,valid,,False,no_tower_section_at_tip_height,,False,no_tower_section_at_tip_height
554,554,27.7,144.725,144.7125,144.73749999999998,T1,11.0211716,True,valid,source,1109,1109,0.0,11.641605601814902,True,valid,,False,no_tower_section_at_tip_height,,False,no_tower_section_at_tip_height
555,555,27.75,144.775,144.76250000000002,144.7875,T1,11.0037718,True,valid,source,1111,1111,0.0,12.340981560491493,True,valid,,False,no_tower_section_at_tip_height,,False,no_tower_section_at_tip_height
556,556,27.8,144.825,144.8125,144.83749999999998,T1,10.9849453,True,valid,source,1113,1113,0.0,13.809841040107633,True,valid,,False,no_tower_section_at_tip_height,,False,no_tower_section_at_tip_height
557,557,27.85,144.875,144.8625,144.8875,T1,10.9675436,True,valid,source,1115,1115,0.0,15.849050542698311,True,valid,,False,no_tower_section_at_tip_height,,False,no_tower_section_at_tip_height
558,558,27.9,144.925,144.91250000000002,144.9375,T1,10.9519596,True,valid,source,1117,1117,0.0,18.242197782939325,True,valid,,False,no_tower_section_at_tip_height,,False,no_tower_section_at_tip_height
559,559,27.95,144.975,144.9625,144.98749999999998,T1,10.937995,True,valid,source,1119,1119,0.0,20.88082260099879,True,valid,,False,no_tower_section_at_tip_height,,False,no_tower_section_at_tip_height
560,560,28.0,145.025,145.01250000000002,145.0375,T1,10.9245176,True,valid,source,1121,1121,0.0,23.6497415319264,True,valid,,False,no_tower_section_at_tip_height,,False,no_tower_section_at_tip_height
561,561,28.05,145.075,145.0625,145.08749999999998,T1,10.9127855,True,valid,source,1123,1123,0.0,26.46717935472377,True,valid,,False,no_tower_section_at_tip_height,,False,no_tower_section_at_tip_height
562,562,28.1,145.125,145.1125,145.1375,T1,10.9001083,True,valid,source,1125,1125,0.0,29.306960129113023,True,valid,,False,no_tower_section_at_tip_height,,False,no_tower_section_at_tip_height
563,563,28.15,145.175,145.16250000000002,145.1875,T1,10.8891716,True,valid,source,1127,1127,0.0,32.12271172882935,True,valid,,False,no_tower_section_at_tip_height,,False,no_tower_section_at_tip_height
564,564,28.2,145.225,145.2125,145.23749999999998,T1,10.881196,True,valid,source,1129,1129,0.0,34.885739919744026,True,valid,,False,no_tower_section_at_tip_height,61.220933458421776,True,valid
565,565,28.25,145.275,145.26250000000002,145.2875,T1,10.8707943,True,valid,source,1131,1131,0.0,37.57990996398497,True,valid,,False,no_tower_section_at_tip_height,60.81491303097478,True,valid
566,566,28.3,145.325,145.3125,145.33749999999998,T1,10.8591433,True,valid,source,1133,1133,0.0,40.17817040763439,True,valid,,False,no_tower_section_at_tip_height,60.21846469615958,True,valid
567,567,28.35,145.375,145.3625,145.3875,T1,10.8515863,True,valid,source,1135,1135,0.0,42.67823168758291,True,valid,,False,no_tower_section_at_tip_height,59.436389075083795,True,valid
568,568,28.4,145.425,145.41250000000002,145.4375,T1,10.8427677,True,valid,source,1137,1137,0.0,45.06301190074019,True,valid,,False,no_tower_section_at_tip_height,58.47108529679989,True,valid
569,569,28.45,145.475,145.4625,145.48749999999998,T1,10.8311186,True,valid,source,1139,1139,0.0,47.31846894016819,True,valid,,False,no_tower_section_at_tip_height,57.324851545634594,True,valid
570,570,28.5,145.525,145.51250000000002,145.5375,T1,10.8185606,True,valid,source,1141,1141,0.0,49.43466243710277,True,valid,,False,no_tower_section_at_tip_height,56.001243974422536,True,valid
571,571,28.55,145.575,145.5625,145.58749999999998,T1,10.8077192,True,valid,source,1143,1143,0.0,51.40341693903032,True,valid,,False,no_tower_section_at_tip_height,54.5039903632211,True,valid
572,572,28.6,145.625,145.6125,145.6375,T1,10.7957067,True,valid,source,1145,1145,0.0,53.21641896405317,True,valid,,False,no_tower_section_at_tip_height,52.84136656176068,True,valid
573,573,28.65,145.675,145.66250000000002,145.6875,T1,10.7838755,True,valid,source,1147,1147,0.0,54.864330603716866,True,valid,,False,no_tower_section_at_tip_height,51.023296135355416,True,valid
574,574,28.7,145.725,145.7125,145.73749999999998,T1,10.7766876,True,valid,source,1149,1149,0.0,56.340480203889264,True,valid,,False,no_tower_section_at_tip_height,49.05570156428704,True,valid
575,575,28.75,145.775,145.76250000000002,145.7875,T1,10.7677202,True,valid,source,1151,1151,0.0,57.63850898115713,True,valid,,False,no_tower_section_at_tip_height,46.94537591368071,True,valid
576,576,28.8,145.825,145.8125,145.83749999999998,T1,10.7562714,True,valid,source,1153,1153,0.0,58.75190399390346,True,valid,,False,no_tower_section_at_tip_height,44.7039314721395,True,valid
577,577,28.85,145.875,145.8625,145.8875,T1,10.7487564,True,valid,source,1155,1155,0.0,59.67644366272579,True,valid,,False,no_tower_section_at_tip_height,42.34046541150014,True,valid
578,578,28.9,145.925,145.91250000000002,145.9375,T1,10.7375174,True,valid,source,1157,1157,0.0,60.40931570502656,True,valid,,False,no_tower_section_at_tip_height,39.86199915512304,True,valid
579,579,28.95,145.975,145.9625,145.98749999999998,T1,10.7229404,True,valid,source,1159,1159,0.0,60.94827523220636,True,valid,,False,no_tower_section_at_tip_height,37.27769077990324,True,valid
580,580,29.0,146.025,146.01250000000002,146.0375,T1,10.711565,True,valid,source,1161,1161,0.0,61.291009003457184,True,valid,,False,no_tower_section_at_tip_height,34.58899779050624,True,valid
581,581,29.05,146.075,146.0625,146.08749999999998,T1,10.7021017,True,valid,source,1163,1163,0.0,,False,no_tower_section_at_tip_height,,False,no_tower_section_at_tip_height,31.829430339353376,True,valid
582,582,29.1,146.125,146.1125,146.1375,T1,10.690731,True,valid,source,1165,1165,0.0,,False,no_tower_section_at_tip_height,,False,no_tower_section_at_tip_height,29.027140549809214,True,valid
583,583,29.15,146.175,146.16250000000002,146.1875,T1,10.6811724,True,valid,source,1167,1167,0.0,,False,no_tower_section_at_tip_height,,False,no_tower_section_at_tip_height,26.214400265593,True,valid
584,584,29.2,146.225,146.2125,146.23749999999998,T1,10.6728678,True,valid,source,1169,1169,0.0,,False,no_tower_section_at_tip_height,,False,no_tower_section_at_tip_height,23.431152444884606,True,valid
585,585,29.25,146.275,146.26250000000002,146.2875,T1,10.6645699,True,valid,source,1171,1171,0.0,,False,no_tower_section_at_tip_height,,False,no_tower_section_at_tip_height,20.700340564442193,True,valid
586,586,29.3,146.325,146.3125,146.33749999999998,T1,10.6600351,True,valid,source,1173,1173,0.0,,False,no_tower_section_at_tip_height,,False,no_tower_section_at_tip_height,18.074526138859426,True,valid
587,587,29.35,146.375,146.3625,146.3875,T1,10.6564913,True,valid,source,1175,1175,0.0,,False,no_tower_section_at_tip_height,,False,no_tower_section_at_tip_height,15.665290099367738,True,valid
588,588,29.4,146.425,146.41250000000002,146.4375,T1,10.6508579,True,valid,source,1177,1177,0.0,,False,no_tower_section_at_tip_height,,False,no_tower_section_at_tip_height,13.515614431453331,True,valid
589,589,29.45,146.475,146.4625,146.48749999999998,T1,10.64606,True,valid,source,1179,1179,0.0,,False,no_tower_section_at_tip_height,,False,no_tower_section_at_tip_height,11.850597071067055,True,valid
590,590,29.5,146.525,146.51250000000002,146.5375,T1,10.6433678,True,valid,source,1181,1181,0.0,,False,no_tower_section_at_tip_height,,False,no_tower_section_at_tip_height,10.856055868575774,True,valid
591,591,29.55,146.575,146.5625,146.58749999999998,T1,10.6403685,True,valid,source,1183,1183,0.0,,False,no_tower_section_at_tip_height,,False,no_tower_section_at_tip_height,10.690610831743616,True,valid
592,592,29.6,146.625,146.6125,146.6375,T1,10.6412344,True,valid,source,1185,1185,0.0,,False,no_tower_section_at_tip_height,,False,no_tower_section_at_tip_height,11.395237200359675,True,valid
593,593,29.65,146.675,146.66250000000002,146.6875,T1,10.6413031,True,valid,source,1187,1187,0.0,,False,no_tower_section_at_tip_height,,False,no_tower_section_at_tip_height,12.860053609128125,True,valid
594,594,29.7,146.725,146.7125,146.73749999999998,T1,10.6395311,True,valid,source,1189,1189,0.0,,False,no_tower_section_at_tip_height,,False,no_tower_section_at_tip_height,14.890880417829118,True,valid
595,595,29.75,146.775,146.76250000000002,146.7875,T1,10.6409378,True,valid,source,1191,1191,0.0,,False,no_tower_section_at_tip_height,,False,no_tower_section_at_tip_height,17.26135332960133,True,valid
596,596,29.8,146.825,146.8125,146.83749999999998,T1,10.644043,True,valid,source,1193,1193,0.0,,False,no_tower_section_at_tip_height,,False,no_tower_section_at_tip_height,19.89483439379557,True,valid
597,597,29.85,146.875,146.8625,146.8875,T1,10.6489067,True,valid,source,1195,1195,0.0,,False,no_tower_section_at_tip_height,,False,no_tower_section_at_tip_height,22.646436501798103,True,valid
598,598,29.9,146.925,146.91250000000002,146.9375,T1,10.6596107,True,valid,source,1197,1197,0.0,,False,no_tower_section_at_tip_height,,False,no_tower_section_at_tip_height,25.453248390178935,True,valid
599,599,29.95,146.975,146.9625,146.98749999999998,T1,10.6716824,True,valid,source,1199,1199,0.0,,False,no_tower_section_at_tip_height,,False,no_tower_section_at_tip_height,28.28504541363917,True,valid
600,600,30.0,147.025,147.01250000000002,147.0375,T1,10.6819744,True,valid,source,1201,1201,0.0,,False,no_tower_section_at_tip_height,,False,no_tower_section_at_tip_height,31.10287445474849,True,valid
601,601,30.05,147.075,147.0625,147.08749999999998,T1,10.6898355,True,valid,source,1203,1203,0.0,,False,no_tower_section_at_tip_height,61.27375214810652,True,valid,33.87648549372565,True,valid
602,602,30.1,147.125,147.1125,147.1375,T1,10.692359,True,valid,source,1205,1205,0.0,,False,no_tower_section_at_tip_height,60.93607014819831,True,valid,36.58042984898203,True,valid
603,603,30.15,147.175,147.16250000000002,147.1875,T1,10.6943798,True,valid,source,1207,1207,0.0,,False,no_tower_section_at_tip_height,60.40909971690575,True,valid,39.19397860127813,True,valid
604,604,30.2,147.225,147.2125,147.23749999999998,T1,10.6983509,True,valid,source,1209,1209,0.0,,False,no_tower_section_at_tip_height,59.70082323404881,True,valid,41.70935330868532,True,valid
605,605,30.25,147.275,147.26250000000002,147.2875,T1,10.7030735,True,valid,source,1211,1211,0.0,,False,no_tower_section_at_tip_height,58.81141482942644,True,valid,44.11361134215884,True,valid
606,606,30.3,147.325,147.3125,147.33749999999998,T1,10.7071238,True,valid,source,1213,1213,0.0,,False,no_tower_section_at_tip_height,57.74024385230327,True,valid,46.39529185939752,True,valid
607,607,30.35,147.375,147.3625,147.3875,T1,10.7095413,True,valid,source,1215,1215,0.0,,False,no_tower_section_at_tip_height,56.49251057489073,True,valid,48.54348107387221,True,valid
608,608,30.4,147.425,147.41250000000002,147.4375,T1,10.7086391,True,valid,source,1217,1217,0.0,,False,no_tower_section_at_tip_height,55.071103821517134,True,valid,50.5536267497888,True,valid
609,609,30.45,147.475,147.4625,147.48749999999998,T1,10.711957,True,valid,source,1219,1219,0.0,,False,no_tower_section_at_tip_height,53.48335318120316,True,valid,52.41582681459887,True,valid
610,610,30.5,147.525,147.51250000000002,147.5375,T1,10.7162266,True,valid,source,1221,1221,0.0,,False,no_tower_section_at_tip_height,51.73617915070256,True,valid,54.11997926339542,True,valid
611,611,30.55,147.575,147.5625,147.58749999999998,T1,10.7215986,True,valid,source,1223,1223,0.0,,False,no_tower_section_at_tip_height,49.82984931579065,True,valid,55.658971273421834,True,valid
612,612,30.6,147.625,147.6125,147.6375,T1,10.7294874,True,valid,source,1225,1225,0.0,,False,no_tower_section_at_tip_height,47.772214934900376,True,valid,57.02562194869695,True,valid
613,613,30.65,147.675,147.66250000000002,147.6875,T1,10.729929,True,valid,source,1227,1227,0.0,,False,no_tower_section_at_tip_height,45.5735113403548,True,valid,58.21449779146438,True,valid
614,614,30.7,147.725,147.7125,147.73749999999998,T1,10.7251863,True,valid,source,1229,1229,0.0,,False,no_tower_section_at_tip_height,43.24072816798067,True,valid,59.22159442565965,True,valid
615,615,30.75,147.775,147.76250000000002,147.7875,T1,10.7194757,True,valid,source,1231,1231,0.0,,False,no_tower_section_at_tip_height,40.783566236632886,True,valid,60.042842533493136,True,valid
616,616,30.8,147.825,147.8125,147.83749999999998,T1,10.7137289,True,valid,source,1233,1233,0.0,,False,no_tower_section_at_tip_height,38.21201304796917,True,valid,60.673403793640524,True,valid
617,617,30.85,147.875,147.8625,147.8875,T1,10.7111731,True,valid,source,1235,1235,0.0,,False,no_tower_section_at_tip_height,35.53371294559459,True,valid,61.110776360557814,True,valid
618,618,30.9,147.925,147.91250000000002,147.9375,T1,10.7054939,True,valid,source,1237,1237,0.0,,False,no_tower_section_at_tip_height,32.75355252150062,True,valid,,False,no_tower_section_at_tip_height
619,619,30.95,147.975,147.9625,147.98749999999998,T1,10.6988001,True,valid,source,1239,1239,0.0,,False,no_tower_section_at_tip_height,29.908100654307944,True,valid,,False,no_tower_section_at_tip_height
620,620,31.0,148.025,148.01250000000002,148.0375,T1,10.6993942,True,valid,source,1241,1241,0.0,,False,no_tower_section_at_tip_height,27.025730584787127,True,valid,,False,no_tower_section_at_tip_height
621,621,31.05,148.075,148.0625,148.08749999999998,T1,10.6986847,True,valid,source,1243,1243,0.0,,False,no_tower_section_at_tip_height,24.143260324973802,True,valid,,False,no_tower_section_at_tip_height
622,622,31.1,148.125,148.1125,148.1375,T1,10.6988478,True,valid,source,1245,1245,0.0,,False,no_tower_section_at_tip_height,21.305250477407483,True,valid,,False,no_tower_section_at_tip_height
623,623,31.15,148.175,148.16250000000002,148.1875,T1,10.7043915,True,valid,source,1247,1247,0.0,,False,no_tower_section_at_tip_height,18.528870955129182,True,valid,,False,no_tower_section_at_tip_height
624,624,31.2,148.225,148.2125,148.23749999999998,T1,10.7065172,True,valid,source,1249,1249,0.0,,False,no_tower_section_at_tip_height,15.908155739959653,True,valid,,False,no_tower_section_at_tip_height
625,625,31.25,148.275,148.26250000000002,148.2875,T1,10.7043571,True,valid,source,1251,1251,0.0,,False,no_tower_section_at_tip_height,13.556104002884073,True,valid,,False,no_tower_section_at_tip_height
626,626,31.3,148.325,148.3125,148.33749999999998,T1,10.6999083,True,valid,source,1253,1253,0.0,,False,no_tower_section_at_tip_height,11.63591330456909,True,valid,,False,no_tower_section_at_tip_height
627,627,31.35,148.375,148.3625,148.3875,T1,10.6939869,True,valid,source,1255,1255,0.0,,False,no_tower_section_at_tip_height,10.334329666665331,True,valid,,False,no_tower_section_at_tip_height
628,628,31.4,148.425,148.41250000000002,148.4375,T1,10.6898289,True,valid,source,1257,1257,0.0,,False,no_tower_section_at_tip_height,9.88600600222488,True,valid,,False,no_tower_section_at_tip_height
629,629,31.45,148.475,148.4625,148.48749999999998,T1,10.6881638,True,valid,source,1259,1259,0.0,,False,no_tower_section_at_tip_height,10.377247950052586,True,valid,,False,no_tower_section_at_tip_height
630,630,31.5,148.525,148.51250000000002,148.5375,T1,10.6860447,True,valid,source,1261,1261,0.0,,False,no_tower_section_at_tip_height,11.710136899101173,True,valid,,False,no_tower_section_at_tip_height
631,631,31.55,148.575,148.5625,148.58749999999998,T1,10.6860695,True,valid,source,1263,1263,0.0,,False,no_tower_section_at_tip_height,13.641808523958126,True,valid,,False,no_tower_section_at_tip_height
632,632,31.6,148.625,148.6125,148.6375,T1,10.6904831,True,valid,source,1265,1265,0.0,,False,no_tower_section_at_tip_height,15.983763472445144,True,valid,,False,no_tower_section_at_tip_height
633,633,31.65,148.675,148.66250000000002,148.6875,T1,10.6939354,True,valid,source,1267,1267,0.0,,False,no_tower_section_at_tip_height,18.592969947020094,True,valid,,False,no_tower_section_at_tip_height
634,634,31.7,148.725,148.7125,148.73749999999998,T1,10.6999998,True,valid,source,1269,1269,0.0,,False,no_tower_section_at_tip_height,21.349823545184126,True,valid,,False,no_tower_section_at_tip_height
635,635,31.75,148.775,148.76250000000002,148.7875,T1,10.7114744,True,valid,source,1271,1271,0.0,,False,no_tower_section_at_tip_height,24.171246229580486,True,valid,,False,no_tower_section_at_tip_height
636,636,31.8,148.825,148.8125,148.83749999999998,T1,10.7223797,True,valid,source,1273,1273,0.0,,False,no_tower_section_at_tip_height,27.03225214849765,True,valid,,False,no_tower_section_at_tip_height
637,637,31.85,148.875,148.8625,148.8875,T1,10.7307682,True,valid,source,1275,1275,0.0,,False,no_tower_section_at_tip_height,29.89161894510356,True,valid,,False,no_tower_section_at_tip_height
638,638,31.9,148.925,148.91250000000002,148.9375,T1,10.734724,True,valid,source,1277,1277,0.0,61.355172210162664,True,valid,32.716967828300646,True,valid,,False,no_tower_section_at_tip_height
639,639,31.95,148.975,148.9625,148.98749999999998,T1,10.7345438,True,valid,source,1279,1279,0.0,61.085617108348345,True,valid,35.4727187098256,True,valid,,False,no_tower_section_at_tip_height
640,640,32.0,149.025,149.01250000000002,149.0375,T1,10.7360363,True,valid,source,1281,1281,0.0,60.61833816970095,True,valid,38.14317353065901,True,valid,,False,no_tower_section_at_tip_height
641,641,32.05,149.075,149.0625,149.08749999999998,T1,10.7392149,True,valid,source,1283,1283,0.0,59.95626365515667,True,valid,40.72131206412584,True,valid,,False,no_tower_section_at_tip_height
642,642,32.1,149.125,149.1125,149.1375,T1,10.7449856,True,valid,source,1285,1285,0.0,59.1054727693767,True,valid,43.19179247140271,True,valid,,False,no_tower_section_at_tip_height
643,643,32.15,149.175,149.16250000000002,149.1875,T1,10.7584419,True,valid,source,1287,1287,0.0,58.07137783825333,True,valid,45.542511062181006,True,valid,,False,no_tower_section_at_tip_height
644,644,32.2,149.225,149.2125,149.23749999999998,T1,10.7731647,True,valid,source,1289,1289,0.0,56.855851162332314,True,valid,47.761038160847725,True,valid,,False,no_tower_section_at_tip_height
645,645,32.25,149.275,149.26250000000002,149.2875,T1,10.7887211,True,valid,source,1291,1291,0.0,55.456445873875666,True,valid,49.83740596703913,True,valid,,False,no_tower_section_at_tip_height
646,646,32.3,149.325,149.3125,149.33749999999998,T1,10.8085699,True,valid,source,1293,1293,0.0,53.87171118386372,True,valid,51.7631137778028,True,valid,,False,no_tower_section_at_tip_height
647,647,32.35,149.375,149.3625,149.3875,T1,10.8272886,True,valid,source,1295,1295,0.0,52.10528613580397,True,valid,53.52980796094444,True,valid,,False,no_tower_section_at_tip_height
648,648,32.4,149.425,149.41250000000002,149.4375,T1,10.8414726,True,valid,source,1297,1297,0.0,50.16274602919888,True,valid,55.13086778355891,True,valid,,False,no_tower_section_at_tip_height
649,649,32.45,149.475,149.4625,149.48749999999998,T1,10.8563852,True,valid,source,1299,1299,0.0,48.051984488268666,True,valid,56.55866758233063,True,valid,,False,no_tower_section_at_tip_height
650,650,32.5,149.525,149.51250000000002,149.5375,T1,10.8705301,True,valid,source,1301,1301,0.0,45.7853874160116,True,valid,57.80613495362023,True,valid,,False,no_tower_section_at_tip_height
651,651,32.55,149.575,149.5625,149.58749999999998,T1,10.8833885,True,valid,source,1303,1303,0.0,43.3771088198158,True,valid,58.86746597188757,True,valid,,False,no_tower_section_at_tip_height
652,652,32.6,149.625,149.6125,149.6375,T1,10.8967648,True,valid,source,1305,1305,0.0,40.84149905160736,True,valid,59.73935269577934,True,valid,,False,no_tower_section_at_tip_height
653,653,32.65,149.675,149.66250000000002,149.6875,T1,10.9099293,True,valid,source,1307,1307,0.0,38.190076633647315,True,valid,60.419403077586445,True,valid,,False,no_tower_section_at_tip_height
654,654,32.7,149.725,149.7125,149.73749999999998,T1,10.9258738,True,valid,source,1309,1309,0.0,35.429597013623635,True,valid,60.90522942794755,True,valid,,False,no_tower_section_at_tip_height
655,655,32.75,149.775,149.76250000000002,149.7875,T1,10.9479761,True,valid,source,1311,1311,0.0,32.57075739320982,True,valid,61.19222178474266,True,valid,,False,no_tower_section_at_tip_height
656,656,32.8,149.825,149.8125,149.83749999999998,T1,10.9707346,True,valid,source,1313,1313,0.0,29.624617302159628,True,valid,,False,no_tower_section_at_tip_height,,False,no_tower_section_at_tip_height
657,657,32.85,149.875,149.8625,149.8875,T1,10.9911432,True,valid,source,1315,1315,0.0,26.60812947099513,True,valid,,False,no_tower_section_at_tip_height,,False,no_tower_section_at_tip_height
658,658,32.9,149.925,149.91250000000002,149.9375,T1,11.0146837,True,valid,source,1317,1317,0.0,23.564002611036052,True,valid,,False,no_tower_section_at_tip_height,,False,no_tower_section_at_tip_height
659,659,32.95,149.975,149.9625,149.98749999999998,T1,11.0394726,True,valid,source,1319,1319,0.0,20.53445721142048,True,valid,,False,no_tower_section_at_tip_height,,False,no_tower_section_at_tip_height
660,660,33.0,150.025,150.01250000000002,150.0375,T1,11.0576754,True,valid,source,1321,1321,0.0,17.58934174757874,True,valid,,False,no_tower_section_at_tip_height,,False,no_tower_section_at_tip_height
661,661,33.05,150.075,150.0625,150.08749999999998,T1,11.0674486,True,valid,source,1323,1323,0.0,14.760859194385858,True,valid,,False,no_tower_section_at_tip_height,,False,no_tower_section_at_tip_height
662,662,33.1,150.125,150.1125,150.1375,T1,11.0853901,True,valid,source,1325,1325,0.0,12.249548033387365,True,valid,,False,no_tower_section_at_tip_height,,False,no_tower_section_at_tip_height
663,663,33.15,150.175,150.16250000000002,150.1875,T1,11.096859,True,valid,source,1327,1327,0.0,10.19182368900053,True,valid,,False,no_tower_section_at_tip_height,,False,no_tower_section_at_tip_height
664,664,33.2,150.225,150.2125,150.23749999999998,T1,11.1050091,True,valid,source,1329,1329,0.0,8.898720233255958,True,valid,,False,no_tower_section_at_tip_height,,False,no_tower_section_at_tip_height
665,665,33.25,150.275,150.26250000000002,150.2875,T1,11.1171284,True,valid,source,1331,1331,0.0,8.652478223340527,True,valid,,False,no_tower_section_at_tip_height,,False,no_tower_section_at_tip_height
666,666,33.3,150.325,150.3125,150.33749999999998,T1,11.1321316,True,valid,source,1333,1333,0.0,9.547991647225313,True,valid,,False,no_tower_section_at_tip_height,,False,no_tower_section_at_tip_height
667,667,33.35,150.375,150.3625,150.3875,T1,11.1551104,True,valid,source,1335,1335,0.0,11.355944061903767,True,valid,,False,no_tower_section_at_tip_height,,False,no_tower_section_at_tip_height
668,668,33.4,150.425,150.41250000000002,150.4375,T1,11.1780806,True,valid,source,1337,1337,0.0,13.763989957097012,True,valid,,False,no_tower_section_at_tip_height,,False,no_tower_section_at_tip_height
669,669,33.45,150.475,150.4625,150.48749999999998,T1,11.1932926,True,valid,source,1339,1339,0.0,16.500330578821295,True,valid,,False,no_tower_section_at_tip_height,,False,no_tower_section_at_tip_height
670,670,33.5,150.525,150.51250000000002,150.5375,T1,11.2071514,True,valid,source,1341,1341,0.0,19.45488308254896,True,valid,,False,no_tower_section_at_tip_height,,False,no_tower_section_at_tip_height
671,671,33.55,150.575,150.5625,150.58749999999998,T1,11.2156887,True,valid,source,1343,1343,0.0,22.46133145572634,True,valid,,False,no_tower_section_at_tip_height,,False,no_tower_section_at_tip_height
672,672,33.6,150.625,150.6125,150.6375,T1,11.2240372,True,valid,source,1345,1345,0.0,25.506627793923727,True,valid,,False,no_tower_section_at_tip_height,,False,no_tower_section_at_tip_height
673,673,33.65,150.675,150.66250000000002,150.6875,T1,11.2370348,True,valid,source,1347,1347,0.0,28.54392532169276,True,valid,,False,no_tower_section_at_tip_height,,False,no_tower_section_at_tip_height
674,674,33.7,150.725,150.7125,150.73749999999998,T1,11.2462597,True,valid,source,1349,1349,0.0,31.540904306980302,True,valid,,False,no_tower_section_at_tip_height,,False,no_tower_section_at_tip_height
675,675,33.75,150.775,150.76250000000002,150.7875,T1,11.2523947,True,valid,source,1351,1351,0.0,34.4710418208495,True,valid,,False,no_tower_section_at_tip_height,61.10128941496168,True,valid
676,676,33.8,150.825,150.8125,150.83749999999998,T1,11.2573586,True,valid,source,1353,1353,0.0,37.30533421331423,True,valid,,False,no_tower_section_at_tip_height,60.68167894929364,True,valid
677,677,33.85,150.875,150.8625,150.8875,T1,11.2581549,True,valid,source,1355,1355,0.0,40.036936371398134,True,valid,,False,no_tower_section_at_tip_height,60.05843579855974,True,valid
678,678,33.9,150.925,150.91250000000002,150.9375,T1,11.2611179,True,valid,source,1357,1357,0.0,42.65458659562604,True,valid,,False,no_tower_section_at_tip_height,59.23797844264414,True,valid
679,679,33.95,150.975,150.9625,150.98749999999998,T1,11.2697124,True,valid,source,1359,1359,0.0,45.14487863256088,True,valid,,False,no_tower_section_at_tip_height,58.22339517283076,True,valid
680,680,34.0,151.025,151.01250000000002,151.0375,T1,11.2794542,True,valid,source,1361,1361,0.0,47.49245265223131,True,valid,,False,no_tower_section_at_tip_height,57.0133896163476,True,valid
681,681,34.05,151.075,151.0625,151.08749999999998,T1,11.2884455,True,valid,source,1363,1363,0.0,49.68708481904402,True,valid,,False,no_tower_section_at_tip_height,55.608225118564874,True,valid
682,682,34.1,151.125,151.1125,151.1375,T1,11.2945175,True,valid,source,1365,1365,0.0,51.71756162329261,True,valid,,False,no_tower_section_at_tip_height,54.012976734793966,True,valid
683,683,34.15,151.175,151.16250000000002,151.1875,T1,11.2942352,True,valid,source,1367,1367,0.0,53.576121272160805,True,valid,,False,no_tower_section_at_tip_height,52.23713592378764,True,valid
684,684,34.2,151.225,151.2125,151.23749999999998,T1,11.2921858,True,valid,source,1369,1369,0.0,55.254668905852114,True,valid,,False,no_tower_section_at_tip_height,50.284434172863406,True,valid
685,685,34.25,151.275,151.26250000000002,151.2875,T1,11.2933474,True,valid,source,1371,1371,0.0,56.74509643333612,True,valid,,False,no_tower_section_at_tip_height,48.15849463591549,True,valid
686,686,34.3,151.325,151.3125,151.33749999999998,T1,11.2912951,True,valid,source,1373,1373,0.0,58.03973176910959,True,valid,,False,no_tower_section_at_tip_height,45.870205157809856,True,valid
687,687,34.35,151.375,151.3625,151.3875,T1,11.2880583,True,valid,source,1375,1375,0.0,59.13110250605967,True,valid,,False,no_tower_section_at_tip_height,43.43516998897825,True,valid
688,688,34.4,151.425,151.41250000000002,151.4375,T1,11.2841702,True,valid,source,1377,1377,0.0,60.01486945687588,True,valid,,False,no_tower_section_at_tip_height,40.870045814923394,True,valid
689,689,34.45,151.475,151.4625,151.48749999999998,T1,11.2795782,True,valid,source,1379,1379,0.0,60.68775226771492,True,valid,,False,no_tower_section_at_tip_height,38.18743347357618,True,valid
690,690,34.5,151.525,151.51250000000002,151.5375,T1,11.2760162,True,valid,source,1381,1381,0.0,61.14814830928302,True,valid,,False,no_tower_section_at_tip_height,35.3968567624052,True,valid
691,691,34.55,151.575,151.5625,151.58749999999998,T1,11.2766504,True,valid,source,1383,1383,0.0,,False,no_tower_section_at_tip_height,,False,no_tower_section_at_tip_height,32.50433056759893,True,valid
692,692,34.6,151.625,151.6125,151.6375,T1,11.2735214,True,valid,source,1385,1385,0.0,,False,no_tower_section_at_tip_height,,False,no_tower_section_at_tip_height,29.552124956439364,True,valid
693,693,34.65,151.675,151.66250000000002,151.6875,T1,11.2665453,True,valid,source,1387,1387,0.0,,False,no_tower_section_at_tip_height,,False,no_tower_section_at_tip_height,26.572609592603317,True,valid
694,694,34.7,151.725,151.7125,151.73749999999998,T1,11.2636633,True,valid,source,1389,1389,0.0,,False,no_tower_section_at_tip_height,,False,no_tower_section_at_tip_height,23.61030374790558,True,valid
695,695,34.75,151.775,151.76250000000002,151.7875,T1,11.2580137,True,valid,source,1391,1391,0.0,,False,no_tower_section_at_tip_height,,False,no_tower_section_at_tip_height,20.71863460503746,True,valid
696,696,34.8,151.825,151.8125,151.83749999999998,T1,11.2483025,True,valid,source,1393,1393,0.0,,False,no_tower_section_at_tip_height,,False,no_tower_section_at_tip_height,17.926911806210033,True,valid
697,697,34.85,151.875,151.8625,151.8875,T1,11.2419128,True,valid,source,1395,1395,0.0,,False,no_tower_section_at_tip_height,,False,no_tower_section_at_tip_height,15.390917539312118,True,valid
698,698,34.9,151.925,151.91250000000002,151.9375,T1,11.2338362,True,valid,source,1397,1397,0.0,,False,no_tower_section_at_tip_height,,False,no_tower_section_at_tip_height,13.163701422197859,True,valid
699,699,34.95,151.975,151.9625,151.98749999999998,T1,11.2194786,True,valid,source,1399,1399,0.0,,False,no_tower_section_at_tip_height,,False,no_tower_section_at_tip_height,11.496545544190027,True,valid
700,700,35.0,152.025,152.01250000000002,152.0375,T1,11.2045383,True,valid,source,1401,1401,0.0,,False,no_tower_section_at_tip_height,,False,no_tower_section_at_tip_height,10.606748980206921,True,valid
701,701,35.05,152.075,152.0625,152.08749999999998,T1,11.1885309,True,valid,source,1403,1403,0.0,,False,no_tower_section_at_tip_height,,False,no_tower_section_at_tip_height,10.662369106349953,True,valid
702,702,35.1,152.125,152.1125,152.1375,T1,11.1752672,True,valid,source,1405,1405,0.0,,False,no_tower_section_at_tip_height,,False,no_tower_section_at_tip_height,11.662065910002152,True,valid
703,703,35.15,152.175,152.16250000000002,152.1875,T1,11.1658392,True,valid,source,1407,1407,0.0,,False,no_tower_section_at_tip_height,,False,no_tower_section_at_tip_height,13.432206528203789,True,valid
704,704,35.2,152.225,152.2125,152.23749999999998,T1,11.157445,True,valid,source,1409,1409,0.0,,False,no_tower_section_at_tip_height,,False,no_tower_section_at_tip_height,15.752572330907698,True,valid
705,705,35.25,152.275,152.26250000000002,152.2875,T1,11.1473045,True,valid,source,1411,1411,0.0,,False,no_tower_section_at_tip_height,,False,no_tower_section_at_tip_height,18.37607791073856,True,valid
706,706,35.3,152.325,152.3125,152.33749999999998,T1,11.1379967,True,valid,source,1413,1413,0.0,,False,no_tower_section_at_tip_height,,False,no_tower_section_at_tip_height,21.21693273902099,True,valid
707,707,35.35,152.375,152.3625,152.3875,T1,11.1257973,True,valid,source,1415,1415,0.0,,False,no_tower_section_at_tip_height,,False,no_tower_section_at_tip_height,24.11557650491774,True,valid
708,708,35.4,152.425,152.41250000000002,152.4375,T1,11.1094894,True,valid,source,1417,1417,0.0,,False,no_tower_section_at_tip_height,,False,no_tower_section_at_tip_height,27.05342655160851,True,valid
709,709,35.45,152.475,152.4625,152.48749999999998,T1,11.0942297,True,valid,source,1419,1419,0.0,,False,no_tower_section_at_tip_height,,False,no_tower_section_at_tip_height,29.984660265245193,True,valid
710,710,35.5,152.525,152.51250000000002,152.5375,T1,11.0794992,True,valid,source,1421,1421,0.0,,False,no_tower_section_at_tip_height,61.403877729968045,True,valid,32.87432504293434,True,valid
711,711,35.55,152.575,152.5625,152.58749999999998,T1,11.0626316,True,valid,source,1423,1423,0.0,,False,no_tower_section_at_tip_height,61.14141633040032,True,valid,35.69912918002969,True,valid
712,712,35.6,152.625,152.6125,152.6375,T1,11.0466461,True,valid,source,1425,1425,0.0,,False,no_tower_section_at_tip_height,60.67386695184775,True,valid,38.426518619441296,True,valid
713,713,35.65,152.675,152.66250000000002,152.6875,T1,11.030447,True,valid,source,1427,1427,0.0,,False,no_tower_section_at_tip_height,60.00592687967652,True,valid,41.05228818026576,True,valid
714,714,35.7,152.725,152.7125,152.73749999999998,T1,11.0136461,True,valid,source,1429,1429,0.0,,False,no_tower_section_at_tip_height,59.14569706189997,True,valid,43.5598649279818,True,valid
715,715,35.75,152.775,152.76250000000002,152.7875,T1,10.9994974,True,valid,source,1431,1431,0.0,,False,no_tower_section_at_tip_height,58.09889816817439,True,valid,45.93472539894309,True,valid
716,716,35.8,152.825,152.8125,152.83749999999998,T1,10.9879742,True,valid,source,1433,1433,0.0,,False,no_tower_section_at_tip_height,56.86737393481638,True,valid,48.16667561095773,True,valid
717,717,35.85,152.875,152.8625,152.8875,T1,10.9757233,True,valid,source,1435,1435,0.0,,False,no_tower_section_at_tip_height,55.4531838185453,True,valid,50.248592418376916,True,valid
718,718,35.9,152.925,152.91250000000002,152.9375,T1,10.9613161,True,valid,source,1437,1437,0.0,,False,no_tower_section_at_tip_height,53.86185592822163,True,valid,52.17275497535191,True,valid
719,719,35.95,152.975,152.9625,152.98749999999998,T1,10.9444284,True,valid,source,1439,1439,0.0,,False,no_tower_section_at_tip_height,52.097209652102656,True,valid,53.93049121045014,True,valid
720,720,36.0,153.025,153.01250000000002,153.0375,T1,10.9305487,True,valid,source,1441,1441,0.0,,False,no_tower_section_at_tip_height,50.160800639939,True,valid,55.515888536675874,True,valid
721,721,36.05,153.075,153.0625,153.08749999999998,T1,10.9168158,True,valid,source,1443,1443,0.0,,False,no_tower_section_at_tip_height,48.06324352453703,True,valid,56.923558086972484,True,valid
722,722,36.1,153.125,153.1125,153.1375,T1,10.8931437,True,valid,source,1445,1445,0.0,,False,no_tower_section_at_tip_height,45.818762588176185,True,valid,58.150448734847195,True,valid
723,723,36.15,153.175,153.16250000000002,153.1875,T1,10.8761826,True,valid,source,1447,1447,0.0,,False,no_tower_section_at_tip_height,43.444399727257675,True,valid,59.19145258319428,True,valid
724,724,36.2,153.225,153.2125,153.23749999999998,T1,10.8626499,True,valid,source,1449,1449,0.0,,False,no_tower_section_at_tip_height,40.96930329388499,True,valid,60.03895962120764,True,valid
725,725,36.25,153.275,153.26250000000002,153.2875,T1,10.8439159,True,valid,source,1451,1451,0.0,,False,no_tower_section_at_tip_height,38.3900552177699,True,valid,60.692233833400195,True,valid
726,726,36.3,153.325,153.3125,153.33749999999998,T1,10.8289127,True,valid,source,1453,1453,0.0,,False,no_tower_section_at_tip_height,35.698144976800876,True,valid,61.1489522041827,True,valid
727,727,36.35,153.375,153.3625,153.3875,T1,10.8095827,True,valid,source,1455,1455,0.0,,False,no_tower_section_at_tip_height,32.912621275581074,True,valid,,False,no_tower_section_at_tip_height
728,728,36.4,153.425,153.41250000000002,153.4375,T1,10.7868509,True,valid,source,1457,1457,0.0,,False,no_tower_section_at_tip_height,30.060469485131343,True,valid,,False,no_tower_section_at_tip_height
729,729,36.45,153.475,153.4625,153.48749999999998,T1,10.77244,True,valid,source,1459,1459,0.0,,False,no_tower_section_at_tip_height,27.176934770446,True,valid,,False,no_tower_section_at_tip_height
730,730,36.5,153.525,153.51250000000002,153.5375,T1,10.7590485,True,valid,source,1461,1461,0.0,,False,no_tower_section_at_tip_height,24.309368653252317,True,valid,,False,no_tower_section_at_tip_height
731,731,36.55,153.575,153.5625,153.58749999999998,T1,10.7436161,True,valid,source,1463,1463,0.0,,False,no_tower_section_at_tip_height,21.507295131435015,True,valid,,False,no_tower_section_at_tip_height
732,732,36.6,153.625,153.6125,153.6375,T1,10.7322912,True,valid,source,1465,1465,0.0,,False,no_tower_section_at_tip_height,18.774068139966488,True,valid,,False,no_tower_section_at_tip_height
733,733,36.65,153.675,153.66250000000002,153.6875,T1,10.7130909,True,valid,source,1467,1467,0.0,,False,no_tower_section_at_tip_height,16.212130722861556,True,valid,,False,no_tower_section_at_tip_height
734,734,36.7,153.725,153.7125,153.73749999999998,T1,10.6871271,True,valid,source,1469,1469,0.0,,False,no_tower_section_at_tip_height,13.89692292895094,True,valid,,False,no_tower_section_at_tip_height
735,735,36.75,153.775,153.76250000000002,153.7875,T1,10.6659565,True,valid,source,1471,1471,0.0,,False,no_tower_section_at_tip_height,12.007702805951906,True,valid,,False,no_tower_section_at_tip_height
736,736,36.8,153.825,153.8125,153.83749999999998,T1,10.647645,True,valid,source,1473,1473,0.0,,False,no_tower_section_at_tip_height,10.711016250040014,True,valid,,False,no_tower_section_at_tip_height
737,737,36.85,153.875,153.8625,153.8875,T1,10.6355639,True,valid,source,1475,1475,0.0,,False,no_tower_section_at_tip_height,10.21903805273107,True,valid,,False,no_tower_section_at_tip_height
738,738,36.9,153.925,153.91250000000002,153.9375,T1,10.6288977,True,valid,source,1477,1477,0.0,,False,no_tower_section_at_tip_height,10.627679308831715,True,valid,,False,no_tower_section_at_tip_height
739,739,36.95,153.975,153.9625,153.98749999999998,T1,10.6199999,True,valid,source,1479,1479,0.0,,False,no_tower_section_at_tip_height,11.868454196209852,True,valid,,False,no_tower_section_at_tip_height
740,740,37.0,154.025,154.01250000000002,154.0375,T1,10.6101589,True,valid,source,1481,1481,0.0,,False,no_tower_section_at_tip_height,13.718912593241425,True,valid,,False,no_tower_section_at_tip_height
741,741,37.05,154.075,154.0625,154.08749999999998,T1,10.601037,True,valid,source,1483,1483,0.0,,False,no_tower_section_at_tip_height,15.998265803939386,True,valid,,False,no_tower_section_at_tip_height
742,742,37.1,154.125,154.1125,154.1375,T1,10.5896244,True,valid,source,1485,1485,0.0,,False,no_tower_section_at_tip_height,18.554623129230073,True,valid,,False,no_tower_section_at_tip_height
743,743,37.15,154.175,154.16250000000002,154.1875,T1,10.5803699,True,valid,source,1487,1487,0.0,,False,no_tower_section_at_tip_height,21.271193649492368,True,valid,,False,no_tower_section_at_tip_height
744,744,37.2,154.225,154.2125,154.23749999999998,T1,10.5767193,True,valid,source,1489,1489,0.0,,False,no_tower_section_at_tip_height,24.050364202372425,True,valid,,False,no_tower_section_at_tip_height
745,745,37.25,154.275,154.26250000000002,154.2875,T1,10.572238,True,valid,source,1491,1491,0.0,,False,no_tower_section_at_tip_height,26.864019203895264,True,valid,,False,no_tower_section_at_tip_height
746,746,37.3,154.325,154.3125,154.33749999999998,T1,10.5668659,True,valid,source,1493,1493,0.0,,False,no_tower_section_at_tip_height,29.67035567463838,True,valid,,False,no_tower_section_at_tip_height
747,747,37.35,154.375,154.3625,154.3875,T1,10.5647011,True,valid,source,1495,1495,0.0,62.227055425438856,True,valid,32.44534999135172,True,valid,,False,no_tower_section_at_tip_height
748,748,37.4,154.425,154.41250000000002,154.4375,T1,10.5612736,True,valid,source,1497,1497,0.0,61.142429942827604,True,valid,35.161884605270394,True,valid,,False,no_tower_section_at_tip_height
749,749,37.45,154.475,154.4625,154.48749999999998,T1,10.5592155,True,valid,source,1499,1499,0.0,60.7212501316538,True,valid,37.8006880927228,True,valid,,False,no_tower_section_at_tip_height
750,750,37.5,154.525,154.51250000000002,154.5375,T1,10.5612555,True,valid,source,1501,1501,0.0,60.117525389008655,True,valid,40.351376925002384,True,valid,,False,no_tower_section_at_tip_height
751,751,37.55,154.575,154.5625,154.58749999999998,T1,10.5638962,True,valid,source,1503,1503,0.0,59.333487074439404,True,valid,42.79711844783694,True,valid,,False,no_tower_section_at_tip_height
752,752,37.6,154.625,154.6125,154.6375,T1,10.5679512,True,valid,source,1505,1505,0.0,58.373376863949126,True,valid,45.12706162987494,True,valid,,False,no_tower_section_at_tip_height
753,753,37.65,154.675,154.66250000000002,154.6875,T1,10.5706835,True,valid,source,1507,1507,0.0,57.240830825999105,True,valid,47.33186532319268,True,valid,,False,no_tower_section_at_tip_height
754,754,37.7,154.725,154.7125,154.73749999999998,T1,10.5756159,True,valid,source,1509,1509,0.0,55.93695172297914,True,valid,49.40062401258313,True,valid,,False,no_tower_section_at_tip_height
755,755,37.75,154.775,154.76250000000002,154.7875,T1,10.5788298,True,valid,source,1511,1511,0.0,54.46286509611145,True,valid,51.321499617532744,True,valid,,False,no_tower_section_at_tip_height
756,756,37.8,154.825,154.8125,154.83749999999998,T1,10.5782108,True,valid,source,1513,1513,0.0,52.82055503664941,True,valid,53.085933737209444,True,valid,,False,no_tower_section_at_tip_height
757,757,37.85,154.875,154.8625,154.8875,T1,10.5789042,True,valid,source,1515,1515,0.0,51.01185699700978,True,valid,54.69145304260502,True,valid,,False,no_tower_section_at_tip_height
758,758,37.9,154.925,154.91250000000002,154.9375,T1,10.5777216,True,valid,source,1517,1517,0.0,49.042295638187056,True,valid,56.13706888034034,True,valid,,False,no_tower_section_at_tip_height
759,759,37.95,154.975,154.9625,154.98749999999998,T1,10.5729179,True,valid,source,1519,1519,0.0,46.92344428022698,True,valid,57.41812561384013,True,valid,,False,no_tower_section_at_tip_height
760,760,38.0,155.025,155.01250000000002,155.0375,T1,10.5735912,True,valid,source,1521,1521,0.0,44.669386209579535,True,valid,58.52724313736424,True,valid,,False,no_tower_section_at_tip_height
761,761,38.05,155.075,155.0625,155.08749999999998,T1,10.5801392,True,valid,source,1523,1523,0.0,42.293951925740096,True,valid,59.45778334247749,True,valid,,False,no_tower_section_at_tip_height
762,762,38.1,155.125,155.1125,155.1375,T1,10.5854635,True,valid,source,1525,1525,0.0,39.80782539073118,True,valid,60.205999447609,True,valid,,False,no_tower_section_at_tip_height
763,763,38.15,155.175,155.16250000000002,155.1875,T1,10.5885906,True,valid,source,1527,1527,0.0,37.22316862677605,True,valid,60.76888510720577,True,valid,,False,no_tower_section_at_tip_height
764,764,38.2,155.225,155.2125,155.23749999999998,T1,10.5905161,True,valid,source,1529,1529,0.0,34.55248380897548,True,valid,61.14289306865089,True,valid,,False,no_tower_section_at_tip_height
765,765,38.25,155.275,155.26250000000002,155.2875,T1,10.5903873,True,valid,source,1531,1531,0.0,31.792830382380338,True,valid,,False,no_tower_section_at_tip_height,,False,no_tower_section_at_tip_height
766,766,38.3,155.325,155.3125,155.33749999999998,T1,10.5894003,True,valid,source,1533,1533,0.0,28.975655858018634,True,valid,,False,no_tower_section_at_tip_height,,False,no_tower_section_at_tip_height
767,767,38.35,155.375,155.3625,155.3875,T1,10.5896749,True,valid,source,1535,1535,0.0,26.13022387784634,True,valid,,False,no_tower_section_at_tip_height,,False,no_tower_section_at_tip_height
768,768,38.4,155.425,155.41250000000002,155.4375,T1,10.5927067,True,valid,source,1537,1537,0.0,23.293471870750125,True,valid,,False,no_tower_section_at_tip_height,,False,no_tower_section_at_tip_height
769,769,38.45,155.475,155.4625,155.48749999999998,T1,10.593545,True,valid,source,1539,1539,0.0,20.515958416125294,True,valid,,False,no_tower_section_at_tip_height,,False,no_tower_section_at_tip_height
770,770,38.5,155.525,155.51250000000002,155.5375,T1,10.590167,True,valid,source,1541,1541,0.0,17.805769444258893,True,valid,,False,no_tower_section_at_tip_height,,False,no_tower_section_at_tip_height
771,771,38.55,155.575,155.5625,155.58749999999998,T1,10.5849161,True,valid,source,1543,1543,0.0,15.274423785125126,True,valid,,False,no_tower_section_at_tip_height,,False,no_tower_section_at_tip_height
772,772,38.6,155.625,155.6125,155.6375,T1,10.5812759,True,valid,source,1545,1545,0.0,13.010356164709407,True,valid,,False,no_tower_section_at_tip_height,,False,no_tower_section_at_tip_height
773,773,38.65,155.675,155.66250000000002,155.6875,T1,10.5791416,True,valid,source,1547,1547,0.0,11.198377469839345,True,valid,,False,no_tower_section_at_tip_height,,False,no_tower_section_at_tip_height
774,774,38.7,155.725,155.7125,155.73749999999998,T1,10.5814323,True,valid,source,1549,1549,0.0,10.033683385013987,True,valid,,False,no_tower_section_at_tip_height,,False,no_tower_section_at_tip_height
775,775,38.75,155.775,155.76250000000002,155.7875,T1,10.5898075,True,valid,source,1551,1551,0.0,9.722644285122358,True,valid,,False,no_tower_section_at_tip_height,,False,no_tower_section_at_tip_height
776,776,38.8,155.825,155.8125,155.83749999999998,T1,10.5993967,True,valid,source,1553,1553,0.0,10.338052075027052,True,valid,,False,no_tower_section_at_tip_height,,False,no_tower_section_at_tip_height
777,777,38.85,155.875,155.8625,155.8875,T1,10.6043835,True,valid,source,1555,1555,0.0,11.756683882720946,True,valid,,False,no_tower_section_at_tip_height,,False,no_tower_section_at_tip_height
778,778,38.9,155.925,155.91250000000002,155.9375,T1,10.6074572,True,valid,source,1557,1557,0.0,13.770910127771907,True,valid,,False,no_tower_section_at_tip_height,,False,no_tower_section_at_tip_height
779,779,38.95,155.975,155.9625,155.98749999999998,T1,10.6090126,True,valid,source,1559,1559,0.0,16.140679243179566,True,valid,,False,no_tower_section_at_tip_height,,False,no_tower_section_at_tip_height
780,780,39.0,156.025,156.01250000000002,156.0375,T1,10.6089945,True,valid,source,1561,1561,0.0,18.787664364671855,True,valid,,False,no_tower_section_at_tip_height,,False,no_tower_section_at_tip_height
781,781,39.05,156.075,156.0625,156.08749999999998,T1,10.6085377,True,valid,source,1563,1563,0.0,21.537350697257928,True,valid,,False,no_tower_section_at_tip_height,,False,no_tower_section_at_tip_height
782,782,39.1,156.125,156.1125,156.1375,T1,10.613328,True,valid,source,1565,1565,0.0,24.365141228654302,True,valid,,False,no_tower_section_at_tip_height,,False,no_tower_section_at_tip_height
783,783,39.15,156.175,156.16250000000002,156.1875,T1,10.6197577,True,valid,source,1567,1567,0.0,27.221792891035584,True,valid,,False,no_tower_section_at_tip_height,,False,no_tower_section_at_tip_height
784,784,39.2,156.225,156.2125,156.23749999999998,T1,10.6235828,True,valid,source,1569,1569,0.0,30.067722817963425,True,valid,,False,no_tower_section_at_tip_height,,False,no_tower_section_at_tip_height
785,785,39.25,156.275,156.26250000000002,156.2875,T1,10.6306696,True,valid,source,1571,1571,0.0,32.8602299739963,True,valid,,False,no_tower_section_at_tip_height,61.24573154955851,True,valid
786,786,39.3,156.325,156.3125,156.33749999999998,T1,10.6384735,True,valid,source,1573,1573,0.0,35.5773588802064,True,valid,,False,no_tower_section_at_tip_height,60.954964554735916,True,valid
787,787,39.35,156.375,156.3625,156.3875,T1,10.6478634,True,valid,source,1575,1575,0.0,38.218871134825456,True,valid,,False,no_tower_section_at_tip_height,60.47443201700259,True,valid
788,788,39.4,156.425,156.41250000000002,156.4375,T1,10.6598587,True,valid,source,1577,1577,0.0,40.76706021610101,True,valid,,False,no_tower_section_at_tip_height,59.80508743983679,True,valid
789,789,39.45,156.475,156.4625,156.48749999999998,T1,10.6723366,True,valid,source,1579,1579,0.0,43.20960745966031,True,valid,,False,no_tower_section_at_tip_height,58.94884937906314,True,valid
790,790,39.5,156.525,156.51250000000002,156.5375,T1,10.6838799,True,valid,source,1581,1581,0.0,45.53442067731626,True,valid,,False,no_tower_section_at_tip_height,57.90994813429214,True,valid
791,791,39.55,156.575,156.5625,156.58749999999998,T1,10.6964617,True,valid,source,1583,1583,0.0,47.73056175584302,True,valid,,False,no_tower_section_at_tip_height,56.69511867519074,True,valid
792,792,39.6,156.625,156.6125,156.6375,T1,10.7064247,True,valid,source,1585,1585,0.0,49.7894220704583,True,valid,,False,no_tower_section_at_tip_height,55.30402539622987,True,valid
793,793,39.65,156.675,156.66250000000002,156.6875,T1,10.7151012,True,valid,source,1587,1587,0.0,51.701541058107495,True,valid,,False,no_tower_section_at_tip_height,53.73652396070678,True,valid
794,794,39.7,156.725,156.7125,156.73749999999998,T1,10.7234287,True,valid,source,1589,1589,0.0,53.459334297281146,True,valid,,False,no_tower_section_at_tip_height,51.994445689537486,True,valid
795,795,39.75,156.775,156.76250000000002,156.7875,T1,10.7299395,True,valid,source,1591,1591,0.0,55.054768701128445,True,valid,,False,no_tower_section_at_tip_height,50.08193141413048,True,valid
796,796,39.8,156.825,156.8125,156.83749999999998,T1,10.7389812,True,valid,source,1593,1593,0.0,56.47858182578485,True,valid,,False,no_tower_section_at_tip_height,48.007850982674206,True,valid
797,797,39.85,156.875,156.8625,156.8875,T1,10.752739,True,valid,source,1595,1595,0.0,57.72407372543407,True,valid,,False,no_tower_section_at_tip_height,45.78230726699763,True,valid
798,798,39.9,156.925,156.91250000000002,156.9375,T1,10.769207,True,valid,source,1597,1597,0.0,58.78759960320253,True,valid,,False,no_tower_section_at_tip_height,43.416936303815305,True,valid
799,799,39.95,156.975,156.9625,156.98749999999998,T1,10.7843256,True,valid,source,1599,1599,0.0,59.66403795503389,True,valid,,False,no_tower_section_at_tip_height,40.92255308303572,True,valid
800,800,40.0,157.025,157.01250000000002,157.0375,T1,10.7999706,True,valid,source,1601,1601,0.0,60.3491072094494,True,valid,,False,no_tower_section_at_tip_height,38.310064657611704,True,valid
801,801,40.05,157.075,157.0625,157.08749999999998,T1,10.8153982,True,valid,source,1603,1603,0.0,60.840966754181935,True,valid,,False,no_tower_section_at_tip_height,35.59307435898221,True,valid
802,802,40.1,157.125,157.1125,157.1375,T1,10.8269606,True,valid,source,1605,1605,0.0,61.13651293211686,True,valid,,False,no_tower_section_at_tip_height,32.786745855148375,True,valid
803,803,40.15,157.175,157.16250000000002,157.1875,T1,10.837472,True,valid,source,1607,1607,0.0,,False,no_tower_section_at_tip_height,,False,no_tower_section_at_tip_height,29.89701714933908,True,valid
804,804,40.2,157.225,157.2125,157.23749999999998,T1,10.8509731,True,valid,source,1609,1609,0.0,,False,no_tower_section_at_tip_height,,False,no_tower_section_at_tip_height,26.937856081875236,True,valid
805,805,40.25,157.275,157.26250000000002,157.2875,T1,10.8632593,True,valid,source,1611,1611,0.0,,False,no_tower_section_at_tip_height,,False,no_tower_section_at_tip_height,23.954881664349568,True,valid
806,806,40.3,157.325,157.3125,157.33749999999998,T1,10.8785763,True,valid,source,1613,1613,0.0,,False,no_tower_section_at_tip_height,,False,no_tower_section_at_tip_height,20.99354834832342,True,valid
807,807,40.35,157.375,157.3625,157.3875,T1,10.8939657,True,valid,source,1615,1615,0.0,,False,no_tower_section_at_tip_height,,False,no_tower_section_at_tip_height,18.110304743324328,True,valid
808,808,40.4,157.425,157.41250000000002,157.4375,T1,10.9060717,True,valid,source,1617,1617,0.0,,False,no_tower_section_at_tip_height,,False,no_tower_section_at_tip_height,15.307103680816518,True,valid
809,809,40.45,157.475,157.4625,157.48749999999998,T1,10.9249668,True,valid,source,1619,1619,0.0,,False,no_tower_section_at_tip_height,,False,no_tower_section_at_tip_height,12.747344534764672,True,valid
810,810,40.5,157.525,157.51250000000002,157.5375,T1,10.9457483,True,valid,source,1621,1621,0.0,,False,no_tower_section_at_tip_height,,False,no_tower_section_at_tip_height,10.527308292738434,True,valid
811,811,40.55,157.575,157.5625,157.58749999999998,T1,10.9616785,True,valid,source,1623,1623,0.0,,False,no_tower_section_at_tip_height,,False,no_tower_section_at_tip_height,8.979335366773102,True,valid
812,812,40.6,157.625,157.6125,157.6375,T1,10.9850082,True,valid,source,1625,1625,0.0,,False,no_tower_section_at_tip_height,,False,no_tower_section_at_tip_height,8.406973259798662,True,valid
813,813,40.65,157.675,157.66250000000002,157.6875,T1,11.014327,True,valid,source,1627,1627,0.0,,False,no_tower_section_at_tip_height,,False,no_tower_section_at_tip_height,8.927436124324645,True,valid
814,814,40.7,157.725,157.7125,157.73749999999998,T1,11.0357132,True,valid,source,1629,1629,0.0,,False,no_tower_section_at_tip_height,,False,no_tower_section_at_tip_height,10.454704733823082,True,valid
815,815,40.75,157.775,157.76250000000002,157.7875,T1,11.0478182,True,valid,source,1631,1631,0.0,,False,no_tower_section_at_tip_height,,False,no_tower_section_at_tip_height,12.68691642995869,True,valid
816,816,40.8,157.825,157.8125,157.83749999999998,T1,11.0621462,True,valid,source,1633,1633,0.0,,False,no_tower_section_at_tip_height,,False,no_tower_section_at_tip_height,15.318037754396604,True,valid
817,817,40.85,157.875,157.8625,157.8875,T1,11.0779285,True,valid,source,1635,1635,0.0,,False,no_tower_section_at_tip_height,,False,no_tower_section_at_tip_height,18.206109233896758,True,valid
818,818,40.9,157.925,157.91250000000002,157.9375,T1,11.0882082,True,valid,source,1637,1637,0.0,,False,no_tower_section_at_tip_height,,False,no_tower_section_at_tip_height,21.200648206836544,True,valid
819,819,40.95,157.975,157.9625,157.98749999999998,T1,11.1010313,True,valid,source,1639,1639,0.0,,False,no_tower_section_at_tip_height,,False,no_tower_section_at_tip_height,24.26465095361357,True,valid
820,820,41.0,158.025,158.01250000000002,158.0375,T1,11.1240005,True,valid,source,1641,1641,0.0,,False,no_tower_section_at_tip_height,,False,no_tower_section_at_tip_height,27.33886233837504,True,valid
821,821,41.05,158.075,158.0625,158.08749999999998,T1,11.15026,True,valid,source,1643,1643,0.0,,False,no_tower_section_at_tip_height,,False,no_tower_section_at_tip_height,30.38014750258977,True,valid
822,822,41.1,158.125,158.1125,158.1375,T1,11.1721439,True,valid,source,1645,1645,0.0,,False,no_tower_section_at_tip_height,61.07813455340315,True,valid,33.34119575472356,True,valid
823,823,41.15,158.175,158.16250000000002,158.1875,T1,11.1914082,True,valid,source,1647,1647,0.0,,False,no_tower_section_at_tip_height,60.720407555922044,True,valid,36.21975683961612,True,valid
824,824,41.2,158.225,158.2125,158.23749999999998,T1,11.2079277,True,valid,source,1649,1649,0.0,,False,no_tower_section_at_tip_height,60.15713118473265,True,valid,39.000683280163365,True,valid
825,825,41.25,158.275,158.26250000000002,158.2875,T1,11.2209215,True,valid,source,1651,1651,0.0,,False,no_tower_section_at_tip_height,59.391536879729834,True,valid,41.6692711855336,True,valid
826,826,41.3,158.325,158.3125,158.33749999999998,T1,11.2321415,True,valid,source,1653,1653,0.0,,False,no_tower_section_at_tip_height,58.429829827880326,True,valid,44.21018768137158,True,valid
827,827,41.35,158.375,158.3625,158.3875,T1,11.2411194,True,valid,source,1655,1655,0.0,,False,no_tower_section_at_tip_height,57.27795910257318,True,valid,46.61060341314432,True,valid
828,828,41.4,158.425,158.41250000000002,158.4375,T1,11.2491808,True,valid,source,1657,1657,0.0,,False,no_tower_section_at_tip_height,55.9388073171064,True,valid,48.86134468509211,True,valid
829,829,41.45,158.475,158.4625,158.48749999999998,T1,11.2524052,True,valid,source,1659,1659,0.0,,False,no_tower_section_at_tip_height,54.41125766945526,True,valid,50.95268936877856,True,valid
830,830,41.5,158.525,158.51250000000002,158.5375,T1,11.2540512,True,valid,source,1661,1661,0.0,,False,no_tower_section_at_tip_height,52.69614041220806,True,valid,52.87596772816495,True,valid
831,831,41.55,158.575,158.5625,158.58749999999998,T1,11.2570648,True,valid,source,1663,1663,0.0,,False,no_tower_section_at_tip_height,50.79970250297307,True,valid,54.622481065459525,True,valid
832,832,41.6,158.625,158.6125,158.6375,T1,11.2568169,True,valid,source,1665,1665,0.0,,False,no_tower_section_at_tip_height,48.732947901456896,True,valid,56.181650204222024,True,valid
833,833,41.65,158.675,158.66250000000002,158.6875,T1,11.258852,True,valid,source,1667,1667,0.0,,False,no_tower_section_at_tip_height,46.5077324039997,True,valid,57.54379894504212,True,valid
834,834,41.7,158.725,158.7125,158.73749999999998,T1,11.2673817,True,valid,source,1669,1669,0.0,,False,no_tower_section_at_tip_height,44.135009367139,True,valid,58.702713024591844,True,valid
835,835,41.75,158.775,158.76250000000002,158.7875,T1,11.2721252,True,valid,source,1671,1671,0.0,,False,no_tower_section_at_tip_height,41.6290858572918,True,valid,59.65663058366892,True,valid
836,836,41.8,158.825,158.8125,158.83749999999998,T1,11.2730837,True,valid,source,1673,1673,0.0,,False,no_tower_section_at_tip_height,39.00319152395914,True,valid,60.40361719207049,True,valid
837,837,41.85,158.875,158.8625,158.8875,T1,11.2745781,True,valid,source,1675,1675,0.0,,False,no_tower_section_at_tip_height,36.264743531040445,True,valid,60.941180235467904,True,valid
838,838,41.9,158.925,158.91250000000002,158.9375,T1,11.2688513,True,valid,source,1677,1677,0.0,,False,no_tower_section_at_tip_height,33.411261878401234,True,valid,61.26603038355515,True,valid
839,839,41.95,158.975,158.9625,158.98749999999998,T1,11.2554007,True,valid,source,1679,1679,0.0,,False,no_tower_section_at_tip_height,30.46576965966122,True,valid,,False,no_tower_section_at_tip_height
840,840,42.0,159.025,159.01250000000002,159.0375,T1,11.2468405,True,valid,source,1681,1681,0.0,,False,no_tower_section_at_tip_height,27.474950954487646,True,valid,,False,no_tower_section_at_tip_height
841,841,42.05,159.075,159.0625,159.08749999999998,T1,11.2418108,True,valid,source,1683,1683,0.0,,False,no_tower_section_at_tip_height,24.47560890565166,True,valid,,False,no_tower_section_at_tip_height
842,842,42.1,159.125,159.1125,159.1375,T1,11.2274952,True,valid,source,1685,1685,0.0,,False,no_tower_section_at_tip_height,21.51343344779617,True,valid,,False,no_tower_section_at_tip_height
843,843,42.15,159.175,159.16250000000002,159.1875,T1,11.2212057,True,valid,source,1687,1687,0.0,,False,no_tower_section_at_tip_height,18.614294333012857,True,valid,,False,no_tower_section_at_tip_height
844,844,42.2,159.225,159.2125,159.23749999999998,T1,11.2169514,True,valid,source,1689,1689,0.0,,False,no_tower_section_at_tip_height,15.893595366972159,True,valid,,False,no_tower_section_at_tip_height
845,845,42.25,159.275,159.26250000000002,159.2875,T1,11.2096806,True,valid,source,1691,1691,0.0,,False,no_tower_section_at_tip_height,13.452810571941663,True,valid,,False,no_tower_section_at_tip_height
846,846,42.3,159.325,159.3125,159.33749999999998,T1,11.2053604,True,valid,source,1693,1693,0.0,,False,no_tower_section_at_tip_height,11.484583228133404,True,valid,,False,no_tower_section_at_tip_height
847,847,42.35,159.375,159.3625,159.3875,T1,11.1945457,True,valid,source,1695,1695,0.0,,False,no_tower_section_at_tip_height,10.232264614881885,True,valid,,False,no_tower_section_at_tip_height
848,848,42.4,159.425,159.41250000000002,159.4375,T1,11.1836567,True,valid,source,1697,1697,0.0,,False,no_tower_section_at_tip_height,9.933580664883406,True,valid,,False,no_tower_section_at_tip_height
849,849,42.45,159.475,159.4625,159.48749999999998,T1,11.1826506,True,valid,source,1699,1699,0.0,,False,no_tower_section_at_tip_height,10.649688930105349,True,valid,,False,no_tower_section_at_tip_height
850,850,42.5,159.525,159.51250000000002,159.5375,T1,11.1755657,True,valid,source,1701,1701,0.0,,False,no_tower_section_at_tip_height,12.215410228687187,True,valid,,False,no_tower_section_at_tip_height
851,851,42.55,159.575,159.5625,159.58749999999998,T1,11.1626348,True,valid,source,1703,1703,0.0,,False,no_tower_section_at_tip_height,14.398665248210651,True,valid,,False,no_tower_section_at_tip_height
852,852,42.6,159.625,159.6125,159.6375,T1,11.1508112,True,valid,source,1705,1705,0.0,,False,no_tower_section_at_tip_height,16.93841572429183,True,valid,,False,no_tower_section_at_tip_height
853,853,42.65,159.675,159.66250000000002,159.6875,T1,11.1321402,True,valid,source,1707,1707,0.0,,False,no_tower_section_at_tip_height,19.75720513368288,True,valid,,False,no_tower_section_at_tip_height
854,854,42.7,159.725,159.7125,159.73749999999998,T1,11.1123066,True,valid,source,1709,1709,0.0,,False,no_tower_section_at_tip_height,22.670155340731863,True,valid,,False,no_tower_section_at_tip_height
855,855,42.75,159.775,159.76250000000002,159.7875,T1,11.0984058,True,valid,source,1711,1711,0.0,,False,no_tower_section_at_tip_height,25.654923154702292,True,valid,,False,no_tower_section_at_tip_height
856,856,42.8,159.825,159.8125,159.83749999999998,T1,11.0859489,True,valid,source,1713,1713,0.0,,False,no_tower_section_at_tip_height,28.64945826620121,True,valid,,False,no_tower_section_at_tip_height
857,857,42.85,159.875,159.8625,159.8875,T1,11.0789537,True,valid,source,1715,1715,0.0,,False,no_tower_section_at_tip_height,31.616040931649575,True,valid,,False,no_tower_section_at_tip_height
858,858,42.9,159.925,159.91250000000002,159.9375,T1,11.0704889,True,valid,source,1717,1717,0.0,61.26181343261932,True,valid,34.517446513960806,True,valid,,False,no_tower_section_at_tip_height
859,859,42.95,159.975,159.9625,159.98749999999998,T1,11.0570278,True,valid,source,1719,1719,0.0,60.871836809001415,True,valid,37.31422655882798,True,valid,,False,no_tower_section_at_tip_height
860,860,43.0,160.025,160.01250000000002,160.0375,T1,11.04356,True,valid,source,1721,1721,0.0,60.28073492870559,True,valid,40.001882324209845,True,valid,,False,no_tower_section_at_tip_height
861,861,43.05,160.075,160.0625,160.08749999999998,T1,11.0291519,True,valid,source,1723,1723,0.0,59.49206424083921,True,valid,42.566347240219216,True,valid,,False,no_tower_section_at_tip_height
862,862,43.1,160.125,160.1125,160.1375,T1,11.0117426,True,valid,source,1725,1725,0.0,58.50850812356,True,valid,45.00186251644966,True,valid,,False,no_tower_section_at_tip_height
863,863,43.15,160.175,160.16250000000002,160.1875,T1,10.9952688,True,valid,source,1727,1727,0.0,57.33320456148887,True,valid,47.29965116292693,True,valid,,False,no_tower_section_at_tip_height
864,864,43.2,160.225,160.2125,160.23749999999998,T1,10.9775934,True,valid,source,1729,1729,0.0,55.97135844074705,True,valid,49.448779325816,True,valid,,False,no_tower_section_at_tip_height
865,865,43.25,160.275,160.26250000000002,160.2875,T1,10.9554224,True,valid,source,1731,1731,0.0,54.42635922741671,True,valid,51.43798532948247,True,valid,,False,no_tower_section_at_tip_height
866,866,43.3,160.325,160.3125,160.33749999999998,T1,10.9334059,True,valid,source,1733,1733,0.0,52.70143624411958,True,valid,53.25981433755804,True,valid,,False,no_tower_section_at_tip_height
867,867,43.35,160.375,160.3625,160.3875,T1,10.9117308,True,valid,source,1735,1735,0.0,50.80574166175766,True,valid,54.91129977084939,True,valid,,False,no_tower_section_at_tip_height
868,868,43.4,160.425,160.41250000000002,160.4375,T1,10.8909636,True,valid,source,1737,1737,0.0,48.75178537039051,True,valid,56.387281044517415,True,valid,,False,no_tower_section_at_tip_height
869,869,43.45,160.475,160.4625,160.48749999999998,T1,10.8741474,True,valid,source,1739,1739,0.0,46.55100546747755,True,valid,57.681518756595146,True,valid,,False,no_tower_section_at_tip_height
870,870,43.5,160.525,160.51250000000002,160.5375,T1,10.8584452,True,valid,source,1741,1741,0.0,44.21178475106533,True,valid,58.78812687607896,True,valid,,False,no_tower_section_at_tip_height
871,871,43.55,160.575,160.5625,160.58749999999998,T1,10.8437796,True,valid,source,1743,1743,0.0,41.74429309249271,True,valid,59.702596487596054,True,valid,,False,no_tower_section_at_tip_height
872,872,43.6,160.625,160.6125,160.6375,T1,10.8302908,True,valid,source,1745,1745,0.0,39.16303433564241,True,valid,60.42268249426097,True,valid,,False,no_tower_section_at_tip_height
873,873,43.65,160.675,160.66250000000002,160.6875,T1,10.81464,True,valid,source,1747,1747,0.0,36.483939371627926,True,valid,60.94685447494093,True,valid,,False,no_tower_section_at_tip_height
874,874,43.7,160.725,160.7125,160.73749999999998,T1,10.7963572,True,valid,source,1749,1749,0.0,33.72330687196103,True,valid,61.2742076622989,True,valid,,False,no_tower_section_at_tip_height
875,875,43.75,160.775,160.76250000000002,160.7875,T1,10.7799253,True,valid,source,1751,1751,0.0,30.881216562716503,True,valid,,False,no_tower_section_at_tip_height,,False,no_tower_section_at_tip_height
876,876,43.8,160.825,160.8125,160.83749999999998,T1,10.7612534,True,valid,source,1753,1753,0.0,27.987396729414126,True,valid,,False,no_tower_section_at_tip_height,,False,no_tower_section_at_tip_height
877,877,43.85,160.875,160.8625,160.8875,T1,10.7435932,True,valid,source,1755,1755,0.0,25.06823561436375,True,valid,,False,no_tower_section_at_tip_height,,False,no_tower_section_at_tip_height
878,878,43.9,160.925,160.91250000000002,160.9375,T1,10.7260599,True,valid,source,1757,1757,0.0,22.158300611207668,True,valid,,False,no_tower_section_at_tip_height,,False,no_tower_section_at_tip_height
879,879,43.95,160.975,160.9625,160.98749999999998,T1,10.7085266,True,valid,source,1759,1759,0.0,19.309969276495465,True,valid,,False,no_tower_section_at_tip_height,,False,no_tower_section_at_tip_height
880,880,44.0,161.025,161.01250000000002,161.0375,T1,10.6928082,True,valid,source,1761,1761,0.0,16.536710035243768,True,valid,,False,no_tower_section_at_tip_height,,False,no_tower_section_at_tip_height
881,881,44.05,161.075,161.0625,161.08749999999998,T1,10.6816864,True,valid,source,1763,1763,0.0,14.000496829940925,True,valid,,False,no_tower_section_at_tip_height,,False,no_tower_section_at_tip_height
882,882,44.1,161.125,161.1125,161.1375,T1,10.6743994,True,valid,source,1765,1765,0.0,11.784959812238776,True,valid,,False,no_tower_section_at_tip_height,,False,no_tower_section_at_tip_height
883,883,44.15,161.175,161.16250000000002,161.1875,T1,10.6680384,True,valid,source,1767,1767,0.0,10.136556933006178,True,valid,,False,no_tower_section_at_tip_height,,False,no_tower_section_at_tip_height
884,884,44.2,161.225,161.2125,161.23749999999998,T1,10.6646309,True,valid,source,1769,1769,0.0,9.286281783220582,True,valid,,False,no_tower_section_at_tip_height,,False,no_tower_section_at_tip_height
885,885,44.25,161.275,161.26250000000002,161.2875,T1,10.65977,True,valid,source,1771,1771,0.0,9.419115171308722,True,valid,,False,no_tower_section_at_tip_height,,False,no_tower_section_at_tip_height
886,886,44.3,161.325,161.3125,161.33749999999998,T1,10.6527843,True,valid,source,1773,1773,0.0,10.495225577358134,True,valid,,False,no_tower_section_at_tip_height,,False,no_tower_section_at_tip_height
887,887,44.35,161.375,161.3625,161.3875,T1,10.6468287,True,valid,source,1775,1775,0.0,12.285450577444822,True,valid,,False,no_tower_section_at_tip_height,,False,no_tower_section_at_tip_height
888,888,44.4,161.425,161.41250000000002,161.4375,T1,10.6368599,True,valid,source,1777,1777,0.0,14.56690829236689,True,valid,,False,no_tower_section_at_tip_height,,False,no_tower_section_at_tip_height
889,889,44.45,161.475,161.4625,161.48749999999998,T1,10.6244555,True,valid,source,1779,1779,0.0,17.14431051923788,True,valid,,False,no_tower_section_at_tip_height,,False,no_tower_section_at_tip_height
890,890,44.5,161.525,161.51250000000002,161.5375,T1,10.6155539,True,valid,source,1781,1781,0.0,19.905674274285406,True,valid,,False,no_tower_section_at_tip_height,,False,no_tower_section_at_tip_height
891,891,44.55,161.575,161.5625,161.58749999999998,T1,10.6077518,True,valid,source,1783,1783,0.0,22.736305939848585,True,valid,,False,no_tower_section_at_tip_height,,False,no_tower_section_at_tip_height
892,892,44.6,161.625,161.6125,161.6375,T1,10.6019726,True,valid,source,1785,1785,0.0,25.615702012376417,True,valid,,False,no_tower_section_at_tip_height,,False,no_tower_section_at_tip_height
893,893,44.65,161.675,161.66250000000002,161.6875,T1,10.6015759,True,valid,source,1787,1787,0.0,28.49112705406014,True,valid,,False,no_tower_section_at_tip_height,,False,no_tower_section_at_tip_height
894,894,44.7,161.725,161.7125,161.73749999999998,T1,10.6053371,True,valid,source,1789,1789,0.0,31.328167500930416,True,valid,,False,no_tower_section_at_tip_height,,False,no_tower_section_at_tip_height
895,895,44.75,161.775,161.76250000000002,161.7875,T1,10.6073875,True,valid,source,1791,1791,0.0,34.09537973404068,True,valid,,False,no_tower_section_at_tip_height,61.252217669631584,True,valid
896,896,44.8,161.825,161.8125,161.83749999999998,T1,10.6057596,True,valid,source,1793,1793,0.0,36.77099117989363,True,valid,,False,no_tower_section_at_tip_height,60.89078996018026,True,valid
897,897,44.85,161.875,161.8625,161.8875,T1,10.6060123,True,valid,source,1795,1795,0.0,39.35750726147923,True,valid,,False,no_tower_section_at_tip_height,60.34010120276352,True,valid
898,898,44.9,161.925,161.91250000000002,161.9375,T1,10.6038561,True,valid,source,1797,1797,0.0,41.84436185703197,True,valid,,False,no_tower_section_at_tip_height,59.60169295309339,True,valid
899,899,44.95,161.975,161.9625,161.98749999999998,T1,10.597641,True,valid,source,1799,1799,0.0,44.22096465153513,True,valid,,False,no_tower_section_at_tip_height,58.67983877788222,True,valid
900,900,45.0,162.025,162.01250000000002,162.0375,T1,10.5940056,True,valid,source,1801,1801,0.0,46.47690921488984,True,valid,,False,no_tower_section_at_tip_height,57.580137465881926,True,valid
901,901,45.05,162.075,162.0625,162.08749999999998,T1,10.5941849,True,valid,source,1803,1803,0.0,48.599854599449785,True,valid,,False,no_tower_section_at_tip_height,56.30915566006279,True,valid
902,902,45.1,162.125,162.1125,162.1375,T1,10.5887022,True,valid,source,1805,1805,0.0,50.58039192702847,True,valid,,False,no_tower_section_at_tip_height,54.86714947331052,True,valid
903,903,45.15,162.175,162.16250000000002,162.1875,T1,10.5862055,True,valid,source,1807,1807,0.0,52.412572248560636,True,valid,,False,no_tower_section_at_tip_height,53.25472669845023,True,valid
904,904,45.2,162.225,162.2125,162.23749999999998,T1,10.5853462,True,valid,source,1809,1809,0.0,54.08538667080005,True,valid,,False,no_tower_section_at_tip_height,51.48569881880685,True,valid
905,905,45.25,162.275,162.26250000000002,162.2875,T1,10.5851507,True,valid,source,1811,1811,0.0,55.59668634626054,True,valid,,False,no_tower_section_at_tip_height,49.56428314849603,True,valid
906,906,45.3,162.325,162.3125,162.33749999999998,T1,10.5902529,True,valid,source,1813,1813,0.0,56.94154338128964,True,valid,,False,no_tower_section_at_tip_height,47.49300201137633,True,valid
907,907,45.35,162.375,162.3625,162.3875,T1,10.5927134,True,valid,source,1815,1815,0.0,58.11056456717399,True,valid,,False,no_tower_section_at_tip_height,45.2876227135575,True,valid
908,908,45.4,162.425,162.41250000000002,162.4375,T1,10.594141,True,valid,source,1817,1817,0.0,59.1017144893618,True,valid,,False,no_tower_section_at_tip_height,42.954089234735626,True,valid
909,909,45.45,162.475,162.4625,162.48749999999998,T1,10.5983095,True,valid,source,1819,1819,0.0,59.912291054118924,True,valid,,False,no_tower_section_at_tip_height,40.50184540740786,True,valid
910,910,45.5,162.525,162.51250000000002,162.5375,T1,10.5968971,True,valid,source,1821,1821,0.0,60.53894034158033,True,valid,,False,no_tower_section_at_tip_height,37.94302718000672,True,valid
911,911,45.55,162.575,162.5625,162.58749999999998,T1,10.595437,True,valid,source,1823,1823,0.0,60.97996306741983,True,valid,,False,no_tower_section_at_tip_height,35.28252612638368,True,valid
912,912,45.6,162.625,162.6125,162.6375,T1,10.5983906,True,valid,source,1825,1825,0.0,61.23093209676799,True,valid,,False,no_tower_section_at_tip_height,32.53215268658668,True,valid
913,913,45.65,162.675,162.66250000000002,162.6875,T1,10.597806,True,valid,source,1827,1827,0.0,,False,no_tower_section_at_tip_height,,False,no_tower_section_at_tip_height,29.6949170398479,True,valid
914,914,45.7,162.725,162.7125,162.73749999999998,T1,10.5988646,True,valid,source,1829,1829,0.0,,False,no_tower_section_at_tip_height,,False,no_tower_section_at_tip_height,26.797440130330866,True,valid
915,915,45.75,162.775,162.76250000000002,162.7875,T1,10.6039734,True,valid,source,1831,1831,0.0,,False,no_tower_section_at_tip_height,,False,no_tower_section_at_tip_height,23.87538698039313,True,valid
916,916,45.8,162.825,162.8125,162.83749999999998,T1,10.6072903,True,valid,source,1833,1833,0.0,,False,no_tower_section_at_tip_height,,False,no_tower_section_at_tip_height,20.967928503693884,True,valid
917,917,45.85,162.875,162.8625,162.8875,T1,10.6151791,True,valid,source,1835,1835,0.0,,False,no_tower_section_at_tip_height,,False,no_tower_section_at_tip_height,18.127168060963125,True,valid
918,918,45.9,162.925,162.91250000000002,162.9375,T1,10.6258526,True,valid,source,1837,1837,0.0,,False,no_tower_section_at_tip_height,,False,no_tower_section_at_tip_height,15.367441251776674,True,valid
919,919,45.95,162.975,162.9625,162.98749999999998,T1,10.6312943,True,valid,source,1839,1839,0.0,,False,no_tower_section_at_tip_height,,False,no_tower_section_at_tip_height,12.8654718862573,True,valid
920,920,46.0,163.025,163.01250000000002,163.0375,T1,10.6361179,True,valid,source,1841,1841,0.0,,False,no_tower_section_at_tip_height,,False,no_tower_section_at_tip_height,10.714585908491905,True,valid
921,921,46.05,163.075,163.0625,163.08749999999998,T1,10.6431561,True,valid,source,1843,1843,0.0,,False,no_tower_section_at_tip_height,,False,no_tower_section_at_tip_height,9.198931437883207,True,valid
922,922,46.1,163.125,163.1125,163.1375,T1,10.6494093,True,valid,source,1845,1845,0.0,,False,no_tower_section_at_tip_height,,False,no_tower_section_at_tip_height,8.58956244464162,True,valid
923,923,46.15,163.175,163.16250000000002,163.1875,T1,10.6589804,True,valid,source,1847,1847,0.0,,False,no_tower_section_at_tip_height,,False,no_tower_section_at_tip_height,9.023550606619535,True,valid
924,924,46.2,163.225,163.2125,163.23749999999998,T1,10.6678572,True,valid,source,1849,1849,0.0,,False,no_tower_section_at_tip_height,,False,no_tower_section_at_tip_height,10.397275794822434,True,valid
925,925,46.25,163.275,163.26250000000002,163.2875,T1,10.6717892,True,valid,source,1851,1851,0.0,,False,no_tower_section_at_tip_height,,False,no_tower_section_at_tip_height,12.450493540425995,True,valid
926,926,46.3,163.325,163.3125,163.33749999999998,T1,10.6779957,True,valid,source,1853,1853,0.0,,False,no_tower_section_at_tip_height,,False,no_tower_section_at_tip_height,14.910705940964155,True,valid
927,927,46.35,163.375,163.3625,163.3875,T1,10.6842842,True,valid,source,1855,1855,0.0,,False,no_tower_section_at_tip_height,,False,no_tower_section_at_tip_height,17.650869309874196,True,valid
928,928,46.4,163.425,163.41250000000002,163.4375,T1,10.6890364,True,valid,source,1857,1857,0.0,,False,no_tower_section_at_tip_height,,False,no_tower_section_at_tip_height,20.49655666787817,True,valid
929,929,46.45,163.475,163.4625,163.48749999999998,T1,10.6975794,True,valid,source,1859,1859,0.0,,False,no_tower_section_at_tip_height,,False,no_tower_section_at_tip_height,23.40374916550906,True,valid
930,930,46.5,163.525,163.51250000000002,163.5375,T1,10.7041111,True,valid,source,1861,1861,0.0,,False,no_tower_section_at_tip_height,,False,no_tower_section_at_tip_height,26.3303811241895,True,valid
931,931,46.55,163.575,163.5625,163.58749999999998,T1,10.7083216,True,valid,source,1863,1863,0.0,,False,no_tower_section_at_tip_height,,False,no_tower_section_at_tip_height,29.23650874699331,True,valid
932,932,46.6,163.625,163.6125,163.6375,T1,10.7139311,True,valid,source,1865,1865,0.0,,False,no_tower_section_at_tip_height,,False,no_tower_section_at_tip_height,32.09343714031449,True,valid
933,933,46.65,163.675,163.66250000000002,163.6875,T1,10.7162428,True,valid,source,1867,1867,0.0,,False,no_tower_section_at_tip_height,61.08448401816979,True,valid,34.87054993706329,True,valid
934,934,46.7,163.725,163.7125,163.73749999999998,T1,10.7149639,True,valid,source,1869,1869,0.0,,False,no_tower_section_at_tip_height,60.647333007168534,True,valid,37.57090443252336,True,valid
935,935,46.75,163.775,163.76250000000002,163.7875,T1,10.7157011,True,valid,source,1871,1871,0.0,,False,no_tower_section_at_tip_height,60.02133958263898,True,valid,40.18161354312877,True,valid
936,936,46.8,163.825,163.8125,163.83749999999998,T1,10.717515,True,valid,source,1873,1873,0.0,,False,no_tower_section_at_tip_height,59.207481895507755,True,valid,42.683581541060214,True,valid
937,937,46.85,163.875,163.8625,163.8875,T1,10.7161808,True,valid,source,1875,1875,0.0,,False,no_tower_section_at_tip_height,58.20674191140069,True,valid,45.058863160889466,True,valid
938,938,46.9,163.925,163.91250000000002,163.9375,T1,10.7175341,True,valid,source,1877,1877,0.0,,False,no_tower_section_at_tip_height,57.02228991723857,True,valid,47.29581700022103,True,valid
939,939,46.95,163.975,163.9625,163.98749999999998,T1,10.7191658,True,valid,source,1879,1879,0.0,,False,no_tower_section_at_tip_height,55.66034337971947,True,valid,49.3901420968654,True,valid
940,940,47.0,164.025,164.01250000000002,164.0375,T1,10.7157965,True,valid,source,1881,1881,0.0,,False,no_tower_section_at_tip_height,54.12792407372078,True,valid,51.33622770102507,True,valid
941,941,47.05,164.075,164.0625,164.08749999999998,T1,10.7098675,True,valid,source,1883,1883,0.0,,False,no_tower_section_at_tip_height,52.430980452433495,True,valid,53.12535149161817,True,valid
942,942,47.1,164.125,164.1125,164.1375,T1,10.7055817,True,valid,source,1885,1885,0.0,,False,no_tower_section_at_tip_height,50.57570817085893,True,valid,54.7485134721001,True,valid
943,943,47.15,164.175,164.16250000000002,164.1875,T1,10.7045746,True,valid,source,1887,1887,0.0,,False,no_tower_section_at_tip_height,48.568629181277494,True,valid,56.19964402057253,True,valid
944,944,47.2,164.225,164.2125,164.23749999999998,T1,10.704071,True,valid,source,1889,1889,0.0,,False,no_tower_section_at_tip_height,46.41839088464535,True,valid,57.474716919303525,True,valid
945,945,47.25,164.275,164.26250000000002,164.2875,T1,10.7034512,True,valid,source,1891,1891,0.0,,False,no_tower_section_at_tip_height,44.13264458034226,True,valid,58.570695619057375,True,valid
946,946,47.3,164.325,164.3125,164.33749999999998,T1,10.7008734,True,valid,source,1893,1893,0.0,,False,no_tower_section_at_tip_height,41.71764759059912,True,valid,59.48383241854585,True,valid
947,947,47.35,164.375,164.3625,164.3875,T1,10.6950531,True,valid,source,1895,1895,0.0,,False,no_tower_section_at_tip_height,39.1797588360754,True,valid,60.209396536543814,True,valid
948,948,47.4,164.425,164.41250000000002,164.4375,T1,10.6927462,True,valid,source,1897,1897,0.0,,False,no_tower_section_at_tip_height,36.52700089729535,True,valid,60.743308123529964,True,valid
949,949,47.45,164.475,164.4625,164.48749999999998,T1,10.6923313,True,valid,source,1899,1899,0.0,,False,no_tower_section_at_tip_height,33.77038285355273,True,valid,61.08358740454754,True,valid
950,950,47.5,164.525,164.51250000000002,164.5375,T1,10.6959572,True,valid,source,1901,1901,0.0,,False,no_tower_section_at_tip_height,30.92795025194177,True,valid,,False,no_tower_section_at_tip_height
951,951,47.55,164.575,164.5625,164.58749999999998,T1,10.7031527,True,valid,source,1903,1903,0.0,,False,no_tower_section_at_tip_height,28.000262648515257,True,valid,,False,no_tower_section_at_tip_height
952,952,47.6,164.625,164.6125,164.6375,T1,10.706481,True,valid,source,1905,1905,0.0,,False,no_tower_section_at_tip_height,25.020400254750474,True,valid,,False,no_tower_section_at_tip_height
953,953,47.65,164.675,164.66250000000002,164.6875,T1,10.7078133,True,valid,source,1907,1907,0.0,,False,no_tower_section_at_tip_height,22.02264763422074,True,valid,,False,no_tower_section_at_tip_height
954,954,47.7,164.725,164.7125,164.73749999999998,T1,10.7140684,True,valid,source,1909,1909,0.0,,False,no_tower_section_at_tip_height,19.052462938130834,True,valid,,False,no_tower_section_at_tip_height
955,955,47.75,164.775,164.76250000000002,164.7875,T1,10.7216406,True,valid,source,1911,1911,0.0,,False,no_tower_section_at_tip_height,16.163351100335817,True,valid,,False,no_tower_section_at_tip_height
956,956,47.8,164.825,164.8125,164.83749999999998,T1,10.7315454,True,valid,source,1913,1913,0.0,,False,no_tower_section_at_tip_height,13.414443954768986,True,valid,,False,no_tower_section_at_tip_height
957,957,47.85,164.875,164.8625,164.8875,T1,10.7444572,True,valid,source,1915,1915,0.0,,False,no_tower_section_at_tip_height,10.99131452115931,True,valid,,False,no_tower_section_at_tip_height
958,958,47.9,164.925,164.91250000000002,164.9375,T1,10.7570181,True,valid,source,1917,1917,0.0,,False,no_tower_section_at_tip_height,9.097060198199339,True,valid,,False,no_tower_section_at_tip_height
959,959,47.95,164.975,164.9625,164.98749999999998,T1,10.7699194,True,valid,source,1919,1919,0.0,,False,no_tower_section_at_tip_height,8.026293329750574,True,valid,,False,no_tower_section_at_tip_height
960,960,48.0,165.025,165.01250000000002,165.0375,T1,10.7820921,True,valid,source,1921,1921,0.0,,False,no_tower_section_at_tip_height,8.067638819095142,True,valid,,False,no_tower_section_at_tip_height
961,961,48.05,165.075,165.0625,165.08749999999998,T1,10.79039,True,valid,source,1923,1923,0.0,,False,no_tower_section_at_tip_height,9.218164122142642,True,valid,,False,no_tower_section_at_tip_height
962,962,48.1,165.125,165.1125,165.1375,T1,10.8089819,True,valid,source,1925,1925,0.0,,False,no_tower_section_at_tip_height,11.181367199472945,True,valid,,False,no_tower_section_at_tip_height
963,963,48.15,165.175,165.16250000000002,165.1875,T1,10.8242903,True,valid,source,1927,1927,0.0,,False,no_tower_section_at_tip_height,13.65391901529533,True,valid,,False,no_tower_section_at_tip_height
964,964,48.2,165.225,165.2125,165.23749999999998,T1,10.8372669,True,valid,source,1929,1929,0.0,,False,no_tower_section_at_tip_height,16.448055321213566,True,valid,,False,no_tower_section_at_tip_height
965,965,48.25,165.275,165.26250000000002,165.2875,T1,10.8512115,True,valid,source,1931,1931,0.0,,False,no_tower_section_at_tip_height,19.373750104896025,True,valid,,False,no_tower_section_at_tip_height
966,966,48.3,165.325,165.3125,165.33749999999998,T1,10.8636541,True,valid,source,1933,1933,0.0,,False,no_tower_section_at_tip_height,22.366902164875356,True,valid,,False,no_tower_section_at_tip_height
967,967,48.35,165.375,165.3625,165.3875,T1,10.8815842,True,valid,source,1935,1935,0.0,,False,no_tower_section_at_tip_height,25.38707651214668,True,valid,,False,no_tower_section_at_tip_height
968,968,48.4,165.425,165.41250000000002,165.4375,T1,10.8981552,True,valid,source,1937,1937,0.0,,False,no_tower_section_at_tip_height,28.38176648272928,True,valid,,False,no_tower_section_at_tip_height
969,969,48.45,165.475,165.4625,165.48749999999998,T1,10.9099236,True,valid,source,1939,1939,0.0,,False,no_tower_section_at_tip_height,31.326834628475588,True,valid,,False,no_tower_section_at_tip_height
970,970,48.5,165.525,165.51250000000002,165.5375,T1,10.9243984,True,valid,source,1941,1941,0.0,61.10221462252266,True,valid,34.19779135737849,True,valid,,False,no_tower_section_at_tip_height
971,971,48.55,165.575,165.5625,165.58749999999998,T1,10.9327917,True,valid,source,1943,1943,0.0,60.688513314195454,True,valid,36.98995384635789,True,valid,,False,no_tower_section_at_tip_height
972,972,48.6,165.625,165.6125,165.6375,T1,10.9395113,True,valid,source,1945,1945,0.0,60.06499776936097,True,valid,39.682408234618755,True,valid,,False,no_tower_section_at_tip_height
973,973,48.65,165.675,165.66250000000002,165.6875,T1,10.9544954,True,valid,source,1947,1947,0.0,59.236912423908336,True,valid,42.25802785845712,True,valid,,False,no_tower_section_at_tip_height
974,974,48.7,165.725,165.7125,165.73749999999998,T1,10.9673853,True,valid,source,1949,1949,0.0,58.21583343947324,True,valid,44.70359510450693,True,valid,,False,no_tower_section_at_tip_height
975,975,48.75,165.775,165.76250000000002,165.7875,T1,10.9787025,True,valid,source,1951,1951,0.0,57.00409710979878,True,valid,47.008272692679135,True,valid,,False,no_tower_section_at_tip_height
976,976,48.8,165.825,165.8125,165.83749999999998,T1,10.9918442,True,valid,source,1953,1953,0.0,55.60130220038825,True,valid,49.16573018300867,True,valid,,False,no_tower_section_at_tip_height
977,977,48.85,165.875,165.8625,165.8875,T1,10.9985075,True,valid,source,1955,1955,0.0,54.011972517346116,True,valid,51.16559388946503,True,valid,,False,no_tower_section_at_tip_height
978,978,48.9,165.925,165.91250000000002,165.9375,T1,11.0017767,True,valid,source,1957,1957,0.0,52.24033972175026,True,valid,53.00276961029518,True,valid,,False,no_tower_section_at_tip_height
979,979,48.95,165.975,165.9625,165.98749999999998,T1,11.0103712,True,valid,source,1959,1959,0.0,50.29073806404565,True,valid,54.671750669029954,True,valid,,False,no_tower_section_at_tip_height
980,980,49.0,166.025,166.01250000000002,166.0375,T1,11.0176296,True,valid,source,1961,1961,0.0,48.172485953944175,True,valid,56.16282394588135,True,valid,,False,no_tower_section_at_tip_height
981,981,49.05,166.075,166.0625,166.08749999999998,T1,11.0262203,True,valid,source,1963,1963,0.0,45.89820264172497,True,valid,57.46911110337159,True,valid,,False,no_tower_section_at_tip_height
982,982,49.1,166.125,166.1125,166.1375,T1,11.0374441,True,valid,source,1965,1965,0.0,43.48055575371262,True,valid,58.58234644610901,True,valid,,False,no_tower_section_at_tip_height
983,983,49.15,166.175,166.16250000000002,166.1875,T1,11.0437069,True,valid,source,1967,1967,0.0,40.930284221385044,True,valid,59.49826286467235,True,valid,,False,no_tower_section_at_tip_height
984,984,49.2,166.225,166.2125,166.23749999999998,T1,11.0497084,True,valid,source,1969,1969,0.0,38.2567686954091,True,valid,60.21538183930892,True,valid,,False,no_tower_section_at_tip_height
985,985,49.25,166.275,166.26250000000002,166.2875,T1,11.0628929,True,valid,source,1971,1971,0.0,35.47134417569982,True,valid,60.73094854631675,True,valid,,False,no_tower_section_at_tip_height
986,986,49.3,166.325,166.3125,166.33749999999998,T1,11.0751648,True,valid,source,1973,1973,0.0,32.58187290417433,True,valid,61.04055439686548,True,valid,,False,no_tower_section_at_tip_height
987,987,49.35,166.375,166.3625,166.3875,T1,11.0838251,True,valid,source,1975,1975,0.0,29.600195889496984,True,valid,,False,no_tower_section_at_tip_height,,False,no_tower_section_at_tip_height
988,988,49.4,166.425,166.41250000000002,166.4375,T1,11.0979366,True,valid,source,1977,1977,0.0,26.540999500303755,True,valid,,False,no_tower_section_at_tip_height,,False,no_tower_section_at_tip_height
989,989,49.45,166.475,166.4625,166.48749999999998,T1,11.1086702,True,valid,source,1979,1979,0.0,23.41922726320823,True,valid,,False,no_tower_section_at_tip_height,,False,no_tower_section_at_tip_height
990,990,49.5,166.525,166.51250000000002,166.5375,T1,11.1199961,True,valid,source,1981,1981,0.0,20.298441652716342,True,valid,,False,no_tower_section_at_tip_height,,False,no_tower_section_at_tip_height
991,991,49.55,166.575,166.5625,166.58749999999998,T1,11.1392117,True,valid,source,1983,1983,0.0,17.246239958665956,True,valid,,False,no_tower_section_at_tip_height,,False,no_tower_section_at_tip_height
992,992,49.6,166.625,166.6125,166.6375,T1,11.1581974,True,valid,source,1985,1985,0.0,14.317675749691931,True,valid,,False,no_tower_section_at_tip_height,,False,no_tower_section_at_tip_height
993,993,49.65,166.675,166.66250000000002,166.6875,T1,11.173646,True,valid,source,1987,1987,0.0,11.64315171126403,True,valid,,False,no_tower_section_at_tip_height,,False,no_tower_section_at_tip_height
994,994,49.7,166.725,166.7125,166.73749999999998,T1,11.1926832,True,valid,source,1989,1989,0.0,9.421187321640327,True,valid,,False,no_tower_section_at_tip_height,,False,no_tower_section_at_tip_height
995,995,49.75,166.775,166.76250000000002,166.7875,T1,11.21243,True,valid,source,1991,1991,0.0,8.006751939738807,True,valid,,False,no_tower_section_at_tip_height,,False,no_tower_section_at_tip_height
996,996,49.8,166.825,166.8125,166.83749999999998,T1,11.2323399,True,valid,source,1993,1993,0.0,7.707722648647852,True,valid,,False,no_tower_section_at_tip_height,,False,no_tower_section_at_tip_height
997,997,49.85,166.875,166.8625,166.8875,T1,11.2579565,True,valid,source,1995,1995,0.0,8.647248137997718,True,valid,,False,no_tower_section_at_tip_height,,False,no_tower_section_at_tip_height
998,998,49.9,166.925,166.91250000000002,166.9375,T1,11.2819977,True,valid,source,1997,1997,0.0,10.56823087397744,True,valid,,False,no_tower_section_at_tip_height,,False,no_tower_section_at_tip_height
999,999,49.95,166.975,166.9625,166.98749999999998,T1,11.3023329,True,valid,source,1999,1999,0.0,13.106220021443708,True,valid,,False,no_tower_section_at_tip_height,,False,no_tower_section_at_tip_height
1000,1000,50.0,167.025,167.01250000000002,167.0375,T1,11.320466,True,valid,source,2001,2001,0.0,15.994217225663265,True,valid,,False,no_tower_section_at_tip_height,,False,no_tower_section_at_tip_height
1001,1001,50.05,167.075,167.0625,167.08749999999998,T1,11.3367414,True,valid,source,2003,2003,0.0,19.053921477033008,True,valid,,False,no_tower_section_at_tip_height,,False,no_tower_section_at_tip_height
1002,1002,50.1,167.125,167.1125,167.1375,T1,11.3519135,True,valid,source,2005,2005,0.0,22.188791347557625,True,valid,,False,no_tower_section_at_tip_height,,False,no_tower_section_at_tip_height
1003,1003,50.15,167.175,167.16250000000002,167.1875,T1,11.3698502,True,valid,source,2007,2007,0.0,25.35574551415447,True,valid,,False,no_tower_section_at_tip_height,,False,no_tower_section_at_tip_height
1004,1004,50.2,167.225,167.2125,167.23749999999998,T1,11.387228,True,valid,source,2009,2009,0.0,28.505616272358115,True,valid,,False,no_tower_section_at_tip_height,,False,no_tower_section_at_tip_height
1005,1005,50.25,167.275,167.26250000000002,167.2875,T1,11.4038668,True,valid,source,2011,2011,0.0,31.60219418178147,True,valid,,False,no_tower_section_at_tip_height,,False,no_tower_section_at_tip_height
1006,1006,50.3,167.325,167.3125,167.33749999999998,T1,11.4199238,True,valid,source,2013,2013,0.0,34.60719226856516,True,valid,,False,no_tower_section_at_tip_height,61.01275370906929,True,valid
1007,1007,50.35,167.375,167.3625,167.3875,T1,11.4289684,True,valid,source,2015,2015,0.0,37.51403086868343,True,valid,,False,no_tower_section_at_tip_height,60.55988928885615,True,valid
1008,1008,50.4,167.425,167.41250000000002,167.4375,T1,11.4331408,True,valid,source,2017,2017,0.0,40.31156913886674,True,valid,,False,no_tower_section_at_tip_height,59.886589641633286,True,valid
1009,1009,50.45,167.475,167.4625,167.48749999999998,T1,11.4397211,True,valid,source,2019,2019,0.0,42.98192204337413,True,valid,,False,no_tower_section_at_tip_height,58.99882498533971,True,valid
1010,1010,50.5,167.525,167.51250000000002,167.5375,T1,11.4460821,True,valid,source,2021,2021,0.0,45.50907659750006,True,valid,,False,no_tower_section_at_tip_height,57.90277092021877,True,valid
1011,1011,50.55,167.575,167.5625,167.58749999999998,T1,11.4521284,True,valid,source,2023,2023,0.0,47.878945059685215,True,valid,,False,no_tower_section_at_tip_height,56.60320200149997,True,valid
1012,1012,50.6,167.625,167.6125,167.6375,T1,11.4538097,True,valid,source,2025,2025,0.0,50.08212017413574,True,valid,,False,no_tower_section_at_tip_height,55.10591143970071,True,valid
1013,1013,50.65,167.675,167.66250000000002,167.6875,T1,11.451292,True,valid,source,2027,2027,0.0,52.11117609776074,True,valid,,False,no_tower_section_at_tip_height,53.41960942624876,True,valid
1014,1014,50.7,167.725,167.7125,167.73749999999998,T1,11.4484587,True,valid,source,2029,2029,0.0,53.95904828406233,True,valid,,False,no_tower_section_at_tip_height,51.552158196191286,True,valid
1015,1015,50.75,167.775,167.76250000000002,167.7875,T1,11.4417648,True,valid,source,2031,2031,0.0,55.61623600356722,True,valid,,False,no_tower_section_at_tip_height,49.50942737050626,True,valid
1016,1016,50.8,167.825,167.8125,167.83749999999998,T1,11.4341602,True,valid,source,2033,2033,0.0,57.07327261928568,True,valid,,False,no_tower_section_at_tip_height,47.300187578103625,True,valid
1017,1017,50.85,167.875,167.8625,167.8875,T1,11.4309235,True,valid,source,2035,2035,0.0,58.32409914394106,True,valid,,False,no_tower_section_at_tip_height,44.93724931916346,True,valid
1018,1018,50.9,167.925,167.91250000000002,167.9375,T1,11.4233065,True,valid,source,2037,2037,0.0,59.36331153458757,True,valid,,False,no_tower_section_at_tip_height,42.434351469573556,True,valid
1019,1019,50.95,167.975,167.9625,167.98749999999998,T1,11.4143753,True,valid,source,2039,2039,0.0,60.18634473730552,True,valid,,False,no_tower_section_at_tip_height,39.80536437834087,True,valid
1020,1020,51.0,168.025,168.01250000000002,168.0375,T1,11.4103518,True,valid,source,2041,2041,0.0,60.791017334715,True,valid,,False,no_tower_section_at_tip_height,37.0642630030524,True,valid
1021,1021,51.05,168.075,168.0625,168.08749999999998,T1,11.4064064,True,valid,source,2043,2043,0.0,61.17494467120332,True,valid,,False,no_tower_section_at_tip_height,34.22629795402126,True,valid
1022,1022,51.1,168.125,168.1125,168.1375,T1,11.3932352,True,valid,source,2045,2045,0.0,,False,no_tower_section_at_tip_height,,False,no_tower_section_at_tip_height,31.291835411322445,True,valid
1023,1023,51.15,168.175,168.16250000000002,168.1875,T1,11.3852968,True,valid,source,2047,2047,0.0,,False,no_tower_section_at_tip_height,,False,no_tower_section_at_tip_height,28.279068985942562,True,valid
1024,1024,51.2,168.225,168.2125,168.23749999999998,T1,11.3761015,True,valid,source,2049,2049,0.0,,False,no_tower_section_at_tip_height,,False,no_tower_section_at_tip_height,25.254409358032987,True,valid
1025,1025,51.25,168.275,168.26250000000002,168.2875,T1,11.3659973,True,valid,source,2051,2051,0.0,,False,no_tower_section_at_tip_height,,False,no_tower_section_at_tip_height,22.25125145314795,True,valid
1026,1026,51.3,168.325,168.3125,168.33749999999998,T1,11.3635626,True,valid,source,2053,2053,0.0,,False,no_tower_section_at_tip_height,,False,no_tower_section_at_tip_height,19.305725595111625,True,valid
1027,1027,51.35,168.375,168.3625,168.3875,T1,11.3552227,True,valid,source,2055,2055,0.0,,False,no_tower_section_at_tip_height,,False,no_tower_section_at_tip_height,16.459829592122023,True,valid
1028,1028,51.4,168.425,168.41250000000002,168.4375,T1,11.3464108,True,valid,source,2057,2057,0.0,,False,no_tower_section_at_tip_height,,False,no_tower_section_at_tip_height,13.91304121162673,True,valid
1029,1029,51.45,168.475,168.4625,168.48749999999998,T1,11.344326,True,valid,source,2059,2059,0.0,,False,no_tower_section_at_tip_height,,False,no_tower_section_at_tip_height,11.78625153128735,True,valid
1030,1030,51.5,168.525,168.51250000000002,168.5375,T1,11.3371668,True,valid,source,2061,2061,0.0,,False,no_tower_section_at_tip_height,,False,no_tower_section_at_tip_height,10.34403224846355,True,valid
1031,1031,51.55,168.575,168.5625,168.58749999999998,T1,11.3326359,True,valid,source,2063,2063,0.0,,False,no_tower_section_at_tip_height,,False,no_tower_section_at_tip_height,9.838610222486537,True,valid
1032,1032,51.6,168.625,168.6125,168.6375,T1,11.3317013,True,valid,source,2065,2065,0.0,,False,no_tower_section_at_tip_height,,False,no_tower_section_at_tip_height,10.378163326432192,True,valid
1033,1033,51.65,168.675,168.66250000000002,168.6875,T1,11.3251801,True,valid,source,2067,2067,0.0,,False,no_tower_section_at_tip_height,,False,no_tower_section_at_tip_height,11.8645957268676,True,valid
1034,1034,51.7,168.725,168.7125,168.73749999999998,T1,11.3187885,True,valid,source,2069,2069,0.0,,False,no_tower_section_at_tip_height,,False,no_tower_section_at_tip_height,14.019582344620929,True,valid
1035,1035,51.75,168.775,168.76250000000002,168.7875,T1,11.3139734,True,valid,source,2071,2071,0.0,,False,no_tower_section_at_tip_height,,False,no_tower_section_at_tip_height,16.5909557323617,True,valid
1036,1036,51.8,168.825,168.8125,168.83749999999998,T1,11.3064833,True,valid,source,2073,2073,0.0,,False,no_tower_section_at_tip_height,,False,no_tower_section_at_tip_height,19.440748209659187,True,valid
1037,1037,51.85,168.875,168.8625,168.8875,T1,11.3004751,True,valid,source,2075,2075,0.0,,False,no_tower_section_at_tip_height,,False,no_tower_section_at_tip_height,22.414766795204216,True,valid
1038,1038,51.9,168.925,168.91250000000002,168.9375,T1,11.2935171,True,valid,source,2077,2077,0.0,,False,no_tower_section_at_tip_height,,False,no_tower_section_at_tip_height,25.44605646277112,True,valid
1039,1039,51.95,168.975,168.9625,168.98749999999998,T1,11.2828856,True,valid,source,2079,2079,0.0,,False,no_tower_section_at_tip_height,,False,no_tower_section_at_tip_height,28.488039296119677,True,valid
1040,1040,52.0,169.025,169.01250000000002,169.0375,T1,11.2753515,True,valid,source,2081,2081,0.0,,False,no_tower_section_at_tip_height,,False,no_tower_section_at_tip_height,31.491982814703476,True,valid
1041,1041,52.05,169.075,169.0625,169.08749999999998,T1,11.2664957,True,valid,source,2083,2083,0.0,,False,no_tower_section_at_tip_height,61.27930911112571,True,valid,34.42409996201912,True,valid
1042,1042,52.1,169.125,169.1125,169.1375,T1,11.2535782,True,valid,source,2085,2085,0.0,,False,no_tower_section_at_tip_height,60.88172931549256,True,valid,37.26592942903656,True,valid
1043,1043,52.15,169.175,169.16250000000002,169.1875,T1,11.242569,True,valid,source,2087,2087,0.0,,False,no_tower_section_at_tip_height,60.272887511107434,True,valid,39.99619545987969,True,valid
1044,1044,52.2,169.225,169.2125,169.23749999999998,T1,11.2284193,True,valid,source,2089,2089,0.0,,False,no_tower_section_at_tip_height,59.45786796044645,True,valid,42.61224322597035,True,valid
1045,1045,52.25,169.275,169.26250000000002,169.2875,T1,11.2081785,True,valid,source,2091,2091,0.0,,False,no_tower_section_at_tip_height,58.440900425362045,True,valid,45.09359827861589,True,valid
1046,1046,52.3,169.325,169.3125,169.33749999999998,T1,11.1922617,True,valid,source,2093,2093,0.0,,False,no_tower_section_at_tip_height,57.223447066420015,True,valid,47.4268809560542,True,valid
1047,1047,52.35,169.375,169.3625,169.3875,T1,11.1765432,True,valid,source,2095,2095,0.0,,False,no_tower_section_at_tip_height,55.81060527382872,True,valid,49.606048618055276,True,valid
1048,1048,52.4,169.425,169.41250000000002,169.4375,T1,11.1554804,True,valid,source,2097,2097,0.0,,False,no_tower_section_at_tip_height,54.2138480922487,True,valid,51.623645908396306,True,valid
1049,1049,52.45,169.475,169.4625,169.48749999999998,T1,11.1367741,True,valid,source,2099,2099,0.0,,False,no_tower_section_at_tip_height,52.445495996158996,True,valid,53.47196648181684,True,valid
1050,1050,52.5,169.525,169.51250000000002,169.5375,T1,11.1175699,True,valid,source,2101,2101,0.0,,False,no_tower_section_at_tip_height,50.51348363020583,True,valid,55.14075854381535,True,valid
1051,1051,52.55,169.575,169.5625,169.58749999999998,T1,11.0963535,True,valid,source,2103,2103,0.0,,False,no_tower_section_at_tip_height,48.42329479770924,True,valid,56.620445754651854,True,valid
1052,1052,52.6,169.625,169.6125,169.6375,T1,11.0785284,True,valid,source,2105,2105,0.0,,False,no_tower_section_at_tip_height,46.18452470022198,True,valid,57.90493692960821,True,valid
1053,1053,52.65,169.675,169.66250000000002,169.6875,T1,11.0591211,True,valid,source,2107,2107,0.0,,False,no_tower_section_at_tip_height,43.808812309899544,True,valid,58.990574908823795,True,valid
1054,1054,52.7,169.725,169.7125,169.73749999999998,T1,11.0360498,True,valid,source,2109,2109,0.0,,False,no_tower_section_at_tip_height,41.305829844471745,True,valid,59.87526637478835,True,valid
1055,1055,52.75,169.775,169.76250000000002,169.7875,T1,11.0159712,True,valid,source,2111,2111,0.0,,False,no_tower_section_at_tip_height,38.68088311977074,True,valid,60.55622202017777,True,valid
1056,1056,52.8,169.825,169.8125,169.83749999999998,T1,10.9939594,True,valid,source,2113,2113,0.0,,False,no_tower_section_at_tip_height,35.94418682172463,True,valid,61.033434981612146,True,valid
1057,1057,52.85,169.875,169.8625,169.8875,T1,10.9710703,True,valid,source,2115,2115,0.0,,False,no_tower_section_at_tip_height,33.118071066056146,True,valid,61.306882469219396,True,valid
1058,1058,52.9,169.925,169.91250000000002,169.9375,T1,10.95438,True,valid,source,2117,2117,0.0,,False,no_tower_section_at_tip_height,30.215560485489753,True,valid,,False,no_tower_section_at_tip_height
1059,1059,52.95,169.975,169.9625,169.98749999999998,T1,10.9382935,True,valid,source,2119,2119,0.0,,False,no_tower_section_at_tip_height,27.279283190252112,True,valid,,False,no_tower_section_at_tip_height
1060,1060,53.0,170.025,170.01250000000002,170.0375,T1,10.9180031,True,valid,source,2121,2121,0.0,,False,no_tower_section_at_tip_height,24.344481245088122,True,valid,,False,no_tower_section_at_tip_height
1061,1061,53.05,170.075,170.0625,170.08749999999998,T1,10.9017878,True,valid,source,2123,2123,0.0,,False,no_tower_section_at_tip_height,21.451700761032903,True,valid,,False,no_tower_section_at_tip_height
1062,1062,53.1,170.125,170.1125,170.1375,T1,10.8883991,True,valid,source,2125,2125,0.0,,False,no_tower_section_at_tip_height,18.642204875108973,True,valid,,False,no_tower_section_at_tip_height
1063,1063,53.15,170.175,170.16250000000002,170.1875,T1,10.8756399,True,valid,source,2127,2127,0.0,,False,no_tower_section_at_tip_height,15.96737689078615,True,valid,,False,no_tower_section_at_tip_height
1064,1064,53.2,170.225,170.2125,170.23749999999998,T1,10.8654194,True,valid,source,2129,2129,0.0,,False,no_tower_section_at_tip_height,13.593763607859312,True,valid,,False,no_tower_section_at_tip_height
1065,1065,53.25,170.275,170.26250000000002,170.2875,T1,10.857501,True,valid,source,2131,2131,0.0,,False,no_tower_section_at_tip_height,11.645852514978914,True,valid,,False,no_tower_section_at_tip_height
1066,1066,53.3,170.325,170.3125,170.33749999999998,T1,10.8481178,True,valid,source,2133,2133,0.0,,False,no_tower_section_at_tip_height,10.33477921160108,True,valid,,False,no_tower_section_at_tip_height
1067,1067,53.35,170.375,170.3625,170.3875,T1,10.8361893,True,valid,source,2135,2135,0.0,,False,no_tower_section_at_tip_height,9.888306604527376,True,valid,,False,no_tower_section_at_tip_height
1068,1068,53.4,170.425,170.41250000000002,170.4375,T1,10.8243265,True,valid,source,2137,2137,0.0,,False,no_tower_section_at_tip_height,10.383398502365798,True,valid,,False,no_tower_section_at_tip_height
1069,1069,53.45,170.475,170.4625,170.48749999999998,T1,10.8163204,True,valid,source,2139,2139,0.0,,False,no_tower_section_at_tip_height,11.726396499463913,True,valid,,False,no_tower_section_at_tip_height
1070,1070,53.5,170.525,170.51250000000002,170.5375,T1,10.8084116,True,valid,source,2141,2141,0.0,,False,no_tower_section_at_tip_height,13.684068527250991,True,valid,,False,no_tower_section_at_tip_height
1071,1071,53.55,170.575,170.5625,170.58749999999998,T1,10.7999573,True,valid,source,2143,2143,0.0,,False,no_tower_section_at_tip_height,16.071930062902048,True,valid,,False,no_tower_section_at_tip_height
1072,1072,53.6,170.625,170.6125,170.6375,T1,10.7915335,True,valid,source,2145,2145,0.0,,False,no_tower_section_at_tip_height,18.73367523687804,True,valid,,False,no_tower_section_at_tip_height
1073,1073,53.65,170.675,170.66250000000002,170.6875,T1,10.7834215,True,valid,source,2147,2147,0.0,,False,no_tower_section_at_tip_height,21.552085183372213,True,valid,,False,no_tower_section_at_tip_height
1074,1074,53.7,170.725,170.7125,170.73749999999998,T1,10.7759371,True,valid,source,2149,2149,0.0,,False,no_tower_section_at_tip_height,24.425866028097207,True,valid,,False,no_tower_section_at_tip_height
1075,1075,53.75,170.775,170.76250000000002,170.7875,T1,10.7714405,True,valid,source,2151,2151,0.0,,False,no_tower_section_at_tip_height,27.325360699508867,True,valid,,False,no_tower_section_at_tip_height
1076,1076,53.8,170.825,170.8125,170.83749999999998,T1,10.7696877,True,valid,source,2153,2153,0.0,,False,no_tower_section_at_tip_height,30.20452956684585,True,valid,,False,no_tower_section_at_tip_height
1077,1077,53.85,170.875,170.8625,170.8875,T1,10.7685719,True,valid,source,2155,2155,0.0,61.292711947139516,True,valid,33.03597817548088,True,valid,,False,no_tower_section_at_tip_height
1078,1078,53.9,170.925,170.91250000000002,170.9375,T1,10.7614908,True,valid,source,2157,2157,0.0,60.995276795208106,True,valid,35.79987103608106,True,valid,,False,no_tower_section_at_tip_height
1079,1079,53.95,170.975,170.9625,170.98749999999998,T1,10.7501593,True,valid,source,2159,2159,0.0,60.50380818474,True,valid,38.46466899684437,True,valid,,False,no_tower_section_at_tip_height
1080,1080,54.0,171.025,171.01250000000002,171.0375,T1,10.7449999,True,valid,source,2161,2161,0.0,59.82103433687445,True,valid,41.0269875080892,True,valid,,False,no_tower_section_at_tip_height
1081,1081,54.05,171.075,171.0625,171.08749999999998,T1,10.7443466,True,valid,source,2163,2163,0.0,58.95068840849137,True,valid,43.47515429509117,True,valid,,False,no_tower_section_at_tip_height
1082,1082,54.1,171.125,171.1125,171.1375,T1,10.7349272,True,valid,source,2165,2165,0.0,57.89449748609771,True,valid,45.7995217400104,True,valid,,False,no_tower_section_at_tip_height
1083,1083,54.15,171.175,171.16250000000002,171.1875,T1,10.7287979,True,valid,source,2167,2167,0.0,56.66095266479772,True,valid,47.99320252373955,True,valid,,False,no_tower_section_at_tip_height
1084,1084,54.2,171.225,171.2125,171.23749999999998,T1,10.7220621,True,valid,source,2169,2169,0.0,55.26545610037432,True,valid,50.03930202210139,True,valid,,False,no_tower_section_at_tip_height
1085,1085,54.25,171.275,171.26250000000002,171.2875,T1,10.7120886,True,valid,source,2171,2171,0.0,53.70553707667449,True,valid,51.930737183572965,True,valid,,False,no_tower_section_at_tip_height
1086,1086,54.3,171.325,171.3125,171.33749999999998,T1,10.7051373,True,valid,source,2173,2173,0.0,51.98165737786197,True,valid,53.662520419773244,True,valid,,False,no_tower_section_at_tip_height
1087,1087,54.35,171.375,171.3625,171.3875,T1,10.6981926,True,valid,source,2175,2175,0.0,50.10698149133176,True,valid,55.22649957622502,True,valid,,False,no_tower_section_at_tip_height
1088,1088,54.4,171.425,171.41250000000002,171.4375,T1,10.6930237,True,valid,source,2177,2177,0.0,48.079607521946926,True,valid,56.62262753802839,True,valid,,False,no_tower_section_at_tip_height
1089,1089,54.45,171.475,171.4625,171.48749999999998,T1,10.6940641,True,valid,source,2179,2179,0.0,45.90340595194877,True,valid,57.84594932389686,True,valid,,False,no_tower_section_at_tip_height
1090,1090,54.5,171.525,171.51250000000002,171.5375,T1,10.6894732,True,valid,source,2181,2181,0.0,43.5886512982034,True,valid,58.88958655351684,True,valid,,False,no_tower_section_at_tip_height
1091,1091,54.55,171.575,171.5625,171.58749999999998,T1,10.6825457,True,valid,source,2183,2183,0.0,41.13994474243818,True,valid,59.74865081326302,True,valid,,False,no_tower_section_at_tip_height
1092,1092,54.6,171.625,171.6125,171.6375,T1,10.6818504,True,valid,source,2185,2185,0.0,38.56761550025562,True,valid,60.4188870311803,True,valid,,False,no_tower_section_at_tip_height
1093,1093,54.65,171.675,171.66250000000002,171.6875,T1,10.6801996,True,valid,source,2187,2187,0.0,35.888235474020526,True,valid,60.89631343277415,True,valid,,False,no_tower_section_at_tip_height
1094,1094,54.7,171.725,171.7125,171.73749999999998,T1,10.6777744,True,valid,source,2189,2189,0.0,33.121925624148254,True,valid,61.17988199048953,True,valid,,False,no_tower_section_at_tip_height
1095,1095,54.75,171.775,171.76250000000002,171.7875,T1,10.6825781,True,valid,source,2191,2191,0.0,30.29306281841201,True,valid,,False,no_tower_section_at_tip_height,,False,no_tower_section_at_tip_height
1096,1096,54.8,171.825,171.8125,171.83749999999998,T1,10.6832438,True,valid,source,2193,2193,0.0,27.402456558928858,True,valid,,False,no_tower_section_at_tip_height,,False,no_tower_section_at_tip_height
1097,1097,54.85,171.875,171.8625,171.8875,T1,10.6839867,True,valid,source,2195,2195,0.0,24.48290325565653,True,valid,,False,no_tower_section_at_tip_height,,False,no_tower_section_at_tip_height
1098,1098,54.9,171.925,171.91250000000002,171.9375,T1,10.6895866,True,valid,source,2197,2197,0.0,21.571534736977735,True,valid,,False,no_tower_section_at_tip_height,,False,no_tower_section_at_tip_height
1099,1099,54.95,171.975,171.9625,171.98749999999998,T1,10.6915798,True,valid,source,2199,2199,0.0,18.724331247998663,True,valid,,False,no_tower_section_at_tip_height,,False,no_tower_section_at_tip_height
1100,1100,55.0,172.025,172.01250000000002,172.0375,T1,10.6951838,True,valid,source,2201,2201,0.0,15.973378459366643,True,valid,,False,no_tower_section_at_tip_height,,False,no_tower_section_at_tip_height
1101,1101,55.05,172.075,172.0625,172.08749999999998,T1,10.7020245,True,valid,source,2203,2203,0.0,13.45422363008211,True,valid,,False,no_tower_section_at_tip_height,,False,no_tower_section_at_tip_height
1102,1102,55.1,172.125,172.1125,172.1375,T1,10.7064629,True,valid,source,2205,2205,0.0,11.293185308425741,True,valid,,False,no_tower_section_at_tip_height,,False,no_tower_section_at_tip_height
1103,1103,55.15,172.175,172.16250000000002,172.1875,T1,10.7114811,True,valid,source,2207,2207,0.0,9.730313772782912,True,valid,,False,no_tower_section_at_tip_height,,False,no_tower_section_at_tip_height
1104,1104,55.2,172.225,172.2125,172.23749999999998,T1,10.7186928,True,valid,source,2209,2209,0.0,9.007895331660986,True,valid,,False,no_tower_section_at_tip_height,,False,no_tower_section_at_tip_height
1105,1105,55.25,172.275,172.26250000000002,172.2875,T1,10.7216301,True,valid,source,2211,2211,0.0,9.290155724109518,True,valid,,False,no_tower_section_at_tip_height,,False,no_tower_section_at_tip_height
1106,1106,55.3,172.325,172.3125,172.33749999999998,T1,10.7248697,True,valid,source,2213,2213,0.0,10.504056349531082,True,valid,,False,no_tower_section_at_tip_height,,False,no_tower_section_at_tip_height
1107,1107,55.35,172.375,172.3625,172.3875,T1,10.7284718,True,valid,source,2215,2215,0.0,12.412744976297946,True,valid,,False,no_tower_section_at_tip_height,,False,no_tower_section_at_tip_height
1108,1108,55.4,172.425,172.41250000000002,172.4375,T1,10.732419,True,valid,source,2217,2217,0.0,14.796222705584647,True,valid,,False,no_tower_section_at_tip_height,,False,no_tower_section_at_tip_height
1109,1109,55.45,172.475,172.4625,172.48749999999998,T1,10.7390966,True,valid,source,2219,2219,0.0,17.453373083628765,True,valid,,False,no_tower_section_at_tip_height,,False,no_tower_section_at_tip_height
1110,1110,55.5,172.525,172.51250000000002,172.5375,T1,10.7455349,True,valid,source,2221,2221,0.0,20.27592476635156,True,valid,,False,no_tower_section_at_tip_height,,False,no_tower_section_at_tip_height
1111,1111,55.55,172.575,172.5625,172.58749999999998,T1,10.746314,True,valid,source,2223,2223,0.0,23.14715060871781,True,valid,,False,no_tower_section_at_tip_height,,False,no_tower_section_at_tip_height
1112,1112,55.6,172.625,172.6125,172.6375,T1,10.7450142,True,valid,source,2225,2225,0.0,26.05077234380617,True,valid,,False,no_tower_section_at_tip_height,,False,no_tower_section_at_tip_height
1113,1113,55.65,172.675,172.66250000000002,172.6875,T1,10.7500839,True,valid,source,2227,2227,0.0,28.951171500508515,True,valid,,False,no_tower_section_at_tip_height,,False,no_tower_section_at_tip_height
1114,1114,55.7,172.725,172.7125,172.73749999999998,T1,10.7533064,True,valid,source,2229,2229,0.0,31.822659734930376,True,valid,,False,no_tower_section_at_tip_height,,False,no_tower_section_at_tip_height
1115,1115,55.75,172.775,172.76250000000002,172.7875,T1,10.752162,True,valid,source,2231,2231,0.0,34.63492478320008,True,valid,,False,no_tower_section_at_tip_height,61.03951393647118,True,valid
1116,1116,55.8,172.825,172.8125,172.83749999999998,T1,10.7550697,True,valid,source,2233,2233,0.0,37.3534699309662,True,valid,,False,no_tower_section_at_tip_height,60.607642675871766,True,valid
1117,1117,55.85,172.875,172.8625,172.8875,T1,10.7579145,True,valid,source,2235,2235,0.0,39.97512970436584,True,valid,,False,no_tower_section_at_tip_height,59.98419373642959,True,valid
1118,1118,55.9,172.925,172.91250000000002,172.9375,T1,10.7596464,True,valid,source,2237,2237,0.0,42.48619356807004,True,valid,,False,no_tower_section_at_tip_height,59.17178616320358,True,valid
1119,1119,55.95,172.975,172.9625,172.98749999999998,T1,10.7672548,True,valid,source,2239,2239,0.0,44.87488747363301,True,valid,,False,no_tower_section_at_tip_height,58.172271480252135,True,valid
1120,1120,56.0,173.025,173.01250000000002,173.0375,T1,10.7711554,True,valid,source,2241,2241,0.0,47.13065606683827,True,valid,,False,no_tower_section_at_tip_height,56.987344989652335,True,valid
1121,1121,56.05,173.075,173.0625,173.08749999999998,T1,10.7712584,True,valid,source,2243,2243,0.0,49.241741344862135,True,valid,,False,no_tower_section_at_tip_height,55.61978949262371,True,valid
1122,1122,56.1,173.125,173.1125,173.1375,T1,10.7732115,True,valid,source,2245,2245,0.0,51.198134196367334,True,valid,,False,no_tower_section_at_tip_height,54.071458747346696,True,valid
1123,1123,56.15,173.175,173.16250000000002,173.1875,T1,10.7732506,True,valid,source,2247,2247,0.0,52.993896214674514,True,valid,,False,no_tower_section_at_tip_height,52.34761365612692,True,valid
1124,1124,56.2,173.225,173.2125,173.23749999999998,T1,10.7747898,True,valid,source,2249,2249,0.0,54.62501935171398,True,valid,,False,no_tower_section_at_tip_height,50.455969556604636,True,valid
1125,1125,56.25,173.275,173.26250000000002,173.2875,T1,10.7808037,True,valid,source,2251,2251,0.0,56.087887169739005,True,valid,,False,no_tower_section_at_tip_height,48.40772268425861,True,valid
1126,1126,56.3,173.325,173.3125,173.33749999999998,T1,10.7882233,True,valid,source,2253,2253,0.0,57.37718564962159,True,valid,,False,no_tower_section_at_tip_height,46.214414588070944,True,valid
1127,1127,56.35,173.375,173.3625,173.3875,T1,10.7949638,True,valid,source,2255,2255,0.0,58.487689267053256,True,valid,,False,no_tower_section_at_tip_height,43.88526165618336,True,valid
1128,1128,56.4,173.425,173.41250000000002,173.4375,T1,10.8025208,True,valid,source,2257,2257,0.0,59.41422532526212,True,valid,,False,no_tower_section_at_tip_height,41.42517552914036,True,valid
1129,1129,56.45,173.475,173.4625,173.48749999999998,T1,10.8122034,True,valid,source,2259,2259,0.0,60.151063746758815,True,valid,,False,no_tower_section_at_tip_height,38.83758247187325,True,valid
1130,1130,56.5,173.525,173.51250000000002,173.5375,T1,10.8221684,True,valid,source,2261,2261,0.0,60.69225503080495,True,valid,,False,no_tower_section_at_tip_height,36.1327027038656,True,valid
1131,1131,56.55,173.575,173.5625,173.58749999999998,T1,10.8329945,True,valid,source,2263,2263,0.0,61.031919380245014,True,valid,,False,no_tower_section_at_tip_height,33.32599374616638,True,valid
1132,1132,56.6,173.625,173.6125,173.6375,T1,10.8471041,True,valid,source,2265,2265,0.0,,False,no_tower_section_at_tip_height,,False,no_tower_section_at_tip_height,30.43788945030178,True,valid
1133,1133,56.65,173.675,173.66250000000002,173.6875,T1,10.865262,True,valid,source,2267,2267,0.0,,False,no_tower_section_at_tip_height,,False,no_tower_section_at_tip_height,27.49200199445781,True,valid
1134,1134,56.7,173.725,173.7125,173.73749999999998,T1,10.8796978,True,valid,source,2269,2269,0.0,,False,no_tower_section_at_tip_height,,False,no_tower_section_at_tip_height,24.493697526220256,True,valid
1135,1135,56.75,173.775,173.76250000000002,173.7875,T1,10.8924761,True,valid,source,2271,2271,0.0,,False,no_tower_section_at_tip_height,,False,no_tower_section_at_tip_height,21.480164652062236,True,valid
1136,1136,56.8,173.825,173.8125,173.83749999999998,T1,10.9080572,True,valid,source,2273,2273,0.0,,False,no_tower_section_at_tip_height,,False,no_tower_section_at_tip_height,18.50113131325211,True,valid
1137,1137,56.85,173.875,173.8625,173.8875,T1,10.9236736,True,valid,source,2275,2275,0.0,,False,no_tower_section_at_tip_height,,False,no_tower_section_at_tip_height,15.616165525849743,True,valid
1138,1138,56.9,173.925,173.91250000000002,173.9375,T1,10.9422073,True,valid,source,2277,2277,0.0,,False,no_tower_section_at_tip_height,,False,no_tower_section_at_tip_height,12.857209007369525,True,valid
1139,1139,56.95,173.975,173.9625,173.98749999999998,T1,10.9606876,True,valid,source,2279,2279,0.0,,False,no_tower_section_at_tip_height,,False,no_tower_section_at_tip_height,10.45458755289176,True,valid
1140,1140,57.0,174.025,174.01250000000002,174.0375,T1,10.9806719,True,valid,source,2281,2281,0.0,,False,no_tower_section_at_tip_height,,False,no_tower_section_at_tip_height,8.643264614727908,True,valid
1141,1141,57.05,174.075,174.0625,174.08749999999998,T1,11.0040607,True,valid,source,2283,2283,0.0,,False,no_tower_section_at_tip_height,,False,no_tower_section_at_tip_height,7.790726592456234,True,valid
1142,1142,57.1,174.125,174.1125,174.1375,T1,11.0238724,True,valid,source,2285,2285,0.0,,False,no_tower_section_at_tip_height,,False,no_tower_section_at_tip_height,8.184664985960364,True,valid
1143,1143,57.15,174.175,174.16250000000002,174.1875,T1,11.0386229,True,valid,source,2287,2287,0.0,,False,no_tower_section_at_tip_height,,False,no_tower_section_at_tip_height,9.670237202309318,True,valid
1144,1144,57.2,174.225,174.2125,174.23749999999998,T1,11.0553064,True,valid,source,2289,2289,0.0,,False,no_tower_section_at_tip_height,,False,no_tower_section_at_tip_height,11.908381410328678,True,valid
1145,1145,57.25,174.275,174.26250000000002,174.2875,T1,11.0764694,True,valid,source,2291,2291,0.0,,False,no_tower_section_at_tip_height,,False,no_tower_section_at_tip_height,14.575587191294,True,valid
1146,1146,57.3,174.325,174.3125,174.33749999999998,T1,11.0966187,True,valid,source,2293,2293,0.0,,False,no_tower_section_at_tip_height,,False,no_tower_section_at_tip_height,17.51415181490374,True,valid
1147,1147,57.35,174.375,174.3625,174.3875,T1,11.1122398,True,valid,source,2295,2295,0.0,,False,no_tower_section_at_tip_height,,False,no_tower_section_at_tip_height,20.53874121027814,True,valid
1148,1148,57.4,174.425,174.41250000000002,174.4375,T1,11.1311073,True,valid,source,2297,2297,0.0,,False,no_tower_section_at_tip_height,,False,no_tower_section_at_tip_height,23.608415042916814,True,valid
1149,1149,57.45,174.475,174.4625,174.48749999999998,T1,11.1569605,True,valid,source,2299,2299,0.0,,False,no_tower_section_at_tip_height,,False,no_tower_section_at_tip_height,26.684712241611816,True,valid
1150,1150,57.5,174.525,174.51250000000002,174.5375,T1,11.1721315,True,valid,source,2301,2301,0.0,,False,no_tower_section_at_tip_height,,False,no_tower_section_at_tip_height,29.727309641777317,True,valid
1151,1151,57.55,174.575,174.5625,174.58749999999998,T1,11.180172,True,valid,source,2303,2303,0.0,,False,no_tower_section_at_tip_height,61.07789959332775,True,valid,32.7074075586108,True,valid
1152,1152,57.6,174.625,174.6125,174.6375,T1,11.1935616,True,valid,source,2305,2305,0.0,,False,no_tower_section_at_tip_height,60.74961313390698,True,valid,35.60381492462678,True,valid
1153,1153,57.65,174.675,174.66250000000002,174.6875,T1,11.2028189,True,valid,source,2307,2307,0.0,,False,no_tower_section_at_tip_height,60.20928640639743,True,valid,38.400868501178564,True,valid
1154,1154,57.7,174.725,174.7125,174.73749999999998,T1,11.2037458,True,valid,source,2309,2309,0.0,,False,no_tower_section_at_tip_height,59.45946518820419,True,valid,41.09262168416628,True,valid
1155,1155,57.75,174.775,174.76250000000002,174.7875,T1,11.2147732,True,valid,source,2311,2311,0.0,,False,no_tower_section_at_tip_height,58.507366212076946,True,valid,43.66324950995445,True,valid
1156,1156,57.8,174.825,174.8125,174.83749999999998,T1,11.2253208,True,valid,source,2313,2313,0.0,,False,no_tower_section_at_tip_height,57.36032215830917,True,valid,46.10256357126982,True,valid
1157,1157,57.85,174.875,174.8625,174.8875,T1,11.2277098,True,valid,source,2315,2315,0.0,,False,no_tower_section_at_tip_height,56.02453561573961,True,valid,48.39651588586729,True,valid
1158,1158,57.9,174.925,174.91250000000002,174.9375,T1,11.2312832,True,valid,source,2317,2317,0.0,,False,no_tower_section_at_tip_height,54.507506141642494,True,valid,50.53072041819796,True,valid
1159,1159,57.95,174.975,174.9625,174.98749999999998,T1,11.2325764,True,valid,source,2319,2319,0.0,,False,no_tower_section_at_tip_height,52.814614153295935,True,valid,52.49424535451105,True,valid
1160,1160,58.0,175.025,175.01250000000002,175.0375,T1,11.2314701,True,valid,source,2321,2321,0.0,,False,no_tower_section_at_tip_height,50.95386474016904,True,valid,54.27649538177191,True,valid
1161,1161,58.05,175.075,175.0625,175.08749999999998,T1,11.2366276,True,valid,source,2323,2323,0.0,,False,no_tower_section_at_tip_height,48.93351961526581,True,valid,55.870932464147856,True,valid
1162,1162,58.1,175.125,175.1125,175.1375,T1,11.2389889,True,valid,source,2325,2325,0.0,,False,no_tower_section_at_tip_height,46.76205016071785,True,valid,57.272149392197164,True,valid
1163,1163,58.15,175.175,175.16250000000002,175.1875,T1,11.2359047,True,valid,source,2327,2327,0.0,,False,no_tower_section_at_tip_height,44.448965990671525,True,valid,58.47462590670575,True,valid
1164,1164,58.2,175.225,175.2125,175.23749999999998,T1,11.2322226,True,valid,source,2329,2329,0.0,,False,no_tower_section_at_tip_height,42.00052373601357,True,valid,59.47323967502717,True,valid
1165,1165,58.25,175.275,175.26250000000002,175.2875,T1,11.2223997,True,valid,source,2331,2331,0.0,,False,no_tower_section_at_tip_height,39.42385393457987,True,valid,60.263041108886675,True,valid
1166,1166,58.3,175.325,175.3125,175.33749999999998,T1,11.2112141,True,valid,source,2333,2333,0.0,,False,no_tower_section_at_tip_height,36.73314995576995,True,valid,60.840555020332914,True,valid
1167,1167,58.35,175.375,175.3625,175.3875,T1,11.2036352,True,valid,source,2335,2335,0.0,,False,no_tower_section_at_tip_height,33.94877906146931,True,valid,61.20374264896139,True,valid
1168,1168,58.4,175.425,175.41250000000002,175.4375,T1,11.1954994,True,valid,source,2337,2337,0.0,,False,no_tower_section_at_tip_height,31.094341848977656,True,valid,,False,no_tower_section_at_tip_height
1169,1169,58.45,175.475,175.4625,175.48749999999998,T1,11.1895618,True,valid,source,2339,2339,0.0,,False,no_tower_section_at_tip_height,28.1653573603439,True,valid,,False,no_tower_section_at_tip_height
1170,1170,58.5,175.525,175.51250000000002,175.5375,T1,11.1865177,True,valid,source,2341,2341,0.0,,False,no_tower_section_at_tip_height,25.203653012436593,True,valid,,False,no_tower_section_at_tip_height
1171,1171,58.55,175.575,175.5625,175.58749999999998,T1,11.1799517,True,valid,source,2343,2343,0.0,,False,no_tower_section_at_tip_height,22.251233537230373,True,valid,,False,no_tower_section_at_tip_height
1172,1172,58.6,175.625,175.6125,175.6375,T1,11.1713591,True,valid,source,2345,2345,0.0,,False,no_tower_section_at_tip_height,19.362498237732574,True,valid,,False,no_tower_section_at_tip_height
1173,1173,58.65,175.675,175.66250000000002,175.6875,T1,11.1672373,True,valid,source,2347,2347,0.0,,False,no_tower_section_at_tip_height,16.550965357035267,True,valid,,False,no_tower_section_at_tip_height
1174,1174,58.7,175.725,175.7125,175.73749999999998,T1,11.1624069,True,valid,source,2349,2349,0.0,,False,no_tower_section_at_tip_height,14.000338905495044,True,valid,,False,no_tower_section_at_tip_height
1175,1175,58.75,175.775,175.76250000000002,175.7875,T1,11.1544552,True,valid,source,2351,2351,0.0,,False,no_tower_section_at_tip_height,11.815124370068412,True,valid,,False,no_tower_section_at_tip_height
1176,1176,58.8,175.825,175.8125,175.83749999999998,T1,11.1479712,True,valid,source,2353,2353,0.0,,False,no_tower_section_at_tip_height,10.27549672988519,True,valid,,False,no_tower_section_at_tip_height
1177,1177,58.85,175.875,175.8625,175.8875,T1,11.1426573,True,valid,source,2355,2355,0.0,,False,no_tower_section_at_tip_height,9.639525654229043,True,valid,,False,no_tower_section_at_tip_height
1178,1178,58.9,175.925,175.91250000000002,175.9375,T1,11.1340971,True,valid,source,2357,2357,0.0,,False,no_tower_section_at_tip_height,10.061085833328278,True,valid,,False,no_tower_section_at_tip_height
1179,1179,58.95,175.975,175.9625,175.98749999999998,T1,11.1250343,True,valid,source,2359,2359,0.0,,False,no_tower_section_at_tip_height,11.442364015760813,True,valid,,False,no_tower_section_at_tip_height
1180,1180,59.0,176.025,176.01250000000002,176.0375,T1,11.1216412,True,valid,source,2361,2361,0.0,,False,no_tower_section_at_tip_height,13.515249005670618,True,valid,,False,no_tower_section_at_tip_height
1181,1181,59.05,176.075,176.0625,176.08749999999998,T1,11.1211414,True,valid,source,2363,2363,0.0,,False,no_tower_section_at_tip_height,16.04325080714204,True,valid,,False,no_tower_section_at_tip_height
1182,1182,59.1,176.125,176.1125,176.1375,T1,11.1163712,True,valid,source,2365,2365,0.0,,False,no_tower_section_at_tip_height,18.833956790727083,True,valid,,False,no_tower_section_at_tip_height
1183,1183,59.15,176.175,176.16250000000002,176.1875,T1,11.110713,True,valid,source,2367,2367,0.0,,False,no_tower_section_at_tip_height,21.766102534487008,True,valid,,False,no_tower_section_at_tip_height
1184,1184,59.2,176.225,176.2125,176.23749999999998,T1,11.1061611,True,valid,source,2369,2369,0.0,,False,no_tower_section_at_tip_height,24.72575424714489,True,valid,,False,no_tower_section_at_tip_height
1185,1185,59.25,176.275,176.26250000000002,176.2875,T1,11.0992746,True,valid,source,2371,2371,0.0,,False,no_tower_section_at_tip_height,27.699203595242487,True,valid,,False,no_tower_section_at_tip_height
1186,1186,59.3,176.325,176.3125,176.33749999999998,T1,11.0935888,True,valid,source,2373,2373,0.0,,False,no_tower_section_at_tip_height,30.652605879337525,True,valid,,False,no_tower_section_at_tip_height
1187,1187,59.35,176.375,176.3625,176.3875,T1,11.0901632,True,valid,source,2375,2375,0.0,61.22511982619075,True,valid,33.560149663650286,True,valid,,False,no_tower_section_at_tip_height
1188,1188,59.4,176.425,176.41250000000002,176.4375,T1,11.0821609,True,valid,source,2377,2377,0.0,60.869184973822115,True,valid,36.394754383470136,True,valid,,False,no_tower_section_at_tip_height
1189,1189,59.45,176.475,176.4625,176.48749999999998,T1,11.0721817,True,valid,source,2379,2379,0.0,60.30369982256601,True,valid,39.12513368658175,True,valid,,False,no_tower_section_at_tip_height
1190,1190,59.5,176.525,176.51250000000002,176.5375,T1,11.0625763,True,valid,source,2381,2381,0.0,59.532442092447134,True,valid,41.7417264042197,True,valid,,False,no_tower_section_at_tip_height
1191,1191,59.55,176.575,176.5625,176.58749999999998,T1,11.0545921,True,valid,source,2383,2383,0.0,58.55988287108665,True,valid,44.23800319590833,True,valid,,False,no_tower_section_at_tip_height
1192,1192,59.6,176.625,176.6125,176.6375,T1,11.0483999,True,valid,source,2385,2385,0.0,57.392112005054464,True,valid,46.60077195127193,True,valid,,False,no_tower_section_at_tip_height
1193,1193,59.65,176.675,176.66250000000002,176.6875,T1,11.0428553,True,valid,source,2387,2387,0.0,56.03789030812117,True,valid,48.815929345311055,True,valid,,False,no_tower_section_at_tip_height
1194,1194,59.7,176.725,176.7125,176.73749999999998,T1,11.0388756,True,valid,source,2389,2389,0.0,54.50700711179243,True,valid,50.87099862255087,True,valid,,False,no_tower_section_at_tip_height
1195,1195,59.75,176.775,176.76250000000002,176.7875,T1,11.0328484,True,valid,source,2391,2391,0.0,52.80818392252513,True,valid,52.75713133815857,True,valid,,False,no_tower_section_at_tip_height
1196,1196,59.8,176.825,176.8125,176.83749999999998,T1,11.0202818,True,valid,source,2393,2393,0.0,50.95294488566897,True,valid,54.46950745180488,True,valid,,False,no_tower_section_at_tip_height
1197,1197,59.85,176.875,176.8625,176.8875,T1,11.0081835,True,valid,source,2395,2395,0.0,48.95084145422968,True,valid,56.00346412468406,True,valid,,False,no_tower_section_at_tip_height
1198,1198,59.9,176.925,176.91250000000002,176.9375,T1,10.9979992,True,valid,source,2397,2397,0.0,46.806416215107156,True,valid,57.35481211544034,True,valid,,False,no_tower_section_at_tip_height
1199,1199,59.95,176.975,176.9625,176.98749999999998,T1,10.9846268,True,valid,source,2399,2399,0.0,44.52487843070773,True,valid,58.518331452337854,True,valid,,False,no_tower_section_at_tip_height
