
Predictions were generated on 17-Aug-2026 at 08:36:56 using OpenFAST, compiled as a 64-bit application using single precision at commit v3.5.1
 linked with  NWTC Subroutine Library; ElastoDyn; InflowWind; AeroDyn; ServoDyn

Description from the FAST input file: FAST                   Certification - Test #26: NREL 5.0 MW Baseline Wind Turbine (Onshore)

Time	YawPzn	YawVzn	RotSpeed	GenSpeed	Azimuth	BlPitch1	RootMyc1	RootMyc2	RootMyc3	RootMxc1	RootMxc2	RootMxc3	OoPDefl1	OoPDefl2	OoPDefl3	IPDefl1	IPDefl2	IPDefl3	TipDxc1	TipDyc1	BlPitchC1	BlPitchC2	BlPitchC3	GenPwr	GenTq
(s)	(deg)	(deg/s)	(rpm)	(rpm)	(deg)	(deg)	(kN-m)	(kN-m)	(kN-m)	(kN-m)	(kN-m)	(kN-m)	(m)	(m)	(m)	(m)	(m)	(m)	(m)	(m)	(deg)	(deg)	(deg)	(kW)	(kN-m)
    0.0000	 0.000E+00	 0.000E+00	 9.000E+00	 8.730E+02	 0.000E+00	 0.000E+00	 6.194E+01	 7.651E+01	 1.354E+02	 6.583E+00	 8.279E+02	-8.350E+02	 0.000E+00	 0.000E+00	 0.000E+00	 0.000E+00	 0.000E+00	 0.000E+00	 0.000E+00	 0.000E+00	 0.000E+00	 0.000E+00	 0.000E+00	 1.682E+03	 1.949E+01
    0.2500	-2.048E-03	-1.302E-02	 8.870E+00	 8.561E+02	 1.336E+01	 0.000E+00	 3.061E+03	 2.870E+03	 3.077E+03	 1.353E+03	 3.840E+03	-2.714E+03	 1.161E+00	 1.076E+00	 1.076E+00	-3.017E-01	-6.492E-01	 2.186E-01	 1.161E+00	-3.017E-01	 0.000E+00	 0.000E+00	 0.000E+00	 1.605E+03	 1.896E+01
    0.5000	-3.032E-03	 8.312E-03	 8.874E+00	 8.718E+02	 2.673E+01	 0.000E+00	 5.475E+03	 5.194E+03	 5.481E+03	 2.048E+03	 4.202E+03	-5.470E+03	 2.915E+00	 2.999E+00	 2.765E+00	-4.744E-01	-8.533E-01	 6.227E-01	 2.915E+00	-4.744E-01	 0.000E+00	 0.000E+00	 0.000E+00	 1.650E+03	 1.915E+01
    0.7500	 1.594E-03	 2.476E-02	 8.783E+00	 8.436E+02	 3.997E+01	 0.000E+00	 6.478E+03	 6.689E+03	 6.221E+03	 3.364E+03	 9.059E+02	-2.186E+03	 3.715E+00	 3.490E+00	 3.393E+00	-7.507E-01	-3.522E-01	-1.563E-02	 3.715E+00	-7.507E-01	 0.000E+00	 0.000E+00	 0.000E+00	 1.549E+03	 1.857E+01
    1.0000	 3.737E-03	-9.596E-03	 8.910E+00	 8.774E+02	 5.328E+01	 0.000E+00	 6.430E+03	 5.448E+03	 5.984E+03	 3.324E+03	-8.225E+02	-7.921E+02	 3.769E+00	 3.186E+00	 3.441E+00	-7.121E-01	-5.342E-02	-2.523E-01	 3.769E+00	-7.121E-01	 0.000E+00	 0.000E+00	 0.000E+00	 1.613E+03	 1.860E+01
    1.2500	-1.503E-03	-1.695E-02	 8.844E+00	 8.509E+02	 6.663E+01	 0.000E+00	 5.935E+03	 5.005E+03	 5.896E+03	 3.592E+03	 1.265E+03	-3.411E+03	 3.485E+00	 2.683E+00	 3.251E+00	-7.101E-01	-4.130E-01	 2.554E-01	 3.485E+00	-7.101E-01	 0.000E+00	 0.000E+00	 0.000E+00	 1.566E+03	 1.862E+01
    1.5000	-1.662E-03	 1.831E-02	 8.934E+00	 8.746E+02	 7.997E+01	 0.000E+00	 5.575E+03	 4.779E+03	 5.570E+03	 4.617E+03	 5.991E+02	-2.964E+03	 3.267E+00	 2.621E+00	 3.119E+00	-8.746E-01	-3.447E-01	 2.081E-01	 3.267E+00	-8.746E-01	 0.000E+00	 0.000E+00	 0.000E+00	 1.602E+03	 1.853E+01
    1.7500	 4.049E-03	 1.795E-02	 8.890E+00	 8.602E+02	 9.338E+01	 0.000E+00	 5.634E+03	 5.147E+03	 5.592E+03	 4.171E+03	-3.361E+03	 2.801E+02	 3.213E+00	 2.631E+00	 3.153E+00	-7.679E-01	 3.452E-01	-3.143E-01	 3.213E+00	-7.679E-01	 0.000E+00	 0.000E+00	 0.000E+00	 1.601E+03	 1.883E+01
    2.0000	 3.129E-03	-2.023E-02	 8.918E+00	 8.656E+02	 1.067E+02	 0.000E+00	 5.606E+03	 4.955E+03	 5.793E+03	 3.902E+03	-2.641E+03	 1.164E+03	 3.198E+00	 2.673E+00	 3.318E+00	-7.473E-01	 1.666E-01	-4.730E-01	 3.198E+00	-7.473E-01	 0.000E+00	 0.000E+00	 0.000E+00	 1.589E+03	 1.857E+01
    2.2500	-1.380E-03	-8.595E-03	 8.932E+00	 8.698E+02	 1.201E+02	 0.000E+00	 5.495E+03	 5.216E+03	 6.052E+03	 3.311E+03	-1.043E+03	-1.091E+03	 3.111E+00	 2.779E+00	 3.399E+00	-6.304E-01	-1.276E-01	-1.578E-02	 3.111E+00	-6.304E-01	 0.000E+00	 0.000E+00	 0.000E+00	 1.627E+03	 1.892E+01
    2.5000	-1.504E-03	 6.253E-03	 8.908E+00	 8.595E+02	 1.335E+02	 0.000E+00	 5.319E+03	 5.430E+03	 5.815E+03	 3.610E+03	-2.500E+03	 1.093E+03	 3.011E+00	 2.941E+00	 3.370E+00	-7.175E-01	 8.264E-02	-3.757E-01	 3.011E+00	-7.175E-01	 0.000E+00	 0.000E+00	 0.000E+00	 1.590E+03	 1.871E+01
    2.7500	 6.604E-04	 7.493E-03	 8.963E+00	 8.755E+02	 1.469E+02	 0.000E+00	 5.340E+03	 5.580E+03	 5.810E+03	 2.399E+03	-4.792E+03	 3.934E+03	 2.948E+00	 2.975E+00	 3.380E+00	-5.188E-01	 4.944E-01	-8.356E-01	 2.948E+00	-5.188E-01	 0.000E+00	 0.000E+00	 0.000E+00	 1.639E+03	 1.894E+01
    3.0000	 6.777E-04	-5.161E-03	 8.915E+00	 8.588E+02	 1.603E+02	 0.000E+00	 5.179E+03	 5.424E+03	 5.937E+03	 1.308E+03	-2.670E+03	 3.169E+03	 2.842E+00	 2.993E+00	 3.441E+00	-3.574E-01	 1.174E-01	-6.794E-01	 2.842E+00	-3.574E-01	 0.000E+00	 0.000E+00	 0.000E+00	 1.605E+03	 1.891E+01
    3.2500	 9.063E-05	 9.898E-04	 8.974E+00	 8.756E+02	 1.737E+02	 0.000E+00	 5.006E+03	 5.630E+03	 5.951E+03	 9.327E+02	-1.003E+03	 2.000E+03	 2.719E+00	 3.111E+00	 3.415E+00	-3.225E-01	-1.804E-01	-4.418E-01	 2.719E+00	-3.225E-01	 0.000E+00	 0.000E+00	 0.000E+00	 1.641E+03	 1.896E+01
    3.5000	-4.447E-04	-6.498E-03	 8.934E+00	 8.628E+02	 1.872E+02	 0.000E+00	 4.993E+03	 5.821E+03	 5.739E+03	 2.374E+02	-2.908E+03	 4.163E+03	 2.681E+00	 3.220E+00	 3.342E+00	-2.296E-01	 1.760E-01	-7.914E-01	 2.681E+00	-2.296E-01	 0.000E+00	 0.000E+00	 0.000E+00	 1.628E+03	 1.909E+01
    3.7500	-8.457E-04	 8.732E-03	 8.968E+00	 8.717E+02	 2.006E+02	 0.000E+00	 5.064E+03	 5.775E+03	 5.692E+03	-8.221E+02	-2.803E+03	 5.772E+03	 2.698E+00	 3.213E+00	 3.329E+00	-9.269E-02	 1.782E-01	-1.081E+00	 2.698E+00	-9.269E-02	 0.000E+00	 0.000E+00	 0.000E+00	 1.637E+03	 1.900E+01
    4.0000	 2.949E-03	 1.323E-02	 8.958E+00	 8.688E+02	 2.140E+02	 0.000E+00	 5.092E+03	 5.732E+03	 5.807E+03	-1.958E+03	-4.820E+01	 3.413E+03	 2.699E+00	 3.256E+00	 3.309E+00	 8.596E-02	-2.672E-01	-6.476E-01	 2.699E+00	 8.596E-02	 0.000E+00	 0.000E+00	 0.000E+00	 1.650E+03	 1.921E+01
    4.2500	 2.849E-03	-1.359E-02	 8.959E+00	 8.674E+02	 2.275E+02	 0.000E+00	 5.069E+03	 5.875E+03	 5.633E+03	-1.836E+03	 1.083E+03	 2.878E+03	 2.720E+00	 3.361E+00	 3.203E+00	 2.093E-02	-4.544E-01	-5.608E-01	 2.720E+00	 2.093E-02	 0.000E+00	 0.000E+00	 0.000E+00	 1.636E+03	 1.908E+01
    4.5000	-1.388E-03	-1.406E-02	 8.979E+00	 8.736E+02	 2.409E+02	 0.000E+00	 5.285E+03	 5.998E+03	 5.416E+03	-2.465E+03	-4.668E+02	 4.471E+03	 2.814E+00	 3.401E+00	 3.097E+00	 1.125E-01	-1.319E-01	-8.419E-01	 2.814E+00	 1.125E-01	 0.000E+00	 0.000E+00	 0.000E+00	 1.664E+03	 1.926E+01
    4.7500	-1.907E-03	 1.086E-02	 8.956E+00	 8.654E+02	 2.544E+02	 0.000E+00	 5.426E+03	 5.838E+03	 5.370E+03	-3.091E+03	 9.699E+02	 4.056E+03	 2.914E+00	 3.367E+00	 3.037E+00	 1.951E-01	-3.483E-01	-7.987E-01	 2.914E+00	 1.951E-01	 0.000E+00	 0.000E+00	 0.000E+00	 1.642E+03	 1.919E+01
    5.0000	 1.882E-03	 1.123E-02	 8.990E+00	 8.754E+02	 2.678E+02	 0.000E+00	 5.484E+03	 5.836E+03	 5.382E+03	-3.146E+03	 3.663E+03	 1.255E+03	 2.972E+00	 3.395E+00	 2.949E+00	 1.981E-01	-7.900E-01	-3.238E-01	 2.972E+00	 1.981E-01	 0.000E+00	 0.000E+00	 0.000E+00	 1.669E+03	 1.928E+01
    5.2500	 1.059E-03	-1.566E-02	 8.964E+00	 8.665E+02	 2.813E+02	 0.000E+00	 5.530E+03	 5.967E+03	 5.134E+03	-2.635E+03	 3.368E+03	 9.891E+02	 3.036E+00	 3.454E+00	 2.813E+00	 1.071E-01	-7.117E-01	-2.985E-01	 3.036E+00	 1.071E-01	 0.000E+00	 0.000E+00	 0.000E+00	 1.654E+03	 1.931E+01
    5.5000	-2.090E-03	-2.562E-03	 8.992E+00	 8.744E+02	 2.948E+02	 0.000E+00	 5.702E+03	 5.930E+03	 4.968E+03	-2.470E+03	 2.370E+03	 2.058E+03	 3.130E+00	 3.421E+00	 2.724E+00	 7.957E-02	-5.075E-01	-5.255E-01	 3.130E+00	 7.957E-02	 0.000E+00	 0.000E+00	 0.000E+00	 1.669E+03	 1.930E+01
    5.7500	-2.602E-04	 1.189E-02	 8.976E+00	 8.695E+02	 3.083E+02	 0.000E+00	 5.775E+03	 5.758E+03	 5.078E+03	-2.491E+03	 3.977E+03	 1.111E+02	 3.203E+00	 3.347E+00	 2.715E+00	 1.057E-01	-7.599E-01	-2.165E-01	 3.203E+00	 1.057E-01	 0.000E+00	 0.000E+00	 0.000E+00	 1.668E+03	 1.941E+01
    6.0000	 1.814E-03	 3.769E-03	 8.986E+00	 8.718E+02	 3.217E+02	 0.000E+00	 5.750E+03	 5.734E+03	 5.098E+03	-1.450E+03	 5.502E+03	-2.031E+03	 3.233E+00	 3.337E+00	 2.698E+00	-5.944E-02	-1.030E+00	 1.209E-01	 3.233E+00	-5.944E-02	 0.000E+00	 0.000E+00	 0.000E+00	 1.667E+03	 1.934E+01
    6.2500	 1.929E-03	-2.293E-03	 8.989E+00	 8.728E+02	 3.352E+02	 0.000E+00	 5.831E+03	 5.795E+03	 5.022E+03	-5.765E+02	 3.753E+03	-1.562E+03	 3.293E+00	 3.314E+00	 2.679E+00	-1.783E-01	-7.114E-01	 1.315E-02	 3.293E+00	-1.783E-01	 0.000E+00	 0.000E+00	 0.000E+00	 1.676E+03	 1.943E+01
    6.5000	 9.345E-04	-4.985E-03	 8.982E+00	 8.698E+02	 3.487E+02	 0.000E+00	 5.910E+03	 5.618E+03	 5.099E+03	-9.848E-01	 2.947E+03	-9.930E+02	 3.363E+00	 3.199E+00	 2.743E+00	-2.534E-01	-5.710E-01	-1.297E-01	 3.363E+00	-2.534E-01	 0.000E+00	 0.000E+00	 0.000E+00	 1.668E+03	 1.940E+01
    6.7500	-3.351E-04	-4.604E-03	 8.999E+00	 8.748E+02	 2.166E+00	 0.000E+00	 5.918E+03	 5.430E+03	 5.367E+03	 5.812E+02	 4.201E+03	-3.054E+03	 3.385E+00	 3.095E+00	 2.850E+00	-3.145E-01	-7.987E-01	 2.084E-01	 3.385E+00	-3.145E-01	 0.000E+00	 0.000E+00	 0.000E+00	 1.681E+03	 1.944E+01
    7.0000	-7.457E-04	 2.840E-03	 8.984E+00	 8.695E+02	 1.565E+01	 0.000E+00	 5.869E+03	 5.393E+03	 5.429E+03	 1.821E+03	 3.888E+03	-3.885E+03	 3.390E+00	 3.040E+00	 2.909E+00	-4.971E-01	-7.690E-01	 3.387E-01	 3.390E+00	-4.971E-01	 0.000E+00	 0.000E+00	 0.000E+00	 1.670E+03	 1.943E+01
    7.2500	 9.425E-04	 7.295E-03	 9.003E+00	 8.750E+02	 2.914E+01	 0.000E+00	 5.920E+03	 5.346E+03	 5.437E+03	 2.695E+03	 1.495E+03	-2.331E+03	 3.424E+00	 2.942E+00	 2.964E+00	-6.191E-01	-3.702E-01	 5.397E-02	 3.424E+00	-6.191E-01	 0.000E+00	 0.000E+00	 0.000E+00	 1.682E+03	 1.944E+01
    7.5000	 7.885E-04	-9.783E-03	 8.991E+00	 8.709E+02	 4.264E+01	 0.000E+00	 5.952E+03	 5.128E+03	 5.588E+03	 2.935E+03	 9.047E+02	-2.122E+03	 3.441E+00	 2.802E+00	 3.071E+00	-6.282E-01	-2.866E-01	 1.348E-02	 3.441E+00	-6.282E-01	 0.000E+00	 0.000E+00	 0.000E+00	 1.676E+03	 1.946E+01
    7.7500	-1.921E-03	-5.258E-03	 9.002E+00	 8.738E+02	 5.613E+01	 0.000E+00	 5.864E+03	 4.995E+03	 5.756E+03	 3.546E+03	 1.702E+03	-3.317E+03	 3.408E+00	 2.729E+00	 3.152E+00	-7.117E-01	-4.660E-01	 2.303E-01	 3.408E+00	-7.117E-01	 0.000E+00	 0.000E+00	 0.000E+00	 1.680E+03	 1.945E+01
    8.0000	-4.301E-04	 1.461E-02	 8.999E+00	 8.729E+02	 6.963E+01	 0.000E+00	 5.797E+03	 5.084E+03	 5.747E+03	 4.206E+03	 1.255E+02	-2.645E+03	 3.367E+00	 2.721E+00	 3.188E+00	-8.040E-01	-2.243E-01	 1.372E-01	 3.367E+00	-8.040E-01	 0.000E+00	 0.000E+00	 0.000E+00	 1.682E+03	 1.949E+01
    8.2500	 2.774E-03	 6.138E-03	 8.999E+00	 8.723E+02	 8.313E+01	 0.000E+00	 5.792E+03	 5.086E+03	 5.735E+03	 4.355E+03	-1.917E+03	-5.159E+02	 3.343E+00	 2.696E+00	 3.242E+00	-8.237E-01	 9.863E-02	-2.205E-01	 3.343E+00	-8.237E-01	 0.000E+00	 0.000E+00	 0.000E+00	 1.679E+03	 1.947E+01
    8.5000	 1.899E-03	-1.098E-02	 9.006E+00	 8.746E+02	 9.664E+01	 0.000E+00	 5.741E+03	 5.032E+03	 5.886E+03	 3.910E+03	-1.719E+03	-4.558E+02	 3.290E+00	 2.684E+00	 3.326E+00	-7.378E-01	 3.501E-02	-2.016E-01	 3.290E+00	-7.378E-01	 0.000E+00	 0.000E+00	 0.000E+00	 1.686E+03	 1.950E+01
    8.7500	-5.786E-04	-4.706E-03	 8.999E+00	 8.718E+02	 1.101E+02	 0.000E+00	 5.576E+03	 5.147E+03	 5.941E+03	 3.910E+03	-1.262E+03	-7.947E+02	 3.194E+00	 2.760E+00	 3.366E+00	-7.418E-01	-8.371E-02	-1.064E-01	 3.194E+00	-7.418E-01	 0.000E+00	 0.000E+00	 0.000E+00	 1.679E+03	 1.949E+01
    9.0000	 3.545E-06	 6.501E-03	 9.010E+00	 8.751E+02	 1.236E+02	 0.000E+00	 5.478E+03	 5.376E+03	 5.870E+03	 3.785E+03	-2.895E+03	 9.241E+02	 3.106E+00	 2.865E+00	 3.370E+00	-7.310E-01	 1.762E-01	-3.697E-01	 3.106E+00	-7.310E-01	 0.000E+00	 0.000E+00	 0.000E+00	 1.687E+03	 1.950E+01
    9.2500	 8.783E-04	-1.197E-03	 9.002E+00	 8.723E+02	 1.372E+02	 0.000E+00	 5.415E+03	 5.431E+03	 5.877E+03	 2.926E+03	-3.792E+03	 2.649E+03	 3.028E+00	 2.918E+00	 3.404E+00	-5.992E-01	 3.209E-01	-6.406E-01	 3.028E+00	-5.992E-01	 0.000E+00	 0.000E+00	 0.000E+00	 1.682E+03	 1.951E+01
    9.5000	 2.021E-06	-3.581E-03	 9.012E+00	 8.748E+02	 1.507E+02	 0.000E+00	 5.270E+03	 5.459E+03	 5.974E+03	 2.015E+03	-2.514E+03	 2.375E+03	 2.917E+00	 2.975E+00	 3.446E+00	-4.630E-01	 8.563E-02	-5.613E-01	 2.917E+00	-4.630E-01	 0.000E+00	 0.000E+00	 0.000E+00	 1.687E+03	 1.951E+01
    9.7500	-5.426E-04	-1.359E-03	 9.009E+00	 8.735E+02	 1.642E+02	 0.000E+00	 5.116E+03	 5.625E+03	 5.942E+03	 1.495E+03	-2.156E+03	 2.405E+03	 2.801E+00	 3.086E+00	 3.431E+00	-3.971E-01	 1.966E-02	-5.295E-01	 2.801E+00	-3.971E-01	 0.000E+00	 0.000E+00	 0.000E+00	 1.686E+03	 1.953E+01
   10.0000	-7.406E-04	 7.266E-04	 9.011E+00	 8.740E+02	 1.777E+02	 0.000E+00	 5.061E+03	 5.755E+03	 5.821E+03	 8.418E+02	-3.087E+03	 4.133E+03	 2.740E+00	 3.165E+00	 3.393E+00	-3.191E-01	 1.915E-01	-8.104E-01	 2.740E+00	-3.191E-01	 0.000E+00	 0.000E+00	 0.000E+00	 1.686E+03	 1.952E+01
   10.2500	 2.807E-04	 7.232E-03	 9.014E+00	 8.747E+02	 1.912E+02	 0.000E+00	 5.071E+03	 5.749E+03	 5.819E+03	-3.946E+02	-2.541E+03	 4.690E+03	 2.710E+00	 3.194E+00	 3.382E+00	-1.356E-01	 1.197E-01	-8.916E-01	 2.710E+00	-1.356E-01	 0.000E+00	 0.000E+00	 0.000E+00	 1.690E+03	 1.954E+01
   10.5000	 2.064E-03	 4.547E-03	 9.011E+00	 8.735E+02	 2.047E+02	 0.000E+00	 5.036E+03	 5.766E+03	 5.827E+03	-1.199E+03	-6.420E+02	 3.701E+03	 2.685E+00	 3.255E+00	 3.350E+00	-3.047E-02	-1.938E-01	-7.071E-01	 2.685E+00	-3.047E-02	 0.000E+00	 0.000E+00	 0.000E+00	 1.687E+03	 1.953E+01
   10.7500	 1.689E-03	-7.536E-03	 9.017E+00	 8.753E+02	 2.183E+02	 0.000E+00	 5.072E+03	 5.896E+03	 5.701E+03	-1.572E+03	-3.086E+02	 3.678E+03	 2.704E+00	 3.338E+00	 3.267E+00	 1.404E-03	-2.247E-01	-6.953E-01	 2.704E+00	 1.404E-03	 0.000E+00	 0.000E+00	 0.000E+00	 1.691E+03	 1.954E+01
   11.0000	-4.722E-04	-5.788E-03	 9.012E+00	 8.735E+02	 2.318E+02	 0.000E+00	 5.216E+03	 5.936E+03	 5.543E+03	-2.179E+03	-5.383E+02	 4.532E+03	 2.780E+00	 3.370E+00	 3.184E+00	 7.502E-02	-1.468E-01	-8.520E-01	 2.780E+00	 7.502E-02	 0.000E+00	 0.000E+00	 0.000E+00	 1.688E+03	 1.955E+01
   11.2500	-8.560E-05	 7.555E-03	 9.019E+00	 8.753E+02	 2.453E+02	 0.000E+00	 5.355E+03	 5.877E+03	 5.501E+03	-2.896E+03	 9.660E+02	 3.771E+03	 2.862E+00	 3.376E+00	 3.114E+00	 1.755E-01	-3.732E-01	-7.336E-01	 2.862E+00	 1.755E-01	 0.000E+00	 0.000E+00	 0.000E+00	 1.692E+03	 1.955E+01
   11.5000	 1.351E-03	 2.215E-04	 9.016E+00	 8.742E+02	 2.588E+02	 0.000E+00	 5.418E+03	 5.901E+03	 5.422E+03	-3.016E+03	 2.611E+03	 2.190E+03	 2.926E+00	 3.415E+00	 3.015E+00	 1.814E-01	-6.296E-01	-4.712E-01	 2.926E+00	 1.814E-01	 0.000E+00	 0.000E+00	 0.000E+00	 1.690E+03	 1.956E+01
   11.7500	-1.625E-04	-9.422E-03	 9.020E+00	 8.751E+02	 2.724E+02	 0.000E+00	 5.516E+03	 5.974E+03	 5.220E+03	-2.750E+03	 2.559E+03	 2.054E+03	 3.003E+00	 3.451E+00	 2.892E+00	 1.248E-01	-5.895E-01	-4.711E-01	 3.003E+00	 1.248E-01	 0.000E+00	 0.000E+00	 0.000E+00	 1.692E+03	 1.956E+01
   12.0000	-1.534E-03	 6.210E-04	 9.020E+00	 8.750E+02	 2.859E+02	 0.000E+00	 5.660E+03	 5.927E+03	 5.100E+03	-2.804E+03	 2.591E+03	 1.990E+03	 3.094E+00	 3.428E+00	 2.800E+00	 1.357E-01	-5.597E-01	-4.903E-01	 3.094E+00	 1.357E-01	 0.000E+00	 0.000E+00	 0.000E+00	 1.693E+03	 1.957E+01
   12.2500	-1.090E-04	 8.300E-03	 9.020E+00	 8.747E+02	 2.994E+02	 0.000E+00	 5.725E+03	 5.827E+03	 5.100E+03	-2.639E+03	 4.061E+03	 4.318E+02	 3.162E+00	 3.392E+00	 2.747E+00	 1.164E-01	-7.943E-01	-2.524E-01	 3.162E+00	 1.164E-01	 0.000E+00	 0.000E+00	 0.000E+00	 1.692E+03	 1.957E+01
   12.5000	 1.396E-03	 2.388E-03	 9.023E+00	 8.755E+02	 3.129E+02	 0.000E+00	 5.753E+03	 5.831E+03	 5.065E+03	-1.900E+03	 4.668E+03	-9.703E+02	 3.211E+00	 3.383E+00	 2.700E+00	 6.867E-03	-8.863E-01	-3.796E-02	 3.211E+00	 6.867E-03	 0.000E+00	 0.000E+00	 0.000E+00	 1.694E+03	 1.958E+01
   12.7500	 1.271E-03	-1.952E-03	 9.020E+00	 8.746E+02	 3.265E+02	 0.000E+00	 5.823E+03	 5.815E+03	 5.005E+03	-1.085E+03	 3.814E+03	-8.989E+02	 3.276E+00	 3.346E+00	 2.677E+00	-1.126E-01	-7.259E-01	-8.638E-02	 3.276E+00	-1.126E-01	 0.000E+00	 0.000E+00	 0.000E+00	 1.693E+03	 1.958E+01
   13.0000	 8.598E-04	-1.492E-03	 9.024E+00	 8.757E+02	 3.400E+02	 0.000E+00	 5.897E+03	 5.679E+03	 5.102E+03	-5.862E+02	 3.700E+03	-1.291E+03	 3.337E+00	 3.256E+00	 2.723E+00	-1.697E-01	-6.999E-01	-5.480E-02	 3.337E+00	-1.697E-01	 0.000E+00	 0.000E+00	 0.000E+00	 1.695E+03	 1.958E+01
   13.2500	 3.779E-04	-2.037E-03	 9.021E+00	 8.748E+02	 3.535E+02	 0.000E+00	 5.900E+03	 5.548E+03	 5.269E+03	 1.644E+02	 4.368E+03	-2.726E+03	 3.366E+00	 3.175E+00	 2.801E+00	-2.655E-01	-8.242E-01	 1.671E-01	 3.366E+00	-2.655E-01	 0.000E+00	 0.000E+00	 0.000E+00	 1.694E+03	 1.959E+01
   13.5000	 2.628E-04	 1.502E-03	 9.025E+00	 8.756E+02	 7.077E+00	 0.000E+00	 5.899E+03	 5.496E+03	 5.346E+03	 1.295E+03	 3.694E+03	-3.145E+03	 3.391E+00	 3.107E+00	 2.861E+00	-4.286E-01	-7.223E-01	 2.185E-01	 3.391E+00	-4.286E-01	 0.000E+00	 0.000E+00	 0.000E+00	 1.695E+03	 1.959E+01
   13.7500	 6.537E-04	-2.335E-04	 9.025E+00	 8.753E+02	 2.061E+01	 0.000E+00	 5.941E+03	 5.394E+03	 5.412E+03	 2.101E+03	 2.210E+03	-2.513E+03	 3.427E+00	 3.000E+00	 2.933E+00	-5.352E-01	-4.780E-01	 9.102E-02	 3.427E+00	-5.352E-01	 0.000E+00	 0.000E+00	 0.000E+00	 1.695E+03	 1.959E+01
   14.0000	-2.775E-04	-6.306E-03	 9.026E+00	 8.755E+02	 3.415E+01	 0.000E+00	 5.951E+03	 5.206E+03	 5.561E+03	 2.599E+03	 1.930E+03	-2.682E+03	 3.441E+00	 2.877E+00	 3.029E+00	-5.900E-01	-4.526E-01	 1.107E-01	 3.441E+00	-5.900E-01	 0.000E+00	 0.000E+00	 0.000E+00	 1.696E+03	 1.959E+01
   14.2500	-1.352E-03	 4.677E-05	 9.027E+00	 8.758E+02	 4.769E+01	 0.000E+00	 5.898E+03	 5.105E+03	 5.687E+03	 3.274E+03	 1.794E+03	-3.265E+03	 3.423E+00	 2.795E+00	 3.106E+00	-6.774E-01	-4.606E-01	 2.179E-01	 3.423E+00	-6.774E-01	 0.000E+00	 0.000E+00	 0.000E+00	 1.697E+03	 1.960E+01
   14.5000	 1.983E-05	 9.163E-03	 9.026E+00	 8.753E+02	 6.123E+01	 0.000E+00	 5.854E+03	 5.095E+03	 5.708E+03	 3.998E+03	 3.478E+02	-2.512E+03	 3.401E+00	 2.743E+00	 3.159E+00	-7.820E-01	-2.421E-01	 9.815E-02	 3.401E+00	-7.820E-01	 0.000E+00	 0.000E+00	 0.000E+00	 1.696E+03	 1.960E+01
   14.7500	 1.779E-03	 2.409E-03	 9.029E+00	 8.760E+02	 7.477E+01	 0.000E+00	 5.845E+03	 5.051E+03	 5.757E+03	 4.164E+03	-9.965E+02	-1.350E+03	 3.380E+00	 2.693E+00	 3.225E+00	-7.951E-01	-3.853E-02	-8.852E-02	 3.380E+00	-7.951E-01	 0.000E+00	 0.000E+00	 0.000E+00	 1.698E+03	 1.961E+01
   15.0000	 1.100E-03	-5.711E-03	 9.027E+00	 8.754E+02	 8.832E+01	 0.000E+00	 5.777E+03	 5.018E+03	 5.861E+03	 4.054E+03	-1.057E+03	-1.178E+03	 3.329E+00	 2.681E+00	 3.296E+00	-7.660E-01	-6.329E-02	-9.337E-02	 3.329E+00	-7.660E-01	 0.000E+00	 0.000E+00	 0.000E+00	 1.697E+03	 1.961E+01
   15.2500	 2.105E-04	 4.637E-05	 9.029E+00	 8.760E+02	 1.019E+02	 0.000E+00	 5.657E+03	 5.129E+03	 5.902E+03	 4.124E+03	-1.429E+03	-8.635E+02	 3.251E+00	 2.736E+00	 3.338E+00	-7.764E-01	-3.513E-02	-1.150E-01	 3.251E+00	-7.764E-01	 0.000E+00	 0.000E+00	 0.000E+00	 1.698E+03	 1.961E+01
   15.5000	 8.156E-04	 2.808E-03	 9.028E+00	 8.756E+02	 1.154E+02	 0.000E+00	 5.570E+03	 5.283E+03	 5.880E+03	 3.970E+03	-2.721E+03	 5.612E+02	 3.173E+00	 2.812E+00	 3.364E+00	-7.564E-01	 1.622E-01	-3.297E-01	 3.173E+00	-7.564E-01	 0.000E+00	 0.000E+00	 0.000E+00	 1.698E+03	 1.961E+01
   15.7500	 8.458E-04	-2.768E-03	 9.030E+00	 8.759E+02	 1.289E+02	 0.000E+00	 5.484E+03	 5.352E+03	 5.912E+03	 3.281E+03	-3.150E+03	 1.708E+03	 3.090E+00	 2.870E+00	 3.404E+00	-6.504E-01	 2.166E-01	-4.979E-01	 3.090E+00	-6.504E-01	 0.000E+00	 0.000E+00	 0.000E+00	 1.698E+03	 1.961E+01
   16.0000	-1.333E-04	-3.896E-03	 9.031E+00	 8.760E+02	 1.425E+02	 0.000E+00	 5.344E+03	 5.437E+03	 5.968E+03	 2.535E+03	-2.594E+03	 1.870E+03	 2.980E+00	 2.945E+00	 3.437E+00	-5.381E-01	 1.036E-01	-4.905E-01	 2.980E+00	-5.381E-01	 0.000E+00	 0.000E+00	 0.000E+00	 1.699E+03	 1.962E+01
   16.2500	-7.451E-04	-8.344E-04	 9.031E+00	 8.759E+02	 1.560E+02	 0.000E+00	 5.201E+03	 5.586E+03	 5.935E+03	 2.026E+03	-2.687E+03	 2.495E+03	 2.870E+00	 3.044E+00	 3.433E+00	-4.747E-01	 1.113E-01	-5.655E-01	 2.870E+00	-4.747E-01	 0.000E+00	 0.000E+00	 0.000E+00	 1.699E+03	 1.962E+01
   16.5000	-5.839E-04	 2.057E-03	 9.032E+00	 8.763E+02	 1.696E+02	 0.000E+00	 5.126E+03	 5.691E+03	 5.877E+03	 1.231E+03	-3.146E+03	 3.733E+03	 2.791E+00	 3.117E+00	 3.418E+00	-3.665E-01	 1.977E-01	-7.548E-01	 2.791E+00	-3.665E-01	 0.000E+00	 0.000E+00	 0.000E+00	 1.700E+03	 1.962E+01
   16.7500	 3.055E-04	 4.735E-03	 9.031E+00	 8.759E+02	 1.831E+02	 0.000E+00	 5.074E+03	 5.716E+03	 5.872E+03	 1.443E+02	-2.452E+03	 4.133E+03	 2.730E+00	 3.167E+00	 3.409E+00	-2.097E-01	 8.989E-02	-8.043E-01	 2.730E+00	-2.097E-01	 0.000E+00	 0.000E+00	 0.000E+00	 1.699E+03	 1.963E+01
   17.0000	 1.330E-03	 2.238E-03	 9.033E+00	 8.763E+02	 1.967E+02	 0.000E+00	 5.027E+03	 5.777E+03	 5.851E+03	-6.574E+02	-1.326E+03	 3.809E+03	 2.687E+00	 3.236E+00	 3.377E+00	-1.037E-01	-8.953E-02	-7.306E-01	 2.687E+00	-1.037E-01	 0.000E+00	 0.000E+00	 0.000E+00	 1.700E+03	 1.963E+01
   17.2500	 1.095E-03	-3.537E-03	 9.032E+00	 8.760E+02	 2.102E+02	 0.000E+00	 5.051E+03	 5.871E+03	 5.746E+03	-1.201E+03	-1.056E+03	 4.074E+03	 2.693E+00	 3.306E+00	 3.311E+00	-4.433E-02	-1.108E-01	-7.675E-01	 2.693E+00	-4.433E-02	 0.000E+00	 0.000E+00	 0.000E+00	 1.700E+03	 1.963E+01
   17.5000	 3.376E-04	-8.211E-04	 9.033E+00	 8.762E+02	 2.238E+02	 0.000E+00	 5.163E+03	 5.899E+03	 5.638E+03	-1.930E+03	-6.902E+02	 4.452E+03	 2.748E+00	 3.342E+00	 3.243E+00	 4.889E-02	-1.407E-01	-8.354E-01	 2.748E+00	 4.889E-02	 0.000E+00	 0.000E+00	 0.000E+00	 1.700E+03	 1.963E+01
   17.7500	 7.952E-04	 3.088E-03	 9.033E+00	 8.762E+02	 2.373E+02	 0.000E+00	 5.275E+03	 5.888E+03	 5.578E+03	-2.630E+03	 6.532E+02	 3.794E+03	 2.815E+00	 3.370E+00	 3.170E+00	 1.435E-01	-3.409E-01	-7.282E-01	 2.815E+00	 1.435E-01	 0.000E+00	 0.000E+00	 0.000E+00	 1.700E+03	 1.963E+01
   18.0000	 9.490E-04	-2.980E-03	 9.033E+00	 8.762E+02	 2.509E+02	 0.000E+00	 5.360E+03	 5.925E+03	 5.470E+03	-2.832E+03	 1.779E+03	 2.886E+03	 2.882E+00	 3.413E+00	 3.073E+00	 1.572E-01	-5.053E-01	-5.824E-01	 2.882E+00	 1.572E-01	 0.000E+00	 0.000E+00	 0.000E+00	 1.701E+03	 1.963E+01
   18.2500	-4.093E-04	-5.965E-03	 9.035E+00	 8.764E+02	 2.644E+02	 0.000E+00	 5.478E+03	 5.966E+03	 5.306E+03	-2.838E+03	 2.023E+03	 2.635E+03	 2.965E+00	 3.440E+00	 2.960E+00	 1.442E-01	-5.125E-01	-5.586E-01	 2.965E+00	 1.442E-01	 0.000E+00	 0.000E+00	 0.000E+00	 1.701E+03	 1.964E+01
   18.5000	-1.105E-03	 1.313E-03	 9.035E+00	 8.763E+02	 2.780E+02	 0.000E+00	 5.605E+03	 5.926E+03	 5.191E+03	-2.945E+03	 2.622E+03	 2.152E+03	 3.053E+00	 3.431E+00	 2.863E+00	 1.581E-01	-5.832E-01	-5.021E-01	 3.053E+00	 1.581E-01	 0.000E+00	 0.000E+00	 0.000E+00	 1.701E+03	 1.964E+01
   18.7500	-8.935E-05	 5.086E-03	 9.036E+00	 8.765E+02	 2.915E+02	 0.000E+00	 5.680E+03	 5.878E+03	 5.135E+03	-2.800E+03	 3.768E+03	 8.563E+02	 3.122E+00	 3.417E+00	 2.785E+00	 1.382E-01	-7.575E-01	-3.059E-01	 3.122E+00	 1.382E-01	 0.000E+00	 0.000E+00	 0.000E+00	 1.702E+03	 1.964E+01
   19.0000	 7.530E-04	 1.305E-03	 9.035E+00	 8.763E+02	 3.051E+02	 0.000E+00	 5.731E+03	 5.876E+03	 5.058E+03	-2.195E+03	 4.161E+03	-1.427E+02	 3.182E+00	 3.408E+00	 2.717E+00	 4.608E-02	-8.066E-01	-1.632E-01	 3.182E+00	 4.608E-02	 0.000E+00	 0.000E+00	 0.000E+00	 1.702E+03	 1.964E+01
   19.2500	 8.130E-04	-3.672E-06	 9.036E+00	 8.765E+02	 3.186E+02	 0.000E+00	 5.808E+03	 5.837E+03	 5.011E+03	-1.562E+03	 3.874E+03	-4.847E+02	 3.250E+00	 3.370E+00	 2.683E+00	-4.454E-02	-7.406E-01	-1.392E-01	 3.250E+00	-4.454E-02	 0.000E+00	 0.000E+00	 0.000E+00	 1.702E+03	 1.964E+01
   19.5000	 8.841E-04	 3.568E-04	 9.035E+00	 8.764E+02	 3.322E+02	 0.000E+00	 5.869E+03	 5.730E+03	 5.078E+03	-1.038E+03	 4.079E+03	-1.221E+03	 3.308E+00	 3.301E+00	 2.706E+00	-1.083E-01	-7.678E-01	-4.695E-02	 3.308E+00	-1.083E-01	 0.000E+00	 0.000E+00	 0.000E+00	 1.702E+03	 1.965E+01
   19.7500	 8.752E-04	-3.027E-04	 9.035E+00	 8.764E+02	 3.457E+02	 0.000E+00	 5.886E+03	 5.634E+03	 5.192E+03	-2.357E+02	 4.375E+03	-2.309E+03	 3.346E+00	 3.234E+00	 2.759E+00	-2.159E-01	-8.225E-01	 1.111E-01	 3.346E+00	-2.159E-01	 0.000E+00	 0.000E+00	 0.000E+00	 1.702E+03	 1.964E+01
   20.0000	 7.958E-04	-4.046E-04	 9.036E+00	 8.765E+02	 3.593E+02	 0.000E+00	 5.906E+03	 5.566E+03	 5.273E+03	 7.811E+02	 3.728E+03	-2.687E+03	 3.382E+00	 3.160E+00	 2.818E+00	-3.592E-01	-7.185E-01	 1.506E-01	 3.382E+00	-3.592E-01	 0.000E+00	 0.000E+00	 0.000E+00	 1.702E+03	 1.965E+01
   20.2500	 4.826E-04	-2.578E-03	 9.036E+00	 8.765E+02	 1.285E+01	 0.000E+00	 5.943E+03	 5.445E+03	 5.371E+03	 1.581E+03	 2.835E+03	-2.586E+03	 3.419E+00	 3.056E+00	 2.894E+00	-4.645E-01	-5.761E-01	 1.110E-01	 3.419E+00	-4.645E-01	 0.000E+00	 0.000E+00	 0.000E+00	 1.702E+03	 1.965E+01
   20.5000	-4.560E-04	-4.058E-03	 9.037E+00	 8.767E+02	 2.641E+01	 0.000E+00	 5.949E+03	 5.289E+03	 5.513E+03	 2.214E+03	 2.528E+03	-2.917E+03	 3.436E+00	 2.944E+00	 2.985E+00	-5.404E-01	-5.435E-01	 1.559E-01	 3.436E+00	-5.404E-01	 0.000E+00	 0.000E+00	 0.000E+00	 1.703E+03	 1.965E+01
   20.7500	-9.477E-04	 1.109E-03	 9.037E+00	 8.766E+02	 3.996E+01	 0.000E+00	 5.916E+03	 5.185E+03	 5.621E+03	 2.997E+03	 1.998E+03	-3.169E+03	 3.431E+00	 2.853E+00	 3.062E+00	-6.455E-01	-4.796E-01	 1.983E-01	 3.431E+00	-6.455E-01	 0.000E+00	 0.000E+00	 0.000E+00	 1.703E+03	 1.965E+01
   21.0000	 1.649E-05	 5.309E-03	 9.038E+00	 8.767E+02	 5.352E+01	 0.000E+00	 5.893E+03	 5.122E+03	 5.675E+03	 3.696E+03	 7.419E+02	-2.610E+03	 3.422E+00	 2.775E+00	 3.127E+00	-7.418E-01	-2.907E-01	 1.069E-01	 3.422E+00	-7.418E-01	 0.000E+00	 0.000E+00	 0.000E+00	 1.703E+03	 1.965E+01
   21.2500	 9.160E-04	 9.921E-04	 9.038E+00	 8.766E+02	 6.708E+01	 0.000E+00	 5.874E+03	 5.047E+03	 5.745E+03	 3.980E+03	-2.369E+02	-1.920E+03	 3.403E+00	 2.708E+00	 3.197E+00	-7.713E-01	-1.517E-01	-5.877E-04	 3.403E+00	-7.713E-01	 0.000E+00	 0.000E+00	 0.000E+00	 1.703E+03	 1.965E+01
   21.5000	 6.934E-04	-1.492E-03	 9.038E+00	 8.767E+02	 8.063E+01	 0.000E+00	 5.811E+03	 5.018E+03	 5.832E+03	 4.091E+03	-6.167E+02	-1.646E+03	 3.359E+00	 2.684E+00	 3.263E+00	-7.767E-01	-1.214E-01	-2.626E-02	 3.359E+00	-7.767E-01	 0.000E+00	 0.000E+00	 0.000E+00	 1.703E+03	 1.965E+01
   21.7500	 6.978E-04	 1.723E-03	 9.038E+00	 8.767E+02	 9.419E+01	 0.000E+00	 5.719E+03	 5.097E+03	 5.869E+03	 4.234E+03	-1.345E+03	-1.066E+03	 3.295E+00	 2.714E+00	 3.310E+00	-7.956E-01	-3.050E-02	-9.789E-02	 3.295E+00	-7.956E-01	 0.000E+00	 0.000E+00	 0.000E+00	 1.703E+03	 1.966E+01
   22.0000	 1.188E-03	 1.064E-03	 9.038E+00	 8.766E+02	 1.077E+02	 0.000E+00	 5.639E+03	 5.204E+03	 5.879E+03	 4.103E+03	-2.370E+03	 9.611E+01	 3.226E+00	 2.768E+00	 3.349E+00	-7.755E-01	 1.172E-01	-2.691E-01	 3.226E+00	-7.755E-01	 0.000E+00	 0.000E+00	 0.000E+00	 1.703E+03	 1.966E+01
   22.2500	 9.007E-04	-3.229E-03	 9.038E+00	 8.767E+02	 1.213E+02	 0.000E+00	 5.546E+03	 5.285E+03	 5.920E+03	 3.563E+03	-2.727E+03	 9.894E+02	 3.143E+00	 2.828E+00	 3.393E+00	-6.907E-01	 1.540E-01	-3.915E-01	 3.143E+00	-6.907E-01	 0.000E+00	 0.000E+00	 0.000E+00	 1.704E+03	 1.966E+01
   22.5000	-4.500E-05	-3.460E-03	 9.039E+00	 8.767E+02	 1.349E+02	 0.000E+00	 5.412E+03	 5.395E+03	 5.954E+03	 2.987E+03	-2.641E+03	 1.482E+03	 3.039E+00	 2.908E+00	 3.424E+00	-6.057E-01	 1.182E-01	-4.416E-01	 3.039E+00	-6.057E-01	 0.000E+00	 0.000E+00	 0.000E+00	 1.704E+03	 1.966E+01
   22.7500	-5.885E-04	-8.128E-04	 9.039E+00	 8.768E+02	 1.484E+02	 0.000E+00	 5.281E+03	 5.534E+03	 5.936E+03	 2.448E+03	-2.926E+03	 2.305E+03	 2.933E+00	 2.999E+00	 3.432E+00	-5.340E-01	 1.564E-01	-5.507E-01	 2.933E+00	-5.340E-01	 0.000E+00	 0.000E+00	 0.000E+00	 1.704E+03	 1.966E+01
   23.0000	-4.997E-04	 1.460E-03	 9.039E+00	 8.768E+02	 1.620E+02	 0.000E+00	 5.184E+03	 5.629E+03	 5.908E+03	 1.637E+03	-3.116E+03	 3.305E+03	 2.841E+00	 3.073E+00	 3.430E+00	-4.203E-01	 1.892E-01	-6.957E-01	 2.841E+00	-4.203E-01	 0.000E+00	 0.000E+00	 0.000E+00	 1.704E+03	 1.966E+01
   23.2500	 7.872E-05	 2.920E-03	 9.040E+00	 8.769E+02	 1.755E+02	 0.000E+00	 5.099E+03	 5.685E+03	 5.903E+03	 6.497E+02	-2.551E+03	 3.729E+03	 2.761E+00	 3.136E+00	 3.425E+00	-2.789E-01	 9.822E-02	-7.449E-01	 2.761E+00	-2.789E-01	 0.000E+00	 0.000E+00	 0.000E+00	 1.704E+03	 1.966E+01
   23.5000	 6.984E-04	 1.527E-03	 9.040E+00	 8.768E+02	 1.891E+02	 0.000E+00	 5.034E+03	 5.761E+03	 5.870E+03	-1.423E+02	-1.862E+03	 3.829E+03	 2.702E+00	 3.208E+00	 3.397E+00	-1.740E-01	-7.789E-03	-7.418E-01	 2.702E+00	-1.740E-01	 0.000E+00	 0.000E+00	 0.000E+00	 1.704E+03	 1.966E+01
   23.7500	 7.932E-04	-3.932E-04	 9.039E+00	 8.768E+02	 2.027E+02	 0.000E+00	 5.038E+03	 5.839E+03	 5.788E+03	-8.232E+02	-1.542E+03	 4.193E+03	 2.689E+00	 3.273E+00	 3.346E+00	-9.109E-02	-4.058E-02	-7.927E-01	 2.689E+00	-9.109E-02	 0.000E+00	 0.000E+00	 0.000E+00	 1.704E+03	 1.966E+01
   24.0000	 8.224E-04	 1.012E-03	 9.039E+00	 8.768E+02	 2.162E+02	 0.000E+00	 5.114E+03	 5.870E+03	 5.707E+03	-1.629E+03	-9.267E+02	 4.380E+03	 2.721E+00	 3.316E+00	 3.288E+00	 1.460E-02	-1.177E-01	-8.219E-01	 2.721E+00	 1.460E-02	 0.000E+00	 0.000E+00	 0.000E+00	 1.704E+03	 1.966E+01
   24.2500	 1.163E-03	 8.076E-04	 9.039E+00	 8.768E+02	 2.298E+02	 0.000E+00	 5.205E+03	 5.887E+03	 5.637E+03	-2.314E+03	 2.139E+02	 3.928E+03	 2.773E+00	 3.356E+00	 3.218E+00	 1.033E-01	-2.846E-01	-7.462E-01	 2.773E+00	 1.033E-01	 0.000E+00	 0.000E+00	 0.000E+00	 1.704E+03	 1.966E+01
   24.5000	 8.428E-04	-3.554E-03	 9.040E+00	 8.769E+02	 2.433E+02	 0.000E+00	 5.302E+03	 5.928E+03	 5.525E+03	-2.641E+03	 1.098E+03	 3.370E+03	 2.841E+00	 3.400E+00	 3.126E+00	 1.349E-01	-4.053E-01	-6.583E-01	 2.841E+00	 1.349E-01	 0.000E+00	 0.000E+00	 0.000E+00	 1.704E+03	 1.966E+01
   24.7500	-2.714E-04	-4.082E-03	 9.040E+00	 8.769E+02	 2.569E+02	 0.000E+00	 5.427E+03	 5.953E+03	 5.383E+03	-2.832E+03	 1.614E+03	 3.046E+03	 2.924E+00	 3.427E+00	 3.022E+00	 1.495E-01	-4.595E-01	-6.190E-01	 2.924E+00	 1.495E-01	 0.000E+00	 0.000E+00	 0.000E+00	 1.705E+03	 1.966E+01
   25.0000	-7.087E-04	 7.127E-04	 9.041E+00	 8.770E+02	 2.705E+02	 0.000E+00	 5.547E+03	 5.931E+03	 5.270E+03	-3.011E+03	 2.431E+03	 2.408E+03	 3.009E+00	 3.431E+00	 2.922E+00	 1.710E-01	-5.678E-01	-5.316E-01	 3.009E+00	 1.710E-01	 0.000E+00	 0.000E+00	 0.000E+00	 1.705E+03	 1.967E+01
   25.2500	-1.996E-04	 2.452E-03	 9.041E+00	 8.770E+02	 2.840E+02	 0.000E+00	 5.632E+03	 5.910E+03	 5.178E+03	-2.902E+03	 3.384E+03	 1.345E+03	 3.082E+00	 3.431E+00	 2.829E+00	 1.522E-01	-7.054E-01	-3.735E-01	 3.082E+00	 1.522E-01	 0.000E+00	 0.000E+00	 0.000E+00	 1.705E+03	 1.967E+01
   25.5000	 2.203E-04	 9.100E-04	 9.041E+00	 8.770E+02	 2.976E+02	 0.000E+00	 5.702E+03	 5.902E+03	 5.080E+03	-2.453E+03	 3.785E+03	 4.961E+02	 3.150E+00	 3.424E+00	 2.746E+00	 8.225E-02	-7.513E-01	-2.564E-01	 3.150E+00	 8.225E-02	 0.000E+00	 0.000E+00	 0.000E+00	 1.705E+03	 1.967E+01
   25.7500	 4.438E-04	 1.218E-03	 9.041E+00	 8.770E+02	 3.111E+02	 0.000E+00	 5.781E+03	 5.858E+03	 5.025E+03	-1.958E+03	 3.883E+03	-1.004E+02	 3.219E+00	 3.391E+00	 2.697E+00	 1.226E-02	-7.490E-01	-1.871E-01	 3.219E+00	 1.226E-02	 0.000E+00	 0.000E+00	 0.000E+00	 1.705E+03	 1.967E+01
   26.0000	 8.445E-04	 1.667E-03	 9.041E+00	 8.769E+02	 3.247E+02	 0.000E+00	 5.839E+03	 5.775E+03	 5.056E+03	-1.426E+03	 4.212E+03	-9.584E+02	 3.278E+00	 3.337E+00	 2.695E+00	-5.621E-02	-7.948E-01	-7.332E-02	 3.278E+00	-5.621E-02	 0.000E+00	 0.000E+00	 0.000E+00	 1.705E+03	 1.967E+01
   26.2500	 1.132E-03	 4.454E-04	 9.040E+00	 8.769E+02	 3.383E+02	 0.000E+00	 5.869E+03	 5.700E+03	 5.129E+03	-6.381E+02	 4.344E+03	-1.880E+03	 3.323E+00	 3.279E+00	 2.727E+00	-1.639E-01	-8.157E-01	 5.390E-02	 3.323E+00	-1.639E-01	 0.000E+00	 0.000E+00	 0.000E+00	 1.705E+03	 1.967E+01
   26.5000	 1.054E-03	-1.126E-03	 9.040E+00	 8.769E+02	 3.518E+02	 0.000E+00	 5.901E+03	 5.622E+03	 5.210E+03	 2.883E+02	 3.870E+03	-2.330E+03	 3.366E+00	 3.206E+00	 2.780E+00	-2.928E-01	-7.372E-01	 1.023E-01	 3.366E+00	-2.928E-01	 0.000E+00	 0.000E+00	 0.000E+00	 1.705E+03	 1.967E+01
   26.7500	 5.418E-04	-2.978E-03	 9.041E+00	 8.770E+02	 5.381E+00	 0.000E+00	 5.936E+03	 5.503E+03	 5.320E+03	 1.080E+03	 3.309E+03	-2.561E+03	 3.405E+00	 3.110E+00	 2.854E+00	-3.962E-01	-6.497E-01	 1.170E-01	 3.405E+00	-3.962E-01	 0.000E+00	 0.000E+00	 0.000E+00	 1.705E+03	 1.967E+01
   27.0000	-2.923E-04	-2.986E-03	 9.041E+00	 8.770E+02	 1.894E+01	 0.000E+00	 5.944E+03	 5.366E+03	 5.455E+03	 1.823E+03	 2.951E+03	-2.946E+03	 3.426E+00	 3.006E+00	 2.940E+00	-4.906E-01	-6.056E-01	 1.671E-01	 3.426E+00	-4.906E-01	 0.000E+00	 0.000E+00	 0.000E+00	 1.705E+03	 1.967E+01
   27.2500	-6.295E-04	 5.371E-04	 9.042E+00	 8.771E+02	 3.250E+01	 0.000E+00	 5.929E+03	 5.256E+03	 5.560E+03	 2.656E+03	 2.275E+03	-3.102E+03	 3.433E+00	 2.909E+00	 3.019E+00	-6.029E-01	-5.124E-01	 1.869E-01	 3.433E+00	-6.029E-01	 0.000E+00	 0.000E+00	 0.000E+00	 1.705E+03	 1.967E+01
   27.5000	-1.520E-04	 2.519E-03	 9.042E+00	 8.771E+02	 4.607E+01	 0.000E+00	 5.917E+03	 5.161E+03	 5.636E+03	 3.361E+03	 1.217E+03	-2.751E+03	 3.433E+00	 2.816E+00	 3.091E+00	-6.973E-01	-3.558E-01	 1.265E-01	 3.433E+00	-6.973E-01	 0.000E+00	 0.000E+00	 0.000E+00	 1.706E+03	 1.967E+01
   27.7500	 2.875E-04	 7.627E-04	 9.042E+00	 8.771E+02	 5.963E+01	 0.000E+00	 5.895E+03	 5.067E+03	 5.719E+03	 3.767E+03	 3.832E+02	-2.323E+03	 3.419E+00	 2.736E+00	 3.164E+00	-7.444E-01	-2.417E-01	 6.092E-02	 3.419E+00	-7.444E-01	 0.000E+00	 0.000E+00	 0.000E+00	 1.706E+03	 1.967E+01
   28.0000	 4.180E-04	 8.747E-04	 9.042E+00	 8.771E+02	 7.319E+01	 0.000E+00	 5.841E+03	 5.027E+03	 5.797E+03	 4.047E+03	-2.273E+02	-1.993E+03	 3.383E+00	 2.694E+00	 3.230E+00	-7.754E-01	-1.703E-01	 2.180E-02	 3.383E+00	-7.754E-01	 0.000E+00	 0.000E+00	 0.000E+00	 1.706E+03	 1.967E+01
   28.2500	 8.648E-04	 2.442E-03	 9.041E+00	 8.770E+02	 8.676E+01	 0.000E+00	 5.768E+03	 5.067E+03	 5.840E+03	 4.261E+03	-1.087E+03	-1.348E+03	 3.331E+00	 2.699E+00	 3.283E+00	-8.030E-01	-5.629E-02	-6.523E-02	 3.331E+00	-8.030E-01	 0.000E+00	 0.000E+00	 0.000E+00	 1.706E+03	 1.967E+01
   28.5000	 1.317E-03	 4.637E-04	 9.041E+00	 8.770E+02	 1.003E+02	 0.000E+00	 5.695E+03	 5.139E+03	 5.870E+03	 4.186E+03	-1.969E+03	-3.897E+02	 3.270E+00	 2.734E+00	 3.329E+00	-7.881E-01	 6.464E-02	-2.027E-01	 3.270E+00	-7.881E-01	 0.000E+00	 0.000E+00	 0.000E+00	 1.706E+03	 1.967E+01
   28.7500	 9.962E-04	-2.742E-03	 9.041E+00	 8.770E+02	 1.139E+02	 0.000E+00	 5.602E+03	 5.224E+03	 5.912E+03	 3.806E+03	-2.391E+03	 4.126E+02	 3.192E+00	 2.789E+00	 3.375E+00	-7.270E-01	 1.086E-01	-3.097E-01	 3.192E+00	-7.270E-01	 0.000E+00	 0.000E+00	 0.000E+00	 1.706E+03	 1.967E+01
   29.0000	 2.140E-04	-2.949E-03	 9.042E+00	 8.770E+02	 1.274E+02	 0.000E+00	 5.478E+03	 5.342E+03	 5.941E+03	 3.355E+03	-2.616E+03	 1.089E+03	 3.095E+00	 2.867E+00	 3.409E+00	-6.605E-01	 1.235E-01	-3.920E-01	 3.095E+00	-6.605E-01	 0.000E+00	 0.000E+00	 0.000E+00	 1.706E+03	 1.967E+01
   29.2500	-3.182E-04	-1.212E-03	 9.042E+00	 8.771E+02	 1.410E+02	 0.000E+00	 5.354E+03	 5.474E+03	 5.937E+03	 2.823E+03	-2.973E+03	 1.978E+03	 2.993E+00	 2.953E+00	 3.426E+00	-5.868E-01	 1.699E-01	-5.122E-01	 2.993E+00	-5.868E-01	 0.000E+00	 0.000E+00	 0.000E+00	 1.706E+03	 1.967E+01
   29.5000	-4.211E-04	 3.207E-04	 9.042E+00	 8.771E+02	 1.546E+02	 0.000E+00	 5.244E+03	 5.572E+03	 5.927E+03	 2.041E+03	-3.079E+03	 2.867E+03	 2.894E+00	 3.030E+00	 3.435E+00	-4.752E-01	 1.824E-01	-6.355E-01	 2.894E+00	-4.752E-01	 0.000E+00	 0.000E+00	 0.000E+00	 1.706E+03	 1.967E+01
   29.7500	-1.796E-04	 1.438E-03	 9.043E+00	 8.771E+02	 1.681E+02	 0.000E+00	 5.139E+03	 5.649E+03	 5.921E+03	 1.143E+03	-2.701E+03	 3.387E+03	 2.800E+00	 3.101E+00	 3.434E+00	-3.473E-01	 1.188E-01	-6.980E-01	 2.800E+00	-3.473E-01	 0.000E+00	 0.000E+00	 0.000E+00	 1.706E+03	 1.968E+01
   30.0000	 2.122E-04	 1.491E-03	 9.043E+00	 8.771E+02	 1.817E+02	 0.000E+00	 5.056E+03	 5.733E+03	 5.888E+03	 3.487E+02	-2.265E+03	 3.744E+03	 2.727E+00	 3.175E+00	 3.413E+00	-2.412E-01	 5.311E-02	-7.368E-01	 2.727E+00	-2.412E-01	 0.000E+00	 0.000E+00	 0.000E+00	 1.706E+03	 1.968E+01
   30.2500	 5.607E-04	 1.442E-03	 9.042E+00	 8.771E+02	 1.953E+02	 0.000E+00	 5.035E+03	 5.805E+03	 5.825E+03	-4.273E+02	-1.903E+03	 4.158E+03	 2.694E+00	 3.239E+00	 3.374E+00	-1.409E-01	 9.599E-03	-7.927E-01	 2.694E+00	-1.409E-01	 0.000E+00	 0.000E+00	 0.000E+00	 1.706E+03	 1.968E+01
   30.5000	 9.796E-04	 1.837E-03	 9.042E+00	 8.771E+02	 2.088E+02	 0.000E+00	 5.075E+03	 5.844E+03	 5.760E+03	-1.269E+03	-1.224E+03	 4.320E+03	 2.702E+00	 3.289E+00	 3.324E+00	-2.943E-02	-8.251E-02	-8.128E-01	 2.702E+00	-2.943E-02	 0.000E+00	 0.000E+00	 0.000E+00	 1.706E+03	 1.968E+01
   30.7500	 1.290E-03	 1.242E-04	 9.042E+00	 8.771E+02	 2.224E+02	 0.000E+00	 5.145E+03	 5.878E+03	 5.687E+03	-1.971E+03	-2.649E+02	 4.064E+03	 2.740E+00	 3.337E+00	 3.260E+00	 6.006E-02	-2.196E-01	-7.670E-01	 2.740E+00	 6.006E-02	 0.000E+00	 0.000E+00	 0.000E+00	 1.706E+03	 1.968E+01
   31.0000	 9.045E-04	-3.028E-03	 9.042E+00	 8.771E+02	 2.359E+02	 0.000E+00	 5.243E+03	 5.919E+03	 5.582E+03	-2.417E+03	 5.300E+02	 3.716E+03	 2.801E+00	 3.382E+00	 3.176E+00	 1.088E-01	-3.249E-01	-7.122E-01	 2.801E+00	 1.088E-01	 0.000E+00	 0.000E+00	 0.000E+00	 1.706E+03	 1.968E+01
   31.2500	 5.205E-05	-3.039E-03	 9.042E+00	 8.771E+02	 2.495E+02	 0.000E+00	 5.368E+03	 5.941E+03	 5.456E+03	-2.756E+03	 1.219E+03	 3.366E+03	 2.881E+00	 3.412E+00	 3.079E+00	 1.451E-01	-4.093E-01	-6.651E-01	 2.881E+00	 1.451E-01	 0.000E+00	 0.000E+00	 0.000E+00	 1.706E+03	 1.968E+01
   31.5000	-3.683E-04	-3.144E-04	 9.043E+00	 8.771E+02	 2.631E+02	 0.000E+00	 5.487E+03	 5.935E+03	 5.341E+03	-3.000E+03	 2.109E+03	 2.720E+03	 2.964E+00	 3.428E+00	 2.980E+00	 1.734E-01	-5.299E-01	-5.726E-01	 2.964E+00	 1.734E-01	 0.000E+00	 0.000E+00	 0.000E+00	 1.706E+03	 1.968E+01
   31.7500	-2.870E-04	 5.636E-04	 9.043E+00	 8.772E+02	 2.766E+02	 0.000E+00	 5.581E+03	 5.928E+03	 5.230E+03	-2.964E+03	 2.967E+03	 1.826E+03	 3.041E+00	 3.436E+00	 2.879E+00	 1.619E-01	-6.483E-01	-4.417E-01	 3.041E+00	 1.619E-01	 0.000E+00	 0.000E+00	 0.000E+00	 1.706E+03	 1.968E+01
   32.0000	-1.595E-04	 5.700E-04	 9.043E+00	 8.772E+02	 2.902E+02	 0.000E+00	 5.666E+03	 5.919E+03	 5.119E+03	-2.666E+03	 3.459E+03	 1.035E+03	 3.114E+00	 3.433E+00	 2.786E+00	 1.135E-01	-7.067E-01	-3.330E-01	 3.114E+00	 1.135E-01	 0.000E+00	 0.000E+00	 0.000E+00	 1.706E+03	 1.968E+01
   32.2500	 1.296E-04	 1.867E-03	 9.043E+00	 8.772E+02	 3.038E+02	 0.000E+00	 5.748E+03	 5.879E+03	 5.048E+03	-2.281E+03	 3.806E+03	 3.019E+02	 3.185E+00	 3.408E+00	 2.720E+00	 5.859E-02	-7.447E-01	-2.385E-01	 3.185E+00	 5.859E-02	 0.000E+00	 0.000E+00	 0.000E+00	 1.706E+03	 1.968E+01
   32.5000	 7.007E-04	 2.411E-03	 9.043E+00	 8.772E+02	 3.173E+02	 0.000E+00	 5.808E+03	 5.815E+03	 5.043E+03	-1.773E+03	 4.193E+03	-5.928E+02	 3.246E+00	 3.367E+00	 2.695E+00	-9.363E-03	-7.971E-01	-1.177E-01	 3.246E+00	-9.363E-03	 0.000E+00	 0.000E+00	 0.000E+00	 1.706E+03	 1.968E+01
   32.7500	 1.162E-03	 1.083E-03	 9.042E+00	 8.771E+02	 3.309E+02	 0.000E+00	 5.849E+03	 5.752E+03	 5.083E+03	-1.033E+03	 4.307E+03	-1.447E+03	 3.298E+00	 3.316E+00	 2.705E+00	-1.117E-01	-8.100E-01	-3.431E-03	 3.298E+00	-1.117E-01	 0.000E+00	 0.000E+00	 0.000E+00	 1.706E+03	 1.968E+01
   33.0000	 1.183E-03	-8.916E-04	 9.042E+00	 8.771E+02	 3.445E+02	 0.000E+00	 5.889E+03	 5.673E+03	 5.154E+03	-1.901E+02	 4.021E+03	-2.003E+03	 3.345E+00	 3.249E+00	 2.746E+00	-2.277E-01	-7.600E-01	 6.084E-02	 3.345E+00	-2.277E-01	 0.000E+00	 0.000E+00	 0.000E+00	 1.706E+03	 1.968E+01
   33.2500	 7.220E-04	-2.626E-03	 9.042E+00	 8.771E+02	 3.580E+02	 0.000E+00	 5.924E+03	 5.562E+03	 5.263E+03	 6.008E+02	 3.661E+03	-2.434E+03	 3.387E+00	 3.161E+00	 2.814E+00	-3.316E-01	-7.043E-01	 1.075E-01	 3.387E+00	-3.316E-01	 0.000E+00	 0.000E+00	 0.000E+00	 1.706E+03	 1.968E+01
   33.5000	 2.330E-05	-2.542E-03	 9.043E+00	 8.771E+02	 1.159E+01	 0.000E+00	 5.937E+03	 5.439E+03	 5.391E+03	 1.410E+03	 3.282E+03	-2.863E+03	 3.414E+00	 3.064E+00	 2.895E+00	-4.372E-01	-6.531E-01	 1.610E-01	 3.414E+00	-4.372E-01	 0.000E+00	 0.000E+00	 0.000E+00	 1.706E+03	 1.968E+01
   33.7500	-3.603E-04	-4.214E-04	 9.043E+00	 8.772E+02	 2.515E+01	 0.000E+00	 5.936E+03	 5.325E+03	 5.500E+03	 2.267E+03	 2.599E+03	-3.037E+03	 3.430E+00	 2.965E+00	 2.975E+00	-5.527E-01	-5.551E-01	 1.787E-01	 3.430E+00	-5.527E-01	 0.000E+00	 0.000E+00	 0.000E+00	 1.706E+03	 1.968E+01
   34.0000	-2.954E-04	 6.541E-04	 9.043E+00	 8.772E+02	 3.872E+01	 0.000E+00	 5.931E+03	 5.211E+03	 5.592E+03	 2.998E+03	 1.700E+03	-2.869E+03	 3.437E+00	 2.864E+00	 3.052E+00	-6.492E-01	-4.239E-01	 1.452E-01	 3.437E+00	-6.492E-01	 0.000E+00	 0.000E+00	 0.000E+00	 1.706E+03	 1.968E+01
   34.2500	-1.280E-04	 7.131E-04	 9.044E+00	 8.772E+02	 5.228E+01	 0.000E+00	 5.912E+03	 5.105E+03	 5.682E+03	 3.518E+03	 9.166E+02	-2.606E+03	 3.429E+00	 2.773E+00	 3.127E+00	-7.129E-01	-3.172E-01	 1.042E-01	 3.429E+00	-7.129E-01	 0.000E+00	 0.000E+00	 0.000E+00	 1.707E+03	 1.968E+01
   34.5000	 1.707E-04	 1.927E-03	 9.043E+00	 8.772E+02	 6.585E+01	 0.000E+00	 5.867E+03	 5.045E+03	 5.760E+03	 3.930E+03	 1.723E+02	-2.275E+03	 3.403E+00	 2.714E+00	 3.195E+00	-7.636E-01	-2.213E-01	 6.035E-02	 3.403E+00	-7.636E-01	 0.000E+00	 0.000E+00	 0.000E+00	 1.707E+03	 1.968E+01
   34.7500	 7.978E-04	 2.727E-03	 9.043E+00	 8.772E+02	 7.941E+01	 0.000E+00	 5.809E+03	 5.047E+03	 5.812E+03	 4.216E+03	-7.262E+02	-1.663E+03	 3.361E+00	 2.694E+00	 3.253E+00	-7.997E-01	-9.984E-02	-2.476E-02	 3.361E+00	-7.997E-01	 0.000E+00	 0.000E+00	 0.000E+00	 1.707E+03	 1.968E+01
   35.0000	 1.276E-03	 7.124E-04	 9.043E+00	 8.771E+02	 9.298E+01	 0.000E+00	 5.743E+03	 5.091E+03	 5.855E+03	 4.230E+03	-1.551E+03	-8.515E+02	 3.307E+00	 2.709E+00	 3.306E+00	-7.958E-01	 9.559E-03	-1.391E-01	 3.307E+00	-7.958E-01	 0.000E+00	 0.000E+00	 0.000E+00	 1.706E+03	 1.968E+01
   35.2500	 1.101E-03	-1.842E-03	 9.043E+00	 8.771E+02	 1.065E+02	 0.000E+00	 5.655E+03	 5.168E+03	 5.898E+03	 3.998E+03	-2.079E+03	-9.003E+01	 3.236E+00	 2.755E+00	 3.354E+00	-7.564E-01	 6.949E-02	-2.402E-01	 3.236E+00	-7.564E-01	 0.000E+00	 0.000E+00	 0.000E+00	 1.706E+03	 1.968E+01
   35.5000	 5.284E-04	-2.406E-03	 9.043E+00	 8.771E+02	 1.201E+02	 0.000E+00	 5.542E+03	 5.284E+03	 5.927E+03	 3.653E+03	-2.501E+03	 6.763E+02	 3.147E+00	 2.827E+00	 3.391E+00	-7.049E-01	 1.154E-01	-3.391E-01	 3.147E+00	-7.049E-01	 0.000E+00	 0.000E+00	 0.000E+00	 1.706E+03	 1.968E+01
   35.7500	 5.241E-06	-1.706E-03	 9.043E+00	 8.772E+02	 1.337E+02	 0.000E+00	 5.424E+03	 5.409E+03	 5.935E+03	 3.158E+03	-2.905E+03	 1.576E+03	 3.050E+00	 2.908E+00	 3.417E+00	-6.343E-01	 1.657E-01	-4.609E-01	 3.050E+00	-6.343E-01	 0.000E+00	 0.000E+00	 0.000E+00	 1.706E+03	 1.968E+01
   36.0000	-3.024E-04	-7.211E-04	 9.043E+00	 8.772E+02	 1.472E+02	 0.000E+00	 5.308E+03	 5.514E+03	 5.937E+03	 2.437E+03	-3.033E+03	 2.426E+03	 2.949E+00	 2.987E+00	 3.433E+00	-5.303E-01	 1.768E-01	-5.756E-01	 2.949E+00	-5.303E-01	 0.000E+00	 0.000E+00	 0.000E+00	 1.707E+03	 1.968E+01
   36.2500	-3.544E-04	 3.663E-04	 9.044E+00	 8.772E+02	 1.608E+02	 0.000E+00	 5.190E+03	 5.607E+03	 5.933E+03	 1.617E+03	-2.836E+03	 3.048E+03	 2.848E+00	 3.064E+00	 3.438E+00	-4.138E-01	 1.397E-01	-6.534E-01	 2.848E+00	-4.138E-01	 0.000E+00	 0.000E+00	 0.000E+00	 1.707E+03	 1.968E+01
   36.5000	-1.314E-04	 1.397E-03	 9.044E+00	 8.773E+02	 1.744E+02	 0.000E+00	 5.093E+03	 5.696E+03	 5.905E+03	 8.216E+02	-2.559E+03	 3.566E+03	 2.762E+00	 3.139E+00	 3.425E+00	-3.058E-01	 9.753E-02	-7.174E-01	 2.762E+00	-3.058E-01	 0.000E+00	 0.000E+00	 0.000E+00	 1.707E+03	 1.968E+01
   36.7500	 3.145E-04	 2.174E-03	 9.044E+00	 8.772E+02	 1.879E+02	 0.000E+00	 5.045E+03	 5.769E+03	 5.857E+03	-6.862E+00	-2.197E+03	 4.031E+03	 2.709E+00	 3.205E+00	 3.397E+00	-1.953E-01	 4.965E-02	-7.787E-01	 2.709E+00	-1.953E-01	 0.000E+00	 0.000E+00	 0.000E+00	 1.707E+03	 1.968E+01
   37.0000	 9.032E-04	 2.246E-03	 9.043E+00	 8.772E+02	 2.015E+02	 0.000E+00	 5.050E+03	 5.819E+03	 5.802E+03	-8.673E+02	-1.550E+03	 4.245E+03	 2.694E+00	 3.261E+00	 3.355E+00	-8.046E-02	-4.048E-02	-8.035E-01	 2.694E+00	-8.046E-02	 0.000E+00	 0.000E+00	 0.000E+00	 1.707E+03	 1.968E+01
   37.2500	 1.270E-03	 3.791E-04	 9.043E+00	 8.772E+02	 2.151E+02	 0.000E+00	 5.098E+03	 5.863E+03	 5.733E+03	-1.602E+03	-7.312E+02	 4.161E+03	 2.714E+00	 3.314E+00	 3.297E+00	 1.328E-02	-1.555E-01	-7.834E-01	 2.714E+00	 1.328E-02	 0.000E+00	 0.000E+00	 0.000E+00	 1.707E+03	 1.968E+01
   37.5000	 1.028E-03	-2.121E-03	 9.043E+00	 8.772E+02	 2.286E+02	 0.000E+00	 5.187E+03	 5.904E+03	 5.636E+03	-2.157E+03	 2.888E+01	 3.956E+03	 2.765E+00	 3.361E+00	 3.222E+00	 7.827E-02	-2.558E-01	-7.499E-01	 2.765E+00	 7.827E-02	 0.000E+00	 0.000E+00	 0.000E+00	 1.706E+03	 1.968E+01
   37.7500	 4.167E-04	-2.379E-03	 9.043E+00	 8.772E+02	 2.422E+02	 0.000E+00	 5.305E+03	 5.929E+03	 5.524E+03	-2.611E+03	 8.077E+02	 3.632E+03	 2.839E+00	 3.395E+00	 3.133E+00	 1.310E-01	-3.565E-01	-7.033E-01	 2.839E+00	 1.310E-01	 0.000E+00	 0.000E+00	 0.000E+00	 1.706E+03	 1.968E+01
   38.0000	-4.396E-05	-1.293E-03	 9.043E+00	 8.772E+02	 2.558E+02	 0.000E+00	 5.425E+03	 5.935E+03	 5.409E+03	-2.926E+03	 1.711E+03	 3.044E+03	 2.920E+00	 3.420E+00	 3.036E+00	 1.671E-01	-4.791E-01	-6.176E-01	 2.920E+00	 1.671E-01	 0.000E+00	 0.000E+00	 0.000E+00	 1.707E+03	 1.968E+01
   38.2500	-2.796E-04	-7.306E-04	 9.044E+00	 8.772E+02	 2.693E+02	 0.000E+00	 5.528E+03	 5.938E+03	 5.289E+03	-2.985E+03	 2.537E+03	 2.277E+03	 2.999E+00	 3.435E+00	 2.932E+00	 1.672E-01	-5.901E-01	-5.061E-01	 2.999E+00	 1.672E-01	 0.000E+00	 0.000E+00	 0.000E+00	 1.707E+03	 1.968E+01
   38.5000	-3.771E-04	 1.671E-04	 9.044E+00	 8.773E+02	 2.829E+02	 0.000E+00	 5.624E+03	 5.930E+03	 5.171E+03	-2.825E+03	 3.135E+03	 1.519E+03	 3.076E+00	 3.438E+00	 2.833E+00	 1.380E-01	-6.643E-01	-4.010E-01	 3.076E+00	 1.380E-01	 0.000E+00	 0.000E+00	 0.000E+00	 1.707E+03	 1.968E+01
   38.7500	-1.290E-04	 1.832E-03	 9.044E+00	 8.773E+02	 2.965E+02	 0.000E+00	 5.709E+03	 5.898E+03	 5.083E+03	-2.539E+03	 3.642E+03	 7.252E+02	 3.149E+00	 3.422E+00	 2.753E+00	 9.595E-02	-7.271E-01	-2.943E-01	 3.149E+00	 9.595E-02	 0.000E+00	 0.000E+00	 0.000E+00	 1.707E+03	 1.968E+01
   39.0000	 4.634E-04	 2.605E-03	 9.044E+00	 8.772E+02	 3.100E+02	 0.000E+00	 5.776E+03	 5.849E+03	 5.045E+03	-2.082E+03	 4.081E+03	-1.714E+02	 3.213E+00	 3.391E+00	 2.705E+00	 3.268E-02	-7.850E-01	-1.720E-01	 3.213E+00	 3.268E-02	 0.000E+00	 0.000E+00	 0.000E+00	 1.707E+03	 1.968E+01
   39.2500	 1.024E-03	 1.606E-03	 9.043E+00	 8.772E+02	 3.236E+02	 0.000E+00	 5.826E+03	 5.793E+03	 5.053E+03	-1.414E+03	 4.251E+03	-1.009E+03	 3.270E+00	 3.348E+00	 2.694E+00	-6.042E-02	-8.033E-01	-6.090E-02	 3.270E+00	-6.042E-02	 0.000E+00	 0.000E+00	 0.000E+00	 1.707E+03	 1.968E+01
   39.5000	 1.209E-03	-1.905E-04	 9.043E+00	 8.772E+02	 3.371E+02	 0.000E+00	 5.872E+03	 5.719E+03	 5.107E+03	-6.456E+02	 4.137E+03	-1.663E+03	 3.322E+00	 3.287E+00	 2.719E+00	-1.656E-01	-7.790E-01	 1.876E-02	 3.322E+00	-1.656E-01	 0.000E+00	 0.000E+00	 0.000E+00	 1.707E+03	 1.968E+01
   39.7500	 9.268E-04	-1.940E-03	 9.043E+00	 8.772E+02	 3.507E+02	 0.000E+00	 5.908E+03	 5.619E+03	 5.206E+03	 1.384E+02	 3.915E+03	-2.225E+03	 3.366E+00	 3.209E+00	 2.777E+00	-2.695E-01	-7.437E-01	 8.550E-02	 3.366E+00	-2.695E-01	 0.000E+00	 0.000E+00	 0.000E+00	 1.707E+03	 1.968E+01
   40.0000	 3.775E-04	-2.204E-03	 9.043E+00	 8.772E+02	 4.277E+00	 0.000E+00	 5.929E+03	 5.507E+03	 5.326E+03	 9.768E+02	 3.558E+03	-2.706E+03	 3.399E+00	 3.119E+00	 2.852E+00	-3.807E-01	-6.927E-01	 1.443E-01	 3.399E+00	-3.807E-01	 0.000E+00	 0.000E+00	 0.000E+00	 1.707E+03	 1.968E+01
   40.2500	-9.186E-05	-1.424E-03	 9.044E+00	 8.772E+02	 1.784E+01	 0.000E+00	 5.937E+03	 5.391E+03	 5.440E+03	 1.845E+03	 2.935E+03	-2.950E+03	 3.423E+00	 3.020E+00	 2.931E+00	-4.972E-01	-6.017E-01	 1.694E-01	 3.423E+00	-4.972E-01	 0.000E+00	 0.000E+00	 0.000E+00	 1.707E+03	 1.968E+01
   40.5000	-3.268E-04	-5.853E-04	 9.044E+00	 8.773E+02	 3.141E+01	 0.000E+00	 5.939E+03	 5.270E+03	 5.542E+03	 2.610E+03	 2.159E+03	-2.939E+03	 3.437E+00	 2.916E+00	 3.011E+00	-5.978E-01	-4.893E-01	 1.583E-01	 3.437E+00	-5.978E-01	 0.000E+00	 0.000E+00	 0.000E+00	 1.707E+03	 1.968E+01
   40.7500	-3.654E-04	 4.145E-04	 9.044E+00	 8.773E+02	 4.497E+01	 0.000E+00	 5.925E+03	 5.155E+03	 5.640E+03	 3.229E+03	 1.399E+03	-2.799E+03	 3.436E+00	 2.818E+00	 3.089E+00	-6.762E-01	-3.849E-01	 1.341E-01	 3.436E+00	-6.762E-01	 0.000E+00	 0.000E+00	 0.000E+00	 1.707E+03	 1.968E+01
   41.0000	-6.492E-05	 2.020E-03	 9.044E+00	 8.773E+02	 5.854E+01	 0.000E+00	 5.890E+03	 5.074E+03	 5.721E+03	 3.745E+03	 5.927E+02	-2.510E+03	 3.418E+00	 2.743E+00	 3.159E+00	-7.420E-01	-2.763E-01	 9.305E-02	 3.418E+00	-7.420E-01	 0.000E+00	 0.000E+00	 0.000E+00	 1.707E+03	 1.968E+01
   41.2500	 5.770E-04	 2.733E-03	 9.044E+00	 8.773E+02	 7.211E+01	 0.000E+00	 5.843E+03	 5.043E+03	 5.783E+03	 4.109E+03	-3.073E+02	-1.974E+03	 3.386E+00	 2.701E+00	 3.222E+00	-7.877E-01	-1.537E-01	 1.709E-02	 3.386E+00	-7.877E-01	 0.000E+00	 0.000E+00	 0.000E+00	 1.707E+03	 1.968E+01
   41.5000	 1.111E-03	 1.248E-03	 9.043E+00	 8.772E+02	 8.567E+01	 0.000E+00	 5.784E+03	 5.058E+03	 5.834E+03	 4.227E+03	-1.123E+03	-1.277E+03	 3.339E+00	 2.695E+00	 3.279E+00	-7.978E-01	-4.652E-02	-8.042E-02	 3.339E+00	-7.978E-01	 0.000E+00	 0.000E+00	 0.000E+00	 1.707E+03	 1.968E+01
   41.7500	 1.159E-03	-7.985E-04	 9.043E+00	 8.772E+02	 9.924E+01	 0.000E+00	 5.703E+03	 5.119E+03	 5.880E+03	 4.131E+03	-1.755E+03	-5.483E+02	 3.276E+00	 2.726E+00	 3.330E+00	-7.780E-01	 2.966E-02	-1.778E-01	 3.276E+00	-7.780E-01	 0.000E+00	 0.000E+00	 0.000E+00	 1.707E+03	 1.968E+01
   42.0000	 8.203E-04	-1.746E-03	 9.043E+00	 8.772E+02	 1.128E+02	 0.000E+00	 5.602E+03	 5.224E+03	 5.912E+03	 3.886E+03	-2.306E+03	 2.476E+02	 3.196E+00	 2.788E+00	 3.371E+00	-7.401E-01	 9.526E-02	-2.831E-01	 3.196E+00	-7.401E-01	 0.000E+00	 0.000E+00	 0.000E+00	 1.707E+03	 1.968E+01
   42.2500	 3.437E-04	-1.978E-03	 9.043E+00	 8.772E+02	 1.264E+02	 0.000E+00	 5.491E+03	 5.344E+03	 5.929E+03	 3.454E+03	-2.761E+03	 1.137E+03	 3.104E+00	 2.864E+00	 3.403E+00	-6.768E-01	 1.507E-01	-4.032E-01	 3.104E+00	-6.768E-01	 0.000E+00	 0.000E+00	 0.000E+00	 1.707E+03	 1.968E+01
   42.5000	-1.241E-04	-1.600E-03	 9.044E+00	 8.772E+02	 1.399E+02	 0.000E+00	 5.372E+03	 5.455E+03	 5.940E+03	 2.814E+03	-2.964E+03	 1.980E+03	 3.004E+00	 2.943E+00	 3.427E+00	-5.836E-01	 1.699E-01	-5.158E-01	 3.004E+00	-5.836E-01	 0.000E+00	 0.000E+00	 0.000E+00	 1.707E+03	 1.968E+01
   42.7500	-3.988E-04	-5.347E-04	 9.044E+00	 8.773E+02	 1.535E+02	 0.000E+00	 5.249E+03	 5.558E+03	 5.939E+03	 2.066E+03	-2.925E+03	 2.687E+03	 2.900E+00	 3.023E+00	 3.438E+00	-4.772E-01	 1.553E-01	-6.065E-01	 2.900E+00	-4.772E-01	 0.000E+00	 0.000E+00	 0.000E+00	 1.707E+03	 1.968E+01
   43.0000	-3.496E-04	 9.229E-04	 9.044E+00	 8.773E+02	 1.671E+02	 0.000E+00	 5.141E+03	 5.654E+03	 5.919E+03	 1.280E+03	-2.766E+03	 3.314E+03	 2.805E+00	 3.100E+00	 3.433E+00	-3.689E-01	 1.291E-01	-6.868E-01	 2.805E+00	-3.689E-01	 0.000E+00	 0.000E+00	 0.000E+00	 1.707E+03	 1.968E+01
   43.2500	 5.531E-05	 2.215E-03	 9.044E+00	 8.773E+02	 1.806E+02	 0.000E+00	 5.068E+03	 5.731E+03	 5.883E+03	 4.325E+02	-2.444E+03	 3.839E+03	 2.735E+00	 3.169E+00	 3.414E+00	-2.535E-01	 8.368E-02	-7.552E-01	 2.735E+00	-2.535E-01	 0.000E+00	 0.000E+00	 0.000E+00	 1.707E+03	 1.968E+01
   43.5000	 6.758E-04	 2.470E-03	 9.044E+00	 8.773E+02	 1.942E+02	 0.000E+00	 5.041E+03	 5.791E+03	 5.836E+03	-4.358E+02	-1.875E+03	 4.138E+03	 2.697E+00	 3.231E+00	 3.380E+00	-1.366E-01	 3.076E-03	-7.908E-01	 2.697E+00	-1.366E-01	 0.000E+00	 0.000E+00	 0.000E+00	 1.707E+03	 1.968E+01
   43.7500	 1.137E-03	 9.892E-04	 9.043E+00	 8.772E+02	 2.078E+02	 0.000E+00	 5.063E+03	 5.842E+03	 5.773E+03	-1.209E+03	-1.165E+03	 4.202E+03	 2.698E+00	 3.288E+00	 3.331E+00	-3.692E-02	-9.563E-02	-7.923E-01	 2.698E+00	-3.692E-02	 0.000E+00	 0.000E+00	 0.000E+00	 1.707E+03	 1.968E+01
   44.0000	 1.125E-03	-1.004E-03	 9.043E+00	 8.772E+02	 2.213E+02	 0.000E+00	 5.135E+03	 5.886E+03	 5.687E+03	-1.856E+03	-4.308E+02	 4.114E+03	 2.735E+00	 3.337E+00	 3.264E+00	 4.222E-02	-1.933E-01	-7.753E-01	 2.735E+00	 4.222E-02	 0.000E+00	 0.000E+00	 0.000E+00	 1.707E+03	 1.968E+01
   44.2500	 7.476E-04	-1.796E-03	 9.043E+00	 8.772E+02	 2.349E+02	 0.000E+00	 5.243E+03	 5.915E+03	 5.586E+03	-2.403E+03	 3.798E+02	 3.852E+03	 2.799E+00	 3.377E+00	 3.183E+00	 1.081E-01	-3.008E-01	-7.356E-01	 2.799E+00	 1.081E-01	 0.000E+00	 0.000E+00	 0.000E+00	 1.707E+03	 1.968E+01
   44.5000	 2.795E-04	-1.897E-03	 9.043E+00	 8.772E+02	 2.485E+02	 0.000E+00	 5.360E+03	 5.931E+03	 5.475E+03	-2.795E+03	 1.273E+03	 3.351E+03	 2.876E+00	 3.408E+00	 3.090E+00	 1.534E-01	-4.215E-01	-6.614E-01	 2.876E+00	 1.534E-01	 0.000E+00	 0.000E+00	 0.000E+00	 1.707E+03	 1.968E+01
   44.7500	-1.676E-04	-1.576E-03	 9.044E+00	 8.773E+02	 2.620E+02	 0.000E+00	 5.472E+03	 5.941E+03	 5.353E+03	-2.959E+03	 2.099E+03	 2.690E+03	 2.956E+00	 3.430E+00	 2.988E+00	 1.671E-01	-5.312E-01	-5.653E-01	 2.956E+00	 1.671E-01	 0.000E+00	 0.000E+00	 0.000E+00	 1.707E+03	 1.968E+01
   45.0000	-4.435E-04	-4.485E-04	 9.044E+00	 8.773E+02	 2.756E+02	 0.000E+00	 5.575E+03	 5.938E+03	 5.230E+03	-2.926E+03	 2.789E+03	 1.966E+03	 3.036E+00	 3.438E+00	 2.884E+00	 1.551E-01	-6.194E-01	-4.640E-01	 3.036E+00	 1.551E-01	 0.000E+00	 0.000E+00	 0.000E+00	 1.707E+03	 1.968E+01
   45.2500	-3.251E-04	 1.357E-03	 9.044E+00	 8.773E+02	 2.892E+02	 0.000E+00	 5.667E+03	 5.914E+03	 5.127E+03	-2.736E+03	 3.403E+03	 1.162E+03	 3.111E+00	 3.431E+00	 2.793E+00	 1.251E-01	-6.984E-01	-3.531E-01	 3.111E+00	 1.251E-01	 0.000E+00	 0.000E+00	 0.000E+00	 1.707E+03	 1.968E+01
   45.5000	 1.830E-04	 2.457E-03	 9.044E+00	 8.773E+02	 3.027E+02	 0.000E+00	 5.740E+03	 5.877E+03	 5.061E+03	-2.352E+03	 3.902E+03	 2.775E+02	 3.179E+00	 3.410E+00	 2.727E+00	 6.999E-02	-7.632E-01	-2.317E-01	 3.179E+00	 6.999E-02	 0.000E+00	 0.000E+00	 0.000E+00	 1.707E+03	 1.968E+01
   45.7500	 7.749E-04	 2.085E-03	 9.044E+00	 8.773E+02	 3.163E+02	 0.000E+00	 5.800E+03	 5.829E+03	 5.040E+03	-1.770E+03	 4.162E+03	-5.651E+02	 3.240E+00	 3.374E+00	 2.694E+00	-1.190E-02	-7.930E-01	-1.194E-01	 3.240E+00	-1.190E-02	 0.000E+00	 0.000E+00	 0.000E+00	 1.707E+03	 1.968E+01
   46.0000	 1.131E-03	 6.596E-04	 9.043E+00	 8.772E+02	 3.299E+02	 0.000E+00	 5.850E+03	 5.761E+03	 5.071E+03	-1.073E+03	 4.197E+03	-1.297E+03	 3.296E+00	 3.321E+00	 2.701E+00	-1.074E-01	-7.907E-01	-2.700E-02	 3.296E+00	-1.074E-01	 0.000E+00	 0.000E+00	 0.000E+00	 1.707E+03	 1.968E+01
   46.2500	 1.085E-03	-9.635E-04	 9.043E+00	 8.772E+02	 3.434E+02	 0.000E+00	 5.890E+03	 5.672E+03	 5.151E+03	-3.088E+02	 4.087E+03	-1.950E+03	 3.344E+00	 3.252E+00	 2.744E+00	-2.095E-01	-7.710E-01	 5.377E-02	 3.344E+00	-2.095E-01	 0.000E+00	 0.000E+00	 0.000E+00	 1.707E+03	 1.968E+01
   46.5000	 7.049E-04	-1.895E-03	 9.043E+00	 8.772E+02	 3.570E+02	 0.000E+00	 5.917E+03	 5.570E+03	 5.261E+03	 5.318E+02	 3.790E+03	-2.493E+03	 3.382E+00	 3.169E+00	 2.810E+00	-3.220E-01	-7.264E-01	 1.199E-01	 3.382E+00	-3.220E-01	 0.000E+00	 0.000E+00	 0.000E+00	 1.707E+03	 1.968E+01
   46.7500	 2.004E-04	-2.023E-03	 9.044E+00	 8.772E+02	 1.055E+01	 0.000E+00	 5.935E+03	 5.457E+03	 5.377E+03	 1.400E+03	 3.257E+03	-2.827E+03	 3.412E+00	 3.075E+00	 2.887E+00	-4.383E-01	-6.475E-01	 1.563E-01	 3.412E+00	-4.383E-01	 0.000E+00	 0.000E+00	 0.000E+00	 1.707E+03	 1.968E+01
   47.0000	-2.384E-04	-1.388E-03	 9.044E+00	 8.773E+02	 2.411E+01	 0.000E+00	 5.942E+03	 5.333E+03	 5.488E+03	 2.199E+03	 2.581E+03	-2.950E+03	 3.432E+00	 2.971E+00	 2.969E+00	-5.435E-01	-5.498E-01	 1.640E-01	 3.432E+00	-5.435E-01	 0.000E+00	 0.000E+00	 0.000E+00	 1.707E+03	 1.968E+01
   47.2500	-4.546E-04	-1.719E-04	 9.044E+00	 8.773E+02	 3.768E+01	 0.000E+00	 5.934E+03	 5.212E+03	 5.592E+03	 2.899E+03	 1.849E+03	-2.919E+03	 3.438E+00	 2.869E+00	 3.048E+00	-6.339E-01	-4.478E-01	 1.537E-01	 3.438E+00	-6.339E-01	 0.000E+00	 0.000E+00	 0.000E+00	 1.707E+03	 1.968E+01
   47.5000	-2.682E-04	 1.635E-03	 9.044E+00	 8.773E+02	 5.125E+01	 0.000E+00	 5.909E+03	 5.115E+03	 5.679E+03	 3.501E+03	 1.029E+03	-2.702E+03	 3.429E+00	 2.781E+00	 3.122E+00	-7.118E-01	-3.348E-01	 1.204E-01	 3.429E+00	-7.118E-01	 0.000E+00	 0.000E+00	 0.000E+00	 1.707E+03	 1.968E+01
   47.7500	 2.884E-04	 2.550E-03	 9.044E+00	 8.773E+02	 6.481E+01	 0.000E+00	 5.871E+03	 5.055E+03	 5.749E+03	 3.946E+03	 1.414E+02	-2.260E+03	 3.405E+00	 2.719E+00	 3.189E+00	-7.680E-01	-2.132E-01	 5.650E-02	 3.405E+00	-7.680E-01	 0.000E+00	 0.000E+00	 0.000E+00	 1.707E+03	 1.968E+01
   48.0000	 8.597E-04	 1.828E-03	 9.044E+00	 8.773E+02	 7.838E+01	 0.000E+00	 5.820E+03	 5.041E+03	 5.808E+03	 4.173E+03	-6.852E+02	-1.661E+03	 3.367E+00	 2.693E+00	 3.250E+00	-7.931E-01	-1.039E-01	-2.733E-02	 3.367E+00	-7.931E-01	 0.000E+00	 0.000E+00	 0.000E+00	 1.707E+03	 1.968E+01
   48.2500	 1.129E-03	 3.435E-04	 9.043E+00	 8.772E+02	 9.194E+01	 0.000E+00	 5.748E+03	 5.081E+03	 5.858E+03	 4.203E+03	-1.402E+03	-9.739E+02	 3.311E+00	 2.706E+00	 3.304E+00	-7.912E-01	-1.403E-02	-1.200E-01	 3.311E+00	-7.912E-01	 0.000E+00	 0.000E+00	 0.000E+00	 1.707E+03	 1.968E+01
   48.5000	 1.039E-03	-9.746E-04	 9.043E+00	 8.772E+02	 1.055E+02	 0.000E+00	 5.658E+03	 5.168E+03	 5.895E+03	 4.058E+03	-2.043E+03	-1.866E+02	 3.240E+00	 2.753E+00	 3.350E+00	-7.666E-01	 6.525E-02	-2.256E-01	 3.240E+00	-7.666E-01	 0.000E+00	 0.000E+00	 0.000E+00	 1.707E+03	 1.968E+01
   48.7500	 6.583E-04	-1.976E-03	 9.043E+00	 8.772E+02	 1.191E+02	 0.000E+00	 5.554E+03	 5.279E+03	 5.920E+03	 3.708E+03	-2.560E+03	 6.810E+02	 3.156E+00	 2.822E+00	 3.387E+00	-7.139E-01	 1.278E-01	-3.426E-01	 3.156E+00	-7.139E-01	 0.000E+00	 0.000E+00	 0.000E+00	 1.707E+03	 1.968E+01
   49.0000	 1.232E-04	-2.139E-03	 9.044E+00	 8.772E+02	 1.326E+02	 0.000E+00	 5.438E+03	 5.394E+03	 5.937E+03	 3.160E+03	-2.858E+03	 1.528E+03	 3.059E+00	 2.900E+00	 3.416E+00	-6.332E-01	 1.591E-01	-4.554E-01	 3.059E+00	-6.332E-01	 0.000E+00	 0.000E+00	 0.000E+00	 1.707E+03	 1.968E+01
   49.2500	-3.169E-04	-1.219E-03	 9.044E+00	 8.773E+02	 1.462E+02	 0.000E+00	 5.313E+03	 5.505E+03	 5.942E+03	 2.485E+03	-2.955E+03	 2.299E+03	 2.955E+00	 2.981E+00	 3.434E+00	-5.367E-01	 1.634E-01	-5.559E-01	 2.955E+00	-5.367E-01	 0.000E+00	 0.000E+00	 0.000E+00	 1.707E+03	 1.968E+01
   49.5000	-4.499E-04	 2.629E-04	 9.044E+00	 8.773E+02	 1.598E+02	 0.000E+00	 5.196E+03	 5.607E+03	 5.930E+03	 1.725E+03	-2.899E+03	 3.003E+03	 2.855E+00	 3.060E+00	 3.437E+00	-4.305E-01	 1.504E-01	-6.476E-01	 2.855E+00	-4.305E-01	 0.000E+00	 0.000E+00	 0.000E+00	 1.707E+03	 1.968E+01
   49.7500	-1.799E-04	 1.848E-03	 9.044E+00	 8.773E+02	 1.733E+02	 0.000E+00	 5.103E+03	 5.690E+03	 5.904E+03	 8.823E+02	-2.648E+03	 3.594E+03	 2.770E+00	 3.133E+00	 3.426E+00	-3.141E-01	 1.125E-01	-7.243E-01	 2.770E+00	-3.141E-01	 0.000E+00	 0.000E+00	 0.000E+00	 1.707E+03	 1.968E+01
   50.0000	 3.790E-04	 2.427E-03	 9.044E+00	 8.773E+02	 1.869E+02	 0.000E+00	 5.049E+03	 5.759E+03	 5.865E+03	 1.446E+01	-2.175E+03	 3.988E+03	 2.713E+00	 3.198E+00	 3.401E+00	-1.963E-01	 4.442E-02	-7.727E-01	 2.713E+00	-1.963E-01	 0.000E+00	 0.000E+00	 0.000E+00	 1.707E+03	 1.968E+01
   50.2500	 9.166E-04	 1.643E-03	 9.044E+00	 8.773E+02	 2.005E+02	 0.000E+00	 5.043E+03	 5.817E+03	 5.810E+03	-7.935E+02	-1.560E+03	 4.181E+03	 2.692E+00	 3.259E+00	 3.359E+00	-9.054E-02	-4.115E-02	-7.927E-01	 2.692E+00	-9.054E-02	 0.000E+00	 0.000E+00	 0.000E+00	 1.707E+03	 1.968E+01
   50.5000	 1.141E-03	 1.420E-04	 9.043E+00	 8.772E+02	 2.140E+02	 0.000E+00	 5.092E+03	 5.865E+03	 5.735E+03	-1.515E+03	-8.599E+02	 4.202E+03	 2.711E+00	 3.312E+00	 3.301E+00	 4.147E-04	-1.353E-01	-7.906E-01	 2.711E+00	 4.147E-04	 0.000E+00	 0.000E+00	 0.000E+00	 1.707E+03	 1.968E+01
   50.7500	 9.981E-04	-1.185E-03	 9.043E+00	 8.772E+02	 2.276E+02	 0.000E+00	 5.184E+03	 5.899E+03	 5.643E+03	-2.140E+03	-5.620E+01	 4.024E+03	 2.762E+00	 3.356E+00	 3.228E+00	 7.747E-02	-2.432E-01	-7.616E-01	 2.762E+00	 7.747E-02	 0.000E+00	 0.000E+00	 0.000E+00	 1.707E+03	 1.968E+01
   51.0000	 5.872E-04	-2.044E-03	 9.043E+00	 8.772E+02	 2.412E+02	 0.000E+00	 5.296E+03	 5.923E+03	 5.537E+03	-2.611E+03	 8.159E+02	 3.624E+03	 2.833E+00	 3.392E+00	 3.141E+00	 1.330E-01	-3.608E-01	-7.011E-01	 2.833E+00	 1.330E-01	 0.000E+00	 0.000E+00	 0.000E+00	 1.707E+03	 1.968E+01
   51.2500	 4.492E-05	-2.124E-03	 9.044E+00	 8.772E+02	 2.547E+02	 0.000E+00	 5.412E+03	 5.939E+03	 5.418E+03	-2.882E+03	 1.652E+03	 3.059E+03	 2.912E+00	 3.420E+00	 3.043E+00	 1.606E-01	-4.717E-01	-6.186E-01	 2.912E+00	 1.606E-01	 0.000E+00	 0.000E+00	 0.000E+00	 1.707E+03	 1.968E+01
   51.5000	-3.762E-04	-1.069E-03	 9.044E+00	 8.773E+02	 2.683E+02	 0.000E+00	 5.522E+03	 5.941E+03	 5.294E+03	-2.967E+03	 2.412E+03	 2.384E+03	 2.994E+00	 3.435E+00	 2.939E+00	 1.644E-01	-5.705E-01	-5.229E-01	 2.994E+00	 1.644E-01	 0.000E+00	 0.000E+00	 0.000E+00	 1.707E+03	 1.968E+01
   51.7500	-4.345E-04	 6.650E-04	 9.044E+00	 8.773E+02	 2.819E+02	 0.000E+00	 5.620E+03	 5.927E+03	 5.181E+03	-2.875E+03	 3.104E+03	 1.599E+03	 3.072E+00	 3.436E+00	 2.840E+00	 1.465E-01	-6.608E-01	-4.131E-01	 3.072E+00	 1.465E-01	 0.000E+00	 0.000E+00	 0.000E+00	 1.707E+03	 1.968E+01
   52.0000	-8.466E-05	 1.999E-03	 9.044E+00	 8.773E+02	 2.954E+02	 0.000E+00	 5.701E+03	 5.899E+03	 5.092E+03	-2.578E+03	 3.669E+03	 7.371E+02	 3.143E+00	 3.423E+00	 2.759E+00	 1.021E-01	-7.339E-01	-2.938E-01	 3.143E+00	 1.021E-01	 0.000E+00	 0.000E+00	 0.000E+00	 1.707E+03	 1.968E+01
   52.2500	 4.676E-04	 2.251E-03	 9.044E+00	 8.773E+02	 3.090E+02	 0.000E+00	 5.769E+03	 5.858E+03	 5.044E+03	-2.089E+03	 4.030E+03	-1.125E+02	 3.208E+00	 3.396E+00	 2.707E+00	 3.241E-02	-7.774E-01	-1.795E-01	 3.208E+00	 3.241E-02	 0.000E+00	 0.000E+00	 0.000E+00	 1.707E+03	 1.968E+01
   52.5000	 9.562E-04	 1.450E-03	 9.044E+00	 8.772E+02	 3.226E+02	 0.000E+00	 5.826E+03	 5.799E+03	 5.047E+03	-1.466E+03	 4.195E+03	-9.010E+02	 3.267E+00	 3.351E+00	 2.693E+00	-5.349E-02	-7.938E-01	-7.726E-02	 3.267E+00	-5.349E-02	 0.000E+00	 0.000E+00	 0.000E+00	 1.707E+03	 1.968E+01
   52.7500	 1.149E-03	 1.739E-05	 9.043E+00	 8.772E+02	 3.361E+02	 0.000E+00	 5.870E+03	 5.721E+03	 5.105E+03	-7.382E+02	 4.190E+03	-1.624E+03	 3.319E+00	 3.291E+00	 2.718E+00	-1.517E-01	-7.882E-01	 1.422E-02	 3.319E+00	-1.517E-01	 0.000E+00	 0.000E+00	 0.000E+00	 1.707E+03	 1.968E+01
   53.0000	 9.623E-04	-1.436E-03	 9.043E+00	 8.772E+02	 3.497E+02	 0.000E+00	 5.903E+03	 5.628E+03	 5.200E+03	 8.345E+01	 3.977E+03	-2.232E+03	 3.362E+00	 3.216E+00	 2.772E+00	-2.623E-01	-7.543E-01	 8.903E-02	 3.362E+00	-2.623E-01	 0.000E+00	 0.000E+00	 0.000E+00	 1.707E+03	 1.968E+01
   53.2500	 5.006E-04	-2.149E-03	 9.044E+00	 8.772E+02	 3.259E+00	 0.000E+00	 5.927E+03	 5.520E+03	 5.313E+03	 9.430E+02	 3.545E+03	-2.659E+03	 3.397E+00	 3.127E+00	 2.845E+00	-3.775E-01	-6.894E-01	 1.378E-01	 3.397E+00	-3.775E-01	 0.000E+00	 0.000E+00	 0.000E+00	 1.707E+03	 1.968E+01
   53.5000	-4.271E-05	-2.017E-03	 9.044E+00	 8.773E+02	 1.682E+01	 0.000E+00	 5.941E+03	 5.399E+03	 5.430E+03	 1.769E+03	 2.962E+03	-2.901E+03	 3.423E+00	 3.027E+00	 2.925E+00	-4.867E-01	-6.046E-01	 1.617E-01	 3.423E+00	-4.867E-01	 0.000E+00	 0.000E+00	 0.000E+00	 1.707E+03	 1.968E+01
   53.7500	-4.110E-04	-8.360E-04	 9.044E+00	 8.773E+02	 3.039E+01	 0.000E+00	 5.939E+03	 5.275E+03	 5.539E+03	 2.531E+03	 2.271E+03	-2.973E+03	 3.436E+00	 2.923E+00	 3.006E+00	-5.863E-01	-5.070E-01	 1.645E-01	 3.436E+00	-5.863E-01	 0.000E+00	 0.000E+00	 0.000E+00	 1.707E+03	 1.968E+01
   54.0000	-4.014E-04	 9.493E-04	 9.044E+00	 8.773E+02	 4.396E+01	 0.000E+00	 5.924E+03	 5.165E+03	 5.633E+03	 3.205E+03	 1.469E+03	-2.845E+03	 3.435E+00	 2.826E+00	 3.083E+00	-6.742E-01	-3.950E-01	 1.420E-01	 3.435E+00	-6.742E-01	 0.000E+00	 0.000E+00	 0.000E+00	 1.707E+03	 1.968E+01
   54.2500	-1.124E-06	 2.088E-03	 9.044E+00	 8.773E+02	 5.752E+01	 0.000E+00	 5.894E+03	 5.082E+03	 5.712E+03	 3.731E+03	 6.025E+02	-2.506E+03	 3.420E+00	 2.749E+00	 3.153E+00	-7.413E-01	-2.754E-01	 9.128E-02	 3.420E+00	-7.413E-01	 0.000E+00	 0.000E+00	 0.000E+00	 1.707E+03	 1.968E+01
   54.5000	 5.529E-04	 2.144E-03	 9.044E+00	 8.773E+02	 7.109E+01	 0.000E+00	 5.850E+03	 5.040E+03	 5.779E+03	 4.066E+03	-2.379E+02	-2.000E+03	 3.390E+00	 2.702E+00	 3.218E+00	-7.813E-01	-1.630E-01	 1.991E-02	 3.390E+00	-7.813E-01	 0.000E+00	 0.000E+00	 0.000E+00	 1.707E+03	 1.968E+01
   54.7500	 9.979E-04	 1.270E-03	 9.044E+00	 8.772E+02	 8.466E+01	 0.000E+00	 5.788E+03	 5.053E+03	 5.834E+03	 4.213E+03	-1.017E+03	-1.369E+03	 3.343E+00	 2.694E+00	 3.276E+00	-7.957E-01	-6.253E-02	-6.638E-02	 3.343E+00	-7.957E-01	 0.000E+00	 0.000E+00	 0.000E+00	 1.707E+03	 1.968E+01
   55.0000	 1.147E-03	-1.755E-04	 9.043E+00	 8.772E+02	 9.822E+01	 0.000E+00	 5.708E+03	 5.118E+03	 5.875E+03	 4.170E+03	-1.727E+03	-6.150E+02	 3.280E+00	 2.724E+00	 3.326E+00	-7.849E-01	 2.722E-02	-1.684E-01	 3.280E+00	-7.849E-01	 0.000E+00	 0.000E+00	 0.000E+00	 1.707E+03	 1.968E+01
   55.2500	 9.177E-04	-1.606E-03	 9.043E+00	 8.772E+02	 1.118E+02	 0.000E+00	 5.612E+03	 5.217E+03	 5.907E+03	 3.917E+03	-2.311E+03	 2.229E+02	 3.203E+00	 2.782E+00	 3.368E+00	-7.449E-01	 9.844E-02	-2.814E-01	 3.203E+00	-7.449E-01	 0.000E+00	 0.000E+00	 0.000E+00	 1.707E+03	 1.968E+01
   55.5000	 4.118E-04	-2.269E-03	 9.044E+00	 8.772E+02	 1.254E+02	 0.000E+00	 5.501E+03	 5.331E+03	 5.931E+03	 3.466E+03	-2.707E+03	 1.070E+03	 3.112E+00	 2.857E+00	 3.402E+00	-6.777E-01	 1.429E-01	-3.944E-01	 3.112E+00	-6.777E-01	 0.000E+00	 0.000E+00	 0.000E+00	 1.707E+03	 1.968E+01
   55.7500	-1.314E-04	-1.848E-03	 9.044E+00	 8.773E+02	 1.389E+02	 0.000E+00	 5.379E+03	 5.448E+03	 5.941E+03	 2.868E+03	-2.923E+03	 1.885E+03	 3.011E+00	 2.938E+00	 3.426E+00	-5.914E-01	 1.635E-01	-5.016E-01	 3.011E+00	-5.914E-01	 0.000E+00	 0.000E+00	 0.000E+00	 1.707E+03	 1.968E+01
   56.0000	-4.309E-04	-5.086E-04	 9.044E+00	 8.773E+02	 1.525E+02	 0.000E+00	 5.257E+03	 5.554E+03	 5.937E+03	 2.150E+03	-2.968E+03	 2.647E+03	 2.908E+00	 3.019E+00	 3.437E+00	-4.900E-01	 1.630E-01	-6.016E-01	 2.908E+00	-4.900E-01	 0.000E+00	 0.000E+00	 0.000E+00	 1.707E+03	 1.968E+01
   56.2500	-3.515E-04	 1.115E-03	 9.045E+00	 8.773E+02	 1.661E+02	 0.000E+00	 5.150E+03	 5.646E+03	 5.920E+03	 1.333E+03	-2.806E+03	 3.302E+03	 2.813E+00	 3.094E+00	 3.434E+00	-3.759E-01	 1.359E-01	-6.869E-01	 2.813E+00	-3.759E-01	 0.000E+00	 0.000E+00	 0.000E+00	 1.707E+03	 1.968E+01
   56.5000	 7.415E-05	 2.115E-03	 9.044E+00	 8.773E+02	 1.796E+02	 0.000E+00	 5.072E+03	 5.723E+03	 5.889E+03	 4.744E+02	-2.436E+03	 3.790E+03	 2.739E+00	 3.164E+00	 3.417E+00	-2.582E-01	 8.126E-02	-7.483E-01	 2.739E+00	-2.582E-01	 0.000E+00	 0.000E+00	 0.000E+00	 1.707E+03	 1.968E+01
   56.7500	 6.294E-04	 2.111E-03	 9.044E+00	 8.773E+02	 1.932E+02	 0.000E+00	 5.039E+03	 5.789E+03	 5.841E+03	-3.592E+02	-1.911E+03	 4.098E+03	 2.698E+00	 3.228E+00	 3.383E+00	-1.473E-01	 7.568E-03	-7.846E-01	 2.698E+00	-1.473E-01	 0.000E+00	 0.000E+00	 0.000E+00	 1.707E+03	 1.968E+01
   57.0000	 1.046E-03	 1.100E-03	 9.044E+00	 8.772E+02	 2.067E+02	 0.000E+00	 5.060E+03	 5.841E+03	 5.776E+03	-1.137E+03	-1.261E+03	 4.226E+03	 2.697E+00	 3.284E+00	 3.334E+00	-4.692E-02	-8.097E-02	-7.969E-01	 2.697E+00	-4.692E-02	 0.000E+00	 0.000E+00	 0.000E+00	 1.707E+03	 1.968E+01
   57.2500	 1.137E-03	-4.530E-04	 9.043E+00	 8.772E+02	 2.203E+02	 0.000E+00	 5.131E+03	 5.881E+03	 5.694E+03	-1.829E+03	-4.892E+02	 4.146E+03	 2.732E+00	 3.333E+00	 3.270E+00	 3.994E-02	-1.854E-01	-7.809E-01	 2.732E+00	 3.994E-02	 0.000E+00	 0.000E+00	 0.000E+00	 1.707E+03	 1.968E+01
   57.5000	 8.549E-04	-1.726E-03	 9.043E+00	 8.772E+02	 2.339E+02	 0.000E+00	 5.233E+03	 5.912E+03	 5.596E+03	-2.379E+03	 3.553E+02	 3.853E+03	 2.793E+00	 3.374E+00	 3.190E+00	 1.061E-01	-2.992E-01	-7.350E-01	 2.793E+00	 1.061E-01	 0.000E+00	 0.000E+00	 0.000E+00	 1.707E+03	 1.968E+01
   57.7500	 3.222E-04	-2.350E-03	 9.044E+00	 8.772E+02	 2.474E+02	 0.000E+00	 5.349E+03	 5.933E+03	 5.483E+03	-2.752E+03	 1.198E+03	 3.383E+03	 2.869E+00	 3.407E+00	 3.097E+00	 1.475E-01	-4.112E-01	-6.656E-01	 2.869E+00	 1.475E-01	 0.000E+00	 0.000E+00	 0.000E+00	 1.707E+03	 1.968E+01
   58.0000	-2.067E-04	-1.645E-03	 9.044E+00	 8.773E+02	 2.610E+02	 0.000E+00	 5.465E+03	 5.942E+03	 5.360E+03	-2.947E+03	 2.006E+03	 2.770E+03	 2.950E+00	 3.428E+00	 2.995E+00	 1.658E-01	-5.175E-01	-5.777E-01	 2.950E+00	 1.658E-01	 0.000E+00	 0.000E+00	 0.000E+00	 1.707E+03	 1.968E+01
   58.2500	-4.418E-04	-1.944E-04	 9.044E+00	 8.773E+02	 2.746E+02	 0.000E+00	 5.569E+03	 5.936E+03	 5.240E+03	-2.955E+03	 2.757E+03	 2.027E+03	 3.031E+00	 3.437E+00	 2.892E+00	 1.604E-01	-6.161E-01	-4.727E-01	 3.031E+00	 1.604E-01	 0.000E+00	 0.000E+00	 0.000E+00	 1.707E+03	 1.968E+01
   58.5000	-2.960E-04	 1.267E-03	 9.045E+00	 8.773E+02	 2.881E+02	 0.000E+00	 5.659E+03	 5.916E+03	 5.136E+03	-2.757E+03	 3.390E+03	 1.196E+03	 3.105E+00	 3.432E+00	 2.800E+00	 1.283E-01	-6.981E-01	-3.568E-01	 3.105E+00	 1.283E-01	 0.000E+00	 0.000E+00	 0.000E+00	 1.707E+03	 1.968E+01
   58.7500	 1.519E-04	 2.150E-03	 9.044E+00	 8.773E+02	 3.017E+02	 0.000E+00	 5.735E+03	 5.883E+03	 5.063E+03	-2.367E+03	 3.848E+03	 3.465E+02	 3.174E+00	 3.413E+00	 2.730E+00	 7.140E-02	-7.553E-01	-2.411E-01	 3.174E+00	 7.140E-02	 0.000E+00	 0.000E+00	 0.000E+00	 1.707E+03	 1.968E+01
   59.0000	 7.010E-04	 2.067E-03	 9.044E+00	 8.773E+02	 3.153E+02	 0.000E+00	 5.798E+03	 5.832E+03	 5.039E+03	-1.822E+03	 4.130E+03	-4.796E+02	 3.237E+00	 3.377E+00	 2.695E+00	-4.446E-03	-7.881E-01	-1.318E-01	 3.237E+00	-4.446E-03	 0.000E+00	 0.000E+00	 0.000E+00	 1.707E+03	 1.968E+01
   59.2500	 1.091E-03	 9.201E-04	 9.044E+00	 8.772E+02	 3.288E+02	 0.000E+00	 5.847E+03	 5.765E+03	 5.069E+03	-1.145E+03	 4.228E+03	-1.255E+03	 3.292E+00	 3.325E+00	 2.700E+00	-9.671E-02	-7.965E-01	-3.173E-02	 3.292E+00	-9.671E-02	 0.000E+00	 0.000E+00	 0.000E+00	 1.707E+03	 1.968E+01
   59.5000	 1.121E-03	-6.815E-04	 9.043E+00	 8.772E+02	 3.424E+02	 0.000E+00	 5.886E+03	 5.680E+03	 5.145E+03	-3.592E+02	 4.114E+03	-1.927E+03	 3.340E+00	 3.258E+00	 2.740E+00	-2.031E-01	-7.756E-01	 5.212E-02	 3.340E+00	-2.031E-01	 0.000E+00	 0.000E+00	 0.000E+00	 1.707E+03	 1.968E+01
   59.7500	 7.806E-04	-1.914E-03	 9.043E+00	 8.772E+02	 3.560E+02	 0.000E+00	 5.916E+03	 5.580E+03	 5.250E+03	 4.829E+02	 3.790E+03	-2.444E+03	 3.380E+00	 3.176E+00	 2.804E+00	-3.161E-01	-7.255E-01	 1.133E-01	 3.380E+00	-3.161E-01	 0.000E+00	 0.000E+00	 0.000E+00	 1.707E+03	 1.968E+01
   60.0000	 2.281E-04	-2.319E-03	 9.044E+00	 8.772E+02	 9.538E+00	 0.000E+00	 5.935E+03	 5.464E+03	 5.368E+03	 1.324E+03	 3.298E+03	-2.793E+03	 3.411E+00	 3.081E+00	 2.882E+00	-4.277E-01	-6.533E-01	 1.516E-01	 3.411E+00	-4.277E-01	 0.000E+00	 0.000E+00	 0.000E+00	 1.707E+03	 1.968E+01
   60.2500	-2.637E-04	-1.424E-03	 9.044E+00	 8.773E+02	 2.310E+01	 0.000E+00	 5.941E+03	 5.341E+03	 5.482E+03	 2.131E+03	 2.664E+03	-2.966E+03	 3.431E+00	 2.979E+00	 2.963E+00	-5.341E-01	-5.627E-01	 1.674E-01	 3.431E+00	-5.341E-01	 0.000E+00	 0.000E+00	 0.000E+00	 1.707E+03	 1.968E+01
   60.5000	-4.428E-04	 4.670E-05	 9.044E+00	 8.773E+02	 3.667E+01	 0.000E+00	 5.934E+03	 5.223E+03	 5.584E+03	 2.865E+03	 1.903E+03	-2.938E+03	 3.437E+00	 2.877E+00	 3.042E+00	-6.302E-01	-4.551E-01	 1.572E-01	 3.437E+00	-6.302E-01	 0.000E+00	 0.000E+00	 0.000E+00	 1.707E+03	 1.968E+01
   60.7500	-2.423E-04	 1.452E-03	 9.045E+00	 8.773E+02	 5.024E+01	 0.000E+00	 5.912E+03	 5.122E+03	 5.671E+03	 3.468E+03	 1.064E+03	-2.704E+03	 3.430E+00	 2.787E+00	 3.116E+00	-7.079E-01	-3.386E-01	 1.202E-01	 3.430E+00	-7.079E-01	 0.000E+00	 0.000E+00	 0.000E+00	 1.707E+03	 1.968E+01
   61.0000	 2.345E-04	 2.208E-03	 9.044E+00	 8.773E+02	 6.380E+01	 0.000E+00	 5.876E+03	 5.056E+03	 5.745E+03	 3.904E+03	 2.175E+02	-2.294E+03	 3.408E+00	 2.722E+00	 3.184E+00	-7.620E-01	-2.238E-01	 6.106E-02	 3.408E+00	-7.620E-01	 0.000E+00	 0.000E+00	 0.000E+00	 1.707E+03	 1.968E+01
   61.2500	 7.744E-04	 1.975E-03	 9.044E+00	 8.773E+02	 7.737E+01	 0.000E+00	 5.823E+03	 5.040E+03	 5.806E+03	 4.161E+03	-6.033E+02	-1.730E+03	 3.370E+00	 2.693E+00	 3.246E+00	-7.917E-01	-1.157E-01	-1.694E-02	 3.370E+00	-7.917E-01	 0.000E+00	 0.000E+00	 0.000E+00	 1.707E+03	 1.968E+01
   61.5000	 1.125E-03	 7.235E-04	 9.044E+00	 8.772E+02	 9.094E+01	 0.000E+00	 5.753E+03	 5.078E+03	 5.854E+03	 4.224E+03	-1.368E+03	-1.028E+03	 3.316E+00	 2.704E+00	 3.300E+00	-7.950E-01	-1.740E-02	-1.127E-01	 3.316E+00	-7.950E-01	 0.000E+00	 0.000E+00	 0.000E+00	 1.707E+03	 1.968E+01
   61.7500	 1.097E-03	-9.095E-04	 9.043E+00	 8.772E+02	 1.045E+02	 0.000E+00	 5.666E+03	 5.160E+03	 5.891E+03	 4.074E+03	-2.018E+03	-2.282E+02	 3.247E+00	 2.748E+00	 3.346E+00	-7.691E-01	 6.313E-02	-2.209E-01	 3.247E+00	-7.691E-01	 0.000E+00	 0.000E+00	 0.000E+00	 1.707E+03	 1.968E+01
   62.0000	 6.985E-04	-2.106E-03	 9.043E+00	 8.772E+02	 1.181E+02	 0.000E+00	 5.563E+03	 5.268E+03	 5.920E+03	 3.726E+03	-2.508E+03	 6.108E+02	 3.162E+00	 2.815E+00	 3.385E+00	-7.161E-01	 1.205E-01	-3.330E-01	 3.162E+00	-7.161E-01	 0.000E+00	 0.000E+00	 0.000E+00	 1.707E+03	 1.968E+01
   62.2500	 1.344E-04	-2.220E-03	 9.044E+00	 8.772E+02	 1.316E+02	 0.000E+00	 5.445E+03	 5.386E+03	 5.937E+03	 3.211E+03	-2.832E+03	 1.449E+03	 3.066E+00	 2.894E+00	 3.415E+00	-6.409E-01	 1.556E-01	-4.442E-01	 3.066E+00	-6.409E-01	 0.000E+00	 0.000E+00	 0.000E+00	 1.707E+03	 1.968E+01
   62.5000	-3.085E-04	-1.175E-03	 9.044E+00	 8.773E+02	 1.452E+02	 0.000E+00	 5.323E+03	 5.499E+03	 5.941E+03	 2.552E+03	-2.976E+03	 2.254E+03	 2.963E+00	 2.976E+00	 3.432E+00	-5.466E-01	 1.678E-01	-5.504E-01	 2.963E+00	-5.466E-01	 0.000E+00	 0.000E+00	 0.000E+00	 1.707E+03	 1.968E+01
   62.7500	-4.331E-04	 2.480E-04	 9.044E+00	 8.773E+02	 1.588E+02	 0.000E+00	 5.206E+03	 5.598E+03	 5.932E+03	 1.775E+03	-2.915E+03	 2.969E+03	 2.862E+00	 3.054E+00	 3.437E+00	-4.372E-01	 1.531E-01	-6.438E-01	 2.862E+00	-4.372E-01	 0.000E+00	 0.000E+00	 0.000E+00	 1.707E+03	 1.968E+01
   63.0000	-1.870E-04	 1.635E-03	 9.045E+00	 8.773E+02	 1.723E+02	 0.000E+00	 5.109E+03	 5.684E+03	 5.908E+03	 9.360E+02	-2.651E+03	 3.543E+03	 2.775E+00	 3.127E+00	 3.428E+00	-3.211E-01	 1.123E-01	-7.173E-01	 2.775E+00	-3.211E-01	 0.000E+00	 0.000E+00	 0.000E+00	 1.707E+03	 1.968E+01
   63.2500	 3.183E-04	 2.260E-03	 9.044E+00	 8.773E+02	 1.859E+02	 0.000E+00	 5.050E+03	 5.756E+03	 5.869E+03	 8.920E+01	-2.217E+03	 3.955E+03	 2.715E+00	 3.194E+00	 3.403E+00	-2.068E-01	 5.030E-02	-7.682E-01	 2.715E+00	-2.068E-01	 0.000E+00	 0.000E+00	 0.000E+00	 1.707E+03	 1.968E+01
   63.5000	 8.502E-04	 1.831E-03	 9.044E+00	 8.773E+02	 1.995E+02	 0.000E+00	 5.042E+03	 5.814E+03	 5.813E+03	-7.292E+02	-1.631E+03	 4.187E+03	 2.693E+00	 3.255E+00	 3.363E+00	-9.918E-02	-3.056E-02	-7.947E-01	 2.693E+00	-9.918E-02	 0.000E+00	 0.000E+00	 0.000E+00	 1.707E+03	 1.968E+01
   63.7500	 1.150E-03	 4.829E-04	 9.044E+00	 8.772E+02	 2.130E+02	 0.000E+00	 5.088E+03	 5.860E+03	 5.741E+03	-1.477E+03	-9.089E+02	 4.214E+03	 2.709E+00	 3.307E+00	 3.306E+00	-3.642E-03	-1.289E-01	-7.928E-01	 2.709E+00	-3.642E-03	 0.000E+00	 0.000E+00	 0.000E+00	 1.707E+03	 1.968E+01
   64.0000	 1.057E-03	-1.169E-03	 9.043E+00	 8.772E+02	 2.266E+02	 0.000E+00	 5.175E+03	 5.896E+03	 5.651E+03	-2.101E+03	-9.967E+01	 4.029E+03	 2.757E+00	 3.353E+00	 3.235E+00	 7.303E-02	-2.382E-01	-7.620E-01	 2.757E+00	 7.303E-02	 0.000E+00	 0.000E+00	 0.000E+00	 1.707E+03	 1.968E+01
   64.2500	 6.130E-04	-2.232E-03	 9.044E+00	 8.772E+02	 2.402E+02	 0.000E+00	 5.286E+03	 5.923E+03	 5.545E+03	-2.570E+03	 7.404E+02	 3.658E+03	 2.827E+00	 3.390E+00	 3.148E+00	 1.275E-01	-3.502E-01	-7.061E-01	 2.827E+00	 1.275E-01	 0.000E+00	 0.000E+00	 0.000E+00	 1.707E+03	 1.968E+01
   64.5000	 4.847E-05	-2.085E-03	 9.044E+00	 8.773E+02	 2.537E+02	 0.000E+00	 5.404E+03	 5.938E+03	 5.426E+03	-2.869E+03	 1.577E+03	 3.121E+03	 2.907E+00	 3.418E+00	 3.050E+00	 1.595E-01	-4.610E-01	-6.280E-01	 2.907E+00	 1.595E-01	 0.000E+00	 0.000E+00	 0.000E+00	 1.707E+03	 1.968E+01
   64.7500	-3.465E-04	-9.623E-04	 9.044E+00	 8.773E+02	 2.673E+02	 0.000E+00	 5.515E+03	 5.940E+03	 5.304E+03	-2.979E+03	 2.372E+03	 2.436E+03	 2.988E+00	 3.434E+00	 2.947E+00	 1.670E-01	-5.660E-01	-5.302E-01	 2.988E+00	 1.670E-01	 0.000E+00	 0.000E+00	 0.000E+00	 1.707E+03	 1.968E+01
   65.0000	-4.155E-04	 4.740E-04	 9.044E+00	 8.773E+02	 2.809E+02	 0.000E+00	 5.613E+03	 5.929E+03	 5.189E+03	-2.885E+03	 3.068E+03	 1.646E+03	 3.066E+00	 3.437E+00	 2.847E+00	 1.481E-01	-6.566E-01	-4.191E-01	 3.066E+00	 1.481E-01	 0.000E+00	 0.000E+00	 0.000E+00	 1.707E+03	 1.968E+01
   65.2500	-1.242E-04	 1.803E-03	 9.045E+00	 8.773E+02	 2.944E+02	 0.000E+00	 5.696E+03	 5.903E+03	 5.096E+03	-2.596E+03	 3.617E+03	 8.073E+02	 3.138E+00	 3.425E+00	 2.764E+00	 1.043E-01	-7.265E-01	-3.036E-01	 3.138E+00	 1.043E-01	 0.000E+00	 0.000E+00	 0.000E+00	 1.707E+03	 1.968E+01
   65.5000	 4.023E-04	 2.273E-03	 9.044E+00	 8.773E+02	 3.080E+02	 0.000E+00	 5.766E+03	 5.861E+03	 5.045E+03	-2.137E+03	 4.004E+03	-3.874E+01	 3.204E+00	 3.398E+00	 2.709E+00	 3.928E-02	-7.740E-01	-1.898E-01	 3.204E+00	 3.928E-02	 0.000E+00	 0.000E+00	 0.000E+00	 1.707E+03	 1.968E+01
   65.7500	 9.220E-04	 1.656E-03	 9.044E+00	 8.773E+02	 3.216E+02	 0.000E+00	 5.822E+03	 5.803E+03	 5.046E+03	-1.525E+03	 4.206E+03	-8.533E+02	 3.263E+00	 3.355E+00	 2.693E+00	-4.508E-02	-7.964E-01	-8.300E-02	 3.263E+00	-4.508E-02	 0.000E+00	 0.000E+00	 0.000E+00	 1.707E+03	 1.968E+01
   66.0000	 1.166E-03	 2.033E-04	 9.044E+00	 8.772E+02	 3.351E+02	 0.000E+00	 5.866E+03	 5.729E+03	 5.099E+03	-7.875E+02	 4.198E+03	-1.583E+03	 3.315E+00	 3.296E+00	 2.715E+00	-1.454E-01	-7.898E-01	 9.624E-03	 3.315E+00	-1.454E-01	 0.000E+00	 0.000E+00	 0.000E+00	 1.707E+03	 1.968E+01
   66.2500	 1.004E-03	-1.427E-03	 9.043E+00	 8.772E+02	 3.487E+02	 0.000E+00	 5.901E+03	 5.636E+03	 5.191E+03	 2.683E+01	 3.983E+03	-2.182E+03	 3.359E+00	 3.222E+00	 2.767E+00	-2.550E-01	-7.548E-01	 8.243E-02	 3.359E+00	-2.550E-01	 0.000E+00	 0.000E+00	 0.000E+00	 1.707E+03	 1.968E+01
   66.5000	 5.248E-04	-2.258E-03	 9.044E+00	 8.772E+02	 2.253E+00	 0.000E+00	 5.927E+03	 5.527E+03	 5.305E+03	 8.704E+02	 3.586E+03	-2.628E+03	 3.395E+00	 3.134E+00	 2.839E+00	-3.675E-01	-6.955E-01	 1.340E-01	 3.395E+00	-3.675E-01	 0.000E+00	 0.000E+00	 0.000E+00	 1.707E+03	 1.968E+01
   66.7500	-2.781E-05	-1.969E-03	 9.044E+00	 8.773E+02	 1.582E+01	 0.000E+00	 5.939E+03	 5.407E+03	 5.422E+03	 1.706E+03	 3.025E+03	-2.901E+03	 3.421E+00	 3.035E+00	 2.919E+00	-4.782E-01	-6.141E-01	 1.627E-01	 3.421E+00	-4.782E-01	 0.000E+00	 0.000E+00	 0.000E+00	 1.707E+03	 1.968E+01
   67.0000	-3.793E-04	-7.889E-04	 9.044E+00	 8.773E+02	 2.939E+01	 0.000E+00	 5.939E+03	 5.285E+03	 5.530E+03	 2.487E+03	 2.319E+03	-2.977E+03	 3.435E+00	 2.931E+00	 3.000E+00	-5.810E-01	-5.136E-01	 1.657E-01	 3.435E+00	-5.810E-01	 0.000E+00	 0.000E+00	 0.000E+00	 1.707E+03	 1.968E+01
   67.2500	-3.925E-04	 7.206E-04	 9.045E+00	 8.773E+02	 4.295E+01	 0.000E+00	 5.926E+03	 5.173E+03	 5.626E+03	 3.161E+03	 1.518E+03	-2.850E+03	 3.436E+00	 2.833E+00	 3.077E+00	-6.685E-01	-4.013E-01	 1.425E-01	 3.436E+00	-6.685E-01	 0.000E+00	 0.000E+00	 0.000E+00	 1.707E+03	 1.968E+01
   67.5000	-5.404E-05	 1.904E-03	 9.044E+00	 8.773E+02	 5.652E+01	 0.000E+00	 5.897E+03	 5.085E+03	 5.707E+03	 3.689E+03	 6.769E+02	-2.538E+03	 3.422E+00	 2.753E+00	 3.149E+00	-7.355E-01	-2.859E-01	 9.587E-02	 3.422E+00	-7.355E-01	 0.000E+00	 0.000E+00	 0.000E+00	 1.707E+03	 1.968E+01
   67.7500	 4.883E-04	 2.264E-03	 9.044E+00	 8.773E+02	 7.009E+01	 0.000E+00	 5.853E+03	 5.042E+03	 5.775E+03	 4.049E+03	-1.677E+02	-2.054E+03	 3.392E+00	 2.704E+00	 3.214E+00	-7.795E-01	-1.727E-01	 2.776E-02	 3.392E+00	-7.795E-01	 0.000E+00	 0.000E+00	 0.000E+00	 1.707E+03	 1.968E+01
   68.0000	 9.849E-04	 1.481E-03	 9.044E+00	 8.772E+02	 8.365E+01	 0.000E+00	 5.793E+03	 5.051E+03	 5.829E+03	 4.218E+03	-9.733E+02	-1.417E+03	 3.347E+00	 2.694E+00	 3.272E+00	-7.971E-01	-6.749E-02	-5.998E-02	 3.347E+00	-7.971E-01	 0.000E+00	 0.000E+00	 0.000E+00	 1.707E+03	 1.968E+01
   68.2500	 1.170E-03	-1.027E-04	 9.043E+00	 8.772E+02	 9.722E+01	 0.000E+00	 5.715E+03	 5.111E+03	 5.872E+03	 4.177E+03	-1.684E+03	-6.645E+02	 3.286E+00	 2.721E+00	 3.322E+00	-7.860E-01	 2.220E-02	-1.621E-01	 3.286E+00	-7.860E-01	 0.000E+00	 0.000E+00	 0.000E+00	 1.707E+03	 1.968E+01
   68.5000	 9.408E-04	-1.641E-03	 9.043E+00	 8.772E+02	 1.108E+02	 0.000E+00	 5.620E+03	 5.208E+03	 5.906E+03	 3.935E+03	-2.260E+03	 1.541E+02	 3.209E+00	 2.777E+00	 3.366E+00	-7.474E-01	 9.171E-02	-2.720E-01	 3.209E+00	-7.474E-01	 0.000E+00	 0.000E+00	 0.000E+00	 1.707E+03	 1.968E+01
   68.7500	 4.363E-04	-2.233E-03	 9.044E+00	 8.772E+02	 1.243E+02	 0.000E+00	 5.509E+03	 5.323E+03	 5.929E+03	 3.511E+03	-2.682E+03	 1.000E+03	 3.119E+00	 2.851E+00	 3.400E+00	-6.845E-01	 1.400E-01	-3.847E-01	 3.119E+00	-6.845E-01	 0.000E+00	 0.000E+00	 0.000E+00	 1.707E+03	 1.968E+01
   69.0000	-9.784E-05	-1.838E-03	 9.044E+00	 8.773E+02	 1.379E+02	 0.000E+00	 5.389E+03	 5.440E+03	 5.940E+03	 2.923E+03	-2.926E+03	 1.833E+03	 3.019E+00	 2.932E+00	 3.424E+00	-5.994E-01	 1.650E-01	-4.951E-01	 3.019E+00	-5.994E-01	 0.000E+00	 0.000E+00	 0.000E+00	 1.707E+03	 1.968E+01
   69.2500	-4.051E-04	-6.010E-04	 9.044E+00	 8.773E+02	 1.515E+02	 0.000E+00	 5.267E+03	 5.546E+03	 5.938E+03	 2.200E+03	-2.970E+03	 2.599E+03	 2.915E+00	 3.012E+00	 3.436E+00	-4.967E-01	 1.637E-01	-5.957E-01	 2.915E+00	-4.967E-01	 0.000E+00	 0.000E+00	 0.000E+00	 1.707E+03	 1.968E+01
   69.5000	-3.633E-04	 9.405E-04	 9.045E+00	 8.773E+02	 1.650E+02	 0.000E+00	 5.157E+03	 5.640E+03	 5.923E+03	 1.392E+03	-2.813E+03	 3.250E+03	 2.819E+00	 3.089E+00	 3.435E+00	-3.838E-01	 1.367E-01	-6.799E-01	 2.819E+00	-3.838E-01	 0.000E+00	 0.000E+00	 0.000E+00	 1.707E+03	 1.968E+01
   69.7500	 2.068E-05	 2.003E-03	 9.044E+00	 8.773E+02	 1.786E+02	 0.000E+00	 5.076E+03	 5.719E+03	 5.891E+03	 5.457E+02	-2.474E+03	 3.757E+03	 2.743E+00	 3.159E+00	 3.418E+00	-2.682E-01	 8.681E-02	-7.439E-01	 2.743E+00	-2.682E-01	 0.000E+00	 0.000E+00	 0.000E+00	 1.707E+03	 1.968E+01
   70.0000	 5.768E-04	 2.230E-03	 9.044E+00	 8.773E+02	 1.922E+02	 0.000E+00	 5.040E+03	 5.784E+03	 5.845E+03	-2.974E+02	-1.965E+03	 4.090E+03	 2.700E+00	 3.223E+00	 3.386E+00	-1.555E-01	 1.544E-02	-7.843E-01	 2.700E+00	-1.555E-01	 0.000E+00	 0.000E+00	 0.000E+00	 1.707E+03	 1.968E+01
   70.2500	 1.039E-03	 1.285E-03	 9.044E+00	 8.772E+02	 2.057E+02	 0.000E+00	 5.058E+03	 5.836E+03	 5.782E+03	-1.090E+03	-1.306E+03	 4.224E+03	 2.696E+00	 3.280E+00	 3.339E+00	-5.255E-02	-7.505E-02	-7.971E-01	 2.696E+00	-5.255E-02	 0.000E+00	 0.000E+00	 0.000E+00	 1.707E+03	 1.968E+01
   70.5000	 1.158E-03	-4.289E-04	 9.043E+00	 8.772E+02	 2.193E+02	 0.000E+00	 5.124E+03	 5.878E+03	 5.702E+03	-1.781E+03	-5.414E+02	 4.151E+03	 2.728E+00	 3.330E+00	 3.275E+00	 3.407E-02	-1.787E-01	-7.815E-01	 2.728E+00	 3.407E-02	 0.000E+00	 0.000E+00	 0.000E+00	 1.707E+03	 1.968E+01
   70.7500	 8.758E-04	-1.761E-03	 9.043E+00	 8.772E+02	 2.329E+02	 0.000E+00	 5.225E+03	 5.910E+03	 5.604E+03	-2.337E+03	 2.834E+02	 3.882E+03	 2.788E+00	 3.371E+00	 3.196E+00	 1.007E-01	-2.892E-01	-7.395E-01	 2.788E+00	 1.007E-01	 0.000E+00	 0.000E+00	 0.000E+00	 1.707E+03	 1.968E+01
   71.0000	 3.485E-04	-2.247E-03	 9.044E+00	 8.772E+02	 2.464E+02	 0.000E+00	 5.341E+03	 5.932E+03	 5.491E+03	-2.733E+03	 1.131E+03	 3.431E+03	 2.863E+00	 3.404E+00	 3.104E+00	 1.457E-01	-4.021E-01	-6.729E-01	 2.863E+00	 1.457E-01	 0.000E+00	 0.000E+00	 0.000E+00	 1.707E+03	 1.968E+01
   71.2500	-1.626E-04	-1.660E-03	 9.044E+00	 8.773E+02	 2.600E+02	 0.000E+00	 5.457E+03	 5.941E+03	 5.370E+03	-2.945E+03	 1.958E+03	 2.817E+03	 2.944E+00	 3.427E+00	 3.003E+00	 1.664E-01	-5.115E-01	-5.843E-01	 2.944E+00	 1.664E-01	 0.000E+00	 0.000E+00	 0.000E+00	 1.707E+03	 1.968E+01
   71.5000	-4.235E-04	-3.777E-04	 9.044E+00	 8.773E+02	 2.736E+02	 0.000E+00	 5.561E+03	 5.937E+03	 5.249E+03	-2.958E+03	 2.708E+03	 2.079E+03	 3.025E+00	 3.437E+00	 2.900E+00	 1.610E-01	-6.098E-01	-4.797E-01	 3.025E+00	 1.610E-01	 0.000E+00	 0.000E+00	 0.000E+00	 1.707E+03	 1.968E+01
   71.7500	-3.259E-04	 1.112E-03	 9.045E+00	 8.773E+02	 2.871E+02	 0.000E+00	 5.653E+03	 5.919E+03	 5.142E+03	-2.774E+03	 3.338E+03	 1.264E+03	 3.100E+00	 3.433E+00	 2.806E+00	 1.307E-01	-6.911E-01	-3.663E-01	 3.100E+00	 1.307E-01	 0.000E+00	 0.000E+00	 0.000E+00	 1.707E+03	 1.968E+01
   72.0000	 9.957E-05	 2.141E-03	 9.044E+00	 8.773E+02	 3.007E+02	 0.000E+00	 5.730E+03	 5.885E+03	 5.067E+03	-2.407E+03	 3.820E+03	 4.143E+02	 3.169E+00	 3.414E+00	 2.734E+00	 7.723E-02	-7.519E-01	-2.504E-01	 3.169E+00	 7.723E-02	 0.000E+00	 0.000E+00	 0.000E+00	 1.707E+03	 1.968E+01
   72.2500	 6.646E-04	 2.170E-03	 9.044E+00	 8.773E+02	 3.143E+02	 0.000E+00	 5.793E+03	 5.836E+03	 5.039E+03	-1.871E+03	 4.124E+03	-4.258E+02	 3.232E+00	 3.380E+00	 2.697E+00	 2.394E-03	-7.882E-01	-1.386E-01	 3.232E+00	 2.394E-03	 0.000E+00	 0.000E+00	 0.000E+00	 1.707E+03	 1.968E+01
   72.5000	 1.084E-03	 1.039E-03	 9.044E+00	 8.772E+02	 3.278E+02	 0.000E+00	 5.844E+03	 5.771E+03	 5.065E+03	-1.194E+03	 4.226E+03	-1.204E+03	 3.288E+00	 3.330E+00	 2.698E+00	-9.037E-02	-7.965E-01	-3.803E-02	 3.288E+00	-9.037E-02	 0.000E+00	 0.000E+00	 0.000E+00	 1.707E+03	 1.968E+01
   72.7500	 1.136E-03	-6.340E-04	 9.043E+00	 8.772E+02	 3.414E+02	 0.000E+00	 5.884E+03	 5.687E+03	 5.137E+03	-4.181E+02	 4.122E+03	-1.875E+03	 3.337E+00	 3.264E+00	 2.736E+00	-1.952E-01	-7.767E-01	 4.547E-02	 3.337E+00	-1.952E-01	 0.000E+00	 0.000E+00	 0.000E+00	 1.707E+03	 1.968E+01
   73.0000	 8.044E-04	-1.894E-03	 9.043E+00	 8.772E+02	 3.550E+02	 0.000E+00	 5.914E+03	 5.587E+03	 5.242E+03	 4.139E+02	 3.825E+03	-2.410E+03	 3.377E+00	 3.183E+00	 2.799E+00	-3.066E-01	-7.308E-01	 1.092E-01	 3.377E+00	-3.066E-01	 0.000E+00	 0.000E+00	 0.000E+00	 1.707E+03	 1.968E+01
   73.2500	 2.635E-04	-2.246E-03	 9.044E+00	 8.772E+02	 8.534E+00	 0.000E+00	 5.934E+03	 5.473E+03	 5.360E+03	 1.262E+03	 3.346E+03	-2.780E+03	 3.409E+00	 3.089E+00	 2.876E+00	-4.196E-01	-6.605E-01	 1.507E-01	 3.409E+00	-4.196E-01	 0.000E+00	 0.000E+00	 0.000E+00	 1.707E+03	 1.968E+01
   73.5000	-2.234E-04	-1.484E-03	 9.044E+00	 8.773E+02	 2.210E+01	 0.000E+00	 5.941E+03	 5.351E+03	 5.474E+03	 2.079E+03	 2.710E+03	-2.960E+03	 3.429E+00	 2.987E+00	 2.957E+00	-5.275E-01	-5.690E-01	 1.671E-01	 3.429E+00	-5.275E-01	 0.000E+00	 0.000E+00	 0.000E+00	 1.707E+03	 1.968E+01
   73.7500	-4.337E-04	-1.430E-04	 9.044E+00	 8.773E+02	 3.567E+01	 0.000E+00	 5.935E+03	 5.231E+03	 5.577E+03	 2.813E+03	 1.957E+03	-2.941E+03	 3.438E+00	 2.884E+00	 3.037E+00	-6.235E-01	-4.626E-01	 1.578E-01	 3.438E+00	-6.235E-01	 0.000E+00	 0.000E+00	 0.000E+00	 1.707E+03	 1.968E+01
   74.0000	-2.802E-04	 1.296E-03	 9.045E+00	 8.773E+02	 4.923E+01	 0.000E+00	 5.915E+03	 5.128E+03	 5.666E+03	 3.424E+03	 1.135E+03	-2.730E+03	 3.431E+00	 2.793E+00	 3.111E+00	-7.020E-01	-3.485E-01	 1.241E-01	 3.431E+00	-7.020E-01	 0.000E+00	 0.000E+00	 0.000E+00	 1.707E+03	 1.968E+01
   74.2500	 1.911E-04	 9.596E-04	 9.042E+00	 8.771E+02	 6.280E+01	 0.000E+00	 5.839E+03	 5.003E+03	 5.699E+03	 3.879E+03	 2.811E+02	-2.336E+03	 3.412E+00	 2.705E+00	 3.180E+00	-7.605E-01	-2.304E-01	 6.652E-02	 3.412E+00	-7.605E-01	 0.000E+00	 0.000E+00	 0.000E+00	 1.707E+03	 1.968E+01
   74.5000	 3.170E-04	 6.384E-04	 9.040E+00	 8.769E+02	 7.636E+01	 0.000E+00	 5.735E+03	 4.949E+03	 5.802E+03	 4.143E+03	-5.565E+02	-1.762E+03	 3.373E+00	 2.639E+00	 3.234E+00	-7.908E-01	-1.167E-01	-1.254E-02	 3.373E+00	-7.908E-01	 0.000E+00	 0.000E+00	 0.000E+00	 1.706E+03	 1.968E+01
   74.7500	 9.836E-04	 5.715E-03	 9.037E+00	 8.765E+02	 8.992E+01	 0.000E+00	 5.691E+03	 4.985E+03	 5.837E+03	 4.201E+03	-1.315E+03	-1.065E+03	 3.287E+00	 2.640E+00	 3.295E+00	-7.891E-01	-1.913E-02	-1.084E-01	 3.287E+00	-7.891E-01	 0.000E+00	 0.000E+00	 0.000E+00	 1.705E+03	 1.967E+01
   75.0000	 1.227E-03	-3.794E-03	 9.036E+00	 8.765E+02	 1.035E+02	 0.000E+00	 5.648E+03	 5.098E+03	 5.891E+03	 4.095E+03	-1.973E+03	-2.938E+02	 3.226E+00	 2.707E+00	 3.341E+00	-7.703E-01	 6.036E-02	-2.116E-01	 3.226E+00	-7.703E-01	 0.000E+00	 0.000E+00	 0.000E+00	 1.704E+03	 1.966E+01
   75.2500	-3.097E-03	-1.017E-02	 9.001E+00	 8.728E+02	 1.170E+02	 0.000E+00	 4.327E+03	 4.678E+03	 4.927E+03	 3.692E+03	-2.428E+03	 4.527E+02	 2.942E+00	 2.732E+00	 3.162E+00	-7.003E-01	 1.104E-01	-2.984E-01	 2.942E+00	-7.003E-01	 0.000E+00	 0.000E+00	 0.000E+00	 1.694E+03	 1.964E+01
   75.5000	-4.884E-03	-1.308E-02	 8.959E+00	 8.689E+02	 1.305E+02	 0.000E+00	 4.062E+03	 4.769E+03	 4.427E+03	 3.177E+03	-2.662E+03	 1.254E+03	 2.299E+00	 2.662E+00	 2.692E+00	-5.805E-01	 1.391E-01	-3.673E-01	 2.299E+00	-5.805E-01	 0.000E+00	 0.000E+00	 0.000E+00	 1.680E+03	 1.955E+01
   75.7500	-8.532E-03	-1.010E-02	 8.904E+00	 8.638E+02	 1.439E+02	 0.000E+00	 3.188E+03	 4.651E+03	 3.867E+03	 2.511E+03	-2.881E+03	 2.011E+03	 1.989E+00	 2.708E+00	 2.422E+00	-4.695E-01	 1.674E-01	-4.428E-01	 1.989E+00	-4.695E-01	 0.000E+00	 0.000E+00	 0.000E+00	 1.660E+03	 1.944E+01
   76.0000	-8.737E-03	 4.845E-03	 8.843E+00	 8.575E+02	 1.572E+02	 0.000E+00	 3.339E+03	 4.786E+03	 3.732E+03	 1.844E+03	-2.860E+03	 2.709E+03	 1.840E+00	 2.720E+00	 2.260E+00	-3.744E-01	 1.626E-01	-5.226E-01	 1.840E+00	-3.744E-01	 0.000E+00	 0.000E+00	 0.000E+00	 1.620E+03	 1.912E+01
   76.2500	-8.695E-03	-1.260E-03	 8.786E+00	 8.527E+02	 1.704E+02	 0.000E+00	 3.335E+03	 4.719E+03	 3.431E+03	 9.995E+02	-2.615E+03	 3.207E+03	 1.957E+00	 2.767E+00	 2.195E+00	-2.724E-01	 1.256E-01	-5.781E-01	 1.957E+00	-2.724E-01	 0.000E+00	 0.000E+00	 0.000E+00	 1.577E+03	 1.871E+01
   76.5000	-8.312E-03	 2.220E-03	 8.727E+00	 8.461E+02	 1.835E+02	 0.000E+00	 3.716E+03	 4.758E+03	 3.384E+03	 2.015E+02	-2.232E+03	 3.625E+03	 2.058E+00	 2.777E+00	 2.077E+00	-1.765E-01	 7.343E-02	-6.233E-01	 2.058E+00	-1.765E-01	 0.000E+00	 0.000E+00	 0.000E+00	 1.526E+03	 1.825E+01
   76.7500	-8.359E-03	-1.319E-03	 8.678E+00	 8.422E+02	 1.966E+02	 0.000E+00	 3.811E+03	 4.655E+03	 3.203E+03	-5.384E+02	-1.806E+03	 3.892E+03	 2.176E+00	 2.777E+00	 2.011E+00	-9.267E-02	 2.197E-02	-6.537E-01	 2.176E+00	-9.267E-02	 0.000E+00	 0.000E+00	 0.000E+00	 1.480E+03	 1.778E+01
   77.0000	-8.050E-03	 3.012E-03	 8.625E+00	 8.365E+02	 2.096E+02	 0.000E+00	 4.026E+03	 4.568E+03	 3.184E+03	-1.251E+03	-1.197E+03	 3.943E+03	 2.240E+00	 2.736E+00	 1.947E+00	-5.775E-03	-5.265E-02	-6.533E-01	 2.240E+00	-5.775E-03	 0.000E+00	 0.000E+00	 0.000E+00	 1.431E+03	 1.731E+01
   77.2500	-7.532E-03	 7.718E-04	 8.581E+00	 8.327E+02	 2.225E+02	 0.000E+00	 4.127E+03	 4.386E+03	 3.128E+03	-1.903E+03	-4.257E+02	 3.820E+03	 2.325E+00	 2.674E+00	 1.919E+00	 7.202E-02	-1.515E-01	-6.347E-01	 2.325E+00	 7.202E-02	 0.000E+00	 0.000E+00	 0.000E+00	 1.386E+03	 1.684E+01
   77.5000	-7.443E-03	-1.647E-04	 8.536E+00	 8.281E+02	 2.353E+02	 0.000E+00	 4.303E+03	 4.212E+03	 3.149E+03	-2.413E+03	 2.758E+02	 3.548E+03	 2.403E+00	 2.579E+00	 1.896E+00	 1.330E-01	-2.317E-01	-5.964E-01	 2.403E+00	 1.330E-01	 0.000E+00	 0.000E+00	 0.000E+00	 1.342E+03	 1.640E+01
   77.7500	-7.651E-03	-1.308E-03	 8.495E+00	 8.242E+02	 2.481E+02	 0.000E+00	 4.413E+03	 3.992E+03	 3.156E+03	-2.708E+03	 9.756E+02	 3.155E+03	 2.492E+00	 2.469E+00	 1.891E+00	 1.601E-01	-3.115E-01	-5.475E-01	 2.492E+00	 1.601E-01	 0.000E+00	 0.000E+00	 0.000E+00	 1.300E+03	 1.595E+01
   78.0000	-7.857E-03	-5.269E-04	 8.457E+00	 8.206E+02	 2.608E+02	 0.000E+00	 4.532E+03	 3.781E+03	 3.221E+03	-2.923E+03	 1.710E+03	 2.559E+03	 2.565E+00	 2.345E+00	 1.894E+00	 1.835E-01	-3.960E-01	-4.678E-01	 2.565E+00	 1.835E-01	 0.000E+00	 0.000E+00	 0.000E+00	 1.262E+03	 1.555E+01
   78.2500	-8.041E-03	-9.869E-04	 8.419E+00	 8.166E+02	 2.734E+02	 0.000E+00	 4.585E+03	 3.565E+03	 3.302E+03	-2.971E+03	 2.422E+03	 1.897E+03	 2.623E+00	 2.222E+00	 1.920E+00	 1.853E-01	-4.813E-01	-3.843E-01	 2.623E+00	 1.853E-01	 0.000E+00	 0.000E+00	 0.000E+00	 1.223E+03	 1.515E+01
   78.5000	-8.260E-03	-4.605E-04	 8.387E+00	 8.139E+02	 2.860E+02	 0.000E+00	 4.615E+03	 3.393E+03	 3.420E+03	-2.823E+03	 2.932E+03	 1.190E+03	 2.660E+00	 2.111E+00	 1.959E+00	 1.628E-01	-5.353E-01	-2.964E-01	 2.660E+00	 1.628E-01	 0.000E+00	 0.000E+00	 0.000E+00	 1.189E+03	 1.478E+01
   78.7500	-8.222E-03	 6.801E-04	 8.353E+00	 8.101E+02	 2.986E+02	 0.000E+00	 4.596E+03	 3.258E+03	 3.540E+03	-2.505E+03	 3.340E+03	 4.402E+02	 2.681E+00	 2.024E+00	 2.008E+00	 1.186E-01	-5.790E-01	-2.040E-01	 2.681E+00	 1.186E-01	 0.000E+00	 0.000E+00	 0.000E+00	 1.155E+03	 1.443E+01
   79.0000	-7.960E-03	 1.441E-03	 8.325E+00	 8.078E+02	 3.111E+02	 0.000E+00	 4.548E+03	 3.166E+03	 3.680E+03	-2.099E+03	 3.695E+03	-3.378E+02	 2.680E+00	 1.959E+00	 2.066E+00	 6.722E-02	-6.222E-01	-1.071E-01	 2.680E+00	 6.722E-02	 0.000E+00	 0.000E+00	 0.000E+00	 1.125E+03	 1.409E+01
   79.2500	-7.615E-03	 1.351E-03	 8.296E+00	 8.047E+02	 3.236E+02	 0.000E+00	 4.453E+03	 3.112E+03	 3.832E+03	-1.583E+03	 3.855E+03	-1.058E+03	 2.655E+00	 1.915E+00	 2.138E+00	 4.405E-03	-6.393E-01	-1.935E-02	 2.655E+00	 4.405E-03	 0.000E+00	 0.000E+00	 0.000E+00	 1.097E+03	 1.379E+01
   79.5000	-7.315E-03	 1.130E-03	 8.271E+00	 8.024E+02	 3.360E+02	 0.000E+00	 4.323E+03	 3.086E+03	 3.988E+03	-9.132E+02	 3.792E+03	-1.663E+03	 2.606E+00	 1.884E+00	 2.222E+00	-8.008E-02	-6.266E-01	 4.963E-02	 2.606E+00	-8.008E-02	 0.000E+00	 0.000E+00	 0.000E+00	 1.070E+03	 1.349E+01
   79.7500	-7.158E-03	 4.538E-05	 8.246E+00	 8.000E+02	 3.484E+02	 0.000E+00	 4.168E+03	 3.078E+03	 4.142E+03	-2.175E+02	 3.599E+03	-2.215E+03	 2.536E+00	 1.863E+00	 2.309E+00	-1.637E-01	-5.982E-01	 1.148E-01	 2.536E+00	-1.637E-01	 0.000E+00	 0.000E+00	 0.000E+00	 1.046E+03	 1.322E+01
   80.0000	-7.265E-03	-7.282E-04	 8.223E+00	 7.977E+02	 7.350E-01	 0.000E+00	 3.988E+03	 3.092E+03	 4.274E+03	 4.806E+02	 3.333E+03	-2.643E+03	 2.445E+00	 1.854E+00	 2.392E+00	-2.455E-01	-5.660E-01	 1.631E-01	 2.445E+00	-2.455E-01	 0.000E+00	 0.000E+00	 0.000E+00	 1.022E+03	 1.296E+01
   80.2500	-7.438E-03	-3.972E-04	 8.203E+00	 7.959E+02	 1.305E+01	 0.000E+00	 3.786E+03	 3.146E+03	 4.388E+03	 1.184E+03	 2.857E+03	-2.909E+03	 2.336E+00	 1.862E+00	 2.467E+00	-3.263E-01	-5.038E-01	 1.911E-01	 2.336E+00	-3.263E-01	 0.000E+00	 0.000E+00	 0.000E+00	 1.001E+03	 1.273E+01
   80.5000	-7.564E-03	-8.810E-04	 8.182E+00	 7.936E+02	 2.534E+01	 0.000E+00	 3.584E+03	 3.229E+03	 4.462E+03	 1.896E+03	 2.238E+03	-3.008E+03	 2.221E+00	 1.884E+00	 2.530E+00	-4.105E-01	-4.234E-01	 1.971E-01	 2.221E+00	-4.105E-01	 0.000E+00	 0.000E+00	 0.000E+00	 9.805E+02	 1.250E+01
   80.7500	-7.840E-03	-1.058E-03	 8.164E+00	 7.921E+02	 3.760E+01	 0.000E+00	 3.409E+03	 3.323E+03	 4.508E+03	 2.503E+03	 1.598E+03	-2.995E+03	 2.115E+00	 1.915E+00	 2.577E+00	-4.799E-01	-3.439E-01	 1.922E-01	 2.115E+00	-4.799E-01	 0.000E+00	 0.000E+00	 0.000E+00	 9.623E+02	 1.229E+01
   81.0000	-8.029E-03	-1.095E-04	 8.146E+00	 7.901E+02	 4.983E+01	 0.000E+00	 3.269E+03	 3.432E+03	 4.519E+03	 2.988E+03	 9.239E+02	-2.827E+03	 2.026E+00	 1.954E+00	 2.608E+00	-5.337E-01	-2.618E-01	 1.689E-01	 2.026E+00	-5.337E-01	 0.000E+00	 0.000E+00	 0.000E+00	 9.444E+02	 1.209E+01
   81.2500	-7.905E-03	 1.114E-03	 8.130E+00	 7.888E+02	 6.204E+01	 0.000E+00	 3.165E+03	 3.568E+03	 4.492E+03	 3.400E+03	 1.626E+02	-2.481E+03	 1.957E+00	 2.007E+00	 2.621E+00	-5.820E-01	-1.666E-01	 1.218E-01	 1.957E+00	-5.820E-01	 0.000E+00	 0.000E+00	 0.000E+00	 9.283E+02	 1.191E+01
   81.5000	-7.600E-03	 1.096E-03	 8.115E+00	 7.872E+02	 7.422E+01	 0.000E+00	 3.098E+03	 3.709E+03	 4.429E+03	 3.680E+03	-5.981E+02	-2.028E+03	 1.909E+00	 2.071E+00	 2.614E+00	-6.147E-01	-7.155E-02	 6.411E-02	 1.909E+00	-6.147E-01	 0.000E+00	 0.000E+00	 0.000E+00	 9.132E+02	 1.174E+01
   81.7500	-7.362E-03	 8.590E-04	 8.101E+00	 7.858E+02	 8.639E+01	 0.000E+00	 3.062E+03	 3.849E+03	 4.336E+03	 3.778E+03	-1.234E+03	-1.487E+03	 1.875E+00	 2.141E+00	 2.586E+00	-6.242E-01	 2.373E-03	-2.815E-03	 1.875E+00	-6.242E-01	 0.000E+00	 0.000E+00	 0.000E+00	 8.990E+02	 1.157E+01
   82.0000	-7.123E-03	 9.656E-04	 8.088E+00	 7.846E+02	 9.853E+01	 0.000E+00	 3.047E+03	 3.994E+03	 4.209E+03	 3.708E+03	-1.819E+03	-8.581E+02	 1.853E+00	 2.219E+00	 2.536E+00	-6.114E-01	 7.066E-02	-7.910E-02	 1.853E+00	-6.114E-01	 0.000E+00	 0.000E+00	 0.000E+00	 8.863E+02	 1.143E+01
   82.2500	-7.007E-03	 2.332E-04	 8.076E+00	 7.833E+02	 1.107E+02	 0.000E+00	 3.058E+03	 4.142E+03	 4.044E+03	 3.535E+03	-2.356E+03	-1.483E+02	 1.843E+00	 2.301E+00	 2.460E+00	-5.893E-01	 1.344E-01	-1.656E-01	 1.843E+00	-5.893E-01	 0.000E+00	 0.000E+00	 0.000E+00	 8.739E+02	 1.129E+01
   82.5000	-7.049E-03	-5.321E-04	 8.065E+00	 7.824E+02	 1.228E+02	 0.000E+00	 3.099E+03	 4.265E+03	 3.861E+03	 3.206E+03	-2.748E+03	 5.551E+02	 1.847E+00	 2.382E+00	 2.365E+00	-5.472E-01	 1.788E-01	-2.481E-01	 1.847E+00	-5.472E-01	 0.000E+00	 0.000E+00	 0.000E+00	 8.630E+02	 1.116E+01
   82.7500	-7.251E-03	-7.939E-04	 8.053E+00	 7.812E+02	 1.348E+02	 0.000E+00	 3.162E+03	 4.362E+03	 3.673E+03	 2.715E+03	-2.950E+03	 1.240E+03	 1.863E+00	 2.451E+00	 2.262E+00	-4.837E-01	 1.968E-01	-3.271E-01	 1.863E+00	-4.837E-01	 0.000E+00	 0.000E+00	 0.000E+00	 8.523E+02	 1.104E+01
   83.0000	-7.477E-03	-1.068E-03	 8.044E+00	 7.804E+02	 1.469E+02	 0.000E+00	 3.245E+03	 4.429E+03	 3.494E+03	 2.136E+03	-3.048E+03	 1.911E+03	 1.887E+00	 2.508E+00	 2.158E+00	-4.104E-01	 2.045E-01	-4.056E-01	 1.887E+00	-4.104E-01	 0.000E+00	 0.000E+00	 0.000E+00	 8.426E+02	 1.092E+01
   83.2500	-7.748E-03	-1.023E-03	 8.034E+00	 7.793E+02	 1.590E+02	 0.000E+00	 3.356E+03	 4.468E+03	 3.331E+03	 1.507E+03	-3.039E+03	 2.516E+03	 1.924E+00	 2.551E+00	 2.061E+00	-3.331E-01	 2.018E-01	-4.763E-01	 1.924E+00	-3.331E-01	 0.000E+00	 0.000E+00	 0.000E+00	 8.334E+02	 1.082E+01
   83.5000	-7.898E-03	 2.125E-05	 8.026E+00	 7.785E+02	 1.710E+02	 0.000E+00	 3.479E+03	 4.469E+03	 3.203E+03	 8.072E+02	-2.831E+03	 3.008E+03	 1.972E+00	 2.578E+00	 1.981E+00	-2.468E-01	 1.719E-01	-5.331E-01	 1.972E+00	-2.468E-01	 0.000E+00	 0.000E+00	 0.000E+00	 8.248E+02	 1.072E+01
   83.7500	-7.778E-03	 8.643E-04	 8.018E+00	 7.777E+02	 1.831E+02	 0.000E+00	 3.603E+03	 4.438E+03	 3.119E+03	 5.781E+01	-2.469E+03	 3.380E+03	 2.022E+00	 2.588E+00	 1.924E+00	-1.527E-01	 1.229E-01	-5.755E-01	 2.022E+00	-1.527E-01	 0.000E+00	 0.000E+00	 0.000E+00	 8.170E+02	 1.063E+01
   84.0000	-7.538E-03	 9.325E-04	 8.010E+00	 7.770E+02	 1.951E+02	 0.000E+00	 3.726E+03	 4.374E+03	 3.067E+03	-6.429E+02	-2.031E+03	 3.645E+03	 2.077E+00	 2.580E+00	 1.885E+00	-6.739E-02	 6.780E-02	-6.072E-01	 2.077E+00	-6.739E-02	 0.000E+00	 0.000E+00	 0.000E+00	 8.096E+02	 1.054E+01
   84.2500	-7.291E-03	 1.031E-03	 8.004E+00	 7.764E+02	 2.071E+02	 0.000E+00	 3.872E+03	 4.277E+03	 3.044E+03	-1.286E+03	-1.507E+03	 3.751E+03	 2.144E+00	 2.548E+00	 1.859E+00	 9.128E-03	 4.414E-03	-6.187E-01	 2.144E+00	 9.128E-03	 0.000E+00	 0.000E+00	 0.000E+00	 8.031E+02	 1.046E+01
   84.5000	-7.009E-03	 1.080E-03	 7.997E+00	 7.757E+02	 2.191E+02	 0.000E+00	 4.014E+03	 4.141E+03	 3.043E+03	-1.885E+03	-8.490E+02	 3.689E+03	 2.225E+00	 2.493E+00	 1.846E+00	 7.991E-02	-7.702E-02	-6.089E-01	 2.225E+00	 7.991E-02	 0.000E+00	 0.000E+00	 0.000E+00	 7.967E+02	 1.039E+01
   84.7500	-6.878E-03	 1.671E-04	 7.992E+00	 7.753E+02	 2.311E+02	 0.000E+00	 4.150E+03	 3.980E+03	 3.066E+03	-2.393E+03	-1.460E+02	 3.488E+03	 2.303E+00	 2.418E+00	 1.843E+00	 1.396E-01	-1.624E-01	-5.822E-01	 2.303E+00	 1.396E-01	 0.000E+00	 0.000E+00	 0.000E+00	 7.911E+02	 1.032E+01
   85.0000	-6.961E-03	-6.956E-04	 7.986E+00	 7.746E+02	 2.431E+02	 0.000E+00	 4.260E+03	 3.806E+03	 3.110E+03	-2.749E+03	 5.288E+02	 3.163E+03	 2.377E+00	 2.327E+00	 1.851E+00	 1.785E-01	-2.405E-01	-5.410E-01	 2.377E+00	 1.785E-01	 0.000E+00	 0.000E+00	 0.000E+00	 7.857E+02	 1.026E+01
   85.2500	-7.178E-03	-7.088E-04	 7.981E+00	 7.742E+02	 2.550E+02	 0.000E+00	 4.358E+03	 3.619E+03	 3.190E+03	-2.972E+03	 1.211E+03	 2.702E+03	 2.443E+00	 2.224E+00	 1.874E+00	 2.007E-01	-3.194E-01	-4.832E-01	 2.443E+00	 2.007E-01	 0.000E+00	 0.000E+00	 0.000E+00	 7.807E+02	 1.020E+01
   85.5000	-7.388E-03	-1.127E-03	 7.976E+00	 7.737E+02	 2.670E+02	 0.000E+00	 4.420E+03	 3.438E+03	 3.293E+03	-3.088E+03	 1.897E+03	 2.123E+03	 2.500E+00	 2.120E+00	 1.910E+00	 2.119E-01	-4.007E-01	-4.105E-01	 2.500E+00	 2.119E-01	 0.000E+00	 0.000E+00	 0.000E+00	 7.761E+02	 1.015E+01
   85.7500	-7.686E-03	-1.120E-03	 7.972E+00	 7.733E+02	 2.790E+02	 0.000E+00	 4.452E+03	 3.289E+03	 3.402E+03	-3.047E+03	 2.496E+03	 1.484E+03	 2.539E+00	 2.030E+00	 1.949E+00	 2.034E-01	-4.712E-01	-3.313E-01	 2.539E+00	 2.034E-01	 0.000E+00	 0.000E+00	 0.000E+00	 7.717E+02	 1.009E+01
   86.0000	-7.856E-03	-1.003E-04	 7.968E+00	 7.729E+02	 2.909E+02	 0.000E+00	 4.450E+03	 3.178E+03	 3.511E+03	-2.836E+03	 2.964E+03	 7.969E+02	 2.564E+00	 1.960E+00	 1.989E+00	 1.732E-01	-5.243E-01	-2.462E-01	 2.564E+00	 1.732E-01	 0.000E+00	 0.000E+00	 0.000E+00	 7.678E+02	 1.005E+01
   86.2500	-7.803E-03	 5.546E-04	 7.964E+00	 7.725E+02	 3.029E+02	 0.000E+00	 4.419E+03	 3.101E+03	 3.638E+03	-2.504E+03	 3.353E+03	 7.726E+01	 2.572E+00	 1.909E+00	 2.036E+00	 1.295E-01	-5.705E-01	-1.570E-01	 2.572E+00	 1.295E-01	 0.000E+00	 0.000E+00	 0.000E+00	 7.640E+02	 1.000E+01
   86.5000	-7.584E-03	 1.055E-03	 7.961E+00	 7.723E+02	 3.148E+02	 0.000E+00	 4.350E+03	 3.054E+03	 3.769E+03	-2.078E+03	 3.634E+03	-6.353E+02	 2.562E+00	 1.875E+00	 2.096E+00	 7.649E-02	-6.051E-01	-6.952E-02	 2.562E+00	 7.649E-02	 0.000E+00	 0.000E+00	 0.000E+00	 7.609E+02	 9.966E+00
   86.7500	-7.292E-03	 1.211E-03	 7.958E+00	 7.720E+02	 3.268E+02	 0.000E+00	 4.249E+03	 3.039E+03	 3.902E+03	-1.526E+03	 3.733E+03	-1.288E+03	 2.529E+00	 1.854E+00	 2.160E+00	 7.999E-03	-6.157E-01	 8.804E-03	 2.529E+00	 7.999E-03	 0.000E+00	 0.000E+00	 0.000E+00	 7.578E+02	 9.931E+00
   87.0000	-6.988E-03	 1.083E-03	 7.956E+00	 7.718E+02	 3.387E+02	 0.000E+00	 4.117E+03	 3.046E+03	 4.030E+03	-8.796E+02	 3.666E+03	-1.869E+03	 2.475E+00	 1.845E+00	 2.231E+00	-7.173E-02	-6.048E-01	 7.743E-02	 2.475E+00	-7.173E-02	 0.000E+00	 0.000E+00	 0.000E+00	 7.552E+02	 9.898E+00
   87.2500	-6.871E-03	 1.904E-04	 7.953E+00	 7.715E+02	 3.506E+02	 0.000E+00	 3.954E+03	 3.080E+03	 4.165E+03	-2.104E+02	 3.491E+03	-2.368E+03	 2.398E+00	 1.849E+00	 2.306E+00	-1.511E-01	-5.829E-01	 1.358E-01	 2.398E+00	-1.511E-01	 0.000E+00	 0.000E+00	 0.000E+00	 7.527E+02	 9.869E+00
   87.5000	-6.908E-03	-4.215E-04	 7.951E+00	 7.713E+02	 2.549E+00	 0.000E+00	 3.771E+03	 3.141E+03	 4.276E+03	 4.732E+02	 3.185E+03	-2.746E+03	 2.302E+00	 1.867E+00	 2.381E+00	-2.306E-01	-5.456E-01	 1.781E-01	 2.302E+00	-2.306E-01	 0.000E+00	 0.000E+00	 0.000E+00	 7.503E+02	 9.841E+00
   87.7500	-7.080E-03	-7.073E-04	 7.949E+00	 7.710E+02	 1.447E+01	 0.000E+00	 3.585E+03	 3.228E+03	 4.366E+03	 1.178E+03	 2.713E+03	-2.983E+03	 2.199E+00	 1.896E+00	 2.445E+00	-3.135E-01	-4.857E-01	 2.028E-01	 2.199E+00	-3.135E-01	 0.000E+00	 0.000E+00	 0.000E+00	 7.482E+02	 9.816E+00
   88.0000	-7.325E-03	-1.320E-03	 7.946E+00	 7.708E+02	 2.640E+01	 0.000E+00	 3.415E+03	 3.327E+03	 4.420E+03	 1.851E+03	 2.142E+03	-3.084E+03	 2.102E+00	 1.930E+00	 2.497E+00	-3.931E-01	-4.140E-01	 2.112E-01	 2.102E+00	-3.931E-01	 0.000E+00	 0.000E+00	 0.000E+00	 7.461E+02	 9.791E+00
   88.2500	-7.687E-03	-1.390E-03	 7.945E+00	 7.707E+02	 3.831E+01	 0.000E+00	 3.270E+03	 3.445E+03	 4.453E+03	 2.430E+03	 1.528E+03	-3.052E+03	 2.014E+00	 1.971E+00	 2.535E+00	-4.600E-01	-3.389E-01	 2.043E-01	 2.014E+00	-4.600E-01	 0.000E+00	 0.000E+00	 0.000E+00	 7.443E+02	 9.770E+00
   88.5000	-7.927E-03	-2.975E-04	 7.943E+00	 7.705E+02	 5.023E+01	 0.000E+00	 3.156E+03	 3.564E+03	 4.450E+03	 2.927E+03	 8.475E+02	-2.869E+03	 1.945E+00	 2.017E+00	 2.559E+00	-5.181E-01	-2.553E-01	 1.785E-01	 1.945E+00	-5.181E-01	 0.000E+00	 0.000E+00	 0.000E+00	 7.426E+02	 9.749E+00
   88.7500	-7.889E-03	 6.702E-04	 7.942E+00	 7.704E+02	 6.214E+01	 0.000E+00	 3.085E+03	 3.681E+03	 4.415E+03	 3.338E+03	 1.105E+02	-2.544E+03	 1.897E+00	 2.062E+00	 2.566E+00	-5.681E-01	-1.627E-01	 1.357E-01	 1.897E+00	-5.681E-01	 0.000E+00	 0.000E+00	 0.000E+00	 7.412E+02	 9.732E+00
   89.0000	-7.647E-03	 1.155E-03	 7.941E+00	 7.703E+02	 7.406E+01	 0.000E+00	 3.049E+03	 3.796E+03	 4.345E+03	 3.605E+03	-5.952E+02	-2.107E+03	 1.869E+00	 2.110E+00	 2.555E+00	-6.004E-01	-7.556E-02	 8.045E-02	 1.869E+00	-6.004E-01	 0.000E+00	 0.000E+00	 0.000E+00	 7.399E+02	 9.717E+00
   89.2500	-7.279E-03	 1.427E-03	 7.940E+00	 7.702E+02	 8.597E+01	 0.000E+00	 3.043E+03	 3.913E+03	 4.237E+03	 3.708E+03	-1.234E+03	-1.572E+03	 1.853E+00	 2.168E+00	 2.521E+00	-6.115E-01	 6.749E-04	 1.464E-02	 1.853E+00	-6.115E-01	 0.000E+00	 0.000E+00	 0.000E+00	 7.388E+02	 9.703E+00
   89.5000	-6.964E-03	 1.221E-03	 7.939E+00	 7.701E+02	 9.788E+01	 0.000E+00	 3.056E+03	 4.041E+03	 4.101E+03	 3.680E+03	-1.832E+03	-9.489E+02	 1.851E+00	 2.235E+00	 2.463E+00	-6.074E-01	 7.226E-02	-6.090E-02	 1.851E+00	-6.074E-01	 0.000E+00	 0.000E+00	 0.000E+00	 7.378E+02	 9.691E+00
   89.7500	-6.753E-03	 4.969E-04	 7.938E+00	 7.700E+02	 1.098E+02	 0.000E+00	 3.096E+03	 4.164E+03	 3.934E+03	 3.520E+03	-2.351E+03	-2.694E+02	 1.860E+00	 2.307E+00	 2.384E+00	-5.880E-01	 1.340E-01	-1.423E-01	 1.860E+00	-5.880E-01	 0.000E+00	 0.000E+00	 0.000E+00	 7.368E+02	 9.679E+00
   90.0000	-6.779E-03	-5.382E-04	 7.937E+00	 7.698E+02	 1.217E+02	 0.000E+00	 3.157E+03	 4.270E+03	 3.759E+03	 3.197E+03	-2.725E+03	 4.247E+02	 1.877E+00	 2.376E+00	 2.291E+00	-5.472E-01	 1.758E-01	-2.239E-01	 1.877E+00	-5.472E-01	 0.000E+00	 0.000E+00	 0.000E+00	 7.358E+02	 9.668E+00
   90.2500	-6.810E-03	-4.315E-05	 7.935E+00	 7.697E+02	 1.336E+02	 0.000E+00	 3.241E+03	 4.329E+03	 3.572E+03	 2.744E+03	-2.966E+03	 1.117E+03	 1.908E+00	 2.434E+00	 2.193E+00	-4.905E-01	 2.009E-01	-3.050E-01	 1.908E+00	-4.905E-01	 0.000E+00	 0.000E+00	 0.000E+00	 7.347E+02	 9.656E+00
   90.5000	-6.990E-03	-1.228E-03	 7.933E+00	 7.695E+02	 1.455E+02	 0.000E+00	 3.350E+03	 4.379E+03	 3.415E+03	 2.207E+03	-3.099E+03	 1.788E+03	 1.946E+00	 2.474E+00	 2.098E+00	-4.244E-01	 2.154E-01	-3.841E-01	 1.946E+00	-4.244E-01	 0.000E+00	 0.000E+00	 0.000E+00	 7.335E+02	 9.643E+00
   90.7500	-7.261E-03	-8.478E-04	 7.932E+00	 7.694E+02	 1.574E+02	 0.000E+00	 3.450E+03	 4.397E+03	 3.282E+03	 1.584E+03	-3.084E+03	 2.393E+03	 1.983E+00	 2.508E+00	 2.021E+00	-3.473E-01	 2.111E-01	-4.562E-01	 1.983E+00	-3.473E-01	 0.000E+00	 0.000E+00	 0.000E+00	 7.324E+02	 9.629E+00
   91.0000	-7.429E-03	-1.633E-04	 7.931E+00	 7.693E+02	 1.693E+02	 0.000E+00	 3.552E+03	 4.398E+03	 3.192E+03	 8.853E+02	-2.895E+03	 2.904E+03	 2.015E+00	 2.530E+00	 1.963E+00	-2.593E-01	 1.841E-01	-5.171E-01	 2.015E+00	-2.593E-01	 0.000E+00	 0.000E+00	 0.000E+00	 7.313E+02	 9.616E+00
   91.2500	-7.304E-03	 1.044E-03	 7.929E+00	 7.691E+02	 1.812E+02	 0.000E+00	 3.635E+03	 4.339E+03	 3.114E+03	 1.669E+02	-2.587E+03	 3.310E+03	 2.047E+00	 2.534E+00	 1.921E+00	-1.690E-01	 1.436E-01	-5.662E-01	 2.047E+00	-1.690E-01	 0.000E+00	 0.000E+00	 0.000E+00	 7.302E+02	 9.604E+00
   91.5000	-7.028E-03	 1.246E-03	 7.928E+00	 7.690E+02	 1.931E+02	 0.000E+00	 3.738E+03	 4.266E+03	 3.081E+03	-5.270E+02	-2.175E+03	 3.593E+03	 2.083E+00	 2.511E+00	 1.890E+00	-8.322E-02	 9.328E-02	-6.006E-01	 2.083E+00	-8.322E-02	 0.000E+00	 0.000E+00	 0.000E+00	 7.290E+02	 9.590E+00
   91.7500	-6.683E-03	 1.433E-03	 7.926E+00	 7.688E+02	 2.050E+02	 0.000E+00	 3.848E+03	 4.156E+03	 3.063E+03	-1.195E+03	-1.640E+03	 3.721E+03	 2.136E+00	 2.474E+00	 1.874E+00	-1.543E-03	 2.748E-02	-6.156E-01	 2.136E+00	-1.543E-03	 0.000E+00	 0.000E+00	 0.000E+00	 7.278E+02	 9.576E+00
   92.0000	-6.371E-03	 1.005E-03	 7.924E+00	 7.686E+02	 2.169E+02	 0.000E+00	 3.972E+03	 4.030E+03	 3.077E+03	-1.806E+03	-1.008E+03	 3.700E+03	 2.200E+00	 2.419E+00	 1.868E+00	 7.225E-02	-5.020E-02	-6.119E-01	 2.200E+00	 7.225E-02	 0.000E+00	 0.000E+00	 0.000E+00	 7.264E+02	 9.560E+00
   92.2500	-6.423E-03	-9.135E-04	 7.922E+00	 7.685E+02	 2.287E+02	 0.000E+00	 4.112E+03	 3.894E+03	 3.103E+03	-2.309E+03	-3.401E+02	 3.535E+03	 2.275E+00	 2.354E+00	 1.869E+00	 1.307E-01	-1.306E-01	-5.904E-01	 2.275E+00	 1.307E-01	 0.000E+00	 0.000E+00	 0.000E+00	 7.251E+02	 9.545E+00
   92.5000	-6.620E-03	-7.181E-04	 7.921E+00	 7.683E+02	 2.406E+02	 0.000E+00	 4.228E+03	 3.741E+03	 3.146E+03	-2.692E+03	 3.451E+02	 3.230E+03	 2.354E+00	 2.278E+00	 1.877E+00	 1.728E-01	-2.120E-01	-5.515E-01	 2.354E+00	 1.728E-01	 0.000E+00	 0.000E+00	 0.000E+00	 7.238E+02	 9.530E+00
   92.7500	-6.861E-03	-1.020E-03	 7.920E+00	 7.682E+02	 2.525E+02	 0.000E+00	 4.322E+03	 3.571E+03	 3.221E+03	-2.962E+03	 1.051E+03	 2.796E+03	 2.420E+00	 2.188E+00	 1.899E+00	 2.023E-01	-2.962E-01	-4.969E-01	 2.420E+00	 2.023E-01	 0.000E+00	 0.000E+00	 0.000E+00	 7.226E+02	 9.515E+00
   93.0000	-7.104E-03	-1.095E-03	 7.919E+00	 7.681E+02	 2.644E+02	 0.000E+00	 4.377E+03	 3.409E+03	 3.318E+03	-3.101E+03	 1.730E+03	 2.253E+03	 2.471E+00	 2.096E+00	 1.931E+00	 2.161E-01	-3.768E-01	-4.291E-01	 2.471E+00	 2.161E-01	 0.000E+00	 0.000E+00	 0.000E+00	 7.215E+02	 9.502E+00
   93.2500	-7.609E-03	-2.042E-03	 7.919E+00	 7.681E+02	 2.763E+02	 0.000E+00	 4.441E+03	 3.277E+03	 3.433E+03	-3.071E+03	 2.326E+03	 1.630E+03	 2.515E+00	 2.014E+00	 1.968E+00	 2.081E-01	-4.466E-01	-3.516E-01	 2.515E+00	 2.081E-01	 0.000E+00	 0.000E+00	 0.000E+00	 7.207E+02	 9.491E+00
   93.5000	-7.951E-03	-7.813E-04	 7.919E+00	 7.681E+02	 2.881E+02	 0.000E+00	 4.459E+03	 3.166E+03	 3.543E+03	-2.903E+03	 2.836E+03	 9.499E+02	 2.559E+00	 1.949E+00	 2.009E+00	 1.825E-01	-5.065E-01	-2.670E-01	 2.559E+00	 1.825E-01	 0.000E+00	 0.000E+00	 0.000E+00	 7.203E+02	 9.486E+00
   93.7500	-8.082E-03	 1.401E-04	 7.920E+00	 7.682E+02	 3.000E+02	 0.000E+00	 4.450E+03	 3.091E+03	 3.662E+03	-2.620E+03	 3.264E+03	 2.412E+02	 2.576E+00	 1.900E+00	 2.053E+00	 1.451E-01	-5.586E-01	-1.792E-01	 2.576E+00	 1.451E-01	 0.000E+00	 0.000E+00	 0.000E+00	 7.201E+02	 9.482E+00
   94.0000	-7.859E-03	 1.408E-03	 7.921E+00	 7.683E+02	 3.119E+02	 0.000E+00	 4.378E+03	 3.045E+03	 3.783E+03	-2.206E+03	 3.557E+03	-4.657E+02	 2.568E+00	 1.867E+00	 2.103E+00	 9.271E-02	-5.939E-01	-9.204E-02	 2.568E+00	 9.271E-02	 0.000E+00	 0.000E+00	 0.000E+00	 7.203E+02	 9.483E+00
   94.2500	-7.602E-03	 8.801E-04	 7.922E+00	 7.684E+02	 3.238E+02	 0.000E+00	 4.289E+03	 3.027E+03	 3.916E+03	-1.667E+03	 3.686E+03	-1.133E+03	 2.540E+00	 1.845E+00	 2.163E+00	 2.476E-02	-6.078E-01	-1.107E-02	 2.540E+00	 2.476E-02	 0.000E+00	 0.000E+00	 0.000E+00	 7.207E+02	 9.487E+00
   94.5000	-7.376E-03	 9.633E-04	 7.923E+00	 7.685E+02	 3.357E+02	 0.000E+00	 4.165E+03	 3.025E+03	 4.048E+03	-1.060E+03	 3.681E+03	-1.735E+03	 2.495E+00	 1.834E+00	 2.235E+00	-4.966E-02	-6.059E-01	 6.029E-02	 2.495E+00	-4.966E-02	 0.000E+00	 0.000E+00	 0.000E+00	 7.213E+02	 9.494E+00
   94.7500	-7.227E-03	 2.770E-04	 7.924E+00	 7.686E+02	 3.475E+02	 0.000E+00	 4.011E+03	 3.055E+03	 4.179E+03	-4.120E+02	 3.548E+03	-2.250E+03	 2.423E+00	 1.836E+00	 2.310E+00	-1.263E-01	-5.894E-01	 1.203E-01	 2.423E+00	-1.263E-01	 0.000E+00	 0.000E+00	 0.000E+00	 7.219E+02	 9.501E+00
   95.0000	-7.149E-03	 1.879E-04	 7.925E+00	 7.687E+02	 3.594E+02	 0.000E+00	 3.824E+03	 3.114E+03	 4.290E+03	 2.868E+02	 3.256E+03	-2.656E+03	 2.330E+00	 1.853E+00	 2.382E+00	-2.090E-01	-5.529E-01	 1.665E-01	 2.330E+00	-2.090E-01	 0.000E+00	 0.000E+00	 0.000E+00	 7.225E+02	 9.508E+00
   95.2500	-7.181E-03	-5.326E-04	 7.925E+00	 7.687E+02	 1.132E+01	 0.000E+00	 3.624E+03	 3.199E+03	 4.371E+03	 9.955E+02	 2.824E+03	-2.935E+03	 2.222E+00	 1.884E+00	 2.443E+00	-2.922E-01	-4.986E-01	 1.970E-01	 2.222E+00	-2.922E-01	 0.000E+00	 0.000E+00	 0.000E+00	 7.230E+02	 9.515E+00
   95.5000	-7.413E-03	-1.370E-03	 7.925E+00	 7.687E+02	 2.321E+01	 0.000E+00	 3.440E+03	 3.307E+03	 4.429E+03	 1.656E+03	 2.305E+03	-3.074E+03	 2.114E+00	 1.923E+00	 2.493E+00	-3.684E-01	-4.349E-01	 2.104E-01	 2.114E+00	-3.684E-01	 0.000E+00	 0.000E+00	 0.000E+00	 7.234E+02	 9.519E+00
   95.7500	-7.779E-03	-1.242E-03	 7.925E+00	 7.687E+02	 3.510E+01	 0.000E+00	 3.283E+03	 3.420E+03	 4.463E+03	 2.257E+03	 1.703E+03	-3.075E+03	 2.021E+00	 1.965E+00	 2.534E+00	-4.377E-01	-3.611E-01	 2.071E-01	 2.021E+00	-4.377E-01	 0.000E+00	 0.000E+00	 0.000E+00	 7.237E+02	 9.523E+00
   96.0000	-8.021E-03	-5.154E-04	 7.925E+00	 7.687E+02	 4.698E+01	 0.000E+00	 3.165E+03	 3.538E+03	 4.468E+03	 2.801E+03	 1.019E+03	-2.932E+03	 1.949E+00	 2.008E+00	 2.561E+00	-5.026E-01	-2.759E-01	 1.864E-01	 1.949E+00	-5.026E-01	 0.000E+00	 0.000E+00	 0.000E+00	 7.239E+02	 9.526E+00
   96.2500	-8.053E-03	 3.047E-04	 7.926E+00	 7.688E+02	 5.887E+01	 0.000E+00	 3.088E+03	 3.654E+03	 4.441E+03	 3.236E+03	 3.017E+02	-2.649E+03	 1.899E+00	 2.051E+00	 2.572E+00	-5.551E-01	-1.864E-01	 1.490E-01	 1.899E+00	-5.551E-01	 0.000E+00	 0.000E+00	 0.000E+00	 7.242E+02	 9.529E+00
   96.5000	-7.890E-03	 9.992E-04	 7.926E+00	 7.688E+02	 7.076E+01	 0.000E+00	 3.045E+03	 3.774E+03	 4.381E+03	 3.524E+03	-3.937E+02	-2.241E+03	 1.867E+00	 2.100E+00	 2.567E+00	-5.890E-01	-1.012E-01	 9.676E-02	 1.867E+00	-5.890E-01	 0.000E+00	 0.000E+00	 0.000E+00	 7.245E+02	 9.533E+00
   96.7500	-7.613E-03	 1.296E-03	 7.927E+00	 7.689E+02	 8.265E+01	 0.000E+00	 3.025E+03	 3.897E+03	 4.290E+03	 3.679E+03	-1.061E+03	-1.728E+03	 1.846E+00	 2.158E+00	 2.542E+00	-6.070E-01	-2.042E-02	 3.280E-02	 1.846E+00	-6.070E-01	 0.000E+00	 0.000E+00	 0.000E+00	 7.249E+02	 9.537E+00
   97.0000	-7.323E-03	 1.095E-03	 7.927E+00	 7.689E+02	 9.454E+01	 0.000E+00	 3.027E+03	 4.028E+03	 4.166E+03	 3.705E+03	-1.686E+03	-1.129E+03	 1.836E+00	 2.225E+00	 2.495E+00	-6.099E-01	 5.512E-02	-4.027E-02	 1.836E+00	-6.099E-01	 0.000E+00	 0.000E+00	 0.000E+00	 7.253E+02	 9.541E+00
   97.2500	-7.216E-03	-1.220E-04	 7.928E+00	 7.690E+02	 1.064E+02	 0.000E+00	 3.053E+03	 4.168E+03	 4.024E+03	 3.568E+03	-2.212E+03	-4.647E+02	 1.836E+00	 2.299E+00	 2.426E+00	-5.920E-01	 1.167E-01	-1.203E-01	 1.836E+00	-5.920E-01	 0.000E+00	 0.000E+00	 0.000E+00	 7.257E+02	 9.546E+00
   97.5000	-7.199E-03	-1.667E-05	 7.928E+00	 7.691E+02	 1.183E+02	 0.000E+00	 3.103E+03	 4.286E+03	 3.847E+03	 3.275E+03	-2.614E+03	 2.286E+02	 1.848E+00	 2.377E+00	 2.341E+00	-5.541E-01	 1.612E-01	-2.026E-01	 1.848E+00	-5.541E-01	 0.000E+00	 0.000E+00	 0.000E+00	 7.261E+02	 9.551E+00
   97.7500	-7.329E-03	-9.412E-04	 7.929E+00	 7.691E+02	 1.302E+02	 0.000E+00	 3.184E+03	 4.386E+03	 3.658E+03	 2.873E+03	-2.904E+03	 9.228E+02	 1.875E+00	 2.445E+00	 2.239E+00	-5.043E-01	 1.926E-01	-2.837E-01	 1.875E+00	-5.043E-01	 0.000E+00	 0.000E+00	 0.000E+00	 7.264E+02	 9.555E+00
   98.0000	-7.546E-03	-1.004E-03	 7.929E+00	 7.691E+02	 1.421E+02	 0.000E+00	 3.291E+03	 4.449E+03	 3.469E+03	 2.367E+03	-3.071E+03	 1.594E+03	 1.915E+00	 2.501E+00	 2.131E+00	-4.427E-01	 2.099E-01	-3.614E-01	 1.915E+00	-4.427E-01	 0.000E+00	 0.000E+00	 0.000E+00	 7.268E+02	 9.559E+00
   98.2500	-7.873E-03	-1.311E-03	 7.929E+00	 7.691E+02	 1.540E+02	 0.000E+00	 3.416E+03	 4.490E+03	 3.305E+03	 1.753E+03	-3.077E+03	 2.216E+03	 1.961E+00	 2.543E+00	 2.033E+00	-3.668E-01	 2.068E-01	-4.338E-01	 1.961E+00	-3.668E-01	 0.000E+00	 0.000E+00	 0.000E+00	 7.271E+02	 9.562E+00
   98.5000	-8.151E-03	-9.003E-04	 7.930E+00	 7.692E+02	 1.659E+02	 0.000E+00	 3.540E+03	 4.499E+03	 3.176E+03	 1.073E+03	-2.935E+03	 2.754E+03	 2.008E+00	 2.574E+00	 1.955E+00	-2.823E-01	 1.853E-01	-4.970E-01	 2.008E+00	-2.823E-01	 0.000E+00	 0.000E+00	 0.000E+00	 7.275E+02	 9.566E+00
   98.7500	-8.303E-03	-2.092E-04	 7.931E+00	 7.693E+02	 1.778E+02	 0.000E+00	 3.660E+03	 4.483E+03	 3.091E+03	 3.776E+02	-2.672E+03	 3.188E+03	 2.055E+00	 2.590E+00	 1.900E+00	-1.968E-01	 1.504E-01	-5.483E-01	 2.055E+00	-1.968E-01	 0.000E+00	 0.000E+00	 0.000E+00	 7.279E+02	 9.572E+00
   99.0000	-8.204E-03	 9.913E-04	 7.932E+00	 7.694E+02	 1.897E+02	 0.000E+00	 3.784E+03	 4.429E+03	 3.040E+03	-3.230E+02	-2.284E+03	 3.502E+03	 2.105E+00	 2.588E+00	 1.863E+00	-1.110E-01	 1.009E-01	-5.859E-01	 2.105E+00	-1.110E-01	 0.000E+00	 0.000E+00	 0.000E+00	 7.285E+02	 9.578E+00
   99.2500	-7.787E-03	 2.029E-03	 7.933E+00	 7.695E+02	 2.016E+02	 0.000E+00	 3.896E+03	 4.317E+03	 3.016E+03	-1.013E+03	-1.774E+03	 3.680E+03	 2.161E+00	 2.562E+00	 1.843E+00	-2.624E-02	 3.700E-02	-6.072E-01	 2.161E+00	-2.624E-02	 0.000E+00	 0.000E+00	 0.000E+00	 7.291E+02	 9.585E+00
   99.5000	-7.391E-03	 1.258E-03	 7.933E+00	 7.695E+02	 2.135E+02	 0.000E+00	 4.022E+03	 4.186E+03	 3.024E+03	-1.636E+03	-1.175E+03	 3.706E+03	 2.221E+00	 2.505E+00	 1.834E+00	 4.900E-02	-3.576E-02	-6.098E-01	 2.221E+00	 4.900E-02	 0.000E+00	 0.000E+00	 0.000E+00	 7.295E+02	 9.591E+00
   99.7500	-7.134E-03	 4.665E-04	 7.933E+00	 7.695E+02	 2.254E+02	 0.000E+00	 4.142E+03	 4.022E+03	 3.050E+03	-2.159E+03	-5.277E+02	 3.579E+03	 2.292E+00	 2.430E+00	 1.837E+00	 1.100E-01	-1.125E-01	-5.932E-01	 2.292E+00	 1.100E-01	 0.000E+00	 0.000E+00	 0.000E+00	 7.300E+02	 9.596E+00
  100.0000	-7.077E-03	-1.110E-04	 7.933E+00	 7.695E+02	 2.373E+02	 0.000E+00	 4.261E+03	 3.843E+03	 3.104E+03	-2.584E+03	 1.606E+02	 3.317E+03	 2.363E+00	 2.338E+00	 1.851E+00	 1.584E-01	-1.934E-01	-5.604E-01	 2.363E+00	 1.584E-01	 0.000E+00	 0.000E+00	 0.000E+00	 7.301E+02	 9.598E+00
  100.2500	-7.093E-03	-4.001E-04	 7.932E+00	 7.694E+02	 2.492E+02	 0.000E+00	 4.342E+03	 3.641E+03	 3.182E+03	-2.900E+03	 8.654E+02	 2.926E+03	 2.428E+00	 2.233E+00	 1.880E+00	 1.940E-01	-2.760E-01	-5.122E-01	 2.428E+00	 1.940E-01	 0.000E+00	 0.000E+00	 0.000E+00	 7.301E+02	 9.599E+00
  100.5000	-7.297E-03	-1.200E-03	 7.931E+00	 7.693E+02	 2.611E+02	 0.000E+00	 4.406E+03	 3.457E+03	 3.290E+03	-3.066E+03	 1.544E+03	 2.414E+03	 2.478E+00	 2.124E+00	 1.918E+00	 2.109E-01	-3.548E-01	-4.489E-01	 2.478E+00	 2.109E-01	 0.000E+00	 0.000E+00	 0.000E+00	 7.298E+02	 9.596E+00
  100.7500	-7.625E-03	-1.333E-03	 7.930E+00	 7.693E+02	 2.730E+02	 0.000E+00	 4.440E+03	 3.297E+03	 3.399E+03	-3.080E+03	 2.162E+03	 1.809E+03	 2.520E+00	 2.031E+00	 1.959E+00	 2.085E-01	-4.267E-01	-3.738E-01	 2.520E+00	 2.085E-01	 0.000E+00	 0.000E+00	 0.000E+00	 7.295E+02	 9.592E+00
  101.0000	-7.915E-03	-8.640E-04	 7.930E+00	 7.692E+02	 2.849E+02	 0.000E+00	 4.453E+03	 3.178E+03	 3.514E+03	-2.966E+03	 2.712E+03	 1.145E+03	 2.549E+00	 1.957E+00	 1.999E+00	 1.916E-01	-4.917E-01	-2.915E-01	 2.549E+00	 1.916E-01	 0.000E+00	 0.000E+00	 0.000E+00	 7.290E+02	 9.587E+00
  101.2500	-7.984E-03	 1.517E-04	 7.929E+00	 7.691E+02	 2.968E+02	 0.000E+00	 4.428E+03	 3.096E+03	 3.625E+03	-2.718E+03	 3.168E+03	 4.427E+02	 2.563E+00	 1.906E+00	 2.041E+00	 1.589E-01	-5.468E-01	-2.044E-01	 2.563E+00	 1.589E-01	 0.000E+00	 0.000E+00	 0.000E+00	 7.286E+02	 9.582E+00
  101.5000	-7.821E-03	 1.127E-03	 7.929E+00	 7.691E+02	 3.087E+02	 0.000E+00	 4.374E+03	 3.051E+03	 3.742E+03	-2.326E+03	 3.490E+03	-2.731E+02	 2.559E+00	 1.872E+00	 2.086E+00	 1.085E-01	-5.855E-01	-1.156E-01	 2.559E+00	 1.085E-01	 0.000E+00	 0.000E+00	 0.000E+00	 7.282E+02	 9.578E+00
  101.7500	-7.509E-03	 1.307E-03	 7.929E+00	 7.691E+02	 3.206E+02	 0.000E+00	 4.283E+03	 3.028E+03	 3.861E+03	-1.821E+03	 3.670E+03	-9.569E+02	 2.536E+00	 1.852E+00	 2.141E+00	 4.492E-02	-6.066E-01	-3.203E-02	 2.536E+00	 4.492E-02	 0.000E+00	 0.000E+00	 0.000E+00	 7.279E+02	 9.574E+00
  102.0000	-7.219E-03	 1.009E-03	 7.928E+00	 7.691E+02	 3.325E+02	 0.000E+00	 4.164E+03	 3.028E+03	 3.989E+03	-1.243E+03	 3.712E+03	-1.578E+03	 2.490E+00	 1.841E+00	 2.205E+00	-2.520E-02	-6.110E-01	 4.243E-02	 2.490E+00	-2.520E-02	 0.000E+00	 0.000E+00	 0.000E+00	 7.276E+02	 9.571E+00
  102.2500	-5.533E-03	 1.110E-02	 7.928E+00	 7.690E+02	 3.443E+02	 0.000E+00	 4.010E+03	 3.048E+03	 4.118E+03	-5.970E+02	 3.608E+03	-2.120E+03	 2.421E+00	 1.839E+00	 2.278E+00	-1.025E-01	-5.976E-01	 1.060E-01	 2.421E+00	-1.025E-01	 0.000E+00	 0.000E+00	 0.000E+00	 7.273E+02	 9.567E+00
  102.5000	-4.293E-03	 4.398E-04	 7.927E+00	 7.690E+02	 3.562E+02	 0.000E+00	 3.831E+03	 3.100E+03	 4.234E+03	 1.035E+02	 3.347E+03	-2.562E+03	 2.332E+00	 1.852E+00	 2.351E+00	-1.860E-01	-5.643E-01	 1.570E-01	 2.332E+00	-1.860E-01	 0.000E+00	 0.000E+00	 0.000E+00	 7.270E+02	 9.564E+00
  102.7500	-3.415E-03	 4.837E-03	 7.927E+00	 7.689E+02	 8.124E+00	 0.000E+00	 3.645E+03	 3.177E+03	 4.328E+03	 8.064E+02	 2.957E+03	-2.875E+03	 2.231E+00	 1.878E+00	 2.416E+00	-2.684E-01	-5.157E-01	 1.915E-01	 2.231E+00	-2.684E-01	 0.000E+00	 0.000E+00	 0.000E+00	 7.265E+02	 9.559E+00
  103.0000	-2.971E-03	 1.430E-04	 7.926E+00	 7.688E+02	 2.001E+01	 0.000E+00	 3.468E+03	 3.275E+03	 4.397E+03	 1.473E+03	 2.465E+03	-3.050E+03	 2.129E+00	 1.913E+00	 2.472E+00	-3.455E-01	-4.551E-01	 2.090E-01	 2.129E+00	-3.455E-01	 0.000E+00	 0.000E+00	 0.000E+00	 7.260E+02	 9.553E+00
  103.2500	-2.550E-03	 2.070E-03	 7.925E+00	 7.687E+02	 3.190E+01	 0.000E+00	 3.306E+03	 3.384E+03	 4.429E+03	 2.106E+03	 1.874E+03	-3.093E+03	 2.037E+00	 1.953E+00	 2.514E+00	-4.197E-01	-3.822E-01	 2.110E-01	 2.037E+00	-4.197E-01	 0.000E+00	 0.000E+00	 0.000E+00	 7.255E+02	 9.547E+00
  103.5000	-2.271E-03	 1.044E-03	 7.924E+00	 7.687E+02	 4.379E+01	 0.000E+00	 3.183E+03	 3.500E+03	 4.437E+03	 2.676E+03	 1.204E+03	-2.992E+03	 1.962E+00	 1.993E+00	 2.540E+00	-4.880E-01	-2.985E-01	 1.961E-01	 1.962E+00	-4.880E-01	 0.000E+00	 0.000E+00	 0.000E+00	 7.249E+02	 9.540E+00
  103.7500	-1.814E-03	 1.839E-03	 7.924E+00	 7.686E+02	 5.567E+01	 0.000E+00	 3.101E+03	 3.608E+03	 4.410E+03	 3.130E+03	 4.995E+02	-2.743E+03	 1.909E+00	 2.034E+00	 2.552E+00	-5.422E-01	-2.109E-01	 1.627E-01	 1.909E+00	-5.422E-01	 0.000E+00	 0.000E+00	 0.000E+00	 7.244E+02	 9.534E+00
  104.0000	-1.356E-03	 2.179E-03	 7.923E+00	 7.686E+02	 6.756E+01	 0.000E+00	 3.054E+03	 3.721E+03	 4.360E+03	 3.457E+03	-2.028E+02	-2.367E+03	 1.875E+00	 2.077E+00	 2.549E+00	-5.810E-01	-1.242E-01	 1.142E-01	 1.875E+00	-5.810E-01	 0.000E+00	 0.000E+00	 0.000E+00	 7.240E+02	 9.529E+00
  104.2500	-7.548E-04	 2.094E-03	 7.923E+00	 7.685E+02	 7.945E+01	 0.000E+00	 3.030E+03	 3.832E+03	 4.262E+03	 3.664E+03	-8.915E+02	-1.888E+03	 1.856E+00	 2.129E+00	 2.526E+00	-6.064E-01	-3.984E-02	 5.483E-02	 1.856E+00	-6.064E-01	 0.000E+00	 0.000E+00	 0.000E+00	 7.236E+02	 9.524E+00
  104.5000	-3.185E-04	 1.478E-03	 7.922E+00	 7.685E+02	 9.133E+01	 0.000E+00	 3.034E+03	 3.955E+03	 4.140E+03	 3.727E+03	-1.532E+03	-1.310E+03	 1.846E+00	 2.189E+00	 2.476E+00	-6.141E-01	 3.796E-02	-1.541E-02	 1.846E+00	-6.141E-01	 0.000E+00	 0.000E+00	 0.000E+00	 7.231E+02	 9.518E+00
  104.7500	-3.774E-05	 4.358E-04	 7.921E+00	 7.684E+02	 1.032E+02	 0.000E+00	 3.057E+03	 4.074E+03	 3.987E+03	 3.621E+03	-2.082E+03	-6.564E+02	 1.847E+00	 2.257E+00	 2.407E+00	-5.998E-01	 1.029E-01	-9.418E-02	 1.847E+00	-5.998E-01	 0.000E+00	 0.000E+00	 0.000E+00	 7.226E+02	 9.513E+00
  105.0000	-2.265E-05	-2.486E-04	 7.920E+00	 7.683E+02	 1.151E+02	 0.000E+00	 3.104E+03	 4.191E+03	 3.818E+03	 3.375E+03	-2.523E+03	 3.107E+01	 1.858E+00	 2.327E+00	 2.322E+00	-5.683E-01	 1.535E-01	-1.758E-01	 1.858E+00	-5.683E-01	 0.000E+00	 0.000E+00	 0.000E+00	 7.219E+02	 9.506E+00
  105.2500	-1.748E-04	-1.006E-03	 7.919E+00	 7.682E+02	 1.270E+02	 0.000E+00	 3.174E+03	 4.290E+03	 3.642E+03	 3.012E+03	-2.854E+03	 7.244E+02	 1.880E+00	 2.395E+00	 2.227E+00	-5.234E-01	 1.905E-01	-2.571E-01	 1.880E+00	-5.234E-01	 0.000E+00	 0.000E+00	 0.000E+00	 7.213E+02	 9.498E+00
  105.5000	-4.089E-04	-8.289E-04	 7.918E+00	 7.681E+02	 1.389E+02	 0.000E+00	 3.266E+03	 4.366E+03	 3.470E+03	 2.524E+03	-3.053E+03	 1.410E+03	 1.912E+00	 2.454E+00	 2.130E+00	-4.630E-01	 2.113E-01	-3.377E-01	 1.912E+00	-4.630E-01	 0.000E+00	 0.000E+00	 0.000E+00	 7.206E+02	 9.490E+00
  105.7500	-6.256E-04	-8.655E-04	 7.918E+00	 7.680E+02	 1.507E+02	 0.000E+00	 3.372E+03	 4.410E+03	 3.316E+03	 1.927E+03	-3.100E+03	 2.055E+03	 1.949E+00	 2.500E+00	 2.041E+00	-3.882E-01	 2.132E-01	-4.140E-01	 1.949E+00	-3.882E-01	 0.000E+00	 0.000E+00	 0.000E+00	 7.199E+02	 9.482E+00
  106.0000	-7.625E-04	-2.537E-04	 7.917E+00	 7.680E+02	 1.626E+02	 0.000E+00	 3.482E+03	 4.423E+03	 3.193E+03	 1.269E+03	-3.005E+03	 2.618E+03	 1.987E+00	 2.530E+00	 1.968E+00	-3.062E-01	 1.982E-01	-4.806E-01	 1.987E+00	-3.062E-01	 0.000E+00	 0.000E+00	 0.000E+00	 7.193E+02	 9.474E+00
  106.2500	-7.616E-04	 2.624E-04	 7.917E+00	 7.679E+02	 1.745E+02	 0.000E+00	 3.593E+03	 4.413E+03	 3.108E+03	 5.794E+02	-2.778E+03	 3.081E+03	 2.027E+00	 2.548E+00	 1.913E+00	-2.210E-01	 1.676E-01	-5.357E-01	 2.027E+00	-2.210E-01	 0.000E+00	 0.000E+00	 0.000E+00	 7.188E+02	 9.468E+00
  106.5000	-5.458E-04	 1.247E-03	 7.917E+00	 7.680E+02	 1.864E+02	 0.000E+00	 3.708E+03	 4.368E+03	 3.053E+03	-1.345E+02	-2.418E+03	 3.433E+03	 2.072E+00	 2.550E+00	 1.876E+00	-1.325E-01	 1.212E-01	-5.784E-01	 2.072E+00	-1.325E-01	 0.000E+00	 0.000E+00	 0.000E+00	 7.185E+02	 9.464E+00
  106.7500	-2.065E-04	 1.239E-03	 7.917E+00	 7.680E+02	 1.982E+02	 0.000E+00	 3.828E+03	 4.287E+03	 3.027E+03	-8.333E+02	-1.937E+03	 3.652E+03	 2.124E+00	 2.532E+00	 1.853E+00	-4.639E-02	 6.043E-02	-6.049E-01	 2.124E+00	-4.639E-02	 0.000E+00	 0.000E+00	 0.000E+00	 7.183E+02	 9.461E+00
  107.0000	 9.086E-05	 9.407E-04	 7.917E+00	 7.680E+02	 2.101E+02	 0.000E+00	 3.952E+03	 4.171E+03	 3.025E+03	-1.468E+03	-1.366E+03	 3.714E+03	 2.186E+00	 2.491E+00	 1.842E+00	 2.993E-02	-9.677E-03	-6.115E-01	 2.186E+00	 2.993E-02	 0.000E+00	 0.000E+00	 0.000E+00	 7.182E+02	 9.460E+00
  107.2500	 2.499E-04	 2.858E-04	 7.917E+00	 7.680E+02	 2.220E+02	 0.000E+00	 4.078E+03	 4.027E+03	 3.046E+03	-2.020E+03	-7.296E+02	 3.630E+03	 2.256E+00	 2.426E+00	 1.840E+00	 9.481E-02	-8.606E-02	-6.001E-01	 2.256E+00	 9.481E-02	 0.000E+00	 0.000E+00	 0.000E+00	 7.181E+02	 9.459E+00
  107.5000	 2.284E-04	-3.387E-04	 7.917E+00	 7.679E+02	 2.339E+02	 0.000E+00	 4.198E+03	 3.855E+03	 3.088E+03	-2.485E+03	-4.508E+01	 3.411E+03	 2.329E+00	 2.342E+00	 1.850E+00	 1.488E-01	-1.674E-01	-5.727E-01	 2.329E+00	 1.488E-01	 0.000E+00	 0.000E+00	 0.000E+00	 7.180E+02	 9.458E+00
  107.7500	 8.696E-05	-8.144E-04	 7.917E+00	 7.679E+02	 2.457E+02	 0.000E+00	 4.298E+03	 3.673E+03	 3.160E+03	-2.831E+03	 6.577E+02	 3.053E+03	 2.396E+00	 2.245E+00	 1.872E+00	 1.878E-01	-2.502E-01	-5.280E-01	 2.396E+00	 1.878E-01	 0.000E+00	 0.000E+00	 0.000E+00	 7.179E+02	 9.456E+00
  108.0000	-1.626E-04	-1.073E-03	 7.916E+00	 7.679E+02	 2.576E+02	 0.000E+00	 4.373E+03	 3.495E+03	 3.253E+03	-3.030E+03	 1.342E+03	 2.568E+03	 2.455E+00	 2.145E+00	 1.905E+00	 2.081E-01	-3.302E-01	-4.676E-01	 2.455E+00	 2.081E-01	 0.000E+00	 0.000E+00	 0.000E+00	 7.176E+02	 9.454E+00
  108.2500	-4.417E-04	-1.099E-03	 7.916E+00	 7.678E+02	 2.695E+02	 0.000E+00	 4.420E+03	 3.333E+03	 3.359E+03	-3.094E+03	 1.982E+03	 1.992E+03	 2.502E+00	 2.051E+00	 1.943E+00	 2.121E-01	-4.051E-01	-3.961E-01	 2.502E+00	 2.121E-01	 0.000E+00	 0.000E+00	 0.000E+00	 7.174E+02	 9.452E+00
  108.5000	-6.474E-04	-5.304E-04	 7.916E+00	 7.678E+02	 2.814E+02	 0.000E+00	 4.438E+03	 3.203E+03	 3.472E+03	-3.026E+03	 2.559E+03	 1.347E+03	 2.534E+00	 1.973E+00	 1.983E+00	 2.009E-01	-4.734E-01	-3.165E-01	 2.534E+00	 2.009E-01	 0.000E+00	 0.000E+00	 0.000E+00	 7.172E+02	 9.449E+00
  108.7500	-6.375E-04	 4.429E-04	 7.916E+00	 7.678E+02	 2.932E+02	 0.000E+00	 4.422E+03	 3.112E+03	 3.584E+03	-2.811E+03	 3.041E+03	 6.493E+02	 2.552E+00	 1.916E+00	 2.024E+00	 1.717E-01	-5.312E-01	-2.296E-01	 2.552E+00	 1.717E-01	 0.000E+00	 0.000E+00	 0.000E+00	 7.171E+02	 9.448E+00
  109.0000	-4.296E-04	 1.063E-03	 7.916E+00	 7.679E+02	 3.051E+02	 0.000E+00	 4.375E+03	 3.056E+03	 3.697E+03	-2.455E+03	 3.402E+03	-6.676E+01	 2.552E+00	 1.878E+00	 2.067E+00	 1.254E-01	-5.745E-01	-1.406E-01	 2.552E+00	 1.254E-01	 0.000E+00	 0.000E+00	 0.000E+00	 7.171E+02	 9.447E+00
  109.2500	-1.496E-04	 9.879E-04	 7.916E+00	 7.679E+02	 3.170E+02	 0.000E+00	 4.300E+03	 3.029E+03	 3.818E+03	-1.990E+03	 3.628E+03	-7.573E+02	 2.536E+00	 1.854E+00	 2.119E+00	 6.691E-02	-6.015E-01	-5.599E-02	 2.536E+00	 6.691E-02	 0.000E+00	 0.000E+00	 0.000E+00	 7.172E+02	 9.448E+00
  109.5000	 9.853E-05	 8.626E-04	 7.917E+00	 7.679E+02	 3.289E+02	 0.000E+00	 4.193E+03	 3.021E+03	 3.944E+03	-1.436E+03	 3.714E+03	-1.398E+03	 2.500E+00	 1.841E+00	 2.182E+00	-1.104E-03	-6.115E-01	 2.116E-02	 2.500E+00	-1.104E-03	 0.000E+00	 0.000E+00	 0.000E+00	 7.173E+02	 9.449E+00
  109.7500	 2.708E-04	 5.032E-04	 7.917E+00	 7.679E+02	 3.407E+02	 0.000E+00	 4.052E+03	 3.039E+03	 4.071E+03	-7.989E+02	 3.651E+03	-1.971E+03	 2.439E+00	 1.837E+00	 2.252E+00	-7.817E-02	-6.029E-01	 8.923E-02	 2.439E+00	-7.817E-02	 0.000E+00	 0.000E+00	 0.000E+00	 7.174E+02	 9.451E+00
  110.0000	 2.917E-04	-1.611E-04	 7.917E+00	 7.679E+02	 3.526E+02	 0.000E+00	 3.879E+03	 3.080E+03	 4.191E+03	-1.119E+02	 3.437E+03	-2.445E+03	 2.356E+00	 1.847E+00	 2.323E+00	-1.602E-01	-5.756E-01	 1.443E-01	 2.356E+00	-1.602E-01	 0.000E+00	 0.000E+00	 0.000E+00	 7.175E+02	 9.452E+00
  110.2500	 1.163E-04	-1.018E-03	 7.917E+00	 7.679E+02	 4.478E+00	 0.000E+00	 3.702E+03	 3.149E+03	 4.299E+03	 5.834E+02	 3.089E+03	-2.792E+03	 2.260E+00	 1.867E+00	 2.393E+00	-2.417E-01	-5.320E-01	 1.828E-01	 2.260E+00	-2.417E-01	 0.000E+00	 0.000E+00	 0.000E+00	 7.176E+02	 9.453E+00
  110.5000	-1.572E-04	-1.026E-03	 7.917E+00	 7.679E+02	 1.635E+01	 0.000E+00	 3.521E+03	 3.237E+03	 4.380E+03	 1.266E+03	 2.626E+03	-3.011E+03	 2.160E+00	 1.899E+00	 2.456E+00	-3.212E-01	-4.746E-01	 2.055E-01	 2.160E+00	-3.212E-01	 0.000E+00	 0.000E+00	 0.000E+00	 7.176E+02	 9.453E+00
  110.7500	-4.303E-04	-1.100E-03	 7.917E+00	 7.679E+02	 2.823E+01	 0.000E+00	 3.355E+03	 3.347E+03	 4.434E+03	 1.919E+03	 2.059E+03	-3.098E+03	 2.064E+00	 1.937E+00	 2.506E+00	-3.980E-01	-4.046E-01	 2.126E-01	 2.064E+00	-3.980E-01	 0.000E+00	 0.000E+00	 0.000E+00	 7.176E+02	 9.453E+00
  111.0000	-6.295E-04	-5.357E-04	 7.917E+00	 7.679E+02	 4.010E+01	 0.000E+00	 3.217E+03	 3.464E+03	 4.454E+03	 2.506E+03	 1.412E+03	-3.037E+03	 1.982E+00	 1.980E+00	 2.540E+00	-4.674E-01	-3.242E-01	 2.019E-01	 1.982E+00	-4.674E-01	 0.000E+00	 0.000E+00	 0.000E+00	 7.177E+02	 9.453E+00
  111.2500	-6.717E-04	 1.993E-04	 7.917E+00	 7.680E+02	 5.198E+01	 0.000E+00	 3.120E+03	 3.580E+03	 4.446E+03	 2.990E+03	 7.201E+02	-2.829E+03	 1.920E+00	 2.022E+00	 2.560E+00	-5.247E-01	-2.384E-01	 1.730E-01	 1.920E+00	-5.247E-01	 0.000E+00	 0.000E+00	 0.000E+00	 7.178E+02	 9.454E+00
  111.5000	-5.202E-04	 9.585E-04	 7.918E+00	 7.681E+02	 6.386E+01	 0.000E+00	 3.057E+03	 3.695E+03	 4.406E+03	 3.363E+03	 1.339E+01	-2.494E+03	 1.879E+00	 2.067E+00	 2.565E+00	-5.693E-01	-1.511E-01	 1.295E-01	 1.879E+00	-5.693E-01	 0.000E+00	 0.000E+00	 0.000E+00	 7.180E+02	 9.457E+00
  111.7500	-2.250E-04	 1.206E-03	 7.919E+00	 7.681E+02	 7.573E+01	 0.000E+00	 3.025E+03	 3.817E+03	 4.332E+03	 3.613E+03	-6.841E+02	-2.046E+03	 1.852E+00	 2.119E+00	 2.551E+00	-5.995E-01	-6.542E-02	 7.321E-02	 1.852E+00	-5.995E-01	 0.000E+00	 0.000E+00	 0.000E+00	 7.184E+02	 9.461E+00
  112.0000	 7.521E-05	 1.053E-03	 7.919E+00	 7.682E+02	 8.761E+01	 0.000E+00	 3.017E+03	 3.943E+03	 4.224E+03	 3.713E+03	-1.339E+03	-1.492E+03	 1.838E+00	 2.180E+00	 2.516E+00	-6.113E-01	 1.391E-02	 4.638E-03	 1.838E+00	-6.113E-01	 0.000E+00	 0.000E+00	 0.000E+00	 7.187E+02	 9.465E+00
  112.2500	 2.913E-04	 6.022E-04	 7.920E+00	 7.682E+02	 9.949E+01	 0.000E+00	 3.032E+03	 4.067E+03	 4.082E+03	 3.657E+03	-1.915E+03	-8.599E+02	 1.834E+00	 2.249E+00	 2.455E+00	-6.032E-01	 8.231E-02	-7.194E-02	 1.834E+00	-6.032E-01	 0.000E+00	 0.000E+00	 0.000E+00	 7.191E+02	 9.470E+00
  112.5000	 3.203E-04	-1.021E-04	 7.920E+00	 7.682E+02	 1.114E+02	 0.000E+00	 3.072E+03	 4.188E+03	 3.910E+03	 3.463E+03	-2.394E+03	-1.862E+02	 1.843E+00	 2.320E+00	 2.372E+00	-5.786E-01	 1.377E-01	-1.518E-01	 1.843E+00	-5.786E-01	 0.000E+00	 0.000E+00	 0.000E+00	 7.194E+02	 9.473E+00
  112.7500	 1.976E-04	-7.643E-04	 7.920E+00	 7.682E+02	 1.233E+02	 0.000E+00	 3.139E+03	 4.292E+03	 3.726E+03	 3.136E+03	-2.762E+03	 5.078E+02	 1.863E+00	 2.389E+00	 2.274E+00	-5.381E-01	 1.793E-01	-2.330E-01	 1.863E+00	-5.381E-01	 0.000E+00	 0.000E+00	 0.000E+00	 7.196E+02	 9.476E+00
  113.0000	-4.669E-05	-1.011E-03	 7.920E+00	 7.682E+02	 1.351E+02	 0.000E+00	 3.229E+03	 4.375E+03	 3.539E+03	 2.680E+03	-2.999E+03	 1.202E+03	 1.896E+00	 2.451E+00	 2.171E+00	-4.814E-01	 2.047E-01	-3.142E-01	 1.896E+00	-4.814E-01	 0.000E+00	 0.000E+00	 0.000E+00	 7.197E+02	 9.477E+00
  113.2500	-3.204E-04	-1.167E-03	 7.919E+00	 7.682E+02	 1.470E+02	 0.000E+00	 3.337E+03	 4.427E+03	 3.370E+03	 2.117E+03	-3.093E+03	 1.859E+03	 1.935E+00	 2.501E+00	 2.073E+00	-4.115E-01	 2.123E-01	-3.911E-01	 1.935E+00	-4.115E-01	 0.000E+00	 0.000E+00	 0.000E+00	 7.197E+02	 9.478E+00
  113.5000	-5.692E-04	-7.412E-04	 7.919E+00	 7.682E+02	 1.589E+02	 0.000E+00	 3.452E+03	 4.452E+03	 3.229E+03	 1.483E+03	-3.046E+03	 2.445E+03	 1.976E+00	 2.537E+00	 1.989E+00	-3.332E-01	 2.030E-01	-4.599E-01	 1.976E+00	-3.332E-01	 0.000E+00	 0.000E+00	 0.000E+00	 7.197E+02	 9.477E+00
  113.7500	-6.364E-04	 2.595E-04	 7.920E+00	 7.682E+02	 1.708E+02	 0.000E+00	 3.566E+03	 4.444E+03	 3.127E+03	 7.982E+02	-2.860E+03	 2.945E+03	 2.018E+00	 2.558E+00	 1.926E+00	-2.484E-01	 1.774E-01	-5.193E-01	 2.018E+00	-2.484E-01	 0.000E+00	 0.000E+00	 0.000E+00	 7.197E+02	 9.478E+00
  114.0000	-4.865E-04	 9.897E-04	 7.920E+00	 7.682E+02	 1.826E+02	 0.000E+00	 3.681E+03	 4.406E+03	 3.063E+03	 8.364E+01	-2.538E+03	 3.338E+03	 2.062E+00	 2.563E+00	 1.883E+00	-1.596E-01	 1.355E-01	-5.667E-01	 2.062E+00	-1.596E-01	 0.000E+00	 0.000E+00	 0.000E+00	 7.198E+02	 9.479E+00
  114.2500	-1.982E-04	 1.183E-03	 7.920E+00	 7.683E+02	 1.945E+02	 0.000E+00	 3.802E+03	 4.335E+03	 3.030E+03	-6.186E+02	-2.093E+03	 3.596E+03	 2.112E+00	 2.550E+00	 1.856E+00	-7.311E-02	 7.903E-02	-5.977E-01	 2.112E+00	-7.311E-02	 0.000E+00	 0.000E+00	 0.000E+00	 7.200E+02	 9.480E+00
  114.5000	 8.163E-05	 9.479E-04	 7.921E+00	 7.683E+02	 2.064E+02	 0.000E+00	 3.926E+03	 4.232E+03	 3.019E+03	-1.272E+03	-1.550E+03	 3.705E+03	 2.172E+00	 2.518E+00	 1.840E+00	 5.783E-03	 1.187E-02	-6.102E-01	 2.172E+00	 5.783E-03	 0.000E+00	 0.000E+00	 0.000E+00	 7.203E+02	 9.483E+00
  114.7500	 2.716E-04	 5.400E-04	 7.921E+00	 7.683E+02	 2.183E+02	 0.000E+00	 4.054E+03	 4.096E+03	 3.031E+03	-1.857E+03	-9.310E+02	 3.672E+03	 2.241E+00	 2.461E+00	 1.835E+00	 7.528E-02	-6.301E-02	-6.053E-01	 2.241E+00	 7.528E-02	 0.000E+00	 0.000E+00	 0.000E+00	 7.205E+02	 9.486E+00
  115.0000	 3.125E-04	 2.923E-05	 7.921E+00	 7.683E+02	 2.302E+02	 0.000E+00	 4.177E+03	 3.928E+03	 3.066E+03	-2.354E+03	-2.567E+02	 3.494E+03	 2.313E+00	 2.381E+00	 1.842E+00	 1.334E-01	-1.433E-01	-5.828E-01	 2.313E+00	 1.334E-01	 0.000E+00	 0.000E+00	 0.000E+00	 7.207E+02	 9.488E+00
  115.2500	 2.226E-04	-7.052E-04	 7.921E+00	 7.683E+02	 2.421E+02	 0.000E+00	 4.282E+03	 3.743E+03	 3.131E+03	-2.733E+03	 4.427E+02	 3.173E+03	 2.383E+00	 2.284E+00	 1.861E+00	 1.762E-01	-2.257E-01	-5.426E-01	 2.383E+00	 1.762E-01	 0.000E+00	 0.000E+00	 0.000E+00	 7.207E+02	 9.489E+00
  115.5000	-1.720E-05	-1.019E-03	 7.921E+00	 7.683E+02	 2.539E+02	 0.000E+00	 4.366E+03	 3.556E+03	 3.219E+03	-2.977E+03	 1.133E+03	 2.727E+03	 2.444E+00	 2.181E+00	 1.892E+00	 2.021E-01	-3.062E-01	-4.871E-01	 2.444E+00	 2.021E-01	 0.000E+00	 0.000E+00	 0.000E+00	 7.207E+02	 9.489E+00
  115.7500	-3.017E-04	-1.224E-03	 7.920E+00	 7.683E+02	 2.658E+02	 0.000E+00	 4.422E+03	 3.385E+03	 3.326E+03	-3.089E+03	 1.791E+03	 2.181E+03	 2.496E+00	 2.081E+00	 1.930E+00	 2.121E-01	-3.828E-01	-4.197E-01	 2.496E+00	 2.121E-01	 0.000E+00	 0.000E+00	 0.000E+00	 7.206E+02	 9.488E+00
  116.0000	-5.598E-04	-6.921E-04	 7.920E+00	 7.682E+02	 2.777E+02	 0.000E+00	 4.451E+03	 3.241E+03	 3.440E+03	-3.061E+03	 2.391E+03	 1.553E+03	 2.533E+00	 1.996E+00	 1.972E+00	 2.055E-01	-4.536E-01	-3.420E-01	 2.533E+00	 2.055E-01	 0.000E+00	 0.000E+00	 0.000E+00	 7.205E+02	 9.487E+00
  116.2500	-6.178E-04	 3.093E-04	 7.920E+00	 7.682E+02	 2.896E+02	 0.000E+00	 4.443E+03	 3.136E+03	 3.554E+03	-2.886E+03	 2.904E+03	 8.649E+02	 2.556E+00	 1.931E+00	 2.013E+00	 1.809E-01	-5.146E-01	-2.564E-01	 2.556E+00	 1.809E-01	 0.000E+00	 0.000E+00	 0.000E+00	 7.204E+02	 9.486E+00
  116.5000	-4.811E-04	 9.427E-04	 7.920E+00	 7.683E+02	 3.015E+02	 0.000E+00	 4.406E+03	 3.069E+03	 3.667E+03	-2.573E+03	 3.303E+03	 1.539E+02	 2.560E+00	 1.887E+00	 2.056E+00	 1.400E-01	-5.625E-01	-1.682E-01	 2.560E+00	 1.400E-01	 0.000E+00	 0.000E+00	 0.000E+00	 7.204E+02	 9.486E+00
  116.7500	-1.957E-04	 1.242E-03	 7.920E+00	 7.683E+02	 3.133E+02	 0.000E+00	 4.335E+03	 3.034E+03	 3.786E+03	-2.145E+03	 3.574E+03	-5.453E+02	 2.549E+00	 1.859E+00	 2.105E+00	 8.590E-02	-5.950E-01	-8.220E-02	 2.549E+00	 8.590E-02	 0.000E+00	 0.000E+00	 0.000E+00	 7.205E+02	 9.486E+00
  117.0000	 8.524E-05	 9.771E-04	 7.921E+00	 7.683E+02	 3.252E+02	 0.000E+00	 4.234E+03	 3.021E+03	 3.909E+03	-1.613E+03	 3.705E+03	-1.208E+03	 2.517E+00	 1.843E+00	 2.164E+00	 2.024E-02	-6.107E-01	-1.733E-03	 2.517E+00	 2.024E-02	 0.000E+00	 0.000E+00	 0.000E+00	 7.206E+02	 9.487E+00
  117.2500	 3.038E-04	 7.217E-04	 7.921E+00	 7.683E+02	 3.371E+02	 0.000E+00	 4.098E+03	 3.030E+03	 4.033E+03	-9.961E+02	 3.687E+03	-1.807E+03	 2.462E+00	 1.837E+00	 2.231E+00	-5.477E-02	-6.076E-01	 6.991E-02	 2.462E+00	-5.477E-02	 0.000E+00	 0.000E+00	 0.000E+00	 7.206E+02	 9.488E+00
  117.5000	 3.575E-04	-9.390E-05	 7.920E+00	 7.683E+02	 3.490E+02	 0.000E+00	 3.933E+03	 3.065E+03	 4.155E+03	-3.245E+02	 3.518E+03	-2.310E+03	 2.382E+00	 1.843E+00	 2.301E+00	-1.349E-01	-5.858E-01	 1.286E-01	 2.382E+00	-1.349E-01	 0.000E+00	 0.000E+00	 0.000E+00	 7.206E+02	 9.488E+00
  117.7500	 2.573E-04	-7.279E-04	 7.920E+00	 7.682E+02	 8.576E-01	 0.000E+00	 3.751E+03	 3.126E+03	 4.262E+03	 3.689E+02	 3.211E+03	-2.698E+03	 2.288E+00	 1.861E+00	 2.371E+00	-2.164E-01	-5.475E-01	 1.725E-01	 2.288E+00	-2.164E-01	 0.000E+00	 0.000E+00	 0.000E+00	 7.205E+02	 9.487E+00
  118.0000	 5.293E-06	-1.078E-03	 7.919E+00	 7.682E+02	 1.274E+01	 0.000E+00	 3.566E+03	 3.211E+03	 4.349E+03	 1.062E+03	 2.782E+03	-2.962E+03	 2.187E+00	 1.890E+00	 2.433E+00	-2.974E-01	-4.943E-01	 2.011E-01	 2.187E+00	-2.974E-01	 0.000E+00	 0.000E+00	 0.000E+00	 7.203E+02	 9.485E+00
  118.2500	-2.723E-04	-1.178E-03	 7.919E+00	 7.681E+02	 2.462E+01	 0.000E+00	 3.397E+03	 3.315E+03	 4.408E+03	 1.729E+03	 2.242E+03	-3.090E+03	 2.088E+00	 1.927E+00	 2.486E+00	-3.756E-01	-4.275E-01	 2.131E-01	 2.088E+00	-3.756E-01	 0.000E+00	 0.000E+00	 0.000E+00	 7.200E+02	 9.482E+00
  118.5000	-5.344E-04	-7.029E-04	 7.919E+00	 7.681E+02	 3.649E+01	 0.000E+00	 3.252E+03	 3.427E+03	 4.439E+03	 2.336E+03	 1.616E+03	-3.071E+03	 2.003E+00	 1.968E+00	 2.525E+00	-4.471E-01	-3.497E-01	 2.073E-01	 2.003E+00	-4.471E-01	 0.000E+00	 0.000E+00	 0.000E+00	 7.198E+02	 9.479E+00
  118.7500	-6.360E-04	 9.835E-05	 7.919E+00	 7.681E+02	 4.837E+01	 0.000E+00	 3.145E+03	 3.540E+03	 4.438E+03	 2.855E+03	 9.363E+02	-2.908E+03	 1.937E+00	 2.008E+00	 2.549E+00	-5.086E-01	-2.653E-01	 1.842E-01	 1.937E+00	-5.086E-01	 0.000E+00	 0.000E+00	 0.000E+00	 7.195E+02	 9.476E+00
  119.0000	-5.292E-04	 8.837E-04	 7.919E+00	 7.681E+02	 6.025E+01	 0.000E+00	 3.075E+03	 3.652E+03	 4.405E+03	 3.268E+03	 2.293E+02	-2.614E+03	 1.891E+00	 2.050E+00	 2.558E+00	-5.582E-01	-1.776E-01	 1.457E-01	 1.891E+00	-5.582E-01	 0.000E+00	 0.000E+00	 0.000E+00	 7.194E+02	 9.475E+00
  119.2500	-2.509E-04	 1.310E-03	 7.919E+00	 7.681E+02	 7.213E+01	 0.000E+00	 3.036E+03	 3.771E+03	 4.339E+03	 3.556E+03	-4.768E+02	-2.196E+03	 1.862E+00	 2.098E+00	 2.548E+00	-5.931E-01	-9.043E-02	 9.270E-02	 1.862E+00	-5.931E-01	 0.000E+00	 0.000E+00	 0.000E+00	 7.194E+02	 9.474E+00
  119.5000	 4.875E-05	 1.107E-03	 7.919E+00	 7.682E+02	 8.401E+01	 0.000E+00	 3.021E+03	 3.892E+03	 4.241E+03	 3.699E+03	-1.147E+03	-1.670E+03	 1.844E+00	 2.156E+00	 2.519E+00	-6.100E-01	-8.814E-03	 2.721E-02	 1.844E+00	-6.100E-01	 0.000E+00	 0.000E+00	 0.000E+00	 7.194E+02	 9.474E+00
  119.7500	 2.615E-04	 6.764E-04	 7.919E+00	 7.682E+02	 9.589E+01	 0.000E+00	 3.029E+03	 4.019E+03	 4.112E+03	 3.692E+03	-1.749E+03	-1.061E+03	 1.838E+00	 2.222E+00	 2.466E+00	-6.082E-01	 6.300E-02	-4.683E-02	 1.838E+00	-6.082E-01	 0.000E+00	 0.000E+00	 0.000E+00	 7.194E+02	 9.474E+00
  120.0000	 3.206E-04	-1.394E-04	 7.919E+00	 7.681E+02	 1.078E+02	 0.000E+00	 3.059E+03	 4.142E+03	 3.951E+03	 3.541E+03	-2.261E+03	-3.983E+02	 1.842E+00	 2.294E+00	 2.391E+00	-5.889E-01	 1.229E-01	-1.259E-01	 1.842E+00	-5.889E-01	 0.000E+00	 0.000E+00	 0.000E+00	 7.194E+02	 9.474E+00
  120.2500	 2.478E-04	-5.512E-04	 7.919E+00	 7.681E+02	 1.196E+02	 0.000E+00	 3.119E+03	 4.252E+03	 3.770E+03	 3.251E+03	-2.667E+03	 2.964E+02	 1.858E+00	 2.364E+00	 2.298E+00	-5.526E-01	 1.691E-01	-2.078E-01	 1.858E+00	-5.526E-01	 0.000E+00	 0.000E+00	 0.000E+00	 7.194E+02	 9.474E+00
  120.5000	 2.500E-05	-1.078E-03	 7.918E+00	 7.681E+02	 1.315E+02	 0.000E+00	 3.201E+03	 4.340E+03	 3.583E+03	 2.830E+03	-2.944E+03	 9.945E+02	 1.887E+00	 2.427E+00	 2.197E+00	-5.002E-01	 1.994E-01	-2.896E-01	 1.887E+00	-5.002E-01	 0.000E+00	 0.000E+00	 0.000E+00	 7.192E+02	 9.472E+00
  120.7500	-2.476E-04	-1.173E-03	 7.918E+00	 7.680E+02	 1.434E+02	 0.000E+00	 3.304E+03	 4.401E+03	 3.412E+03	 2.299E+03	-3.081E+03	 1.663E+03	 1.923E+00	 2.480E+00	 2.097E+00	-4.344E-01	 2.124E-01	-3.677E-01	 1.923E+00	-4.344E-01	 0.000E+00	 0.000E+00	 0.000E+00	 7.190E+02	 9.470E+00
  121.0000	-5.282E-04	-8.096E-04	 7.917E+00	 7.680E+02	 1.553E+02	 0.000E+00	 3.414E+03	 4.435E+03	 3.264E+03	 1.685E+03	-3.078E+03	 2.274E+03	 1.963E+00	 2.521E+00	 2.011E+00	-3.584E-01	 2.086E-01	-4.396E-01	 1.963E+00	-3.584E-01	 0.000E+00	 0.000E+00	 0.000E+00	 7.187E+02	 9.467E+00
  121.2500	-6.468E-04	 2.312E-05	 7.917E+00	 7.680E+02	 1.671E+02	 0.000E+00	 3.528E+03	 4.438E+03	 3.153E+03	 1.010E+03	-2.935E+03	 2.807E+03	 2.003E+00	 2.547E+00	 1.942E+00	-2.745E-01	 1.880E-01	-5.028E-01	 2.003E+00	-2.745E-01	 0.000E+00	 0.000E+00	 0.000E+00	 7.185E+02	 9.464E+00
  121.5000	-5.477E-04	 8.149E-04	 7.918E+00	 7.680E+02	 1.790E+02	 0.000E+00	 3.640E+03	 4.407E+03	 3.080E+03	 3.002E+02	-2.652E+03	 3.233E+03	 2.045E+00	 2.556E+00	 1.895E+00	-1.862E-01	 1.506E-01	-5.542E-01	 2.045E+00	-1.862E-01	 0.000E+00	 0.000E+00	 0.000E+00	 7.184E+02	 9.463E+00
  121.7500	-2.763E-04	 1.337E-03	 7.918E+00	 7.680E+02	 1.909E+02	 0.000E+00	 3.757E+03	 4.345E+03	 3.039E+03	-4.067E+02	-2.243E+03	 3.531E+03	 2.092E+00	 2.549E+00	 1.864E+00	-9.889E-02	 9.849E-02	-5.900E-01	 2.092E+00	-9.889E-02	 0.000E+00	 0.000E+00	 0.000E+00	 7.184E+02	 9.462E+00
  122.0000	 2.305E-05	 1.148E-03	 7.918E+00	 7.680E+02	 2.028E+02	 0.000E+00	 3.877E+03	 4.250E+03	 3.022E+03	-1.078E+03	-1.729E+03	 3.689E+03	 2.149E+00	 2.521E+00	 1.846E+00	-1.721E-02	 3.472E-02	-6.087E-01	 2.149E+00	-1.721E-02	 0.000E+00	 0.000E+00	 0.000E+00	 7.185E+02	 9.463E+00
  122.2500	 2.352E-04	 6.862E-04	 7.918E+00	 7.681E+02	 2.147E+02	 0.000E+00	 4.005E+03	 4.125E+03	 3.027E+03	-1.690E+03	-1.130E+03	 3.702E+03	 2.214E+00	 2.471E+00	 1.838E+00	 5.606E-02	-3.823E-02	-6.095E-01	 2.214E+00	 5.606E-02	 0.000E+00	 0.000E+00	 0.000E+00	 7.185E+02	 9.463E+00
  122.5000	 3.186E-04	-1.750E-04	 7.918E+00	 7.680E+02	 2.265E+02	 0.000E+00	 4.129E+03	 3.968E+03	 3.055E+03	-2.216E+03	-4.682E+02	 3.565E+03	 2.286E+00	 2.399E+00	 1.841E+00	 1.178E-01	-1.176E-01	-5.919E-01	 2.286E+00	 1.178E-01	 0.000E+00	 0.000E+00	 0.000E+00	 7.186E+02	 9.464E+00
  122.7500	 2.509E-04	-4.965E-04	 7.918E+00	 7.680E+02	 2.384E+02	 0.000E+00	 4.242E+03	 3.789E+03	 3.111E+03	-2.630E+03	 2.258E+02	 3.285E+03	 2.357E+00	 2.308E+00	 1.856E+00	 1.651E-01	-1.996E-01	-5.566E-01	 2.357E+00	 1.651E-01	 0.000E+00	 0.000E+00	 0.000E+00	 7.185E+02	 9.464E+00
  123.0000	 3.801E-05	-1.149E-03	 7.917E+00	 7.680E+02	 2.503E+02	 0.000E+00	 4.333E+03	 3.603E+03	 3.191E+03	-2.919E+03	 9.210E+02	 2.878E+03	 2.421E+00	 2.208E+00	 1.883E+00	 1.965E-01	-2.810E-01	-5.060E-01	 2.421E+00	 1.965E-01	 0.000E+00	 0.000E+00	 0.000E+00	 7.184E+02	 9.463E+00
  123.2500	-2.426E-04	-1.155E-03	 7.917E+00	 7.680E+02	 2.622E+02	 0.000E+00	 4.400E+03	 3.431E+03	 3.292E+03	-3.073E+03	 1.593E+03	 2.361E+03	 2.476E+00	 2.108E+00	 1.919E+00	 2.118E-01	-3.595E-01	-4.420E-01	 2.476E+00	 2.118E-01	 0.000E+00	 0.000E+00	 0.000E+00	 7.182E+02	 9.461E+00
  123.5000	-5.225E-04	-8.816E-04	 7.917E+00	 7.679E+02	 2.740E+02	 0.000E+00	 4.437E+03	 3.279E+03	 3.403E+03	-3.087E+03	 2.215E+03	 1.752E+03	 2.519E+00	 2.019E+00	 1.959E+00	 2.099E-01	-4.327E-01	-3.666E-01	 2.519E+00	 2.099E-01	 0.000E+00	 0.000E+00	 0.000E+00	 7.181E+02	 9.459E+00
  123.7500	-6.588E-04	-1.271E-04	 7.917E+00	 7.679E+02	 2.859E+02	 0.000E+00	 4.444E+03	 3.164E+03	 3.518E+03	-2.955E+03	 2.756E+03	 1.080E+03	 2.547E+00	 1.949E+00	 1.999E+00	 1.905E-01	-4.969E-01	-2.830E-01	 2.547E+00	 1.905E-01	 0.000E+00	 0.000E+00	 0.000E+00	 7.180E+02	 9.458E+00
  124.0000	-5.880E-04	 6.631E-04	 7.917E+00	 7.680E+02	 2.978E+02	 0.000E+00	 4.417E+03	 3.085E+03	 3.630E+03	-2.685E+03	 3.192E+03	 3.746E+02	 2.559E+00	 1.899E+00	 2.042E+00	 1.546E-01	-5.490E-01	-1.955E-01	 2.559E+00	 1.546E-01	 0.000E+00	 0.000E+00	 0.000E+00	 7.180E+02	 9.457E+00
  124.2500	-3.395E-04	 1.298E-03	 7.918E+00	 7.680E+02	 3.097E+02	 0.000E+00	 4.359E+03	 3.041E+03	 3.748E+03	-2.291E+03	 3.505E+03	-3.320E+02	 2.553E+00	 1.866E+00	 2.088E+00	 1.044E-01	-5.867E-01	-1.083E-01	 2.553E+00	 1.044E-01	 0.000E+00	 0.000E+00	 0.000E+00	 7.180E+02	 9.458E+00
  124.5000	-3.190E-05	 1.231E-03	 7.918E+00	 7.680E+02	 3.215E+02	 0.000E+00	 4.267E+03	 3.020E+03	 3.868E+03	-1.788E+03	 3.681E+03	-1.011E+03	 2.529E+00	 1.846E+00	 2.144E+00	 4.165E-02	-6.077E-01	-2.537E-02	 2.529E+00	 4.165E-02	 0.000E+00	 0.000E+00	 0.000E+00	 7.182E+02	 9.459E+00
  124.7500	 2.095E-04	 7.528E-04	 7.918E+00	 7.681E+02	 3.334E+02	 0.000E+00	 4.145E+03	 3.024E+03	 3.996E+03	-1.193E+03	 3.706E+03	-1.631E+03	 2.481E+00	 1.837E+00	 2.209E+00	-3.097E-02	-6.101E-01	 4.911E-02	 2.481E+00	-3.097E-02	 0.000E+00	 0.000E+00	 0.000E+00	 7.184E+02	 9.461E+00
  125.0000	 3.238E-04	-1.312E-04	 7.918E+00	 7.681E+02	 3.453E+02	 0.000E+00	 3.990E+03	 3.050E+03	 4.120E+03	-5.378E+02	 3.583E+03	-2.164E+03	 2.410E+00	 1.839E+00	 2.280E+00	-1.096E-01	-5.940E-01	 1.116E-01	 2.410E+00	-1.096E-01	 0.000E+00	 0.000E+00	 0.000E+00	 7.185E+02	 9.463E+00
  125.2500	 2.637E-04	-4.896E-04	 7.918E+00	 7.681E+02	 3.572E+02	 0.000E+00	 3.812E+03	 3.103E+03	 4.235E+03	 1.514E+02	 3.320E+03	-2.591E+03	 2.320E+00	 1.853E+00	 2.351E+00	-1.910E-01	-5.609E-01	 1.604E-01	 2.320E+00	-1.910E-01	 0.000E+00	 0.000E+00	 0.000E+00	 7.186E+02	 9.464E+00
  125.5000	 7.150E-05	-1.117E-03	 7.918E+00	 7.680E+02	 9.050E+00	 0.000E+00	 3.626E+03	 3.181E+03	 4.328E+03	 8.493E+02	 2.927E+03	-2.896E+03	 2.220E+00	 1.879E+00	 2.417E+00	-2.727E-01	-5.121E-01	 1.941E-01	 2.220E+00	-2.727E-01	 0.000E+00	 0.000E+00	 0.000E+00	 7.186E+02	 9.464E+00
  125.7500	-1.974E-04	-1.103E-03	 7.918E+00	 7.680E+02	 2.093E+01	 0.000E+00	 3.450E+03	 3.281E+03	 4.397E+03	 1.527E+03	 2.418E+03	-3.064E+03	 2.119E+00	 1.914E+00	 2.473E+00	-3.520E-01	-4.490E-01	 2.110E-01	 2.119E+00	-3.520E-01	 0.000E+00	 0.000E+00	 0.000E+00	 7.185E+02	 9.464E+00
  126.0000	-4.812E-04	-1.029E-03	 7.917E+00	 7.680E+02	 3.280E+01	 0.000E+00	 3.294E+03	 3.392E+03	 4.436E+03	 2.154E+03	 1.817E+03	-3.090E+03	 2.028E+00	 1.955E+00	 2.516E+00	-4.255E-01	-3.746E-01	 2.105E-01	 2.028E+00	-4.255E-01	 0.000E+00	 0.000E+00	 0.000E+00	 7.184E+02	 9.462E+00
  126.2500	-6.494E-04	-2.851E-04	 7.917E+00	 7.680E+02	 4.468E+01	 0.000E+00	 3.173E+03	 3.507E+03	 4.447E+03	 2.703E+03	 1.153E+03	-2.974E+03	 1.955E+00	 1.995E+00	 2.545E+00	-4.904E-01	-2.921E-01	 1.931E-01	 1.955E+00	-4.904E-01	 0.000E+00	 0.000E+00	 0.000E+00	 7.183E+02	 9.461E+00
  126.5000	-6.031E-04	 5.366E-04	 7.918E+00	 7.680E+02	 5.656E+01	 0.000E+00	 3.091E+03	 3.619E+03	 4.423E+03	 3.152E+03	 4.498E+02	-2.720E+03	 1.902E+00	 2.037E+00	 2.559E+00	-5.442E-01	-2.049E-01	 1.592E-01	 1.902E+00	-5.442E-01	 0.000E+00	 0.000E+00	 0.000E+00	 7.183E+02	 9.461E+00
  126.7500	-3.686E-04	 1.249E-03	 7.918E+00	 7.681E+02	 6.843E+01	 0.000E+00	 3.043E+03	 3.736E+03	 4.369E+03	 3.480E+03	-2.606E+02	-2.337E+03	 1.868E+00	 2.083E+00	 2.556E+00	-5.837E-01	-1.170E-01	 1.101E-01	 1.868E+00	-5.837E-01	 0.000E+00	 0.000E+00	 0.000E+00	 7.184E+02	 9.462E+00
  127.0000	-5.598E-05	 1.217E-03	 7.918E+00	 7.681E+02	 8.031E+01	 0.000E+00	 3.021E+03	 3.856E+03	 4.280E+03	 3.668E+03	-9.438E+02	-1.842E+03	 1.847E+00	 2.138E+00	 2.533E+00	-6.062E-01	-3.354E-02	 4.824E-02	 1.847E+00	-6.062E-01	 0.000E+00	 0.000E+00	 0.000E+00	 7.186E+02	 9.464E+00
  127.2500	 1.882E-04	 7.128E-04	 7.919E+00	 7.681E+02	 9.219E+01	 0.000E+00	 3.022E+03	 3.984E+03	 4.162E+03	 3.709E+03	-1.569E+03	-1.258E+03	 1.837E+00	 2.202E+00	 2.488E+00	-6.104E-01	 4.155E-02	-2.323E-02	 1.837E+00	-6.104E-01	 0.000E+00	 0.000E+00	 0.000E+00	 7.188E+02	 9.466E+00
  127.5000	 3.202E-04	 4.217E-05	 7.919E+00	 7.681E+02	 1.041E+02	 0.000E+00	 3.046E+03	 4.109E+03	 4.010E+03	 3.604E+03	-2.113E+03	-6.089E+02	 1.838E+00	 2.274E+00	 2.420E+00	-5.966E-01	 1.056E-01	-1.012E-01	 1.838E+00	-5.966E-01	 0.000E+00	 0.000E+00	 0.000E+00	 7.189E+02	 9.468E+00
  127.7500	 2.758E-04	-4.823E-04	 7.919E+00	 7.681E+02	 1.159E+02	 0.000E+00	 3.096E+03	 4.226E+03	 3.833E+03	 3.354E+03	-2.553E+03	 8.020E+01	 1.850E+00	 2.345E+00	 2.332E+00	-5.652E-01	 1.562E-01	-1.827E-01	 1.850E+00	-5.652E-01	 0.000E+00	 0.000E+00	 0.000E+00	 7.190E+02	 9.469E+00
  128.0000	 1.046E-04	-1.036E-03	 7.918E+00	 7.681E+02	 1.278E+02	 0.000E+00	 3.171E+03	 4.322E+03	 3.647E+03	 2.972E+03	-2.870E+03	 7.791E+02	 1.875E+00	 2.412E+00	 2.232E+00	-5.176E-01	 1.912E-01	-2.647E-01	 1.875E+00	-5.176E-01	 0.000E+00	 0.000E+00	 0.000E+00	 7.190E+02	 9.470E+00
  128.2500	-1.666E-04	-1.122E-03	 7.918E+00	 7.681E+02	 1.397E+02	 0.000E+00	 3.269E+03	 4.393E+03	 3.468E+03	 2.475E+03	-3.051E+03	 1.458E+03	 1.910E+00	 2.469E+00	 2.130E+00	-4.560E-01	 2.096E-01	-3.439E-01	 1.910E+00	-4.560E-01	 0.000E+00	 0.000E+00	 0.000E+00	 7.190E+02	 9.469E+00
  128.5000	-4.542E-04	-1.112E-03	 7.918E+00	 7.681E+02	 1.516E+02	 0.000E+00	 3.380E+03	 4.436E+03	 3.309E+03	 1.884E+03	-3.094E+03	 2.091E+03	 1.950E+00	 2.514E+00	 2.037E+00	-3.829E-01	 2.113E-01	-4.180E-01	 1.950E+00	-3.829E-01	 0.000E+00	 0.000E+00	 0.000E+00	 7.189E+02	 9.468E+00
  128.7500	-6.360E-04	-3.503E-04	 7.918E+00	 7.680E+02	 1.635E+02	 0.000E+00	 3.495E+03	 4.449E+03	 3.183E+03	 1.224E+03	-2.993E+03	 2.651E+03	 1.991E+00	 2.544E+00	 1.961E+00	-3.010E-01	 1.957E-01	-4.843E-01	 1.991E+00	-3.010E-01	 0.000E+00	 0.000E+00	 0.000E+00	 7.188E+02	 9.467E+00
  129.0000	-6.074E-04	 4.176E-04	 7.918E+00	 7.681E+02	 1.753E+02	 0.000E+00	 3.608E+03	 4.428E+03	 3.097E+03	 5.218E+02	-2.751E+03	 3.112E+03	 2.033E+00	 2.559E+00	 1.907E+00	-2.138E-01	 1.632E-01	-5.394E-01	 2.033E+00	-2.138E-01	 0.000E+00	 0.000E+00	 0.000E+00	 7.188E+02	 9.467E+00
  129.2500	-3.881E-04	 1.175E-03	 7.919E+00	 7.681E+02	 1.872E+02	 0.000E+00	 3.724E+03	 4.377E+03	 3.047E+03	-1.879E+02	-2.381E+03	 3.451E+03	 2.079E+00	 2.557E+00	 1.871E+00	-1.260E-01	 1.156E-01	-5.802E-01	 2.079E+00	-1.260E-01	 0.000E+00	 0.000E+00	 0.000E+00	 7.189E+02	 9.467E+00
  129.5000	-7.708E-05	 1.160E-03	 7.919E+00	 7.681E+02	 1.991E+02	 0.000E+00	 3.844E+03	 4.291E+03	 3.022E+03	-8.741E+02	-1.899E+03	 3.655E+03	 2.132E+00	 2.537E+00	 1.849E+00	-4.210E-02	 5.525E-02	-6.047E-01	 2.132E+00	-4.210E-02	 0.000E+00	 0.000E+00	 0.000E+00	 7.190E+02	 9.469E+00
  129.7500	 1.841E-04	 7.858E-04	 7.919E+00	 7.682E+02	 2.110E+02	 0.000E+00	 3.971E+03	 4.174E+03	 3.021E+03	-1.508E+03	-1.323E+03	 3.713E+03	 2.195E+00	 2.494E+00	 1.838E+00	 3.436E-02	-1.535E-02	-6.111E-01	 2.195E+00	 3.436E-02	 0.000E+00	 0.000E+00	 0.000E+00	 7.192E+02	 9.471E+00
  130.0000	 3.323E-04	 2.279E-04	 7.919E+00	 7.682E+02	 2.228E+02	 0.000E+00	 4.096E+03	 4.026E+03	 3.043E+03	-2.063E+03	-6.769E+02	 3.622E+03	 2.266E+00	 2.427E+00	 1.837E+00	 9.980E-02	-9.306E-02	-5.990E-01	 2.266E+00	 9.980E-02	 0.000E+00	 0.000E+00	 0.000E+00	 7.193E+02	 9.473E+00
