
Predictions were generated on 17-Aug-2026 at 08:36:56 using OpenFAST, compiled as a 64-bit application using single precision at commit v3.5.1
 linked with  NWTC Subroutine Library; ElastoDyn; InflowWind; AeroDyn; ServoDyn

Description from the FAST input file: FAST                   Certification - Test #26: NREL 5.0 MW Baseline Wind Turbine (Onshore)

Time	YawPzn	YawVzn	RotSpeed	GenSpeed	Azimuth	BlPitch1	RootMyc1	RootMyc2	RootMyc3	RootMxc1	RootMxc2	RootMxc3	OoPDefl1	OoPDefl2	OoPDefl3	IPDefl1	IPDefl2	IPDefl3	TipDxc1	TipDyc1	BlPitchC1	BlPitchC2	BlPitchC3	GenPwr	GenTq
(s)	(deg)	(deg/s)	(rpm)	(rpm)	(deg)	(deg)	(kN-m)	(kN-m)	(kN-m)	(kN-m)	(kN-m)	(kN-m)	(m)	(m)	(m)	(m)	(m)	(m)	(m)	(m)	(deg)	(deg)	(deg)	(kW)	(kN-m)
    0.0000	 0.000E+00	 0.000E+00	 9.000E+00	 8.730E+02	 0.000E+00	 0.000E+00	 6.194E+01	 7.651E+01	 1.354E+02	 6.583E+00	 8.279E+02	-8.350E+02	 0.000E+00	 0.000E+00	 0.000E+00	 0.000E+00	 0.000E+00	 0.000E+00	 0.000E+00	 0.000E+00	 0.000E+00	 0.000E+00	 0.000E+00	 1.682E+03	 1.949E+01
    0.2500	-2.048E-03	-1.302E-02	 8.870E+00	 8.561E+02	 1.336E+01	 0.000E+00	 3.061E+03	 2.870E+03	 3.077E+03	 1.353E+03	 3.840E+03	-2.714E+03	 1.161E+00	 1.076E+00	 1.076E+00	-3.017E-01	-6.492E-01	 2.186E-01	 1.161E+00	-3.017E-01	 0.000E+00	 0.000E+00	 0.000E+00	 1.605E+03	 1.896E+01
    0.5000	-3.032E-03	 8.312E-03	 8.874E+00	 8.718E+02	 2.673E+01	 0.000E+00	 5.475E+03	 5.194E+03	 5.481E+03	 2.048E+03	 4.202E+03	-5.470E+03	 2.915E+00	 2.999E+00	 2.765E+00	-4.744E-01	-8.533E-01	 6.227E-01	 2.915E+00	-4.744E-01	 0.000E+00	 0.000E+00	 0.000E+00	 1.650E+03	 1.915E+01
    0.7500	 1.594E-03	 2.476E-02	 8.783E+00	 8.436E+02	 3.997E+01	 0.000E+00	 6.478E+03	 6.689E+03	 6.221E+03	 3.364E+03	 9.059E+02	-2.186E+03	 3.715E+00	 3.490E+00	 3.393E+00	-7.507E-01	-3.522E-01	-1.563E-02	 3.715E+00	-7.507E-01	 0.000E+00	 0.000E+00	 0.000E+00	 1.549E+03	 1.857E+01
    1.0000	 3.737E-03	-9.596E-03	 8.910E+00	 8.774E+02	 5.328E+01	 0.000E+00	 6.430E+03	 5.448E+03	 5.984E+03	 3.324E+03	-8.225E+02	-7.921E+02	 3.769E+00	 3.186E+00	 3.441E+00	-7.121E-01	-5.342E-02	-2.523E-01	 3.769E+00	-7.121E-01	 0.000E+00	 0.000E+00	 0.000E+00	 1.613E+03	 1.860E+01
    1.2500	-1.503E-03	-1.695E-02	 8.844E+00	 8.509E+02	 6.663E+01	 0.000E+00	 5.935E+03	 5.005E+03	 5.896E+03	 3.592E+03	 1.265E+03	-3.411E+03	 3.485E+00	 2.683E+00	 3.251E+00	-7.101E-01	-4.130E-01	 2.554E-01	 3.485E+00	-7.101E-01	 0.000E+00	 0.000E+00	 0.000E+00	 1.566E+03	 1.862E+01
    1.5000	-1.662E-03	 1.831E-02	 8.934E+00	 8.746E+02	 7.997E+01	 0.000E+00	 5.575E+03	 4.779E+03	 5.570E+03	 4.617E+03	 5.991E+02	-2.964E+03	 3.267E+00	 2.621E+00	 3.119E+00	-8.746E-01	-3.447E-01	 2.081E-01	 3.267E+00	-8.746E-01	 0.000E+00	 0.000E+00	 0.000E+00	 1.602E+03	 1.853E+01
    1.7500	 4.049E-03	 1.795E-02	 8.890E+00	 8.602E+02	 9.338E+01	 0.000E+00	 5.634E+03	 5.147E+03	 5.592E+03	 4.171E+03	-3.361E+03	 2.801E+02	 3.213E+00	 2.631E+00	 3.153E+00	-7.679E-01	 3.452E-01	-3.143E-01	 3.213E+00	-7.679E-01	 0.000E+00	 0.000E+00	 0.000E+00	 1.601E+03	 1.883E+01
    2.0000	 3.129E-03	-2.023E-02	 8.918E+00	 8.656E+02	 1.067E+02	 0.000E+00	 5.606E+03	 4.955E+03	 5.793E+03	 3.902E+03	-2.641E+03	 1.164E+03	 3.198E+00	 2.673E+00	 3.318E+00	-7.473E-01	 1.666E-01	-4.730E-01	 3.198E+00	-7.473E-01	 0.000E+00	 0.000E+00	 0.000E+00	 1.589E+03	 1.857E+01
    2.2500	-1.380E-03	-8.595E-03	 8.932E+00	 8.698E+02	 1.201E+02	 0.000E+00	 5.495E+03	 5.216E+03	 6.052E+03	 3.311E+03	-1.043E+03	-1.091E+03	 3.111E+00	 2.779E+00	 3.399E+00	-6.304E-01	-1.276E-01	-1.578E-02	 3.111E+00	-6.304E-01	 0.000E+00	 0.000E+00	 0.000E+00	 1.627E+03	 1.892E+01
    2.5000	-1.504E-03	 6.253E-03	 8.908E+00	 8.595E+02	 1.335E+02	 0.000E+00	 5.319E+03	 5.430E+03	 5.815E+03	 3.610E+03	-2.500E+03	 1.093E+03	 3.011E+00	 2.941E+00	 3.370E+00	-7.175E-01	 8.264E-02	-3.757E-01	 3.011E+00	-7.175E-01	 0.000E+00	 0.000E+00	 0.000E+00	 1.590E+03	 1.871E+01
    2.7500	 6.604E-04	 7.493E-03	 8.963E+00	 8.755E+02	 1.469E+02	 0.000E+00	 5.340E+03	 5.580E+03	 5.810E+03	 2.399E+03	-4.792E+03	 3.934E+03	 2.948E+00	 2.975E+00	 3.380E+00	-5.188E-01	 4.944E-01	-8.356E-01	 2.948E+00	-5.188E-01	 0.000E+00	 0.000E+00	 0.000E+00	 1.639E+03	 1.894E+01
    3.0000	 6.777E-04	-5.161E-03	 8.915E+00	 8.588E+02	 1.603E+02	 0.000E+00	 5.179E+03	 5.424E+03	 5.937E+03	 1.308E+03	-2.670E+03	 3.169E+03	 2.842E+00	 2.993E+00	 3.441E+00	-3.574E-01	 1.174E-01	-6.794E-01	 2.842E+00	-3.574E-01	 0.000E+00	 0.000E+00	 0.000E+00	 1.605E+03	 1.891E+01
    3.2500	 9.062E-05	 9.900E-04	 8.974E+00	 8.756E+02	 1.737E+02	 0.000E+00	 5.006E+03	 5.630E+03	 5.951E+03	 9.327E+02	-1.003E+03	 2.000E+03	 2.719E+00	 3.111E+00	 3.415E+00	-3.225E-01	-1.804E-01	-4.418E-01	 2.719E+00	-3.225E-01	 0.000E+00	 0.000E+00	 0.000E+00	 1.641E+03	 1.896E+01
    3.5000	-4.447E-04	-6.498E-03	 8.934E+00	 8.628E+02	 1.872E+02	 0.000E+00	 4.993E+03	 5.821E+03	 5.739E+03	 2.374E+02	-2.908E+03	 4.163E+03	 2.681E+00	 3.220E+00	 3.342E+00	-2.296E-01	 1.760E-01	-7.914E-01	 2.681E+00	-2.296E-01	 0.000E+00	 0.000E+00	 0.000E+00	 1.628E+03	 1.909E+01
    3.7500	-8.457E-04	 8.733E-03	 8.968E+00	 8.717E+02	 2.006E+02	 0.000E+00	 5.064E+03	 5.775E+03	 5.692E+03	-8.221E+02	-2.803E+03	 5.772E+03	 2.698E+00	 3.213E+00	 3.329E+00	-9.269E-02	 1.782E-01	-1.081E+00	 2.698E+00	-9.269E-02	 0.000E+00	 0.000E+00	 0.000E+00	 1.637E+03	 1.900E+01
    4.0000	 2.949E-03	 1.323E-02	 8.958E+00	 8.688E+02	 2.140E+02	 0.000E+00	 5.092E+03	 5.732E+03	 5.807E+03	-1.958E+03	-4.820E+01	 3.413E+03	 2.699E+00	 3.256E+00	 3.309E+00	 8.596E-02	-2.672E-01	-6.476E-01	 2.699E+00	 8.596E-02	 0.000E+00	 0.000E+00	 0.000E+00	 1.650E+03	 1.921E+01
    4.2500	 2.849E-03	-1.359E-02	 8.959E+00	 8.674E+02	 2.275E+02	 0.000E+00	 5.069E+03	 5.875E+03	 5.633E+03	-1.836E+03	 1.083E+03	 2.878E+03	 2.720E+00	 3.361E+00	 3.203E+00	 2.093E-02	-4.544E-01	-5.608E-01	 2.720E+00	 2.093E-02	 0.000E+00	 0.000E+00	 0.000E+00	 1.636E+03	 1.908E+01
    4.5000	-1.388E-03	-1.406E-02	 8.979E+00	 8.736E+02	 2.409E+02	 0.000E+00	 5.285E+03	 5.998E+03	 5.416E+03	-2.465E+03	-4.668E+02	 4.471E+03	 2.814E+00	 3.401E+00	 3.097E+00	 1.125E-01	-1.319E-01	-8.419E-01	 2.814E+00	 1.125E-01	 0.000E+00	 0.000E+00	 0.000E+00	 1.664E+03	 1.926E+01
    4.7500	-1.907E-03	 1.086E-02	 8.956E+00	 8.654E+02	 2.544E+02	 0.000E+00	 5.426E+03	 5.838E+03	 5.370E+03	-3.091E+03	 9.699E+02	 4.056E+03	 2.914E+00	 3.367E+00	 3.037E+00	 1.951E-01	-3.483E-01	-7.987E-01	 2.914E+00	 1.951E-01	 0.000E+00	 0.000E+00	 0.000E+00	 1.642E+03	 1.919E+01
    5.0000	 1.882E-03	 1.123E-02	 8.990E+00	 8.754E+02	 2.678E+02	 0.000E+00	 5.484E+03	 5.836E+03	 5.382E+03	-3.146E+03	 3.663E+03	 1.255E+03	 2.972E+00	 3.395E+00	 2.949E+00	 1.981E-01	-7.900E-01	-3.238E-01	 2.972E+00	 1.981E-01	 0.000E+00	 0.000E+00	 0.000E+00	 1.669E+03	 1.928E+01
    5.2500	 1.059E-03	-1.566E-02	 8.964E+00	 8.665E+02	 2.813E+02	 0.000E+00	 5.530E+03	 5.967E+03	 5.134E+03	-2.635E+03	 3.368E+03	 9.891E+02	 3.036E+00	 3.454E+00	 2.813E+00	 1.071E-01	-7.117E-01	-2.985E-01	 3.036E+00	 1.071E-01	 0.000E+00	 0.000E+00	 0.000E+00	 1.654E+03	 1.931E+01
    5.5000	-2.090E-03	-2.541E-03	 8.992E+00	 8.744E+02	 2.948E+02	 0.000E+00	 5.702E+03	 5.930E+03	 4.968E+03	-2.470E+03	 2.370E+03	 2.058E+03	 3.130E+00	 3.421E+00	 2.724E+00	 7.958E-02	-5.075E-01	-5.255E-01	 3.130E+00	 7.958E-02	 0.000E+00	 0.000E+00	 0.000E+00	 1.669E+03	 1.930E+01
    5.7500	-2.600E-04	 1.188E-02	 8.976E+00	 8.695E+02	 3.083E+02	 0.000E+00	 5.775E+03	 5.758E+03	 5.078E+03	-2.491E+03	 3.977E+03	 1.111E+02	 3.203E+00	 3.347E+00	 2.715E+00	 1.057E-01	-7.599E-01	-2.165E-01	 3.203E+00	 1.057E-01	 0.000E+00	 0.000E+00	 0.000E+00	 1.668E+03	 1.941E+01
    6.0000	 1.814E-03	 3.775E-03	 8.986E+00	 8.718E+02	 3.217E+02	 0.000E+00	 5.750E+03	 5.734E+03	 5.098E+03	-1.450E+03	 5.502E+03	-2.031E+03	 3.233E+00	 3.337E+00	 2.698E+00	-5.944E-02	-1.030E+00	 1.209E-01	 3.233E+00	-5.944E-02	 0.000E+00	 0.000E+00	 0.000E+00	 1.667E+03	 1.934E+01
    6.2500	 1.928E-03	-2.294E-03	 8.989E+00	 8.728E+02	 3.352E+02	 0.000E+00	 5.831E+03	 5.795E+03	 5.022E+03	-5.765E+02	 3.753E+03	-1.562E+03	 3.293E+00	 3.314E+00	 2.679E+00	-1.783E-01	-7.114E-01	 1.315E-02	 3.293E+00	-1.783E-01	 0.000E+00	 0.000E+00	 0.000E+00	 1.676E+03	 1.943E+01
    6.5000	 9.346E-04	-4.984E-03	 8.982E+00	 8.698E+02	 3.487E+02	 0.000E+00	 5.910E+03	 5.618E+03	 5.099E+03	-9.994E-01	 2.947E+03	-9.930E+02	 3.363E+00	 3.199E+00	 2.743E+00	-2.534E-01	-5.710E-01	-1.297E-01	 3.363E+00	-2.534E-01	 0.000E+00	 0.000E+00	 0.000E+00	 1.668E+03	 1.940E+01
    6.7500	-3.351E-04	-4.605E-03	 8.999E+00	 8.748E+02	 2.166E+00	 0.000E+00	 5.918E+03	 5.430E+03	 5.367E+03	 5.812E+02	 4.201E+03	-3.054E+03	 3.385E+00	 3.095E+00	 2.850E+00	-3.145E-01	-7.987E-01	 2.084E-01	 3.385E+00	-3.145E-01	 0.000E+00	 0.000E+00	 0.000E+00	 1.681E+03	 1.944E+01
    7.0000	-7.456E-04	 2.839E-03	 8.984E+00	 8.695E+02	 1.565E+01	 0.000E+00	 5.869E+03	 5.393E+03	 5.429E+03	 1.821E+03	 3.888E+03	-3.885E+03	 3.390E+00	 3.040E+00	 2.909E+00	-4.971E-01	-7.690E-01	 3.387E-01	 3.390E+00	-4.971E-01	 0.000E+00	 0.000E+00	 0.000E+00	 1.670E+03	 1.943E+01
    7.2500	 9.425E-04	 7.291E-03	 9.003E+00	 8.750E+02	 2.914E+01	 0.000E+00	 5.920E+03	 5.346E+03	 5.437E+03	 2.695E+03	 1.495E+03	-2.331E+03	 3.424E+00	 2.942E+00	 2.964E+00	-6.191E-01	-3.702E-01	 5.397E-02	 3.424E+00	-6.191E-01	 0.000E+00	 0.000E+00	 0.000E+00	 1.682E+03	 1.944E+01
    7.5000	 7.886E-04	-9.781E-03	 8.991E+00	 8.709E+02	 4.264E+01	 0.000E+00	 5.952E+03	 5.128E+03	 5.588E+03	 2.935E+03	 9.047E+02	-2.122E+03	 3.441E+00	 2.802E+00	 3.071E+00	-6.282E-01	-2.866E-01	 1.348E-02	 3.441E+00	-6.282E-01	 0.000E+00	 0.000E+00	 0.000E+00	 1.676E+03	 1.946E+01
    7.7500	-1.921E-03	-5.260E-03	 9.002E+00	 8.738E+02	 5.613E+01	 0.000E+00	 5.864E+03	 4.995E+03	 5.756E+03	 3.546E+03	 1.702E+03	-3.317E+03	 3.408E+00	 2.729E+00	 3.152E+00	-7.117E-01	-4.660E-01	 2.303E-01	 3.408E+00	-7.117E-01	 0.000E+00	 0.000E+00	 0.000E+00	 1.680E+03	 1.945E+01
    8.0000	-4.301E-04	 1.461E-02	 8.999E+00	 8.729E+02	 6.963E+01	 0.000E+00	 5.797E+03	 5.084E+03	 5.747E+03	 4.206E+03	 1.255E+02	-2.645E+03	 3.367E+00	 2.721E+00	 3.188E+00	-8.040E-01	-2.243E-01	 1.372E-01	 3.367E+00	-8.040E-01	 0.000E+00	 0.000E+00	 0.000E+00	 1.682E+03	 1.949E+01
    8.2500	 2.774E-03	 6.137E-03	 8.999E+00	 8.723E+02	 8.313E+01	 0.000E+00	 5.792E+03	 5.086E+03	 5.735E+03	 4.355E+03	-1.917E+03	-5.159E+02	 3.343E+00	 2.696E+00	 3.242E+00	-8.237E-01	 9.863E-02	-2.205E-01	 3.343E+00	-8.237E-01	 0.000E+00	 0.000E+00	 0.000E+00	 1.679E+03	 1.947E+01
    8.5000	 1.899E-03	-1.098E-02	 9.006E+00	 8.746E+02	 9.664E+01	 0.000E+00	 5.741E+03	 5.032E+03	 5.886E+03	 3.910E+03	-1.719E+03	-4.558E+02	 3.290E+00	 2.684E+00	 3.326E+00	-7.378E-01	 3.501E-02	-2.016E-01	 3.290E+00	-7.378E-01	 0.000E+00	 0.000E+00	 0.000E+00	 1.686E+03	 1.950E+01
    8.7500	-5.786E-04	-4.705E-03	 8.999E+00	 8.718E+02	 1.101E+02	 0.000E+00	 5.576E+03	 5.147E+03	 5.941E+03	 3.910E+03	-1.262E+03	-7.947E+02	 3.194E+00	 2.760E+00	 3.366E+00	-7.418E-01	-8.371E-02	-1.064E-01	 3.194E+00	-7.418E-01	 0.000E+00	 0.000E+00	 0.000E+00	 1.679E+03	 1.949E+01
    9.0000	 3.562E-06	 6.500E-03	 9.010E+00	 8.751E+02	 1.236E+02	 0.000E+00	 5.478E+03	 5.376E+03	 5.870E+03	 3.785E+03	-2.895E+03	 9.241E+02	 3.106E+00	 2.865E+00	 3.370E+00	-7.310E-01	 1.762E-01	-3.697E-01	 3.106E+00	-7.310E-01	 0.000E+00	 0.000E+00	 0.000E+00	 1.687E+03	 1.950E+01
    9.2500	 8.783E-04	-1.198E-03	 9.002E+00	 8.723E+02	 1.372E+02	 0.000E+00	 5.415E+03	 5.431E+03	 5.877E+03	 2.926E+03	-3.792E+03	 2.649E+03	 3.028E+00	 2.918E+00	 3.404E+00	-5.992E-01	 3.209E-01	-6.406E-01	 3.028E+00	-5.992E-01	 0.000E+00	 0.000E+00	 0.000E+00	 1.682E+03	 1.951E+01
    9.5000	 2.021E-06	-3.581E-03	 9.012E+00	 8.748E+02	 1.507E+02	 0.000E+00	 5.270E+03	 5.459E+03	 5.974E+03	 2.015E+03	-2.514E+03	 2.375E+03	 2.917E+00	 2.975E+00	 3.446E+00	-4.630E-01	 8.563E-02	-5.613E-01	 2.917E+00	-4.630E-01	 0.000E+00	 0.000E+00	 0.000E+00	 1.687E+03	 1.951E+01
    9.7500	-5.427E-04	-1.360E-03	 9.009E+00	 8.735E+02	 1.642E+02	 0.000E+00	 5.116E+03	 5.625E+03	 5.942E+03	 1.495E+03	-2.156E+03	 2.405E+03	 2.801E+00	 3.086E+00	 3.431E+00	-3.971E-01	 1.966E-02	-5.295E-01	 2.801E+00	-3.971E-01	 0.000E+00	 0.000E+00	 0.000E+00	 1.686E+03	 1.953E+01
   10.0000	-7.406E-04	 7.268E-04	 9.011E+00	 8.740E+02	 1.777E+02	 0.000E+00	 5.061E+03	 5.755E+03	 5.821E+03	 8.418E+02	-3.087E+03	 4.133E+03	 2.740E+00	 3.165E+00	 3.393E+00	-3.191E-01	 1.915E-01	-8.104E-01	 2.740E+00	-3.191E-01	 0.000E+00	 0.000E+00	 0.000E+00	 1.686E+03	 1.952E+01
   10.2500	 2.807E-04	 7.231E-03	 9.014E+00	 8.747E+02	 1.912E+02	 0.000E+00	 5.071E+03	 5.749E+03	 5.819E+03	-3.946E+02	-2.541E+03	 4.690E+03	 2.710E+00	 3.194E+00	 3.382E+00	-1.356E-01	 1.197E-01	-8.916E-01	 2.710E+00	-1.356E-01	 0.000E+00	 0.000E+00	 0.000E+00	 1.690E+03	 1.954E+01
   10.5000	 2.064E-03	 4.547E-03	 9.011E+00	 8.735E+02	 2.047E+02	 0.000E+00	 5.036E+03	 5.766E+03	 5.827E+03	-1.199E+03	-6.420E+02	 3.701E+03	 2.685E+00	 3.255E+00	 3.350E+00	-3.047E-02	-1.938E-01	-7.071E-01	 2.685E+00	-3.047E-02	 0.000E+00	 0.000E+00	 0.000E+00	 1.687E+03	 1.953E+01
   10.7500	 1.689E-03	-7.535E-03	 9.017E+00	 8.753E+02	 2.183E+02	 0.000E+00	 5.072E+03	 5.896E+03	 5.701E+03	-1.572E+03	-3.086E+02	 3.678E+03	 2.704E+00	 3.338E+00	 3.267E+00	 1.405E-03	-2.247E-01	-6.953E-01	 2.704E+00	 1.405E-03	 0.000E+00	 0.000E+00	 0.000E+00	 1.691E+03	 1.954E+01
   11.0000	-4.722E-04	-5.788E-03	 9.012E+00	 8.735E+02	 2.318E+02	 0.000E+00	 5.216E+03	 5.936E+03	 5.543E+03	-2.179E+03	-5.383E+02	 4.532E+03	 2.780E+00	 3.370E+00	 3.184E+00	 7.502E-02	-1.468E-01	-8.520E-01	 2.780E+00	 7.502E-02	 0.000E+00	 0.000E+00	 0.000E+00	 1.688E+03	 1.955E+01
   11.2500	-8.560E-05	 7.555E-03	 9.019E+00	 8.753E+02	 2.453E+02	 0.000E+00	 5.355E+03	 5.877E+03	 5.501E+03	-2.896E+03	 9.660E+02	 3.771E+03	 2.862E+00	 3.376E+00	 3.114E+00	 1.755E-01	-3.732E-01	-7.336E-01	 2.862E+00	 1.755E-01	 0.000E+00	 0.000E+00	 0.000E+00	 1.692E+03	 1.955E+01
   11.5000	 1.351E-03	 2.218E-04	 9.016E+00	 8.742E+02	 2.588E+02	 0.000E+00	 5.418E+03	 5.901E+03	 5.422E+03	-3.016E+03	 2.611E+03	 2.190E+03	 2.926E+00	 3.415E+00	 3.015E+00	 1.814E-01	-6.296E-01	-4.712E-01	 2.926E+00	 1.814E-01	 0.000E+00	 0.000E+00	 0.000E+00	 1.690E+03	 1.956E+01
   11.7500	-1.625E-04	-9.421E-03	 9.020E+00	 8.751E+02	 2.724E+02	 0.000E+00	 5.516E+03	 5.974E+03	 5.220E+03	-2.750E+03	 2.559E+03	 2.054E+03	 3.003E+00	 3.451E+00	 2.892E+00	 1.248E-01	-5.895E-01	-4.711E-01	 3.003E+00	 1.248E-01	 0.000E+00	 0.000E+00	 0.000E+00	 1.692E+03	 1.956E+01
   12.0000	-1.534E-03	 6.321E-04	 9.020E+00	 8.750E+02	 2.859E+02	 0.000E+00	 5.660E+03	 5.927E+03	 5.100E+03	-2.804E+03	 2.591E+03	 1.990E+03	 3.094E+00	 3.428E+00	 2.800E+00	 1.357E-01	-5.597E-01	-4.903E-01	 3.094E+00	 1.357E-01	 0.000E+00	 0.000E+00	 0.000E+00	 1.693E+03	 1.957E+01
   12.2500	-1.091E-04	 8.290E-03	 9.020E+00	 8.747E+02	 2.994E+02	 0.000E+00	 5.725E+03	 5.827E+03	 5.100E+03	-2.639E+03	 4.061E+03	 4.318E+02	 3.162E+00	 3.392E+00	 2.747E+00	 1.164E-01	-7.943E-01	-2.524E-01	 3.162E+00	 1.164E-01	 0.000E+00	 0.000E+00	 0.000E+00	 1.692E+03	 1.957E+01
   12.5000	 1.396E-03	 2.396E-03	 9.023E+00	 8.755E+02	 3.129E+02	 0.000E+00	 5.753E+03	 5.831E+03	 5.065E+03	-1.900E+03	 4.668E+03	-9.703E+02	 3.211E+00	 3.383E+00	 2.700E+00	 6.866E-03	-8.863E-01	-3.796E-02	 3.211E+00	 6.866E-03	 0.000E+00	 0.000E+00	 0.000E+00	 1.694E+03	 1.958E+01
   12.7500	 1.271E-03	-1.956E-03	 9.020E+00	 8.746E+02	 3.265E+02	 0.000E+00	 5.823E+03	 5.815E+03	 5.005E+03	-1.085E+03	 3.814E+03	-8.989E+02	 3.276E+00	 3.346E+00	 2.677E+00	-1.126E-01	-7.259E-01	-8.638E-02	 3.276E+00	-1.126E-01	 0.000E+00	 0.000E+00	 0.000E+00	 1.693E+03	 1.958E+01
   13.0000	 8.600E-04	-1.493E-03	 9.024E+00	 8.757E+02	 3.400E+02	 0.000E+00	 5.897E+03	 5.679E+03	 5.102E+03	-5.862E+02	 3.700E+03	-1.291E+03	 3.337E+00	 3.256E+00	 2.723E+00	-1.697E-01	-6.999E-01	-5.480E-02	 3.337E+00	-1.697E-01	 0.000E+00	 0.000E+00	 0.000E+00	 1.695E+03	 1.958E+01
   13.2500	 3.780E-04	-2.032E-03	 9.021E+00	 8.748E+02	 3.535E+02	 0.000E+00	 5.900E+03	 5.548E+03	 5.269E+03	 1.644E+02	 4.368E+03	-2.726E+03	 3.366E+00	 3.175E+00	 2.801E+00	-2.655E-01	-8.242E-01	 1.671E-01	 3.366E+00	-2.655E-01	 0.000E+00	 0.000E+00	 0.000E+00	 1.694E+03	 1.959E+01
   13.5000	 2.630E-04	 1.497E-03	 9.025E+00	 8.756E+02	 7.077E+00	 0.000E+00	 5.899E+03	 5.496E+03	 5.346E+03	 1.295E+03	 3.694E+03	-3.145E+03	 3.391E+00	 3.107E+00	 2.861E+00	-4.286E-01	-7.223E-01	 2.185E-01	 3.391E+00	-4.286E-01	 0.000E+00	 0.000E+00	 0.000E+00	 1.695E+03	 1.959E+01
   13.7500	 6.536E-04	-2.303E-04	 9.025E+00	 8.753E+02	 2.061E+01	 0.000E+00	 5.941E+03	 5.394E+03	 5.412E+03	 2.101E+03	 2.210E+03	-2.513E+03	 3.427E+00	 3.000E+00	 2.933E+00	-5.352E-01	-4.780E-01	 9.102E-02	 3.427E+00	-5.352E-01	 0.000E+00	 0.000E+00	 0.000E+00	 1.695E+03	 1.959E+01
   14.0000	-2.775E-04	-6.309E-03	 9.026E+00	 8.755E+02	 3.415E+01	 0.000E+00	 5.951E+03	 5.206E+03	 5.561E+03	 2.599E+03	 1.930E+03	-2.682E+03	 3.441E+00	 2.877E+00	 3.029E+00	-5.900E-01	-4.526E-01	 1.107E-01	 3.441E+00	-5.900E-01	 0.000E+00	 0.000E+00	 0.000E+00	 1.696E+03	 1.959E+01
   14.2500	-1.352E-03	 5.331E-05	 9.027E+00	 8.758E+02	 4.769E+01	 0.000E+00	 5.898E+03	 5.105E+03	 5.687E+03	 3.274E+03	 1.794E+03	-3.265E+03	 3.423E+00	 2.795E+00	 3.106E+00	-6.774E-01	-4.606E-01	 2.179E-01	 3.423E+00	-6.774E-01	 0.000E+00	 0.000E+00	 0.000E+00	 1.697E+03	 1.960E+01
   14.5000	 2.001E-05	 9.158E-03	 9.026E+00	 8.753E+02	 6.123E+01	 0.000E+00	 5.854E+03	 5.095E+03	 5.708E+03	 3.998E+03	 3.478E+02	-2.512E+03	 3.401E+00	 2.743E+00	 3.159E+00	-7.820E-01	-2.421E-01	 9.815E-02	 3.401E+00	-7.820E-01	 0.000E+00	 0.000E+00	 0.000E+00	 1.696E+03	 1.960E+01
   14.7500	 1.779E-03	 2.412E-03	 9.029E+00	 8.760E+02	 7.477E+01	 0.000E+00	 5.845E+03	 5.051E+03	 5.757E+03	 4.164E+03	-9.965E+02	-1.350E+03	 3.380E+00	 2.693E+00	 3.225E+00	-7.951E-01	-3.853E-02	-8.852E-02	 3.380E+00	-7.951E-01	 0.000E+00	 0.000E+00	 0.000E+00	 1.698E+03	 1.961E+01
   15.0000	 1.100E-03	-5.712E-03	 9.027E+00	 8.754E+02	 8.832E+01	 0.000E+00	 5.777E+03	 5.018E+03	 5.861E+03	 4.054E+03	-1.057E+03	-1.178E+03	 3.329E+00	 2.681E+00	 3.296E+00	-7.660E-01	-6.329E-02	-9.337E-02	 3.329E+00	-7.660E-01	 0.000E+00	 0.000E+00	 0.000E+00	 1.697E+03	 1.961E+01
   15.2500	 2.099E-04	 3.584E-05	 9.029E+00	 8.760E+02	 1.019E+02	 0.000E+00	 5.657E+03	 5.129E+03	 5.902E+03	 4.124E+03	-1.429E+03	-8.635E+02	 3.251E+00	 2.736E+00	 3.338E+00	-7.764E-01	-3.513E-02	-1.150E-01	 3.251E+00	-7.764E-01	 0.000E+00	 0.000E+00	 0.000E+00	 1.698E+03	 1.961E+01
   15.5000	 8.163E-04	 2.814E-03	 9.028E+00	 8.756E+02	 1.154E+02	 0.000E+00	 5.570E+03	 5.283E+03	 5.880E+03	 3.970E+03	-2.721E+03	 5.612E+02	 3.173E+00	 2.812E+00	 3.364E+00	-7.564E-01	 1.622E-01	-3.297E-01	 3.173E+00	-7.564E-01	 0.000E+00	 0.000E+00	 0.000E+00	 1.698E+03	 1.961E+01
   15.7500	 8.456E-04	-2.771E-03	 9.030E+00	 8.759E+02	 1.289E+02	 0.000E+00	 5.484E+03	 5.352E+03	 5.912E+03	 3.281E+03	-3.150E+03	 1.708E+03	 3.090E+00	 2.870E+00	 3.404E+00	-6.504E-01	 2.166E-01	-4.979E-01	 3.090E+00	-6.504E-01	 0.000E+00	 0.000E+00	 0.000E+00	 1.698E+03	 1.961E+01
   16.0000	-1.332E-04	-3.895E-03	 9.031E+00	 8.760E+02	 1.425E+02	 0.000E+00	 5.344E+03	 5.437E+03	 5.968E+03	 2.535E+03	-2.594E+03	 1.870E+03	 2.980E+00	 2.945E+00	 3.437E+00	-5.381E-01	 1.036E-01	-4.905E-01	 2.980E+00	-5.381E-01	 0.000E+00	 0.000E+00	 0.000E+00	 1.699E+03	 1.962E+01
   16.2500	-7.452E-04	-8.347E-04	 9.031E+00	 8.759E+02	 1.560E+02	 0.000E+00	 5.201E+03	 5.586E+03	 5.935E+03	 2.026E+03	-2.687E+03	 2.495E+03	 2.870E+00	 3.044E+00	 3.433E+00	-4.747E-01	 1.113E-01	-5.655E-01	 2.870E+00	-4.747E-01	 0.000E+00	 0.000E+00	 0.000E+00	 1.699E+03	 1.962E+01
   16.5000	-5.834E-04	 2.057E-03	 9.032E+00	 8.763E+02	 1.696E+02	 0.000E+00	 5.126E+03	 5.691E+03	 5.877E+03	 1.231E+03	-3.146E+03	 3.733E+03	 2.791E+00	 3.117E+00	 3.418E+00	-3.665E-01	 1.977E-01	-7.548E-01	 2.791E+00	-3.665E-01	 0.000E+00	 0.000E+00	 0.000E+00	 1.700E+03	 1.962E+01
   16.7500	 3.052E-04	 4.737E-03	 9.031E+00	 8.759E+02	 1.831E+02	 0.000E+00	 5.074E+03	 5.716E+03	 5.872E+03	 1.443E+02	-2.452E+03	 4.133E+03	 2.730E+00	 3.167E+00	 3.409E+00	-2.097E-01	 8.989E-02	-8.043E-01	 2.730E+00	-2.097E-01	 0.000E+00	 0.000E+00	 0.000E+00	 1.699E+03	 1.963E+01
   17.0000	 1.330E-03	 2.236E-03	 9.033E+00	 8.763E+02	 1.967E+02	 0.000E+00	 5.027E+03	 5.777E+03	 5.851E+03	-6.574E+02	-1.326E+03	 3.809E+03	 2.687E+00	 3.236E+00	 3.377E+00	-1.037E-01	-8.953E-02	-7.306E-01	 2.687E+00	-1.037E-01	 0.000E+00	 0.000E+00	 0.000E+00	 1.700E+03	 1.963E+01
   17.2500	 1.095E-03	-3.534E-03	 9.032E+00	 8.760E+02	 2.102E+02	 0.000E+00	 5.051E+03	 5.871E+03	 5.746E+03	-1.201E+03	-1.056E+03	 4.074E+03	 2.693E+00	 3.306E+00	 3.311E+00	-4.433E-02	-1.108E-01	-7.675E-01	 2.693E+00	-4.433E-02	 0.000E+00	 0.000E+00	 0.000E+00	 1.700E+03	 1.963E+01
   17.5000	 3.373E-04	-8.171E-04	 9.033E+00	 8.762E+02	 2.238E+02	 0.000E+00	 5.163E+03	 5.899E+03	 5.638E+03	-1.930E+03	-6.902E+02	 4.452E+03	 2.748E+00	 3.342E+00	 3.243E+00	 4.889E-02	-1.407E-01	-8.354E-01	 2.748E+00	 4.889E-02	 0.000E+00	 0.000E+00	 0.000E+00	 1.700E+03	 1.963E+01
   17.7500	 7.950E-04	 3.085E-03	 9.033E+00	 8.762E+02	 2.373E+02	 0.000E+00	 5.275E+03	 5.888E+03	 5.578E+03	-2.630E+03	 6.532E+02	 3.794E+03	 2.815E+00	 3.370E+00	 3.170E+00	 1.435E-01	-3.409E-01	-7.282E-01	 2.815E+00	 1.435E-01	 0.000E+00	 0.000E+00	 0.000E+00	 1.700E+03	 1.963E+01
   18.0000	 9.490E-04	-2.977E-03	 9.033E+00	 8.762E+02	 2.509E+02	 0.000E+00	 5.360E+03	 5.925E+03	 5.470E+03	-2.832E+03	 1.779E+03	 2.886E+03	 2.882E+00	 3.413E+00	 3.073E+00	 1.572E-01	-5.053E-01	-5.824E-01	 2.882E+00	 1.572E-01	 0.000E+00	 0.000E+00	 0.000E+00	 1.701E+03	 1.963E+01
   18.2500	-4.093E-04	-5.967E-03	 9.035E+00	 8.764E+02	 2.644E+02	 0.000E+00	 5.478E+03	 5.966E+03	 5.306E+03	-2.838E+03	 2.023E+03	 2.635E+03	 2.965E+00	 3.440E+00	 2.960E+00	 1.442E-01	-5.125E-01	-5.586E-01	 2.965E+00	 1.442E-01	 0.000E+00	 0.000E+00	 0.000E+00	 1.701E+03	 1.964E+01
   18.5000	-1.105E-03	 1.314E-03	 9.035E+00	 8.763E+02	 2.780E+02	 0.000E+00	 5.605E+03	 5.926E+03	 5.191E+03	-2.945E+03	 2.622E+03	 2.152E+03	 3.053E+00	 3.431E+00	 2.863E+00	 1.581E-01	-5.832E-01	-5.021E-01	 3.053E+00	 1.581E-01	 0.000E+00	 0.000E+00	 0.000E+00	 1.701E+03	 1.964E+01
   18.7500	-8.937E-05	 5.085E-03	 9.036E+00	 8.765E+02	 2.915E+02	 0.000E+00	 5.680E+03	 5.878E+03	 5.135E+03	-2.800E+03	 3.768E+03	 8.563E+02	 3.122E+00	 3.417E+00	 2.785E+00	 1.382E-01	-7.575E-01	-3.059E-01	 3.122E+00	 1.382E-01	 0.000E+00	 0.000E+00	 0.000E+00	 1.702E+03	 1.964E+01
   19.0000	 7.531E-04	 1.304E-03	 9.035E+00	 8.763E+02	 3.051E+02	 0.000E+00	 5.731E+03	 5.876E+03	 5.058E+03	-2.195E+03	 4.161E+03	-1.427E+02	 3.182E+00	 3.408E+00	 2.717E+00	 4.608E-02	-8.066E-01	-1.632E-01	 3.182E+00	 4.608E-02	 0.000E+00	 0.000E+00	 0.000E+00	 1.702E+03	 1.964E+01
   19.2500	 8.129E-04	-7.520E-06	 9.036E+00	 8.765E+02	 3.186E+02	 0.000E+00	 5.808E+03	 5.837E+03	 5.011E+03	-1.562E+03	 3.875E+03	-4.847E+02	 3.250E+00	 3.370E+00	 2.683E+00	-4.454E-02	-7.406E-01	-1.392E-01	 3.250E+00	-4.454E-02	 0.000E+00	 0.000E+00	 0.000E+00	 1.702E+03	 1.964E+01
   19.5000	 8.841E-04	 3.589E-04	 9.035E+00	 8.764E+02	 3.322E+02	 0.000E+00	 5.869E+03	 5.730E+03	 5.078E+03	-1.038E+03	 4.079E+03	-1.221E+03	 3.308E+00	 3.301E+00	 2.706E+00	-1.083E-01	-7.678E-01	-4.695E-02	 3.308E+00	-1.083E-01	 0.000E+00	 0.000E+00	 0.000E+00	 1.702E+03	 1.965E+01
   19.7500	 8.753E-04	-3.047E-04	 9.035E+00	 8.764E+02	 3.457E+02	 0.000E+00	 5.886E+03	 5.634E+03	 5.192E+03	-2.357E+02	 4.375E+03	-2.309E+03	 3.346E+00	 3.234E+00	 2.759E+00	-2.159E-01	-8.225E-01	 1.111E-01	 3.346E+00	-2.159E-01	 0.000E+00	 0.000E+00	 0.000E+00	 1.702E+03	 1.964E+01
   20.0000	 7.957E-04	-4.040E-04	 9.036E+00	 8.765E+02	 3.593E+02	 0.000E+00	 5.906E+03	 5.566E+03	 5.273E+03	 7.811E+02	 3.728E+03	-2.687E+03	 3.382E+00	 3.160E+00	 2.818E+00	-3.592E-01	-7.185E-01	 1.506E-01	 3.382E+00	-3.592E-01	 0.000E+00	 0.000E+00	 0.000E+00	 1.702E+03	 1.965E+01
   20.2500	 4.827E-04	-2.578E-03	 9.036E+00	 8.765E+02	 1.285E+01	 0.000E+00	 5.943E+03	 5.445E+03	 5.371E+03	 1.581E+03	 2.835E+03	-2.586E+03	 3.419E+00	 3.056E+00	 2.894E+00	-4.645E-01	-5.761E-01	 1.110E-01	 3.419E+00	-4.645E-01	 0.000E+00	 0.000E+00	 0.000E+00	 1.702E+03	 1.965E+01
   20.5000	-4.562E-04	-4.055E-03	 9.037E+00	 8.767E+02	 2.641E+01	 0.000E+00	 5.949E+03	 5.289E+03	 5.513E+03	 2.214E+03	 2.528E+03	-2.917E+03	 3.436E+00	 2.944E+00	 2.985E+00	-5.404E-01	-5.435E-01	 1.559E-01	 3.436E+00	-5.404E-01	 0.000E+00	 0.000E+00	 0.000E+00	 1.703E+03	 1.965E+01
   20.7500	-9.477E-04	 1.107E-03	 9.037E+00	 8.766E+02	 3.996E+01	 0.000E+00	 5.916E+03	 5.185E+03	 5.621E+03	 2.997E+03	 1.998E+03	-3.169E+03	 3.431E+00	 2.853E+00	 3.062E+00	-6.455E-01	-4.796E-01	 1.983E-01	 3.431E+00	-6.455E-01	 0.000E+00	 0.000E+00	 0.000E+00	 1.703E+03	 1.965E+01
   21.0000	 1.646E-05	 5.310E-03	 9.038E+00	 8.767E+02	 5.352E+01	 0.000E+00	 5.893E+03	 5.122E+03	 5.675E+03	 3.696E+03	 7.419E+02	-2.610E+03	 3.422E+00	 2.775E+00	 3.127E+00	-7.418E-01	-2.907E-01	 1.069E-01	 3.422E+00	-7.418E-01	 0.000E+00	 0.000E+00	 0.000E+00	 1.703E+03	 1.965E+01
   21.2500	 9.161E-04	 9.919E-04	 9.038E+00	 8.766E+02	 6.708E+01	 0.000E+00	 5.874E+03	 5.047E+03	 5.745E+03	 3.980E+03	-2.369E+02	-1.920E+03	 3.403E+00	 2.708E+00	 3.197E+00	-7.713E-01	-1.517E-01	-5.875E-04	 3.403E+00	-7.713E-01	 0.000E+00	 0.000E+00	 0.000E+00	 1.703E+03	 1.965E+01
   21.5000	 6.934E-04	-1.491E-03	 9.038E+00	 8.767E+02	 8.063E+01	 0.000E+00	 5.811E+03	 5.018E+03	 5.832E+03	 4.091E+03	-6.167E+02	-1.646E+03	 3.359E+00	 2.684E+00	 3.263E+00	-7.767E-01	-1.214E-01	-2.626E-02	 3.359E+00	-7.767E-01	 0.000E+00	 0.000E+00	 0.000E+00	 1.703E+03	 1.965E+01
   21.7500	 6.978E-04	 1.722E-03	 9.038E+00	 8.767E+02	 9.419E+01	 0.000E+00	 5.719E+03	 5.097E+03	 5.869E+03	 4.234E+03	-1.345E+03	-1.066E+03	 3.295E+00	 2.714E+00	 3.310E+00	-7.956E-01	-3.050E-02	-9.789E-02	 3.295E+00	-7.956E-01	 0.000E+00	 0.000E+00	 0.000E+00	 1.703E+03	 1.966E+01
   22.0000	 1.188E-03	 1.065E-03	 9.038E+00	 8.766E+02	 1.077E+02	 0.000E+00	 5.639E+03	 5.204E+03	 5.879E+03	 4.103E+03	-2.370E+03	 9.611E+01	 3.226E+00	 2.768E+00	 3.349E+00	-7.755E-01	 1.172E-01	-2.691E-01	 3.226E+00	-7.755E-01	 0.000E+00	 0.000E+00	 0.000E+00	 1.703E+03	 1.966E+01
   22.2500	 9.007E-04	-3.229E-03	 9.038E+00	 8.767E+02	 1.213E+02	 0.000E+00	 5.546E+03	 5.285E+03	 5.920E+03	 3.563E+03	-2.727E+03	 9.894E+02	 3.143E+00	 2.828E+00	 3.393E+00	-6.907E-01	 1.540E-01	-3.915E-01	 3.143E+00	-6.907E-01	 0.000E+00	 0.000E+00	 0.000E+00	 1.704E+03	 1.966E+01
   22.5000	-4.501E-05	-3.460E-03	 9.039E+00	 8.767E+02	 1.349E+02	 0.000E+00	 5.412E+03	 5.395E+03	 5.954E+03	 2.987E+03	-2.641E+03	 1.482E+03	 3.039E+00	 2.908E+00	 3.424E+00	-6.057E-01	 1.182E-01	-4.416E-01	 3.039E+00	-6.057E-01	 0.000E+00	 0.000E+00	 0.000E+00	 1.704E+03	 1.966E+01
   22.7500	-5.885E-04	-8.132E-04	 9.039E+00	 8.768E+02	 1.484E+02	 0.000E+00	 5.281E+03	 5.534E+03	 5.936E+03	 2.448E+03	-2.926E+03	 2.305E+03	 2.933E+00	 2.999E+00	 3.432E+00	-5.340E-01	 1.564E-01	-5.507E-01	 2.933E+00	-5.340E-01	 0.000E+00	 0.000E+00	 0.000E+00	 1.704E+03	 1.966E+01
   23.0000	-4.997E-04	 1.460E-03	 9.039E+00	 8.768E+02	 1.620E+02	 0.000E+00	 5.184E+03	 5.629E+03	 5.908E+03	 1.637E+03	-3.116E+03	 3.305E+03	 2.841E+00	 3.073E+00	 3.430E+00	-4.203E-01	 1.892E-01	-6.957E-01	 2.841E+00	-4.203E-01	 0.000E+00	 0.000E+00	 0.000E+00	 1.704E+03	 1.966E+01
   23.2500	 7.872E-05	 2.919E-03	 9.040E+00	 8.769E+02	 1.755E+02	 0.000E+00	 5.099E+03	 5.685E+03	 5.903E+03	 6.497E+02	-2.551E+03	 3.729E+03	 2.761E+00	 3.136E+00	 3.425E+00	-2.789E-01	 9.822E-02	-7.449E-01	 2.761E+00	-2.789E-01	 0.000E+00	 0.000E+00	 0.000E+00	 1.704E+03	 1.966E+01
   23.5000	 6.984E-04	 1.527E-03	 9.040E+00	 8.768E+02	 1.891E+02	 0.000E+00	 5.034E+03	 5.761E+03	 5.870E+03	-1.423E+02	-1.862E+03	 3.829E+03	 2.702E+00	 3.208E+00	 3.397E+00	-1.740E-01	-7.789E-03	-7.418E-01	 2.702E+00	-1.740E-01	 0.000E+00	 0.000E+00	 0.000E+00	 1.704E+03	 1.966E+01
   23.7500	 7.932E-04	-3.932E-04	 9.039E+00	 8.768E+02	 2.027E+02	 0.000E+00	 5.038E+03	 5.839E+03	 5.788E+03	-8.232E+02	-1.542E+03	 4.193E+03	 2.689E+00	 3.273E+00	 3.346E+00	-9.109E-02	-4.058E-02	-7.927E-01	 2.689E+00	-9.109E-02	 0.000E+00	 0.000E+00	 0.000E+00	 1.704E+03	 1.966E+01
   24.0000	 8.208E-04	 8.737E-04	 9.039E+00	 8.768E+02	 2.162E+02	 0.000E+00	 5.114E+03	 5.870E+03	 5.707E+03	-1.629E+03	-9.267E+02	 4.380E+03	 2.721E+00	 3.316E+00	 3.288E+00	 1.460E-02	-1.177E-01	-8.219E-01	 2.721E+00	 1.460E-02	 0.000E+00	 0.000E+00	 0.000E+00	 1.704E+03	 1.966E+01
   24.2500	 1.166E-03	 9.031E-04	 9.039E+00	 8.768E+02	 2.298E+02	 0.000E+00	 5.205E+03	 5.887E+03	 5.637E+03	-2.314E+03	 2.139E+02	 3.928E+03	 2.773E+00	 3.356E+00	 3.218E+00	 1.033E-01	-2.846E-01	-7.462E-01	 2.773E+00	 1.033E-01	 0.000E+00	 0.000E+00	 0.000E+00	 1.704E+03	 1.966E+01
   24.5000	 8.422E-04	-3.622E-03	 9.040E+00	 8.769E+02	 2.433E+02	 0.000E+00	 5.302E+03	 5.928E+03	 5.525E+03	-2.641E+03	 1.098E+03	 3.370E+03	 2.841E+00	 3.400E+00	 3.126E+00	 1.349E-01	-4.053E-01	-6.583E-01	 2.841E+00	 1.349E-01	 0.000E+00	 0.000E+00	 0.000E+00	 1.704E+03	 1.966E+01
   24.7500	-2.708E-04	-4.043E-03	 9.040E+00	 8.769E+02	 2.569E+02	 0.000E+00	 5.427E+03	 5.953E+03	 5.383E+03	-2.833E+03	 1.614E+03	 3.046E+03	 2.924E+00	 3.427E+00	 3.022E+00	 1.495E-01	-4.595E-01	-6.190E-01	 2.924E+00	 1.495E-01	 0.000E+00	 0.000E+00	 0.000E+00	 1.705E+03	 1.966E+01
   25.0000	-7.092E-04	 6.897E-04	 9.041E+00	 8.770E+02	 2.705E+02	 0.000E+00	 5.547E+03	 5.931E+03	 5.269E+03	-3.011E+03	 2.431E+03	 2.408E+03	 3.009E+00	 3.431E+00	 2.922E+00	 1.710E-01	-5.678E-01	-5.316E-01	 3.009E+00	 1.710E-01	 0.000E+00	 0.000E+00	 0.000E+00	 1.705E+03	 1.967E+01
   25.2500	-1.994E-04	 2.466E-03	 9.041E+00	 8.770E+02	 2.840E+02	 0.000E+00	 5.632E+03	 5.910E+03	 5.178E+03	-2.902E+03	 3.384E+03	 1.345E+03	 3.082E+00	 3.431E+00	 2.829E+00	 1.522E-01	-7.054E-01	-3.735E-01	 3.082E+00	 1.522E-01	 0.000E+00	 0.000E+00	 0.000E+00	 1.705E+03	 1.967E+01
   25.5000	 2.201E-04	 9.056E-04	 9.041E+00	 8.770E+02	 2.976E+02	 0.000E+00	 5.702E+03	 5.902E+03	 5.080E+03	-2.453E+03	 3.785E+03	 4.961E+02	 3.150E+00	 3.424E+00	 2.746E+00	 8.225E-02	-7.513E-01	-2.564E-01	 3.150E+00	 8.225E-02	 0.000E+00	 0.000E+00	 0.000E+00	 1.705E+03	 1.967E+01
   25.7500	 4.437E-04	 1.222E-03	 9.041E+00	 8.770E+02	 3.111E+02	 0.000E+00	 5.781E+03	 5.858E+03	 5.025E+03	-1.957E+03	 3.883E+03	-1.004E+02	 3.219E+00	 3.391E+00	 2.697E+00	 1.226E-02	-7.490E-01	-1.871E-01	 3.219E+00	 1.226E-02	 0.000E+00	 0.000E+00	 0.000E+00	 1.705E+03	 1.967E+01
   26.0000	 8.444E-04	 1.668E-03	 9.041E+00	 8.769E+02	 3.247E+02	 0.000E+00	 5.839E+03	 5.775E+03	 5.056E+03	-1.426E+03	 4.212E+03	-9.584E+02	 3.278E+00	 3.337E+00	 2.695E+00	-5.621E-02	-7.948E-01	-7.332E-02	 3.278E+00	-5.621E-02	 0.000E+00	 0.000E+00	 0.000E+00	 1.705E+03	 1.967E+01
   26.2500	 1.132E-03	 4.463E-04	 9.040E+00	 8.769E+02	 3.383E+02	 0.000E+00	 5.869E+03	 5.700E+03	 5.129E+03	-6.381E+02	 4.344E+03	-1.880E+03	 3.323E+00	 3.279E+00	 2.727E+00	-1.639E-01	-8.157E-01	 5.391E-02	 3.323E+00	-1.639E-01	 0.000E+00	 0.000E+00	 0.000E+00	 1.705E+03	 1.967E+01
   26.5000	 1.054E-03	-1.127E-03	 9.040E+00	 8.769E+02	 3.518E+02	 0.000E+00	 5.901E+03	 5.622E+03	 5.210E+03	 2.883E+02	 3.870E+03	-2.330E+03	 3.366E+00	 3.206E+00	 2.780E+00	-2.928E-01	-7.372E-01	 1.022E-01	 3.366E+00	-2.928E-01	 0.000E+00	 0.000E+00	 0.000E+00	 1.705E+03	 1.967E+01
   26.7500	 5.417E-04	-2.978E-03	 9.041E+00	 8.770E+02	 5.381E+00	 0.000E+00	 5.936E+03	 5.503E+03	 5.320E+03	 1.080E+03	 3.309E+03	-2.561E+03	 3.405E+00	 3.110E+00	 2.854E+00	-3.962E-01	-6.497E-01	 1.170E-01	 3.405E+00	-3.962E-01	 0.000E+00	 0.000E+00	 0.000E+00	 1.705E+03	 1.967E+01
   27.0000	-2.924E-04	-2.986E-03	 9.041E+00	 8.770E+02	 1.894E+01	 0.000E+00	 5.944E+03	 5.366E+03	 5.455E+03	 1.823E+03	 2.951E+03	-2.946E+03	 3.426E+00	 3.006E+00	 2.940E+00	-4.906E-01	-6.056E-01	 1.671E-01	 3.426E+00	-4.906E-01	 0.000E+00	 0.000E+00	 0.000E+00	 1.705E+03	 1.967E+01
   27.2500	-6.297E-04	 5.372E-04	 9.042E+00	 8.771E+02	 3.250E+01	 0.000E+00	 5.929E+03	 5.256E+03	 5.560E+03	 2.656E+03	 2.275E+03	-3.102E+03	 3.433E+00	 2.909E+00	 3.019E+00	-6.029E-01	-5.124E-01	 1.869E-01	 3.433E+00	-6.029E-01	 0.000E+00	 0.000E+00	 0.000E+00	 1.705E+03	 1.967E+01
   27.5000	-1.516E-04	 2.517E-03	 9.042E+00	 8.771E+02	 4.607E+01	 0.000E+00	 5.917E+03	 5.161E+03	 5.636E+03	 3.361E+03	 1.217E+03	-2.751E+03	 3.433E+00	 2.816E+00	 3.091E+00	-6.973E-01	-3.558E-01	 1.265E-01	 3.433E+00	-6.973E-01	 0.000E+00	 0.000E+00	 0.000E+00	 1.706E+03	 1.967E+01
   27.7500	 2.876E-04	 7.689E-04	 9.042E+00	 8.771E+02	 5.963E+01	 0.000E+00	 5.895E+03	 5.067E+03	 5.718E+03	 3.767E+03	 3.831E+02	-2.322E+03	 3.419E+00	 2.736E+00	 3.163E+00	-7.444E-01	-2.417E-01	 6.093E-02	 3.419E+00	-7.444E-01	 0.000E+00	 0.000E+00	 0.000E+00	 1.706E+03	 1.967E+01
   28.0000	 4.188E-04	 8.711E-04	 9.042E+00	 8.771E+02	 7.319E+01	 0.000E+00	 5.841E+03	 5.027E+03	 5.797E+03	 4.047E+03	-2.273E+02	-1.993E+03	 3.383E+00	 2.694E+00	 3.230E+00	-7.754E-01	-1.703E-01	 2.181E-02	 3.383E+00	-7.754E-01	 0.000E+00	 0.000E+00	 0.000E+00	 1.706E+03	 1.967E+01
   28.2500	 8.648E-04	 2.444E-03	 9.041E+00	 8.770E+02	 8.676E+01	 0.000E+00	 5.768E+03	 5.067E+03	 5.840E+03	 4.261E+03	-1.087E+03	-1.348E+03	 3.331E+00	 2.699E+00	 3.283E+00	-8.030E-01	-5.629E-02	-6.523E-02	 3.331E+00	-8.030E-01	 0.000E+00	 0.000E+00	 0.000E+00	 1.706E+03	 1.967E+01
   28.5000	 1.317E-03	 4.607E-04	 9.041E+00	 8.770E+02	 1.003E+02	 0.000E+00	 5.695E+03	 5.139E+03	 5.870E+03	 4.186E+03	-1.969E+03	-3.897E+02	 3.270E+00	 2.734E+00	 3.329E+00	-7.881E-01	 6.464E-02	-2.027E-01	 3.270E+00	-7.881E-01	 0.000E+00	 0.000E+00	 0.000E+00	 1.706E+03	 1.967E+01
   28.7500	 9.961E-04	-2.740E-03	 9.041E+00	 8.770E+02	 1.139E+02	 0.000E+00	 5.602E+03	 5.224E+03	 5.912E+03	 3.806E+03	-2.391E+03	 4.126E+02	 3.192E+00	 2.789E+00	 3.375E+00	-7.270E-01	 1.086E-01	-3.097E-01	 3.192E+00	-7.270E-01	 0.000E+00	 0.000E+00	 0.000E+00	 1.706E+03	 1.967E+01
   29.0000	 2.140E-04	-2.951E-03	 9.042E+00	 8.770E+02	 1.274E+02	 0.000E+00	 5.478E+03	 5.342E+03	 5.941E+03	 3.355E+03	-2.616E+03	 1.089E+03	 3.095E+00	 2.867E+00	 3.409E+00	-6.605E-01	 1.234E-01	-3.920E-01	 3.095E+00	-6.605E-01	 0.000E+00	 0.000E+00	 0.000E+00	 1.706E+03	 1.967E+01
   29.2500	-3.183E-04	-1.211E-03	 9.042E+00	 8.771E+02	 1.410E+02	 0.000E+00	 5.354E+03	 5.474E+03	 5.937E+03	 2.823E+03	-2.973E+03	 1.978E+03	 2.993E+00	 2.953E+00	 3.426E+00	-5.868E-01	 1.699E-01	-5.122E-01	 2.993E+00	-5.868E-01	 0.000E+00	 0.000E+00	 0.000E+00	 1.706E+03	 1.967E+01
   29.5000	-4.212E-04	 3.212E-04	 9.042E+00	 8.771E+02	 1.546E+02	 0.000E+00	 5.244E+03	 5.572E+03	 5.927E+03	 2.041E+03	-3.079E+03	 2.867E+03	 2.894E+00	 3.030E+00	 3.435E+00	-4.752E-01	 1.824E-01	-6.355E-01	 2.894E+00	-4.752E-01	 0.000E+00	 0.000E+00	 0.000E+00	 1.706E+03	 1.967E+01
   29.7500	-1.796E-04	 1.439E-03	 9.043E+00	 8.771E+02	 1.681E+02	 0.000E+00	 5.139E+03	 5.649E+03	 5.921E+03	 1.143E+03	-2.701E+03	 3.387E+03	 2.800E+00	 3.101E+00	 3.434E+00	-3.473E-01	 1.188E-01	-6.980E-01	 2.800E+00	-3.473E-01	 0.000E+00	 0.000E+00	 0.000E+00	 1.706E+03	 1.968E+01
   30.0000	 2.123E-04	 1.492E-03	 9.043E+00	 8.771E+02	 1.817E+02	 0.000E+00	 5.056E+03	 5.733E+03	 5.888E+03	 3.487E+02	-2.265E+03	 3.744E+03	 2.727E+00	 3.175E+00	 3.413E+00	-2.412E-01	 5.311E-02	-7.368E-01	 2.727E+00	-2.412E-01	 0.000E+00	 0.000E+00	 0.000E+00	 1.706E+03	 1.968E+01
   30.2500	 5.605E-04	 1.440E-03	 9.042E+00	 8.771E+02	 1.953E+02	 0.000E+00	 5.035E+03	 5.805E+03	 5.825E+03	-4.274E+02	-1.903E+03	 4.158E+03	 2.694E+00	 3.239E+00	 3.374E+00	-1.409E-01	 9.597E-03	-7.927E-01	 2.694E+00	-1.409E-01	 0.000E+00	 0.000E+00	 0.000E+00	 1.706E+03	 1.968E+01
   30.5000	 9.795E-04	 1.837E-03	 9.042E+00	 8.771E+02	 2.088E+02	 0.000E+00	 5.075E+03	 5.844E+03	 5.760E+03	-1.269E+03	-1.224E+03	 4.320E+03	 2.702E+00	 3.289E+00	 3.324E+00	-2.943E-02	-8.251E-02	-8.128E-01	 2.702E+00	-2.943E-02	 0.000E+00	 0.000E+00	 0.000E+00	 1.706E+03	 1.968E+01
   30.7500	 1.290E-03	 1.232E-04	 9.042E+00	 8.771E+02	 2.224E+02	 0.000E+00	 5.145E+03	 5.878E+03	 5.687E+03	-1.971E+03	-2.649E+02	 4.064E+03	 2.740E+00	 3.337E+00	 3.260E+00	 6.005E-02	-2.196E-01	-7.670E-01	 2.740E+00	 6.005E-02	 0.000E+00	 0.000E+00	 0.000E+00	 1.706E+03	 1.968E+01
   31.0000	 9.045E-04	-3.027E-03	 9.042E+00	 8.771E+02	 2.359E+02	 0.000E+00	 5.243E+03	 5.919E+03	 5.582E+03	-2.417E+03	 5.300E+02	 3.716E+03	 2.801E+00	 3.382E+00	 3.176E+00	 1.088E-01	-3.249E-01	-7.122E-01	 2.801E+00	 1.088E-01	 0.000E+00	 0.000E+00	 0.000E+00	 1.706E+03	 1.968E+01
   31.2500	 5.208E-05	-3.040E-03	 9.042E+00	 8.771E+02	 2.495E+02	 0.000E+00	 5.368E+03	 5.941E+03	 5.456E+03	-2.756E+03	 1.219E+03	 3.366E+03	 2.881E+00	 3.412E+00	 3.079E+00	 1.451E-01	-4.093E-01	-6.651E-01	 2.881E+00	 1.451E-01	 0.000E+00	 0.000E+00	 0.000E+00	 1.706E+03	 1.968E+01
   31.5000	-3.682E-04	-3.124E-04	 9.043E+00	 8.771E+02	 2.631E+02	 0.000E+00	 5.487E+03	 5.935E+03	 5.341E+03	-3.000E+03	 2.109E+03	 2.720E+03	 2.964E+00	 3.428E+00	 2.980E+00	 1.734E-01	-5.299E-01	-5.726E-01	 2.964E+00	 1.734E-01	 0.000E+00	 0.000E+00	 0.000E+00	 1.706E+03	 1.968E+01
   31.7500	-2.869E-04	 5.617E-04	 9.043E+00	 8.772E+02	 2.766E+02	 0.000E+00	 5.581E+03	 5.928E+03	 5.230E+03	-2.964E+03	 2.967E+03	 1.826E+03	 3.041E+00	 3.436E+00	 2.879E+00	 1.619E-01	-6.483E-01	-4.417E-01	 3.041E+00	 1.619E-01	 0.000E+00	 0.000E+00	 0.000E+00	 1.706E+03	 1.968E+01
   32.0000	-1.595E-04	 5.701E-04	 9.043E+00	 8.772E+02	 2.902E+02	 0.000E+00	 5.666E+03	 5.919E+03	 5.119E+03	-2.666E+03	 3.459E+03	 1.035E+03	 3.114E+00	 3.433E+00	 2.786E+00	 1.135E-01	-7.067E-01	-3.330E-01	 3.114E+00	 1.135E-01	 0.000E+00	 0.000E+00	 0.000E+00	 1.706E+03	 1.968E+01
   32.2500	 1.294E-04	 1.863E-03	 9.043E+00	 8.772E+02	 3.038E+02	 0.000E+00	 5.748E+03	 5.879E+03	 5.048E+03	-2.281E+03	 3.806E+03	 3.019E+02	 3.185E+00	 3.408E+00	 2.720E+00	 5.858E-02	-7.447E-01	-2.385E-01	 3.185E+00	 5.858E-02	 0.000E+00	 0.000E+00	 0.000E+00	 1.706E+03	 1.968E+01
   32.5000	 7.003E-04	 2.412E-03	 9.043E+00	 8.772E+02	 3.173E+02	 0.000E+00	 5.808E+03	 5.815E+03	 5.043E+03	-1.773E+03	 4.193E+03	-5.928E+02	 3.246E+00	 3.367E+00	 2.695E+00	-9.368E-03	-7.971E-01	-1.177E-01	 3.246E+00	-9.368E-03	 0.000E+00	 0.000E+00	 0.000E+00	 1.706E+03	 1.968E+01
   32.7500	 1.162E-03	 1.083E-03	 9.042E+00	 8.771E+02	 3.309E+02	 0.000E+00	 5.849E+03	 5.752E+03	 5.083E+03	-1.033E+03	 4.307E+03	-1.447E+03	 3.298E+00	 3.316E+00	 2.705E+00	-1.117E-01	-8.100E-01	-3.430E-03	 3.298E+00	-1.117E-01	 0.000E+00	 0.000E+00	 0.000E+00	 1.706E+03	 1.968E+01
   33.0000	 1.183E-03	-8.918E-04	 9.042E+00	 8.771E+02	 3.445E+02	 0.000E+00	 5.889E+03	 5.673E+03	 5.154E+03	-1.901E+02	 4.021E+03	-2.003E+03	 3.345E+00	 3.249E+00	 2.746E+00	-2.277E-01	-7.600E-01	 6.084E-02	 3.345E+00	-2.277E-01	 0.000E+00	 0.000E+00	 0.000E+00	 1.706E+03	 1.968E+01
   33.2500	 7.220E-04	-2.625E-03	 9.042E+00	 8.771E+02	 3.580E+02	 0.000E+00	 5.923E+03	 5.562E+03	 5.263E+03	 6.008E+02	 3.661E+03	-2.434E+03	 3.387E+00	 3.161E+00	 2.814E+00	-3.316E-01	-7.043E-01	 1.075E-01	 3.387E+00	-3.316E-01	 0.000E+00	 0.000E+00	 0.000E+00	 1.706E+03	 1.968E+01
   33.5000	 2.333E-05	-2.542E-03	 9.043E+00	 8.771E+02	 1.159E+01	 0.000E+00	 5.937E+03	 5.439E+03	 5.391E+03	 1.410E+03	 3.282E+03	-2.863E+03	 3.414E+00	 3.064E+00	 2.895E+00	-4.372E-01	-6.531E-01	 1.610E-01	 3.414E+00	-4.372E-01	 0.000E+00	 0.000E+00	 0.000E+00	 1.706E+03	 1.968E+01
   33.7500	-3.604E-04	-4.216E-04	 9.043E+00	 8.772E+02	 2.515E+01	 0.000E+00	 5.936E+03	 5.325E+03	 5.500E+03	 2.267E+03	 2.599E+03	-3.037E+03	 3.430E+00	 2.965E+00	 2.975E+00	-5.527E-01	-5.551E-01	 1.787E-01	 3.430E+00	-5.527E-01	 0.000E+00	 0.000E+00	 0.000E+00	 1.706E+03	 1.968E+01
   34.0000	-2.953E-04	 6.521E-04	 9.043E+00	 8.772E+02	 3.872E+01	 0.000E+00	 5.931E+03	 5.211E+03	 5.592E+03	 2.998E+03	 1.700E+03	-2.869E+03	 3.437E+00	 2.864E+00	 3.052E+00	-6.492E-01	-4.239E-01	 1.452E-01	 3.437E+00	-6.492E-01	 0.000E+00	 0.000E+00	 0.000E+00	 1.706E+03	 1.968E+01
   34.2500	-1.277E-04	 7.046E-04	 9.044E+00	 8.772E+02	 5.228E+01	 0.000E+00	 5.912E+03	 5.105E+03	 5.682E+03	 3.518E+03	 9.166E+02	-2.606E+03	 3.429E+00	 2.773E+00	 3.127E+00	-7.129E-01	-3.172E-01	 1.042E-01	 3.429E+00	-7.129E-01	 0.000E+00	 0.000E+00	 0.000E+00	 1.707E+03	 1.968E+01
   34.5000	 1.703E-04	 1.932E-03	 9.043E+00	 8.772E+02	 6.585E+01	 0.000E+00	 5.867E+03	 5.045E+03	 5.761E+03	 3.930E+03	 1.723E+02	-2.275E+03	 3.403E+00	 2.714E+00	 3.195E+00	-7.636E-01	-2.213E-01	 6.035E-02	 3.403E+00	-7.636E-01	 0.000E+00	 0.000E+00	 0.000E+00	 1.707E+03	 1.968E+01
   34.7500	 7.979E-04	 2.725E-03	 9.043E+00	 8.772E+02	 7.941E+01	 0.000E+00	 5.809E+03	 5.047E+03	 5.812E+03	 4.216E+03	-7.262E+02	-1.663E+03	 3.361E+00	 2.694E+00	 3.253E+00	-7.997E-01	-9.984E-02	-2.476E-02	 3.361E+00	-7.997E-01	 0.000E+00	 0.000E+00	 0.000E+00	 1.707E+03	 1.968E+01
   35.0000	 1.276E-03	 7.146E-04	 9.043E+00	 8.771E+02	 9.298E+01	 0.000E+00	 5.743E+03	 5.091E+03	 5.855E+03	 4.230E+03	-1.551E+03	-8.515E+02	 3.307E+00	 2.709E+00	 3.306E+00	-7.958E-01	 9.561E-03	-1.391E-01	 3.307E+00	-7.958E-01	 0.000E+00	 0.000E+00	 0.000E+00	 1.706E+03	 1.968E+01
   35.2500	 1.101E-03	-1.844E-03	 9.043E+00	 8.771E+02	 1.065E+02	 0.000E+00	 5.654E+03	 5.168E+03	 5.898E+03	 3.998E+03	-2.079E+03	-9.003E+01	 3.236E+00	 2.755E+00	 3.354E+00	-7.564E-01	 6.949E-02	-2.402E-01	 3.236E+00	-7.564E-01	 0.000E+00	 0.000E+00	 0.000E+00	 1.706E+03	 1.968E+01
   35.5000	 5.284E-04	-2.405E-03	 9.043E+00	 8.771E+02	 1.201E+02	 0.000E+00	 5.542E+03	 5.284E+03	 5.927E+03	 3.653E+03	-2.501E+03	 6.763E+02	 3.147E+00	 2.827E+00	 3.391E+00	-7.049E-01	 1.154E-01	-3.390E-01	 3.147E+00	-7.049E-01	 0.000E+00	 0.000E+00	 0.000E+00	 1.706E+03	 1.968E+01
   35.7500	 5.224E-06	-1.707E-03	 9.043E+00	 8.772E+02	 1.337E+02	 0.000E+00	 5.424E+03	 5.409E+03	 5.935E+03	 3.158E+03	-2.905E+03	 1.576E+03	 3.050E+00	 2.908E+00	 3.417E+00	-6.343E-01	 1.657E-01	-4.609E-01	 3.050E+00	-6.343E-01	 0.000E+00	 0.000E+00	 0.000E+00	 1.706E+03	 1.968E+01
   36.0000	-3.024E-04	-7.211E-04	 9.043E+00	 8.772E+02	 1.472E+02	 0.000E+00	 5.308E+03	 5.514E+03	 5.937E+03	 2.437E+03	-3.033E+03	 2.426E+03	 2.949E+00	 2.987E+00	 3.433E+00	-5.303E-01	 1.768E-01	-5.756E-01	 2.949E+00	-5.303E-01	 0.000E+00	 0.000E+00	 0.000E+00	 1.707E+03	 1.968E+01
   36.2500	-3.544E-04	 3.662E-04	 9.044E+00	 8.772E+02	 1.608E+02	 0.000E+00	 5.190E+03	 5.607E+03	 5.933E+03	 1.617E+03	-2.836E+03	 3.048E+03	 2.848E+00	 3.064E+00	 3.438E+00	-4.138E-01	 1.397E-01	-6.534E-01	 2.848E+00	-4.138E-01	 0.000E+00	 0.000E+00	 0.000E+00	 1.707E+03	 1.968E+01
   36.5000	-1.314E-04	 1.397E-03	 9.044E+00	 8.773E+02	 1.744E+02	 0.000E+00	 5.093E+03	 5.696E+03	 5.905E+03	 8.216E+02	-2.559E+03	 3.566E+03	 2.762E+00	 3.139E+00	 3.425E+00	-3.058E-01	 9.753E-02	-7.174E-01	 2.762E+00	-3.058E-01	 0.000E+00	 0.000E+00	 0.000E+00	 1.707E+03	 1.968E+01
   36.7500	 3.145E-04	 2.174E-03	 9.044E+00	 8.772E+02	 1.879E+02	 0.000E+00	 5.045E+03	 5.769E+03	 5.857E+03	-6.864E+00	-2.197E+03	 4.031E+03	 2.709E+00	 3.205E+00	 3.397E+00	-1.953E-01	 4.965E-02	-7.787E-01	 2.709E+00	-1.953E-01	 0.000E+00	 0.000E+00	 0.000E+00	 1.707E+03	 1.968E+01
   37.0000	 9.032E-04	 2.245E-03	 9.043E+00	 8.772E+02	 2.015E+02	 0.000E+00	 5.050E+03	 5.819E+03	 5.802E+03	-8.673E+02	-1.550E+03	 4.245E+03	 2.694E+00	 3.261E+00	 3.355E+00	-8.046E-02	-4.048E-02	-8.035E-01	 2.694E+00	-8.046E-02	 0.000E+00	 0.000E+00	 0.000E+00	 1.707E+03	 1.968E+01
   37.2500	 1.270E-03	 3.745E-04	 9.043E+00	 8.772E+02	 2.151E+02	 0.000E+00	 5.098E+03	 5.863E+03	 5.733E+03	-1.602E+03	-7.312E+02	 4.161E+03	 2.714E+00	 3.314E+00	 3.297E+00	 1.328E-02	-1.555E-01	-7.834E-01	 2.714E+00	 1.328E-02	 0.000E+00	 0.000E+00	 0.000E+00	 1.707E+03	 1.968E+01
   37.5000	 1.028E-03	-2.119E-03	 9.043E+00	 8.772E+02	 2.286E+02	 0.000E+00	 5.187E+03	 5.904E+03	 5.636E+03	-2.157E+03	 2.887E+01	 3.956E+03	 2.765E+00	 3.361E+00	 3.222E+00	 7.827E-02	-2.558E-01	-7.499E-01	 2.765E+00	 7.827E-02	 0.000E+00	 0.000E+00	 0.000E+00	 1.706E+03	 1.968E+01
   37.7500	 4.168E-04	-2.380E-03	 9.043E+00	 8.772E+02	 2.422E+02	 0.000E+00	 5.305E+03	 5.929E+03	 5.524E+03	-2.611E+03	 8.077E+02	 3.632E+03	 2.839E+00	 3.395E+00	 3.133E+00	 1.310E-01	-3.565E-01	-7.033E-01	 2.839E+00	 1.310E-01	 0.000E+00	 0.000E+00	 0.000E+00	 1.706E+03	 1.968E+01
   38.0000	-4.392E-05	-1.293E-03	 9.043E+00	 8.772E+02	 2.558E+02	 0.000E+00	 5.425E+03	 5.935E+03	 5.409E+03	-2.926E+03	 1.711E+03	 3.044E+03	 2.920E+00	 3.420E+00	 3.036E+00	 1.671E-01	-4.791E-01	-6.176E-01	 2.920E+00	 1.671E-01	 0.000E+00	 0.000E+00	 0.000E+00	 1.707E+03	 1.968E+01
   38.2500	-2.796E-04	-7.304E-04	 9.044E+00	 8.772E+02	 2.693E+02	 0.000E+00	 5.528E+03	 5.938E+03	 5.289E+03	-2.985E+03	 2.537E+03	 2.277E+03	 2.999E+00	 3.435E+00	 2.932E+00	 1.672E-01	-5.901E-01	-5.061E-01	 2.999E+00	 1.672E-01	 0.000E+00	 0.000E+00	 0.000E+00	 1.707E+03	 1.968E+01
   38.5000	-3.771E-04	 1.677E-04	 9.044E+00	 8.773E+02	 2.829E+02	 0.000E+00	 5.624E+03	 5.930E+03	 5.171E+03	-2.825E+03	 3.135E+03	 1.519E+03	 3.076E+00	 3.438E+00	 2.833E+00	 1.380E-01	-6.643E-01	-4.010E-01	 3.076E+00	 1.380E-01	 0.000E+00	 0.000E+00	 0.000E+00	 1.707E+03	 1.968E+01
   38.7500	-1.294E-04	 1.852E-03	 9.044E+00	 8.773E+02	 2.965E+02	 0.000E+00	 5.709E+03	 5.898E+03	 5.083E+03	-2.539E+03	 3.642E+03	 7.252E+02	 3.149E+00	 3.422E+00	 2.753E+00	 9.595E-02	-7.271E-01	-2.943E-01	 3.149E+00	 9.595E-02	 0.000E+00	 0.000E+00	 0.000E+00	 1.707E+03	 1.968E+01
   39.0000	 4.633E-04	 2.593E-03	 9.044E+00	 8.772E+02	 3.100E+02	 0.000E+00	 5.776E+03	 5.849E+03	 5.045E+03	-2.082E+03	 4.081E+03	-1.714E+02	 3.214E+00	 3.391E+00	 2.705E+00	 3.268E-02	-7.850E-01	-1.720E-01	 3.214E+00	 3.268E-02	 0.000E+00	 0.000E+00	 0.000E+00	 1.707E+03	 1.968E+01
   39.2500	 1.024E-03	 1.613E-03	 9.043E+00	 8.772E+02	 3.236E+02	 0.000E+00	 5.826E+03	 5.793E+03	 5.053E+03	-1.414E+03	 4.251E+03	-1.010E+03	 3.270E+00	 3.348E+00	 2.694E+00	-6.042E-02	-8.033E-01	-6.090E-02	 3.270E+00	-6.042E-02	 0.000E+00	 0.000E+00	 0.000E+00	 1.707E+03	 1.968E+01
   39.5000	 1.209E-03	-2.187E-04	 9.043E+00	 8.772E+02	 3.371E+02	 0.000E+00	 5.872E+03	 5.719E+03	 5.107E+03	-6.456E+02	 4.137E+03	-1.663E+03	 3.322E+00	 3.287E+00	 2.719E+00	-1.656E-01	-7.790E-01	 1.876E-02	 3.322E+00	-1.656E-01	 0.000E+00	 0.000E+00	 0.000E+00	 1.707E+03	 1.968E+01
   39.7500	 9.272E-04	-1.916E-03	 9.043E+00	 8.772E+02	 3.507E+02	 0.000E+00	 5.908E+03	 5.619E+03	 5.206E+03	 1.384E+02	 3.915E+03	-2.225E+03	 3.366E+00	 3.209E+00	 2.777E+00	-2.695E-01	-7.437E-01	 8.550E-02	 3.366E+00	-2.695E-01	 0.000E+00	 0.000E+00	 0.000E+00	 1.707E+03	 1.968E+01
   40.0000	 3.778E-04	-2.223E-03	 9.043E+00	 8.772E+02	 4.277E+00	 0.000E+00	 5.929E+03	 5.507E+03	 5.326E+03	 9.768E+02	 3.558E+03	-2.706E+03	 3.399E+00	 3.119E+00	 2.852E+00	-3.807E-01	-6.927E-01	 1.443E-01	 3.399E+00	-3.807E-01	 0.000E+00	 0.000E+00	 0.000E+00	 1.707E+03	 1.968E+01
   40.2500	-9.197E-05	-1.411E-03	 9.044E+00	 8.772E+02	 1.784E+01	 0.000E+00	 5.937E+03	 5.391E+03	 5.440E+03	 1.845E+03	 2.935E+03	-2.950E+03	 3.423E+00	 3.020E+00	 2.931E+00	-4.972E-01	-6.017E-01	 1.694E-01	 3.423E+00	-4.972E-01	 0.000E+00	 0.000E+00	 0.000E+00	 1.707E+03	 1.968E+01
   40.5000	-3.267E-04	-5.938E-04	 9.044E+00	 8.773E+02	 3.141E+01	 0.000E+00	 5.939E+03	 5.270E+03	 5.542E+03	 2.610E+03	 2.159E+03	-2.939E+03	 3.437E+00	 2.916E+00	 3.011E+00	-5.978E-01	-4.893E-01	 1.583E-01	 3.437E+00	-5.978E-01	 0.000E+00	 0.000E+00	 0.000E+00	 1.707E+03	 1.968E+01
   40.7500	-3.655E-04	 4.200E-04	 9.044E+00	 8.773E+02	 4.497E+01	 0.000E+00	 5.925E+03	 5.155E+03	 5.640E+03	 3.229E+03	 1.399E+03	-2.799E+03	 3.436E+00	 2.818E+00	 3.089E+00	-6.762E-01	-3.849E-01	 1.341E-01	 3.436E+00	-6.762E-01	 0.000E+00	 0.000E+00	 0.000E+00	 1.707E+03	 1.968E+01
   41.0000	-6.488E-05	 2.016E-03	 9.044E+00	 8.773E+02	 5.854E+01	 0.000E+00	 5.890E+03	 5.074E+03	 5.721E+03	 3.745E+03	 5.927E+02	-2.510E+03	 3.418E+00	 2.743E+00	 3.159E+00	-7.420E-01	-2.763E-01	 9.305E-02	 3.418E+00	-7.420E-01	 0.000E+00	 0.000E+00	 0.000E+00	 1.707E+03	 1.968E+01
   41.2500	 5.770E-04	 2.735E-03	 9.044E+00	 8.773E+02	 7.211E+01	 0.000E+00	 5.843E+03	 5.043E+03	 5.783E+03	 4.109E+03	-3.073E+02	-1.974E+03	 3.386E+00	 2.701E+00	 3.222E+00	-7.877E-01	-1.537E-01	 1.709E-02	 3.386E+00	-7.877E-01	 0.000E+00	 0.000E+00	 0.000E+00	 1.707E+03	 1.968E+01
   41.5000	 1.111E-03	 1.248E-03	 9.043E+00	 8.772E+02	 8.567E+01	 0.000E+00	 5.784E+03	 5.058E+03	 5.834E+03	 4.227E+03	-1.123E+03	-1.277E+03	 3.339E+00	 2.695E+00	 3.279E+00	-7.978E-01	-4.652E-02	-8.043E-02	 3.339E+00	-7.978E-01	 0.000E+00	 0.000E+00	 0.000E+00	 1.707E+03	 1.968E+01
   41.7500	 1.159E-03	-7.968E-04	 9.043E+00	 8.772E+02	 9.924E+01	 0.000E+00	 5.703E+03	 5.119E+03	 5.880E+03	 4.131E+03	-1.755E+03	-5.483E+02	 3.276E+00	 2.726E+00	 3.330E+00	-7.780E-01	 2.966E-02	-1.778E-01	 3.276E+00	-7.780E-01	 0.000E+00	 0.000E+00	 0.000E+00	 1.707E+03	 1.968E+01
   42.0000	 8.202E-04	-1.745E-03	 9.043E+00	 8.772E+02	 1.128E+02	 0.000E+00	 5.602E+03	 5.224E+03	 5.912E+03	 3.886E+03	-2.305E+03	 2.476E+02	 3.196E+00	 2.788E+00	 3.371E+00	-7.401E-01	 9.526E-02	-2.831E-01	 3.196E+00	-7.401E-01	 0.000E+00	 0.000E+00	 0.000E+00	 1.707E+03	 1.968E+01
   42.2500	 3.437E-04	-1.979E-03	 9.043E+00	 8.772E+02	 1.264E+02	 0.000E+00	 5.491E+03	 5.344E+03	 5.929E+03	 3.454E+03	-2.761E+03	 1.137E+03	 3.104E+00	 2.864E+00	 3.403E+00	-6.768E-01	 1.507E-01	-4.032E-01	 3.104E+00	-6.768E-01	 0.000E+00	 0.000E+00	 0.000E+00	 1.707E+03	 1.968E+01
   42.5000	-1.241E-04	-1.600E-03	 9.044E+00	 8.772E+02	 1.399E+02	 0.000E+00	 5.372E+03	 5.455E+03	 5.940E+03	 2.814E+03	-2.964E+03	 1.980E+03	 3.004E+00	 2.943E+00	 3.427E+00	-5.836E-01	 1.699E-01	-5.158E-01	 3.004E+00	-5.836E-01	 0.000E+00	 0.000E+00	 0.000E+00	 1.707E+03	 1.968E+01
   42.7500	-3.988E-04	-5.351E-04	 9.044E+00	 8.773E+02	 1.535E+02	 0.000E+00	 5.249E+03	 5.558E+03	 5.939E+03	 2.066E+03	-2.925E+03	 2.687E+03	 2.900E+00	 3.023E+00	 3.438E+00	-4.772E-01	 1.553E-01	-6.065E-01	 2.900E+00	-4.772E-01	 0.000E+00	 0.000E+00	 0.000E+00	 1.707E+03	 1.968E+01
   43.0000	-3.497E-04	 9.233E-04	 9.044E+00	 8.773E+02	 1.671E+02	 0.000E+00	 5.141E+03	 5.654E+03	 5.919E+03	 1.280E+03	-2.766E+03	 3.314E+03	 2.805E+00	 3.100E+00	 3.433E+00	-3.689E-01	 1.291E-01	-6.868E-01	 2.805E+00	-3.689E-01	 0.000E+00	 0.000E+00	 0.000E+00	 1.707E+03	 1.968E+01
   43.2500	 5.533E-05	 2.216E-03	 9.044E+00	 8.773E+02	 1.806E+02	 0.000E+00	 5.068E+03	 5.731E+03	 5.883E+03	 4.325E+02	-2.444E+03	 3.839E+03	 2.735E+00	 3.169E+00	 3.414E+00	-2.535E-01	 8.368E-02	-7.552E-01	 2.735E+00	-2.535E-01	 0.000E+00	 0.000E+00	 0.000E+00	 1.707E+03	 1.968E+01
   43.5000	 6.758E-04	 2.469E-03	 9.044E+00	 8.773E+02	 1.942E+02	 0.000E+00	 5.041E+03	 5.791E+03	 5.836E+03	-4.358E+02	-1.875E+03	 4.138E+03	 2.697E+00	 3.231E+00	 3.380E+00	-1.366E-01	 3.076E-03	-7.908E-01	 2.697E+00	-1.366E-01	 0.000E+00	 0.000E+00	 0.000E+00	 1.707E+03	 1.968E+01
   43.7500	 1.137E-03	 9.880E-04	 9.043E+00	 8.772E+02	 2.078E+02	 0.000E+00	 5.063E+03	 5.842E+03	 5.773E+03	-1.209E+03	-1.165E+03	 4.202E+03	 2.698E+00	 3.288E+00	 3.331E+00	-3.692E-02	-9.563E-02	-7.923E-01	 2.698E+00	-3.692E-02	 0.000E+00	 0.000E+00	 0.000E+00	 1.707E+03	 1.968E+01
   44.0000	 1.125E-03	-1.015E-03	 9.043E+00	 8.772E+02	 2.213E+02	 0.000E+00	 5.135E+03	 5.886E+03	 5.687E+03	-1.856E+03	-4.308E+02	 4.114E+03	 2.735E+00	 3.337E+00	 3.264E+00	 4.222E-02	-1.933E-01	-7.753E-01	 2.735E+00	 4.222E-02	 0.000E+00	 0.000E+00	 0.000E+00	 1.707E+03	 1.968E+01
   44.2500	 7.470E-04	-1.787E-03	 9.043E+00	 8.772E+02	 2.349E+02	 0.000E+00	 5.243E+03	 5.915E+03	 5.586E+03	-2.403E+03	 3.798E+02	 3.852E+03	 2.799E+00	 3.377E+00	 3.183E+00	 1.081E-01	-3.008E-01	-7.356E-01	 2.799E+00	 1.081E-01	 0.000E+00	 0.000E+00	 0.000E+00	 1.707E+03	 1.968E+01
   44.5000	 2.797E-04	-1.902E-03	 9.043E+00	 8.772E+02	 2.485E+02	 0.000E+00	 5.360E+03	 5.931E+03	 5.475E+03	-2.795E+03	 1.273E+03	 3.351E+03	 2.876E+00	 3.408E+00	 3.090E+00	 1.534E-01	-4.215E-01	-6.614E-01	 2.876E+00	 1.534E-01	 0.000E+00	 0.000E+00	 0.000E+00	 1.707E+03	 1.968E+01
   44.7500	-1.677E-04	-1.572E-03	 9.044E+00	 8.773E+02	 2.620E+02	 0.000E+00	 5.472E+03	 5.941E+03	 5.353E+03	-2.959E+03	 2.099E+03	 2.690E+03	 2.956E+00	 3.430E+00	 2.988E+00	 1.671E-01	-5.312E-01	-5.652E-01	 2.956E+00	 1.671E-01	 0.000E+00	 0.000E+00	 0.000E+00	 1.707E+03	 1.968E+01
   45.0000	-4.433E-04	-4.521E-04	 9.044E+00	 8.773E+02	 2.756E+02	 0.000E+00	 5.575E+03	 5.937E+03	 5.230E+03	-2.926E+03	 2.789E+03	 1.966E+03	 3.036E+00	 3.438E+00	 2.884E+00	 1.551E-01	-6.194E-01	-4.640E-01	 3.036E+00	 1.551E-01	 0.000E+00	 0.000E+00	 0.000E+00	 1.707E+03	 1.968E+01
   45.2500	-3.278E-04	 1.326E-03	 9.044E+00	 8.773E+02	 2.892E+02	 0.000E+00	 5.667E+03	 5.914E+03	 5.127E+03	-2.736E+03	 3.403E+03	 1.162E+03	 3.111E+00	 3.431E+00	 2.793E+00	 1.251E-01	-6.984E-01	-3.531E-01	 3.111E+00	 1.251E-01	 0.000E+00	 0.000E+00	 0.000E+00	 1.707E+03	 1.968E+01
   45.5000	 1.857E-04	 2.472E-03	 9.044E+00	 8.773E+02	 3.027E+02	 0.000E+00	 5.740E+03	 5.877E+03	 5.061E+03	-2.352E+03	 3.902E+03	 2.775E+02	 3.179E+00	 3.410E+00	 2.727E+00	 6.999E-02	-7.632E-01	-2.317E-01	 3.179E+00	 6.999E-02	 0.000E+00	 0.000E+00	 0.000E+00	 1.707E+03	 1.968E+01
   45.7500	 7.738E-04	 2.078E-03	 9.044E+00	 8.773E+02	 3.163E+02	 0.000E+00	 5.800E+03	 5.829E+03	 5.040E+03	-1.769E+03	 4.162E+03	-5.651E+02	 3.240E+00	 3.374E+00	 2.694E+00	-1.189E-02	-7.930E-01	-1.194E-01	 3.240E+00	-1.189E-02	 0.000E+00	 0.000E+00	 0.000E+00	 1.707E+03	 1.968E+01
   46.0000	 1.131E-03	 6.606E-04	 9.043E+00	 8.772E+02	 3.299E+02	 0.000E+00	 5.850E+03	 5.761E+03	 5.071E+03	-1.073E+03	 4.197E+03	-1.297E+03	 3.296E+00	 3.321E+00	 2.701E+00	-1.074E-01	-7.907E-01	-2.700E-02	 3.296E+00	-1.074E-01	 0.000E+00	 0.000E+00	 0.000E+00	 1.707E+03	 1.968E+01
   46.2500	 1.085E-03	-9.526E-04	 9.043E+00	 8.772E+02	 3.434E+02	 0.000E+00	 5.890E+03	 5.672E+03	 5.151E+03	-3.088E+02	 4.087E+03	-1.950E+03	 3.344E+00	 3.252E+00	 2.744E+00	-2.095E-01	-7.710E-01	 5.377E-02	 3.344E+00	-2.095E-01	 0.000E+00	 0.000E+00	 0.000E+00	 1.707E+03	 1.968E+01
   46.5000	 7.053E-04	-1.904E-03	 9.043E+00	 8.772E+02	 3.570E+02	 0.000E+00	 5.917E+03	 5.570E+03	 5.261E+03	 5.318E+02	 3.790E+03	-2.493E+03	 3.382E+00	 3.169E+00	 2.810E+00	-3.220E-01	-7.264E-01	 1.199E-01	 3.382E+00	-3.220E-01	 0.000E+00	 0.000E+00	 0.000E+00	 1.707E+03	 1.968E+01
   46.7500	 2.003E-04	-2.019E-03	 9.044E+00	 8.772E+02	 1.055E+01	 0.000E+00	 5.935E+03	 5.457E+03	 5.377E+03	 1.400E+03	 3.257E+03	-2.827E+03	 3.412E+00	 3.075E+00	 2.887E+00	-4.383E-01	-6.475E-01	 1.563E-01	 3.412E+00	-4.383E-01	 0.000E+00	 0.000E+00	 0.000E+00	 1.707E+03	 1.968E+01
   47.0000	-2.385E-04	-1.390E-03	 9.044E+00	 8.773E+02	 2.411E+01	 0.000E+00	 5.942E+03	 5.333E+03	 5.488E+03	 2.199E+03	 2.581E+03	-2.950E+03	 3.432E+00	 2.971E+00	 2.969E+00	-5.435E-01	-5.498E-01	 1.640E-01	 3.432E+00	-5.435E-01	 0.000E+00	 0.000E+00	 0.000E+00	 1.707E+03	 1.968E+01
   47.2500	-4.546E-04	-1.712E-04	 9.044E+00	 8.773E+02	 3.768E+01	 0.000E+00	 5.934E+03	 5.212E+03	 5.592E+03	 2.899E+03	 1.849E+03	-2.919E+03	 3.438E+00	 2.869E+00	 3.048E+00	-6.339E-01	-4.478E-01	 1.537E-01	 3.438E+00	-6.339E-01	 0.000E+00	 0.000E+00	 0.000E+00	 1.707E+03	 1.968E+01
   47.5000	-2.683E-04	 1.634E-03	 9.044E+00	 8.773E+02	 5.125E+01	 0.000E+00	 5.909E+03	 5.115E+03	 5.679E+03	 3.501E+03	 1.029E+03	-2.702E+03	 3.429E+00	 2.781E+00	 3.122E+00	-7.118E-01	-3.348E-01	 1.204E-01	 3.429E+00	-7.118E-01	 0.000E+00	 0.000E+00	 0.000E+00	 1.707E+03	 1.968E+01
   47.7500	 2.885E-04	 2.550E-03	 9.044E+00	 8.773E+02	 6.481E+01	 0.000E+00	 5.871E+03	 5.055E+03	 5.749E+03	 3.946E+03	 1.414E+02	-2.260E+03	 3.405E+00	 2.719E+00	 3.189E+00	-7.680E-01	-2.132E-01	 5.650E-02	 3.405E+00	-7.680E-01	 0.000E+00	 0.000E+00	 0.000E+00	 1.707E+03	 1.968E+01
   48.0000	 8.597E-04	 1.828E-03	 9.044E+00	 8.773E+02	 7.838E+01	 0.000E+00	 5.820E+03	 5.041E+03	 5.808E+03	 4.173E+03	-6.852E+02	-1.661E+03	 3.367E+00	 2.693E+00	 3.250E+00	-7.931E-01	-1.039E-01	-2.733E-02	 3.367E+00	-7.931E-01	 0.000E+00	 0.000E+00	 0.000E+00	 1.707E+03	 1.968E+01
   48.2500	 1.129E-03	 3.435E-04	 9.043E+00	 8.772E+02	 9.194E+01	 0.000E+00	 5.748E+03	 5.081E+03	 5.858E+03	 4.203E+03	-1.402E+03	-9.739E+02	 3.311E+00	 2.706E+00	 3.304E+00	-7.912E-01	-1.403E-02	-1.200E-01	 3.311E+00	-7.912E-01	 0.000E+00	 0.000E+00	 0.000E+00	 1.707E+03	 1.968E+01
   48.5000	 1.039E-03	-9.748E-04	 9.043E+00	 8.772E+02	 1.055E+02	 0.000E+00	 5.658E+03	 5.168E+03	 5.895E+03	 4.058E+03	-2.043E+03	-1.866E+02	 3.240E+00	 2.753E+00	 3.350E+00	-7.666E-01	 6.525E-02	-2.256E-01	 3.240E+00	-7.666E-01	 0.000E+00	 0.000E+00	 0.000E+00	 1.707E+03	 1.968E+01
   48.7500	 6.583E-04	-1.975E-03	 9.043E+00	 8.772E+02	 1.191E+02	 0.000E+00	 5.554E+03	 5.279E+03	 5.920E+03	 3.708E+03	-2.560E+03	 6.810E+02	 3.156E+00	 2.822E+00	 3.387E+00	-7.139E-01	 1.278E-01	-3.426E-01	 3.156E+00	-7.139E-01	 0.000E+00	 0.000E+00	 0.000E+00	 1.707E+03	 1.968E+01
   49.0000	 1.232E-04	-2.139E-03	 9.044E+00	 8.772E+02	 1.326E+02	 0.000E+00	 5.438E+03	 5.394E+03	 5.937E+03	 3.160E+03	-2.858E+03	 1.528E+03	 3.059E+00	 2.900E+00	 3.416E+00	-6.332E-01	 1.591E-01	-4.554E-01	 3.059E+00	-6.332E-01	 0.000E+00	 0.000E+00	 0.000E+00	 1.707E+03	 1.968E+01
   49.2500	-3.169E-04	-1.218E-03	 9.044E+00	 8.773E+02	 1.462E+02	 0.000E+00	 5.313E+03	 5.505E+03	 5.942E+03	 2.485E+03	-2.955E+03	 2.299E+03	 2.955E+00	 2.981E+00	 3.434E+00	-5.367E-01	 1.634E-01	-5.559E-01	 2.955E+00	-5.367E-01	 0.000E+00	 0.000E+00	 0.000E+00	 1.707E+03	 1.968E+01
   49.5000	-4.499E-04	 2.628E-04	 9.044E+00	 8.773E+02	 1.598E+02	 0.000E+00	 5.196E+03	 5.607E+03	 5.930E+03	 1.725E+03	-2.899E+03	 3.003E+03	 2.855E+00	 3.060E+00	 3.437E+00	-4.305E-01	 1.504E-01	-6.476E-01	 2.855E+00	-4.305E-01	 0.000E+00	 0.000E+00	 0.000E+00	 1.707E+03	 1.968E+01
   49.7500	-1.798E-04	 1.848E-03	 9.044E+00	 8.773E+02	 1.733E+02	 0.000E+00	 5.103E+03	 5.690E+03	 5.904E+03	 8.823E+02	-2.648E+03	 3.594E+03	 2.770E+00	 3.133E+00	 3.426E+00	-3.141E-01	 1.125E-01	-7.243E-01	 2.770E+00	-3.141E-01	 0.000E+00	 0.000E+00	 0.000E+00	 1.707E+03	 1.968E+01
   50.0000	 3.790E-04	 2.426E-03	 9.044E+00	 8.773E+02	 1.869E+02	 0.000E+00	 5.049E+03	 5.759E+03	 5.865E+03	 1.445E+01	-2.175E+03	 3.988E+03	 2.713E+00	 3.198E+00	 3.401E+00	-1.963E-01	 4.442E-02	-7.727E-01	 2.713E+00	-1.963E-01	 0.000E+00	 0.000E+00	 0.000E+00	 1.707E+03	 1.968E+01
   50.2500	 9.166E-04	 1.643E-03	 9.044E+00	 8.773E+02	 2.005E+02	 0.000E+00	 5.043E+03	 5.817E+03	 5.810E+03	-7.934E+02	-1.560E+03	 4.181E+03	 2.692E+00	 3.259E+00	 3.359E+00	-9.054E-02	-4.115E-02	-7.927E-01	 2.692E+00	-9.054E-02	 0.000E+00	 0.000E+00	 0.000E+00	 1.707E+03	 1.968E+01
   50.5000	 1.141E-03	 1.417E-04	 9.043E+00	 8.772E+02	 2.140E+02	 0.000E+00	 5.092E+03	 5.865E+03	 5.735E+03	-1.515E+03	-8.599E+02	 4.202E+03	 2.711E+00	 3.312E+00	 3.301E+00	 4.155E-04	-1.353E-01	-7.906E-01	 2.711E+00	 4.155E-04	 0.000E+00	 0.000E+00	 0.000E+00	 1.707E+03	 1.968E+01
   50.7500	 9.981E-04	-1.186E-03	 9.043E+00	 8.772E+02	 2.276E+02	 0.000E+00	 5.184E+03	 5.899E+03	 5.643E+03	-2.140E+03	-5.618E+01	 4.024E+03	 2.762E+00	 3.356E+00	 3.228E+00	 7.747E-02	-2.432E-01	-7.616E-01	 2.762E+00	 7.747E-02	 0.000E+00	 0.000E+00	 0.000E+00	 1.707E+03	 1.968E+01
   51.0000	 5.872E-04	-2.044E-03	 9.043E+00	 8.772E+02	 2.412E+02	 0.000E+00	 5.296E+03	 5.923E+03	 5.537E+03	-2.611E+03	 8.159E+02	 3.624E+03	 2.833E+00	 3.392E+00	 3.141E+00	 1.330E-01	-3.608E-01	-7.011E-01	 2.833E+00	 1.330E-01	 0.000E+00	 0.000E+00	 0.000E+00	 1.707E+03	 1.968E+01
   51.2500	 4.488E-05	-2.124E-03	 9.044E+00	 8.772E+02	 2.547E+02	 0.000E+00	 5.412E+03	 5.939E+03	 5.418E+03	-2.882E+03	 1.652E+03	 3.059E+03	 2.912E+00	 3.420E+00	 3.043E+00	 1.606E-01	-4.717E-01	-6.186E-01	 2.912E+00	 1.606E-01	 0.000E+00	 0.000E+00	 0.000E+00	 1.707E+03	 1.968E+01
   51.5000	-3.762E-04	-1.068E-03	 9.044E+00	 8.773E+02	 2.683E+02	 0.000E+00	 5.522E+03	 5.941E+03	 5.294E+03	-2.967E+03	 2.412E+03	 2.384E+03	 2.994E+00	 3.435E+00	 2.939E+00	 1.644E-01	-5.705E-01	-5.229E-01	 2.994E+00	 1.644E-01	 0.000E+00	 0.000E+00	 0.000E+00	 1.707E+03	 1.968E+01
   51.7500	-4.345E-04	 6.651E-04	 9.044E+00	 8.773E+02	 2.819E+02	 0.000E+00	 5.620E+03	 5.927E+03	 5.181E+03	-2.875E+03	 3.104E+03	 1.599E+03	 3.072E+00	 3.436E+00	 2.840E+00	 1.465E-01	-6.608E-01	-4.131E-01	 3.072E+00	 1.465E-01	 0.000E+00	 0.000E+00	 0.000E+00	 1.707E+03	 1.968E+01
   52.0000	-8.469E-05	 2.005E-03	 9.044E+00	 8.773E+02	 2.954E+02	 0.000E+00	 5.701E+03	 5.899E+03	 5.092E+03	-2.578E+03	 3.669E+03	 7.371E+02	 3.143E+00	 3.423E+00	 2.759E+00	 1.021E-01	-7.339E-01	-2.938E-01	 3.143E+00	 1.021E-01	 0.000E+00	 0.000E+00	 0.000E+00	 1.707E+03	 1.968E+01
   52.2500	 4.679E-04	 2.247E-03	 9.044E+00	 8.773E+02	 3.090E+02	 0.000E+00	 5.769E+03	 5.858E+03	 5.044E+03	-2.089E+03	 4.030E+03	-1.125E+02	 3.208E+00	 3.396E+00	 2.707E+00	 3.241E-02	-7.774E-01	-1.795E-01	 3.208E+00	 3.241E-02	 0.000E+00	 0.000E+00	 0.000E+00	 1.707E+03	 1.968E+01
   52.5000	 9.562E-04	 1.451E-03	 9.044E+00	 8.772E+02	 3.226E+02	 0.000E+00	 5.826E+03	 5.799E+03	 5.047E+03	-1.466E+03	 4.195E+03	-9.010E+02	 3.267E+00	 3.351E+00	 2.693E+00	-5.349E-02	-7.938E-01	-7.726E-02	 3.267E+00	-5.349E-02	 0.000E+00	 0.000E+00	 0.000E+00	 1.707E+03	 1.968E+01
   52.7500	 1.149E-03	 1.658E-05	 9.043E+00	 8.772E+02	 3.361E+02	 0.000E+00	 5.870E+03	 5.721E+03	 5.105E+03	-7.382E+02	 4.190E+03	-1.624E+03	 3.319E+00	 3.291E+00	 2.718E+00	-1.517E-01	-7.882E-01	 1.422E-02	 3.319E+00	-1.517E-01	 0.000E+00	 0.000E+00	 0.000E+00	 1.707E+03	 1.968E+01
   53.0000	 9.623E-04	-1.436E-03	 9.043E+00	 8.772E+02	 3.497E+02	 0.000E+00	 5.903E+03	 5.628E+03	 5.200E+03	 8.346E+01	 3.977E+03	-2.232E+03	 3.362E+00	 3.216E+00	 2.772E+00	-2.623E-01	-7.543E-01	 8.903E-02	 3.362E+00	-2.623E-01	 0.000E+00	 0.000E+00	 0.000E+00	 1.707E+03	 1.968E+01
   53.2500	 5.006E-04	-2.149E-03	 9.044E+00	 8.772E+02	 3.259E+00	 0.000E+00	 5.927E+03	 5.520E+03	 5.313E+03	 9.430E+02	 3.545E+03	-2.659E+03	 3.397E+00	 3.127E+00	 2.845E+00	-3.775E-01	-6.894E-01	 1.378E-01	 3.397E+00	-3.775E-01	 0.000E+00	 0.000E+00	 0.000E+00	 1.707E+03	 1.968E+01
   53.5000	-4.271E-05	-2.017E-03	 9.044E+00	 8.773E+02	 1.682E+01	 0.000E+00	 5.941E+03	 5.399E+03	 5.430E+03	 1.769E+03	 2.962E+03	-2.901E+03	 3.423E+00	 3.027E+00	 2.925E+00	-4.867E-01	-6.046E-01	 1.617E-01	 3.423E+00	-4.867E-01	 0.000E+00	 0.000E+00	 0.000E+00	 1.707E+03	 1.968E+01
   53.7500	-4.110E-04	-8.361E-04	 9.044E+00	 8.773E+02	 3.039E+01	 0.000E+00	 5.939E+03	 5.275E+03	 5.539E+03	 2.531E+03	 2.271E+03	-2.973E+03	 3.436E+00	 2.923E+00	 3.006E+00	-5.863E-01	-5.070E-01	 1.645E-01	 3.436E+00	-5.863E-01	 0.000E+00	 0.000E+00	 0.000E+00	 1.707E+03	 1.968E+01
   54.0000	-4.016E-04	 9.412E-04	 9.044E+00	 8.773E+02	 4.396E+01	 0.000E+00	 5.924E+03	 5.165E+03	 5.633E+03	 3.205E+03	 1.469E+03	-2.845E+03	 3.435E+00	 2.826E+00	 3.083E+00	-6.742E-01	-3.950E-01	 1.420E-01	 3.435E+00	-6.742E-01	 0.000E+00	 0.000E+00	 0.000E+00	 1.707E+03	 1.968E+01
   54.2500	-1.199E-06	 2.090E-03	 9.044E+00	 8.773E+02	 5.752E+01	 0.000E+00	 5.894E+03	 5.082E+03	 5.712E+03	 3.731E+03	 6.025E+02	-2.506E+03	 3.420E+00	 2.749E+00	 3.153E+00	-7.413E-01	-2.754E-01	 9.128E-02	 3.420E+00	-7.413E-01	 0.000E+00	 0.000E+00	 0.000E+00	 1.707E+03	 1.968E+01
   54.5000	 5.525E-04	 2.144E-03	 9.044E+00	 8.773E+02	 7.109E+01	 0.000E+00	 5.850E+03	 5.040E+03	 5.779E+03	 4.066E+03	-2.379E+02	-2.000E+03	 3.390E+00	 2.702E+00	 3.218E+00	-7.813E-01	-1.630E-01	 1.991E-02	 3.390E+00	-7.813E-01	 0.000E+00	 0.000E+00	 0.000E+00	 1.707E+03	 1.968E+01
   54.7500	 9.980E-04	 1.270E-03	 9.044E+00	 8.772E+02	 8.466E+01	 0.000E+00	 5.788E+03	 5.053E+03	 5.834E+03	 4.213E+03	-1.017E+03	-1.369E+03	 3.343E+00	 2.694E+00	 3.276E+00	-7.957E-01	-6.253E-02	-6.638E-02	 3.343E+00	-7.957E-01	 0.000E+00	 0.000E+00	 0.000E+00	 1.707E+03	 1.968E+01
   55.0000	 1.147E-03	-1.622E-04	 9.043E+00	 8.772E+02	 9.822E+01	 0.000E+00	 5.708E+03	 5.118E+03	 5.875E+03	 4.170E+03	-1.727E+03	-6.151E+02	 3.280E+00	 2.724E+00	 3.326E+00	-7.849E-01	 2.722E-02	-1.683E-01	 3.280E+00	-7.849E-01	 0.000E+00	 0.000E+00	 0.000E+00	 1.707E+03	 1.968E+01
   55.2500	 9.173E-04	-1.614E-03	 9.043E+00	 8.772E+02	 1.118E+02	 0.000E+00	 5.612E+03	 5.217E+03	 5.907E+03	 3.917E+03	-2.311E+03	 2.229E+02	 3.203E+00	 2.782E+00	 3.368E+00	-7.449E-01	 9.844E-02	-2.814E-01	 3.203E+00	-7.449E-01	 0.000E+00	 0.000E+00	 0.000E+00	 1.707E+03	 1.968E+01
   55.5000	 4.119E-04	-2.263E-03	 9.044E+00	 8.772E+02	 1.254E+02	 0.000E+00	 5.501E+03	 5.331E+03	 5.931E+03	 3.466E+03	-2.707E+03	 1.070E+03	 3.112E+00	 2.857E+00	 3.402E+00	-6.777E-01	 1.429E-01	-3.944E-01	 3.112E+00	-6.777E-01	 0.000E+00	 0.000E+00	 0.000E+00	 1.707E+03	 1.968E+01
   55.7500	-1.315E-04	-1.851E-03	 9.044E+00	 8.773E+02	 1.389E+02	 0.000E+00	 5.379E+03	 5.448E+03	 5.941E+03	 2.868E+03	-2.923E+03	 1.885E+03	 3.011E+00	 2.938E+00	 3.426E+00	-5.914E-01	 1.635E-01	-5.016E-01	 3.011E+00	-5.914E-01	 0.000E+00	 0.000E+00	 0.000E+00	 1.707E+03	 1.968E+01
   56.0000	-4.308E-04	-5.068E-04	 9.044E+00	 8.773E+02	 1.525E+02	 0.000E+00	 5.257E+03	 5.554E+03	 5.937E+03	 2.150E+03	-2.968E+03	 2.647E+03	 2.908E+00	 3.019E+00	 3.437E+00	-4.900E-01	 1.630E-01	-6.016E-01	 2.908E+00	-4.900E-01	 0.000E+00	 0.000E+00	 0.000E+00	 1.707E+03	 1.968E+01
   56.2500	-3.515E-04	 1.114E-03	 9.045E+00	 8.773E+02	 1.661E+02	 0.000E+00	 5.151E+03	 5.646E+03	 5.920E+03	 1.333E+03	-2.806E+03	 3.302E+03	 2.813E+00	 3.094E+00	 3.434E+00	-3.759E-01	 1.359E-01	-6.869E-01	 2.813E+00	-3.759E-01	 0.000E+00	 0.000E+00	 0.000E+00	 1.707E+03	 1.968E+01
   56.5000	 7.419E-05	 2.116E-03	 9.044E+00	 8.773E+02	 1.796E+02	 0.000E+00	 5.072E+03	 5.723E+03	 5.889E+03	 4.744E+02	-2.436E+03	 3.790E+03	 2.739E+00	 3.164E+00	 3.417E+00	-2.582E-01	 8.126E-02	-7.483E-01	 2.739E+00	-2.582E-01	 0.000E+00	 0.000E+00	 0.000E+00	 1.707E+03	 1.968E+01
   56.7500	 6.294E-04	 2.110E-03	 9.044E+00	 8.773E+02	 1.932E+02	 0.000E+00	 5.039E+03	 5.789E+03	 5.841E+03	-3.592E+02	-1.911E+03	 4.098E+03	 2.698E+00	 3.228E+00	 3.383E+00	-1.473E-01	 7.568E-03	-7.846E-01	 2.698E+00	-1.473E-01	 0.000E+00	 0.000E+00	 0.000E+00	 1.707E+03	 1.968E+01
   57.0000	 1.046E-03	 1.101E-03	 9.044E+00	 8.772E+02	 2.067E+02	 0.000E+00	 5.060E+03	 5.841E+03	 5.776E+03	-1.137E+03	-1.261E+03	 4.226E+03	 2.697E+00	 3.284E+00	 3.334E+00	-4.692E-02	-8.097E-02	-7.969E-01	 2.697E+00	-4.692E-02	 0.000E+00	 0.000E+00	 0.000E+00	 1.707E+03	 1.968E+01
   57.2500	 1.137E-03	-4.517E-04	 9.043E+00	 8.772E+02	 2.203E+02	 0.000E+00	 5.131E+03	 5.881E+03	 5.694E+03	-1.829E+03	-4.892E+02	 4.146E+03	 2.732E+00	 3.333E+00	 3.270E+00	 3.994E-02	-1.854E-01	-7.809E-01	 2.732E+00	 3.994E-02	 0.000E+00	 0.000E+00	 0.000E+00	 1.707E+03	 1.968E+01
   57.5000	 8.550E-04	-1.727E-03	 9.043E+00	 8.772E+02	 2.339E+02	 0.000E+00	 5.233E+03	 5.912E+03	 5.596E+03	-2.379E+03	 3.553E+02	 3.853E+03	 2.793E+00	 3.374E+00	 3.190E+00	 1.061E-01	-2.992E-01	-7.350E-01	 2.793E+00	 1.061E-01	 0.000E+00	 0.000E+00	 0.000E+00	 1.707E+03	 1.968E+01
   57.7500	 3.222E-04	-2.350E-03	 9.044E+00	 8.772E+02	 2.474E+02	 0.000E+00	 5.349E+03	 5.933E+03	 5.483E+03	-2.752E+03	 1.198E+03	 3.383E+03	 2.869E+00	 3.407E+00	 3.097E+00	 1.475E-01	-4.112E-01	-6.656E-01	 2.869E+00	 1.475E-01	 0.000E+00	 0.000E+00	 0.000E+00	 1.707E+03	 1.968E+01
   58.0000	-2.067E-04	-1.645E-03	 9.044E+00	 8.773E+02	 2.610E+02	 0.000E+00	 5.465E+03	 5.942E+03	 5.360E+03	-2.947E+03	 2.006E+03	 2.770E+03	 2.950E+00	 3.428E+00	 2.995E+00	 1.658E-01	-5.175E-01	-5.777E-01	 2.950E+00	 1.658E-01	 0.000E+00	 0.000E+00	 0.000E+00	 1.707E+03	 1.968E+01
   58.2500	-4.418E-04	-1.943E-04	 9.044E+00	 8.773E+02	 2.746E+02	 0.000E+00	 5.569E+03	 5.936E+03	 5.240E+03	-2.955E+03	 2.757E+03	 2.027E+03	 3.031E+00	 3.437E+00	 2.892E+00	 1.604E-01	-6.161E-01	-4.727E-01	 3.031E+00	 1.604E-01	 0.000E+00	 0.000E+00	 0.000E+00	 1.707E+03	 1.968E+01
   58.5000	-2.960E-04	 1.267E-03	 9.045E+00	 8.773E+02	 2.881E+02	 0.000E+00	 5.659E+03	 5.916E+03	 5.136E+03	-2.757E+03	 3.390E+03	 1.196E+03	 3.105E+00	 3.432E+00	 2.800E+00	 1.283E-01	-6.981E-01	-3.568E-01	 3.105E+00	 1.283E-01	 0.000E+00	 0.000E+00	 0.000E+00	 1.707E+03	 1.968E+01
   58.7500	 1.519E-04	 2.151E-03	 9.044E+00	 8.773E+02	 3.017E+02	 0.000E+00	 5.735E+03	 5.883E+03	 5.063E+03	-2.367E+03	 3.848E+03	 3.465E+02	 3.174E+00	 3.413E+00	 2.730E+00	 7.140E-02	-7.553E-01	-2.411E-01	 3.174E+00	 7.140E-02	 0.000E+00	 0.000E+00	 0.000E+00	 1.707E+03	 1.968E+01
   59.0000	 7.010E-04	 2.067E-03	 9.044E+00	 8.773E+02	 3.153E+02	 0.000E+00	 5.798E+03	 5.832E+03	 5.039E+03	-1.822E+03	 4.130E+03	-4.796E+02	 3.237E+00	 3.377E+00	 2.695E+00	-4.446E-03	-7.881E-01	-1.318E-01	 3.237E+00	-4.446E-03	 0.000E+00	 0.000E+00	 0.000E+00	 1.707E+03	 1.968E+01
   59.2500	 1.091E-03	 9.203E-04	 9.044E+00	 8.772E+02	 3.288E+02	 0.000E+00	 5.847E+03	 5.765E+03	 5.069E+03	-1.145E+03	 4.228E+03	-1.255E+03	 3.292E+00	 3.325E+00	 2.700E+00	-9.671E-02	-7.965E-01	-3.173E-02	 3.292E+00	-9.671E-02	 0.000E+00	 0.000E+00	 0.000E+00	 1.707E+03	 1.968E+01
   59.5000	 1.121E-03	-6.815E-04	 9.043E+00	 8.772E+02	 3.424E+02	 0.000E+00	 5.886E+03	 5.680E+03	 5.145E+03	-3.592E+02	 4.114E+03	-1.927E+03	 3.340E+00	 3.258E+00	 2.740E+00	-2.031E-01	-7.756E-01	 5.212E-02	 3.340E+00	-2.031E-01	 0.000E+00	 0.000E+00	 0.000E+00	 1.707E+03	 1.968E+01
   59.7500	 7.806E-04	-1.914E-03	 9.043E+00	 8.772E+02	 3.560E+02	 0.000E+00	 5.916E+03	 5.580E+03	 5.250E+03	 4.829E+02	 3.790E+03	-2.444E+03	 3.380E+00	 3.176E+00	 2.804E+00	-3.161E-01	-7.255E-01	 1.133E-01	 3.380E+00	-3.161E-01	 0.000E+00	 0.000E+00	 0.000E+00	 1.707E+03	 1.968E+01
   60.0000	 2.280E-04	-2.319E-03	 9.044E+00	 8.772E+02	 9.538E+00	 0.000E+00	 5.935E+03	 5.464E+03	 5.368E+03	 1.324E+03	 3.298E+03	-2.793E+03	 3.411E+00	 3.081E+00	 2.882E+00	-4.278E-01	-6.533E-01	 1.516E-01	 3.411E+00	-4.278E-01	 0.000E+00	 0.000E+00	 0.000E+00	 1.707E+03	 1.968E+01
   60.2500	-2.634E-04	-1.424E-03	 9.044E+00	 8.773E+02	 2.310E+01	 0.000E+00	 5.941E+03	 5.341E+03	 5.482E+03	 2.131E+03	 2.664E+03	-2.966E+03	 3.431E+00	 2.979E+00	 2.963E+00	-5.341E-01	-5.627E-01	 1.674E-01	 3.431E+00	-5.341E-01	 0.000E+00	 0.000E+00	 0.000E+00	 1.707E+03	 1.968E+01
   60.5000	-4.429E-04	 4.612E-05	 9.044E+00	 8.773E+02	 3.667E+01	 0.000E+00	 5.934E+03	 5.223E+03	 5.584E+03	 2.865E+03	 1.903E+03	-2.938E+03	 3.437E+00	 2.877E+00	 3.042E+00	-6.302E-01	-4.551E-01	 1.572E-01	 3.437E+00	-6.302E-01	 0.000E+00	 0.000E+00	 0.000E+00	 1.707E+03	 1.968E+01
   60.7500	-2.422E-04	 1.450E-03	 9.045E+00	 8.773E+02	 5.024E+01	 0.000E+00	 5.912E+03	 5.122E+03	 5.671E+03	 3.468E+03	 1.064E+03	-2.704E+03	 3.430E+00	 2.787E+00	 3.116E+00	-7.079E-01	-3.386E-01	 1.202E-01	 3.430E+00	-7.079E-01	 0.000E+00	 0.000E+00	 0.000E+00	 1.707E+03	 1.968E+01
   61.0000	 2.344E-04	 2.207E-03	 9.044E+00	 8.773E+02	 6.380E+01	 0.000E+00	 5.876E+03	 5.056E+03	 5.745E+03	 3.904E+03	 2.175E+02	-2.294E+03	 3.408E+00	 2.722E+00	 3.184E+00	-7.620E-01	-2.238E-01	 6.106E-02	 3.408E+00	-7.620E-01	 0.000E+00	 0.000E+00	 0.000E+00	 1.707E+03	 1.968E+01
   61.2500	 7.745E-04	 1.974E-03	 9.044E+00	 8.773E+02	 7.737E+01	 0.000E+00	 5.823E+03	 5.040E+03	 5.806E+03	 4.161E+03	-6.033E+02	-1.730E+03	 3.370E+00	 2.693E+00	 3.246E+00	-7.917E-01	-1.157E-01	-1.694E-02	 3.370E+00	-7.917E-01	 0.000E+00	 0.000E+00	 0.000E+00	 1.707E+03	 1.968E+01
   61.5000	 1.125E-03	 7.239E-04	 9.044E+00	 8.772E+02	 9.094E+01	 0.000E+00	 5.753E+03	 5.078E+03	 5.854E+03	 4.224E+03	-1.368E+03	-1.028E+03	 3.316E+00	 2.704E+00	 3.300E+00	-7.950E-01	-1.740E-02	-1.127E-01	 3.316E+00	-7.950E-01	 0.000E+00	 0.000E+00	 0.000E+00	 1.707E+03	 1.968E+01
   61.7500	 1.097E-03	-9.102E-04	 9.043E+00	 8.772E+02	 1.045E+02	 0.000E+00	 5.666E+03	 5.160E+03	 5.891E+03	 4.074E+03	-2.018E+03	-2.282E+02	 3.247E+00	 2.748E+00	 3.346E+00	-7.691E-01	 6.313E-02	-2.209E-01	 3.247E+00	-7.691E-01	 0.000E+00	 0.000E+00	 0.000E+00	 1.707E+03	 1.968E+01
   62.0000	 6.985E-04	-2.106E-03	 9.043E+00	 8.772E+02	 1.181E+02	 0.000E+00	 5.563E+03	 5.268E+03	 5.920E+03	 3.726E+03	-2.508E+03	 6.108E+02	 3.162E+00	 2.815E+00	 3.385E+00	-7.161E-01	 1.205E-01	-3.330E-01	 3.162E+00	-7.161E-01	 0.000E+00	 0.000E+00	 0.000E+00	 1.707E+03	 1.968E+01
   62.2500	 1.344E-04	-2.220E-03	 9.044E+00	 8.772E+02	 1.316E+02	 0.000E+00	 5.445E+03	 5.386E+03	 5.937E+03	 3.211E+03	-2.832E+03	 1.449E+03	 3.066E+00	 2.894E+00	 3.415E+00	-6.409E-01	 1.556E-01	-4.442E-01	 3.066E+00	-6.409E-01	 0.000E+00	 0.000E+00	 0.000E+00	 1.707E+03	 1.968E+01
   62.5000	-3.085E-04	-1.175E-03	 9.044E+00	 8.773E+02	 1.452E+02	 0.000E+00	 5.323E+03	 5.499E+03	 5.941E+03	 2.552E+03	-2.976E+03	 2.254E+03	 2.963E+00	 2.976E+00	 3.432E+00	-5.466E-01	 1.678E-01	-5.504E-01	 2.963E+00	-5.466E-01	 0.000E+00	 0.000E+00	 0.000E+00	 1.707E+03	 1.968E+01
   62.7500	-4.331E-04	 2.479E-04	 9.044E+00	 8.773E+02	 1.588E+02	 0.000E+00	 5.206E+03	 5.598E+03	 5.932E+03	 1.775E+03	-2.915E+03	 2.969E+03	 2.862E+00	 3.054E+00	 3.437E+00	-4.372E-01	 1.531E-01	-6.438E-01	 2.862E+00	-4.372E-01	 0.000E+00	 0.000E+00	 0.000E+00	 1.707E+03	 1.968E+01
   63.0000	-1.870E-04	 1.646E-03	 9.045E+00	 8.773E+02	 1.723E+02	 0.000E+00	 5.109E+03	 5.684E+03	 5.908E+03	 9.360E+02	-2.651E+03	 3.543E+03	 2.775E+00	 3.127E+00	 3.428E+00	-3.211E-01	 1.123E-01	-7.173E-01	 2.775E+00	-3.211E-01	 0.000E+00	 0.000E+00	 0.000E+00	 1.707E+03	 1.968E+01
   63.2500	 3.184E-04	 2.254E-03	 9.044E+00	 8.773E+02	 1.859E+02	 0.000E+00	 5.050E+03	 5.756E+03	 5.869E+03	 8.920E+01	-2.217E+03	 3.955E+03	 2.715E+00	 3.194E+00	 3.403E+00	-2.068E-01	 5.030E-02	-7.682E-01	 2.715E+00	-2.068E-01	 0.000E+00	 0.000E+00	 0.000E+00	 1.707E+03	 1.968E+01
   63.5000	 8.502E-04	 1.833E-03	 9.044E+00	 8.773E+02	 1.995E+02	 0.000E+00	 5.042E+03	 5.814E+03	 5.813E+03	-7.292E+02	-1.631E+03	 4.187E+03	 2.693E+00	 3.255E+00	 3.363E+00	-9.918E-02	-3.056E-02	-7.947E-01	 2.693E+00	-9.918E-02	 0.000E+00	 0.000E+00	 0.000E+00	 1.707E+03	 1.968E+01
   63.7500	 1.150E-03	 4.809E-04	 9.044E+00	 8.772E+02	 2.130E+02	 0.000E+00	 5.088E+03	 5.860E+03	 5.741E+03	-1.477E+03	-9.089E+02	 4.214E+03	 2.709E+00	 3.307E+00	 3.306E+00	-3.643E-03	-1.289E-01	-7.928E-01	 2.709E+00	-3.643E-03	 0.000E+00	 0.000E+00	 0.000E+00	 1.707E+03	 1.968E+01
   64.0000	 1.057E-03	-1.169E-03	 9.043E+00	 8.772E+02	 2.266E+02	 0.000E+00	 5.175E+03	 5.896E+03	 5.651E+03	-2.101E+03	-9.967E+01	 4.029E+03	 2.757E+00	 3.353E+00	 3.235E+00	 7.303E-02	-2.382E-01	-7.620E-01	 2.757E+00	 7.303E-02	 0.000E+00	 0.000E+00	 0.000E+00	 1.707E+03	 1.968E+01
   64.2500	 6.130E-04	-2.232E-03	 9.044E+00	 8.772E+02	 2.402E+02	 0.000E+00	 5.286E+03	 5.923E+03	 5.545E+03	-2.570E+03	 7.404E+02	 3.658E+03	 2.827E+00	 3.390E+00	 3.148E+00	 1.275E-01	-3.502E-01	-7.061E-01	 2.827E+00	 1.275E-01	 0.000E+00	 0.000E+00	 0.000E+00	 1.707E+03	 1.968E+01
   64.5000	 4.848E-05	-2.085E-03	 9.044E+00	 8.773E+02	 2.537E+02	 0.000E+00	 5.404E+03	 5.938E+03	 5.426E+03	-2.869E+03	 1.577E+03	 3.121E+03	 2.907E+00	 3.418E+00	 3.050E+00	 1.595E-01	-4.610E-01	-6.280E-01	 2.907E+00	 1.595E-01	 0.000E+00	 0.000E+00	 0.000E+00	 1.707E+03	 1.968E+01
   64.7500	-3.465E-04	-9.624E-04	 9.044E+00	 8.773E+02	 2.673E+02	 0.000E+00	 5.515E+03	 5.940E+03	 5.304E+03	-2.979E+03	 2.372E+03	 2.436E+03	 2.988E+00	 3.434E+00	 2.947E+00	 1.670E-01	-5.660E-01	-5.302E-01	 2.988E+00	 1.670E-01	 0.000E+00	 0.000E+00	 0.000E+00	 1.707E+03	 1.968E+01
   65.0000	-4.155E-04	 4.732E-04	 9.044E+00	 8.773E+02	 2.809E+02	 0.000E+00	 5.613E+03	 5.929E+03	 5.189E+03	-2.885E+03	 3.068E+03	 1.646E+03	 3.066E+00	 3.437E+00	 2.847E+00	 1.481E-01	-6.566E-01	-4.191E-01	 3.066E+00	 1.481E-01	 0.000E+00	 0.000E+00	 0.000E+00	 1.707E+03	 1.968E+01
   65.2500	-1.247E-04	 1.800E-03	 9.045E+00	 8.773E+02	 2.944E+02	 0.000E+00	 5.696E+03	 5.903E+03	 5.097E+03	-2.596E+03	 3.617E+03	 8.073E+02	 3.138E+00	 3.425E+00	 2.764E+00	 1.043E-01	-7.265E-01	-3.036E-01	 3.138E+00	 1.043E-01	 0.000E+00	 0.000E+00	 0.000E+00	 1.707E+03	 1.968E+01
   65.5000	 4.022E-04	 2.272E-03	 9.044E+00	 8.773E+02	 3.080E+02	 0.000E+00	 5.766E+03	 5.861E+03	 5.045E+03	-2.137E+03	 4.004E+03	-3.875E+01	 3.204E+00	 3.398E+00	 2.709E+00	 3.928E-02	-7.740E-01	-1.898E-01	 3.204E+00	 3.928E-02	 0.000E+00	 0.000E+00	 0.000E+00	 1.707E+03	 1.968E+01
   65.7500	 9.219E-04	 1.660E-03	 9.044E+00	 8.773E+02	 3.216E+02	 0.000E+00	 5.822E+03	 5.803E+03	 5.046E+03	-1.525E+03	 4.206E+03	-8.533E+02	 3.263E+00	 3.355E+00	 2.693E+00	-4.508E-02	-7.964E-01	-8.300E-02	 3.263E+00	-4.508E-02	 0.000E+00	 0.000E+00	 0.000E+00	 1.707E+03	 1.968E+01
   66.0000	 1.166E-03	 2.015E-04	 9.044E+00	 8.772E+02	 3.351E+02	 0.000E+00	 5.866E+03	 5.729E+03	 5.099E+03	-7.875E+02	 4.198E+03	-1.583E+03	 3.315E+00	 3.296E+00	 2.715E+00	-1.454E-01	-7.898E-01	 9.625E-03	 3.315E+00	-1.454E-01	 0.000E+00	 0.000E+00	 0.000E+00	 1.707E+03	 1.968E+01
   66.2500	 1.004E-03	-1.425E-03	 9.043E+00	 8.772E+02	 3.487E+02	 0.000E+00	 5.901E+03	 5.636E+03	 5.191E+03	 2.683E+01	 3.983E+03	-2.182E+03	 3.359E+00	 3.222E+00	 2.767E+00	-2.550E-01	-7.548E-01	 8.243E-02	 3.359E+00	-2.550E-01	 0.000E+00	 0.000E+00	 0.000E+00	 1.707E+03	 1.968E+01
   66.5000	 5.249E-04	-2.260E-03	 9.044E+00	 8.772E+02	 2.253E+00	 0.000E+00	 5.927E+03	 5.527E+03	 5.305E+03	 8.703E+02	 3.586E+03	-2.628E+03	 3.395E+00	 3.134E+00	 2.839E+00	-3.675E-01	-6.955E-01	 1.340E-01	 3.395E+00	-3.675E-01	 0.000E+00	 0.000E+00	 0.000E+00	 1.707E+03	 1.968E+01
   66.7500	-2.783E-05	-1.968E-03	 9.044E+00	 8.773E+02	 1.582E+01	 0.000E+00	 5.939E+03	 5.407E+03	 5.422E+03	 1.706E+03	 3.025E+03	-2.901E+03	 3.421E+00	 3.035E+00	 2.919E+00	-4.782E-01	-6.141E-01	 1.627E-01	 3.421E+00	-4.782E-01	 0.000E+00	 0.000E+00	 0.000E+00	 1.707E+03	 1.968E+01
   67.0000	-3.793E-04	-7.900E-04	 9.044E+00	 8.773E+02	 2.939E+01	 0.000E+00	 5.939E+03	 5.285E+03	 5.530E+03	 2.487E+03	 2.319E+03	-2.977E+03	 3.435E+00	 2.931E+00	 3.000E+00	-5.810E-01	-5.136E-01	 1.657E-01	 3.435E+00	-5.810E-01	 0.000E+00	 0.000E+00	 0.000E+00	 1.707E+03	 1.968E+01
   67.2500	-3.925E-04	 7.213E-04	 9.045E+00	 8.773E+02	 4.295E+01	 0.000E+00	 5.926E+03	 5.173E+03	 5.626E+03	 3.161E+03	 1.518E+03	-2.850E+03	 3.436E+00	 2.833E+00	 3.077E+00	-6.685E-01	-4.013E-01	 1.425E-01	 3.436E+00	-6.685E-01	 0.000E+00	 0.000E+00	 0.000E+00	 1.707E+03	 1.968E+01
   67.5000	-5.403E-05	 1.904E-03	 9.044E+00	 8.773E+02	 5.652E+01	 0.000E+00	 5.897E+03	 5.085E+03	 5.707E+03	 3.689E+03	 6.769E+02	-2.538E+03	 3.422E+00	 2.753E+00	 3.149E+00	-7.355E-01	-2.859E-01	 9.587E-02	 3.422E+00	-7.355E-01	 0.000E+00	 0.000E+00	 0.000E+00	 1.707E+03	 1.968E+01
   67.7500	 4.883E-04	 2.264E-03	 9.044E+00	 8.773E+02	 7.009E+01	 0.000E+00	 5.853E+03	 5.042E+03	 5.775E+03	 4.049E+03	-1.677E+02	-2.054E+03	 3.392E+00	 2.704E+00	 3.214E+00	-7.795E-01	-1.727E-01	 2.776E-02	 3.392E+00	-7.795E-01	 0.000E+00	 0.000E+00	 0.000E+00	 1.707E+03	 1.968E+01
   68.0000	 9.849E-04	 1.481E-03	 9.044E+00	 8.772E+02	 8.365E+01	 0.000E+00	 5.793E+03	 5.051E+03	 5.829E+03	 4.218E+03	-9.733E+02	-1.417E+03	 3.347E+00	 2.694E+00	 3.272E+00	-7.971E-01	-6.749E-02	-5.998E-02	 3.347E+00	-7.971E-01	 0.000E+00	 0.000E+00	 0.000E+00	 1.707E+03	 1.968E+01
   68.2500	 1.170E-03	-1.030E-04	 9.043E+00	 8.772E+02	 9.722E+01	 0.000E+00	 5.715E+03	 5.111E+03	 5.872E+03	 4.177E+03	-1.684E+03	-6.645E+02	 3.286E+00	 2.721E+00	 3.322E+00	-7.860E-01	 2.220E-02	-1.621E-01	 3.286E+00	-7.860E-01	 0.000E+00	 0.000E+00	 0.000E+00	 1.707E+03	 1.968E+01
   68.5000	 9.408E-04	-1.640E-03	 9.043E+00	 8.772E+02	 1.108E+02	 0.000E+00	 5.620E+03	 5.208E+03	 5.906E+03	 3.935E+03	-2.260E+03	 1.541E+02	 3.209E+00	 2.777E+00	 3.366E+00	-7.474E-01	 9.171E-02	-2.720E-01	 3.209E+00	-7.474E-01	 0.000E+00	 0.000E+00	 0.000E+00	 1.707E+03	 1.968E+01
   68.7500	 4.363E-04	-2.233E-03	 9.044E+00	 8.772E+02	 1.243E+02	 0.000E+00	 5.509E+03	 5.323E+03	 5.929E+03	 3.511E+03	-2.682E+03	 1.000E+03	 3.119E+00	 2.851E+00	 3.400E+00	-6.845E-01	 1.400E-01	-3.847E-01	 3.119E+00	-6.845E-01	 0.000E+00	 0.000E+00	 0.000E+00	 1.707E+03	 1.968E+01
   69.0000	-9.783E-05	-1.838E-03	 9.044E+00	 8.773E+02	 1.379E+02	 0.000E+00	 5.389E+03	 5.440E+03	 5.940E+03	 2.923E+03	-2.926E+03	 1.833E+03	 3.019E+00	 2.932E+00	 3.424E+00	-5.994E-01	 1.650E-01	-4.951E-01	 3.019E+00	-5.994E-01	 0.000E+00	 0.000E+00	 0.000E+00	 1.707E+03	 1.968E+01
   69.2500	-4.051E-04	-6.012E-04	 9.044E+00	 8.773E+02	 1.515E+02	 0.000E+00	 5.267E+03	 5.546E+03	 5.938E+03	 2.200E+03	-2.970E+03	 2.599E+03	 2.915E+00	 3.012E+00	 3.436E+00	-4.967E-01	 1.637E-01	-5.957E-01	 2.915E+00	-4.967E-01	 0.000E+00	 0.000E+00	 0.000E+00	 1.707E+03	 1.968E+01
   69.5000	-3.633E-04	 9.407E-04	 9.045E+00	 8.773E+02	 1.650E+02	 0.000E+00	 5.157E+03	 5.640E+03	 5.923E+03	 1.392E+03	-2.813E+03	 3.250E+03	 2.819E+00	 3.089E+00	 3.435E+00	-3.838E-01	 1.367E-01	-6.799E-01	 2.819E+00	-3.838E-01	 0.000E+00	 0.000E+00	 0.000E+00	 1.707E+03	 1.968E+01
   69.7500	 2.067E-05	 2.002E-03	 9.044E+00	 8.773E+02	 1.786E+02	 0.000E+00	 5.076E+03	 5.719E+03	 5.891E+03	 5.457E+02	-2.474E+03	 3.757E+03	 2.743E+00	 3.159E+00	 3.418E+00	-2.682E-01	 8.681E-02	-7.439E-01	 2.743E+00	-2.682E-01	 0.000E+00	 0.000E+00	 0.000E+00	 1.707E+03	 1.968E+01
   70.0000	 5.768E-04	 2.230E-03	 9.044E+00	 8.773E+02	 1.922E+02	 0.000E+00	 5.040E+03	 5.784E+03	 5.845E+03	-2.974E+02	-1.965E+03	 4.090E+03	 2.700E+00	 3.223E+00	 3.386E+00	-1.555E-01	 1.544E-02	-7.843E-01	 2.700E+00	-1.555E-01	 0.000E+00	 0.000E+00	 0.000E+00	 1.707E+03	 1.968E+01
   70.2500	 1.039E-03	 1.284E-03	 9.044E+00	 8.772E+02	 2.057E+02	 0.000E+00	 5.058E+03	 5.836E+03	 5.782E+03	-1.090E+03	-1.306E+03	 4.224E+03	 2.696E+00	 3.280E+00	 3.339E+00	-5.255E-02	-7.505E-02	-7.971E-01	 2.696E+00	-5.255E-02	 0.000E+00	 0.000E+00	 0.000E+00	 1.707E+03	 1.968E+01
   70.5000	 1.159E-03	-4.054E-04	 9.043E+00	 8.772E+02	 2.193E+02	 0.000E+00	 5.124E+03	 5.878E+03	 5.702E+03	-1.781E+03	-5.414E+02	 4.151E+03	 2.728E+00	 3.330E+00	 3.275E+00	 3.407E-02	-1.787E-01	-7.815E-01	 2.728E+00	 3.407E-02	 0.000E+00	 0.000E+00	 0.000E+00	 1.707E+03	 1.968E+01
   70.7500	 8.737E-04	-1.772E-03	 9.043E+00	 8.772E+02	 2.329E+02	 0.000E+00	 5.225E+03	 5.910E+03	 5.604E+03	-2.337E+03	 2.833E+02	 3.882E+03	 2.788E+00	 3.371E+00	 3.196E+00	 1.007E-01	-2.892E-01	-7.395E-01	 2.788E+00	 1.007E-01	 0.000E+00	 0.000E+00	 0.000E+00	 1.707E+03	 1.968E+01
   71.0000	 3.494E-04	-2.240E-03	 9.044E+00	 8.772E+02	 2.464E+02	 0.000E+00	 5.341E+03	 5.932E+03	 5.491E+03	-2.733E+03	 1.131E+03	 3.431E+03	 2.863E+00	 3.404E+00	 3.104E+00	 1.457E-01	-4.021E-01	-6.729E-01	 2.863E+00	 1.457E-01	 0.000E+00	 0.000E+00	 0.000E+00	 1.707E+03	 1.968E+01
   71.2500	-1.634E-04	-1.661E-03	 9.044E+00	 8.773E+02	 2.600E+02	 0.000E+00	 5.457E+03	 5.941E+03	 5.370E+03	-2.945E+03	 1.958E+03	 2.817E+03	 2.944E+00	 3.427E+00	 3.003E+00	 1.664E-01	-5.115E-01	-5.843E-01	 2.944E+00	 1.664E-01	 0.000E+00	 0.000E+00	 0.000E+00	 1.707E+03	 1.968E+01
   71.5000	-4.230E-04	-3.788E-04	 9.044E+00	 8.773E+02	 2.736E+02	 0.000E+00	 5.561E+03	 5.937E+03	 5.249E+03	-2.958E+03	 2.708E+03	 2.079E+03	 3.025E+00	 3.437E+00	 2.900E+00	 1.610E-01	-6.098E-01	-4.797E-01	 3.025E+00	 1.610E-01	 0.000E+00	 0.000E+00	 0.000E+00	 1.707E+03	 1.968E+01
   71.7500	-3.262E-04	 1.111E-03	 9.045E+00	 8.773E+02	 2.871E+02	 0.000E+00	 5.653E+03	 5.919E+03	 5.142E+03	-2.774E+03	 3.338E+03	 1.264E+03	 3.100E+00	 3.433E+00	 2.806E+00	 1.307E-01	-6.911E-01	-3.663E-01	 3.100E+00	 1.307E-01	 0.000E+00	 0.000E+00	 0.000E+00	 1.707E+03	 1.968E+01
   72.0000	 9.973E-05	 2.140E-03	 9.044E+00	 8.773E+02	 3.007E+02	 0.000E+00	 5.730E+03	 5.885E+03	 5.067E+03	-2.407E+03	 3.820E+03	 4.144E+02	 3.169E+00	 3.414E+00	 2.734E+00	 7.723E-02	-7.519E-01	-2.504E-01	 3.169E+00	 7.723E-02	 0.000E+00	 0.000E+00	 0.000E+00	 1.707E+03	 1.968E+01
   72.2500	 6.646E-04	 2.170E-03	 9.044E+00	 8.773E+02	 3.143E+02	 0.000E+00	 5.793E+03	 5.836E+03	 5.039E+03	-1.871E+03	 4.124E+03	-4.258E+02	 3.232E+00	 3.380E+00	 2.697E+00	 2.394E-03	-7.882E-01	-1.386E-01	 3.232E+00	 2.394E-03	 0.000E+00	 0.000E+00	 0.000E+00	 1.707E+03	 1.968E+01
   72.5000	 1.084E-03	 1.038E-03	 9.044E+00	 8.772E+02	 3.278E+02	 0.000E+00	 5.844E+03	 5.771E+03	 5.065E+03	-1.194E+03	 4.226E+03	-1.204E+03	 3.288E+00	 3.330E+00	 2.698E+00	-9.037E-02	-7.965E-01	-3.804E-02	 3.288E+00	-9.037E-02	 0.000E+00	 0.000E+00	 0.000E+00	 1.707E+03	 1.968E+01
   72.7500	 1.136E-03	-6.579E-04	 9.043E+00	 8.772E+02	 3.414E+02	 0.000E+00	 5.884E+03	 5.687E+03	 5.137E+03	-4.181E+02	 4.122E+03	-1.875E+03	 3.337E+00	 3.264E+00	 2.736E+00	-1.952E-01	-7.767E-01	 4.547E-02	 3.337E+00	-1.952E-01	 0.000E+00	 0.000E+00	 0.000E+00	 1.707E+03	 1.968E+01
   73.0000	 8.034E-04	-1.877E-03	 9.043E+00	 8.772E+02	 3.550E+02	 0.000E+00	 5.914E+03	 5.587E+03	 5.242E+03	 4.139E+02	 3.825E+03	-2.410E+03	 3.377E+00	 3.183E+00	 2.799E+00	-3.066E-01	-7.308E-01	 1.092E-01	 3.377E+00	-3.066E-01	 0.000E+00	 0.000E+00	 0.000E+00	 1.707E+03	 1.968E+01
   73.2500	 2.638E-04	-2.256E-03	 9.044E+00	 8.772E+02	 8.534E+00	 0.000E+00	 5.934E+03	 5.473E+03	 5.360E+03	 1.262E+03	 3.346E+03	-2.780E+03	 3.409E+00	 3.089E+00	 2.876E+00	-4.196E-01	-6.605E-01	 1.507E-01	 3.409E+00	-4.196E-01	 0.000E+00	 0.000E+00	 0.000E+00	 1.707E+03	 1.968E+01
   73.5000	-2.235E-04	-1.476E-03	 9.044E+00	 8.773E+02	 2.210E+01	 0.000E+00	 5.941E+03	 5.351E+03	 5.474E+03	 2.079E+03	 2.710E+03	-2.960E+03	 3.429E+00	 2.987E+00	 2.957E+00	-5.275E-01	-5.690E-01	 1.671E-01	 3.429E+00	-5.275E-01	 0.000E+00	 0.000E+00	 0.000E+00	 1.707E+03	 1.968E+01
   73.7500	-4.337E-04	-1.461E-04	 9.044E+00	 8.773E+02	 3.567E+01	 0.000E+00	 5.935E+03	 5.231E+03	 5.577E+03	 2.813E+03	 1.957E+03	-2.941E+03	 3.438E+00	 2.884E+00	 3.037E+00	-6.235E-01	-4.626E-01	 1.578E-01	 3.438E+00	-6.235E-01	 0.000E+00	 0.000E+00	 0.000E+00	 1.707E+03	 1.968E+01
   74.0000	-2.806E-04	 1.297E-03	 9.045E+00	 8.773E+02	 4.923E+01	 0.000E+00	 5.915E+03	 5.128E+03	 5.666E+03	 3.424E+03	 1.135E+03	-2.730E+03	 3.431E+00	 2.793E+00	 3.111E+00	-7.020E-01	-3.485E-01	 1.241E-01	 3.431E+00	-7.020E-01	 0.000E+00	 0.000E+00	 0.000E+00	 1.707E+03	 1.968E+01
   74.2500	 1.998E-04	 2.337E-03	 9.044E+00	 8.773E+02	 6.280E+01	 0.000E+00	 5.873E+03	 5.034E+03	 5.735E+03	 3.881E+03	 2.797E+02	-2.335E+03	 3.410E+00	 2.724E+00	 3.180E+00	-7.595E-01	-2.321E-01	 6.691E-02	 3.410E+00	-7.595E-01	 0.000E+00	 0.000E+00	 0.000E+00	 1.707E+03	 1.968E+01
   74.5000	 7.694E-04	 2.454E-03	 9.043E+00	 8.772E+02	 7.637E+01	 0.000E+00	 5.824E+03	 5.019E+03	 5.801E+03	 4.155E+03	-5.561E+02	-1.771E+03	 3.372E+00	 2.683E+00	 3.240E+00	-7.914E-01	-1.204E-01	-1.147E-02	 3.372E+00	-7.914E-01	 0.000E+00	 0.000E+00	 0.000E+00	 1.707E+03	 1.968E+01
   74.7500	 1.215E-03	 6.604E-04	 9.043E+00	 8.771E+02	 8.993E+01	 0.000E+00	 5.758E+03	 5.047E+03	 5.848E+03	 4.223E+03	-1.319E+03	-1.078E+03	 3.319E+00	 2.689E+00	 3.296E+00	-7.952E-01	-2.242E-02	-1.061E-01	 3.319E+00	-7.952E-01	 0.000E+00	 0.000E+00	 0.000E+00	 1.707E+03	 1.968E+01
   75.0000	 1.139E-03	-8.527E-04	 9.042E+00	 8.771E+02	 1.035E+02	 0.000E+00	 5.672E+03	 5.142E+03	 5.889E+03	 4.089E+03	-1.968E+03	-2.938E+02	 3.252E+00	 2.733E+00	 3.343E+00	-7.715E-01	 5.749E-02	-2.119E-01	 3.252E+00	-7.715E-01	 0.000E+00	 0.000E+00	 0.000E+00	 1.706E+03	 1.968E+01
   75.2500	-9.267E-04	-1.486E-02	 9.013E+00	 8.743E+02	 1.170E+02	 0.000E+00	 4.766E+03	 4.742E+03	 5.117E+03	 3.717E+03	-2.437E+03	 4.591E+02	 2.978E+00	 2.737E+00	 3.185E+00	-7.021E-01	 1.137E-01	-3.010E-01	 2.978E+00	-7.021E-01	 0.000E+00	 0.000E+00	 0.000E+00	 1.699E+03	 1.966E+01
   75.5000	-5.200E-03	-1.673E-02	 8.976E+00	 8.706E+02	 1.305E+02	 0.000E+00	 4.088E+03	 4.874E+03	 4.630E+03	 3.180E+03	-2.681E+03	 1.272E+03	 2.400E+00	 2.652E+00	 2.786E+00	-5.876E-01	 1.463E-01	-3.772E-01	 2.400E+00	-5.876E-01	 0.000E+00	 0.000E+00	 0.000E+00	 1.686E+03	 1.959E+01
   75.7500	-8.494E-03	-7.837E-03	 8.929E+00	 8.663E+02	 1.440E+02	 0.000E+00	 3.343E+03	 4.843E+03	 4.156E+03	 2.495E+03	-2.852E+03	 2.036E+03	 2.002E+00	 2.747E+00	 2.552E+00	-4.667E-01	 1.606E-01	-4.576E-01	 2.002E+00	-4.667E-01	 0.000E+00	 0.000E+00	 0.000E+00	 1.670E+03	 1.950E+01
   76.0000	-8.437E-03	 4.671E-03	 8.872E+00	 8.603E+02	 1.573E+02	 0.000E+00	 3.278E+03	 4.898E+03	 4.000E+03	 1.796E+03	-2.846E+03	 2.746E+03	 1.847E+00	 2.818E+00	 2.478E+00	-3.663E-01	 1.532E-01	-5.454E-01	 1.847E+00	-3.663E-01	 0.000E+00	 0.000E+00	 0.000E+00	 1.640E+03	 1.929E+01
   76.2500	-7.729E-03	 1.209E-03	 8.817E+00	 8.556E+02	 1.706E+02	 0.000E+00	 3.361E+03	 4.811E+03	 3.730E+03	 9.994E+02	-2.629E+03	 3.256E+03	 1.938E+00	 2.815E+00	 2.358E+00	-2.717E-01	 1.242E-01	-5.983E-01	 1.938E+00	-2.717E-01	 0.000E+00	 0.000E+00	 0.000E+00	 1.600E+03	 1.892E+01
   76.5000	-8.131E-03	-3.438E-03	 8.758E+00	 8.493E+02	 1.838E+02	 0.000E+00	 3.686E+03	 4.744E+03	 3.402E+03	 1.982E+02	-2.221E+03	 3.627E+03	 2.062E+00	 2.789E+00	 2.136E+00	-1.769E-01	 7.080E-02	-6.279E-01	 2.062E+00	-1.769E-01	 0.000E+00	 0.000E+00	 0.000E+00	 1.552E+03	 1.848E+01
   76.7500	-8.556E-03	-2.406E-05	 8.707E+00	 8.450E+02	 1.968E+02	 0.000E+00	 3.845E+03	 4.658E+03	 3.180E+03	-5.626E+02	-1.761E+03	 3.896E+03	 2.178E+00	 2.770E+00	 1.987E+00	-8.903E-02	 1.513E-02	-6.524E-01	 2.178E+00	-8.903E-02	 0.000E+00	 0.000E+00	 0.000E+00	 1.506E+03	 1.803E+01
   77.0000	-8.379E-03	 1.484E-03	 8.654E+00	 8.394E+02	 2.099E+02	 0.000E+00	 4.027E+03	 4.557E+03	 3.127E+03	-1.263E+03	-1.182E+03	 3.958E+03	 2.253E+00	 2.736E+00	 1.922E+00	-5.177E-03	-5.425E-02	-6.541E-01	 2.253E+00	-5.177E-03	 0.000E+00	 0.000E+00	 0.000E+00	 1.458E+03	 1.757E+01
   77.2500	-7.724E-03	 2.761E-03	 8.607E+00	 8.352E+02	 2.228E+02	 0.000E+00	 4.154E+03	 4.398E+03	 3.126E+03	-1.890E+03	-4.224E+02	 3.822E+03	 2.333E+00	 2.676E+00	 1.907E+00	 6.868E-02	-1.508E-01	-6.342E-01	 2.333E+00	 6.868E-02	 0.000E+00	 0.000E+00	 0.000E+00	 1.411E+03	 1.709E+01
   77.5000	-7.410E-03	-3.365E-04	 8.561E+00	 8.306E+02	 2.357E+02	 0.000E+00	 4.311E+03	 4.211E+03	 3.157E+03	-2.419E+03	 3.207E+02	 3.533E+03	 2.415E+00	 2.584E+00	 1.903E+00	 1.325E-01	-2.387E-01	-5.947E-01	 2.415E+00	 1.325E-01	 0.000E+00	 0.000E+00	 0.000E+00	 1.367E+03	 1.665E+01
   77.7500	-7.614E-03	-1.160E-03	 8.518E+00	 8.264E+02	 2.485E+02	 0.000E+00	 4.431E+03	 3.996E+03	 3.177E+03	-2.733E+03	 1.024E+03	 3.145E+03	 2.499E+00	 2.471E+00	 1.900E+00	 1.638E-01	-3.187E-01	-5.469E-01	 2.499E+00	 1.638E-01	 0.000E+00	 0.000E+00	 0.000E+00	 1.323E+03	 1.620E+01
   78.0000	-7.900E-03	-9.767E-04	 8.479E+00	 8.228E+02	 2.612E+02	 0.000E+00	 4.539E+03	 3.778E+03	 3.230E+03	-2.913E+03	 1.726E+03	 2.558E+03	 2.573E+00	 2.346E+00	 1.903E+00	 1.810E-01	-3.976E-01	-4.692E-01	 2.573E+00	 1.810E-01	 0.000E+00	 0.000E+00	 0.000E+00	 1.284E+03	 1.578E+01
   78.2500	-8.090E-03	-6.638E-04	 8.440E+00	 8.186E+02	 2.739E+02	 0.000E+00	 4.598E+03	 3.564E+03	 3.312E+03	-2.948E+03	 2.437E+03	 1.870E+03	 2.630E+00	 2.221E+00	 1.924E+00	 1.810E-01	-4.823E-01	-3.809E-01	 2.630E+00	 1.810E-01	 0.000E+00	 0.000E+00	 0.000E+00	 1.244E+03	 1.537E+01
   78.5000	-8.288E-03	-5.167E-04	 8.406E+00	 8.157E+02	 2.866E+02	 0.000E+00	 4.623E+03	 3.388E+03	 3.427E+03	-2.817E+03	 2.981E+03	 1.156E+03	 2.668E+00	 2.110E+00	 1.963E+00	 1.617E-01	-5.428E-01	-2.920E-01	 2.668E+00	 1.617E-01	 0.000E+00	 0.000E+00	 0.000E+00	 1.209E+03	 1.499E+01
   78.7500	-8.260E-03	 7.997E-04	 8.371E+00	 8.120E+02	 2.992E+02	 0.000E+00	 4.604E+03	 3.258E+03	 3.550E+03	-2.498E+03	 3.369E+03	 4.171E+02	 2.686E+00	 2.024E+00	 2.013E+00	 1.180E-01	-5.832E-01	-2.017E-01	 2.686E+00	 1.180E-01	 0.000E+00	 0.000E+00	 0.000E+00	 1.174E+03	 1.463E+01
   79.0000	-7.972E-03	 1.470E-03	 8.342E+00	 8.094E+02	 3.117E+02	 0.000E+00	 4.551E+03	 3.167E+03	 3.691E+03	-2.058E+03	 3.690E+03	-3.585E+02	 2.685E+00	 1.960E+00	 2.072E+00	 6.071E-02	-6.206E-01	-1.055E-01	 2.685E+00	 6.071E-02	 0.000E+00	 0.000E+00	 0.000E+00	 1.143E+03	 1.428E+01
   79.2500	-7.609E-03	 1.310E-03	 8.312E+00	 8.063E+02	 3.242E+02	 0.000E+00	 4.456E+03	 3.113E+03	 3.845E+03	-1.539E+03	 3.862E+03	-1.094E+03	 2.659E+00	 1.915E+00	 2.146E+00	-2.207E-03	-6.402E-01	-1.505E-02	 2.659E+00	-2.207E-03	 0.000E+00	 0.000E+00	 0.000E+00	 1.113E+03	 1.396E+01
   79.5000	-7.350E-03	 9.335E-04	 8.285E+00	 8.038E+02	 3.366E+02	 0.000E+00	 4.323E+03	 3.087E+03	 4.001E+03	-8.908E+02	 3.812E+03	-1.695E+03	 2.607E+00	 1.885E+00	 2.230E+00	-8.233E-02	-6.303E-01	 5.341E-02	 2.607E+00	-8.233E-02	 0.000E+00	 0.000E+00	 0.000E+00	 1.085E+03	 1.365E+01
   79.7500	-7.189E-03	 3.392E-04	 8.260E+00	 8.014E+02	 3.490E+02	 0.000E+00	 4.163E+03	 3.083E+03	 4.154E+03	-1.799E+02	 3.588E+03	-2.226E+03	 2.535E+00	 1.865E+00	 2.317E+00	-1.683E-01	-5.969E-01	 1.148E-01	 2.535E+00	-1.683E-01	 0.000E+00	 0.000E+00	 0.000E+00	 1.060E+03	 1.338E+01
   80.0000	-7.257E-03	-7.106E-04	 8.236E+00	 7.989E+02	 1.406E+00	 0.000E+00	 3.980E+03	 3.098E+03	 4.286E+03	 5.392E+02	 3.295E+03	-2.655E+03	 2.443E+00	 1.856E+00	 2.400E+00	-2.536E-01	-5.602E-01	 1.639E-01	 2.443E+00	-2.536E-01	 0.000E+00	 0.000E+00	 0.000E+00	 1.035E+03	 1.311E+01
   80.2500	-7.480E-03	-7.031E-04	 8.215E+00	 7.970E+02	 1.374E+01	 0.000E+00	 3.780E+03	 3.151E+03	 4.399E+03	 1.230E+03	 2.841E+03	-2.924E+03	 2.332E+00	 1.864E+00	 2.474E+00	-3.321E-01	-5.025E-01	 1.927E-01	 2.332E+00	-3.321E-01	 0.000E+00	 0.000E+00	 0.000E+00	 1.013E+03	 1.286E+01
   80.5000	-7.639E-03	-8.105E-04	 8.193E+00	 7.947E+02	 2.605E+01	 0.000E+00	 3.576E+03	 3.236E+03	 4.471E+03	 1.920E+03	 2.221E+03	-3.008E+03	 2.216E+00	 1.888E+00	 2.537E+00	-4.124E-01	-4.223E-01	 1.967E-01	 2.216E+00	-4.124E-01	 0.000E+00	 0.000E+00	 0.000E+00	 9.919E+02	 1.263E+01
   80.7500	-7.858E-03	-9.368E-04	 8.175E+00	 7.931E+02	 3.833E+01	 0.000E+00	 3.401E+03	 3.333E+03	 4.515E+03	 2.543E+03	 1.549E+03	-2.975E+03	 2.110E+00	 1.920E+00	 2.583E+00	-4.850E-01	-3.374E-01	 1.886E-01	 2.110E+00	-4.850E-01	 0.000E+00	 0.000E+00	 0.000E+00	 9.728E+02	 1.241E+01
   81.0000	-8.033E-03	-1.836E-04	 8.156E+00	 7.911E+02	 5.057E+01	 0.000E+00	 3.263E+03	 3.441E+03	 4.523E+03	 3.034E+03	 8.700E+02	-2.810E+03	 2.023E+00	 1.959E+00	 2.613E+00	-5.401E-01	-2.546E-01	 1.663E-01	 2.023E+00	-5.401E-01	 0.000E+00	 0.000E+00	 0.000E+00	 9.544E+02	 1.220E+01
   81.2500	-7.933E-03	 9.723E-04	 8.139E+00	 7.896E+02	 6.279E+01	 0.000E+00	 3.163E+03	 3.576E+03	 4.493E+03	 3.416E+03	 1.350E+02	-2.462E+03	 1.956E+00	 2.011E+00	 2.624E+00	-5.837E-01	-1.642E-01	 1.195E-01	 1.956E+00	-5.837E-01	 0.000E+00	 0.000E+00	 0.000E+00	 9.374E+02	 1.201E+01
   81.5000	-7.614E-03	 1.290E-03	 8.123E+00	 7.880E+02	 7.499E+01	 0.000E+00	 3.096E+03	 3.720E+03	 4.429E+03	 3.682E+03	-6.309E+02	-1.989E+03	 1.908E+00	 2.076E+00	 2.616E+00	-6.144E-01	-6.831E-02	 5.862E-02	 1.908E+00	-6.144E-01	 0.000E+00	 0.000E+00	 0.000E+00	 9.218E+02	 1.183E+01
   81.7500	-7.337E-03	 8.115E-04	 8.109E+00	 7.866E+02	 8.717E+01	 0.000E+00	 3.061E+03	 3.862E+03	 4.332E+03	 3.792E+03	-1.290E+03	-1.440E+03	 1.874E+00	 2.148E+00	 2.586E+00	-6.263E-01	 9.803E-03	-9.287E-03	 1.874E+00	-6.263E-01	 0.000E+00	 0.000E+00	 0.000E+00	 9.070E+02	 1.166E+01
   82.0000	-7.132E-03	 8.324E-04	 8.096E+00	 7.854E+02	 9.932E+01	 0.000E+00	 3.049E+03	 4.005E+03	 4.202E+03	 3.712E+03	-1.856E+03	-8.170E+02	 1.853E+00	 2.226E+00	 2.534E+00	-6.126E-01	 7.490E-02	-8.408E-02	 1.853E+00	-6.126E-01	 0.000E+00	 0.000E+00	 0.000E+00	 8.937E+02	 1.151E+01
   82.2500	-7.021E-03	 2.328E-04	 8.083E+00	 7.840E+02	 1.115E+02	 0.000E+00	 3.061E+03	 4.153E+03	 4.034E+03	 3.507E+03	-2.367E+03	-1.052E+02	 1.844E+00	 2.309E+00	 2.457E+00	-5.851E-01	 1.344E-01	-1.706E-01	 1.844E+00	-5.851E-01	 0.000E+00	 0.000E+00	 0.000E+00	 8.809E+02	 1.137E+01
   82.5000	-7.065E-03	-6.083E-04	 8.071E+00	 7.830E+02	 1.236E+02	 0.000E+00	 3.103E+03	 4.276E+03	 3.849E+03	 3.175E+03	-2.766E+03	 6.120E+02	 1.849E+00	 2.389E+00	 2.360E+00	-5.431E-01	 1.805E-01	-2.554E-01	 1.849E+00	-5.431E-01	 0.000E+00	 0.000E+00	 0.000E+00	 8.694E+02	 1.123E+01
   82.7500	-7.292E-03	-8.870E-04	 8.060E+00	 7.818E+02	 1.357E+02	 0.000E+00	 3.168E+03	 4.371E+03	 3.662E+03	 2.693E+03	-2.975E+03	 1.291E+03	 1.865E+00	 2.458E+00	 2.255E+00	-4.817E-01	 2.003E-01	-3.333E-01	 1.865E+00	-4.817E-01	 0.000E+00	 0.000E+00	 0.000E+00	 8.583E+02	 1.111E+01
   83.0000	-7.522E-03	-9.911E-04	 8.049E+00	 7.809E+02	 1.477E+02	 0.000E+00	 3.252E+03	 4.434E+03	 3.482E+03	 2.098E+03	-3.043E+03	 1.949E+03	 1.890E+00	 2.513E+00	 2.152E+00	-4.059E-01	 2.031E-01	-4.097E-01	 1.890E+00	-4.059E-01	 0.000E+00	 0.000E+00	 0.000E+00	 8.481E+02	 1.099E+01
   83.2500	-7.759E-03	-1.024E-03	 8.039E+00	 7.798E+02	 1.598E+02	 0.000E+00	 3.365E+03	 4.472E+03	 3.323E+03	 1.449E+03	-3.015E+03	 2.555E+03	 1.928E+00	 2.555E+00	 2.056E+00	-3.252E-01	 1.975E-01	-4.809E-01	 1.928E+00	-3.252E-01	 0.000E+00	 0.000E+00	 0.000E+00	 8.386E+02	 1.088E+01
   83.5000	-7.921E-03	-9.169E-05	 8.031E+00	 7.790E+02	 1.719E+02	 0.000E+00	 3.487E+03	 4.471E+03	 3.196E+03	 7.590E+02	-2.819E+03	 3.048E+03	 1.976E+00	 2.581E+00	 1.977E+00	-2.409E-01	 1.704E-01	-5.382E-01	 1.976E+00	-2.409E-01	 0.000E+00	 0.000E+00	 0.000E+00	 8.296E+02	 1.077E+01
   83.7500	-7.800E-03	 9.495E-04	 8.022E+00	 7.782E+02	 1.839E+02	 0.000E+00	 3.612E+03	 4.437E+03	 3.115E+03	 2.044E+01	-2.450E+03	 3.403E+03	 2.026E+00	 2.590E+00	 1.921E+00	-1.489E-01	 1.208E-01	-5.783E-01	 2.026E+00	-1.489E-01	 0.000E+00	 0.000E+00	 0.000E+00	 8.215E+02	 1.068E+01
   84.0000	-7.518E-03	 1.112E-03	 8.015E+00	 7.774E+02	 1.959E+02	 0.000E+00	 3.737E+03	 4.370E+03	 3.064E+03	-6.955E+02	-1.983E+03	 3.651E+03	 2.082E+00	 2.580E+00	 1.883E+00	-6.085E-02	 6.106E-02	-6.076E-01	 2.082E+00	-6.085E-02	 0.000E+00	 0.000E+00	 0.000E+00	 8.138E+02	 1.059E+01
   84.2500	-7.261E-03	 8.585E-04	 8.008E+00	 7.768E+02	 2.079E+02	 0.000E+00	 3.883E+03	 4.271E+03	 3.043E+03	-1.340E+03	-1.454E+03	 3.757E+03	 2.150E+00	 2.547E+00	 1.858E+00	 1.603E-02	-2.767E-03	-6.195E-01	 2.150E+00	 1.603E-02	 0.000E+00	 0.000E+00	 0.000E+00	 8.069E+02	 1.051E+01
   84.5000	-7.025E-03	 9.658E-04	 8.001E+00	 7.761E+02	 2.200E+02	 0.000E+00	 4.025E+03	 4.133E+03	 3.044E+03	-1.916E+03	-8.121E+02	 3.687E+03	 2.231E+00	 2.490E+00	 1.846E+00	 8.314E-02	-8.087E-02	-6.087E-01	 2.231E+00	 8.314E-02	 0.000E+00	 0.000E+00	 0.000E+00	 8.004E+02	 1.043E+01
   84.7500	-6.893E-03	 1.889E-04	 7.995E+00	 7.756E+02	 2.320E+02	 0.000E+00	 4.161E+03	 3.967E+03	 3.068E+03	-2.415E+03	-9.802E+01	 3.466E+03	 2.310E+00	 2.412E+00	 1.843E+00	 1.414E-01	-1.679E-01	-5.791E-01	 2.310E+00	 1.414E-01	 0.000E+00	 0.000E+00	 0.000E+00	 7.945E+02	 1.036E+01
   85.0000	-6.963E-03	-7.285E-04	 7.989E+00	 7.750E+02	 2.439E+02	 0.000E+00	 4.270E+03	 3.791E+03	 3.115E+03	-2.779E+03	 5.944E+02	 3.130E+03	 2.384E+00	 2.320E+00	 1.852E+00	 1.821E-01	-2.490E-01	-5.366E-01	 2.384E+00	 1.821E-01	 0.000E+00	 0.000E+00	 0.000E+00	 7.888E+02	 1.030E+01
   85.2500	-7.208E-03	-8.735E-04	 7.984E+00	 7.745E+02	 2.559E+02	 0.000E+00	 4.365E+03	 3.607E+03	 3.196E+03	-2.988E+03	 1.263E+03	 2.669E+03	 2.448E+00	 2.216E+00	 1.876E+00	 2.027E-01	-3.256E-01	-4.793E-01	 2.448E+00	 2.027E-01	 0.000E+00	 0.000E+00	 0.000E+00	 7.836E+02	 1.023E+01
   85.5000	-7.439E-03	-1.102E-03	 7.979E+00	 7.740E+02	 2.679E+02	 0.000E+00	 4.425E+03	 3.426E+03	 3.300E+03	-3.079E+03	 1.932E+03	 2.082E+03	 2.504E+00	 2.113E+00	 1.913E+00	 2.098E-01	-4.041E-01	-4.055E-01	 2.504E+00	 2.098E-01	 0.000E+00	 0.000E+00	 0.000E+00	 7.788E+02	 1.018E+01
   85.7500	-7.711E-03	-1.105E-03	 7.974E+00	 7.735E+02	 2.799E+02	 0.000E+00	 4.455E+03	 3.278E+03	 3.410E+03	-3.033E+03	 2.540E+03	 1.429E+03	 2.543E+00	 2.024E+00	 1.952E+00	 2.012E-01	-4.765E-01	-3.242E-01	 2.543E+00	 2.012E-01	 0.000E+00	 0.000E+00	 0.000E+00	 7.742E+02	 1.012E+01
   86.0000	-7.872E-03	-8.250E-05	 7.970E+00	 7.732E+02	 2.918E+02	 0.000E+00	 4.450E+03	 3.170E+03	 3.519E+03	-2.824E+03	 3.010E+03	 7.427E+02	 2.566E+00	 1.956E+00	 1.992E+00	 1.720E-01	-5.305E-01	-2.394E-01	 2.566E+00	 1.720E-01	 0.000E+00	 0.000E+00	 0.000E+00	 7.701E+02	 1.008E+01
   86.2500	-7.801E-03	 6.137E-04	 7.967E+00	 7.728E+02	 3.038E+02	 0.000E+00	 4.416E+03	 3.098E+03	 3.647E+03	-2.474E+03	 3.372E+03	 2.903E+01	 2.573E+00	 1.906E+00	 2.040E+00	 1.256E-01	-5.725E-01	-1.514E-01	 2.573E+00	 1.256E-01	 0.000E+00	 0.000E+00	 0.000E+00	 7.662E+02	 1.003E+01
   86.5000	-7.565E-03	 1.078E-03	 7.963E+00	 7.725E+02	 3.157E+02	 0.000E+00	 4.345E+03	 3.052E+03	 3.779E+03	-2.029E+03	 3.638E+03	-6.863E+02	 2.561E+00	 1.873E+00	 2.100E+00	 6.976E-02	-6.051E-01	-6.336E-02	 2.561E+00	 6.976E-02	 0.000E+00	 0.000E+00	 0.000E+00	 7.629E+02	 9.990E+00
   86.7500	-7.276E-03	 1.089E-03	 7.960E+00	 7.721E+02	 3.277E+02	 0.000E+00	 4.242E+03	 3.038E+03	 3.913E+03	-1.482E+03	 3.743E+03	-1.340E+03	 2.527E+00	 1.853E+00	 2.166E+00	 2.688E-03	-6.172E-01	 1.530E-02	 2.527E+00	 2.688E-03	 0.000E+00	 0.000E+00	 0.000E+00	 7.597E+02	 9.953E+00
   87.0000	-6.996E-03	 1.079E-03	 7.958E+00	 7.719E+02	 3.396E+02	 0.000E+00	 4.107E+03	 3.046E+03	 4.040E+03	-8.373E+02	 3.664E+03	-1.909E+03	 2.471E+00	 1.845E+00	 2.237E+00	-7.639E-02	-6.049E-01	 8.192E-02	 2.471E+00	-7.639E-02	 0.000E+00	 0.000E+00	 0.000E+00	 7.569E+02	 9.919E+00
   87.2500	-6.862E-03	 2.031E-04	 7.955E+00	 7.716E+02	 3.515E+02	 0.000E+00	 3.940E+03	 3.083E+03	 4.175E+03	-1.523E+02	 3.462E+03	-2.396E+03	 2.391E+00	 1.850E+00	 2.312E+00	-1.583E-01	-5.788E-01	 1.386E-01	 2.391E+00	-1.583E-01	 0.000E+00	 0.000E+00	 0.000E+00	 7.543E+02	 9.888E+00
   87.5000	-6.912E-03	-5.766E-04	 7.952E+00	 7.714E+02	 3.465E+00	 0.000E+00	 3.755E+03	 3.146E+03	 4.284E+03	 5.344E+02	 3.150E+03	-2.771E+03	 2.294E+00	 1.869E+00	 2.387E+00	-2.382E-01	-5.410E-01	 1.809E-01	 2.294E+00	-2.382E-01	 0.000E+00	 0.000E+00	 0.000E+00	 7.518E+02	 9.859E+00
   87.7500	-7.123E-03	-8.357E-04	 7.950E+00	 7.712E+02	 1.539E+01	 0.000E+00	 3.572E+03	 3.233E+03	 4.372E+03	 1.224E+03	 2.684E+03	-2.999E+03	 2.191E+00	 1.898E+00	 2.450E+00	-3.186E-01	-4.826E-01	 2.046E-01	 2.191E+00	-3.186E-01	 0.000E+00	 0.000E+00	 0.000E+00	 7.495E+02	 9.832E+00
   88.0000	-7.371E-03	-1.235E-03	 7.948E+00	 7.709E+02	 2.731E+01	 0.000E+00	 3.402E+03	 3.334E+03	 4.424E+03	 1.894E+03	 2.098E+03	-3.083E+03	 2.094E+00	 1.933E+00	 2.500E+00	-3.978E-01	-4.086E-01	 2.105E-01	 2.094E+00	-3.978E-01	 0.000E+00	 0.000E+00	 0.000E+00	 7.473E+02	 9.806E+00
   88.2500	-7.699E-03	-1.401E-03	 7.946E+00	 7.708E+02	 3.923E+01	 0.000E+00	 3.259E+03	 3.454E+03	 4.454E+03	 2.480E+03	 1.467E+03	-3.040E+03	 2.008E+00	 1.973E+00	 2.538E+00	-4.663E-01	-3.307E-01	 2.023E-01	 2.008E+00	-4.663E-01	 0.000E+00	 0.000E+00	 0.000E+00	 7.454E+02	 9.783E+00
   88.5000	-7.941E-03	-3.409E-04	 7.944E+00	 7.706E+02	 5.115E+01	 0.000E+00	 3.149E+03	 3.571E+03	 4.448E+03	 2.965E+03	 7.934E+02	-2.852E+03	 1.940E+00	 2.019E+00	 2.561E+00	-5.229E-01	-2.485E-01	 1.764E-01	 1.940E+00	-5.229E-01	 0.000E+00	 0.000E+00	 0.000E+00	 7.436E+02	 9.762E+00
   88.7500	-7.895E-03	 6.917E-04	 7.943E+00	 7.705E+02	 6.307E+01	 0.000E+00	 3.082E+03	 3.690E+03	 4.411E+03	 3.355E+03	 6.499E+01	-2.515E+03	 1.894E+00	 2.065E+00	 2.566E+00	-5.698E-01	-1.576E-01	 1.321E-01	 1.894E+00	-5.698E-01	 0.000E+00	 0.000E+00	 0.000E+00	 7.421E+02	 9.743E+00
   89.0000	-7.630E-03	 1.225E-03	 7.942E+00	 7.704E+02	 7.498E+01	 0.000E+00	 3.046E+03	 3.807E+03	 4.339E+03	 3.618E+03	-6.512E+02	-2.064E+03	 1.867E+00	 2.114E+00	 2.554E+00	-6.020E-01	-6.859E-02	 7.483E-02	 1.867E+00	-6.020E-01	 0.000E+00	 0.000E+00	 0.000E+00	 7.408E+02	 9.727E+00
   89.2500	-7.251E-03	 1.338E-03	 7.941E+00	 7.703E+02	 8.689E+01	 0.000E+00	 3.042E+03	 3.924E+03	 4.228E+03	 3.719E+03	-1.291E+03	-1.526E+03	 1.852E+00	 2.173E+00	 2.518E+00	-6.132E-01	 7.952E-03	 8.858E-03	 1.852E+00	-6.132E-01	 0.000E+00	 0.000E+00	 0.000E+00	 7.396E+02	 9.713E+00
   89.5000	-6.957E-03	 1.153E-03	 7.940E+00	 7.702E+02	 9.880E+01	 0.000E+00	 3.058E+03	 4.051E+03	 4.089E+03	 3.671E+03	-1.869E+03	-9.017E+02	 1.851E+00	 2.241E+00	 2.458E+00	-6.062E-01	 7.631E-02	-6.639E-02	 1.851E+00	-6.062E-01	 0.000E+00	 0.000E+00	 0.000E+00	 7.385E+02	 9.700E+00
   89.7500	-6.751E-03	 4.604E-04	 7.938E+00	 7.700E+02	 1.107E+02	 0.000E+00	 3.100E+03	 4.173E+03	 3.920E+03	 3.493E+03	-2.378E+03	-2.146E+02	 1.860E+00	 2.313E+00	 2.378E+00	-5.842E-01	 1.367E-01	-1.488E-01	 1.860E+00	-5.842E-01	 0.000E+00	 0.000E+00	 0.000E+00	 7.374E+02	 9.688E+00
   90.0000	-6.800E-03	-6.262E-04	 7.937E+00	 7.699E+02	 1.226E+02	 0.000E+00	 3.161E+03	 4.279E+03	 3.743E+03	 3.170E+03	-2.755E+03	 4.832E+02	 1.878E+00	 2.382E+00	 2.283E+00	-5.439E-01	 1.795E-01	-2.310E-01	 1.878E+00	-5.439E-01	 0.000E+00	 0.000E+00	 0.000E+00	 7.364E+02	 9.676E+00
   90.2500	-6.843E-03	-1.514E-05	 7.935E+00	 7.697E+02	 1.345E+02	 0.000E+00	 3.248E+03	 4.336E+03	 3.560E+03	 2.711E+03	-2.984E+03	 1.169E+03	 1.910E+00	 2.439E+00	 2.185E+00	-4.867E-01	 2.031E-01	-3.109E-01	 1.910E+00	-4.867E-01	 0.000E+00	 0.000E+00	 0.000E+00	 7.352E+02	 9.663E+00
   90.5000	-7.015E-03	-1.218E-03	 7.934E+00	 7.696E+02	 1.464E+02	 0.000E+00	 3.359E+03	 4.383E+03	 3.404E+03	 2.156E+03	-3.095E+03	 1.835E+03	 1.949E+00	 2.478E+00	 2.092E+00	-4.178E-01	 2.141E-01	-3.895E-01	 1.949E+00	-4.178E-01	 0.000E+00	 0.000E+00	 0.000E+00	 7.341E+02	 9.649E+00
   90.7500	-7.269E-03	-8.952E-04	 7.933E+00	 7.695E+02	 1.583E+02	 0.000E+00	 3.459E+03	 4.399E+03	 3.275E+03	 1.527E+03	-3.073E+03	 2.440E+03	 1.986E+00	 2.511E+00	 2.016E+00	-3.400E-01	 2.093E-01	-4.619E-01	 1.986E+00	-3.400E-01	 0.000E+00	 0.000E+00	 0.000E+00	 7.329E+02	 9.635E+00
   91.0000	-7.442E-03	-1.679E-04	 7.931E+00	 7.694E+02	 1.702E+02	 0.000E+00	 3.560E+03	 4.398E+03	 3.187E+03	 8.355E+02	-2.883E+03	 2.942E+03	 2.018E+00	 2.532E+00	 1.960E+00	-2.534E-01	 1.828E-01	-5.219E-01	 2.018E+00	-2.534E-01	 0.000E+00	 0.000E+00	 0.000E+00	 7.318E+02	 9.622E+00
   91.2500	-7.289E-03	 1.145E-03	 7.930E+00	 7.692E+02	 1.821E+02	 0.000E+00	 3.644E+03	 4.335E+03	 3.112E+03	 1.141E+02	-2.557E+03	 3.334E+03	 2.051E+00	 2.534E+00	 1.920E+00	-1.627E-01	 1.399E-01	-5.691E-01	 2.051E+00	-1.627E-01	 0.000E+00	 0.000E+00	 0.000E+00	 7.307E+02	 9.610E+00
   91.5000	-6.987E-03	 1.228E-03	 7.928E+00	 7.690E+02	 1.940E+02	 0.000E+00	 3.748E+03	 4.259E+03	 3.080E+03	-5.871E+02	-2.129E+03	 3.607E+03	 2.087E+00	 2.509E+00	 1.889E+00	-7.553E-02	 8.715E-02	-6.023E-01	 2.087E+00	-7.553E-02	 0.000E+00	 0.000E+00	 0.000E+00	 7.295E+02	 9.596E+00
   91.7500	-6.647E-03	 1.319E-03	 7.926E+00	 7.689E+02	 2.059E+02	 0.000E+00	 3.857E+03	 4.147E+03	 3.065E+03	-1.246E+03	-1.595E+03	 3.729E+03	 2.141E+00	 2.471E+00	 1.874E+00	 4.737E-03	 2.208E-02	-6.167E-01	 2.141E+00	 4.737E-03	 0.000E+00	 0.000E+00	 0.000E+00	 7.283E+02	 9.582E+00
   92.0000	-6.359E-03	 9.277E-04	 7.924E+00	 7.686E+02	 2.178E+02	 0.000E+00	 3.982E+03	 4.019E+03	 3.081E+03	-1.843E+03	-9.632E+02	 3.693E+03	 2.206E+00	 2.414E+00	 1.869E+00	 7.631E-02	-5.518E-02	-6.111E-01	 2.206E+00	 7.631E-02	 0.000E+00	 0.000E+00	 0.000E+00	 7.268E+02	 9.566E+00
   92.2500	-6.408E-03	-8.097E-04	 7.923E+00	 7.685E+02	 2.297E+02	 0.000E+00	 4.121E+03	 3.880E+03	 3.107E+03	-2.344E+03	-2.824E+02	 3.513E+03	 2.281E+00	 2.348E+00	 1.870E+00	 1.348E-01	-1.377E-01	-5.875E-01	 2.281E+00	 1.348E-01	 0.000E+00	 0.000E+00	 0.000E+00	 7.255E+02	 9.550E+00
   92.5000	-6.620E-03	-8.163E-04	 7.921E+00	 7.684E+02	 2.416E+02	 0.000E+00	 4.236E+03	 3.727E+03	 3.152E+03	-2.723E+03	 4.062E+02	 3.201E+03	 2.359E+00	 2.271E+00	 1.879E+00	 1.767E-01	-2.195E-01	-5.479E-01	 2.359E+00	 1.767E-01	 0.000E+00	 0.000E+00	 0.000E+00	 7.242E+02	 9.534E+00
   92.7500	-6.885E-03	-1.090E-03	 7.920E+00	 7.683E+02	 2.534E+02	 0.000E+00	 4.328E+03	 3.559E+03	 3.229E+03	-2.976E+03	 1.101E+03	 2.760E+03	 2.424E+00	 2.181E+00	 1.901E+00	 2.035E-01	-3.018E-01	-4.926E-01	 2.424E+00	 2.035E-01	 0.000E+00	 0.000E+00	 0.000E+00	 7.230E+02	 9.519E+00
   93.0000	-7.135E-03	-1.074E-03	 7.919E+00	 7.682E+02	 2.653E+02	 0.000E+00	 4.381E+03	 3.397E+03	 3.326E+03	-3.100E+03	 1.776E+03	 2.206E+03	 2.475E+00	 2.089E+00	 1.934E+00	 2.154E-01	-3.820E-01	-4.232E-01	 2.475E+00	 2.154E-01	 0.000E+00	 0.000E+00	 0.000E+00	 7.219E+02	 9.507E+00
   93.2500	-7.620E-03	-2.064E-03	 7.919E+00	 7.681E+02	 2.772E+02	 0.000E+00	 4.443E+03	 3.268E+03	 3.442E+03	-3.066E+03	 2.376E+03	 1.576E+03	 2.518E+00	 2.008E+00	 1.971E+00	 2.074E-01	-4.528E-01	-3.447E-01	 2.518E+00	 2.074E-01	 0.000E+00	 0.000E+00	 0.000E+00	 7.210E+02	 9.495E+00
   93.5000	-7.959E-03	-6.949E-04	 7.919E+00	 7.682E+02	 2.891E+02	 0.000E+00	 4.458E+03	 3.159E+03	 3.552E+03	-2.888E+03	 2.876E+03	 8.960E+02	 2.560E+00	 1.945E+00	 2.013E+00	 1.808E-01	-5.115E-01	-2.604E-01	 2.560E+00	 1.808E-01	 0.000E+00	 0.000E+00	 0.000E+00	 7.206E+02	 9.489E+00
   93.7500	-8.060E-03	 2.143E-04	 7.920E+00	 7.682E+02	 3.010E+02	 0.000E+00	 4.445E+03	 3.088E+03	 3.672E+03	-2.587E+03	 3.286E+03	 1.869E+02	 2.575E+00	 1.897E+00	 2.057E+00	 1.408E-01	-5.609E-01	-1.726E-01	 2.575E+00	 1.408E-01	 0.000E+00	 0.000E+00	 0.000E+00	 7.204E+02	 9.486E+00
   94.0000	-7.833E-03	 1.350E-03	 7.921E+00	 7.684E+02	 3.128E+02	 0.000E+00	 4.371E+03	 3.043E+03	 3.793E+03	-2.166E+03	 3.573E+03	-5.220E+02	 2.566E+00	 1.865E+00	 2.108E+00	 8.747E-02	-5.958E-01	-8.509E-02	 2.566E+00	 8.747E-02	 0.000E+00	 0.000E+00	 0.000E+00	 7.206E+02	 9.487E+00
   94.2500	-7.575E-03	 8.220E-04	 7.922E+00	 7.684E+02	 3.247E+02	 0.000E+00	 4.280E+03	 3.027E+03	 3.927E+03	-1.626E+03	 3.697E+03	-1.185E+03	 2.537E+00	 1.844E+00	 2.169E+00	 1.999E-02	-6.095E-01	-4.767E-03	 2.537E+00	 1.999E-02	 0.000E+00	 0.000E+00	 0.000E+00	 7.210E+02	 9.491E+00
   94.5000	-7.351E-03	 9.801E-04	 7.923E+00	 7.686E+02	 3.366E+02	 0.000E+00	 4.154E+03	 3.028E+03	 4.058E+03	-1.011E+03	 3.674E+03	-1.777E+03	 2.490E+00	 1.835E+00	 2.241E+00	-5.550E-02	-6.051E-01	 6.516E-02	 2.490E+00	-5.550E-02	 0.000E+00	 0.000E+00	 0.000E+00	 7.216E+02	 9.497E+00
   94.7500	-7.199E-03	 3.752E-04	 7.924E+00	 7.686E+02	 3.485E+02	 0.000E+00	 3.998E+03	 3.060E+03	 4.188E+03	-3.526E+02	 3.525E+03	-2.286E+03	 2.417E+00	 1.838E+00	 2.316E+00	-1.337E-01	-5.863E-01	 1.244E-01	 2.417E+00	-1.337E-01	 0.000E+00	 0.000E+00	 0.000E+00	 7.222E+02	 9.504E+00
   95.0000	-7.142E-03	 8.793E-05	 7.925E+00	 7.687E+02	 3.769E-01	 0.000E+00	 3.811E+03	 3.121E+03	 4.298E+03	 3.431E+02	 3.230E+03	-2.685E+03	 2.322E+00	 1.856E+00	 2.387E+00	-2.156E-01	-5.497E-01	 1.699E-01	 2.322E+00	-2.156E-01	 0.000E+00	 0.000E+00	 0.000E+00	 7.228E+02	 9.511E+00
   95.2500	-7.195E-03	-5.862E-04	 7.925E+00	 7.687E+02	 1.226E+01	 0.000E+00	 3.612E+03	 3.208E+03	 4.376E+03	 1.046E+03	 2.791E+03	-2.951E+03	 2.214E+00	 1.887E+00	 2.448E+00	-2.978E-01	-4.948E-01	 1.988E-01	 2.214E+00	-2.978E-01	 0.000E+00	 0.000E+00	 0.000E+00	 7.233E+02	 9.518E+00
   95.5000	-7.426E-03	-1.307E-03	 7.925E+00	 7.687E+02	 2.415E+01	 0.000E+00	 3.427E+03	 3.316E+03	 4.432E+03	 1.709E+03	 2.257E+03	-3.077E+03	 2.107E+00	 1.926E+00	 2.497E+00	-3.745E-01	-4.288E-01	 2.104E-01	 2.107E+00	-3.745E-01	 0.000E+00	 0.000E+00	 0.000E+00	 7.236E+02	 9.522E+00
   95.7500	-7.782E-03	-1.279E-03	 7.925E+00	 7.688E+02	 3.604E+01	 0.000E+00	 3.273E+03	 3.430E+03	 4.464E+03	 2.307E+03	 1.648E+03	-3.069E+03	 2.015E+00	 1.969E+00	 2.536E+00	-4.439E-01	-3.541E-01	 2.062E-01	 2.015E+00	-4.439E-01	 0.000E+00	 0.000E+00	 0.000E+00	 7.240E+02	 9.526E+00
   96.0000	-8.031E-03	-4.641E-04	 7.926E+00	 7.688E+02	 4.793E+01	 0.000E+00	 3.158E+03	 3.548E+03	 4.467E+03	 2.837E+03	 9.677E+02	-2.916E+03	 1.945E+00	 2.011E+00	 2.561E+00	-5.069E-01	-2.697E-01	 1.845E-01	 1.945E+00	-5.069E-01	 0.000E+00	 0.000E+00	 0.000E+00	 7.242E+02	 9.529E+00
   96.2500	-8.039E-03	 4.691E-04	 7.926E+00	 7.688E+02	 5.982E+01	 0.000E+00	 3.084E+03	 3.664E+03	 4.436E+03	 3.261E+03	 2.481E+02	-2.621E+03	 1.896E+00	 2.055E+00	 2.572E+00	-5.580E-01	-1.799E-01	 1.453E-01	 1.896E+00	-5.580E-01	 0.000E+00	 0.000E+00	 0.000E+00	 7.245E+02	 9.532E+00
   96.5000	-7.862E-03	 9.426E-04	 7.927E+00	 7.689E+02	 7.171E+01	 0.000E+00	 3.042E+03	 3.785E+03	 4.374E+03	 3.545E+03	-4.530E+02	-2.203E+03	 1.865E+00	 2.104E+00	 2.565E+00	-5.917E-01	-9.377E-02	 9.187E-02	 1.865E+00	-5.917E-01	 0.000E+00	 0.000E+00	 0.000E+00	 7.248E+02	 9.535E+00
   96.7500	-7.580E-03	 1.279E-03	 7.927E+00	 7.689E+02	 8.360E+01	 0.000E+00	 3.025E+03	 3.908E+03	 4.281E+03	 3.689E+03	-1.114E+03	-1.685E+03	 1.845E+00	 2.163E+00	 2.539E+00	-6.083E-01	-1.397E-02	 2.752E-02	 1.845E+00	-6.083E-01	 0.000E+00	 0.000E+00	 0.000E+00	 7.251E+02	 9.539E+00
   97.0000	-7.302E-03	 1.074E-03	 7.928E+00	 7.690E+02	 9.549E+01	 0.000E+00	 3.028E+03	 4.038E+03	 4.154E+03	 3.696E+03	-1.727E+03	-1.080E+03	 1.836E+00	 2.230E+00	 2.490E+00	-6.086E-01	 5.969E-02	-4.619E-02	 1.836E+00	-6.086E-01	 0.000E+00	 0.000E+00	 0.000E+00	 7.255E+02	 9.544E+00
   97.2500	-7.200E-03	-8.571E-06	 7.928E+00	 7.690E+02	 1.074E+02	 0.000E+00	 3.057E+03	 4.178E+03	 4.010E+03	 3.549E+03	-2.249E+03	-4.086E+02	 1.837E+00	 2.305E+00	 2.420E+00	-5.896E-01	 1.209E-01	-1.271E-01	 1.837E+00	-5.896E-01	 0.000E+00	 0.000E+00	 0.000E+00	 7.259E+02	 9.548E+00
   97.5000	-7.193E-03	-9.203E-05	 7.929E+00	 7.691E+02	 1.193E+02	 0.000E+00	 3.109E+03	 4.294E+03	 3.833E+03	 3.251E+03	-2.647E+03	 2.851E+02	 1.851E+00	 2.383E+00	 2.334E+00	-5.513E-01	 1.651E-01	-2.093E-01	 1.851E+00	-5.513E-01	 0.000E+00	 0.000E+00	 0.000E+00	 7.263E+02	 9.553E+00
   97.7500	-7.333E-03	-9.458E-04	 7.929E+00	 7.691E+02	 1.312E+02	 0.000E+00	 3.193E+03	 4.392E+03	 3.644E+03	 2.836E+03	-2.921E+03	 9.763E+02	 1.878E+00	 2.450E+00	 2.231E+00	-4.999E-01	 1.943E-01	-2.898E-01	 1.878E+00	-4.999E-01	 0.000E+00	 0.000E+00	 0.000E+00	 7.266E+02	 9.557E+00
   98.0000	-7.555E-03	-9.878E-04	 7.929E+00	 7.691E+02	 1.431E+02	 0.000E+00	 3.302E+03	 4.453E+03	 3.456E+03	 2.318E+03	-3.073E+03	 1.646E+03	 1.919E+00	 2.505E+00	 2.124E+00	-4.365E-01	 2.097E-01	-3.674E-01	 1.919E+00	-4.365E-01	 0.000E+00	 0.000E+00	 0.000E+00	 7.270E+02	 9.561E+00
   98.2500	-7.885E-03	-1.339E-03	 7.930E+00	 7.692E+02	 1.550E+02	 0.000E+00	 3.427E+03	 4.492E+03	 3.295E+03	 1.702E+03	-3.074E+03	 2.264E+03	 1.965E+00	 2.546E+00	 2.027E+00	-3.605E-01	 2.063E-01	-4.396E-01	 1.965E+00	-3.605E-01	 0.000E+00	 0.000E+00	 0.000E+00	 7.272E+02	 9.564E+00
   98.5000	-8.169E-03	-8.095E-04	 7.930E+00	 7.693E+02	 1.668E+02	 0.000E+00	 3.551E+03	 4.499E+03	 3.169E+03	 1.021E+03	-2.922E+03	 2.793E+03	 2.012E+00	 2.575E+00	 1.951E+00	-2.761E-01	 1.837E-01	-5.016E-01	 2.012E+00	-2.761E-01	 0.000E+00	 0.000E+00	 0.000E+00	 7.276E+02	 9.569E+00
   98.7500	-8.293E-03	-1.611E-06	 7.931E+00	 7.693E+02	 1.787E+02	 0.000E+00	 3.671E+03	 4.479E+03	 3.087E+03	 3.198E+02	-2.642E+03	 3.216E+03	 2.059E+00	 2.590E+00	 1.897E+00	-1.896E-01	 1.465E-01	-5.516E-01	 2.059E+00	-1.896E-01	 0.000E+00	 0.000E+00	 0.000E+00	 7.281E+02	 9.574E+00
   99.0000	-8.175E-03	 9.160E-04	 7.932E+00	 7.694E+02	 1.906E+02	 0.000E+00	 3.795E+03	 4.423E+03	 3.038E+03	-3.817E+02	-2.245E+03	 3.521E+03	 2.109E+00	 2.587E+00	 1.861E+00	-1.036E-01	 9.583E-02	-5.883E-01	 2.109E+00	-1.036E-01	 0.000E+00	 0.000E+00	 0.000E+00	 7.287E+02	 9.580E+00
   99.2500	-7.761E-03	 2.053E-03	 7.933E+00	 7.695E+02	 2.025E+02	 0.000E+00	 3.907E+03	 4.309E+03	 3.016E+03	-1.063E+03	-1.732E+03	 3.688E+03	 2.166E+00	 2.559E+00	 1.842E+00	-2.029E-02	 3.204E-02	-6.084E-01	 2.166E+00	-2.029E-02	 0.000E+00	 0.000E+00	 0.000E+00	 7.293E+02	 9.587E+00
   99.5000	-7.369E-03	 1.272E-03	 7.933E+00	 7.695E+02	 2.144E+02	 0.000E+00	 4.032E+03	 4.175E+03	 3.026E+03	-1.680E+03	-1.126E+03	 3.701E+03	 2.227E+00	 2.500E+00	 1.834E+00	 5.400E-02	-4.160E-02	-6.091E-01	 2.227E+00	 5.400E-02	 0.000E+00	 0.000E+00	 0.000E+00	 7.298E+02	 9.593E+00
   99.7500	-7.119E-03	 5.178E-04	 7.933E+00	 7.695E+02	 2.263E+02	 0.000E+00	 4.152E+03	 4.009E+03	 3.053E+03	-2.200E+03	-4.699E+02	 3.562E+03	 2.297E+00	 2.424E+00	 1.838E+00	 1.148E-01	-1.196E-01	-5.910E-01	 2.297E+00	 1.148E-01	 0.000E+00	 0.000E+00	 0.000E+00	 7.302E+02	 9.599E+00
  100.0000	-7.072E-03	-1.741E-04	 7.933E+00	 7.695E+02	 2.382E+02	 0.000E+00	 4.269E+03	 3.829E+03	 3.110E+03	-2.615E+03	 2.174E+02	 3.291E+03	 2.369E+00	 2.331E+00	 1.853E+00	 1.619E-01	-2.002E-01	-5.572E-01	 2.369E+00	 1.619E-01	 0.000E+00	 0.000E+00	 0.000E+00	 7.303E+02	 9.601E+00
  100.2500	-7.110E-03	-4.638E-04	 7.932E+00	 7.694E+02	 2.501E+02	 0.000E+00	 4.348E+03	 3.627E+03	 3.189E+03	-2.916E+03	 9.175E+02	 2.889E+03	 2.433E+00	 2.225E+00	 1.883E+00	 1.954E-01	-2.819E-01	-5.077E-01	 2.433E+00	 1.954E-01	 0.000E+00	 0.000E+00	 0.000E+00	 7.303E+02	 9.601E+00
  100.5000	-7.329E-03	-1.188E-03	 7.931E+00	 7.693E+02	 2.620E+02	 0.000E+00	 4.411E+03	 3.443E+03	 3.298E+03	-3.072E+03	 1.596E+03	 2.368E+03	 2.482E+00	 2.116E+00	 1.921E+00	 2.112E-01	-3.609E-01	-4.431E-01	 2.482E+00	 2.112E-01	 0.000E+00	 0.000E+00	 0.000E+00	 7.300E+02	 9.599E+00
  100.7500	-7.652E-03	-1.262E-03	 7.931E+00	 7.693E+02	 2.739E+02	 0.000E+00	 4.442E+03	 3.285E+03	 3.407E+03	-3.078E+03	 2.213E+03	 1.757E+03	 2.523E+00	 2.023E+00	 1.962E+00	 2.082E-01	-4.328E-01	-3.674E-01	 2.523E+00	 2.082E-01	 0.000E+00	 0.000E+00	 0.000E+00	 7.296E+02	 9.594E+00
  101.0000	-7.938E-03	-7.503E-04	 7.930E+00	 7.692E+02	 2.858E+02	 0.000E+00	 4.453E+03	 3.169E+03	 3.522E+03	-2.950E+03	 2.751E+03	 1.091E+03	 2.551E+00	 1.952E+00	 2.002E+00	 1.895E-01	-4.963E-01	-2.848E-01	 2.551E+00	 1.895E-01	 0.000E+00	 0.000E+00	 0.000E+00	 7.291E+02	 9.589E+00
  101.2500	-7.983E-03	 3.333E-04	 7.929E+00	 7.692E+02	 2.977E+02	 0.000E+00	 4.425E+03	 3.091E+03	 3.634E+03	-2.689E+03	 3.196E+03	 3.855E+02	 2.563E+00	 1.902E+00	 2.044E+00	 1.550E-01	-5.500E-01	-1.973E-01	 2.563E+00	 1.550E-01	 0.000E+00	 0.000E+00	 0.000E+00	 7.287E+02	 9.584E+00
  101.5000	-7.803E-03	 1.074E-03	 7.929E+00	 7.691E+02	 3.096E+02	 0.000E+00	 4.368E+03	 3.047E+03	 3.751E+03	-2.291E+03	 3.512E+03	-3.303E+02	 2.558E+00	 1.870E+00	 2.090E+00	 1.040E-01	-5.881E-01	-1.085E-01	 2.558E+00	 1.040E-01	 0.000E+00	 0.000E+00	 0.000E+00	 7.283E+02	 9.579E+00
  101.7500	-7.492E-03	 1.418E-03	 7.929E+00	 7.691E+02	 3.215E+02	 0.000E+00	 4.275E+03	 3.026E+03	 3.872E+03	-1.780E+03	 3.681E+03	-1.009E+03	 2.533E+00	 1.850E+00	 2.146E+00	 3.994E-02	-6.080E-01	-2.574E-02	 2.533E+00	 3.994E-02	 0.000E+00	 0.000E+00	 0.000E+00	 7.280E+02	 9.575E+00
  102.0000	-7.201E-03	 1.012E-03	 7.928E+00	 7.691E+02	 3.334E+02	 0.000E+00	 4.152E+03	 3.029E+03	 3.999E+03	-1.192E+03	 3.706E+03	-1.624E+03	 2.485E+00	 1.840E+00	 2.211E+00	-3.151E-02	-6.101E-01	 4.778E-02	 2.485E+00	-3.151E-02	 0.000E+00	 0.000E+00	 0.000E+00	 7.277E+02	 9.572E+00
  102.2500	-5.533E-03	 1.100E-02	 7.928E+00	 7.690E+02	 3.453E+02	 0.000E+00	 3.996E+03	 3.050E+03	 4.128E+03	-5.405E+02	 3.591E+03	-2.160E+03	 2.415E+00	 1.839E+00	 2.284E+00	-1.093E-01	-5.953E-01	 1.106E-01	 2.415E+00	-1.093E-01	 0.000E+00	 0.000E+00	 0.000E+00	 7.274E+02	 9.568E+00
  102.5000	-4.308E-03	 4.214E-04	 7.927E+00	 7.690E+02	 3.572E+02	 0.000E+00	 3.816E+03	 3.104E+03	 4.243E+03	 1.577E+02	 3.324E+03	-2.593E+03	 2.324E+00	 1.853E+00	 2.357E+00	-1.923E-01	-5.615E-01	 1.605E-01	 2.324E+00	-1.923E-01	 0.000E+00	 0.000E+00	 0.000E+00	 7.270E+02	 9.564E+00
  102.7500	-3.436E-03	 4.873E-03	 7.927E+00	 7.689E+02	 9.078E+00	 0.000E+00	 3.629E+03	 3.183E+03	 4.335E+03	 8.603E+02	 2.922E+03	-2.894E+03	 2.223E+00	 1.880E+00	 2.421E+00	-2.746E-01	-5.114E-01	 1.934E-01	 2.223E+00	-2.746E-01	 0.000E+00	 0.000E+00	 0.000E+00	 7.266E+02	 9.559E+00
  103.0000	-2.990E-03	 1.645E-04	 7.926E+00	 7.688E+02	 2.097E+01	 0.000E+00	 3.452E+03	 3.283E+03	 4.402E+03	 1.527E+03	 2.418E+03	-3.058E+03	 2.121E+00	 1.915E+00	 2.476E+00	-3.521E-01	-4.491E-01	 2.096E-01	 2.121E+00	-3.521E-01	 0.000E+00	 0.000E+00	 0.000E+00	 7.261E+02	 9.553E+00
  103.2500	-2.568E-03	 2.136E-03	 7.925E+00	 7.687E+02	 3.286E+01	 0.000E+00	 3.294E+03	 3.392E+03	 4.431E+03	 2.155E+03	 1.822E+03	-3.090E+03	 2.029E+00	 1.956E+00	 2.518E+00	-4.255E-01	-3.758E-01	 2.104E-01	 2.029E+00	-4.255E-01	 0.000E+00	 0.000E+00	 0.000E+00	 7.255E+02	 9.547E+00
  103.5000	-2.286E-03	 1.138E-03	 7.924E+00	 7.687E+02	 4.474E+01	 0.000E+00	 3.174E+03	 3.508E+03	 4.437E+03	 2.714E+03	 1.151E+03	-2.978E+03	 1.956E+00	 1.997E+00	 2.542E+00	-4.924E-01	-2.921E-01	 1.940E-01	 1.956E+00	-4.924E-01	 0.000E+00	 0.000E+00	 0.000E+00	 7.249E+02	 9.540E+00
  103.7500	-1.805E-03	 1.988E-03	 7.924E+00	 7.686E+02	 5.663E+01	 0.000E+00	 3.095E+03	 3.617E+03	 4.408E+03	 3.162E+03	 4.418E+02	-2.717E+03	 1.906E+00	 2.037E+00	 2.553E+00	-5.459E-01	-2.037E-01	 1.592E-01	 1.906E+00	-5.459E-01	 0.000E+00	 0.000E+00	 0.000E+00	 7.244E+02	 9.534E+00
  104.0000	-1.325E-03	 2.173E-03	 7.923E+00	 7.686E+02	 6.851E+01	 0.000E+00	 3.051E+03	 3.730E+03	 4.354E+03	 3.480E+03	-2.616E+02	-2.331E+03	 1.873E+00	 2.081E+00	 2.549E+00	-5.840E-01	-1.169E-01	 1.097E-01	 1.873E+00	-5.840E-01	 0.000E+00	 0.000E+00	 0.000E+00	 7.240E+02	 9.529E+00
  104.2500	-7.324E-04	 2.195E-03	 7.923E+00	 7.685E+02	 8.040E+01	 0.000E+00	 3.029E+03	 3.842E+03	 4.255E+03	 3.673E+03	-9.436E+02	-1.845E+03	 1.854E+00	 2.134E+00	 2.523E+00	-6.075E-01	-3.357E-02	 4.956E-02	 1.854E+00	-6.075E-01	 0.000E+00	 0.000E+00	 0.000E+00	 7.236E+02	 9.524E+00
  104.5000	-2.997E-04	 1.430E-03	 7.922E+00	 7.685E+02	 9.228E+01	 0.000E+00	 3.034E+03	 3.966E+03	 4.130E+03	 3.723E+03	-1.577E+03	-1.260E+03	 1.846E+00	 2.195E+00	 2.471E+00	-6.133E-01	 4.323E-02	-2.151E-02	 1.846E+00	-6.133E-01	 0.000E+00	 0.000E+00	 0.000E+00	 7.231E+02	 9.518E+00
  104.7500	-3.730E-05	 2.935E-04	 7.921E+00	 7.684E+02	 1.042E+02	 0.000E+00	 3.059E+03	 4.085E+03	 3.974E+03	 3.608E+03	-2.123E+03	-6.017E+02	 1.847E+00	 2.263E+00	 2.401E+00	-5.981E-01	 1.078E-01	-1.007E-01	 1.847E+00	-5.981E-01	 0.000E+00	 0.000E+00	 0.000E+00	 7.226E+02	 9.513E+00
  105.0000	-3.404E-05	-2.848E-04	 7.920E+00	 7.683E+02	 1.160E+02	 0.000E+00	 3.109E+03	 4.200E+03	 3.803E+03	 3.352E+03	-2.555E+03	 8.654E+01	 1.860E+00	 2.333E+00	 2.314E+00	-5.655E-01	 1.572E-01	-1.823E-01	 1.860E+00	-5.655E-01	 0.000E+00	 0.000E+00	 0.000E+00	 7.219E+02	 9.506E+00
  105.2500	-1.952E-04	-1.020E-03	 7.919E+00	 7.682E+02	 1.279E+02	 0.000E+00	 3.181E+03	 4.298E+03	 3.626E+03	 2.975E+03	-2.872E+03	 7.795E+02	 1.883E+00	 2.400E+00	 2.219E+00	-5.188E-01	 1.923E-01	-2.634E-01	 1.883E+00	-5.188E-01	 0.000E+00	 0.000E+00	 0.000E+00	 7.213E+02	 9.498E+00
  105.5000	-4.353E-04	-8.731E-04	 7.918E+00	 7.681E+02	 1.398E+02	 0.000E+00	 3.274E+03	 4.371E+03	 3.455E+03	 2.479E+03	-3.061E+03	 1.464E+03	 1.915E+00	 2.458E+00	 2.122E+00	-4.573E-01	 2.119E-01	-3.440E-01	 1.915E+00	-4.573E-01	 0.000E+00	 0.000E+00	 0.000E+00	 7.205E+02	 9.490E+00
  105.7500	-6.489E-04	-7.680E-04	 7.918E+00	 7.680E+02	 1.517E+02	 0.000E+00	 3.380E+03	 4.413E+03	 3.303E+03	 1.878E+03	-3.099E+03	 2.104E+03	 1.952E+00	 2.503E+00	 2.034E+00	-3.822E-01	 2.129E-01	-4.198E-01	 1.952E+00	-3.822E-01	 0.000E+00	 0.000E+00	 0.000E+00	 7.198E+02	 9.481E+00
  106.0000	-7.745E-04	-1.720E-04	 7.917E+00	 7.680E+02	 1.636E+02	 0.000E+00	 3.491E+03	 4.424E+03	 3.185E+03	 1.215E+03	-2.992E+03	 2.658E+03	 1.990E+00	 2.533E+00	 1.963E+00	-2.996E-01	 1.963E-01	-4.854E-01	 1.990E+00	-2.996E-01	 0.000E+00	 0.000E+00	 0.000E+00	 7.192E+02	 9.474E+00
  106.2500	-7.488E-04	 3.441E-04	 7.917E+00	 7.679E+02	 1.754E+02	 0.000E+00	 3.602E+03	 4.410E+03	 3.102E+03	 5.205E+02	-2.751E+03	 3.113E+03	 2.030E+00	 2.549E+00	 1.910E+00	-2.136E-01	 1.640E-01	-5.396E-01	 2.030E+00	-2.136E-01	 0.000E+00	 0.000E+00	 0.000E+00	 7.187E+02	 9.468E+00
  106.5000	-5.180E-04	 1.303E-03	 7.917E+00	 7.680E+02	 1.873E+02	 0.000E+00	 3.716E+03	 4.362E+03	 3.050E+03	-1.916E+02	-2.384E+03	 3.456E+03	 2.075E+00	 2.550E+00	 1.874E+00	-1.254E-01	 1.168E-01	-5.812E-01	 2.075E+00	-1.254E-01	 0.000E+00	 0.000E+00	 0.000E+00	 7.185E+02	 9.464E+00
  106.7500	-1.891E-04	 1.299E-03	 7.917E+00	 7.680E+02	 1.992E+02	 0.000E+00	 3.838E+03	 4.279E+03	 3.025E+03	-8.850E+02	-1.896E+03	 3.663E+03	 2.129E+00	 2.530E+00	 1.852E+00	-4.021E-02	 5.547E-02	-6.062E-01	 2.129E+00	-4.021E-02	 0.000E+00	 0.000E+00	 0.000E+00	 7.183E+02	 9.461E+00
  107.0000	 1.112E-04	 9.063E-04	 7.917E+00	 7.680E+02	 2.111E+02	 0.000E+00	 3.962E+03	 4.160E+03	 3.025E+03	-1.516E+03	-1.316E+03	 3.713E+03	 2.192E+00	 2.487E+00	 1.841E+00	 3.563E-02	-1.575E-02	-6.112E-01	 2.192E+00	 3.563E-02	 0.000E+00	 0.000E+00	 0.000E+00	 7.182E+02	 9.460E+00
  107.2500	 2.550E-04	 1.201E-04	 7.917E+00	 7.679E+02	 2.229E+02	 0.000E+00	 4.089E+03	 4.013E+03	 3.048E+03	-2.063E+03	-6.743E+02	 3.618E+03	 2.262E+00	 2.420E+00	 1.840E+00	 9.986E-02	-9.273E-02	-5.985E-01	 2.262E+00	 9.986E-02	 0.000E+00	 0.000E+00	 0.000E+00	 7.181E+02	 9.459E+00
  107.5000	 2.159E-04	-4.464E-04	 7.917E+00	 7.679E+02	 2.348E+02	 0.000E+00	 4.207E+03	 3.840E+03	 3.092E+03	-2.517E+03	 9.519E+00	 3.387E+03	 2.335E+00	 2.334E+00	 1.851E+00	 1.523E-01	-1.737E-01	-5.697E-01	 2.335E+00	 1.523E-01	 0.000E+00	 0.000E+00	 0.000E+00	 7.180E+02	 9.457E+00
  107.7500	 6.292E-05	-8.435E-04	 7.916E+00	 7.679E+02	 2.467E+02	 0.000E+00	 4.305E+03	 3.656E+03	 3.166E+03	-2.851E+03	 7.119E+02	 3.018E+03	 2.402E+00	 2.237E+00	 1.874E+00	 1.898E-01	-2.564E-01	-5.237E-01	 2.402E+00	 1.898E-01	 0.000E+00	 0.000E+00	 0.000E+00	 7.178E+02	 9.456E+00
  108.0000	-1.886E-04	-1.127E-03	 7.916E+00	 7.679E+02	 2.586E+02	 0.000E+00	 4.378E+03	 3.479E+03	 3.260E+03	-3.042E+03	 1.397E+03	 2.525E+03	 2.459E+00	 2.136E+00	 1.908E+00	 2.091E-01	-3.366E-01	-4.622E-01	 2.459E+00	 2.091E-01	 0.000E+00	 0.000E+00	 0.000E+00	 7.176E+02	 9.453E+00
  108.2500	-4.663E-04	-1.014E-03	 7.916E+00	 7.678E+02	 2.704E+02	 0.000E+00	 4.422E+03	 3.320E+03	 3.368E+03	-3.095E+03	 2.032E+03	 1.942E+03	 2.505E+00	 2.044E+00	 1.946E+00	 2.119E-01	-4.109E-01	-3.900E-01	 2.505E+00	 2.119E-01	 0.000E+00	 0.000E+00	 0.000E+00	 7.174E+02	 9.451E+00
  108.5000	-6.598E-04	-4.764E-04	 7.916E+00	 7.678E+02	 2.823E+02	 0.000E+00	 4.438E+03	 3.193E+03	 3.481E+03	-3.013E+03	 2.600E+03	 1.293E+03	 2.537E+00	 1.967E+00	 1.986E+00	 1.989E-01	-4.781E-01	-3.097E-01	 2.537E+00	 1.989E-01	 0.000E+00	 0.000E+00	 0.000E+00	 7.172E+02	 9.448E+00
  108.7500	-6.297E-04	 4.955E-04	 7.916E+00	 7.678E+02	 2.942E+02	 0.000E+00	 4.419E+03	 3.105E+03	 3.592E+03	-2.786E+03	 3.074E+03	 5.919E+02	 2.553E+00	 1.912E+00	 2.027E+00	 1.685E-01	-5.351E-01	-2.225E-01	 2.553E+00	 1.685E-01	 0.000E+00	 0.000E+00	 0.000E+00	 7.171E+02	 9.447E+00
  109.0000	-4.052E-04	 1.158E-03	 7.916E+00	 7.678E+02	 3.061E+02	 0.000E+00	 4.370E+03	 3.053E+03	 3.706E+03	-2.423E+03	 3.427E+03	-1.237E+02	 2.552E+00	 1.875E+00	 2.071E+00	 1.213E-01	-5.776E-01	-1.335E-01	 2.552E+00	 1.213E-01	 0.000E+00	 0.000E+00	 0.000E+00	 7.170E+02	 9.446E+00
  109.2500	-1.294E-04	 1.005E-03	 7.916E+00	 7.679E+02	 3.179E+02	 0.000E+00	 4.293E+03	 3.026E+03	 3.828E+03	-1.949E+03	 3.640E+03	-8.107E+02	 2.534E+00	 1.852E+00	 2.124E+00	 6.183E-02	-6.030E-01	-4.949E-02	 2.534E+00	 6.183E-02	 0.000E+00	 0.000E+00	 0.000E+00	 7.171E+02	 9.447E+00
  109.5000	 1.216E-04	 8.013E-04	 7.917E+00	 7.679E+02	 3.298E+02	 0.000E+00	 4.182E+03	 3.021E+03	 3.954E+03	-1.386E+03	 3.713E+03	-1.447E+03	 2.496E+00	 1.839E+00	 2.187E+00	-7.247E-03	-6.111E-01	 2.695E-02	 2.496E+00	-7.247E-03	 0.000E+00	 0.000E+00	 0.000E+00	 7.172E+02	 9.448E+00
  109.7500	 2.762E-04	 4.027E-04	 7.917E+00	 7.679E+02	 3.417E+02	 0.000E+00	 4.039E+03	 3.040E+03	 4.082E+03	-7.456E+02	 3.639E+03	-2.013E+03	 2.433E+00	 1.837E+00	 2.258E+00	-8.452E-02	-6.014E-01	 9.416E-02	 2.433E+00	-8.452E-02	 0.000E+00	 0.000E+00	 0.000E+00	 7.173E+02	 9.449E+00
  110.0000	 2.833E-04	-3.109E-04	 7.917E+00	 7.679E+02	 3.536E+02	 0.000E+00	 3.864E+03	 3.084E+03	 4.200E+03	-5.793E+01	 3.415E+03	-2.478E+03	 2.348E+00	 1.848E+00	 2.329E+00	-1.664E-01	-5.729E-01	 1.480E-01	 2.348E+00	-1.664E-01	 0.000E+00	 0.000E+00	 0.000E+00	 7.174E+02	 9.451E+00
  110.2500	 1.013E-04	-1.027E-03	 7.917E+00	 7.679E+02	 5.429E+00	 0.000E+00	 3.685E+03	 3.155E+03	 4.306E+03	 6.391E+02	 3.056E+03	-2.814E+03	 2.251E+00	 1.869E+00	 2.398E+00	-2.482E-01	-5.278E-01	 1.852E-01	 2.251E+00	-2.482E-01	 0.000E+00	 0.000E+00	 0.000E+00	 7.175E+02	 9.451E+00
  110.5000	-1.693E-04	-1.079E-03	 7.917E+00	 7.679E+02	 1.730E+01	 0.000E+00	 3.507E+03	 3.246E+03	 4.385E+03	 1.320E+03	 2.583E+03	-3.023E+03	 2.151E+00	 1.901E+00	 2.460E+00	-3.277E-01	-4.692E-01	 2.067E-01	 2.151E+00	-3.277E-01	 0.000E+00	 0.000E+00	 0.000E+00	 7.175E+02	 9.451E+00
  110.7500	-4.501E-04	-1.066E-03	 7.917E+00	 7.679E+02	 2.918E+01	 0.000E+00	 3.343E+03	 3.357E+03	 4.436E+03	 1.968E+03	 2.011E+03	-3.099E+03	 2.056E+00	 1.941E+00	 2.508E+00	-4.037E-01	-3.987E-01	 2.125E-01	 2.056E+00	-4.037E-01	 0.000E+00	 0.000E+00	 0.000E+00	 7.175E+02	 9.451E+00
  111.0000	-6.388E-04	-5.162E-04	 7.917E+00	 7.679E+02	 4.105E+01	 0.000E+00	 3.208E+03	 3.473E+03	 4.454E+03	 2.548E+03	 1.359E+03	-3.026E+03	 1.976E+00	 1.983E+00	 2.542E+00	-4.723E-01	-3.177E-01	 2.003E-01	 1.976E+00	-4.723E-01	 0.000E+00	 0.000E+00	 0.000E+00	 7.175E+02	 9.452E+00
  111.2500	-6.631E-04	 2.504E-04	 7.917E+00	 7.680E+02	 5.293E+01	 0.000E+00	 3.113E+03	 3.589E+03	 4.443E+03	 3.026E+03	 6.626E+02	-2.807E+03	 1.916E+00	 2.026E+00	 2.560E+00	-5.289E-01	-2.312E-01	 1.701E-01	 1.916E+00	-5.289E-01	 0.000E+00	 0.000E+00	 0.000E+00	 7.176E+02	 9.453E+00
  111.5000	-4.973E-04	 9.969E-04	 7.918E+00	 7.680E+02	 6.481E+01	 0.000E+00	 3.054E+03	 3.705E+03	 4.400E+03	 3.389E+03	-4.371E+01	-2.463E+03	 1.876E+00	 2.071E+00	 2.564E+00	-5.723E-01	-1.440E-01	 1.255E-01	 1.876E+00	-5.723E-01	 0.000E+00	 0.000E+00	 0.000E+00	 7.179E+02	 9.455E+00
  111.7500	-2.080E-04	 1.192E-03	 7.919E+00	 7.681E+02	 7.668E+01	 0.000E+00	 3.023E+03	 3.827E+03	 4.324E+03	 3.625E+03	-7.370E+02	-2.006E+03	 1.850E+00	 2.124E+00	 2.549E+00	-6.009E-01	-5.903E-02	 6.822E-02	 1.850E+00	-6.009E-01	 0.000E+00	 0.000E+00	 0.000E+00	 7.182E+02	 9.459E+00
  112.0000	 9.428E-05	 1.012E-03	 7.919E+00	 7.682E+02	 8.856E+01	 0.000E+00	 3.017E+03	 3.953E+03	 4.213E+03	 3.714E+03	-1.387E+03	-1.444E+03	 1.837E+00	 2.186E+00	 2.512E+00	-6.112E-01	 1.974E-02	-1.209E-03	 1.837E+00	-6.112E-01	 0.000E+00	 0.000E+00	 0.000E+00	 7.186E+02	 9.464E+00
  112.2500	 2.956E-04	 5.571E-04	 7.920E+00	 7.682E+02	 1.004E+02	 0.000E+00	 3.034E+03	 4.077E+03	 4.069E+03	 3.648E+03	-1.959E+03	-8.073E+02	 1.834E+00	 2.255E+00	 2.449E+00	-6.020E-01	 8.748E-02	-7.823E-02	 1.834E+00	-6.020E-01	 0.000E+00	 0.000E+00	 0.000E+00	 7.190E+02	 9.468E+00
  112.5000	 3.169E-04	-2.388E-04	 7.920E+00	 7.682E+02	 1.123E+02	 0.000E+00	 3.076E+03	 4.197E+03	 3.896E+03	 3.442E+03	-2.428E+03	-1.312E+02	 1.844E+00	 2.326E+00	 2.365E+00	-5.758E-01	 1.416E-01	-1.582E-01	 1.844E+00	-5.758E-01	 0.000E+00	 0.000E+00	 0.000E+00	 7.193E+02	 9.472E+00
  112.7500	 1.821E-04	-7.936E-04	 7.920E+00	 7.682E+02	 1.242E+02	 0.000E+00	 3.145E+03	 4.300E+03	 3.709E+03	 3.103E+03	-2.785E+03	 5.635E+02	 1.865E+00	 2.395E+00	 2.266E+00	-5.338E-01	 1.817E-01	-2.395E-01	 1.865E+00	-5.338E-01	 0.000E+00	 0.000E+00	 0.000E+00	 7.195E+02	 9.475E+00
  113.0000	-6.596E-05	-1.030E-03	 7.919E+00	 7.682E+02	 1.361E+02	 0.000E+00	 3.237E+03	 4.380E+03	 3.526E+03	 2.639E+03	-3.013E+03	 1.256E+03	 1.898E+00	 2.455E+00	 2.162E+00	-4.763E-01	 2.060E-01	-3.205E-01	 1.898E+00	-4.763E-01	 0.000E+00	 0.000E+00	 0.000E+00	 7.196E+02	 9.476E+00
  113.2500	-3.457E-04	-1.178E-03	 7.919E+00	 7.682E+02	 1.480E+02	 0.000E+00	 3.346E+03	 4.430E+03	 3.356E+03	 2.070E+03	-3.096E+03	 1.908E+03	 1.938E+00	 2.504E+00	 2.065E+00	-4.057E-01	 2.124E-01	-3.969E-01	 1.938E+00	-4.057E-01	 0.000E+00	 0.000E+00	 0.000E+00	 7.196E+02	 9.476E+00
  113.5000	-5.805E-04	-7.322E-04	 7.919E+00	 7.682E+02	 1.598E+02	 0.000E+00	 3.461E+03	 4.452E+03	 3.219E+03	 1.429E+03	-3.035E+03	 2.489E+03	 1.979E+00	 2.538E+00	 1.983E+00	-3.265E-01	 2.015E-01	-4.649E-01	 1.979E+00	-3.265E-01	 0.000E+00	 0.000E+00	 0.000E+00	 7.196E+02	 9.476E+00
  113.7500	-6.323E-04	 3.041E-04	 7.919E+00	 7.682E+02	 1.717E+02	 0.000E+00	 3.575E+03	 4.442E+03	 3.120E+03	 7.410E+02	-2.838E+03	 2.981E+03	 2.021E+00	 2.559E+00	 1.921E+00	-2.412E-01	 1.745E-01	-5.235E-01	 2.021E+00	-2.412E-01	 0.000E+00	 0.000E+00	 0.000E+00	 7.196E+02	 9.476E+00
  114.0000	-4.689E-04	 9.645E-04	 7.920E+00	 7.682E+02	 1.836E+02	 0.000E+00	 3.691E+03	 4.401E+03	 3.059E+03	 2.767E+01	-2.508E+03	 3.364E+03	 2.065E+00	 2.562E+00	 1.879E+00	-1.527E-01	 1.317E-01	-5.697E-01	 2.065E+00	-1.527E-01	 0.000E+00	 0.000E+00	 0.000E+00	 7.197E+02	 9.477E+00
  114.2500	-1.828E-04	 1.180E-03	 7.920E+00	 7.683E+02	 1.955E+02	 0.000E+00	 3.812E+03	 4.328E+03	 3.027E+03	-6.721E+02	-2.054E+03	 3.610E+03	 2.117E+00	 2.548E+00	 1.854E+00	-6.662E-02	 7.420E-02	-5.993E-01	 2.117E+00	-6.662E-02	 0.000E+00	 0.000E+00	 0.000E+00	 7.199E+02	 9.479E+00
  114.5000	 1.033E-04	 9.140E-04	 7.921E+00	 7.683E+02	 2.074E+02	 0.000E+00	 3.937E+03	 4.222E+03	 3.019E+03	-1.322E+03	-1.502E+03	 3.708E+03	 2.178E+00	 2.514E+00	 1.839E+00	 1.185E-02	 5.999E-03	-6.104E-01	 2.178E+00	 1.185E-02	 0.000E+00	 0.000E+00	 0.000E+00	 7.201E+02	 9.482E+00
  114.7500	 2.775E-04	 4.773E-04	 7.921E+00	 7.683E+02	 2.192E+02	 0.000E+00	 4.064E+03	 4.084E+03	 3.032E+03	-1.901E+03	-8.786E+02	 3.663E+03	 2.247E+00	 2.455E+00	 1.835E+00	 8.044E-02	-6.929E-02	-6.041E-01	 2.247E+00	 8.044E-02	 0.000E+00	 0.000E+00	 0.000E+00	 7.203E+02	 9.484E+00
  115.0000	 3.117E-04	-3.783E-05	 7.921E+00	 7.683E+02	 2.311E+02	 0.000E+00	 4.186E+03	 3.913E+03	 3.070E+03	-2.388E+03	-2.026E+02	 3.474E+03	 2.319E+00	 2.374E+00	 1.842E+00	 1.372E-01	-1.497E-01	-5.802E-01	 2.319E+00	 1.372E-01	 0.000E+00	 0.000E+00	 0.000E+00	 7.205E+02	 9.487E+00
  115.2500	 2.070E-04	-7.339E-04	 7.921E+00	 7.683E+02	 2.430E+02	 0.000E+00	 4.290E+03	 3.727E+03	 3.137E+03	-2.757E+03	 4.981E+02	 3.142E+03	 2.388E+00	 2.276E+00	 1.863E+00	 1.788E-01	-2.321E-01	-5.386E-01	 2.388E+00	 1.788E-01	 0.000E+00	 0.000E+00	 0.000E+00	 7.206E+02	 9.488E+00
  115.5000	-3.611E-05	-1.014E-03	 7.920E+00	 7.683E+02	 2.549E+02	 0.000E+00	 4.372E+03	 3.542E+03	 3.226E+03	-2.992E+03	 1.188E+03	 2.687E+03	 2.449E+00	 2.172E+00	 1.895E+00	 2.037E-01	-3.125E-01	-4.821E-01	 2.449E+00	 2.037E-01	 0.000E+00	 0.000E+00	 0.000E+00	 7.206E+02	 9.488E+00
  115.7500	-3.258E-04	-1.273E-03	 7.920E+00	 7.682E+02	 2.668E+02	 0.000E+00	 4.425E+03	 3.371E+03	 3.334E+03	-3.092E+03	 1.841E+03	 2.134E+03	 2.499E+00	 2.074E+00	 1.933E+00	 2.122E-01	-3.886E-01	-4.139E-01	 2.499E+00	 2.122E-01	 0.000E+00	 0.000E+00	 0.000E+00	 7.205E+02	 9.487E+00
  116.0000	-5.710E-04	-7.055E-04	 7.920E+00	 7.682E+02	 2.786E+02	 0.000E+00	 4.451E+03	 3.231E+03	 3.449E+03	-3.052E+03	 2.435E+03	 1.500E+03	 2.535E+00	 1.990E+00	 1.975E+00	 2.040E-01	-4.586E-01	-3.355E-01	 2.535E+00	 2.040E-01	 0.000E+00	 0.000E+00	 0.000E+00	 7.204E+02	 9.485E+00
  116.2500	-6.173E-04	 3.492E-04	 7.920E+00	 7.682E+02	 2.905E+02	 0.000E+00	 4.441E+03	 3.128E+03	 3.563E+03	-2.866E+03	 2.941E+03	 8.087E+02	 2.557E+00	 1.926E+00	 2.017E+00	 1.783E-01	-5.190E-01	-2.494E-01	 2.557E+00	 1.783E-01	 0.000E+00	 0.000E+00	 0.000E+00	 7.203E+02	 9.485E+00
  116.5000	-4.634E-04	 9.062E-04	 7.920E+00	 7.682E+02	 3.024E+02	 0.000E+00	 4.401E+03	 3.065E+03	 3.676E+03	-2.544E+03	 3.330E+03	 9.751E+01	 2.560E+00	 1.884E+00	 2.060E+00	 1.363E-01	-5.657E-01	-1.612E-01	 2.560E+00	 1.363E-01	 0.000E+00	 0.000E+00	 0.000E+00	 7.203E+02	 9.484E+00
  116.7500	-1.795E-04	 1.223E-03	 7.920E+00	 7.683E+02	 3.143E+02	 0.000E+00	 4.328E+03	 3.030E+03	 3.795E+03	-2.105E+03	 3.589E+03	-5.997E+02	 2.547E+00	 1.857E+00	 2.109E+00	 8.097E-02	-5.967E-01	-7.555E-02	 2.547E+00	 8.097E-02	 0.000E+00	 0.000E+00	 0.000E+00	 7.203E+02	 9.485E+00
  117.0000	 1.060E-04	 9.132E-04	 7.921E+00	 7.683E+02	 3.262E+02	 0.000E+00	 4.225E+03	 3.020E+03	 3.919E+03	-1.566E+03	 3.709E+03	-1.258E+03	 2.514E+00	 1.841E+00	 2.169E+00	 1.445E-02	-6.109E-01	 4.309E-03	 2.514E+00	 1.445E-02	 0.000E+00	 0.000E+00	 0.000E+00	 7.204E+02	 9.486E+00
  117.2500	 3.101E-04	 6.379E-04	 7.920E+00	 7.683E+02	 3.380E+02	 0.000E+00	 4.086E+03	 3.031E+03	 4.043E+03	-9.450E+02	 3.679E+03	-1.851E+03	 2.456E+00	 1.837E+00	 2.237E+00	-6.087E-02	-6.065E-01	 7.505E-02	 2.456E+00	-6.087E-02	 0.000E+00	 0.000E+00	 0.000E+00	 7.205E+02	 9.487E+00
  117.5000	 3.571E-04	-5.408E-05	 7.920E+00	 7.683E+02	 3.499E+02	 0.000E+00	 3.918E+03	 3.068E+03	 4.164E+03	-2.705E+02	 3.498E+03	-2.345E+03	 2.375E+00	 1.844E+00	 2.307E+00	-1.412E-01	-5.834E-01	 1.326E-01	 2.375E+00	-1.412E-01	 0.000E+00	 0.000E+00	 0.000E+00	 7.205E+02	 9.487E+00
  117.7500	 2.418E-04	-7.648E-04	 7.920E+00	 7.682E+02	 1.801E+00	 0.000E+00	 3.735E+03	 3.132E+03	 4.270E+03	 4.248E+02	 3.181E+03	-2.723E+03	 2.279E+00	 1.863E+00	 2.376E+00	-2.229E-01	-5.436E-01	 1.753E-01	 2.279E+00	-2.229E-01	 0.000E+00	 0.000E+00	 0.000E+00	 7.204E+02	 9.486E+00
  118.0000	-1.742E-05	-1.095E-03	 7.919E+00	 7.682E+02	 1.368E+01	 0.000E+00	 3.552E+03	 3.218E+03	 4.355E+03	 1.116E+03	 2.743E+03	-2.977E+03	 2.178E+00	 1.893E+00	 2.438E+00	-3.036E-01	-4.894E-01	 2.027E-01	 2.178E+00	-3.036E-01	 0.000E+00	 0.000E+00	 0.000E+00	 7.201E+02	 9.483E+00
  118.2500	-3.001E-04	-1.211E-03	 7.919E+00	 7.681E+02	 2.556E+01	 0.000E+00	 3.382E+03	 3.323E+03	 4.412E+03	 1.779E+03	 2.196E+03	-3.093E+03	 2.080E+00	 1.930E+00	 2.490E+00	-3.813E-01	-4.218E-01	 2.133E-01	 2.080E+00	-3.813E-01	 0.000E+00	 0.000E+00	 0.000E+00	 7.199E+02	 9.480E+00
  118.5000	-5.470E-04	-6.950E-04	 7.918E+00	 7.681E+02	 3.744E+01	 0.000E+00	 3.241E+03	 3.435E+03	 4.440E+03	 2.381E+03	 1.564E+03	-3.063E+03	 1.996E+00	 1.971E+00	 2.528E+00	-4.523E-01	-3.432E-01	 2.060E-01	 1.996E+00	-4.523E-01	 0.000E+00	 0.000E+00	 0.000E+00	 7.196E+02	 9.477E+00
  118.7500	-6.343E-04	 1.707E-04	 7.918E+00	 7.681E+02	 4.931E+01	 0.000E+00	 3.137E+03	 3.548E+03	 4.436E+03	 2.892E+03	 8.800E+02	-2.890E+03	 1.932E+00	 2.011E+00	 2.551E+00	-5.131E-01	-2.582E-01	 1.817E-01	 1.932E+00	-5.131E-01	 0.000E+00	 0.000E+00	 0.000E+00	 7.194E+02	 9.474E+00
  119.0000	-5.055E-04	 9.048E-04	 7.918E+00	 7.681E+02	 6.119E+01	 0.000E+00	 3.070E+03	 3.661E+03	 4.401E+03	 3.295E+03	 1.729E+02	-2.586E+03	 1.888E+00	 2.054E+00	 2.557E+00	-5.615E-01	-1.706E-01	 1.420E-01	 1.888E+00	-5.615E-01	 0.000E+00	 0.000E+00	 0.000E+00	 7.193E+02	 9.473E+00
  119.2500	-2.297E-04	 1.261E-03	 7.919E+00	 7.681E+02	 7.307E+01	 0.000E+00	 3.033E+03	 3.780E+03	 4.332E+03	 3.572E+03	-5.310E+02	-2.158E+03	 1.859E+00	 2.102E+00	 2.547E+00	-5.949E-01	-8.381E-02	 8.792E-02	 1.859E+00	-5.949E-01	 0.000E+00	 0.000E+00	 0.000E+00	 7.192E+02	 9.472E+00
  119.5000	 7.501E-05	 1.047E-03	 7.919E+00	 7.681E+02	 8.495E+01	 0.000E+00	 3.020E+03	 3.902E+03	 4.231E+03	 3.704E+03	-1.198E+03	-1.624E+03	 1.843E+00	 2.161E+00	 2.515E+00	-6.105E-01	-2.678E-03	 2.160E-02	 1.843E+00	-6.105E-01	 0.000E+00	 0.000E+00	 0.000E+00	 7.192E+02	 9.472E+00
  119.7500	 2.725E-04	 5.936E-04	 7.919E+00	 7.681E+02	 9.683E+01	 0.000E+00	 3.029E+03	 4.029E+03	 4.099E+03	 3.686E+03	-1.793E+03	-1.010E+03	 1.837E+00	 2.228E+00	 2.461E+00	-6.073E-01	 6.829E-02	-5.293E-02	 1.837E+00	-6.073E-01	 0.000E+00	 0.000E+00	 0.000E+00	 7.193E+02	 9.472E+00
  120.0000	 3.207E-04	-4.982E-05	 7.919E+00	 7.681E+02	 1.087E+02	 0.000E+00	 3.062E+03	 4.152E+03	 3.936E+03	 3.523E+03	-2.297E+03	-3.442E+02	 1.842E+00	 2.300E+00	 2.384E+00	-5.864E-01	 1.269E-01	-1.323E-01	 1.842E+00	-5.864E-01	 0.000E+00	 0.000E+00	 0.000E+00	 7.193E+02	 9.472E+00
  120.2500	 2.322E-04	-6.095E-04	 7.918E+00	 7.681E+02	 1.206E+02	 0.000E+00	 3.123E+03	 4.260E+03	 3.754E+03	 3.222E+03	-2.693E+03	 3.517E+02	 1.860E+00	 2.370E+00	 2.289E+00	-5.489E-01	 1.720E-01	-2.142E-01	 1.860E+00	-5.489E-01	 0.000E+00	 0.000E+00	 0.000E+00	 7.192E+02	 9.472E+00
  120.5000	 2.522E-06	-1.100E-03	 7.918E+00	 7.680E+02	 1.325E+02	 0.000E+00	 3.208E+03	 4.347E+03	 3.569E+03	 2.792E+03	-2.960E+03	 1.049E+03	 1.889E+00	 2.432E+00	 2.188E+00	-4.955E-01	 2.011E-01	-2.959E-01	 1.889E+00	-4.955E-01	 0.000E+00	 0.000E+00	 0.000E+00	 7.190E+02	 9.470E+00
  120.7500	-2.743E-04	-1.171E-03	 7.918E+00	 7.680E+02	 1.443E+02	 0.000E+00	 3.312E+03	 4.405E+03	 3.398E+03	 2.254E+03	-3.086E+03	 1.713E+03	 1.926E+00	 2.484E+00	 2.089E+00	-4.287E-01	 2.127E-01	-3.735E-01	 1.926E+00	-4.287E-01	 0.000E+00	 0.000E+00	 0.000E+00	 7.188E+02	 9.467E+00
  121.0000	-5.398E-04	-7.630E-04	 7.917E+00	 7.680E+02	 1.562E+02	 0.000E+00	 3.423E+03	 4.437E+03	 3.253E+03	 1.633E+03	-3.071E+03	 2.319E+03	 1.966E+00	 2.524E+00	 2.003E+00	-3.518E-01	 2.074E-01	-4.448E-01	 1.966E+00	-3.518E-01	 0.000E+00	 0.000E+00	 0.000E+00	 7.185E+02	 9.464E+00
  121.2500	-6.478E-04	 9.837E-05	 7.917E+00	 7.680E+02	 1.681E+02	 0.000E+00	 3.536E+03	 4.437E+03	 3.145E+03	 9.545E+02	-2.917E+03	 2.844E+03	 2.006E+00	 2.548E+00	 1.937E+00	-2.675E-01	 1.856E-01	-5.073E-01	 2.006E+00	-2.675E-01	 0.000E+00	 0.000E+00	 0.000E+00	 7.183E+02	 9.462E+00
  121.5000	-5.262E-04	 9.360E-04	 7.917E+00	 7.680E+02	 1.800E+02	 0.000E+00	 3.648E+03	 4.403E+03	 3.075E+03	 2.443E+02	-2.624E+03	 3.262E+03	 2.048E+00	 2.556E+00	 1.891E+00	-1.793E-01	 1.471E-01	-5.575E-01	 2.048E+00	-1.793E-01	 0.000E+00	 0.000E+00	 0.000E+00	 7.182E+02	 9.460E+00
  121.7500	-2.523E-04	 1.256E-03	 7.918E+00	 7.680E+02	 1.918E+02	 0.000E+00	 3.766E+03	 4.338E+03	 3.036E+03	-4.616E+02	-2.206E+03	 3.549E+03	 2.096E+00	 2.547E+00	 1.862E+00	-9.215E-02	 9.382E-02	-5.921E-01	 2.096E+00	-9.215E-02	 0.000E+00	 0.000E+00	 0.000E+00	 7.182E+02	 9.460E+00
  122.0000	 5.146E-05	 1.131E-03	 7.918E+00	 7.680E+02	 2.037E+02	 0.000E+00	 3.887E+03	 4.240E+03	 3.021E+03	-1.130E+03	-1.684E+03	 3.695E+03	 2.154E+00	 2.518E+00	 1.845E+00	-1.098E-02	 2.915E-02	-6.094E-01	 2.154E+00	-1.098E-02	 0.000E+00	 0.000E+00	 0.000E+00	 7.183E+02	 9.460E+00
  122.2500	 2.476E-04	 6.181E-04	 7.918E+00	 7.680E+02	 2.156E+02	 0.000E+00	 4.015E+03	 4.113E+03	 3.027E+03	-1.735E+03	-1.080E+03	 3.696E+03	 2.220E+00	 2.466E+00	 1.837E+00	 6.133E-02	-4.425E-02	-6.087E-01	 2.220E+00	 6.133E-02	 0.000E+00	 0.000E+00	 0.000E+00	 7.183E+02	 9.461E+00
  122.5000	 3.153E-04	-7.294E-05	 7.918E+00	 7.680E+02	 2.275E+02	 0.000E+00	 4.139E+03	 3.953E+03	 3.057E+03	-2.252E+03	-4.149E+02	 3.548E+03	 2.292E+00	 2.392E+00	 1.841E+00	 1.220E-01	-1.239E-01	-5.897E-01	 2.292E+00	 1.220E-01	 0.000E+00	 0.000E+00	 0.000E+00	 7.184E+02	 9.462E+00
  122.7500	 2.384E-04	-5.586E-04	 7.917E+00	 7.680E+02	 2.393E+02	 0.000E+00	 4.250E+03	 3.774E+03	 3.116E+03	-2.658E+03	 2.811E+02	 3.257E+03	 2.363E+00	 2.300E+00	 1.857E+00	 1.681E-01	-2.061E-01	-5.531E-01	 2.363E+00	 1.681E-01	 0.000E+00	 0.000E+00	 0.000E+00	 7.183E+02	 9.461E+00
  123.0000	 1.722E-05	-1.161E-03	 7.917E+00	 7.680E+02	 2.512E+02	 0.000E+00	 4.339E+03	 3.588E+03	 3.197E+03	-2.936E+03	 9.754E+02	 2.841E+03	 2.426E+00	 2.199E+00	 1.885E+00	 1.984E-01	-2.873E-01	-5.014E-01	 2.426E+00	 1.984E-01	 0.000E+00	 0.000E+00	 0.000E+00	 7.182E+02	 9.460E+00
  123.2500	-2.674E-04	-1.132E-03	 7.917E+00	 7.679E+02	 2.631E+02	 0.000E+00	 4.404E+03	 3.416E+03	 3.300E+03	-3.079E+03	 1.644E+03	 2.316E+03	 2.480E+00	 2.099E+00	 1.921E+00	 2.122E-01	-3.653E-01	-4.364E-01	 2.480E+00	 2.122E-01	 0.000E+00	 0.000E+00	 0.000E+00	 7.180E+02	 9.458E+00
  123.5000	-5.353E-04	-8.038E-04	 7.917E+00	 7.679E+02	 2.750E+02	 0.000E+00	 4.439E+03	 3.268E+03	 3.411E+03	-3.081E+03	 2.261E+03	 1.701E+03	 2.522E+00	 2.012E+00	 1.962E+00	 2.090E-01	-4.380E-01	-3.602E-01	 2.522E+00	 2.090E-01	 0.000E+00	 0.000E+00	 0.000E+00	 7.179E+02	 9.456E+00
  123.7500	-6.621E-04	-3.818E-05	 7.917E+00	 7.679E+02	 2.868E+02	 0.000E+00	 4.443E+03	 3.155E+03	 3.526E+03	-2.939E+03	 2.795E+03	 1.025E+03	 2.548E+00	 1.943E+00	 2.002E+00	 1.883E-01	-5.015E-01	-2.761E-01	 2.548E+00	 1.883E-01	 0.000E+00	 0.000E+00	 0.000E+00	 7.178E+02	 9.455E+00
  124.0000	-5.697E-04	 8.312E-04	 7.917E+00	 7.679E+02	 2.987E+02	 0.000E+00	 4.414E+03	 3.080E+03	 3.639E+03	-2.658E+03	 3.221E+03	 3.187E+02	 2.559E+00	 1.895E+00	 2.045E+00	 1.512E-01	-5.524E-01	-1.886E-01	 2.559E+00	 1.512E-01	 0.000E+00	 0.000E+00	 0.000E+00	 7.177E+02	 9.454E+00
  124.2500	-3.144E-04	 1.197E-03	 7.917E+00	 7.680E+02	 3.106E+02	 0.000E+00	 4.353E+03	 3.037E+03	 3.757E+03	-2.255E+03	 3.523E+03	-3.869E+02	 2.552E+00	 1.863E+00	 2.092E+00	 9.983E-02	-5.888E-01	-1.015E-01	 2.552E+00	 9.983E-02	 0.000E+00	 0.000E+00	 0.000E+00	 7.178E+02	 9.455E+00
  124.5000	-6.849E-06	 1.281E-03	 7.918E+00	 7.680E+02	 3.225E+02	 0.000E+00	 4.259E+03	 3.019E+03	 3.878E+03	-1.744E+03	 3.688E+03	-1.063E+03	 2.526E+00	 1.844E+00	 2.149E+00	 3.627E-02	-6.085E-01	-1.917E-02	 2.526E+00	 3.627E-02	 0.000E+00	 0.000E+00	 0.000E+00	 7.180E+02	 9.457E+00
  124.7500	 2.217E-04	 7.066E-04	 7.918E+00	 7.680E+02	 3.344E+02	 0.000E+00	 4.133E+03	 3.024E+03	 4.005E+03	-1.144E+03	 3.702E+03	-1.677E+03	 2.476E+00	 1.836E+00	 2.215E+00	-3.687E-02	-6.095E-01	 5.446E-02	 2.476E+00	-3.687E-02	 0.000E+00	 0.000E+00	 0.000E+00	 7.182E+02	 9.459E+00
  125.0000	 3.195E-04	-9.513E-05	 7.918E+00	 7.680E+02	 3.462E+02	 0.000E+00	 3.976E+03	 3.052E+03	 4.130E+03	-4.846E+02	 3.567E+03	-2.202E+03	 2.403E+00	 1.839E+00	 2.286E+00	-1.159E-01	-5.919E-01	 1.160E-01	 2.403E+00	-1.159E-01	 0.000E+00	 0.000E+00	 0.000E+00	 7.183E+02	 9.461E+00
  125.2500	 2.532E-04	-5.112E-04	 7.918E+00	 7.680E+02	 3.581E+02	 0.000E+00	 3.797E+03	 3.107E+03	 4.243E+03	 2.065E+02	 3.293E+03	-2.619E+03	 2.312E+00	 1.854E+00	 2.357E+00	-1.974E-01	-5.575E-01	 1.636E-01	 2.312E+00	-1.974E-01	 0.000E+00	 0.000E+00	 0.000E+00	 7.184E+02	 9.462E+00
  125.5000	 5.161E-05	-1.129E-03	 7.918E+00	 7.680E+02	 9.981E+00	 0.000E+00	 3.610E+03	 3.187E+03	 4.335E+03	 9.032E+02	 2.891E+03	-2.914E+03	 2.212E+00	 1.881E+00	 2.422E+00	-2.789E-01	-5.077E-01	 1.960E-01	 2.212E+00	-2.789E-01	 0.000E+00	 0.000E+00	 0.000E+00	 7.183E+02	 9.462E+00
  125.7500	-2.221E-04	-1.071E-03	 7.917E+00	 7.680E+02	 2.186E+01	 0.000E+00	 3.435E+03	 3.289E+03	 4.401E+03	 1.578E+03	 2.374E+03	-3.072E+03	 2.111E+00	 1.917E+00	 2.477E+00	-3.578E-01	-4.436E-01	 2.116E-01	 2.111E+00	-3.578E-01	 0.000E+00	 0.000E+00	 0.000E+00	 7.183E+02	 9.461E+00
  126.0000	-4.954E-04	-9.250E-04	 7.917E+00	 7.680E+02	 3.373E+01	 0.000E+00	 3.282E+03	 3.400E+03	 4.438E+03	 2.200E+03	 1.767E+03	-3.086E+03	 2.021E+00	 1.958E+00	 2.519E+00	-4.309E-01	-3.683E-01	 2.097E-01	 2.021E+00	-4.309E-01	 0.000E+00	 0.000E+00	 0.000E+00	 7.181E+02	 9.460E+00
  126.2500	-6.552E-04	-1.895E-04	 7.917E+00	 7.680E+02	 4.561E+01	 0.000E+00	 3.164E+03	 3.515E+03	 4.446E+03	 2.742E+03	 1.098E+03	-2.959E+03	 1.949E+00	 1.998E+00	 2.547E+00	-4.950E-01	-2.854E-01	 1.910E-01	 1.949E+00	-4.950E-01	 0.000E+00	 0.000E+00	 0.000E+00	 7.181E+02	 9.459E+00
  126.5000	-5.901E-04	 6.869E-04	 7.917E+00	 7.680E+02	 5.748E+01	 0.000E+00	 3.085E+03	 3.628E+03	 4.420E+03	 3.182E+03	 3.943E+02	-2.695E+03	 1.898E+00	 2.041E+00	 2.559E+00	-5.477E-01	-1.980E-01	 1.559E-01	 1.898E+00	-5.477E-01	 0.000E+00	 0.000E+00	 0.000E+00	 7.181E+02	 9.459E+00
  126.7500	-3.428E-04	 1.189E-03	 7.918E+00	 7.680E+02	 6.936E+01	 0.000E+00	 3.039E+03	 3.745E+03	 4.363E+03	 3.500E+03	-3.154E+02	-2.302E+03	 1.865E+00	 2.087E+00	 2.554E+00	-5.860E-01	-1.103E-01	 1.057E-01	 1.865E+00	-5.860E-01	 0.000E+00	 0.000E+00	 0.000E+00	 7.182E+02	 9.459E+00
  127.0000	-3.323E-05	 1.316E-03	 7.918E+00	 7.681E+02	 8.124E+01	 0.000E+00	 3.019E+03	 3.866E+03	 4.271E+03	 3.677E+03	-9.954E+02	-1.800E+03	 1.845E+00	 2.143E+00	 2.530E+00	-6.072E-01	-2.727E-02	 4.298E-02	 1.845E+00	-6.072E-01	 0.000E+00	 0.000E+00	 0.000E+00	 7.184E+02	 9.461E+00
  127.2500	 2.019E-04	 6.619E-04	 7.918E+00	 7.681E+02	 9.312E+01	 0.000E+00	 3.022E+03	 3.994E+03	 4.151E+03	 3.706E+03	-1.615E+03	-1.209E+03	 1.836E+00	 2.208E+00	 2.484E+00	-6.099E-01	 4.697E-02	-2.911E-02	 1.836E+00	-6.099E-01	 0.000E+00	 0.000E+00	 0.000E+00	 7.185E+02	 9.463E+00
  127.5000	 3.164E-04	-2.590E-05	 7.919E+00	 7.681E+02	 1.050E+02	 0.000E+00	 3.048E+03	 4.119E+03	 3.997E+03	 3.588E+03	-2.151E+03	-5.561E+02	 1.837E+00	 2.280E+00	 2.414E+00	-5.946E-01	 1.100E-01	-1.074E-01	 1.837E+00	-5.946E-01	 0.000E+00	 0.000E+00	 0.000E+00	 7.187E+02	 9.465E+00
  127.7500	 2.654E-04	-4.932E-04	 7.918E+00	 7.681E+02	 1.169E+02	 0.000E+00	 3.100E+03	 4.235E+03	 3.819E+03	 3.329E+03	-2.582E+03	 1.347E+02	 1.851E+00	 2.351E+00	 2.324E+00	-5.620E-01	 1.595E-01	-1.891E-01	 1.851E+00	-5.620E-01	 0.000E+00	 0.000E+00	 0.000E+00	 7.188E+02	 9.467E+00
  128.0000	 8.578E-05	-1.024E-03	 7.918E+00	 7.681E+02	 1.287E+02	 0.000E+00	 3.178E+03	 4.328E+03	 3.631E+03	 2.937E+03	-2.889E+03	 8.331E+02	 1.877E+00	 2.417E+00	 2.223E+00	-5.132E-01	 1.933E-01	-2.709E-01	 1.877E+00	-5.132E-01	 0.000E+00	 0.000E+00	 0.000E+00	 7.188E+02	 9.467E+00
  128.2500	-1.899E-04	-1.133E-03	 7.918E+00	 7.680E+02	 1.406E+02	 0.000E+00	 3.277E+03	 4.397E+03	 3.453E+03	 2.431E+03	-3.060E+03	 1.509E+03	 1.913E+00	 2.473E+00	 2.121E+00	-4.506E-01	 2.103E-01	-3.498E-01	 1.913E+00	-4.506E-01	 0.000E+00	 0.000E+00	 0.000E+00	 7.187E+02	 9.467E+00
  128.5000	-4.709E-04	-9.904E-04	 7.918E+00	 7.680E+02	 1.525E+02	 0.000E+00	 3.388E+03	 4.438E+03	 3.296E+03	 1.835E+03	-3.091E+03	 2.138E+03	 1.953E+00	 2.516E+00	 2.030E+00	-3.768E-01	 2.106E-01	-4.235E-01	 1.953E+00	-3.768E-01	 0.000E+00	 0.000E+00	 0.000E+00	 7.187E+02	 9.465E+00
  128.7500	-6.443E-04	-2.925E-04	 7.918E+00	 7.680E+02	 1.644E+02	 0.000E+00	 3.504E+03	 4.448E+03	 3.174E+03	 1.170E+03	-2.980E+03	 2.691E+03	 1.994E+00	 2.546E+00	 1.956E+00	-2.943E-01	 1.939E-01	-4.890E-01	 1.994E+00	-2.943E-01	 0.000E+00	 0.000E+00	 0.000E+00	 7.186E+02	 9.465E+00
  129.0000	-5.985E-04	 5.257E-04	 7.918E+00	 7.680E+02	 1.763E+02	 0.000E+00	 3.617E+03	 4.425E+03	 3.091E+03	 4.666E+02	-2.727E+03	 3.143E+03	 2.037E+00	 2.560E+00	 1.903E+00	-2.070E-01	 1.601E-01	-5.430E-01	 2.037E+00	-2.070E-01	 0.000E+00	 0.000E+00	 0.000E+00	 7.186E+02	 9.464E+00
  129.2500	-3.620E-04	 1.183E-03	 7.918E+00	 7.681E+02	 1.881E+02	 0.000E+00	 3.733E+03	 4.371E+03	 3.043E+03	-2.429E+02	-2.347E+03	 3.472E+03	 2.082E+00	 2.556E+00	 1.868E+00	-1.192E-01	 1.113E-01	-5.827E-01	 2.082E+00	-1.192E-01	 0.000E+00	 0.000E+00	 0.000E+00	 7.187E+02	 9.465E+00
  129.5000	-5.811E-05	 1.254E-03	 7.919E+00	 7.681E+02	 2.000E+02	 0.000E+00	 3.854E+03	 4.283E+03	 3.020E+03	-9.258E+02	-1.857E+03	 3.665E+03	 2.137E+00	 2.534E+00	 1.847E+00	-3.580E-02	 5.007E-02	-6.058E-01	 2.137E+00	-3.580E-02	 0.000E+00	 0.000E+00	 0.000E+00	 7.188E+02	 9.467E+00
  129.7500	 1.980E-04	 7.220E-04	 7.919E+00	 7.681E+02	 2.119E+02	 0.000E+00	 3.980E+03	 4.163E+03	 3.021E+03	-1.554E+03	-1.275E+03	 3.711E+03	 2.201E+00	 2.489E+00	 1.837E+00	 3.982E-02	-2.112E-02	-6.108E-01	 2.201E+00	 3.982E-02	 0.000E+00	 0.000E+00	 0.000E+00	 7.190E+02	 9.469E+00
  130.0000	 3.309E-04	 1.049E-04	 7.919E+00	 7.681E+02	 2.238E+02	 0.000E+00	 4.106E+03	 4.013E+03	 3.045E+03	-2.102E+03	-6.248E+02	 3.608E+03	 2.272E+00	 2.421E+00	 1.837E+00	 1.043E-01	-9.925E-02	-5.972E-01	 2.272E+00	 1.043E-01	 0.000E+00	 0.000E+00	 0.000E+00	 7.191E+02	 9.470E+00
