source_triangle_id,original_area_m2,original_normal_proxy,below_span_area_m2,root_area_m2,middle_area_m2,tip_area_m2,above_span_area_m2,closure_residual_m2
0,0.039053458467133796,y_positive,0.0,0.039053458467133796,0.0,0.0,0.0,0.0
1,0.03905461693347371,y_positive,0.0,0.03905461693347371,0.0,0.0,0.0,0.0
2,0.040040005235229464,y_positive,1.7586009357281881e-12,0.040040005233470864,0.0,0.0,0.0,0.0
3,0.040040823718665165,y_positive,9.512865095094396e-08,0.04004072859001421,0.0,0.0,0.0,6.938893903907228e-18
4,0.03960750937038572,y_positive,0.0,0.03960750937038572,0.0,0.0,0.0,0.0
5,0.039619599982785504,y_positive,4.619367363764503e-08,0.03961955378911187,0.0,0.0,0.0,0.0
6,0.03960827768812593,y_positive,0.0,0.03960827768812593,0.0,0.0,0.0,0.0
7,0.039609755542153076,y_positive,0.0,0.039609755542153076,0.0,0.0,0.0,0.0
8,0.039575573595281195,y_positive,0.0,0.039575573595281195,0.0,0.0,0.0,0.0
9,0.03957788565166212,y_positive,0.0,0.03957788565166212,0.0,0.0,0.0,0.0
10,0.0395882154168635,y_positive,0.0,0.0395882154168635,0.0,0.0,0.0,0.0
11,0.03958967329156766,y_positive,0.0,0.03958967329156766,0.0,0.0,0.0,0.0
12,0.03957378226184207,y_positive,0.0,0.03957378226184207,0.0,0.0,0.0,0.0
13,0.03957395664145816,y_positive,0.0,0.03957395664145816,0.0,0.0,0.0,0.0
14,0.03958316965308207,y_positive,0.0,0.03958316965308207,0.0,0.0,0.0,0.0
15,0.039584554229359074,y_positive,0.0,0.039584554229359074,0.0,0.0,0.0,0.0
16,0.039548035001628935,x_positive,0.0,0.039548035001628935,0.0,0.0,0.0,0.0
17,0.039575012308540505,x_positive,0.0,0.039575012308540505,0.0,0.0,0.0,0.0
18,0.03956829491909925,x_positive,0.0,0.03956829491909925,0.0,0.0,0.0,0.0
19,0.039577144324048456,x_positive,0.0,0.039577144324048456,0.0,0.0,0.0,0.0
20,0.03956895956378741,x_positive,0.0,0.03956895956378741,0.0,0.0,0.0,0.0
21,0.03957350666916269,x_positive,0.0,0.03957350666916269,0.0,0.0,0.0,0.0
22,0.03956959139760346,x_positive,0.0,0.03956959139760346,0.0,0.0,0.0,0.0
23,0.039574185768398565,x_positive,0.0,0.039574185768398565,0.0,0.0,0.0,0.0
24,0.039570803568449074,x_positive,0.0,0.039570803568449074,0.0,0.0,0.0,0.0
25,0.03956918021254659,x_positive,0.0,0.03956918021254659,0.0,0.0,0.0,0.0
26,0.039567603160512034,x_positive,0.0,0.039567603160512034,0.0,0.0,0.0,0.0
27,0.03957084350567831,x_positive,0.0,0.03957084350567831,0.0,0.0,0.0,0.0
28,0.039570382296718144,x_positive,0.0,0.039570382296718144,0.0,0.0,0.0,0.0
29,0.039570243540176055,x_positive,0.0,0.039570243540176055,0.0,0.0,0.0,0.0
30,0.03956321327190865,x_positive,0.0,0.03956321327190865,0.0,0.0,0.0,0.0
31,0.03956614294736539,x_positive,0.0,0.03956614294736539,0.0,0.0,0.0,0.0
32,0.039572779463889186,x_positive,0.0,0.039572779463889186,0.0,0.0,0.0,0.0
33,0.03957284085310258,x_positive,0.0,0.03957284085310258,0.0,0.0,0.0,0.0
34,0.03956715518341746,x_positive,0.0,0.03956715518341746,0.0,0.0,0.0,0.0
35,0.03956718136952464,x_positive,0.0,0.03956718136952464,0.0,0.0,0.0,0.0
36,0.03955826426638286,x_positive,0.0,0.03955826426638286,0.0,0.0,0.0,0.0
37,0.039562105014168014,x_positive,0.0,0.039562105014168014,0.0,0.0,0.0,0.0
38,0.03957676892025328,x_positive,0.0,0.03957676892025328,0.0,0.0,0.0,0.0
39,0.03957433486348213,x_positive,0.0,0.03957433486348213,0.0,0.0,0.0,0.0
40,0.03955501708511476,y_negative,0.0,0.03955501708511476,0.0,0.0,0.0,0.0
41,0.03955518621105112,y_negative,0.0,0.03955518621105112,0.0,0.0,0.0,0.0
42,0.03958324058343406,y_negative,0.0,0.03958324058343406,0.0,0.0,0.0,0.0
43,0.039581961727262215,y_negative,0.0,0.039581961727262215,0.0,0.0,0.0,0.0
44,0.0395995054365012,y_negative,0.0,0.0395995054365012,0.0,0.0,0.0,0.0
45,0.039599659268994364,y_negative,0.0,0.039599659268994364,0.0,0.0,0.0,0.0
46,0.039515483943046596,y_negative,0.0,0.039515483943046596,0.0,0.0,0.0,0.0
47,0.03951550292514625,y_negative,0.0,0.03951550292514625,0.0,0.0,0.0,0.0
48,0.03950505554361151,y_negative,0.0,0.03950505554361151,0.0,0.0,0.0,0.0
49,0.039515263051286116,y_negative,0.0,0.039515263051286116,0.0,0.0,0.0,0.0
50,0.03960135362593349,y_negative,0.0,0.03960135362593349,0.0,0.0,0.0,0.0
51,0.03959943686038549,y_negative,0.0,0.03959943686038549,0.0,0.0,0.0,0.0
52,0.03958741866816439,y_negative,0.0,0.03958741866816439,0.0,0.0,0.0,0.0
53,0.03958638423449746,y_negative,0.0,0.03958638423449746,0.0,0.0,0.0,0.0
54,0.03955990420426191,y_negative,0.0,0.03955990420426191,0.0,0.0,0.0,0.0
55,0.03956078786037264,y_negative,0.0,0.03956078786037264,0.0,0.0,0.0,0.0
56,0.03958308750131026,y_negative,0.0,0.03958308750131026,0.0,0.0,0.0,0.0
57,0.03958077035536762,y_negative,0.0,0.03958077035536762,0.0,0.0,0.0,0.0
58,0.039570601784693946,y_negative,0.0,0.039570601784693946,0.0,0.0,0.0,0.0
59,0.039567898514471914,y_negative,0.0,0.039567898514471914,0.0,0.0,0.0,0.0
60,0.039575510002509424,y_negative,0.0,0.039575510002509424,0.0,0.0,0.0,0.0
61,0.03957530641282871,y_negative,0.0,0.03957530641282871,0.0,0.0,0.0,0.0
62,0.03958162949730295,y_negative,0.0,0.03958162949730295,0.0,0.0,0.0,0.0
63,0.039580523084574576,y_negative,0.0,0.039580523084574576,0.0,0.0,0.0,0.0
64,0.03957773517694957,x_negative,0.0,0.03957773517694957,0.0,0.0,0.0,0.0
65,0.03957459444854842,x_negative,0.0,0.03957459444854842,0.0,0.0,0.0,0.0
66,0.039581306026660414,x_negative,0.0,0.039581306026660414,0.0,0.0,0.0,0.0
67,0.03958089010521106,x_negative,0.0,0.03958089010521106,0.0,0.0,0.0,0.0
68,0.03957905626195816,x_negative,0.0,0.03957905626195816,0.0,0.0,0.0,0.0
69,0.039579248039973265,x_negative,0.0,0.039579248039973265,0.0,0.0,0.0,0.0
70,0.039582755288596144,x_negative,0.0,0.039582755288596144,0.0,0.0,0.0,0.0
71,0.03958019658538343,x_negative,0.0,0.03958019658538343,0.0,0.0,0.0,0.0
72,0.03958500079877773,x_negative,0.0,0.03958500079877773,0.0,0.0,0.0,0.0
73,0.03958358884942074,x_negative,0.0,0.03958358884942074,0.0,0.0,0.0,0.0
74,0.039583531554997255,x_negative,0.0,0.039583531554997255,0.0,0.0,0.0,0.0
75,0.03958399927342614,x_negative,0.0,0.03958399927342614,0.0,0.0,0.0,0.0
76,0.03958636629967864,x_negative,0.0,0.03958636629967864,0.0,0.0,0.0,0.0
77,0.03958615951596281,x_negative,0.0,0.03958615951596281,0.0,0.0,0.0,0.0
78,0.03958324791999966,x_negative,0.0,0.03958324791999966,0.0,0.0,0.0,0.0
79,0.039584009271287295,x_negative,0.0,0.039584009271287295,0.0,0.0,0.0,0.0
80,0.039592282095749005,x_negative,0.0,0.039592282095749005,0.0,0.0,0.0,0.0
81,0.03959344523325039,x_negative,0.0,0.03959344523325039,0.0,0.0,0.0,0.0
82,0.039578634246391846,x_negative,0.0,0.039578634246391846,0.0,0.0,0.0,0.0
83,0.03958084325274719,x_negative,0.0,0.03958084325274719,0.0,0.0,0.0,0.0
84,0.03957933780591448,x_negative,0.0,0.03957933780591448,0.0,0.0,0.0,0.0
85,0.039597646797421227,x_negative,0.0,0.039597646797421227,0.0,0.0,0.0,0.0
86,0.03956997350837793,x_negative,1.7329295740356332e-13,0.03956997350820464,0.0,0.0,0.0,0.0
87,0.03958220081473196,x_negative,8.423782244060594e-09,0.039582192390949705,0.0,0.0,0.0,1.3877787807814457e-17
88,0.039614428064603746,y_positive,0.0,0.039614428064603746,0.0,0.0,0.0,0.0
89,0.0396144939159561,y_positive,1.9896310604961656e-08,0.03961447401964551,0.0,0.0,0.0,-1.3877787807814457e-17
90,0.039621891688465014,y_positive,0.0,0.039621891688465014,0.0,0.0,0.0,0.0
91,0.03962219045320067,y_positive,0.0,0.03962219045320067,0.0,0.0,0.0,0.0
92,0.040043878813889,y_positive,9.864237447738854e-12,0.04004387880402476,0.0,0.0,0.0,6.938893903907228e-18
93,0.04004354904146157,y_positive,4.6363507014420037e-07,0.04004308540639143,0.0,0.0,0.0,0.0
94,0.03905464341295707,y_positive,0.0,0.03905464341295707,0.0,0.0,0.0,0.0
95,0.0390562758647457,y_positive,2.93455214257215e-07,0.03905598240953144,0.0,0.0,0.0,0.0
96,0.03905390744871372,y_positive,0.0,0.03905390744871372,0.0,0.0,0.0,0.0
97,0.03905399439383901,y_positive,0.0,0.03905399439383901,0.0,0.0,0.0,0.0
98,0.04004036685318386,y_positive,0.0,0.04004036685318386,0.0,0.0,0.0,0.0
99,0.040040955355099404,y_positive,0.0,0.040040955355099404,0.0,0.0,0.0,0.0
100,0.03958787590008419,y_positive,0.0,0.03958787590008419,0.0,0.0,0.0,0.0
101,0.03960992425925976,y_positive,0.0,0.03960992425925976,0.0,0.0,0.0,0.0
102,0.039610192718348716,y_positive,0.0,0.039610192718348716,0.0,0.0,0.0,0.0
103,0.03960929783942524,y_positive,0.0,0.03960929783942524,0.0,0.0,0.0,0.0
104,0.03957489936762341,y_positive,0.0,0.03957489936762341,0.0,0.0,0.0,0.0
105,0.03957787067234835,y_positive,0.0,0.03957787067234835,0.0,0.0,0.0,0.0
106,0.039589200021435136,y_positive,0.0,0.039589200021435136,0.0,0.0,0.0,0.0
107,0.03958928265913299,y_positive,0.0,0.03958928265913299,0.0,0.0,0.0,0.0
108,0.03957141442262633,y_positive,0.0,0.03957141442262633,0.0,0.0,0.0,0.0
109,0.03957552108405599,y_positive,0.0,0.03957552108405599,0.0,0.0,0.0,0.0
110,0.03958405937915554,y_positive,0.0,0.03958405937915554,0.0,0.0,0.0,0.0
111,0.0395839902214263,y_positive,0.0,0.0395839902214263,0.0,0.0,0.0,0.0
112,0.0395063100452475,x_positive,0.0,0.0395063100452475,0.0,0.0,0.0,0.0
113,0.0395493258533142,x_positive,0.0,0.0395493258533142,0.0,0.0,0.0,0.0
114,0.03955428155154592,x_positive,0.0,0.03955428155154592,0.0,0.0,0.0,0.0
115,0.03956893654901039,x_positive,0.0,0.03956893654901039,0.0,0.0,0.0,0.0
116,0.03956660788218128,x_positive,0.0,0.03956660788218128,0.0,0.0,0.0,0.0
117,0.03956975660725822,x_positive,0.0,0.03956975660725822,0.0,0.0,0.0,0.0
118,0.039568126935989524,x_positive,0.0,0.039568126935989524,0.0,0.0,0.0,0.0
119,0.03957278937842051,x_positive,0.0,0.03957278937842051,0.0,0.0,0.0,0.0
120,0.03956741271623008,x_positive,0.0,0.03956741271623008,0.0,0.0,0.0,0.0
121,0.039572136470237405,x_positive,0.0,0.039572136470237405,0.0,0.0,0.0,0.0
122,0.03956943033913773,x_positive,0.0,0.03956943033913773,0.0,0.0,0.0,0.0
123,0.0395678718031215,x_positive,0.0,0.0395678718031215,0.0,0.0,0.0,0.0
124,0.039567362020719865,x_positive,0.0,0.039567362020719865,0.0,0.0,0.0,0.0
125,0.03957186453637166,x_positive,0.0,0.03957186453637166,0.0,0.0,0.0,0.0
126,0.03956549523959935,x_positive,0.0,0.03956549523959935,0.0,0.0,0.0,0.0
127,0.03956415479338584,x_positive,0.0,0.03956415479338584,0.0,0.0,0.0,0.0
128,0.03957249355590567,x_positive,0.0,0.03957249355590567,0.0,0.0,0.0,0.0
129,0.039574064278077824,x_positive,0.0,0.039574064278077824,0.0,0.0,0.0,0.0
130,0.039565225859686776,x_positive,0.0,0.039565225859686776,0.0,0.0,0.0,0.0
131,0.039567884973151154,x_positive,0.0,0.039567884973151154,0.0,0.0,0.0,0.0
132,0.0395618852548389,x_positive,0.0,0.0395618852548389,0.0,0.0,0.0,0.0
133,0.03955937839735778,x_positive,0.0,0.03955937839735778,0.0,0.0,0.0,0.0
134,0.039575765227680054,x_positive,0.0,0.039575765227680054,0.0,0.0,0.0,0.0
135,0.03957786710498258,x_positive,0.0,0.03957786710498258,0.0,0.0,0.0,0.0
136,0.03955533160631444,y_negative,0.0,0.03955533160631444,0.0,0.0,0.0,0.0
137,0.039555710742468116,y_negative,0.0,0.039555710742468116,0.0,0.0,0.0,0.0
138,0.03958185403917827,y_negative,0.0,0.03958185403917827,0.0,0.0,0.0,0.0
139,0.03958233027383645,y_negative,0.0,0.03958233027383645,0.0,0.0,0.0,0.0
140,0.03959873564763671,y_negative,0.0,0.03959873564763671,0.0,0.0,0.0,0.0
141,0.039598094579354266,y_negative,0.0,0.039598094579354266,0.0,0.0,0.0,0.0
142,0.039516432396361226,y_negative,0.0,0.039516432396361226,0.0,0.0,0.0,0.0
143,0.03951445138365133,y_negative,0.0,0.03951445138365133,0.0,0.0,0.0,0.0
144,0.039490811918260926,y_negative,0.0,0.039490811918260926,0.0,0.0,0.0,0.0
145,0.03950640595676446,y_negative,0.0,0.03950640595676446,0.0,0.0,0.0,0.0
146,0.03959832923927471,y_negative,0.0,0.03959832923927471,0.0,0.0,0.0,0.0
147,0.03960030334215889,y_negative,0.0,0.03960030334215889,0.0,0.0,0.0,0.0
148,0.03958634588697503,y_negative,0.0,0.03958634588697503,0.0,0.0,0.0,0.0
149,0.03958536170907421,y_negative,0.0,0.03958536170907421,0.0,0.0,0.0,0.0
150,0.039561037934951686,y_negative,0.0,0.039561037934951686,0.0,0.0,0.0,0.0
151,0.03955961575788093,y_negative,0.0,0.03955961575788093,0.0,0.0,0.0,0.0
152,0.03958346055023825,y_negative,0.0,0.03958346055023825,0.0,0.0,0.0,0.0
153,0.03958188690042903,y_negative,0.0,0.03958188690042903,0.0,0.0,0.0,0.0
154,0.03956925676152169,y_negative,0.0,0.03956925676152169,0.0,0.0,0.0,0.0
155,0.039569404887081466,y_negative,0.0,0.039569404887081466,0.0,0.0,0.0,0.0
156,0.03957500027100914,y_negative,0.0,0.03957500027100914,0.0,0.0,0.0,0.0
157,0.039573430363811536,y_negative,0.0,0.039573430363811536,0.0,0.0,0.0,0.0
158,0.0395833029547626,y_negative,0.0,0.0395833029547626,0.0,0.0,0.0,0.0
159,0.03958046320198824,y_negative,0.0,0.03958046320198824,0.0,0.0,0.0,0.0
160,0.039575680467994,x_negative,0.0,0.039575680467994,0.0,0.0,0.0,0.0
161,0.03957568705963883,x_negative,0.0,0.03957568705963883,0.0,0.0,0.0,0.0
162,0.039582131677245086,x_negative,0.0,0.039582131677245086,0.0,0.0,0.0,0.0
163,0.03958051669293815,x_negative,0.0,0.03958051669293815,0.0,0.0,0.0,0.0
164,0.03958093247456265,x_negative,0.0,0.03958093247456265,0.0,0.0,0.0,0.0
165,0.03957912379656804,x_negative,0.0,0.03957912379656804,0.0,0.0,0.0,0.0
166,0.03958296581123005,x_negative,0.0,0.03958296581123005,0.0,0.0,0.0,0.0
167,0.03958247852335423,x_negative,0.0,0.03958247852335423,0.0,0.0,0.0,0.0
168,0.03958245532457382,x_negative,0.0,0.03958245532457382,0.0,0.0,0.0,0.0
169,0.03958276424102071,x_negative,0.0,0.03958276424102071,0.0,0.0,0.0,0.0
170,0.039584643859836545,x_negative,0.0,0.039584643859836545,0.0,0.0,0.0,0.0
171,0.03958291097933399,x_negative,0.0,0.03958291097933399,0.0,0.0,0.0,0.0
172,0.03958532338205026,x_negative,0.0,0.03958532338205026,0.0,0.0,0.0,0.0
173,0.03958571789522616,x_negative,0.0,0.03958571789522616,0.0,0.0,0.0,0.0
174,0.03958183335079347,x_negative,0.0,0.03958183335079347,0.0,0.0,0.0,0.0
175,0.039582060708860195,x_negative,0.0,0.039582060708860195,0.0,0.0,0.0,0.0
176,0.039589992377294554,x_negative,0.0,0.039589992377294554,0.0,0.0,0.0,0.0
177,0.039593068286237564,x_negative,0.0,0.039593068286237564,0.0,0.0,0.0,0.0
178,0.03957116269516937,x_negative,0.0,0.03957116269516937,0.0,0.0,0.0,0.0
179,0.039577623719515856,x_negative,0.0,0.039577623719515856,0.0,0.0,0.0,0.0
180,0.039550844107861395,x_negative,0.0,0.039550844107861395,0.0,0.0,0.0,0.0
181,0.039579520894333926,x_negative,0.0,0.039579520894333926,0.0,0.0,0.0,0.0
182,0.0395499499885459,x_negative,0.0,0.0395499499885459,0.0,0.0,0.0,0.0
183,0.039570340760553185,x_negative,0.0,0.039570340760553185,0.0,0.0,0.0,0.0
184,0.03961409875899405,y_positive,0.0,0.03961409875899405,0.0,0.0,0.0,0.0
185,0.03961548876279371,y_positive,0.0,0.03961548876279371,0.0,0.0,0.0,0.0
186,0.03962256023458889,y_positive,0.0,0.03962256023458889,0.0,0.0,0.0,0.0
187,0.039621894505200185,y_positive,0.0,0.039621894505200185,0.0,0.0,0.0,0.0
188,0.04004355472546581,y_positive,0.0,0.04004355472546581,0.0,0.0,0.0,0.0
189,0.040043860384052894,y_positive,0.0,0.040043860384052894,0.0,0.0,0.0,0.0
190,0.03905381059669952,y_positive,0.0,0.03905381059669952,0.0,0.0,0.0,0.0
191,0.03905604804198029,y_positive,0.0,0.03905604804198029,0.0,0.0,0.0,0.0
192,0.03905394908984977,y_positive,0.0,0.03905394908984977,0.0,0.0,0.0,0.0
193,0.039055065002291424,y_positive,0.0,0.039055065002291424,0.0,0.0,0.0,0.0
194,0.040038611673752736,y_positive,0.0,0.040038611673752736,0.0,0.0,0.0,0.0
195,0.040040751279949646,y_positive,0.0,0.040040751279949646,0.0,0.0,0.0,0.0
196,0.03958449387498804,y_positive,0.0,0.03958449387498804,0.0,0.0,0.0,0.0
197,0.03958895210867507,y_positive,0.0,0.03958895210867507,0.0,0.0,0.0,0.0
198,0.039608728276074624,y_positive,0.0,0.039608728276074624,0.0,0.0,0.0,0.0
199,0.03961025909932996,y_positive,0.0,0.03961025909932996,0.0,0.0,0.0,0.0
200,0.03957661082558891,y_positive,0.0,0.03957661082558891,0.0,0.0,0.0,0.0
201,0.03957656782507359,y_positive,0.0,0.03957656782507359,0.0,0.0,0.0,0.0
202,0.03959018072954363,y_positive,0.0,0.03959018072954363,0.0,0.0,0.0,0.0
203,0.0395915630539939,y_positive,0.0,0.0395915630539939,0.0,0.0,0.0,0.0
204,0.03957257251844656,y_positive,0.0,0.03957257251844656,0.0,0.0,0.0,0.0
205,0.03957417345045196,y_positive,0.0,0.03957417345045196,0.0,0.0,0.0,0.0
206,0.03958465608184895,y_positive,0.0,0.03958465608184895,0.0,0.0,0.0,0.0
207,0.03958612194458985,y_positive,0.0,0.03958612194458985,0.0,0.0,0.0,0.0
208,0.03949926259612399,x_positive,0.0,0.03949926259612399,0.0,0.0,0.0,0.0
209,0.039508578479052,x_positive,0.0,0.039508578479052,0.0,0.0,0.0,0.0
210,0.039552687382601655,x_positive,0.0,0.039552687382601655,0.0,0.0,0.0,0.0
211,0.039557033520746784,x_positive,0.0,0.039557033520746784,0.0,0.0,0.0,0.0
212,0.0395623187861451,x_positive,0.0,0.0395623187861451,0.0,0.0,0.0,0.0
213,0.03956692509006541,x_positive,0.0,0.03956692509006541,0.0,0.0,0.0,0.0
214,0.03957024511364364,x_positive,0.0,0.03957024511364364,0.0,0.0,0.0,0.0
215,0.03956866094261434,x_positive,0.0,0.03956866094261434,0.0,0.0,0.0,0.0
216,0.03956848610884264,x_positive,0.0,0.03956848610884264,0.0,0.0,0.0,0.0
217,0.0395699576460926,x_positive,0.0,0.0395699576460926,0.0,0.0,0.0,0.0
218,0.03956769227213096,x_positive,0.0,0.03956769227213096,0.0,0.0,0.0,0.0
219,0.03957071410770412,x_positive,0.0,0.03957071410770412,0.0,0.0,0.0,0.0
220,0.03956734193046357,x_positive,0.0,0.03956734193046357,0.0,0.0,0.0,0.0
221,0.039568824490548146,x_positive,0.0,0.039568824490548146,0.0,0.0,0.0,0.0
222,0.03956386501245933,x_positive,0.0,0.03956386501245933,0.0,0.0,0.0,0.0
223,0.03956535606679213,x_positive,0.0,0.03956535606679213,0.0,0.0,0.0,0.0
224,0.03956965808217535,x_positive,0.0,0.03956965808217535,0.0,0.0,0.0,0.0
225,0.03957221711810853,x_positive,0.0,0.03957221711810853,0.0,0.0,0.0,0.0
226,0.03956765522093102,x_positive,0.0,0.03956765522093102,0.0,0.0,0.0,0.0
227,0.0395651468315909,x_positive,0.0,0.0395651468315909,0.0,0.0,0.0,0.0
228,0.03956017671310662,x_positive,0.0,0.03956017671310662,0.0,0.0,0.0,0.0
229,0.03956143838402091,x_positive,0.0,0.03956143838402091,0.0,0.0,0.0,0.0
230,0.039575173578520494,x_positive,0.0,0.039575173578520494,0.0,0.0,0.0,0.0
231,0.0395755169355977,x_positive,0.0,0.0395755169355977,0.0,0.0,0.0,0.0
232,0.03955607860153702,y_negative,0.0,0.03955607860153702,0.0,0.0,0.0,0.0
233,0.03955458137818312,y_negative,0.0,0.03955458137818312,0.0,0.0,0.0,0.0
234,0.03958265870885009,y_negative,0.0,0.03958265870885009,0.0,0.0,0.0,0.0
235,0.039582727555604436,y_negative,0.0,0.039582727555604436,0.0,0.0,0.0,0.0
236,0.039599569426148916,y_negative,0.0,0.039599569426148916,0.0,0.0,0.0,0.0
237,0.0395994082174543,y_negative,0.0,0.0395994082174543,0.0,0.0,0.0,0.0
238,0.039515815367743144,y_negative,0.0,0.039515815367743144,0.0,0.0,0.0,0.0
239,0.0395156434335277,y_negative,0.0,0.0395156434335277,0.0,0.0,0.0,0.0
240,0.03948731703826025,y_negative,0.0,0.03948731703826025,0.0,0.0,0.0,0.0
241,0.03948916059982164,y_negative,0.0,0.03948916059982164,0.0,0.0,0.0,0.0
242,0.039598344148619194,y_negative,0.0,0.039598344148619194,0.0,0.0,0.0,0.0
243,0.0395983800594347,y_negative,0.0,0.0395983800594347,0.0,0.0,0.0,0.0
244,0.03958650477308995,y_negative,0.0,0.03958650477308995,0.0,0.0,0.0,0.0
245,0.03958550280829307,y_negative,0.0,0.03958550280829307,0.0,0.0,0.0,0.0
246,0.03956041663284278,y_negative,0.0,0.03956041663284278,0.0,0.0,0.0,0.0
247,0.039559148683343266,y_negative,0.0,0.039559148683343266,0.0,0.0,0.0,0.0
248,0.039582796905266955,y_negative,0.0,0.039582796905266955,0.0,0.0,0.0,0.0
249,0.03958139247147123,y_negative,0.0,0.03958139247147123,0.0,0.0,0.0,0.0
250,0.039569917704855746,y_negative,0.0,0.039569917704855746,0.0,0.0,0.0,0.0
251,0.039568084176273735,y_negative,0.0,0.039568084176273735,0.0,0.0,0.0,0.0
252,0.03957692553012074,y_negative,0.0,0.03957692553012074,0.0,0.0,0.0,0.0
253,0.039574530626314726,y_negative,0.0,0.039574530626314726,0.0,0.0,0.0,0.0
254,0.03958244779250391,y_negative,0.0,0.03958244779250391,0.0,0.0,0.0,0.0
255,0.03958205387671246,y_negative,0.0,0.03958205387671246,0.0,0.0,0.0,0.0
256,0.039575341055701714,x_negative,0.0,0.039575341055701714,0.0,0.0,0.0,0.0
257,0.039574620017722426,x_negative,0.0,0.039574620017722426,0.0,0.0,0.0,0.0
258,0.039581600229912126,x_negative,0.0,0.039581600229912126,0.0,0.0,0.0,0.0
259,0.03957984892846014,x_negative,0.0,0.03957984892846014,0.0,0.0,0.0,0.0
260,0.03957969900578349,x_negative,0.0,0.03957969900578349,0.0,0.0,0.0,0.0
261,0.03957862821868224,x_negative,0.0,0.03957862821868224,0.0,0.0,0.0,0.0
262,0.0395828121026446,x_negative,0.0,0.0395828121026446,0.0,0.0,0.0,0.0
263,0.039581689299877314,x_negative,0.0,0.039581689299877314,0.0,0.0,0.0,0.0
264,0.0395845793507058,x_negative,0.0,0.0395845793507058,0.0,0.0,0.0,0.0
265,0.039582594992782306,x_negative,0.0,0.039582594992782306,0.0,0.0,0.0,0.0
266,0.039583317783002316,x_negative,0.0,0.039583317783002316,0.0,0.0,0.0,0.0
267,0.039583341754373294,x_negative,0.0,0.039583341754373294,0.0,0.0,0.0,0.0
268,0.03958701625890242,x_negative,0.0,0.03958701625890242,0.0,0.0,0.0,0.0
269,0.039584927653563806,x_negative,0.0,0.039584927653563806,0.0,0.0,0.0,0.0
270,0.039581035559744605,x_negative,0.0,0.039581035559744605,0.0,0.0,0.0,0.0
271,0.039580994360531904,x_negative,0.0,0.039580994360531904,0.0,0.0,0.0,0.0
272,0.03958802704554894,x_negative,0.0,0.03958802704554894,0.0,0.0,0.0,0.0
273,0.03958832162410037,x_negative,0.0,0.03958832162410037,0.0,0.0,0.0,0.0
274,0.03957007434522493,x_negative,0.0,0.03957007434522493,0.0,0.0,0.0,0.0
275,0.039570886271313985,x_negative,0.0,0.039570886271313985,0.0,0.0,0.0,0.0
276,0.039544870677268036,x_negative,0.0,0.039544870677268036,0.0,0.0,0.0,0.0
277,0.03954987810919375,x_negative,0.0,0.03954987810919375,0.0,0.0,0.0,0.0
278,0.03954504394070629,x_negative,0.0,0.03954504394070629,0.0,0.0,0.0,0.0
279,0.03954886148076583,x_negative,0.0,0.03954886148076583,0.0,0.0,0.0,0.0
280,0.03961520476654564,y_positive,0.0,0.03961520476654564,0.0,0.0,0.0,0.0
281,0.039614772350803344,y_positive,0.0,0.039614772350803344,0.0,0.0,0.0,0.0
282,0.039621529738378784,y_positive,0.0,0.039621529738378784,0.0,0.0,0.0,0.0
283,0.03962305899589155,y_positive,0.0,0.03962305899589155,0.0,0.0,0.0,0.0
284,0.04004108090833946,y_positive,0.0,0.04004108090833946,0.0,0.0,0.0,0.0
285,0.04004297434110378,y_positive,0.0,0.04004297434110378,0.0,0.0,0.0,0.0
286,0.03905527769772767,y_positive,0.0,0.03905527769772767,0.0,0.0,0.0,0.0
287,0.03905358202209235,y_positive,0.0,0.03905358202209235,0.0,0.0,0.0,0.0
288,0.03905369597717826,y_positive,0.0,0.03905369597717826,0.0,0.0,0.0,0.0
289,0.039054568931628696,y_positive,0.0,0.039054568931628696,0.0,0.0,0.0,0.0
290,0.0400407030096466,y_positive,0.0,0.0400407030096466,0.0,0.0,0.0,0.0
291,0.04004016031520477,y_positive,0.0,0.04004016031520477,0.0,0.0,0.0,0.0
292,0.039619128271247,y_positive,0.0,0.039619128271247,0.0,0.0,0.0,0.0
293,0.03958640604748411,y_positive,0.0,0.03958640604748411,0.0,0.0,0.0,0.0
294,0.03960916540427173,y_positive,0.0,0.03960916540427173,0.0,0.0,0.0,0.0
295,0.03961141121965751,y_positive,0.0,0.03961141121965751,0.0,0.0,0.0,0.0
296,0.0395757048847694,y_positive,0.0,0.0395757048847694,0.0,0.0,0.0,0.0
297,0.03957752229363242,y_positive,0.0,0.03957752229363242,0.0,0.0,0.0,0.0
298,0.03958898943696301,y_positive,0.0,0.03958898943696301,0.0,0.0,0.0,0.0
299,0.039590406959241986,y_positive,0.0,0.039590406959241986,0.0,0.0,0.0,0.0
300,0.03957216862127797,y_positive,0.0,0.03957216862127797,0.0,0.0,0.0,0.0
301,0.03957349491993536,y_positive,0.0,0.03957349491993536,0.0,0.0,0.0,0.0
302,0.039584682274331366,y_positive,0.0,0.039584682274331366,0.0,0.0,0.0,0.0
303,0.039586144808400836,y_positive,0.0,0.039586144808400836,0.0,0.0,0.0,0.0
304,0.03957389725511452,x_positive,0.0,0.03957389725511452,0.0,0.0,0.0,0.0
305,0.03950039088453603,x_positive,0.0,0.03950039088453603,0.0,0.0,0.0,0.0
306,0.039576386010105,x_positive,0.0,0.039576386010105,0.0,0.0,0.0,0.0
307,0.039554400288270494,x_positive,0.0,0.039554400288270494,0.0,0.0,0.0,0.0
308,0.039573957657389254,x_positive,0.0,0.039573957657389254,0.0,0.0,0.0,0.0
309,0.03956575745207282,x_positive,0.0,0.03956575745207282,0.0,0.0,0.0,0.0
310,0.03956991137646053,x_positive,0.0,0.03956991137646053,0.0,0.0,0.0,0.0
311,0.03957110806667198,x_positive,0.0,0.03957110806667198,0.0,0.0,0.0,0.0
312,0.03956969986788438,x_positive,0.0,0.03956969986788438,0.0,0.0,0.0,0.0
313,0.03956785296159192,x_positive,0.0,0.03956785296159192,0.0,0.0,0.0,0.0
314,0.039568564534149225,x_positive,0.0,0.039568564534149225,0.0,0.0,0.0,0.0
315,0.03956821540354441,x_positive,0.0,0.03956821540354441,0.0,0.0,0.0,0.0
316,0.039569164827074454,x_positive,0.0,0.039569164827074454,0.0,0.0,0.0,0.0
317,0.039567617268073486,x_positive,0.0,0.039567617268073486,0.0,0.0,0.0,0.0
318,0.03956525155135215,x_positive,0.0,0.03956525155135215,0.0,0.0,0.0,0.0
319,0.03956502693997363,x_positive,0.0,0.03956502693997363,0.0,0.0,0.0,0.0
320,0.03957293311904285,x_positive,0.0,0.03957293311904285,0.0,0.0,0.0,0.0
321,0.039571579436853,x_positive,0.0,0.039571579436853,0.0,0.0,0.0,0.0
322,0.039565960887518556,x_positive,0.0,0.039565960887518556,0.0,0.0,0.0,0.0
323,0.0395683471063121,x_positive,0.0,0.0395683471063121,0.0,0.0,0.0,0.0
324,0.03956143914334491,x_positive,0.0,0.03956143914334491,0.0,0.0,0.0,0.0
325,0.03956036165577807,x_positive,0.0,0.03956036165577807,0.0,0.0,0.0,0.0
326,0.03957632514186711,x_positive,0.0,0.03957632514186711,0.0,0.0,0.0,0.0
327,0.039576458139341374,x_positive,0.0,0.039576458139341374,0.0,0.0,0.0,0.0
328,0.03955563941535716,y_negative,0.0,0.03955563941535716,0.0,0.0,0.0,0.0
329,0.039555423630000155,y_negative,0.0,0.039555423630000155,0.0,0.0,0.0,0.0
330,0.039582819618420646,y_negative,0.0,0.039582819618420646,0.0,0.0,0.0,0.0
331,0.03958254819692564,y_negative,0.0,0.03958254819692564,0.0,0.0,0.0,0.0
332,0.03959938400310675,y_negative,0.0,0.03959938400310675,0.0,0.0,0.0,0.0
333,0.0395985148314374,y_negative,0.0,0.0395985148314374,0.0,0.0,0.0,0.0
334,0.039515827545665676,y_negative,0.0,0.039515827545665676,0.0,0.0,0.0,0.0
335,0.03951546789115027,y_negative,0.0,0.03951546789115027,0.0,0.0,0.0,0.0
336,0.03951697183235052,y_negative,0.0,0.03951697183235052,0.0,0.0,0.0,0.0
337,0.03948593179917523,y_negative,0.0,0.03948593179917523,0.0,0.0,0.0,0.0
338,0.039602012908775436,y_negative,0.0,0.039602012908775436,0.0,0.0,0.0,0.0
339,0.03959778648324293,y_negative,0.0,0.03959778648324293,0.0,0.0,0.0,0.0
340,0.039587088682681945,y_negative,0.0,0.039587088682681945,0.0,0.0,0.0,0.0
341,0.03958562663473411,y_negative,0.0,0.03958562663473411,0.0,0.0,0.0,0.0
342,0.03956226831008037,y_negative,0.0,0.03956226831008037,0.0,0.0,0.0,0.0
343,0.039559546596184735,y_negative,0.0,0.039559546596184735,0.0,0.0,0.0,0.0
344,0.03958351612645675,y_negative,0.0,0.03958351612645675,0.0,0.0,0.0,0.0
345,0.039583034573767786,y_negative,0.0,0.039583034573767786,0.0,0.0,0.0,0.0
346,0.03956877501036522,y_negative,0.0,0.03956877501036522,0.0,0.0,0.0,0.0
347,0.03956747016576056,y_negative,0.0,0.03956747016576056,0.0,0.0,0.0,0.0
348,0.03957574755865115,y_negative,0.0,0.03957574755865115,0.0,0.0,0.0,0.0
349,0.039574688978046856,y_negative,0.0,0.039574688978046856,0.0,0.0,0.0,0.0
350,0.0395828237486952,y_negative,0.0,0.0395828237486952,0.0,0.0,0.0,0.0
351,0.039581108611629556,y_negative,0.0,0.039581108611629556,0.0,0.0,0.0,0.0
352,0.039575444629523074,x_negative,0.0,0.039575444629523074,0.0,0.0,0.0,0.0
353,0.03957376050272413,x_negative,0.0,0.03957376050272413,0.0,0.0,0.0,0.0
354,0.03958102036561475,x_negative,0.0,0.03958102036561475,0.0,0.0,0.0,0.0
355,0.03957925202906893,x_negative,0.0,0.03957925202906893,0.0,0.0,0.0,0.0
356,0.0395814050914692,x_negative,0.0,0.0395814050914692,0.0,0.0,0.0,0.0
357,0.03957843161824148,x_negative,0.0,0.03957843161824148,0.0,0.0,0.0,0.0
358,0.039581526155267194,x_negative,0.0,0.039581526155267194,0.0,0.0,0.0,0.0
359,0.03958008944583868,x_negative,0.0,0.03958008944583868,0.0,0.0,0.0,0.0
360,0.039584858543552995,x_negative,0.0,0.039584858543552995,0.0,0.0,0.0,0.0
361,0.03958232958166011,x_negative,0.0,0.03958232958166011,0.0,0.0,0.0,0.0
362,0.039585632445462246,x_negative,0.0,0.039585632445462246,0.0,0.0,0.0,0.0
363,0.039582239182053586,x_negative,0.0,0.039582239182053586,0.0,0.0,0.0,0.0
364,0.03958688193301682,x_negative,0.0,0.03958688193301682,0.0,0.0,0.0,0.0
365,0.03958567709166304,x_negative,0.0,0.03958567709166304,0.0,0.0,0.0,0.0
366,0.03958543965952765,x_negative,0.0,0.03958543965952765,0.0,0.0,0.0,0.0
367,0.039580930105827895,x_negative,0.0,0.039580930105827895,0.0,0.0,0.0,0.0
368,0.03959492228388319,x_negative,0.0,0.03959492228388319,0.0,0.0,0.0,0.0
369,0.039587947643336036,x_negative,0.0,0.039587947643336036,0.0,0.0,0.0,0.0
370,0.0395818340140906,x_negative,0.0,0.0395818340140906,0.0,0.0,0.0,0.0
371,0.03956996712184097,x_negative,0.0,0.03956996712184097,0.0,0.0,0.0,0.0
372,0.039596384842499506,x_negative,0.0,0.039596384842499506,0.0,0.0,0.0,0.0
373,0.03954467982395868,x_negative,0.0,0.03954467982395868,0.0,0.0,0.0,0.0
374,0.039582281291534654,x_negative,0.0,0.039582281291534654,0.0,0.0,0.0,0.0
375,0.03954454822667683,x_negative,0.0,0.03954454822667683,0.0,0.0,0.0,0.0
376,0.03961478732754811,y_positive,0.0,0.03961478732754811,0.0,0.0,0.0,0.0
377,0.03961365856102475,y_positive,0.0,0.03961365856102475,0.0,0.0,0.0,0.0
378,0.03962166770088156,y_positive,0.0,0.03962166770088156,0.0,0.0,0.0,0.0
379,0.03962187284942932,y_positive,0.0,0.03962187284942932,0.0,0.0,0.0,0.0
380,0.040043764791865416,y_positive,0.0,0.040043764791865416,0.0,0.0,0.0,0.0
381,0.0400428341471126,y_positive,0.0,0.0400428341471126,0.0,0.0,0.0,0.0
382,0.039055061291350765,y_positive,0.0,0.039055061291350765,0.0,0.0,0.0,0.0
383,0.03905645209573861,y_positive,0.0,0.03905645209573861,0.0,0.0,0.0,0.0
384,0.07879465991925927,y_positive,0.0,0.07879465991925927,0.0,0.0,0.0,0.0
385,0.07811898023062291,y_positive,0.0,0.07811898023062291,0.0,0.0,0.0,0.0
386,0.08074134037763447,y_positive,0.0,0.08074134037763447,0.0,0.0,0.0,0.0
387,0.08009186865763128,y_positive,0.0,0.08009186865763128,0.0,0.0,0.0,0.0
388,0.07993105518237512,y_positive,0.0,0.07993105518237512,0.0,0.0,0.0,0.0
389,0.07924534738718245,y_positive,0.0,0.07924534738718245,0.0,0.0,0.0,0.0
390,0.08028622099129538,y_positive,0.0,0.08028622099129538,0.0,0.0,0.0,0.0
391,0.07922490699109803,y_positive,0.0,0.07922490699109803,0.0,0.0,0.0,0.0
392,0.08018282473559184,y_positive,0.0,0.08018282473559184,0.0,0.0,0.0,0.0
393,0.07915861104549851,y_positive,0.0,0.07915861104549851,0.0,0.0,0.0,0.0
394,0.0801519285852778,y_positive,0.0,0.0801519285852778,0.0,0.0,0.0,0.0
395,0.07918611999598214,y_positive,0.0,0.07918611999598214,0.0,0.0,0.0,0.0
396,0.0800507468368391,y_positive,0.0,0.0800507468368391,0.0,0.0,0.0,0.0
397,0.07915019486969008,y_positive,0.0,0.07915019486969008,0.0,0.0,0.0,0.0
398,0.07997933305495016,y_positive,0.0,0.07997933305495016,0.0,0.0,0.0,0.0
399,0.07917622571432262,y_positive,0.0,0.07917622571432262,0.0,0.0,0.0,0.0
400,0.0801852055824051,x_positive,0.0,0.0801852055824051,0.0,0.0,0.0,0.0
401,0.07915647091449225,x_positive,0.0,0.07915647091449225,0.0,0.0,0.0,0.0
402,0.08019251798149882,x_positive,0.0,0.08019251798149882,0.0,0.0,0.0,0.0
403,0.07915766895485873,x_positive,0.0,0.07915766895485873,0.0,0.0,0.0,0.0
404,0.08019026985691895,x_positive,0.0,0.08019026985691895,0.0,0.0,0.0,0.0
405,0.079154047525158,x_positive,0.0,0.079154047525158,0.0,0.0,0.0,0.0
406,0.08022033140961168,x_positive,0.0,0.08022033140961168,0.0,0.0,0.0,0.0
407,0.07915059769194877,x_positive,0.0,0.07915059769194877,0.0,0.0,0.0,0.0
408,0.08023299834410118,x_positive,0.0,0.08023299834410118,0.0,0.0,0.0,0.0
409,0.07915198651713486,x_positive,0.0,0.07915198651713486,0.0,0.0,0.0,0.0
410,0.08024630400916312,x_positive,0.0,0.08024630400916312,0.0,0.0,0.0,0.0
411,0.07915299362451253,x_positive,0.0,0.07915299362451253,0.0,0.0,0.0,0.0
412,0.08024755772461081,x_positive,0.0,0.08024755772461081,0.0,0.0,0.0,0.0
413,0.07915838387239815,x_positive,0.0,0.07915838387239815,0.0,0.0,0.0,0.0
414,0.08022799550372403,x_positive,0.0,0.08022799550372403,0.0,0.0,0.0,0.0
415,0.07915862462190063,x_positive,0.0,0.07915862462190063,0.0,0.0,0.0,0.0
416,0.08021954450527799,x_positive,0.0,0.08021954450527799,0.0,0.0,0.0,0.0
417,0.07918231744203119,x_positive,0.0,0.07918231744203119,0.0,0.0,0.0,0.0
418,0.08017158721072248,x_positive,0.0,0.08017158721072248,0.0,0.0,0.0,0.0
419,0.07918158334460883,x_positive,0.0,0.07918158334460883,0.0,0.0,0.0,0.0
420,0.08010057464202246,x_positive,0.0,0.08010057464202246,0.0,0.0,0.0,0.0
421,0.07918456966883596,x_positive,0.0,0.07918456966883596,0.0,0.0,0.0,0.0
422,0.08018691880866717,x_positive,0.0,0.08018691880866717,0.0,0.0,0.0,0.0
423,0.07923001051016836,x_positive,0.0,0.07923001051016836,0.0,0.0,0.0,0.0
424,0.08029209526132189,y_negative,0.0,0.08029209526132189,0.0,0.0,0.0,0.0
425,0.07920197869249003,y_negative,0.0,0.07920197869249003,0.0,0.0,0.0,0.0
426,0.08036291715091035,y_negative,0.0,0.08036291715091035,0.0,0.0,0.0,0.0
427,0.07926787044418358,y_negative,0.0,0.07926787044418358,0.0,0.0,0.0,0.0
428,0.08040456668887841,y_negative,0.0,0.08040456668887841,0.0,0.0,0.0,0.0
429,0.07931319768441561,y_negative,0.0,0.07931319768441561,0.0,0.0,0.0,0.0
430,0.0802463511898011,y_negative,0.0,0.0802463511898011,0.0,0.0,0.0,0.0
431,0.07915385841000462,y_negative,0.0,0.07915385841000462,0.0,0.0,0.0,0.0
432,0.08013613985922148,y_negative,0.0,0.08013613985922148,0.0,0.0,0.0,0.0
433,0.07916405214926811,y_negative,0.0,0.07916405214926811,0.0,0.0,0.0,0.0
434,0.07995234355354577,y_negative,0.0,0.07995234355354577,0.0,0.0,0.0,0.0
435,0.0793400163211677,y_negative,0.0,0.0793400163211677,0.0,0.0,0.0,0.0
436,0.07998984994670494,y_negative,0.0,0.07998984994670494,0.0,0.0,0.0,0.0
437,0.07931333066411281,y_negative,0.0,0.07931333066411281,0.0,0.0,0.0,0.0
438,0.07998590457453232,y_negative,0.0,0.07998590457453232,0.0,0.0,0.0,0.0
439,0.0792619275654123,y_negative,0.0,0.0792619275654123,0.0,0.0,0.0,0.0
440,0.08006886283881767,y_negative,0.0,0.08006886283881767,0.0,0.0,0.0,0.0
441,0.07930085664271591,y_negative,0.0,0.07930085664271591,0.0,0.0,0.0,0.0
442,0.0800767274185922,y_negative,0.0,0.0800767274185922,0.0,0.0,0.0,0.0
443,0.07926543325947814,y_negative,0.0,0.07926543325947814,0.0,0.0,0.0,0.0
444,0.0801255829462233,y_negative,0.0,0.0801255829462233,0.0,0.0,0.0,0.0
445,0.07926688931137958,y_negative,0.0,0.07926688931137958,0.0,0.0,0.0,0.0
446,0.0801734775224516,y_negative,0.0,0.0801734775224516,0.0,0.0,0.0,0.0
447,0.07926865575016279,y_negative,0.0,0.07926865575016279,0.0,0.0,0.0,0.0
448,0.08019677555152853,x_negative,0.0,0.08019677555152853,0.0,0.0,0.0,0.0
449,0.07924345485093329,x_negative,0.0,0.07924345485093329,0.0,0.0,0.0,0.0
450,0.08024208551180076,x_negative,0.0,0.08024208551180076,0.0,0.0,0.0,0.0
451,0.07924322829692632,x_negative,0.0,0.07924322829692632,0.0,0.0,0.0,0.0
452,0.08026457991089866,x_negative,0.0,0.08026457991089866,0.0,0.0,0.0,0.0
453,0.07922939422031204,x_negative,0.0,0.07922939422031204,0.0,0.0,0.0,0.0
454,0.08028922386809155,x_negative,0.0,0.08028922386809155,0.0,0.0,0.0,0.0
455,0.07922125557452049,x_negative,0.0,0.07922125557452049,0.0,0.0,0.0,0.0
456,0.08030385621559344,x_negative,0.0,0.08030385621559344,0.0,0.0,0.0,0.0
457,0.07921638605171027,x_negative,0.0,0.07921638605171027,0.0,0.0,0.0,0.0
458,0.08030910653904547,x_negative,0.0,0.08030910653904547,0.0,0.0,0.0,0.0
459,0.07921010209673048,x_negative,0.0,0.07921010209673048,0.0,0.0,0.0,0.0
460,0.0803049810809432,x_negative,0.0,0.0803049810809432,0.0,0.0,0.0,0.0
461,0.07920717002163913,x_negative,0.0,0.07920717002163913,0.0,0.0,0.0,0.0
462,0.08028634696610658,x_negative,0.0,0.08028634696610658,0.0,0.0,0.0,0.0
463,0.07919870010511786,x_negative,0.0,0.07919870010511786,0.0,0.0,0.0,0.0
464,0.08028760573986182,x_negative,0.0,0.08028760573986182,0.0,0.0,0.0,0.0
465,0.0792148966272539,x_negative,0.0,0.0792148966272539,0.0,0.0,0.0,0.0
466,0.08025218360017025,x_negative,0.0,0.08025218360017025,0.0,0.0,0.0,0.0
467,0.07918652747671735,x_negative,0.0,0.07918652747671735,0.0,0.0,0.0,0.0
468,0.08040212351893253,x_negative,0.0,0.08040212351893253,0.0,0.0,0.0,0.0
469,0.079213482385386,x_negative,0.0,0.079213482385386,0.0,0.0,0.0,0.0
470,0.07999945920671557,x_negative,0.0,0.07999945920671557,0.0,0.0,0.0,0.0
471,0.07918791648648484,x_negative,0.0,0.07918791648648484,0.0,0.0,0.0,0.0
472,0.0798924185546176,y_positive,0.0,0.0798924185546176,0.0,0.0,0.0,0.0
473,0.07924945484753042,y_positive,0.0,0.07924945484753042,0.0,0.0,0.0,0.0
474,0.07993850581414175,y_positive,0.0,0.07993850581414175,0.0,0.0,0.0,0.0
475,0.07926108316646967,y_positive,0.0,0.07926108316646967,0.0,0.0,0.0,0.0
476,0.08080427678802272,y_positive,0.0,0.08080427678802272,0.0,0.0,0.0,0.0
477,0.08010083544658625,y_positive,0.0,0.08010083544658625,0.0,0.0,0.0,0.0
478,0.07881046225470224,y_positive,0.0,0.07881046225470224,0.0,0.0,0.0,0.0
479,0.078122714515246,y_positive,0.0,0.078122714515246,0.0,0.0,0.0,0.0
480,0.08050534897885345,y_positive,0.0,0.08050534897885345,0.0,0.0,0.0,0.0
481,0.07880862881171212,y_positive,0.0,0.07880862881171212,0.0,0.0,0.0,0.0
482,0.08242035306388786,y_positive,0.0,0.08242035306388786,0.0,0.0,0.0,0.0
483,0.08075424205494672,y_positive,0.0,0.08075424205494672,0.0,0.0,0.0,0.0
484,0.0814403750071146,y_positive,0.0,0.0814403750071146,0.0,0.0,0.0,0.0
485,0.07994449925606165,y_positive,0.0,0.07994449925606165,0.0,0.0,0.0,0.0
486,0.08265535334869052,y_positive,0.0,0.08265535334869052,0.0,0.0,0.0,0.0
487,0.08030002615535041,y_positive,0.0,0.08030002615535041,0.0,0.0,0.0,0.0
488,0.08248406511587048,y_positive,0.0,0.08248406511587048,0.0,0.0,0.0,0.0
489,0.08019656027658321,y_positive,0.0,0.08019656027658321,0.0,0.0,0.0,0.0
490,0.08237149012993547,y_positive,0.0,0.08237149012993547,0.0,0.0,0.0,0.0
491,0.08016829142335519,y_positive,0.0,0.08016829142335519,0.0,0.0,0.0,0.0
492,0.08215221273638336,y_positive,0.0,0.08215221273638336,0.0,0.0,0.0,0.0
493,0.08007260461614721,y_positive,0.0,0.08007260461614721,0.0,0.0,0.0,0.0
494,0.08194507503498304,y_positive,0.0,0.08194507503498304,0.0,0.0,0.0,0.0
495,0.08000916177021226,y_positive,0.0,0.08000916177021226,0.0,0.0,0.0,0.0
496,0.0819929150164312,x_positive,0.0,0.0819929150164312,0.0,0.0,0.0,0.0
497,0.08023129240000026,x_positive,0.0,0.08023129240000026,0.0,0.0,0.0,0.0
498,0.08239743583956437,x_positive,0.0,0.08239743583956437,0.0,0.0,0.0,0.0
499,0.08024663755848566,x_positive,0.0,0.08024663755848566,0.0,0.0,0.0,0.0
500,0.08250817188717784,x_positive,0.0,0.08250817188717784,0.0,0.0,0.0,0.0
501,0.08025162122705808,x_positive,0.0,0.08025162122705808,0.0,0.0,0.0,0.0
502,0.08261957253583636,x_positive,0.0,0.08261957253583636,0.0,0.0,0.0,0.0
503,0.0802922335702495,x_positive,0.0,0.0802922335702495,0.0,0.0,0.0,0.0
504,0.08269672084164328,x_positive,0.0,0.08269672084164328,0.0,0.0,0.0,0.0
505,0.0803201964897728,x_positive,0.0,0.0803201964897728,0.0,0.0,0.0,0.0
506,0.08274436919957764,x_positive,0.0,0.08274436919957764,0.0,0.0,0.0,0.0
507,0.08035221927597609,x_positive,0.0,0.08035221927597609,0.0,0.0,0.0,0.0
508,0.08276980760012939,x_positive,0.0,0.08276980760012939,0.0,0.0,0.0,0.0
509,0.08037674618330831,x_positive,0.0,0.08037674618330831,0.0,0.0,0.0,0.0
510,0.08275219443085116,x_positive,0.0,0.08275219443085116,0.0,0.0,0.0,0.0
511,0.08038519387686859,x_positive,0.0,0.08038519387686859,0.0,0.0,0.0,0.0
512,0.08272877420725844,x_positive,0.0,0.08272877420725844,0.0,0.0,0.0,0.0
513,0.08041104754407111,x_positive,0.0,0.08041104754407111,0.0,0.0,0.0,0.0
514,0.08264261301325602,x_positive,0.0,0.08264261301325602,0.0,0.0,0.0,0.0
515,0.08040115641298169,x_positive,0.0,0.08040115641298169,0.0,0.0,0.0,0.0
516,0.08249263547445304,x_positive,0.0,0.08249263547445304,0.0,0.0,0.0,0.0
517,0.0803736153120424,x_positive,0.0,0.0803736153120424,0.0,0.0,0.0,0.0
518,0.08269665722865031,x_positive,0.0,0.08269665722865031,0.0,0.0,0.0,0.0
519,0.08050881288683275,x_positive,0.0,0.08050881288683275,0.0,0.0,0.0,0.0
520,0.08307149080073786,y_negative,0.0,0.08307149080073786,0.0,0.0,0.0,0.0
521,0.08066257359411881,y_negative,0.0,0.08066257359411881,0.0,0.0,0.0,0.0
522,0.08317783458569873,y_negative,0.0,0.08317783458569873,0.0,0.0,0.0,0.0
523,0.08076535420298948,y_negative,0.0,0.08076535420298948,0.0,0.0,0.0,0.0
524,0.08325899028200294,y_negative,0.0,0.08325899028200294,0.0,0.0,0.0,0.0
525,0.08084130883164231,y_negative,0.0,0.08084130883164231,0.0,0.0,0.0,0.0
526,0.08312487983765744,y_negative,0.0,0.08312487983765744,0.0,0.0,0.0,0.0
527,0.08071141283217997,y_negative,0.0,0.08071141283217997,0.0,0.0,0.0,0.0
528,0.08262755575481721,y_negative,0.0,0.08262755575481721,0.0,0.0,0.0,0.0
529,0.08062564418247987,y_negative,0.0,0.08062564418247987,0.0,0.0,0.0,0.0
530,0.08204657461499572,y_negative,0.0,0.08204657461499572,0.0,0.0,0.0,0.0
531,0.0804595506055405,y_negative,0.0,0.0804595506055405,0.0,0.0,0.0,0.0
532,0.0822176176702904,y_negative,0.0,0.0822176176702904,0.0,0.0,0.0,0.0
533,0.0805040095100756,y_negative,0.0,0.0805040095100756,0.0,0.0,0.0,0.0
534,0.08228699284227009,y_negative,0.0,0.08228699284227009,0.0,0.0,0.0,0.0
535,0.0804960718165811,y_negative,0.0,0.0804960718165811,0.0,0.0,0.0,0.0
536,0.08242615708241065,y_negative,0.0,0.08242615708241065,0.0,0.0,0.0,0.0
537,0.08056245188924506,y_negative,0.0,0.08056245188924506,0.0,0.0,0.0,0.0
538,0.08247977237358167,y_negative,0.0,0.08247977237358167,0.0,0.0,0.0,0.0
539,0.08054318117114603,y_negative,0.0,0.08054318117114603,0.0,0.0,0.0,0.0
540,0.08257428306600459,y_negative,0.0,0.08257428306600459,0.0,0.0,0.0,0.0
541,0.08055990005075378,y_negative,0.0,0.08055990005075378,0.0,0.0,0.0,0.0
542,0.0826608186469999,y_negative,0.0,0.0826608186469999,0.0,0.0,0.0,0.0
543,0.08056771774587211,y_negative,0.0,0.08056771774587211,0.0,0.0,0.0,0.0
544,0.08271705720340965,x_negative,0.0,0.08271705720340965,0.0,0.0,0.0,0.0
545,0.08054536459160153,x_negative,0.0,0.08054536459160153,0.0,0.0,0.0,0.0
546,0.08278672691860091,x_negative,0.0,0.08278672691860091,0.0,0.0,0.0,0.0
547,0.08054724416221136,x_negative,0.0,0.08054724416221136,0.0,0.0,0.0,0.0
548,0.08283304823291114,x_negative,0.0,0.08283304823291114,0.0,0.0,0.0,0.0
549,0.08052675047423855,x_negative,0.0,0.08052675047423855,0.0,0.0,0.0,0.0
550,0.08286487057075712,x_negative,0.0,0.08286487057075712,0.0,0.0,0.0,0.0
551,0.08051043538266009,x_negative,0.0,0.08051043538266009,0.0,0.0,0.0,0.0
552,0.08287841414421059,x_negative,0.0,0.08287841414421059,0.0,0.0,0.0,0.0
553,0.08048844831383614,x_negative,0.0,0.08048844831383614,0.0,0.0,0.0,0.0
554,0.08286545893721316,x_negative,0.0,0.08286545893721316,0.0,0.0,0.0,0.0
555,0.08046123114691027,x_negative,0.0,0.08046123114691027,0.0,0.0,0.0,0.0
556,0.08283139960866207,x_negative,0.0,0.08283139960866207,0.0,0.0,0.0,0.0
557,0.08043008194328935,x_negative,0.0,0.08043008194328935,0.0,0.0,0.0,0.0
558,0.08276640549444465,x_negative,0.0,0.08276640549444465,0.0,0.0,0.0,0.0
559,0.08038864333126114,x_negative,0.0,0.08038864333126114,0.0,0.0,0.0,0.0
560,0.08270501997030384,x_negative,0.0,0.08270501997030384,0.0,0.0,0.0,0.0
561,0.08037131355593316,x_negative,0.0,0.08037131355593316,0.0,0.0,0.0,0.0
562,0.08259934886826836,x_negative,0.0,0.08259934886826836,0.0,0.0,0.0,0.0
563,0.08032225887094967,x_negative,0.0,0.08032225887094967,0.0,0.0,0.0,0.0
564,0.08264973343369998,x_negative,0.0,0.08264973343369998,0.0,0.0,0.0,0.0
565,0.08046039236537102,x_negative,0.0,0.08046039236537102,0.0,0.0,0.0,0.0
566,0.08170870057546191,x_negative,0.0,0.08170870057546191,0.0,0.0,0.0,0.0
567,0.08004808621505582,x_negative,0.0,0.08004808621505582,0.0,0.0,0.0,0.0
568,0.08158249950887686,y_positive,0.0,0.08158249950887686,0.0,0.0,0.0,0.0
569,0.07992978711596042,y_positive,0.0,0.07992978711596042,0.0,0.0,0.0,0.0
570,0.08167982799649318,y_positive,0.0,0.08167982799649318,0.0,0.0,0.0,0.0
571,0.07996596622292396,y_positive,0.0,0.07996596622292396,0.0,0.0,0.0,0.0
572,0.08258614476268347,y_positive,0.0,0.08258614476268347,0.0,0.0,0.0,0.0
573,0.08082692724542817,y_positive,0.0,0.08082692724542817,0.0,0.0,0.0,0.0
574,0.08054941120262413,y_positive,0.0,0.08054941120262413,0.0,0.0,0.0,0.0
575,0.07882782077814342,y_positive,0.0,0.07882782077814342,0.0,0.0,0.0,0.0
576,0.08275578052727998,y_positive,0.0,0.08275578052727998,0.0,0.0,0.0,0.0
577,0.08052719147922986,y_positive,0.0,0.08052719147922986,0.0,0.0,0.0,0.0
578,0.08470829461738143,y_positive,0.0,0.08470829461738143,0.0,0.0,0.0,0.0
579,0.08243953716963386,y_positive,0.0,0.08243953716963386,0.0,0.0,0.0,0.0
580,0.08360064696707231,y_positive,0.0,0.08360064696707231,0.0,0.0,0.0,0.0
581,0.0814574872148383,y_positive,0.0,0.0814574872148383,0.0,0.0,0.0,0.0
582,0.08505720835717173,y_positive,0.0,0.08505720835717173,0.0,0.0,0.0,0.0
583,0.08266969323371175,y_positive,0.0,0.08266969323371175,0.0,0.0,0.0,0.0
584,0.08487290260389493,y_positive,0.0,0.08487290260389493,0.0,0.0,0.0,0.0
585,0.08249862325859016,y_positive,0.0,0.08249862325859016,0.0,0.0,0.0,0.0
586,0.08473744360111085,y_positive,0.0,0.08473744360111085,0.0,0.0,0.0,0.0
587,0.08238357819768852,y_positive,0.0,0.08238357819768852,0.0,0.0,0.0,0.0
588,0.08449502216313193,y_positive,0.0,0.08449502216313193,0.0,0.0,0.0,0.0
589,0.08216156435081591,y_positive,0.0,0.08216156435081591,0.0,0.0,0.0,0.0
590,0.08424976092191828,y_positive,0.0,0.08424976092191828,0.0,0.0,0.0,0.0
591,0.08195013300007988,y_positive,0.0,0.08195013300007988,0.0,0.0,0.0,0.0
592,0.08410914365077245,x_positive,0.0,0.08410914365077245,0.0,0.0,0.0,0.0
593,0.08200031955014138,x_positive,0.0,0.08200031955014138,0.0,0.0,0.0,0.0
594,0.08470378040014699,x_positive,0.0,0.08470378040014699,0.0,0.0,0.0,0.0
595,0.08241159773500314,x_positive,0.0,0.08241159773500314,0.0,0.0,0.0,0.0
596,0.08488017517336911,x_positive,0.0,0.08488017517336911,0.0,0.0,0.0,0.0
597,0.08252547111663815,x_positive,0.0,0.08252547111663815,0.0,0.0,0.0,0.0
598,0.08501315690506475,x_positive,0.0,0.08501315690506475,0.0,0.0,0.0,0.0
599,0.08264249480810296,x_positive,0.0,0.08264249480810296,0.0,0.0,0.0,0.0
600,0.08510927601738602,x_positive,0.0,0.08510927601738602,0.0,0.0,0.0,0.0
601,0.08272297492735635,x_positive,0.0,0.08272297492735635,0.0,0.0,0.0,0.0
602,0.0851685259295324,x_positive,0.0,0.0851685259295324,0.0,0.0,0.0,0.0
603,0.08277268486944744,x_positive,0.0,0.08277268486944744,0.0,0.0,0.0,0.0
604,0.085195459993702,x_positive,0.0,0.085195459993702,0.0,0.0,0.0,0.0
605,0.08279954584029874,x_positive,0.0,0.08279954584029874,0.0,0.0,0.0,0.0
606,0.0851717650570013,x_positive,0.0,0.0851717650570013,0.0,0.0,0.0,0.0
607,0.08278006400835744,x_positive,0.0,0.08278006400835744,0.0,0.0,0.0,0.0
608,0.08513482708714883,x_positive,0.0,0.08513482708714883,0.0,0.0,0.0,0.0
609,0.08275075178172162,x_positive,0.0,0.08275075178172162,0.0,0.0,0.0,0.0
610,0.08502457702685773,x_positive,0.0,0.08502457702685773,0.0,0.0,0.0,0.0
611,0.08265567765621222,x_positive,0.0,0.08265567765621222,0.0,0.0,0.0,0.0
612,0.08484048947631206,x_positive,0.0,0.08484048947631206,0.0,0.0,0.0,0.0
613,0.0824914493039464,x_positive,0.0,0.0824914493039464,0.0,0.0,0.0,0.0
614,0.08504700457971867,x_positive,0.0,0.08504700457971867,0.0,0.0,0.0,0.0
615,0.08268669491057336,x_positive,0.0,0.08268669491057336,0.0,0.0,0.0,0.0
616,0.08547279105760246,y_negative,0.0,0.08547279105760246,0.0,0.0,0.0,0.0
617,0.0830600083785922,y_negative,0.0,0.0830600083785922,0.0,0.0,0.0,0.0
618,0.08558065808220577,y_negative,0.0,0.08558065808220577,0.0,0.0,0.0,0.0
619,0.08316856689847042,y_negative,0.0,0.08316856689847042,0.0,0.0,0.0,0.0
620,0.08566368617564106,y_negative,0.0,0.08566368617564106,0.0,0.0,0.0,0.0
621,0.08324702690238744,y_negative,0.0,0.08324702690238744,0.0,0.0,0.0,0.0
622,0.08552250490233268,y_negative,0.0,0.08552250490233268,0.0,0.0,0.0,0.0
623,0.08311159714521188,y_negative,0.0,0.08311159714521188,0.0,0.0,0.0,0.0
624,0.08487752283290517,y_negative,0.0,0.08487752283290517,0.0,0.0,0.0,0.0
625,0.082608875650551,y_negative,0.0,0.082608875650551,0.0,0.0,0.0,0.0
626,0.08427757140185813,y_negative,0.0,0.08427757140185813,0.0,0.0,0.0,0.0
627,0.08203004900281032,y_negative,0.0,0.08203004900281032,0.0,0.0,0.0,0.0
628,0.0844874383625443,y_negative,0.0,0.0844874383625443,0.0,0.0,0.0,0.0
629,0.08221072052485526,y_negative,0.0,0.08221072052485526,0.0,0.0,0.0,0.0
630,0.08458816945487017,y_negative,0.0,0.08458816945487017,0.0,0.0,0.0,0.0
631,0.08229337440884095,y_negative,0.0,0.08229337440884095,0.0,0.0,0.0,0.0
632,0.08476314433927266,y_negative,0.0,0.08476314433927266,0.0,0.0,0.0,0.0
633,0.08245308743140896,y_negative,0.0,0.08245308743140896,0.0,0.0,0.0,0.0
634,0.08485290440787917,y_negative,0.0,0.08485290440787917,0.0,0.0,0.0,0.0
635,0.0825287368432023,y_negative,0.0,0.0825287368432023,0.0,0.0,0.0,0.0
636,0.08498347069355423,y_negative,0.0,0.08498347069355423,0.0,0.0,0.0,0.0
637,0.08264463376052199,y_negative,0.0,0.08264463376052199,0.0,0.0,0.0,0.0
638,0.08510732742085912,y_negative,0.0,0.08510732742085912,0.0,0.0,0.0,0.0
639,0.0827519095405448,y_negative,0.0,0.0827519095405448,0.0,0.0,0.0,0.0
640,0.0851966695302415,x_negative,0.0,0.0851966695302415,0.0,0.0,0.0,0.0
641,0.08282805133207059,x_negative,0.0,0.08282805133207059,0.0,0.0,0.0,0.0
642,0.08529129444220061,x_negative,0.0,0.08529129444220061,0.0,0.0,0.0,0.0
643,0.08290903628823437,x_negative,0.0,0.08290903628823437,0.0,0.0,0.0,0.0
644,0.08535978562722556,x_negative,0.0,0.08535978562722556,0.0,0.0,0.0,0.0
645,0.08296421773331923,x_negative,0.0,0.08296421773331923,0.0,0.0,0.0,0.0
646,0.08539902788964705,x_negative,0.0,0.08539902788964705,0.0,0.0,0.0,0.0
647,0.08299755848732131,x_negative,0.0,0.08299755848732131,0.0,0.0,0.0,0.0
648,0.08541870459279088,x_negative,0.0,0.08541870459279088,0.0,0.0,0.0,0.0
649,0.0830099415566605,x_negative,0.0,0.0830099415566605,0.0,0.0,0.0,0.0
650,0.08539506951222722,x_negative,0.0,0.08539506951222722,0.0,0.0,0.0,0.0
651,0.08298978112843476,x_negative,0.0,0.08298978112843476,0.0,0.0,0.0,0.0
652,0.08535009616633664,x_negative,0.0,0.08535009616633664,0.0,0.0,0.0,0.0
653,0.08294365042417583,x_negative,0.0,0.08294365042417583,0.0,0.0,0.0,0.0
654,0.08525997520163021,x_negative,0.0,0.08525997520163021,0.0,0.0,0.0,0.0
655,0.08286702169520165,x_negative,0.0,0.08286702169520165,0.0,0.0,0.0,0.0
656,0.08517146715587101,x_negative,0.0,0.08517146715587101,0.0,0.0,0.0,0.0
657,0.082790027081015,x_negative,0.0,0.082790027081015,0.0,0.0,0.0,0.0
658,0.0850206212761798,x_negative,0.0,0.0850206212761798,0.0,0.0,0.0,0.0
659,0.08266909389389519,x_negative,0.0,0.08266909389389519,0.0,0.0,0.0,0.0
660,0.08495218223107882,x_negative,0.0,0.08495218223107882,0.0,0.0,0.0,0.0
661,0.08270607653122118,x_negative,0.0,0.08270607653122118,0.0,0.0,0.0,0.0
662,0.08392819441484652,x_negative,0.0,0.08392819441484652,0.0,0.0,0.0,0.0
663,0.08175592469593952,x_negative,0.0,0.08175592469593952,0.0,0.0,0.0,0.0
664,0.0838719628602183,y_positive,0.0,0.0838719628602183,0.0,0.0,0.0,0.0
665,0.08162239664489493,y_positive,0.0,0.08162239664489493,0.0,0.0,0.0,0.0
666,0.08397341230658524,y_positive,0.0,0.08397341230658524,0.0,0.0,0.0,0.0
667,0.08171233154715447,y_positive,0.0,0.08171233154715447,0.0,0.0,0.0,0.0
668,0.08490693877635151,y_positive,0.0,0.08490693877635151,0.0,0.0,0.0,0.0
669,0.0826139990216465,y_positive,0.0,0.0826139990216465,0.0,0.0,0.0,0.0
670,0.08280967440455418,y_positive,0.0,0.08280967440455418,0.0,0.0,0.0,0.0
671,0.08057424608920948,y_positive,0.0,0.08057424608920948,0.0,0.0,0.0,0.0
672,0.08504667329840956,y_positive,0.0,0.08504667329840956,0.0,0.0,0.0,0.0
673,0.08277595255502081,y_positive,0.0,0.08277595255502081,0.0,0.0,0.0,0.0
674,0.08718616957836696,y_positive,0.0,0.08718616957836696,0.0,0.0,0.0,0.0
675,0.08472780221637406,y_positive,0.0,0.08472780221637406,0.0,0.0,0.0,0.0
676,0.08625977690979127,y_positive,0.0,0.08625977690979127,0.0,0.0,0.0,0.0
677,0.08361927688390347,y_positive,0.0,0.08361927688390347,0.0,0.0,0.0,0.0
678,0.08623414549032714,y_positive,0.0,0.08623414549032714,0.0,0.0,0.0,0.0
679,0.08507558484415247,y_positive,0.0,0.08507558484415247,0.0,0.0,0.0,0.0
680,0.08615428710472575,y_positive,0.0,0.08615428710472575,0.0,0.0,0.0,0.0
681,0.08488490336136181,y_positive,0.0,0.08488490336136181,0.0,0.0,0.0,0.0
682,0.08617147504988325,y_positive,0.0,0.08617147504988325,0.0,0.0,0.0,0.0
683,0.08474128049316108,y_positive,0.0,0.08474128049316108,0.0,0.0,0.0,0.0
684,0.08612807494327163,y_positive,0.0,0.08612807494327163,0.0,0.0,0.0,0.0
685,0.08448590913742327,y_positive,0.0,0.08448590913742327,0.0,0.0,0.0,0.0
686,0.08614371178326485,y_positive,0.0,0.08614371178326485,0.0,0.0,0.0,0.0
687,0.08422744440482431,y_positive,0.0,0.08422744440482431,0.0,0.0,0.0,0.0
688,0.08612796009811224,x_positive,0.0,0.08612796009811224,0.0,0.0,0.0,0.0
689,0.08407014274951334,x_positive,0.0,0.08407014274951334,0.0,0.0,0.0,0.0
690,0.08614035762492334,x_positive,0.0,0.08614035762492334,0.0,0.0,0.0,0.0
691,0.08466076499605231,x_positive,0.0,0.08466076499605231,0.0,0.0,0.0,0.0
692,0.08614320249747962,x_positive,0.0,0.08614320249747962,0.0,0.0,0.0,0.0
693,0.08483174949878523,x_positive,0.0,0.08483174949878523,0.0,0.0,0.0,0.0
694,0.08615222274555452,x_positive,0.0,0.08615222274555452,0.0,0.0,0.0,0.0
695,0.08495560281261766,x_positive,0.0,0.08495560281261766,0.0,0.0,0.0,0.0
696,0.08615868794459201,x_positive,0.0,0.08615868794459201,0.0,0.0,0.0,0.0
697,0.08503932167154973,x_positive,0.0,0.08503932167154973,0.0,0.0,0.0,0.0
698,0.08616555568793717,x_positive,0.0,0.08616555568793717,0.0,0.0,0.0,0.0
699,0.0850796798827974,x_positive,0.0,0.0850796798827974,0.0,0.0,0.0,0.0
700,0.08617490499435086,x_positive,0.0,0.08617490499435086,0.0,0.0,0.0,0.0
701,0.0850798647727492,x_positive,0.0,0.0850798647727492,0.0,0.0,0.0,0.0
702,0.08617098982936285,x_positive,0.0,0.08617098982936285,0.0,0.0,0.0,0.0
703,0.0850240016472282,x_positive,0.0,0.0850240016472282,0.0,0.0,0.0,0.0
704,0.08618622320364054,x_positive,0.0,0.08618622320364054,0.0,0.0,0.0,0.0
705,0.08494646008452421,x_positive,0.0,0.08494646008452421,0.0,0.0,0.0,0.0
706,0.0861756139170464,x_positive,0.0,0.0861756139170464,0.0,0.0,0.0,0.0
707,0.08478868323728533,x_positive,0.0,0.08478868323728533,0.0,0.0,0.0,0.0
708,0.08616190746238475,x_positive,0.0,0.08616190746238475,0.0,0.0,0.0,0.0
709,0.08455262557134512,x_positive,0.0,0.08455262557134512,0.0,0.0,0.0,0.0
710,0.08619745064856267,x_positive,0.0,0.08619745064856267,0.0,0.0,0.0,0.0
711,0.08470290063835689,x_positive,0.0,0.08470290063835689,0.0,0.0,0.0,0.0
712,0.08616495646637548,y_negative,0.0,0.08616495646637548,0.0,0.0,0.0,0.0
713,0.0850755990281451,y_negative,0.0,0.0850755990281451,0.0,0.0,0.0,0.0
714,0.08623357376155985,y_negative,0.0,0.08623357376155985,0.0,0.0,0.0,0.0
715,0.0851428036092685,y_negative,0.0,0.0851428036092685,0.0,0.0,0.0,0.0
716,0.08628106352925653,y_negative,0.0,0.08628106352925653,0.0,0.0,0.0,0.0
717,0.0851882478090704,y_negative,0.0,0.0851882478090704,0.0,0.0,0.0,0.0
718,0.08611116363270167,y_negative,0.0,0.08611116363270167,0.0,0.0,0.0,0.0
719,0.08501732134878875,y_negative,0.0,0.08501732134878875,0.0,0.0,0.0,0.0
720,0.0861189252044002,y_negative,0.0,0.0861189252044002,0.0,0.0,0.0,0.0
721,0.0843510468496421,y_negative,0.0,0.0843510468496421,0.0,0.0,0.0,0.0
722,0.08631298105434503,y_negative,0.0,0.08631298105434503,0.0,0.0,0.0,0.0
723,0.08373286571144557,y_negative,0.0,0.08373286571144557,0.0,0.0,0.0,0.0
724,0.08629592500895351,y_negative,0.0,0.08629592500895351,0.0,0.0,0.0,0.0
725,0.08393716118792152,y_negative,0.0,0.08393716118792152,0.0,0.0,0.0,0.0
726,0.0862592750002125,y_negative,0.0,0.0862592750002125,0.0,0.0,0.0,0.0
727,0.08404867585890637,y_negative,0.0,0.08404867585890637,0.0,0.0,0.0,0.0
728,0.08633267868677683,y_negative,0.0,0.08633267868677683,0.0,0.0,0.0,0.0
729,0.08424794173266678,y_negative,0.0,0.08424794173266678,0.0,0.0,0.0,0.0
730,0.08633027910639272,y_negative,0.0,0.08633027910639272,0.0,0.0,0.0,0.0
731,0.08437774349968101,y_negative,0.0,0.08437774349968101,0.0,0.0,0.0,0.0
732,0.08637775076514914,y_negative,0.0,0.08637775076514914,0.0,0.0,0.0,0.0
733,0.08456267787702082,y_negative,0.0,0.08456267787702082,0.0,0.0,0.0,0.0
734,0.08641907437970626,y_negative,0.0,0.08641907437970626,0.0,0.0,0.0,0.0
735,0.08474730419107136,y_negative,0.0,0.08474730419107136,0.0,0.0,0.0,0.0
736,0.08643925806454912,x_negative,0.0,0.08643925806454912,0.0,0.0,0.0,0.0
737,0.0849038711888662,x_negative,0.0,0.0849038711888662,0.0,0.0,0.0,0.0
738,0.08647306850879574,x_negative,0.0,0.08647306850879574,0.0,0.0,0.0,0.0
739,0.08506835071924891,x_negative,0.0,0.08506835071924891,0.0,0.0,0.0,0.0
740,0.08649058111287501,x_negative,0.0,0.08649058111287501,0.0,0.0,0.0,0.0
741,0.08520495546035015,x_negative,0.0,0.08520495546035015,0.0,0.0,0.0,0.0
742,0.08650009845584865,x_negative,0.0,0.08650009845584865,0.0,0.0,0.0,0.0
743,0.08530324776398293,x_negative,0.0,0.08530324776398293,0.0,0.0,0.0,0.0
744,0.08649931113053293,x_negative,0.0,0.08649931113053293,0.0,0.0,0.0,0.0
745,0.08537151059777942,x_negative,0.0,0.08537151059777942,0.0,0.0,0.0,0.0
746,0.08648810570615875,x_negative,0.0,0.08648810570615875,0.0,0.0,0.0,0.0
747,0.0853874881367102,x_negative,0.0,0.0853874881367102,0.0,0.0,0.0,0.0
748,0.08646817137990877,x_negative,0.0,0.08646817137990877,0.0,0.0,0.0,0.0
749,0.085367676988089,x_negative,0.0,0.085367676988089,0.0,0.0,0.0,0.0
750,0.08642866468432744,x_negative,0.0,0.08642866468432744,0.0,0.0,0.0,0.0
751,0.08529110008636381,x_negative,0.0,0.08529110008636381,0.0,0.0,0.0,0.0
752,0.08640650081650918,x_negative,0.0,0.08640650081650918,0.0,0.0,0.0,0.0
753,0.08520498287986498,x_negative,0.0,0.08520498287986498,0.0,0.0,0.0,0.0
754,0.08633902424168917,x_negative,0.0,0.08633902424168917,0.0,0.0,0.0,0.0
755,0.0850482293914215,x_negative,0.0,0.0850482293914215,0.0,0.0,0.0,0.0
756,0.08632912852897386,x_negative,0.0,0.08632912852897386,0.0,0.0,0.0,0.0
757,0.08497163834176903,x_negative,0.0,0.08497163834176903,0.0,0.0,0.0,0.0
758,0.0862739532537729,x_negative,0.0,0.0862739532537729,0.0,0.0,0.0,0.0
759,0.08393621666882144,x_negative,0.0,0.08393621666882144,0.0,0.0,0.0,0.0
760,0.08632507977377749,y_positive,0.0,0.08632507977377749,0.0,0.0,0.0,0.0
761,0.08388531109899618,y_positive,0.0,0.08388531109899618,0.0,0.0,0.0,0.0
762,0.08632261838978623,y_positive,0.0,0.08632261838978623,0.0,0.0,0.0,0.0
763,0.08399339657449076,y_positive,0.0,0.08399339657449076,0.0,0.0,0.0,0.0
764,0.08722549958140949,y_positive,0.0,0.08722549958140949,0.0,0.0,0.0,0.0
765,0.08492714601902215,y_positive,0.0,0.08492714601902215,0.0,0.0,0.0,0.0
766,0.08505980195540155,y_positive,0.0,0.08505980195540155,0.0,0.0,0.0,0.0
767,0.08283051161855073,y_positive,0.0,0.08283051161855073,0.0,0.0,0.0,0.0
768,0.08819283436959931,y_positive,0.0,0.08819283436959931,0.0,0.0,0.0,0.0
769,0.08528976351474048,y_positive,0.0,0.08528976351474048,0.0,0.0,0.0,0.0
770,0.08980862953437588,y_positive,0.0,0.08980862953437588,0.0,0.0,0.0,0.0
771,0.08743070647292323,y_positive,0.0,0.08743070647292323,0.0,0.0,0.0,0.0
772,0.08877356921019312,y_positive,0.0,0.08877356921019312,0.0,0.0,0.0,0.0
773,0.08649783236363638,y_positive,0.0,0.08649783236363638,0.0,0.0,0.0,0.0
774,0.08701473017192188,y_positive,0.0,0.08701473017192188,0.0,0.0,0.0,0.0
775,0.08647281636064652,y_positive,0.0,0.08647281636064652,0.0,0.0,0.0,0.0
776,0.08688400094042814,y_positive,0.0,0.08688400094042814,0.0,0.0,0.0,0.0
777,0.08637553563380772,y_positive,0.0,0.08637553563380772,0.0,0.0,0.0,0.0
778,0.08692244277566272,y_positive,0.0,0.08692244277566272,0.0,0.0,0.0,0.0
779,0.08636785139844778,y_positive,0.0,0.08636785139844778,0.0,0.0,0.0,0.0
780,0.08696978175726333,y_positive,0.0,0.08696978175726333,0.0,0.0,0.0,0.0
781,0.08629213067724249,y_positive,0.0,0.08629213067724249,0.0,0.0,0.0,0.0
782,0.08770055581975808,y_positive,0.0,0.08770055581975808,0.0,0.0,0.0,0.0
783,0.08626915347128977,y_positive,0.0,0.08626915347128977,0.0,0.0,0.0,0.0
784,0.08834696588880614,x_positive,0.0,0.08834696588880614,0.0,0.0,0.0,0.0
785,0.08619697089131127,x_positive,0.0,0.08619697089131127,0.0,0.0,0.0,0.0
786,0.08770412860090522,x_positive,0.0,0.08770412860090522,0.0,0.0,0.0,0.0
787,0.08617929984237244,x_positive,0.0,0.08617929984237244,0.0,0.0,0.0,0.0
788,0.08748831948502009,x_positive,0.0,0.08748831948502009,0.0,0.0,0.0,0.0
789,0.08616001465696171,x_positive,0.0,0.08616001465696171,0.0,0.0,0.0,0.0
790,0.08734713907762591,x_positive,0.0,0.08734713907762591,0.0,0.0,0.0,0.0
791,0.0861419738872027,x_positive,0.0,0.0861419738872027,0.0,0.0,0.0,0.0
792,0.0872474188809932,x_positive,0.0,0.0872474188809932,0.0,0.0,0.0,0.0
793,0.0861238104105651,x_positive,0.0,0.0861238104105651,0.0,0.0,0.0,0.0
794,0.0871964900810002,x_positive,0.0,0.0871964900810002,0.0,0.0,0.0,0.0
795,0.08610772428232003,x_positive,0.0,0.08610772428232003,0.0,0.0,0.0,0.0
796,0.08719244400587933,x_positive,0.0,0.08719244400587933,0.0,0.0,0.0,0.0
797,0.08609789338612117,x_positive,0.0,0.08609789338612117,0.0,0.0,0.0,0.0
798,0.08722906986062257,x_positive,0.0,0.08722906986062257,0.0,0.0,0.0,0.0
799,0.08607743500081536,x_positive,0.0,0.08607743500081536,0.0,0.0,0.0,0.0
800,0.0873379847768238,x_positive,0.0,0.0873379847768238,0.0,0.0,0.0,0.0
801,0.08608549537560821,x_positive,0.0,0.08608549537560821,0.0,0.0,0.0,0.0
802,0.08747709391982508,x_positive,0.0,0.08747709391982508,0.0,0.0,0.0,0.0
803,0.08607280489788863,x_positive,0.0,0.08607280489788863,0.0,0.0,0.0,0.0
804,0.08769413162807131,x_positive,0.0,0.08769413162807131,0.0,0.0,0.0,0.0
805,0.08606400648228756,x_positive,0.0,0.08606400648228756,0.0,0.0,0.0,0.0
806,0.08745747805285617,x_positive,0.0,0.08745747805285617,0.0,0.0,0.0,0.0
807,0.08609860516278327,x_positive,0.0,0.08609860516278327,0.0,0.0,0.0,0.0
808,0.08680166890505944,y_negative,0.0,0.08680166890505944,0.0,0.0,0.0,0.0
809,0.08605966552284938,y_negative,0.0,0.08605966552284938,0.0,0.0,0.0,0.0
810,0.08685495412108121,y_negative,0.0,0.08685495412108121,0.0,0.0,0.0,0.0
811,0.08611722678495545,y_negative,0.0,0.08611722678495545,0.0,0.0,0.0,0.0
812,0.08698269570720338,y_negative,0.0,0.08698269570720338,0.0,0.0,0.0,0.0
813,0.08615515152445855,y_negative,0.0,0.08615515152445855,0.0,0.0,0.0,0.0
814,0.08724841483956144,y_negative,0.0,0.08724841483956144,0.0,0.0,0.0,0.0
815,0.08597389420709915,y_negative,0.0,0.08597389420709915,0.0,0.0,0.0,0.0
816,0.0891022599709231,y_negative,0.0,0.0891022599709231,0.0,0.0,0.0,0.0
817,0.0859752688584982,y_negative,0.0,0.0859752688584982,0.0,0.0,0.0,0.0
818,0.08875207276668053,y_negative,0.0,0.08875207276668053,0.0,0.0,0.0,0.0
819,0.08616040511719814,y_negative,0.0,0.08616040511719814,0.0,0.0,0.0,0.0
820,0.08847532912061098,y_negative,0.0,0.08847532912061098,0.0,0.0,0.0,0.0
821,0.08612901710779544,y_negative,0.0,0.08612901710779544,0.0,0.0,0.0,0.0
822,0.08825619005178978,y_negative,0.0,0.08825619005178978,0.0,0.0,0.0,0.0
823,0.08607817656042685,y_negative,0.0,0.08607817656042685,0.0,0.0,0.0,0.0
824,0.08815688830234811,y_negative,0.0,0.08815688830234811,0.0,0.0,0.0,0.0
825,0.0861404549993915,y_negative,0.0,0.0861404549993915,0.0,0.0,0.0,0.0
826,0.08797449841723977,y_negative,0.0,0.08797449841723977,0.0,0.0,0.0,0.0
827,0.08613209062041136,y_negative,0.0,0.08613209062041136,0.0,0.0,0.0,0.0
828,0.08784351184837531,y_negative,0.0,0.08784351184837531,0.0,0.0,0.0,0.0
829,0.08618398132939598,y_negative,0.0,0.08618398132939598,0.0,0.0,0.0,0.0
830,0.08771151431375983,y_negative,0.0,0.08771151431375983,0.0,0.0,0.0,0.0
831,0.08624608869217187,y_negative,0.0,0.08624608869217187,0.0,0.0,0.0,0.0
832,0.08756420655623981,x_negative,0.0,0.08756420655623981,0.0,0.0,0.0,0.0
833,0.08630195210565994,x_negative,0.0,0.08630195210565994,0.0,0.0,0.0,0.0
834,0.08746534183046184,x_negative,0.0,0.08746534183046184,0.0,0.0,0.0,0.0
835,0.08638407011766082,x_negative,0.0,0.08638407011766082,0.0,0.0,0.0,0.0
836,0.08738079693775941,x_negative,0.0,0.08738079693775941,0.0,0.0,0.0,0.0
837,0.08646217601613718,x_negative,0.0,0.08646217601613718,0.0,0.0,0.0,0.0
838,0.08733921755476917,x_negative,0.0,0.08733921755476917,0.0,0.0,0.0,0.0
839,0.08654338454206063,x_negative,0.0,0.08654338454206063,0.0,0.0,0.0,0.0
840,0.08732250880541058,x_negative,0.0,0.08732250880541058,0.0,0.0,0.0,0.0
841,0.08661330596053124,x_negative,0.0,0.08661330596053124,0.0,0.0,0.0,0.0
842,0.08734764729917283,x_negative,0.0,0.08734764729917283,0.0,0.0,0.0,0.0
843,0.08666706651785744,x_negative,0.0,0.08666706651785744,0.0,0.0,0.0,0.0
844,0.08741373999140989,x_negative,0.0,0.08741373999140989,0.0,0.0,0.0,0.0
845,0.08670615681107312,x_negative,0.0,0.08670615681107312,0.0,0.0,0.0,0.0
846,0.08749962583748848,x_negative,0.0,0.08749962583748848,0.0,0.0,0.0,0.0
847,0.08670990908028332,x_negative,0.0,0.08670990908028332,0.0,0.0,0.0,0.0
848,0.08763997100608892,x_negative,0.0,0.08763997100608892,0.0,0.0,0.0,0.0
849,0.08671884743941868,x_negative,0.0,0.08671884743941868,0.0,0.0,0.0,0.0
850,0.08775560022918534,x_negative,0.0,0.08775560022918534,0.0,0.0,0.0,0.0
851,0.08666499273221043,x_negative,0.0,0.08666499273221043,0.0,0.0,0.0,0.0
852,0.08794905143132815,x_negative,0.0,0.08794905143132815,0.0,0.0,0.0,0.0
853,0.08665615840261764,x_negative,0.0,0.08665615840261764,0.0,0.0,0.0,0.0
854,0.08891978788596205,x_negative,0.0,0.08891978788596205,0.0,0.0,0.0,0.0
855,0.08657324963905218,x_negative,0.0,0.08657324963905218,0.0,0.0,0.0,0.0
856,0.08908765880304802,y_positive,0.0,0.08908765880304802,0.0,0.0,0.0,0.0
857,0.08661623296773778,y_positive,0.0,0.08661623296773778,0.0,0.0,0.0,0.0
858,0.08903119690201891,y_positive,0.0,0.08903119690201891,0.0,0.0,0.0,0.0
859,0.08661035208229975,y_positive,0.0,0.08661035208229975,0.0,0.0,0.0,0.0
860,0.08992554878022381,y_positive,0.0,0.08992554878022381,0.0,0.0,0.0,0.0
861,0.0875086444629582,y_positive,0.0,0.0875086444629582,0.0,0.0,0.0,0.0
862,0.08998427286156081,y_positive,0.0,0.08998427286156081,0.0,0.0,0.0,0.0
863,0.0853263968664136,y_positive,0.0,0.0853263968664136,0.0,0.0,0.0,0.0
864,0.09209558386145793,y_positive,0.0,0.09209558386145793,0.0,0.0,0.0,0.0
865,0.08877719919071558,y_positive,0.0,0.08877719919071558,0.0,0.0,0.0,0.0
866,0.0925679004303691,y_positive,0.0,0.0925679004303691,0.0,0.0,0.0,0.0
867,0.0903894580741923,y_positive,0.0,0.0903894580741923,0.0,0.0,0.0,0.0
868,0.09091482069155632,y_positive,0.0,0.09091482069155632,0.0,0.0,0.0,0.0
869,0.08933474901397442,y_positive,0.0,0.08933474901397442,0.0,0.0,0.0,0.0
870,0.08897190721072,y_positive,0.0,0.08897190721072,0.0,0.0,0.0,0.0
871,0.08754841168271287,y_positive,0.0,0.08754841168271287,0.0,0.0,0.0,0.0
872,0.0885618539530219,y_positive,0.0,0.0885618539530219,0.0,0.0,0.0,0.0
873,0.08739646850287316,y_positive,0.0,0.08739646850287316,0.0,0.0,0.0,0.0
874,0.08836313001778222,y_positive,0.0,0.08836313001778222,0.0,0.0,0.0,0.0
875,0.08740642552888811,y_positive,0.0,0.08740642552888811,0.0,0.0,0.0,0.0
876,0.08819482989123588,y_positive,0.0,0.08819482989123588,0.0,0.0,0.0,0.0
877,0.08741601221390091,y_positive,0.0,0.08741601221390091,0.0,0.0,0.0,0.0
878,0.0896018468394528,y_positive,0.0,0.0896018468394528,0.0,0.0,0.0,0.0
879,0.08810694297966778,y_positive,0.0,0.08810694297966778,0.0,0.0,0.0,0.0
880,0.09091734852982764,x_positive,0.0,0.09091734852982764,0.0,0.0,0.0,0.0
881,0.08865637848906377,x_positive,0.0,0.08865637848906377,0.0,0.0,0.0,0.0
882,0.09025344007108606,x_positive,0.0,0.09025344007108606,0.0,0.0,0.0,0.0
883,0.08791030965709724,x_positive,0.0,0.08791030965709724,0.0,0.0,0.0,0.0
884,0.0899855886709677,x_positive,0.0,0.0899855886709677,0.0,0.0,0.0,0.0
885,0.08761146810067966,x_positive,0.0,0.08761146810067966,0.0,0.0,0.0,0.0
886,0.08979492746183579,x_positive,0.0,0.08979492746183579,0.0,0.0,0.0,0.0
887,0.08741143238898305,x_positive,0.0,0.08741143238898305,0.0,0.0,0.0,0.0
888,0.08966451364482132,x_positive,0.0,0.08966451364482132,0.0,0.0,0.0,0.0
889,0.08727144346843854,x_positive,0.0,0.08727144346843854,0.0,0.0,0.0,0.0
890,0.08959627882727998,x_positive,0.0,0.08959627882727998,0.0,0.0,0.0,0.0
891,0.0871995010947938,x_positive,0.0,0.0871995010947938,0.0,0.0,0.0,0.0
892,0.08959167602753496,x_positive,0.0,0.08959167602753496,0.0,0.0,0.0,0.0
893,0.08719070908618022,x_positive,0.0,0.08719070908618022,0.0,0.0,0.0,0.0
894,0.08962374988053472,x_positive,0.0,0.08962374988053472,0.0,0.0,0.0,0.0
895,0.08723237251549128,x_positive,0.0,0.08723237251549128,0.0,0.0,0.0,0.0
896,0.08973072269419485,x_positive,0.0,0.08973072269419485,0.0,0.0,0.0,0.0
897,0.08734957064101188,x_positive,0.0,0.08734957064101188,0.0,0.0,0.0,0.0
898,0.08986322179677828,x_positive,0.0,0.08986322179677828,0.0,0.0,0.0,0.0
899,0.08749758715857922,x_positive,0.0,0.08749758715857922,0.0,0.0,0.0,0.0
900,0.09006250797869374,x_positive,0.0,0.09006250797869374,0.0,0.0,0.0,0.0
901,0.08772270453739713,x_positive,0.0,0.08772270453739713,0.0,0.0,0.0,0.0
902,0.0895975565413495,x_positive,0.0,0.0895975565413495,0.0,0.0,0.0,0.0
903,0.08749141040138367,x_positive,0.0,0.08749141040138367,0.0,0.0,0.0,0.0
904,0.08866276272979995,y_negative,0.0,0.08866276272979995,0.0,0.0,0.0,0.0
905,0.08683863636003968,y_negative,0.0,0.08683863636003968,0.0,0.0,0.0,0.0
906,0.08869423306939396,y_negative,0.0,0.08869423306939396,0.0,0.0,0.0,0.0
907,0.08689010023499402,y_negative,0.0,0.08689010023499402,0.0,0.0,0.0,0.0
908,0.08897350130242156,y_negative,0.0,0.08897350130242156,0.0,0.0,0.0,0.0
909,0.0870123505647612,y_negative,0.0,0.0870123505647612,0.0,0.0,0.0,0.0
910,0.08997566990725978,y_negative,0.0,0.08997566990725978,0.0,0.0,0.0,0.0
911,0.08727327598038614,y_negative,0.0,0.08727327598038614,0.0,0.0,0.0,0.0
912,0.09363211680431031,y_negative,0.0,0.09363211680431031,0.0,0.0,0.0,0.0
913,0.08911623414806998,y_negative,0.0,0.08911623414806998,0.0,0.0,0.0,0.0
914,0.09100919104316,y_negative,0.0,0.09100919104316,0.0,0.0,0.0,0.0
915,0.08875703746166153,y_negative,0.0,0.08875703746166153,0.0,0.0,0.0,0.0
916,0.0907245774441389,y_negative,0.0,0.0907245774441389,0.0,0.0,0.0,0.0
917,0.08847217447893913,y_negative,0.0,0.08847217447893913,0.0,0.0,0.0,0.0
918,0.09048298472903316,y_negative,0.0,0.09048298472903316,0.0,0.0,0.0,0.0
919,0.08824945826430423,y_negative,0.0,0.08824945826430423,0.0,0.0,0.0,0.0
920,0.09034775358625188,y_negative,0.0,0.09034775358625188,0.0,0.0,0.0,0.0
921,0.08814850859911133,y_negative,0.0,0.08814850859911133,0.0,0.0,0.0,0.0
922,0.0901108672334781,y_negative,0.0,0.0901108672334781,0.0,0.0,0.0,0.0
923,0.08796722334236899,y_negative,0.0,0.08796722334236899,0.0,0.0,0.0,0.0
924,0.08991590047136284,y_negative,0.0,0.08991590047136284,0.0,0.0,0.0,0.0
925,0.08783999501803003,y_negative,0.0,0.08783999501803003,0.0,0.0,0.0,0.0
926,0.08971695623889112,y_negative,0.0,0.08971695623889112,0.0,0.0,0.0,0.0
927,0.08771600975770491,y_negative,0.0,0.08771600975770491,0.0,0.0,0.0,0.0
928,0.08950542215718657,x_negative,0.0,0.08950542215718657,0.0,0.0,0.0,0.0
929,0.0875822024330011,x_negative,0.0,0.0875822024330011,0.0,0.0,0.0,0.0
930,0.08934738718899729,x_negative,0.0,0.08934738718899729,0.0,0.0,0.0,0.0
931,0.08750638639675408,x_negative,0.0,0.08750638639675408,0.0,0.0,0.0,0.0
932,0.0892318311521975,x_negative,0.0,0.0892318311521975,0.0,0.0,0.0,0.0
933,0.08745196652274796,x_negative,0.0,0.08745196652274796,0.0,0.0,0.0,0.0
934,0.08918172251011977,x_negative,0.0,0.08918172251011977,0.0,0.0,0.0,0.0
935,0.08745392196168328,x_negative,0.0,0.08745392196168328,0.0,0.0,0.0,0.0
936,0.08920842348345413,x_negative,0.0,0.08920842348345413,0.0,0.0,0.0,0.0
937,0.08749519202884758,x_negative,0.0,0.08749519202884758,0.0,0.0,0.0,0.0
938,0.08930716722531934,x_negative,0.0,0.08930716722531934,0.0,0.0,0.0,0.0
939,0.08758690287150436,x_negative,0.0,0.08758690287150436,0.0,0.0,0.0,0.0
940,0.08949184138657858,x_negative,0.0,0.08949184138657858,0.0,0.0,0.0,0.0
941,0.08773027338158951,x_negative,0.0,0.08773027338158951,0.0,0.0,0.0,0.0
942,0.08972893654079457,x_negative,0.0,0.08972893654079457,0.0,0.0,0.0,0.0
943,0.08789902045675192,x_negative,0.0,0.08789902045675192,0.0,0.0,0.0,0.0
944,0.09004639285015514,x_negative,0.0,0.09004639285015514,0.0,0.0,0.0,0.0
945,0.08812141660860484,x_negative,0.0,0.08812141660860484,0.0,0.0,0.0,0.0
946,0.09035561026923564,x_negative,0.0,0.09035561026923564,0.0,0.0,0.0,0.0
947,0.08831410374082165,x_negative,0.0,0.08831410374082165,0.0,0.0,0.0,0.0
948,0.09074278516005513,x_negative,0.0,0.09074278516005513,0.0,0.0,0.0,0.0
949,0.08857737352925812,x_negative,0.0,0.08857737352925812,0.0,0.0,0.0,0.0
950,0.0917713040710338,x_negative,0.0,0.0917713040710338,0.0,0.0,0.0,0.0
951,0.0895843920049208,x_negative,0.0,0.0895843920049208,0.0,0.0,0.0,0.0
952,0.09206387688984384,y_positive,0.0,0.09206387688984384,0.0,0.0,0.0,0.0
953,0.08975945933479025,y_positive,0.0,0.08975945933479025,0.0,0.0,0.0,0.0
954,0.09211558023778967,y_positive,0.0,0.09211558023778967,0.0,0.0,0.0,0.0
955,0.08969590780994689,y_positive,0.0,0.08969590780994689,0.0,0.0,0.0,0.0
956,0.09309958576919902,y_positive,0.0,0.09309958576919902,0.0,0.0,0.0,0.0
957,0.09058624284125782,y_positive,0.0,0.09058624284125782,0.0,0.0,0.0,0.0
958,0.09695025487698954,y_positive,0.0,0.09695025487698954,0.0,0.0,0.0,0.0
959,0.09064807083702406,y_positive,0.0,0.09064807083702406,0.0,0.0,0.0,0.0
960,0.09432530701283592,y_positive,0.0,0.09432530701283592,0.0,0.0,0.0,0.0
961,0.09239016518288336,y_positive,0.0,0.09239016518288336,0.0,0.0,0.0,0.0
962,0.09446457718557102,y_positive,0.0,0.09446457718557102,0.0,0.0,0.0,0.0
963,0.09279598258604678,y_positive,0.0,0.09279598258604678,0.0,0.0,0.0,0.0
964,0.09246319207246201,y_positive,0.0,0.09246319207246201,0.0,0.0,0.0,0.0
965,0.09106550627855699,y_positive,0.0,0.09106550627855699,0.0,0.0,0.0,0.0
966,0.09124136148532067,y_positive,0.0,0.09124136148532067,0.0,0.0,0.0,0.0
967,0.08904172635488357,y_positive,0.0,0.08904172635488357,0.0,0.0,0.0,0.0
968,0.09066545792295504,y_positive,0.0,0.09066545792295504,0.0,0.0,0.0,0.0
969,0.08857591755626924,y_positive,0.0,0.08857591755626924,0.0,0.0,0.0,0.0
970,0.09029584650898398,y_positive,0.0,0.09029584650898398,0.0,0.0,0.0,0.0
971,0.08833626817182484,y_positive,0.0,0.08833626817182484,0.0,0.0,0.0,0.0
972,0.08994711952157845,y_positive,0.0,0.08994711952157845,0.0,0.0,0.0,0.0
973,0.08814438890957427,y_positive,0.0,0.08814438890957427,0.0,0.0,0.0,0.0
974,0.09138016273043882,y_positive,0.0,0.09138016273043882,0.0,0.0,0.0,0.0
975,0.08958535268526148,y_positive,0.0,0.08958535268526148,0.0,0.0,0.0,0.0
976,0.09271205530867152,x_positive,0.0,0.09271205530867152,0.0,0.0,0.0,0.0
977,0.09092575103100368,x_positive,0.0,0.09092575103100368,0.0,0.0,0.0,0.0
978,0.09240930683794964,x_positive,0.0,0.09240930683794964,0.0,0.0,0.0,0.0
979,0.09025599120139456,x_positive,0.0,0.09025599120139456,0.0,0.0,0.0,0.0
980,0.09223533937328494,x_positive,0.0,0.09223533937328494,0.0,0.0,0.0,0.0
981,0.089979610921831,x_positive,0.0,0.089979610921831,0.0,0.0,0.0,0.0
982,0.09211479664138826,x_positive,0.0,0.09211479664138826,0.0,0.0,0.0,0.0
983,0.08978687996254173,x_positive,0.0,0.08978687996254173,0.0,0.0,0.0,0.0
984,0.09203728292154786,x_positive,0.0,0.09203728292154786,0.0,0.0,0.0,0.0
985,0.0896591686782465,x_positive,0.0,0.0896591686782465,0.0,0.0,0.0,0.0
986,0.09198904413024286,x_positive,0.0,0.09198904413024286,0.0,0.0,0.0,0.0
987,0.08959585353531757,x_positive,0.0,0.08959585353531757,0.0,0.0,0.0,0.0
988,0.0919846935871034,x_positive,0.0,0.0919846935871034,0.0,0.0,0.0,0.0
989,0.08959355343006233,x_positive,0.0,0.08959355343006233,0.0,0.0,0.0,0.0
990,0.09199154348377472,x_positive,0.0,0.09199154348377472,0.0,0.0,0.0,0.0
991,0.08963065495665386,x_positive,0.0,0.08963065495665386,0.0,0.0,0.0,0.0
992,0.09204878360922894,x_positive,0.0,0.09204878360922894,0.0,0.0,0.0,0.0
993,0.0897393593445015,x_positive,0.0,0.0897393593445015,0.0,0.0,0.0,0.0
994,0.09209931669802601,x_positive,0.0,0.09209931669802601,0.0,0.0,0.0,0.0
995,0.08987364532392522,x_positive,0.0,0.08987364532392522,0.0,0.0,0.0,0.0
996,0.09217136551299579,x_positive,0.0,0.09217136551299579,0.0,0.0,0.0,0.0
997,0.09007056552879915,x_positive,0.0,0.09007056552879915,0.0,0.0,0.0,0.0
998,0.09172709795232022,x_positive,0.0,0.09172709795232022,0.0,0.0,0.0,0.0
999,0.08960428591020334,x_positive,0.0,0.08960428591020334,0.0,0.0,0.0,0.0
1000,0.09095831630117009,y_negative,0.0,0.09095831630117009,0.0,0.0,0.0,0.0
1001,0.08866934429906946,y_negative,0.0,0.08866934429906946,0.0,0.0,0.0,0.0
1002,0.09099002780606409,y_negative,0.0,0.09099002780606409,0.0,0.0,0.0,0.0
1003,0.0887023727897622,y_negative,0.0,0.0887023727897622,0.0,0.0,0.0,0.0
1004,0.09129890048536483,y_negative,0.0,0.09129890048536483,0.0,0.0,0.0,0.0
1005,0.08897984389725398,y_negative,0.0,0.08897984389725398,0.0,0.0,0.0,0.0
1006,0.09244899178651603,y_negative,0.0,0.09244899178651603,0.0,0.0,0.0,0.0
1007,0.08998239691326984,y_negative,0.0,0.08998239691326984,0.0,0.0,0.0,0.0
1008,0.09607971317790454,y_negative,0.0,0.09607971317790454,0.0,0.0,0.0,0.0
1009,0.09363537107951848,y_negative,0.0,0.09363537107951848,0.0,0.0,0.0,0.0
1010,0.09259853597021632,y_negative,0.0,0.09259853597021632,0.0,0.0,0.0,0.0
1011,0.09101238640295087,y_negative,0.0,0.09101238640295087,0.0,0.0,0.0,0.0
1012,0.0924317080102848,y_negative,0.0,0.0924317080102848,0.0,0.0,0.0,0.0
1013,0.09072381140550562,y_negative,0.0,0.09072381140550562,0.0,0.0,0.0,0.0
1014,0.0922598375547624,y_negative,0.0,0.0922598375547624,0.0,0.0,0.0,0.0
1015,0.09047697089036828,y_negative,0.0,0.09047697089036828,0.0,0.0,0.0,0.0
1016,0.09217870650376438,y_negative,0.0,0.09217870650376438,0.0,0.0,0.0,0.0
1017,0.09033354426831457,y_negative,0.0,0.09033354426831457,0.0,0.0,0.0,0.0
1018,0.09198599420206134,y_negative,0.0,0.09198599420206134,0.0,0.0,0.0,0.0
1019,0.09008352451293068,y_negative,0.0,0.09008352451293068,0.0,0.0,0.0,0.0
1020,0.09183071851865258,y_negative,0.0,0.09183071851865258,0.0,0.0,0.0,0.0
1021,0.08986665744505527,y_negative,0.0,0.08986665744505527,0.0,0.0,0.0,0.0
1022,0.09166471881088502,y_negative,0.0,0.09166471881088502,0.0,0.0,0.0,0.0
1023,0.08964018747077764,y_negative,0.0,0.08964018747077764,0.0,0.0,0.0,0.0
1024,0.09147442251248017,x_negative,0.0,0.09147442251248017,0.0,0.0,0.0,0.0
1025,0.08939324925081545,x_negative,0.0,0.08939324925081545,0.0,0.0,0.0,0.0
1026,0.09133800918638535,x_negative,0.0,0.09133800918638535,0.0,0.0,0.0,0.0
1027,0.08920011197542459,x_negative,0.0,0.08920011197542459,0.0,0.0,0.0,0.0
1028,0.09123983530602216,x_negative,0.0,0.09123983530602216,0.0,0.0,0.0,0.0
1029,0.08905133020082856,x_negative,0.0,0.08905133020082856,0.0,0.0,0.0,0.0
1030,0.09120143008334908,x_negative,0.0,0.09120143008334908,0.0,0.0,0.0,0.0
1031,0.08897326742036064,x_negative,0.0,0.08897326742036064,0.0,0.0,0.0,0.0
1032,0.09124634456536587,x_negative,0.0,0.09124634456536587,0.0,0.0,0.0,0.0
1033,0.08898619203909024,x_negative,0.0,0.08898619203909024,0.0,0.0,0.0,0.0
1034,0.0913706823027901,x_negative,0.0,0.0913706823027901,0.0,0.0,0.0,0.0
1035,0.08908979175004846,x_negative,0.0,0.08908979175004846,0.0,0.0,0.0,0.0
1036,0.09158650844876834,x_negative,0.0,0.09158650844876834,0.0,0.0,0.0,0.0
1037,0.08929706499664017,x_negative,0.0,0.08929706499664017,0.0,0.0,0.0,0.0
1038,0.09186564333295519,x_negative,0.0,0.09186564333295519,0.0,0.0,0.0,0.0
1039,0.08957804788293755,x_negative,0.0,0.08957804788293755,0.0,0.0,0.0,0.0
1040,0.09223004142011275,x_negative,0.0,0.09223004142011275,0.0,0.0,0.0,0.0
1041,0.08995863362436672,x_negative,0.0,0.08995863362436672,0.0,0.0,0.0,0.0
1042,0.09259239052276942,x_negative,0.0,0.09259239052276942,0.0,0.0,0.0,0.0
1043,0.09034729684201916,x_negative,0.0,0.09034729684201916,0.0,0.0,0.0,0.0
1044,0.09302782618537844,x_negative,0.0,0.09302782618537844,0.0,0.0,0.0,0.0
1045,0.09081950432319015,x_negative,0.0,0.09081950432319015,0.0,0.0,0.0,0.0
1046,0.09362275996322506,x_negative,0.0,0.09362275996322506,0.0,0.0,0.0,0.0
1047,0.09193810315073349,x_negative,0.0,0.09193810315073349,0.0,0.0,0.0,0.0
1048,0.09396766317249923,y_positive,0.0,0.09396766317249923,0.0,0.0,0.0,0.0
1049,0.0922892822496444,y_positive,0.0,0.0922892822496444,0.0,0.0,0.0,0.0
1050,0.09413049302474857,y_positive,0.0,0.09413049302474857,0.0,0.0,0.0,0.0
1051,0.09237407419267968,y_positive,0.0,0.09237407419267968,0.0,0.0,0.0,0.0
1052,0.09519871674678791,y_positive,0.0,0.09519871674678791,0.0,0.0,0.0,0.0
1053,0.09337503544501481,y_positive,0.0,0.09337503544501481,0.0,0.0,0.0,0.0
1054,0.09986641736366779,y_positive,0.0,0.09986641736366779,0.0,0.0,0.0,0.0
1055,0.09730801589895294,y_positive,0.0,0.09730801589895294,0.0,0.0,0.0,0.0
1056,0.09287127243998633,y_positive,0.0,0.09287127243998633,0.0,0.0,0.0,0.0
1057,0.0941072724800293,y_positive,0.0,0.0941072724800293,0.0,0.0,0.0,0.0
1058,0.09503642619635781,y_positive,0.0,0.09503642619635781,0.0,0.0,0.0,0.0
1059,0.09417309732859047,y_positive,0.0,0.09417309732859047,0.0,0.0,0.0,0.0
1060,0.09384303859198345,y_positive,0.0,0.09384303859198345,0.0,0.0,0.0,0.0
1061,0.09208195806977855,y_positive,0.0,0.09208195806977855,0.0,0.0,0.0,0.0
1062,0.0936512160647537,y_positive,0.0,0.0936512160647537,0.0,0.0,0.0,0.0
1063,0.09078424209570714,y_positive,0.0,0.09078424209570714,0.0,0.0,0.0,0.0
1064,0.09342966038628905,y_positive,0.0,0.09342966038628905,0.0,0.0,0.0,0.0
1065,0.09016375114425318,y_positive,0.0,0.09016375114425318,0.0,0.0,0.0,0.0
1066,0.09334786149217936,y_positive,0.0,0.09334786149217936,0.0,0.0,0.0,0.0
1067,0.0897853073633137,y_positive,0.0,0.0897853073633137,0.0,0.0,0.0,0.0
1068,0.09323495339576746,y_positive,0.0,0.09323495339576746,0.0,0.0,0.0,0.0
1069,0.08946459219997874,y_positive,0.0,0.08946459219997874,0.0,0.0,0.0,0.0
1070,0.09323607437524237,y_positive,0.0,0.09323607437524237,0.0,0.0,0.0,0.0
1071,0.09096653163708415,y_positive,0.0,0.09096653163708415,0.0,0.0,0.0,0.0
1072,0.093179785314594,x_positive,0.0,0.093179785314594,0.0,0.0,0.0,0.0
1073,0.09241365151730607,x_positive,0.0,0.09241365151730607,0.0,0.0,0.0,0.0
1074,0.09315263491155339,x_positive,0.0,0.09315263491155339,0.0,0.0,0.0,0.0
1075,0.09221257027909566,x_positive,0.0,0.09221257027909566,0.0,0.0,0.0,0.0
1076,0.09312277532000081,x_positive,0.0,0.09312277532000081,0.0,0.0,0.0,0.0
1077,0.0921178704250436,x_positive,0.0,0.0921178704250436,0.0,0.0,0.0,0.0
1078,0.09309920865399886,x_positive,0.0,0.09309920865399886,0.0,0.0,0.0,0.0
1079,0.09205573718498153,x_positive,0.0,0.09205573718498153,0.0,0.0,0.0,0.0
1080,0.09308702767650295,x_positive,0.0,0.09308702767650295,0.0,0.0,0.0,0.0
1081,0.09201321559199414,x_positive,0.0,0.09201321559199414,0.0,0.0,0.0,0.0
1082,0.09307563916944249,x_positive,0.0,0.09307563916944249,0.0,0.0,0.0,0.0
1083,0.09198832325895401,x_positive,0.0,0.09198832325895401,0.0,0.0,0.0,0.0
1084,0.09307273727936677,x_positive,0.0,0.09307273727936677,0.0,0.0,0.0,0.0
1085,0.09199219931242845,x_positive,0.0,0.09199219931242845,0.0,0.0,0.0,0.0
1086,0.09306593948625128,x_positive,0.0,0.09306593948625128,0.0,0.0,0.0,0.0
1087,0.09199737248813593,x_positive,0.0,0.09199737248813593,0.0,0.0,0.0,0.0
1088,0.09307898362989443,x_positive,0.0,0.09307898362989443,0.0,0.0,0.0,0.0
1089,0.09204529762243549,x_positive,0.0,0.09204529762243549,0.0,0.0,0.0,0.0
1090,0.0930724888128613,x_positive,0.0,0.0930724888128613,0.0,0.0,0.0,0.0
1091,0.09208506064257929,x_positive,0.0,0.09208506064257929,0.0,0.0,0.0,0.0
1092,0.09305860001235199,x_positive,0.0,0.09305860001235199,0.0,0.0,0.0,0.0
1093,0.09214788255114423,x_positive,0.0,0.09214788255114423,0.0,0.0,0.0,0.0
1094,0.09310132971632659,x_positive,0.0,0.09310132971632659,0.0,0.0,0.0,0.0
1095,0.09169486614319364,x_positive,0.0,0.09169486614319364,0.0,0.0,0.0,0.0
1096,0.09306087334522811,y_negative,0.0,0.09306087334522811,0.0,0.0,0.0,0.0
1097,0.0909214300051494,y_negative,0.0,0.0909214300051494,0.0,0.0,0.0,0.0
1098,0.09313249219300615,y_negative,0.0,0.09313249219300615,0.0,0.0,0.0,0.0
1099,0.09095511631021462,y_negative,0.0,0.09095511631021462,0.0,0.0,0.0,0.0
1100,0.09317294822305429,y_negative,0.0,0.09317294822305429,0.0,0.0,0.0,0.0
1101,0.09126711564223454,y_negative,0.0,0.09126711564223454,0.0,0.0,0.0,0.0
1102,0.09297677813127411,y_negative,0.0,0.09297677813127411,0.0,0.0,0.0,0.0
1103,0.09242094461975744,y_negative,0.0,0.09242094461975744,0.0,0.0,0.0,0.0
1104,0.09297628221805858,y_negative,0.0,0.09297628221805858,0.0,0.0,0.0,0.0
1105,0.09605826090141507,y_negative,0.0,0.09605826090141507,0.0,0.0,0.0,0.0
1106,0.09317888351741925,y_negative,0.0,0.09317888351741925,0.0,0.0,0.0,0.0
1107,0.09258850850201225,y_negative,0.0,0.09258850850201225,0.0,0.0,0.0,0.0
1108,0.09314650148117871,y_negative,0.0,0.09314650148117871,0.0,0.0,0.0,0.0
1109,0.09243078636935892,y_negative,0.0,0.09243078636935892,0.0,0.0,0.0,0.0
1110,0.0930860155718594,y_negative,0.0,0.0930860155718594,0.0,0.0,0.0,0.0
1111,0.09226119430820015,y_negative,0.0,0.09226119430820015,0.0,0.0,0.0,0.0
1112,0.0931425248101793,y_negative,0.0,0.0931425248101793,0.0,0.0,0.0,0.0
1113,0.09217494328285857,y_negative,0.0,0.09217494328285857,0.0,0.0,0.0,0.0
1114,0.0931102525759534,y_negative,0.0,0.0931102525759534,0.0,0.0,0.0,0.0
1115,0.09197037910344097,y_negative,0.0,0.09197037910344097,0.0,0.0,0.0,0.0
1116,0.09312955422251261,y_negative,0.0,0.09312955422251261,0.0,0.0,0.0,0.0
1117,0.09179346058025507,y_negative,0.0,0.09179346058025507,0.0,0.0,0.0,0.0
1118,0.09314931957937067,y_negative,0.0,0.09314931957937067,0.0,0.0,0.0,0.0
1119,0.09159608322937275,y_negative,0.0,0.09159608322937275,0.0,0.0,0.0,0.0
1120,0.09313901150452486,x_negative,0.0,0.09313901150452486,0.0,0.0,0.0,0.0
1121,0.09136216051484956,x_negative,0.0,0.09136216051484956,0.0,0.0,0.0,0.0
1122,0.09315917384480767,x_negative,0.0,0.09315917384480767,0.0,0.0,0.0,0.0
1123,0.09116823246434842,x_negative,0.0,0.09116823246434842,0.0,0.0,0.0,0.0
1124,0.09316919107882776,x_negative,0.0,0.09316919107882776,0.0,0.0,0.0,0.0
1125,0.09100634301173474,x_negative,0.0,0.09100634301173474,0.0,0.0,0.0,0.0
1126,0.09319642077466803,x_negative,0.0,0.09319642077466803,0.0,0.0,0.0,0.0
1127,0.09089287643953413,x_negative,0.0,0.09089287643953413,0.0,0.0,0.0,0.0
1128,0.09323035227989668,x_negative,0.0,0.09323035227989668,0.0,0.0,0.0,0.0
1129,0.0908596511335035,x_negative,0.0,0.0908596511335035,0.0,0.0,0.0,0.0
1130,0.09327951000683074,x_negative,0.0,0.09327951000683074,0.0,0.0,0.0,0.0
1131,0.09091103849714244,x_negative,0.0,0.09091103849714244,0.0,0.0,0.0,0.0
1132,0.09335647638354777,x_negative,0.0,0.09335647638354777,0.0,0.0,0.0,0.0
1133,0.091062815251645,x_negative,0.0,0.091062815251645,0.0,0.0,0.0,0.0
1134,0.09344341409785922,x_negative,0.0,0.09344341409785922,0.0,0.0,0.0,0.0
1135,0.0912965914622783,x_negative,0.0,0.0912965914622783,0.0,0.0,0.0,0.0
1136,0.09358304062321549,x_negative,0.0,0.09358304062321549,0.0,0.0,0.0,0.0
1137,0.09163730769083217,x_negative,0.0,0.09163730769083217,0.0,0.0,0.0,0.0
1138,0.09368885571082836,x_negative,0.0,0.09368885571082836,0.0,0.0,0.0,0.0
1139,0.09200101329106902,x_negative,0.0,0.09200101329106902,0.0,0.0,0.0,0.0
1140,0.09386900346328242,x_negative,0.0,0.09386900346328242,0.0,0.0,0.0,0.0
1141,0.09245978373309452,x_negative,0.0,0.09245978373309452,0.0,0.0,0.0,0.0
1142,0.09395768998211387,x_negative,0.0,0.09395768998211387,0.0,0.0,0.0,0.0
1143,0.0931182533010336,x_negative,0.0,0.0931182533010336,0.0,0.0,0.0,0.0
1144,0.09413153690494092,y_positive,0.0,0.09413153690494092,0.0,0.0,0.0,0.0
1145,0.09352848195879593,y_positive,0.0,0.09352848195879593,0.0,0.0,0.0,0.0
1146,0.09421429652482691,y_positive,0.0,0.09421429652482691,0.0,0.0,0.0,0.0
1147,0.09375331366177375,y_positive,0.0,0.09375331366177375,0.0,0.0,0.0,0.0
1148,0.09523482294367769,y_positive,0.0,0.09523482294367769,0.0,0.0,0.0,0.0
1149,0.09486422339617245,y_positive,0.0,0.09486422339617245,0.0,0.0,0.0,0.0
1150,0.09298317534224006,y_positive,0.0,0.09298317534224006,0.0,0.0,0.0,0.0
1151,0.09956374876411447,y_positive,0.0,0.09956374876411447,0.0,0.0,0.0,0.0
1152,0.09657401760789468,y_positive,0.0,0.09657401760789468,0.0,0.0,0.0,0.0
1153,0.11591728191302648,y_positive,0.0,0.11591728191302648,0.0,0.0,0.0,0.0
1154,0.1025604940812612,y_positive,0.0,0.1025604940812612,0.0,0.0,0.0,0.0
1155,0.11855976871668936,y_positive,0.0,0.11855976871668936,0.0,0.0,0.0,0.0
1156,0.1048714613902615,y_positive,0.0,0.1048714613902615,0.0,0.0,0.0,0.0
1157,0.11690418923397847,y_positive,0.0,0.11690418923397847,0.0,0.0,0.0,0.0
1158,0.10812459563766978,y_positive,0.0,0.10812459563766978,0.0,0.0,0.0,0.0
1159,0.11659317723214366,y_positive,0.0,0.11659317723214366,0.0,0.0,0.0,0.0
1160,0.11159621248952098,y_positive,0.0,0.11159621248952098,0.0,0.0,0.0,0.0
1161,0.11648940266350089,y_positive,0.0,0.11648940266350089,0.0,0.0,0.0,0.0
1162,0.11535473128146036,y_positive,0.0,0.11535473128146036,0.0,0.0,0.0,0.0
1163,0.11688144322508702,y_positive,0.0,0.11688144322508702,0.0,0.0,0.0,0.0
1164,0.1188928920903978,y_positive,0.0,0.1188928920903978,0.0,0.0,0.0,0.0
1165,0.11752031471519409,y_positive,0.0,0.11752031471519409,0.0,0.0,0.0,0.0
1166,0.11995674951426488,y_positive,0.0,0.11995674951426488,0.0,0.0,0.0,0.0
1167,0.11842153995819099,y_positive,0.0,0.11842153995819099,0.0,0.0,0.0,0.0
1168,0.12032302513303525,x_positive,0.0,0.12032302513303525,0.0,0.0,0.0,0.0
1169,0.1191508803160479,x_positive,0.0,0.1191508803160479,0.0,0.0,0.0,0.0
1170,0.12180102501662562,x_positive,0.0,0.12180102501662562,0.0,0.0,0.0,0.0
1171,0.11982334216745259,x_positive,0.0,0.11982334216745259,0.0,0.0,0.0,0.0
1172,0.12242674590914719,x_positive,0.0,0.12242674590914719,0.0,0.0,0.0,0.0
1173,0.12022858227285828,x_positive,0.0,0.12022858227285828,0.0,0.0,0.0,0.0
1174,0.12217817989171045,x_positive,0.0,0.12217817989171045,0.0,0.0,0.0,0.0
1175,0.12031493921570391,x_positive,0.0,0.12031493921570391,0.0,0.0,0.0,0.0
1176,0.121218525196927,x_positive,0.0,0.121218525196927,0.0,0.0,0.0,0.0
1177,0.12009970391229126,x_positive,0.0,0.12009970391229126,0.0,0.0,0.0,0.0
1178,0.11976421551837459,x_positive,0.0,0.11976421551837459,0.0,0.0,0.0,0.0
1179,0.11964105128074544,x_positive,0.0,0.11964105128074544,0.0,0.0,0.0,0.0
1180,0.11801861612022999,x_positive,0.0,0.11801861612022999,0.0,0.0,0.0,0.0
1181,0.11904821642345194,x_positive,0.0,0.11904821642345194,0.0,0.0,0.0,0.0
1182,0.11619772060224956,x_positive,0.0,0.11619772060224956,0.0,0.0,0.0,0.0
1183,0.11839496788533549,x_positive,0.0,0.11839496788533549,0.0,0.0,0.0,0.0
1184,0.11459249193679588,x_positive,0.0,0.11459249193679588,0.0,0.0,0.0,0.0
1185,0.11780468154612904,x_positive,0.0,0.11780468154612904,0.0,0.0,0.0,0.0
1186,0.11318413627313527,x_positive,0.0,0.11318413627313527,0.0,0.0,0.0,0.0
1187,0.11728450002575126,x_positive,0.0,0.11728450002575126,0.0,0.0,0.0,0.0
1188,0.11194526121187459,x_positive,0.0,0.11194526121187459,0.0,0.0,0.0,0.0
1189,0.11687730225439788,x_positive,0.0,0.11687730225439788,0.0,0.0,0.0,0.0
1190,0.11168460083847563,x_positive,0.0,0.11168460083847563,0.0,0.0,0.0,0.0
1191,0.11665651671418553,x_positive,0.0,0.11665651671418553,0.0,0.0,0.0,0.0
1192,0.11181451415910967,y_negative,0.0,0.11181451415910967,0.0,0.0,0.0,0.0
1193,0.1164407059714897,y_negative,0.0,0.1164407059714897,0.0,0.0,0.0,0.0
1194,0.11137790345954225,y_negative,0.0,0.11137790345954225,0.0,0.0,0.0,0.0
1195,0.11644169925133432,y_negative,0.0,0.11644169925133432,0.0,0.0,0.0,0.0
1196,0.11074459537099454,y_negative,0.0,0.11074459537099454,0.0,0.0,0.0,0.0
1197,0.11645086787111023,y_negative,0.0,0.11645086787111023,0.0,0.0,0.0,0.0
1198,0.10863691519839697,y_negative,0.0,0.10863691519839697,0.0,0.0,0.0,0.0
1199,0.11619101791059545,y_negative,0.0,0.11619101791059545,0.0,0.0,0.0,0.0
1200,0.10399004813399927,y_negative,0.0,0.10399004813399927,0.0,0.0,0.0,0.0
1201,0.11619643676865811,y_negative,0.0,0.11619643676865811,0.0,0.0,0.0,0.0
1202,0.1088223500680995,y_negative,0.0,0.1088223500680995,0.0,0.0,0.0,0.0
1203,0.11645133960847288,y_negative,0.0,0.11645133960847288,0.0,0.0,0.0,0.0
1204,0.10956154158545522,y_negative,0.0,0.10956154158545522,0.0,0.0,0.0,0.0
1205,0.11642843558247563,y_negative,0.0,0.11642843558247563,0.0,0.0,0.0,0.0
1206,0.1107686348439931,y_negative,0.0,0.1107686348439931,0.0,0.0,0.0,0.0
1207,0.11639363653193614,y_negative,0.0,0.11639363653193614,0.0,0.0,0.0,0.0
1208,0.11207819224593452,y_negative,0.0,0.11207819224593452,0.0,0.0,0.0,0.0
1209,0.11654358887947466,y_negative,0.0,0.11654358887947466,0.0,0.0,0.0,0.0
1210,0.11331223658879899,y_negative,0.0,0.11331223658879899,0.0,0.0,0.0,0.0
1211,0.11663832237462357,y_negative,0.0,0.11663832237462357,0.0,0.0,0.0,0.0
1212,0.11463362209990666,y_negative,0.0,0.11463362209990666,0.0,0.0,0.0,0.0
1213,0.11686405782222897,y_negative,0.0,0.11686405782222897,0.0,0.0,0.0,0.0
1214,0.11590140717190818,x_negative,0.0,0.11590140717190818,0.0,0.0,0.0,0.0
1215,0.11715758508311697,y_negative,0.0,0.11715758508311697,0.0,0.0,0.0,0.0
1216,0.11714143799626234,x_negative,0.0,0.11714143799626234,0.0,0.0,0.0,0.0
1217,0.11748967336380556,x_negative,0.0,0.11748967336380556,0.0,0.0,0.0,0.0
1218,0.11877421722229733,x_negative,0.0,0.11877421722229733,0.0,0.0,0.0,0.0
1219,0.11794050967728718,x_negative,0.0,0.11794050967728718,0.0,0.0,0.0,0.0
1220,0.12084615987910113,x_negative,0.0,0.12084615987910113,0.0,0.0,0.0,0.0
1221,0.11844852259104004,x_negative,0.0,0.11844852259104004,0.0,0.0,0.0,0.0
1222,0.12267787443222436,x_negative,0.0,0.12267787443222436,0.0,0.0,0.0,0.0
1223,0.11894971124639314,x_negative,0.0,0.11894971124639314,0.0,0.0,0.0,0.0
1224,0.12406559116339627,x_negative,0.0,0.12406559116339627,0.0,0.0,0.0,0.0
1225,0.11934599656668944,x_negative,0.0,0.11934599656668944,0.0,0.0,0.0,0.0
1226,0.12460626475387798,x_negative,0.0,0.12460626475387798,0.0,0.0,0.0,0.0
1227,0.1195410691065214,x_negative,0.0,0.1195410691065214,0.0,0.0,0.0,0.0
1228,0.1239529392076243,x_negative,0.0,0.1239529392076243,0.0,0.0,0.0,0.0
1229,0.11943807167747793,x_negative,0.0,0.11943807167747793,0.0,0.0,0.0,0.0
1230,0.12196205932471449,x_negative,0.0,0.12196205932471449,0.0,0.0,0.0,0.0
1231,0.11897515692842456,x_negative,0.0,0.11897515692842456,0.0,0.0,0.0,0.0
1232,0.11875493928303933,x_negative,0.0,0.11875493928303933,0.0,0.0,0.0,0.0
1233,0.11829018725862712,x_negative,0.0,0.11829018725862712,0.0,0.0,0.0,0.0
1234,0.1146812510110648,x_negative,0.0,0.1146812510110648,0.0,0.0,0.0,0.0
1235,0.11747231143396425,x_negative,0.0,0.11747231143396425,0.0,0.0,0.0,0.0
1236,0.11031330542307405,x_negative,0.0,0.11031330542307405,0.0,0.0,0.0,0.0
1237,0.11688464360678116,x_negative,0.0,0.11688464360678116,0.0,0.0,0.0,0.0
1238,0.10614287971611674,x_negative,0.0,0.10614287971611674,0.0,0.0,0.0,0.0
1239,0.11652863380568211,x_negative,0.0,0.11652863380568211,0.0,0.0,0.0,0.0
1240,0.10267411632752217,y_positive,0.0,0.10267411632752217,0.0,0.0,0.0,0.0
1241,0.11666233141358189,y_positive,0.0,0.11666233141358189,0.0,0.0,0.0,0.0
1242,0.10010951899463275,y_positive,0.0,0.10010951899463275,0.0,0.0,0.0,0.0
1243,0.11697673173541892,y_positive,0.0,0.11697673173541892,0.0,0.0,0.0,0.0
1244,0.09979601404977395,y_positive,0.0,0.09979601404977395,0.0,0.0,0.0,0.0
1245,0.11857661851648899,y_positive,0.0,0.11857661851648899,0.0,0.0,0.0,0.0
1246,0.08755489048251933,y_positive,0.0,0.08755489048251933,0.0,0.0,0.0,0.0
1247,0.11585952661100328,y_positive,0.0,0.11585952661100328,0.0,0.0,0.0,0.0
1248,0.060880613316141995,y_positive,0.0,0.060880613316141995,0.0,0.0,0.0,0.0
1249,0.09666963884866756,y_positive,0.0,0.09666963884866756,0.0,0.0,0.0,0.0
1250,0.06716494181916076,y_positive,0.0,0.06716494181916076,0.0,0.0,0.0,0.0
1251,0.10266518107294768,y_positive,0.0,0.10266518107294768,0.0,0.0,0.0,0.0
1252,0.07551809619339757,y_positive,0.0,0.07551809619339757,0.0,0.0,0.0,0.0
1253,0.10487087561408681,y_positive,0.0,0.10487087561408681,0.0,0.0,0.0,0.0
1254,0.08556459991654676,y_positive,0.0,0.08556459991654676,0.0,0.0,0.0,0.0
1255,0.1082954759802556,y_positive,0.0,0.1082954759802556,0.0,0.0,0.0,0.0
1256,0.09655325927666805,y_positive,0.0,0.09655325927666805,0.0,0.0,0.0,0.0
1257,0.11257577045049105,y_positive,0.0,0.11257577045049105,0.0,0.0,0.0,0.0
1258,0.10789538642860635,y_positive,0.0,0.10789538642860635,0.0,0.0,0.0,0.0
1259,0.1179429496934594,y_positive,0.0,0.1179429496934594,0.0,0.0,0.0,0.0
1260,0.11848787820241787,y_positive,0.0,0.11848787820241787,0.0,0.0,0.0,0.0
1261,0.12379434100505911,y_positive,0.0,0.12379434100505911,0.0,0.0,0.0,0.0
1262,0.12758950718975529,x_positive,0.0,0.12758950718975529,0.0,0.0,0.0,0.0
1263,0.12731355839018801,y_positive,0.0,0.12731355839018801,0.0,0.0,0.0,0.0
1264,0.13402209057132078,x_positive,0.0,0.13402209057132078,0.0,0.0,0.0,0.0
1265,0.1305197970933149,x_positive,0.0,0.1305197970933149,0.0,0.0,0.0,0.0
1266,0.13896726952349994,x_positive,0.0,0.13896726952349994,0.0,0.0,0.0,0.0
1267,0.1343836448743996,x_positive,0.0,0.1343836448743996,0.0,0.0,0.0,0.0
1268,0.14116901228376966,x_positive,0.0,0.14116901228376966,0.0,0.0,0.0,0.0
1269,0.13654670633605998,x_positive,0.0,0.13654670633605998,0.0,0.0,0.0,0.0
1270,0.1406214024701315,x_positive,0.0,0.1406214024701315,0.0,0.0,0.0,0.0
1271,0.13679397413371924,x_positive,0.0,0.13679397413371924,0.0,0.0,0.0,0.0
1272,0.1377366851900631,x_positive,0.0,0.1377366851900631,0.0,0.0,0.0,0.0
1273,0.135311140219887,x_positive,0.0,0.135311140219887,0.0,0.0,0.0,0.0
1274,0.1330998742423273,x_positive,0.0,0.1330998742423273,0.0,0.0,0.0,0.0
1275,0.1324868463893025,x_positive,0.0,0.1324868463893025,0.0,0.0,0.0,0.0
1276,0.12726441138328126,x_positive,0.0,0.12726441138328126,0.0,0.0,0.0,0.0
1277,0.12877535177144897,x_positive,0.0,0.12877535177144897,0.0,0.0,0.0,0.0
1278,0.12088282801514445,x_positive,0.0,0.12088282801514445,0.0,0.0,0.0,0.0
1279,0.12467374557517287,x_positive,0.0,0.12467374557517287,0.0,0.0,0.0,0.0
1280,0.1148431763095727,x_positive,0.0,0.1148431763095727,0.0,0.0,0.0,0.0
1281,0.12077946954824757,x_positive,0.0,0.12077946954824757,0.0,0.0,0.0,0.0
1282,0.10936662056395151,x_positive,0.0,0.10936662056395151,0.0,0.0,0.0,0.0
1283,0.1173567482363231,x_positive,0.0,0.1173567482363231,0.0,0.0,0.0,0.0
1284,0.10450001003348397,x_positive,0.0,0.10450001003348397,0.0,0.0,0.0,0.0
1285,0.11451504274740479,x_positive,0.0,0.11451504274740479,0.0,0.0,0.0,0.0
1286,0.10100749430278812,x_positive,0.0,0.10100749430278812,0.0,0.0,0.0,0.0
1287,0.11306439971306287,x_positive,0.0,0.11306439971306287,0.0,0.0,0.0,0.0
1288,0.09864025379296604,x_positive,0.0,0.09864025379296604,0.0,0.0,0.0,0.0
1289,0.11243308630256153,y_negative,0.0,0.11243308630256153,0.0,0.0,0.0,0.0
1290,0.09642497746774979,y_negative,0.0,0.09642497746774979,0.0,0.0,0.0,0.0
1291,0.11159727276477052,y_negative,0.0,0.11159727276477052,0.0,0.0,0.0,0.0
1292,0.09492256745991354,y_negative,0.0,0.09492256745991354,0.0,0.0,0.0,0.0
1293,0.11079642282506384,y_negative,0.0,0.11079642282506384,0.0,0.0,0.0,0.0
1294,0.09323792114394863,y_negative,0.0,0.09323792114394863,0.0,0.0,0.0,0.0
1295,0.10863595014789373,y_negative,0.0,0.10863595014789373,0.0,0.0,0.0,0.0
1296,0.09019181243484684,y_negative,0.0,0.09019181243484684,0.0,0.0,0.0,0.0
1297,0.10398037643874784,y_negative,0.0,0.10398037643874784,0.0,0.0,0.0,0.0
1298,0.09210688126158524,y_negative,0.0,0.09210688126158524,0.0,0.0,0.0,0.0
1299,0.10880420277162223,y_negative,0.0,0.10880420277162223,0.0,0.0,0.0,0.0
1300,0.09458317491901226,y_negative,0.0,0.09458317491901226,0.0,0.0,0.0,0.0
1301,0.10954258010837749,y_negative,0.0,0.10954258010837749,0.0,0.0,0.0,0.0
1302,0.09859701022529933,y_negative,0.0,0.09859701022529933,0.0,0.0,0.0,0.0
1303,0.11080142196344682,y_negative,0.0,0.11080142196344682,0.0,0.0,0.0,0.0
1304,0.1025616358625561,y_negative,0.0,0.1025616358625561,0.0,0.0,0.0,0.0
1305,0.11227628863503918,y_negative,0.0,0.11227628863503918,0.0,0.0,0.0,0.0
1306,0.10645114242714886,y_negative,0.0,0.10645114242714886,0.0,0.0,0.0,0.0
1307,0.11384014420061517,y_negative,0.0,0.11384014420061517,0.0,0.0,0.0,0.0
1308,0.11048879007004782,y_negative,0.0,0.11048879007004782,0.0,0.0,0.0,0.0
1309,0.11569823339238454,y_negative,0.0,0.11569823339238454,0.0,0.0,0.0,0.0
1310,0.1145045717452596,x_negative,0.0,0.1145045717452596,0.0,0.0,0.0,0.0
1311,0.11772403799763852,x_negative,0.0,0.11772403799763852,0.0,0.0,0.0,0.0
1312,0.11885312221161028,x_negative,0.0,0.11885312221161028,0.0,0.0,0.0,0.0
1313,0.11996469852139906,x_negative,0.0,0.11996469852139906,0.0,0.0,0.0,0.0
1314,0.12454447697146082,x_negative,0.0,0.12454447697146082,0.0,0.0,0.0,0.0
1315,0.12292750154108215,x_negative,0.0,0.12292750154108215,0.0,0.0,0.0,0.0
1316,0.13127650090351659,x_negative,0.0,0.13127650090351659,0.0,0.0,0.0,0.0
1317,0.12671274965339793,x_negative,0.0,0.12671274965339793,0.0,0.0,0.0,0.0
1318,0.13729254166684227,x_negative,0.0,0.13729254166684227,0.0,0.0,0.0,0.0
1319,0.13037888821295623,x_negative,0.0,0.13037888821295623,0.0,0.0,0.0,0.0
1320,0.1418213412207136,x_negative,0.0,0.1418213412207136,0.0,0.0,0.0,0.0
1321,0.13351917534602928,x_negative,0.0,0.13351917534602928,0.0,0.0,0.0,0.0
1322,0.14358787605706394,x_negative,0.0,0.14358787605706394,0.0,0.0,0.0,0.0
1323,0.13547942771753022,x_negative,0.0,0.13547942771753022,0.0,0.0,0.0,0.0
1324,0.14175224414633397,x_negative,0.0,0.14175224414633397,0.0,0.0,0.0,0.0
1325,0.13550250780560974,x_negative,0.0,0.13550250780560974,0.0,0.0,0.0,0.0
1326,0.1361304081511584,x_negative,0.0,0.1361304081511584,0.0,0.0,0.0,0.0
1327,0.13314301711245946,x_negative,0.0,0.13314301711245946,0.0,0.0,0.0,0.0
1328,0.1269406407483938,x_negative,0.0,0.1269406407483938,0.0,0.0,0.0,0.0
1329,0.1284530158244589,x_negative,0.0,0.1284530158244589,0.0,0.0,0.0,0.0
1330,0.11502592376039335,x_negative,0.0,0.11502592376039335,0.0,0.0,0.0,0.0
1331,0.12196734624368695,x_negative,0.0,0.12196734624368695,0.0,0.0,0.0,0.0
1332,0.10160030410034948,x_negative,0.0,0.10160030410034948,0.0,0.0,0.0,0.0
1333,0.11480491345697481,x_negative,0.0,0.11480491345697481,0.0,0.0,0.0,0.0
1334,0.08815253782073793,x_negative,0.0,0.08815253782073793,0.0,0.0,0.0,0.0
1335,0.10811999893704043,x_negative,0.0,0.10811999893704043,0.0,0.0,0.0,0.0
1336,0.07583214886770678,x_negative,0.0,0.07583214886770678,0.0,0.0,0.0,0.0
1337,0.10297046090633162,y_positive,0.0,0.10297046090633162,0.0,0.0,0.0,0.0
1338,0.0658771267284484,x_negative,0.0,0.0658771267284484,0.0,0.0,0.0,0.0
1339,0.0997373571478482,y_positive,0.0,0.0997373571478482,0.0,0.0,0.0,0.0
1340,0.06036247269059989,y_positive,0.0,0.06036247269059989,0.0,0.0,0.0,0.0
1341,0.09950197325479082,y_positive,0.0,0.09950197325479082,0.0,0.0,0.0,0.0
1342,0.05152572562628041,y_positive,0.0,0.05152572562628041,0.0,0.0,0.0,0.0
1343,0.08743376978816274,y_positive,0.0,0.08743376978816274,0.0,0.0,0.0,0.0
1344,0.026598215619676412,y_positive,0.0,0.026598215619676412,0.0,0.0,0.0,0.0
1345,0.060913632836655136,y_positive,0.0,0.060913632836655136,0.0,0.0,0.0,0.0
1346,0.03487260110356413,y_positive,0.0,0.03487260110356413,0.0,0.0,0.0,0.0
1347,0.06729755366844084,y_positive,0.0,0.06729755366844084,0.0,0.0,0.0,0.0
1348,0.05024867831070008,y_positive,0.0,0.05024867831070008,0.0,0.0,0.0,0.0
1349,0.07540104274955353,y_positive,0.0,0.07540104274955353,0.0,0.0,0.0,0.0
1350,0.06635596216684128,x_positive,0.0,0.06635596216684128,0.0,0.0,0.0,0.0
1351,0.08495631017144611,y_positive,0.0,0.08495631017144611,0.0,0.0,0.0,0.0
1352,0.08254462764815744,x_positive,0.0,0.08254462764815744,0.0,0.0,0.0,0.0
1353,0.09544918323330966,y_positive,0.0,0.09544918323330966,0.0,0.0,0.0,0.0
1354,0.09819337037645069,x_positive,0.0,0.09819337037645069,0.0,0.0,0.0,0.0
1355,0.10652613620540961,y_positive,0.0,0.10652613620540961,0.0,0.0,0.0,0.0
1356,0.11237942474292577,x_positive,0.0,0.11237942474292577,0.0,0.0,0.0,0.0
1357,0.1172237317699489,y_positive,0.0,0.1172237317699489,0.0,0.0,0.0,0.0
1358,0.12694509329722917,x_positive,0.0,0.12694509329722917,0.0,0.0,0.0,0.0
1359,0.12660327766075688,x_positive,0.0,0.12660327766075688,0.0,0.0,0.0,0.0
1360,0.13717627462687873,x_positive,0.0,0.13717627462687873,0.0,0.0,0.0,0.0
1361,0.13380981603975992,x_positive,0.0,0.13380981603975992,0.0,0.0,0.0,0.0
1362,0.14395483800066014,x_positive,0.0,0.14395483800066014,0.0,0.0,0.0,0.0
1363,0.13966922077966729,x_positive,0.0,0.13966922077966729,0.0,0.0,0.0,0.0
1364,0.14733341763702087,x_positive,0.0,0.14733341763702087,0.0,0.0,0.0,0.0
1365,0.14283287496023067,x_positive,0.0,0.14283287496023067,0.0,0.0,0.0,0.0
1366,0.14729296317044974,x_positive,0.0,0.14729296317044974,0.0,0.0,0.0,0.0
1367,0.14312330010902075,x_positive,0.0,0.14312330010902075,0.0,0.0,0.0,0.0
1368,0.1441706424895084,x_positive,0.0,0.1441706424895084,0.0,0.0,0.0,0.0
1369,0.14083701337292595,x_positive,0.0,0.14083701337292595,0.0,0.0,0.0,0.0
1370,0.1386063546677909,x_positive,0.0,0.1386063546677909,0.0,0.0,0.0,0.0
1371,0.1365207894733799,x_positive,0.0,0.1365207894733799,0.0,0.0,0.0,0.0
1372,0.13119092136552682,x_positive,0.0,0.13119092136552682,0.0,0.0,0.0,0.0
1373,0.1307174114862846,x_positive,0.0,0.1307174114862846,0.0,0.0,0.0,0.0
1374,0.12263794079519384,x_positive,0.0,0.12263794079519384,0.0,0.0,0.0,0.0
1375,0.12407760659686513,x_positive,0.0,0.12407760659686513,0.0,0.0,0.0,0.0
1376,0.113958368756645,x_positive,0.0,0.113958368756645,0.0,0.0,0.0,0.0
1377,0.11753423616456299,x_positive,0.0,0.11753423616456299,0.0,0.0,0.0,0.0
1378,0.1056415953100501,x_positive,0.0,0.1056415953100501,0.0,0.0,0.0,0.0
1379,0.11145949905368094,x_positive,0.0,0.11145949905368094,0.0,0.0,0.0,0.0
1380,0.09779356872715952,x_positive,0.0,0.09779356872715952,0.0,0.0,0.0,0.0
1381,0.10599998272985874,x_positive,0.0,0.10599998272985874,0.0,0.0,0.0,0.0
1382,0.09095219923116996,x_positive,0.0,0.09095219923116996,0.0,0.0,0.0,0.0
1383,0.10196562670830506,x_positive,0.0,0.10196562670830506,0.0,0.0,0.0,0.0
1384,0.08532423056871848,x_positive,0.0,0.08532423056871848,0.0,0.0,0.0,0.0
1385,0.09914916364702994,x_positive,0.0,0.09914916364702994,0.0,0.0,0.0,0.0
1386,0.08060538126364285,y_negative,0.0,0.08060538126364285,0.0,0.0,0.0,0.0
1387,0.09663677948652774,y_negative,0.0,0.09663677948652774,0.0,0.0,0.0,0.0
1388,0.07762150255536215,y_negative,0.0,0.07762150255536215,0.0,0.0,0.0,0.0
1389,0.09498015115615022,y_negative,0.0,0.09498015115615022,0.0,0.0,0.0,0.0
1390,0.07648259394028474,y_negative,0.0,0.07648259394028474,0.0,0.0,0.0,0.0
1391,0.09324455434493771,y_negative,0.0,0.09324455434493771,0.0,0.0,0.0,0.0
1392,0.07626156233820143,y_negative,0.0,0.07626156233820143,0.0,0.0,0.0,0.0
1393,0.09018410041883256,y_negative,0.0,0.09018410041883256,0.0,0.0,0.0,0.0
1394,0.07558008804966779,y_negative,0.0,0.07558008804966779,0.0,0.0,0.0,0.0
1395,0.0920866352389643,y_negative,0.0,0.0920866352389643,0.0,0.0,0.0,0.0
1396,0.08022423784025437,y_negative,0.0,0.08022423784025437,0.0,0.0,0.0,0.0
1397,0.09452043187430177,y_negative,0.0,0.09452043187430177,0.0,0.0,0.0,0.0
1398,0.08724176530458101,y_negative,0.0,0.08724176530458101,0.0,0.0,0.0,0.0
1399,0.09845390543966454,y_negative,0.0,0.09845390543966454,0.0,0.0,0.0,0.0
1400,0.09380676869483776,y_negative,0.0,0.09380676869483776,0.0,0.0,0.0,0.0
1401,0.10230006684241046,y_negative,0.0,0.10230006684241046,0.0,0.0,0.0,0.0
1402,0.10001188514392016,y_negative,0.0,0.10001188514392016,0.0,0.0,0.0,0.0
1403,0.10602996244533998,y_negative,0.0,0.10602996244533998,0.0,0.0,0.0,0.0
1404,0.10612401956196833,x_negative,0.0,0.10612401956196833,0.0,0.0,0.0,0.0
1405,0.1098583455138865,y_negative,0.0,0.1098583455138865,0.0,0.0,0.0,0.0
1406,0.11204757667929452,x_negative,0.0,0.11204757667929452,0.0,0.0,0.0,0.0
1407,0.11357061695490729,x_negative,0.0,0.11357061695490729,0.0,0.0,0.0,0.0
1408,0.1185292465167647,x_negative,0.0,0.1185292465167647,0.0,0.0,0.0,0.0
1409,0.11744268320392354,x_negative,0.0,0.11744268320392354,0.0,0.0,0.0,0.0
1410,0.1267989926017258,x_negative,0.0,0.1267989926017258,0.0,0.0,0.0,0.0
1411,0.1225885213230388,x_negative,0.0,0.1225885213230388,0.0,0.0,0.0,0.0
1412,0.1358514326876376,x_negative,0.0,0.1358514326876376,0.0,0.0,0.0,0.0
1413,0.12897657492036402,x_negative,0.0,0.12897657492036402,0.0,0.0,0.0,0.0
1414,0.1436535055212284,x_negative,0.0,0.1436535055212284,0.0,0.0,0.0,0.0
1415,0.13489228167072337,x_negative,0.0,0.13489228167072337,0.0,0.0,0.0,0.0
1416,0.14897186698495474,x_negative,0.0,0.14897186698495474,0.0,0.0,0.0,0.0
1417,0.1395960592642459,x_negative,0.0,0.1395960592642459,0.0,0.0,0.0,0.0
1418,0.15014370714836092,x_negative,0.0,0.15014370714836092,0.0,0.0,0.0,0.0
1419,0.14192070563966658,x_negative,0.0,0.14192070563966658,0.0,0.0,0.0,0.0
1420,0.14660558144317043,x_negative,0.0,0.14660558144317043,0.0,0.0,0.0,0.0
1421,0.14094898084797497,x_negative,0.0,0.14094898084797497,0.0,0.0,0.0,0.0
1422,0.1385754544920895,x_negative,0.0,0.1385754544920895,0.0,0.0,0.0,0.0
1423,0.13632316013627518,x_negative,0.0,0.13632316013627518,0.0,0.0,0.0,0.0
1424,0.12652334346920133,x_negative,0.0,0.12652334346920133,0.0,0.0,0.0,0.0
1425,0.12808605775613202,x_negative,0.0,0.12808605775613202,0.0,0.0,0.0,0.0
1426,0.11141948963726081,x_negative,0.0,0.11141948963726081,0.0,0.0,0.0,0.0
1427,0.11679718808271128,x_negative,0.0,0.11679718808271128,0.0,0.0,0.0,0.0
1428,0.09452561186962768,x_negative,0.0,0.09452561186962768,0.0,0.0,0.0,0.0
1429,0.10351455361330653,x_negative,0.0,0.10351455361330653,0.0,0.0,0.0,0.0
1430,0.07712943608744845,x_negative,0.0,0.07712943608744845,0.0,0.0,0.0,0.0
1431,0.08969554230388353,x_negative,0.0,0.08969554230388353,0.0,0.0,0.0,0.0
1432,0.05989879209891374,x_negative,0.0,0.05989879209891374,0.0,0.0,0.0,0.0
1433,0.07668635691807885,x_negative,0.0,0.07668635691807885,0.0,0.0,0.0,0.0
1434,0.04334440762640859,x_negative,0.0,0.04334440762640859,0.0,0.0,0.0,0.0
1435,0.06602167608558951,x_negative,0.0,0.06602167608558951,0.0,0.0,0.0,0.0
1436,0.028672646268420445,x_negative,0.0,0.028672646268420445,0.0,0.0,0.0,0.0
1437,0.06012245597262857,y_positive,0.0,0.06012245597262857,0.0,0.0,0.0,0.0
1438,0.021187598043174934,y_positive,0.0,0.021187598043174934,0.0,0.0,0.0,0.0
1439,0.05135273535817588,y_positive,0.0,0.05135273535817588,0.0,0.0,0.0,0.0
1440,0.012580254467034577,y_positive,0.0,0.012580254467034577,0.0,0.0,0.0,0.0
1441,0.026639396254083857,y_positive,0.0,0.026639396254083857,0.0,0.0,0.0,0.0
1442,0.02616468260486808,x_positive,0.0,0.02616468260486808,0.0,0.0,0.0,0.0
1443,0.03484490032450354,y_positive,0.0,0.03484490032450354,0.0,0.0,0.0,0.0
1444,0.04329041553033551,x_positive,0.0,0.04329041553033551,0.0,0.0,0.0,0.0
1445,0.049481094953116256,y_positive,0.0,0.049481094953116256,0.0,0.0,0.0,0.0
1446,0.059825107627841545,x_positive,0.0,0.059825107627841545,0.0,0.0,0.0,0.0
1447,0.06412527926157736,x_positive,0.0,0.06412527926157736,0.0,0.0,0.0,0.0
1448,0.07564804523862652,x_positive,0.0,0.07564804523862652,0.0,0.0,0.0,0.0
1449,0.07829476887293221,x_positive,0.0,0.07829476887293221,0.0,0.0,0.0,0.0
1450,0.0905458465059507,x_positive,0.0,0.0905458465059507,0.0,0.0,0.0,0.0
1451,0.09169538269606098,x_positive,0.0,0.09169538269606098,0.0,0.0,0.0,0.0
1452,0.10405266558243849,x_positive,0.0,0.10405266558243849,0.0,0.0,0.0,0.0
1453,0.10375595724356239,x_positive,0.0,0.10375595724356239,0.0,0.0,0.0,0.0
1454,0.115619045955065,x_positive,0.0,0.115619045955065,0.0,0.0,0.0,0.0
1455,0.11606212683060328,x_positive,0.0,0.11606212683060328,0.0,0.0,0.0,0.0
1456,0.12491496183714415,x_positive,0.0,0.12491496183714415,0.0,0.0,0.0,0.0
1457,0.12480228325275218,x_positive,0.0,0.12480228325275218,0.0,0.0,0.0,0.0
1458,0.13164612773953008,x_positive,0.0,0.13164612773953008,0.0,0.0,0.0,0.0
1459,0.13089710099874036,x_positive,0.0,0.13089710099874036,0.0,0.0,0.0,0.0
1460,0.13560898860795625,x_positive,0.0,0.13560898860795625,0.0,0.0,0.0,0.0
1461,0.13437075666396242,x_positive,0.0,0.13437075666396242,0.0,0.0,0.0,0.0
1462,0.13665792894864895,x_positive,0.0,0.13665792894864895,0.0,0.0,0.0,0.0
1463,0.13509766462919354,x_positive,0.0,0.13509766462919354,0.0,0.0,0.0,0.0
1464,0.13494364596740885,x_positive,0.0,0.13494364596740885,0.0,0.0,0.0,0.0
1465,0.13325508657519056,x_positive,0.0,0.13325508657519056,0.0,0.0,0.0,0.0
1466,0.1309159669510523,x_positive,0.0,0.1309159669510523,0.0,0.0,0.0,0.0
1467,0.12935355559205775,x_positive,0.0,0.12935355559205775,0.0,0.0,0.0,0.0
1468,0.12498357896816926,x_positive,0.0,0.12498357896816926,0.0,0.0,0.0,0.0
1469,0.1238049431316524,x_positive,0.0,0.1238049431316524,0.0,0.0,0.0,0.0
1470,0.11759120989728947,x_positive,0.0,0.11759120989728947,0.0,0.0,0.0,0.0
1471,0.11710599651959078,x_positive,0.0,0.11710599651959078,0.0,0.0,0.0,0.0
1472,0.10958174518012666,x_positive,0.0,0.10958174518012666,0.0,0.0,0.0,0.0
1473,0.11008687345510798,x_positive,0.0,0.11008687345510798,0.0,0.0,0.0,0.0
1474,0.10152046145505472,x_positive,0.0,0.10152046145505472,0.0,0.0,0.0,0.0
1475,0.1031895401232264,x_positive,0.0,0.1031895401232264,0.0,0.0,0.0,0.0
1476,0.09343428718385849,x_positive,0.0,0.09343428718385849,0.0,0.0,0.0,0.0
1477,0.09644512764812786,x_positive,0.0,0.09644512764812786,0.0,0.0,0.0,0.0
1478,0.0856503795399489,x_positive,0.0,0.0856503795399489,0.0,0.0,0.0,0.0
1479,0.09038044541702267,x_positive,0.0,0.09038044541702267,0.0,0.0,0.0,0.0
1480,0.0784637792315363,x_positive,0.0,0.0784637792315363,0.0,0.0,0.0,0.0
1481,0.08518258342564002,x_positive,0.0,0.08518258342564002,0.0,0.0,0.0,0.0
1482,0.0719520072403764,x_positive,0.0,0.0719520072403764,0.0,0.0,0.0,0.0
1483,0.0806177432295572,y_negative,0.0,0.0806177432295572,0.0,0.0,0.0,0.0
1484,0.06722215301524818,y_negative,0.0,0.06722215301524818,0.0,0.0,0.0,0.0
1485,0.07764585179345462,y_negative,0.0,0.07764585179345462,0.0,0.0,0.0,0.0
1486,0.06473628814190059,y_negative,0.0,0.06473628814190059,0.0,0.0,0.0,0.0
1487,0.07648854096537691,y_negative,0.0,0.07648854096537691,0.0,0.0,0.0,0.0
1488,0.0637090404360034,y_negative,0.0,0.0637090404360034,0.0,0.0,0.0,0.0
1489,0.07625689496903415,y_negative,0.0,0.07625689496903415,0.0,0.0,0.0,0.0
1490,0.06847222487456864,y_negative,0.0,0.06847222487456864,0.0,0.0,0.0,0.0
1491,0.07555795924476186,y_negative,0.0,0.07555795924476186,0.0,0.0,0.0,0.0
1492,0.07460680990618772,y_negative,0.0,0.07460680990618772,0.0,0.0,0.0,0.0
1493,0.08012132808662169,y_negative,0.0,0.08012132808662169,0.0,0.0,0.0,0.0
1494,0.08308286992899423,y_negative,0.0,0.08308286992899423,0.0,0.0,0.0,0.0
1495,0.08693120073634446,y_negative,0.0,0.08693120073634446,0.0,0.0,0.0,0.0
1496,0.09062292383958193,y_negative,0.0,0.09062292383958193,0.0,0.0,0.0,0.0
1497,0.09309601229763702,y_negative,0.0,0.09309601229763702,0.0,0.0,0.0,0.0
1498,0.09738496615221692,x_negative,0.0,0.09738496615221692,0.0,0.0,0.0,0.0
1499,0.0986654253312091,y_negative,0.0,0.0986654253312091,0.0,0.0,0.0,0.0
1500,0.10366046532028009,x_negative,0.0,0.10366046532028009,0.0,0.0,0.0,0.0
1501,0.10388049116826212,x_negative,0.0,0.10388049116826212,0.0,0.0,0.0,0.0
1502,0.10945066819818383,x_negative,0.0,0.10945066819818383,0.0,0.0,0.0,0.0
1503,0.10860157734874608,x_negative,0.0,0.10860157734874608,0.0,0.0,0.0,0.0
1504,0.11571292796612312,x_negative,0.0,0.11571292796612312,0.0,0.0,0.0,0.0
1505,0.1135139205220153,x_negative,0.0,0.1135139205220153,0.0,0.0,0.0,0.0
1506,0.12362838055441597,x_negative,0.0,0.12362838055441597,0.0,0.0,0.0,0.0
1507,0.11995190516925129,x_negative,0.0,0.11995190516925129,0.0,0.0,0.0,0.0
1508,0.13185998633288884,x_negative,0.0,0.13185998633288884,0.0,0.0,0.0,0.0
1509,0.12705881899664018,x_negative,0.0,0.12705881899664018,0.0,0.0,0.0,0.0
1510,0.1385514018216665,x_negative,0.0,0.1385514018216665,0.0,0.0,0.0,0.0
1511,0.13315800848915543,x_negative,0.0,0.13315800848915543,0.0,0.0,0.0,0.0
1512,0.14224216725994696,x_negative,0.0,0.14224216725994696,0.0,0.0,0.0,0.0
1513,0.1371735952120453,x_negative,0.0,0.1371735952120453,0.0,0.0,0.0,0.0
1514,0.14157145830998794,x_negative,0.0,0.14157145830998794,0.0,0.0,0.0,0.0
1515,0.13758308146077464,x_negative,0.0,0.13758308146077464,0.0,0.0,0.0,0.0
1516,0.13654918910335953,x_negative,0.0,0.13654918910335953,0.0,0.0,0.0,0.0
1517,0.13405955482578266,x_negative,0.0,0.13405955482578266,0.0,0.0,0.0,0.0
1518,0.1278786407780954,x_negative,0.0,0.1278786407780954,0.0,0.0,0.0,0.0
1519,0.12693957123013352,x_negative,0.0,0.12693957123013352,0.0,0.0,0.0,0.0
1520,0.11615997271935806,x_negative,0.0,0.11615997271935806,0.0,0.0,0.0,0.0
1521,0.11665378672113717,x_negative,0.0,0.11665378672113717,0.0,0.0,0.0,0.0
1522,0.10226769987599536,x_negative,0.0,0.10226769987599536,0.0,0.0,0.0,0.0
1523,0.1039810551183317,x_negative,0.0,0.1039810551183317,0.0,0.0,0.0,0.0
1524,0.08735503292691243,x_negative,0.0,0.08735503292691243,0.0,0.0,0.0,0.0
1525,0.0896937448110489,x_negative,0.0,0.0896937448110489,0.0,0.0,0.0,0.0
1526,0.07218411251260673,x_negative,0.0,0.07218411251260673,0.0,0.0,0.0,0.0
1527,0.07459960065354541,x_negative,0.0,0.07459960065354541,0.0,0.0,0.0,0.0
1528,0.056863335071382345,x_negative,0.0,0.056863335071382345,0.0,0.0,0.0,0.0
1529,0.05899280735377719,x_negative,0.0,0.05899280735377719,0.0,0.0,0.0,0.0
1530,0.04141562910578503,x_negative,0.0,0.04141562910578503,0.0,0.0,0.0,0.0
1531,0.04324110623137431,x_negative,0.0,0.04324110623137431,0.0,0.0,0.0,0.0
1532,0.025440074495689975,x_negative,0.0,0.025440074495689975,0.0,0.0,0.0,0.0
1533,0.02867575534465746,x_negative,0.0,0.02867575534465746,0.0,0.0,0.0,0.0
1534,0.009566231795207828,x_negative,0.0,0.009566231795207828,0.0,0.0,0.0,0.0
1535,0.021088944054895805,y_positive,0.0,0.021088944054895805,0.0,0.0,0.0,0.0
1536,0.015802678550744517,y_positive,0.0,0.015802678550744517,0.0,0.0,0.0,0.0
1537,0.015146782889304546,y_positive,0.0,0.015146782889304546,0.0,0.0,0.0,0.0
1538,0.03358011935544489,x_positive,0.0,0.03358011935544489,0.0,0.0,0.0,0.0
1539,0.03138128881742057,x_positive,0.0,0.03138128881742057,0.0,0.0,0.0,0.0
1540,0.05420325671637606,x_positive,0.0,0.05420325671637606,0.0,0.0,0.0,0.0
1541,0.05172417401783907,x_positive,0.0,0.05172417401783907,0.0,0.0,0.0,0.0
1542,0.07389090421749508,x_positive,0.0,0.07389090421749508,0.0,0.0,0.0,0.0
1543,0.07109387856662482,x_positive,0.0,0.07109387856662482,0.0,0.0,0.0,0.0
1544,0.09248127353423764,x_positive,0.0,0.09248127353423764,0.0,0.0,0.0,0.0
1545,0.0893341083392597,x_positive,0.0,0.0893341083392597,0.0,0.0,0.0,0.0
1546,0.10972271049997245,x_positive,0.0,0.10972271049997245,0.0,0.0,0.0,0.0
1547,0.10623461025546425,x_positive,0.0,0.10623461025546425,0.0,0.0,0.0,0.0
1548,0.12518784894334337,x_positive,0.0,0.12518784894334337,0.0,0.0,0.0,0.0
1549,0.12131967881569997,x_positive,0.0,0.12131967881569997,0.0,0.0,0.0,0.0
1550,0.13393257284004623,x_positive,0.0,0.13393257284004623,0.0,0.0,0.0,0.0
1551,0.13415633056922885,x_positive,0.0,0.13415633056922885,0.0,0.0,0.0,0.0
1552,0.14295445404098447,x_positive,0.0,0.14295445404098447,0.0,0.0,0.0,0.0
1553,0.14449454081798785,x_positive,0.0,0.14449454081798785,0.0,0.0,0.0,0.0
1554,0.15046243328218337,x_positive,0.0,0.15046243328218337,0.0,0.0,0.0,0.0
1555,0.15199560433033987,x_positive,0.0,0.15199560433033987,0.0,0.0,0.0,0.0
1556,0.1550628145599826,x_positive,0.0,0.1550628145599826,0.0,0.0,0.0,0.0
1557,0.15646533245142907,x_positive,0.0,0.15646533245142907,0.0,0.0,0.0,0.0
1558,0.1566913301811189,x_positive,0.0,0.1566913301811189,0.0,0.0,0.0,0.0
1559,0.1577471846749315,x_positive,0.0,0.1577471846749315,0.0,0.0,0.0,0.0
1560,0.15543491125508097,x_positive,0.0,0.15543491125508097,0.0,0.0,0.0,0.0
1561,0.1560029976953575,x_positive,0.0,0.1560029976953575,0.0,0.0,0.0,0.0
1562,0.15165133843793474,x_positive,0.0,0.15165133843793474,0.0,0.0,0.0,0.0
1563,0.15175724481144556,x_positive,0.0,0.15175724481144556,0.0,0.0,0.0,0.0
1564,0.1456947393366805,x_positive,0.0,0.1456947393366805,0.0,0.0,0.0,0.0
1565,0.14543523221970847,x_positive,0.0,0.14543523221970847,0.0,0.0,0.0,0.0
1566,0.13792718341815566,x_positive,0.0,0.13792718341815566,0.0,0.0,0.0,0.0
1567,0.1374590297906628,x_positive,0.0,0.1374590297906628,0.0,0.0,0.0,0.0
1568,0.12959980508323823,x_positive,0.0,0.12959980508323823,0.0,0.0,0.0,0.0
1569,0.12872396915585207,x_positive,0.0,0.12872396915585207,0.0,0.0,0.0,0.0
1570,0.12052637981761638,x_positive,0.0,0.12052637981761638,0.0,0.0,0.0,0.0
1571,0.1198995569917969,x_positive,0.0,0.1198995569917969,0.0,0.0,0.0,0.0
1572,0.11106475013499824,x_positive,0.0,0.11106475013499824,0.0,0.0,0.0,0.0
1573,0.11094530910794195,x_positive,0.0,0.11094530910794195,0.0,0.0,0.0,0.0
1574,0.10149299926870989,x_positive,0.0,0.10149299926870989,0.0,0.0,0.0,0.0
1575,0.10220449133220821,x_positive,0.0,0.10220449133220821,0.0,0.0,0.0,0.0
1576,0.09207369809115133,x_positive,0.0,0.09207369809115133,0.0,0.0,0.0,0.0
1577,0.09398981724393646,x_positive,0.0,0.09398981724393646,0.0,0.0,0.0,0.0
1578,0.08288668715439097,x_positive,0.0,0.08288668715439097,0.0,0.0,0.0,0.0
1579,0.0863817608883106,x_positive,0.0,0.0863817608883106,0.0,0.0,0.0,0.0
1580,0.07515132042331633,y_negative,0.0,0.07515132042331633,0.0,0.0,0.0,0.0
1581,0.08075938070656474,y_negative,0.0,0.08075938070656474,0.0,0.0,0.0,0.0
1582,0.06925227658734569,y_negative,0.0,0.06925227658734569,0.0,0.0,0.0,0.0
1583,0.07774767757904148,y_negative,0.0,0.07774767757904148,0.0,0.0,0.0,0.0
1584,0.06488288657630925,y_negative,0.0,0.06488288657630925,0.0,0.0,0.0,0.0
1585,0.07648599575240919,y_negative,0.0,0.07648599575240919,0.0,0.0,0.0,0.0
1586,0.08100114904860246,y_negative,0.0,0.08100114904860246,0.0,0.0,0.0,0.0
1587,0.08218357349620142,y_negative,0.0,0.08218357349620142,0.0,0.0,0.0,0.0
1588,0.08975897176480568,y_negative,0.0,0.08975897176480568,0.0,0.0,0.0,0.0
1589,0.08948582154900764,y_negative,0.0,0.08948582154900764,0.0,0.0,0.0,0.0
1590,0.10053836478756639,y_negative,0.0,0.10053836478756639,0.0,0.0,0.0,0.0
1591,0.09953291272980468,y_negative,0.0,0.09953291272980468,0.0,0.0,0.0,0.0
1592,0.11007423167126493,y_negative,0.0,0.11007423167126493,0.0,0.0,0.0,0.0
1593,0.1083778444071309,y_negative,0.0,0.1083778444071309,0.0,0.0,0.0,0.0
1594,0.1183717852600926,x_negative,0.0,0.1183717852600926,0.0,0.0,0.0,0.0
1595,0.11621129508489056,x_negative,0.0,0.11621129508489056,0.0,0.0,0.0,0.0
1596,0.12580933872704778,x_negative,0.0,0.12580933872704778,0.0,0.0,0.0,0.0
1597,0.12339851392953312,x_negative,0.0,0.12339851392953312,0.0,0.0,0.0,0.0
1598,0.1324987183734624,x_negative,0.0,0.1324987183734624,0.0,0.0,0.0,0.0
1599,0.1299608251356934,x_negative,0.0,0.1299608251356934,0.0,0.0,0.0,0.0
1600,0.13981050534680042,x_negative,0.0,0.13981050534680042,0.0,0.0,0.0,0.0
1601,0.1370877004067187,x_negative,0.0,0.1370877004067187,0.0,0.0,0.0,0.0
1602,0.14920535725968712,x_negative,0.0,0.14920535725968712,0.0,0.0,0.0,0.0
1603,0.14622211641445096,x_negative,0.0,0.14622211641445096,0.0,0.0,0.0,0.0
1604,0.15875536218389613,x_negative,0.0,0.15875536218389613,0.0,0.0,0.0,0.0
1605,0.15565710506442293,x_negative,0.0,0.15565710506442293,0.0,0.0,0.0,0.0
1606,0.16598574703399005,x_negative,0.0,0.16598574703399005,0.0,0.0,0.0,0.0
1607,0.16325862624795584,x_negative,0.0,0.16325862624795584,0.0,0.0,0.0,0.0
1608,0.16869672200450753,x_negative,0.0,0.16869672200450753,0.0,0.0,0.0,0.0
1609,0.16739066912439854,x_negative,0.0,0.16739066912439854,0.0,0.0,0.0,0.0
1610,0.1670111130682677,x_negative,0.0,0.1670111130682677,0.0,0.0,0.0,0.0
1611,0.16641605035736515,x_negative,0.0,0.16641605035736515,0.0,0.0,0.0,0.0
1612,0.16062788561766791,x_negative,0.0,0.16062788561766791,0.0,0.0,0.0,0.0
1613,0.1603774968235222,x_negative,0.0,0.1603774968235222,0.0,0.0,0.0,0.0
1614,0.1503733492011421,x_negative,0.0,0.1503733492011421,0.0,0.0,0.0,0.0
1615,0.15013987458672245,x_negative,0.0,0.15013987458672245,0.0,0.0,0.0,0.0
1616,0.13673711228520435,x_negative,0.0,0.13673711228520435,0.0,0.0,0.0,0.0
1617,0.13639848411102765,x_negative,0.0,0.13639848411102765,0.0,0.0,0.0,0.0
1618,0.12053964606240852,x_negative,0.0,0.12053964606240852,0.0,0.0,0.0,0.0
1619,0.12023058602412891,x_negative,0.0,0.12023058602412891,0.0,0.0,0.0,0.0
1620,0.10313287433015027,x_negative,0.0,0.10313287433015027,0.0,0.0,0.0,0.0
1621,0.10298007509074683,x_negative,0.0,0.10298007509074683,0.0,0.0,0.0,0.0
1622,0.08536879387082993,x_negative,0.0,0.08536879387082993,0.0,0.0,0.0,0.0
1623,0.08545994734202358,x_negative,0.0,0.08545994734202358,0.0,0.0,0.0,0.0
1624,0.06718534995787821,x_negative,0.0,0.06718534995787821,0.0,0.0,0.0,0.0
1625,0.06764769618745604,x_negative,0.0,0.06764769618745604,0.0,0.0,0.0,0.0
1626,0.048686031145212263,x_negative,0.0,0.048686031145212263,0.0,0.0,0.0,0.0
1627,0.04949887510835212,x_negative,0.0,0.04949887510835212,0.0,0.0,0.0,0.0
1628,0.029358184326344985,x_negative,0.0,0.029358184326344985,0.0,0.0,0.0,0.0
1629,0.030514789135056293,x_negative,0.0,0.030514789135056293,0.0,0.0,0.0,0.0
1630,0.00962073514246352,x_negative,0.0,0.00962073514246352,0.0,0.0,0.0,0.0
1631,0.011470139089672026,x_negative,0.0,0.011470139089672026,0.0,0.0,0.0,0.0
1632,0.015449029382100854,y_positive,0.0,0.015449029382100854,0.0,0.0,0.0,0.0
1633,0.015811139950614117,y_positive,0.0,0.015811139950614117,0.0,0.0,0.0,0.0
1634,0.03348712862211113,x_positive,0.0,0.03348712862211113,0.0,0.0,0.0,0.0
1635,0.03359287802893754,x_positive,0.0,0.03359287802893754,0.0,0.0,0.0,0.0
1636,0.05415615803563453,x_positive,0.0,0.05415615803563453,0.0,0.0,0.0,0.0
1637,0.05423303181428012,x_positive,0.0,0.05423303181428012,0.0,0.0,0.0,0.0
1638,0.0738615148975393,x_positive,0.0,0.0738615148975393,0.0,0.0,0.0,0.0
1639,0.07394243066809007,x_positive,0.0,0.07394243066809007,0.0,0.0,0.0,0.0
1640,0.09245252203694453,x_positive,0.0,0.09245252203694453,0.0,0.0,0.0,0.0
1641,0.0925547726824418,x_positive,0.0,0.0925547726824418,0.0,0.0,0.0,0.0
1642,0.10964634552406043,x_positive,0.0,0.10964634552406043,0.0,0.0,0.0,0.0
1643,0.10981355056201116,x_positive,0.0,0.10981355056201116,0.0,0.0,0.0,0.0
1644,0.1250358258866717,x_positive,0.0,0.1250358258866717,0.0,0.0,0.0,0.0
1645,0.12527657282076657,x_positive,0.0,0.12527657282076657,0.0,0.0,0.0,0.0
1646,0.1341271577584287,x_positive,0.0,0.1341271577584287,0.0,0.0,0.0,0.0
1647,0.134001937129996,x_positive,0.0,0.134001937129996,0.0,0.0,0.0,0.0
1648,0.14324196543080336,x_positive,0.0,0.14324196543080336,0.0,0.0,0.0,0.0
1649,0.14298220878425189,x_positive,0.0,0.14298220878425189,0.0,0.0,0.0,0.0
1650,0.150717884036531,x_positive,0.0,0.150717884036531,0.0,0.0,0.0,0.0
1651,0.1504297130093805,x_positive,0.0,0.1504297130093805,0.0,0.0,0.0,0.0
1652,0.1553479423272089,x_positive,0.0,0.1553479423272089,0.0,0.0,0.0,0.0
1653,0.1549544734751589,x_positive,0.0,0.1549544734751589,0.0,0.0,0.0,0.0
1654,0.15708056875898968,x_positive,0.0,0.15708056875898968,0.0,0.0,0.0,0.0
1655,0.15651046763846158,x_positive,0.0,0.15651046763846158,0.0,0.0,0.0,0.0
1656,0.15598835933691726,x_positive,0.0,0.15598835933691726,0.0,0.0,0.0,0.0
1657,0.1551976378797201,x_positive,0.0,0.1551976378797201,0.0,0.0,0.0,0.0
1658,0.152346854821419,x_positive,0.0,0.152346854821419,0.0,0.0,0.0,0.0
1659,0.15138210188095713,x_positive,0.0,0.15138210188095713,0.0,0.0,0.0,0.0
1660,0.14648072357932104,x_positive,0.0,0.14648072357932104,0.0,0.0,0.0,0.0
1661,0.14542481525224235,x_positive,0.0,0.14542481525224235,0.0,0.0,0.0,0.0
1662,0.13879380251197154,x_positive,0.0,0.13879380251197154,0.0,0.0,0.0,0.0
1663,0.13768884462587236,x_positive,0.0,0.13768884462587236,0.0,0.0,0.0,0.0
1664,0.13104395095048424,x_positive,0.0,0.13104395095048424,0.0,0.0,0.0,0.0
1665,0.12939654566501577,x_positive,0.0,0.12939654566501577,0.0,0.0,0.0,0.0
1666,0.12164319891564812,x_positive,0.0,0.12164319891564812,0.0,0.0,0.0,0.0
1667,0.12038242022349958,x_positive,0.0,0.12038242022349958,0.0,0.0,0.0,0.0
1668,0.1116396953465174,x_positive,0.0,0.1116396953465174,0.0,0.0,0.0,0.0
1669,0.11100017937714408,x_positive,0.0,0.11100017937714408,0.0,0.0,0.0,0.0
1670,0.10128988961372096,x_positive,0.0,0.10128988961372096,0.0,0.0,0.0,0.0
1671,0.10150882524913048,x_positive,0.0,0.10150882524913048,0.0,0.0,0.0,0.0
1672,0.09083296075105103,x_positive,0.0,0.09083296075105103,0.0,0.0,0.0,0.0
1673,0.09215982183539181,x_positive,0.0,0.09215982183539181,0.0,0.0,0.0,0.0
1674,0.08036826150684746,x_positive,0.0,0.08036826150684746,0.0,0.0,0.0,0.0
1675,0.08301964511699313,x_positive,0.0,0.08301964511699313,0.0,0.0,0.0,0.0
1676,0.07096150562380231,y_negative,0.0,0.07096150562380231,0.0,0.0,0.0,0.0
1677,0.07530647456041588,y_negative,0.0,0.07530647456041588,0.0,0.0,0.0,0.0
1678,0.06400503263103952,y_negative,0.0,0.06400503263103952,0.0,0.0,0.0,0.0
1679,0.06938887338847591,y_negative,0.0,0.06938887338847591,0.0,0.0,0.0,0.0
1680,0.06036263109809213,y_negative,0.0,0.06036263109809213,0.0,0.0,0.0,0.0
1681,0.06497006683893933,y_negative,0.0,0.06497006683893933,0.0,0.0,0.0,0.0
1682,0.07709387775076004,y_negative,0.0,0.07709387775076004,0.0,0.0,0.0,0.0
1683,0.08105973248695536,y_negative,0.0,0.08105973248695536,0.0,0.0,0.0,0.0
1684,0.08780611270360114,y_negative,0.0,0.08780611270360114,0.0,0.0,0.0,0.0
1685,0.08979134248280403,y_negative,0.0,0.08979134248280403,0.0,0.0,0.0,0.0
1686,0.09972749775539225,y_negative,0.0,0.09972749775539225,0.0,0.0,0.0,0.0
1687,0.10055230786955507,y_negative,0.0,0.10055230786955507,0.0,0.0,0.0,0.0
1688,0.11038008545655507,y_negative,0.0,0.11038008545655507,0.0,0.0,0.0,0.0
1689,0.11007467862162057,y_negative,0.0,0.11007467862162057,0.0,0.0,0.0,0.0
1690,0.1193608259837669,x_negative,0.0,0.1193608259837669,0.0,0.0,0.0,0.0
1691,0.11836023834209702,x_negative,0.0,0.11836023834209702,0.0,0.0,0.0,0.0
1692,0.12710847333600664,x_negative,0.0,0.12710847333600664,0.0,0.0,0.0,0.0
1693,0.12578811277431903,x_negative,0.0,0.12578811277431903,0.0,0.0,0.0,0.0
1694,0.13379278394203906,x_negative,0.0,0.13379278394203906,0.0,0.0,0.0,0.0
1695,0.13247540772827537,x_negative,0.0,0.13247540772827537,0.0,0.0,0.0,0.0
1696,0.1411388053777774,x_negative,0.0,0.1411388053777774,0.0,0.0,0.0,0.0
1697,0.13979610021009053,x_negative,0.0,0.13979610021009053,0.0,0.0,0.0,0.0
1698,0.15099551944707315,x_negative,0.0,0.15099551944707315,0.0,0.0,0.0,0.0
1699,0.14920405526080605,x_negative,0.0,0.14920405526080605,0.0,0.0,0.0,0.0
1700,0.16088518095950907,x_negative,0.0,0.16088518095950907,0.0,0.0,0.0,0.0
1701,0.15876066971538982,x_negative,0.0,0.15876066971538982,0.0,0.0,0.0,0.0
1702,0.16777020683394883,x_negative,0.0,0.16777020683394883,0.0,0.0,0.0,0.0
1703,0.16599645315494785,x_negative,0.0,0.16599645315494785,0.0,0.0,0.0,0.0
1704,0.16891409083682385,x_negative,0.0,0.16891409083682385,0.0,0.0,0.0,0.0
1705,0.16870095015335854,x_negative,0.0,0.16870095015335854,0.0,0.0,0.0,0.0
1706,0.1668527674687494,x_negative,0.0,0.1668527674687494,0.0,0.0,0.0,0.0
1707,0.16700714992226853,x_negative,0.0,0.16700714992226853,0.0,0.0,0.0,0.0
1708,0.16041576016628256,x_negative,0.0,0.16041576016628256,0.0,0.0,0.0,0.0
1709,0.16061744704975264,x_negative,0.0,0.16061744704975264,0.0,0.0,0.0,0.0
1710,0.15031695304107323,x_negative,0.0,0.15031695304107323,0.0,0.0,0.0,0.0
1711,0.15036217566915067,x_negative,0.0,0.15036217566915067,0.0,0.0,0.0,0.0
1712,0.1369229951961403,x_negative,0.0,0.1369229951961403,0.0,0.0,0.0,0.0
1713,0.13673302461840453,x_negative,0.0,0.13673302461840453,0.0,0.0,0.0,0.0
1714,0.1210071143752396,x_negative,0.0,0.1210071143752396,0.0,0.0,0.0,0.0
1715,0.12054184382357437,x_negative,0.0,0.12054184382357437,0.0,0.0,0.0,0.0
1716,0.10373729189982064,x_negative,0.0,0.10373729189982064,0.0,0.0,0.0,0.0
1717,0.10313476540088233,x_negative,0.0,0.10313476540088233,0.0,0.0,0.0,0.0
1718,0.08597836079996465,x_negative,0.0,0.08597836079996465,0.0,0.0,0.0,0.0
1719,0.08536915077711715,x_negative,0.0,0.08536915077711715,0.0,0.0,0.0,0.0
1720,0.0677809860377247,x_negative,0.0,0.0677809860377247,0.0,0.0,0.0,0.0
1721,0.06718361816560028,x_negative,0.0,0.06718361816560028,0.0,0.0,0.0,0.0
1722,0.049201475463884474,x_negative,0.0,0.049201475463884474,0.0,0.0,0.0,0.0
1723,0.048683167343209405,x_negative,0.0,0.048683167343209405,0.0,0.0,0.0,0.0
1724,0.029764003846695267,x_negative,0.0,0.029764003846695267,0.0,0.0,0.0,0.0
1725,0.029357683477615876,x_negative,0.0,0.029357683477615876,0.0,0.0,0.0,0.0
1726,0.009676756365953765,x_negative,0.0,0.009676756365953765,0.0,0.0,0.0,0.0
1727,0.00962126634702755,x_negative,0.0,0.00962126634702755,0.0,0.0,0.0,0.0
1728,0.014607556612675186,y_positive,0.0,0.014607556612675186,0.0,0.0,0.0,0.0
1729,0.015429727459331702,y_positive,0.0,0.015429727459331702,0.0,0.0,0.0,0.0
1730,0.03239351491276218,x_positive,0.0,0.03239351491276218,0.0,0.0,0.0,0.0
1731,0.03347948161764334,x_positive,0.0,0.03347948161764334,0.0,0.0,0.0,0.0
1732,0.052965418210361194,x_positive,0.0,0.052965418210361194,0.0,0.0,0.0,0.0
1733,0.05414860194280097,x_positive,0.0,0.05414860194280097,0.0,0.0,0.0,0.0
1734,0.07253109522861957,x_positive,0.0,0.07253109522861957,0.0,0.0,0.0,0.0
1735,0.07386084122299341,x_positive,0.0,0.07386084122299341,0.0,0.0,0.0,0.0
1736,0.09094922127604599,x_positive,0.0,0.09094922127604599,0.0,0.0,0.0,0.0
1737,0.09246347529997098,x_positive,0.0,0.09246347529997098,0.0,0.0,0.0,0.0
1738,0.10793158446796701,x_positive,0.0,0.10793158446796701,0.0,0.0,0.0,0.0
1739,0.10967560264988721,x_positive,0.0,0.10967560264988721,0.0,0.0,0.0,0.0
1740,0.12308838997364412,x_positive,0.0,0.12308838997364412,0.0,0.0,0.0,0.0
1741,0.12508540130565154,x_positive,0.0,0.12508540130565154,0.0,0.0,0.0,0.0
1742,0.13445773594361293,x_positive,0.0,0.13445773594361293,0.0,0.0,0.0,0.0
1743,0.13419881015564428,x_positive,0.0,0.13419881015564428,0.0,0.0,0.0,0.0
1744,0.1442830774927332,x_positive,0.0,0.1442830774927332,0.0,0.0,0.0,0.0
1745,0.14331457197896508,x_positive,0.0,0.14331457197896508,0.0,0.0,0.0,0.0
1746,0.15181246010059207,x_positive,0.0,0.15181246010059207,0.0,0.0,0.0,0.0
1747,0.15077999155958355,x_positive,0.0,0.15077999155958355,0.0,0.0,0.0,0.0
1748,0.15646729471772244,x_positive,0.0,0.15646729471772244,0.0,0.0,0.0,0.0
1749,0.15538308344012225,x_positive,0.0,0.15538308344012225,0.0,0.0,0.0,0.0
1750,0.15822276433385868,x_positive,0.0,0.15822276433385868,0.0,0.0,0.0,0.0
1751,0.15707721781651848,x_positive,0.0,0.15707721781651848,0.0,0.0,0.0,0.0
1752,0.15714451970777038,x_positive,0.0,0.15714451970777038,0.0,0.0,0.0,0.0
1753,0.1559404584881971,x_positive,0.0,0.1559404584881971,0.0,0.0,0.0,0.0
1754,0.1534640423556689,x_positive,0.0,0.1534640423556689,0.0,0.0,0.0,0.0
1755,0.1522597305214692,x_positive,0.0,0.1522597305214692,0.0,0.0,0.0,0.0
1756,0.1475002906387833,x_positive,0.0,0.1475002906387833,0.0,0.0,0.0,0.0
1757,0.1463639073855997,x_positive,0.0,0.1463639073855997,0.0,0.0,0.0,0.0
1758,0.1396748760169608,x_positive,0.0,0.1396748760169608,0.0,0.0,0.0,0.0
1759,0.1386597686865351,x_positive,0.0,0.1386597686865351,0.0,0.0,0.0,0.0
1760,0.13189093818857442,x_positive,0.0,0.13189093818857442,0.0,0.0,0.0,0.0
1761,0.13088661714843416,x_positive,0.0,0.13088661714843416,0.0,0.0,0.0,0.0
1762,0.12221426215762327,x_positive,0.0,0.12221426215762327,0.0,0.0,0.0,0.0
1763,0.12148141389387401,x_positive,0.0,0.12148141389387401,0.0,0.0,0.0,0.0
1764,0.11178206289543781,x_positive,0.0,0.11178206289543781,0.0,0.0,0.0,0.0
1765,0.1114943836388707,x_positive,0.0,0.1114943836388707,0.0,0.0,0.0,0.0
1766,0.10086879814635598,x_positive,0.0,0.10086879814635598,0.0,0.0,0.0,0.0
1767,0.10117691850183919,x_positive,0.0,0.10117691850183919,0.0,0.0,0.0,0.0
1768,0.08967806490305107,x_positive,0.0,0.08967806490305107,0.0,0.0,0.0,0.0
1769,0.09075928961190838,x_positive,0.0,0.09075928961190838,0.0,0.0,0.0,0.0
1770,0.07836057936940209,x_positive,0.0,0.07836057936940209,0.0,0.0,0.0,0.0
1771,0.08033215024280267,x_positive,0.0,0.08033215024280267,0.0,0.0,0.0,0.0
1772,0.06786571816302865,y_negative,0.0,0.06786571816302865,0.0,0.0,0.0,0.0
1773,0.07095622298524577,y_negative,0.0,0.07095622298524577,0.0,0.0,0.0,0.0
1774,0.06095510670186954,y_negative,0.0,0.06095510670186954,0.0,0.0,0.0,0.0
1775,0.0640158308777204,y_negative,0.0,0.0640158308777204,0.0,0.0,0.0,0.0
1776,0.05946756595020935,y_negative,0.0,0.05946756595020935,0.0,0.0,0.0,0.0
1777,0.06036793733036808,y_negative,0.0,0.06036793733036808,0.0,0.0,0.0,0.0
1778,0.07250061898891955,y_negative,0.0,0.07250061898891955,0.0,0.0,0.0,0.0
1779,0.07707359669499599,y_negative,0.0,0.07707359669499599,0.0,0.0,0.0,0.0
1780,0.08496438854484803,y_negative,0.0,0.08496438854484803,0.0,0.0,0.0,0.0
1781,0.08777185297664127,y_negative,0.0,0.08777185297664127,0.0,0.0,0.0,0.0
1782,0.09826185713411205,y_negative,0.0,0.09826185713411205,0.0,0.0,0.0,0.0
1783,0.09968434134816347,y_negative,0.0,0.09968434134816347,0.0,0.0,0.0,0.0
1784,0.10991560136792271,y_negative,0.0,0.10991560136792271,0.0,0.0,0.0,0.0
1785,0.11033551670442922,y_negative,0.0,0.11033551670442922,0.0,0.0,0.0,0.0
1786,0.11949353252970725,x_negative,0.0,0.11949353252970725,0.0,0.0,0.0,0.0
1787,0.11932113162117741,x_negative,0.0,0.11932113162117741,0.0,0.0,0.0,0.0
1788,0.12745162053081882,x_negative,0.0,0.12745162053081882,0.0,0.0,0.0,0.0
1789,0.12707661109458596,x_negative,0.0,0.12707661109458596,0.0,0.0,0.0,0.0
1790,0.13399066064753154,x_negative,0.0,0.13399066064753154,0.0,0.0,0.0,0.0
1791,0.13376976476214242,x_negative,0.0,0.13376976476214242,0.0,0.0,0.0,0.0
1792,0.14116722235722917,x_negative,0.0,0.14116722235722917,0.0,0.0,0.0,0.0
1793,0.14112667775998855,x_negative,0.0,0.14112667775998855,0.0,0.0,0.0,0.0
1794,0.15133602833681928,x_negative,0.0,0.15133602833681928,0.0,0.0,0.0,0.0
1795,0.1509950140663118,x_negative,0.0,0.1509950140663118,0.0,0.0,0.0,0.0
1796,0.16143632957785364,x_negative,0.0,0.16143632957785364,0.0,0.0,0.0,0.0
1797,0.16088286985824082,x_negative,0.0,0.16088286985824082,0.0,0.0,0.0,0.0
1798,0.1680515743837643,x_negative,0.0,0.1680515743837643,0.0,0.0,0.0,0.0
1799,0.1677606897600635,x_negative,0.0,0.1677606897600635,0.0,0.0,0.0,0.0
1800,0.16860608160243754,x_negative,0.0,0.16860608160243754,0.0,0.0,0.0,0.0
1801,0.16889543538909813,x_negative,0.0,0.16889543538909813,0.0,0.0,0.0,0.0
1802,0.16634549536049822,x_negative,0.0,0.16634549536049822,0.0,0.0,0.0,0.0
1803,0.16682859651613055,x_negative,0.0,0.16682859651613055,0.0,0.0,0.0,0.0
1804,0.15995859724876185,x_negative,0.0,0.15995859724876185,0.0,0.0,0.0,0.0
1805,0.16038869395270702,x_negative,0.0,0.16038869395270702,0.0,0.0,0.0,0.0
1806,0.15008223892178132,x_negative,0.0,0.15008223892178132,0.0,0.0,0.0,0.0
1807,0.15029277449789735,x_negative,0.0,0.15029277449789735,0.0,0.0,0.0,0.0
1808,0.13700016876459692,x_negative,0.0,0.13700016876459692,0.0,0.0,0.0,0.0
1809,0.13690714310950883,x_negative,0.0,0.13690714310950883,0.0,0.0,0.0,0.0
1810,0.12142694776466463,x_negative,0.0,0.12142694776466463,0.0,0.0,0.0,0.0
1811,0.12100117512581782,x_negative,0.0,0.12100117512581782,0.0,0.0,0.0,0.0
1812,0.10438111266363569,x_negative,0.0,0.10438111266363569,0.0,0.0,0.0,0.0
1813,0.10373768475995368,x_negative,0.0,0.10373768475995368,0.0,0.0,0.0,0.0
1814,0.08675099569898918,x_negative,0.0,0.08675099569898918,0.0,0.0,0.0,0.0
1815,0.08597723421243826,x_negative,0.0,0.08597723421243826,0.0,0.0,0.0,0.0
1816,0.06865718567493706,x_negative,0.0,0.06865718567493706,0.0,0.0,0.0,0.0
1817,0.06777502182128763,x_negative,0.0,0.06777502182128763,0.0,0.0,0.0,0.0
1818,0.050138512539111696,x_negative,0.0,0.050138512539111696,0.0,0.0,0.0,0.0
1819,0.04919016326081795,x_negative,0.0,0.04919016326081795,0.0,0.0,0.0,0.0
1820,0.0307282348308599,x_negative,0.0,0.0307282348308599,0.0,0.0,0.0,0.0
1821,0.02975191376435875,x_negative,0.0,0.02975191376435875,0.0,0.0,0.0,0.0
1822,0.010505098965073028,x_negative,0.0,0.010505098965073028,0.0,0.0,0.0,0.0
1823,0.009675212132757249,x_negative,0.0,0.009675212132757249,0.0,0.0,0.0,0.0
1824,0.01403413085877134,y_positive,0.0,0.01403413085877134,0.0,0.0,0.0,0.0
1825,0.014581318669312535,y_positive,0.0,0.014581318669312535,0.0,0.0,0.0,0.0
1826,0.03170017578033422,x_positive,0.0,0.03170017578033422,0.0,0.0,0.0,0.0
1827,0.03237890698203356,x_positive,0.0,0.03237890698203356,0.0,0.0,0.0,0.0
1828,0.052208624587098885,x_positive,0.0,0.052208624587098885,0.0,0.0,0.0,0.0
1829,0.052943090753195365,x_positive,0.0,0.052943090753195365,0.0,0.0,0.0,0.0
1830,0.0716631927127396,x_positive,0.0,0.0716631927127396,0.0,0.0,0.0,0.0
1831,0.07250480374424427,x_positive,0.0,0.07250480374424427,0.0,0.0,0.0,0.0
1832,0.0899651375706741,x_positive,0.0,0.0899651375706741,0.0,0.0,0.0,0.0
1833,0.09091984267842158,x_positive,0.0,0.09091984267842158,0.0,0.0,0.0,0.0
1834,0.10680802951666647,x_positive,0.0,0.10680802951666647,0.0,0.0,0.0,0.0
1835,0.10790225405085799,x_positive,0.0,0.10790225405085799,0.0,0.0,0.0,0.0
1836,0.121818618379593,x_positive,0.0,0.121818618379593,0.0,0.0,0.0,0.0
1837,0.12306076611565098,x_positive,0.0,0.12306076611565098,0.0,0.0,0.0,0.0
1838,0.13457713813859898,x_positive,0.0,0.13457713813859898,0.0,0.0,0.0,0.0
1839,0.13444683765855434,x_positive,0.0,0.13444683765855434,0.0,0.0,0.0,0.0
1840,0.1448615011579346,x_positive,0.0,0.1448615011579346,0.0,0.0,0.0,0.0
1841,0.14429103342435848,x_positive,0.0,0.14429103342435848,0.0,0.0,0.0,0.0
1842,0.15243795508948682,x_positive,0.0,0.15243795508948682,0.0,0.0,0.0,0.0
1843,0.1518337861126706,x_positive,0.0,0.1518337861126706,0.0,0.0,0.0,0.0
1844,0.1571095851448037,x_positive,0.0,0.1571095851448037,0.0,0.0,0.0,0.0
1845,0.15649937726571853,x_positive,0.0,0.15649937726571853,0.0,0.0,0.0,0.0
1846,0.1588734675208541,x_positive,0.0,0.1588734675208541,0.0,0.0,0.0,0.0
1847,0.1582522782411408,x_positive,0.0,0.1582522782411408,0.0,0.0,0.0,0.0
1848,0.1577685490684858,x_positive,0.0,0.1577685490684858,0.0,0.0,0.0,0.0
1849,0.15715934895388373,x_positive,0.0,0.15715934895388373,0.0,0.0,0.0,0.0
1850,0.15403494705180698,x_positive,0.0,0.15403494705180698,0.0,0.0,0.0,0.0
1851,0.15345571167974148,x_positive,0.0,0.15345571167974148,0.0,0.0,0.0,0.0
1852,0.14795931450842553,x_positive,0.0,0.14795931450842553,0.0,0.0,0.0,0.0
1853,0.1474659329548399,x_positive,0.0,0.1474659329548399,0.0,0.0,0.0,0.0
1854,0.1398544907776689,x_positive,0.0,0.1398544907776689,0.0,0.0,0.0,0.0
1855,0.13961423544542437,x_positive,0.0,0.13961423544542437,0.0,0.0,0.0,0.0
1856,0.13072673157201753,x_positive,0.0,0.13072673157201753,0.0,0.0,0.0,0.0
1857,0.13179152219367032,x_positive,0.0,0.13179152219367032,0.0,0.0,0.0,0.0
1858,0.12112587082077088,x_positive,0.0,0.12112587082077088,0.0,0.0,0.0,0.0
1859,0.12208108727832824,x_positive,0.0,0.12208108727832824,0.0,0.0,0.0,0.0
1860,0.11071700314142686,x_positive,0.0,0.11071700314142686,0.0,0.0,0.0,0.0
1861,0.11162763347341731,x_positive,0.0,0.11162763347341731,0.0,0.0,0.0,0.0
1862,0.0997323270100595,x_positive,0.0,0.0997323270100595,0.0,0.0,0.0,0.0
1863,0.10070679654957439,x_positive,0.0,0.10070679654957439,0.0,0.0,0.0,0.0
1864,0.08837836846384108,x_positive,0.0,0.08837836846384108,0.0,0.0,0.0,0.0
1865,0.08951988514836012,x_positive,0.0,0.08951988514836012,0.0,0.0,0.0,0.0
1866,0.07681673289470863,x_positive,0.0,0.07681673289470863,0.0,0.0,0.0,0.0
1867,0.07821488635393396,x_positive,0.0,0.07821488635393396,0.0,0.0,0.0,0.0
1868,0.06597440307798377,y_negative,0.0,0.06597440307798377,0.0,0.0,0.0,0.0
1869,0.06773597367379748,y_negative,0.0,0.06773597367379748,0.0,0.0,0.0,0.0
1870,0.059297910639467134,y_negative,0.0,0.059297910639467134,0.0,0.0,0.0,0.0
1871,0.060845586807746446,y_negative,0.0,0.060845586807746446,0.0,0.0,0.0,0.0
1872,0.05905709478505506,y_negative,0.0,0.05905709478505506,0.0,0.0,0.0,0.0
1873,0.05938267450586835,y_negative,0.0,0.05938267450586835,0.0,0.0,0.0,0.0
1874,0.06956054232476776,y_negative,0.0,0.06956054232476776,0.0,0.0,0.0,0.0
1875,0.07241625307716289,y_negative,0.0,0.07241625307716289,0.0,0.0,0.0,0.0
1876,0.08276731992919657,y_negative,0.0,0.08276731992919657,0.0,0.0,0.0,0.0
1877,0.08488184824624831,y_negative,0.0,0.08488184824624831,0.0,0.0,0.0,0.0
1878,0.09741734358046614,y_negative,0.0,0.09741734358046614,0.0,0.0,0.0,0.0
1879,0.09818261177142121,y_negative,0.0,0.09818261177142121,0.0,0.0,0.0,0.0
1880,0.1094197937413555,y_negative,0.0,0.1094197937413555,0.0,0.0,0.0,0.0
1881,0.10984268395530443,y_negative,0.0,0.10984268395530443,0.0,0.0,0.0,0.0
1882,0.11913402494333773,x_negative,0.0,0.11913402494333773,0.0,0.0,0.0,0.0
1883,0.11943660313262985,x_negative,0.0,0.11943660313262985,0.0,0.0,0.0,0.0
1884,0.12699572861891376,x_negative,0.0,0.12699572861891376,0.0,0.0,0.0,0.0
1885,0.1274131877766268,x_negative,0.0,0.1274131877766268,0.0,0.0,0.0,0.0
1886,0.13321031767476144,x_negative,0.0,0.13321031767476144,0.0,0.0,0.0,0.0
1887,0.13397095042144908,x_negative,0.0,0.13397095042144908,0.0,0.0,0.0,0.0
1888,0.13994433118689673,x_negative,0.0,0.13994433118689673,0.0,0.0,0.0,0.0
1889,0.1411602543040816,x_negative,0.0,0.1411602543040816,0.0,0.0,0.0,0.0
1890,0.14986589083447285,x_negative,0.0,0.14986589083447285,0.0,0.0,0.0,0.0
1891,0.1513323367987816,x_negative,0.0,0.1513323367987816,0.0,0.0,0.0,0.0
1892,0.15984427490681852,x_negative,0.0,0.15984427490681852,0.0,0.0,0.0,0.0
1893,0.1614301824123508,x_negative,0.0,0.1614301824123508,0.0,0.0,0.0,0.0
1894,0.16635265642967542,x_negative,0.0,0.16635265642967542,0.0,0.0,0.0,0.0
1895,0.1680329360311996,x_negative,0.0,0.1680329360311996,0.0,0.0,0.0,0.0
1896,0.1683580806171763,x_negative,0.0,0.1683580806171763,0.0,0.0,0.0,0.0
1897,0.16857780600497022,x_negative,0.0,0.16857780600497022,0.0,0.0,0.0,0.0
1898,0.16591595782245197,x_negative,0.0,0.16591595782245197,0.0,0.0,0.0,0.0
1899,0.1663138251194545,x_negative,0.0,0.1663138251194545,0.0,0.0,0.0,0.0
1900,0.15952242184371654,x_negative,0.0,0.15952242184371654,0.0,0.0,0.0,0.0
1901,0.15993127907408,x_negative,0.0,0.15993127907408,0.0,0.0,0.0,0.0
1902,0.14982486660926472,x_negative,0.0,0.14982486660926472,0.0,0.0,0.0,0.0
1903,0.1500595486810103,x_negative,0.0,0.1500595486810103,0.0,0.0,0.0,0.0
1904,0.1370121740770299,x_negative,0.0,0.1370121740770299,0.0,0.0,0.0,0.0
1905,0.13698588108010115,x_negative,0.0,0.13698588108010115,0.0,0.0,0.0,0.0
1906,0.12161013779276535,x_negative,0.0,0.12161013779276535,0.0,0.0,0.0,0.0
1907,0.12142048124741128,x_negative,0.0,0.12142048124741128,0.0,0.0,0.0,0.0
1908,0.10468375855338101,x_negative,0.0,0.10468375855338101,0.0,0.0,0.0,0.0
1909,0.10437903784521034,x_negative,0.0,0.10437903784521034,0.0,0.0,0.0,0.0
1910,0.08712560143013877,x_negative,0.0,0.08712560143013877,0.0,0.0,0.0,0.0
1911,0.08674984140100954,x_negative,0.0,0.08674984140100954,0.0,0.0,0.0,0.0
1912,0.06905150937805092,x_negative,0.0,0.06905150937805092,0.0,0.0,0.0,0.0
1913,0.06865254820577489,x_negative,0.0,0.06865254820577489,0.0,0.0,0.0,0.0
1914,0.0506072229732847,x_negative,0.0,0.0506072229732847,0.0,0.0,0.0,0.0
1915,0.050128120791555104,x_negative,0.0,0.050128120791555104,0.0,0.0,0.0,0.0
1916,0.031264848472182714,x_negative,0.0,0.031264848472182714,0.0,0.0,0.0,0.0
1917,0.030716000584157438,x_negative,0.0,0.030716000584157438,0.0,0.0,0.0,0.0
1918,0.010955377559442233,x_negative,0.0,0.010955377559442233,0.0,0.0,0.0,0.0
1919,0.010503202247361816,x_negative,0.0,0.010503202247361816,0.0,0.0,0.0,0.0
1920,0.013884729551160897,y_positive,0.0,0.013884729551160897,0.0,0.0,0.0,0.0
1921,0.014031613879317112,y_positive,0.0,0.014031613879317112,0.0,0.0,0.0,0.0
1922,0.03156531809756197,x_positive,0.0,0.03156531809756197,0.0,0.0,0.0,0.0
1923,0.0317014494145452,x_positive,0.0,0.0317014494145452,0.0,0.0,0.0,0.0
1924,0.05197778548581146,x_positive,0.0,0.05197778548581146,0.0,0.0,0.0,0.0
1925,0.05221145120692236,x_positive,0.0,0.05221145120692236,0.0,0.0,0.0,0.0
1926,0.07135469264441942,x_positive,0.0,0.07135469264441942,0.0,0.0,0.0,0.0
1927,0.07166778881925347,x_positive,0.0,0.07166778881925347,0.0,0.0,0.0,0.0
1928,0.0895746522297709,x_positive,0.0,0.0895746522297709,0.0,0.0,0.0,0.0
1929,0.08997301587726707,x_positive,0.0,0.08997301587726707,0.0,0.0,0.0,0.0
1930,0.10635604220362554,x_positive,0.0,0.10635604220362554,0.0,0.0,0.0,0.0
1931,0.10681930570338997,x_positive,0.0,0.10681930570338997,0.0,0.0,0.0,0.0
1932,0.12131453152634869,x_positive,0.0,0.12131453152634869,0.0,0.0,0.0,0.0
1933,0.12183173798008161,x_positive,0.0,0.12183173798008161,0.0,0.0,0.0,0.0
1934,0.13403348420656946,x_positive,0.0,0.13403348420656946,0.0,0.0,0.0,0.0
1935,0.13459328272266888,x_positive,0.0,0.13459328272266888,0.0,0.0,0.0,0.0
1936,0.14432658973709964,x_positive,0.0,0.14432658973709964,0.0,0.0,0.0,0.0
1937,0.14488423858493132,x_positive,0.0,0.14488423858493132,0.0,0.0,0.0,0.0
1938,0.1518791529277623,x_positive,0.0,0.1518791529277623,0.0,0.0,0.0,0.0
1939,0.1524612198371793,x_positive,0.0,0.1524612198371793,0.0,0.0,0.0,0.0
1940,0.1562867632066363,x_positive,0.0,0.1562867632066363,0.0,0.0,0.0,0.0
1941,0.1571348250972282,x_positive,0.0,0.1571348250972282,0.0,0.0,0.0,0.0
1942,0.15804367679205877,x_positive,0.0,0.15804367679205877,0.0,0.0,0.0,0.0
1943,0.1588977935481811,x_positive,0.0,0.1588977935481811,0.0,0.0,0.0,0.0
1944,0.15695707345837162,x_positive,0.0,0.15695707345837162,0.0,0.0,0.0,0.0
1945,0.157788281128552,x_positive,0.0,0.157788281128552,0.0,0.0,0.0,0.0
1946,0.1532595781978121,x_positive,0.0,0.1532595781978121,0.0,0.0,0.0,0.0
1947,0.15405102106090782,x_positive,0.0,0.15405102106090782,0.0,0.0,0.0,0.0
1948,0.14720616185722366,x_positive,0.0,0.14720616185722366,0.0,0.0,0.0,0.0
1949,0.14796666799212985,x_positive,0.0,0.14796666799212985,0.0,0.0,0.0,0.0
1950,0.1390940277997575,x_positive,0.0,0.1390940277997575,0.0,0.0,0.0,0.0
1951,0.13984538814030656,x_positive,0.0,0.13984538814030656,0.0,0.0,0.0,0.0
1952,0.12845649798312814,x_positive,0.0,0.12845649798312814,0.0,0.0,0.0,0.0
1953,0.1307001734277447,x_positive,0.0,0.1307001734277447,0.0,0.0,0.0,0.0
1954,0.11937674460750583,x_positive,0.0,0.11937674460750583,0.0,0.0,0.0,0.0
1955,0.12108415799717916,x_positive,0.0,0.12108415799717916,0.0,0.0,0.0,0.0
1956,0.1091756825203585,x_positive,0.0,0.1091756825203585,0.0,0.0,0.0,0.0
1957,0.11066179021065826,x_positive,0.0,0.11066179021065826,0.0,0.0,0.0,0.0
1958,0.09840181472254718,x_positive,0.0,0.09840181472254718,0.0,0.0,0.0,0.0
1959,0.09966867792679766,x_positive,0.0,0.09966867792679766,0.0,0.0,0.0,0.0
1960,0.08723226371702221,x_positive,0.0,0.08723226371702221,0.0,0.0,0.0,0.0
1961,0.08830955328888716,x_positive,0.0,0.08830955328888716,0.0,0.0,0.0,0.0
1962,0.07582221634071618,x_positive,0.0,0.07582221634071618,0.0,0.0,0.0,0.0
1963,0.07674809680882813,x_positive,0.0,0.07674809680882813,0.0,0.0,0.0,0.0
1964,0.06511570588810825,y_negative,0.0,0.06511570588810825,0.0,0.0,0.0,0.0
1965,0.06590781008334307,y_negative,0.0,0.06590781008334307,0.0,0.0,0.0,0.0
1966,0.05858881402356796,y_negative,0.0,0.05858881402356796,0.0,0.0,0.0,0.0
1967,0.05923750418120533,y_negative,0.0,0.05923750418120533,0.0,0.0,0.0,0.0
1968,0.05840778855687833,y_negative,0.0,0.05840778855687833,0.0,0.0,0.0,0.0
1969,0.05900695224659222,y_negative,0.0,0.05900695224659222,0.0,0.0,0.0,0.0
1970,0.06836693273001193,y_negative,0.0,0.06836693273001193,0.0,0.0,0.0,0.0
1971,0.06951556828979666,y_negative,0.0,0.06951556828979666,0.0,0.0,0.0,0.0
1972,0.08152383573969849,y_negative,0.0,0.08152383573969849,0.0,0.0,0.0,0.0
1973,0.08272339662462402,y_negative,0.0,0.08272339662462402,0.0,0.0,0.0,0.0
1974,0.09705616324196249,y_negative,0.0,0.09705616324196249,0.0,0.0,0.0,0.0
1975,0.09737513469837551,y_negative,0.0,0.09737513469837551,0.0,0.0,0.0,0.0
1976,0.10889052271200911,y_negative,0.0,0.10889052271200911,0.0,0.0,0.0,0.0
1977,0.10938304732447024,y_negative,0.0,0.10938304732447024,0.0,0.0,0.0,0.0
1978,0.11841053149748111,x_negative,0.0,0.11841053149748111,0.0,0.0,0.0,0.0
1979,0.11910741179670009,x_negative,0.0,0.11910741179670009,0.0,0.0,0.0,0.0
1980,0.12605162214014437,x_negative,0.0,0.12605162214014437,0.0,0.0,0.0,0.0
1981,0.1269808521690442,x_negative,0.0,0.1269808521690442,0.0,0.0,0.0,0.0
1982,0.13196525892525157,x_negative,0.0,0.13196525892525157,0.0,0.0,0.0,0.0
1983,0.13320534087300118,x_negative,0.0,0.13320534087300118,0.0,0.0,0.0,0.0
1984,0.13830655718761836,x_negative,0.0,0.13830655718761836,0.0,0.0,0.0,0.0
1985,0.1399447553236019,x_negative,0.0,0.1399447553236019,0.0,0.0,0.0,0.0
1986,0.14780458491781956,x_negative,0.0,0.14780458491781956,0.0,0.0,0.0,0.0
1987,0.14986627713156356,x_negative,0.0,0.14986627713156356,0.0,0.0,0.0,0.0
1988,0.1575774413012652,x_negative,0.0,0.1575774413012652,0.0,0.0,0.0,0.0
1989,0.15984540239282446,x_negative,0.0,0.15984540239282446,0.0,0.0,0.0,0.0
1990,0.16408016028992337,x_negative,0.0,0.16408016028992337,0.0,0.0,0.0,0.0
1991,0.1663564623695836,x_negative,0.0,0.1663564623695836,0.0,0.0,0.0,0.0
1992,0.16752526667077397,x_negative,0.0,0.16752526667077397,0.0,0.0,0.0,0.0
1993,0.16836099404858806,x_negative,0.0,0.16836099404858806,0.0,0.0,0.0,0.0
1994,0.16511098987281825,x_negative,0.0,0.16511098987281825,0.0,0.0,0.0,0.0
1995,0.1659127167809589,x_negative,0.0,0.1659127167809589,0.0,0.0,0.0,0.0
1996,0.15865640008029916,x_negative,0.0,0.15865640008029916,0.0,0.0,0.0,0.0
1997,0.15951595701600318,x_negative,0.0,0.15951595701600318,0.0,0.0,0.0,0.0
1998,0.1490610836438673,x_negative,0.0,0.1490610836438673,0.0,0.0,0.0,0.0
1999,0.1498185479228609,x_negative,0.0,0.1498185479228609,0.0,0.0,0.0,0.0
2000,0.13643069820610967,x_negative,0.0,0.13643069820610967,0.0,0.0,0.0,0.0
2001,0.13700481632301303,x_negative,0.0,0.13700481632301303,0.0,0.0,0.0,0.0
2002,0.12109977747820008,x_negative,0.0,0.12109977747820008,0.0,0.0,0.0,0.0
2003,0.12160677876642201,x_negative,0.0,0.12160677876642201,0.0,0.0,0.0,0.0
2004,0.10423628194147547,x_negative,0.0,0.10423628194147547,0.0,0.0,0.0,0.0
2005,0.10468340658959123,x_negative,0.0,0.10468340658959123,0.0,0.0,0.0,0.0
2006,0.08673592674075223,x_negative,0.0,0.08673592674075223,0.0,0.0,0.0,0.0
2007,0.087125977826488,x_negative,0.0,0.087125977826488,0.0,0.0,0.0,0.0
2008,0.06868128975269647,x_negative,0.0,0.06868128975269647,0.0,0.0,0.0,0.0
2009,0.06905342227531229,x_negative,0.0,0.06905342227531229,0.0,0.0,0.0,0.0
2010,0.050341651563266594,x_negative,0.0,0.050341651563266594,0.0,0.0,0.0,0.0
2011,0.05060888151101152,x_negative,0.0,0.05060888151101152,0.0,0.0,0.0,0.0
2012,0.03112918691719075,x_negative,0.0,0.03112918691719075,0.0,0.0,0.0,0.0
2013,0.03126546778937893,x_negative,0.0,0.03126546778937893,0.0,0.0,0.0,0.0
2014,0.010857202677162574,x_negative,0.0,0.010857202677162574,0.0,0.0,0.0,0.0
2015,0.010955952458961929,x_negative,0.0,0.010955952458961929,0.0,0.0,0.0,0.0
2016,0.013772259160627746,y_positive,0.0,0.013772259160627746,0.0,0.0,0.0,0.0
2017,0.013884900184991625,y_positive,0.0,0.013884900184991625,0.0,0.0,0.0,0.0
2018,0.031216941176767547,x_positive,0.0,0.031216941176767547,0.0,0.0,0.0,0.0
2019,0.03156684065164756,x_positive,0.0,0.03156684065164756,0.0,0.0,0.0,0.0
2020,0.05141545456221543,x_positive,0.0,0.05141545456221543,0.0,0.0,0.0,0.0
2021,0.051980947651625635,x_positive,0.0,0.051980947651625635,0.0,0.0,0.0,0.0
2022,0.07059134471713885,x_positive,0.0,0.07059134471713885,0.0,0.0,0.0,0.0
2023,0.0713595167004511,x_positive,0.0,0.0713595167004511,0.0,0.0,0.0,0.0
2024,0.08861331905045132,x_positive,0.0,0.08861331905045132,0.0,0.0,0.0,0.0
2025,0.0895823866409496,x_positive,0.0,0.0895823866409496,0.0,0.0,0.0,0.0
2026,0.10523548676162785,x_positive,0.0,0.10523548676162785,0.0,0.0,0.0,0.0
2027,0.10636558698766203,x_positive,0.0,0.10636558698766203,0.0,0.0,0.0,0.0
2028,0.12003966040289696,x_positive,0.0,0.12003966040289696,0.0,0.0,0.0,0.0
2029,0.12132882129769956,x_positive,0.0,0.12132882129769956,0.0,0.0,0.0,0.0
2030,0.13266576698863106,x_positive,0.0,0.13266576698863106,0.0,0.0,0.0,0.0
2031,0.1340489028599605,x_positive,0.0,0.1340489028599605,0.0,0.0,0.0,0.0
2032,0.14291397570872047,x_positive,0.0,0.14291397570872047,0.0,0.0,0.0,0.0
2033,0.14434370251943252,x_positive,0.0,0.14434370251943252,0.0,0.0,0.0,0.0
2034,0.15042644873902447,x_positive,0.0,0.15042644873902447,0.0,0.0,0.0,0.0
2035,0.1518982666131815,x_positive,0.0,0.1518982666131815,0.0,0.0,0.0,0.0
2036,0.15435089448364486,x_positive,0.0,0.15435089448364486,0.0,0.0,0.0,0.0
2037,0.15630445520512048,x_positive,0.0,0.15630445520512048,0.0,0.0,0.0,0.0
2038,0.15611451392931774,x_positive,0.0,0.15611451392931774,0.0,0.0,0.0,0.0
2039,0.15806234206382577,x_positive,0.0,0.15806234206382577,0.0,0.0,0.0,0.0
2040,0.15506114652460387,x_positive,0.0,0.15506114652460387,0.0,0.0,0.0,0.0
2041,0.15697452614569804,x_positive,0.0,0.15697452614569804,0.0,0.0,0.0,0.0
2042,0.15143449469082976,x_positive,0.0,0.15143449469082976,0.0,0.0,0.0,0.0
2043,0.1532741663402828,x_positive,0.0,0.1532741663402828,0.0,0.0,0.0,0.0
2044,0.1455183197606132,x_positive,0.0,0.1455183197606132,0.0,0.0,0.0,0.0
2045,0.14721997935197215,x_positive,0.0,0.14721997935197215,0.0,0.0,0.0,0.0
2046,0.1377359735420705,x_positive,0.0,0.1377359735420705,0.0,0.0,0.0,0.0
2047,0.13910615049181715,x_positive,0.0,0.13910615049181715,0.0,0.0,0.0,0.0
2048,0.1268405553086232,x_positive,0.0,0.1268405553086232,0.0,0.0,0.0,0.0
2049,0.1284627131076526,x_positive,0.0,0.1284627131076526,0.0,0.0,0.0,0.0
2050,0.11828413266389311,x_positive,0.0,0.11828413266389311,0.0,0.0,0.0,0.0
2051,0.11937854606856842,x_positive,0.0,0.11937854606856842,0.0,0.0,0.0,0.0
2052,0.10808949001293341,x_positive,0.0,0.10808949001293341,0.0,0.0,0.0,0.0
2053,0.10917346275038924,x_positive,0.0,0.10917346275038924,0.0,0.0,0.0,0.0
2054,0.09743254481260091,x_positive,0.0,0.09743254481260091,0.0,0.0,0.0,0.0
2055,0.09839531580017308,x_positive,0.0,0.09839531580017308,0.0,0.0,0.0,0.0
2056,0.0863895054305107,x_positive,0.0,0.0863895054305107,0.0,0.0,0.0,0.0
2057,0.08722309893805467,x_positive,0.0,0.08722309893805467,0.0,0.0,0.0,0.0
2058,0.07514390642449748,x_positive,0.0,0.07514390642449748,0.0,0.0,0.0,0.0
2059,0.07581148475352763,x_positive,0.0,0.07581148475352763,0.0,0.0,0.0,0.0
2060,0.06462707186668476,y_negative,0.0,0.06462707186668476,0.0,0.0,0.0,0.0
2061,0.06510516968752555,y_negative,0.0,0.06510516968752555,0.0,0.0,0.0,0.0
2062,0.05835928333841311,y_negative,0.0,0.05835928333841311,0.0,0.0,0.0,0.0
2063,0.05857880076797183,y_negative,0.0,0.05857880076797183,0.0,0.0,0.0,0.0
2064,0.05827466935734383,y_negative,0.0,0.05827466935734383,0.0,0.0,0.0,0.0
2065,0.058399001066969505,y_negative,0.0,0.058399001066969505,0.0,0.0,0.0,0.0
2066,0.06741186510091435,y_negative,0.0,0.06741186510091435,0.0,0.0,0.0,0.0
2067,0.0683557459207627,y_negative,0.0,0.0683557459207627,0.0,0.0,0.0,0.0
2068,0.08047901753230027,y_negative,0.0,0.08047901753230027,0.0,0.0,0.0,0.0
2069,0.08151107392083357,y_negative,0.0,0.08151107392083357,0.0,0.0,0.0,0.0
2070,0.09618837980488977,y_negative,0.0,0.09618837980488977,0.0,0.0,0.0,0.0
2071,0.09704184028725381,y_negative,0.0,0.09704184028725381,0.0,0.0,0.0,0.0
2072,0.1078557498594059,y_negative,0.0,0.1078557498594059,0.0,0.0,0.0,0.0
2073,0.10887693139346723,y_negative,0.0,0.10887693139346723,0.0,0.0,0.0,0.0
2074,0.11725167787004688,x_negative,0.0,0.11725167787004688,0.0,0.0,0.0,0.0
2075,0.11839513845624389,x_negative,0.0,0.11839513845624389,0.0,0.0,0.0,0.0
2076,0.12478948849972823,x_negative,0.0,0.12478948849972823,0.0,0.0,0.0,0.0
2077,0.1260363525907447,x_negative,0.0,0.1260363525907447,0.0,0.0,0.0,0.0
2078,0.13063817497437402,x_negative,0.0,0.13063817497437402,0.0,0.0,0.0,0.0
2079,0.1319506110190624,x_negative,0.0,0.1319506110190624,0.0,0.0,0.0,0.0
2080,0.13690942805251205,x_negative,0.0,0.13690942805251205,0.0,0.0,0.0,0.0
2081,0.13829352771509404,x_negative,0.0,0.13829352771509404,0.0,0.0,0.0,0.0
2082,0.14634600505990775,x_negative,0.0,0.14634600505990775,0.0,0.0,0.0,0.0
2083,0.14779406350155444,x_negative,0.0,0.14779406350155444,0.0,0.0,0.0,0.0
2084,0.15605298647838522,x_negative,0.0,0.15605298647838522,0.0,0.0,0.0,0.0
2085,0.15756740260790258,x_negative,0.0,0.15756740260790258,0.0,0.0,0.0,0.0
2086,0.16252778913102145,x_negative,0.0,0.16252778913102145,0.0,0.0,0.0,0.0
2087,0.16406947586476206,x_negative,0.0,0.16406947586476206,0.0,0.0,0.0,0.0
2088,0.16554954136353292,x_negative,0.0,0.16554954136353292,0.0,0.0,0.0,0.0
2089,0.16751938129754568,x_negative,0.0,0.16751938129754568,0.0,0.0,0.0,0.0
2090,0.16340238334803187,x_negative,0.0,0.16340238334803187,0.0,0.0,0.0,0.0
2091,0.16511089046386487,x_negative,0.0,0.16511089046386487,0.0,0.0,0.0,0.0
2092,0.15699831842766418,x_negative,0.0,0.15699831842766418,0.0,0.0,0.0,0.0
2093,0.15865761304572637,x_negative,0.0,0.15865761304572637,0.0,0.0,0.0,0.0
2094,0.14750133903176288,x_negative,0.0,0.14750133903176288,0.0,0.0,0.0,0.0
2095,0.14906769114603183,x_negative,0.0,0.14906769114603183,0.0,0.0,0.0,0.0
2096,0.13501229917938098,x_negative,0.0,0.13501229917938098,0.0,0.0,0.0,0.0
2097,0.13644057502343374,x_negative,0.0,0.13644057502343374,0.0,0.0,0.0,0.0
2098,0.11983875897456056,x_negative,0.0,0.11983875897456056,0.0,0.0,0.0,0.0
2099,0.12110896415685918,x_negative,0.0,0.12110896415685918,0.0,0.0,0.0,0.0
2100,0.10313801590911807,x_negative,0.0,0.10313801590911807,0.0,0.0,0.0,0.0
2101,0.10424451356639441,x_negative,0.0,0.10424451356639441,0.0,0.0,0.0,0.0
2102,0.08580002974888531,x_negative,0.0,0.08580002974888531,0.0,0.0,0.0,0.0
2103,0.08674180282056174,x_negative,0.0,0.08674180282056174,0.0,0.0,0.0,0.0
2104,0.06793405988956629,x_negative,0.0,0.06793405988956629,0.0,0.0,0.0,0.0
2105,0.06868461620982753,x_negative,0.0,0.06868461620982753,0.0,0.0,0.0,0.0
2106,0.049792380160770595,x_negative,0.0,0.049792380160770595,0.0,0.0,0.0,0.0
2107,0.050341720610517435,x_negative,0.0,0.050341720610517435,0.0,0.0,0.0,0.0
2108,0.030782475553791794,x_negative,0.0,0.030782475553791794,0.0,0.0,0.0,0.0
2109,0.031128790159463952,x_negative,0.0,0.031128790159463952,0.0,0.0,0.0,0.0
2110,0.01075359410030203,x_negative,0.0,0.01075359410030203,0.0,0.0,0.0,0.0
2111,0.010860770457821339,x_negative,0.0,0.010860770457821339,0.0,0.0,0.0,0.0
2112,0.013639336635996046,y_positive,0.0,0.013639336635996046,0.0,0.0,0.0,0.0
2113,0.013771953400856992,y_positive,0.0,0.013771953400856992,0.0,0.0,0.0,0.0
2114,0.03078627184256463,x_positive,0.0,0.03078627184256463,0.0,0.0,0.0,0.0
2115,0.03121766814417745,x_positive,0.0,0.03121766814417745,0.0,0.0,0.0,0.0
2116,0.050708469666270274,x_positive,0.0,0.050708469666270274,0.0,0.0,0.0,0.0
2117,0.05141772723075101,x_positive,0.0,0.05141772723075101,0.0,0.0,0.0,0.0
2118,0.06961402819769044,x_positive,0.0,0.06961402819769044,0.0,0.0,0.0,0.0
2119,0.07059589190179223,x_positive,0.0,0.07059589190179223,0.0,0.0,0.0,0.0
2120,0.08739358774678586,x_positive,0.0,0.08739358774678586,0.0,0.0,0.0,0.0
2121,0.0886198332747282,x_positive,0.0,0.0886198332747282,0.0,0.0,0.0,0.0
2122,0.10377763226365001,x_positive,0.0,0.10377763226365001,0.0,0.0,0.0,0.0
2123,0.1052444977875825,x_positive,0.0,0.1052444977875825,0.0,0.0,0.0,0.0
2124,0.11839465043945774,x_positive,0.0,0.11839465043945774,0.0,0.0,0.0,0.0
2125,0.12005018168041927,x_positive,0.0,0.12005018168041927,0.0,0.0,0.0,0.0
2126,0.13084818216013225,x_positive,0.0,0.13084818216013225,0.0,0.0,0.0,0.0
2127,0.1326798180300779,x_positive,0.0,0.1326798180300779,0.0,0.0,0.0,0.0
2128,0.14096745354242673,x_positive,0.0,0.14096745354242673,0.0,0.0,0.0,0.0
2129,0.14293154841995026,x_positive,0.0,0.14293154841995026,0.0,0.0,0.0,0.0
2130,0.14837492872153096,x_positive,0.0,0.14837492872153096,0.0,0.0,0.0,0.0
2131,0.15044608581583566,x_positive,0.0,0.15044608581583566,0.0,0.0,0.0,0.0
2132,0.15217549305297956,x_positive,0.0,0.15217549305297956,0.0,0.0,0.0,0.0
2133,0.15437050501121286,x_positive,0.0,0.15437050501121286,0.0,0.0,0.0,0.0
2134,0.15391318743340576,x_positive,0.0,0.15391318743340576,0.0,0.0,0.0,0.0
2135,0.15613329049937408,x_positive,0.0,0.15613329049937408,0.0,0.0,0.0,0.0
2136,0.15288134266841402,x_positive,0.0,0.15288134266841402,0.0,0.0,0.0,0.0
2137,0.15508039476034133,x_positive,0.0,0.15508039476034133,0.0,0.0,0.0,0.0
2138,0.14931698233139906,x_positive,0.0,0.14931698233139906,0.0,0.0,0.0,0.0
2139,0.1514525032161857,x_positive,0.0,0.1514525032161857,0.0,0.0,0.0,0.0
2140,0.1435086334988148,x_positive,0.0,0.1435086334988148,0.0,0.0,0.0,0.0
2141,0.1455334009007612,x_positive,0.0,0.1455334009007612,0.0,0.0,0.0,0.0
2142,0.13596513126300663,x_positive,0.0,0.13596513126300663,0.0,0.0,0.0,0.0
2143,0.13774958285598463,x_positive,0.0,0.13774958285598463,0.0,0.0,0.0,0.0
2144,0.12578470934453853,x_positive,0.0,0.12578470934453853,0.0,0.0,0.0,0.0
2145,0.12684994853075998,x_positive,0.0,0.12684994853075998,0.0,0.0,0.0,0.0
2146,0.11732446589972137,x_positive,0.0,0.11732446589972137,0.0,0.0,0.0,0.0
2147,0.11828941755515622,x_positive,0.0,0.11828941755515622,0.0,0.0,0.0,0.0
2148,0.10714543403348187,x_positive,0.0,0.10714543403348187,0.0,0.0,0.0,0.0
2149,0.10809244563965027,x_positive,0.0,0.10809244563965027,0.0,0.0,0.0,0.0
2150,0.09653822971968208,x_positive,0.0,0.09653822971968208,0.0,0.0,0.0,0.0
2151,0.0974336654622995,x_positive,0.0,0.0974336654622995,0.0,0.0,0.0,0.0
2152,0.0855950074057442,x_positive,0.0,0.0855950074057442,0.0,0.0,0.0,0.0
2153,0.0863875666681695,x_positive,0.0,0.0863875666681695,0.0,0.0,0.0,0.0
2154,0.07446943572678695,x_positive,0.0,0.07446943572678695,0.0,0.0,0.0,0.0
2155,0.075140634603197,x_positive,0.0,0.075140634603197,0.0,0.0,0.0,0.0
2156,0.06409863910195042,y_negative,0.0,0.06409863910195042,0.0,0.0,0.0,0.0
2157,0.06462279600302573,y_negative,0.0,0.06462279600302573,0.0,0.0,0.0,0.0
2158,0.057952539815091575,y_negative,0.0,0.057952539815091575,0.0,0.0,0.0,0.0
2159,0.058354541475621025,y_negative,0.0,0.058354541475621025,0.0,0.0,0.0,0.0
2160,0.05789412887126918,y_negative,0.0,0.05789412887126918,0.0,0.0,0.0,0.0
2161,0.05827015201811308,y_negative,0.0,0.05827015201811308,0.0,0.0,0.0,0.0
2162,0.0667873717207218,y_negative,0.0,0.0667873717207218,0.0,0.0,0.0,0.0
2163,0.06740690836525227,y_negative,0.0,0.06740690836525227,0.0,0.0,0.0,0.0
2164,0.07970062402839108,y_negative,0.0,0.07970062402839108,0.0,0.0,0.0,0.0
2165,0.08047144385497179,y_negative,0.0,0.08047144385497179,0.0,0.0,0.0,0.0
2166,0.09490342564839838,y_negative,0.0,0.09490342564839838,0.0,0.0,0.0,0.0
2167,0.09617708174550452,y_negative,0.0,0.09617708174550452,0.0,0.0,0.0,0.0
2168,0.10645142270307639,y_negative,0.0,0.10645142270307639,0.0,0.0,0.0,0.0
2169,0.10784243126582208,y_negative,0.0,0.10784243126582208,0.0,0.0,0.0,0.0
2170,0.11578671179670214,x_negative,0.0,0.11578671179670214,0.0,0.0,0.0,0.0
2171,0.11723812756853405,x_negative,0.0,0.11723812756853405,0.0,0.0,0.0,0.0
2172,0.12331283750572442,x_negative,0.0,0.12331283750572442,0.0,0.0,0.0,0.0
2173,0.12477578970508461,x_negative,0.0,0.12477578970508461,0.0,0.0,0.0,0.0
2174,0.12921147133081465,x_negative,0.0,0.12921147133081465,0.0,0.0,0.0,0.0
2175,0.13062510026269974,x_negative,0.0,0.13062510026269974,0.0,0.0,0.0,0.0
2176,0.1355896005254795,x_negative,0.0,0.1355896005254795,0.0,0.0,0.0,0.0
2177,0.13689894803936775,x_negative,0.0,0.13689894803936775,0.0,0.0,0.0,0.0
2178,0.1450957803062724,x_negative,0.0,0.1450957803062724,0.0,0.0,0.0,0.0
2179,0.14633637865300841,x_negative,0.0,0.14633637865300841,0.0,0.0,0.0,0.0
2180,0.15476826673224675,x_negative,0.0,0.15476826673224675,0.0,0.0,0.0,0.0
2181,0.15605081404817955,x_negative,0.0,0.15605081404817955,0.0,0.0,0.0,0.0
2182,0.16116205626011587,x_negative,0.0,0.16116205626011587,0.0,0.0,0.0,0.0
2183,0.16252369718566384,x_negative,0.0,0.16252369718566384,0.0,0.0,0.0,0.0
2184,0.1632364488699206,x_negative,0.0,0.1632364488699206,0.0,0.0,0.0,0.0
2185,0.1655437411909897,x_negative,0.0,0.1655437411909897,0.0,0.0,0.0,0.0
2186,0.16123596124899525,x_negative,0.0,0.16123596124899525,0.0,0.0,0.0,0.0
2187,0.1633968579302823,x_negative,0.0,0.1633968579302823,0.0,0.0,0.0,0.0
2188,0.15495417184189325,x_negative,0.0,0.15495417184189325,0.0,0.0,0.0,0.0
2189,0.15699768646654838,x_negative,0.0,0.15699768646654838,0.0,0.0,0.0,0.0
2190,0.14555926115254753,x_negative,0.0,0.14555926115254753,0.0,0.0,0.0,0.0
2191,0.14750286325666184,x_negative,0.0,0.14750286325666184,0.0,0.0,0.0,0.0
2192,0.1331757723695485,x_negative,0.0,0.1331757723695485,0.0,0.0,0.0,0.0
2193,0.13501811147855966,x_negative,0.0,0.13501811147855966,0.0,0.0,0.0,0.0
2194,0.11821253468734272,x_negative,0.0,0.11821253468734272,0.0,0.0,0.0,0.0
2195,0.11984436453000624,x_negative,0.0,0.11984436453000624,0.0,0.0,0.0,0.0
2196,0.10173394066982369,x_negative,0.0,0.10173394066982369,0.0,0.0,0.0,0.0
2197,0.10314126095593351,x_negative,0.0,0.10314126095593351,0.0,0.0,0.0,0.0
2198,0.08463359214624158,x_negative,0.0,0.08463359214624158,0.0,0.0,0.0,0.0
2199,0.08580151099000456,x_negative,0.0,0.08580151099000456,0.0,0.0,0.0,0.0
2200,0.06702681244130203,x_negative,0.0,0.06702681244130203,0.0,0.0,0.0,0.0
2201,0.0679342530650638,x_negative,0.0,0.0679342530650638,0.0,0.0,0.0,0.0
2202,0.04911736173950831,x_negative,0.0,0.04911736173950831,0.0,0.0,0.0,0.0
2203,0.04979131969530552,x_negative,0.0,0.04979131969530552,0.0,0.0,0.0,0.0
2204,0.030360867214222986,x_negative,0.0,0.030360867214222986,0.0,0.0,0.0,0.0
2205,0.030781714869081413,x_negative,0.0,0.030781714869081413,0.0,0.0,0.0,0.0
2206,0.010640159939129184,x_negative,0.0,0.010640159939129184,0.0,0.0,0.0,0.0
2207,0.01075569997262411,x_negative,0.0,0.01075569997262411,0.0,0.0,0.0,0.0
2208,0.013445676164072632,y_positive,0.0,0.013445676164072632,0.0,0.0,0.0,0.0
2209,0.013639141698557188,y_positive,0.0,0.013639141698557188,0.0,0.0,0.0,0.0
2210,0.03038456561654532,x_positive,0.0,0.03038456561654532,0.0,0.0,0.0,0.0
2211,0.030784932094921526,x_positive,0.0,0.030784932094921526,0.0,0.0,0.0,0.0
2212,0.05002748674520053,x_positive,0.0,0.05002748674520053,0.0,0.0,0.0,0.0
2213,0.050707482374326596,x_positive,0.0,0.050707482374326596,0.0,0.0,0.0,0.0
2214,0.06867740397984277,x_positive,0.0,0.06867740397984277,0.0,0.0,0.0,0.0
2215,0.06961413077010627,x_positive,0.0,0.06961413077010627,0.0,0.0,0.0,0.0
2216,0.08620932026591122,x_positive,0.0,0.08620932026591122,0.0,0.0,0.0,0.0
2217,0.08739590669947332,x_positive,0.0,0.08739590669947332,0.0,0.0,0.0,0.0
2218,0.1023579856388148,x_positive,0.0,0.1023579856388148,0.0,0.0,0.0,0.0
2219,0.10378367254504156,x_positive,0.0,0.10378367254504156,0.0,0.0,0.0,0.0
2220,0.11672944334439661,x_positive,0.0,0.11672944334439661,0.0,0.0,0.0,0.0
2221,0.1184031189484321,x_positive,0.0,0.1184031189484321,0.0,0.0,0.0,0.0
2222,0.12896395286839005,x_positive,0.0,0.12896395286839005,0.0,0.0,0.0,0.0
2223,0.13085928406327257,x_positive,0.0,0.13085928406327257,0.0,0.0,0.0,0.0
2224,0.1388241309524976,x_positive,0.0,0.1388241309524976,0.0,0.0,0.0,0.0
2225,0.14098091629752058,x_positive,0.0,0.14098091629752058,0.0,0.0,0.0,0.0
2226,0.14608432185173648,x_positive,0.0,0.14608432185173648,0.0,0.0,0.0,0.0
2227,0.14839415055955302,x_positive,0.0,0.14839415055955302,0.0,0.0,0.0,0.0
2228,0.15056423895543294,x_positive,0.0,0.15056423895543294,0.0,0.0,0.0,0.0
2229,0.15219914883900995,x_positive,0.0,0.15219914883900995,0.0,0.0,0.0,0.0
2230,0.15225443966327404,x_positive,0.0,0.15225443966327404,0.0,0.0,0.0,0.0
2231,0.15393666488690505,x_positive,0.0,0.15393666488690505,0.0,0.0,0.0,0.0
2232,0.15118755470347944,x_positive,0.0,0.15118755470347944,0.0,0.0,0.0,0.0
2233,0.1529017973441805,x_positive,0.0,0.1529017973441805,0.0,0.0,0.0,0.0
2234,0.14761113157273462,x_positive,0.0,0.14761113157273462,0.0,0.0,0.0,0.0
2235,0.14933487553522476,x_positive,0.0,0.14933487553522476,0.0,0.0,0.0,0.0
2236,0.14178312340618351,x_positive,0.0,0.14178312340618351,0.0,0.0,0.0,0.0
2237,0.14352266492303564,x_positive,0.0,0.14352266492303564,0.0,0.0,0.0,0.0
2238,0.13400687358610663,x_positive,0.0,0.13400687358610663,0.0,0.0,0.0,0.0
2239,0.13597751827976293,x_positive,0.0,0.13597751827976293,0.0,0.0,0.0,0.0
2240,0.12524924742842572,x_positive,0.0,0.12524924742842572,0.0,0.0,0.0,0.0
2241,0.12579660810564774,x_positive,0.0,0.12579660810564774,0.0,0.0,0.0,0.0
2242,0.11602864352311093,x_positive,0.0,0.11602864352311093,0.0,0.0,0.0,0.0
2243,0.11733454711266579,x_positive,0.0,0.11733454711266579,0.0,0.0,0.0,0.0
2244,0.10604543078209652,x_positive,0.0,0.10604543078209652,0.0,0.0,0.0,0.0
2245,0.10715182708460602,x_positive,0.0,0.10715182708460602,0.0,0.0,0.0,0.0
2246,0.09551369480485268,x_positive,0.0,0.09551369480485268,0.0,0.0,0.0,0.0
2247,0.09654360957456679,x_positive,0.0,0.09654360957456679,0.0,0.0,0.0,0.0
2248,0.08462311944502353,x_positive,0.0,0.08462311944502353,0.0,0.0,0.0,0.0
2249,0.08559937140971773,x_positive,0.0,0.08559937140971773,0.0,0.0,0.0,0.0
2250,0.07354732440442126,x_positive,0.0,0.07354732440442126,0.0,0.0,0.0,0.0
2251,0.0744719465833187,x_positive,0.0,0.0744719465833187,0.0,0.0,0.0,0.0
2252,0.06315496289461364,y_negative,0.0,0.06315496289461364,0.0,0.0,0.0,0.0
2253,0.06409944285420734,y_negative,0.0,0.06409944285420734,0.0,0.0,0.0,0.0
2254,0.056763410033877464,y_negative,0.0,0.056763410033877464,0.0,0.0,0.0,0.0
2255,0.05795222858262878,y_negative,0.0,0.05795222858262878,0.0,0.0,0.0,0.0
2256,0.05654466288800599,y_negative,0.0,0.05654466288800599,0.0,0.0,0.0,0.0
2257,0.05789233918358994,y_negative,0.0,0.05789233918358994,0.0,0.0,0.0,0.0
2258,0.06661724773510785,y_negative,0.0,0.06661724773510785,0.0,0.0,0.0,0.0
2259,0.06678482094279456,y_negative,0.0,0.06678482094279456,0.0,0.0,0.0,0.0
2260,0.07927734580732897,y_negative,0.0,0.07927734580732897,0.0,0.0,0.0,0.0
2261,0.07969559980280559,y_negative,0.0,0.07969559980280559,0.0,0.0,0.0,0.0
2262,0.09332325765895953,y_negative,0.0,0.09332325765895953,0.0,0.0,0.0,0.0
2263,0.09489611390809348,y_negative,0.0,0.09489611390809348,0.0,0.0,0.0,0.0
2264,0.10483400866828613,y_negative,0.0,0.10483400866828613,0.0,0.0,0.0,0.0
2265,0.10644121557766707,y_negative,0.0,0.10644121557766707,0.0,0.0,0.0,0.0
2266,0.11415639361332697,x_negative,0.0,0.11415639361332697,0.0,0.0,0.0,0.0
2267,0.11577475042392159,x_negative,0.0,0.11577475042392159,0.0,0.0,0.0,0.0
2268,0.12171120657597399,x_negative,0.0,0.12171120657597399,0.0,0.0,0.0,0.0
2269,0.12330082607255638,x_negative,0.0,0.12330082607255638,0.0,0.0,0.0,0.0
2270,0.12767529998638222,x_negative,0.0,0.12767529998638222,0.0,0.0,0.0,0.0
2271,0.12919849119120513,x_negative,0.0,0.12919849119120513,0.0,0.0,0.0,0.0
2272,0.13413044815157793,x_negative,0.0,0.13413044815157793,0.0,0.0,0.0,0.0
2273,0.135577587312536,x_negative,0.0,0.135577587312536,0.0,0.0,0.0,0.0
2274,0.14364299309790388,x_negative,0.0,0.14364299309790388,0.0,0.0,0.0,0.0
2275,0.14508544866355272,x_negative,0.0,0.14508544866355272,0.0,0.0,0.0,0.0
2276,0.1532097231962432,x_negative,0.0,0.1532097231962432,0.0,0.0,0.0,0.0
2277,0.15476138800180997,x_negative,0.0,0.15476138800180997,0.0,0.0,0.0,0.0
2278,0.15944502274900768,x_negative,0.0,0.15944502274900768,0.0,0.0,0.0,0.0
2279,0.16115626533474003,x_negative,0.0,0.16115626533474003,0.0,0.0,0.0,0.0
2280,0.16136464162339645,x_negative,0.0,0.16136464162339645,0.0,0.0,0.0,0.0
2281,0.16322736741111432,x_negative,0.0,0.16322736741111432,0.0,0.0,0.0,0.0
2282,0.1590326685024001,x_negative,0.0,0.1590326685024001,0.0,0.0,0.0,0.0
2283,0.1612224388845062,x_negative,0.0,0.1612224388845062,0.0,0.0,0.0,0.0
2284,0.15290614846036446,x_negative,0.0,0.15290614846036446,0.0,0.0,0.0,0.0
2285,0.15493687916526358,x_negative,0.0,0.15493687916526358,0.0,0.0,0.0,0.0
2286,0.14361180598773196,x_negative,0.0,0.14361180598773196,0.0,0.0,0.0,0.0
2287,0.14554022025330993,x_negative,0.0,0.14554022025330993,0.0,0.0,0.0,0.0
2288,0.13133253244565504,x_negative,0.0,0.13133253244565504,0.0,0.0,0.0,0.0
2289,0.13315603894956232,x_negative,0.0,0.13315603894956232,0.0,0.0,0.0,0.0
2290,0.11657429804044085,x_negative,0.0,0.11657429804044085,0.0,0.0,0.0,0.0
2291,0.11819320488465744,x_negative,0.0,0.11819320488465744,0.0,0.0,0.0,0.0
2292,0.10034619720207123,x_negative,0.0,0.10034619720207123,0.0,0.0,0.0,0.0
2293,0.101715871594378,x_negative,0.0,0.101715871594378,0.0,0.0,0.0,0.0
2294,0.08351098075317155,x_negative,0.0,0.08351098075317155,0.0,0.0,0.0,0.0
2295,0.08461920808555932,x_negative,0.0,0.08461920808555932,0.0,0.0,0.0,0.0
2296,0.06618605822029261,x_negative,0.0,0.06618605822029261,0.0,0.0,0.0,0.0
2297,0.06701585590838129,x_negative,0.0,0.06701585590838129,0.0,0.0,0.0,0.0
2298,0.048500266107872315,x_negative,0.0,0.048500266107872315,0.0,0.0,0.0,0.0
2299,0.04911026425375109,x_negative,0.0,0.04911026425375109,0.0,0.0,0.0,0.0
2300,0.029962596084390034,x_negative,0.0,0.029962596084390034,0.0,0.0,0.0,0.0
2301,0.030357483994421727,x_negative,0.0,0.030357483994421727,0.0,0.0,0.0,0.0
2302,0.01050871895260411,x_negative,0.0,0.01050871895260411,0.0,0.0,0.0,0.0
2303,0.01063795093080875,x_negative,0.0,0.01063795093080875,0.0,0.0,0.0,0.0
2304,0.01317511902397862,y_positive,0.0,0.01317511902397862,0.0,0.0,0.0,0.0
2305,0.013445539438736654,y_positive,0.0,0.013445539438736654,0.0,0.0,0.0,0.0
2306,0.030020847754832113,x_positive,0.0,0.030020847754832113,0.0,0.0,0.0,0.0
2307,0.030383079159815047,x_positive,0.0,0.030383079159815047,0.0,0.0,0.0,0.0
2308,0.04941634585980919,x_positive,0.0,0.04941634585980919,0.0,0.0,0.0,0.0
2309,0.05002655151957432,x_positive,0.0,0.05002655151957432,0.0,0.0,0.0,0.0
2310,0.06782092167473064,x_positive,0.0,0.06782092167473064,0.0,0.0,0.0,0.0
2311,0.06867708653979533,x_positive,0.0,0.06867708653979533,0.0,0.0,0.0,0.0
2312,0.08512317816110951,x_positive,0.0,0.08512317816110951,0.0,0.0,0.0,0.0
2313,0.08621082979786554,x_positive,0.0,0.08621082979786554,0.0,0.0,0.0,0.0
2314,0.10102981818913903,x_positive,0.0,0.10102981818913903,0.0,0.0,0.0,0.0
2315,0.10236206808204627,x_positive,0.0,0.10236206808204627,0.0,0.0,0.0,0.0
2316,0.11517960497073947,x_positive,0.0,0.11517960497073947,0.0,0.0,0.0,0.0
2317,0.1167379127746885,x_positive,0.0,0.1167379127746885,0.0,0.0,0.0,0.0
2318,0.12719640805690088,x_positive,0.0,0.12719640805690088,0.0,0.0,0.0,0.0
2319,0.12897688582294167,x_positive,0.0,0.12897688582294167,0.0,0.0,0.0,0.0
2320,0.136844267337512,x_positive,0.0,0.136844267337512,0.0,0.0,0.0,0.0
2321,0.13883944985412383,x_positive,0.0,0.13883944985412383,0.0,0.0,0.0,0.0
2322,0.14399524974783443,x_positive,0.0,0.14399524974783443,0.0,0.0,0.0,0.0
2323,0.1461046346132145,x_positive,0.0,0.1461046346132145,0.0,0.0,0.0,0.0
2324,0.1489335057212418,x_positive,0.0,0.1489335057212418,0.0,0.0,0.0,0.0
2325,0.1505952114307041,x_positive,0.0,0.1505952114307041,0.0,0.0,0.0,0.0
2326,0.1506258564127534,x_positive,0.0,0.1506258564127534,0.0,0.0,0.0,0.0
2327,0.15228987377307734,x_positive,0.0,0.15228987377307734,0.0,0.0,0.0,0.0
2328,0.14959285306647335,x_positive,0.0,0.14959285306647335,0.0,0.0,0.0,0.0
2329,0.15122898567908047,x_positive,0.0,0.15122898567908047,0.0,0.0,0.0,0.0
2330,0.14623354522503854,x_positive,0.0,0.14623354522503854,0.0,0.0,0.0,0.0
2331,0.1476553686959017,x_positive,0.0,0.1476553686959017,0.0,0.0,0.0,0.0
2332,0.14041095896360542,x_positive,0.0,0.14041095896360542,0.0,0.0,0.0,0.0
2333,0.14182639035503855,x_positive,0.0,0.14182639035503855,0.0,0.0,0.0,0.0
2334,0.13221748429792646,x_positive,0.0,0.13221748429792646,0.0,0.0,0.0,0.0
2335,0.1340451717170707,x_positive,0.0,0.1340451717170707,0.0,0.0,0.0,0.0
2336,0.12430106626113588,x_positive,0.0,0.12430106626113588,0.0,0.0,0.0,0.0
2337,0.1252876523833945,x_positive,0.0,0.1252876523833945,0.0,0.0,0.0,0.0
2338,0.11467517517187054,x_positive,0.0,0.11467517517187054,0.0,0.0,0.0,0.0
2339,0.11606897244589136,x_positive,0.0,0.11606897244589136,0.0,0.0,0.0,0.0
2340,0.10478206381652332,x_positive,0.0,0.10478206381652332,0.0,0.0,0.0,0.0
2341,0.10608412623174497,x_positive,0.0,0.10608412623174497,0.0,0.0,0.0,0.0
2342,0.09416221954969432,x_positive,0.0,0.09416221954969432,0.0,0.0,0.0,0.0
2343,0.0955448998729911,x_positive,0.0,0.0955448998729911,0.0,0.0,0.0,0.0
2344,0.08304880009175515,x_positive,0.0,0.08304880009175515,0.0,0.0,0.0,0.0
2345,0.08464815553764173,x_positive,0.0,0.08464815553764173,0.0,0.0,0.0,0.0
2346,0.0716411426325471,x_positive,0.0,0.0716411426325471,0.0,0.0,0.0,0.0
2347,0.07356297449816535,x_positive,0.0,0.07356297449816535,0.0,0.0,0.0,0.0
2348,0.060660274356380606,y_negative,0.0,0.060660274356380606,0.0,0.0,0.0,0.0
2349,0.06316363117315012,y_negative,0.0,0.06316363117315012,0.0,0.0,0.0,0.0
2350,0.053665352821060504,y_negative,0.0,0.053665352821060504,0.0,0.0,0.0,0.0
2351,0.056767307372116486,y_negative,0.0,0.056767307372116486,0.0,0.0,0.0,0.0
2352,0.05353469712057274,y_negative,0.0,0.05353469712057274,0.0,0.0,0.0,0.0
2353,0.056545602772952945,y_negative,0.0,0.056545602772952945,0.0,0.0,0.0,0.0
2354,0.06487395964484148,y_negative,0.0,0.06487395964484148,0.0,0.0,0.0,0.0
2355,0.06661785524631499,y_negative,0.0,0.06661785524631499,0.0,0.0,0.0,0.0
2356,0.07802262044283458,y_negative,0.0,0.07802262044283458,0.0,0.0,0.0,0.0
2357,0.07927836318907826,y_negative,0.0,0.07927836318907826,0.0,0.0,0.0,0.0
2358,0.09134146922828244,y_negative,0.0,0.09134146922828244,0.0,0.0,0.0,0.0
2359,0.09332294461791273,y_negative,0.0,0.09332294461791273,0.0,0.0,0.0,0.0
2360,0.10299250700621253,y_negative,0.0,0.10299250700621253,0.0,0.0,0.0,0.0
2361,0.10483505994586091,y_negative,0.0,0.10483505994586091,0.0,0.0,0.0,0.0
2362,0.11245153484110852,x_negative,0.0,0.11245153484110852,0.0,0.0,0.0,0.0
2363,0.11415870931214615,x_negative,0.0,0.11415870931214615,0.0,0.0,0.0,0.0
2364,0.12009496132214971,x_negative,0.0,0.12009496132214971,0.0,0.0,0.0,0.0
2365,0.12171567173646332,x_negative,0.0,0.12171567173646332,0.0,0.0,0.0,0.0
2366,0.12613196033433585,x_negative,0.0,0.12613196033433585,0.0,0.0,0.0,0.0
2367,0.12768342822699605,x_negative,0.0,0.12768342822699605,0.0,0.0,0.0,0.0
2368,0.13259280698365672,x_negative,0.0,0.13259280698365672,0.0,0.0,0.0,0.0
2369,0.13413848420968488,x_negative,0.0,0.13413848420968488,0.0,0.0,0.0,0.0
2370,0.14199093628163023,x_negative,0.0,0.14199093628163023,0.0,0.0,0.0,0.0
2371,0.14365167480995872,x_negative,0.0,0.14365167480995872,0.0,0.0,0.0,0.0
2372,0.15136238465261,x_negative,0.0,0.15136238465261,0.0,0.0,0.0,0.0
2373,0.15321903352803423,x_negative,0.0,0.15321903352803423,0.0,0.0,0.0,0.0
2374,0.15742419359677293,x_negative,0.0,0.15742419359677293,0.0,0.0,0.0,0.0
2375,0.15945701215314215,x_negative,0.0,0.15945701215314215,0.0,0.0,0.0,0.0
2376,0.15941416484750548,x_negative,0.0,0.15941416484750548,0.0,0.0,0.0,0.0
2377,0.1613728047918672,x_negative,0.0,0.1613728047918672,0.0,0.0,0.0,0.0
2378,0.15684347240129853,x_negative,0.0,0.15684347240129853,0.0,0.0,0.0,0.0
2379,0.159035097753891,x_negative,0.0,0.159035097753891,0.0,0.0,0.0,0.0
2380,0.15081892076471862,x_negative,0.0,0.15081892076471862,0.0,0.0,0.0,0.0
2381,0.1528990197129196,x_negative,0.0,0.1528990197129196,0.0,0.0,0.0,0.0
2382,0.1416328638665582,x_negative,0.0,0.1416328638665582,0.0,0.0,0.0,0.0
2383,0.14359830921190023,x_negative,0.0,0.14359830921190023,0.0,0.0,0.0,0.0
2384,0.12949377919339938,x_negative,0.0,0.12949377919339938,0.0,0.0,0.0,0.0
2385,0.13131522869888684,x_negative,0.0,0.13131522869888684,0.0,0.0,0.0,0.0
2386,0.11495604889910241,x_negative,0.0,0.11495604889910241,0.0,0.0,0.0,0.0
2387,0.11655396134794348,x_negative,0.0,0.11655396134794348,0.0,0.0,0.0,0.0
2388,0.09902992346807918,x_negative,0.0,0.09902992346807918,0.0,0.0,0.0,0.0
2389,0.1003267323806693,x_negative,0.0,0.1003267323806693,0.0,0.0,0.0,0.0
2390,0.08249526849043448,x_negative,0.0,0.08249526849043448,0.0,0.0,0.0,0.0
2391,0.08349410787663689,x_negative,0.0,0.08349410787663689,0.0,0.0,0.0,0.0
2392,0.06544705943368871,x_negative,0.0,0.06544705943368871,0.0,0.0,0.0,0.0
2393,0.06617327951777713,x_negative,0.0,0.06617327951777713,0.0,0.0,0.0,0.0
2394,0.04796871821815572,x_negative,0.0,0.04796871821815572,0.0,0.0,0.0,0.0
2395,0.04849226142345289,x_negative,0.0,0.04849226142345289,0.0,0.0,0.0,0.0
2396,0.02962240630085516,x_negative,0.0,0.02962240630085516,0.0,0.0,0.0,0.0
2397,0.029958779717002143,x_negative,0.0,0.029958779717002143,0.0,0.0,0.0,0.0
2398,0.010335560608102009,x_negative,0.0,0.010335560608102009,0.0,0.0,0.0,0.0
2399,0.010505618521837333,x_negative,0.0,0.010505618521837333,0.0,0.0,0.0,0.0
2400,0.012865286092482539,y_positive,0.0,0.012348746326159775,0.000516539766322637,0.0,0.0,1.2663481374630692e-16
2401,0.01317495566712715,y_positive,0.0,0.013169478505937799,5.477161189390624e-06,0.0,0.0,-3.8163916471489756e-17
2402,0.029653012719629043,x_positive,0.0,0.028481346796824576,0.001171665922804619,0.0,0.0,-1.5265566588595902e-16
2403,0.030020647807256485,x_positive,0.0,0.030008434672182793,1.2213135073678936e-05,0.0,0.0,1.3877787807814457e-17
2404,0.048785942452460256,x_positive,0.0,0.04691306909203592,0.0018728733604241317,0.0,0.0,2.0122792321330962e-16
2405,0.04941703481060765,x_positive,0.0,0.04939778196926845,1.9252841339210365e-05,0.0,0.0,-1.3877787807814457e-17
2406,0.06694406009626666,x_positive,0.0,0.06448367273223425,0.0024603873640325147,0.0,0.0,-1.1102230246251565e-16
2407,0.06782370180351549,x_positive,0.0,0.06779915332542218,2.4548478093382825e-05,0.0,0.0,-6.938893903907228e-17
2408,0.08399654563135275,x_positive,0.0,0.08108850330744048,0.002908042323912315,0.0,0.0,-4.163336342344337e-17
2409,0.08512873818440905,x_positive,0.0,0.08510094097417416,2.7797210234752928e-05,0.0,0.0,1.3877787807814457e-16
2410,0.09966897307875568,x_positive,0.0,0.09647724926200002,0.0031917238167558015,0.0,0.0,-1.3877787807814457e-16
2411,0.10103628986767278,x_positive,0.0,0.10100758887663572,2.8700991037022737e-05,0.0,0.0,4.163336342344337e-17
2412,0.11360608946445296,x_positive,0.0,0.11030946357639998,0.0032966258880529355,0.0,0.0,4.163336342344337e-17
2413,0.11518963821663412,x_positive,0.0,0.11516221857408554,2.7419642548518756e-05,0.0,0.0,6.938893903907228e-17
2414,0.12546074236366883,x_positive,0.0,0.12224343727496143,0.003217305088707466,0.0,0.0,-5.551115123125783e-17
2415,0.12721017269222176,x_positive,0.0,0.12718593771311631,2.4234979105467982e-05,0.0,0.0,-2.7755575615628914e-17
2416,0.13502784481860483,x_positive,0.0,0.13206187782961848,0.002965966988986342,0.0,0.0,0.0
2417,0.13686006590969196,x_positive,0.0,0.1368403318123698,1.9734097322155652e-05,0.0,0.0,2.7755575615628914e-17
2418,0.14213657790742668,x_positive,0.0,0.1395670266355259,0.0025695512719008367,0.0,0.0,-5.551115123125783e-17
2419,0.14400801021438894,x_positive,0.0,0.14399337808321525,1.4632131173737704e-05,0.0,0.0,-2.7755575615628914e-17
2420,0.14661181703460413,x_positive,0.0,0.14455009850590456,0.0020617185286995452,0.0,0.0,2.7755575615628914e-17
2421,0.14895262026843353,x_positive,0.0,0.14894289290658488,9.727361848645525e-06,0.0,0.0,0.0
2422,0.14837876614439824,x_positive,0.0,0.14689279838247682,0.001485967761921403,0.0,0.0,2.7755575615628914e-17
2423,0.15065444873055442,x_positive,0.0,0.15064896693635044,5.4817942039699e-06,0.0,0.0,0.0
2424,0.14750023887005764,x_positive,0.0,0.14660939392940042,0.0008908449406571387,0.0,0.0,8.326672684688674e-17
2425,0.14963650508361698,x_positive,0.0,0.14963410031011226,2.4047735046676884e-06,0.0,0.0,5.551115123125783e-17
2426,0.14459474380083498,x_positive,0.0,0.14427493003855288,0.00031981376228213754,0.0,0.0,-2.7755575615628914e-17
2427,0.14629378882904048,x_positive,0.0,0.1462931794604305,6.093686100522238e-07,0.0,0.0,-5.551115123125783e-17
2428,0.1389481195604069,x_positive,0.0,0.1389457006341996,2.4189262073186374e-06,0.0,0.0,0.0
2429,0.1404788105222809,x_positive,0.0,0.14047880632249027,4.199790664655709e-09,0.0,0.0,-2.7755575615628914e-17
2430,0.13072716718158817,x_positive,0.0,0.13072716718158817,0.0,0.0,0.0,0.0
2431,0.13228553071070648,x_positive,0.0,0.13228553071070648,0.0,0.0,0.0,0.0
2432,0.12255540088755132,x_positive,0.0,0.12255540088755132,0.0,0.0,0.0,0.0
2433,0.12436836216388601,x_positive,0.0,0.12436836216388601,0.0,0.0,0.0,0.0
2434,0.11359370267885988,x_positive,0.0,0.11359370267885988,0.0,0.0,0.0,0.0
2435,0.11473682138356939,x_positive,0.0,0.11473682138356939,0.0,0.0,0.0,0.0
2436,0.103451836019058,x_positive,0.0,0.103451836019058,0.0,0.0,0.0,0.0
2437,0.10483842046390242,x_positive,0.0,0.10483842046390242,0.0,0.0,0.0,0.0
2438,0.09250124297765022,x_positive,0.0,0.09250124297765022,0.0,0.0,0.0,0.0
2439,0.09420722304469163,x_positive,0.0,0.09420722304469163,0.0,0.0,0.0,0.0
2440,0.08086029971234088,x_positive,0.0,0.08086029971234088,0.0,0.0,0.0,0.0
2441,0.08307994392009231,x_positive,0.0,0.08307994392009231,0.0,0.0,0.0,0.0
2442,0.06870916835872053,x_positive,0.0,0.06870916835872053,0.0,0.0,0.0,0.0
2443,0.07165914341876949,x_positive,0.0,0.07165914341876949,0.0,0.0,0.0,0.0
2444,0.056579365730228565,y_negative,0.0,0.056579365730228565,0.0,0.0,0.0,0.0
2445,0.0606673774269144,y_negative,0.0,0.0606673774269144,0.0,0.0,0.0,0.0
2446,0.04891950420074819,y_negative,0.0,0.04891950420074819,0.0,0.0,0.0,0.0
2447,0.05366453972241538,y_negative,0.0,0.05366453972241538,0.0,0.0,0.0,0.0
2448,0.049415552191094746,y_negative,0.0,0.049415552191094746,0.0,0.0,0.0,0.0
2449,0.053531475739365245,y_negative,0.0,0.053531475739365245,0.0,0.0,0.0,0.0
2450,0.060758137498584365,y_negative,0.0,0.060758137498584365,0.0,0.0,0.0,0.0
2451,0.06486880579814867,y_negative,0.0,0.06486880579814867,0.0,0.0,0.0,0.0
2452,0.0752175105988412,y_negative,0.0,0.0752175105988412,0.0,0.0,0.0,0.0
2453,0.07801995214773923,y_negative,0.0,0.07801995214773923,0.0,0.0,0.0,0.0
2454,0.08883141177001586,y_negative,0.0,0.08883141177001586,0.0,0.0,0.0,0.0
2455,0.09133966196288867,y_negative,0.0,0.09133966196288867,0.0,0.0,0.0,0.0
2456,0.10079071532849494,y_negative,0.0,0.1007592851861543,3.1430142340655303e-05,0.0,0.0,-1.3877787807814457e-17
2457,0.10299430051549376,y_negative,0.0,0.10299430051549376,0.0,0.0,0.0,0.0
2458,0.11056546104883873,x_negative,0.0,0.11020654139228746,0.0003589196565512666,0.0,0.0,0.0
2459,0.11245980408424737,x_negative,0.0,0.11245974505711545,5.902713191328753e-08,0.0,0.0,0.0
2460,0.11843562315640448,x_negative,0.0,0.11762376903587231,0.000811854120532084,0.0,0.0,8.326672684688674e-17
2461,0.12011163250237142,x_negative,0.0,0.12011086662948453,7.658728869525618e-07,0.0,0.0,-6.938893903907228e-17
2462,0.1246157276737953,x_negative,0.0,0.12331920858418911,0.0012965190896061603,0.0,0.0,2.7755575615628914e-17
2463,0.12615604294437757,x_negative,0.0,0.12615366445897144,2.378485406163173e-06,0.0,0.0,-2.7755575615628914e-17
2464,0.13111153036334422,x_negative,0.0,0.12931774713629018,0.0017937832270540294,0.0,0.0,0.0
2465,0.13262465046698305,x_negative,0.0,0.13261973266973248,4.917797250567208e-06,0.0,0.0,0.0
2466,0.1403406919438285,x_negative,0.0,0.13802224641033964,0.002318445533488916,0.0,0.0,-5.551115123125783e-17
2467,0.1420267450185547,x_negative,0.0,0.14201845754574388,8.287472810807218e-06,0.0,0.0,0.0
2468,0.14946806528986809,x_negative,0.0,0.14663745611385684,0.002830609176011303,0.0,0.0,-5.551115123125783e-17
2469,0.1513982374825217,x_negative,0.0,0.15138611086336884,1.2126619152878988e-05,0.0,0.0,0.0
2470,0.15534815188542062,x_negative,0.0,0.1520747873140393,0.003273364571381333,0.0,0.0,-2.7755575615628914e-17
2471,0.157458092940493,x_negative,0.0,0.1574420991537013,1.5993786791676018e-05,0.0,0.0,2.7755575615628914e-17
2472,0.15672959863892547,x_negative,0.0,0.15311845849563183,0.0036111401432936214,0.0,0.0,2.7755575615628914e-17
2473,0.1594447671900719,x_negative,0.0,0.1594251047243759,1.9662465695999124e-05,0.0,0.0,0.0
2474,0.15447988455433892,x_negative,0.0,0.15062804590165627,0.0038518386526826946,0.0,0.0,-2.7755575615628914e-17
2475,0.156866888901984,x_negative,0.0,0.15684403584673198,2.28530552520338e-05,0.0,0.0,-2.7755575615628914e-17
2476,0.14851622793084954,x_negative,0.0,0.1445378080608617,0.003978419869987853,0.0,0.0,0.0
2477,0.150837158921596,x_negative,0.0,0.15081158172863343,2.5577192962537448e-05,0.0,0.0,2.7755575615628914e-17
2478,0.13944154968575503,x_negative,0.0,0.13545084441155575,0.00399070527419928,0.0,0.0,0.0
2479,0.1416422653879693,x_negative,0.0,0.14161470978882532,2.7555599143989277e-05,0.0,0.0,0.0
2480,0.12746803357032802,x_negative,0.0,0.12358704962172001,0.003880983948608023,0.0,0.0,-2.7755575615628914e-17
2481,0.1294998668262067,x_negative,0.0,0.12947119668540663,2.8670140800044887e-05,0.0,0.0,2.7755575615628914e-17
2482,0.11319888228773738,x_negative,0.0,0.10954525029047227,0.003653631997265038,0.0,0.0,6.938893903907228e-17
2483,0.11495626485274216,x_negative,0.0,0.11492755586182035,2.8708990921750457e-05,0.0,0.0,5.551115123125783e-17
2484,0.09762715688194053,x_negative,0.0,0.0942982532959825,0.0033289035859580237,0.0,0.0,0.0
2485,0.09902656071225605,x_negative,0.0,0.09899881762416421,2.7743088091999917e-05,0.0,0.0,-1.6653345369377348e-16
2486,0.08144174813740757,x_negative,0.0,0.07852194441935147,0.002919803718056137,0.0,0.0,-4.163336342344337e-17
2487,0.08248968893824053,x_negative,0.0,0.08246397521441781,2.5713723822674354e-05,0.0,0.0,4.163336342344337e-17
2488,0.06469805266528328,x_negative,0.0,0.06227436386900791,0.002423688796275238,0.0,0.0,1.3877787807814457e-16
2489,0.06544246137320604,x_negative,0.0,0.06542000948205305,2.2451891152971653e-05,0.0,0.0,1.3877787807814457e-17
2490,0.047448562678899936,x_negative,0.0,0.045606172473145364,0.0018423902057544304,0.0,0.0,1.3877787807814457e-16
2491,0.047965749339740536,x_negative,0.0,0.04794789066545644,1.785867428423287e-05,0.0,0.0,-1.3877787807814457e-16
2492,0.029274902937291885,x_negative,0.0,0.02810875581870112,0.0011661471185907676,0.0,0.0,-3.469446951953614e-18
2493,0.029620604867746553,x_negative,0.0,0.029608855809601264,1.1749058145394563e-05,0.0,0.0,-1.0408340855860843e-16
2494,0.010150239818448778,x_negative,0.0,0.009741208810289387,0.00040903100815959086,0.0,0.0,-1.9949319973733282e-16
2495,0.010335012846989252,x_negative,0.0,0.0103307455876866,4.267259302535317e-06,0.0,0.0,1.1796119636642288e-16
2496,0.01254991352995769,y_positive,0.0,0.0,0.01254991352995769,0.0,0.0,0.0
2497,0.012865113082972689,y_positive,0.0,0.0,0.012865113082972689,0.0,0.0,0.0
2498,0.029278125628498304,x_positive,0.0,0.0,0.029278125628498304,0.0,0.0,0.0
2499,0.029652762835872714,x_positive,0.0,0.0,0.029652762835872714,0.0,0.0,0.0
2500,0.04814271790415216,x_positive,0.0,0.0,0.04814271790415216,0.0,0.0,0.0
2501,0.048786555630092356,x_positive,0.0,0.0,0.048786555630092356,0.0,0.0,0.0
2502,0.06604302839951195,x_positive,0.0,0.0,0.06604302839951195,0.0,0.0,0.0
2503,0.06694581778935851,x_positive,0.0,0.0,0.06694581778935851,0.0,0.0,0.0
2504,0.0828612719076281,x_positive,0.0,0.0,0.0828612719076281,0.0,0.0,0.0
2505,0.08399984647303334,x_positive,0.0,0.0,0.08399984647303334,0.0,0.0,0.0
2506,0.09829367244084036,x_positive,0.0,0.0,0.09829367244084036,0.0,0.0,0.0
2507,0.09967553023690326,x_positive,0.0,0.0,0.09967553023690326,0.0,0.0,0.0
2508,0.11201819491613518,x_positive,0.0,0.0,0.11201819491613518,0.0,0.0,0.0
2509,0.11361297886460985,x_positive,0.0,0.0,0.11361297886460985,0.0,0.0,0.0
2510,0.12371456070287354,x_positive,0.0,0.0,0.12371456070287354,0.0,0.0,0.0
2511,0.12546785057012946,x_positive,0.0,0.0,0.12546785057012946,0.0,0.0,0.0
2512,0.13320857849948994,x_positive,0.0,0.0,0.13320857849948994,0.0,0.0,0.0
2513,0.1350370551157952,x_positive,0.0,0.0,0.1350370551157952,0.0,0.0,0.0
2514,0.14025373735404384,x_positive,0.0,0.0,0.14025373735404384,0.0,0.0,0.0
2515,0.14214657186857751,x_positive,0.0,0.0,0.14214657186857751,0.0,0.0,0.0
2516,0.14427269684673213,x_positive,0.0,0.0,0.14427269684673213,0.0,0.0,0.0
2517,0.14661339097483178,x_positive,0.0,0.0,0.14661339097483178,0.0,0.0,0.0
2518,0.14609805752801938,x_positive,0.0,0.0,0.14609805752801938,0.0,0.0,0.0
2519,0.14837862090076603,x_positive,0.0,0.0,0.14837862090076603,0.0,0.0,0.0
2520,0.14535081153889762,x_positive,0.0,0.0,0.14535081153889762,0.0,0.0,0.0
2521,0.14749738715700433,x_positive,0.0,0.0,0.14749738715700433,0.0,0.0,0.0
2522,0.14262938327757482,x_positive,0.0,0.0,0.14262938327757482,0.0,0.0,0.0
2523,0.14460098399667726,x_positive,0.0,0.0,0.14460098399667726,0.0,0.0,0.0
2524,0.1371935144288156,x_positive,0.0,3.265976526634352e-07,0.13719318783116294,0.0,0.0,0.0
2525,0.13895902485879644,x_positive,0.0,0.00019262654688323344,0.13876639831191323,0.0,0.0,-2.7755575615628914e-17
2526,0.12932207576785176,x_positive,0.0,1.1732041565483123e-06,0.12932090256369522,0.0,0.0,0.0
2527,0.13074276539038118,x_positive,0.0,0.0005947882425445819,0.13014797714783657,0.0,0.0,2.7755575615628914e-17
2528,0.12078280990718433,x_positive,0.0,2.1484093086877526e-06,0.12078066149787565,0.0,0.0,-1.3877787807814457e-17
2529,0.12257509371859124,x_positive,0.0,0.0008845594119307285,0.12169053430666049,0.0,0.0,1.3877787807814457e-17
2530,0.11239655965289155,x_positive,0.0,2.953214268832603e-06,0.11239360643862273,0.0,0.0,-1.3877787807814457e-17
2531,0.11361563188742543,x_positive,0.0,0.0010591208168015747,0.11255651107062387,0.0,0.0,-1.3877787807814457e-17
2532,0.10199404041407387,x_positive,0.0,3.402587518516774e-06,0.1019906378265553,0.0,0.0,4.163336342344337e-17
2533,0.10347388803022844,x_positive,0.0,0.0011250364211464316,0.10234885160908205,0.0,0.0,-4.163336342344337e-17
2534,0.09068134985904745,x_positive,0.0,3.4430147778490316e-06,0.09067790684426963,0.0,0.0,-2.7755575615628914e-17
2535,0.09252299548018426,x_positive,0.0,0.0011012831238718847,0.09142171235631237,0.0,0.0,1.3877787807814457e-17
2536,0.07846674888984659,x_positive,0.0,3.120301216032651e-06,0.07846362858863062,0.0,0.0,-6.938893903907228e-17
2537,0.08087833433218997,x_positive,0.0,0.0010052952510080564,0.07987303908118186,0.0,0.0,5.551115123125783e-17
2538,0.06553171660185084,x_positive,0.0,2.5348970078300274e-06,0.065529181704843,0.0,0.0,1.3877787807814457e-17
2539,0.06872144488885644,x_positive,0.0,0.0008581238718593336,0.06786332101699707,0.0,0.0,2.7755575615628914e-17
2540,0.05222685828095041,y_negative,0.0,1.846863745093857e-06,0.05222501141720531,0.0,0.0,6.938893903907228e-18
2541,0.056586542418439724,y_negative,0.0,0.0006863755265072015,0.055900166891932515,0.0,0.0,6.938893903907228e-18
2542,0.04401317114988514,y_negative,0.0,1.308388729510536e-06,0.044011862761155617,0.0,0.0,1.3877787807814457e-17
2543,0.048920295173062955,y_negative,0.0,0.0005560771353872547,0.048364218037675724,0.0,0.0,-2.0816681711721685e-17
2544,0.04534509525536674,y_negative,0.0,1.0187643084356562e-06,0.045344076491058295,0.0,0.0,6.938893903907228e-18
2545,0.049412435273167576,y_negative,0.0,0.0005023648524112011,0.048910070420756374,0.0,0.0,0.0
2546,0.05622376226711313,y_negative,0.0,7.859819073121685e-07,0.05622297628520581,0.0,0.0,0.0
2547,0.06075027797617636,y_negative,0.0,0.0005140268565061579,0.06023625111967019,0.0,0.0,1.3877787807814457e-17
2548,0.07167781503373197,y_negative,0.0,4.370359126803565e-07,0.0716773779978193,0.0,0.0,-1.3877787807814457e-17
2549,0.07520650022194364,y_negative,0.0,0.0004661808820672879,0.07474031933987638,0.0,0.0,-2.7755575615628914e-17
2550,0.08589414605586629,y_negative,0.0,7.871170388509031e-08,0.08589406734416238,0.0,0.0,1.3877787807814457e-17
2551,0.08881766407595756,y_negative,0.0,0.00030405117413380596,0.08851361290182372,0.0,0.0,4.163336342344337e-17
2552,0.09819701658430288,x_negative,0.0,0.0,0.09819701658430288,0.0,0.0,0.0
2553,0.10077841143896853,y_negative,0.0,5.486989817373407e-05,0.10072354154079481,0.0,0.0,-1.3877787807814457e-17
2554,0.108390293174538,x_negative,0.0,0.0,0.108390293174538,0.0,0.0,0.0
2555,0.11055587189784712,x_negative,0.0,0.0,0.11055587189784712,0.0,0.0,0.0
2556,0.11657354491167714,x_negative,0.0,0.0,0.11657354491167714,0.0,0.0,0.0
2557,0.11843213956771668,x_negative,0.0,0.0,0.11843213956771668,0.0,0.0,0.0
2558,0.12301115057430358,x_negative,0.0,0.0,0.12301115057430358,0.0,0.0,0.0
2559,0.1246229693503034,x_negative,0.0,0.0,0.1246229693503034,0.0,0.0,0.0
2560,0.12958406258007676,x_negative,0.0,0.0,0.12958406258007676,0.0,0.0,0.0
2561,0.13112804443120374,x_negative,0.0,0.0,0.13112804443120374,0.0,0.0,0.0
2562,0.1385803124212242,x_negative,0.0,0.0,0.1385803124212242,0.0,0.0,0.0
2563,0.14036129436044795,x_negative,0.0,0.0,0.14036129436044795,0.0,0.0,0.0
2564,0.14735259493935912,x_negative,0.0,0.0,0.14735259493935912,0.0,0.0,0.0
2565,0.1494895458440439,x_negative,0.0,0.0,0.1494895458440439,0.0,0.0,0.0
2566,0.15298549217740343,x_negative,0.0,0.0,0.15298549217740343,0.0,0.0,0.0
2567,0.1553674794290152,x_negative,0.0,0.0,0.1553674794290152,0.0,0.0,0.0
2568,0.15390111220327335,x_negative,0.0,0.0,0.15390111220327335,0.0,0.0,0.0
2569,0.15674484459686114,x_negative,0.0,0.0,0.15674484459686114,0.0,0.0,0.0
2570,0.15197351473066548,x_negative,0.0,0.0,0.15197351473066548,0.0,0.0,0.0
2571,0.15448976540413584,x_negative,0.0,0.0,0.15448976540413584,0.0,0.0,0.0
2572,0.14610817314322325,x_negative,0.0,0.0,0.14610817314322325,0.0,0.0,0.0
2573,0.14852228522642888,x_negative,0.0,0.0,0.14852228522642888,0.0,0.0,0.0
2574,0.13716377060795246,x_negative,0.0,0.0,0.13716377060795246,0.0,0.0,0.0
2575,0.1394462105964761,x_negative,0.0,0.0,0.1394462105964761,0.0,0.0,0.0
2576,0.12535508089364175,x_negative,0.0,0.0,0.12535508089364175,0.0,0.0,0.0
2577,0.1274700089691058,x_negative,0.0,0.0,0.1274700089691058,0.0,0.0,0.0
2578,0.11137164801035697,x_negative,0.0,0.0,0.11137164801035697,0.0,0.0,0.0
2579,0.11319889699611899,x_negative,0.0,0.0,0.11319889699611899,0.0,0.0,0.0
2580,0.09618331708991279,x_negative,0.0,0.0,0.09618331708991279,0.0,0.0,0.0
2581,0.0976248982213714,x_negative,0.0,0.0,0.0976248982213714,0.0,0.0,0.0
2582,0.08035850355716824,x_negative,0.0,0.0,0.08035850355716824,0.0,0.0,0.0
2583,0.08143781307019723,x_negative,0.0,0.0,0.08143781307019723,0.0,0.0,0.0
2584,0.06393948921625882,x_negative,0.0,0.0,0.06393948921625882,0.0,0.0,0.0
2585,0.0646931673350691,x_negative,0.0,0.0,0.0646931673350691,0.0,0.0,0.0
2586,0.046906671944574124,x_negative,0.0,0.0,0.046906671944574124,0.0,0.0,0.0
2587,0.04744481146664499,x_negative,0.0,0.0,0.04744481146664499,0.0,0.0,0.0
2588,0.02891135509534434,x_negative,0.0,0.0,0.02891135509534434,0.0,0.0,0.0
2589,0.02927329462528729,x_negative,0.0,0.0,0.02927329462528729,0.0,0.0,0.0
2590,0.009963985874312386,x_negative,0.0,0.0,0.009963985874312386,0.0,0.0,0.0
2591,0.010150134093202397,x_negative,0.0,0.0,0.010150134093202397,0.0,0.0,0.0
2592,0.012254419330623849,y_positive,0.0,0.0,0.012254419330623849,0.0,0.0,0.0
2593,0.012549805719080893,y_positive,0.0,0.0,0.012549805719080893,0.0,0.0,0.0
2594,0.02889681047581017,x_positive,0.0,0.0,0.02889681047581017,0.0,0.0,0.0
2595,0.029278140619207117,x_positive,0.0,0.0,0.029278140619207117,0.0,0.0,0.0
2596,0.04749159872011158,x_positive,0.0,0.0,0.04749159872011158,0.0,0.0,0.0
2597,0.048143041439968996,x_positive,0.0,0.0,0.048143041439968996,0.0,0.0,0.0
2598,0.06514791815897296,x_positive,0.0,0.0,0.06514791815897296,0.0,0.0,0.0
2599,0.06604542999220077,x_positive,0.0,0.0,0.06604542999220077,0.0,0.0,0.0
2600,0.0817234605807238,x_positive,0.0,0.0,0.0817234605807238,0.0,0.0,0.0
2601,0.08286517295998111,x_positive,0.0,0.0,0.08286517295998111,0.0,0.0,0.0
2602,0.09692637394148697,x_positive,0.0,0.0,0.09692637394148697,0.0,0.0,0.0
2603,0.0982992763308022,x_positive,0.0,0.0,0.0982992763308022,0.0,0.0,0.0
2604,0.11042919745905083,x_positive,0.0,0.0,0.11042919745905083,0.0,0.0,0.0
2605,0.11202609367685328,x_positive,0.0,0.0,0.11202609367685328,0.0,0.0,0.0
2606,0.12192763164954604,x_positive,0.0,0.0,0.12192763164954604,0.0,0.0,0.0
2607,0.12372236152639657,x_positive,0.0,0.0,0.12372236152639657,0.0,0.0,0.0
2608,0.13122225412354974,x_positive,0.0,0.0,0.13122225412354974,0.0,0.0,0.0
2609,0.13321504709758863,x_positive,0.0,0.0,0.13321504709758863,0.0,0.0,0.0
2610,0.13812421736703379,x_positive,0.0,0.0,0.13812421736703379,0.0,0.0,0.0
2611,0.1402614293393505,x_positive,0.0,0.0,0.1402614293393505,0.0,0.0,0.0
2612,0.14248487607466057,x_positive,0.0,0.0,0.14248487607466057,0.0,0.0,0.0
2613,0.14427263012481834,x_positive,0.0,0.0,0.14427263012481834,0.0,0.0,0.0
2614,0.14427951962596447,x_positive,0.0,0.0,0.14427951962596447,0.0,0.0,0.0
2615,0.14608480472475985,x_positive,0.0,0.0,0.14608480472475985,0.0,0.0,0.0
2616,0.14352632310147612,x_positive,0.0,0.0,0.14352632310147612,0.0,0.0,0.0
2617,0.14531962594086667,x_positive,0.0,0.0,0.14531962594086667,0.0,0.0,0.0
2618,0.14035260180049855,x_positive,0.0,0.0,0.14035260180049855,0.0,0.0,0.0
2619,0.1425828394275434,x_positive,0.0,0.0,0.1425828394275434,0.0,0.0,0.0
2620,0.13500539605747378,x_positive,0.0,0.0,0.13500539605747378,0.0,0.0,0.0
2621,0.13714072124636886,x_positive,0.0,0.0,0.13714072124636886,0.0,0.0,0.0
2622,0.12791776602970886,x_positive,0.0,0.0,0.12791776602970886,0.0,0.0,0.0
2623,0.12927336577203175,x_positive,0.0,0.0,0.12927336577203175,0.0,0.0,0.0
2624,0.11980930477611733,x_positive,0.0,0.0,0.11980930477611733,0.0,0.0,0.0
2625,0.12073955620751235,x_positive,0.0,0.0,0.12073955620751235,0.0,0.0,0.0
2626,0.11075141769405308,x_positive,0.0,0.0,0.11075141769405308,0.0,0.0,0.0
2627,0.1123629204299715,x_positive,0.0,0.0,0.1123629204299715,0.0,0.0,0.0
2628,0.10037693489844844,x_positive,0.0,0.0,0.10037693489844844,0.0,0.0,0.0
2629,0.10197053840418527,x_positive,0.0,0.0,0.10197053840418527,0.0,0.0,0.0
2630,0.08885007964462971,x_positive,0.0,0.0,0.08885007964462971,0.0,0.0,0.0
2631,0.09066766655851699,x_positive,0.0,0.0,0.09066766655851699,0.0,0.0,0.0
2632,0.07625786294692963,x_positive,0.0,0.0,0.07625786294692963,0.0,0.0,0.0
2633,0.07846058289073032,x_positive,0.0,0.0,0.07846058289073032,0.0,0.0,0.0
2634,0.06282387728826362,x_positive,0.0,0.0,0.06282387728826362,0.0,0.0,0.0
2635,0.06553151098293189,x_positive,0.0,0.0,0.06553151098293189,0.0,0.0,0.0
2636,0.04881944908678895,y_negative,0.0,0.0,0.04881944908678895,0.0,0.0,0.0
2637,0.052228933937107175,y_negative,0.0,0.0,0.052228933937107175,0.0,0.0,0.0
2638,0.04041161675696019,y_negative,0.0,0.0,0.04041161675696019,0.0,0.0,0.0
2639,0.044014088314650715,y_negative,0.0,0.0,0.044014088314650715,0.0,0.0,0.0
2640,0.042466198248498836,y_negative,0.0,0.0,0.042466198248498836,0.0,0.0,0.0
2641,0.04534261617898165,y_negative,0.0,0.0,0.04534261617898165,0.0,0.0,0.0
2642,0.05313684971097068,y_negative,0.0,0.0,0.05313684971097068,0.0,0.0,0.0
2643,0.056216293410740484,y_negative,0.0,0.0,0.056216293410740484,0.0,0.0,0.0
2644,0.06818044653193271,y_negative,0.0,0.0,0.06818044653193271,0.0,0.0,0.0
2645,0.07166227002562403,y_negative,0.0,0.0,0.07166227002562403,0.0,0.0,0.0
2646,0.08262141923036023,y_negative,0.0,0.0,0.08262141923036023,0.0,0.0,0.0
2647,0.08586939015572902,y_negative,0.0,0.0,0.08586939015572902,0.0,0.0,0.0
2648,0.09521843793116937,x_negative,0.0,0.0,0.09521843793116937,0.0,0.0,0.0
2649,0.09816219938217638,x_negative,0.0,0.0,0.09816219938217638,0.0,0.0,0.0
2650,0.10582591116862454,x_negative,0.0,0.0,0.10582591116862454,0.0,0.0,0.0
2651,0.10835293862250588,x_negative,0.0,0.0,0.10835293862250588,0.0,0.0,0.0
2652,0.11440628887822098,x_negative,0.0,0.0,0.11440628887822098,0.0,0.0,0.0
2653,0.1165359318361123,x_negative,0.0,0.0,0.1165359318361123,0.0,0.0,0.0
2654,0.12121213455439983,x_negative,0.0,0.0,0.12121213455439983,0.0,0.0,0.0
2655,0.12298045354301251,x_negative,0.0,0.0,0.12298045354301251,0.0,0.0,0.0
2656,0.1279471813093771,x_negative,0.0,0.0,0.1279471813093771,0.0,0.0,0.0
2657,0.12956601000683257,x_negative,0.0,0.0,0.12956601000683257,0.0,0.0,0.0
2658,0.13662204352933482,x_negative,0.0,0.0,0.13662204352933482,0.0,0.0,0.0
2659,0.1385715720986982,x_negative,0.0,0.0,0.1385715720986982,0.0,0.0,0.0
2660,0.1449023980036145,x_negative,0.0,0.0,0.1449023980036145,0.0,0.0,0.0
2661,0.1473446932956962,x_negative,0.0,0.0,0.1473446932956962,0.0,0.0,0.0
2662,0.1501178032569347,x_negative,0.0,0.0,0.1501178032569347,0.0,0.0,0.0
2663,0.15297557288784838,x_negative,0.0,0.0,0.15297557288784838,0.0,0.0,0.0
2664,0.15153794116736644,x_negative,0.0,0.0,0.15153794116736644,0.0,0.0,0.0
2665,0.15388879758663612,x_negative,0.0,0.0,0.15388879758663612,0.0,0.0,0.0
2666,0.1493771796782327,x_negative,0.0,0.0,0.1493771796782327,0.0,0.0,0.0
2667,0.15196190646500402,x_negative,0.0,0.0,0.15196190646500402,0.0,0.0,0.0
2668,0.1437482593637919,x_negative,0.0,0.0,0.1437482593637919,0.0,0.0,0.0
2669,0.14609741939950116,x_negative,0.0,0.0,0.14609741939950116,0.0,0.0,0.0
2670,0.13492979123962096,x_negative,0.0,0.0,0.13492979123962096,0.0,0.0,0.0
2671,0.1371578704320185,x_negative,0.0,0.0,0.1371578704320185,0.0,0.0,0.0
2672,0.12326207155819113,x_negative,0.0,0.0,0.12326207155819113,0.0,0.0,0.0
2673,0.12535155319621355,x_negative,0.0,0.0,0.12535155319621355,0.0,0.0,0.0
2674,0.10954198232248613,x_negative,0.0,0.0,0.10954198232248613,0.0,0.0,0.0
2675,0.1113695809930358,x_negative,0.0,0.0,0.1113695809930358,0.0,0.0,0.0
2676,0.09472617000158122,x_negative,0.0,0.0,0.09472617000158122,0.0,0.0,0.0
2677,0.09617955179915409,x_negative,0.0,0.0,0.09617955179915409,0.0,0.0,0.0
2678,0.07927027405522366,x_negative,0.0,0.0,0.07927027405522366,0.0,0.0,0.0
2679,0.08035386951002627,x_negative,0.0,0.0,0.08035386951002627,0.0,0.0,0.0
2680,0.06316368958488867,x_negative,0.0,0.0,0.06316368958488867,0.0,0.0,0.0
2681,0.06393558512126868,x_negative,0.0,0.0,0.06393558512126868,0.0,0.0,0.0
2682,0.04634210174394704,x_negative,0.0,0.0,0.04634210174394704,0.0,0.0,0.0
2683,0.046903215741772114,x_negative,0.0,0.0,0.046903215741772114,0.0,0.0,0.0
2684,0.028513685903444358,x_negative,0.0,0.0,0.028513685903444358,0.0,0.0,0.0
2685,0.028909362684216566,x_negative,0.0,0.0,0.028909362684216566,0.0,0.0,0.0
2686,0.009785661545168124,x_negative,0.0,0.0,0.009785661545168124,0.0,0.0,0.0
2687,0.009963941813259148,x_negative,0.0,0.0,0.009963941813259148,0.0,0.0,0.0
2688,0.011981151188949086,y_positive,0.0,0.0,0.011981151188949086,0.0,0.0,0.0
2689,0.01225373874078117,y_positive,0.0,0.0,0.01225373874078117,0.0,0.0,0.0
2690,0.028507341352877563,x_positive,0.0,0.0,0.028507341352877563,0.0,0.0,0.0
2691,0.028895404790140328,x_positive,0.0,0.0,0.028895404790140328,0.0,0.0,0.0
2692,0.04682958496186211,x_positive,0.0,0.0,0.04682958496186211,0.0,0.0,0.0
2693,0.047490656433200246,x_positive,0.0,0.0,0.047490656433200246,0.0,0.0,0.0
2694,0.06423811547057164,x_positive,0.0,0.0,0.06423811547057164,0.0,0.0,0.0
2695,0.0651467608191667,x_positive,0.0,0.0,0.0651467608191667,0.0,0.0,0.0
2696,0.08058578306567306,x_positive,0.0,0.0,0.08058578306567306,0.0,0.0,0.0
2697,0.08172368144590623,x_positive,0.0,0.0,0.08172368144590623,0.0,0.0,0.0
2698,0.09555357008855202,x_positive,0.0,0.0,0.09555357008855202,0.0,0.0,0.0
2699,0.09692737714253868,x_positive,0.0,0.0,0.09692737714253868,0.0,0.0,0.0
2700,0.10884811338727621,x_positive,0.0,0.0,0.10884811338727621,0.0,0.0,0.0
2701,0.11043142902158669,x_positive,0.0,0.0,0.11043142902158669,0.0,0.0,0.0
2702,0.12014827806859214,x_positive,0.0,0.0,0.12014827806859214,0.0,0.0,0.0
2703,0.12193103264409523,x_positive,0.0,0.0,0.12193103264409523,0.0,0.0,0.0
2704,0.12922325947430768,x_positive,0.0,0.0,0.12922325947430768,0.0,0.0,0.0
2705,0.13122411378970317,x_positive,0.0,0.0,0.13122411378970317,0.0,0.0,0.0
2706,0.13596234490325568,x_positive,0.0,0.0,0.13596234490325568,0.0,0.0,0.0
2707,0.13812358067028807,x_positive,0.0,0.0,0.13812358067028807,0.0,0.0,0.0
2708,0.1408393822380001,x_positive,0.0,0.0,0.1408393822380001,0.0,0.0,0.0
2709,0.14248690096678593,x_positive,0.0,0.0,0.14248690096678593,0.0,0.0,0.0
2710,0.14256698915910446,x_positive,0.0,0.0,0.14256698915910446,0.0,0.0,0.0
2711,0.1442759894663009,x_positive,0.0,0.0,0.1442759894663009,0.0,0.0,0.0
2712,0.1417639177577088,x_positive,0.0,0.0,0.1417639177577088,0.0,0.0,0.0
2713,0.14352064419119265,x_positive,0.0,0.0,0.14352064419119265,0.0,0.0,0.0
2714,0.13807288534631376,x_positive,0.0,0.0,0.13807288534631376,0.0,0.0,0.0
2715,0.1403297401943009,x_positive,0.0,0.0,0.1403297401943009,0.0,0.0,0.0
2716,0.13282752222680633,x_positive,0.0,0.0,0.13282752222680633,0.0,0.0,0.0
2717,0.13497200800016956,x_positive,0.0,0.0,0.13497200800016956,0.0,0.0,0.0
2718,0.12629017720794844,x_positive,0.0,0.0,0.12629017720794844,0.0,0.0,0.0
2719,0.12788211074182884,x_positive,0.0,0.0,0.12788211074182884,0.0,0.0,0.0
2720,0.11903082555391684,x_positive,0.0,0.0,0.11903082555391684,0.0,0.0,0.0
2721,0.11978051163398311,x_positive,0.0,0.0,0.11978051163398311,0.0,0.0,0.0
2722,0.10900447681831435,x_positive,0.0,0.0,0.10900447681831435,0.0,0.0,0.0
2723,0.11073178078371322,x_positive,0.0,0.0,0.11073178078371322,0.0,0.0,0.0
2724,0.09873306003006845,x_positive,0.0,0.0,0.09873306003006845,0.0,0.0,0.0
2725,0.10036413436196012,x_positive,0.0,0.0,0.10036413436196012,0.0,0.0,0.0
2726,0.08708909167904114,x_positive,0.0,0.0,0.08708909167904114,0.0,0.0,0.0
2727,0.08884583873331926,x_positive,0.0,0.0,0.08884583873331926,0.0,0.0,0.0
2728,0.07428786194150921,x_positive,0.0,0.0,0.07428786194150921,0.0,0.0,0.0
2729,0.07625991759100362,x_positive,0.0,0.0,0.07625991759100362,0.0,0.0,0.0
2730,0.06061181945994317,x_positive,0.0,0.0,0.06061181945994317,0.0,0.0,0.0
2731,0.06282923342279799,x_positive,0.0,0.0,0.06282923342279799,0.0,0.0,0.0
2732,0.04636845355467394,y_negative,0.0,0.0,0.04636845355467394,0.0,0.0,0.0
2733,0.0488249202993368,y_negative,0.0,0.0,0.0488249202993368,0.0,0.0,0.0
2734,0.03828117080536706,y_negative,0.0,0.0,0.03828117080536706,0.0,0.0,0.0
2735,0.040414742082178,y_negative,0.0,0.0,0.040414742082178,0.0,0.0,0.0
2736,0.04091671496766567,y_negative,0.0,0.0,0.04091671496766567,0.0,0.0,0.0
2737,0.04246680187375281,y_negative,0.0,0.0,0.04246680187375281,0.0,0.0,0.0
2738,0.05110130263047562,y_negative,0.0,0.0,0.05110130263047562,0.0,0.0,0.0
2739,0.05313284887076366,y_negative,0.0,0.0,0.05313284887076366,0.0,0.0,0.0
2740,0.06483066462316066,y_negative,0.0,0.0,0.06483066462316066,0.0,0.0,0.0
2741,0.06816887203771295,y_negative,0.0,0.0,0.06816887203771295,0.0,0.0,0.0
2742,0.07884042845901511,y_negative,0.0,0.0,0.07884042845901511,0.0,0.0,0.0
2743,0.08260169103133509,y_negative,0.0,0.0,0.08260169103133509,0.0,0.0,0.0
2744,0.09150264063857241,x_negative,0.0,0.0,0.09150264063857241,0.0,0.0,0.0
2745,0.09518950464961033,x_negative,0.0,0.0,0.09518950464961033,0.0,0.0,0.0
2746,0.1024884553823538,x_negative,0.0,0.0,0.1024884553823538,0.0,0.0,0.0
2747,0.10579345089677054,x_negative,0.0,0.0,0.10579345089677054,0.0,0.0,0.0
2748,0.11163119118677725,x_negative,0.0,0.0,0.11163119118677725,0.0,0.0,0.0
2749,0.11438003870708664,x_negative,0.0,0.0,0.11438003870708664,0.0,0.0,0.0
2750,0.11915844365554569,x_negative,0.0,0.0,0.11915844365554569,0.0,0.0,0.0
2751,0.12120389456033623,x_negative,0.0,0.0,0.12120389456033623,0.0,0.0,0.0
2752,0.12629378180859893,x_negative,0.0,0.0,0.12629378180859893,0.0,0.0,0.0
2753,0.1279655095275644,x_negative,0.0,0.0,0.1279655095275644,0.0,0.0,0.0
2754,0.13447946286218282,x_negative,0.0,0.0,0.13447946286218282,0.0,0.0,0.0
2755,0.13664962644750417,x_negative,0.0,0.0,0.13664962644750417,0.0,0.0,0.0
2756,0.14205076662760266,x_negative,0.0,0.0,0.14205076662760266,0.0,0.0,0.0
2757,0.14492110487135748,x_negative,0.0,0.0,0.14492110487135748,0.0,0.0,0.0
2758,0.14643842925797876,x_negative,0.0,0.0,0.14643842925797876,0.0,0.0,0.0
2759,0.1501173077435494,x_negative,0.0,0.0,0.1501173077435494,0.0,0.0,0.0
2760,0.14922682788509642,x_negative,0.0,0.0,0.14922682788509642,0.0,0.0,0.0
2761,0.1515266667021628,x_negative,0.0,0.0,0.1515266667021628,0.0,0.0,0.0
2762,0.14679524896644983,x_negative,0.0,0.0,0.14679524896644983,0.0,0.0,0.0
2763,0.14935768736116312,x_negative,0.0,0.0,0.14935768736116312,0.0,0.0,0.0
2764,0.141495465658914,x_negative,0.0,0.0,0.141495465658914,0.0,0.0,0.0
2765,0.14372877819589777,x_negative,0.0,0.0,0.14372877819589777,0.0,0.0,0.0
2766,0.13278275629055578,x_negative,0.0,0.0,0.13278275629055578,0.0,0.0,0.0
2767,0.13491596291402505,x_negative,0.0,0.0,0.13491596291402505,0.0,0.0,0.0
2768,0.12118276862863654,x_negative,0.0,0.0,0.12118276862863654,0.0,0.0,0.0
2769,0.12325383930789124,x_negative,0.0,0.0,0.12325383930789124,0.0,0.0,0.0
2770,0.10768447739094741,x_negative,0.0,0.0,0.10768447739094741,0.0,0.0,0.0
2771,0.10953470315135783,x_negative,0.0,0.0,0.10953470315135783,0.0,0.0,0.0
2772,0.09323799444545265,x_negative,0.0,0.0,0.09323799444545265,0.0,0.0,0.0
2773,0.09471865782915506,x_negative,0.0,0.0,0.09471865782915506,0.0,0.0,0.0
2774,0.07816150870238209,x_negative,0.0,0.0,0.07816150870238209,0.0,0.0,0.0
2775,0.07926211349990903,x_negative,0.0,0.0,0.07926211349990903,0.0,0.0,0.0
2776,0.06238122514352367,x_negative,0.0,0.0,0.06238122514352367,0.0,0.0,0.0
2777,0.06315649091449352,x_negative,0.0,0.0,0.06315649091449352,0.0,0.0,0.0
2778,0.04573993620536624,x_negative,0.0,0.0,0.04573993620536624,0.0,0.0,0.0
2779,0.04633714643369264,x_negative,0.0,0.0,0.04633714643369264,0.0,0.0,0.0
2780,0.02806539861784788,x_negative,0.0,0.0,0.02806539861784788,0.0,0.0,0.0
2781,0.028510767479666254,x_negative,0.0,0.0,0.028510767479666254,0.0,0.0,0.0
2782,0.009636328049489317,x_negative,0.0,0.0,0.009636328049489317,0.0,0.0,0.0
2783,0.00978472963935558,x_negative,0.0,0.0,0.00978472963935558,0.0,0.0,0.0
2784,0.01171185651605656,y_positive,0.0,0.0,0.01171185651605656,0.0,0.0,0.0
2785,0.011981114212969445,y_positive,0.0,0.0,0.011981114212969445,0.0,0.0,0.0
2786,0.028102106326128928,x_positive,0.0,0.0,0.028102106326128928,0.0,0.0,0.0
2787,0.028506737615265416,x_positive,0.0,0.0,0.028506737615265416,0.0,0.0,0.0
2788,0.04615507533965393,x_positive,0.0,0.0,0.04615507533965393,0.0,0.0,0.0
2789,0.04682932577696806,x_positive,0.0,0.0,0.04682932577696806,0.0,0.0,0.0
2790,0.06331422107236348,x_positive,0.0,0.0,0.06331422107236348,0.0,0.0,0.0
2791,0.0642399901261055,x_positive,0.0,0.0,0.0642399901261055,0.0,0.0,0.0
2792,0.07942554414686336,x_positive,0.0,0.0,0.07942554414686336,0.0,0.0,0.0
2793,0.08058907411512377,x_positive,0.0,0.0,0.08058907411512377,0.0,0.0,0.0
2794,0.09418957426085371,x_positive,0.0,0.0,0.09418957426085371,0.0,0.0,0.0
2795,0.09555869563180644,x_positive,0.0,0.0,0.09555869563180644,0.0,0.0,0.0
2796,0.10727634126903565,x_positive,0.0,0.0,0.10727634126903565,0.0,0.0,0.0
2797,0.10885475760653766,x_positive,0.0,0.0,0.10885475760653766,0.0,0.0,0.0
2798,0.11842338731490996,x_positive,0.0,0.0,0.11842338731490996,0.0,0.0,0.0
2799,0.12015661309862048,x_positive,0.0,0.0,0.12015661309862048,0.0,0.0,0.0
2800,0.12738037396231003,x_positive,0.0,0.0,0.12738037396231003,0.0,0.0,0.0
2801,0.12923099920677183,x_positive,0.0,0.0,0.12923099920677183,0.0,0.0,0.0
2802,0.13401934748370423,x_positive,0.0,0.0,0.13401934748370423,0.0,0.0,0.0
2803,0.13596513520554407,x_positive,0.0,0.0,0.13596513520554407,0.0,0.0,0.0
2804,0.13875767941291695,x_positive,0.0,0.0,0.13875767941291695,0.0,0.0,0.0
2805,0.14084467397444803,x_positive,0.0,0.0,0.14084467397444803,0.0,0.0,0.0
2806,0.14042713978948915,x_positive,0.0,0.0,0.14042713978948915,0.0,0.0,0.0
2807,0.1425739384230048,x_positive,0.0,0.0,0.1425739384230048,0.0,0.0,0.0
2808,0.13964370604072196,x_positive,0.0,0.0,0.13964370604072196,0.0,0.0,0.0
2809,0.14177221988060923,x_positive,0.0,0.0,0.14177221988060923,0.0,0.0,0.0
2810,0.1359919691773251,x_positive,0.0,0.0,0.1359919691773251,0.0,0.0,0.0
2811,0.1380760181267082,x_positive,0.0,0.0,0.1380760181267082,0.0,0.0,0.0
2812,0.13096313399254086,x_positive,0.0,0.0,0.13096313399254086,0.0,0.0,0.0
2813,0.13282208076594829,x_positive,0.0,0.0,0.13282208076594829,0.0,0.0,0.0
2814,0.12443069204972007,x_positive,0.0,0.0,0.12443069204972007,0.0,0.0,0.0
2815,0.1262755847600082,x_positive,0.0,0.0,0.1262755847600082,0.0,0.0,0.0
2816,0.11747141692522228,x_positive,0.0,0.0,0.11747141692522228,0.0,0.0,0.0
2817,0.11901959906613666,x_positive,0.0,0.0,0.11901959906613666,0.0,0.0,0.0
2818,0.10753170794305325,x_positive,0.0,0.0,0.10753170794305325,0.0,0.0,0.0
2819,0.10899999495431846,x_positive,0.0,0.0,0.10899999495431846,0.0,0.0,0.0
2820,0.09715223321673547,x_positive,0.0,0.0,0.09715223321673547,0.0,0.0,0.0
2821,0.09873390581204873,x_positive,0.0,0.0,0.09873390581204873,0.0,0.0,0.0
2822,0.08536254570752187,x_positive,0.0,0.0,0.08536254570752187,0.0,0.0,0.0
2823,0.08709187889121726,x_positive,0.0,0.0,0.08709187889121726,0.0,0.0,0.0
2824,0.07239184760354138,x_positive,0.0,0.0,0.07239184760354138,0.0,0.0,0.0
2825,0.07429079530281507,x_positive,0.0,0.0,0.07429079530281507,0.0,0.0,0.0
2826,0.0585446438187691,x_positive,0.0,0.0,0.0585446438187691,0.0,0.0,0.0
2827,0.06061496810114021,x_positive,0.0,0.0,0.06061496810114021,0.0,0.0,0.0
2828,0.04420737519292281,x_positive,0.0,0.0,0.04420737519292281,0.0,0.0,0.0
2829,0.04637063823649375,y_negative,0.0,0.0,0.04637063823649375,0.0,0.0,0.0
2830,0.036692645161577477,y_negative,0.0,0.0,0.036692645161577477,0.0,0.0,0.0
2831,0.03828097217148609,y_negative,0.0,0.0,0.03828097217148609,0.0,0.0,0.0
2832,0.03989535233714511,y_negative,0.0,0.0,0.03989535233714511,0.0,0.0,0.0
2833,0.04091505577934419,y_negative,0.0,0.0,0.04091505577934419,0.0,0.0,0.0
2834,0.04884267088578809,y_negative,0.0,0.0,0.04884267088578809,0.0,0.0,0.0
2835,0.05109751016783425,y_negative,0.0,0.0,0.05109751016783425,0.0,0.0,0.0
2836,0.06161997063361262,y_negative,0.0,0.0,0.06161997063361262,0.0,0.0,0.0
2837,0.0648223225303794,y_negative,0.0,0.0,0.0648223225303794,0.0,0.0,0.0
2838,0.07490396591658414,x_negative,0.0,0.0,0.07490396591658414,0.0,0.0,0.0
2839,0.07882346641964277,y_negative,0.0,0.0,0.07882346641964277,0.0,0.0,0.0
2840,0.08743198471627167,x_negative,0.0,0.0,0.08743198471627167,0.0,0.0,0.0
2841,0.09147665022814726,x_negative,0.0,0.0,0.09147665022814726,0.0,0.0,0.0
2842,0.09874326113344947,x_negative,0.0,0.0,0.09874326113344947,0.0,0.0,0.0
2843,0.10245452767165963,x_negative,0.0,0.0,0.10245452767165963,0.0,0.0,0.0
2844,0.10852569250101496,x_negative,0.0,0.0,0.10852569250101496,0.0,0.0,0.0
2845,0.11160118201488048,x_negative,0.0,0.0,0.11160118201488048,0.0,0.0,0.0
2846,0.11694701297086858,x_negative,0.0,0.0,0.11694701297086858,0.0,0.0,0.0
2847,0.11915111397565814,x_negative,0.0,0.0,0.11915111397565814,0.0,0.0,0.0
2848,0.12462054864145426,x_negative,0.0,0.0,0.12462054864145426,0.0,0.0,0.0
2849,0.12633344266918758,x_negative,0.0,0.0,0.12633344266918758,0.0,0.0,0.0
2850,0.13226794991345364,x_negative,0.0,0.0,0.13226794991345364,0.0,0.0,0.0
2851,0.13454933935657182,x_negative,0.0,0.0,0.13454933935657182,0.0,0.0,0.0
2852,0.1390504385630111,x_negative,0.0,0.0,0.1390504385630111,0.0,0.0,0.0
2853,0.1421107285992261,x_negative,0.0,0.0,0.1421107285992261,0.0,0.0,0.0
2854,0.1424785799431044,x_negative,0.0,0.0,0.1424785799431044,0.0,0.0,0.0
2855,0.1464687771885201,x_negative,0.0,0.0,0.1464687771885201,0.0,0.0,0.0
2856,0.14636650701317203,x_negative,0.0,0.0,0.14636650701317203,0.0,0.0,0.0
2857,0.14923596486739438,x_negative,0.0,0.0,0.14923596486739438,0.0,0.0,0.0
2858,0.14429676065429808,x_negative,0.0,0.0,0.14429676065429808,0.0,0.0,0.0
2859,0.14679386283407397,x_negative,0.0,0.0,0.14679386283407397,0.0,0.0,0.0
2860,0.13932699233626009,x_negative,0.0,0.0,0.13932699233626009,0.0,0.0,0.0
2861,0.14149074580438264,x_negative,0.0,0.0,0.14149074580438264,0.0,0.0,0.0
2862,0.13067561632832603,x_negative,0.0,0.0,0.13067561632832603,0.0,0.0,0.0
2863,0.13277910383835187,x_negative,0.0,0.0,0.13277910383835187,0.0,0.0,0.0
2864,0.11908908658636111,x_negative,0.0,0.0,0.11908908658636111,0.0,0.0,0.0
2865,0.12118339160627412,x_negative,0.0,0.0,0.12118339160627412,0.0,0.0,0.0
2866,0.10579647962514466,x_negative,0.0,0.0,0.10579647962514466,0.0,0.0,0.0
2867,0.10768533579441512,x_negative,0.0,0.0,0.10768533579441512,0.0,0.0,0.0
2868,0.09173207513070482,x_negative,0.0,0.0,0.09173207513070482,0.0,0.0,0.0
2869,0.09323589793520848,x_negative,0.0,0.0,0.09323589793520848,0.0,0.0,0.0
2870,0.07705526178966951,x_negative,0.0,0.0,0.07705526178966951,0.0,0.0,0.0
2871,0.07815722928708412,x_negative,0.0,0.0,0.07815722928708412,0.0,0.0,0.0
2872,0.06159028719974605,x_negative,0.0,0.0,0.06159028719974605,0.0,0.0,0.0
2873,0.0623759068410399,x_negative,0.0,0.0,0.0623759068410399,0.0,0.0,0.0
2874,0.04511976938004336,x_negative,0.0,0.0,0.04511976938004336,0.0,0.0,0.0
2875,0.04573645248760091,x_negative,0.0,0.0,0.04573645248760091,0.0,0.0,0.0
2876,0.027589751618106235,x_negative,0.0,0.0,0.027589751618106235,0.0,0.0,0.0
2877,0.028063659062862338,x_negative,0.0,0.0,0.028063659062862338,0.0,0.0,0.0
2878,0.009492112423607448,x_negative,0.0,0.0,0.009492112423607448,0.0,0.0,0.0
2879,0.009636091498928738,x_negative,0.0,0.0,0.009636091498928738,0.0,0.0,0.0
2880,0.011460134823376024,y_positive,0.0,0.0,0.011460134823376024,0.0,0.0,0.0
2881,0.011711720952145455,y_positive,0.0,0.0,0.011711720952145455,0.0,0.0,0.0
2882,0.0276922088723332,x_positive,0.0,0.0,0.0276922088723332,0.0,0.0,0.0
2883,0.028102285685143502,x_positive,0.0,0.0,0.028102285685143502,0.0,0.0,0.0
2884,0.04545887255366787,x_positive,0.0,0.0,0.04545887255366787,0.0,0.0,0.0
2885,0.046155558411300875,x_positive,0.0,0.0,0.046155558411300875,0.0,0.0,0.0
2886,0.06237249474219145,x_positive,0.0,0.0,0.06237249474219145,0.0,0.0,0.0
2887,0.06331507597615399,x_positive,0.0,0.0,0.06331507597615399,0.0,0.0,0.0
2888,0.0782549689120597,x_positive,0.0,0.0,0.0782549689120597,0.0,0.0,0.0
2889,0.07942874511247293,x_positive,0.0,0.0,0.07942874511247293,0.0,0.0,0.0
2890,0.09280044972974842,x_positive,0.0,0.0,0.09280044972974842,0.0,0.0,0.0
2891,0.09419439205310329,x_positive,0.0,0.0,0.09419439205310329,0.0,0.0,0.0
2892,0.10569509279692724,x_positive,0.0,0.0,0.10569509279692724,0.0,0.0,0.0
2893,0.10728234150019486,x_positive,0.0,0.0,0.10728234150019486,0.0,0.0,0.0
2894,0.11670090501343611,x_positive,0.0,0.0,0.11670090501343611,0.0,0.0,0.0
2895,0.11843043442644093,x_positive,0.0,0.0,0.11843043442644093,0.0,0.0,0.0
2896,0.12557541478849482,x_positive,0.0,0.0,0.12557541478849482,0.0,0.0,0.0
2897,0.12739156448828962,x_positive,0.0,0.0,0.12739156448828962,0.0,0.0,0.0
2898,0.13216039107319252,x_positive,0.0,0.0,0.13216039107319252,0.0,0.0,0.0
2899,0.13403285653476274,x_positive,0.0,0.0,0.13403285653476274,0.0,0.0,0.0
2900,0.13648355127641237,x_positive,0.0,0.0,0.13648355127641237,0.0,0.0,0.0
2901,0.1387686837131186,x_positive,0.0,0.0,0.1387686837131186,0.0,0.0,0.0
2902,0.13812576796391549,x_positive,0.0,0.0,0.13812576796391549,0.0,0.0,0.0
2903,0.1404382980712294,x_positive,0.0,0.0,0.1404382980712294,0.0,0.0,0.0
2904,0.13734793476188056,x_positive,0.0,0.0,0.13734793476188056,0.0,0.0,0.0
2905,0.13965321025130323,x_positive,0.0,0.0,0.13965321025130323,0.0,0.0,0.0
2906,0.1340066575768823,x_positive,0.0,0.0,0.1340066575768823,0.0,0.0,0.0
2907,0.13599642747848614,x_positive,0.0,0.0,0.13599642747848614,0.0,0.0,0.0
2908,0.12917079211179056,x_positive,0.0,0.0,0.12917079211179056,0.0,0.0,0.0
2909,0.13095877905108175,x_positive,0.0,0.0,0.13095877905108175,0.0,0.0,0.0
2910,0.1226190769036734,x_positive,0.0,0.0,0.1226190769036734,0.0,0.0,0.0
2911,0.12441634919118556,x_positive,0.0,0.0,0.12441634919118556,0.0,0.0,0.0
2912,0.11553722712199263,x_positive,0.0,0.0,0.11553722712199263,0.0,0.0,0.0
2913,0.11745677437283171,x_positive,0.0,0.0,0.11745677437283171,0.0,0.0,0.0
2914,0.10610994352269743,x_positive,0.0,0.0,0.10610994352269743,0.0,0.0,0.0
2915,0.10752143827351887,x_positive,0.0,0.0,0.10752143827351887,0.0,0.0,0.0
2916,0.09558798505882103,x_positive,0.0,0.0,0.09558798505882103,0.0,0.0,0.0
2917,0.09714540188729347,x_positive,0.0,0.0,0.09714540188729347,0.0,0.0,0.0
2918,0.08372186302420767,x_positive,0.0,0.0,0.08372186302420767,0.0,0.0,0.0
2919,0.08536021857358246,x_positive,0.0,0.0,0.08536021857358246,0.0,0.0,0.0
2920,0.07066696344986063,x_positive,0.0,0.0,0.07066696344986063,0.0,0.0,0.0
2921,0.0723920887903192,x_positive,0.0,0.0,0.0723920887903192,0.0,0.0,0.0
2922,0.056750850760161176,x_positive,0.0,0.0,0.056750850760161176,0.0,0.0,0.0
2923,0.058546442283653286,x_positive,0.0,0.0,0.058546442283653286,0.0,0.0,0.0
2924,0.04242706906895375,x_positive,0.0,0.0,0.04242706906895375,0.0,0.0,0.0
2925,0.04420887862262267,x_positive,0.0,0.0,0.04420887862262267,0.0,0.0,0.0
2926,0.03548913449864794,y_negative,0.0,0.0,0.03548913449864794,0.0,0.0,0.0
2927,0.03669341688110351,y_negative,0.0,0.0,0.03669341688110351,0.0,0.0,0.0
2928,0.0391423039166165,y_negative,0.0,0.0,0.0391423039166165,0.0,0.0,0.0
2929,0.039894511570829516,y_negative,0.0,0.0,0.039894511570829516,0.0,0.0,0.0
2930,0.046805083326302684,y_negative,0.0,0.0,0.046805083326302684,0.0,0.0,0.0
2931,0.04883921372743801,y_negative,0.0,0.0,0.04883921372743801,0.0,0.0,0.0
2932,0.059068961908558,y_negative,0.0,0.0,0.059068961908558,0.0,0.0,0.0
2933,0.06161194913336372,y_negative,0.0,0.0,0.06161194913336372,0.0,0.0,0.0
2934,0.0715961315259348,x_negative,0.0,0.0,0.0715961315259348,0.0,0.0,0.0
2935,0.07488633492328481,x_negative,0.0,0.0,0.07488633492328481,0.0,0.0,0.0
2936,0.08394866203681686,x_negative,0.0,0.0,0.08394866203681686,0.0,0.0,0.0
2937,0.08739665585584247,x_negative,0.0,0.0,0.08739665585584247,0.0,0.0,0.0
2938,0.09545970767838403,x_negative,0.0,0.0,0.09545970767838403,0.0,0.0,0.0
2939,0.09868426216350869,x_negative,0.0,0.0,0.09868426216350869,0.0,0.0,0.0
2940,0.10568566999378647,x_negative,0.0,0.0,0.10568566999378647,0.0,0.0,0.0
2941,0.10844048427361365,x_negative,0.0,0.0,0.10844048427361365,0.0,0.0,0.0
2942,0.11470956504198146,x_negative,0.0,0.0,0.11470956504198146,0.0,0.0,0.0
2943,0.11685221641347708,x_negative,0.0,0.0,0.11685221641347708,0.0,0.0,0.0
2944,0.1227382846431106,x_negative,0.0,0.0,0.1227382846431106,0.0,0.0,0.0
2945,0.12455572354074916,x_negative,0.0,0.0,0.12455572354074916,0.0,0.0,0.0
2946,0.12995339408658313,x_negative,0.0,0.0,0.12995339408658313,0.0,0.0,0.0
2947,0.1322491084654039,x_negative,0.0,0.0,0.1322491084654039,0.0,0.0,0.0
2948,0.1360992590888546,x_negative,0.0,0.0,0.1360992590888546,0.0,0.0,0.0
2949,0.1390545851792178,x_negative,0.0,0.0,0.1390545851792178,0.0,0.0,0.0
2950,0.13923485505865513,x_negative,0.0,0.0,0.13923485505865513,0.0,0.0,0.0
2951,0.1424786357263126,x_negative,0.0,0.0,0.1424786357263126,0.0,0.0,0.0
2952,0.14320768811276452,x_negative,0.0,0.0,0.14320768811276452,0.0,0.0,0.0
2953,0.14635573557963583,x_negative,0.0,0.0,0.14635573557963583,0.0,0.0,0.0
2954,0.14183863506525124,x_negative,0.0,0.0,0.14183863506525124,0.0,0.0,0.0
2955,0.14427983047372098,x_negative,0.0,0.0,0.14427983047372098,0.0,0.0,0.0
2956,0.1371625152136295,x_negative,0.0,0.0,0.1371625152136295,0.0,0.0,0.0
2957,0.13930545901015737,x_negative,0.0,0.0,0.13930545901015737,0.0,0.0,0.0
2958,0.12858191188001508,x_negative,0.0,0.0,0.12858191188001508,0.0,0.0,0.0
2959,0.13065953882971446,x_negative,0.0,0.0,0.13065953882971446,0.0,0.0,0.0
2960,0.11700909066432837,x_negative,0.0,0.0,0.11700909066432837,0.0,0.0,0.0
2961,0.11907927824316206,x_negative,0.0,0.0,0.11907927824316206,0.0,0.0,0.0
2962,0.10392527787320967,x_negative,0.0,0.0,0.10392527787320967,0.0,0.0,0.0
2963,0.10579077314885126,x_negative,0.0,0.0,0.10579077314885126,0.0,0.0,0.0
2964,0.09023317018437778,x_negative,0.0,0.0,0.09023317018437778,0.0,0.0,0.0
2965,0.09172765440400084,x_negative,0.0,0.0,0.09172765440400084,0.0,0.0,0.0
2966,0.07593687789717599,x_negative,0.0,0.0,0.07593687789717599,0.0,0.0,0.0
2967,0.07705204257312911,x_negative,0.0,0.0,0.07705204257312911,0.0,0.0,0.0
2968,0.06079121626462844,x_negative,0.0,0.0,0.06079121626462844,0.0,0.0,0.0
2969,0.06158696962717086,x_negative,0.0,0.0,0.06158696962717086,0.0,0.0,0.0
2970,0.04447680141674404,x_negative,0.0,0.0,0.04447680141674404,0.0,0.0,0.0
2971,0.045116834318396866,x_negative,0.0,0.0,0.045116834318396866,0.0,0.0,0.0
2972,0.027108884294091584,x_negative,0.0,0.0,0.027108884294091584,0.0,0.0,0.0
2973,0.02758845333794563,x_negative,0.0,0.0,0.02758845333794563,0.0,0.0,0.0
2974,0.009353461441682474,x_negative,0.0,0.0,0.009353461441682474,0.0,0.0,0.0
2975,0.009491823370109178,x_negative,0.0,0.0,0.009491823370109178,0.0,0.0,0.0
2976,0.01122701239158065,y_positive,0.0,0.0,0.01122701239158065,0.0,0.0,0.0
2977,0.011460002923680202,y_positive,0.0,0.0,0.011460002923680202,0.0,0.0,0.0
2978,0.02727092817011756,x_positive,0.0,0.0,0.02727092817011756,0.0,0.0,0.0
2979,0.027691842100351548,x_positive,0.0,0.0,0.027691842100351548,0.0,0.0,0.0
2980,0.04476616562923384,x_positive,0.0,0.0,0.04476616562923384,0.0,0.0,0.0
2981,0.04545957105527455,x_positive,0.0,0.0,0.04545957105527455,0.0,0.0,0.0
2982,0.06141559579956241,x_positive,0.0,0.0,0.06141559579956241,0.0,0.0,0.0
2983,0.062374442163650214,x_positive,0.0,0.0,0.062374442163650214,0.0,0.0,0.0
2984,0.07706105660191569,x_positive,0.0,0.0,0.07706105660191569,0.0,0.0,0.0
2985,0.07825862010651477,x_positive,0.0,0.0,0.07825862010651477,0.0,0.0,0.0
2986,0.09139093231516832,x_positive,0.0,0.0,0.09139093231516832,0.0,0.0,0.0
2987,0.0928057713351003,x_positive,0.0,0.0,0.0928057713351003,0.0,0.0,0.0
2988,0.10408188758350766,x_positive,0.0,0.0,0.10408188758350766,0.0,0.0,0.0
2989,0.10570339479640166,x_positive,0.0,0.0,0.10570339479640166,0.0,0.0,0.0
2990,0.11494168649306993,x_positive,0.0,0.0,0.11494168649306993,0.0,0.0,0.0
2991,0.11671083022543859,x_positive,0.0,0.0,0.11671083022543859,0.0,0.0,0.0
2992,0.12370685403520648,x_positive,0.0,0.0,0.12370685403520648,0.0,0.0,0.0
2993,0.12558607030457564,x_positive,0.0,0.0,0.12558607030457564,0.0,0.0,0.0
2994,0.13021184620212478,x_positive,0.0,0.0,0.13021184620212478,0.0,0.0,0.0
2995,0.13217320227768575,x_positive,0.0,0.0,0.13217320227768575,0.0,0.0,0.0
2996,0.1342787918134238,x_positive,0.0,0.0,0.1342787918134238,0.0,0.0,0.0
2997,0.13649748848325824,x_positive,0.0,0.0,0.13649748848325824,0.0,0.0,0.0
2998,0.13588324127316984,x_positive,0.0,0.0,0.13588324127316984,0.0,0.0,0.0
2999,0.13813828828063096,x_positive,0.0,0.0,0.13813828828063096,0.0,0.0,0.0
3000,0.135084783192655,x_positive,0.0,0.0,0.135084783192655,0.0,0.0,0.0
3001,0.1373581338303472,x_positive,0.0,0.0,0.1373581338303472,0.0,0.0,0.0
3002,0.13205442364657463,x_positive,0.0,0.0,0.13205442364657463,0.0,0.0,0.0
3003,0.13401540013423396,x_positive,0.0,0.0,0.13401540013423396,0.0,0.0,0.0
3004,0.12721256436739373,x_positive,0.0,0.0,0.12721256436739373,0.0,0.0,0.0
3005,0.1291695880629634,x_positive,0.0,0.0,0.1291695880629634,0.0,0.0,0.0
3006,0.1211236260610002,x_positive,0.0,0.0,0.1211236260610002,0.0,0.0,0.0
3007,0.12260889328477857,x_positive,0.0,0.0,0.12260889328477857,0.0,0.0,0.0
3008,0.11361520112292606,x_positive,0.0,0.0,0.11361520112292606,0.0,0.0,0.0
3009,0.11552237469292613,x_positive,0.0,0.0,0.11552237469292613,0.0,0.0,0.0
3010,0.1045627726716616,x_positive,0.0,0.0,0.1045627726716616,0.0,0.0,0.0
3011,0.10609529842265564,x_positive,0.0,0.0,0.10609529842265564,0.0,0.0,0.0
3012,0.09403690525068209,x_positive,0.0,0.0,0.09403690525068209,0.0,0.0,0.0
3013,0.09557691943040021,x_positive,0.0,0.0,0.09557691943040021,0.0,0.0,0.0
3014,0.08220373790086422,x_positive,0.0,0.0,0.08220373790086422,0.0,0.0,0.0
3015,0.08371407868230206,x_positive,0.0,0.0,0.08371407868230206,0.0,0.0,0.0
3016,0.069205672066299,x_positive,0.0,0.0,0.069205672066299,0.0,0.0,0.0
3017,0.07066363406380274,x_positive,0.0,0.0,0.07066363406380274,0.0,0.0,0.0
3018,0.05535004353368939,x_positive,0.0,0.0,0.05535004353368939,0.0,0.0,0.0
3019,0.056750096787688116,x_positive,0.0,0.0,0.056750096787688116,0.0,0.0,0.0
3020,0.04109965631172718,x_positive,0.0,0.0,0.04109965631172718,0.0,0.0,0.0
3021,0.042426840595807085,x_positive,0.0,0.0,0.042426840595807085,0.0,0.0,0.0
3022,0.034499896043093004,y_negative,0.0,0.0,0.034499896043093004,0.0,0.0,0.0
3023,0.03548836911913872,y_negative,0.0,0.0,0.03548836911913872,0.0,0.0,0.0
3024,0.0383881771068114,y_negative,0.0,0.0,0.0383881771068114,0.0,0.0,0.0
3025,0.039141555457549757,y_negative,0.0,0.0,0.039141555457549757,0.0,0.0,0.0
3026,0.04541754347996679,y_negative,0.0,0.0,0.04541754347996679,0.0,0.0,0.0
3027,0.04680333366546789,y_negative,0.0,0.0,0.04680333366546789,0.0,0.0,0.0
3028,0.0576533445367438,y_negative,0.0,0.0,0.0576533445367438,0.0,0.0,0.0
3029,0.05906315613287963,y_negative,0.0,0.0,0.05906315613287963,0.0,0.0,0.0
3030,0.06950479708800245,x_negative,0.0,0.0,0.06950479708800245,0.0,0.0,0.0
3031,0.07158279657758483,x_negative,0.0,0.0,0.07158279657758483,0.0,0.0,0.0
3032,0.08173739329543821,x_negative,0.0,0.0,0.08173739329543821,0.0,0.0,0.0
3033,0.08391911811927003,x_negative,0.0,0.0,0.08391911811927003,0.0,0.0,0.0
3034,0.09322019077212795,x_negative,0.0,0.0,0.09322019077212795,0.0,0.0,0.0
3035,0.0954029737669946,x_negative,0.0,0.0,0.0954029737669946,0.0,0.0,0.0
3036,0.10350171658032627,x_negative,0.0,0.0,0.10350171658032627,0.0,0.0,0.0
3037,0.10559162200737145,x_negative,0.0,0.0,0.10559162200737145,0.0,0.0,0.0
3038,0.11262012786804103,x_negative,0.0,0.0,0.11262012786804103,0.0,0.0,0.0
3039,0.11458415694212175,x_negative,0.0,0.0,0.11458415694212175,0.0,0.0,0.0
3040,0.12061524475787495,x_negative,0.0,0.0,0.12061524475787495,0.0,0.0,0.0
3041,0.12261718070319313,x_negative,0.0,0.0,0.12261718070319313,0.0,0.0,0.0
3042,0.12752333655148543,x_negative,0.0,0.0,0.12752333655148543,0.0,0.0,0.0
3043,0.12986562810699803,x_negative,0.0,0.0,0.12986562810699803,0.0,0.0,0.0
3044,0.13322878197411867,x_negative,0.0,0.0,0.13322878197411867,0.0,0.0,0.0
3045,0.1360480390217715,x_negative,0.0,0.0,0.1360480390217715,0.0,0.0,0.0
3046,0.13762593211475063,x_negative,0.0,0.0,0.13762593211475063,0.0,0.0,0.0
3047,0.1392037638801848,x_negative,0.0,0.0,0.1392037638801848,0.0,0.0,0.0
3048,0.1400238758384656,x_negative,0.0,0.0,0.1400238758384656,0.0,0.0,0.0
3049,0.14318079568203754,x_negative,0.0,0.0,0.14318079568203754,0.0,0.0,0.0
3050,0.13939977981289745,x_negative,0.0,0.0,0.13939977981289745,0.0,0.0,0.0
3051,0.14181371004205245,x_negative,0.0,0.0,0.14181371004205245,0.0,0.0,0.0
3052,0.1349717776591023,x_negative,0.0,0.0,0.1349717776591023,0.0,0.0,0.0
3053,0.13713705508177254,x_negative,0.0,0.0,0.13713705508177254,0.0,0.0,0.0
3054,0.12648752467595983,x_negative,0.0,0.0,0.12648752467595983,0.0,0.0,0.0
3055,0.12855672793104744,x_negative,0.0,0.0,0.12855672793104744,0.0,0.0,0.0
3056,0.11499942512358168,x_negative,0.0,0.0,0.11499942512358168,0.0,0.0,0.0
3057,0.11699046293922676,x_negative,0.0,0.0,0.11699046293922676,0.0,0.0,0.0
3058,0.10211373604150038,x_negative,0.0,0.0,0.10211373604150038,0.0,0.0,0.0
3059,0.1039148922226377,x_negative,0.0,0.0,0.1039148922226377,0.0,0.0,0.0
3060,0.08873630046820936,x_negative,0.0,0.0,0.08873630046820936,0.0,0.0,0.0
3061,0.09022484370356458,x_negative,0.0,0.0,0.09022484370356458,0.0,0.0,0.0
3062,0.0747850466804987,x_negative,0.0,0.0,0.0747850466804987,0.0,0.0,0.0
3063,0.07593018329132889,x_negative,0.0,0.0,0.07593018329132889,0.0,0.0,0.0
3064,0.0599280253897905,x_negative,0.0,0.0,0.0599280253897905,0.0,0.0,0.0
3065,0.06078670217335065,x_negative,0.0,0.0,0.06078670217335065,0.0,0.0,0.0
3066,0.043811957379153756,x_negative,0.0,0.0,0.043811957379153756,0.0,0.0,0.0
3067,0.04447379163265924,x_negative,0.0,0.0,0.04447379163265924,0.0,0.0,0.0
3068,0.026657754561455412,x_negative,0.0,0.0,0.026657754561455412,0.0,0.0,0.0
3069,0.027107155201890536,x_negative,0.0,0.0,0.027107155201890536,0.0,0.0,0.0
3070,0.009208887870202518,x_negative,0.0,0.0,0.009208887870202518,0.0,0.0,0.0
3071,0.009353234948201134,x_negative,0.0,0.0,0.009353234948201134,0.0,0.0,0.0
3072,0.011029786030938371,y_positive,0.0,0.0,0.011029786030938371,0.0,0.0,0.0
3073,0.011226248056129899,y_positive,0.0,0.0,0.011226248056129899,0.0,0.0,0.0
3074,0.02683851156041615,x_positive,0.0,0.0,0.02683851156041615,0.0,0.0,0.0
3075,0.02726918601588265,x_positive,0.0,0.0,0.02726918601588265,0.0,0.0,0.0
3076,0.044044985773729006,x_positive,0.0,0.0,0.044044985773729006,0.0,0.0,0.0
3077,0.04476347746015136,x_positive,0.0,0.0,0.04476347746015136,0.0,0.0,0.0
3078,0.060430514010558115,x_positive,0.0,0.0,0.060430514010558115,0.0,0.0,0.0
3079,0.0614133673411932,x_positive,0.0,0.0,0.0614133673411932,0.0,0.0,0.0
3080,0.07582977047057923,x_positive,0.0,0.0,0.07582977047057923,0.0,0.0,0.0
3081,0.07705937007336788,x_positive,0.0,0.0,0.07705937007336788,0.0,0.0,0.0
3082,0.08992714531644451,x_positive,0.0,0.0,0.08992714531644451,0.0,0.0,0.0
3083,0.09139100124552893,x_positive,0.0,0.0,0.09139100124552893,0.0,0.0,0.0
3084,0.10242103160833581,x_positive,0.0,0.0,0.10242103160833581,0.0,0.0,0.0
3085,0.10408331797898697,x_positive,0.0,0.0,0.10408331797898697,0.0,0.0,0.0
3086,0.11310481508258018,x_positive,0.0,0.0,0.11310481508258018,0.0,0.0,0.0
3087,0.11494526408779392,x_positive,0.0,0.0,0.11494526408779392,0.0,0.0,0.0
3088,0.12173552209250588,x_positive,0.0,0.0,0.12173552209250588,0.0,0.0,0.0
3089,0.12371317811378024,x_positive,0.0,0.0,0.12371317811378024,0.0,0.0,0.0
3090,0.1281366926622255,x_positive,0.0,0.0,0.1281366926622255,0.0,0.0,0.0
3091,0.13022149957631815,x_positive,0.0,0.0,0.13022149957631815,0.0,0.0,0.0
3092,0.13213792483717804,x_positive,0.0,0.0,0.13213792483717804,0.0,0.0,0.0
3093,0.1342889711128703,x_positive,0.0,0.0,0.1342889711128703,0.0,0.0,0.0
3094,0.1337172543669753,x_positive,0.0,0.0,0.1337172543669753,0.0,0.0,0.0
3095,0.1358951220981739,x_positive,0.0,0.0,0.1358951220981739,0.0,0.0,0.0
3096,0.13289311276394425,x_positive,0.0,0.0,0.13289311276394425,0.0,0.0,0.0
3097,0.13509414501392128,x_positive,0.0,0.0,0.13509414501392128,0.0,0.0,0.0
3098,0.12998817395196713,x_positive,0.0,0.0,0.12998817395196713,0.0,0.0,0.0
3099,0.13206500191030626,x_positive,0.0,0.0,0.13206500191030626,0.0,0.0,0.0
3100,0.12511452493294428,x_positive,0.0,0.0,0.12511452493294428,0.0,0.0,0.0
3101,0.1272183237503933,x_positive,0.0,0.0,0.1272183237503933,0.0,0.0,0.0
3102,0.11956199424561909,x_positive,0.0,0.0,0.11956199424561909,0.0,0.0,0.0
3103,0.12112398366211775,x_positive,0.0,0.0,0.12112398366211775,0.0,0.0,0.0
3104,0.11180759739645489,x_positive,0.0,0.0,0.11180759739645489,0.0,0.0,0.0
3105,0.11361462706339925,x_positive,0.0,0.0,0.11361462706339925,0.0,0.0,0.0
3106,0.10288884039274354,x_positive,0.0,0.0,0.10288884039274354,0.0,0.0,0.0
3107,0.10456109047896026,x_positive,0.0,0.0,0.10456109047896026,0.0,0.0,0.0
3108,0.09250275350343157,x_positive,0.0,0.0,0.09250275350343157,0.0,0.0,0.0
3109,0.09403641760124042,x_positive,0.0,0.0,0.09403641760124042,0.0,0.0,0.0
3110,0.08082917407490679,x_positive,0.0,0.0,0.08082917407490679,0.0,0.0,0.0
3111,0.08220430534679386,x_positive,0.0,0.0,0.08220430534679386,0.0,0.0,0.0
3112,0.06800152364833707,x_positive,0.0,0.0,0.06800152364833707,0.0,0.0,0.0
3113,0.06920767253912999,x_positive,0.0,0.0,0.06920767253912999,0.0,0.0,0.0
3114,0.054335697725512194,x_positive,0.0,0.0,0.054335697725512194,0.0,0.0,0.0
3115,0.05535309602664335,x_positive,0.0,0.0,0.05535309602664335,0.0,0.0,0.0
3116,0.04022232719073123,x_positive,0.0,0.0,0.04022232719073123,0.0,0.0,0.0
3117,0.041103463416799206,x_positive,0.0,0.0,0.041103463416799206,0.0,0.0,0.0
3118,0.03372670078398501,y_negative,0.0,0.0,0.03372670078398501,0.0,0.0,0.0
3119,0.034502400759730815,y_negative,0.0,0.0,0.034502400759730815,0.0,0.0,0.0
3120,0.037847140527010326,y_negative,0.0,0.0,0.037847140527010326,0.0,0.0,0.0
3121,0.038389239224342606,y_negative,0.0,0.0,0.038389239224342606,0.0,0.0,0.0
3122,0.04444366321648052,y_negative,0.0,0.0,0.04444366321648052,0.0,0.0,0.0
3123,0.04541700404376439,y_negative,0.0,0.0,0.04541700404376439,0.0,0.0,0.0
3124,0.05683161673546999,y_negative,0.0,0.0,0.05683161673546999,0.0,0.0,0.0
3125,0.05765236609130827,y_negative,0.0,0.0,0.05765236609130827,0.0,0.0,0.0
3126,0.06835081531129689,x_negative,0.0,0.0,0.06835081531129689,0.0,0.0,0.0
3127,0.0695005829159671,x_negative,0.0,0.0,0.0695005829159671,0.0,0.0,0.0
3128,0.08041309884252194,x_negative,0.0,0.0,0.08041309884252194,0.0,0.0,0.0
3129,0.08172760394760012,x_negative,0.0,0.0,0.08172760394760012,0.0,0.0,0.0
3130,0.09172351012806566,x_negative,0.0,0.0,0.09172351012806566,0.0,0.0,0.0
3131,0.09320133063025131,x_negative,0.0,0.0,0.09320133063025131,0.0,0.0,0.0
3132,0.10182305818824894,x_negative,0.0,0.0,0.10182305818824894,0.0,0.0,0.0
3133,0.10347038526369955,x_negative,0.0,0.0,0.10347038526369955,0.0,0.0,0.0
3134,0.11074636980068812,x_negative,0.0,0.0,0.11074636980068812,0.0,0.0,0.0
3135,0.11257663152331432,x_negative,0.0,0.0,0.11257663152331432,0.0,0.0,0.0
3136,0.11853484638116282,x_negative,0.0,0.0,0.11853484638116282,0.0,0.0,0.0
3137,0.12056635007337821,x_negative,0.0,0.0,0.12056635007337821,0.0,0.0,0.0
3138,0.1252308544023838,x_negative,0.0,0.0,0.1252308544023838,0.0,0.0,0.0
3139,0.12747942682440025,x_negative,0.0,0.0,0.12747942682440025,0.0,0.0,0.0
3140,0.13073187208614231,x_negative,0.0,0.0,0.13073187208614231,0.0,0.0,0.0
3141,0.13319375409311762,x_negative,0.0,0.0,0.13319375409311762,0.0,0.0,0.0
3142,0.13628534472102632,x_negative,0.0,0.0,0.13628534472102632,0.0,0.0,0.0
3143,0.1375978220877305,x_negative,0.0,0.0,0.1375978220877305,0.0,0.0,0.0
3144,0.13732589020022748,x_negative,0.0,0.0,0.13732589020022748,0.0,0.0,0.0
3145,0.13999901185690503,x_negative,0.0,0.0,0.13999901185690503,0.0,0.0,0.0
3146,0.1370703367661051,x_negative,0.0,0.0,0.1370703367661051,0.0,0.0,0.0
3147,0.13937134203140808,x_negative,0.0,0.0,0.13937134203140808,0.0,0.0,0.0
3148,0.1328147176197116,x_negative,0.0,0.0,0.1328147176197116,0.0,0.0,0.0
3149,0.13494308266611568,x_negative,0.0,0.0,0.13494308266611568,0.0,0.0,0.0
3150,0.12445404818387187,x_negative,0.0,0.0,0.12445404818387187,0.0,0.0,0.0
3151,0.12646023239807622,x_negative,0.0,0.0,0.12646023239807622,0.0,0.0,0.0
3152,0.1130939191152935,x_negative,0.0,0.0,0.1130939191152935,0.0,0.0,0.0
3153,0.11497461008268739,x_negative,0.0,0.0,0.11497461008268739,0.0,0.0,0.0
3154,0.10038816847976609,x_negative,0.0,0.0,0.10038816847976609,0.0,0.0,0.0
3155,0.10209416206081921,x_negative,0.0,0.0,0.10209416206081921,0.0,0.0,0.0
3156,0.08725375516021532,x_negative,0.0,0.0,0.08725375516021532,0.0,0.0,0.0
3157,0.08872244508182422,x_negative,0.0,0.0,0.08872244508182422,0.0,0.0,0.0
3158,0.07358200790085392,x_negative,0.0,0.0,0.07358200790085392,0.0,0.0,0.0
3159,0.07477489922408229,x_negative,0.0,0.0,0.07477489922408229,0.0,0.0,0.0
3160,0.05900014573981627,x_negative,0.0,0.0,0.05900014573981627,0.0,0.0,0.0
3161,0.05991998590223202,x_negative,0.0,0.0,0.05991998590223202,0.0,0.0,0.0
3162,0.043129230727162564,x_negative,0.0,0.0,0.043129230727162564,0.0,0.0,0.0
3163,0.043806900003510896,x_negative,0.0,0.0,0.043806900003510896,0.0,0.0,0.0
3164,0.02622517204978909,x_negative,0.0,0.0,0.02622517204978909,0.0,0.0,0.0
3165,0.026654913364211285,x_negative,0.0,0.0,0.026654913364211285,0.0,0.0,0.0
3166,0.009064689830381119,x_negative,0.0,0.0,0.009064689830381119,0.0,0.0,0.0
3167,0.009207666812510248,x_negative,0.0,0.0,0.009207666812510248,0.0,0.0,0.0
3168,0.010852205848429452,y_positive,0.0,0.0,0.010852205848429452,0.0,0.0,0.0
3169,0.0110297062674492,y_positive,0.0,0.0,0.0110297062674492,0.0,0.0,0.0
3170,0.02639156436409678,x_positive,0.0,0.0,0.02639156436409678,0.0,0.0,0.0
3171,0.026838486320682867,x_positive,0.0,0.0,0.026838486320682867,0.0,0.0,0.0
3172,0.04331086227376566,x_positive,0.0,0.0,0.04331086227376566,0.0,0.0,0.0
3173,0.04404567376345282,x_positive,0.0,0.0,0.04404567376345282,0.0,0.0,0.0
3174,0.05942533397036896,x_positive,0.0,0.0,0.05942533397036896,0.0,0.0,0.0
3175,0.0604321454974897,x_positive,0.0,0.0,0.0604321454974897,0.0,0.0,0.0
3176,0.07456883565076064,x_positive,0.0,0.0,0.07456883565076064,0.0,0.0,0.0
3177,0.075831865132211,x_positive,0.0,0.0,0.075831865132211,0.0,0.0,0.0
3178,0.08843848789640135,x_positive,0.0,0.0,0.08843848789640135,0.0,0.0,0.0
3179,0.08993176163049557,x_positive,0.0,0.0,0.08993176163049557,0.0,0.0,0.0
3180,0.10072092351532905,x_positive,0.0,0.0,0.10072092351532905,0.0,0.0,0.0
3181,0.10242863270124042,x_positive,0.0,0.0,0.10242863270124042,0.0,0.0,0.0
3182,0.11123256434774723,x_positive,0.0,0.0,0.11123256434774723,0.0,0.0,0.0
3183,0.1131137552617042,x_positive,0.0,0.0,0.1131137552617042,0.0,0.0,0.0
3184,0.11971749661384642,x_positive,0.0,0.0,0.11971749661384642,0.0,0.0,0.0
3185,0.12174466393760998,x_positive,0.0,0.0,0.12174466393760998,0.0,0.0,0.0
3186,0.12601508938943623,x_positive,0.0,0.0,0.12601508938943623,0.0,0.0,0.0
3187,0.12814759098987982,x_positive,0.0,0.0,0.12814759098987982,0.0,0.0,0.0
3188,0.12995133753814325,x_positive,0.0,0.0,0.12995133753814325,0.0,0.0,0.0
3189,0.13214878649907086,x_positive,0.0,0.0,0.13214878649907086,0.0,0.0,0.0
3190,0.13151228830103714,x_positive,0.0,0.0,0.13151228830103714,0.0,0.0,0.0
3191,0.13372771590664553,x_positive,0.0,0.0,0.13372771590664553,0.0,0.0,0.0
3192,0.13069850619915002,x_positive,0.0,0.0,0.13069850619915002,0.0,0.0,0.0
3193,0.13290228490058614,x_positive,0.0,0.0,0.13290228490058614,0.0,0.0,0.0
3194,0.12779187192101482,x_positive,0.0,0.0,0.12779187192101482,0.0,0.0,0.0
3195,0.1299962522322835,x_positive,0.0,0.0,0.1299962522322835,0.0,0.0,0.0
3196,0.12304889207531551,x_positive,0.0,0.0,0.12304889207531551,0.0,0.0,0.0
3197,0.1251209187898409,x_positive,0.0,0.0,0.1251209187898409,0.0,0.0,0.0
3198,0.11754007849162589,x_positive,0.0,0.0,0.11754007849162589,0.0,0.0,0.0
3199,0.11956251371515944,x_positive,0.0,0.0,0.11956251371515944,0.0,0.0,0.0
3200,0.10995131686183648,x_positive,0.0,0.0,0.10995131686183648,0.0,0.0,0.0
3201,0.11180588719612854,x_positive,0.0,0.0,0.11180588719612854,0.0,0.0,0.0
3202,0.10118196773017551,x_positive,0.0,0.0,0.10118196773017551,0.0,0.0,0.0
3203,0.102886066822854,x_positive,0.0,0.0,0.102886066822854,0.0,0.0,0.0
3204,0.09098104824760625,x_positive,0.0,0.0,0.09098104824760625,0.0,0.0,0.0
3205,0.09249946256199207,x_positive,0.0,0.0,0.09249946256199207,0.0,0.0,0.0
3206,0.07951790813404457,x_positive,0.0,0.0,0.07951790813404457,0.0,0.0,0.0
3207,0.08082630156049656,x_positive,0.0,0.0,0.08082630156049656,0.0,0.0,0.0
3208,0.06692043148621137,x_positive,0.0,0.0,0.06692043148621137,0.0,0.0,0.0
3209,0.06799975967427695,x_positive,0.0,0.0,0.06799975967427695,0.0,0.0,0.0
3210,0.05350405791139439,x_positive,0.0,0.0,0.05350405791139439,0.0,0.0,0.0
3211,0.054333924765585136,x_positive,0.0,0.0,0.054333924765585136,0.0,0.0,0.0
3212,0.03960318928031556,x_positive,0.0,0.0,0.03960318928031556,0.0,0.0,0.0
3213,0.04022194116832317,x_positive,0.0,0.0,0.04022194116832317,0.0,0.0,0.0
3214,0.03318398457382542,y_negative,0.0,0.0,0.03318398457382542,0.0,0.0,0.0
3215,0.03372654754465895,y_negative,0.0,0.0,0.03372654754465895,0.0,0.0,0.0
3216,0.03757456789739498,y_negative,0.0,0.0,0.03757456789739498,0.0,0.0,0.0
3217,0.03784640191433288,y_negative,0.0,0.0,0.03784640191433288,0.0,0.0,0.0
3218,0.04349938690113819,y_negative,0.0,0.0,0.04349938690113819,0.0,0.0,0.0
3219,0.04444210378650677,y_negative,0.0,0.0,0.04444210378650677,0.0,0.0,0.0
3220,0.055841375783228876,y_negative,0.0,0.0,0.055841375783228876,0.0,0.0,0.0
3221,0.056828605335296295,y_negative,0.0,0.0,0.056828605335296295,0.0,0.0,0.0
3222,0.06735084867612352,x_negative,0.0,0.0,0.06735084867612352,0.0,0.0,0.0
3223,0.06834701129684836,x_negative,0.0,0.0,0.06834701129684836,0.0,0.0,0.0
3224,0.0791721503479551,x_negative,0.0,0.0,0.0791721503479551,0.0,0.0,0.0
3225,0.08040830631431058,x_negative,0.0,0.0,0.08040830631431058,0.0,0.0,0.0
3226,0.09027153172794476,x_negative,0.0,0.0,0.09027153172794476,0.0,0.0,0.0
3227,0.09171891852649121,x_negative,0.0,0.0,0.09171891852649121,0.0,0.0,0.0
3228,0.10018533623266278,x_negative,0.0,0.0,0.10018533623266278,0.0,0.0,0.0
3229,0.10181768254245328,x_negative,0.0,0.0,0.10181768254245328,0.0,0.0,0.0
3230,0.10894934593920054,x_negative,0.0,0.0,0.10894934593920054,0.0,0.0,0.0
3231,0.1107406459013298,x_negative,0.0,0.0,0.1107406459013298,0.0,0.0,0.0
3232,0.11660397027062662,x_negative,0.0,0.0,0.11660397027062662,0.0,0.0,0.0
3233,0.11852860854723452,x_negative,0.0,0.0,0.11852860854723452,0.0,0.0,0.0
3234,0.12321051742011052,x_negative,0.0,0.0,0.12321051742011052,0.0,0.0,0.0
3235,0.12522490924819404,x_negative,0.0,0.0,0.12522490924819404,0.0,0.0,0.0
3236,0.12867398170935032,x_negative,0.0,0.0,0.12867398170935032,0.0,0.0,0.0
3237,0.1307245054419856,x_negative,0.0,0.0,0.1307245054419856,0.0,0.0,0.0
3238,0.13381931024988775,x_negative,0.0,0.0,0.13381931024988775,0.0,0.0,0.0
3239,0.13627756181854833,x_negative,0.0,0.0,0.13627756181854833,0.0,0.0,0.0
3240,0.13518003928289304,x_negative,0.0,0.0,0.13518003928289304,0.0,0.0,0.0
3241,0.1373190893406594,x_negative,0.0,0.0,0.1373190893406594,0.0,0.0,0.0
3242,0.13490825080773727,x_negative,0.0,0.0,0.13490825080773727,0.0,0.0,0.0
3243,0.13706326512210226,x_negative,0.0,0.0,0.13706326512210226,0.0,0.0,0.0
3244,0.13071946019826247,x_negative,0.0,0.0,0.13071946019826247,0.0,0.0,0.0
3245,0.13280624816099956,x_negative,0.0,0.0,0.13280624816099956,0.0,0.0,0.0
3246,0.12249116913473951,x_negative,0.0,0.0,0.12249116913473951,0.0,0.0,0.0
3247,0.12444457414106316,x_negative,0.0,0.0,0.12444457414106316,0.0,0.0,0.0
3248,0.11127909068028047,x_negative,0.0,0.0,0.11127909068028047,0.0,0.0,0.0
3249,0.11308507202129897,x_negative,0.0,0.0,0.11308507202129897,0.0,0.0,0.0
3250,0.09874791110177059,x_negative,0.0,0.0,0.09874791110177059,0.0,0.0,0.0
3251,0.10037926863520656,x_negative,0.0,0.0,0.10037926863520656,0.0,0.0,0.0
3252,0.08580696489564149,x_negative,0.0,0.0,0.08580696489564149,0.0,0.0,0.0
3253,0.08724744622665834,x_negative,0.0,0.0,0.08724744622665834,0.0,0.0,0.0
3254,0.07236795066057469,x_negative,0.0,0.0,0.07236795066057469,0.0,0.0,0.0
3255,0.07357646323971696,x_negative,0.0,0.0,0.07357646323971696,0.0,0.0,0.0
3256,0.058036212166602194,x_negative,0.0,0.0,0.058036212166602194,0.0,0.0,0.0
3257,0.058995876856044877,x_negative,0.0,0.0,0.058995876856044877,0.0,0.0,0.0
3258,0.04243001824662393,x_negative,0.0,0.0,0.04243001824662393,0.0,0.0,0.0
3259,0.04312625325069441,x_negative,0.0,0.0,0.04312625325069441,0.0,0.0,0.0
3260,0.025800709885799897,x_negative,0.0,0.0,0.025800709885799897,0.0,0.0,0.0
3261,0.026223665337872647,x_negative,0.0,0.0,0.026223665337872647,0.0,0.0,0.0
3262,0.0089123426045182,x_negative,0.0,0.0,0.0089123426045182,0.0,0.0,0.0
3263,0.009064535181104554,x_negative,0.0,0.0,0.009064535181104554,0.0,0.0,0.0
3264,0.010685677823806458,x_positive,0.0,0.0,0.010685677823806458,0.0,0.0,0.0
3265,0.010852038384237159,y_positive,0.0,0.0,0.010852038384237159,0.0,0.0,0.0
3266,0.025939497945678125,x_positive,0.0,0.0,0.025939497945678125,0.0,0.0,0.0
3267,0.026390965481960654,x_positive,0.0,0.0,0.026390965481960654,0.0,0.0,0.0
3268,0.04258090311326286,x_positive,0.0,0.0,0.04258090311326286,0.0,0.0,0.0
3269,0.04331089482840573,x_positive,0.0,0.0,0.04331089482840573,0.0,0.0,0.0
3270,0.058419115505948,x_positive,0.0,0.0,0.058419115505948,0.0,0.0,0.0
3271,0.059426972920743476,x_positive,0.0,0.0,0.059426972920743476,0.0,0.0,0.0
3272,0.07330969335181939,x_positive,0.0,0.0,0.07330969335181939,0.0,0.0,0.0
3273,0.07457141552492108,x_positive,0.0,0.0,0.07457141552492108,0.0,0.0,0.0
3274,0.08693825976906143,x_positive,0.0,0.0,0.08693825976906143,0.0,0.0,0.0
3275,0.08844194475276604,x_positive,0.0,0.0,0.08844194475276604,0.0,0.0,0.0
3276,0.09902069688634511,x_positive,0.0,0.0,0.09902069688634511,0.0,0.0,0.0
3277,0.10072560765576442,x_positive,0.0,0.0,0.10072560765576442,0.0,0.0,0.0
3278,0.1093562617125516,x_positive,0.0,0.0,0.1093562617125516,0.0,0.0,0.0
3279,0.11124046895515363,x_positive,0.0,0.0,0.11124046895515363,0.0,0.0,0.0
3280,0.117691459846288,x_positive,0.0,0.0,0.117691459846288,0.0,0.0,0.0
3281,0.119727000395548,x_positive,0.0,0.0,0.119727000395548,0.0,0.0,0.0
3282,0.12388648743648294,x_positive,0.0,0.0,0.12388648743648294,0.0,0.0,0.0
3283,0.12602389699131933,x_positive,0.0,0.0,0.12602389699131933,0.0,0.0,0.0
3284,0.12775611366956752,x_positive,0.0,0.0,0.12775611366956752,0.0,0.0,0.0
3285,0.12996193290515137,x_positive,0.0,0.0,0.12996193290515137,0.0,0.0,0.0
3286,0.12929599407338588,x_positive,0.0,0.0,0.12929599407338588,0.0,0.0,0.0
3287,0.13152167892387623,x_positive,0.0,0.0,0.13152167892387623,0.0,0.0,0.0
3288,0.12851571723372934,x_positive,0.0,0.0,0.12851571723372934,0.0,0.0,0.0
3289,0.13070739158750794,x_positive,0.0,0.0,0.13070739158750794,0.0,0.0,0.0
3290,0.12559623103111603,x_positive,0.0,0.0,0.12559623103111603,0.0,0.0,0.0
3291,0.1277988042053924,x_positive,0.0,0.0,0.1277988042053924,0.0,0.0,0.0
3292,0.12101005397719893,x_positive,0.0,0.0,0.12101005397719893,0.0,0.0,0.0
3293,0.12305675606323524,x_positive,0.0,0.0,0.12305675606323524,0.0,0.0,0.0
3294,0.11535307377706124,x_positive,0.0,0.0,0.11535307377706124,0.0,0.0,0.0
3295,0.11754629401852813,x_positive,0.0,0.0,0.11754629401852813,0.0,0.0,0.0
3296,0.10809259520631972,x_positive,0.0,0.0,0.10809259520631972,0.0,0.0,0.0
3297,0.10995390664844634,x_positive,0.0,0.0,0.10995390664844634,0.0,0.0,0.0
3298,0.09948020626664021,x_positive,0.0,0.0,0.09948020626664021,0.0,0.0,0.0
3299,0.10118276269387101,x_positive,0.0,0.0,0.10118276269387101,0.0,0.0,0.0
3300,0.08946714202908573,x_positive,0.0,0.0,0.08946714202908573,0.0,0.0,0.0
3301,0.09097987118763862,x_positive,0.0,0.0,0.09097987118763862,0.0,0.0,0.0
3302,0.07822162791191918,x_positive,0.0,0.0,0.07822162791191918,0.0,0.0,0.0
3303,0.07951541816579065,x_positive,0.0,0.0,0.07951541816579065,0.0,0.0,0.0
3304,0.065864530297413,x_positive,0.0,0.0,0.065864530297413,0.0,0.0,0.0
3305,0.06691831040993867,x_positive,0.0,0.0,0.06691831040993867,0.0,0.0,0.0
3306,0.05270491736150083,x_positive,0.0,0.0,0.05270491736150083,0.0,0.0,0.0
3307,0.05350221838321202,x_positive,0.0,0.0,0.05350221838321202,0.0,0.0,0.0
3308,0.03907074898974076,x_positive,0.0,0.0,0.03907074898974076,0.0,0.0,0.0
3309,0.03960149340971645,x_positive,0.0,0.0,0.03960149340971645,0.0,0.0,0.0
3310,0.03274541424114672,y_negative,0.0,0.0,0.03274541424114672,0.0,0.0,0.0
3311,0.033182995605971606,y_negative,0.0,0.0,0.033182995605971606,0.0,0.0,0.0
3312,0.03708785508559307,y_negative,0.0,0.0,0.03708785508559307,0.0,0.0,0.0
3313,0.037573777918826885,y_negative,0.0,0.0,0.037573777918826885,0.0,0.0,0.0
3314,0.04278135787320292,y_negative,0.0,0.0,0.04278135787320292,0.0,0.0,0.0
3315,0.04349819932409119,y_negative,0.0,0.0,0.04349819932409119,0.0,0.0,0.0
3316,0.05482850665559736,y_negative,0.0,0.0,0.05482850665559736,0.0,0.0,0.0
3317,0.05583913773146476,y_negative,0.0,0.0,0.05583913773146476,0.0,0.0,0.0
3318,0.06630463762933157,x_negative,0.0,0.0,0.06630463762933157,0.0,0.0,0.0
3319,0.06734818085346732,x_negative,0.0,0.0,0.06734818085346732,0.0,0.0,0.0
3320,0.07788615636181612,x_negative,0.0,0.0,0.07788615636181612,0.0,0.0,0.0
3321,0.07916774560389518,x_negative,0.0,0.0,0.07916774560389518,0.0,0.0,0.0
3322,0.08878099013721694,x_negative,0.0,0.0,0.08878099013721694,0.0,0.0,0.0
3323,0.09026553688315575,x_negative,0.0,0.0,0.09026553688315575,0.0,0.0,0.0
3324,0.09852015381830395,x_negative,0.0,0.0,0.09852015381830395,0.0,0.0,0.0
3325,0.10017862366683732,x_negative,0.0,0.0,0.10017862366683732,0.0,0.0,0.0
3326,0.10714241858408989,x_negative,0.0,0.0,0.10714241858408989,0.0,0.0,0.0
3327,0.10894327898311029,x_negative,0.0,0.0,0.10894327898311029,0.0,0.0,0.0
3328,0.1147175514132777,x_negative,0.0,0.0,0.1147175514132777,0.0,0.0,0.0
3329,0.1165975015489555,x_negative,0.0,0.0,0.1165975015489555,0.0,0.0,0.0
3330,0.12126512786710521,x_negative,0.0,0.0,0.12126512786710521,0.0,0.0,0.0
3331,0.12320464258385484,x_negative,0.0,0.0,0.12320464258385484,0.0,0.0,0.0
3332,0.12673147262245255,x_negative,0.0,0.0,0.12673147262245255,0.0,0.0,0.0
3333,0.12866840479965383,x_negative,0.0,0.0,0.12866840479965383,0.0,0.0,0.0
3334,0.13102095790369453,x_negative,0.0,0.0,0.13102095790369453,0.0,0.0,0.0
3335,0.13381343077528754,x_negative,0.0,0.0,0.13381343077528754,0.0,0.0,0.0
3336,0.13319319722593756,x_negative,0.0,0.0,0.13319319722593756,0.0,0.0,0.0
3337,0.1351747162666373,x_negative,0.0,0.0,0.1351747162666373,0.0,0.0,0.0
3338,0.13272037662523922,x_negative,0.0,0.0,0.13272037662523922,0.0,0.0,0.0
3339,0.1349031237059565,x_negative,0.0,0.0,0.1349031237059565,0.0,0.0,0.0
3340,0.12856482120739685,x_negative,0.0,0.0,0.12856482120739685,0.0,0.0,0.0
3341,0.13071370078635916,x_negative,0.0,0.0,0.13071370078635916,0.0,0.0,0.0
3342,0.12047266542654146,x_negative,0.0,0.0,0.12047266542654146,0.0,0.0,0.0
3343,0.12248452115997978,x_negative,0.0,0.0,0.12248452115997978,0.0,0.0,0.0
3344,0.10946581683676973,x_negative,0.0,0.0,0.10946581683676973,0.0,0.0,0.0
3345,0.11127283092658007,x_negative,0.0,0.0,0.11127283092658007,0.0,0.0,0.0
3346,0.0971333043154791,x_negative,0.0,0.0,0.0971333043154791,0.0,0.0,0.0
3347,0.09874075917139227,x_negative,0.0,0.0,0.09874075917139227,0.0,0.0,0.0
3348,0.08438663248459106,x_negative,0.0,0.0,0.08438663248459106,0.0,0.0,0.0
3349,0.08579928713528255,x_negative,0.0,0.0,0.08579928713528255,0.0,0.0,0.0
3350,0.0711481738121784,x_negative,0.0,0.0,0.0711481738121784,0.0,0.0,0.0
3351,0.07236272528149265,x_negative,0.0,0.0,0.07236272528149265,0.0,0.0,0.0
3352,0.05705030939246022,x_negative,0.0,0.0,0.05705030939246022,0.0,0.0,0.0
3353,0.05803261090731923,x_negative,0.0,0.0,0.05803261090731923,0.0,0.0,0.0
3354,0.041710050571516756,x_negative,0.0,0.0,0.041710050571516756,0.0,0.0,0.0
3355,0.04242739272721218,x_negative,0.0,0.0,0.04242739272721218,0.0,0.0,0.0
3356,0.025373856997596433,x_negative,0.0,0.0,0.025373856997596433,0.0,0.0,0.0
3357,0.025799707430121808,x_negative,0.0,0.0,0.025799707430121808,0.0,0.0,0.0
3358,0.00876184401497522,x_negative,0.0,0.0,0.00876184401497522,0.0,0.0,0.0
3359,0.008912008055943842,x_negative,0.0,0.0,0.008912008055943842,0.0,0.0,0.0
3360,0.01050192285164416,x_positive,0.0,0.0,0.01050192285164416,0.0,0.0,0.0
3361,0.010685551102218646,x_positive,0.0,0.0,0.010685551102218646,0.0,0.0,0.0
3362,0.02550575500784954,x_positive,0.0,0.0,0.02550575500784954,0.0,0.0,0.0
3363,0.02593923847561673,x_positive,0.0,0.0,0.02593923847561673,0.0,0.0,0.0
3364,0.041866875013109144,x_positive,0.0,0.0,0.041866875013109144,0.0,0.0,0.0
3365,0.042581257510600656,x_positive,0.0,0.0,0.042581257510600656,0.0,0.0,0.0
3366,0.05744226143468564,x_positive,0.0,0.0,0.05744226143468564,0.0,0.0,0.0
3367,0.058419907231121504,x_positive,0.0,0.0,0.058419907231121504,0.0,0.0,0.0
3368,0.07207380306320149,x_positive,0.0,0.0,0.07207380306320149,0.0,0.0,0.0
3369,0.07331155333373952,x_positive,0.0,0.0,0.07331155333373952,0.0,0.0,0.0
3370,0.08547535305128619,x_positive,0.0,0.0,0.08547535305128619,0.0,0.0,0.0
3371,0.08694225627309907,x_positive,0.0,0.0,0.08694225627309907,0.0,0.0,0.0
3372,0.09734969165249367,x_positive,0.0,0.0,0.09734969165249367,0.0,0.0,0.0
3373,0.09902604269743012,x_positive,0.0,0.0,0.09902604269743012,0.0,0.0,0.0
3374,0.10750904092467652,x_positive,0.0,0.0,0.10750904092467652,0.0,0.0,0.0
3375,0.10936213457012052,x_positive,0.0,0.0,0.10936213457012052,0.0,0.0,0.0
3376,0.11570742572196244,x_positive,0.0,0.0,0.11570742572196244,0.0,0.0,0.0
3377,0.11770089313863474,x_positive,0.0,0.0,0.11770089313863474,0.0,0.0,0.0
3378,0.1217974392034766,x_positive,0.0,0.0,0.1217974392034766,0.0,0.0,0.0
3379,0.12389654432266343,x_positive,0.0,0.0,0.12389654432266343,0.0,0.0,0.0
3380,0.12560286289630113,x_positive,0.0,0.0,0.12560286289630113,0.0,0.0,0.0
3381,0.12776697343963817,x_positive,0.0,0.0,0.12776697343963817,0.0,0.0,0.0
3382,0.12710574660854426,x_positive,0.0,0.0,0.12710574660854426,0.0,0.0,0.0
3383,0.12930828224902588,x_positive,0.0,0.0,0.12930828224902588,0.0,0.0,0.0
3384,0.12635803022968511,x_positive,0.0,0.0,0.12635803022968511,0.0,0.0,0.0
3385,0.12852793058179332,x_positive,0.0,0.0,0.12852793058179332,0.0,0.0,0.0
3386,0.12352212752114383,x_positive,0.0,0.0,0.12352212752114383,0.0,0.0,0.0
3387,0.1256051494401826,x_positive,0.0,0.0,0.1256051494401826,0.0,0.0,0.0
3388,0.11899362772735492,x_positive,0.0,0.0,0.11899362772735492,0.0,0.0,0.0
3389,0.12101712929294169,x_positive,0.0,0.0,0.12101712929294169,0.0,0.0,0.0
3390,0.11329581319771732,x_positive,0.0,0.0,0.11329581319771732,0.0,0.0,0.0
3391,0.11535972855032564,x_positive,0.0,0.0,0.11535972855032564,0.0,0.0,0.0
3392,0.10627039887157037,x_positive,0.0,0.0,0.10627039887157037,0.0,0.0,0.0
3393,0.1080995322235323,x_positive,0.0,0.0,0.1080995322235323,0.0,0.0,0.0
3394,0.09780751615074587,x_positive,0.0,0.0,0.09780751615074587,0.0,0.0,0.0
3395,0.09948470997190491,x_positive,0.0,0.0,0.09948470997190491,0.0,0.0,0.0
3396,0.08795969074315568,x_positive,0.0,0.0,0.08795969074315568,0.0,0.0,0.0
3397,0.0894717302756656,x_positive,0.0,0.0,0.0894717302756656,0.0,0.0,0.0
3398,0.07689665101525547,x_positive,0.0,0.0,0.07689665101525547,0.0,0.0,0.0
3399,0.07822511719593547,x_positive,0.0,0.0,0.07822511719593547,0.0,0.0,0.0
3400,0.06473468058767479,x_positive,0.0,0.0,0.06473468058767479,0.0,0.0,0.0
3401,0.06586498897941957,x_positive,0.0,0.0,0.06586498897941957,0.0,0.0,0.0
3402,0.05178123472733232,x_positive,0.0,0.0,0.05178123472733232,0.0,0.0,0.0
3403,0.05270454194986233,x_positive,0.0,0.0,0.05270454194986233,0.0,0.0,0.0
3404,0.03844741772697609,x_positive,0.0,0.0,0.03844741772697609,0.0,0.0,0.0
3405,0.03907025999343053,x_positive,0.0,0.0,0.03907025999343053,0.0,0.0,0.0
3406,0.03227340638855857,y_negative,0.0,0.0,0.03227340638855857,0.0,0.0,0.0
3407,0.032744219599932574,y_negative,0.0,0.0,0.032744219599932574,0.0,0.0,0.0
3408,0.03591048426652524,y_negative,0.0,0.0,0.03591048426652524,0.0,0.0,0.0
3409,0.03708685610061211,y_negative,0.0,0.0,0.03708685610061211,0.0,0.0,0.0
3410,0.042486437379823765,y_negative,0.0,0.0,0.042486437379823765,0.0,0.0,0.0
3411,0.042780559419326396,y_negative,0.0,0.0,0.042780559419326396,0.0,0.0,0.0
3412,0.05392862006133706,y_negative,0.0,0.0,0.05392862006133706,0.0,0.0,0.0
3413,0.05482648467684937,y_negative,0.0,0.0,0.05482648467684937,0.0,0.0,0.0
3414,0.0650155436526248,x_negative,0.0,0.0,0.0650155436526248,0.0,0.0,0.0
3415,0.0663020552063919,x_negative,0.0,0.0,0.0663020552063919,0.0,0.0,0.0
3416,0.07644699154706368,x_negative,0.0,0.0,0.07644699154706368,0.0,0.0,0.0
3417,0.0778829034050117,x_negative,0.0,0.0,0.0778829034050117,0.0,0.0,0.0
3418,0.08718896996912635,x_negative,0.0,0.0,0.08718896996912635,0.0,0.0,0.0
3419,0.08877570825707891,x_negative,0.0,0.0,0.08877570825707891,0.0,0.0,0.0
3420,0.09679446096105651,x_negative,0.0,0.0,0.09679446096105651,0.0,0.0,0.0
3421,0.09851288767120425,x_negative,0.0,0.0,0.09851288767120425,0.0,0.0,0.0
3422,0.10530801228588306,x_negative,0.0,0.0,0.10530801228588306,0.0,0.0,0.0
3423,0.10713475505016055,x_negative,0.0,0.0,0.10713475505016055,0.0,0.0,0.0
3424,0.11278313256459531,x_negative,0.0,0.0,0.11278313256459531,0.0,0.0,0.0
3425,0.11471022230373669,x_negative,0.0,0.0,0.11471022230373669,0.0,0.0,0.0
3426,0.11924714752028882,x_negative,0.0,0.0,0.11924714752028882,0.0,0.0,0.0
3427,0.1212571999587391,x_negative,0.0,0.0,0.1212571999587391,0.0,0.0,0.0
3428,0.1245918307568599,x_negative,0.0,0.0,0.1245918307568599,0.0,0.0,0.0
3429,0.12672573441745466,x_negative,0.0,0.0,0.12672573441745466,0.0,0.0,0.0
3430,0.12870924298167022,x_negative,0.0,0.0,0.12870924298167022,0.0,0.0,0.0
3431,0.13101697910113694,x_negative,0.0,0.0,0.13101697910113694,0.0,0.0,0.0
3432,0.13095348015588132,x_negative,0.0,0.0,0.13095348015588132,0.0,0.0,0.0
3433,0.133190778287366,x_negative,0.0,0.0,0.133190778287366,0.0,0.0,0.0
3434,0.13036243568078806,x_negative,0.0,0.0,0.13036243568078806,0.0,0.0,0.0
3435,0.13271761448471764,x_negative,0.0,0.0,0.13271761448471764,0.0,0.0,0.0
3436,0.1262272169843873,x_negative,0.0,0.0,0.1262272169843873,0.0,0.0,0.0
3437,0.1285624776021772,x_negative,0.0,0.0,0.1285624776021772,0.0,0.0,0.0
3438,0.11828570396905425,x_negative,0.0,0.0,0.11828570396905425,0.0,0.0,0.0
3439,0.12046973620298408,x_negative,0.0,0.0,0.12046973620298408,0.0,0.0,0.0
3440,0.10753823493759035,x_negative,0.0,0.0,0.10753823493759035,0.0,0.0,0.0
3441,0.10945993229059418,x_negative,0.0,0.0,0.10945993229059418,0.0,0.0,0.0
3442,0.09549977063891872,x_negative,0.0,0.0,0.09549977063891872,0.0,0.0,0.0
3443,0.09712755013439361,x_negative,0.0,0.0,0.09712755013439361,0.0,0.0,0.0
3444,0.08298700350236063,x_negative,0.0,0.0,0.08298700350236063,0.0,0.0,0.0
3445,0.08438150367166085,x_negative,0.0,0.0,0.08438150367166085,0.0,0.0,0.0
3446,0.06994413635514944,x_negative,0.0,0.0,0.06994413635514944,0.0,0.0,0.0
3447,0.07114296800524886,x_negative,0.0,0.0,0.07114296800524886,0.0,0.0,0.0
3448,0.05604717343038343,x_negative,0.0,0.0,0.05604717343038343,0.0,0.0,0.0
3449,0.05704703126421653,x_negative,0.0,0.0,0.05704703126421653,0.0,0.0,0.0
3450,0.040974685166960165,x_negative,0.0,0.0,0.040974685166960165,0.0,0.0,0.0
3451,0.04170785361570061,x_negative,0.0,0.0,0.04170785361570061,0.0,0.0,0.0
3452,0.02492935155066322,x_negative,0.0,0.0,0.02492935155066322,0.0,0.0,0.0
3453,0.02537262880515144,x_negative,0.0,0.0,0.02537262880515144,0.0,0.0,0.0
3454,0.00861489438531324,x_negative,0.0,0.0,0.00861489438531324,0.0,0.0,0.0
3455,0.008761549470602589,x_negative,0.0,0.0,0.008761549470602589,0.0,0.0,0.0
3456,0.010302718577557372,x_positive,0.0,0.0,0.010302718577557372,0.0,0.0,0.0
3457,0.010501216279674088,x_positive,0.0,0.0,0.010501216279674088,0.0,0.0,0.0
3458,0.025094280820537114,x_positive,0.0,0.0,0.025094280820537114,0.0,0.0,0.0
3459,0.025503845460675828,x_positive,0.0,0.0,0.025503845460675828,0.0,0.0,0.0
3460,0.04117399149298128,x_positive,0.0,0.0,0.04117399149298128,0.0,0.0,0.0
3461,0.04186449964888511,x_positive,0.0,0.0,0.04186449964888511,0.0,0.0,0.0
3462,0.05648617748096709,x_positive,0.0,0.0,0.05648617748096709,0.0,0.0,0.0
3463,0.05743973330644525,x_positive,0.0,0.0,0.05743973330644525,0.0,0.0,0.0
3464,0.07088032038338792,x_positive,0.0,0.0,0.07088032038338792,0.0,0.0,0.0
3465,0.07207225181630215,x_positive,0.0,0.0,0.07207225181630215,0.0,0.0,0.0
3466,0.08404268089784632,x_positive,0.0,0.0,0.08404268089784632,0.0,0.0,0.0
3467,0.08547379559329003,x_positive,0.0,0.0,0.08547379559329003,0.0,0.0,0.0
3468,0.0957213926124206,x_positive,0.0,0.0,0.0957213926124206,0.0,0.0,0.0
3469,0.09734923402325515,x_positive,0.0,0.0,0.09734923402325515,0.0,0.0,0.0
3470,0.10570203803137013,x_positive,0.0,0.0,0.10570203803137013,0.0,0.0,0.0
3471,0.10751011678685998,x_positive,0.0,0.0,0.10751011678685998,0.0,0.0,0.0
3472,0.11376859523594972,x_positive,0.0,0.0,0.11376859523594972,0.0,0.0,0.0
3473,0.11570995872219746,x_positive,0.0,0.0,0.11570995872219746,0.0,0.0,0.0
3474,0.11976132481858986,x_positive,0.0,0.0,0.11976132481858986,0.0,0.0,0.0
3475,0.12180325383388763,x_positive,0.0,0.0,0.12180325383388763,0.0,0.0,0.0
3476,0.12350201428326178,x_positive,0.0,0.0,0.12350201428326178,0.0,0.0,0.0
3477,0.12560941355678337,x_positive,0.0,0.0,0.12560941355678337,0.0,0.0,0.0
3478,0.12495353040906211,x_positive,0.0,0.0,0.12495353040906211,0.0,0.0,0.0
3479,0.12711495742827109,x_positive,0.0,0.0,0.12711495742827109,0.0,0.0,0.0
3480,0.12420845399355208,x_positive,0.0,0.0,0.12420845399355208,0.0,0.0,0.0
3481,0.12636903553731396,x_positive,0.0,0.0,0.12636903553731396,0.0,0.0,0.0
3482,0.12149819555704472,x_positive,0.0,0.0,0.12149819555704472,0.0,0.0,0.0
3483,0.1235345744003101,x_positive,0.0,0.0,0.1235345744003101,0.0,0.0,0.0
3484,0.116988560636425,x_positive,0.0,0.0,0.116988560636425,0.0,0.0,0.0
3485,0.11900671758904138,x_positive,0.0,0.0,0.11900671758904138,0.0,0.0,0.0
3486,0.11146087295938567,x_positive,0.0,0.0,0.11146087295938567,0.0,0.0,0.0
3487,0.11331065439504626,x_positive,0.0,0.0,0.11331065439504626,0.0,0.0,0.0
3488,0.10451751525435937,x_positive,0.0,0.0,0.10451751525435937,0.0,0.0,0.0
3489,0.1062860129404605,x_positive,0.0,0.0,0.1062860129404605,0.0,0.0,0.0
3490,0.09615088829895416,x_positive,0.0,0.0,0.09615088829895416,0.0,0.0,0.0
3491,0.09782195127189046,x_positive,0.0,0.0,0.09782195127189046,0.0,0.0,0.0
3492,0.08640871420111576,x_positive,0.0,0.0,0.08640871420111576,0.0,0.0,0.0
3493,0.08797103987082006,x_positive,0.0,0.0,0.08797103987082006,0.0,0.0,0.0
3494,0.07547310110407818,x_positive,0.0,0.0,0.07547310110407818,0.0,0.0,0.0
3495,0.07690596795210647,x_positive,0.0,0.0,0.07690596795210647,0.0,0.0,0.0
3496,0.06344700394113809,x_positive,0.0,0.0,0.06344700394113809,0.0,0.0,0.0
3497,0.0647424780958579,x_positive,0.0,0.0,0.0647424780958579,0.0,0.0,0.0
3498,0.05061277524458931,x_positive,0.0,0.0,0.05061277524458931,0.0,0.0,0.0
3499,0.05178624452797716,x_positive,0.0,0.0,0.05178624452797716,0.0,0.0,0.0
3500,0.03769343891478138,x_positive,0.0,0.0,0.03769343891478138,0.0,0.0,0.0
3501,0.03844987050734126,x_positive,0.0,0.0,0.03844987050734126,0.0,0.0,0.0
3502,0.03176040779353777,y_negative,0.0,0.0,0.03176040779353777,0.0,0.0,0.0
3503,0.03227470629755883,y_negative,0.0,0.0,0.03227470629755883,0.0,0.0,0.0
3504,0.033521485184588,y_negative,0.0,0.0,0.033521485184588,0.0,0.0,0.0
3505,0.03591012993372267,y_negative,0.0,0.0,0.03591012993372267,0.0,0.0,0.0
3506,0.040833771950051764,y_negative,0.0,0.0,0.040833771950051764,0.0,0.0,0.0
3507,0.042486775745735415,y_negative,0.0,0.0,0.042486775745735415,0.0,0.0,0.0
3508,0.05201372477254251,y_negative,0.0,0.0,0.05201372477254251,0.0,0.0,0.0
3509,0.05392905175474348,y_negative,0.0,0.0,0.05392905175474348,0.0,0.0,0.0
3510,0.06302134474009242,x_negative,0.0,0.0,0.06302134474009242,0.0,0.0,0.0
3511,0.06501492619729143,x_negative,0.0,0.0,0.06501492619729143,0.0,0.0,0.0
3512,0.07451764717300487,x_negative,0.0,0.0,0.07451764717300487,0.0,0.0,0.0
3513,0.07644739117526082,x_negative,0.0,0.0,0.07644739117526082,0.0,0.0,0.0
3514,0.08529155890836482,x_negative,0.0,0.0,0.08529155890836482,0.0,0.0,0.0
3515,0.08718968110810192,x_negative,0.0,0.0,0.08718968110810192,0.0,0.0,0.0
3516,0.09493734497235182,x_negative,0.0,0.0,0.09493734497235182,0.0,0.0,0.0
3517,0.09679604873662717,x_negative,0.0,0.0,0.09679604873662717,0.0,0.0,0.0
3518,0.1034625141844116,x_negative,0.0,0.0,0.1034625141844116,0.0,0.0,0.0
3519,0.10531098973015014,x_negative,0.0,0.0,0.10531098973015014,0.0,0.0,0.0
3520,0.11089908575042465,x_negative,0.0,0.0,0.11089908575042465,0.0,0.0,0.0
3521,0.11278993181068929,x_negative,0.0,0.0,0.11278993181068929,0.0,0.0,0.0
3522,0.11725320580085281,x_negative,0.0,0.0,0.11725320580085281,0.0,0.0,0.0
3523,0.11925692633769183,x_negative,0.0,0.0,0.11925692633769183,0.0,0.0,0.0
3524,0.12221421814448158,x_negative,0.0,0.0,0.12221421814448158,0.0,0.0,0.0
3525,0.12460131332421093,x_negative,0.0,0.0,0.12460131332421093,0.0,0.0,0.0
3526,0.12649297427493286,x_negative,0.0,0.0,0.12649297427493286,0.0,0.0,0.0
3527,0.1287176171458175,x_negative,0.0,0.0,0.1287176171458175,0.0,0.0,0.0
3528,0.12824758569384118,x_negative,0.0,0.0,0.12824758569384118,0.0,0.0,0.0
3529,0.13095958785710723,x_negative,0.0,0.0,0.13095958785710723,0.0,0.0,0.0
3530,0.12751481139329074,x_negative,0.0,0.0,0.12751481139329074,0.0,0.0,0.0
3531,0.13036441786364503,x_negative,0.0,0.0,0.13036441786364503,0.0,0.0,0.0
3532,0.12341075067262089,x_negative,0.0,0.0,0.12341075067262089,0.0,0.0,0.0
3533,0.12622291288547738,x_negative,0.0,0.0,0.12622291288547738,0.0,0.0,0.0
3534,0.11573900971413843,x_negative,0.0,0.0,0.11573900971413843,0.0,0.0,0.0
3535,0.11827607267826894,x_negative,0.0,0.0,0.11827607267826894,0.0,0.0,0.0
3536,0.10543153190856216,x_negative,0.0,0.0,0.10543153190856216,0.0,0.0,0.0
3537,0.10752770928570753,x_negative,0.0,0.0,0.10752770928570753,0.0,0.0,0.0
3538,0.0937977212348936,x_negative,0.0,0.0,0.0937977212348936,0.0,0.0,0.0
3539,0.09548841682015961,x_negative,0.0,0.0,0.09548841682015961,0.0,0.0,0.0
3540,0.08159469669794397,x_negative,0.0,0.0,0.08159469669794397,0.0,0.0,0.0
3541,0.08297637619663126,x_negative,0.0,0.0,0.08297637619663126,0.0,0.0,0.0
3542,0.06875684052638689,x_negative,0.0,0.0,0.06875684052638689,0.0,0.0,0.0
3543,0.06993563098609093,x_negative,0.0,0.0,0.06993563098609093,0.0,0.0,0.0
3544,0.05504255493995762,x_negative,0.0,0.0,0.05504255493995762,0.0,0.0,0.0
3545,0.056039866779223686,x_negative,0.0,0.0,0.056039866779223686,0.0,0.0,0.0
3546,0.04021352616526871,x_negative,0.0,0.0,0.04021352616526871,0.0,0.0,0.0
3547,0.04096977083137285,x_negative,0.0,0.0,0.04096977083137285,0.0,0.0,0.0
3548,0.02447144234402547,x_negative,0.0,0.0,0.02447144234402547,0.0,0.0,0.0
3549,0.02492614656663866,x_negative,0.0,0.0,0.02492614656663866,0.0,0.0,0.0
3550,0.00846730492143369,x_negative,0.0,0.0,0.00846730492143369,0.0,0.0,0.0
3551,0.008613616057441768,x_negative,0.0,0.0,0.008613616057441768,0.0,0.0,0.0
3552,0.010099439886070413,x_positive,0.0,0.0,0.010099439886070413,0.0,0.0,0.0
3553,0.010302468738886236,x_positive,0.0,0.0,0.010302468738886236,0.0,0.0,0.0
3554,0.024688584497890697,x_positive,0.0,0.0,0.024688584497890697,0.0,0.0,0.0
3555,0.02509408570712593,x_positive,0.0,0.0,0.02509408570712593,0.0,0.0,0.0
3556,0.04049720730815633,x_positive,0.0,0.0,0.04049720730815633,0.0,0.0,0.0
3557,0.04117381532276641,x_positive,0.0,0.0,0.04117381532276641,0.0,0.0,0.0
3558,0.05556449753486906,x_positive,0.0,0.0,0.05556449753486906,0.0,0.0,0.0
3559,0.056486928569006174,x_positive,0.0,0.0,0.056486928569006174,0.0,0.0,0.0
3560,0.06970474481520593,x_positive,0.0,0.0,0.06970474481520593,0.0,0.0,0.0
3561,0.07088196870108349,x_positive,0.0,0.0,0.07088196870108349,0.0,0.0,0.0
3562,0.08263647520720178,x_positive,0.0,0.0,0.08263647520720178,0.0,0.0,0.0
3563,0.08404697518035992,x_positive,0.0,0.0,0.08404697518035992,0.0,0.0,0.0
3564,0.09412888251974812,x_positive,0.0,0.0,0.09412888251974812,0.0,0.0,0.0
3565,0.09572627957709572,x_positive,0.0,0.0,0.09572627957709572,0.0,0.0,0.0
3566,0.10392213574826299,x_positive,0.0,0.0,0.10392213574826299,0.0,0.0,0.0
3567,0.10570857043776297,x_positive,0.0,0.0,0.10570857043776297,0.0,0.0,0.0
3568,0.11185662968185527,x_positive,0.0,0.0,0.11185662968185527,0.0,0.0,0.0
3569,0.11377494082268678,x_positive,0.0,0.0,0.11377494082268678,0.0,0.0,0.0
3570,0.11776174552139393,x_positive,0.0,0.0,0.11776174552139393,0.0,0.0,0.0
3571,0.11976896695010748,x_positive,0.0,0.0,0.11976896695010748,0.0,0.0,0.0
3572,0.12142588849845025,x_positive,0.0,0.0,0.12142588849845025,0.0,0.0,0.0
3573,0.12350883102189014,x_positive,0.0,0.0,0.12350883102189014,0.0,0.0,0.0
3574,0.12283972627340098,x_positive,0.0,0.0,0.12283972627340098,0.0,0.0,0.0
3575,0.12495871870899224,x_positive,0.0,0.0,0.12495871870899224,0.0,0.0,0.0
3576,0.12205948920495285,x_positive,0.0,0.0,0.12205948920495285,0.0,0.0,0.0
3577,0.12421326766025333,x_positive,0.0,0.0,0.12421326766025333,0.0,0.0,0.0
3578,0.11939984069951552,x_positive,0.0,0.0,0.11939984069951552,0.0,0.0,0.0
3579,0.1215046074632258,x_positive,0.0,0.0,0.1215046074632258,0.0,0.0,0.0
3580,0.11500964985962583,x_positive,0.0,0.0,0.11500964985962583,0.0,0.0,0.0
3581,0.11699511460449548,x_positive,0.0,0.0,0.11699511460449548,0.0,0.0,0.0
3582,0.10967671395014268,x_positive,0.0,0.0,0.10967671395014268,0.0,0.0,0.0
3583,0.11146991033994719,x_positive,0.0,0.0,0.11146991033994719,0.0,0.0,0.0
3584,0.10277751520186892,x_positive,0.0,0.0,0.10277751520186892,0.0,0.0,0.0
3585,0.10452548721047145,x_positive,0.0,0.0,0.10452548721047145,0.0,0.0,0.0
3586,0.0944674329408676,x_positive,0.0,0.0,0.0944674329408676,0.0,0.0,0.0
3587,0.09615867189675706,x_positive,0.0,0.0,0.09615867189675706,0.0,0.0,0.0
3588,0.08480580798451447,x_positive,0.0,0.0,0.08480580798451447,0.0,0.0,0.0
3589,0.0864144816630421,x_positive,0.0,0.0,0.0864144816630421,0.0,0.0,0.0
3590,0.07395565776601477,x_positive,0.0,0.0,0.07395565776601477,0.0,0.0,0.0
3591,0.0754760050654193,x_positive,0.0,0.0,0.0754760050654193,0.0,0.0,0.0
3592,0.062044003256428205,x_positive,0.0,0.0,0.062044003256428205,0.0,0.0,0.0
3593,0.06344776103400389,x_positive,0.0,0.0,0.06344776103400389,0.0,0.0,0.0
3594,0.0493000893069273,x_positive,0.0,0.0,0.0493000893069273,0.0,0.0,0.0
3595,0.050612810796660024,x_positive,0.0,0.0,0.050612810796660024,0.0,0.0,0.0
3596,0.03689484448031351,x_positive,0.0,0.0,0.03689484448031351,0.0,0.0,0.0
3597,0.037692013411979065,x_positive,0.0,0.0,0.037692013411979065,0.0,0.0,0.0
3598,0.031262161397709584,y_negative,0.0,0.0,0.031262161397709584,0.0,0.0,0.0
3599,0.03175918260820845,y_negative,0.0,0.0,0.03175918260820845,0.0,0.0,0.0
3600,0.0303183142382477,y_negative,0.0,0.0,0.0303183142382477,0.0,0.0,0.0
3601,0.03351974513289782,y_negative,0.0,0.0,0.03351974513289782,0.0,0.0,0.0
3602,0.03730177812122427,y_negative,0.0,0.0,0.03730177812122427,0.0,0.0,0.0
3603,0.04083171168275822,y_negative,0.0,0.0,0.04083171168275822,0.0,0.0,0.0
3604,0.0489027034961498,x_negative,0.0,0.0,0.0489027034961498,0.0,0.0,0.0
3605,0.052012402093839,y_negative,0.0,0.0,0.052012402093839,0.0,0.0,0.0
3606,0.06050064182923147,x_negative,0.0,0.0,0.06050064182923147,0.0,0.0,0.0
3607,0.06302108973467895,x_negative,0.0,0.0,0.06302108973467895,0.0,0.0,0.0
3608,0.07222528549988787,x_negative,0.0,0.0,0.07222528549988787,0.0,0.0,0.0
3609,0.07452028815368933,x_negative,0.0,0.0,0.07452028815368933,0.0,0.0,0.0
3610,0.0831953535204719,x_negative,0.0,0.0,0.0831953535204719,0.0,0.0,0.0
3611,0.08530024148031759,x_negative,0.0,0.0,0.08530024148031759,0.0,0.0,0.0
3612,0.09302369998973523,x_negative,0.0,0.0,0.09302369998973523,0.0,0.0,0.0
3613,0.09495560629778947,x_negative,0.0,0.0,0.09495560629778947,0.0,0.0,0.0
3614,0.1016706458427741,x_negative,0.0,0.0,0.1016706458427741,0.0,0.0,0.0
3615,0.10349020308343819,x_negative,0.0,0.0,0.10349020308343819,0.0,0.0,0.0
3616,0.10912576242955206,x_negative,0.0,0.0,0.10912576242955206,0.0,0.0,0.0
3617,0.11093440380798322,x_negative,0.0,0.0,0.11093440380798322,0.0,0.0,0.0
3618,0.11539956819763146,x_negative,0.0,0.0,0.11539956819763146,0.0,0.0,0.0
3619,0.11729670294768366,x_negative,0.0,0.0,0.11729670294768366,0.0,0.0,0.0
3620,0.11988047507261436,x_negative,0.0,0.0,0.11988047507261436,0.0,0.0,0.0
3621,0.1222579139129712,x_negative,0.0,0.0,0.1222579139129712,0.0,0.0,0.0
3622,0.12379656575111038,x_negative,0.0,0.0,0.12379656575111038,0.0,0.0,0.0
3623,0.12653326195717718,x_negative,0.0,0.0,0.12653326195717718,0.0,0.0,0.0
3624,0.12534207953034737,x_negative,0.0,0.0,0.12534207953034737,0.0,0.0,0.0
3625,0.12827951526886125,x_negative,0.0,0.0,0.12827951526886125,0.0,0.0,0.0
3626,0.12432925344305601,x_negative,0.0,0.0,0.12432925344305601,0.0,0.0,0.0
3627,0.12753453287008917,x_negative,0.0,0.0,0.12753453287008917,0.0,0.0,0.0
3628,0.12026880516838862,x_negative,0.0,0.0,0.12026880516838862,0.0,0.0,0.0
3629,0.12342052434433301,x_negative,0.0,0.0,0.12342052434433301,0.0,0.0,0.0
3630,0.11299135283322209,x_negative,0.0,0.0,0.11299135283322209,0.0,0.0,0.0
3631,0.11574075475128906,x_negative,0.0,0.0,0.11574075475128906,0.0,0.0,0.0
3632,0.10323147672787075,x_negative,0.0,0.0,0.10323147672787075,0.0,0.0,0.0
3633,0.10542761450113436,x_negative,0.0,0.0,0.10542761450113436,0.0,0.0,0.0
3634,0.09209592414306539,x_negative,0.0,0.0,0.09209592414306539,0.0,0.0,0.0
3635,0.09379289726196717,x_negative,0.0,0.0,0.09379289726196717,0.0,0.0,0.0
3636,0.0802201896237733,x_negative,0.0,0.0,0.0802201896237733,0.0,0.0,0.0
3637,0.08159022195117509,x_negative,0.0,0.0,0.08159022195117509,0.0,0.0,0.0
3638,0.06760249687922792,x_negative,0.0,0.0,0.06760249687922792,0.0,0.0,0.0
3639,0.06875376034357905,x_negative,0.0,0.0,0.06875376034357905,0.0,0.0,0.0
3640,0.05404730607132263,x_negative,0.0,0.0,0.05404730607132263,0.0,0.0,0.0
3641,0.05504042083544415,x_negative,0.0,0.0,0.05504042083544415,0.0,0.0,0.0
3642,0.03945286194800498,x_negative,0.0,0.0,0.03945286194800498,0.0,0.0,0.0
3643,0.040211851426874244,x_negative,0.0,0.0,0.040211851426874244,0.0,0.0,0.0
3644,0.024016034758239192,x_negative,0.0,0.0,0.024016034758239192,0.0,0.0,0.0
3645,0.0244704262125628,x_negative,0.0,0.0,0.0244704262125628,0.0,0.0,0.0
3646,0.008317498079931394,x_negative,0.0,0.0,0.008317498079931394,0.0,0.0,0.0
3647,0.008466921548974838,x_negative,0.0,0.0,0.008466921548974838,0.0,0.0,0.0
3648,0.009909425202744458,x_positive,0.0,0.0,0.009909425202744458,0.0,0.0,0.0
3649,0.010099341235234444,x_positive,0.0,0.0,0.010099341235234444,0.0,0.0,0.0
3650,0.024283369242159614,x_positive,0.0,0.0,0.024283369242159614,0.0,0.0,0.0
3651,0.024689071287888352,x_positive,0.0,0.0,0.024689071287888352,0.0,0.0,0.0
3652,0.03981997129683518,x_positive,0.0,0.0,0.03981997129683518,0.0,0.0,0.0
3653,0.04049781706710129,x_positive,0.0,0.0,0.04049781706710129,0.0,0.0,0.0
3654,0.05464524013963318,x_positive,0.0,0.0,0.05464524013963318,0.0,0.0,0.0
3655,0.05556588135363165,x_positive,0.0,0.0,0.05556588135363165,0.0,0.0,0.0
3656,0.06853796685293119,x_positive,0.0,0.0,0.06853796685293119,0.0,0.0,0.0
3657,0.06970688192488275,x_positive,0.0,0.0,0.06970688192488275,0.0,0.0,0.0
3658,0.08123946304982314,x_positive,0.0,0.0,0.08123946304982314,0.0,0.0,0.0
3659,0.0826391656578148,x_positive,0.0,0.0,0.0826391656578148,0.0,0.0,0.0
3660,0.09254247631880642,x_positive,0.0,0.0,0.09254247631880642,0.0,0.0,0.0
3661,0.09413369692965995,x_positive,0.0,0.0,0.09413369692965995,0.0,0.0,0.0
3662,0.10216110908009841,x_positive,0.0,0.0,0.10216110908009841,0.0,0.0,0.0
3663,0.10392815474256166,x_positive,0.0,0.0,0.10392815474256166,0.0,0.0,0.0
3664,0.10996457404987417,x_positive,0.0,0.0,0.10996457404987417,0.0,0.0,0.0
3665,0.11186367807461062,x_positive,0.0,0.0,0.11186367807461062,0.0,0.0,0.0
3666,0.11576483993547731,x_positive,0.0,0.0,0.11576483993547731,0.0,0.0,0.0
3667,0.11776961910588121,x_positive,0.0,0.0,0.11776961910588121,0.0,0.0,0.0
3668,0.11937557069042173,x_positive,0.0,0.0,0.11937557069042173,0.0,0.0,0.0
3669,0.1214356804131674,x_positive,0.0,0.0,0.1214356804131674,0.0,0.0,0.0
3670,0.12074953115718522,x_positive,0.0,0.0,0.12074953115718522,0.0,0.0,0.0
3671,0.12284736031618128,x_positive,0.0,0.0,0.12284736031618128,0.0,0.0,0.0
3672,0.11993117309138447,x_positive,0.0,0.0,0.11993117309138447,0.0,0.0,0.0
3673,0.12206407407323393,x_positive,0.0,0.0,0.12206407407323393,0.0,0.0,0.0
3674,0.11730190918321279,x_positive,0.0,0.0,0.11730190918321279,0.0,0.0,0.0
3675,0.11939982683568778,x_positive,0.0,0.0,0.11939982683568778,0.0,0.0,0.0
3676,0.11309516178196473,x_positive,0.0,0.0,0.11309516178196473,0.0,0.0,0.0
3677,0.11500938945224003,x_positive,0.0,0.0,0.11500938945224003,0.0,0.0,0.0
3678,0.1078749107843138,x_positive,0.0,0.0,0.1078749107843138,0.0,0.0,0.0
3679,0.10967769939335018,x_positive,0.0,0.0,0.10967769939335018,0.0,0.0,0.0
3680,0.1010267474349319,x_positive,0.0,0.0,0.1010267474349319,0.0,0.0,0.0
3681,0.10277895538770393,x_positive,0.0,0.0,0.10277895538770393,0.0,0.0,0.0
3682,0.09278899078038434,x_positive,0.0,0.0,0.09278899078038434,0.0,0.0,0.0
3683,0.09446989951207985,x_positive,0.0,0.0,0.09446989951207985,0.0,0.0,0.0
3684,0.0832092837105282,x_positive,0.0,0.0,0.0832092837105282,0.0,0.0,0.0
3685,0.08480799886954188,x_positive,0.0,0.0,0.08480799886954188,0.0,0.0,0.0
3686,0.07244765334338793,x_positive,0.0,0.0,0.07244765334338793,0.0,0.0,0.0
3687,0.073957701394314,x_positive,0.0,0.0,0.073957701394314,0.0,0.0,0.0
3688,0.06065503920927776,x_positive,0.0,0.0,0.06065503920927776,0.0,0.0,0.0
3689,0.06204619247072492,x_positive,0.0,0.0,0.06204619247072492,0.0,0.0,0.0
3690,0.04800376429446217,x_positive,0.0,0.0,0.04800376429446217,0.0,0.0,0.0
3691,0.04930183642668184,x_positive,0.0,0.0,0.04930183642668184,0.0,0.0,0.0
3692,0.03610456002736901,x_positive,0.0,0.0,0.03610456002736901,0.0,0.0,0.0
3693,0.036894409263876785,x_positive,0.0,0.0,0.036894409263876785,0.0,0.0,0.0
3694,0.03076820820494768,y_negative,0.0,0.0,0.03076820820494768,0.0,0.0,0.0
3695,0.03126178705702189,y_negative,0.0,0.0,0.03126178705702189,0.0,0.0,0.0
3696,0.02718772633417292,y_negative,0.0,0.0,0.02718772633417292,0.0,0.0,0.0
3697,0.030317265344605146,y_negative,0.0,0.0,0.030317265344605146,0.0,0.0,0.0
3698,0.03392102938270661,y_negative,0.0,0.0,0.03392102938270661,0.0,0.0,0.0
3699,0.03729896998809669,y_negative,0.0,0.0,0.03729896998809669,0.0,0.0,0.0
3700,0.04603783483259684,x_negative,0.0,0.0,0.04603783483259684,0.0,0.0,0.0
3701,0.04889698027999767,x_negative,0.0,0.0,0.04889698027999767,0.0,0.0,0.0
3702,0.058161429841223355,x_negative,0.0,0.0,0.058161429841223355,0.0,0.0,0.0
3703,0.06049234836120426,x_negative,0.0,0.0,0.06049234836120426,0.0,0.0,0.0
3704,0.0700702513511841,x_negative,0.0,0.0,0.0700702513511841,0.0,0.0,0.0
3705,0.0722120364294911,x_negative,0.0,0.0,0.0722120364294911,0.0,0.0,0.0
3706,0.08118114265081794,x_negative,0.0,0.0,0.08118114265081794,0.0,0.0,0.0
3707,0.08317784231607439,x_negative,0.0,0.0,0.08317784231607439,0.0,0.0,0.0
3708,0.09113873111016071,x_negative,0.0,0.0,0.09113873111016071,0.0,0.0,0.0
3709,0.09300393205462461,x_negative,0.0,0.0,0.09300393205462461,0.0,0.0,0.0
3710,0.09985712040059615,x_negative,0.0,0.0,0.09985712040059615,0.0,0.0,0.0
3711,0.1016503371689336,x_negative,0.0,0.0,0.1016503371689336,0.0,0.0,0.0
3712,0.10730661577512025,x_negative,0.0,0.0,0.10730661577512025,0.0,0.0,0.0
3713,0.1091091334984832,x_negative,0.0,0.0,0.1091091334984832,0.0,0.0,0.0
3714,0.11346516029069245,x_negative,0.0,0.0,0.11346516029069245,0.0,0.0,0.0
3715,0.11538840012901233,x_negative,0.0,0.0,0.11538840012901233,0.0,0.0,0.0
3716,0.11769577470419841,x_negative,0.0,0.0,0.11769577470419841,0.0,0.0,0.0
3717,0.11987839852156237,x_negative,0.0,0.0,0.11987839852156237,0.0,0.0,0.0
3718,0.12107272891032882,x_negative,0.0,0.0,0.12107272891032882,0.0,0.0,0.0
3719,0.1238006057013777,x_negative,0.0,0.0,0.1238006057013777,0.0,0.0,0.0
3720,0.12247562172731093,x_negative,0.0,0.0,0.12247562172731093,0.0,0.0,0.0
3721,0.12534954805426549,x_negative,0.0,0.0,0.12534954805426549,0.0,0.0,0.0
3722,0.1212400309378296,x_negative,0.0,0.0,0.1212400309378296,0.0,0.0,0.0
3723,0.12433735348019455,x_negative,0.0,0.0,0.12433735348019455,0.0,0.0,0.0
3724,0.11724215671239167,x_negative,0.0,0.0,0.11724215671239167,0.0,0.0,0.0
3725,0.12027419217981632,x_negative,0.0,0.0,0.12027419217981632,0.0,0.0,0.0
3726,0.11032335907707952,x_negative,0.0,0.0,0.11032335907707952,0.0,0.0,0.0
3727,0.11299225569176673,x_negative,0.0,0.0,0.11299225569176673,0.0,0.0,0.0
3728,0.10108025612602654,x_negative,0.0,0.0,0.10108025612602654,0.0,0.0,0.0
3729,0.10322928251074266,x_negative,0.0,0.0,0.10322928251074266,0.0,0.0,0.0
3730,0.09041208490199762,x_negative,0.0,0.0,0.09041208490199762,0.0,0.0,0.0
3731,0.09209345878276329,x_negative,0.0,0.0,0.09209345878276329,0.0,0.0,0.0
3732,0.07885692173214245,x_negative,0.0,0.0,0.07885692173214245,0.0,0.0,0.0
3733,0.08021751693287232,x_negative,0.0,0.0,0.08021751693287232,0.0,0.0,0.0
3734,0.06645145487513814,x_negative,0.0,0.0,0.06645145487513814,0.0,0.0,0.0
3735,0.06759976289250086,x_negative,0.0,0.0,0.06759976289250086,0.0,0.0,0.0
3736,0.053081559806838735,x_negative,0.0,0.0,0.053081559806838735,0.0,0.0,0.0
3737,0.054046055727282424,x_negative,0.0,0.0,0.054046055727282424,0.0,0.0,0.0
3738,0.038717494515955374,x_negative,0.0,0.0,0.038717494515955374,0.0,0.0,0.0
3739,0.0394517159460584,x_negative,0.0,0.0,0.0394517159460584,0.0,0.0,0.0
3740,0.02356655814688317,x_negative,0.0,0.0,0.02356655814688317,0.0,0.0,0.0
3741,0.024015681344670466,x_negative,0.0,0.0,0.024015681344670466,0.0,0.0,0.0
3742,0.00817835998648926,x_negative,0.0,0.0,0.00817835998648926,0.0,0.0,0.0
3743,0.00831740536909994,x_negative,0.0,0.0,0.00831740536909994,0.0,0.0,0.0
3744,0.009720934469689992,x_positive,0.0,0.0,0.009720934469689992,0.0,0.0,0.0
3745,0.00990936233123533,x_positive,0.0,0.0,0.00990936233123533,0.0,0.0,0.0
3746,0.023873352829268057,x_positive,0.0,0.0,0.023873352829268057,0.0,0.0,0.0
3747,0.024283337055525576,x_positive,0.0,0.0,0.024283337055525576,0.0,0.0,0.0
3748,0.039145377986048176,x_positive,0.0,0.0,0.039145377986048176,0.0,0.0,0.0
3749,0.03982062778559829,x_positive,0.0,0.0,0.03982062778559829,0.0,0.0,0.0
3750,0.05371108973107682,x_positive,0.0,0.0,0.05371108973107682,0.0,0.0,0.0
3751,0.05464626215774786,x_positive,0.0,0.0,0.05464626215774786,0.0,0.0,0.0
3752,0.06736777948638693,x_positive,0.0,0.0,0.06736777948638693,0.0,0.0,0.0
3753,0.0685401407189833,x_positive,0.0,0.0,0.0685401407189833,0.0,0.0,0.0
3754,0.07984306202818439,x_positive,0.0,0.0,0.07984306202818439,0.0,0.0,0.0
3755,0.08124336240631573,x_positive,0.0,0.0,0.08124336240631573,0.0,0.0,0.0
3756,0.09095143176385576,x_positive,0.0,0.0,0.09095143176385576,0.0,0.0,0.0
3757,0.09254760702587206,x_positive,0.0,0.0,0.09254760702587206,0.0,0.0,0.0
3758,0.10039848928022348,x_positive,0.0,0.0,0.10039848928022348,0.0,0.0,0.0
3759,0.1021666945377733,x_positive,0.0,0.0,0.1021666945377733,0.0,0.0,0.0
3760,0.10806479728550039,x_positive,0.0,0.0,0.10806479728550039,0.0,0.0,0.0
3761,0.10997028332827526,x_positive,0.0,0.0,0.10997028332827526,0.0,0.0,0.0
3762,0.11377577250017175,x_positive,0.0,0.0,0.11377577250017175,0.0,0.0,0.0
3763,0.11577087538358394,x_positive,0.0,0.0,0.11577087538358394,0.0,0.0,0.0
3764,0.11731785116661896,x_positive,0.0,0.0,0.11731785116661896,0.0,0.0,0.0
3765,0.11938342055280185,x_positive,0.0,0.0,0.11938342055280185,0.0,0.0,0.0
3766,0.11865591055334507,x_positive,0.0,0.0,0.11865591055334507,0.0,0.0,0.0
3767,0.12075740193467085,x_positive,0.0,0.0,0.12075740193467085,0.0,0.0,0.0
3768,0.11784489529892951,x_positive,0.0,0.0,0.11784489529892951,0.0,0.0,0.0
3769,0.11993465066535389,x_positive,0.0,0.0,0.11993465066535389,0.0,0.0,0.0
3770,0.11524861632714309,x_positive,0.0,0.0,0.11524861632714309,0.0,0.0,0.0
3771,0.11730079240746225,x_positive,0.0,0.0,0.11730079240746225,0.0,0.0,0.0
3772,0.11127103645783712,x_positive,0.0,0.0,0.11127103645783712,0.0,0.0,0.0
3773,0.1130909705080136,x_positive,0.0,0.0,0.1130909705080136,0.0,0.0,0.0
3774,0.10597778976231086,x_positive,0.0,0.0,0.10597778976231086,0.0,0.0,0.0
3775,0.10787000266786032,x_positive,0.0,0.0,0.10787000266786032,0.0,0.0,0.0
3776,0.09926942286303994,x_positive,0.0,0.0,0.09926942286303994,0.0,0.0,0.0
3777,0.10102166185402485,x_positive,0.0,0.0,0.10102166185402485,0.0,0.0,0.0
3778,0.09113708274766015,x_positive,0.0,0.0,0.09113708274766015,0.0,0.0,0.0
3779,0.09278540697154261,x_positive,0.0,0.0,0.09278540697154261,0.0,0.0,0.0
3780,0.08166573549741744,x_positive,0.0,0.0,0.08166573549741744,0.0,0.0,0.0
3781,0.08320787733676278,x_positive,0.0,0.0,0.08320787733676278,0.0,0.0,0.0
3782,0.07103817426661849,x_positive,0.0,0.0,0.07103817426661849,0.0,0.0,0.0
3783,0.07244563150864122,x_positive,0.0,0.0,0.07244563150864122,0.0,0.0,0.0
3784,0.05939003728030724,x_positive,0.0,0.0,0.05939003728030724,0.0,0.0,0.0
3785,0.06065382046250578,x_positive,0.0,0.0,0.06065382046250578,0.0,0.0,0.0
3786,0.04687801895911037,x_positive,0.0,0.0,0.04687801895911037,0.0,0.0,0.0
3787,0.048003876344494406,x_positive,0.0,0.0,0.048003876344494406,0.0,0.0,0.0
3788,0.035368391851817726,x_positive,0.0,0.0,0.035368391851817726,0.0,0.0,0.0
3789,0.03610421660888268,x_positive,0.0,0.0,0.03610421660888268,0.0,0.0,0.0
3790,0.03026006740901371,y_negative,0.0,0.0,0.03026006740901371,0.0,0.0,0.0
3791,0.030767387807516033,y_negative,0.0,0.0,0.030767387807516033,0.0,0.0,0.0
3792,0.024997723544507695,y_negative,0.0,0.0,0.024997723544507695,0.0,0.0,0.0
3793,0.02718657588814438,y_negative,0.0,0.0,0.02718657588814438,0.0,0.0,0.0
3794,0.03241348396527405,y_negative,0.0,0.0,0.03241348396527405,0.0,0.0,0.0
3795,0.033918445305093706,y_negative,0.0,0.0,0.033918445305093706,0.0,0.0,0.0
3796,0.04453099089756512,x_negative,0.0,0.0,0.04453099089756512,0.0,0.0,0.0
3797,0.046031820848310236,x_negative,0.0,0.0,0.046031820848310236,0.0,0.0,0.0
3798,0.05651631956118569,x_negative,0.0,0.0,0.05651631956118569,0.0,0.0,0.0
3799,0.058149706334747954,x_negative,0.0,0.0,0.058149706334747954,0.0,0.0,0.0
3800,0.06840942628650863,x_negative,0.0,0.0,0.06840942628650863,0.0,0.0,0.0
3801,0.0700492108795844,x_negative,0.0,0.0,0.0700492108795844,0.0,0.0,0.0
3802,0.07947451233943066,x_negative,0.0,0.0,0.07947451233943066,0.0,0.0,0.0
3803,0.08114806125175177,x_negative,0.0,0.0,0.08114806125175177,0.0,0.0,0.0
3804,0.08937448745819472,x_negative,0.0,0.0,0.08937448745819472,0.0,0.0,0.0
3805,0.09109431778997912,x_negative,0.0,0.0,0.09109431778997912,0.0,0.0,0.0
3806,0.09802794054058245,x_negative,0.0,0.0,0.09802794054058245,0.0,0.0,0.0
3807,0.09980244721715284,x_negative,0.0,0.0,0.09980244721715284,0.0,0.0,0.0
3808,0.10536051657804364,x_negative,0.0,0.0,0.10536051657804364,0.0,0.0,0.0
3809,0.10724751237689885,x_negative,0.0,0.0,0.10724751237689885,0.0,0.0,0.0
3810,0.11132398743121578,x_negative,0.0,0.0,0.11132398743121578,0.0,0.0,0.0
3811,0.11340656680098553,x_negative,0.0,0.0,0.11340656680098553,0.0,0.0,0.0
3812,0.11581378279598051,x_negative,0.0,0.0,0.11581378279598051,0.0,0.0,0.0
3813,0.11764560019060365,x_negative,0.0,0.0,0.11764560019060365,0.0,0.0,0.0
3814,0.11875225807659018,x_negative,0.0,0.0,0.11875225807659018,0.0,0.0,0.0
3815,0.12103629259475174,x_negative,0.0,0.0,0.12103629259475174,0.0,0.0,0.0
3816,0.1198138941672774,x_negative,0.0,0.0,0.1198138941672774,0.0,0.0,0.0
3817,0.12245355565551237,x_negative,0.0,0.0,0.12245355565551237,0.0,0.0,0.0
3818,0.11855438248212899,x_negative,0.0,0.0,0.11855438248212899,0.0,0.0,0.0
3819,0.12122917406191976,x_negative,0.0,0.0,0.12122917406191976,0.0,0.0,0.0
3820,0.11462902964128587,x_negative,0.0,0.0,0.11462902964128587,0.0,0.0,0.0
3821,0.11723783191162732,x_negative,0.0,0.0,0.11723783191162732,0.0,0.0,0.0
3822,0.1079585837994588,x_negative,0.0,0.0,0.1079585837994588,0.0,0.0,0.0
3823,0.11032088926653719,x_negative,0.0,0.0,0.11032088926653719,0.0,0.0,0.0
3824,0.09907769149924982,x_negative,0.0,0.0,0.09907769149924982,0.0,0.0,0.0
3825,0.10107735599378863,x_negative,0.0,0.0,0.10107735599378863,0.0,0.0,0.0
3826,0.08876348436948331,x_negative,0.0,0.0,0.08876348436948331,0.0,0.0,0.0
3827,0.0904064599038117,x_negative,0.0,0.0,0.0904064599038117,0.0,0.0,0.0
3828,0.07749447884204269,x_negative,0.0,0.0,0.07749447884204269,0.0,0.0,0.0
3829,0.07885382077725005,x_negative,0.0,0.0,0.07885382077725005,0.0,0.0,0.0
3830,0.06530484710940956,x_negative,0.0,0.0,0.06530484710940956,0.0,0.0,0.0
3831,0.06644858696693702,x_negative,0.0,0.0,0.06644858696693702,0.0,0.0,0.0
3832,0.05213515743091253,x_negative,0.0,0.0,0.05213515743091253,0.0,0.0,0.0
3833,0.053079494275900474,x_negative,0.0,0.0,0.053079494275900474,0.0,0.0,0.0
3834,0.038012497573479666,x_negative,0.0,0.0,0.038012497573479666,0.0,0.0,0.0
3835,0.03871596320185905,x_negative,0.0,0.0,0.03871596320185905,0.0,0.0,0.0
3836,0.023138011410511767,x_negative,0.0,0.0,0.023138011410511767,0.0,0.0,0.0
3837,0.023565642231280624,x_negative,0.0,0.0,0.023565642231280624,0.0,0.0,0.0
3838,0.00803550972286484,x_negative,0.0,0.0,0.00803550972286484,0.0,0.0,0.0
3839,0.008178238098227854,x_negative,0.0,0.0,0.008178238098227854,0.0,0.0,0.0
3840,0.009599148630411027,x_positive,0.0,0.0,0.009599148630411027,0.0,0.0,0.0
3841,0.009720166977553003,x_positive,0.0,0.0,0.009720166977553003,0.0,0.0,0.0
3842,0.023449747635824216,x_positive,0.0,0.0,0.023449747635824216,0.0,0.0,0.0
3843,0.023871587009801923,x_positive,0.0,0.0,0.023871587009801923,0.0,0.0,0.0
3844,0.03845776578171898,x_positive,0.0,0.0,0.03845776578171898,0.0,0.0,0.0
3845,0.03914272614405291,x_positive,0.0,0.0,0.03914272614405291,0.0,0.0,0.0
3846,0.052775593409922515,x_positive,0.0,0.0,0.052775593409922515,0.0,0.0,0.0
3847,0.05370899477629441,x_positive,0.0,0.0,0.05370899477629441,0.0,0.0,0.0
3848,0.06617880995769962,x_positive,0.0,0.0,0.06617880995769962,0.0,0.0,0.0
3849,0.0673650669662823,x_positive,0.0,0.0,0.0673650669662823,0.0,0.0,0.0
3850,0.07843149450880835,x_positive,0.0,0.0,0.07843149450880835,0.0,0.0,0.0
3851,0.07984090852619884,x_positive,0.0,0.0,0.07984090852619884,0.0,0.0,0.0
3852,0.08934408724029214,x_positive,0.0,0.0,0.08934408724029214,0.0,0.0,0.0
3853,0.09095077616015172,x_positive,0.0,0.0,0.09095077616015172,0.0,0.0,0.0
3854,0.0986271908784057,x_positive,0.0,0.0,0.0986271908784057,0.0,0.0,0.0
3855,0.10040040157121223,x_positive,0.0,0.0,0.10040040157121223,0.0,0.0,0.0
3856,0.10616238273356896,x_positive,0.0,0.0,0.10616238273356896,0.0,0.0,0.0
3857,0.1080691951831464,x_positive,0.0,0.0,0.1080691951831464,0.0,0.0,0.0
3858,0.11178698943573331,x_positive,0.0,0.0,0.11178698943573331,0.0,0.0,0.0
3859,0.11378143892465499,x_positive,0.0,0.0,0.11378143892465499,0.0,0.0,0.0
3860,0.11529299827536826,x_positive,0.0,0.0,0.11529299827536826,0.0,0.0,0.0
3861,0.11732333363428861,x_positive,0.0,0.0,0.11732333363428861,0.0,0.0,0.0
3862,0.11652962615653555,x_positive,0.0,0.0,0.11652962615653555,0.0,0.0,0.0
3863,0.11866176652956578,x_positive,0.0,0.0,0.11866176652956578,0.0,0.0,0.0
3864,0.1157496490896346,x_positive,0.0,0.0,0.1157496490896346,0.0,0.0,0.0
3865,0.11785146135332805,x_positive,0.0,0.0,0.11785146135332805,0.0,0.0,0.0
3866,0.11323400698996902,x_positive,0.0,0.0,0.11323400698996902,0.0,0.0,0.0
3867,0.11525247151871895,x_positive,0.0,0.0,0.11525247151871895,0.0,0.0,0.0
3868,0.1094318218721753,x_positive,0.0,0.0,0.1094318218721753,0.0,0.0,0.0
3869,0.111273133842986,x_positive,0.0,0.0,0.111273133842986,0.0,0.0,0.0
3870,0.10406103182972966,x_positive,0.0,0.0,0.10406103182972966,0.0,0.0,0.0
3871,0.10597953437726802,x_positive,0.0,0.0,0.10597953437726802,0.0,0.0,0.0
3872,0.09751679141206139,x_positive,0.0,0.0,0.09751679141206139,0.0,0.0,0.0
3873,0.0992712256655164,x_positive,0.0,0.0,0.0992712256655164,0.0,0.0,0.0
3874,0.08951968229465011,x_positive,0.0,0.0,0.08951968229465011,0.0,0.0,0.0
3875,0.09113727429385435,x_positive,0.0,0.0,0.09113727429385435,0.0,0.0,0.0
3876,0.08020672596171881,x_positive,0.0,0.0,0.08020672596171881,0.0,0.0,0.0
3877,0.08166730564038033,x_positive,0.0,0.0,0.08166730564038033,0.0,0.0,0.0
3878,0.06975459336026357,x_positive,0.0,0.0,0.06975459336026357,0.0,0.0,0.0
3879,0.07104141145958459,x_positive,0.0,0.0,0.07104141145958459,0.0,0.0,0.0
3880,0.058294727254905004,x_positive,0.0,0.0,0.058294727254905004,0.0,0.0,0.0
3881,0.05939373695898812,x_positive,0.0,0.0,0.05939373695898812,0.0,0.0,0.0
3882,0.04597419668856753,x_positive,0.0,0.0,0.04597419668856753,0.0,0.0,0.0
3883,0.046881379370505245,x_positive,0.0,0.0,0.046881379370505245,0.0,0.0,0.0
3884,0.03473567913312486,y_negative,0.0,0.0,0.03473567913312486,0.0,0.0,0.0
3885,0.035371604199394766,x_positive,0.0,0.0,0.035371604199394766,0.0,0.0,0.0
3886,0.029824456854889592,y_negative,0.0,0.0,0.029824456854889592,0.0,0.0,0.0
3887,0.030261773492469404,y_negative,0.0,0.0,0.030261773492469404,0.0,0.0,0.0
3888,0.024006555453473237,y_negative,0.0,0.0,0.024006555453473237,0.0,0.0,0.0
3889,0.024997895070904056,y_negative,0.0,0.0,0.024997895070904056,0.0,0.0,0.0
3890,0.032163133290823494,y_negative,0.0,0.0,0.032163133290823494,0.0,0.0,0.0
3891,0.032412707936151405,y_negative,0.0,0.0,0.032412707936151405,0.0,0.0,0.0
3892,0.04386351008073878,x_negative,0.0,0.0,0.04386351008073878,0.0,0.0,0.0
3893,0.04453056947020429,x_negative,0.0,0.0,0.04453056947020429,0.0,0.0,0.0
3894,0.05547844636613764,x_negative,0.0,0.0,0.05547844636613764,0.0,0.0,0.0
3895,0.0565161684461337,x_negative,0.0,0.0,0.0565161684461337,0.0,0.0,0.0
3896,0.06717799743562261,x_negative,0.0,0.0,0.06717799743562261,0.0,0.0,0.0
3897,0.06840882013780568,x_negative,0.0,0.0,0.06840882013780568,0.0,0.0,0.0
3898,0.07805756330677487,x_negative,0.0,0.0,0.07805756330677487,0.0,0.0,0.0
3899,0.07947185224748653,x_negative,0.0,0.0,0.07947185224748653,0.0,0.0,0.0
3900,0.08778300995525691,x_negative,0.0,0.0,0.08778300995525691,0.0,0.0,0.0
3901,0.08936748856134576,x_negative,0.0,0.0,0.08936748856134576,0.0,0.0,0.0
3902,0.09627118542422881,x_negative,0.0,0.0,0.09627118542422881,0.0,0.0,0.0
3903,0.09801786522399512,x_negative,0.0,0.0,0.09801786522399512,0.0,0.0,0.0
3904,0.1034478069425848,x_negative,0.0,0.0,0.1034478069425848,0.0,0.0,0.0
3905,0.10534646038576734,x_negative,0.0,0.0,0.10534646038576734,0.0,0.0,0.0
3906,0.10921838870803693,x_negative,0.0,0.0,0.10921838870803693,0.0,0.0,0.0
3907,0.11130690907806513,x_negative,0.0,0.0,0.11130690907806513,0.0,0.0,0.0
3908,0.11399516147913348,x_negative,0.0,0.0,0.11399516147913348,0.0,0.0,0.0
3909,0.11579606586003072,x_negative,0.0,0.0,0.11579606586003072,0.0,0.0,0.0
3910,0.11674798768192172,x_negative,0.0,0.0,0.11674798768192172,0.0,0.0,0.0
3911,0.11873515139032893,x_negative,0.0,0.0,0.11873515139032893,0.0,0.0,0.0
3912,0.11749847215614152,x_negative,0.0,0.0,0.11749847215614152,0.0,0.0,0.0
3913,0.11979799975187863,x_negative,0.0,0.0,0.11979799975187863,0.0,0.0,0.0
3914,0.11631616033641642,x_negative,0.0,0.0,0.11631616033641642,0.0,0.0,0.0
3915,0.11854074594788407,x_negative,0.0,0.0,0.11854074594788407,0.0,0.0,0.0
3916,0.11247548276559603,x_negative,0.0,0.0,0.11247548276559603,0.0,0.0,0.0
3917,0.11461765378499579,x_negative,0.0,0.0,0.11461765378499579,0.0,0.0,0.0
3918,0.1059409946857124,x_negative,0.0,0.0,0.1059409946857124,0.0,0.0,0.0
3919,0.10794849011395366,x_negative,0.0,0.0,0.10794849011395366,0.0,0.0,0.0
3920,0.09724735039128081,x_negative,0.0,0.0,0.09724735039128081,0.0,0.0,0.0
3921,0.09907011294821837,x_negative,0.0,0.0,0.09907011294821837,0.0,0.0,0.0
3922,0.08716568260993911,x_negative,0.0,0.0,0.08716568260993911,0.0,0.0,0.0
3923,0.08875539055732352,x_negative,0.0,0.0,0.08875539055732352,0.0,0.0,0.0
3924,0.07612245591119113,x_negative,0.0,0.0,0.07612245591119113,0.0,0.0,0.0
3925,0.07748608085665558,x_negative,0.0,0.0,0.07748608085665558,0.0,0.0,0.0
3926,0.06416200038392475,x_negative,0.0,0.0,0.06416200038392475,0.0,0.0,0.0
3927,0.06529797041409778,x_negative,0.0,0.0,0.06529797041409778,0.0,0.0,0.0
3928,0.05122149169219898,x_negative,0.0,0.0,0.05122149169219898,0.0,0.0,0.0
3929,0.052129460286131434,x_negative,0.0,0.0,0.052129460286131434,0.0,0.0,0.0
3930,0.03733698897869484,x_negative,0.0,0.0,0.03733698897869484,0.0,0.0,0.0
3931,0.038008914535749165,x_negative,0.0,0.0,0.038008914535749165,0.0,0.0,0.0
3932,0.02272099194207982,x_negative,0.0,0.0,0.02272099194207982,0.0,0.0,0.0
3933,0.02313568927067534,x_negative,0.0,0.0,0.02313568927067534,0.0,0.0,0.0
3934,0.007914713003424853,x_negative,0.0,0.0,0.007914713003424853,0.0,0.0,0.0
3935,0.008034485326588658,x_negative,0.0,0.0,0.008034485326588658,0.0,0.0,0.0
3936,0.0095200877771815,x_positive,0.0,0.0,0.0095200877771815,0.0,0.0,0.0
3937,0.009599243314226711,x_positive,0.0,0.0,0.009599243314226711,0.0,0.0,0.0
3938,0.023031974619454845,x_positive,0.0,0.0,0.023031974619454845,0.0,0.0,0.0
3939,0.023449722516758382,x_positive,0.0,0.0,0.023449722516758382,0.0,0.0,0.0
3940,0.03777029866624154,x_positive,0.0,0.0,0.03777029866624154,0.0,0.0,0.0
3941,0.03845825277640347,x_positive,0.0,0.0,0.03845825277640347,0.0,0.0,0.0
3942,0.05183383880690974,x_positive,0.0,0.0,0.05183383880690974,0.0,0.0,0.0
3943,0.0527766013712423,x_positive,0.0,0.0,0.0527766013712423,0.0,0.0,0.0
3944,0.06500030519656612,x_positive,0.0,0.0,0.06500030519656612,0.0,0.0,0.0
3945,0.06618142348873829,x_positive,0.0,0.0,0.06618142348873829,0.0,0.0,0.0
3946,0.07701935912818729,x_positive,0.0,0.0,0.07701935912818729,0.0,0.0,0.0
3947,0.0784344152405454,x_positive,0.0,0.0,0.0784344152405454,0.0,0.0,0.0
3948,0.0877396869239909,x_positive,0.0,0.0,0.0877396869239909,0.0,0.0,0.0
3949,0.08934738441469335,x_positive,0.0,0.0,0.08934738441469335,0.0,0.0,0.0
3950,0.0968527536307322,x_positive,0.0,0.0,0.0968527536307322,0.0,0.0,0.0
3951,0.09863072657027958,x_positive,0.0,0.0,0.09863072657027958,0.0,0.0,0.0
3952,0.10426605780671767,x_positive,0.0,0.0,0.10426605780671767,0.0,0.0,0.0
3953,0.10616707529725457,x_positive,0.0,0.0,0.10616707529725457,0.0,0.0,0.0
3954,0.10980679410225558,x_positive,0.0,0.0,0.10980679410225558,0.0,0.0,0.0
3955,0.11179277991699983,x_positive,0.0,0.0,0.11179277991699983,0.0,0.0,0.0
3956,0.11330363028695044,x_positive,0.0,0.0,0.11330363028695044,0.0,0.0,0.0
3957,0.11530017666077234,x_positive,0.0,0.0,0.11530017666077234,0.0,0.0,0.0
3958,0.11436643073707169,x_positive,0.0,0.0,0.11436643073707169,0.0,0.0,0.0
3959,0.11653288206941724,x_positive,0.0,0.0,0.11653288206941724,0.0,0.0,0.0
3960,0.11364424012741021,x_positive,0.0,0.0,0.11364424012741021,0.0,0.0,0.0
3961,0.11575216794001991,x_positive,0.0,0.0,0.11575216794001991,0.0,0.0,0.0
3962,0.11122561122095072,x_positive,0.0,0.0,0.11122561122095072,0.0,0.0,0.0
3963,0.11323607816581953,x_positive,0.0,0.0,0.11323607816581953,0.0,0.0,0.0
3964,0.10745715296813542,x_positive,0.0,0.0,0.10745715296813542,0.0,0.0,0.0
3965,0.10943089490230772,x_positive,0.0,0.0,0.10943089490230772,0.0,0.0,0.0
3966,0.10220370341958165,x_positive,0.0,0.0,0.10220370341958165,0.0,0.0,0.0
3967,0.10405844121647666,x_positive,0.0,0.0,0.10405844121647666,0.0,0.0,0.0
3968,0.09577237683513641,x_positive,0.0,0.0,0.09577237683513641,0.0,0.0,0.0
3969,0.09751535809225952,x_positive,0.0,0.0,0.09751535809225952,0.0,0.0,0.0
3970,0.087917026369431,x_positive,0.0,0.0,0.087917026369431,0.0,0.0,0.0
3971,0.08951768275560881,x_positive,0.0,0.0,0.08951768275560881,0.0,0.0,0.0
3972,0.07878100066296523,x_positive,0.0,0.0,0.07878100066296523,0.0,0.0,0.0
3973,0.08020296674453854,x_positive,0.0,0.0,0.08020296674453854,0.0,0.0,0.0
3974,0.06852141846560023,x_positive,0.0,0.0,0.06852141846560023,0.0,0.0,0.0
3975,0.06975310556941501,x_positive,0.0,0.0,0.06975310556941501,0.0,0.0,0.0
3976,0.057278647407732024,x_positive,0.0,0.0,0.057278647407732024,0.0,0.0,0.0
3977,0.058293135147437905,x_positive,0.0,0.0,0.058293135147437905,0.0,0.0,0.0
3978,0.04517883945255769,x_positive,0.0,0.0,0.04517883945255769,0.0,0.0,0.0
3979,0.04597242578635916,x_positive,0.0,0.0,0.04597242578635916,0.0,0.0,0.0
3980,0.03415280560318878,y_negative,0.0,0.0,0.03415280560318878,0.0,0.0,0.0
3981,0.034734725214684355,y_negative,0.0,0.0,0.034734725214684355,0.0,0.0,0.0
3982,0.029437614787587538,y_negative,0.0,0.0,0.029437614787587538,0.0,0.0,0.0
3983,0.029823454578711394,y_negative,0.0,0.0,0.029823454578711394,0.0,0.0,0.0
3984,0.023644872607239787,y_negative,0.0,0.0,0.023644872607239787,0.0,0.0,0.0
3985,0.024006463060166454,y_negative,0.0,0.0,0.024006463060166454,0.0,0.0,0.0
3986,0.031621616430713526,y_negative,0.0,0.0,0.031621616430713526,0.0,0.0,0.0
3987,0.03216293515362392,y_negative,0.0,0.0,0.03216293515362392,0.0,0.0,0.0
3988,0.04301039507874837,x_negative,0.0,0.0,0.04301039507874837,0.0,0.0,0.0
3989,0.04386325559881935,x_negative,0.0,0.0,0.04386325559881935,0.0,0.0,0.0
3990,0.05455610260050853,x_negative,0.0,0.0,0.05455610260050853,0.0,0.0,0.0
3991,0.05547811382807216,x_negative,0.0,0.0,0.05547811382807216,0.0,0.0,0.0
3992,0.0660293790789289,x_negative,0.0,0.0,0.0660293790789289,0.0,0.0,0.0
3993,0.06717708236189254,x_negative,0.0,0.0,0.06717708236189254,0.0,0.0,0.0
3994,0.07669850852828441,x_negative,0.0,0.0,0.07669850852828441,0.0,0.0,0.0
3995,0.07805776891130982,x_negative,0.0,0.0,0.07805776891130982,0.0,0.0,0.0
3996,0.08624266608440015,x_negative,0.0,0.0,0.08624266608440015,0.0,0.0,0.0
3997,0.08778276901849286,x_negative,0.0,0.0,0.08778276901849286,0.0,0.0,0.0
3998,0.0945712280997718,x_negative,0.0,0.0,0.0945712280997718,0.0,0.0,0.0
3999,0.09627180964227801,x_negative,0.0,0.0,0.09627180964227801,0.0,0.0,0.0
4000,0.10162039479927208,x_negative,0.0,0.0,0.10162039479927208,0.0,0.0,0.0
4001,0.10345011295773965,x_negative,0.0,0.0,0.10345011295773965,0.0,0.0,0.0
4002,0.1072939414932008,x_negative,0.0,0.0,0.1072939414932008,0.0,0.0,0.0
4003,0.1092206970097961,x_negative,0.0,0.0,0.1092206970097961,0.0,0.0,0.0
4004,0.11194154853349399,x_negative,0.0,0.0,0.11194154853349399,0.0,0.0,0.0
4005,0.11399723639582664,x_negative,0.0,0.0,0.11399723639582664,0.0,0.0,0.0
4006,0.1146693213327225,x_negative,0.0,0.0,0.1146693213327225,0.0,0.0,0.0
4007,0.11674842110377699,x_negative,0.0,0.0,0.11674842110377699,0.0,0.0,0.0
4008,0.11545564536512441,x_negative,0.0,0.0,0.11545564536512441,0.0,0.0,0.0
4009,0.11749825141214032,x_negative,0.0,0.0,0.11749825141214032,0.0,0.0,0.0
4010,0.11431093348553302,x_negative,0.0,0.0,0.11431093348553302,0.0,0.0,0.0
4011,0.11631582130328506,x_negative,0.0,0.0,0.11631582130328506,0.0,0.0,0.0
4012,0.11055069200076174,x_negative,0.0,0.0,0.11055069200076174,0.0,0.0,0.0
4013,0.11247376428180444,x_negative,0.0,0.0,0.11247376428180444,0.0,0.0,0.0
4014,0.10411779577582549,x_negative,0.0,0.0,0.10411779577582549,0.0,0.0,0.0
4015,0.10593780365979036,x_negative,0.0,0.0,0.10593780365979036,0.0,0.0,0.0
4016,0.09553785316534515,x_negative,0.0,0.0,0.09553785316534515,0.0,0.0,0.0
4017,0.09724201558375738,x_negative,0.0,0.0,0.09724201558375738,0.0,0.0,0.0
4018,0.08560108873375259,x_negative,0.0,0.0,0.08560108873375259,0.0,0.0,0.0
4019,0.0871629060497606,x_negative,0.0,0.0,0.0871629060497606,0.0,0.0,0.0
4020,0.07476489143828452,x_negative,0.0,0.0,0.07476489143828452,0.0,0.0,0.0
4021,0.07611821200243851,x_negative,0.0,0.0,0.07611821200243851,0.0,0.0,0.0
4022,0.06303183699305763,x_negative,0.0,0.0,0.06303183699305763,0.0,0.0,0.0
4023,0.06415959613497095,x_negative,0.0,0.0,0.06415959613497095,0.0,0.0,0.0
4024,0.050324593635784544,x_negative,0.0,0.0,0.050324593635784544,0.0,0.0,0.0
4025,0.05121912294640865,x_negative,0.0,0.0,0.05121912294640865,0.0,0.0,0.0
4026,0.03667765058867437,x_negative,0.0,0.0,0.03667765058867437,0.0,0.0,0.0
4027,0.0373358594968608,x_negative,0.0,0.0,0.0373358594968608,0.0,0.0,0.0
4028,0.0223116180965805,x_negative,0.0,0.0,0.0223116180965805,0.0,0.0,0.0
4029,0.022720312520858772,x_negative,0.0,0.0,0.022720312520858772,0.0,0.0,0.0
4030,0.007815858691289417,x_negative,0.0,0.0,0.007815858691289417,0.0,0.0,0.0
4031,0.00791461554591704,x_negative,0.0,0.0,0.00791461554591704,0.0,0.0,0.0
4032,0.009370168449836538,x_positive,0.0,0.0,0.009370168449836538,0.0,0.0,0.0
4033,0.009520264957218643,x_positive,0.0,0.0,0.009520264957218643,0.0,0.0,0.0
4034,0.022611981702818144,x_positive,0.0,0.0,0.022611981702818144,0.0,0.0,0.0
4035,0.023032123611277384,x_positive,0.0,0.0,0.023032123611277384,0.0,0.0,0.0
4036,0.037086181198551976,x_positive,0.0,0.0,0.037086181198551976,0.0,0.0,0.0
4037,0.037771229229401404,x_positive,0.0,0.0,0.037771229229401404,0.0,0.0,0.0
4038,0.05088992089589002,x_positive,0.0,0.0,0.05088992089589002,0.0,0.0,0.0
4039,0.05183487291126499,x_positive,0.0,0.0,0.05183487291126499,0.0,0.0,0.0
4040,0.06381349307033508,x_positive,0.0,0.0,0.06381349307033508,0.0,0.0,0.0
4041,0.06500199548220295,x_positive,0.0,0.0,0.06500199548220295,0.0,0.0,0.0
4042,0.07562303008042344,x_positive,0.0,0.0,0.07562303008042344,0.0,0.0,0.0
4043,0.07702235169080822,x_positive,0.0,0.0,0.07702235169080822,0.0,0.0,0.0
4044,0.08614159470365639,x_positive,0.0,0.0,0.08614159470365639,0.0,0.0,0.0
4045,0.08774415557448961,x_positive,0.0,0.0,0.08774415557448961,0.0,0.0,0.0
4046,0.09509313971607747,x_positive,0.0,0.0,0.09509313971607747,0.0,0.0,0.0
4047,0.09685870005392129,x_positive,0.0,0.0,0.09685870005392129,0.0,0.0,0.0
4048,0.10236702542444219,x_positive,0.0,0.0,0.10236702542444219,0.0,0.0,0.0
4049,0.10427148752102394,x_positive,0.0,0.0,0.10427148752102394,0.0,0.0,0.0
4050,0.10781139926013947,x_positive,0.0,0.0,0.10781139926013947,0.0,0.0,0.0
4051,0.10981095345769432,x_positive,0.0,0.0,0.10981095345769432,0.0,0.0,0.0
4052,0.11125990838099453,x_positive,0.0,0.0,0.11125990838099453,0.0,0.0,0.0
4053,0.11331126166296271,x_positive,0.0,0.0,0.11331126166296271,0.0,0.0,0.0
4054,0.11227257329378398,x_positive,0.0,0.0,0.11227257329378398,0.0,0.0,0.0
4055,0.11437374849788252,x_positive,0.0,0.0,0.11437374849788252,0.0,0.0,0.0
4056,0.11157491218284715,x_positive,0.0,0.0,0.11157491218284715,0.0,0.0,0.0
4057,0.11364921292683237,x_positive,0.0,0.0,0.11364921292683237,0.0,0.0,0.0
4058,0.10920157148234642,x_positive,0.0,0.0,0.10920157148234642,0.0,0.0,0.0
4059,0.11123079138233921,x_positive,0.0,0.0,0.11123079138233921,0.0,0.0,0.0
4060,0.10544695539783357,x_positive,0.0,0.0,0.10544695539783357,0.0,0.0,0.0
4061,0.10746022303971725,x_positive,0.0,0.0,0.10746022303971725,0.0,0.0,0.0
4062,0.10036710339330548,x_positive,0.0,0.0,0.10036710339330548,0.0,0.0,0.0
4063,0.10220495437690658,x_positive,0.0,0.0,0.10220495437690658,0.0,0.0,0.0
4064,0.09403629118265493,x_positive,0.0,0.0,0.09403629118265493,0.0,0.0,0.0
4065,0.0957722095891523,x_positive,0.0,0.0,0.0957722095891523,0.0,0.0,0.0
4066,0.0863297384608152,x_positive,0.0,0.0,0.0863297384608152,0.0,0.0,0.0
4067,0.08791821983511046,x_positive,0.0,0.0,0.08791821983511046,0.0,0.0,0.0
4068,0.07736701644729883,x_positive,0.0,0.0,0.07736701644729883,0.0,0.0,0.0
4069,0.07878122450643167,x_positive,0.0,0.0,0.07878122450643167,0.0,0.0,0.0
4070,0.06730410165828339,x_positive,0.0,0.0,0.06730410165828339,0.0,0.0,0.0
4071,0.0685199397771585,x_positive,0.0,0.0,0.0685199397771585,0.0,0.0,0.0
4072,0.05627583771150837,x_positive,0.0,0.0,0.05627583771150837,0.0,0.0,0.0
4073,0.05727818064324618,x_positive,0.0,0.0,0.05727818064324618,0.0,0.0,0.0
4074,0.04441198844097324,x_positive,0.0,0.0,0.04441198844097324,0.0,0.0,0.0
4075,0.04517830293098121,x_positive,0.0,0.0,0.04517830293098121,0.0,0.0,0.0
4076,0.0335614685779538,y_negative,0.0,0.0,0.0335614685779538,0.0,0.0,0.0
4077,0.0341524431861909,y_negative,0.0,0.0,0.0341524431861909,0.0,0.0,0.0
4078,0.028931533956221736,y_negative,0.0,0.0,0.028931533956221736,0.0,0.0,0.0
4079,0.029437133683150773,y_negative,0.0,0.0,0.029437133683150773,0.0,0.0,0.0
4080,0.023520889723155584,y_negative,0.0,0.0,0.023520889723155584,0.0,0.0,0.0
4081,0.023644722873100033,y_negative,0.0,0.0,0.023644722873100033,0.0,0.0,0.0
4082,0.030903132118321266,y_negative,0.0,0.0,0.030903132118321266,0.0,0.0,0.0
4083,0.031621737598175124,y_negative,0.0,0.0,0.031621737598175124,0.0,0.0,0.0
4084,0.04213255405949009,x_negative,0.0,0.0,0.04213255405949009,0.0,0.0,0.0
4085,0.043009795495541875,x_negative,0.0,0.0,0.043009795495541875,0.0,0.0,0.0
4086,0.05362833667235618,x_negative,0.0,0.0,0.05362833667235618,0.0,0.0,0.0
4087,0.054555011719198576,x_negative,0.0,0.0,0.054555011719198576,0.0,0.0,0.0
4088,0.0648668137745785,x_negative,0.0,0.0,0.0648668137745785,0.0,0.0,0.0
4089,0.0660281791688466,x_negative,0.0,0.0,0.0660281791688466,0.0,0.0,0.0
4090,0.07533472894099871,x_negative,0.0,0.0,0.07533472894099871,0.0,0.0,0.0
4091,0.07669797085920474,x_negative,0.0,0.0,0.07669797085920474,0.0,0.0,0.0
4092,0.0846966338133026,x_negative,0.0,0.0,0.0846966338133026,0.0,0.0,0.0
4093,0.0862427696973547,x_negative,0.0,0.0,0.0862427696973547,0.0,0.0,0.0
4094,0.09286955401485494,x_negative,0.0,0.0,0.09286955401485494,0.0,0.0,0.0
4095,0.0945694161846626,x_negative,0.0,0.0,0.0945694161846626,0.0,0.0,0.0
4096,0.09980489543444235,x_negative,0.0,0.0,0.09980489543444235,0.0,0.0,0.0
4097,0.10161794249177991,x_negative,0.0,0.0,0.10161794249177991,0.0,0.0,0.0
4098,0.10542290498442193,x_negative,0.0,0.0,0.10542290498442193,0.0,0.0,0.0
4099,0.10729202761777494,x_negative,0.0,0.0,0.10729202761777494,0.0,0.0,0.0
4100,0.1097779632587671,x_negative,0.0,0.0,0.1097779632587671,0.0,0.0,0.0
4101,0.11194136303029478,x_negative,0.0,0.0,0.11194136303029478,0.0,0.0,0.0
4102,0.1125485098132893,x_negative,0.0,0.0,0.1125485098132893,0.0,0.0,0.0
4103,0.11466916306001816,x_negative,0.0,0.0,0.11466916306001816,0.0,0.0,0.0
4104,0.11348130660355481,x_negative,0.0,0.0,0.11348130660355481,0.0,0.0,0.0
4105,0.11545742575840819,x_negative,0.0,0.0,0.11545742575840819,0.0,0.0,0.0
4106,0.11234249728211487,x_negative,0.0,0.0,0.11234249728211487,0.0,0.0,0.0
4107,0.11431156108660473,x_negative,0.0,0.0,0.11431156108660473,0.0,0.0,0.0
4108,0.10865839262693629,x_negative,0.0,0.0,0.10865839262693629,0.0,0.0,0.0
4109,0.11055042823464213,x_negative,0.0,0.0,0.11055042823464213,0.0,0.0,0.0
4110,0.10231955925901844,x_negative,0.0,0.0,0.10231955925901844,0.0,0.0,0.0
4111,0.10411921707030687,x_negative,0.0,0.0,0.10411921707030687,0.0,0.0,0.0
4112,0.09385414855822863,x_negative,0.0,0.0,0.09385414855822863,0.0,0.0,0.0
4113,0.09553534760576138,x_negative,0.0,0.0,0.09553534760576138,0.0,0.0,0.0
4114,0.08406614889311995,x_negative,0.0,0.0,0.08406614889311995,0.0,0.0,0.0
4115,0.08559845058885515,x_negative,0.0,0.0,0.08559845058885515,0.0,0.0,0.0
4116,0.07340364161291249,x_negative,0.0,0.0,0.07340364161291249,0.0,0.0,0.0
4117,0.07476288527557057,x_negative,0.0,0.0,0.07476288527557057,0.0,0.0,0.0
4118,0.06188688269872946,x_negative,0.0,0.0,0.06188688269872946,0.0,0.0,0.0
4119,0.06302890820604563,x_negative,0.0,0.0,0.06302890820604563,0.0,0.0,0.0
4120,0.0494131269807865,x_negative,0.0,0.0,0.0494131269807865,0.0,0.0,0.0
4121,0.05032278581501868,x_negative,0.0,0.0,0.05032278581501868,0.0,0.0,0.0
4122,0.03601888165278762,x_negative,0.0,0.0,0.03601888165278762,0.0,0.0,0.0
4123,0.03667682036498119,x_negative,0.0,0.0,0.03667682036498119,0.0,0.0,0.0
4124,0.021910224022581373,x_negative,0.0,0.0,0.021910224022581373,0.0,0.0,0.0
4125,0.022311638828096027,x_negative,0.0,0.0,0.022311638828096027,0.0,0.0,0.0
4126,0.007686034118889058,x_negative,0.0,0.0,0.007686034118889058,0.0,0.0,0.0
4127,0.007815572904610461,x_negative,0.0,0.0,0.007815572904610461,0.0,0.0,0.0
4128,0.009036320475663016,x_positive,0.0,0.0,0.009036320475663016,0.0,0.0,0.0
4129,0.009370346239327311,x_positive,0.0,0.0,0.009370346239327311,0.0,0.0,0.0
4130,0.022196345057393874,x_positive,0.0,0.0,0.022196345057393874,0.0,0.0,0.0
4131,0.022612066180903972,x_positive,0.0,0.0,0.022612066180903972,0.0,0.0,0.0
4132,0.03639071672432771,x_positive,0.0,0.0,0.03639071672432771,0.0,0.0,0.0
4133,0.03708672555102666,x_positive,0.0,0.0,0.03708672555102666,0.0,0.0,0.0
4134,0.049941324087027984,x_positive,0.0,0.0,0.049941324087027984,0.0,0.0,0.0
4135,0.05089214620199251,x_positive,0.0,0.0,0.05089214620199251,0.0,0.0,0.0
4136,0.06262933130715514,x_positive,0.0,0.0,0.06262933130715514,0.0,0.0,0.0
4137,0.06381689459486138,x_positive,0.0,0.0,0.06381689459486138,0.0,0.0,0.0
4138,0.07423374021839889,x_positive,0.0,0.0,0.07423374021839889,0.0,0.0,0.0
4139,0.07562580207026134,x_positive,0.0,0.0,0.07562580207026134,0.0,0.0,0.0
4140,0.08455886293666241,x_positive,0.0,0.0,0.08455886293666241,0.0,0.0,0.0
4141,0.08614486444990366,x_positive,0.0,0.0,0.08614486444990366,0.0,0.0,0.0
4142,0.09334739437917744,x_positive,0.0,0.0,0.09334739437917744,0.0,0.0,0.0
4143,0.09509678323032257,x_positive,0.0,0.0,0.09509678323032257,0.0,0.0,0.0
4144,0.10047614914680984,x_positive,0.0,0.0,0.10047614914680984,0.0,0.0,0.0
4145,0.10237465174670773,x_positive,0.0,0.0,0.10237465174670773,0.0,0.0,0.0
4146,0.105789804784676,x_positive,0.0,0.0,0.105789804784676,0.0,0.0,0.0
4147,0.10781906877845425,x_positive,0.0,0.0,0.10781906877845425,0.0,0.0,0.0
4148,0.10908498238165365,x_positive,0.0,0.0,0.10908498238165365,0.0,0.0,0.0
4149,0.1112666358678102,x_positive,0.0,0.0,0.1112666358678102,0.0,0.0,0.0
4150,0.110331856893525,x_positive,0.0,0.0,0.110331856893525,0.0,0.0,0.0
4151,0.11228175935083119,x_positive,0.0,0.0,0.11228175935083119,0.0,0.0,0.0
4152,0.10956964634117766,x_positive,0.0,0.0,0.10956964634117766,0.0,0.0,0.0
4153,0.11158262574385612,x_positive,0.0,0.0,0.11158262574385612,0.0,0.0,0.0
4154,0.10716035232274569,x_positive,0.0,0.0,0.10716035232274569,0.0,0.0,0.0
4155,0.10920770922733077,x_positive,0.0,0.0,0.10920770922733077,0.0,0.0,0.0
4156,0.10346403390474838,x_positive,0.0,0.0,0.10346403390474838,0.0,0.0,0.0
4157,0.1054524796843922,x_positive,0.0,0.0,0.1054524796843922,0.0,0.0,0.0
4158,0.09853826324677128,x_positive,0.0,0.0,0.09853826324677128,0.0,0.0,0.0
4159,0.10037396192774843,x_positive,0.0,0.0,0.10037396192774843,0.0,0.0,0.0
4160,0.09230108465549805,x_positive,0.0,0.0,0.09230108465549805,0.0,0.0,0.0
4161,0.09404050469071225,x_positive,0.0,0.0,0.09404050469071225,0.0,0.0,0.0
4162,0.08474015123639468,x_positive,0.0,0.0,0.08474015123639468,0.0,0.0,0.0
4163,0.08633180906311881,x_positive,0.0,0.0,0.08633180906311881,0.0,0.0,0.0
4164,0.07593668384558915,x_positive,0.0,0.0,0.07593668384558915,0.0,0.0,0.0
4165,0.07736926819278676,x_positive,0.0,0.0,0.07736926819278676,0.0,0.0,0.0
4166,0.06605568368817798,x_positive,0.0,0.0,0.06605568368817798,0.0,0.0,0.0
4167,0.06730657292544932,x_positive,0.0,0.0,0.06730657292544932,0.0,0.0,0.0
4168,0.05522633924974508,x_positive,0.0,0.0,0.05522633924974508,0.0,0.0,0.0
4169,0.0562760613427497,x_positive,0.0,0.0,0.0562760613427497,0.0,0.0,0.0
4170,0.04359447220080545,x_positive,0.0,0.0,0.04359447220080545,0.0,0.0,0.0
4171,0.04441285844841466,x_positive,0.0,0.0,0.04441285844841466,0.0,0.0,0.0
4172,0.03288831971993081,y_negative,0.0,0.0,0.03288831971993081,0.0,0.0,0.0
4173,0.03356142820260107,y_negative,0.0,0.0,0.03356142820260107,0.0,0.0,0.0
4174,0.028137771784120465,y_negative,0.0,0.0,0.028137771784120465,0.0,0.0,0.0
4175,0.028931792746408568,y_negative,0.0,0.0,0.028931792746408568,0.0,0.0,0.0
4176,0.0232419498140192,y_negative,0.0,0.0,0.0232419498140192,0.0,0.0,0.0
4177,0.023521019530223404,y_negative,0.0,0.0,0.023521019530223404,0.0,0.0,0.0
4178,0.030138335590958923,y_negative,0.0,0.0,0.030138335590958923,0.0,0.0,0.0
4179,0.030903126881516425,y_negative,0.0,0.0,0.030903126881516425,0.0,0.0,0.0
4180,0.04140312332934422,x_negative,0.0,0.0,0.04140312332934422,0.0,0.0,0.0
4181,0.04213218513673056,x_negative,0.0,0.0,0.04213218513673056,0.0,0.0,0.0
4182,0.052553475573722544,x_negative,0.0,0.0,0.052553475573722544,0.0,0.0,0.0
4183,0.0536277424975206,x_negative,0.0,0.0,0.0536277424975206,0.0,0.0,0.0
4184,0.06360528556241159,x_negative,0.0,0.0,0.06360528556241159,0.0,0.0,0.0
4185,0.06486504916563457,x_negative,0.0,0.0,0.06486504916563457,0.0,0.0,0.0
4186,0.07389549851994122,x_negative,0.0,0.0,0.07389549851994122,0.0,0.0,0.0
4187,0.07532979414486077,x_negative,0.0,0.0,0.07532979414486077,0.0,0.0,0.0
4188,0.08309475350396063,x_negative,0.0,0.0,0.08309475350396063,0.0,0.0,0.0
4189,0.08469171286920964,x_negative,0.0,0.0,0.08469171286920964,0.0,0.0,0.0
4190,0.09113769700904426,x_negative,0.0,0.0,0.09113769700904426,0.0,0.0,0.0
4191,0.09286463322815651,x_negative,0.0,0.0,0.09286463322815651,0.0,0.0,0.0
4192,0.09795579828405598,x_negative,0.0,0.0,0.09795579828405598,0.0,0.0,0.0
4193,0.09980031771053725,x_negative,0.0,0.0,0.09980031771053725,0.0,0.0,0.0
4194,0.10349313396003926,x_negative,0.0,0.0,0.10349313396003926,0.0,0.0,0.0
4195,0.1054174457268258,x_negative,0.0,0.0,0.1054174457268258,0.0,0.0,0.0
4196,0.10766799608549227,x_negative,0.0,0.0,0.10766799608549227,0.0,0.0,0.0
4197,0.10977333793787666,x_negative,0.0,0.0,0.10977333793787666,0.0,0.0,0.0
4198,0.11040071204559802,x_negative,0.0,0.0,0.11040071204559802,0.0,0.0,0.0
4199,0.11254422582621437,x_negative,0.0,0.0,0.11254422582621437,0.0,0.0,0.0
4200,0.1113864591156183,x_negative,0.0,0.0,0.1113864591156183,0.0,0.0,0.0
4201,0.11347746865829465,x_negative,0.0,0.0,0.11347746865829465,0.0,0.0,0.0
4202,0.11021620075051461,x_negative,0.0,0.0,0.11021620075051461,0.0,0.0,0.0
4203,0.11234104489389152,x_negative,0.0,0.0,0.11234104489389152,0.0,0.0,0.0
4204,0.10657208476514239,x_negative,0.0,0.0,0.10657208476514239,0.0,0.0,0.0
4205,0.10865701766733296,x_negative,0.0,0.0,0.10865701766733296,0.0,0.0,0.0
4206,0.10036739337007633,x_negative,0.0,0.0,0.10036739337007633,0.0,0.0,0.0
4207,0.10231865990499675,x_negative,0.0,0.0,0.10231865990499675,0.0,0.0,0.0
4208,0.09211058725437775,x_negative,0.0,0.0,0.09211058725437775,0.0,0.0,0.0
4209,0.09385560443979876,x_negative,0.0,0.0,0.09385560443979876,0.0,0.0,0.0
4210,0.0825222611000112,x_negative,0.0,0.0,0.0825222611000112,0.0,0.0,0.0
4211,0.0840641588102505,x_negative,0.0,0.0,0.0840641588102505,0.0,0.0,0.0
4212,0.0720436719160913,x_negative,0.0,0.0,0.0720436719160913,0.0,0.0,0.0
4213,0.073403170881405,x_negative,0.0,0.0,0.073403170881405,0.0,0.0,0.0
4214,0.06071315259707422,x_negative,0.0,0.0,0.06071315259707422,0.0,0.0,0.0
4215,0.06188560987522281,x_negative,0.0,0.0,0.06188560987522281,0.0,0.0,0.0
4216,0.04847193986592968,x_negative,0.0,0.0,0.04847193986592968,0.0,0.0,0.0
4217,0.04941232483702981,x_negative,0.0,0.0,0.04941232483702981,0.0,0.0,0.0
4218,0.035338380563105704,x_negative,0.0,0.0,0.035338380563105704,0.0,0.0,0.0
4219,0.0360171297228264,x_negative,0.0,0.0,0.0360171297228264,0.0,0.0,0.0
4220,0.021510791226182626,x_negative,0.0,0.0,0.021510791226182626,0.0,0.0,0.0
4221,0.021910094821318515,x_negative,0.0,0.0,0.021910094821318515,0.0,0.0,0.0
4222,0.007468202567173115,x_negative,0.0,0.0,0.007468202567173115,0.0,0.0,0.0
4223,0.00768612338273992,x_negative,0.0,0.0,0.00768612338273992,0.0,0.0,0.0
4224,0.008461888305967155,x_positive,0.0,0.0,0.008461888305967155,0.0,0.0,0.0
4225,0.009035682236433768,x_positive,0.0,0.0,0.009035682236433768,0.0,0.0,0.0
4226,0.021789688109484038,x_positive,0.0,0.0,0.021789688109484038,0.0,0.0,0.0
4227,0.022195468206422916,x_positive,0.0,0.0,0.022195468206422916,0.0,0.0,0.0
4228,0.035685913072017246,x_positive,0.0,0.0,0.035685913072017246,0.0,0.0,0.0
4229,0.036388987906802464,x_positive,0.0,0.0,0.036388987906802464,0.0,0.0,0.0
4230,0.04897562928032425,x_positive,0.0,0.0,0.04897562928032425,0.0,0.0,0.0
4231,0.04993874826471447,x_positive,0.0,0.0,0.04993874826471447,0.0,0.0,0.0
4232,0.061447118271032386,x_positive,0.0,0.0,0.061447118271032386,0.0,0.0,0.0
4233,0.06262793673581138,x_positive,0.0,0.0,0.06262793673581138,0.0,0.0,0.0
4234,0.07285804772954692,x_positive,0.0,0.0,0.07285804772954692,0.0,0.0,0.0
4235,0.07423419343410298,x_positive,0.0,0.0,0.07423419343410298,0.0,0.0,0.0
4236,0.08300171037067408,x_positive,0.0,0.0,0.08300171037067408,0.0,0.0,0.0
4237,0.0845608426461785,x_positive,0.0,0.0,0.0845608426461785,0.0,0.0,0.0
4238,0.09162656518604845,x_positive,0.0,0.0,0.09162656518604845,0.0,0.0,0.0
4239,0.0933500389080722,x_positive,0.0,0.0,0.0933500389080722,0.0,0.0,0.0
4240,0.09858528188823636,x_positive,0.0,0.0,0.09858528188823636,0.0,0.0,0.0
4241,0.10047717017882783,x_positive,0.0,0.0,0.10047717017882783,0.0,0.0,0.0
4242,0.1037446296534658,x_positive,0.0,0.0,0.1037446296534658,0.0,0.0,0.0
4243,0.10579507582513305,x_positive,0.0,0.0,0.10579507582513305,0.0,0.0,0.0
4244,0.10685030475878576,x_positive,0.0,0.0,0.10685030475878576,0.0,0.0,0.0
4245,0.10908887493118517,x_positive,0.0,0.0,0.10908887493118517,0.0,0.0,0.0
4246,0.10833818095846662,x_positive,0.0,0.0,0.10833818095846662,0.0,0.0,0.0
4247,0.11034116150818749,x_positive,0.0,0.0,0.11034116150818749,0.0,0.0,0.0
4248,0.10753080545296412,x_positive,0.0,0.0,0.10753080545296412,0.0,0.0,0.0
4249,0.109579341707316,x_positive,0.0,0.0,0.109579341707316,0.0,0.0,0.0
4250,0.10512185657928015,x_positive,0.0,0.0,0.10512185657928015,0.0,0.0,0.0
4251,0.10717048245133214,x_positive,0.0,0.0,0.10717048245133214,0.0,0.0,0.0
4252,0.10150866342054289,x_positive,0.0,0.0,0.10150866342054289,0.0,0.0,0.0
4253,0.10347686332449624,x_positive,0.0,0.0,0.10347686332449624,0.0,0.0,0.0
4254,0.0967239674066619,x_positive,0.0,0.0,0.0967239674066619,0.0,0.0,0.0
4255,0.09855375953865758,x_positive,0.0,0.0,0.09855375953865758,0.0,0.0,0.0
4256,0.0905810731964449,x_positive,0.0,0.0,0.0905810731964449,0.0,0.0,0.0
4257,0.09231667785856301,x_positive,0.0,0.0,0.09231667785856301,0.0,0.0,0.0
4258,0.08312561742717882,x_positive,0.0,0.0,0.08312561742717882,0.0,0.0,0.0
4259,0.08475636447864535,x_positive,0.0,0.0,0.08475636447864535,0.0,0.0,0.0
4260,0.07444761650003281,x_positive,0.0,0.0,0.07444761650003281,0.0,0.0,0.0
4261,0.07594969444740689,x_positive,0.0,0.0,0.07594969444740689,0.0,0.0,0.0
4262,0.06470796502029201,x_positive,0.0,0.0,0.06470796502029201,0.0,0.0,0.0
4263,0.06606582588179231,x_positive,0.0,0.0,0.06606582588179231,0.0,0.0,0.0
4264,0.05405190097761144,x_positive,0.0,0.0,0.05405190097761144,0.0,0.0,0.0
4265,0.05523436068230467,x_positive,0.0,0.0,0.05523436068230467,0.0,0.0,0.0
4266,0.0426412264966871,x_positive,0.0,0.0,0.0426412264966871,0.0,0.0,0.0
4267,0.043599261250027846,x_positive,0.0,0.0,0.043599261250027846,0.0,0.0,0.0
4268,0.0320083370409408,y_negative,0.0,0.0,0.0320083370409408,0.0,0.0,0.0
4269,0.032891198020456106,y_negative,0.0,0.0,0.032891198020456106,0.0,0.0,0.0
4270,0.026731218595349802,y_negative,0.0,0.0,0.026731218595349802,0.0,0.0,0.0
4271,0.028138758821331808,y_negative,0.0,0.0,0.028138758821331808,0.0,0.0,0.0
4272,0.02274693605259288,y_negative,0.0,0.0,0.02274693605259288,0.0,0.0,0.0
4273,0.0232419351045666,y_negative,0.0,0.0,0.0232419351045666,0.0,0.0,0.0
4274,0.029018059122193338,y_negative,0.0,0.0,0.029018059122193338,0.0,0.0,0.0
4275,0.030138829384966072,y_negative,0.0,0.0,0.030138829384966072,0.0,0.0,0.0
4276,0.04015306541741499,x_negative,0.0,0.0,0.04015306541741499,0.0,0.0,0.0
4277,0.041402902032107766,x_negative,0.0,0.0,0.041402902032107766,0.0,0.0,0.0
4278,0.05101247866931166,x_negative,0.0,0.0,0.05101247866931166,0.0,0.0,0.0
4279,0.05255159072108628,x_negative,0.0,0.0,0.05255159072108628,0.0,0.0,0.0
4280,0.06199622591146071,x_negative,0.0,0.0,0.06199622591146071,0.0,0.0,0.0
4281,0.06360182653154908,x_negative,0.0,0.0,0.06360182653154908,0.0,0.0,0.0
4282,0.07221973415583827,x_negative,0.0,0.0,0.07221973415583827,0.0,0.0,0.0
4283,0.07389058147809494,x_negative,0.0,0.0,0.07389058147809494,0.0,0.0,0.0
4284,0.08137691161000905,x_negative,0.0,0.0,0.08137691161000905,0.0,0.0,0.0
4285,0.08308692318379704,x_negative,0.0,0.0,0.08308692318379704,0.0,0.0,0.0
4286,0.08935776773541979,x_negative,0.0,0.0,0.08935776773541979,0.0,0.0,0.0
4287,0.09112784374227147,x_negative,0.0,0.0,0.09112784374227147,0.0,0.0,0.0
4288,0.0960946228223318,x_negative,0.0,0.0,0.0960946228223318,0.0,0.0,0.0
4289,0.09794402426605638,x_negative,0.0,0.0,0.09794402426605638,0.0,0.0,0.0
4290,0.10152522677138334,x_negative,0.0,0.0,0.10152522677138334,0.0,0.0,0.0
4291,0.10348365864952702,x_negative,0.0,0.0,0.10348365864952702,0.0,0.0,0.0
4292,0.10551492843173399,x_negative,0.0,0.0,0.10551492843173399,0.0,0.0,0.0
4293,0.10765642403433176,x_negative,0.0,0.0,0.10765642403433176,0.0,0.0,0.0
4294,0.10817944593891701,x_negative,0.0,0.0,0.10817944593891701,0.0,0.0,0.0
4295,0.11039219827401729,x_negative,0.0,0.0,0.11039219827401729,0.0,0.0,0.0
4296,0.10901209146212282,x_negative,0.0,0.0,0.10901209146212282,0.0,0.0,0.0
4297,0.11137621310818402,x_negative,0.0,0.0,0.11137621310818402,0.0,0.0,0.0
4298,0.10775104786886301,x_negative,0.0,0.0,0.10775104786886301,0.0,0.0,0.0
4299,0.11020703062533448,x_negative,0.0,0.0,0.11020703062533448,0.0,0.0,0.0
4300,0.1041423783770646,x_negative,0.0,0.0,0.1041423783770646,0.0,0.0,0.0
4301,0.10656247319076258,x_negative,0.0,0.0,0.10656247319076258,0.0,0.0,0.0
4302,0.0981815464729704,x_negative,0.0,0.0,0.0981815464729704,0.0,0.0,0.0
4303,0.10035694685802113,x_negative,0.0,0.0,0.10035694685802113,0.0,0.0,0.0
4304,0.09026774715901316,x_negative,0.0,0.0,0.09026774715901316,0.0,0.0,0.0
4305,0.09210403595125341,x_negative,0.0,0.0,0.09210403595125341,0.0,0.0,0.0
4306,0.08098098144529618,x_negative,0.0,0.0,0.08098098144529618,0.0,0.0,0.0
4307,0.082518729837987,x_negative,0.0,0.0,0.082518729837987,0.0,0.0,0.0
4308,0.07068620751302972,x_negative,0.0,0.0,0.07068620751302972,0.0,0.0,0.0
4309,0.07204019661780746,x_negative,0.0,0.0,0.07204019661780746,0.0,0.0,0.0
4310,0.05952180238999049,x_negative,0.0,0.0,0.05952180238999049,0.0,0.0,0.0
4311,0.06070865775383272,x_negative,0.0,0.0,0.06070865775383272,0.0,0.0,0.0
4312,0.04748668639209004,x_negative,0.0,0.0,0.04748668639209004,0.0,0.0,0.0
4313,0.04846777917575844,x_negative,0.0,0.0,0.04846777917575844,0.0,0.0,0.0
4314,0.03463208015132971,x_negative,0.0,0.0,0.03463208015132971,0.0,0.0,0.0
4315,0.0353352820656701,x_negative,0.0,0.0,0.0353352820656701,0.0,0.0,0.0
4316,0.0211078102409319,x_negative,0.0,0.0,0.0211078102409319,0.0,0.0,0.0
4317,0.021508004633743825,x_negative,0.0,0.0,0.021508004633743825,0.0,0.0,0.0
4318,0.0071558050232371105,x_negative,0.0,0.0,0.0071558050232371105,0.0,0.0,0.0
4319,0.0074672666696307625,x_negative,0.0,0.0,0.0074672666696307625,0.0,0.0,0.0
4320,0.007825747976967124,x_positive,0.0,0.0,0.007361055661626244,0.00046469231534097203,0.0,-9.194034422677078e-17
4321,0.008461685108960587,x_positive,0.0,0.0,0.008453930246995839,7.754861964706995e-06,0.0,4.163336342344337e-17
4322,0.021392323751846007,x_positive,0.0,0.0,0.020140098622000734,0.0012522251298452908,0.0,-1.734723475976807e-17
4323,0.021790255579382658,x_positive,0.0,0.0,0.021770630262884755,1.9625316497853153e-05,0.0,4.85722573273506e-17
4324,0.03497195198795452,x_positive,0.0,0.0,0.03297811000412265,0.001993841983831874,0.0,-6.938893903907228e-18
4325,0.035686952404126504,x_positive,0.0,0.0,0.03565610015062259,3.085225350391888e-05,0.0,0.0
4326,0.0480132162760504,x_positive,0.0,0.0,0.04538220445813951,0.0026310118179108805,0.0,1.3877787807814457e-17
4327,0.04897809994054027,x_positive,0.0,0.0,0.04893848051436686,3.961942617340361e-05,0.0,0.0
4328,0.06027216940337601,x_positive,0.0,0.0,0.05714303588620581,0.0031291335171702104,0.0,-1.3877787807814457e-17
4329,0.0614493966432619,x_positive,0.0,0.0,0.06140418638607764,4.5210257184294216e-05,0.0,-3.469446951953614e-17
4330,0.07149074153937619,x_positive,0.0,0.0,0.06802864666773438,0.0034620948716418487,0.0,-4.163336342344337e-17
4331,0.0728611448801149,x_positive,0.0,0.0,0.07281383728327191,4.73075968429293e-05,0.0,5.551115123125783e-17
4332,0.08145609395091863,x_positive,0.0,0.0,0.0778404030517185,0.00361569089920012,0.0,0.0
4333,0.08300529023166686,x_positive,0.0,0.0,0.08295927506497106,4.601516669575059e-05,0.0,5.551115123125783e-17
4334,0.08991897671440825,x_positive,0.0,0.0,0.08633301424805852,0.0035859624663498063,0.0,-6.938893903907228e-17
4335,0.09163187165720742,x_positive,0.0,0.0,0.09159011969626578,4.175196094173375e-05,0.0,-9.71445146547012e-17
4336,0.09670490585406508,x_positive,0.0,0.0,0.09331927429014286,0.0033856315639222076,0.0,0.0
4337,0.09859000919478886,x_positive,0.0,0.0,0.09855464275333664,3.536644145221391e-05,0.0,0.0
4338,0.10169735165196805,x_positive,0.0,0.0,0.09865716634552898,0.0030401853064390386,0.0,2.7755575615628914e-17
4339,0.10374804903269538,x_positive,0.0,0.0,0.1037202041924754,2.7844840219979448e-05,0.0,1.3877787807814457e-17
4340,0.10468923349806865,x_positive,0.0,0.0,0.10210215357054153,0.002587079927527103,0.0,1.3877787807814457e-17
4341,0.10685108568967637,x_positive,0.0,0.0,0.10683091205071094,2.0173638965436403e-05,0.0,0.0
4342,0.10613677504414636,x_positive,0.0,0.0,0.10405720620526497,0.0020795688388814083,0.0,-2.7755575615628914e-17
4343,0.10834452109843622,x_positive,0.0,0.0,0.10833110441753957,1.3416680896646859e-05,0.0,0.0
4344,0.10538692543371837,x_positive,0.0,0.0,0.10383667348024148,0.0015502519534769225,0.0,-2.7755575615628914e-17
4345,0.10754065000632754,x_positive,0.0,0.0,0.10753276129513109,7.88871119643655e-06,0.0,1.3877787807814457e-17
4346,0.10310412047484001,x_positive,0.0,0.0,0.10204033125563326,0.0010637892192067167,0.0,2.7755575615628914e-17
4347,0.10512999524830731,x_positive,0.0,0.0,0.10512595119885797,4.0440494493573e-06,0.0,-1.3877787807814457e-17
4348,0.0995444279978544,x_positive,0.0,0.0,0.09889222694406148,0.0006522010537929166,0.0,0.0
4349,0.1015176950814426,x_positive,0.0,0.0,0.10151595174990867,1.7433315339332883e-06,0.0,-1.3877787807814457e-17
4350,0.0949210731084764,x_positive,0.0,0.0,0.0945971631032503,0.00032391000522613166,0.0,-2.7755575615628914e-17
4351,0.09673462683417634,x_positive,0.0,0.0,0.09673406041728287,5.664168934847462e-07,0.0,-1.3877787807814457e-17
4352,0.08884506333008392,x_positive,0.0,0.0,0.08876496993363966,8.009339644423477e-05,0.0,2.7755575615628914e-17
4353,0.0905916673156645,x_positive,0.0,0.0,0.09059157740409364,8.991157085791592e-08,0.0,0.0
4354,0.08146775941448779,x_positive,0.0,0.0,0.08146775941448779,0.0,0.0,0.0
4355,0.08313450614360596,x_positive,0.0,0.0,0.08313450614360596,0.0,0.0,0.0
4356,0.07289372481637017,x_positive,0.0,0.0,0.07289372481637017,0.0,0.0,0.0
4357,0.07445588960254604,x_positive,0.0,0.0,0.07445588960254604,0.0,0.0,0.0
4358,0.06326022484731493,x_positive,0.0,0.0,0.06326022484731493,0.0,0.0,0.0
4359,0.06471324117720405,x_positive,0.0,0.0,0.06471324117720405,0.0,0.0,0.0
4360,0.052771806409435504,x_positive,0.0,0.0,0.052771806409435504,0.0,0.0,0.0
4361,0.054056202586741396,x_positive,0.0,0.0,0.054056202586741396,0.0,0.0,0.0
4362,0.04159459999194107,x_positive,0.0,0.0,0.04159459999194107,0.0,0.0,0.0
4363,0.04264381843086693,x_positive,0.0,0.0,0.04264381843086693,0.0,0.0,0.0
4364,0.03094316781585094,y_negative,0.0,0.0,0.03094316781585094,0.0,0.0,0.0
4365,0.03200960534498857,y_negative,0.0,0.0,0.03200960534498857,0.0,0.0,0.0
4366,0.024856118471832195,y_negative,0.0,0.0,0.024856118471832195,0.0,0.0,0.0
4367,0.026731386156596846,y_negative,0.0,0.0,0.026731386156596846,0.0,0.0,0.0
4368,0.022238905934652345,y_negative,0.0,0.0,0.022234434371966472,4.471562685870923e-06,0.0,0.0
4369,0.022747031514967892,y_negative,0.0,0.0,0.022747031514967892,0.0,0.0,0.0
4370,0.027506362219618143,x_negative,0.0,0.0,0.027455210616143175,5.115160347496834e-05,0.0,0.0
4371,0.029017388032090783,y_negative,0.0,0.0,0.02901738299196642,5.040124374664656e-09,0.0,-1.0408340855860843e-17
4372,0.03818404379423947,x_negative,0.0,0.0,0.03802517827037488,0.00015886552386461925,0.0,-3.469446951953614e-17
4373,0.04015244852826261,x_negative,0.0,0.0,0.04015236477991657,8.374834603479282e-08,0.0,0.0
4374,0.049155111099252934,x_negative,0.0,0.0,0.04881698036088167,0.0003381307383712312,0.0,3.469446951953614e-17
4375,0.051011782958843024,x_negative,0.0,0.0,0.05101140517979476,3.777790482974825e-07,0.0,-3.469446951953614e-17
4376,0.06014969672500904,x_negative,0.0,0.0,0.05955207658041578,0.0005976201445933586,0.0,-9.71445146547012e-17
4377,0.06199428777806463,x_negative,0.0,0.0,0.06199320957551253,1.0782025520550532e-06,0.0,4.85722573273506e-17
4378,0.07039884860672674,x_negative,0.0,0.0,0.0694613244641344,0.0009375241425923132,0.0,2.7755575615628914e-17
4379,0.07221678030376924,x_negative,0.0,0.0,0.07221435839654684,2.4219072223930675e-06,0.0,0.0
4380,0.07959981474633208,x_negative,0.0,0.0,0.0782518965691542,0.0013479181771778681,0.0,1.3877787807814457e-17
4381,0.08137563762880859,x_negative,0.0,0.0,0.08137097190718093,4.665721627653884e-06,0.0,1.3877787807814457e-17
4382,0.0875979418958619,x_negative,0.0,0.0,0.08578776298232449,0.0018101789135374297,0.0,-2.7755575615628914e-17
4383,0.0893602499087219,x_negative,0.0,0.0,0.08935229531769258,7.954591029321521e-06,0.0,0.0
4384,0.09427159072277463,x_negative,0.0,0.0,0.09196969017876408,0.0023019005440105124,0.0,4.163336342344337e-17
4385,0.09609758222500984,x_negative,0.0,0.0,0.09608522780619824,1.2354418811592681e-05,0.0,1.3877787807814457e-17
4386,0.09958841040047664,x_negative,0.0,0.0,0.09679368872049254,0.002794721679984108,0.0,-1.3877787807814457e-17
4387,0.10152840726683109,x_negative,0.0,0.0,0.1015106356953208,1.7771571510303515e-05,0.0,-1.3877787807814457e-17
4388,0.1032731070534988,x_negative,0.0,0.0,0.10002021746426527,0.003252889589233519,0.0,1.3877787807814457e-17
4389,0.1055151532553992,x_negative,0.0,0.0,0.10549131118012084,2.3842075278351552e-05,0.0,1.3877787807814457e-17
4390,0.10589214133172704,x_negative,0.0,0.0,0.10222600593091254,0.003666135400814513,0.0,0.0
4391,0.10818147301798574,x_negative,0.0,0.0,0.10815124060822634,3.0232409759405478e-05,0.0,-1.3877787807814457e-17
4392,0.10649334993875735,x_negative,0.0,0.0,0.1025066424689073,0.003986707469850026,0.0,2.7755575615628914e-17
4393,0.10901154654244508,x_negative,0.0,0.0,0.10897540358696087,3.614295548419823e-05,0.0,1.3877787807814457e-17
4394,0.10510469168268585,x_negative,0.0,0.0,0.10089885680865608,0.004205834874029769,0.0,0.0
4395,0.10775095812874877,x_negative,0.0,0.0,0.10770963283163044,4.132529711832307e-05,0.0,0.0
4396,0.10157296522030783,x_negative,0.0,0.0,0.09726444536991874,0.00430851985038907,0.0,1.3877787807814457e-17
4397,0.10414237895744445,x_negative,0.0,0.0,0.10409714819910204,4.523075834243906e-05,0.0,-2.7755575615628914e-17
4398,0.09591877321375047,x_negative,0.0,0.0,0.09162538322368169,0.0042933899900688115,0.0,-2.7755575615628914e-17
4399,0.09818080991920063,x_negative,0.0,0.0,0.09813312668565322,4.768323354744325e-05,0.0,-2.7755575615628914e-17
4400,0.08840457709168975,x_negative,0.0,0.0,0.08424048491998586,0.004164092171703852,0.0,4.163336342344337e-17
4401,0.09026734672301771,x_negative,0.0,0.0,0.09021860978638532,4.873693663240086e-05,0.0,-1.3877787807814457e-17
4402,0.07944782380230124,x_negative,0.0,0.0,0.07551788975141908,0.003929934050882195,0.0,-4.163336342344337e-17
4403,0.08098092117506929,x_negative,0.0,0.0,0.08093256729404485,4.835388102442954e-05,0.0,0.0
4404,0.0693720939022231,x_negative,0.0,0.0,0.06577790064739661,0.003594193254826526,0.0,-4.163336342344337e-17
4405,0.0706864831384513,x_negative,0.0,0.0,0.07063995039284537,4.653274560587291e-05,0.0,5.551115123125783e-17
4406,0.058357555788671925,x_negative,0.0,0.0,0.0552033057654045,0.0031542500232673654,0.0,6.245004513516506e-17
4407,0.05952250419702311,x_negative,0.0,0.0,0.05947961984712024,4.2884349902899255e-05,0.0,-2.7755575615628914e-17
4408,0.04650902107352477,x_negative,0.0,0.0,0.043900835055756586,0.0026081860177680615,0.0,1.1796119636642288e-16
4409,0.04748600298940421,x_negative,0.0,0.0,0.0474488861302552,3.711685914898827e-05,0.0,2.7755575615628914e-17
4410,0.03391767867931332,x_negative,0.0,0.0,0.03195912117236558,0.00195855750694764,0.0,9.71445146547012e-17
4411,0.03463193414794797,x_negative,0.0,0.0,0.0346029548862741,2.8979261673971464e-05,0.0,-1.0408340855860843e-16
4412,0.02071237132330262,x_negative,0.0,0.0,0.019491362070168945,0.0012210092531335756,0.0,1.0061396160665481e-16
4413,0.021107582972667887,x_negative,0.0,0.0,0.021088999329655342,1.858364301265775e-05,0.0,-1.1102230246251565e-16
4414,0.0068997587917621105,x_negative,0.0,0.0,0.006488990935900857,0.00041076785586127175,0.0,-1.8214596497756474e-17
4415,0.0071559030196184925,x_negative,0.0,0.0,0.007149390331083482,6.5126885350346826e-06,0.0,-2.42861286636753e-17
4416,0.007300340783769966,x_positive,0.0,0.0,0.0,0.007300340783769966,0.0,0.0
4417,0.007825632315207201,x_positive,0.0,0.0,0.0,0.007825632315207201,0.0,0.0
4418,0.020991786538481685,x_positive,0.0,0.0,0.0,0.020991786538481685,0.0,0.0
4419,0.021392719284973306,x_positive,0.0,0.0,0.0,0.021392719284973306,0.0,0.0
4420,0.03426402142164107,x_positive,0.0,0.0,0.0,0.03426402142164107,0.0,0.0
4421,0.034972706952449355,x_positive,0.0,0.0,0.0,0.034972706952449355,0.0,0.0
4422,0.047055112020064564,x_positive,0.0,0.0,0.0,0.047055112020064564,0.0,0.0
4423,0.04801385851346712,x_positive,0.0,0.0,0.0,0.04801385851346712,0.0,0.0
4424,0.05908734247034477,x_positive,0.0,0.0,0.0,0.05908734247034477,0.0,0.0
4425,0.06027443977575701,x_positive,0.0,0.0,0.0,0.06027443977575701,0.0,0.0
4426,0.07012290363041618,x_positive,0.0,0.0,0.0,0.07012290363041618,0.0,0.0
4427,0.07149431582142035,x_positive,0.0,0.0,0.0,0.07149431582142035,0.0,0.0
4428,0.07990863956744373,x_positive,0.0,0.0,0.0,0.07990863956744373,0.0,0.0
4429,0.081459321949588,x_positive,0.0,0.0,0.0,0.081459321949588,0.0,0.0
4430,0.08820611890074377,x_positive,0.0,0.0,0.0,0.08820611890074377,0.0,0.0
4431,0.08992252744664697,x_positive,0.0,0.0,0.0,0.08992252744664697,0.0,0.0
4432,0.09481650713107177,x_positive,0.0,0.0,0.0,0.09481650713107177,0.0,0.0
4433,0.09670997809390068,x_positive,0.0,0.0,0.0,0.09670997809390068,0.0,0.0
4434,0.09967069638836606,x_positive,0.0,0.0,0.0,0.09967069638836606,0.0,0.0
4435,0.10170224718674585,x_positive,0.0,0.0,0.0,0.10170224718674585,0.0,0.0
4436,0.10258652412027859,x_positive,0.0,0.0,0.0,0.10258652412027859,0.0,0.0
4437,0.10469208989759415,x_positive,0.0,0.0,0.0,0.10469208989759415,0.0,0.0
4438,0.10387198756950868,x_positive,0.0,0.0,0.0,0.10387198756950868,0.0,0.0
4439,0.10613547760060345,x_positive,0.0,0.0,0.0,0.10613547760060345,0.0,0.0
4440,0.10322502981521235,x_positive,0.0,0.0,0.0,0.10322502981521235,0.0,0.0
4441,0.10538641887329393,x_positive,0.0,0.0,0.0,0.10538641887329393,0.0,0.0
4442,0.10107752845415087,x_positive,0.0,0.0,0.0,0.10107752845415087,0.0,0.0
4443,0.1031030853057529,x_positive,0.0,0.0,0.0,0.1031030853057529,0.0,0.0
4444,0.09761754931374764,x_positive,0.0,0.0,0.0,0.09761754931374764,0.0,0.0
4445,0.09954221291787436,x_positive,0.0,0.0,0.0,0.09954221291787436,0.0,0.0
4446,0.09309539725872219,x_positive,0.0,0.0,0.0,0.09309539725872219,0.0,0.0
4447,0.09491996007289728,x_positive,0.0,0.0,0.0,0.09491996007289728,0.0,0.0
4448,0.08709129811607137,x_positive,0.0,0.0,9.433405125706438e-10,0.0870912971727308,0.0,5.551115123125783e-17
4449,0.08884543853721723,x_positive,0.0,0.0,8.741467125443686e-07,0.0888445643905047,0.0,-1.3877787807814457e-17
4450,0.07979459678037815,x_positive,0.0,0.0,7.003917382310596e-08,0.0797945267412043,0.0,2.7755575615628914e-17
4451,0.08146936726548523,x_positive,0.0,0.0,8.477195038484082e-05,0.0813845953151004,0.0,0.0
4452,0.07132404023695135,x_positive,0.0,0.0,1.554097265694157e-07,0.07132388482722474,0.0,4.163336342344337e-17
4453,0.07289557171563223,x_positive,0.0,0.0,0.000175794851068105,0.07271977686456418,0.0,-6.938893903907228e-17
4454,0.06181059455137053,x_positive,0.0,0.0,1.872244545637477e-07,0.061810407326915964,0.0,0.0
4455,0.0632621553308648,x_positive,0.0,0.0,0.00020333181634881156,0.06305882351451605,0.0,-6.938893903907228e-17
4456,0.05148398640956762,x_positive,0.0,0.0,1.586525785932487e-07,0.05148382775698903,0.0,-6.938893903907228e-18
4457,0.0527721408964547,x_positive,0.0,0.0,0.00018433328033384518,0.052587807616120856,0.0,-6.938893903907228e-18
4458,0.04054349228392408,x_positive,0.0,0.0,9.848635202322582e-08,0.04054339379757206,0.0,-6.938893903907228e-18
4459,0.04159441135500974,x_positive,0.0,0.0,0.00013773810764387958,0.04145667324736586,0.0,0.0
4460,0.029890633564025184,y_negative,0.0,0.0,4.0009708466519415e-08,0.029890593554316697,0.0,2.0816681711721685e-17
4461,0.030943773084392313,y_negative,0.0,0.0,8.397543934699202e-05,0.030859797645045282,0.0,3.8163916471489756e-17
4462,0.023037064258341396,y_negative,0.0,0.0,4.593039961735697e-09,0.02303705966530141,0.0,2.42861286636753e-17
4463,0.02485645040823861,y_negative,0.0,0.0,3.984135279902859e-05,0.024816609055439608,0.0,-2.7755575615628914e-17
4464,0.021734631346958643,y_negative,0.0,0.0,0.0,0.021734631346958643,0.0,0.0
4465,0.022239110121485474,y_negative,0.0,0.0,5.135045181819375e-06,0.022233975076303644,0.0,1.0408340855860843e-17
4466,0.0260883110171084,x_negative,0.0,0.0,0.0,0.0260883110171084,0.0,0.0
4467,0.027507025864660802,x_negative,0.0,0.0,0.0,0.027507025864660802,0.0,0.0
4468,0.036311208892972714,x_negative,0.0,0.0,0.0,0.036311208892972714,0.0,0.0
4469,0.03818494678116109,x_negative,0.0,0.0,0.0,0.03818494678116109,0.0,0.0
4470,0.04745493009184332,x_negative,0.0,0.0,0.0,0.04745493009184332,0.0,0.0
4471,0.04915478432020083,x_negative,0.0,0.0,0.0,0.04915478432020083,0.0,0.0
4472,0.05843476515317075,x_negative,0.0,0.0,0.0,0.05843476515317075,0.0,0.0
4473,0.06014927791894248,x_negative,0.0,0.0,0.0,0.06014927791894248,0.0,0.0
4474,0.06867465785935475,x_negative,0.0,0.0,0.0,0.06867465785935475,0.0,0.0
4475,0.07039644433539118,x_negative,0.0,0.0,0.0,0.07039644433539118,0.0,0.0
4476,0.07786835237186411,x_negative,0.0,0.0,0.0,0.07786835237186411,0.0,0.0
4477,0.07959453605256903,x_negative,0.0,0.0,0.0,0.07959453605256903,0.0,0.0
4478,0.08583921298410549,x_negative,0.0,0.0,0.0,0.08583921298410549,0.0,0.0
4479,0.08759073011498938,x_negative,0.0,0.0,0.0,0.08759073011498938,0.0,0.0
4480,0.09243393864354144,x_negative,0.0,0.0,0.0,0.09243393864354144,0.0,0.0
4481,0.09426735619171109,x_negative,0.0,0.0,0.0,0.09426735619171109,0.0,0.0
4482,0.09762638722742173,x_negative,0.0,0.0,0.0,0.09762638722742173,0.0,0.0
4483,0.09958411724612623,x_negative,0.0,0.0,0.0,0.09958411724612623,0.0,0.0
4484,0.10110582646280485,x_negative,0.0,0.0,0.0,0.10110582646280485,0.0,0.0
4485,0.10327140572005968,x_negative,0.0,0.0,0.0,0.10327140572005968,0.0,0.0
4486,0.10360615358657921,x_negative,0.0,0.0,0.0,0.10360615358657921,0.0,0.0
4487,0.10588968859891146,x_negative,0.0,0.0,0.0,0.10588968859891146,0.0,0.0
4488,0.10401365489486596,x_negative,0.0,0.0,0.0,0.10401365489486596,0.0,0.0
4489,0.10649283557949184,x_negative,0.0,0.0,0.0,0.10649283557949184,0.0,0.0
4490,0.10252092196652288,x_negative,0.0,0.0,0.0,0.10252092196652288,0.0,0.0
4491,0.10510186450257145,x_negative,0.0,0.0,0.0,0.10510186450257145,0.0,0.0
4492,0.09907603462769211,x_negative,0.0,0.0,0.0,0.09907603462769211,0.0,0.0
4493,0.10156937311894605,x_negative,0.0,0.0,0.0,0.10156937311894605,0.0,0.0
4494,0.09369077446082945,x_negative,0.0,0.0,0.0,0.09369077446082945,0.0,0.0
4495,0.09591594106617718,x_negative,0.0,0.0,0.0,0.09591594106617718,0.0,0.0
4496,0.08654791521474528,x_negative,0.0,0.0,0.0,0.08654791521474528,0.0,0.0
4497,0.0884026497717216,x_negative,0.0,0.0,0.0,0.0884026497717216,0.0,0.0
4498,0.07791805631198281,x_negative,0.0,0.0,0.0,0.07791805631198281,0.0,0.0
4499,0.07944872558014514,x_negative,0.0,0.0,0.0,0.07944872558014514,0.0,0.0
4500,0.06807585958577998,x_negative,0.0,0.0,0.0,0.06807585958577998,0.0,0.0
4501,0.06937348047188978,x_negative,0.0,0.0,0.0,0.06937348047188978,0.0,0.0
4502,0.057235644606163094,x_negative,0.0,0.0,0.0,0.057235644606163094,0.0,0.0
4503,0.05835855558677913,x_negative,0.0,0.0,0.0,0.05835855558677913,0.0,0.0
4504,0.045564370121116526,x_negative,0.0,0.0,0.0,0.045564370121116526,0.0,0.0
4505,0.046509669871616977,x_negative,0.0,0.0,0.0,0.046509669871616977,0.0,0.0
4506,0.033222140740883845,x_negative,0.0,0.0,0.0,0.033222140740883845,0.0,0.0
4507,0.03391726108001498,x_negative,0.0,0.0,0.0,0.03391726108001498,0.0,0.0
4508,0.02031269710574913,x_negative,0.0,0.0,0.0,0.02031269710574913,0.0,0.0
4509,0.02071207319485421,x_negative,0.0,0.0,0.0,0.02071207319485421,0.0,0.0
4510,0.006786253165493091,x_negative,0.0,0.0,0.0,0.006786253165493091,0.0,0.0
4511,0.006899702705245393,x_negative,0.0,0.0,0.0,0.006899702705245393,0.0,0.0
4512,0.00697304640854856,x_positive,0.0,0.0,0.0,0.00697304640854856,0.0,0.0
4513,0.007300182009987651,x_positive,0.0,0.0,0.0,0.007300182009987651,0.0,0.0
4514,0.020584632092291236,x_positive,0.0,0.0,0.0,0.020584632092291236,0.0,0.0
4515,0.02099193962821631,x_positive,0.0,0.0,0.0,0.02099193962821631,0.0,0.0
4516,0.03356188879328521,x_positive,0.0,0.0,0.0,0.03356188879328521,0.0,0.0
4517,0.03426437971926624,x_positive,0.0,0.0,0.0,0.03426437971926624,0.0,0.0
4518,0.04610285768898639,x_positive,0.0,0.0,0.0,0.04610285768898639,0.0,0.0
4519,0.04705554402251706,x_positive,0.0,0.0,0.0,0.04705554402251706,0.0,0.0
4520,0.05791281509726822,x_positive,0.0,0.0,0.0,0.05791281509726822,0.0,0.0
4521,0.059088240613621244,x_positive,0.0,0.0,0.0,0.059088240613621244,0.0,0.0
4522,0.0687417762987192,x_positive,0.0,0.0,0.0,0.0687417762987192,0.0,0.0
4523,0.07012620001763552,x_positive,0.0,0.0,0.0,0.07012620001763552,0.0,0.0
4524,0.0783392595810141,x_positive,0.0,0.0,0.0,0.0783392595810141,0.0,0.0
4525,0.07991241884450838,x_positive,0.0,0.0,0.0,0.07991241884450838,0.0,0.0
4526,0.08646527592530753,x_positive,0.0,0.0,0.0,0.08646527592530753,0.0,0.0
4527,0.08821159603934192,x_positive,0.0,0.0,0.0,0.08821159603934192,0.0,0.0
4528,0.09292372240988099,x_positive,0.0,0.0,0.0,0.09292372240988099,0.0,0.0
4529,0.09481940188065659,x_positive,0.0,0.0,0.0,0.09481940188065659,0.0,0.0
4530,0.0976486032278803,x_positive,0.0,0.0,0.0,0.0976486032278803,0.0,0.0
4531,0.09967442081064813,x_positive,0.0,0.0,0.0,0.09967442081064813,0.0,0.0
4532,0.10054095355717227,x_positive,0.0,0.0,0.0,0.10054095355717227,0.0,0.0
4533,0.10258993355839473,x_positive,0.0,0.0,0.0,0.10258993355839473,0.0,0.0
4534,0.1016801266539307,x_positive,0.0,0.0,0.0,0.1016801266539307,0.0,0.0
4535,0.1038707655029776,x_positive,0.0,0.0,0.0,0.1038707655029776,0.0,0.0
4536,0.1011027920100617,x_positive,0.0,0.0,0.0,0.1011027920100617,0.0,0.0
4537,0.10322101629542665,x_positive,0.0,0.0,0.0,0.10322101629542665,0.0,0.0
4538,0.09902527190949383,x_positive,0.0,0.0,0.0,0.09902527190949383,0.0,0.0
4539,0.10107267564649129,x_positive,0.0,0.0,0.0,0.10107267564649129,0.0,0.0
4540,0.09577465873820587,x_positive,0.0,0.0,0.0,0.09577465873820587,0.0,0.0
4541,0.09760852589398822,x_positive,0.0,0.0,0.0,0.09760852589398822,0.0,0.0
4542,0.09121827006070672,x_positive,0.0,0.0,0.0,0.09121827006070672,0.0,0.0
4543,0.09308589813940682,x_positive,0.0,0.0,0.0,0.09308589813940682,0.0,0.0
4544,0.08532184208969655,x_positive,0.0,0.0,0.0,0.08532184208969655,0.0,0.0
4545,0.08708396043425669,x_positive,0.0,0.0,0.0,0.08708396043425669,0.0,0.0
4546,0.07814108306935987,x_positive,0.0,0.0,0.0,0.07814108306935987,0.0,0.0
4547,0.0797875497618001,x_positive,0.0,0.0,0.0,0.0797875497618001,0.0,0.0
4548,0.0698013451031465,x_positive,0.0,0.0,0.0,0.0698013451031465,0.0,0.0
4549,0.07131815300646559,x_positive,0.0,0.0,0.0,0.07131815300646559,0.0,0.0
4550,0.06043340012521721,x_positive,0.0,0.0,0.0,0.06043340012521721,0.0,0.0
4551,0.061806654130434714,x_positive,0.0,0.0,0.0,0.061806654130434714,0.0,0.0
4552,0.050296353563020785,x_positive,0.0,0.0,0.0,0.050296353563020785,0.0,0.0
4553,0.051481049535147226,x_positive,0.0,0.0,0.0,0.051481049535147226,0.0,0.0
4554,0.039578298163050286,x_positive,0.0,0.0,0.0,0.039578298163050286,0.0,0.0
4555,0.040542147767679206,x_positive,0.0,0.0,0.0,0.040542147767679206,0.0,0.0
4556,0.029020606742493946,x_positive,0.0,0.0,0.0,0.029020606742493946,0.0,0.0
4557,0.029889793768099426,y_negative,0.0,0.0,0.0,0.029889793768099426,0.0,0.0
4558,0.02180120202451881,y_negative,0.0,0.0,0.0,0.02180120202451881,0.0,0.0
4559,0.023036989324317574,y_negative,0.0,0.0,0.0,0.023036989324317574,0.0,0.0
4560,0.02125179215404675,y_negative,0.0,0.0,0.0,0.02125179215404675,0.0,0.0
4561,0.021734535820620883,y_negative,0.0,0.0,0.0,0.021734535820620883,0.0,0.0
4562,0.02517104582359399,x_negative,0.0,0.0,0.0,0.02517104582359399,0.0,0.0
4563,0.026088168909076476,x_negative,0.0,0.0,0.0,0.026088168909076476,0.0,0.0
4564,0.03507822103818799,x_negative,0.0,0.0,0.0,0.03507822103818799,0.0,0.0
4565,0.03631224573916348,x_negative,0.0,0.0,0.0,0.03631224573916348,0.0,0.0
4566,0.04620907570304021,x_negative,0.0,0.0,0.0,0.04620907570304021,0.0,0.0
4567,0.04745638484029633,x_negative,0.0,0.0,0.0,0.04745638484029633,0.0,0.0
4568,0.05705858976538144,x_negative,0.0,0.0,0.0,0.05705858976538144,0.0,0.0
4569,0.05843467925577141,x_negative,0.0,0.0,0.0,0.05843467925577141,0.0,0.0
4570,0.06717654981407054,x_negative,0.0,0.0,0.0,0.06717654981407054,0.0,0.0
4571,0.0686731268649512,x_negative,0.0,0.0,0.0,0.0686731268649512,0.0,0.0
4572,0.07624534411613094,x_negative,0.0,0.0,0.0,0.07624534411613094,0.0,0.0
4573,0.07786507949954334,x_negative,0.0,0.0,0.0,0.07786507949954334,0.0,0.0
4574,0.08408924009156202,x_negative,0.0,0.0,0.0,0.08408924009156202,0.0,0.0
4575,0.08583246606191891,x_negative,0.0,0.0,0.0,0.08583246606191891,0.0,0.0
4576,0.09056601121957504,x_negative,0.0,0.0,0.0,0.09056601121957504,0.0,0.0
4577,0.09242712154725309,x_negative,0.0,0.0,0.0,0.09242712154725309,0.0,0.0
4578,0.09558419499749084,x_negative,0.0,0.0,0.0,0.09558419499749084,0.0,0.0
4579,0.09762099975286641,x_negative,0.0,0.0,0.0,0.09762099975286641,0.0,0.0
4580,0.09918476449771226,x_negative,0.0,0.0,0.0,0.09918476449771226,0.0,0.0
4581,0.10110209576156,x_negative,0.0,0.0,0.0,0.10110209576156,0.0,0.0
4582,0.10134867243289357,x_negative,0.0,0.0,0.0,0.10134867243289357,0.0,0.0
4583,0.10360363197170076,x_negative,0.0,0.0,0.0,0.10360363197170076,0.0,0.0
4584,0.10170265530769802,x_negative,0.0,0.0,0.0,0.10170265530769802,0.0,0.0
4585,0.10401316513953106,x_negative,0.0,0.0,0.0,0.10401316513953106,0.0,0.0
4586,0.10017706159972868,x_negative,0.0,0.0,0.0,0.10017706159972868,0.0,0.0
4587,0.10251985654194314,x_negative,0.0,0.0,0.0,0.10251985654194314,0.0,0.0
4588,0.09679259438076944,x_negative,0.0,0.0,0.0,0.09679259438076944,0.0,0.0
4589,0.09907395915679801,x_negative,0.0,0.0,0.0,0.09907395915679801,0.0,0.0
4590,0.09159455185956385,x_negative,0.0,0.0,0.0,0.09159455185956385,0.0,0.0
4591,0.09368947834650816,x_negative,0.0,0.0,0.0,0.09368947834650816,0.0,0.0
4592,0.08473277225937924,x_negative,0.0,0.0,0.0,0.08473277225937924,0.0,0.0
4593,0.08654617866762379,x_negative,0.0,0.0,0.0,0.08654617866762379,0.0,0.0
4594,0.07637833039265476,x_negative,0.0,0.0,0.0,0.07637833039265476,0.0,0.0
4595,0.07791813369412146,x_negative,0.0,0.0,0.0,0.07791813369412146,0.0,0.0
4596,0.06677085032179232,x_negative,0.0,0.0,0.0,0.06677085032179232,0.0,0.0
4597,0.06807519475080316,x_negative,0.0,0.0,0.0,0.06807519475080316,0.0,0.0
4598,0.05612560159586048,x_negative,0.0,0.0,0.0,0.05612560159586048,0.0,0.0
4599,0.05723537971813525,x_negative,0.0,0.0,0.0,0.05723537971813525,0.0,0.0
4600,0.04465799825561079,x_negative,0.0,0.0,0.0,0.04465799825561079,0.0,0.0
4601,0.04556495068250057,x_negative,0.0,0.0,0.0,0.04556495068250057,0.0,0.0
4602,0.03254135156095776,x_negative,0.0,0.0,0.0,0.03254135156095776,0.0,0.0
4603,0.03322260293678313,x_negative,0.0,0.0,0.0,0.03322260293678313,0.0,0.0
4604,0.019911505980411734,x_negative,0.0,0.0,0.0,0.019911505980411734,0.0,0.0
4605,0.020312839888708276,x_negative,0.0,0.0,0.0,0.020312839888708276,0.0,0.0
4606,0.006723056983190146,x_negative,0.0,0.0,0.0,0.006723056983190146,0.0,0.0
4607,0.006786072220351976,x_negative,0.0,0.0,0.0,0.006786072220351976,0.0,0.0
4608,0.0067867381867696705,x_positive,0.0,0.0,0.0,0.0067867381867696705,0.0,0.0
4609,0.006972708036139229,x_positive,0.0,0.0,0.0,0.006972708036139229,0.0,0.0
4610,0.020166832939420738,x_positive,0.0,0.0,0.0,0.020166832939420738,0.0,0.0
4611,0.020583842414255853,x_positive,0.0,0.0,0.0,0.020583842414255853,0.0,0.0
4612,0.03287523982021146,x_positive,0.0,0.0,0.0,0.03287523982021146,0.0,0.0
4613,0.03356067157542214,x_positive,0.0,0.0,0.0,0.03356067157542214,0.0,0.0
4614,0.045156020184318635,x_positive,0.0,0.0,0.0,0.045156020184318635,0.0,0.0
4615,0.046101334511087694,x_positive,0.0,0.0,0.0,0.046101334511087694,0.0,0.0
4616,0.056729023699025036,x_positive,0.0,0.0,0.0,0.056729023699025036,0.0,0.0
4617,0.05791171098928111,x_positive,0.0,0.0,0.0,0.05791171098928111,0.0,0.0
4618,0.06734268332191147,x_positive,0.0,0.0,0.0,0.06734268332191147,0.0,0.0
4619,0.06874091384886233,x_positive,0.0,0.0,0.0,0.06874091384886233,0.0,0.0
4620,0.07674227519814546,x_positive,0.0,0.0,0.0,0.07674227519814546,0.0,0.0
4621,0.07833954986006308,x_positive,0.0,0.0,0.0,0.07833954986006308,0.0,0.0
4622,0.08470585766073256,x_positive,0.0,0.0,0.0,0.08470585766073256,0.0,0.0
4623,0.0864676433054262,x_positive,0.0,0.0,0.0,0.0864676433054262,0.0,0.0
4624,0.09102256524484369,x_positive,0.0,0.0,0.0,0.09102256524484369,0.0,0.0
4625,0.09292647968129628,x_positive,0.0,0.0,0.0,0.09292647968129628,0.0,0.0
4626,0.09565379338678336,x_positive,0.0,0.0,0.0,0.09565379338678336,0.0,0.0
4627,0.097651240864387,x_positive,0.0,0.0,0.0,0.097651240864387,0.0,0.0
4628,0.09849388716514478,x_positive,0.0,0.0,0.0,0.09849388716514478,0.0,0.0
4629,0.1005436099102805,x_positive,0.0,0.0,0.0,0.1005436099102805,0.0,0.0
4630,0.09957424630565201,x_positive,0.0,0.0,0.0,0.09957424630565201,0.0,0.0
4631,0.10168003958107523,x_positive,0.0,0.0,0.0,0.10168003958107523,0.0,0.0
4632,0.09903472510919323,x_positive,0.0,0.0,0.0,0.09903472510919323,0.0,0.0
4633,0.10110056868530617,x_positive,0.0,0.0,0.0,0.10110056868530617,0.0,0.0
4634,0.09697375024326406,x_positive,0.0,0.0,0.0,0.09697375024326406,0.0,0.0
4635,0.09902355940732313,x_positive,0.0,0.0,0.0,0.09902355940732313,0.0,0.0
4636,0.0939143388562341,x_positive,0.0,0.0,0.0,0.0939143388562341,0.0,0.0
4637,0.0957707668228032,x_positive,0.0,0.0,0.0,0.0957707668228032,0.0,0.0
4638,0.08932905799636551,x_positive,0.0,0.0,0.0,0.08932905799636551,0.0,0.0
4639,0.09121324414215382,x_positive,0.0,0.0,0.0,0.09121324414215382,0.0,0.0
4640,0.08356223118385045,x_positive,0.0,0.0,0.0,0.08356223118385045,0.0,0.0
4641,0.0853166977416479,x_positive,0.0,0.0,0.0,0.0853166977416479,0.0,0.0
4642,0.07652461345124519,x_positive,0.0,0.0,0.0,0.07652461345124519,0.0,0.0
4643,0.07813768335750697,x_positive,0.0,0.0,0.0,0.07813768335750697,0.0,0.0
4644,0.0683483182396698,x_positive,0.0,0.0,0.0,0.0683483182396698,0.0,0.0
4645,0.06979937838974672,x_positive,0.0,0.0,0.0,0.06979937838974672,0.0,0.0
4646,0.05916409721155891,x_positive,0.0,0.0,0.0,0.05916409721155891,0.0,0.0
4647,0.0604329718054113,x_positive,0.0,0.0,0.0,0.0604329718054113,0.0,0.0
4648,0.0492225880642633,x_positive,0.0,0.0,0.0,0.0492225880642633,0.0,0.0
4649,0.05029630546936546,x_positive,0.0,0.0,0.0,0.05029630546936546,0.0,0.0
4650,0.03872752104558421,x_positive,0.0,0.0,0.0,0.03872752104558421,0.0,0.0
4651,0.03957789950725025,x_positive,0.0,0.0,0.0,0.03957789950725025,0.0,0.0
4652,0.028360245114508104,y_negative,0.0,0.0,0.0,0.028360245114508104,0.0,0.0
4653,0.029021780955838156,x_positive,0.0,0.0,0.0,0.029021780955838156,0.0,0.0
4654,0.021173101797055262,y_negative,0.0,0.0,0.0,0.021173101797055262,0.0,0.0
4655,0.021801975941295456,y_negative,0.0,0.0,0.0,0.021801975941295456,0.0,0.0
4656,0.0207964354574087,y_negative,0.0,0.0,0.0,0.0207964354574087,0.0,0.0
4657,0.021251831876014097,y_negative,0.0,0.0,0.0,0.021251831876014097,0.0,0.0
4658,0.024635122644077405,x_negative,0.0,0.0,0.0,0.024635122644077405,0.0,0.0
4659,0.02517115277558436,x_negative,0.0,0.0,0.0,0.02517115277558436,0.0,0.0
4660,0.0343315249515836,x_negative,0.0,0.0,0.0,0.0343315249515836,0.0,0.0
4661,0.03507972500030503,x_negative,0.0,0.0,0.0,0.03507972500030503,0.0,0.0
4662,0.04526117478052432,x_negative,0.0,0.0,0.0,0.04526117478052432,0.0,0.0
4663,0.046212504962922805,x_negative,0.0,0.0,0.0,0.046212504962922805,0.0,0.0
4664,0.05590114267924882,x_negative,0.0,0.0,0.0,0.05590114267924882,0.0,0.0
4665,0.05706447628230009,x_negative,0.0,0.0,0.0,0.05706447628230009,0.0,0.0
4666,0.06580739327297937,x_negative,0.0,0.0,0.0,0.06580739327297937,0.0,0.0
4667,0.06718219502423231,x_negative,0.0,0.0,0.0,0.06718219502423231,0.0,0.0
4668,0.07469629919930944,x_negative,0.0,0.0,0.0,0.07469629919930944,0.0,0.0
4669,0.07625124274082301,x_negative,0.0,0.0,0.0,0.07625124274082301,0.0,0.0
4670,0.08236856064618674,x_negative,0.0,0.0,0.0,0.08236856064618674,0.0,0.0
4671,0.08409576930978192,x_negative,0.0,0.0,0.0,0.08409576930978192,0.0,0.0
4672,0.08869830949459415,x_negative,0.0,0.0,0.0,0.08869830949459415,0.0,0.0
4673,0.09056947323544158,x_negative,0.0,0.0,0.0,0.09056947323544158,0.0,0.0
4674,0.09355257466159059,x_negative,0.0,0.0,0.0,0.09355257466159059,0.0,0.0
4675,0.09558757093728823,x_negative,0.0,0.0,0.0,0.09558757093728823,0.0,0.0
4676,0.0973181077819535,x_negative,0.0,0.0,0.0,0.0973181077819535,0.0,0.0
4677,0.09918521076892299,x_negative,0.0,0.0,0.0,0.09918521076892299,0.0,0.0
4678,0.09918512644754154,x_negative,0.0,0.0,0.0,0.09918512644754154,0.0,0.0
4679,0.10134749552157551,x_negative,0.0,0.0,0.0,0.10134749552157551,0.0,0.0
4680,0.09955564899591449,x_negative,0.0,0.0,0.0,0.09955564899591449,0.0,0.0
4681,0.10170053295577933,x_negative,0.0,0.0,0.0,0.10170053295577933,0.0,0.0
4682,0.09804735234519478,x_negative,0.0,0.0,0.0,0.09804735234519478,0.0,0.0
4683,0.10017411859663729,x_negative,0.0,0.0,0.0,0.10017411859663729,0.0,0.0
4684,0.09471658497631824,x_negative,0.0,0.0,0.0,0.09471658497631824,0.0,0.0
4685,0.0967868003839682,x_negative,0.0,0.0,0.0,0.0967868003839682,0.0,0.0
4686,0.08964265943919233,x_negative,0.0,0.0,0.0,0.08964265943919233,0.0,0.0
4687,0.09158694495837591,x_negative,0.0,0.0,0.0,0.09158694495837591,0.0,0.0
4688,0.08296010109076815,x_negative,0.0,0.0,0.0,0.08296010109076815,0.0,0.0
4689,0.08472570815169049,x_negative,0.0,0.0,0.0,0.08472570815169049,0.0,0.0
4690,0.07482570163997082,x_negative,0.0,0.0,0.0,0.07482570163997082,0.0,0.0
4691,0.07637299372441818,x_negative,0.0,0.0,0.0,0.07637299372441818,0.0,0.0
4692,0.06542615498355225,x_negative,0.0,0.0,0.0,0.06542615498355225,0.0,0.0
4693,0.0667675905931068,x_negative,0.0,0.0,0.0,0.0667675905931068,0.0,0.0
4694,0.05499741980329499,x_negative,0.0,0.0,0.0,0.05499741980329499,0.0,0.0
4695,0.05612243802463753,x_negative,0.0,0.0,0.0,0.05612243802463753,0.0,0.0
4696,0.043750674288310594,x_negative,0.0,0.0,0.0,0.043750674288310594,0.0,0.0
4697,0.04465528632232834,x_negative,0.0,0.0,0.0,0.04465528632232834,0.0,0.0
4698,0.031871889371740555,x_negative,0.0,0.0,0.0,0.031871889371740555,0.0,0.0
4699,0.032539503695057294,x_negative,0.0,0.0,0.0,0.032539503695057294,0.0,0.0
4700,0.019508867716513716,x_negative,0.0,0.0,0.0,0.019508867716513716,0.0,0.0
4701,0.019910897610640264,x_negative,0.0,0.0,0.0,0.019910897610640264,0.0,0.0
4702,0.006606372904079257,x_negative,0.0,0.0,0.0,0.006606372904079257,0.0,0.0
4703,0.006722863778170419,x_negative,0.0,0.0,0.0,0.006722863778170419,0.0,0.0
4704,0.006648936442051485,x_positive,0.0,0.0,0.0,0.006648936442051485,0.0,0.0
4705,0.006786846769018327,x_positive,0.0,0.0,0.0,0.006786846769018327,0.0,0.0
4706,0.019744036473506487,x_positive,0.0,0.0,0.0,0.019744036473506487,0.0,0.0
4707,0.020167153348081328,x_positive,0.0,0.0,0.0,0.020167153348081328,0.0,0.0
4708,0.03218993820414536,x_positive,0.0,0.0,0.0,0.03218993820414536,0.0,0.0
4709,0.03287620074198353,x_positive,0.0,0.0,0.0,0.03287620074198353,0.0,0.0
4710,0.04421407545579507,x_positive,0.0,0.0,0.0,0.04421407545579507,0.0,0.0
4711,0.04515728151245927,x_positive,0.0,0.0,0.0,0.04515728151245927,0.0,0.0
4712,0.05554750946850279,x_positive,0.0,0.0,0.0,0.05554750946850279,0.0,0.0
4713,0.056730535785491254,x_positive,0.0,0.0,0.0,0.056730535785491254,0.0,0.0
4714,0.06593830487563007,x_positive,0.0,0.0,0.0,0.06593830487563007,0.0,0.0
4715,0.06734309616208156,x_positive,0.0,0.0,0.0,0.06734309616208156,0.0,0.0
4716,0.07514430518562613,x_positive,0.0,0.0,0.0,0.07514430518562613,0.0,0.0
4717,0.07674508865503808,x_positive,0.0,0.0,0.0,0.07674508865503808,0.0,0.0
4718,0.08294017672320328,x_positive,0.0,0.0,0.0,0.08294017672320328,0.0,0.0
4719,0.08470863895869346,x_positive,0.0,0.0,0.0,0.08470863895869346,0.0,0.0
4720,0.08912890458339845,x_positive,0.0,0.0,0.0,0.08912890458339845,0.0,0.0
4721,0.09102699486386093,x_positive,0.0,0.0,0.0,0.09102699486386093,0.0,0.0
4722,0.09366874588401665,x_positive,0.0,0.0,0.0,0.09366874588401665,0.0,0.0
4723,0.0956559704435542,x_positive,0.0,0.0,0.0,0.0956559704435542,0.0,0.0
4724,0.09641781616885058,x_positive,0.0,0.0,0.0,0.09641781616885058,0.0,0.0
4725,0.09849625957251988,x_positive,0.0,0.0,0.0,0.09849625957251988,0.0,0.0
4726,0.09750680087805948,x_positive,0.0,0.0,0.0,0.09750680087805948,0.0,0.0
4727,0.09957689996851762,x_positive,0.0,0.0,0.0,0.09957689996851762,0.0,0.0
4728,0.09696805719471738,x_positive,0.0,0.0,0.0,0.09696805719471738,0.0,0.0
4729,0.09903516627300327,x_positive,0.0,0.0,0.0,0.09903516627300327,0.0,0.0
4730,0.09495597215497135,x_positive,0.0,0.0,0.0,0.09495597215497135,0.0,0.0
4731,0.0969712555569702,x_positive,0.0,0.0,0.0,0.0969712555569702,0.0,0.0
4732,0.0919400789426422,x_positive,0.0,0.0,0.0,0.0919400789426422,0.0,0.0
4733,0.09391155500804486,x_positive,0.0,0.0,0.0,0.09391155500804486,0.0,0.0
4734,0.08746373288884964,x_positive,0.0,0.0,0.0,0.08746373288884964,0.0,0.0
4735,0.08932707251314753,x_positive,0.0,0.0,0.0,0.08932707251314753,0.0,0.0
4736,0.08182112706589889,x_positive,0.0,0.0,0.0,0.08182112706589889,0.0,0.0
4737,0.0835594960236936,x_positive,0.0,0.0,0.0,0.0835594960236936,0.0,0.0
4738,0.07492873635548139,x_positive,0.0,0.0,0.0,0.07492873635548139,0.0,0.0
4739,0.07652137444547646,x_positive,0.0,0.0,0.0,0.07652137444547646,0.0,0.0
4740,0.0669226820162739,x_positive,0.0,0.0,0.0,0.0669226820162739,0.0,0.0
4741,0.06834586804249634,x_positive,0.0,0.0,0.0,0.06834586804249634,0.0,0.0
4742,0.05793161776056898,x_positive,0.0,0.0,0.0,0.05793161776056898,0.0,0.0
4743,0.05916174489146447,x_positive,0.0,0.0,0.0,0.05916174489146447,0.0,0.0
4744,0.04820006163168339,x_positive,0.0,0.0,0.0,0.04820006163168339,0.0,0.0
4745,0.04922140762934168,x_positive,0.0,0.0,0.0,0.04922140762934168,0.0,0.0
4746,0.037923888664437994,x_positive,0.0,0.0,0.0,0.037923888664437994,0.0,0.0
4747,0.038726387208599576,x_positive,0.0,0.0,0.0,0.038726387208599576,0.0,0.0
4748,0.027775404218332328,y_negative,0.0,0.0,0.0,0.027775404218332328,0.0,0.0
4749,0.028359359457898293,y_negative,0.0,0.0,0.0,0.028359359457898293,0.0,0.0
4750,0.02074788951824873,y_negative,0.0,0.0,0.0,0.02074788951824873,0.0,0.0
4751,0.021172740507413097,y_negative,0.0,0.0,0.0,0.021172740507413097,0.0,0.0
4752,0.020367624614405562,y_negative,0.0,0.0,0.0,0.020367624614405562,0.0,0.0
4753,0.02079660885763376,y_negative,0.0,0.0,0.0,0.02079660885763376,0.0,0.0
4754,0.024110016820614956,x_negative,0.0,0.0,0.0,0.024110016820614956,0.0,0.0
4755,0.024635162699858725,x_negative,0.0,0.0,0.0,0.024635162699858725,0.0,0.0
4756,0.03362799157392205,x_negative,0.0,0.0,0.0,0.03362799157392205,0.0,0.0
4757,0.03433189439412953,x_negative,0.0,0.0,0.0,0.03433189439412953,0.0,0.0
4758,0.044314432546393154,x_negative,0.0,0.0,0.0,0.044314432546393154,0.0,0.0
4759,0.04526128467396959,x_negative,0.0,0.0,0.0,0.04526128467396959,0.0,0.0
4760,0.05473963900931068,x_negative,0.0,0.0,0.0,0.05473963900931068,0.0,0.0
4761,0.055901942482023625,x_negative,0.0,0.0,0.0,0.055901942482023625,0.0,0.0
4762,0.06443727180171446,x_negative,0.0,0.0,0.0,0.06443727180171446,0.0,0.0
4763,0.06580882364711378,x_negative,0.0,0.0,0.0,0.06580882364711378,0.0,0.0
4764,0.07314175315781349,x_negative,0.0,0.0,0.0,0.07314175315781349,0.0,0.0
4765,0.07469905432058636,x_negative,0.0,0.0,0.0,0.07469905432058636,0.0,0.0
4766,0.08065712843314263,x_negative,0.0,0.0,0.0,0.08065712843314263,0.0,0.0
4767,0.08237188403934577,x_negative,0.0,0.0,0.0,0.08237188403934577,0.0,0.0
4768,0.08685223178933549,x_negative,0.0,0.0,0.0,0.08685223178933549,0.0,0.0
4769,0.0887015575604626,x_negative,0.0,0.0,0.0,0.0887015575604626,0.0,0.0
4770,0.09161395873315738,x_negative,0.0,0.0,0.0,0.09161395873315738,0.0,0.0
4771,0.09355601988728084,x_negative,0.0,0.0,0.0,0.09355601988728084,0.0,0.0
4772,0.09527591193578512,x_negative,0.0,0.0,0.0,0.09527591193578512,0.0,0.0
4773,0.09732260072730634,x_negative,0.0,0.0,0.0,0.09732260072730634,0.0,0.0
4774,0.09713029009682868,x_negative,0.0,0.0,0.0,0.09713029009682868,0.0,0.0
4775,0.09918923625962195,x_negative,0.0,0.0,0.0,0.09918923625962195,0.0,0.0
4776,0.09748716017081958,x_negative,0.0,0.0,0.0,0.09748716017081958,0.0,0.0
4777,0.09955786400027963,x_negative,0.0,0.0,0.0,0.09955786400027963,0.0,0.0
4778,0.0960115182101959,x_negative,0.0,0.0,0.0,0.0960115182101959,0.0,0.0
4779,0.09804981033162848,x_negative,0.0,0.0,0.0,0.09804981033162848,0.0,0.0
4780,0.09275305053585792,x_negative,0.0,0.0,0.0,0.09275305053585792,0.0,0.0
4781,0.09471982334259205,x_negative,0.0,0.0,0.0,0.09471982334259205,0.0,0.0
4782,0.08777913104523194,x_negative,0.0,0.0,0.0,0.08777913104523194,0.0,0.0
4783,0.0896423517474134,x_negative,0.0,0.0,0.0,0.0896423517474134,0.0,0.0
4784,0.08122983697575205,x_negative,0.0,0.0,0.0,0.08122983697575205,0.0,0.0
4785,0.08296083931918466,x_negative,0.0,0.0,0.0,0.08296083931918466,0.0,0.0
4786,0.07326366140396853,x_negative,0.0,0.0,0.0,0.07326366140396853,0.0,0.0
4787,0.07482414862223767,x_negative,0.0,0.0,0.0,0.07482414862223767,0.0,0.0
4788,0.064062865728505,x_negative,0.0,0.0,0.0,0.064062865728505,0.0,0.0
4789,0.06542516043639893,x_negative,0.0,0.0,0.0,0.06542516043639893,0.0,0.0
4790,0.053847606096121714,x_negative,0.0,0.0,0.0,0.053847606096121714,0.0,0.0
4791,0.05499772205811935,x_negative,0.0,0.0,0.0,0.05499772205811935,0.0,0.0
4792,0.04283833229437294,x_negative,0.0,0.0,0.0,0.04283833229437294,0.0,0.0
4793,0.04375086592526602,x_negative,0.0,0.0,0.0,0.04375086592526602,0.0,0.0
4794,0.031209384507793522,x_negative,0.0,0.0,0.0,0.031209384507793522,0.0,0.0
4795,0.031872445784595554,x_negative,0.0,0.0,0.0,0.031872445784595554,0.0,0.0
4796,0.019099804115262294,x_negative,0.0,0.0,0.0,0.019099804115262294,0.0,0.0
4797,0.019509017320286242,x_negative,0.0,0.0,0.0,0.019509017320286242,0.0,0.0
4798,0.006464747528592549,x_negative,0.0,0.0,0.0,0.006464747528592549,0.0,0.0
4799,0.006606391147247202,x_negative,0.0,0.0,0.0,0.006606391147247202,0.0,0.0
4800,0.006534058015485562,x_positive,0.0,0.0,0.0,0.006534058015485562,0.0,0.0
4801,0.006649216787813559,x_positive,0.0,0.0,0.0,0.006649216787813559,0.0,0.0
4802,0.019319574795418987,x_positive,0.0,0.0,0.0,0.019319574795418987,0.0,0.0
4803,0.01974434264907811,x_positive,0.0,0.0,0.0,0.01974434264907811,0.0,0.0
4804,0.03150880643782967,x_positive,0.0,0.0,0.0,0.03150880643782967,0.0,0.0
4805,0.032190406568799707,x_positive,0.0,0.0,0.0,0.032190406568799707,0.0,0.0
4806,0.04327572628458325,x_positive,0.0,0.0,0.0,0.04327572628458325,0.0,0.0
4807,0.04421517435897224,x_positive,0.0,0.0,0.0,0.04421517435897224,0.0,0.0
4808,0.05436185155361899,x_positive,0.0,0.0,0.0,0.05436185155361899,0.0,0.0
4809,0.055549667269094674,x_positive,0.0,0.0,0.0,0.055549667269094674,0.0,0.0
4810,0.0645288285747981,x_positive,0.0,0.0,0.0,0.0645288285747981,0.0,0.0
4811,0.06594045767954115,x_positive,0.0,0.0,0.0,0.06594045767954115,0.0,0.0
4812,0.07354209141926621,x_positive,0.0,0.0,0.0,0.07354209141926621,0.0,0.0
4813,0.0751467976798427,x_positive,0.0,0.0,0.0,0.0751467976798427,0.0,0.0
4814,0.08117261180917941,x_positive,0.0,0.0,0.0,0.08117261180917941,0.0,0.0
4815,0.08294108518873433,x_positive,0.0,0.0,0.0,0.08294108518873433,0.0,0.0
4816,0.08723342448638612,x_positive,0.0,0.0,0.0,0.08723342448638612,0.0,0.0
4817,0.0891317267038619,x_positive,0.0,0.0,0.0,0.0891317267038619,0.0,0.0
4818,0.0916834967805719,x_positive,0.0,0.0,0.0,0.0916834967805719,0.0,0.0
4819,0.09367317406408426,x_positive,0.0,0.0,0.0,0.09367317406408426,0.0,0.0
4820,0.09435125491603741,x_positive,0.0,0.0,0.0,0.09435125491603741,0.0,0.0
4821,0.09642066333242197,x_positive,0.0,0.0,0.0,0.09642066333242197,0.0,0.0
4822,0.09544622313082614,x_positive,0.0,0.0,0.0,0.09544622313082614,0.0,0.0
4823,0.09751021043969316,x_positive,0.0,0.0,0.0,0.09751021043969316,0.0,0.0
4824,0.09490684728550128,x_positive,0.0,0.0,0.0,0.09490684728550128,0.0,0.0
4825,0.09697053574809525,x_positive,0.0,0.0,0.0,0.09697053574809525,0.0,0.0
4826,0.09294762822466908,x_positive,0.0,0.0,0.0,0.09294762822466908,0.0,0.0
4827,0.09495805510698399,x_positive,0.0,0.0,0.0,0.09495805510698399,0.0,0.0
4828,0.08992911411522238,x_positive,0.0,0.0,0.0,0.08992911411522238,0.0,0.0
4829,0.09194167082427088,x_positive,0.0,0.0,0.0,0.09194167082427088,0.0,0.0
4830,0.08561270020769444,x_positive,0.0,0.0,0.0,0.08561270020769444,0.0,0.0
4831,0.08746357716897168,x_positive,0.0,0.0,0.0,0.08746357716897168,0.0,0.0
4832,0.08008837773905404,x_positive,0.0,0.0,0.0,0.08008837773905404,0.0,0.0
4833,0.08182133433184224,x_positive,0.0,0.0,0.0,0.08182133433184224,0.0,0.0
4834,0.07333935566963969,x_positive,0.0,0.0,0.0,0.07333935566963969,0.0,0.0
4835,0.07492844226632199,x_positive,0.0,0.0,0.0,0.07492844226632199,0.0,0.0
4836,0.06551246017284862,x_positive,0.0,0.0,0.0,0.06551246017284862,0.0,0.0
4837,0.06692227255145429,x_positive,0.0,0.0,0.0,0.06692227255145429,0.0,0.0
4838,0.05671644783106186,x_positive,0.0,0.0,0.0,0.05671644783106186,0.0,0.0
4839,0.05793139887546697,x_positive,0.0,0.0,0.0,0.05793139887546697,0.0,0.0
4840,0.047198733578486605,x_positive,0.0,0.0,0.0,0.047198733578486605,0.0,0.0
4841,0.04819948568120869,x_positive,0.0,0.0,0.0,0.04819948568120869,0.0,0.0
4842,0.03714182246593313,x_positive,0.0,0.0,0.0,0.03714182246593313,0.0,0.0
4843,0.037923739755306,x_positive,0.0,0.0,0.0,0.037923739755306,0.0,0.0
4844,0.02721978197193976,y_negative,0.0,0.0,0.0,0.02721978197193976,0.0,0.0
4845,0.0277752836715845,y_negative,0.0,0.0,0.0,0.0277752836715845,0.0,0.0
4846,0.020405240792405008,y_negative,0.0,0.0,0.0,0.020405240792405008,0.0,0.0
4847,0.020747798197974836,y_negative,0.0,0.0,0.0,0.020747798197974836,0.0,0.0
4848,0.01994445810786253,y_negative,0.0,0.0,0.0,0.01994445810786253,0.0,0.0
4849,0.02036763760050176,y_negative,0.0,0.0,0.0,0.02036763760050176,0.0,0.0
4850,0.023603925991871624,x_negative,0.0,0.0,0.0,0.023603925991871624,0.0,0.0
4851,0.02411006638982343,x_negative,0.0,0.0,0.0,0.02411006638982343,0.0,0.0
4852,0.032931396794056406,x_negative,0.0,0.0,0.0,0.032931396794056406,0.0,0.0
4853,0.033628271559368435,x_negative,0.0,0.0,0.0,0.033628271559368435,0.0,0.0
4854,0.04337763916930758,x_negative,0.0,0.0,0.0,0.04337763916930758,0.0,0.0
4855,0.04431522247768724,x_negative,0.0,0.0,0.0,0.04431522247768724,0.0,0.0
4856,0.0535702024320009,x_negative,0.0,0.0,0.0,0.0535702024320009,0.0,0.0
4857,0.054740011523614344,x_negative,0.0,0.0,0.0,0.054740011523614344,0.0,0.0
4858,0.06306791796728757,x_negative,0.0,0.0,0.0,0.06306791796728757,0.0,0.0
4859,0.06443820965184194,x_negative,0.0,0.0,0.0,0.06443820965184194,0.0,0.0
4860,0.07158137135303902,x_negative,0.0,0.0,0.0,0.07158137135303902,0.0,0.0
4861,0.07314181524595707,x_negative,0.0,0.0,0.0,0.07314181524595707,0.0,0.0
4862,0.07894795197711459,x_negative,0.0,0.0,0.0,0.07894795197711459,0.0,0.0
4863,0.08065793274746595,x_negative,0.0,0.0,0.0,0.08065793274746595,0.0,0.0
4864,0.08501690353303397,x_negative,0.0,0.0,0.0,0.08501690353303397,0.0,0.0
4865,0.08685453107005897,x_negative,0.0,0.0,0.0,0.08685453107005897,0.0,0.0
4866,0.08970807259236499,x_negative,0.0,0.0,0.0,0.08970807259236499,0.0,0.0
4867,0.09161562276684163,x_negative,0.0,0.0,0.0,0.09161562276684163,0.0,0.0
4868,0.09316545375705602,x_negative,0.0,0.0,0.0,0.09316545375705602,0.0,0.0
4869,0.09527864580533493,x_negative,0.0,0.0,0.0,0.09527864580533493,0.0,0.0
4870,0.09511247161430991,x_negative,0.0,0.0,0.0,0.09511247161430991,0.0,0.0
4871,0.09713258880975145,x_negative,0.0,0.0,0.0,0.09713258880975145,0.0,0.0
4872,0.09544819403901167,x_negative,0.0,0.0,0.0,0.09544819403901167,0.0,0.0
4873,0.09748938365027489,x_negative,0.0,0.0,0.0,0.09748938365027489,0.0,0.0
4874,0.09401171679148299,x_negative,0.0,0.0,0.0,0.09401171679148299,0.0,0.0
4875,0.0960115590709317,x_negative,0.0,0.0,0.0,0.0960115590709317,0.0,0.0
4876,0.09082688826004673,x_negative,0.0,0.0,0.0,0.09082688826004673,0.0,0.0
4877,0.09275283394797101,x_negative,0.0,0.0,0.0,0.09275283394797101,0.0,0.0
4878,0.08594821906743734,x_negative,0.0,0.0,0.0,0.08594821906743734,0.0,0.0
4879,0.08778005944395574,x_negative,0.0,0.0,0.0,0.08778005944395574,0.0,0.0
4880,0.0795188211170045,x_negative,0.0,0.0,0.0,0.0795188211170045,0.0,0.0
4881,0.08122953492770646,x_negative,0.0,0.0,0.0,0.08122953492770646,0.0,0.0
4882,0.07170008740648597,x_negative,0.0,0.0,0.0,0.07170008740648597,0.0,0.0
4883,0.07326446166832519,x_negative,0.0,0.0,0.0,0.07326446166832519,0.0,0.0
4884,0.06268212042736826,x_negative,0.0,0.0,0.0,0.06268212042736826,0.0,0.0
4885,0.06406245945762286,x_negative,0.0,0.0,0.0,0.06406245945762286,0.0,0.0
4886,0.05269033210751937,x_negative,0.0,0.0,0.0,0.05269033210751937,0.0,0.0
4887,0.05384835070799356,x_negative,0.0,0.0,0.0,0.05384835070799356,0.0,0.0
4888,0.04192445644979237,x_negative,0.0,0.0,0.0,0.04192445644979237,0.0,0.0
4889,0.04283807688692072,x_negative,0.0,0.0,0.0,0.04283807688692072,0.0,0.0
4890,0.030542465872525747,x_negative,0.0,0.0,0.0,0.030542465872525747,0.0,0.0
4891,0.031209471205137337,x_negative,0.0,0.0,0.0,0.031209471205137337,0.0,0.0
4892,0.018694377142861984,x_negative,0.0,0.0,0.0,0.018694377142861984,0.0,0.0
4893,0.019100066791102346,x_negative,0.0,0.0,0.0,0.019100066791102346,0.0,0.0
4894,0.006319130824304763,x_negative,0.0,0.0,0.0,0.006319130824304763,0.0,0.0
4895,0.006464912122558176,x_negative,0.0,0.0,0.0,0.006464912122558176,0.0,0.0
4896,0.006402861047092407,x_positive,0.0,0.0,0.0,0.006402861047092407,0.0,0.0
4897,0.0065340686109012685,x_positive,0.0,0.0,0.0,0.0065340686109012685,0.0,0.0
4898,0.018902841246761146,x_positive,0.0,0.0,0.0,0.018902841246761146,0.0,0.0
4899,0.019319939803472394,x_positive,0.0,0.0,0.0,0.019319939803472394,0.0,0.0
4900,0.030820222443199034,x_positive,0.0,0.0,0.0,0.030820222443199034,0.0,0.0
4901,0.031509394216648015,x_positive,0.0,0.0,0.0,0.031509394216648015,0.0,0.0
4902,0.04233539254674578,x_positive,0.0,0.0,0.0,0.04233539254674578,0.0,0.0
4903,0.04327632545118946,x_positive,0.0,0.0,0.0,0.04327632545118946,0.0,0.0
4904,0.0531808276659442,x_positive,0.0,0.0,0.0,0.0531808276659442,0.0,0.0
4905,0.05436256373044636,x_positive,0.0,0.0,0.0,0.05436256373044636,0.0,0.0
4906,0.06312594962515247,x_positive,0.0,0.0,0.0,0.06312594962515247,0.0,0.0
4907,0.06453073197178075,x_positive,0.0,0.0,0.0,0.06453073197178075,0.0,0.0
4908,0.07193904081794439,x_positive,0.0,0.0,0.0,0.07193904081794439,0.0,0.0
4909,0.07354517836366518,x_positive,0.0,0.0,0.0,0.07354517836366518,0.0,0.0
4910,0.07940606715113696,x_positive,0.0,0.0,0.0,0.07940606715113696,0.0,0.0
4911,0.08117688860422595,x_positive,0.0,0.0,0.0,0.08117688860422595,0.0,0.0
4912,0.08533114707219862,x_positive,0.0,0.0,0.0,0.08533114707219862,0.0,0.0
4913,0.0872378736977678,x_positive,0.0,0.0,0.0,0.0872378736977678,0.0,0.0
4914,0.08967744929811351,x_positive,0.0,0.0,0.0,0.08967744929811351,0.0,0.0
4915,0.09168724416626771,x_positive,0.0,0.0,0.0,0.09168724416626771,0.0,0.0
4916,0.09233077557728231,x_positive,0.0,0.0,0.0,0.09233077557728231,0.0,0.0
4917,0.0943546527084646,x_positive,0.0,0.0,0.0,0.0943546527084646,0.0,0.0
4918,0.0933727646192619,x_positive,0.0,0.0,0.0,0.0933727646192619,0.0,0.0
4919,0.09545054153531818,x_positive,0.0,0.0,0.0,0.09545054153531818,0.0,0.0
4920,0.09284153766250598,x_positive,0.0,0.0,0.0,0.09284153766250598,0.0,0.0
4921,0.09491138734245441,x_positive,0.0,0.0,0.0,0.09491138734245441,0.0,0.0
4922,0.09093327809544735,x_positive,0.0,0.0,0.0,0.09093327809544735,0.0,0.0
4923,0.09294974205828738,x_positive,0.0,0.0,0.0,0.09294974205828738,0.0,0.0
4924,0.08794558083301686,x_positive,0.0,0.0,0.0,0.08794558083301686,0.0,0.0
4925,0.08993229013213519,x_positive,0.0,0.0,0.0,0.08993229013213519,0.0,0.0
4926,0.08376171981101399,x_positive,0.0,0.0,0.0,0.08376171981101399,0.0,0.0
4927,0.08561474545885858,x_positive,0.0,0.0,0.0,0.08561474545885858,0.0,0.0
4928,0.07834574989641878,x_positive,0.0,0.0,0.0,0.07834574989641878,0.0,0.0
4929,0.08008976678710598,x_positive,0.0,0.0,0.0,0.08008976678710598,0.0,0.0
4930,0.07175272856780499,x_positive,0.0,0.0,0.0,0.07175272856780499,0.0,0.0
4931,0.07333904383061302,x_positive,0.0,0.0,0.0,0.07333904383061302,0.0,0.0
4932,0.06409457490216544,x_positive,0.0,0.0,0.0,0.06409457490216544,0.0,0.0
4933,0.06551152621770653,x_positive,0.0,0.0,0.0,0.06551152621770653,0.0,0.0
4934,0.05549784887136258,x_positive,0.0,0.0,0.0,0.05549784887136258,0.0,0.0
4935,0.05671613419302716,x_positive,0.0,0.0,0.0,0.05671613419302716,0.0,0.0
4936,0.046186070727238536,x_positive,0.0,0.0,0.0,0.046186070727238536,0.0,0.0
4937,0.04719801759872233,x_positive,0.0,0.0,0.0,0.04719801759872233,0.0,0.0
4938,0.03634643071342044,x_positive,0.0,0.0,0.0,0.03634643071342044,0.0,0.0
4939,0.03714219459925265,x_positive,0.0,0.0,0.0,0.03714219459925265,0.0,0.0
4940,0.026650389660962795,y_negative,0.0,0.0,0.0,0.026650389660962795,0.0,0.0
4941,0.027219367251500676,y_negative,0.0,0.0,0.0,0.027219367251500676,0.0,0.0
4942,0.020020906336165465,y_negative,0.0,0.0,0.0,0.020020906336165465,0.0,0.0
4943,0.02040572020253307,y_negative,0.0,0.0,0.0,0.02040572020253307,0.0,0.0
4944,0.019514525022867133,y_negative,0.0,0.0,0.0,0.019514525022867133,0.0,0.0
4945,0.019944523242035744,y_negative,0.0,0.0,0.0,0.019944523242035744,0.0,0.0
4946,0.02311569131010571,x_negative,0.0,0.0,0.0,0.02311569131010571,0.0,0.0
4947,0.023604249008798955,x_negative,0.0,0.0,0.0,0.023604249008798955,0.0,0.0
4948,0.032214598796859596,x_negative,0.0,0.0,0.0,0.032214598796859596,0.0,0.0
4949,0.032931543599209905,x_negative,0.0,0.0,0.0,0.032931543599209905,0.0,0.0
4950,0.04243768818534725,x_negative,0.0,0.0,0.0,0.04243768818534725,0.0,0.0
4951,0.04337761957640814,x_negative,0.0,0.0,0.0,0.04337761957640814,0.0,0.0
4952,0.05240703629190827,x_negative,0.0,0.0,0.0,0.05240703629190827,0.0,0.0
4953,0.05357031683157748,x_negative,0.0,0.0,0.0,0.05357031683157748,0.0,0.0
4954,0.06169122484429566,x_negative,0.0,0.0,0.0,0.06169122484429566,0.0,0.0
4955,0.06306899335306393,x_negative,0.0,0.0,0.0,0.06306899335306393,0.0,0.0
4956,0.07002487155624776,x_negative,0.0,0.0,0.0,0.07002487155624776,0.0,0.0
4957,0.07158108355394649,x_negative,0.0,0.0,0.0,0.07158108355394649,0.0,0.0
4958,0.0772314333061657,x_negative,0.0,0.0,0.0,0.0772314333061657,0.0,0.0
4959,0.07894719694000243,x_negative,0.0,0.0,0.0,0.07894719694000243,0.0,0.0
4960,0.08317692408633154,x_negative,0.0,0.0,0.0,0.08317692408633154,0.0,0.0
4961,0.08501698432823541,x_negative,0.0,0.0,0.0,0.08501698432823541,0.0,0.0
4962,0.08778042764944576,x_negative,0.0,0.0,0.0,0.08778042764944576,0.0,0.0
4963,0.08970787949172349,x_negative,0.0,0.0,0.0,0.08970787949172349,0.0,0.0
4964,0.09108694473810304,x_negative,0.0,0.0,0.0,0.09108694473810304,0.0,0.0
4965,0.09316455701988867,x_negative,0.0,0.0,0.0,0.09316455701988867,0.0,0.0
4966,0.09307420544345227,x_negative,0.0,0.0,0.0,0.09307420544345227,0.0,0.0
4967,0.09511298131118252,x_negative,0.0,0.0,0.0,0.09511298131118252,0.0,0.0
4968,0.09339666361347385,x_negative,0.0,0.0,0.0,0.09339666361347385,0.0,0.0
4969,0.09545018701987097,x_negative,0.0,0.0,0.0,0.09545018701987097,0.0,0.0
4970,0.09199222265546601,x_negative,0.0,0.0,0.0,0.09199222265546601,0.0,0.0
4971,0.0940147269968289,x_negative,0.0,0.0,0.0,0.0940147269968289,0.0,0.0
4972,0.08888218303720273,x_negative,0.0,0.0,0.0,0.08888218303720273,0.0,0.0
4973,0.0908272808406432,x_negative,0.0,0.0,0.0,0.0908272808406432,0.0,0.0
4974,0.08410682016912573,x_negative,0.0,0.0,0.0,0.08410682016912573,0.0,0.0
4975,0.08594913148202302,x_negative,0.0,0.0,0.0,0.08594913148202302,0.0,0.0
4976,0.07779934029585499,x_negative,0.0,0.0,0.0,0.07779934029585499,0.0,0.0
4977,0.0795194383159493,x_negative,0.0,0.0,0.0,0.0795194383159493,0.0,0.0
4978,0.07013629281278976,x_negative,0.0,0.0,0.0,0.07013629281278976,0.0,0.0
4979,0.07170062519716988,x_negative,0.0,0.0,0.0,0.07170062519716988,0.0,0.0
4980,0.06131119812424846,x_negative,0.0,0.0,0.0,0.06131119812424846,0.0,0.0
4981,0.06268259169524779,x_negative,0.0,0.0,0.0,0.06268259169524779,0.0,0.0
4982,0.051537008900073816,x_negative,0.0,0.0,0.0,0.051537008900073816,0.0,0.0
4983,0.05269035588598634,x_negative,0.0,0.0,0.0,0.05269035588598634,0.0,0.0
4984,0.04100845130824463,x_negative,0.0,0.0,0.0,0.04100845130824463,0.0,0.0
4985,0.04192462385737919,x_negative,0.0,0.0,0.0,0.04192462385737919,0.0,0.0
4986,0.029879083606683197,x_negative,0.0,0.0,0.0,0.029879083606683197,0.0,0.0
4987,0.03054217115353081,x_negative,0.0,0.0,0.0,0.03054217115353081,0.0,0.0
4988,0.018286402364334826,x_negative,0.0,0.0,0.0,0.018286402364334826,0.0,0.0
4989,0.01869423139106848,x_negative,0.0,0.0,0.0,0.01869423139106848,0.0,0.0
4990,0.006174956034861615,x_negative,0.0,0.0,0.0,0.006174956034861615,0.0,0.0
4991,0.006319033348062042,x_negative,0.0,0.0,0.0,0.006319033348062042,0.0,0.0
4992,0.006258202315847294,x_positive,0.0,0.0,0.0,0.006258202315847294,0.0,0.0
4993,0.006402484191485311,x_positive,0.0,0.0,0.0,0.006402484191485311,0.0,0.0
4994,0.018479091867741243,x_positive,0.0,0.0,0.0,0.018479091867741243,0.0,0.0
4995,0.018901712178831957,x_positive,0.0,0.0,0.0,0.018901712178831957,0.0,0.0
4996,0.030134810737509697,x_positive,0.0,0.0,0.0,0.030134810737509697,0.0,0.0
4997,0.030818924500535902,x_positive,0.0,0.0,0.0,0.030818924500535902,0.0,0.0
4998,0.04139164634978121,x_positive,0.0,0.0,0.0,0.04139164634978121,0.0,0.0
4999,0.042334373860221236,x_positive,0.0,0.0,0.0,0.042334373860221236,0.0,0.0
5000,0.051995635197027934,x_positive,0.0,0.0,0.0,0.051995635197027934,0.0,0.0
5001,0.05317871446014678,x_positive,0.0,0.0,0.0,0.05317871446014678,0.0,0.0
5002,0.06171721495733649,x_positive,0.0,0.0,0.0,0.06171721495733649,0.0,0.0
5003,0.06312430235845824,x_positive,0.0,0.0,0.0,0.06312430235845824,0.0,0.0
5004,0.07033652048116687,x_positive,0.0,0.0,0.0,0.07033652048116687,0.0,0.0
5005,0.07193730497660744,x_positive,0.0,0.0,0.0,0.07193730497660744,0.0,0.0
5006,0.07763274385572912,x_positive,0.0,0.0,0.0,0.07763274385572912,0.0,0.0
5007,0.07940388886501719,x_positive,0.0,0.0,0.0,0.07940388886501719,0.0,0.0
5008,0.08343625909119634,x_positive,0.0,0.0,0.0,0.08343625909119634,0.0,0.0
5009,0.08533066160963282,x_positive,0.0,0.0,0.0,0.08533066160963282,0.0,0.0
5010,0.08765160666733599,x_positive,0.0,0.0,0.0,0.08765160666733599,0.0,0.0
5011,0.08967839595514832,x_positive,0.0,0.0,0.0,0.08967839595514832,0.0,0.0
5012,0.09031875891704236,x_positive,0.0,0.0,0.0,0.09031875891704236,0.0,0.0
5013,0.09233402832929082,x_positive,0.0,0.0,0.0,0.09233402832929082,0.0,0.0
5014,0.09129005667526191,x_positive,0.0,0.0,0.0,0.09129005667526191,0.0,0.0
5015,0.09337478441593358,x_positive,0.0,0.0,0.0,0.09337478441593358,0.0,0.0
5016,0.09078116551962657,x_positive,0.0,0.0,0.0,0.09078116551962657,0.0,0.0
5017,0.09284540653344334,x_positive,0.0,0.0,0.0,0.09284540653344334,0.0,0.0
5018,0.08891248997406857,x_positive,0.0,0.0,0.0,0.08891248997406857,0.0,0.0
5019,0.09093664613325353,x_positive,0.0,0.0,0.0,0.09093664613325353,0.0,0.0
5020,0.08599366441298303,x_positive,0.0,0.0,0.0,0.08599366441298303,0.0,0.0
5021,0.08794844005269757,x_positive,0.0,0.0,0.0,0.08794844005269757,0.0,0.0
5022,0.08190207645656929,x_positive,0.0,0.0,0.0,0.08190207645656929,0.0,0.0
5023,0.08376558602519223,x_positive,0.0,0.0,0.0,0.08376558602519223,0.0,0.0
5024,0.07660698183137506,x_positive,0.0,0.0,0.0,0.07660698183137506,0.0,0.0
5025,0.07834958520166858,x_positive,0.0,0.0,0.0,0.07834958520166858,0.0,0.0
5026,0.0701630487766683,x_positive,0.0,0.0,0.0,0.0701630487766683,0.0,0.0
5027,0.07175773793873963,x_positive,0.0,0.0,0.0,0.07175773793873963,0.0,0.0
5028,0.06267384599049453,x_positive,0.0,0.0,0.0,0.06267384599049453,0.0,0.0
5029,0.06409871823370442,x_positive,0.0,0.0,0.0,0.06409871823370442,0.0,0.0
5030,0.05426578949703466,x_positive,0.0,0.0,0.0,0.05426578949703466,0.0,0.0
5031,0.055500367453992325,x_positive,0.0,0.0,0.0,0.055500367453992325,0.0,0.0
5032,0.045158865120838,x_positive,0.0,0.0,0.0,0.045158865120838,0.0,0.0
5033,0.0461875408686277,x_positive,0.0,0.0,0.0,0.0461875408686277,0.0,0.0
5034,0.03554056098692163,x_positive,0.0,0.0,0.0,0.03554056098692163,0.0,0.0
5035,0.03634783547964184,x_positive,0.0,0.0,0.0,0.03634783547964184,0.0,0.0
5036,0.026058337455605592,y_negative,0.0,0.0,0.0,0.026058337455605592,0.0,0.0
5037,0.026650931237899515,y_negative,0.0,0.0,0.0,0.026650931237899515,0.0,0.0
5038,0.019574803049643097,y_negative,0.0,0.0,0.0,0.019574803049643097,0.0,0.0
5039,0.02002089357518502,y_negative,0.0,0.0,0.0,0.02002089357518502,0.0,0.0
5040,0.01907807944452321,y_negative,0.0,0.0,0.0,0.01907807944452321,0.0,0.0
5041,0.019514132702205818,y_negative,0.0,0.0,0.0,0.019514132702205818,0.0,0.0
5042,0.022619601960205037,x_negative,0.0,0.0,0.0,0.022619601960205037,0.0,0.0
5043,0.02311505481522549,x_negative,0.0,0.0,0.0,0.02311505481522549,0.0,0.0
5044,0.031487962786217516,x_negative,0.0,0.0,0.0,0.031487962786217516,0.0,0.0
5045,0.03221444416282173,x_negative,0.0,0.0,0.0,0.03221444416282173,0.0,0.0
5046,0.04149167430174369,x_negative,0.0,0.0,0.0,0.04149167430174369,0.0,0.0
5047,0.04243704927126176,x_negative,0.0,0.0,0.0,0.04243704927126176,0.0,0.0
5048,0.05123800359845966,x_negative,0.0,0.0,0.0,0.05123800359845966,0.0,0.0
5049,0.05240501930491588,x_negative,0.0,0.0,0.0,0.05240501930491588,0.0,0.0
5050,0.06031805818242189,x_negative,0.0,0.0,0.0,0.06031805818242189,0.0,0.0
5051,0.06169013765010036,x_negative,0.0,0.0,0.0,0.06169013765010036,0.0,0.0
5052,0.06846856631833784,x_negative,0.0,0.0,0.0,0.06846856631833784,0.0,0.0
5053,0.0700234517386291,x_negative,0.0,0.0,0.0,0.0700234517386291,0.0,0.0
5054,0.07550698871818216,x_negative,0.0,0.0,0.0,0.07550698871818216,0.0,0.0
5055,0.0772288744565202,x_negative,0.0,0.0,0.0,0.0772288744565202,0.0,0.0
5056,0.08132247237380533,x_negative,0.0,0.0,0.0,0.08132247237380533,0.0,0.0
5057,0.08317259134074524,x_negative,0.0,0.0,0.0,0.08317259134074524,0.0,0.0
5058,0.08582682666625438,x_negative,0.0,0.0,0.0,0.08582682666625438,0.0,0.0
5059,0.08777655326441644,x_negative,0.0,0.0,0.0,0.08777655326441644,0.0,0.0
5060,0.08906025928438148,x_negative,0.0,0.0,0.0,0.08906025928438148,0.0,0.0
5061,0.09108327598448296,x_negative,0.0,0.0,0.0,0.09108327598448296,0.0,0.0
5062,0.09099276682928797,x_negative,0.0,0.0,0.0,0.09099276682928797,0.0,0.0
5063,0.09306926473667948,x_negative,0.0,0.0,0.0,0.09306926473667948,0.0,0.0
5064,0.09131211631390113,x_negative,0.0,0.0,0.0,0.09131211631390113,0.0,0.0
5065,0.09339034666182987,x_negative,0.0,0.0,0.0,0.09339034666182987,0.0,0.0
5066,0.08994167690618467,x_negative,0.0,0.0,0.0,0.08994167690618467,0.0,0.0
5067,0.0919865753875979,x_negative,0.0,0.0,0.0,0.0919865753875979,0.0,0.0
5068,0.08689546799120669,x_negative,0.0,0.0,0.0,0.08689546799120669,0.0,0.0
5069,0.08887849907648099,x_negative,0.0,0.0,0.0,0.08887849907648099,0.0,0.0
5070,0.08223380274353609,x_negative,0.0,0.0,0.0,0.08223380274353609,0.0,0.0
5071,0.08410220604084373,x_negative,0.0,0.0,0.0,0.08410220604084373,0.0,0.0
5072,0.07606433457088817,x_negative,0.0,0.0,0.0,0.07606433457088817,0.0,0.0
5073,0.07779498927337175,x_negative,0.0,0.0,0.0,0.07779498927337175,0.0,0.0
5074,0.0685693373850703,x_negative,0.0,0.0,0.0,0.0685693373850703,0.0,0.0
5075,0.07013121230343251,x_negative,0.0,0.0,0.0,0.07013121230343251,0.0,0.0
5076,0.05994221925788957,x_negative,0.0,0.0,0.0,0.05994221925788957,0.0,0.0
5077,0.06130656596721272,x_negative,0.0,0.0,0.0,0.06130656596721272,0.0,0.0
5078,0.050391429891758426,x_negative,0.0,0.0,0.0,0.050391429891758426,0.0,0.0
5079,0.05153337943560937,x_negative,0.0,0.0,0.0,0.05153337943560937,0.0,0.0
5080,0.040091919620261686,x_negative,0.0,0.0,0.0,0.040091919620261686,0.0,0.0
5081,0.04100642908364975,x_negative,0.0,0.0,0.0,0.04100642908364975,0.0,0.0
5082,0.029214901423484978,x_negative,0.0,0.0,0.0,0.029214901423484978,0.0,0.0
5083,0.02987747071909379,x_negative,0.0,0.0,0.0,0.02987747071909379,0.0,0.0
5084,0.017876309820543387,x_negative,0.0,0.0,0.0,0.017876309820543387,0.0,0.0
5085,0.018285426986304833,x_negative,0.0,0.0,0.0,0.018285426986304833,0.0,0.0
5086,0.006034647426604176,x_negative,0.0,0.0,0.0,0.006034647426604176,0.0,0.0
5087,0.006174630378756327,x_negative,0.0,0.0,0.0,0.006174630378756327,0.0,0.0
5088,0.006115485119642201,x_positive,0.0,0.0,0.0,0.006115485119642201,0.0,0.0
5089,0.006258304940235386,x_positive,0.0,0.0,0.0,0.006258304940235386,0.0,0.0
5090,0.018060334137894537,x_positive,0.0,0.0,0.0,0.018060334137894537,0.0,0.0
5091,0.018479519546537027,x_positive,0.0,0.0,0.0,0.018479519546537027,0.0,0.0
5092,0.0294489422657896,x_positive,0.0,0.0,0.0,0.0294489422657896,0.0,0.0
5093,0.030135260135608178,x_positive,0.0,0.0,0.0,0.030135260135608178,0.0,0.0
5094,0.04044883410413605,x_positive,0.0,0.0,0.0,0.04044883410413605,0.0,0.0
5095,0.041392704604518785,x_positive,0.0,0.0,0.0,0.041392704604518785,0.0,0.0
5096,0.05081526398233599,x_positive,0.0,0.0,0.0,0.05081526398233599,0.0,0.0
5097,0.051997844524837286,x_positive,0.0,0.0,0.0,0.051997844524837286,0.0,0.0
5098,0.06031447230595737,x_positive,0.0,0.0,0.0,0.06031447230595737,0.0,0.0
5099,0.061719270829172335,x_positive,0.0,0.0,0.0,0.061719270829172335,0.0,0.0
5100,0.06873867503551126,x_positive,0.0,0.0,0.0,0.06873867503551126,0.0,0.0
5101,0.07033842638041671,x_positive,0.0,0.0,0.0,0.07033842638041671,0.0,0.0
5102,0.07587028042715799,x_positive,0.0,0.0,0.0,0.07587028042715799,0.0,0.0
5103,0.07763538733751232,x_positive,0.0,0.0,0.0,0.07763538733751232,0.0,0.0
5104,0.08154067098393591,x_positive,0.0,0.0,0.0,0.08154067098393591,0.0,0.0
5105,0.08343833440314631,x_positive,0.0,0.0,0.0,0.08343833440314631,0.0,0.0
5106,0.08563990469739732,x_positive,0.0,0.0,0.0,0.08563990469739732,0.0,0.0
5107,0.0876533781051122,x_positive,0.0,0.0,0.0,0.0876533781051122,0.0,0.0
5108,0.08827228265046229,x_positive,0.0,0.0,0.0,0.08827228265046229,0.0,0.0
5109,0.09032173034479407,x_positive,0.0,0.0,0.0,0.09032173034479407,0.0,0.0
5110,0.08921418049007367,x_positive,0.0,0.0,0.0,0.08921418049007367,0.0,0.0
5111,0.09129174054531329,x_positive,0.0,0.0,0.0,0.09129174054531329,0.0,0.0
5112,0.08871763328270194,x_positive,0.0,0.0,0.0,0.08871763328270194,0.0,0.0
5113,0.09078308558457224,x_positive,0.0,0.0,0.0,0.09078308558457224,0.0,0.0
5114,0.08689186339535813,x_positive,0.0,0.0,0.0,0.08689186339535813,0.0,0.0
5115,0.08891506915812647,x_positive,0.0,0.0,0.0,0.08891506915812647,0.0,0.0
5116,0.08403830829656606,x_positive,0.0,0.0,0.0,0.08403830829656606,0.0,0.0
5117,0.08599515676062425,x_positive,0.0,0.0,0.0,0.08599515676062425,0.0,0.0
5118,0.080038287091126,x_positive,0.0,0.0,0.0,0.080038287091126,0.0,0.0
5119,0.08190390379819625,x_positive,0.0,0.0,0.0,0.08190390379819625,0.0,0.0
5120,0.07486934697556201,x_positive,0.0,0.0,0.0,0.07486934697556201,0.0,0.0
5121,0.0766075947458853,x_positive,0.0,0.0,0.0,0.0766075947458853,0.0,0.0
5122,0.0685644650706578,x_positive,0.0,0.0,0.0,0.0685644650706578,0.0,0.0
5123,0.07016264194439005,x_positive,0.0,0.0,0.0,0.07016264194439005,0.0,0.0
5124,0.061249159458561804,x_positive,0.0,0.0,0.0,0.061249159458561804,0.0,0.0
5125,0.06267406742440398,x_positive,0.0,0.0,0.0,0.06267406742440398,0.0,0.0
5126,0.053030444919781844,x_positive,0.0,0.0,0.0,0.053030444919781844,0.0,0.0
5127,0.054266268284970685,x_positive,0.0,0.0,0.0,0.054266268284970685,0.0,0.0
5128,0.044136250086231565,x_positive,0.0,0.0,0.0,0.044136250086231565,0.0,0.0
5129,0.04515952606827461,x_positive,0.0,0.0,0.0,0.04515952606827461,0.0,0.0
5130,0.03473152416645045,x_positive,0.0,0.0,0.0,0.03473152416645045,0.0,0.0
5131,0.03554000938690634,x_positive,0.0,0.0,0.0,0.03554000938690634,0.0,0.0
5132,0.02546505716187072,y_negative,0.0,0.0,0.0,0.02546505716187072,0.0,0.0
5133,0.026058819894735786,y_negative,0.0,0.0,0.0,0.026058819894735786,0.0,0.0
5134,0.01913024463264016,y_negative,0.0,0.0,0.0,0.01913024463264016,0.0,0.0
5135,0.019574606365408826,y_negative,0.0,0.0,0.0,0.019574606365408826,0.0,0.0
5136,0.018645734585415866,y_negative,0.0,0.0,0.0,0.018645734585415866,0.0,0.0
5137,0.01907829949269265,y_negative,0.0,0.0,0.0,0.01907829949269265,0.0,0.0
5138,0.02210154688434424,x_negative,0.0,0.0,0.0,0.02210154688434424,0.0,0.0
5139,0.022620142324998902,x_negative,0.0,0.0,0.0,0.022620142324998902,0.0,0.0
5140,0.030771445269766214,x_negative,0.0,0.0,0.0,0.030771445269766214,0.0,0.0
5141,0.03148800415864456,x_negative,0.0,0.0,0.0,0.03148800415864456,0.0,0.0
5142,0.04054949744023548,x_negative,0.0,0.0,0.0,0.04054949744023548,0.0,0.0
5143,0.04149217079723011,x_negative,0.0,0.0,0.0,0.04149217079723011,0.0,0.0
5144,0.05007413508251204,x_negative,0.0,0.0,0.0,0.05007413508251204,0.0,0.0
5145,0.05123859756771227,x_negative,0.0,0.0,0.0,0.05123859756771227,0.0,0.0
5146,0.05894670816878786,x_negative,0.0,0.0,0.0,0.05894670816878786,0.0,0.0
5147,0.06031725248423101,x_negative,0.0,0.0,0.0,0.06031725248423101,0.0,0.0
5148,0.06690624583080675,x_negative,0.0,0.0,0.0,0.06690624583080675,0.0,0.0
5149,0.06846847673339115,x_negative,0.0,0.0,0.0,0.06846847673339115,0.0,0.0
5150,0.07379175671813895,x_negative,0.0,0.0,0.0,0.07379175671813895,0.0,0.0
5151,0.07550704698919365,x_negative,0.0,0.0,0.0,0.07550704698919365,0.0,0.0
5152,0.07947186719235087,x_negative,0.0,0.0,0.0,0.07947186719235087,0.0,0.0
5153,0.08132333424566156,x_negative,0.0,0.0,0.0,0.08132333424566156,0.0,0.0
5154,0.08387229881127618,x_negative,0.0,0.0,0.0,0.08387229881127618,0.0,0.0
5155,0.08582612396290236,x_negative,0.0,0.0,0.0,0.08582612396290236,0.0,0.0
5156,0.08703276672115,x_negative,0.0,0.0,0.0,0.08703276672115,0.0,0.0
5157,0.0890606973977803,x_negative,0.0,0.0,0.0,0.0890606973977803,0.0,0.0
5158,0.08892734330644961,x_negative,0.0,0.0,0.0,0.08892734330644961,0.0,0.0
5159,0.09099510543324324,x_negative,0.0,0.0,0.0,0.09099510543324324,0.0,0.0
5160,0.08923366169946582,x_negative,0.0,0.0,0.0,0.08923366169946582,0.0,0.0
5161,0.09131384081672571,x_negative,0.0,0.0,0.0,0.09131384081672571,0.0,0.0
5162,0.08789648613253502,x_negative,0.0,0.0,0.0,0.08789648613253502,0.0,0.0
5163,0.08994176307273122,x_negative,0.0,0.0,0.0,0.08994176307273122,0.0,0.0
5164,0.08491976360750257,x_negative,0.0,0.0,0.0,0.08491976360750257,0.0,0.0
5165,0.08689720726765907,x_negative,0.0,0.0,0.0,0.08689720726765907,0.0,0.0
5166,0.08036183221847451,x_negative,0.0,0.0,0.0,0.08036183221847451,0.0,0.0
5167,0.08223454152220956,x_negative,0.0,0.0,0.0,0.08223454152220956,0.0,0.0
5168,0.07433251969588166,x_negative,0.0,0.0,0.0,0.07433251969588166,0.0,0.0
5169,0.07606453578499706,x_negative,0.0,0.0,0.0,0.07606453578499706,0.0,0.0
5170,0.06701303845296883,x_negative,0.0,0.0,0.0,0.06701303845296883,0.0,0.0
5171,0.06857088668707735,x_negative,0.0,0.0,0.0,0.06857088668707735,0.0,0.0
5172,0.058577102393436775,x_negative,0.0,0.0,0.0,0.058577102393436775,0.0,0.0
5173,0.05994322228885073,x_negative,0.0,0.0,0.0,0.05994322228885073,0.0,0.0
5174,0.04924240508621331,x_negative,0.0,0.0,0.0,0.04924240508621331,0.0,0.0
5175,0.05039113755852232,x_negative,0.0,0.0,0.0,0.05039113755852232,0.0,0.0
5176,0.039180096085208595,x_negative,0.0,0.0,0.0,0.039180096085208595,0.0,0.0
5177,0.040091258102096655,x_negative,0.0,0.0,0.0,0.040091258102096655,0.0,0.0
5178,0.028551514931901858,x_negative,0.0,0.0,0.0,0.028551514931901858,0.0,0.0
5179,0.029214574403080975,x_negative,0.0,0.0,0.0,0.029214574403080975,0.0,0.0
5180,0.01746783318015775,x_negative,0.0,0.0,0.0,0.01746783318015775,0.0,0.0
5181,0.017876560337135642,x_negative,0.0,0.0,0.0,0.017876560337135642,0.0,0.0
5182,0.005897782677911448,x_negative,0.0,0.0,0.0,0.005897782677911448,0.0,0.0
5183,0.0060347081801433835,x_negative,0.0,0.0,0.0,0.0060347081801433835,0.0,0.0
5184,0.005974922488029762,x_positive,0.0,0.0,0.0,0.005974922488029762,0.0,0.0
5185,0.006115560813323692,x_positive,0.0,0.0,0.0,0.006115560813323692,0.0,0.0
5186,0.01764074385112882,x_positive,0.0,0.0,0.0,0.01764074385112882,0.0,0.0
5187,0.018060483656075644,x_positive,0.0,0.0,0.0,0.018060483656075644,0.0,0.0
5188,0.028763724524682732,x_positive,0.0,0.0,0.0,0.028763724524682732,0.0,0.0
5189,0.02944916069265137,x_positive,0.0,0.0,0.0,0.02944916069265137,0.0,0.0
5190,0.03950486454120032,x_positive,0.0,0.0,0.0,0.03950486454120032,0.0,0.0
5191,0.040448646333907205,x_positive,0.0,0.0,0.0,0.040448646333907205,0.0,0.0
5192,0.04963105032376117,x_positive,0.0,0.0,0.0,0.04963105032376117,0.0,0.0
5193,0.05081498848895969,x_positive,0.0,0.0,0.0,0.05081498848895969,0.0,0.0
5194,0.05891451221042404,x_positive,0.0,0.0,0.0,0.05891451221042404,0.0,0.0
5195,0.06031584102538143,x_positive,0.0,0.0,0.0,0.06031584102538143,0.0,0.0
5196,0.06713464317597086,x_positive,0.0,0.0,0.0,0.06713464317597086,0.0,0.0
5197,0.06874003843523527,x_positive,0.0,0.0,0.0,0.06874003843523527,0.0,0.0
5198,0.07410955785576465,x_positive,0.0,0.0,0.0,0.07410955785576465,0.0,0.0
5199,0.07587231599523687,x_positive,0.0,0.0,0.0,0.07587231599523687,0.0,0.0
5200,0.07964356900235892,x_positive,0.0,0.0,0.0,0.07964356900235892,0.0,0.0
5201,0.08154244350875114,x_positive,0.0,0.0,0.0,0.08154244350875114,0.0,0.0
5202,0.08365441800793211,x_positive,0.0,0.0,0.0,0.08365441800793211,0.0,0.0
5203,0.08564047909902787,x_positive,0.0,0.0,0.0,0.08564047909902787,0.0,0.0
5204,0.08619576522110464,x_positive,0.0,0.0,0.0,0.08619576522110464,0.0,0.0
5205,0.08827376827517389,x_positive,0.0,0.0,0.0,0.08827376827517389,0.0,0.0
5206,0.08714528691239286,x_positive,0.0,0.0,0.0,0.08714528691239286,0.0,0.0
5207,0.08921650518165211,x_positive,0.0,0.0,0.0,0.08921650518165211,0.0,0.0
5208,0.08665306769652718,x_positive,0.0,0.0,0.0,0.08665306769652718,0.0,0.0
5209,0.0887188489440952,x_positive,0.0,0.0,0.0,0.0887188489440952,0.0,0.0
5210,0.08487129592492582,x_positive,0.0,0.0,0.0,0.08487129592492582,0.0,0.0
5211,0.0868934078068551,x_positive,0.0,0.0,0.0,0.0868934078068551,0.0,0.0
5212,0.08207899799171581,x_positive,0.0,0.0,0.0,0.08207899799171581,0.0,0.0
5213,0.08403852804992908,x_positive,0.0,0.0,0.0,0.08403852804992908,0.0,0.0
5214,0.0781773413695764,x_positive,0.0,0.0,0.0,0.0781773413695764,0.0,0.0
5215,0.0800370746409821,x_positive,0.0,0.0,0.0,0.0800370746409821,0.0,0.0
5216,0.07312309776856542,x_positive,0.0,0.0,0.0,0.07312309776856542,0.0,0.0
5217,0.07486911670283149,x_positive,0.0,0.0,0.0,0.07486911670283149,0.0,0.0
5218,0.06697050041037984,x_positive,0.0,0.0,0.0,0.06697050041037984,0.0,0.0
5219,0.06856458107842346,x_positive,0.0,0.0,0.0,0.06856458107842346,0.0,0.0
5220,0.059822408249350346,x_positive,0.0,0.0,0.0,0.059822408249350346,0.0,0.0
5221,0.061247750065303565,x_positive,0.0,0.0,0.0,0.061247750065303565,0.0,0.0
5222,0.051798459879738606,x_positive,0.0,0.0,0.0,0.051798459879738606,0.0,0.0
5223,0.053029735920239074,x_positive,0.0,0.0,0.0,0.053029735920239074,0.0,0.0
5224,0.043107012943062975,x_positive,0.0,0.0,0.0,0.043107012943062975,0.0,0.0
5225,0.04413674330625053,x_positive,0.0,0.0,0.0,0.04413674330625053,0.0,0.0
5226,0.033922575744137075,x_positive,0.0,0.0,0.0,0.033922575744137075,0.0,0.0
5227,0.0347314953612387,x_positive,0.0,0.0,0.0,0.0347314953612387,0.0,0.0
5228,0.024874424234403888,y_negative,0.0,0.0,0.0,0.024874424234403888,0.0,0.0
5229,0.025464870050892013,y_negative,0.0,0.0,0.0,0.025464870050892013,0.0,0.0
5230,0.018685078156065085,y_negative,0.0,0.0,0.0,0.018685078156065085,0.0,0.0
5231,0.01913032876869668,y_negative,0.0,0.0,0.0,0.01913032876869668,0.0,0.0
5232,0.018215585687018563,y_negative,0.0,0.0,0.0,0.018215585687018563,0.0,0.0
5233,0.018645533829090583,y_negative,0.0,0.0,0.0,0.018645533829090583,0.0,0.0
5234,0.021570872732133425,x_negative,0.0,0.0,0.0,0.021570872732133425,0.0,0.0
5235,0.022101635599129227,x_negative,0.0,0.0,0.0,0.022101635599129227,0.0,0.0
5236,0.03006465339716695,x_negative,0.0,0.0,0.0,0.03006465339716695,0.0,0.0
5237,0.030771480895950998,x_negative,0.0,0.0,0.0,0.030771480895950998,0.0,0.0
5238,0.03960463069117305,x_negative,0.0,0.0,0.0,0.03960463069117305,0.0,0.0
5239,0.040549963704909577,x_negative,0.0,0.0,0.0,0.040549963704909577,0.0,0.0
5240,0.048906201236438795,x_negative,0.0,0.0,0.0,0.048906201236438795,0.0,0.0
5241,0.05007454315734183,x_negative,0.0,0.0,0.0,0.05007454315734183,0.0,0.0
5242,0.05757462510729284,x_negative,0.0,0.0,0.0,0.05757462510729284,0.0,0.0
5243,0.05894722463602759,x_negative,0.0,0.0,0.0,0.05894722463602759,0.0,0.0
5244,0.06535179586177478,x_negative,0.0,0.0,0.0,0.06535179586177478,0.0,0.0
5245,0.06690741557807182,x_negative,0.0,0.0,0.0,0.06690741557807182,0.0,0.0
5246,0.07207412162005346,x_negative,0.0,0.0,0.0,0.07207412162005346,0.0,0.0
5247,0.07379342946832024,x_negative,0.0,0.0,0.0,0.07379342946832024,0.0,0.0
5248,0.07762437609502844,x_negative,0.0,0.0,0.0,0.07762437609502844,0.0,0.0
5249,0.07947299847426682,x_negative,0.0,0.0,0.0,0.07947299847426682,0.0,0.0
5250,0.08192224138903925,x_negative,0.0,0.0,0.0,0.08192224138903925,0.0,0.0
5251,0.08387346715160263,x_negative,0.0,0.0,0.0,0.08387346715160263,0.0,0.0
5252,0.08500294463308028,x_negative,0.0,0.0,0.0,0.08500294463308028,0.0,0.0
5253,0.08703350335180703,x_negative,0.0,0.0,0.0,0.08703350335180703,0.0,0.0
5254,0.0868580220063748,x_negative,0.0,0.0,0.0,0.0868580220063748,0.0,0.0
5255,0.08892766498197148,x_negative,0.0,0.0,0.0,0.08892766498197148,0.0,0.0
5256,0.0871546959936122,x_negative,0.0,0.0,0.0,0.0871546959936122,0.0,0.0
5257,0.08923506127667723,x_negative,0.0,0.0,0.0,0.08923506127667723,0.0,0.0
5258,0.08584960212713096,x_negative,0.0,0.0,0.0,0.08584960212713096,0.0,0.0
5259,0.08789657759632082,x_negative,0.0,0.0,0.0,0.08789657759632082,0.0,0.0
5260,0.08294412054677475,x_negative,0.0,0.0,0.0,0.08294412054677475,0.0,0.0
5261,0.08491992481098634,x_negative,0.0,0.0,0.0,0.08491992481098634,0.0,0.0
5262,0.07849341710895812,x_negative,0.0,0.0,0.0,0.07849341710895812,0.0,0.0
5263,0.08036379620537351,x_negative,0.0,0.0,0.0,0.08036379620537351,0.0,0.0
5264,0.0726018852248933,x_negative,0.0,0.0,0.0,0.0726018852248933,0.0,0.0
5265,0.07433354112312031,x_negative,0.0,0.0,0.0,0.07433354112312031,0.0,0.0
5266,0.06544882751767919,x_negative,0.0,0.0,0.0,0.06544882751767919,0.0,0.0
5267,0.0670123123981826,x_negative,0.0,0.0,0.0,0.0670123123981826,0.0,0.0
5268,0.057218757763057286,x_negative,0.0,0.0,0.0,0.057218757763057286,0.0,0.0
5269,0.058577258460059164,x_negative,0.0,0.0,0.0,0.058577258460059164,0.0,0.0
5270,0.04809349268019062,x_negative,0.0,0.0,0.0,0.04809349268019062,0.0,0.0
5271,0.04924339831258008,x_negative,0.0,0.0,0.0,0.04924339831258008,0.0,0.0
5272,0.038268520063275295,x_negative,0.0,0.0,0.0,0.038268520063275295,0.0,0.0
5273,0.03918090521707829,x_negative,0.0,0.0,0.0,0.03918090521707829,0.0,0.0
5274,0.02788576285219542,x_negative,0.0,0.0,0.0,0.02788576285219542,0.0,0.0
5275,0.02855149978177698,x_negative,0.0,0.0,0.0,0.02855149978177698,0.0,0.0
5276,0.017059951915853737,x_negative,0.0,0.0,0.0,0.017059951915853737,0.0,0.0
5277,0.01746768685310417,x_negative,0.0,0.0,0.0,0.01746768685310417,0.0,0.0
5278,0.005764810436639033,x_negative,0.0,0.0,0.0,0.005764810436639033,0.0,0.0
5279,0.00589784250059123,x_negative,0.0,0.0,0.0,0.00589784250059123,0.0,0.0
5280,0.00583262469463271,x_positive,0.0,0.0,0.0,0.00583262469463271,0.0,0.0
5281,0.005975086547514228,x_positive,0.0,0.0,0.0,0.005975086547514228,0.0,0.0
5282,0.017221330100586237,x_positive,0.0,0.0,0.0,0.017221330100586237,0.0,0.0
5283,0.017641413883291254,x_positive,0.0,0.0,0.0,0.017641413883291254,0.0,0.0
5284,0.028080164077112023,x_positive,0.0,0.0,0.0,0.028080164077112023,0.0,0.0
5285,0.028764152894732036,x_positive,0.0,0.0,0.0,0.028764152894732036,0.0,0.0
5286,0.038563159602554256,x_positive,0.0,0.0,0.0,0.038563159602554256,0.0,0.0
5287,0.039506616201828514,x_positive,0.0,0.0,0.0,0.039506616201828514,0.0,0.0
5288,0.0484477770892548,x_positive,0.0,0.0,0.0,0.0484477770892548,0.0,0.0
5289,0.049632250060662096,x_positive,0.0,0.0,0.0,0.049632250060662096,0.0,0.0
5290,0.057509046768290946,x_positive,0.0,0.0,0.0,0.057509046768290946,0.0,0.0
5291,0.05891540564944063,x_positive,0.0,0.0,0.0,0.05891540564944063,0.0,0.0
5292,0.06554101038041561,x_positive,0.0,0.0,0.0,0.06554101038041561,0.0,0.0
5293,0.06713598728346315,x_positive,0.0,0.0,0.0,0.06713598728346315,0.0,0.0
5294,0.07233847666635689,x_positive,0.0,0.0,0.0,0.07233847666635689,0.0,0.0
5295,0.0741115964129143,x_positive,0.0,0.0,0.0,0.0741115964129143,0.0,0.0
5296,0.0777455010446041,x_positive,0.0,0.0,0.0,0.0777455010446041,0.0,0.0
5297,0.07964682991531223,x_positive,0.0,0.0,0.0,0.07964682991531223,0.0,0.0
5298,0.08169657368969799,x_positive,0.0,0.0,0.0,0.08169657368969799,0.0,0.0
5299,0.083657587482072,x_positive,0.0,0.0,0.0,0.083657587482072,0.0,0.0
5300,0.08411972243470232,x_positive,0.0,0.0,0.0,0.08411972243470232,0.0,0.0
5301,0.08619713177837468,x_positive,0.0,0.0,0.0,0.08619713177837468,0.0,0.0
5302,0.08506994627078455,x_positive,0.0,0.0,0.0,0.08506994627078455,0.0,0.0
5303,0.08714624133869385,x_positive,0.0,0.0,0.0,0.08714624133869385,0.0,0.0
5304,0.08458983520665013,x_positive,0.0,0.0,0.0,0.08458983520665013,0.0,0.0
5305,0.08665519395692352,x_positive,0.0,0.0,0.0,0.08665519395692352,0.0,0.0
5306,0.08284887940481353,x_positive,0.0,0.0,0.0,0.08284887940481353,0.0,0.0
5307,0.0848725193240795,x_positive,0.0,0.0,0.0,0.0848725193240795,0.0,0.0
5308,0.08012779177759313,x_positive,0.0,0.0,0.0,0.08012779177759313,0.0,0.0
5309,0.08208258803481563,x_positive,0.0,0.0,0.0,0.08208258803481563,0.0,0.0
5310,0.07631584212753043,x_positive,0.0,0.0,0.0,0.07631584212753043,0.0,0.0
5311,0.07817903229578044,x_positive,0.0,0.0,0.0,0.07817903229578044,0.0,0.0
5312,0.07138266526426651,x_positive,0.0,0.0,0.0,0.07138266526426651,0.0,0.0
5313,0.07312368579124913,x_positive,0.0,0.0,0.0,0.07312368579124913,0.0,0.0
5314,0.06537464129120822,x_positive,0.0,0.0,0.0,0.06537464129120822,0.0,0.0
5315,0.06697211782744396,x_positive,0.0,0.0,0.0,0.06697211782744396,0.0,0.0
5316,0.05839891169165442,x_positive,0.0,0.0,0.0,0.05839891169165442,0.0,0.0
5317,0.05982391409371323,x_positive,0.0,0.0,0.0,0.05982391409371323,0.0,0.0
5318,0.05056302954597553,x_positive,0.0,0.0,0.0,0.05056302954597553,0.0,0.0
5319,0.0517979198751479,x_positive,0.0,0.0,0.0,0.0517979198751479,0.0,0.0
5320,0.04207826853116912,x_positive,0.0,0.0,0.0,0.04207826853116912,0.0,0.0
5321,0.04310619589923811,x_positive,0.0,0.0,0.0,0.04310619589923811,0.0,0.0
5322,0.03311545148612077,x_positive,0.0,0.0,0.0,0.03311545148612077,0.0,0.0
5323,0.0339223030835909,x_positive,0.0,0.0,0.0,0.0339223030835909,0.0,0.0
5324,0.024280573907686235,y_negative,0.0,0.0,0.0,0.024280573907686235,0.0,0.0
5325,0.024874228757382547,y_negative,0.0,0.0,0.0,0.024874228757382547,0.0,0.0
5326,0.018239536696565736,y_negative,0.0,0.0,0.0,0.018239536696565736,0.0,0.0
5327,0.018685231500822783,y_negative,0.0,0.0,0.0,0.018685231500822783,0.0,0.0
5328,0.0177772730147006,y_negative,0.0,0.0,0.0,0.0177772730147006,0.0,0.0
5329,0.01821579178062246,y_negative,0.0,0.0,0.0,0.01821579178062246,0.0,0.0
5330,0.021058023370615363,x_negative,0.0,0.0,0.0,0.021058023370615363,0.0,0.0
5331,0.021571358052794396,x_negative,0.0,0.0,0.0,0.021571358052794396,0.0,0.0
5332,0.029351061399681747,x_negative,0.0,0.0,0.0,0.029351061399681747,0.0,0.0
5333,0.030065230244895786,x_negative,0.0,0.0,0.0,0.030065230244895786,0.0,0.0
5334,0.03865919305452162,x_negative,0.0,0.0,0.0,0.03865919305452162,0.0,0.0
5335,0.039605397302110996,x_negative,0.0,0.0,0.0,0.039605397302110996,0.0,0.0
5336,0.047744190212764395,x_negative,0.0,0.0,0.0,0.047744190212764395,0.0,0.0
5337,0.04890712427318292,x_negative,0.0,0.0,0.0,0.04890712427318292,0.0,0.0
5338,0.05620175821254143,x_negative,0.0,0.0,0.0,0.05620175821254143,0.0,0.0
5339,0.05757596971675572,x_negative,0.0,0.0,0.0,0.05757596971675572,0.0,0.0
5340,0.06379465535241985,x_negative,0.0,0.0,0.0,0.06379465535241985,0.0,0.0
5341,0.06535169312793807,x_negative,0.0,0.0,0.0,0.06535169312793807,0.0,0.0
5342,0.07035635560780287,x_negative,0.0,0.0,0.0,0.07035635560780287,0.0,0.0
5343,0.07207495939366887,x_negative,0.0,0.0,0.0,0.07207495939366887,0.0,0.0
5344,0.07577492282046873,x_negative,0.0,0.0,0.0,0.07577492282046873,0.0,0.0
5345,0.07762519286395207,x_negative,0.0,0.0,0.0,0.07762519286395207,0.0,0.0
5346,0.07996929542056813,x_negative,0.0,0.0,0.0,0.07996929542056813,0.0,0.0
5347,0.08192369511262898,x_negative,0.0,0.0,0.0,0.08192369511262898,0.0,0.0
5348,0.08297631941913432,x_negative,0.0,0.0,0.0,0.08297631941913432,0.0,0.0
5349,0.085003382651145,x_negative,0.0,0.0,0.0,0.085003382651145,0.0,0.0
5350,0.08478977277575372,x_negative,0.0,0.0,0.0,0.08478977277575372,0.0,0.0
5351,0.08685868407040384,x_negative,0.0,0.0,0.0,0.08685868407040384,0.0,0.0
5352,0.0850802448980248,x_negative,0.0,0.0,0.0,0.0850802448980248,0.0,0.0
5353,0.08715739718953272,x_negative,0.0,0.0,0.0,0.08715739718953272,0.0,0.0
5354,0.08380600806642952,x_negative,0.0,0.0,0.0,0.08380600806642952,0.0,0.0
5355,0.08585228289723126,x_negative,0.0,0.0,0.0,0.08585228289723126,0.0,0.0
5356,0.08096571558412465,x_negative,0.0,0.0,0.0,0.08096571558412465,0.0,0.0
5357,0.08294460238631109,x_negative,0.0,0.0,0.0,0.08294460238631109,0.0,0.0
5358,0.07662108644517278,x_negative,0.0,0.0,0.0,0.07662108644517278,0.0,0.0
5359,0.07849304479725502,x_negative,0.0,0.0,0.0,0.07849304479725502,0.0,0.0
5360,0.0708745347860764,x_negative,0.0,0.0,0.0,0.0708745347860764,0.0,0.0
5361,0.07260267314662543,x_negative,0.0,0.0,0.0,0.07260267314662543,0.0,0.0
5362,0.06389002720756289,x_negative,0.0,0.0,0.0,0.06389002720756289,0.0,0.0
5363,0.06545082531679519,x_negative,0.0,0.0,0.0,0.06545082531679519,0.0,0.0
5364,0.055851346057943264,x_negative,0.0,0.0,0.0,0.055851346057943264,0.0,0.0
5365,0.05721911490277024,x_negative,0.0,0.0,0.0,0.05721911490277024,0.0,0.0
5366,0.04695182665492186,x_negative,0.0,0.0,0.0,0.04695182665492186,0.0,0.0
5367,0.048093409844649895,x_negative,0.0,0.0,0.0,0.048093409844649895,0.0,0.0
5368,0.03735707683208802,x_negative,0.0,0.0,0.0,0.03735707683208802,0.0,0.0
5369,0.038268606573486116,x_negative,0.0,0.0,0.0,0.038268606573486116,0.0,0.0
5370,0.02721774423388544,x_negative,0.0,0.0,0.0,0.02721774423388544,0.0,0.0
5371,0.02788668927371464,x_negative,0.0,0.0,0.0,0.02788668927371464,0.0,0.0
5372,0.01665888267205912,x_negative,0.0,0.0,0.0,0.01665888267205912,0.0,0.0
5373,0.0170602533484394,x_negative,0.0,0.0,0.0,0.0170602533484394,0.0,0.0
5374,0.005626148160488319,x_negative,0.0,0.0,0.0,0.005626148160488319,0.0,0.0
5375,0.0057648682955378965,x_negative,0.0,0.0,0.0,0.0057648682955378965,0.0,0.0
5376,0.004762802948856698,x_positive,0.0,0.0,0.0,0.004762802948856698,0.0,0.0
5377,0.004860108025668941,x_positive,0.0,0.0,0.0,0.004860108025668941,0.0,0.0
5378,0.01406666669942318,x_positive,0.0,0.0,0.0,0.01406666669942318,0.0,0.0
5379,0.014350226518612381,x_positive,0.0,0.0,0.0,0.014350226518612381,0.0,0.0
5380,0.022934277900699972,x_positive,0.0,0.0,0.0,0.022934277900699972,0.0,0.0
5381,0.02339880535510896,x_positive,0.0,0.0,0.0,0.02339880535510896,0.0,0.0
5382,0.0315069940768743,x_positive,0.0,0.0,0.0,0.0315069940768743,0.0,0.0
5383,0.03213390217173747,x_positive,0.0,0.0,0.0,0.03213390217173747,0.0,0.0
5384,0.03957512033102575,x_positive,0.0,0.0,0.0,0.03957512033102575,0.0,0.0
5385,0.04037194951329598,x_positive,0.0,0.0,0.0,0.04037194951329598,0.0,0.0
5386,0.04697781800600873,x_positive,0.0,0.0,0.0,0.04697781800600873,0.0,0.0
5387,0.04792240501804817,x_positive,0.0,0.0,0.0,0.04792240501804817,0.0,0.0
5388,0.053541330104610964,x_positive,0.0,0.0,0.0,0.053541330104610964,0.0,0.0
5389,0.05461622474839869,x_positive,0.0,0.0,0.0,0.05461622474839869,0.0,0.0
5390,0.05909563721944595,x_positive,0.0,0.0,0.0,0.05909563721944595,0.0,0.0
5391,0.060279863094803696,x_positive,0.0,0.0,0.0,0.060279863094803696,0.0,0.0
5392,0.06348144018665863,x_positive,0.0,0.0,0.0,0.06348144018665863,0.0,0.0
5393,0.0647861181285613,x_positive,0.0,0.0,0.0,0.0647861181285613,0.0,0.0
5394,0.06676114368264713,x_positive,0.0,0.0,0.0,0.06676114368264713,0.0,0.0
5395,0.0680819127337786,x_positive,0.0,0.0,0.0,0.0680819127337786,0.0,0.0
5396,0.06871352096927738,x_positive,0.0,0.0,0.0,0.06871352096927738,0.0,0.0
5397,0.07010139259019973,x_positive,0.0,0.0,0.0,0.07010139259019973,0.0,0.0
5398,0.06949280689615452,x_positive,0.0,0.0,0.0,0.06949280689615452,0.0,0.0
5399,0.07089237593390904,x_positive,0.0,0.0,0.0,0.07089237593390904,0.0,0.0
5400,0.06910550191481706,x_positive,0.0,0.0,0.0,0.06910550191481706,0.0,0.0
5401,0.07049249472031771,x_positive,0.0,0.0,0.0,0.07049249472031771,0.0,0.0
5402,0.06768339085857265,x_positive,0.0,0.0,0.0,0.06768339085857265,0.0,0.0
5403,0.06904191904277131,x_positive,0.0,0.0,0.0,0.06904191904277131,0.0,0.0
5404,0.06545424232840653,x_positive,0.0,0.0,0.0,0.06545424232840653,0.0,0.0
5405,0.06677288938936335,x_positive,0.0,0.0,0.0,0.06677288938936335,0.0,0.0
5406,0.06234277038551602,x_positive,0.0,0.0,0.0,0.06234277038551602,0.0,0.0
5407,0.06359759643149969,x_positive,0.0,0.0,0.0,0.06359759643149969,0.0,0.0
5408,0.05831384902160723,x_positive,0.0,0.0,0.0,0.05831384902160723,0.0,0.0
5409,0.05948615139182461,x_positive,0.0,0.0,0.0,0.05948615139182461,0.0,0.0
5410,0.053405487234956445,x_positive,0.0,0.0,0.0,0.053405487234956445,0.0,0.0
5411,0.0544777603386307,x_positive,0.0,0.0,0.0,0.0544777603386307,0.0,0.0
5412,0.04770799186548201,x_positive,0.0,0.0,0.0,0.04770799186548201,0.0,0.0
5413,0.04866583718888628,x_positive,0.0,0.0,0.0,0.04866583718888628,0.0,0.0
5414,0.041306820643050454,x_positive,0.0,0.0,0.0,0.041306820643050454,0.0,0.0
5415,0.042137225954014534,x_positive,0.0,0.0,0.0,0.042137225954014534,0.0,0.0
5416,0.03437548565875976,x_positive,0.0,0.0,0.0,0.03437548565875976,0.0,0.0
5417,0.035065665920650836,x_positive,0.0,0.0,0.0,0.035065665920650836,0.0,0.0
5418,0.027052696128745442,x_positive,0.0,0.0,0.0,0.027052696128745442,0.0,0.0
5419,0.02759620286357324,x_positive,0.0,0.0,0.0,0.02759620286357324,0.0,0.0
5420,0.019833513616880256,y_negative,0.0,0.0,0.0,0.019833513616880256,0.0,0.0
5421,0.020233415851533352,y_negative,0.0,0.0,0.0,0.020233415851533352,0.0,0.0
5422,0.01490189174398665,y_negative,0.0,0.0,0.0,0.01490189174398665,0.0,0.0
5423,0.015198946258766844,y_negative,0.0,0.0,0.0,0.015198946258766844,0.0,0.0
5424,0.01452660432881125,y_negative,0.0,0.0,0.0,0.01452660432881125,0.0,0.0
5425,0.01481387031534717,y_negative,0.0,0.0,0.0,0.01481387031534717,0.0,0.0
5426,0.017196828859850657,x_negative,0.0,0.0,0.0,0.017196828859850657,0.0,0.0
5427,0.017547641284984136,x_negative,0.0,0.0,0.0,0.017547641284984136,0.0,0.0
5428,0.02397575888279184,x_negative,0.0,0.0,0.0,0.02397575888279184,0.0,0.0
5429,0.024458769993222457,x_negative,0.0,0.0,0.0,0.024458769993222457,0.0,0.0
5430,0.031580211006326075,x_negative,0.0,0.0,0.0,0.031580211006326075,0.0,0.0
5431,0.03221501182201884,x_negative,0.0,0.0,0.0,0.03221501182201884,0.0,0.0
5432,0.039003087376868556,x_negative,0.0,0.0,0.0,0.039003087376868556,0.0,0.0
5433,0.03978598796945855,x_negative,0.0,0.0,0.0,0.03978598796945855,0.0,0.0
5434,0.045909777027700105,x_negative,0.0,0.0,0.0,0.045909777027700105,0.0,0.0
5435,0.0468333176913852,x_negative,0.0,0.0,0.0,0.0468333176913852,0.0,0.0
5436,0.052112498170874544,x_negative,0.0,0.0,0.0,0.052112498170874544,0.0,0.0
5437,0.05316049006443302,x_negative,0.0,0.0,0.0,0.05316049006443302,0.0,0.0
5438,0.05747364663522238,x_negative,0.0,0.0,0.0,0.05747364663522238,0.0,0.0
5439,0.058628623364414205,x_negative,0.0,0.0,0.0,0.058628623364414205,0.0,0.0
5440,0.06189849624498327,x_negative,0.0,0.0,0.0,0.06189849624498327,0.0,0.0
5441,0.06314282181282863,x_negative,0.0,0.0,0.0,0.06314282181282863,0.0,0.0
5442,0.0653223434869039,x_negative,0.0,0.0,0.0,0.0653223434869039,0.0,0.0
5443,0.0666388812808102,x_negative,0.0,0.0,0.0,0.0666388812808102,0.0,0.0
5444,0.06778461252771235,x_negative,0.0,0.0,0.0,0.06778461252771235,0.0,0.0
5445,0.06914511942370323,x_negative,0.0,0.0,0.0,0.06914511942370323,0.0,0.0
5446,0.06926081573808408,x_negative,0.0,0.0,0.0,0.06926081573808408,0.0,0.0
5447,0.0706554684791188,x_negative,0.0,0.0,0.0,0.0706554684791188,0.0,0.0
5448,0.06949921409796332,x_negative,0.0,0.0,0.0,0.06949921409796332,0.0,0.0
5449,0.07089544385135399,x_negative,0.0,0.0,0.0,0.07089544385135399,0.0,0.0
5450,0.06845658148103177,x_negative,0.0,0.0,0.0,0.06845658148103177,0.0,0.0
5451,0.06983508724567036,x_negative,0.0,0.0,0.0,0.06983508724567036,0.0,0.0
5452,0.06613914353310939,x_negative,0.0,0.0,0.0,0.06613914353310939,0.0,0.0
5453,0.06746916537705969,x_negative,0.0,0.0,0.0,0.06746916537705969,0.0,0.0
5454,0.06259107145338764,x_negative,0.0,0.0,0.0,0.06259107145338764,0.0,0.0
5455,0.06384863321236971,x_negative,0.0,0.0,0.0,0.06384863321236971,0.0,0.0
5456,0.05789276262373236,x_negative,0.0,0.0,0.0,0.05789276262373236,0.0,0.0
5457,0.05905817545328999,x_negative,0.0,0.0,0.0,0.05905817545328999,0.0,0.0
5458,0.052191540388601645,x_negative,0.0,0.0,0.0,0.052191540388601645,0.0,0.0
5459,0.05323854359604195,x_negative,0.0,0.0,0.0,0.05323854359604195,0.0,0.0
5460,0.0456238575804243,x_negative,0.0,0.0,0.0,0.0456238575804243,0.0,0.0
5461,0.04654079378714633,x_negative,0.0,0.0,0.0,0.04654079378714633,0.0,0.0
5462,0.038352156979377126,x_negative,0.0,0.0,0.0,0.038352156979377126,0.0,0.0
5463,0.03912529066596926,x_negative,0.0,0.0,0.0,0.03912529066596926,0.0,0.0
5464,0.0305154907300306,x_negative,0.0,0.0,0.0,0.0305154907300306,0.0,0.0
5465,0.031129164721014235,x_negative,0.0,0.0,0.0,0.031129164721014235,0.0,0.0
5466,0.0222336376850544,x_negative,0.0,0.0,0.0,0.0222336376850544,0.0,0.0
5467,0.022680199552565127,x_negative,0.0,0.0,0.0,0.022680199552565127,0.0,0.0
5468,0.013607575747048838,x_negative,0.0,0.0,0.0,0.013607575747048838,0.0,0.0
5469,0.013881554436385233,x_negative,0.0,0.0,0.0,0.013881554436385233,0.0,0.0
5470,0.00459175710589964,x_negative,0.0,0.0,0.0,0.00459175710589964,0.0,0.0
5471,0.004688195543047734,x_negative,0.0,0.0,0.0,0.004688195543047734,0.0,0.0
5472,0.004672487109722661,x_positive,0.0,0.0,0.0,0.004672487109722661,0.0,0.0
5473,0.004762875988593879,x_positive,0.0,0.0,0.0,0.004762875988593879,0.0,0.0
5474,0.013787985597321297,x_positive,0.0,0.0,0.0,0.013787985597321297,0.0,0.0
5475,0.014066808134364589,x_positive,0.0,0.0,0.0,0.014066808134364589,0.0,0.0
5476,0.022488377727881103,x_positive,0.0,0.0,0.0,0.022488377727881103,0.0,0.0
5477,0.02293488290292031,x_positive,0.0,0.0,0.0,0.02293488290292031,0.0,0.0
5478,0.030884737996030982,x_positive,0.0,0.0,0.0,0.030884737996030982,0.0,0.0
5479,0.031507198083970414,x_positive,0.0,0.0,0.0,0.031507198083970414,0.0,0.0
5480,0.038799756222908155,x_positive,0.0,0.0,0.0,0.038799756222908155,0.0,0.0
5481,0.03957546438875992,x_positive,0.0,0.0,0.0,0.03957546438875992,0.0,0.0
5482,0.04605807314315441,x_positive,0.0,0.0,0.0,0.04605807314315441,0.0,0.0
5483,0.04697851147942974,x_positive,0.0,0.0,0.0,0.04697851147942974,0.0,0.0
5484,0.052497048014939644,x_positive,0.0,0.0,0.0,0.052497048014939644,0.0,0.0
5485,0.0535414933725059,x_positive,0.0,0.0,0.0,0.0535414933725059,0.0,0.0
5486,0.057937737334128686,x_positive,0.0,0.0,0.0,0.057937737334128686,0.0,0.0
5487,0.05909604091919233,x_positive,0.0,0.0,0.0,0.05909604091919233,0.0,0.0
5488,0.06219039051763261,x_positive,0.0,0.0,0.0,0.06219039051763261,0.0,0.0
5489,0.06347966998072553,x_positive,0.0,0.0,0.0,0.06347966998072553,0.0,0.0
5490,0.06543739113682442,x_positive,0.0,0.0,0.0,0.06543739113682442,0.0,0.0
5491,0.06676059333865904,x_positive,0.0,0.0,0.0,0.06676059333865904,0.0,0.0
5492,0.06736891024716782,x_positive,0.0,0.0,0.0,0.06736891024716782,0.0,0.0
5493,0.06871358198530307,x_positive,0.0,0.0,0.0,0.06871358198530307,0.0,0.0
5494,0.0681320328571057,x_positive,0.0,0.0,0.0,0.0681320328571057,0.0,0.0
5495,0.06949397283504305,x_positive,0.0,0.0,0.0,0.06949397283504305,0.0,0.0
5496,0.06774594250937664,x_positive,0.0,0.0,0.0,0.06774594250937664,0.0,0.0
5497,0.06910518595231376,x_positive,0.0,0.0,0.0,0.06910518595231376,0.0,0.0
5498,0.06636483319251522,x_positive,0.0,0.0,0.0,0.06636483319251522,0.0,0.0
5499,0.06768422879787003,x_positive,0.0,0.0,0.0,0.06768422879787003,0.0,0.0
5500,0.06415092517809792,x_positive,0.0,0.0,0.0,0.06415092517809792,0.0,0.0
5501,0.06545403747986112,x_positive,0.0,0.0,0.0,0.06545403747986112,0.0,0.0
5502,0.06112013030608153,x_positive,0.0,0.0,0.0,0.06112013030608153,0.0,0.0
5503,0.06234245634570847,x_positive,0.0,0.0,0.0,0.06234245634570847,0.0,0.0
5504,0.05716848464054302,x_positive,0.0,0.0,0.0,0.05716848464054302,0.0,0.0
5505,0.05831530057763778,x_positive,0.0,0.0,0.0,0.05831530057763778,0.0,0.0
5506,0.052355652338349726,x_positive,0.0,0.0,0.0,0.052355652338349726,0.0,0.0
5507,0.053406481171031105,x_positive,0.0,0.0,0.0,0.053406481171031105,0.0,0.0
5508,0.046770758937736044,x_positive,0.0,0.0,0.0,0.046770758937736044,0.0,0.0
5509,0.04770708233412787,x_positive,0.0,0.0,0.0,0.04770708233412787,0.0,0.0
5510,0.040494313857338586,x_positive,0.0,0.0,0.0,0.040494313857338586,0.0,0.0
5511,0.04130655638119189,x_positive,0.0,0.0,0.0,0.04130655638119189,0.0,0.0
5512,0.03370085168027044,x_positive,0.0,0.0,0.0,0.03370085168027044,0.0,0.0
5513,0.03437580796436587,x_positive,0.0,0.0,0.0,0.03437580796436587,0.0,0.0
5514,0.026521201090245125,x_positive,0.0,0.0,0.0,0.026521201090245125,0.0,0.0
5515,0.027052782761227426,x_positive,0.0,0.0,0.0,0.027052782761227426,0.0,0.0
5516,0.01944688289692392,y_negative,0.0,0.0,0.0,0.01944688289692392,0.0,0.0
5517,0.019833804365505362,y_negative,0.0,0.0,0.0,0.019833804365505362,0.0,0.0
5518,0.014611570316221432,y_negative,0.0,0.0,0.0,0.014611570316221432,0.0,0.0
5519,0.014901729221230767,y_negative,0.0,0.0,0.0,0.014901729221230767,0.0,0.0
5520,0.014253636699283739,y_negative,0.0,0.0,0.0,0.014253636699283739,0.0,0.0
5521,0.014526566823043728,y_negative,0.0,0.0,0.0,0.014526566823043728,0.0,0.0
5522,0.01683778976616894,x_negative,0.0,0.0,0.0,0.01683778976616894,0.0,0.0
5523,0.017197008263542115,x_negative,0.0,0.0,0.0,0.017197008263542115,0.0,0.0
5524,0.023507377212013635,x_negative,0.0,0.0,0.0,0.023507377212013635,0.0,0.0
5525,0.02397613247618504,x_negative,0.0,0.0,0.0,0.02397613247618504,0.0,0.0
5526,0.030961164668483532,x_negative,0.0,0.0,0.0,0.030961164668483532,0.0,0.0
5527,0.031580860592545223,x_negative,0.0,0.0,0.0,0.031580860592545223,0.0,0.0
5528,0.03823548813133613,x_negative,0.0,0.0,0.0,0.03823548813133613,0.0,0.0
5529,0.03900443816241309,x_negative,0.0,0.0,0.0,0.03900443816241309,0.0,0.0
5530,0.045009235431429664,x_negative,0.0,0.0,0.0,0.045009235431429664,0.0,0.0
5531,0.045910585138881084,x_negative,0.0,0.0,0.0,0.045910585138881084,0.0,0.0
5532,0.0510874234514555,x_negative,0.0,0.0,0.0,0.0510874234514555,0.0,0.0
5533,0.05211392327951968,x_negative,0.0,0.0,0.0,0.05211392327951968,0.0,0.0
5534,0.05634497844175042,x_negative,0.0,0.0,0.0,0.05634497844175042,0.0,0.0
5535,0.057474341102410446,x_negative,0.0,0.0,0.0,0.057474341102410446,0.0,0.0
5536,0.06067929653937518,x_negative,0.0,0.0,0.0,0.06067929653937518,0.0,0.0
5537,0.06190077493440901,x_negative,0.0,0.0,0.0,0.06190077493440901,0.0,0.0
5538,0.06404418574289239,x_negative,0.0,0.0,0.0,0.06404418574289239,0.0,0.0
5539,0.06532323819683471,x_negative,0.0,0.0,0.0,0.06532323819683471,0.0,0.0
5540,0.06644561833424188,x_negative,0.0,0.0,0.0,0.06644561833424188,0.0,0.0
5541,0.06778528023820238,x_negative,0.0,0.0,0.0,0.06778528023820238,0.0,0.0
5542,0.06789945107780851,x_negative,0.0,0.0,0.0,0.06789945107780851,0.0,0.0
5543,0.06926226699733935,x_negative,0.0,0.0,0.0,0.06926226699733935,0.0,0.0
5544,0.06813413664409505,x_negative,0.0,0.0,0.0,0.06813413664409505,0.0,0.0
5545,0.06950067382170136,x_negative,0.0,0.0,0.0,0.06950067382170136,0.0,0.0
5546,0.06710991147237,x_negative,0.0,0.0,0.0,0.06710991147237,0.0,0.0
5547,0.06845800872782601,x_negative,0.0,0.0,0.0,0.06845800872782601,0.0,0.0
5548,0.06484227968737731,x_negative,0.0,0.0,0.0,0.06484227968737731,0.0,0.0
5549,0.06613874911040588,x_negative,0.0,0.0,0.0,0.06613874911040588,0.0,0.0
5550,0.061359092929294465,x_negative,0.0,0.0,0.0,0.061359092929294465,0.0,0.0
5551,0.06259293100634584,x_negative,0.0,0.0,0.0,0.06259293100634584,0.0,0.0
5552,0.056758155059667505,x_negative,0.0,0.0,0.0,0.056758155059667505,0.0,0.0
5553,0.057894704273337046,x_negative,0.0,0.0,0.0,0.057894704273337046,0.0,0.0
5554,0.05116492620682025,x_negative,0.0,0.0,0.0,0.05116492620682025,0.0,0.0
5555,0.052192169656229435,x_negative,0.0,0.0,0.0,0.052192169656229435,0.0,0.0
5556,0.04472662322101317,x_negative,0.0,0.0,0.0,0.04472662322101317,0.0,0.0
5557,0.04562403758124992,x_negative,0.0,0.0,0.0,0.04562403758124992,0.0,0.0
5558,0.03759732224907607,x_negative,0.0,0.0,0.0,0.03759732224907607,0.0,0.0
5559,0.038352054523795955,x_negative,0.0,0.0,0.0,0.038352054523795955,0.0,0.0
5560,0.029915094415099173,x_negative,0.0,0.0,0.0,0.029915094415099173,0.0,0.0
5561,0.030516025860717288,x_negative,0.0,0.0,0.0,0.030516025860717288,0.0,0.0
5562,0.021796265381188326,x_negative,0.0,0.0,0.0,0.021796265381188326,0.0,0.0
5563,0.022233623439214523,x_negative,0.0,0.0,0.0,0.022233623439214523,0.0,0.0
5564,0.013340702909232614,x_negative,0.0,0.0,0.0,0.013340702909232614,0.0,0.0
5565,0.013607678119194704,x_negative,0.0,0.0,0.0,0.013607678119194704,0.0,0.0
5566,0.004504318237584456,x_negative,0.0,0.0,0.0,0.004504318237584456,0.0,0.0
5567,0.004591823537818168,x_negative,0.0,0.0,0.0,0.004591823537818168,0.0,0.0
5568,0.00457075676738384,x_positive,0.0,0.0,0.0,0.00457075676738384,0.0,0.0
5569,0.004672627535915423,x_positive,0.0,0.0,0.0,0.004672627535915423,0.0,0.0
5570,0.013499266408354008,x_positive,0.0,0.0,0.0,0.013499266408354008,0.0,0.0
5571,0.013788362878151758,x_positive,0.0,0.0,0.0,0.013788362878151758,0.0,0.0
5572,0.022017902688370027,x_positive,0.0,0.0,0.0,0.022017902688370027,0.0,0.0
5573,0.02248885751820689,x_positive,0.0,0.0,0.0,0.02248885751820689,0.0,0.0
5574,0.030238426766021256,x_positive,0.0,0.0,0.0,0.030238426766021256,0.0,0.0
5575,0.030885436106286582,x_positive,0.0,0.0,0.0,0.030885436106286582,0.0,0.0
5576,0.03798883712308249,x_positive,0.0,0.0,0.0,0.03798883712308249,0.0,0.0
5577,0.038799949725292604,x_positive,0.0,0.0,0.0,0.038799949725292604,0.0,0.0
5578,0.045095027438616216,x_positive,0.0,0.0,0.0,0.045095027438616216,0.0,0.0
5579,0.04605977648388175,x_positive,0.0,0.0,0.0,0.04605977648388175,0.0,0.0
5580,0.05140334249584574,x_positive,0.0,0.0,0.0,0.05140334249584574,0.0,0.0
5581,0.05249867683133099,x_positive,0.0,0.0,0.0,0.05249867683133099,0.0,0.0
5582,0.05672617726116493,x_positive,0.0,0.0,0.0,0.05672617726116493,0.0,0.0
5583,0.05794041140343168,x_positive,0.0,0.0,0.0,0.05794041140343168,0.0,0.0
5584,0.06088179540099466,x_positive,0.0,0.0,0.0,0.06088179540099466,0.0,0.0
5585,0.062192466878549006,x_positive,0.0,0.0,0.0,0.062192466878549006,0.0,0.0
5586,0.06405287791918758,x_positive,0.0,0.0,0.0,0.06405287791918758,0.0,0.0
5587,0.06543770692806063,x_positive,0.0,0.0,0.0,0.06543770692806063,0.0,0.0
5588,0.06596701027043833,x_positive,0.0,0.0,0.0,0.06596701027043833,0.0,0.0
5589,0.0673703265990866,x_positive,0.0,0.0,0.0,0.0673703265990866,0.0,0.0
5590,0.06670645654308588,x_positive,0.0,0.0,0.0,0.06670645654308588,0.0,0.0
5591,0.06813275381309035,x_positive,0.0,0.0,0.0,0.06813275381309035,0.0,0.0
5592,0.0663267513032903,x_positive,0.0,0.0,0.0,0.0663267513032903,0.0,0.0
5593,0.06774710069896499,x_positive,0.0,0.0,0.0,0.06774710069896499,0.0,0.0
5594,0.06498064407948287,x_positive,0.0,0.0,0.0,0.06498064407948287,0.0,0.0
5595,0.06636599309232563,x_positive,0.0,0.0,0.0,0.06636599309232563,0.0,0.0
5596,0.06280440730495854,x_positive,0.0,0.0,0.0,0.06280440730495854,0.0,0.0
5597,0.06415320323620984,x_positive,0.0,0.0,0.0,0.06415320323620984,0.0,0.0
5598,0.05984213121732165,x_positive,0.0,0.0,0.0,0.05984213121732165,0.0,0.0
5599,0.06112128950942194,x_positive,0.0,0.0,0.0,0.06112128950942194,0.0,0.0
5600,0.05597037553210505,x_positive,0.0,0.0,0.0,0.05597037553210505,0.0,0.0
5601,0.057168456611369205,x_positive,0.0,0.0,0.0,0.057168456611369205,0.0,0.0
5602,0.051261186590288915,x_positive,0.0,0.0,0.0,0.051261186590288915,0.0,0.0
5603,0.05235648670241107,x_positive,0.0,0.0,0.0,0.05235648670241107,0.0,0.0
5604,0.045790440714957435,x_positive,0.0,0.0,0.0,0.045790440714957435,0.0,0.0
5605,0.04677170461294851,x_positive,0.0,0.0,0.0,0.04677170461294851,0.0,0.0
5606,0.03964695325776231,x_positive,0.0,0.0,0.0,0.03964695325776231,0.0,0.0
5607,0.04049426057039281,x_positive,0.0,0.0,0.0,0.04049426057039281,0.0,0.0
5608,0.03299378798298948,x_positive,0.0,0.0,0.0,0.03299378798298948,0.0,0.0
5609,0.03370088303877155,x_positive,0.0,0.0,0.0,0.03370088303877155,0.0,0.0
5610,0.02596752874633313,x_positive,0.0,0.0,0.0,0.02596752874633313,0.0,0.0
5611,0.02652156236434599,x_positive,0.0,0.0,0.0,0.02652156236434599,0.0,0.0
5612,0.01903957376867637,y_negative,0.0,0.0,0.0,0.01903957376867637,0.0,0.0
5613,0.019447166606310493,y_negative,0.0,0.0,0.0,0.019447166606310493,0.0,0.0
5614,0.014307172584120852,y_negative,0.0,0.0,0.0,0.014307172584120852,0.0,0.0
5615,0.014611918986591017,y_negative,0.0,0.0,0.0,0.014611918986591017,0.0,0.0
5616,0.013959111718251831,y_negative,0.0,0.0,0.0,0.013959111718251831,0.0,0.0
5617,0.014253713244439373,y_negative,0.0,0.0,0.0,0.014253713244439373,0.0,0.0
5618,0.01647742275621152,x_negative,0.0,0.0,0.0,0.01647742275621152,0.0,0.0
5619,0.01683784494457369,x_negative,0.0,0.0,0.0,0.01683784494457369,0.0,0.0
5620,0.02301443650243,x_negative,0.0,0.0,0.0,0.02301443650243,0.0,0.0
5621,0.02350711376456879,x_negative,0.0,0.0,0.0,0.02350711376456879,0.0,0.0
5622,0.030312932207729123,x_negative,0.0,0.0,0.0,0.030312932207729123,0.0,0.0
5623,0.030960793992308448,x_negative,0.0,0.0,0.0,0.030960793992308448,0.0,0.0
5624,0.03743282053594594,x_negative,0.0,0.0,0.0,0.03743282053594594,0.0,0.0
5625,0.038235189151426124,x_negative,0.0,0.0,0.0,0.038235189151426124,0.0,0.0
5626,0.04406570509345924,x_negative,0.0,0.0,0.0,0.04406570509345924,0.0,0.0
5627,0.04500882761451845,x_negative,0.0,0.0,0.0,0.04500882761451845,0.0,0.0
5628,0.05001882718946568,x_negative,0.0,0.0,0.0,0.05001882718946568,0.0,0.0
5629,0.05108764839855747,x_negative,0.0,0.0,0.0,0.05108764839855747,0.0,0.0
5630,0.05516178080368202,x_negative,0.0,0.0,0.0,0.05516178080368202,0.0,0.0
5631,0.05634498034003956,x_negative,0.0,0.0,0.0,0.05634498034003956,0.0,0.0
5632,0.05941188698402601,x_negative,0.0,0.0,0.0,0.05941188698402601,0.0,0.0
5633,0.06067938321920754,x_negative,0.0,0.0,0.0,0.06067938321920754,0.0,0.0
5634,0.06270064132108251,x_negative,0.0,0.0,0.0,0.06270064132108251,0.0,0.0
5635,0.06404496775926287,x_negative,0.0,0.0,0.0,0.06404496775926287,0.0,0.0
5636,0.06505434514903449,x_negative,0.0,0.0,0.0,0.06505434514903449,0.0,0.0
5637,0.06644667856837319,x_negative,0.0,0.0,0.0,0.06644667856837319,0.0,0.0
5638,0.06647698677853663,x_negative,0.0,0.0,0.0,0.06647698677853663,0.0,0.0
5639,0.0679010839898606,x_negative,0.0,0.0,0.0,0.0679010839898606,0.0,0.0
5640,0.06670755091031161,x_negative,0.0,0.0,0.0,0.06670755091031161,0.0,0.0
5641,0.06813409860741572,x_negative,0.0,0.0,0.0,0.06813409860741572,0.0,0.0
5642,0.0657055727292407,x_negative,0.0,0.0,0.0,0.0657055727292407,0.0,0.0
5643,0.0671115069147153,x_negative,0.0,0.0,0.0,0.0671115069147153,0.0,0.0
5644,0.06348194374224475,x_negative,0.0,0.0,0.0,0.06348194374224475,0.0,0.0
5645,0.0648435902065327,x_negative,0.0,0.0,0.0,0.0648435902065327,0.0,0.0
5646,0.0600721987114502,x_negative,0.0,0.0,0.0,0.0600721987114502,0.0,0.0
5647,0.06135798274487136,x_negative,0.0,0.0,0.0,0.06135798274487136,0.0,0.0
5648,0.05556497119778936,x_negative,0.0,0.0,0.0,0.05556497119778936,0.0,0.0
5649,0.056757732928746744,x_negative,0.0,0.0,0.0,0.056757732928746744,0.0,0.0
5650,0.05009406920397593,x_negative,0.0,0.0,0.0,0.05009406920397593,0.0,0.0
5651,0.05116374937919156,x_negative,0.0,0.0,0.0,0.05116374937919156,0.0,0.0
5652,0.0437894960621982,x_negative,0.0,0.0,0.0,0.0437894960621982,0.0,0.0
5653,0.044726950865775335,x_negative,0.0,0.0,0.0,0.044726950865775335,0.0,0.0
5654,0.036810674436539896,x_negative,0.0,0.0,0.0,0.036810674436539896,0.0,0.0
5655,0.03759743147152668,x_negative,0.0,0.0,0.0,0.03759743147152668,0.0,0.0
5656,0.029289099259167794,x_negative,0.0,0.0,0.0,0.029289099259167794,0.0,0.0
5657,0.029915771523832155,x_negative,0.0,0.0,0.0,0.029915771523832155,0.0,0.0
5658,0.02134256574946635,x_negative,0.0,0.0,0.0,0.02134256574946635,0.0,0.0
5659,0.0217967353296292,x_negative,0.0,0.0,0.0,0.0217967353296292,0.0,0.0
5660,0.013060483598331118,x_negative,0.0,0.0,0.0,0.013060483598331118,0.0,0.0
5661,0.013341061108607086,x_negative,0.0,0.0,0.0,0.013341061108607086,0.0,0.0
5662,0.004405203737192189,x_negative,0.0,0.0,0.0,0.004405203737192189,0.0,0.0
5663,0.004504419503286815,x_negative,0.0,0.0,0.0,0.004504419503286815,0.0,0.0
5664,0.004464363121480938,x_positive,0.0,0.0,0.0,0.004464363121480938,0.0,0.0
5665,0.004571080072385302,x_positive,0.0,0.0,0.0,0.004571080072385302,0.0,0.0
5666,0.013180337907780369,x_positive,0.0,0.0,0.0,0.013180337907780369,0.0,0.0
5667,0.013500093522822075,x_positive,0.0,0.0,0.0,0.013500093522822075,0.0,0.0
5668,0.021495896471867126,x_positive,0.0,0.0,0.0,0.021495896471867126,0.0,0.0
5669,0.022018851865485096,x_positive,0.0,0.0,0.0,0.022018851865485096,0.0,0.0
5670,0.029522882118888302,x_positive,0.0,0.0,0.0,0.029522882118888302,0.0,0.0
5671,0.03024037716969863,x_positive,0.0,0.0,0.0,0.03024037716969863,0.0,0.0
5672,0.037087543156707835,x_positive,0.0,0.0,0.0,0.037087543156707835,0.0,0.0
5673,0.03799106734713192,x_positive,0.0,0.0,0.0,0.03799106734713192,0.0,0.0
5674,0.04402566866505207,x_positive,0.0,0.0,0.0,0.04402566866505207,0.0,0.0
5675,0.04509766511129171,x_positive,0.0,0.0,0.0,0.04509766511129171,0.0,0.0
5676,0.0501739175939824,x_positive,0.0,0.0,0.0,0.0501739175939824,0.0,0.0
5677,0.051406129020559695,x_positive,0.0,0.0,0.0,0.051406129020559695,0.0,0.0
5678,0.055380064198155464,x_positive,0.0,0.0,0.0,0.055380064198155464,0.0,0.0
5679,0.05672901695546888,x_positive,0.0,0.0,0.0,0.05672901695546888,0.0,0.0
5680,0.05951571268903323,x_positive,0.0,0.0,0.0,0.05951571268903323,0.0,0.0
5681,0.060886204586967654,x_positive,0.0,0.0,0.0,0.060886204586967654,0.0,0.0
5682,0.06254468705726059,x_positive,0.0,0.0,0.0,0.06254468705726059,0.0,0.0
5683,0.06405608945122437,x_positive,0.0,0.0,0.0,0.06405608945122437,0.0,0.0
5684,0.06439934591240326,x_positive,0.0,0.0,0.0,0.06439934591240326,0.0,0.0
5685,0.06596894953058827,x_positive,0.0,0.0,0.0,0.06596894953058827,0.0,0.0
5686,0.06512408606782719,x_positive,0.0,0.0,0.0,0.06512408606782719,0.0,0.0
5687,0.06670902435624,x_positive,0.0,0.0,0.0,0.06670902435624,0.0,0.0
5688,0.06475721093542972,x_positive,0.0,0.0,0.0,0.06475721093542972,0.0,0.0
5689,0.06632921250784918,x_positive,0.0,0.0,0.0,0.06632921250784918,0.0,0.0
5690,0.06342521988830349,x_positive,0.0,0.0,0.0,0.06342521988830349,0.0,0.0
5691,0.06498167190562096,x_positive,0.0,0.0,0.0,0.06498167190562096,0.0,0.0
5692,0.06134477685402714,x_positive,0.0,0.0,0.0,0.06134477685402714,0.0,0.0
5693,0.06280469037785659,x_positive,0.0,0.0,0.0,0.06280469037785659,0.0,0.0
5694,0.05842326613043798,x_positive,0.0,0.0,0.0,0.05842326613043798,0.0,0.0
5695,0.05984404493556407,x_positive,0.0,0.0,0.0,0.05984404493556407,0.0,0.0
5696,0.054649177839981355,x_positive,0.0,0.0,0.0,0.054649177839981355,0.0,0.0
5697,0.05597151398574514,x_positive,0.0,0.0,0.0,0.05597151398574514,0.0,0.0
5698,0.050051050137183944,x_positive,0.0,0.0,0.0,0.050051050137183944,0.0,0.0
5699,0.051262415070113,x_positive,0.0,0.0,0.0,0.051262415070113,0.0,0.0
5700,0.04470759678052167,x_positive,0.0,0.0,0.0,0.04470759678052167,0.0,0.0
5701,0.045792175833349255,x_positive,0.0,0.0,0.0,0.045792175833349255,0.0,0.0
5702,0.0387075298446795,x_positive,0.0,0.0,0.0,0.0387075298446795,0.0,0.0
5703,0.03964806069005492,x_positive,0.0,0.0,0.0,0.03964806069005492,0.0,0.0
5704,0.03221405909089241,x_positive,0.0,0.0,0.0,0.03221405909089241,0.0,0.0
5705,0.032995045226946115,x_positive,0.0,0.0,0.0,0.032995045226946115,0.0,0.0
5706,0.025352030674939526,x_positive,0.0,0.0,0.0,0.025352030674939526,0.0,0.0
5707,0.025968644931185145,x_positive,0.0,0.0,0.0,0.025968644931185145,0.0,0.0
5708,0.018589375680493705,y_negative,0.0,0.0,0.0,0.018589375680493705,0.0,0.0
5709,0.01904055956356722,y_negative,0.0,0.0,0.0,0.01904055956356722,0.0,0.0
5710,0.013963946420384357,y_negative,0.0,0.0,0.0,0.013963946420384357,0.0,0.0
5711,0.014308226798727695,y_negative,0.0,0.0,0.0,0.014308226798727695,0.0,0.0
5712,0.013608295983596964,y_negative,0.0,0.0,0.0,0.013608295983596964,0.0,0.0
5713,0.013959543785841794,y_negative,0.0,0.0,0.0,0.013959543785841794,0.0,0.0
5714,0.016117377344247688,x_negative,0.0,0.0,0.0,0.016117377344247688,0.0,0.0
5715,0.016477312581526127,x_negative,0.0,0.0,0.0,0.016477312581526127,0.0,0.0
5716,0.022467684240327915,x_negative,0.0,0.0,0.0,0.022467684240327915,0.0,0.0
5717,0.023014050786249126,x_negative,0.0,0.0,0.0,0.023014050786249126,0.0,0.0
5718,0.029595517289200825,x_negative,0.0,0.0,0.0,0.029595517289200825,0.0,0.0
5719,0.03031288562607888,x_negative,0.0,0.0,0.0,0.03031288562607888,0.0,0.0
5720,0.036544388014536494,x_negative,0.0,0.0,0.0,0.036544388014536494,0.0,0.0
5721,0.03743232120459947,x_negative,0.0,0.0,0.0,0.03743232120459947,0.0,0.0
5722,0.04302192082692339,x_negative,0.0,0.0,0.0,0.04302192082692339,0.0,0.0
5723,0.04406640579399062,x_negative,0.0,0.0,0.0,0.04406640579399062,0.0,0.0
5724,0.048836164667680856,x_negative,0.0,0.0,0.0,0.048836164667680856,0.0,0.0
5725,0.05001862264308819,x_negative,0.0,0.0,0.0,0.05001862264308819,0.0,0.0
5726,0.05385585463000713,x_negative,0.0,0.0,0.0,0.05385585463000713,0.0,0.0
5727,0.055162245167110296,x_negative,0.0,0.0,0.0,0.055162245167110296,0.0,0.0
5728,0.05800268795082402,x_negative,0.0,0.0,0.0,0.05800268795082402,0.0,0.0
5729,0.05941101079520259,x_negative,0.0,0.0,0.0,0.05941101079520259,0.0,0.0
5730,0.06121539480195407,x_negative,0.0,0.0,0.0,0.06121539480195407,0.0,0.0
5731,0.06270145677958248,x_negative,0.0,0.0,0.0,0.06270145677958248,0.0,0.0
5732,0.06351596440825634,x_negative,0.0,0.0,0.0,0.06351596440825634,0.0,0.0
5733,0.0650544244802385,x_negative,0.0,0.0,0.0,0.0650544244802385,0.0,0.0
5734,0.064904749377808,x_negative,0.0,0.0,0.0,0.064904749377808,0.0,0.0
5735,0.06647630966418198,x_negative,0.0,0.0,0.0,0.06647630966418198,0.0,0.0
5736,0.06512358662407713,x_negative,0.0,0.0,0.0,0.06512358662407713,0.0,0.0
5737,0.06670830811830712,x_negative,0.0,0.0,0.0,0.06670830811830712,0.0,0.0
5738,0.06415071358016211,x_negative,0.0,0.0,0.0,0.06415071358016211,0.0,0.0
5739,0.06570394223194742,x_negative,0.0,0.0,0.0,0.06570394223194742,0.0,0.0
5740,0.06197523296653423,x_negative,0.0,0.0,0.0,0.06197523296653423,0.0,0.0
5741,0.06348227582351858,x_negative,0.0,0.0,0.0,0.06348227582351858,0.0,0.0
5742,0.05865088723541772,x_negative,0.0,0.0,0.0,0.05865088723541772,0.0,0.0
5743,0.060073234074601675,x_negative,0.0,0.0,0.0,0.060073234074601675,0.0,0.0
5744,0.054254789522177424,x_negative,0.0,0.0,0.0,0.054254789522177424,0.0,0.0
5745,0.05556737648906588,x_negative,0.0,0.0,0.0,0.05556737648906588,0.0,0.0
5746,0.0489066597603098,x_negative,0.0,0.0,0.0,0.0489066597603098,0.0,0.0
5747,0.05009601228032824,x_negative,0.0,0.0,0.0,0.05009601228032824,0.0,0.0
5748,0.04274954636467307,x_negative,0.0,0.0,0.0,0.04274954636467307,0.0,0.0
5749,0.04378968984345656,x_negative,0.0,0.0,0.0,0.04378968984345656,0.0,0.0
5750,0.03594207837370786,x_negative,0.0,0.0,0.0,0.03594207837370786,0.0,0.0
5751,0.03681079069568261,x_negative,0.0,0.0,0.0,0.03681079069568261,0.0,0.0
5752,0.02859558023567774,x_negative,0.0,0.0,0.0,0.02859558023567774,0.0,0.0
5753,0.02928908488685439,x_negative,0.0,0.0,0.0,0.02928908488685439,0.0,0.0
5754,0.02083499778658962,x_negative,0.0,0.0,0.0,0.02083499778658962,0.0,0.0
5755,0.021343110042247714,x_negative,0.0,0.0,0.0,0.021343110042247714,0.0,0.0
5756,0.012752113705186311,x_negative,0.0,0.0,0.0,0.012752113705186311,0.0,0.0
5757,0.013060911043983653,x_negative,0.0,0.0,0.0,0.013060911043983653,0.0,0.0
5758,0.004303849665734534,x_negative,0.0,0.0,0.0,0.004303849665734534,0.0,0.0
5759,0.004405387187919918,x_negative,0.0,0.0,0.0,0.004405387187919918,0.0,0.0
5760,0.0035022794333616175,x_positive,0.0,0.0,0.0,0.0035022794333616175,0.0,0.0
5761,0.0035712152567365625,x_positive,0.0,0.0,0.0,0.0035712152567365625,0.0,0.0
5762,0.010339215513969905,x_positive,0.0,0.0,0.0,0.010339215513969905,0.0,0.0
5763,0.010543808482947375,x_positive,0.0,0.0,0.0,0.010543808482947375,0.0,0.0
5764,0.016861731624489035,x_positive,0.0,0.0,0.0,0.016861731624489035,0.0,0.0
5765,0.0171957035422181,x_positive,0.0,0.0,0.0,0.0171957035422181,0.0,0.0
5766,0.023140608974076413,x_positive,0.0,0.0,0.0,0.023140608974076413,0.0,0.0
5767,0.02361639359862855,x_positive,0.0,0.0,0.0,0.02361639359862855,0.0,0.0
5768,0.029051470817628256,x_positive,0.0,0.0,0.0,0.029051470817628256,0.0,0.0
5769,0.029668379255948653,x_positive,0.0,0.0,0.0,0.029668379255948653,0.0,0.0
5770,0.03448610176647894,x_positive,0.0,0.0,0.0,0.03448610176647894,0.0,0.0
5771,0.03521826581964607,x_positive,0.0,0.0,0.0,0.03521826581964607,0.0,0.0
5772,0.039298937733561884,x_positive,0.0,0.0,0.0,0.039298937733561884,0.0,0.0
5773,0.040137594946838405,x_positive,0.0,0.0,0.0,0.040137594946838405,0.0,0.0
5774,0.043393155050115796,x_positive,0.0,0.0,0.0,0.043393155050115796,0.0,0.0
5775,0.04430332642443596,x_positive,0.0,0.0,0.0,0.04430332642443596,0.0,0.0
5776,0.04670893346245989,x_positive,0.0,0.0,0.0,0.04670893346245989,0.0,0.0
5777,0.04761233640922339,x_positive,0.0,0.0,0.0,0.04761233640922339,0.0,0.0
5778,0.04903795270660115,x_positive,0.0,0.0,0.0,0.04903795270660115,0.0,0.0
5779,0.05003550193658887,x_positive,0.0,0.0,0.0,0.05003550193658887,0.0,0.0
5780,0.05047678896501158,x_positive,0.0,0.0,0.0,0.05047678896501158,0.0,0.0
5781,0.05151826750280379,x_positive,0.0,0.0,0.0,0.05151826750280379,0.0,0.0
5782,0.05105164446967842,x_positive,0.0,0.0,0.0,0.05105164446967842,0.0,0.0
5783,0.05209935678511642,x_positive,0.0,0.0,0.0,0.05209935678511642,0.0,0.0
5784,0.050764292725303486,x_positive,0.0,0.0,0.0,0.050764292725303486,0.0,0.0
5785,0.05180599577591289,x_positive,0.0,0.0,0.0,0.05180599577591289,0.0,0.0
5786,0.049732432391454265,x_positive,0.0,0.0,0.0,0.049732432391454265,0.0,0.0
5787,0.05074035746321063,x_positive,0.0,0.0,0.0,0.05074035746321063,0.0,0.0
5788,0.04807464888166955,x_positive,0.0,0.0,0.0,0.04807464888166955,0.0,0.0
5789,0.04907558693909315,x_positive,0.0,0.0,0.0,0.04907558693909315,0.0,0.0
5790,0.04579934060612164,x_positive,0.0,0.0,0.0,0.04579934060612164,0.0,0.0
5791,0.04673734149967734,x_positive,0.0,0.0,0.0,0.04673734149967734,0.0,0.0
5792,0.042839590443129766,x_positive,0.0,0.0,0.0,0.042839590443129766,0.0,0.0
5793,0.043719534981824695,x_positive,0.0,0.0,0.0,0.043719534981824695,0.0,0.0
5794,0.03923483745686712,x_positive,0.0,0.0,0.0,0.03923483745686712,0.0,0.0
5795,0.040040715199248796,x_positive,0.0,0.0,0.0,0.040040715199248796,0.0,0.0
5796,0.03504880043478,x_positive,0.0,0.0,0.0,0.03504880043478,0.0,0.0
5797,0.0357659019462884,x_positive,0.0,0.0,0.0,0.0357659019462884,0.0,0.0
5798,0.030344959439166645,x_positive,0.0,0.0,0.0,0.030344959439166645,0.0,0.0
5799,0.030966273477303408,x_positive,0.0,0.0,0.0,0.030966273477303408,0.0,0.0
5800,0.025252905585778328,x_positive,0.0,0.0,0.0,0.025252905585778328,0.0,0.0
5801,0.025771073749118346,x_positive,0.0,0.0,0.0,0.025771073749118346,0.0,0.0
5802,0.01987245384867976,x_positive,0.0,0.0,0.0,0.01987245384867976,0.0,0.0
5803,0.020281777769905078,x_positive,0.0,0.0,0.0,0.020281777769905078,0.0,0.0
5804,0.014572933855952907,y_negative,0.0,0.0,0.0,0.014572933855952907,0.0,0.0
5805,0.01487145511853092,y_negative,0.0,0.0,0.0,0.01487145511853092,0.0,0.0
5806,0.010957106852259115,y_negative,0.0,0.0,0.0,0.010957106852259115,0.0,0.0
5807,0.011171070951024676,y_negative,0.0,0.0,0.0,0.011171070951024676,0.0,0.0
5808,0.010623718170675119,y_negative,0.0,0.0,0.0,0.010623718170675119,0.0,0.0
5809,0.010886171291364658,y_negative,0.0,0.0,0.0,0.010886171291364658,0.0,0.0
5810,0.012660123972307894,x_negative,0.0,0.0,0.0,0.012660123972307894,0.0,0.0
5811,0.01289332690404248,x_negative,0.0,0.0,0.0,0.01289332690404248,0.0,0.0
5812,0.017609905018119505,x_negative,0.0,0.0,0.0,0.017609905018119505,0.0,0.0
5813,0.017973477607378115,x_negative,0.0,0.0,0.0,0.017973477607378115,0.0,0.0
5814,0.023198542148657977,x_negative,0.0,0.0,0.0,0.023198542148657977,0.0,0.0
5815,0.023674979428369027,x_negative,0.0,0.0,0.0,0.023674979428369027,0.0,0.0
5816,0.02864510751936228,x_negative,0.0,0.0,0.0,0.02864510751936228,0.0,0.0
5817,0.029233865835012137,x_negative,0.0,0.0,0.0,0.029233865835012137,0.0,0.0
5818,0.03372379756003885,x_negative,0.0,0.0,0.0,0.03372379756003885,0.0,0.0
5819,0.0344148353059362,x_negative,0.0,0.0,0.0,0.0344148353059362,0.0,0.0
5820,0.038279341252288004,x_negative,0.0,0.0,0.0,0.038279341252288004,0.0,0.0
5821,0.03906609996680687,x_negative,0.0,0.0,0.0,0.03906609996680687,0.0,0.0
5822,0.04221498404527618,x_negative,0.0,0.0,0.0,0.04221498404527618,0.0,0.0
5823,0.04308202872611937,x_negative,0.0,0.0,0.0,0.04308202872611937,0.0,0.0
5824,0.04546510618430038,x_negative,0.0,0.0,0.0,0.04546510618430038,0.0,0.0
5825,0.04639919761534027,x_negative,0.0,0.0,0.0,0.04639919761534027,0.0,0.0
5826,0.04798205947559817,x_negative,0.0,0.0,0.0,0.04798205947559817,0.0,0.0
5827,0.04896719133658092,x_negative,0.0,0.0,0.0,0.04896719133658092,0.0,0.0
5828,0.04978834086470849,x_negative,0.0,0.0,0.0,0.04978834086470849,0.0,0.0
5829,0.050809044141723256,x_negative,0.0,0.0,0.0,0.050809044141723256,0.0,0.0
5830,0.05087438433081641,x_negative,0.0,0.0,0.0,0.05087438433081641,0.0,0.0
5831,0.051919409982266546,x_negative,0.0,0.0,0.0,0.051919409982266546,0.0,0.0
5832,0.05104808879922026,x_negative,0.0,0.0,0.0,0.05104808879922026,0.0,0.0
5833,0.05209616704180702,x_negative,0.0,0.0,0.0,0.05209616704180702,0.0,0.0
5834,0.050286574484486195,x_negative,0.0,0.0,0.0,0.050286574484486195,0.0,0.0
5835,0.05131723229188387,x_negative,0.0,0.0,0.0,0.05131723229188387,0.0,0.0
5836,0.04858234522446353,x_negative,0.0,0.0,0.0,0.04858234522446353,0.0,0.0
5837,0.04957757598332669,x_negative,0.0,0.0,0.0,0.04957757598332669,0.0,0.0
5838,0.04597449893207418,x_negative,0.0,0.0,0.0,0.04597449893207418,0.0,0.0
5839,0.04691729977572132,x_negative,0.0,0.0,0.0,0.04691729977572132,0.0,0.0
5840,0.04252875639875155,x_negative,0.0,0.0,0.0,0.04252875639875155,0.0,0.0
5841,0.043399610639638146,x_negative,0.0,0.0,0.0,0.043399610639638146,0.0,0.0
5842,0.038336133262377135,x_negative,0.0,0.0,0.0,0.038336133262377135,0.0,0.0
5843,0.0391226106017748,x_negative,0.0,0.0,0.0,0.0391226106017748,0.0,0.0
5844,0.03351414875329044,x_negative,0.0,0.0,0.0,0.03351414875329044,0.0,0.0
5845,0.034198008865342126,x_negative,0.0,0.0,0.0,0.034198008865342126,0.0,0.0
5846,0.02817103949222194,x_negative,0.0,0.0,0.0,0.02817103949222194,0.0,0.0
5847,0.028751699440129473,x_negative,0.0,0.0,0.0,0.028751699440129473,0.0,0.0
5848,0.022413329021041012,x_negative,0.0,0.0,0.0,0.022413329021041012,0.0,0.0
5849,0.02287498603870045,x_negative,0.0,0.0,0.0,0.02287498603870045,0.0,0.0
5850,0.01633283566586862,x_negative,0.0,0.0,0.0,0.01633283566586862,0.0,0.0
5851,0.01666641282136707,x_negative,0.0,0.0,0.0,0.01666641282136707,0.0,0.0
5852,0.00999596866282198,x_negative,0.0,0.0,0.0,0.00999596866282198,0.0,0.0
5853,0.01020082369952677,x_negative,0.0,0.0,0.0,0.01020082369952677,0.0,0.0
5854,0.0033766032120981977,x_negative,0.0,0.0,0.0,0.0033766032120981977,0.0,0.0
5855,0.00344284524933769,x_negative,0.0,0.0,0.0,0.00344284524933769,0.0,0.0
5856,0.003432264132734228,x_positive,0.0,0.0,0.0,0.003432264132734228,0.0,0.0
5857,0.0035024294735380612,x_positive,0.0,0.0,0.0,0.0035024294735380612,0.0,0.0
5858,0.01012886314781473,x_positive,0.0,0.0,0.0,0.01012886314781473,0.0,0.0
5859,0.01033923070739617,x_positive,0.0,0.0,0.0,0.01033923070739617,0.0,0.0
5860,0.016519112267285387,x_positive,0.0,0.0,0.0,0.016519112267285387,0.0,0.0
5861,0.016862188445682966,x_positive,0.0,0.0,0.0,0.016862188445682966,0.0,0.0
5862,0.022647443136612197,x_positive,0.0,0.0,0.0,0.022647443136612197,0.0,0.0
5863,0.023140901262151674,x_positive,0.0,0.0,0.0,0.023140901262151674,0.0,0.0
5864,0.028402372341303057,x_positive,0.0,0.0,0.0,0.028402372341303057,0.0,0.0
5865,0.029051467328343603,x_positive,0.0,0.0,0.0,0.029051467328343603,0.0,0.0
5866,0.03371430118104325,x_positive,0.0,0.0,0.0,0.03371430118104325,0.0,0.0
5867,0.034486278644445895,x_positive,0.0,0.0,0.0,0.034486278644445895,0.0,0.0
5868,0.03841978332827206,x_positive,0.0,0.0,0.0,0.03841978332827206,0.0,0.0
5869,0.039298566282231204,x_positive,0.0,0.0,0.0,0.039298566282231204,0.0,0.0
5870,0.04244315988787948,x_positive,0.0,0.0,0.0,0.04244315988787948,0.0,0.0
5871,0.04339365792244475,x_positive,0.0,0.0,0.0,0.04339365792244475,0.0,0.0
5872,0.045712356872485364,x_positive,0.0,0.0,0.0,0.045712356872485364,0.0,0.0
5873,0.04671106233003463,x_positive,0.0,0.0,0.0,0.04671106233003463,0.0,0.0
5874,0.04799588891193864,x_positive,0.0,0.0,0.0,0.04799588891193864,0.0,0.0
5875,0.04903984458402138,x_positive,0.0,0.0,0.0,0.04903984458402138,0.0,0.0
5876,0.04939993848788718,x_positive,0.0,0.0,0.0,0.04939993848788718,0.0,0.0
5877,0.050479192004191764,x_positive,0.0,0.0,0.0,0.050479192004191764,0.0,0.0
5878,0.049959645413055066,x_positive,0.0,0.0,0.0,0.049959645413055066,0.0,0.0
5879,0.05105281234626999,x_positive,0.0,0.0,0.0,0.05105281234626999,0.0,0.0
5880,0.04968026595316656,x_positive,0.0,0.0,0.0,0.04968026595316656,0.0,0.0
5881,0.05076528500019644,x_positive,0.0,0.0,0.0,0.05076528500019644,0.0,0.0
5882,0.04870667588362709,x_positive,0.0,0.0,0.0,0.04870667588362709,0.0,0.0
5883,0.04973337742507971,x_positive,0.0,0.0,0.0,0.04973337742507971,0.0,0.0
5884,0.04700659534837522,x_positive,0.0,0.0,0.0,0.04700659534837522,0.0,0.0
5885,0.04807780852790951,x_positive,0.0,0.0,0.0,0.04807780852790951,0.0,0.0
5886,0.04481917857919682,x_positive,0.0,0.0,0.0,0.04481917857919682,0.0,0.0
5887,0.04580107702613818,x_positive,0.0,0.0,0.0,0.04580107702613818,0.0,0.0
5888,0.041922690835746186,x_positive,0.0,0.0,0.0,0.041922690835746186,0.0,0.0
5889,0.04283944213342082,x_positive,0.0,0.0,0.0,0.04283944213342082,0.0,0.0
5890,0.0383947676743035,x_positive,0.0,0.0,0.0,0.0383947676743035,0.0,0.0
5891,0.03923620516571683,x_positive,0.0,0.0,0.0,0.03923620516571683,0.0,0.0
5892,0.03429800103183308,x_positive,0.0,0.0,0.0,0.03429800103183308,0.0,0.0
5893,0.03504921905770557,x_positive,0.0,0.0,0.0,0.03504921905770557,0.0,0.0
5894,0.029695724304876065,x_positive,0.0,0.0,0.0,0.029695724304876065,0.0,0.0
5895,0.030346054522745414,x_positive,0.0,0.0,0.0,0.030346054522745414,0.0,0.0
5896,0.024712742363610138,x_positive,0.0,0.0,0.0,0.024712742363610138,0.0,0.0
5897,0.025253884735141428,x_positive,0.0,0.0,0.0,0.025253884735141428,0.0,0.0
5898,0.019450958789953725,x_positive,0.0,0.0,0.0,0.019450958789953725,0.0,0.0
5899,0.019872770409066723,x_positive,0.0,0.0,0.0,0.019872770409066723,0.0,0.0
5900,0.014263346112349572,y_negative,0.0,0.0,0.0,0.014263346112349572,0.0,0.0
5901,0.014573341788262138,y_negative,0.0,0.0,0.0,0.014573341788262138,0.0,0.0
5902,0.010749395208020445,y_negative,0.0,0.0,0.0,0.010749395208020445,0.0,0.0
5903,0.010957364260261351,y_negative,0.0,0.0,0.0,0.010957364260261351,0.0,0.0
5904,0.010345012539718658,y_negative,0.0,0.0,0.0,0.010345012539718658,0.0,0.0
5905,0.010623643723304587,y_negative,0.0,0.0,0.0,0.010623643723304587,0.0,0.0
5906,0.012394583794340039,x_negative,0.0,0.0,0.0,0.012394583794340039,0.0,0.0
5907,0.012659519051839322,x_negative,0.0,0.0,0.0,0.012659519051839322,0.0,0.0
5908,0.01723246495547019,x_negative,0.0,0.0,0.0,0.01723246495547019,0.0,0.0
5909,0.017609591421471695,x_negative,0.0,0.0,0.0,0.017609591421471695,0.0,0.0
5910,0.022701568447880065,x_negative,0.0,0.0,0.0,0.022701568447880065,0.0,0.0
5911,0.023198730222455444,x_negative,0.0,0.0,0.0,0.023198730222455444,0.0,0.0
5912,0.028034273264768417,x_negative,0.0,0.0,0.0,0.028034273264768417,0.0,0.0
5913,0.02864581981289774,x_negative,0.0,0.0,0.0,0.02864581981289774,0.0,0.0
5914,0.03300041789418126,x_negative,0.0,0.0,0.0,0.03300041789418126,0.0,0.0
5915,0.033724795733541965,x_negative,0.0,0.0,0.0,0.033724795733541965,0.0,0.0
5916,0.03745660715707737,x_negative,0.0,0.0,0.0,0.03745660715707737,0.0,0.0
5917,0.03827981833623541,x_negative,0.0,0.0,0.0,0.03827981833623541,0.0,0.0
5918,0.04131232282178642,x_negative,0.0,0.0,0.0,0.04131232282178642,0.0,0.0
5919,0.04221414594931961,x_negative,0.0,0.0,0.0,0.04221414594931961,0.0,0.0
5920,0.04449110305601161,x_negative,0.0,0.0,0.0,0.04449110305601161,0.0,0.0
5921,0.04546657045789387,x_negative,0.0,0.0,0.0,0.04546657045789387,0.0,0.0
5922,0.04696129946121201,x_negative,0.0,0.0,0.0,0.04696129946121201,0.0,0.0
5923,0.04798345458205211,x_negative,0.0,0.0,0.0,0.04798345458205211,0.0,0.0
5924,0.048715508320343666,x_negative,0.0,0.0,0.0,0.048715508320343666,0.0,0.0
5925,0.04978918445328542,x_negative,0.0,0.0,0.0,0.04978918445328542,0.0,0.0
5926,0.049782917231434354,x_negative,0.0,0.0,0.0,0.049782917231434354,0.0,0.0
5927,0.05087489411066101,x_negative,0.0,0.0,0.0,0.05087489411066101,0.0,0.0
5928,0.049957621537543996,x_negative,0.0,0.0,0.0,0.049957621537543996,0.0,0.0
5929,0.05104792970865711,x_negative,0.0,0.0,0.0,0.05104792970865711,0.0,0.0
5930,0.04920859944368303,x_negative,0.0,0.0,0.0,0.04920859944368303,0.0,0.0
5931,0.05028648826866088,x_negative,0.0,0.0,0.0,0.05028648826866088,0.0,0.0
5932,0.047544965483766195,x_negative,0.0,0.0,0.0,0.047544965483766195,0.0,0.0
5933,0.048581559256121835,x_negative,0.0,0.0,0.0,0.048581559256121835,0.0,0.0
5934,0.0449937730747218,x_negative,0.0,0.0,0.0,0.0449937730747218,0.0,0.0
5935,0.04597409337776071,x_negative,0.0,0.0,0.0,0.04597409337776071,0.0,0.0
5936,0.04162093024656373,x_negative,0.0,0.0,0.0,0.04162093024656373,0.0,0.0
5937,0.04252871339260276,x_negative,0.0,0.0,0.0,0.04252871339260276,0.0,0.0
5938,0.03752198563499243,x_negative,0.0,0.0,0.0,0.03752198563499243,0.0,0.0
5939,0.03833556363777234,x_negative,0.0,0.0,0.0,0.03833556363777234,0.0,0.0
5940,0.03279630530700064,x_negative,0.0,0.0,0.0,0.03279630530700064,0.0,0.0
5941,0.03351399037276223,x_negative,0.0,0.0,0.0,0.03351399037276223,0.0,0.0
5942,0.027568755728193735,x_negative,0.0,0.0,0.0,0.027568755728193735,0.0,0.0
5943,0.028171057215140773,x_negative,0.0,0.0,0.0,0.028171057215140773,0.0,0.0
5944,0.02193440593679205,x_negative,0.0,0.0,0.0,0.02193440593679205,0.0,0.0
5945,0.022414003772013007,x_negative,0.0,0.0,0.0,0.022414003772013007,0.0,0.0
5946,0.01598447480466842,x_negative,0.0,0.0,0.0,0.01598447480466842,0.0,0.0
5947,0.01633347565748648,x_negative,0.0,0.0,0.0,0.01633347565748648,0.0,0.0
5948,0.009784373678707988,x_negative,0.0,0.0,0.0,0.009784373678707988,0.0,0.0
5949,0.009996313447313524,x_negative,0.0,0.0,0.0,0.009996313447313524,0.0,0.0
5950,0.0033051065313046027,x_negative,0.0,0.0,0.0,0.0033051065313046027,0.0,0.0
5951,0.0033766561088402476,x_negative,0.0,0.0,0.0,0.0033766561088402476,0.0,0.0
5952,0.00334216154555986,x_positive,0.0,0.0,0.0,0.00334216154555986,0.0,0.0
5953,0.003432735440977136,x_positive,0.0,0.0,0.0,0.003432735440977136,0.0,0.0
5954,0.00986932851252746,x_positive,0.0,0.0,0.0,0.00986932851252746,0.0,0.0
5955,0.010130240521003144,x_positive,0.0,0.0,0.0,0.010130240521003144,0.0,0.0
5956,0.016097197255581806,x_positive,0.0,0.0,0.0,0.016097197255581806,0.0,0.0
5957,0.016521098067086643,x_positive,0.0,0.0,0.0,0.016521098067086643,0.0,0.0
5958,0.02205868810328421,x_positive,0.0,0.0,0.0,0.02205868810328421,0.0,0.0
5959,0.02265005615166135,x_positive,0.0,0.0,0.0,0.02265005615166135,0.0,0.0
5960,0.027660844057993263,x_positive,0.0,0.0,0.0,0.027660844057993263,0.0,0.0
5961,0.02840487106051265,x_positive,0.0,0.0,0.0,0.02840487106051265,0.0,0.0
5962,0.0328331892847364,x_positive,0.0,0.0,0.0,0.0328331892847364,0.0,0.0
5963,0.03371643219891255,x_positive,0.0,0.0,0.0,0.03371643219891255,0.0,0.0
5964,0.03741877652345235,x_positive,0.0,0.0,0.0,0.03741877652345235,0.0,0.0
5965,0.03842249341447467,x_positive,0.0,0.0,0.0,0.03842249341447467,0.0,0.0
5966,0.04133578346108377,x_positive,0.0,0.0,0.0,0.04133578346108377,0.0,0.0
5967,0.04244533420697471,x_positive,0.0,0.0,0.0,0.04244533420697471,0.0,0.0
5968,0.044501644540056784,x_positive,0.0,0.0,0.0,0.044501644540056784,0.0,0.0
5969,0.04571512931920564,x_positive,0.0,0.0,0.0,0.04571512931920564,0.0,0.0
5970,0.04674627861049548,x_positive,0.0,0.0,0.0,0.04674627861049548,0.0,0.0
5971,0.04799802310315274,x_positive,0.0,0.0,0.0,0.04799802310315274,0.0,0.0
5972,0.04812097635263105,x_positive,0.0,0.0,0.0,0.04812097635263105,0.0,0.0
5973,0.049402760124819194,x_positive,0.0,0.0,0.0,0.049402760124819194,0.0,0.0
5974,0.048665640510162436,x_positive,0.0,0.0,0.0,0.048665640510162436,0.0,0.0
5975,0.049962674646118824,x_positive,0.0,0.0,0.0,0.049962674646118824,0.0,0.0
5976,0.04838929698527522,x_positive,0.0,0.0,0.0,0.04838929698527522,0.0,0.0
5977,0.04968338661014951,x_positive,0.0,0.0,0.0,0.04968338661014951,0.0,0.0
5978,0.04745595809851243,x_positive,0.0,0.0,0.0,0.04745595809851243,0.0,0.0
5979,0.048708627298036496,x_positive,0.0,0.0,0.0,0.048708627298036496,0.0,0.0
5980,0.04576304066207895,x_positive,0.0,0.0,0.0,0.04576304066207895,0.0,0.0
5981,0.047008591487628135,x_positive,0.0,0.0,0.0,0.047008591487628135,0.0,0.0
5982,0.043659292251519696,x_positive,0.0,0.0,0.0,0.043659292251519696,0.0,0.0
5983,0.04482198924718057,x_positive,0.0,0.0,0.0,0.04482198924718057,0.0,0.0
5984,0.040830155260651244,x_positive,0.0,0.0,0.0,0.040830155260651244,0.0,0.0
5985,0.041925622669155074,x_positive,0.0,0.0,0.0,0.041925622669155074,0.0,0.0
5986,0.03739880856612716,x_positive,0.0,0.0,0.0,0.03739880856612716,0.0,0.0
5987,0.038396406256756825,x_positive,0.0,0.0,0.0,0.038396406256756825,0.0,0.0
5988,0.03340740498948463,x_positive,0.0,0.0,0.0,0.03340740498948463,0.0,0.0
5989,0.034300752945144244,x_positive,0.0,0.0,0.0,0.034300752945144244,0.0,0.0
5990,0.028924893552766666,x_positive,0.0,0.0,0.0,0.028924893552766666,0.0,0.0
5991,0.02969787555968152,x_positive,0.0,0.0,0.0,0.02969787555968152,0.0,0.0
5992,0.024072561883538353,x_positive,0.0,0.0,0.0,0.024072561883538353,0.0,0.0
5993,0.024715598522912663,x_positive,0.0,0.0,0.0,0.024715598522912663,0.0,0.0
5994,0.01894704812478232,x_positive,0.0,0.0,0.0,0.01894704812478232,0.0,0.0
5995,0.01945345173974391,x_positive,0.0,0.0,0.0,0.01945345173974391,0.0,0.0
5996,0.013894757239268106,y_negative,0.0,0.0,0.0,0.013894757239268106,0.0,0.0
5997,0.014265638064225173,y_negative,0.0,0.0,0.0,0.014265638064225173,0.0,0.0
5998,0.010480686945871785,y_negative,0.0,0.0,0.0,0.010480686945871785,0.0,0.0
5999,0.010751244956211868,y_negative,0.0,0.0,0.0,0.010751244956211868,0.0,0.0
6000,0.010072465837428081,y_negative,0.0,0.0,0.0,0.010072465837428081,0.0,0.0
6001,0.010346256327067836,y_negative,0.0,0.0,0.0,0.010346256327067836,0.0,0.0
6002,0.012060890504891819,x_negative,0.0,0.0,0.0,0.012060890504891819,0.0,0.0
6003,0.01239482786007866,x_negative,0.0,0.0,0.0,0.01239482786007866,0.0,0.0
6004,0.016784765307289642,x_negative,0.0,0.0,0.0,0.016784765307289642,0.0,0.0
6005,0.017231737611034165,x_negative,0.0,0.0,0.0,0.017231737611034165,0.0,0.0
6006,0.022109685435406163,x_negative,0.0,0.0,0.0,0.022109685435406163,0.0,0.0
6007,0.022700378267538204,x_negative,0.0,0.0,0.0,0.022700378267538204,0.0,0.0
6008,0.02730266293430452,x_negative,0.0,0.0,0.0,0.02730266293430452,0.0,0.0
6009,0.028032987145606134,x_negative,0.0,0.0,0.0,0.028032987145606134,0.0,0.0
6010,0.03213862521948977,x_negative,0.0,0.0,0.0,0.03213862521948977,0.0,0.0
6011,0.0329991610350923,x_negative,0.0,0.0,0.0,0.0329991610350923,0.0,0.0
6012,0.03648373076583252,x_negative,0.0,0.0,0.0,0.03648373076583252,0.0,0.0
6013,0.03745648792664822,x_negative,0.0,0.0,0.0,0.03745648792664822,0.0,0.0
6014,0.040232362114565955,x_negative,0.0,0.0,0.0,0.040232362114565955,0.0,0.0
6015,0.04131251579301659,x_negative,0.0,0.0,0.0,0.04131251579301659,0.0,0.0
6016,0.04333261543367936,x_negative,0.0,0.0,0.0,0.04333261543367936,0.0,0.0
6017,0.0444902885098857,x_negative,0.0,0.0,0.0,0.0444902885098857,0.0,0.0
6018,0.04574013714531556,x_negative,0.0,0.0,0.0,0.04574013714531556,0.0,0.0
6019,0.04696119110090211,x_negative,0.0,0.0,0.0,0.04696119110090211,0.0,0.0
6020,0.04744135439420122,x_negative,0.0,0.0,0.0,0.04744135439420122,0.0,0.0
6021,0.04871432645324567,x_negative,0.0,0.0,0.0,0.04871432645324567,0.0,0.0
6022,0.048487532505720216,x_negative,0.0,0.0,0.0,0.048487532505720216,0.0,0.0
6023,0.04978339268848218,x_negative,0.0,0.0,0.0,0.04978339268848218,0.0,0.0
6024,0.04865643961752607,x_negative,0.0,0.0,0.0,0.04865643961752607,0.0,0.0
6025,0.04995627310609772,x_negative,0.0,0.0,0.0,0.04995627310609772,0.0,0.0
6026,0.04792730986009083,x_negative,0.0,0.0,0.0,0.04792730986009083,0.0,0.0
6027,0.04920899831264985,x_negative,0.0,0.0,0.0,0.04920899831264985,0.0,0.0
6028,0.04630773771795245,x_negative,0.0,0.0,0.0,0.04630773771795245,0.0,0.0
6029,0.047544867803381984,x_negative,0.0,0.0,0.0,0.047544867803381984,0.0,0.0
6030,0.043825240430629124,x_negative,0.0,0.0,0.0,0.043825240430629124,0.0,0.0
6031,0.04499396426985777,x_negative,0.0,0.0,0.0,0.04499396426985777,0.0,0.0
6032,0.04053811218222348,x_negative,0.0,0.0,0.0,0.04053811218222348,0.0,0.0
6033,0.04162138356530952,x_negative,0.0,0.0,0.0,0.04162138356530952,0.0,0.0
6034,0.036545353421520065,x_negative,0.0,0.0,0.0,0.036545353421520065,0.0,0.0
6035,0.03752250415699337,x_negative,0.0,0.0,0.0,0.03752250415699337,0.0,0.0
6036,0.03194350208118766,x_negative,0.0,0.0,0.0,0.03194350208118766,0.0,0.0
6037,0.032796374734974376,x_negative,0.0,0.0,0.0,0.032796374734974376,0.0,0.0
6038,0.026850270076792505,x_negative,0.0,0.0,0.0,0.026850270076792505,0.0,0.0
6039,0.027568911335030602,x_negative,0.0,0.0,0.0,0.027568911335030602,0.0,0.0
6040,0.021362938594727744,x_negative,0.0,0.0,0.0,0.021362938594727744,0.0,0.0
6041,0.02193443413802963,x_negative,0.0,0.0,0.0,0.02193443413802963,0.0,0.0
6042,0.015569249952752148,x_negative,0.0,0.0,0.0,0.015569249952752148,0.0,0.0
6043,0.015984822327544185,x_negative,0.0,0.0,0.0,0.015984822327544185,0.0,0.0
6044,0.009529305102205744,x_negative,0.0,0.0,0.0,0.009529305102205744,0.0,0.0
6045,0.009785126666470986,x_negative,0.0,0.0,0.0,0.009785126666470986,0.0,0.0
6046,0.0032185106338572396,x_negative,0.0,0.0,0.0,0.0032185106338572396,0.0,0.0
6047,0.003305367280455129,x_negative,0.0,0.0,0.0,0.003305367280455129,0.0,0.0
6048,0.0032231858416508696,x_positive,0.0,0.0,0.0,0.0032231858416508696,0.0,0.0
6049,0.003343146673305737,x_positive,0.0,0.0,0.0,0.003343146673305737,0.0,0.0
6050,0.009513085743343763,x_positive,0.0,0.0,0.0,0.009513085743343763,0.0,0.0
6051,0.009871684395165796,x_positive,0.0,0.0,0.0,0.009871684395165796,0.0,0.0
6052,0.015513915072382152,x_positive,0.0,0.0,0.0,0.015513915072382152,0.0,0.0
6053,0.016100863957939412,x_positive,0.0,0.0,0.0,0.016100863957939412,0.0,0.0
6054,0.021306352455145696,x_positive,0.0,0.0,0.0,0.021306352455145696,0.0,0.0
6055,0.02206400696445521,x_positive,0.0,0.0,0.0,0.02206400696445521,0.0,0.0
6056,0.026768283330793043,x_positive,0.0,0.0,0.0,0.026768283330793043,0.0,0.0
6057,0.027667773696733185,x_positive,0.0,0.0,0.0,0.027667773696733185,0.0,0.0
6058,0.031770873895067525,x_positive,0.0,0.0,0.0,0.031770873895067525,0.0,0.0
6059,0.03283948339486518,x_positive,0.0,0.0,0.0,0.03283948339486518,0.0,0.0
6060,0.03620435768315888,x_positive,0.0,0.0,0.0,0.03620435768315888,0.0,0.0
6061,0.037424268397118855,x_positive,0.0,0.0,0.0,0.037424268397118855,0.0,0.0
6062,0.0399645508192952,x_positive,0.0,0.0,0.0,0.0399645508192952,0.0,0.0
6063,0.041340856870964095,x_positive,0.0,0.0,0.0,0.041340856870964095,0.0,0.0
6064,0.04294892287907767,x_positive,0.0,0.0,0.0,0.04294892287907767,0.0,0.0
6065,0.0445060490084869,x_positive,0.0,0.0,0.0,0.0445060490084869,0.0,0.0
6066,0.04513515676524357,x_positive,0.0,0.0,0.0,0.04513515676524357,0.0,0.0
6067,0.04675050257792969,x_positive,0.0,0.0,0.0,0.04675050257792969,0.0,0.0
6068,0.046474232456132525,x_positive,0.0,0.0,0.0,0.046474232456132525,0.0,0.0
6069,0.048125789632879,x_positive,0.0,0.0,0.0,0.048125789632879,0.0,0.0
6070,0.04699798668048973,x_positive,0.0,0.0,0.0,0.04699798668048973,0.0,0.0
6071,0.048670658891303856,x_positive,0.0,0.0,0.0,0.048670658891303856,0.0,0.0
6072,0.046732834586851325,x_positive,0.0,0.0,0.0,0.046732834586851325,0.0,0.0
6073,0.048394963517317376,x_positive,0.0,0.0,0.0,0.048394963517317376,0.0,0.0
6074,0.045772288091362946,x_positive,0.0,0.0,0.0,0.045772288091362946,0.0,0.0
6075,0.04746158758362068,x_positive,0.0,0.0,0.0,0.04746158758362068,0.0,0.0
6076,0.044268654478239675,x_positive,0.0,0.0,0.0,0.044268654478239675,0.0,0.0
6077,0.0457675981764574,x_positive,0.0,0.0,0.0,0.0457675981764574,0.0,0.0
6078,0.04216312983880549,x_positive,0.0,0.0,0.0,0.04216312983880549,0.0,0.0
6079,0.04366421315313623,x_positive,0.0,0.0,0.0,0.04366421315313623,0.0,0.0
6080,0.039437824781923515,x_positive,0.0,0.0,0.0,0.039437824781923515,0.0,0.0
6081,0.04083686202610642,x_positive,0.0,0.0,0.0,0.04083686202610642,0.0,0.0
6082,0.036119813142257304,x_positive,0.0,0.0,0.0,0.036119813142257304,0.0,0.0
6083,0.03740376633524168,x_positive,0.0,0.0,0.0,0.03740376633524168,0.0,0.0
6084,0.03226609091358264,x_positive,0.0,0.0,0.0,0.03226609091358264,0.0,0.0
6085,0.033412360376061406,x_positive,0.0,0.0,0.0,0.033412360376061406,0.0,0.0
6086,0.027936572477748403,x_positive,0.0,0.0,0.0,0.027936572477748403,0.0,0.0
6087,0.028930370248645258,x_positive,0.0,0.0,0.0,0.028930370248645258,0.0,0.0
6088,0.023251687740620097,x_positive,0.0,0.0,0.0,0.023251687740620097,0.0,0.0
6089,0.024077448339111428,x_positive,0.0,0.0,0.0,0.024077448339111428,0.0,0.0
6090,0.018299552430087494,x_positive,0.0,0.0,0.0,0.018299552430087494,0.0,0.0
6091,0.018952540795644776,x_positive,0.0,0.0,0.0,0.018952540795644776,0.0,0.0
6092,0.013419377577751164,y_negative,0.0,0.0,0.0,0.013419377577751164,0.0,0.0
6093,0.013899587257941028,y_negative,0.0,0.0,0.0,0.013899587257941028,0.0,0.0
6094,0.010080389494644511,y_negative,0.0,0.0,0.0,0.010080389494644511,0.0,0.0
6095,0.010484670519004717,y_negative,0.0,0.0,0.0,0.010484670519004717,0.0,0.0
6096,0.009819776510495735,y_negative,0.0,0.0,0.0,0.009819776510495735,0.0,0.0
6097,0.010074316203123523,y_negative,0.0,0.0,0.0,0.010074316203123523,0.0,0.0
6098,0.011629611511253773,x_negative,0.0,0.0,0.0,0.011629611511253773,0.0,0.0
6099,0.012060617957970905,x_negative,0.0,0.0,0.0,0.012060617957970905,0.0,0.0
6100,0.016206402804762907,x_negative,0.0,0.0,0.0,0.016206402804762907,0.0,0.0
6101,0.016784627973208854,x_negative,0.0,0.0,0.0,0.016784627973208854,0.0,0.0
6102,0.02135092757670704,x_negative,0.0,0.0,0.0,0.02135092757670704,0.0,0.0
6103,0.02210922491111043,x_negative,0.0,0.0,0.0,0.02210922491111043,0.0,0.0
6104,0.026364572565146297,x_negative,0.0,0.0,0.0,0.026364572565146297,0.0,0.0
6105,0.02730217450616672,x_negative,0.0,0.0,0.0,0.02730217450616672,0.0,0.0
6106,0.031037170321107997,x_negative,0.0,0.0,0.0,0.031037170321107997,0.0,0.0
6107,0.03213828796560412,x_negative,0.0,0.0,0.0,0.03213828796560412,0.0,0.0
6108,0.035227003328874525,x_negative,0.0,0.0,0.0,0.035227003328874525,0.0,0.0
6109,0.03648180101221586,x_negative,0.0,0.0,0.0,0.03648180101221586,0.0,0.0
6110,0.03885455223963513,x_negative,0.0,0.0,0.0,0.03885455223963513,0.0,0.0
6111,0.040231606529173174,x_negative,0.0,0.0,0.0,0.040231606529173174,0.0,0.0
6112,0.04184210530017711,x_negative,0.0,0.0,0.0,0.04184210530017711,0.0,0.0
6113,0.043331756191429927,x_negative,0.0,0.0,0.0,0.043331756191429927,0.0,0.0
6114,0.044161357724822485,x_negative,0.0,0.0,0.0,0.044161357724822485,0.0,0.0
6115,0.04573883824728901,x_negative,0.0,0.0,0.0,0.04573883824728901,0.0,0.0
6116,0.04582362862379159,x_negative,0.0,0.0,0.0,0.04582362862379159,0.0,0.0
6117,0.04744065692178849,x_negative,0.0,0.0,0.0,0.04744065692178849,0.0,0.0
6118,0.04682201522504816,x_negative,0.0,0.0,0.0,0.04682201522504816,0.0,0.0
6119,0.048487441812637685,x_negative,0.0,0.0,0.0,0.048487441812637685,0.0,0.0
6120,0.04698258591800916,x_negative,0.0,0.0,0.0,0.04698258591800916,0.0,0.0
6121,0.048655947687852814,x_negative,0.0,0.0,0.0,0.048655947687852814,0.0,0.0
6122,0.046276843171114225,x_negative,0.0,0.0,0.0,0.046276843171114225,0.0,0.0
6123,0.04792610237156875,x_negative,0.0,0.0,0.0,0.04792610237156875,0.0,0.0
6124,0.04470999558135885,x_negative,0.0,0.0,0.0,0.04470999558135885,0.0,0.0
6125,0.046306074614601615,x_negative,0.0,0.0,0.0,0.046306074614601615,0.0,0.0
6126,0.042311920139627146,x_negative,0.0,0.0,0.0,0.042311920139627146,0.0,0.0
6127,0.0438239218144849,x_negative,0.0,0.0,0.0,0.0438239218144849,0.0,0.0
6128,0.03913512281895379,x_negative,0.0,0.0,0.0,0.03913512281895379,0.0,0.0
6129,0.04053711782521538,x_negative,0.0,0.0,0.0,0.04053711782521538,0.0,0.0
6130,0.03528515885008686,x_negative,0.0,0.0,0.0,0.03528515885008686,0.0,0.0
6131,0.036544523586728495,x_negative,0.0,0.0,0.0,0.036544523586728495,0.0,0.0
6132,0.03084252615567401,x_negative,0.0,0.0,0.0,0.03084252615567401,0.0,0.0
6133,0.03194455546135494,x_negative,0.0,0.0,0.0,0.03194455546135494,0.0,0.0
6134,0.025928315385204712,x_negative,0.0,0.0,0.0,0.025928315385204712,0.0,0.0
6135,0.026851709114706666,x_negative,0.0,0.0,0.0,0.026851709114706666,0.0,0.0
6136,0.02063356932596512,x_negative,0.0,0.0,0.0,0.02063356932596512,0.0,0.0
6137,0.021363820398452058,x_negative,0.0,0.0,0.0,0.021363820398452058,0.0,0.0
6138,0.01503215262532549,x_negative,0.0,0.0,0.0,0.01503215262532549,0.0,0.0
6139,0.015570768603566907,x_negative,0.0,0.0,0.0,0.015570768603566907,0.0,0.0
6140,0.009201746514249825,x_negative,0.0,0.0,0.0,0.009201746514249825,0.0,0.0
6141,0.00953042673330517,x_negative,0.0,0.0,0.0,0.00953042673330517,0.0,0.0
6142,0.0031077376486295495,x_negative,0.0,0.0,0.0,0.0031077376486295495,0.0,0.0
6143,0.003219095063270246,x_negative,0.0,0.0,0.0,0.003219095063270246,0.0,0.0
6144,0.0029867317394180557,x_positive,0.0,0.0,0.0,0.0029867317394180557,0.0,0.0
6145,0.0032274679586397027,x_positive,0.0,0.0,0.0,0.0032274679586397027,0.0,0.0
6146,0.008812477344038977,x_positive,0.0,0.0,0.0,0.008812477344038977,0.0,0.0
6147,0.009523622239088635,x_positive,0.0,0.0,0.0,0.009523622239088635,0.0,0.0
6148,0.01435992413548432,x_positive,0.0,0.0,0.0,0.01435992413548432,0.0,0.0
6149,0.015528043373446081,x_positive,0.0,0.0,0.0,0.015528043373446081,0.0,0.0
6150,0.019773767727165246,x_positive,0.0,0.0,0.0,0.019773767727165246,0.0,0.0
6151,0.021325543292623032,x_positive,0.0,0.0,0.0,0.021325543292623032,0.0,0.0
6152,0.024890672377757456,x_positive,0.0,0.0,0.0,0.024890672377757456,0.0,0.0
6153,0.026793310833490937,x_positive,0.0,0.0,0.0,0.026793310833490937,0.0,0.0
6154,0.029545339933952336,x_positive,0.0,0.0,0.0,0.029545339933952336,0.0,0.0
6155,0.03180095556815102,x_positive,0.0,0.0,0.0,0.03180095556815102,0.0,0.0
6156,0.03366999227135638,x_positive,0.0,0.0,0.0,0.03366999227135638,0.0,0.0
6157,0.036238236829721916,x_positive,0.0,0.0,0.0,0.036238236829721916,0.0,0.0
6158,0.037125491255609,x_positive,0.0,0.0,0.0,0.037125491255609,0.0,0.0
6159,0.03999837227774634,x_positive,0.0,0.0,0.0,0.03999837227774634,0.0,0.0
6160,0.03983857943170758,x_positive,0.0,0.0,0.0,0.03983857943170758,0.0,0.0
6161,0.042981884801666086,x_positive,0.0,0.0,0.0,0.042981884801666086,0.0,0.0
6162,0.04187482461965051,x_positive,0.0,0.0,0.0,0.04187482461965051,0.0,0.0
6163,0.04516926265602471,x_positive,0.0,0.0,0.0,0.04516926265602471,0.0,0.0
6164,0.04311797057011045,x_positive,0.0,0.0,0.0,0.04311797057011045,0.0,0.0
6165,0.0465066349724807,x_positive,0.0,0.0,0.0,0.0465066349724807,0.0,0.0
6166,0.04360237783260111,x_positive,0.0,0.0,0.0,0.04360237783260111,0.0,0.0
6167,0.04702804279129888,x_positive,0.0,0.0,0.0,0.04702804279129888,0.0,0.0
6168,0.04335674531967209,x_positive,0.0,0.0,0.0,0.04335674531967209,0.0,0.0
6169,0.04676004429620994,x_positive,0.0,0.0,0.0,0.04676004429620994,0.0,0.0
6170,0.04239867971259151,x_positive,0.0,0.0,0.0,0.04239867971259151,0.0,0.0
6171,0.0458002981493308,x_positive,0.0,0.0,0.0,0.0458002981493308,0.0,0.0
6172,0.041146674512548276,x_positive,0.0,0.0,0.0,0.041146674512548276,0.0,0.0
6173,0.04429537259908122,x_positive,0.0,0.0,0.0,0.04429537259908122,0.0,0.0
6174,0.03911820067013987,x_positive,0.0,0.0,0.0,0.03911820067013987,0.0,0.0
6175,0.04218887880673111,x_positive,0.0,0.0,0.0,0.04218887880673111,0.0,0.0
6176,0.03659368878145069,x_positive,0.0,0.0,0.0,0.03659368878145069,0.0,0.0
6177,0.03946502157875018,x_positive,0.0,0.0,0.0,0.03946502157875018,0.0,0.0
6178,0.03351524752976991,x_positive,0.0,0.0,0.0,0.03351524752976991,0.0,0.0
6179,0.0361483692055956,x_positive,0.0,0.0,0.0,0.0361483692055956,0.0,0.0
6180,0.029943916528417366,x_positive,0.0,0.0,0.0,0.029943916528417366,0.0,0.0
6181,0.032293977982100236,x_positive,0.0,0.0,0.0,0.032293977982100236,0.0,0.0
6182,0.025929636342571883,x_positive,0.0,0.0,0.0,0.025929636342571883,0.0,0.0
6183,0.027964326004696092,x_positive,0.0,0.0,0.0,0.027964326004696092,0.0,0.0
6184,0.021585459093096983,x_positive,0.0,0.0,0.0,0.021585459093096983,0.0,0.0
6185,0.023279926439039783,x_positive,0.0,0.0,0.0,0.023279926439039783,0.0,0.0
6186,0.01699154881279985,x_positive,0.0,0.0,0.0,0.01699154881279985,0.0,0.0
6187,0.018327806384309288,x_positive,0.0,0.0,0.0,0.018327806384309288,0.0,0.0
6188,0.012462729412896402,y_negative,0.0,0.0,0.0,0.012462729412896402,0.0,0.0
6189,0.013447417976797861,y_negative,0.0,0.0,0.0,0.013447417976797861,0.0,0.0
6190,0.009323858235969085,y_negative,0.0,0.0,0.0,0.009323858235969085,0.0,0.0
6191,0.010107780128534286,y_negative,0.0,0.0,0.0,0.010107780128534286,0.0,0.0
6192,0.00921547616295814,y_negative,0.0,0.0,0.0,0.00921547616295814,0.0,0.0
6193,0.009839071123581084,y_negative,0.0,0.0,0.0,0.009839071123581084,0.0,0.0
6194,0.010772773844572009,x_negative,0.0,0.0,0.0,0.010772773844572009,0.0,0.0
6195,0.011633577470212668,x_negative,0.0,0.0,0.0,0.011633577470212668,0.0,0.0
6196,0.015024059189161137,x_negative,0.0,0.0,0.0,0.015024059189161137,0.0,0.0
6197,0.01620410949793188,x_negative,0.0,0.0,0.0,0.01620410949793188,0.0,0.0
6198,0.019789172240270565,x_negative,0.0,0.0,0.0,0.019789172240270565,0.0,0.0
6199,0.021346624782474462,x_negative,0.0,0.0,0.0,0.021346624782474462,0.0,0.0
6200,0.02444216213889598,x_negative,0.0,0.0,0.0,0.02444216213889598,0.0,0.0
6201,0.026358089918957214,x_negative,0.0,0.0,0.0,0.026358089918957214,0.0,0.0
6202,0.028770876629021495,x_negative,0.0,0.0,0.0,0.028770876629021495,0.0,0.0
6203,0.031030545228062905,x_negative,0.0,0.0,0.0,0.031030545228062905,0.0,0.0
6204,0.0326551985387513,x_negative,0.0,0.0,0.0,0.0326551985387513,0.0,0.0
6205,0.03522029891529214,x_negative,0.0,0.0,0.0,0.03522029891529214,0.0,0.0
6206,0.03601767994608364,x_negative,0.0,0.0,0.0,0.03601767994608364,0.0,0.0
6207,0.03884497283882994,x_negative,0.0,0.0,0.0,0.03884497283882994,0.0,0.0
6208,0.03878999322923507,x_negative,0.0,0.0,0.0,0.03878999322923507,0.0,0.0
6209,0.04183376638534627,x_negative,0.0,0.0,0.0,0.04183376638534627,0.0,0.0
6210,0.04092940015528424,x_negative,0.0,0.0,0.0,0.04092940015528424,0.0,0.0
6211,0.04415223207624949,x_negative,0.0,0.0,0.0,0.04415223207624949,0.0,0.0
6212,0.0424894372199239,x_negative,0.0,0.0,0.0,0.0424894372199239,0.0,0.0
6213,0.04581401065700498,x_negative,0.0,0.0,0.0,0.04581401065700498,0.0,0.0
6214,0.043402039521926034,x_negative,0.0,0.0,0.0,0.043402039521926034,0.0,0.0
6215,0.04681135711142219,x_negative,0.0,0.0,0.0,0.04681135711142219,0.0,0.0
6216,0.04355295736336343,x_negative,0.0,0.0,0.0,0.04355295736336343,0.0,0.0
6217,0.04697372409983054,x_negative,0.0,0.0,0.0,0.04697372409983054,0.0,0.0
6218,0.0428962495778187,x_negative,0.0,0.0,0.0,0.0428962495778187,0.0,0.0
6219,0.0462683554644704,x_negative,0.0,0.0,0.0,0.0462683554644704,0.0,0.0
6220,0.04144242925578156,x_negative,0.0,0.0,0.0,0.04144242925578156,0.0,0.0
6221,0.04470219932163937,x_negative,0.0,0.0,0.0,0.04470219932163937,0.0,0.0
6222,0.0392144130460554,x_negative,0.0,0.0,0.0,0.0392144130460554,0.0,0.0
6223,0.04230430632309221,x_negative,0.0,0.0,0.0,0.04230430632309221,0.0,0.0
6224,0.036273431687936536,x_negative,0.0,0.0,0.0,0.036273431687936536,0.0,0.0
6225,0.03912879602137552,x_negative,0.0,0.0,0.0,0.03912879602137552,0.0,0.0
6226,0.032700710416017215,x_negative,0.0,0.0,0.0,0.032700710416017215,0.0,0.0
6227,0.03528031253359677,x_negative,0.0,0.0,0.0,0.03528031253359677,0.0,0.0
6228,0.02858813711547171,x_negative,0.0,0.0,0.0,0.02858813711547171,0.0,0.0
6229,0.030837392791153162,x_negative,0.0,0.0,0.0,0.030837392791153162,0.0,0.0
6230,0.024039190750083612,x_negative,0.0,0.0,0.0,0.024039190750083612,0.0,0.0
6231,0.02592614203415576,x_negative,0.0,0.0,0.0,0.02592614203415576,0.0,0.0
6232,0.019129432375581467,x_negative,0.0,0.0,0.0,0.019129432375581467,0.0,0.0
6233,0.020634325933668495,x_negative,0.0,0.0,0.0,0.020634325933668495,0.0,0.0
6234,0.013938773249950402,x_negative,0.0,0.0,0.0,0.013938773249950402,0.0,0.0
6235,0.01503448962130803,x_negative,0.0,0.0,0.0,0.01503448962130803,0.0,0.0
6236,0.008532829990170434,x_negative,0.0,0.0,0.0,0.008532829990170434,0.0,0.0
6237,0.009205356489012663,x_negative,0.0,0.0,0.0,0.009205356489012663,0.0,0.0
6238,0.0028797775439237203,x_negative,0.0,0.0,0.0,0.0028797775439237203,0.0,0.0
6239,0.003109409473381239,x_negative,0.0,0.0,0.0,0.003109409473381239,0.0,0.0
6240,0.002644499110171186,x_positive,0.0,0.0,0.0,0.002644499110171186,0.0,0.0
6241,0.0029917977756548676,x_positive,0.0,0.0,0.0,0.0029917977756548676,0.0,0.0
6242,0.007802281110225221,x_positive,0.0,0.0,0.0,0.007802281110225221,0.0,0.0
6243,0.008824669567960276,x_positive,0.0,0.0,0.0,0.008824669567960276,0.0,0.0
6244,0.012709431756273877,x_positive,0.0,0.0,0.0,0.012709431756273877,0.0,0.0
6245,0.014375254086432313,x_positive,0.0,0.0,0.0,0.014375254086432313,0.0,0.0
6246,0.017501963057629646,x_positive,0.0,0.0,0.0,0.017501963057629646,0.0,0.0
6247,0.019795243016716067,x_positive,0.0,0.0,0.0,0.019795243016716067,0.0,0.0
6248,0.022035508916896814,x_positive,0.0,0.0,0.0,0.022035508916896814,0.0,0.0
6249,0.0249207779605524,x_positive,0.0,0.0,0.0,0.0249207779605524,0.0,0.0
6250,0.026156460771367726,x_positive,0.0,0.0,0.0,0.026156460771367726,0.0,0.0
6251,0.029581978049478267,x_positive,0.0,0.0,0.0,0.029581978049478267,0.0,0.0
6252,0.02980825089935374,x_positive,0.0,0.0,0.0,0.02980825089935374,0.0,0.0
6253,0.03371407640218605,x_positive,0.0,0.0,0.0,0.03371407640218605,0.0,0.0
6254,0.032869161399779356,x_positive,0.0,0.0,0.0,0.032869161399779356,0.0,0.0
6255,0.03717390263238158,x_positive,0.0,0.0,0.0,0.03717390263238158,0.0,0.0
6256,0.035268681493258916,x_positive,0.0,0.0,0.0,0.035268681493258916,0.0,0.0
6257,0.03988515263858953,x_positive,0.0,0.0,0.0,0.03988515263858953,0.0,0.0
6258,0.037066493087186694,x_positive,0.0,0.0,0.0,0.037066493087186694,0.0,0.0
6259,0.0419208930903427,x_positive,0.0,0.0,0.0,0.0419208930903427,0.0,0.0
6260,0.038162046798428,x_positive,0.0,0.0,0.0,0.038162046798428,0.0,0.0
6261,0.043161331957689515,x_positive,0.0,0.0,0.0,0.043161331957689515,0.0,0.0
6262,0.038591697588470676,x_positive,0.0,0.0,0.0,0.038591697588470676,0.0,0.0
6263,0.04364385870553736,x_positive,0.0,0.0,0.0,0.04364385870553736,0.0,0.0
6264,0.038368168208156285,x_positive,0.0,0.0,0.0,0.038368168208156285,0.0,0.0
6265,0.04339438180799146,x_positive,0.0,0.0,0.0,0.04339438180799146,0.0,0.0
6266,0.037519874522716004,x_positive,0.0,0.0,0.0,0.037519874522716004,0.0,0.0
6267,0.042433188526811966,x_positive,0.0,0.0,0.0,0.042433188526811966,0.0,0.0
6268,0.03641268279740723,x_positive,0.0,0.0,0.0,0.03641268279740723,0.0,0.0
6269,0.04118040183774057,x_positive,0.0,0.0,0.0,0.04118040183774057,0.0,0.0
6270,0.03461567621584929,x_positive,0.0,0.0,0.0,0.03461567621584929,0.0,0.0
6271,0.0391514138701769,x_positive,0.0,0.0,0.0,0.0391514138701769,0.0,0.0
6272,0.03238582173302037,x_positive,0.0,0.0,0.0,0.03238582173302037,0.0,0.0
6273,0.03662508690420126,x_positive,0.0,0.0,0.0,0.03662508690420126,0.0,0.0
6274,0.029665263247765725,x_positive,0.0,0.0,0.0,0.029665263247765725,0.0,0.0
6275,0.0335483998314709,x_positive,0.0,0.0,0.0,0.0335483998314709,0.0,0.0
6276,0.026507260569872265,x_positive,0.0,0.0,0.0,0.026507260569872265,0.0,0.0
6277,0.029978800837862557,x_positive,0.0,0.0,0.0,0.029978800837862557,0.0,0.0
6278,0.02295879317678086,x_positive,0.0,0.0,0.0,0.02295879317678086,0.0,0.0
6279,0.025964682856791196,x_positive,0.0,0.0,0.0,0.025964682856791196,0.0,0.0
6280,0.019116495606940884,x_positive,0.0,0.0,0.0,0.019116495606940884,0.0,0.0
6281,0.021621201556478065,x_positive,0.0,0.0,0.0,0.021621201556478065,0.0,0.0
6282,0.015056644793404385,x_positive,0.0,0.0,0.0,0.015056644793404385,0.0,0.0
6283,0.01702708192308963,x_positive,0.0,0.0,0.0,0.01702708192308963,0.0,0.0
6284,0.011050252092165914,y_negative,0.0,0.0,0.0,0.011050252092165914,0.0,0.0
6285,0.012498959934271995,y_negative,0.0,0.0,0.0,0.012498959934271995,0.0,0.0
6286,0.008277128193925412,y_negative,0.0,0.0,0.0,0.008277128193925412,0.0,0.0
6287,0.009361271355860422,y_negative,0.0,0.0,0.0,0.009361271355860422,0.0,0.0
6288,0.008175851745248269,y_negative,0.0,0.0,0.0,0.008175851745248269,0.0,0.0
6289,0.00924579395388594,y_negative,0.0,0.0,0.0,0.00924579395388594,0.0,0.0
6290,0.009535396389772528,x_negative,0.0,0.0,0.0,0.009535396389772528,0.0,0.0
6291,0.010784511592823289,x_negative,0.0,0.0,0.0,0.010784511592823289,0.0,0.0
6292,0.013287309108063576,x_negative,0.0,0.0,0.0,0.013287309108063576,0.0,0.0
6293,0.015027756926113103,x_negative,0.0,0.0,0.0,0.015027756926113103,0.0,0.0
6294,0.01749868702805046,x_negative,0.0,0.0,0.0,0.01749868702805046,0.0,0.0
6295,0.019789839156051238,x_negative,0.0,0.0,0.0,0.019789839156051238,0.0,0.0
6296,0.021609143929899044,x_negative,0.0,0.0,0.0,0.021609143929899044,0.0,0.0
6297,0.024441756160831687,x_negative,0.0,0.0,0.0,0.024441756160831687,0.0,0.0
6298,0.025436060473150043,x_negative,0.0,0.0,0.0,0.025436060473150043,0.0,0.0
6299,0.028768390714019272,x_negative,0.0,0.0,0.0,0.028768390714019272,0.0,0.0
6300,0.028874701294890403,x_negative,0.0,0.0,0.0,0.028874701294890403,0.0,0.0
6301,0.03265328763691353,x_negative,0.0,0.0,0.0,0.03265328763691353,0.0,0.0
6302,0.031843327670283444,x_negative,0.0,0.0,0.0,0.031843327670283444,0.0,0.0
6303,0.036016568340124164,x_negative,0.0,0.0,0.0,0.036016568340124164,0.0,0.0
6304,0.03429549365566255,x_negative,0.0,0.0,0.0,0.03429549365566255,0.0,0.0
6305,0.03878710727549159,x_negative,0.0,0.0,0.0,0.03878710727549159,0.0,0.0
6306,0.03618611194407966,x_negative,0.0,0.0,0.0,0.03618611194407966,0.0,0.0
6307,0.04092618688040677,x_negative,0.0,0.0,0.0,0.04092618688040677,0.0,0.0
6308,0.03756839351361917,x_negative,0.0,0.0,0.0,0.03756839351361917,0.0,0.0
6309,0.042486833787973154,x_negative,0.0,0.0,0.0,0.042486833787973154,0.0,0.0
6310,0.038371883791299986,x_negative,0.0,0.0,0.0,0.038371883791299986,0.0,0.0
6311,0.043399001672999045,x_negative,0.0,0.0,0.0,0.043399001672999045,0.0,0.0
6312,0.03850577666370348,x_negative,0.0,0.0,0.0,0.03850577666370348,0.0,0.0
6313,0.0435502508792669,x_negative,0.0,0.0,0.0,0.0435502508792669,0.0,0.0
6314,0.037926932038050004,x_negative,0.0,0.0,0.0,0.037926932038050004,0.0,0.0
6315,0.0428928983470852,x_negative,0.0,0.0,0.0,0.0428928983470852,0.0,0.0
6316,0.036642158251382055,x_negative,0.0,0.0,0.0,0.036642158251382055,0.0,0.0
6317,0.04144040621652005,x_negative,0.0,0.0,0.0,0.04144040621652005,0.0,0.0
6318,0.034671975683355345,x_negative,0.0,0.0,0.0,0.034671975683355345,0.0,0.0
6319,0.039212441761511604,x_negative,0.0,0.0,0.0,0.039212441761511604,0.0,0.0
6320,0.032070006588131035,x_negative,0.0,0.0,0.0,0.032070006588131035,0.0,0.0
6321,0.03626981008356657,x_negative,0.0,0.0,0.0,0.03626981008356657,0.0,0.0
6322,0.02891085685250465,x_negative,0.0,0.0,0.0,0.02891085685250465,0.0,0.0
6323,0.03269867780776498,x_negative,0.0,0.0,0.0,0.03269867780776498,0.0,0.0
6324,0.025276208046577084,x_negative,0.0,0.0,0.0,0.025276208046577084,0.0,0.0
6325,0.028586383800910952,x_negative,0.0,0.0,0.0,0.028586383800910952,0.0,0.0
6326,0.021253316269825875,x_negative,0.0,0.0,0.0,0.021253316269825875,0.0,0.0
6327,0.024037797910655006,x_negative,0.0,0.0,0.0,0.024037797910655006,0.0,0.0
6328,0.01691469300200554,x_negative,0.0,0.0,0.0,0.01691469300200554,0.0,0.0
6329,0.019129957410640785,x_negative,0.0,0.0,0.0,0.019129957410640785,0.0,0.0
6330,0.012328817870258536,x_negative,0.0,0.0,0.0,0.012328817870258536,0.0,0.0
6331,0.013941578711384791,x_negative,0.0,0.0,0.0,0.013941578711384791,0.0,0.0
6332,0.007546030580443061,x_negative,0.0,0.0,0.0,0.007546030580443061,0.0,0.0
6333,0.008537428776847687,x_negative,0.0,0.0,0.0,0.008537428776847687,0.0,0.0
6334,0.0025492673182324205,x_negative,0.0,0.0,0.0,0.0025492673182324205,0.0,0.0
6335,0.0028820901842771195,x_negative,0.0,0.0,0.0,0.0028820901842771195,0.0,0.0
6336,0.0023333342849313696,x_positive,0.0,0.0,0.0,0.0023333342849313696,0.0,0.0
6337,0.00264345991666183,x_positive,0.0,0.0,0.0,0.00264345991666183,0.0,0.0
6338,0.006880619094545802,x_positive,0.0,0.0,0.0,0.006880619094545802,0.0,0.0
6339,0.007799819595009675,x_positive,0.0,0.0,0.0,0.007799819595009675,0.0,0.0
6340,0.01121871146451156,x_positive,0.0,0.0,0.0,0.01121871146451156,0.0,0.0
6341,0.012706377038926832,x_positive,0.0,0.0,0.0,0.012706377038926832,0.0,0.0
6342,0.015421515802964617,x_positive,0.0,0.0,0.0,0.015421515802964617,0.0,0.0
6343,0.017496702147282227,x_positive,0.0,0.0,0.0,0.017496702147282227,0.0,0.0
6344,0.01939279148675271,x_positive,0.0,0.0,0.0,0.01939279148675271,0.0,0.0
6345,0.02202823522224985,x_positive,0.0,0.0,0.0,0.02202823522224985,0.0,0.0
6346,0.023020149302374195,x_positive,0.0,0.0,0.0,0.023020149302374195,0.0,0.0
6347,0.026148039275008913,x_positive,0.0,0.0,0.0,0.026148039275008913,0.0,0.0
6348,0.02623563160069465,x_positive,0.0,0.0,0.0,0.02623563160069465,0.0,0.0
6349,0.02979923996399806,x_positive,0.0,0.0,0.0,0.02979923996399806,0.0,0.0
6350,0.028945024897634244,x_positive,0.0,0.0,0.0,0.028945024897634244,0.0,0.0
6351,0.03286032463086907,x_positive,0.0,0.0,0.0,0.03286032463086907,0.0,0.0
6352,0.03108316817765962,x_positive,0.0,0.0,0.0,0.03108316817765962,0.0,0.0
6353,0.03526059255303508,x_positive,0.0,0.0,0.0,0.03526059255303508,0.0,0.0
6354,0.03266647154939003,x_positive,0.0,0.0,0.0,0.03266647154939003,0.0,0.0
6355,0.03705755877755139,x_positive,0.0,0.0,0.0,0.03705755877755139,0.0,0.0
6356,0.0336332642309897,x_positive,0.0,0.0,0.0,0.0336332642309897,0.0,0.0
6357,0.038153681883367666,x_positive,0.0,0.0,0.0,0.038153681883367666,0.0,0.0
6358,0.03400691785134888,x_positive,0.0,0.0,0.0,0.03400691785134888,0.0,0.0
6359,0.03858376644211941,x_positive,0.0,0.0,0.0,0.03858376644211941,0.0,0.0
6360,0.033813806819738404,x_positive,0.0,0.0,0.0,0.033813806819738404,0.0,0.0
6361,0.038361221660886416,x_positive,0.0,0.0,0.0,0.038361221660886416,0.0,0.0
6362,0.03309339348646292,x_positive,0.0,0.0,0.0,0.03309339348646292,0.0,0.0
6363,0.037512516195460366,x_positive,0.0,0.0,0.0,0.037512516195460366,0.0,0.0
6364,0.03205561798841559,x_positive,0.0,0.0,0.0,0.03205561798841559,0.0,0.0
6365,0.03640449340005621,x_positive,0.0,0.0,0.0,0.03640449340005621,0.0,0.0
6366,0.030504754381967043,x_positive,0.0,0.0,0.0,0.030504754381967043,0.0,0.0
6367,0.03460878966535218,x_positive,0.0,0.0,0.0,0.03460878966535218,0.0,0.0
6368,0.028537826015350678,x_positive,0.0,0.0,0.0,0.028537826015350678,0.0,0.0
6369,0.03237760264161265,x_positive,0.0,0.0,0.0,0.03237760264161265,0.0,0.0
6370,0.02613974265632376,x_positive,0.0,0.0,0.0,0.02613974265632376,0.0,0.0
6371,0.02965621238813335,x_positive,0.0,0.0,0.0,0.02965621238813335,0.0,0.0
6372,0.023354820945596485,x_positive,0.0,0.0,0.0,0.023354820945596485,0.0,0.0
6373,0.026497794040479188,x_positive,0.0,0.0,0.0,0.026497794040479188,0.0,0.0
6374,0.020228029635908168,x_positive,0.0,0.0,0.0,0.020228029635908168,0.0,0.0
6375,0.022949153051240585,x_positive,0.0,0.0,0.0,0.022949153051240585,0.0,0.0
6376,0.016841024533730684,x_positive,0.0,0.0,0.0,0.016841024533730684,0.0,0.0
6377,0.019107044240834602,x_positive,0.0,0.0,0.0,0.019107044240834602,0.0,0.0
6378,0.013263296559328215,x_positive,0.0,0.0,0.0,0.013263296559328215,0.0,0.0
6379,0.015046775086283059,x_positive,0.0,0.0,0.0,0.015046775086283059,0.0,0.0
6380,0.009733012795780574,y_negative,0.0,0.0,0.0,0.009733012795780574,0.0,0.0
6381,0.011039989737850054,y_negative,0.0,0.0,0.0,0.011039989737850054,0.0,0.0
6382,0.007307794413679386,y_negative,0.0,0.0,0.0,0.007307794413679386,0.0,0.0
6383,0.008266346518324339,y_negative,0.0,0.0,0.0,0.008266346518324339,0.0,0.0
6384,0.007155572576169673,y_negative,0.0,0.0,0.0,0.007155572576169673,0.0,0.0
6385,0.008166646892102296,y_negative,0.0,0.0,0.0,0.008166646892102296,0.0,0.0
6386,0.008408981486425975,x_negative,0.0,0.0,0.0,0.008408981486425975,0.0,0.0
6387,0.009531734734250915,x_negative,0.0,0.0,0.0,0.009531734734250915,0.0,0.0
6388,0.011710843309747638,x_negative,0.0,0.0,0.0,0.011710843309747638,0.0,0.0
6389,0.013285835642934717,x_negative,0.0,0.0,0.0,0.013285835642934717,0.0,0.0
6390,0.01542237319837072,x_negative,0.0,0.0,0.0,0.01542237319837072,0.0,0.0
6391,0.01749809933078451,x_negative,0.0,0.0,0.0,0.01749809933078451,0.0,0.0
6392,0.0190457664295596,x_negative,0.0,0.0,0.0,0.0190457664295596,0.0,0.0
6393,0.021608999779521087,x_negative,0.0,0.0,0.0,0.021608999779521087,0.0,0.0
6394,0.02242372928552231,x_negative,0.0,0.0,0.0,0.02242372928552231,0.0,0.0
6395,0.025436916815472308,x_negative,0.0,0.0,0.0,0.025436916815472308,0.0,0.0
6396,0.025449006640724525,x_negative,0.0,0.0,0.0,0.025449006640724525,0.0,0.0
6397,0.02887470652912439,x_negative,0.0,0.0,0.0,0.02887470652912439,0.0,0.0
6398,0.028068516440217184,x_negative,0.0,0.0,0.0,0.028068516440217184,0.0,0.0
6399,0.031843196471693966,x_negative,0.0,0.0,0.0,0.031843196471693966,0.0,0.0
6400,0.030227288047575705,x_negative,0.0,0.0,0.0,0.030227288047575705,0.0,0.0
6401,0.03429653095765675,x_negative,0.0,0.0,0.0,0.03429653095765675,0.0,0.0
6402,0.03190058319118351,x_negative,0.0,0.0,0.0,0.03190058319118351,0.0,0.0
6403,0.036187372321874564,x_negative,0.0,0.0,0.0,0.036187372321874564,0.0,0.0
6404,0.03310667469947707,x_negative,0.0,0.0,0.0,0.03310667469947707,0.0,0.0
6405,0.03757001005623767,x_negative,0.0,0.0,0.0,0.03757001005623767,0.0,0.0
6406,0.033823160765402545,x_negative,0.0,0.0,0.0,0.033823160765402545,0.0,0.0
6407,0.03837213263371559,x_negative,0.0,0.0,0.0,0.03837213263371559,0.0,0.0
6408,0.033941534506609146,x_negative,0.0,0.0,0.0,0.033941534506609146,0.0,0.0
6409,0.03850672037892245,x_negative,0.0,0.0,0.0,0.03850672037892245,0.0,0.0
6410,0.0334322756076767,x_negative,0.0,0.0,0.0,0.0334322756076767,0.0,0.0
6411,0.037927077342781564,x_negative,0.0,0.0,0.0,0.037927077342781564,0.0,0.0
6412,0.03229814832787283,x_negative,0.0,0.0,0.0,0.03229814832787283,0.0,0.0
6413,0.036641794022454016,x_negative,0.0,0.0,0.0,0.036641794022454016,0.0,0.0
6414,0.030567098369628887,x_negative,0.0,0.0,0.0,0.030567098369628887,0.0,0.0
6415,0.03467290218281323,x_negative,0.0,0.0,0.0,0.03467290218281323,0.0,0.0
6416,0.028269152077448158,x_negative,0.0,0.0,0.0,0.028269152077448158,0.0,0.0
6417,0.032070507510693465,x_negative,0.0,0.0,0.0,0.032070507510693465,0.0,0.0
6418,0.025488727921055755,x_negative,0.0,0.0,0.0,0.025488727921055755,0.0,0.0
6419,0.028910607596515814,x_negative,0.0,0.0,0.0,0.028910607596515814,0.0,0.0
6420,0.022281253594269603,x_negative,0.0,0.0,0.0,0.022281253594269603,0.0,0.0
6421,0.02527689487298771,x_negative,0.0,0.0,0.0,0.02527689487298771,0.0,0.0
6422,0.018733024206120878,x_negative,0.0,0.0,0.0,0.018733024206120878,0.0,0.0
6423,0.021254402692071763,x_negative,0.0,0.0,0.0,0.021254402692071763,0.0,0.0
6424,0.014911879095722811,x_negative,0.0,0.0,0.0,0.014911879095722811,0.0,0.0
6425,0.016915325354940596,x_negative,0.0,0.0,0.0,0.016915325354940596,0.0,0.0
6426,0.010863556653328565,x_negative,0.0,0.0,0.0,0.010863556653328565,0.0,0.0
6427,0.012328787373333181,x_negative,0.0,0.0,0.0,0.012328787373333181,0.0,0.0
6428,0.006653859332087863,x_negative,0.0,0.0,0.0,0.006653859332087863,0.0,0.0
6429,0.007545450655973566,x_negative,0.0,0.0,0.0,0.007545450655973566,0.0,0.0
6430,0.0022478419123493224,x_negative,0.0,0.0,0.0,0.0022478419123493224,0.0,0.0
6431,0.002548949205692965,x_negative,0.0,0.0,0.0,0.002548949205692965,0.0,0.0
6432,0.0021920507773579897,x_positive,0.0,0.0,0.0,0.0021920507773579897,0.0,0.0
6433,0.0023284094726235857,x_positive,0.0,0.0,0.0,0.0023284094726235857,0.0,0.0
6434,0.006472861674838091,x_positive,0.0,0.0,0.0,0.006472861674838091,0.0,0.0
6435,0.006868326764482547,x_positive,0.0,0.0,0.0,0.006868326764482547,0.0,0.0
6436,0.01055649350847618,x_positive,0.0,0.0,0.0,0.01055649350847618,0.0,0.0
6437,0.011202243589102908,x_positive,0.0,0.0,0.0,0.011202243589102908,0.0,0.0
6438,0.014498370495585482,x_positive,0.0,0.0,0.0,0.014498370495585482,0.0,0.0
6439,0.015399610626813382,x_positive,0.0,0.0,0.0,0.015399610626813382,0.0,0.0
6440,0.0182127516734434,x_positive,0.0,0.0,0.0,0.0182127516734434,0.0,0.0
6441,0.019363361712305967,x_positive,0.0,0.0,0.0,0.019363361712305967,0.0,0.0
6442,0.021619031539028485,x_positive,0.0,0.0,0.0,0.021619031539028485,0.0,0.0
6443,0.022985354739168025,x_positive,0.0,0.0,0.0,0.022985354739168025,0.0,0.0
6444,0.024636963450559685,x_positive,0.0,0.0,0.0,0.024636963450559685,0.0,0.0
6445,0.026195406049164403,x_positive,0.0,0.0,0.0,0.026195406049164403,0.0,0.0
6446,0.027196677179171982,x_positive,0.0,0.0,0.0,0.027196677179171982,0.0,0.0
6447,0.028901250330036994,x_positive,0.0,0.0,0.0,0.028901250330036994,0.0,0.0
6448,0.029226808324531575,x_positive,0.0,0.0,0.0,0.029226808324531575,0.0,0.0
6449,0.031039049209659372,x_positive,0.0,0.0,0.0,0.031039049209659372,0.0,0.0
6450,0.030711930585109945,x_positive,0.0,0.0,0.0,0.030711930585109945,0.0,0.0
6451,0.03262296324935838,x_positive,0.0,0.0,0.0,0.03262296324935838,0.0,0.0
6452,0.03162302735471607,x_positive,0.0,0.0,0.0,0.03162302735471607,0.0,0.0
6453,0.033591192193392155,x_positive,0.0,0.0,0.0,0.033591192193392155,0.0,0.0
6454,0.03197833684908807,x_positive,0.0,0.0,0.0,0.03197833684908807,0.0,0.0
6455,0.03396684949822401,x_positive,0.0,0.0,0.0,0.03396684949822401,0.0,0.0
6456,0.03179837794812084,x_positive,0.0,0.0,0.0,0.03179837794812084,0.0,0.0
6457,0.03377648919173764,x_positive,0.0,0.0,0.0,0.03377648919173764,0.0,0.0
6458,0.031143474599208663,x_positive,0.0,0.0,0.0,0.031143474599208663,0.0,0.0
6459,0.033058916909715484,x_positive,0.0,0.0,0.0,0.033058916909715484,0.0,0.0
6460,0.030117409539759877,x_positive,0.0,0.0,0.0,0.030117409539759877,0.0,0.0
6461,0.03202123382091756,x_positive,0.0,0.0,0.0,0.03202123382091756,0.0,0.0
6462,0.028687808637114776,x_positive,0.0,0.0,0.0,0.028687808637114776,0.0,0.0
6463,0.030470748861022915,x_positive,0.0,0.0,0.0,0.030470748861022915,0.0,0.0
6464,0.02683298524572957,x_positive,0.0,0.0,0.0,0.02683298524572957,0.0,0.0
6465,0.028504282584123103,x_positive,0.0,0.0,0.0,0.028504282584123103,0.0,0.0
6466,0.024572943533127233,x_positive,0.0,0.0,0.0,0.024572943533127233,0.0,0.0
6467,0.026105195454947036,x_positive,0.0,0.0,0.0,0.026105195454947036,0.0,0.0
6468,0.02195551436514359,x_positive,0.0,0.0,0.0,0.02195551436514359,0.0,0.0
6469,0.023319335397616027,x_positive,0.0,0.0,0.0,0.023319335397616027,0.0,0.0
6470,0.019006977386907774,x_positive,0.0,0.0,0.0,0.019006977386907774,0.0,0.0
6471,0.020191777801827085,x_positive,0.0,0.0,0.0,0.020191777801827085,0.0,0.0
6472,0.015819520176140786,x_positive,0.0,0.0,0.0,0.015819520176140786,0.0,0.0
6473,0.0168040353286037,x_positive,0.0,0.0,0.0,0.0168040353286037,0.0,0.0
6474,0.012451412097982215,x_positive,0.0,0.0,0.0,0.012451412097982215,0.0,0.0
6475,0.013226257484010913,x_positive,0.0,0.0,0.0,0.013226257484010913,0.0,0.0
6476,0.009129962947442768,y_negative,0.0,0.0,0.0,0.009129962947442768,0.0,0.0
6477,0.009696422373026668,y_negative,0.0,0.0,0.0,0.009696422373026668,0.0,0.0
6478,0.006859570354510791,y_negative,0.0,0.0,0.0,0.006859570354510791,0.0,0.0
6479,0.007270751870862702,y_negative,0.0,0.0,0.0,0.007270751870862702,0.0,0.0
6480,0.006680466681887933,y_negative,0.0,0.0,0.0,0.006680466681887933,0.0,0.0
6481,0.007127557698345877,y_negative,0.0,0.0,0.0,0.007127557698345877,0.0,0.0
6482,0.007911027473407663,x_negative,0.0,0.0,0.0,0.007911027473407663,0.0,0.0
6483,0.008399780241316369,x_negative,0.0,0.0,0.0,0.008399780241316369,0.0,0.0
6484,0.011023392423071595,x_negative,0.0,0.0,0.0,0.011023392423071595,0.0,0.0
6485,0.011709734303403265,x_negative,0.0,0.0,0.0,0.011709734303403265,0.0,0.0
6486,0.0145230067753564,x_negative,0.0,0.0,0.0,0.0145230067753564,0.0,0.0
6487,0.015424416196537867,x_negative,0.0,0.0,0.0,0.015424416196537867,0.0,0.0
6488,0.0179326692505869,x_negative,0.0,0.0,0.0,0.0179326692505869,0.0,0.0
6489,0.019048944993452832,x_negative,0.0,0.0,0.0,0.019048944993452832,0.0,0.0
6490,0.021111649263325274,x_negative,0.0,0.0,0.0,0.021111649263325274,0.0,0.0
6491,0.022427952788810594,x_negative,0.0,0.0,0.0,0.022427952788810594,0.0,0.0
6492,0.0239624898828046,x_negative,0.0,0.0,0.0,0.0239624898828046,0.0,0.0
6493,0.025454878915073434,x_negative,0.0,0.0,0.0,0.025454878915073434,0.0,0.0
6494,0.026427866299929704,x_negative,0.0,0.0,0.0,0.026427866299929704,0.0,0.0
6495,0.02807518528366143,x_negative,0.0,0.0,0.0,0.02807518528366143,0.0,0.0
6496,0.028464482792425957,x_negative,0.0,0.0,0.0,0.028464482792425957,0.0,0.0
6497,0.0302332835457178,x_negative,0.0,0.0,0.0,0.0302332835457178,0.0,0.0
6498,0.03003784150199822,x_negative,0.0,0.0,0.0,0.03003784150199822,0.0,0.0
6499,0.031906898438136745,x_negative,0.0,0.0,0.0,0.031906898438136745,0.0,0.0
6500,0.03116958602921277,x_negative,0.0,0.0,0.0,0.03116958602921277,0.0,0.0
6501,0.0331132716942946,x_negative,0.0,0.0,0.0,0.0331132716942946,0.0,0.0
6502,0.03184858655223612,x_negative,0.0,0.0,0.0,0.03184858655223612,0.0,0.0
6503,0.03383023975976363,x_negative,0.0,0.0,0.0,0.03383023975976363,0.0,0.0
6504,0.03196016176591776,x_negative,0.0,0.0,0.0,0.03196016176591776,0.0,0.0
6505,0.0339477939628382,x_negative,0.0,0.0,0.0,0.0339477939628382,0.0,0.0
6506,0.03148029612516595,x_negative,0.0,0.0,0.0,0.03148029612516595,0.0,0.0
6507,0.03343921452858919,x_negative,0.0,0.0,0.0,0.03343921452858919,0.0,0.0
6508,0.03041464721708757,x_negative,0.0,0.0,0.0,0.03041464721708757,0.0,0.0
6509,0.032303452157178114,x_negative,0.0,0.0,0.0,0.032303452157178114,0.0,0.0
6510,0.028778264110390483,x_negative,0.0,0.0,0.0,0.028778264110390483,0.0,0.0
6511,0.030571704680332587,x_negative,0.0,0.0,0.0,0.030571704680332587,0.0,0.0
6512,0.026623349575086174,x_negative,0.0,0.0,0.0,0.026623349575086174,0.0,0.0
6513,0.028274892805074878,x_negative,0.0,0.0,0.0,0.028274892805074878,0.0,0.0
6514,0.024000115187173172,x_negative,0.0,0.0,0.0,0.024000115187173172,0.0,0.0
6515,0.02549343107892133,x_negative,0.0,0.0,0.0,0.02549343107892133,0.0,0.0
6516,0.020983099946967104,x_negative,0.0,0.0,0.0,0.020983099946967104,0.0,0.0
6517,0.02228448270720036,x_negative,0.0,0.0,0.0,0.02228448270720036,0.0,0.0
6518,0.017639623518634094,x_negative,0.0,0.0,0.0,0.017639623518634094,0.0,0.0
6519,0.018734991532184563,x_negative,0.0,0.0,0.0,0.018734991532184563,0.0,0.0
6520,0.014033221865019612,x_negative,0.0,0.0,0.0,0.014033221865019612,0.0,0.0
6521,0.014911566551460618,x_negative,0.0,0.0,0.0,0.014911566551460618,0.0,0.0
6522,0.010228127079858037,x_negative,0.0,0.0,0.0,0.010228127079858037,0.0,0.0
6523,0.010861630436348892,x_negative,0.0,0.0,0.0,0.010861630436348892,0.0,0.0
6524,0.006260843669622018,x_negative,0.0,0.0,0.0,0.006260843669622018,0.0,0.0
6525,0.006649276190783037,x_negative,0.0,0.0,0.0,0.006649276190783037,0.0,0.0
6526,0.002112702016212231,x_negative,0.0,0.0,0.0,0.002112702016212231,0.0,0.0
6527,0.0022459988670878216,x_negative,0.0,0.0,0.0,0.0022459988670878216,0.0,0.0
6528,0.00028660511612459003,x_positive,0.0,0.0,0.0,0.00028660511612459003,0.0,0.0
6529,0.000286422983389334,x_positive,0.0,0.0,0.0,0.000286422983389334,0.0,0.0
6530,0.0008460117457405088,x_positive,0.0,0.0,0.0,0.0008460117457405088,0.0,0.0
6531,0.0008457786299233889,x_positive,0.0,0.0,0.0,0.0008457786299233889,0.0,0.0
6532,0.0013792714146085162,x_positive,0.0,0.0,0.0,0.0013792714146085162,0.0,0.0
6533,0.0013796939744578445,x_positive,0.0,0.0,0.0,0.0013796939744578445,0.0,0.0
6534,0.00189436995659436,x_positive,0.0,0.0,0.0,0.00189436995659436,0.0,0.0
6535,0.0018950381643799798,x_positive,0.0,0.0,0.0,0.0018950381643799798,0.0,0.0
6536,0.0023801013128836737,x_positive,0.0,0.0,0.0,0.0023801013128836737,0.0,0.0
6537,0.00238024588031483,x_positive,0.0,0.0,0.0,0.00238024588031483,0.0,0.0
6538,0.0028252359246246366,x_positive,0.0,0.0,0.0,0.0028252359246246366,0.0,0.0
6539,0.0028256052368787503,x_positive,0.0,0.0,0.0,0.0028256052368787503,0.0,0.0
6540,0.0032198311069958426,x_positive,0.0,0.0,0.0,0.0032198311069958426,0.0,0.0
6541,0.0032199610611736004,x_positive,0.0,0.0,0.0,0.0032199610611736004,0.0,0.0
6542,0.003554030016889423,x_positive,0.0,0.0,0.0,0.003554030016889423,0.0,0.0
6543,0.0035544668793690733,x_positive,0.0,0.0,0.0,0.0035544668793690733,0.0,0.0
6544,0.0038191532301969275,x_positive,0.0,0.0,0.0,0.0038191532301969275,0.0,0.0
6545,0.00382003612877955,x_positive,0.0,0.0,0.0,0.00382003612877955,0.0,0.0
6546,0.004013701640274393,x_positive,0.0,0.0,0.0,0.004013701640274393,0.0,0.0
6547,0.004014291263298087,x_positive,0.0,0.0,0.0,0.004014291263298087,0.0,0.0
6548,0.004132848308208537,x_positive,0.0,0.0,0.0,0.004132848308208537,0.0,0.0
6549,0.004133172565009326,x_positive,0.0,0.0,0.0,0.004133172565009326,0.0,0.0
6550,0.004179794615704321,x_positive,0.0,0.0,0.0,0.004179794615704321,0.0,0.0
6551,0.0041801320817976126,x_positive,0.0,0.0,0.0,0.0041801320817976126,0.0,0.0
6552,0.004155578969880538,x_positive,0.0,0.0,0.0,0.004155578969880538,0.0,0.0
6553,0.004156672657126341,x_positive,0.0,0.0,0.0,0.004156672657126341,0.0,0.0
6554,0.00407074396827158,x_positive,0.0,0.0,0.0,0.00407074396827158,0.0,0.0
6555,0.004070863816472179,x_positive,0.0,0.0,0.0,0.004070863816472179,0.0,0.0
6556,0.003936769197701183,x_positive,0.0,0.0,0.0,0.003936769197701183,0.0,0.0
6557,0.003937254846219028,x_positive,0.0,0.0,0.0,0.003937254846219028,0.0,0.0
6558,0.0037488988100371446,x_positive,0.0,0.0,0.0,0.0037488988100371446,0.0,0.0
6559,0.0037500417191104717,x_positive,0.0,0.0,0.0,0.0037500417191104717,0.0,0.0
6560,0.0035065702880952196,x_positive,0.0,0.0,0.0,0.0035065702880952196,0.0,0.0
6561,0.0035070496257176525,x_positive,0.0,0.0,0.0,0.0035070496257176525,0.0,0.0
6562,0.0032116717579438216,x_positive,0.0,0.0,0.0,0.0032116717579438216,0.0,0.0
6563,0.003211827746558384,x_positive,0.0,0.0,0.0,0.003211827746558384,0.0,0.0
6564,0.002868744488789121,x_positive,0.0,0.0,0.0,0.002868744488789121,0.0,0.0
6565,0.002869378580625953,x_positive,0.0,0.0,0.0,0.002869378580625953,0.0,0.0
6566,0.0024837821687634424,x_positive,0.0,0.0,0.0,0.0024837821687634424,0.0,0.0
6567,0.0024837291400944053,x_positive,0.0,0.0,0.0,0.0024837291400944053,0.0,0.0
6568,0.0020665445693882757,x_positive,0.0,0.0,0.0,0.0020665445693882757,0.0,0.0
6569,0.002067197547036876,x_positive,0.0,0.0,0.0,0.002067197547036876,0.0,0.0
6570,0.0016266592969312293,x_positive,0.0,0.0,0.0,0.0016266592969312293,0.0,0.0
6571,0.001626613098216025,x_positive,0.0,0.0,0.0,0.001626613098216025,0.0,0.0
6572,0.001192422632150729,y_negative,0.0,0.0,0.0,0.001192422632150729,0.0,0.0
6573,0.001192454045085189,y_negative,0.0,0.0,0.0,0.001192454045085189,0.0,0.0
6574,0.0008956177809397469,y_negative,0.0,0.0,0.0,0.0008956177809397469,0.0,0.0
6575,0.0008959971281744121,y_negative,0.0,0.0,0.0,0.0008959971281744121,0.0,0.0
6576,0.0008734455433689627,y_negative,0.0,0.0,0.0,0.0008734455433689627,0.0,0.0
6577,0.000873260140451709,y_negative,0.0,0.0,0.0,0.000873260140451709,0.0,0.0
6578,0.0010344743938326725,x_negative,0.0,0.0,0.0,0.0010344743938326725,0.0,0.0
6579,0.0010349595303673989,x_negative,0.0,0.0,0.0,0.0010349595303673989,0.0,0.0
6580,0.0014423848699993418,x_negative,0.0,0.0,0.0,0.0014423848699993418,0.0,0.0
6581,0.0014423083334133466,x_negative,0.0,0.0,0.0,0.0014423083334133466,0.0,0.0
6582,0.001899639892657077,x_negative,0.0,0.0,0.0,0.001899639892657077,0.0,0.0
6583,0.0019001154103277728,x_negative,0.0,0.0,0.0,0.0019001154103277728,0.0,0.0
6584,0.0023461371278837213,x_negative,0.0,0.0,0.0,0.0023461371278837213,0.0,0.0
6585,0.002346331588409092,x_negative,0.0,0.0,0.0,0.002346331588409092,0.0,0.0
6586,0.0027616112667355674,x_negative,0.0,0.0,0.0,0.0027616112667355674,0.0,0.0
6587,0.0027620582111675834,x_negative,0.0,0.0,0.0,0.0027620582111675834,0.0,0.0
6588,0.003134427312047625,x_negative,0.0,0.0,0.0,0.003134427312047625,0.0,0.0
6589,0.003134889931268319,x_negative,0.0,0.0,0.0,0.003134889931268319,0.0,0.0
6590,0.0034569674272174077,x_negative,0.0,0.0,0.0,0.0034569674272174077,0.0,0.0
6591,0.0034571413058748775,x_negative,0.0,0.0,0.0,0.0034571413058748775,0.0,0.0
6592,0.003723283323814614,x_negative,0.0,0.0,0.0,0.003723283323814614,0.0,0.0
6593,0.003723974031247656,x_negative,0.0,0.0,0.0,0.003723974031247656,0.0,0.0
6594,0.003928986770766574,x_negative,0.0,0.0,0.0,0.003928986770766574,0.0,0.0
6595,0.0039297012277699165,x_negative,0.0,0.0,0.0,0.0039297012277699165,0.0,0.0
6596,0.004076993023099997,x_negative,0.0,0.0,0.0,0.004076993023099997,0.0,0.0
6597,0.004077464636121739,x_negative,0.0,0.0,0.0,0.004077464636121739,0.0,0.0
6598,0.004166348109955689,x_negative,0.0,0.0,0.0,0.004166348109955689,0.0,0.0
6599,0.004166402898639713,x_negative,0.0,0.0,0.0,0.004166402898639713,0.0,0.0
6600,0.004180082230892531,x_negative,0.0,0.0,0.0,0.004180082230892531,0.0,0.0
6601,0.0041812770882750355,x_negative,0.0,0.0,0.0,0.0041812770882750355,0.0,0.0
6602,0.004118162430573357,x_negative,0.0,0.0,0.0,0.004118162430573357,0.0,0.0
6603,0.004118238091209001,x_negative,0.0,0.0,0.0,0.004118238091209001,0.0,0.0
6604,0.003978479414861289,x_negative,0.0,0.0,0.0,0.003978479414861289,0.0,0.0
6605,0.003979425914136495,x_negative,0.0,0.0,0.0,0.003979425914136495,0.0,0.0
6606,0.0037649297691222314,x_negative,0.0,0.0,0.0,0.0037649297691222314,0.0,0.0
6607,0.0037649559884510918,x_negative,0.0,0.0,0.0,0.0037649559884510918,0.0,0.0
6608,0.0034830330143155244,x_negative,0.0,0.0,0.0,0.0034830330143155244,0.0,0.0
6609,0.003483225386492772,x_negative,0.0,0.0,0.0,0.003483225386492772,0.0,0.0
6610,0.003139318183723743,x_negative,0.0,0.0,0.0,0.003139318183723743,0.0,0.0
6611,0.003140226315623965,x_negative,0.0,0.0,0.0,0.003140226315623965,0.0,0.0
6612,0.00274426848384814,x_negative,0.0,0.0,0.0,0.00274426848384814,0.0,0.0
6613,0.002744941473078803,x_negative,0.0,0.0,0.0,0.002744941473078803,0.0,0.0
6614,0.002306871208534794,x_negative,0.0,0.0,0.0,0.002306871208534794,0.0,0.0
6615,0.002307314801531674,x_negative,0.0,0.0,0.0,0.002307314801531674,0.0,0.0
6616,0.0018354904296136573,x_negative,0.0,0.0,0.0,0.0018354904296136573,0.0,0.0
6617,0.001835467320378893,x_negative,0.0,0.0,0.0,0.001835467320378893,0.0,0.0
6618,0.0013375964768392663,x_negative,0.0,0.0,0.0,0.0013375964768392663,0.0,0.0
6619,0.001337633602794151,x_negative,0.0,0.0,0.0,0.001337633602794151,0.0,0.0
6620,0.0008186091890167401,x_negative,0.0,0.0,0.0,0.0008186091890167401,0.0,0.0
6621,0.0008186452614256397,x_negative,0.0,0.0,0.0,0.0008186452614256397,0.0,0.0
6622,0.0002762827279309011,x_negative,0.0,0.0,0.0,0.0002762827279309011,0.0,0.0
6623,0.0002761500334756637,x_negative,0.0,0.0,0.0,0.0002761500334756637,0.0,0.0
6624,0.00028489551790062523,x_positive,0.0,0.0,0.0,0.00028489551790062523,0.0,0.0
6625,0.00028537303375207357,x_positive,0.0,0.0,0.0,0.00028537303375207357,0.0,0.0
6626,0.0008414188610582044,x_positive,0.0,0.0,0.0,0.0008414188610582044,0.0,0.0
6627,0.0008422919811937919,x_positive,0.0,0.0,0.0,0.0008422919811937919,0.0,0.0
6628,0.0013722429192558581,x_positive,0.0,0.0,0.0,0.0013722429192558581,0.0,0.0
6629,0.0013733716386506627,x_positive,0.0,0.0,0.0,0.0013733716386506627,0.0,0.0
6630,0.001884819516005471,x_positive,0.0,0.0,0.0,0.001884819516005471,0.0,0.0
6631,0.0018862621434772588,x_positive,0.0,0.0,0.0,0.0018862621434772588,0.0,0.0
6632,0.0023674415217835028,x_positive,0.0,0.0,0.0,0.0023674415217835028,0.0,0.0
6633,0.0023701018057830777,x_positive,0.0,0.0,0.0,0.0023701018057830777,0.0,0.0
6634,0.00280995399059997,x_positive,0.0,0.0,0.0,0.00280995399059997,0.0,0.0
6635,0.00281310039810482,x_positive,0.0,0.0,0.0,0.00281310039810482,0.0,0.0
6636,0.0032031388950731093,x_positive,0.0,0.0,0.0,0.0032031388950731093,0.0,0.0
6637,0.003205419385943551,x_positive,0.0,0.0,0.0,0.003205419385943551,0.0,0.0
6638,0.003535350348036554,x_positive,0.0,0.0,0.0,0.003535350348036554,0.0,0.0
6639,0.0035392935449172084,x_positive,0.0,0.0,0.0,0.0035392935449172084,0.0,0.0
6640,0.00379943705244457,x_positive,0.0,0.0,0.0,0.00379943705244457,0.0,0.0
6641,0.0038027852076653206,x_positive,0.0,0.0,0.0,0.0038027852076653206,0.0,0.0
6642,0.00399274110729402,x_positive,0.0,0.0,0.0,0.00399274110729402,0.0,0.0
6643,0.003996961278877469,x_positive,0.0,0.0,0.0,0.003996961278877469,0.0,0.0
6644,0.004110586235047006,x_positive,0.0,0.0,0.0,0.004110586235047006,0.0,0.0
6645,0.004115024250587202,x_positive,0.0,0.0,0.0,0.004115024250587202,0.0,0.0
6646,0.004157997518958722,x_positive,0.0,0.0,0.0,0.004157997518958722,0.0,0.0
6647,0.004161351555514207,x_positive,0.0,0.0,0.0,0.004161351555514207,0.0,0.0
6648,0.004133994640962434,x_positive,0.0,0.0,0.0,0.004133994640962434,0.0,0.0
6649,0.004138615566257578,x_positive,0.0,0.0,0.0,0.004138615566257578,0.0,0.0
6650,0.004049655647921372,x_positive,0.0,0.0,0.0,0.004049655647921372,0.0,0.0
6651,0.004053054913423836,x_positive,0.0,0.0,0.0,0.004053054913423836,0.0,0.0
6652,0.003915814044108534,x_positive,0.0,0.0,0.0,0.003915814044108534,0.0,0.0
6653,0.003920314199232124,x_positive,0.0,0.0,0.0,0.003920314199232124,0.0,0.0
6654,0.003729546585866265,x_positive,0.0,0.0,0.0,0.003729546585866265,0.0,0.0
6655,0.003733053587716272,x_positive,0.0,0.0,0.0,0.003733053587716272,0.0,0.0
6656,0.0034885643289887043,x_positive,0.0,0.0,0.0,0.0034885643289887043,0.0,0.0
6657,0.0034916030481004913,x_positive,0.0,0.0,0.0,0.0034916030481004913,0.0,0.0
6658,0.0031947398140889987,x_positive,0.0,0.0,0.0,0.0031947398140889987,0.0,0.0
6659,0.0031981073447842753,x_positive,0.0,0.0,0.0,0.0031981073447842753,0.0,0.0
6660,0.0028539005420741017,x_positive,0.0,0.0,0.0,0.0028539005420741017,0.0,0.0
6661,0.002856642216564902,x_positive,0.0,0.0,0.0,0.002856642216564902,0.0,0.0
6662,0.0024708505662885275,x_positive,0.0,0.0,0.0,0.0024708505662885275,0.0,0.0
6663,0.0024733256379360934,x_positive,0.0,0.0,0.0,0.0024733256379360934,0.0,0.0
6664,0.002056116825275279,x_positive,0.0,0.0,0.0,0.002056116825275279,0.0,0.0
6665,0.0020578642061714935,x_positive,0.0,0.0,0.0,0.0020578642061714935,0.0,0.0
6666,0.001617590410366873,x_positive,0.0,0.0,0.0,0.001617590410366873,0.0,0.0
6667,0.0016198499855094365,x_positive,0.0,0.0,0.0,0.0016198499855094365,0.0,0.0
6668,0.0011860215544620527,y_negative,0.0,0.0,0.0,0.0011860215544620527,0.0,0.0
6669,0.0011870396707934965,y_negative,0.0,0.0,0.0,0.0011870396707934965,0.0,0.0
6670,0.0008910911311514383,y_negative,0.0,0.0,0.0,0.0008910911311514383,0.0,0.0
6671,0.0008916957254131196,y_negative,0.0,0.0,0.0,0.0008916957254131196,0.0,0.0
6672,0.000868773159000867,y_negative,0.0,0.0,0.0,0.000868773159000867,0.0,0.0
6673,0.0008697055500855527,y_negative,0.0,0.0,0.0,0.0008697055500855527,0.0,0.0
6674,0.001029498110855466,x_negative,0.0,0.0,0.0,0.001029498110855466,0.0,0.0
6675,0.0010300769522250802,x_negative,0.0,0.0,0.0,0.0010300769522250802,0.0,0.0
6676,0.0014342236566728683,x_negative,0.0,0.0,0.0,0.0014342236566728683,0.0,0.0
6677,0.0014361556463000208,x_negative,0.0,0.0,0.0,0.0014361556463000208,0.0,0.0
6678,0.001889634570904034,x_negative,0.0,0.0,0.0,0.001889634570904034,0.0,0.0
6679,0.001891080947148075,x_negative,0.0,0.0,0.0,0.001891080947148075,0.0,0.0
6680,0.00233340520415106,x_negative,0.0,0.0,0.0,0.00233340520415106,0.0,0.0
6681,0.0023361038731302525,x_negative,0.0,0.0,0.0,0.0023361038731302525,0.0,0.0
6682,0.0027465213961244245,x_negative,0.0,0.0,0.0,0.0027465213961244245,0.0,0.0
6683,0.0027493704767098674,x_negative,0.0,0.0,0.0,0.0027493704767098674,0.0,0.0
6684,0.0031175701220039816,x_negative,0.0,0.0,0.0,0.0031175701220039816,0.0,0.0
6685,0.003120708678636217,x_negative,0.0,0.0,0.0,0.003120708678636217,0.0,0.0
6686,0.0034385176966281105,x_negative,0.0,0.0,0.0,0.0034385176966281105,0.0,0.0
6687,0.003441435518913563,x_negative,0.0,0.0,0.0,0.003441435518913563,0.0,0.0
6688,0.0037029189255880506,x_negative,0.0,0.0,0.0,0.0037029189255880506,0.0,0.0
6689,0.0037069123745111275,x_negative,0.0,0.0,0.0,0.0037069123745111275,0.0,0.0
6690,0.003908392755749085,x_negative,0.0,0.0,0.0,0.003908392755749085,0.0,0.0
6691,0.003911594107553556,x_negative,0.0,0.0,0.0,0.003911594107553556,0.0,0.0
6692,0.004056019754150878,x_negative,0.0,0.0,0.0,0.004056019754150878,0.0,0.0
6693,0.004059512962020009,x_negative,0.0,0.0,0.0,0.004059512962020009,0.0,0.0
6694,0.004144087299918224,x_negative,0.0,0.0,0.0,0.004144087299918224,0.0,0.0
6695,0.004148520600080154,x_negative,0.0,0.0,0.0,0.004148520600080154,0.0,0.0
6696,0.004157839709447253,x_negative,0.0,0.0,0.0,0.004157839709447253,0.0,0.0
6697,0.0041624065096927095,x_negative,0.0,0.0,0.0,0.0041624065096927095,0.0,0.0
6698,0.004096086816849783,x_negative,0.0,0.0,0.0,0.004096086816849783,0.0,0.0
6699,0.004099544389433243,x_negative,0.0,0.0,0.0,0.004099544389433243,0.0,0.0
6700,0.003958036181525791,x_negative,0.0,0.0,0.0,0.003958036181525791,0.0,0.0
6701,0.003961362219399046,x_negative,0.0,0.0,0.0,0.003961362219399046,0.0,0.0
6702,0.003745367856140054,x_negative,0.0,0.0,0.0,0.003745367856140054,0.0,0.0
6703,0.003749073251471066,x_negative,0.0,0.0,0.0,0.003749073251471066,0.0,0.0
6704,0.0034642340872350834,x_negative,0.0,0.0,0.0,0.0034642340872350834,0.0,0.0
6705,0.0034679445004898173,x_negative,0.0,0.0,0.0,0.0034679445004898173,0.0,0.0
6706,0.003123201564788335,x_negative,0.0,0.0,0.0,0.003123201564788335,0.0,0.0
6707,0.003125607379512679,x_negative,0.0,0.0,0.0,0.003125607379512679,0.0,0.0
6708,0.002729983999842298,x_negative,0.0,0.0,0.0,0.002729983999842298,0.0,0.0
6709,0.002733010650766541,x_negative,0.0,0.0,0.0,0.002733010650766541,0.0,0.0
6710,0.0022946143524323016,x_negative,0.0,0.0,0.0,0.0022946143524323016,0.0,0.0
6711,0.0022968454387465066,x_negative,0.0,0.0,0.0,0.0022968454387465066,0.0,0.0
6712,0.0018254906851879324,x_negative,0.0,0.0,0.0,0.0018254906851879324,0.0,0.0
6713,0.001827534565475597,x_negative,0.0,0.0,0.0,0.001827534565475597,0.0,0.0
6714,0.001330319377895149,x_negative,0.0,0.0,0.0,0.001330319377895149,0.0,0.0
6715,0.0013317067874690236,x_negative,0.0,0.0,0.0,0.0013317067874690236,0.0,0.0
6716,0.0008141150617830295,x_negative,0.0,0.0,0.0,0.0008141150617830295,0.0,0.0
6717,0.0008150545261389837,x_negative,0.0,0.0,0.0,0.0008150545261389837,0.0,0.0
6718,0.0002747776890359591,x_negative,0.0,0.0,0.0,0.0002747776890359591,0.0,0.0
6719,0.0002751011238945328,x_negative,0.0,0.0,0.0,0.0002751011238945328,0.0,0.0
6720,0.0002818146195882671,x_positive,0.0,0.0,0.0,0.0002818146195882671,0.0,0.0
6721,0.0002825347795335115,x_positive,0.0,0.0,0.0,0.0002825347795335115,0.0,0.0
6722,0.0008324442586509834,x_positive,0.0,0.0,0.0,0.0008324442586509834,0.0,0.0
6723,0.0008344528810231858,x_positive,0.0,0.0,0.0,0.0008344528810231858,0.0,0.0
6724,0.0013567118139240332,x_positive,0.0,0.0,0.0,0.0013567118139240332,0.0,0.0
6725,0.001360757147799308,x_positive,0.0,0.0,0.0,0.001360757147799308,0.0,0.0
6726,0.0018636877979802612,x_positive,0.0,0.0,0.0,0.0018636877979802612,0.0,0.0
6727,0.0018686105094128465,x_positive,0.0,0.0,0.0,0.0018686105094128465,0.0,0.0
6728,0.0023413477161153985,x_positive,0.0,0.0,0.0,0.0023413477161153985,0.0,0.0
6729,0.0023471635374052616,x_positive,0.0,0.0,0.0,0.0023471635374052616,0.0,0.0
6730,0.002779514715417599,x_positive,0.0,0.0,0.0,0.002779514715417599,0.0,0.0
6731,0.002786575647809376,x_positive,0.0,0.0,0.0,0.002786575647809376,0.0,0.0
6732,0.003167279026919474,x_positive,0.0,0.0,0.0,0.003167279026919474,0.0,0.0
6733,0.003175884189576772,x_positive,0.0,0.0,0.0,0.003175884189576772,0.0,0.0
6734,0.0034966808880036496,x_positive,0.0,0.0,0.0,0.0034966808880036496,0.0,0.0
6735,0.003505205659891243,x_positive,0.0,0.0,0.0,0.003505205659891243,0.0,0.0
6736,0.0037574979062444977,x_positive,0.0,0.0,0.0,0.0037574979062444977,0.0,0.0
6737,0.00376758301847044,x_positive,0.0,0.0,0.0,0.00376758301847044,0.0,0.0
6738,0.003948657215073152,x_positive,0.0,0.0,0.0,0.003948657215073152,0.0,0.0
6739,0.003958995109236347,x_positive,0.0,0.0,0.0,0.003958995109236347,0.0,0.0
6740,0.0040657485237679675,x_positive,0.0,0.0,0.0,0.0040657485237679675,0.0,0.0
6741,0.004076430420493378,x_positive,0.0,0.0,0.0,0.004076430420493378,0.0,0.0
6742,0.004111708634888133,x_positive,0.0,0.0,0.0,0.004111708634888133,0.0,0.0
6743,0.004122638816122819,x_positive,0.0,0.0,0.0,0.004122638816122819,0.0,0.0
6744,0.004088293891601483,x_positive,0.0,0.0,0.0,0.004088293891601483,0.0,0.0
6745,0.004099097035015098,x_positive,0.0,0.0,0.0,0.004099097035015098,0.0,0.0
6746,0.004004612187730855,x_positive,0.0,0.0,0.0,0.004004612187730855,0.0,0.0
6747,0.004014885084823178,x_positive,0.0,0.0,0.0,0.004014885084823178,0.0,0.0
6748,0.003873596209891932,x_positive,0.0,0.0,0.0,0.003873596209891932,0.0,0.0
6749,0.0038831478129555696,x_positive,0.0,0.0,0.0,0.0038831478129555696,0.0,0.0
6750,0.0036888736225278566,x_positive,0.0,0.0,0.0,0.0036888736225278566,0.0,0.0
6751,0.0036987430620852657,x_positive,0.0,0.0,0.0,0.0036987430620852657,0.0,0.0
6752,0.0034501580239192672,x_positive,0.0,0.0,0.0,0.0034501580239192672,0.0,0.0
6753,0.0034595982831538913,x_positive,0.0,0.0,0.0,0.0034595982831538913,0.0,0.0
6754,0.003160056088138773,x_positive,0.0,0.0,0.0,0.003160056088138773,0.0,0.0
6755,0.0031682235779097864,x_positive,0.0,0.0,0.0,0.0031682235779097864,0.0,0.0
6756,0.0028228847756493485,x_positive,0.0,0.0,0.0,0.0028228847756493485,0.0,0.0
6757,0.0028300144380029616,x_positive,0.0,0.0,0.0,0.0028300144380029616,0.0,0.0
6758,0.0024431570224066933,x_positive,0.0,0.0,0.0,0.0024431570224066933,0.0,0.0
6759,0.0024504281857647887,x_positive,0.0,0.0,0.0,0.0024504281857647887,0.0,0.0
6760,0.002034062971870683,x_positive,0.0,0.0,0.0,0.002034062971870683,0.0,0.0
6761,0.002038738377119109,x_positive,0.0,0.0,0.0,0.002038738377119109,0.0,0.0
6762,0.0016007885988385093,x_positive,0.0,0.0,0.0,0.0016007885988385093,0.0,0.0
6763,0.0016046724420214094,x_positive,0.0,0.0,0.0,0.0016046724420214094,0.0,0.0
6764,0.0011733960245806075,y_negative,0.0,0.0,0.0,0.0011733960245806075,0.0,0.0
6765,0.0011766617832146373,y_negative,0.0,0.0,0.0,0.0011766617832146373,0.0,0.0
6766,0.0008813842250895556,y_negative,0.0,0.0,0.0,0.0008813842250895556,0.0,0.0
6767,0.0008838555385854544,y_negative,0.0,0.0,0.0,0.0008838555385854544,0.0,0.0
6768,0.0008589773355018187,y_negative,0.0,0.0,0.0,0.0008589773355018187,0.0,0.0
6769,0.0008613649547541718,y_negative,0.0,0.0,0.0,0.0008613649547541718,0.0,0.0
6770,0.00101778753712945,x_negative,0.0,0.0,0.0,0.00101778753712945,0.0,0.0
6771,0.001020595773111118,x_negative,0.0,0.0,0.0,0.001020595773111118,0.0,0.0
6772,0.0014185622817747237,x_negative,0.0,0.0,0.0,0.0014185622817747237,0.0,0.0
6773,0.0014220113491115972,x_negative,0.0,0.0,0.0,0.0014220113491115972,0.0,0.0
6774,0.0018680340146513574,x_negative,0.0,0.0,0.0,0.0018680340146513574,0.0,0.0
6775,0.001873195846084247,x_negative,0.0,0.0,0.0,0.001873195846084247,0.0,0.0
6776,0.0023067483630354697,x_negative,0.0,0.0,0.0,0.0023067483630354697,0.0,0.0
6777,0.0023130728561077244,x_negative,0.0,0.0,0.0,0.0023130728561077244,0.0,0.0
6778,0.0027162477909255735,x_negative,0.0,0.0,0.0,0.0027162477909255735,0.0,0.0
6779,0.0027227783552748364,x_negative,0.0,0.0,0.0,0.0027227783552748364,0.0,0.0
6780,0.0030835699341871157,x_negative,0.0,0.0,0.0,0.0030835699341871157,0.0,0.0
6781,0.0030912245750192744,x_negative,0.0,0.0,0.0,0.0030912245750192744,0.0,0.0
6782,0.0034000077959572945,x_negative,0.0,0.0,0.0,0.0034000077959572945,0.0,0.0
6783,0.0034093877189289397,x_negative,0.0,0.0,0.0,0.0034093877189289397,0.0,0.0
6784,0.003661444555017143,x_negative,0.0,0.0,0.0,0.003661444555017143,0.0,0.0
6785,0.003671471127242317,x_negative,0.0,0.0,0.0,0.003671471127242317,0.0,0.0
6786,0.0038647519681372427,x_negative,0.0,0.0,0.0,0.0038647519681372427,0.0,0.0
6787,0.0038742852836650145,x_negative,0.0,0.0,0.0,0.0038742852836650145,0.0,0.0
6788,0.004010096205867839,x_negative,0.0,0.0,0.0,0.004010096205867839,0.0,0.0
6789,0.004020890114303018,x_negative,0.0,0.0,0.0,0.004020890114303018,0.0,0.0
6790,0.004097149453498289,x_negative,0.0,0.0,0.0,0.004097149453498289,0.0,0.0
6791,0.0041079168183087225,x_negative,0.0,0.0,0.0,0.0041079168183087225,0.0,0.0
6792,0.004112539431227504,x_negative,0.0,0.0,0.0,0.004112539431227504,0.0,0.0
6793,0.004122136160362131,x_negative,0.0,0.0,0.0,0.004122136160362131,0.0,0.0
6794,0.0040497330654298575,x_negative,0.0,0.0,0.0,0.0040497330654298575,0.0,0.0
6795,0.004061495577160288,x_negative,0.0,0.0,0.0,0.004061495577160288,0.0,0.0
6796,0.003912632009401936,x_negative,0.0,0.0,0.0,0.003912632009401936,0.0,0.0
6797,0.003922794014748879,x_negative,0.0,0.0,0.0,0.003922794014748879,0.0,0.0
6798,0.003702339876981252,x_negative,0.0,0.0,0.0,0.003702339876981252,0.0,0.0
6799,0.0037122261985159453,x_negative,0.0,0.0,0.0,0.0037122261985159453,0.0,0.0
6800,0.003425166130327576,x_negative,0.0,0.0,0.0,0.003425166130327576,0.0,0.0
6801,0.003434058902578295,x_negative,0.0,0.0,0.0,0.003434058902578295,0.0,0.0
6802,0.0030873002095456585,x_negative,0.0,0.0,0.0,0.0030873002095456585,0.0,0.0
6803,0.003095521625915222,x_negative,0.0,0.0,0.0,0.003095521625915222,0.0,0.0
6804,0.002699617546389248,x_negative,0.0,0.0,0.0,0.002699617546389248,0.0,0.0
6805,0.002706180780067313,x_negative,0.0,0.0,0.0,0.002706180780067313,0.0,0.0
6806,0.0022692312260904806,x_negative,0.0,0.0,0.0,0.0022692312260904806,0.0,0.0
6807,0.002275157939848763,x_negative,0.0,0.0,0.0,0.002275157939848763,0.0,0.0
6808,0.0018053229065755818,x_negative,0.0,0.0,0.0,0.0018053229065755818,0.0,0.0
6809,0.001809903796962141,x_negative,0.0,0.0,0.0,0.001809903796962141,0.0,0.0
6810,0.0013154192308052117,x_negative,0.0,0.0,0.0,0.0013154192308052117,0.0,0.0
6811,0.0013189941954752232,x_negative,0.0,0.0,0.0,0.0013189941954752232,0.0,0.0
6812,0.0008051916764251989,x_negative,0.0,0.0,0.0,0.0008051916764251989,0.0,0.0
6813,0.0008072191065113745,x_negative,0.0,0.0,0.0,0.0008072191065113745,0.0,0.0
6814,0.000271763561774115,x_negative,0.0,0.0,0.0,0.000271763561774115,0.0,0.0
6815,0.00027249156530789417,x_negative,0.0,0.0,0.0,0.00027249156530789417,0.0,0.0
6816,0.0002771946261269379,x_positive,0.0,0.0,0.0,0.0002771946261269379,0.0,0.0
6817,0.00027816267002280523,x_positive,0.0,0.0,0.0,0.00027816267002280523,0.0,0.0
6818,0.0008172492948664665,x_positive,0.0,0.0,0.0,0.0008172492948664665,0.0,0.0
6819,0.0008218120361732379,x_positive,0.0,0.0,0.0,0.0008218120361732379,0.0,0.0
6820,0.0013328794375736487,x_positive,0.0,0.0,0.0,0.0013328794375736487,0.0,0.0
6821,0.0013393509601602653,x_positive,0.0,0.0,0.0,0.0013393509601602653,0.0,0.0
6822,0.0018309548889514399,x_positive,0.0,0.0,0.0,0.0018309548889514399,0.0,0.0
6823,0.001839959352938948,x_positive,0.0,0.0,0.0,0.001839959352938948,0.0,0.0
6824,0.002300242966817412,x_positive,0.0,0.0,0.0,0.002300242966817412,0.0,0.0
6825,0.0023116061952037272,x_positive,0.0,0.0,0.0,0.0023116061952037272,0.0,0.0
6826,0.002729504004557,x_positive,0.0,0.0,0.0,0.002729504004557,0.0,0.0
6827,0.0027439280240548034,x_positive,0.0,0.0,0.0,0.0027439280240548034,0.0,0.0
6828,0.003111194202715025,x_positive,0.0,0.0,0.0,0.003111194202715025,0.0,0.0
6829,0.00312650872068576,x_positive,0.0,0.0,0.0,0.00312650872068576,0.0,0.0
6830,0.0034347367511686176,x_positive,0.0,0.0,0.0,0.0034347367511686176,0.0,0.0
6831,0.0034514202517360953,x_positive,0.0,0.0,0.0,0.0034514202517360953,0.0,0.0
6832,0.003690385098924328,x_positive,0.0,0.0,0.0,0.003690385098924328,0.0,0.0
6833,0.003709855800739737,x_positive,0.0,0.0,0.0,0.003709855800739737,0.0,0.0
6834,0.0038789796443497076,x_positive,0.0,0.0,0.0,0.0038789796443497076,0.0,0.0
6835,0.0038977602858132456,x_positive,0.0,0.0,0.0,0.0038977602858132456,0.0,0.0
6836,0.003993705545232658,x_positive,0.0,0.0,0.0,0.003993705545232658,0.0,0.0
6837,0.004013703415045922,x_positive,0.0,0.0,0.0,0.004013703415045922,0.0,0.0
6838,0.0040381060170617215,x_positive,0.0,0.0,0.0,0.0040381060170617215,0.0,0.0
6839,0.004059091554683645,x_positive,0.0,0.0,0.0,0.004059091554683645,0.0,0.0
6840,0.004016771821723462,x_positive,0.0,0.0,0.0,0.004016771821723462,0.0,0.0
6841,0.004035827349089706,x_positive,0.0,0.0,0.0,0.004035827349089706,0.0,0.0
6842,0.003933509445180564,x_positive,0.0,0.0,0.0,0.003933509445180564,0.0,0.0
6843,0.003953985145581474,x_positive,0.0,0.0,0.0,0.003953985145581474,0.0,0.0
6844,0.003804548200164483,x_positive,0.0,0.0,0.0,0.003804548200164483,0.0,0.0
6845,0.0038235692184847504,x_positive,0.0,0.0,0.0,0.0038235692184847504,0.0,0.0
6846,0.003623206963464397,x_positive,0.0,0.0,0.0,0.003623206963464397,0.0,0.0
6847,0.003641677583119378,x_positive,0.0,0.0,0.0,0.003641677583119378,0.0,0.0
6848,0.0033895096512847555,x_positive,0.0,0.0,0.0,0.0033895096512847555,0.0,0.0
6849,0.003406176618610025,x_positive,0.0,0.0,0.0,0.003406176618610025,0.0,0.0
6850,0.0031043573474532037,x_positive,0.0,0.0,0.0,0.0031043573474532037,0.0,0.0
6851,0.0031199496056990078,x_positive,0.0,0.0,0.0,0.0031199496056990078,0.0,0.0
6852,0.002772660508725943,x_positive,0.0,0.0,0.0,0.002772660508725943,0.0,0.0
6853,0.0027873810780302665,x_positive,0.0,0.0,0.0,0.0027873810780302665,0.0,0.0
6854,0.0024010221099775558,x_positive,0.0,0.0,0.0,0.0024010221099775558,0.0,0.0
6855,0.0024125083592584713,x_positive,0.0,0.0,0.0,0.0024125083592584713,0.0,0.0
6856,0.001998135179169089,x_positive,0.0,0.0,0.0,0.001998135179169089,0.0,0.0
6857,0.0020083414703658026,x_positive,0.0,0.0,0.0,0.0020083414703658026,0.0,0.0
6858,0.0015723355338019395,x_positive,0.0,0.0,0.0,0.0015723355338019395,0.0,0.0
6859,0.0015806188776203026,x_positive,0.0,0.0,0.0,0.0015806188776203026,0.0,0.0
6860,0.0011530673180489418,y_negative,0.0,0.0,0.0,0.0011530673180489418,0.0,0.0
6861,0.0011586152505133657,y_negative,0.0,0.0,0.0,0.0011586152505133657,0.0,0.0
6862,0.0008662232896937829,y_negative,0.0,0.0,0.0,0.0008662232896937829,0.0,0.0
6863,0.0008705111323687675,y_negative,0.0,0.0,0.0,0.0008705111323687675,0.0,0.0
6864,0.0008438824311888776,y_negative,0.0,0.0,0.0,0.0008438824311888776,0.0,0.0
6865,0.0008480900852187807,y_negative,0.0,0.0,0.0,0.0008480900852187807,0.0,0.0
6866,0.00099937711937206,x_negative,0.0,0.0,0.0,0.00099937711937206,0.0,0.0
6867,0.001004301259847845,x_negative,0.0,0.0,0.0,0.001004301259847845,0.0,0.0
6868,0.0013925888990053484,x_negative,0.0,0.0,0.0,0.0013925888990053484,0.0,0.0
6869,0.0014000992289021521,x_negative,0.0,0.0,0.0,0.0014000992289021521,0.0,0.0
6870,0.0018351202958633286,x_negative,0.0,0.0,0.0,0.0018351202958633286,0.0,0.0
6871,0.0018438411468589396,x_negative,0.0,0.0,0.0,0.0018438411468589396,0.0,0.0
6872,0.0022662883783594948,x_negative,0.0,0.0,0.0,0.0022662883783594948,0.0,0.0
6873,0.0022773294249280687,x_negative,0.0,0.0,0.0,0.0022773294249280687,0.0,0.0
6874,0.0026672871173260677,x_negative,0.0,0.0,0.0,0.0026672871173260677,0.0,0.0
6875,0.0026812047807510606,x_negative,0.0,0.0,0.0,0.0026812047807510606,0.0,0.0
6876,0.003027706241972948,x_negative,0.0,0.0,0.0,0.003027706241972948,0.0,0.0
6877,0.0030430953536703565,x_negative,0.0,0.0,0.0,0.0030430953536703565,0.0,0.0
6878,0.003339135215847161,x_negative,0.0,0.0,0.0,0.003339135215847161,0.0,0.0
6879,0.003355930031547759,x_negative,0.0,0.0,0.0,0.003355930031547759,0.0,0.0
6880,0.003596312349496892,x_negative,0.0,0.0,0.0,0.003596312349496892,0.0,0.0
6881,0.0036142459490988736,x_negative,0.0,0.0,0.0,0.0036142459490988736,0.0,0.0
6882,0.003795325416254957,x_negative,0.0,0.0,0.0,0.003795325416254957,0.0,0.0
6883,0.0038147111506375867,x_negative,0.0,0.0,0.0,0.0038147111506375867,0.0,0.0
6884,0.003938684770632662,x_negative,0.0,0.0,0.0,0.003938684770632662,0.0,0.0
6885,0.003958133624830997,x_negative,0.0,0.0,0.0,0.003958133624830997,0.0,0.0
6886,0.004023946258462736,x_negative,0.0,0.0,0.0,0.004023946258462736,0.0,0.0
6887,0.004044530931588605,x_negative,0.0,0.0,0.0,0.004044530931588605,0.0,0.0
6888,0.004037772141437149,x_negative,0.0,0.0,0.0,0.004037772141437149,0.0,0.0
6889,0.004058401277766431,x_negative,0.0,0.0,0.0,0.004058401277766431,0.0,0.0
6890,0.003976913923183376,x_negative,0.0,0.0,0.0,0.003976913923183376,0.0,0.0
6891,0.003997183840565774,x_negative,0.0,0.0,0.0,0.003997183840565774,0.0,0.0
6892,0.0038433850570018316,x_negative,0.0,0.0,0.0,0.0038433850570018316,0.0,0.0
6893,0.003861762333036398,x_negative,0.0,0.0,0.0,0.003861762333036398,0.0,0.0
6894,0.003636895066844333,x_negative,0.0,0.0,0.0,0.003636895066844333,0.0,0.0
6895,0.00365506618298386,x_negative,0.0,0.0,0.0,0.00365506618298386,0.0,0.0
6896,0.0033640006605669785,x_negative,0.0,0.0,0.0,0.0033640006605669785,0.0,0.0
6897,0.0033812015674640292,x_negative,0.0,0.0,0.0,0.0033812015674640292,0.0,0.0
6898,0.0030324267972625927,x_negative,0.0,0.0,0.0,0.0030324267972625927,0.0,0.0
6899,0.0030477341936042653,x_negative,0.0,0.0,0.0,0.0030477341936042653,0.0,0.0
6900,0.0026509069396697814,x_negative,0.0,0.0,0.0,0.0026509069396697814,0.0,0.0
6901,0.0026644016957115394,x_negative,0.0,0.0,0.0,0.0026644016957115394,0.0,0.0
6902,0.0022285706537965074,x_negative,0.0,0.0,0.0,0.0022285706537965074,0.0,0.0
6903,0.002239697136836841,x_negative,0.0,0.0,0.0,0.002239697136836841,0.0,0.0
6904,0.0017731415722257262,x_negative,0.0,0.0,0.0,0.0017731415722257262,0.0,0.0
6905,0.0017820540228523267,x_negative,0.0,0.0,0.0,0.0017820540228523267,0.0,0.0
6906,0.0012920951638145711,x_negative,0.0,0.0,0.0,0.0012920951638145711,0.0,0.0
6907,0.0012984145854295366,x_negative,0.0,0.0,0.0,0.0012984145854295366,0.0,0.0
6908,0.0007908020303507736,x_negative,0.0,0.0,0.0,0.0007908020303507736,0.0,0.0
6909,0.000794834563263886,x_negative,0.0,0.0,0.0,0.000794834563263886,0.0,0.0
6910,0.00026720167905910957,x_negative,0.0,0.0,0.0,0.00026720167905910957,0.0,0.0
6911,0.00026828653775859857,x_negative,0.0,0.0,0.0,0.00026828653775859857,0.0,0.0
6912,0.00026994258414094266,x_positive,0.0,0.0,0.0,0.00026994258414094266,0.0,0.0
6913,0.0002724852724426713,x_positive,0.0,0.0,0.0,0.0002724852724426713,0.0,0.0
6914,0.0007969635065542109,x_positive,0.0,0.0,0.0,0.0007969635065542109,0.0,0.0
6915,0.0008032373776954884,x_positive,0.0,0.0,0.0,0.0008032373776954884,0.0,0.0
6916,0.0012994882003137345,x_positive,0.0,0.0,0.0,0.0012994882003137345,0.0,0.0
6917,0.0013099668590470623,x_positive,0.0,0.0,0.0,0.0013099668590470623,0.0,0.0
6918,0.0017849439691196077,x_positive,0.0,0.0,0.0,0.0017849439691196077,0.0,0.0
6919,0.0017997491233224087,x_positive,0.0,0.0,0.0,0.0017997491233224087,0.0,0.0
6920,0.0022417234357022856,x_positive,0.0,0.0,0.0,0.0022417234357022856,0.0,0.0
6921,0.0022605070060407093,x_positive,0.0,0.0,0.0,0.0022605070060407093,0.0,0.0
6922,0.0026617217417105655,x_positive,0.0,0.0,0.0,0.0026617217417105655,0.0,0.0
6923,0.002682672779388526,x_positive,0.0,0.0,0.0,0.002682672779388526,0.0,0.0
6924,0.0030334551761297098,x_positive,0.0,0.0,0.0,0.0030334551761297098,0.0,0.0
6925,0.0030582519108356436,x_positive,0.0,0.0,0.0,0.0030582519108356436,0.0,0.0
6926,0.0033474417491894696,x_positive,0.0,0.0,0.0,0.0033474417491894696,0.0,0.0
6927,0.0033757159255805415,x_positive,0.0,0.0,0.0,0.0033757159255805415,0.0,0.0
6928,0.0035979837270514055,x_positive,0.0,0.0,0.0,0.0035979837270514055,0.0,0.0
6929,0.003626803530927587,x_positive,0.0,0.0,0.0,0.003626803530927587,0.0,0.0
6930,0.0037809718399968864,x_positive,0.0,0.0,0.0,0.0037809718399968864,0.0,0.0
6931,0.0038121075729363116,x_positive,0.0,0.0,0.0,0.0038121075729363116,0.0,0.0
6932,0.003893378339657066,x_positive,0.0,0.0,0.0,0.003893378339657066,0.0,0.0
6933,0.00392480053644735,x_positive,0.0,0.0,0.0,0.00392480053644735,0.0,0.0
6934,0.003937173130347608,x_positive,0.0,0.0,0.0,0.003937173130347608,0.0,0.0
6935,0.003969278304415364,x_positive,0.0,0.0,0.0,0.003969278304415364,0.0,0.0
6936,0.003914376316447212,x_positive,0.0,0.0,0.0,0.003914376316447212,0.0,0.0
6937,0.0039470851930016974,x_positive,0.0,0.0,0.0,0.0039470851930016974,0.0,0.0
6938,0.0038345276078258043,x_positive,0.0,0.0,0.0,0.0038345276078258043,0.0,0.0
6939,0.003865630249257752,x_positive,0.0,0.0,0.0,0.003865630249257752,0.0,0.0
6940,0.0037086888439931496,x_positive,0.0,0.0,0.0,0.0037086888439931496,0.0,0.0
6941,0.003739002554822409,x_positive,0.0,0.0,0.0,0.003739002554822409,0.0,0.0
6942,0.0035321798536180737,x_positive,0.0,0.0,0.0,0.0035321798536180737,0.0,0.0
6943,0.0035610824431550137,x_positive,0.0,0.0,0.0,0.0035610824431550137,0.0,0.0
6944,0.0033036068190575364,x_positive,0.0,0.0,0.0,0.0033036068190575364,0.0,0.0
6945,0.0033311322139722233,x_positive,0.0,0.0,0.0,0.0033311322139722233,0.0,0.0
6946,0.003026337345232651,x_positive,0.0,0.0,0.0,0.003026337345232651,0.0,0.0
6947,0.003050559294713234,x_positive,0.0,0.0,0.0,0.003050559294713234,0.0,0.0
6948,0.002703819945416057,x_positive,0.0,0.0,0.0,0.002703819945416057,0.0,0.0
6949,0.0027256973353050147,x_positive,0.0,0.0,0.0,0.0027256973353050147,0.0,0.0
6950,0.0023414439938403272,x_positive,0.0,0.0,0.0,0.0023414439938403272,0.0,0.0
6951,0.002360535813299966,x_positive,0.0,0.0,0.0,0.002360535813299966,0.0,0.0
6952,0.0019484997737971208,x_positive,0.0,0.0,0.0,0.0019484997737971208,0.0,0.0
6953,0.0019649542608742242,x_positive,0.0,0.0,0.0,0.0019649542608742242,0.0,0.0
6954,0.0015342346474624701,x_positive,0.0,0.0,0.0,0.0015342346474624701,0.0,0.0
6955,0.0015462762377721074,x_positive,0.0,0.0,0.0,0.0015462762377721074,0.0,0.0
6956,0.001125022126987159,y_negative,0.0,0.0,0.0,0.001125022126987159,0.0,0.0
6957,0.0011345097498974038,y_negative,0.0,0.0,0.0,0.0011345097498974038,0.0,0.0
6958,0.0008453736505669715,y_negative,0.0,0.0,0.0,0.0008453736505669715,0.0,0.0
6959,0.0008523319216747318,y_negative,0.0,0.0,0.0,0.0008523319216747318,0.0,0.0
6960,0.0008233474770462794,y_negative,0.0,0.0,0.0,0.0008233474770462794,0.0,0.0
6961,0.0008301046846178459,y_negative,0.0,0.0,0.0,0.0008301046846178459,0.0,0.0
6962,0.0009739748475766823,x_negative,0.0,0.0,0.0,0.0009739748475766823,0.0,0.0
6963,0.0009820491867309701,x_negative,0.0,0.0,0.0,0.0009820491867309701,0.0,0.0
6964,0.0013576740182259788,x_negative,0.0,0.0,0.0,0.0013576740182259788,0.0,0.0
6965,0.0013681539083311661,x_negative,0.0,0.0,0.0,0.0013681539083311661,0.0,0.0
6966,0.0017877407063248065,x_negative,0.0,0.0,0.0,0.0017877407063248065,0.0,0.0
6967,0.0018028470529330197,x_negative,0.0,0.0,0.0,0.0018028470529330197,0.0,0.0
6968,0.0022075510202772468,x_negative,0.0,0.0,0.0,0.0022075510202772468,0.0,0.0
6969,0.0022258929517686874,x_negative,0.0,0.0,0.0,0.0022258929517686874,0.0,0.0
6970,0.0025989816413172647,x_negative,0.0,0.0,0.0,0.0025989816413172647,0.0,0.0
6971,0.0026201640668027204,x_negative,0.0,0.0,0.0,0.0026201640668027204,0.0,0.0
6972,0.002949938791215013,x_negative,0.0,0.0,0.0,0.002949938791215013,0.0,0.0
6973,0.0029740263453488488,x_negative,0.0,0.0,0.0,0.0029740263453488488,0.0,0.0
6974,0.003254086329962889,x_negative,0.0,0.0,0.0,0.003254086329962889,0.0,0.0
6975,0.0032802053380566556,x_negative,0.0,0.0,0.0,0.0032802053380566556,0.0,0.0
6976,0.0035045573032531398,x_negative,0.0,0.0,0.0,0.0035045573032531398,0.0,0.0
6977,0.0035329815340983256,x_negative,0.0,0.0,0.0,0.0035329815340983256,0.0,0.0
6978,0.0036986077017862064,x_negative,0.0,0.0,0.0,0.0036986077017862064,0.0,0.0
6979,0.003729283935888187,x_negative,0.0,0.0,0.0,0.003729283935888187,0.0,0.0
6980,0.0038374899301717278,x_negative,0.0,0.0,0.0,0.0038374899301717278,0.0,0.0
6981,0.0038692880051468203,x_negative,0.0,0.0,0.0,0.0038692880051468203,0.0,0.0
6982,0.003921017357923329,x_negative,0.0,0.0,0.0,0.003921017357923329,0.0,0.0
6983,0.0039530212291980305,x_negative,0.0,0.0,0.0,0.0039530212291980305,0.0,0.0
6984,0.003935294027038583,x_negative,0.0,0.0,0.0,0.003935294027038583,0.0,0.0
6985,0.003966714164759488,x_negative,0.0,0.0,0.0,0.003966714164759488,0.0,0.0
6986,0.0038766584814657824,x_negative,0.0,0.0,0.0,0.0038766584814657824,0.0,0.0
6987,0.003907714862024223,x_negative,0.0,0.0,0.0,0.003907714862024223,0.0,0.0
6988,0.003744574564552029,x_negative,0.0,0.0,0.0,0.003744574564552029,0.0,0.0
6989,0.0037764456103918376,x_negative,0.0,0.0,0.0,0.0037764456103918376,0.0,0.0
6990,0.00354409816943587,x_negative,0.0,0.0,0.0,0.00354409816943587,0.0,0.0
6991,0.0035723585446457294,x_negative,0.0,0.0,0.0,0.0035723585446457294,0.0,0.0
6992,0.003277810223009912,x_negative,0.0,0.0,0.0,0.003277810223009912,0.0,0.0
6993,0.0033051134124448957,x_negative,0.0,0.0,0.0,0.0033051134124448957,0.0,0.0
6994,0.0029552059323978857,x_negative,0.0,0.0,0.0,0.0029552059323978857,0.0,0.0
6995,0.0029790286613611476,x_negative,0.0,0.0,0.0,0.0029790286613611476,0.0,0.0
6996,0.0025837605832688304,x_negative,0.0,0.0,0.0,0.0025837605832688304,0.0,0.0
6997,0.002604543448842925,x_negative,0.0,0.0,0.0,0.002604543448842925,0.0,0.0
6998,0.0021717687176127385,x_negative,0.0,0.0,0.0,0.0021717687176127385,0.0,0.0
6999,0.002189883937280565,x_negative,0.0,0.0,0.0,0.002189883937280565,0.0,0.0
7000,0.0017279940105781174,x_negative,0.0,0.0,0.0,0.0017279940105781174,0.0,0.0
7001,0.0017420589073677607,x_negative,0.0,0.0,0.0,0.0017420589073677607,0.0,0.0
7002,0.0012591335960754901,x_negative,0.0,0.0,0.0,0.0012591335960754901,0.0,0.0
7003,0.0012695860291264231,x_negative,0.0,0.0,0.0,0.0012695860291264231,0.0,0.0
7004,0.0007707582195815263,x_negative,0.0,0.0,0.0,0.0007707582195815263,0.0,0.0
7005,0.0007770329621826258,x_negative,0.0,0.0,0.0,0.0007770329621826258,0.0,0.0
7006,0.0002602705910171673,x_negative,0.0,0.0,0.0,0.0002602705910171673,0.0,0.0
7007,0.00026258022033997467,x_negative,0.0,0.0,0.0,0.00026258022033997467,0.0,0.0
7008,0.0002609767324094985,x_positive,0.0,0.0,0.0,0.0002609767324094985,0.0,0.0
7009,0.0002641511612955243,x_positive,0.0,0.0,0.0,0.0002641511612955243,0.0,0.0
7010,0.0007706556537086102,x_positive,0.0,0.0,0.0,0.0007706556537086102,0.0,0.0
7011,0.0007797619733906756,x_positive,0.0,0.0,0.0,0.0007797619733906756,0.0,0.0
7012,0.0012559618517118507,x_positive,0.0,0.0,0.0,0.0012559618517118507,0.0,0.0
7013,0.001271221334260486,x_positive,0.0,0.0,0.0,0.001271221334260486,0.0,0.0
7014,0.0017256584503130713,x_positive,0.0,0.0,0.0,0.0017256584503130713,0.0,0.0
7015,0.0017461836119304541,x_positive,0.0,0.0,0.0,0.0017461836119304541,0.0,0.0
7016,0.002167949093617056,x_positive,0.0,0.0,0.0,0.002167949093617056,0.0,0.0
7017,0.0021938016974931466,x_positive,0.0,0.0,0.0,0.0021938016974931466,0.0,0.0
7018,0.002572770548610543,x_positive,0.0,0.0,0.0,0.002572770548610543,0.0,0.0
7019,0.002604180548212636,x_positive,0.0,0.0,0.0,0.002604180548212636,0.0,0.0
7020,0.0029321769256053514,x_positive,0.0,0.0,0.0,0.0029321769256053514,0.0,0.0
7021,0.002967503826854323,x_positive,0.0,0.0,0.0,0.002967503826854323,0.0,0.0
7022,0.003236608110775017,x_positive,0.0,0.0,0.0,0.003236608110775017,0.0,0.0
7023,0.00327511511031692,x_positive,0.0,0.0,0.0,0.00327511511031692,0.0,0.0
7024,0.003478379265070492,x_positive,0.0,0.0,0.0,0.003478379265070492,0.0,0.0
7025,0.0035200401578933532,x_positive,0.0,0.0,0.0,0.0035200401578933532,0.0,0.0
7026,0.0036551850846516447,x_positive,0.0,0.0,0.0,0.0036551850846516447,0.0,0.0
7027,0.003699476617924255,x_positive,0.0,0.0,0.0,0.003699476617924255,0.0,0.0
7028,0.0037634627321697523,x_positive,0.0,0.0,0.0,0.0037634627321697523,0.0,0.0
7029,0.0038085023550899796,x_positive,0.0,0.0,0.0,0.0038085023550899796,0.0,0.0
7030,0.003806152064173218,x_positive,0.0,0.0,0.0,0.003806152064173218,0.0,0.0
7031,0.0038517763665468344,x_positive,0.0,0.0,0.0,0.0038517763665468344,0.0,0.0
7032,0.0037843499551509824,x_positive,0.0,0.0,0.0,0.0037843499551509824,0.0,0.0
7033,0.003829933414674013,x_positive,0.0,0.0,0.0,0.003829933414674013,0.0,0.0
7034,0.003706817588038448,x_positive,0.0,0.0,0.0,0.003706817588038448,0.0,0.0
7035,0.0037514713615136707,x_positive,0.0,0.0,0.0,0.0037514713615136707,0.0,0.0
7036,0.003585171614256211,x_positive,0.0,0.0,0.0,0.003585171614256211,0.0,0.0
7037,0.003628622502654152,x_positive,0.0,0.0,0.0,0.003628622502654152,0.0,0.0
7038,0.0034154854189295796,x_positive,0.0,0.0,0.0,0.0034154854189295796,0.0,0.0
7039,0.003455917374937474,x_positive,0.0,0.0,0.0,0.003455917374937474,0.0,0.0
7040,0.0031948108401550768,x_positive,0.0,0.0,0.0,0.0031948108401550768,0.0,0.0
7041,0.003233225924647077,x_positive,0.0,0.0,0.0,0.003233225924647077,0.0,0.0
7042,0.0029263890853859897,x_positive,0.0,0.0,0.0,0.0029263890853859897,0.0,0.0
7043,0.002961880630308148,x_positive,0.0,0.0,0.0,0.002961880630308148,0.0,0.0
7044,0.0026144285117987776,x_positive,0.0,0.0,0.0,0.0026144285117987776,0.0,0.0
7045,0.00264608754656887,x_positive,0.0,0.0,0.0,0.00264608754656887,0.0,0.0
7046,0.0022642074576984476,x_positive,0.0,0.0,0.0,0.0022642074576984476,0.0,0.0
7047,0.0022913355945581074,x_positive,0.0,0.0,0.0,0.0022913355945581074,0.0,0.0
7048,0.0018851456973945895,x_positive,0.0,0.0,0.0,0.0018851456973945895,0.0,0.0
7049,0.0019076787655247609,x_positive,0.0,0.0,0.0,0.0019076787655247609,0.0,0.0
7050,0.00148450132396484,x_positive,0.0,0.0,0.0,0.00148450132396484,0.0,0.0
7051,0.0015023980919123393,x_positive,0.0,0.0,0.0,0.0015023980919123393,0.0,0.0
7052,0.001089486759357893,y_negative,0.0,0.0,0.0,0.001089486759357893,0.0,0.0
7053,0.0011025095960886374,y_negative,0.0,0.0,0.0,0.0011025095960886374,0.0,0.0
7054,0.0008193562420202537,y_negative,0.0,0.0,0.0,0.0008193562420202537,0.0,0.0
7055,0.0008292354405833285,y_negative,0.0,0.0,0.0,0.0008292354405833285,0.0,0.0
7056,0.0007974067702777277,y_negative,0.0,0.0,0.0,0.0007974067702777277,0.0,0.0
7057,0.0008070433833428398,y_negative,0.0,0.0,0.0,0.0008070433833428398,0.0,0.0
7058,0.0009420099646210582,x_negative,0.0,0.0,0.0,0.0009420099646210582,0.0,0.0
7059,0.0009533009637265716,x_negative,0.0,0.0,0.0,0.0009533009637265716,0.0,0.0
7060,0.0013118843674351634,x_negative,0.0,0.0,0.0,0.0013118843674351634,0.0,0.0
7061,0.0013279269964600587,x_negative,0.0,0.0,0.0,0.0013279269964600587,0.0,0.0
7062,0.0017280247635828915,x_negative,0.0,0.0,0.0,0.0017280247635828915,0.0,0.0
7063,0.0017484633284613172,x_negative,0.0,0.0,0.0,0.0017484633284613172,0.0,0.0
7064,0.002133516245265198,x_negative,0.0,0.0,0.0,0.002133516245265198,0.0,0.0
7065,0.002159288050926593,x_negative,0.0,0.0,0.0,0.002159288050926593,0.0,0.0
7066,0.0025121217946934555,x_negative,0.0,0.0,0.0,0.0025121217946934555,0.0,0.0
7067,0.002542082594268815,x_negative,0.0,0.0,0.0,0.002542082594268815,0.0,0.0
7068,0.002851091948886158,x_negative,0.0,0.0,0.0,0.002851091948886158,0.0,0.0
7069,0.0028856819760405914,x_negative,0.0,0.0,0.0,0.0028856819760405914,0.0,0.0
7070,0.003144148978396214,x_negative,0.0,0.0,0.0,0.003144148978396214,0.0,0.0
7071,0.0031823115861771907,x_negative,0.0,0.0,0.0,0.0031823115861771907,0.0,0.0
7072,0.0033869785223705094,x_negative,0.0,0.0,0.0,0.0033869785223705094,0.0,0.0
7073,0.003426784439562936,x_negative,0.0,0.0,0.0,0.003426784439562936,0.0,0.0
7074,0.0035741761636747496,x_negative,0.0,0.0,0.0,0.0035741761636747496,0.0,0.0
7075,0.00361750011606917,x_negative,0.0,0.0,0.0,0.00361750011606917,0.0,0.0
7076,0.0037082222047033547,x_negative,0.0,0.0,0.0,0.0037082222047033547,0.0,0.0
7077,0.003753341742174803,x_negative,0.0,0.0,0.0,0.003753341742174803,0.0,0.0
7078,0.003790120514014638,x_negative,0.0,0.0,0.0,0.003790120514014638,0.0,0.0
7079,0.0038348723721611314,x_negative,0.0,0.0,0.0,0.0038348723721611314,0.0,0.0
7080,0.0038028743145939524,x_negative,0.0,0.0,0.0,0.0038028743145939524,0.0,0.0
7081,0.003848984031737928,x_negative,0.0,0.0,0.0,0.003848984031737928,0.0,0.0
7082,0.0037454385381444823,x_negative,0.0,0.0,0.0,0.0037454385381444823,0.0,0.0
7083,0.0037905737324755977,x_negative,0.0,0.0,0.0,0.0037905737324755977,0.0,0.0
7084,0.0036190079061252734,x_negative,0.0,0.0,0.0,0.0036190079061252734,0.0,0.0
7085,0.0036623368120981257,x_negative,0.0,0.0,0.0,0.0036623368120981257,0.0,0.0
7086,0.003424468302342364,x_negative,0.0,0.0,0.0,0.003424468302342364,0.0,0.0
7087,0.0034660607380328093,x_negative,0.0,0.0,0.0,0.0034660607380328093,0.0,0.0
7088,0.0031683704910055142,x_negative,0.0,0.0,0.0,0.0031683704910055142,0.0,0.0
7089,0.0032055649850983225,x_negative,0.0,0.0,0.0,0.0032055649850983225,0.0,0.0
7090,0.0028563043729188755,x_negative,0.0,0.0,0.0,0.0028563043729188755,0.0,0.0
7091,0.00289069467198619,x_negative,0.0,0.0,0.0,0.00289069467198619,0.0,0.0
7092,0.0024961735901276655,x_negative,0.0,0.0,0.0,0.0024961735901276655,0.0,0.0
7093,0.0025270082572418084,x_negative,0.0,0.0,0.0,0.0025270082572418084,0.0,0.0
7094,0.002099388804588225,x_negative,0.0,0.0,0.0,0.002099388804588225,0.0,0.0
7095,0.002123840648391441,x_negative,0.0,0.0,0.0,0.002123840648391441,0.0,0.0
7096,0.0016698959060770225,x_negative,0.0,0.0,0.0,0.0016698959060770225,0.0,0.0
7097,0.0016903720747135078,x_negative,0.0,0.0,0.0,0.0016903720747135078,0.0,0.0
7098,0.001217308126631658,x_negative,0.0,0.0,0.0,0.001217308126631658,0.0,0.0
7099,0.0012316461846338506,x_negative,0.0,0.0,0.0,0.0012316461846338506,0.0,0.0
7100,0.0007450310129459487,x_negative,0.0,0.0,0.0,0.0007450310129459487,0.0,0.0
7101,0.0007541130406071763,x_negative,0.0,0.0,0.0,0.0007541130406071763,0.0,0.0
7102,0.0002515026953404632,x_negative,0.0,0.0,0.0,0.0002515026953404632,0.0,0.0
7103,0.00025457203216132195,x_negative,0.0,0.0,0.0,0.00025457203216132195,0.0,0.0
7104,0.0002501201691149484,x_positive,0.0,0.0,0.0,0.0002501201691149484,0.0,0.0
7105,0.00025423804871799405,x_positive,0.0,0.0,0.0,0.00025423804871799405,0.0,0.0
7106,0.0007380511616897092,x_positive,0.0,0.0,0.0,0.0007380511616897092,0.0,0.0
7107,0.0007505030880597735,x_positive,0.0,0.0,0.0,0.0007505030880597735,0.0,0.0
7108,0.0012035355681530998,x_positive,0.0,0.0,0.0,0.0012035355681530998,0.0,0.0
7109,0.0012230681400192866,x_positive,0.0,0.0,0.0,0.0012230681400192866,0.0,0.0
7110,0.0016525919373508475,x_positive,0.0,0.0,0.0,0.0016525919373508475,0.0,0.0
7111,0.0016802640188814924,x_positive,0.0,0.0,0.0,0.0016802640188814924,0.0,0.0
7112,0.0020757601982666126,x_positive,0.0,0.0,0.0,0.0020757601982666126,0.0,0.0
7113,0.0021103306423032844,x_positive,0.0,0.0,0.0,0.0021103306423032844,0.0,0.0
7114,0.002464538785301032,x_positive,0.0,0.0,0.0,0.002464538785301032,0.0,0.0
7115,0.002504813378428257,x_positive,0.0,0.0,0.0,0.002504813378428257,0.0,0.0
7116,0.00280871947336576,x_positive,0.0,0.0,0.0,0.00280871947336576,0.0,0.0
7117,0.0028552783589139994,x_positive,0.0,0.0,0.0,0.0028552783589139994,0.0,0.0
7118,0.0030997059245420136,x_positive,0.0,0.0,0.0,0.0030997059245420136,0.0,0.0
7119,0.0031512653223090365,x_positive,0.0,0.0,0.0,0.0031512653223090365,0.0,0.0
7120,0.0033308712493025808,x_positive,0.0,0.0,0.0,0.0033308712493025808,0.0,0.0
7121,0.003386103291518971,x_positive,0.0,0.0,0.0,0.003386103291518971,0.0,0.0
7122,0.0035010936173318036,x_positive,0.0,0.0,0.0,0.0035010936173318036,0.0,0.0
7123,0.003558263982434915,x_positive,0.0,0.0,0.0,0.003558263982434915,0.0,0.0
7124,0.003604421036344153,x_positive,0.0,0.0,0.0,0.003604421036344153,0.0,0.0
7125,0.0036643510616618433,x_positive,0.0,0.0,0.0,0.0036643510616618433,0.0,0.0
7126,0.003644392378024616,x_positive,0.0,0.0,0.0,0.003644392378024616,0.0,0.0
7127,0.0037054482540025717,x_positive,0.0,0.0,0.0,0.0037054482540025717,0.0,0.0
7128,0.003624440962558626,x_positive,0.0,0.0,0.0,0.003624440962558626,0.0,0.0
7129,0.003683782089548478,x_positive,0.0,0.0,0.0,0.003683782089548478,0.0,0.0
7130,0.003550387901504277,x_positive,0.0,0.0,0.0,0.003550387901504277,0.0,0.0
7131,0.003608967154606633,x_positive,0.0,0.0,0.0,0.003608967154606633,0.0,0.0
7132,0.003434796813654634,x_positive,0.0,0.0,0.0,0.003434796813654634,0.0,0.0
7133,0.0034912863954595207,x_positive,0.0,0.0,0.0,0.0034912863954595207,0.0,0.0
7134,0.003271894756630858,x_positive,0.0,0.0,0.0,0.003271894756630858,0.0,0.0
7135,0.0033259360561384713,x_positive,0.0,0.0,0.0,0.0033259360561384713,0.0,0.0
7136,0.00306056656093928,x_positive,0.0,0.0,0.0,0.00306056656093928,0.0,0.0
7137,0.003111473070109616,x_positive,0.0,0.0,0.0,0.003111473070109616,0.0,0.0
7138,0.00280399473456594,x_positive,0.0,0.0,0.0,0.00280399473456594,0.0,0.0
7139,0.002850405360028255,x_positive,0.0,0.0,0.0,0.002850405360028255,0.0,0.0
7140,0.002505451442585405,x_positive,0.0,0.0,0.0,0.002505451442585405,0.0,0.0
7141,0.0025469861995254597,x_positive,0.0,0.0,0.0,0.0025469861995254597,0.0,0.0
7142,0.0021702401962920897,x_positive,0.0,0.0,0.0,0.0021702401962920897,0.0,0.0
7143,0.002206463257493405,x_positive,0.0,0.0,0.0,0.002206463257493405,0.0,0.0
7144,0.0018076850956147356,x_positive,0.0,0.0,0.0,0.0018076850956147356,0.0,0.0
7145,0.001837247029595828,x_positive,0.0,0.0,0.0,0.001837247029595828,0.0,0.0
7146,0.001423863258016104,x_positive,0.0,0.0,0.0,0.001423863258016104,0.0,0.0
7147,0.0014477325704336317,x_positive,0.0,0.0,0.0,0.0014477325704336317,0.0,0.0
7148,0.0010457567731066396,y_negative,0.0,0.0,0.0,0.0010457567731066396,0.0,0.0
7149,0.0010631839870575061,y_negative,0.0,0.0,0.0,0.0010631839870575061,0.0,0.0
7150,0.000787838205147782,y_negative,0.0,0.0,0.0,0.000787838205147782,0.0,0.0
7151,0.0008006733023084332,y_negative,0.0,0.0,0.0,0.0008006733023084332,0.0,0.0
7152,0.000766496028303482,y_negative,0.0,0.0,0.0,0.000766496028303482,0.0,0.0
7153,0.0007790437895070855,y_negative,0.0,0.0,0.0,0.0007790437895070855,0.0,0.0
7154,0.0009031085513774989,x_negative,0.0,0.0,0.0,0.0009031085513774989,0.0,0.0
7155,0.0009180802039836124,x_negative,0.0,0.0,0.0,0.0009180802039836124,0.0,0.0
7156,0.001256319680907023,x_negative,0.0,0.0,0.0,0.001256319680907023,0.0,0.0
7157,0.0012771658435605103,x_negative,0.0,0.0,0.0,0.0012771658435605103,0.0,0.0
7158,0.0016544429186794714,x_negative,0.0,0.0,0.0,0.0016544429186794714,0.0,0.0
7159,0.0016816215216891406,x_negative,0.0,0.0,0.0,0.0016816215216891406,0.0,0.0
7160,0.0020428540640786744,x_negative,0.0,0.0,0.0,0.0020428540640786744,0.0,0.0
7161,0.00207636876569579,x_negative,0.0,0.0,0.0,0.00207636876569579,0.0,0.0
7162,0.002404308930655682,x_negative,0.0,0.0,0.0,0.002404308930655682,0.0,0.0
7163,0.0024445485269890188,x_negative,0.0,0.0,0.0,0.0024445485269890188,0.0,0.0
7164,0.0027290955288476176,x_negative,0.0,0.0,0.0,0.0027290955288476176,0.0,0.0
7165,0.00277432120086599,x_negative,0.0,0.0,0.0,0.00277432120086599,0.0,0.0
7166,0.0030101578775921295,x_negative,0.0,0.0,0.0,0.0030101578775921295,0.0,0.0
7167,0.003059704496998094,x_negative,0.0,0.0,0.0,0.003059704496998094,0.0,0.0
7168,0.0032416787432497695,x_negative,0.0,0.0,0.0,0.0032416787432497695,0.0,0.0
7169,0.0032956738535065656,x_negative,0.0,0.0,0.0,0.0032956738535065656,0.0,0.0
7170,0.003421600296590424,x_negative,0.0,0.0,0.0,0.003421600296590424,0.0,0.0
7171,0.003477686715094956,x_negative,0.0,0.0,0.0,0.003477686715094956,0.0,0.0
7172,0.0035506594769007835,x_negative,0.0,0.0,0.0,0.0035506594769007835,0.0,0.0
7173,0.003609137113438212,x_negative,0.0,0.0,0.0,0.003609137113438212,0.0,0.0
7174,0.0036275890712623893,x_negative,0.0,0.0,0.0,0.0036275890712623893,0.0,0.0
7175,0.0036882057273822945,x_negative,0.0,0.0,0.0,0.0036882057273822945,0.0,0.0
7176,0.0036395758242090182,x_negative,0.0,0.0,0.0,0.0036395758242090182,0.0,0.0
7177,0.0037002529764395757,x_negative,0.0,0.0,0.0,0.0037002529764395757,0.0,0.0
7178,0.003585753186494218,x_negative,0.0,0.0,0.0,0.003585753186494218,0.0,0.0
7179,0.0036443386716697767,x_negative,0.0,0.0,0.0,0.0036443386716697767,0.0,0.0
7180,0.003464853848436498,x_negative,0.0,0.0,0.0,0.003464853848436498,0.0,0.0
7181,0.0035217882209619368,x_negative,0.0,0.0,0.0,0.0035217882209619368,0.0,0.0
7182,0.0032778579479177277,x_negative,0.0,0.0,0.0,0.0032778579479177277,0.0,0.0
7183,0.003332875786493,x_negative,0.0,0.0,0.0,0.003332875786493,0.0,0.0
7184,0.003032472643095961,x_negative,0.0,0.0,0.0,0.003032472643095961,0.0,0.0
7185,0.0030823010993788376,x_negative,0.0,0.0,0.0,0.0030823010993788376,0.0,0.0
7186,0.002733569210614511,x_negative,0.0,0.0,0.0,0.002733569210614511,0.0,0.0
7187,0.002778935345378487,x_negative,0.0,0.0,0.0,0.002778935345378487,0.0,0.0
7188,0.002390040454971242,x_negative,0.0,0.0,0.0,0.002390040454971242,0.0,0.0
7189,0.002429294460922377,x_negative,0.0,0.0,0.0,0.002429294460922377,0.0,0.0
7190,0.0020091122732275295,x_negative,0.0,0.0,0.0,0.0020091122732275295,0.0,0.0
7191,0.0020427086928747774,x_negative,0.0,0.0,0.0,0.0020427086928747774,0.0,0.0
7192,0.0015986135230847346,x_negative,0.0,0.0,0.0,0.0015986135230847346,0.0,0.0
7193,0.0016249750234918095,x_negative,0.0,0.0,0.0,0.0016249750234918095,0.0,0.0
7194,0.0011651323265787332,x_negative,0.0,0.0,0.0,0.0011651323265787332,0.0,0.0
7195,0.0011844945022847061,x_negative,0.0,0.0,0.0,0.0011844945022847061,0.0,0.0
7196,0.0007133841184927526,x_negative,0.0,0.0,0.0,0.0007133841184927526,0.0,0.0
7197,0.0007251131005938314,x_negative,0.0,0.0,0.0,0.0007251131005938314,0.0,0.0
7198,0.0002409106853721544,x_negative,0.0,0.0,0.0,0.0002409106853721544,0.0,0.0
7199,0.0002448475097933177,x_negative,0.0,0.0,0.0,0.0002448475097933177,0.0,0.0
7200,0.00023726290159074766,x_positive,0.0,0.0,0.0,0.00023726290159074766,0.0,0.0
7201,0.0002424277449267211,x_positive,0.0,0.0,0.0,0.0002424277449267211,0.0,0.0
7202,0.0007000945979569674,x_positive,0.0,0.0,0.0,0.0007000945979569674,0.0,0.0
7203,0.0007152715738219329,x_positive,0.0,0.0,0.0,0.0007152715738219329,0.0,0.0
7204,0.0011410171631964468,x_positive,0.0,0.0,0.0,0.0011410171631964468,0.0,0.0
7205,0.0011659349331400964,x_positive,0.0,0.0,0.0,0.0011659349331400964,0.0,0.0
7206,0.0015673947704534477,x_positive,0.0,0.0,0.0,0.0015673947704534477,0.0,0.0
7207,0.0016013433818587478,x_positive,0.0,0.0,0.0,0.0016013433818587478,0.0,0.0
7208,0.0019687395341873976,x_positive,0.0,0.0,0.0,0.0019687395341873976,0.0,0.0
7209,0.0020116531841164074,x_positive,0.0,0.0,0.0,0.0020116531841164074,0.0,0.0
7210,0.002337198315548027,x_positive,0.0,0.0,0.0,0.002337198315548027,0.0,0.0
7211,0.002387818002984225,x_positive,0.0,0.0,0.0,0.002387818002984225,0.0,0.0
7212,0.0026632262054072965,x_positive,0.0,0.0,0.0,0.0026632262054072965,0.0,0.0
7213,0.002721453664519065,x_positive,0.0,0.0,0.0,0.002721453664519065,0.0,0.0
7214,0.0029396416721406875,x_positive,0.0,0.0,0.0,0.0029396416721406875,0.0,0.0
7215,0.003003652464586766,x_positive,0.0,0.0,0.0,0.003003652464586766,0.0,0.0
7216,0.0031590623928999667,x_positive,0.0,0.0,0.0,0.0031590623928999667,0.0,0.0
7217,0.003227671960269534,x_positive,0.0,0.0,0.0,0.003227671960269534,0.0,0.0
7218,0.0033192680003673574,x_positive,0.0,0.0,0.0,0.0033192680003673574,0.0,0.0
7219,0.0033916394546689797,x_positive,0.0,0.0,0.0,0.0033916394546689797,0.0,0.0
7220,0.003417416941019692,x_positive,0.0,0.0,0.0,0.003417416941019692,0.0,0.0
7221,0.0034916927713775064,x_positive,0.0,0.0,0.0,0.0034916927713775064,0.0,0.0
7222,0.003456882746381538,x_positive,0.0,0.0,0.0,0.003456882746381538,0.0,0.0
7223,0.00353107739540367,x_positive,0.0,0.0,0.0,0.00353107739540367,0.0,0.0
7224,0.0034370303685663005,x_positive,0.0,0.0,0.0,0.0034370303685663005,0.0,0.0
7225,0.0035121275248028933,x_positive,0.0,0.0,0.0,0.0035121275248028933,0.0,0.0
7226,0.003366668677216319,x_positive,0.0,0.0,0.0,0.003366668677216319,0.0,0.0
7227,0.0034400241620344456,x_positive,0.0,0.0,0.0,0.0034400241620344456,0.0,0.0
7228,0.003256406847152323,x_positive,0.0,0.0,0.0,0.003256406847152323,0.0,0.0
7229,0.00332785543221325,x_positive,0.0,0.0,0.0,0.00332785543221325,0.0,0.0
7230,0.0031020121562087355,x_positive,0.0,0.0,0.0,0.0031020121562087355,0.0,0.0
7231,0.0031698067390164377,x_positive,0.0,0.0,0.0,0.0031698067390164377,0.0,0.0
7232,0.0029025290631484544,x_positive,0.0,0.0,0.0,0.0029025290631484544,0.0,0.0
7233,0.0029654166606916,x_positive,0.0,0.0,0.0,0.0029654166606916,0.0,0.0
7234,0.002659386879705875,x_positive,0.0,0.0,0.0,0.002659386879705875,0.0,0.0
7235,0.0027175437378256138,x_positive,0.0,0.0,0.0,0.0027175437378256138,0.0,0.0
7236,0.0023775239528683197,x_positive,0.0,0.0,0.0,0.0023775239528683197,0.0,0.0
7237,0.002428694162816242,x_positive,0.0,0.0,0.0,0.002428694162816242,0.0,0.0
7238,0.002060358853703128,x_positive,0.0,0.0,0.0,0.002060358853703128,0.0,0.0
7239,0.002104998572695417,x_positive,0.0,0.0,0.0,0.002104998572695417,0.0,0.0
7240,0.0017168940707607335,x_positive,0.0,0.0,0.0,0.0017168940707607335,0.0,0.0
7241,0.001754315779204958,x_positive,0.0,0.0,0.0,0.001754315779204958,0.0,0.0
7242,0.0013536154860720668,x_positive,0.0,0.0,0.0,0.0013536154860720668,0.0,0.0
7243,0.001383109672719907,x_positive,0.0,0.0,0.0,0.001383109672719907,0.0,0.0
7244,0.0009961050084065619,y_negative,0.0,0.0,0.0,0.0009961050084065619,0.0,0.0
7245,0.0010173134956605173,y_negative,0.0,0.0,0.0,0.0010173134956605173,0.0,0.0
7246,0.0007513738947020591,y_negative,0.0,0.0,0.0,0.0007513738947020591,0.0,0.0
7247,0.0007681028758504491,y_negative,0.0,0.0,0.0,0.0007681028758504491,0.0,0.0
7248,0.0007306139627544562,y_negative,0.0,0.0,0.0,0.0007306139627544562,0.0,0.0
7249,0.0007465206704813759,y_negative,0.0,0.0,0.0,0.0007465206704813759,0.0,0.0
7250,0.0008578888010343325,x_negative,0.0,0.0,0.0,0.0008578888010343325,0.0,0.0
7251,0.0008765489985742577,x_negative,0.0,0.0,0.0,0.0008765489985742577,0.0,0.0
7252,0.0011918813740204217,x_negative,0.0,0.0,0.0,0.0011918813740204217,0.0,0.0
7253,0.0012177164465034943,x_negative,0.0,0.0,0.0,0.0012177164465034943,0.0,0.0
7254,0.0015681447217133634,x_negative,0.0,0.0,0.0,0.0015681447217133634,0.0,0.0
7255,0.0016026775920982088,x_negative,0.0,0.0,0.0,0.0016026775920982088,0.0,0.0
7256,0.001935749222942924,x_negative,0.0,0.0,0.0,0.001935749222942924,0.0,0.0
7257,0.0019778812598218445,x_negative,0.0,0.0,0.0,0.0019778812598218445,0.0,0.0
7258,0.002278815252563952,x_negative,0.0,0.0,0.0,0.002278815252563952,0.0,0.0
7259,0.0023282731007747554,x_negative,0.0,0.0,0.0,0.0023282731007747554,0.0,0.0
7260,0.0025864990569269917,x_negative,0.0,0.0,0.0,0.0025864990569269917,0.0,0.0
7261,0.0026423635156494958,x_negative,0.0,0.0,0.0,0.0026423635156494958,0.0,0.0
7262,0.002852194118116304,x_negative,0.0,0.0,0.0,0.002852194118116304,0.0,0.0
7263,0.0029145359582131115,x_negative,0.0,0.0,0.0,0.0029145359582131115,0.0,0.0
7264,0.003071981332709561,x_negative,0.0,0.0,0.0,0.003071981332709561,0.0,0.0
7265,0.0031386367284136126,x_negative,0.0,0.0,0.0,0.0031386367284136126,0.0,0.0
7266,0.0032417237236411697,x_negative,0.0,0.0,0.0,0.0032417237236411697,0.0,0.0
7267,0.0033128531827878198,x_negative,0.0,0.0,0.0,0.0033128531827878198,0.0,0.0
7268,0.0033642294265705357,x_negative,0.0,0.0,0.0,0.0033642294265705357,0.0,0.0
7269,0.0034368535622007782,x_negative,0.0,0.0,0.0,0.0034368535622007782,0.0,0.0
7270,0.0034378874215527408,x_negative,0.0,0.0,0.0,0.0034378874215527408,0.0,0.0
7271,0.003512369422707313,x_negative,0.0,0.0,0.0,0.003512369422707313,0.0,0.0
7272,0.003450173000804497,x_negative,0.0,0.0,0.0,0.003450173000804497,0.0,0.0
7273,0.0035248243746353403,x_negative,0.0,0.0,0.0,0.0035248243746353403,0.0,0.0
7274,0.0033977015722790136,x_negative,0.0,0.0,0.0,0.0033977015722790136,0.0,0.0
7275,0.0034720434416361384,x_negative,0.0,0.0,0.0,0.0034720434416361384,0.0,0.0
7276,0.0032825479035508177,x_negative,0.0,0.0,0.0,0.0032825479035508177,0.0,0.0
7277,0.0033544779989579,x_negative,0.0,0.0,0.0,0.0033544779989579,0.0,0.0
7278,0.003106968868651564,x_negative,0.0,0.0,0.0,0.003106968868651564,0.0,0.0
7279,0.003173848319674779,x_negative,0.0,0.0,0.0,0.003173848319674779,0.0,0.0
7280,0.0028735666682863006,x_negative,0.0,0.0,0.0,0.0028735666682863006,0.0,0.0
7281,0.0029364947371463886,x_negative,0.0,0.0,0.0,0.0029364947371463886,0.0,0.0
7282,0.0025906142236480777,x_negative,0.0,0.0,0.0,0.0025906142236480777,0.0,0.0
7283,0.0026467419553369217,x_negative,0.0,0.0,0.0,0.0026467419553369217,0.0,0.0
7284,0.0022649149279520622,x_negative,0.0,0.0,0.0,0.0022649149279520622,0.0,0.0
7285,0.002314095904216558,x_negative,0.0,0.0,0.0,0.002314095904216558,0.0,0.0
7286,0.0019036609573979087,x_negative,0.0,0.0,0.0,0.0019036609573979087,0.0,0.0
7287,0.0019454662719137652,x_negative,0.0,0.0,0.0,0.0019454662719137652,0.0,0.0
7288,0.0015152417978940747,x_negative,0.0,0.0,0.0,0.0015152417978940747,0.0,0.0
7289,0.0015477858718213281,x_negative,0.0,0.0,0.0,0.0015477858718213281,0.0,0.0
7290,0.0011043787859809956,x_negative,0.0,0.0,0.0,0.0011043787859809956,0.0,0.0
7291,0.0011284530273974293,x_negative,0.0,0.0,0.0,0.0011284530273974293,0.0,0.0
7292,0.0006761998173784214,x_negative,0.0,0.0,0.0,0.0006761998173784214,0.0,0.0
7293,0.0006909785087978423,x_negative,0.0,0.0,0.0,0.0006909785087978423,0.0,0.0
7294,0.0002284073070149594,x_negative,0.0,0.0,0.0,0.0002284073070149594,0.0,0.0
7295,0.0002333509565418452,x_negative,0.0,0.0,0.0,0.0002333509565418452,0.0,0.0
7296,0.00022259276333795177,x_positive,0.0,0.0,0.0,0.00022259276333795177,0.0,0.0
7297,0.0002287474767076735,x_positive,0.0,0.0,0.0,0.0002287474767076735,0.0,0.0
7298,0.0006566110380633866,x_positive,0.0,0.0,0.0,0.0006566110380633866,0.0,0.0
7299,0.0006749568080947231,x_positive,0.0,0.0,0.0,0.0006749568080947231,0.0,0.0
7300,0.0010701717500099597,x_positive,0.0,0.0,0.0,0.0010701717500099597,0.0,0.0
7301,0.001099690580433703,x_positive,0.0,0.0,0.0,0.001099690580433703,0.0,0.0
7302,0.001469249767644901,x_positive,0.0,0.0,0.0,0.001469249767644901,0.0,0.0
7303,0.0015100088011909508,x_positive,0.0,0.0,0.0,0.0015100088011909508,0.0,0.0
7304,0.0018462425977939813,x_positive,0.0,0.0,0.0,0.0018462425977939813,0.0,0.0
7305,0.0018971511326617676,x_positive,0.0,0.0,0.0,0.0018971511326617676,0.0,0.0
7306,0.002191368419846914,x_positive,0.0,0.0,0.0,0.002191368419846914,0.0,0.0
7307,0.002252167198468075,x_positive,0.0,0.0,0.0,0.002252167198468075,0.0,0.0
7308,0.0024968446343526457,x_positive,0.0,0.0,0.0,0.0024968446343526457,0.0,0.0
7309,0.002566134534965817,x_positive,0.0,0.0,0.0,0.002566134534965817,0.0,0.0
7310,0.0027566414231011667,x_positive,0.0,0.0,0.0,0.0027566414231011667,0.0,0.0
7311,0.0028322848213805955,x_positive,0.0,0.0,0.0,0.0028322848213805955,0.0,0.0
7312,0.002962340852258935,x_positive,0.0,0.0,0.0,0.002962340852258935,0.0,0.0
7313,0.003043979538480637,x_positive,0.0,0.0,0.0,0.003043979538480637,0.0,0.0
7314,0.003112954062506878,x_positive,0.0,0.0,0.0,0.003112954062506878,0.0,0.0
7315,0.00319907506011334,x_positive,0.0,0.0,0.0,0.00319907506011334,0.0,0.0
7316,0.003204536975456758,x_positive,0.0,0.0,0.0,0.003204536975456758,0.0,0.0
7317,0.0032935719395704717,x_positive,0.0,0.0,0.0,0.0032935719395704717,0.0,0.0
7318,0.0032398657631457447,x_positive,0.0,0.0,0.0,0.0032398657631457447,0.0,0.0
7319,0.0033300953595776428,x_positive,0.0,0.0,0.0,0.0033300953595776428,0.0,0.0
7320,0.0032219475138423183,x_positive,0.0,0.0,0.0,0.0032219475138423183,0.0,0.0
7321,0.0033108008955255066,x_positive,0.0,0.0,0.0,0.0033108008955255066,0.0,0.0
7322,0.0031562499966639847,x_positive,0.0,0.0,0.0,0.0031562499966639847,0.0,0.0
7323,0.0032434727391547403,x_positive,0.0,0.0,0.0,0.0032434727391547403,0.0,0.0
7324,0.0030537716085125657,x_positive,0.0,0.0,0.0,0.0030537716085125657,0.0,0.0
7325,0.0031382086718698293,x_positive,0.0,0.0,0.0,0.0031382086718698293,0.0,0.0
7326,0.0029098556632219347,x_positive,0.0,0.0,0.0,0.0029098556632219347,0.0,0.0
7327,0.0029903128534582396,x_positive,0.0,0.0,0.0,0.0029903128534582396,0.0,0.0
7328,0.0027233790015799538,x_positive,0.0,0.0,0.0,0.0027233790015799538,0.0,0.0
7329,0.002798464650572247,x_positive,0.0,0.0,0.0,0.002798464650572247,0.0,0.0
7330,0.002496237287259927,x_positive,0.0,0.0,0.0,0.002496237287259927,0.0,0.0
7331,0.0025650259923795096,x_positive,0.0,0.0,0.0,0.0025650259923795096,0.0,0.0
7332,0.002231949571344642,x_positive,0.0,0.0,0.0,0.002231949571344642,0.0,0.0
7333,0.0022938535936245174,x_positive,0.0,0.0,0.0,0.0022938535936245174,0.0,0.0
7334,0.0019345620346347054,x_positive,0.0,0.0,0.0,0.0019345620346347054,0.0,0.0
7335,0.0019884365512435735,x_positive,0.0,0.0,0.0,0.0019884365512435735,0.0,0.0
7336,0.0016134993741684824,x_positive,0.0,0.0,0.0,0.0016134993741684824,0.0,0.0
7337,0.0016579937783489681,x_positive,0.0,0.0,0.0,0.0016579937783489681,0.0,0.0
7338,0.001273884074135243,x_positive,0.0,0.0,0.0,0.001273884074135243,0.0,0.0
7339,0.0013088727921319158,x_positive,0.0,0.0,0.0,0.0013088727921319158,0.0,0.0
7340,0.0009386203412974322,y_negative,0.0,0.0,0.0,0.0009386203412974322,0.0,0.0
7341,0.0009651337728537816,y_negative,0.0,0.0,0.0,0.0009651337728537816,0.0,0.0
7342,0.0007110604135599713,y_negative,0.0,0.0,0.0,0.0007110604135599713,0.0,0.0
7343,0.0007304905101870921,y_negative,0.0,0.0,0.0,0.0007304905101870921,0.0,0.0
7344,0.0006909681390771266,y_negative,0.0,0.0,0.0,0.0006909681390771266,0.0,0.0
7345,0.0007101201062739602,y_negative,0.0,0.0,0.0,0.0007101201062739602,0.0,0.0
7346,0.0008069677879916545,x_negative,0.0,0.0,0.0,0.0008069677879916545,0.0,0.0
7347,0.0008291604353826926,x_negative,0.0,0.0,0.0,0.0008291604353826926,0.0,0.0
7348,0.0011179737059132265,x_negative,0.0,0.0,0.0,0.0011179737059132265,0.0,0.0
7349,0.0011490211002823632,x_negative,0.0,0.0,0.0,0.0011490211002823632,0.0,0.0
7350,0.0014704765855177305,x_negative,0.0,0.0,0.0,0.0014704765855177305,0.0,0.0
7351,0.0015109965980990888,x_negative,0.0,0.0,0.0,0.0015109965980990888,0.0,0.0
7352,0.0018143149433423567,x_negative,0.0,0.0,0.0,0.0018143149433423567,0.0,0.0
7353,0.001864724420750488,x_negative,0.0,0.0,0.0,0.001864724420750488,0.0,0.0
7354,0.0021358417948421768,x_negative,0.0,0.0,0.0,0.0021358417948421768,0.0,0.0
7355,0.002194439537398984,x_negative,0.0,0.0,0.0,0.002194439537398984,0.0,0.0
7356,0.002423896355908137,x_negative,0.0,0.0,0.0,0.002423896355908137,0.0,0.0
7357,0.0024910865663819587,x_negative,0.0,0.0,0.0,0.0024910865663819587,0.0,0.0
7358,0.0026732256496360546,x_negative,0.0,0.0,0.0,0.0026732256496360546,0.0,0.0
7359,0.0027471091761162823,x_negative,0.0,0.0,0.0,0.0027471091761162823,0.0,0.0
7360,0.0028780599031966946,x_negative,0.0,0.0,0.0,0.0028780599031966946,0.0,0.0
7361,0.002958237549002584,x_negative,0.0,0.0,0.0,0.002958237549002584,0.0,0.0
7362,0.0030383293352106364,x_negative,0.0,0.0,0.0,0.0030383293352106364,0.0,0.0
7363,0.0031215286160728513,x_negative,0.0,0.0,0.0,0.0031215286160728513,0.0,0.0
7364,0.0031523834742616906,x_negative,0.0,0.0,0.0,0.0031523834742616906,0.0,0.0
7365,0.003239987413567294,x_negative,0.0,0.0,0.0,0.003239987413567294,0.0,0.0
7366,0.003220724901289782,x_negative,0.0,0.0,0.0,0.003220724901289782,0.0,0.0
7367,0.0033101778306375567,x_negative,0.0,0.0,0.0,0.0033101778306375567,0.0,0.0
7368,0.0032319528164676706,x_negative,0.0,0.0,0.0,0.0032319528164676706,0.0,0.0
7369,0.003321220529495802,x_negative,0.0,0.0,0.0,0.003321220529495802,0.0,0.0
7370,0.0031834242096754517,x_negative,0.0,0.0,0.0,0.0031834242096754517,0.0,0.0
7371,0.003271530019993814,x_negative,0.0,0.0,0.0,0.003271530019993814,0.0,0.0
7372,0.003075881769326265,x_negative,0.0,0.0,0.0,0.003075881769326265,0.0,0.0
7373,0.0031607974860339543,x_negative,0.0,0.0,0.0,0.0031607974860339543,0.0,0.0
7374,0.0029111823912190016,x_negative,0.0,0.0,0.0,0.0029111823912190016,0.0,0.0
7375,0.0029912670306385817,x_negative,0.0,0.0,0.0,0.0029912670306385817,0.0,0.0
7376,0.0026923385647030563,x_negative,0.0,0.0,0.0,0.0026923385647030563,0.0,0.0
7377,0.0027673234107667808,x_negative,0.0,0.0,0.0,0.0027673234107667808,0.0,0.0
7378,0.0024271598241585005,x_negative,0.0,0.0,0.0,0.0024271598241585005,0.0,0.0
7379,0.002494276347268473,x_negative,0.0,0.0,0.0,0.002494276347268473,0.0,0.0
7380,0.0021218228329029465,x_negative,0.0,0.0,0.0,0.0021218228329029465,0.0,0.0
7381,0.0021805176337264982,x_negative,0.0,0.0,0.0,0.0021805176337264982,0.0,0.0
7382,0.001783703412405621,x_negative,0.0,0.0,0.0,0.001783703412405621,0.0,0.0
7383,0.0018330765368845632,x_negative,0.0,0.0,0.0,0.0018330765368845632,0.0,0.0
7384,0.0014197713867149875,x_negative,0.0,0.0,0.0,0.0014197713867149875,0.0,0.0
7385,0.0014589796488597194,x_negative,0.0,0.0,0.0,0.0014589796488597194,0.0,0.0
7386,0.0010350379264273098,x_negative,0.0,0.0,0.0,0.0010350379264273098,0.0,0.0
7387,0.0010635366566731218,x_negative,0.0,0.0,0.0,0.0010635366566731218,0.0,0.0
7388,0.000633860675657203,x_negative,0.0,0.0,0.0,0.000633860675657203,0.0,0.0
7389,0.000651371835481665,x_negative,0.0,0.0,0.0,0.000651371835481665,0.0,0.0
7390,0.00021398750256462458,x_negative,0.0,0.0,0.0,0.00021398750256462458,0.0,0.0
7391,0.00022009074693456673,x_negative,0.0,0.0,0.0,0.00022009074693456673,0.0,0.0
7392,0.00020628049761423496,x_positive,0.0,0.0,0.0,0.00020628049761423496,0.0,0.0
7393,0.00021341431468376276,x_positive,0.0,0.0,0.0,0.00021341431468376276,0.0,0.0
7394,0.0006084965679761503,x_positive,0.0,0.0,0.0,0.0006084965679761503,0.0,0.0
7395,0.0006294165831495335,x_positive,0.0,0.0,0.0,0.0006294165831495335,0.0,0.0
7396,0.000991709857997405,x_positive,0.0,0.0,0.0,0.000991709857997405,0.0,0.0
7397,0.001025909744254716,x_positive,0.0,0.0,0.0,0.001025909744254716,0.0,0.0
7398,0.0013616466224507981,x_positive,0.0,0.0,0.0,0.0013616466224507981,0.0,0.0
7399,0.0014083159466676482,x_positive,0.0,0.0,0.0,0.0014083159466676482,0.0,0.0
7400,0.0017108973313815625,x_positive,0.0,0.0,0.0,0.0017108973313815625,0.0,0.0
7401,0.0017692942334319778,x_positive,0.0,0.0,0.0,0.0017692942334319778,0.0,0.0
7402,0.0020306430703073567,x_positive,0.0,0.0,0.0,0.0020306430703073567,0.0,0.0
7403,0.0021006634005388243,x_positive,0.0,0.0,0.0,0.0021006634005388243,0.0,0.0
7404,0.002313887560582032,x_positive,0.0,0.0,0.0,0.002313887560582032,0.0,0.0
7405,0.002393552369936743,x_positive,0.0,0.0,0.0,0.002393552369936743,0.0,0.0
7406,0.0025536183745719933,x_positive,0.0,0.0,0.0,0.0025536183745719933,0.0,0.0
7407,0.002641572430075388,x_positive,0.0,0.0,0.0,0.002641572430075388,0.0,0.0
7408,0.002744345698724579,x_positive,0.0,0.0,0.0,0.002744345698724579,0.0,0.0
7409,0.0028381997960685314,x_positive,0.0,0.0,0.0,0.0028381997960685314,0.0,0.0
7410,0.002882882192173845,x_positive,0.0,0.0,0.0,0.002882882192173845,0.0,0.0
7411,0.0029824249198575075,x_positive,0.0,0.0,0.0,0.0029824249198575075,0.0,0.0
7412,0.002967771589586465,x_positive,0.0,0.0,0.0,0.002967771589586465,0.0,0.0
7413,0.003069851545978086,x_positive,0.0,0.0,0.0,0.003069851545978086,0.0,0.0
7414,0.003002077177105186,x_positive,0.0,0.0,0.0,0.003002077177105186,0.0,0.0
7415,0.0031042087035809966,x_positive,0.0,0.0,0.0,0.0031042087035809966,0.0,0.0
7416,0.002985279734587821,x_positive,0.0,0.0,0.0,0.002985279734587821,0.0,0.0
7417,0.003087816880431852,x_positive,0.0,0.0,0.0,0.003087816880431852,0.0,0.0
7418,0.0029244046165630483,x_positive,0.0,0.0,0.0,0.0029244046165630483,0.0,0.0
7419,0.0030250135644813753,x_positive,0.0,0.0,0.0,0.0030250135644813753,0.0,0.0
7420,0.0028293594255645147,x_positive,0.0,0.0,0.0,0.0028293594255645147,0.0,0.0
7421,0.002926901258865649,x_positive,0.0,0.0,0.0,0.002926901258865649,0.0,0.0
7422,0.002696824029721168,x_positive,0.0,0.0,0.0,0.002696824029721168,0.0,0.0
7423,0.0027892175153474306,x_positive,0.0,0.0,0.0,0.0027892175153474306,0.0,0.0
7424,0.0025243637667651266,x_positive,0.0,0.0,0.0,0.0025243637667651266,0.0,0.0
7425,0.002611193894285467,x_positive,0.0,0.0,0.0,0.002611193894285467,0.0,0.0
7426,0.0023137589387928754,x_positive,0.0,0.0,0.0,0.0023137589387928754,0.0,0.0
7427,0.0023938096320051823,x_positive,0.0,0.0,0.0,0.0023938096320051823,0.0,0.0
7428,0.002070412828999994,x_positive,0.0,0.0,0.0,0.002070412828999994,0.0,0.0
7429,0.00214126219476486,x_positive,0.0,0.0,0.0,0.00214126219476486,0.0,0.0
7430,0.0017961629782024158,x_positive,0.0,0.0,0.0,0.0017961629782024158,0.0,0.0
7431,0.0018577039117502563,x_positive,0.0,0.0,0.0,0.0018577039117502563,0.0,0.0
7432,0.001498879547094962,x_positive,0.0,0.0,0.0,0.001498879547094962,0.0,0.0
7433,0.0015510561532460537,x_positive,0.0,0.0,0.0,0.0015510561532460537,0.0,0.0
7434,0.0011856109424263435,x_positive,0.0,0.0,0.0,0.0011856109424263435,0.0,0.0
7435,0.0012260755171827405,x_positive,0.0,0.0,0.0,0.0012260755171827405,0.0,0.0
7436,0.0008765466548330727,y_negative,0.0,0.0,0.0,0.0008765466548330727,0.0,0.0
7437,0.0009064962129097059,y_negative,0.0,0.0,0.0,0.0009064962129097059,0.0,0.0
7438,0.0006670848018866967,y_negative,0.0,0.0,0.0,0.0006670848018866967,0.0,0.0
7439,0.000690014027497463,y_negative,0.0,0.0,0.0,0.000690014027497463,0.0,0.0
7440,0.0006479558695471807,y_negative,0.0,0.0,0.0,0.0006479558695471807,0.0,0.0
7441,0.0006701855020850202,y_negative,0.0,0.0,0.0,0.0006701855020850202,0.0,0.0
7442,0.000751183600211721,x_negative,0.0,0.0,0.0,0.000751183600211721,0.0,0.0
7443,0.000777046127761446,x_negative,0.0,0.0,0.0,0.000777046127761446,0.0,0.0
7444,0.0010369647315542256,x_negative,0.0,0.0,0.0,0.0010369647315542256,0.0,0.0
7445,0.0010725506897581556,x_negative,0.0,0.0,0.0,0.0010725506897581556,0.0,0.0
7446,0.0013620881077695656,x_negative,0.0,0.0,0.0,0.0013620881077695656,0.0,0.0
7447,0.0014088319791907382,x_negative,0.0,0.0,0.0,0.0014088319791907382,0.0,0.0
7448,0.0016803684234738955,x_negative,0.0,0.0,0.0,0.0016803684234738955,0.0,0.0
7449,0.0017379394461254005,x_negative,0.0,0.0,0.0,0.0017379394461254005,0.0,0.0
7450,0.0019770886273415673,x_negative,0.0,0.0,0.0,0.0019770886273415673,0.0,0.0
7451,0.0020452581014479276,x_negative,0.0,0.0,0.0,0.0020452581014479276,0.0,0.0
7452,0.0022432083767312894,x_negative,0.0,0.0,0.0,0.0022432083767312894,0.0,0.0
7453,0.0023204123678329633,x_negative,0.0,0.0,0.0,0.0023204123678329633,0.0,0.0
7454,0.0024738589229580995,x_negative,0.0,0.0,0.0,0.0024738589229580995,0.0,0.0
7455,0.0025587517339081675,x_negative,0.0,0.0,0.0,0.0025587517339081675,0.0,0.0
7456,0.002663869274287727,x_negative,0.0,0.0,0.0,0.002663869274287727,0.0,0.0
7457,0.002755065418602421,x_negative,0.0,0.0,0.0,0.002755065418602421,0.0,0.0
7458,0.0028111244321490795,x_negative,0.0,0.0,0.0,0.0028111244321490795,0.0,0.0
7459,0.002907970601737543,x_negative,0.0,0.0,0.0,0.002907970601737543,0.0,0.0
7460,0.002916619215163513,x_negative,0.0,0.0,0.0,0.002916619215163513,0.0,0.0
7461,0.003016971703164331,x_negative,0.0,0.0,0.0,0.003016971703164331,0.0,0.0
7462,0.0029808899804728757,x_negative,0.0,0.0,0.0,0.0029808899804728757,0.0,0.0
7463,0.0030825933661954488,x_negative,0.0,0.0,0.0,0.0030825933661954488,0.0,0.0
7464,0.0029907862085450754,x_negative,0.0,0.0,0.0,0.0029907862085450754,0.0,0.0
7465,0.003093863735184184,x_negative,0.0,0.0,0.0,0.003093863735184184,0.0,0.0
7466,0.0029461441294968515,x_negative,0.0,0.0,0.0,0.0029461441294968515,0.0,0.0
7467,0.003047302008466583,x_negative,0.0,0.0,0.0,0.003047302008466583,0.0,0.0
7468,0.002846303876541878,x_negative,0.0,0.0,0.0,0.002846303876541878,0.0,0.0
7469,0.002944063380069123,x_negative,0.0,0.0,0.0,0.002944063380069123,0.0,0.0
7470,0.0026934209721178985,x_negative,0.0,0.0,0.0,0.0026934209721178985,0.0,0.0
7471,0.0027861186000231438,x_negative,0.0,0.0,0.0,0.0027861186000231438,0.0,0.0
7472,0.0024912339910715376,x_negative,0.0,0.0,0.0,0.0024912339910715376,0.0,0.0
7473,0.002576728937238461,x_negative,0.0,0.0,0.0,0.002576728937238461,0.0,0.0
7474,0.002246082516492103,x_negative,0.0,0.0,0.0,0.002246082516492103,0.0,0.0
7475,0.0023230883547560068,x_negative,0.0,0.0,0.0,0.0023230883547560068,0.0,0.0
7476,0.0019633823911739236,x_negative,0.0,0.0,0.0,0.0019633823911739236,0.0,0.0
7477,0.002030878897466922,x_negative,0.0,0.0,0.0,0.002030878897466922,0.0,0.0
7478,0.0016506809572101448,x_negative,0.0,0.0,0.0,0.0016506809572101448,0.0,0.0
7479,0.0017070395947489975,x_negative,0.0,0.0,0.0,0.0017070395947489975,0.0,0.0
7480,0.0013131601130736263,x_negative,0.0,0.0,0.0,0.0013131601130736263,0.0,0.0
7481,0.001358955193827473,x_negative,0.0,0.0,0.0,0.001358955193827473,0.0,0.0
7482,0.000957897305891682,x_negative,0.0,0.0,0.0,0.000957897305891682,0.0,0.0
7483,0.0009905726705055264,x_negative,0.0,0.0,0.0,0.0009905726705055264,0.0,0.0
7484,0.0005869656964450037,x_negative,0.0,0.0,0.0,0.0005869656964450037,0.0,0.0
7485,0.0006068495955185767,x_negative,0.0,0.0,0.0,0.0006068495955185767,0.0,0.0
7486,0.00019803223496859764,x_negative,0.0,0.0,0.0,0.00019803223496859764,0.0,0.0
7487,0.00020497645477930885,x_negative,0.0,0.0,0.0,0.00020497645477930885,0.0,0.0
7488,0.00018879710027631033,x_positive,0.0,0.0,0.0,0.00018879710027631033,0.0,0.0
7489,0.00019666855353686036,x_positive,0.0,0.0,0.0,0.00019666855353686036,0.0,0.0
7490,0.0005566304701216918,x_positive,0.0,0.0,0.0,0.0005566304701216918,0.0,0.0
7491,0.0005797849620183852,x_positive,0.0,0.0,0.0,0.0005797849620183852,0.0,0.0
7492,0.00090626147441698,x_positive,0.0,0.0,0.0,0.00090626147441698,0.0,0.0
7493,0.000944219469894907,x_positive,0.0,0.0,0.0,0.000944219469894907,0.0,0.0
7494,0.001244661595128346,x_positive,0.0,0.0,0.0,0.001244661595128346,0.0,0.0
7495,0.001296882172102729,x_positive,0.0,0.0,0.0,0.001296882172102729,0.0,0.0
7496,0.0015635476652018764,x_positive,0.0,0.0,0.0,0.0015635476652018764,0.0,0.0
7497,0.0016293613413414121,x_positive,0.0,0.0,0.0,0.0016293613413414121,0.0,0.0
7498,0.001855926767770004,x_positive,0.0,0.0,0.0,0.001855926767770004,0.0,0.0
7499,0.0019337198776330736,x_positive,0.0,0.0,0.0,0.0019337198776330736,0.0,0.0
7500,0.0021152466313702715,x_positive,0.0,0.0,0.0,0.0021152466313702715,0.0,0.0
7501,0.002203521469213519,x_positive,0.0,0.0,0.0,0.002203521469213519,0.0,0.0
7502,0.0023347949993782293,x_positive,0.0,0.0,0.0,0.0023347949993782293,0.0,0.0
7503,0.0024322079894725803,x_positive,0.0,0.0,0.0,0.0024322079894725803,0.0,0.0
7504,0.0025077131040677496,x_positive,0.0,0.0,0.0,0.0025077131040677496,0.0,0.0
7505,0.0026137825982311762,x_positive,0.0,0.0,0.0,0.0026137825982311762,0.0,0.0
7506,0.0026353228164648717,x_positive,0.0,0.0,0.0,0.0026353228164648717,0.0,0.0
7507,0.0027451503424241685,x_positive,0.0,0.0,0.0,0.0027451503424241685,0.0,0.0
7508,0.002712388730196339,x_positive,0.0,0.0,0.0,0.002712388730196339,0.0,0.0
7509,0.002826095295147178,x_positive,0.0,0.0,0.0,0.002826095295147178,0.0,0.0
7510,0.0027425786595477912,x_positive,0.0,0.0,0.0,0.0027425786595477912,0.0,0.0
7511,0.0028578491082055404,x_positive,0.0,0.0,0.0,0.0028578491082055404,0.0,0.0
7512,0.0027268109778637896,x_positive,0.0,0.0,0.0,0.0027268109778637896,0.0,0.0
7513,0.0028416824900303946,x_positive,0.0,0.0,0.0,0.0028416824900303946,0.0,0.0
7514,0.002671847013837447,x_positive,0.0,0.0,0.0,0.002671847013837447,0.0,0.0
7515,0.0027837359481537346,x_positive,0.0,0.0,0.0,0.0027837359481537346,0.0,0.0
7516,0.0025868168419955905,x_positive,0.0,0.0,0.0,0.0025868168419955905,0.0,0.0
7517,0.0026941740519526,x_positive,0.0,0.0,0.0,0.0026941740519526,0.0,0.0
7518,0.002465371568502039,x_positive,0.0,0.0,0.0,0.002465371568502039,0.0,0.0
7519,0.002569171629977333,x_positive,0.0,0.0,0.0,0.002569171629977333,0.0,0.0
7520,0.0023090191930951395,x_positive,0.0,0.0,0.0,0.0023090191930951395,0.0,0.0
7521,0.0024056051278241084,x_positive,0.0,0.0,0.0,0.0024056051278241084,0.0,0.0
7522,0.0021182256391517134,x_positive,0.0,0.0,0.0,0.0021182256391517134,0.0,0.0
7523,0.002206444967890395,x_positive,0.0,0.0,0.0,0.002206444967890395,0.0,0.0
7524,0.0018954889858362786,x_positive,0.0,0.0,0.0,0.0018954889858362786,0.0,0.0
7525,0.001975754233068833,x_positive,0.0,0.0,0.0,0.001975754233068833,0.0,0.0
7526,0.0016468681594013167,x_positive,0.0,0.0,0.0,0.0016468681594013167,0.0,0.0
7527,0.0017150978298505438,x_positive,0.0,0.0,0.0,0.0017150978298505438,0.0,0.0
7528,0.001376415661026693,x_positive,0.0,0.0,0.0,0.001376415661026693,0.0,0.0
7529,0.0014340977544951847,x_positive,0.0,0.0,0.0,0.0014340977544951847,0.0,0.0
7530,0.0010906699154007876,x_positive,0.0,0.0,0.0,0.0010906699154007876,0.0,0.0
7531,0.0011368165817063883,x_positive,0.0,0.0,0.0,0.0011368165817063883,0.0,0.0
7532,0.0008097494320007156,y_negative,0.0,0.0,0.0,0.0008097494320007156,0.0,0.0
7533,0.0008436401870626685,y_negative,0.0,0.0,0.0,0.0008436401870626685,0.0,0.0
7534,0.0006203094445309918,y_negative,0.0,0.0,0.0,0.0006203094445309918,0.0,0.0
7535,0.0006463118495885201,y_negative,0.0,0.0,0.0,0.0006463118495885201,0.0,0.0
7536,0.0006023481800356571,y_negative,0.0,0.0,0.0,0.0006023481800356571,0.0,0.0
7537,0.0006274973162840925,y_negative,0.0,0.0,0.0,0.0006274973162840925,0.0,0.0
7538,0.0006914962223216773,x_negative,0.0,0.0,0.0,0.0006914962223216773,0.0,0.0
7539,0.0007203790444282107,x_negative,0.0,0.0,0.0,0.0007203790444282107,0.0,0.0
7540,0.000949785459268008,x_negative,0.0,0.0,0.0,0.000949785459268008,0.0,0.0
7541,0.0009896728755472428,x_negative,0.0,0.0,0.0,0.0009896728755472428,0.0,0.0
7542,0.0012455608593017109,x_negative,0.0,0.0,0.0,0.0012455608593017109,0.0,0.0
7543,0.0012978785040443674,x_negative,0.0,0.0,0.0,0.0012978785040443674,0.0,0.0
7544,0.0015354984172372107,x_negative,0.0,0.0,0.0,0.0015354984172372107,0.0,0.0
7545,0.0015997244479303678,x_negative,0.0,0.0,0.0,0.0015997244479303678,0.0,0.0
7546,0.0018057962809575926,x_negative,0.0,0.0,0.0,0.0018057962809575926,0.0,0.0
7547,0.0018813870469109935,x_negative,0.0,0.0,0.0,0.0018813870469109935,0.0,0.0
7548,0.002048647050809824,x_negative,0.0,0.0,0.0,0.002048647050809824,0.0,0.0
7549,0.002134488997629651,x_negative,0.0,0.0,0.0,0.002134488997629651,0.0,0.0
7550,0.0022592325566185424,x_negative,0.0,0.0,0.0,0.0022592325566185424,0.0,0.0
7551,0.002354048973359179,x_negative,0.0,0.0,0.0,0.002354048973359179,0.0,0.0
7552,0.002432197957693406,x_negative,0.0,0.0,0.0,0.002432197957693406,0.0,0.0
7553,0.0025343305989583725,x_negative,0.0,0.0,0.0,0.0025343305989583725,0.0,0.0
7554,0.002566456824998726,x_negative,0.0,0.0,0.0,0.002566456824998726,0.0,0.0
7555,0.0026738635788176677,x_negative,0.0,0.0,0.0,0.0026738635788176677,0.0,0.0
7556,0.002663142135568161,x_negative,0.0,0.0,0.0,0.002663142135568161,0.0,0.0
7557,0.0027744683994604447,x_negative,0.0,0.0,0.0,0.0027744683994604447,0.0,0.0
7558,0.0027207861292528846,x_negative,0.0,0.0,0.0,0.0027207861292528846,0.0,0.0
7559,0.002835210163023916,x_negative,0.0,0.0,0.0,0.002835210163023916,0.0,0.0
7560,0.002730264748149982,x_negative,0.0,0.0,0.0,0.002730264748149982,0.0,0.0
7561,0.0028445274193413007,x_negative,0.0,0.0,0.0,0.0028445274193413007,0.0,0.0
7562,0.0026895893245121203,x_negative,0.0,0.0,0.0,0.0026895893245121203,0.0,0.0
7563,0.0028021241407608422,x_negative,0.0,0.0,0.0,0.0028021241407608422,0.0,0.0
7564,0.002598312588648255,x_negative,0.0,0.0,0.0,0.002598312588648255,0.0,0.0
7565,0.0027074898274042545,x_negative,0.0,0.0,0.0,0.0027074898274042545,0.0,0.0
7566,0.002459067572683655,x_negative,0.0,0.0,0.0,0.002459067572683655,0.0,0.0
7567,0.002562023842226824,x_negative,0.0,0.0,0.0,0.002562023842226824,0.0,0.0
7568,0.0022747444760033314,x_negative,0.0,0.0,0.0,0.0022747444760033314,0.0,0.0
7569,0.002369486476128228,x_negative,0.0,0.0,0.0,0.002369486476128228,0.0,0.0
7570,0.0020501049191923157,x_negative,0.0,0.0,0.0,0.0020501049191923157,0.0,0.0
7571,0.00213645262581826,x_negative,0.0,0.0,0.0,0.00213645262581826,0.0,0.0
7572,0.0017922874589429744,x_negative,0.0,0.0,0.0,0.0017922874589429744,0.0,0.0
7573,0.0018672059019593905,x_negative,0.0,0.0,0.0,0.0018672059019593905,0.0,0.0
7574,0.001506281051873979,x_negative,0.0,0.0,0.0,0.001506281051873979,0.0,0.0
7575,0.0015698845596541582,x_negative,0.0,0.0,0.0,0.0015698845596541582,0.0,0.0
7576,0.0011992959865526132,x_negative,0.0,0.0,0.0,0.0011992959865526132,0.0,0.0
7577,0.0012488167830779784,x_negative,0.0,0.0,0.0,0.0012488167830779784,0.0,0.0
7578,0.0008741549236887347,x_negative,0.0,0.0,0.0,0.0008741549236887347,0.0,0.0
7579,0.0009112971930634834,x_negative,0.0,0.0,0.0,0.0009112971930634834,0.0,0.0
7580,0.0005358579096296878,x_negative,0.0,0.0,0.0,0.0005358579096296878,0.0,0.0
7581,0.0005584659677941983,x_negative,0.0,0.0,0.0,0.0005584659677941983,0.0,0.0
7582,0.00018111424690730264,x_negative,0.0,0.0,0.0,0.00018111424690730264,0.0,0.0
7583,0.00018848869118819322,x_negative,0.0,0.0,0.0,0.00018848869118819322,0.0,0.0
7584,0.00017009260592302939,x_positive,0.0,0.0,0.0,0.00017009260592302939,0.0,0.0
7585,0.00017883361207395352,x_positive,0.0,0.0,0.0,0.00017883361207395352,0.0,0.0
7586,0.0005019274661167359,x_positive,0.0,0.0,0.0,0.0005019274661167359,0.0,0.0
7587,0.0005270363059508322,x_positive,0.0,0.0,0.0,0.0005270363059508322,0.0,0.0
7588,0.0008161666336405182,x_positive,0.0,0.0,0.0,0.0008161666336405182,0.0,0.0
7589,0.0008576140420712669,x_positive,0.0,0.0,0.0,0.0008576140420712669,0.0,0.0
7590,0.0011208110426367934,x_positive,0.0,0.0,0.0,0.0011208110426367934,0.0,0.0
7591,0.0011773616422597845,x_positive,0.0,0.0,0.0,0.0011773616422597845,0.0,0.0
7592,0.0014078446827427797,x_positive,0.0,0.0,0.0,0.0014078446827427797,0.0,0.0
7593,0.001478819870680212,x_positive,0.0,0.0,0.0,0.001478819870680212,0.0,0.0
7594,0.0016717346757118944,x_positive,0.0,0.0,0.0,0.0016717346757118944,0.0,0.0
7595,0.0017561290023182588,x_positive,0.0,0.0,0.0,0.0017561290023182588,0.0,0.0
7596,0.0019051298356928266,x_positive,0.0,0.0,0.0,0.0019051298356928266,0.0,0.0
7597,0.002000857973416733,x_positive,0.0,0.0,0.0,0.002000857973416733,0.0,0.0
7598,0.002101825191099327,x_positive,0.0,0.0,0.0,0.002101825191099327,0.0,0.0
7599,0.0022084169861387665,x_positive,0.0,0.0,0.0,0.0022084169861387665,0.0,0.0
7600,0.0022582456426518942,x_positive,0.0,0.0,0.0,0.0022582456426518942,0.0,0.0
7601,0.0023720197301566456,x_positive,0.0,0.0,0.0,0.0023720197301566456,0.0,0.0
7602,0.002372336359990018,x_positive,0.0,0.0,0.0,0.002372336359990018,0.0,0.0
7603,0.0024922347178672126,x_positive,0.0,0.0,0.0,0.0024922347178672126,0.0,0.0
7604,0.002442500342000815,x_positive,0.0,0.0,0.0,0.002442500342000815,0.0,0.0
7605,0.002565164095552787,x_positive,0.0,0.0,0.0,0.002565164095552787,0.0,0.0
7606,0.0024688846354893254,x_positive,0.0,0.0,0.0,0.0024688846354893254,0.0,0.0
7607,0.002594100381528432,x_positive,0.0,0.0,0.0,0.002594100381528432,0.0,0.0
7608,0.0024554655472817893,x_positive,0.0,0.0,0.0,0.0024554655472817893,0.0,0.0
7609,0.0025789939797991493,x_positive,0.0,0.0,0.0,0.0025789939797991493,0.0,0.0
7610,0.0024065350546251625,x_positive,0.0,0.0,0.0,0.0024065350546251625,0.0,0.0
7611,0.00252777464310038,x_positive,0.0,0.0,0.0,0.00252777464310038,0.0,0.0
7612,0.0023297565206982546,x_positive,0.0,0.0,0.0,0.0023297565206982546,0.0,0.0
7613,0.0024475308913656253,x_positive,0.0,0.0,0.0,0.0024475308913656253,0.0,0.0
7614,0.0022217134112498937,x_positive,0.0,0.0,0.0,0.0022217134112498937,0.0,0.0
7615,0.0023336394940737036,x_positive,0.0,0.0,0.0,0.0023336394940737036,0.0,0.0
7616,0.00208144774063824,x_positive,0.0,0.0,0.0,0.00208144774063824,0.0,0.0
7617,0.0021867845370421,x_positive,0.0,0.0,0.0,0.0021867845370421,0.0,0.0
7618,0.0019098391635390126,x_positive,0.0,0.0,0.0,0.0019098391635390126,0.0,0.0
7619,0.0020068526371654727,x_positive,0.0,0.0,0.0,0.0020068526371654727,0.0,0.0
7620,0.0017119562969725975,x_positive,0.0,0.0,0.0,0.0017119562969725975,0.0,0.0
7621,0.001797536294534486,x_positive,0.0,0.0,0.0,0.001797536294534486,0.0,0.0
7622,0.0014877971642340004,x_positive,0.0,0.0,0.0,0.0014877971642340004,0.0,0.0
7623,0.0015638376809189957,x_positive,0.0,0.0,0.0,0.0015638376809189957,0.0,0.0
7624,0.0012468233922060675,x_positive,0.0,0.0,0.0,0.0012468233922060675,0.0,0.0
7625,0.0013091049872890885,x_positive,0.0,0.0,0.0,0.0013091049872890885,0.0,0.0
7626,0.0009906368942411488,x_positive,0.0,0.0,0.0,0.0009906368942411488,0.0,0.0
7627,0.0010409517933733844,x_positive,0.0,0.0,0.0,0.0010409517933733844,0.0,0.0
7628,0.0007398777059746688,y_negative,0.0,0.0,0.0,0.0007398777059746688,0.0,0.0
7629,0.0007768706353948464,y_negative,0.0,0.0,0.0,0.0007768706353948464,0.0,0.0
7630,0.0005715122030112425,y_negative,0.0,0.0,0.0,0.0005715122030112425,0.0,0.0
7631,0.0006005469676960898,y_negative,0.0,0.0,0.0,0.0006005469676960898,0.0,0.0
7632,0.0005550108485232485,y_negative,0.0,0.0,0.0,0.0005550108485232485,0.0,0.0
7633,0.0005830024655669124,y_negative,0.0,0.0,0.0,0.0005830024655669124,0.0,0.0
7634,0.0006288994371523437,x_negative,0.0,0.0,0.0,0.0006288994371523437,0.0,0.0
7635,0.0006606848938765577,x_negative,0.0,0.0,0.0,0.0006606848938765577,0.0,0.0
7636,0.0008576947894894429,x_negative,0.0,0.0,0.0,0.0008576947894894429,0.0,0.0
7637,0.000901058964792087,x_negative,0.0,0.0,0.0,0.000901058964792087,0.0,0.0
7638,0.0011225581895378204,x_negative,0.0,0.0,0.0,0.0011225581895378204,0.0,0.0
7639,0.0011790873892261822,x_negative,0.0,0.0,0.0,0.0011790873892261822,0.0,0.0
7640,0.001382372764182576,x_negative,0.0,0.0,0.0,0.001382372764182576,0.0,0.0
7641,0.0014521590671289833,x_negative,0.0,0.0,0.0,0.0014521590671289833,0.0,0.0
7642,0.0016248659720930105,x_negative,0.0,0.0,0.0,0.0016248659720930105,0.0,0.0
7643,0.0017072047937306675,x_negative,0.0,0.0,0.0,0.0017072047937306675,0.0,0.0
7644,0.0018426763342757936,x_negative,0.0,0.0,0.0,0.0018426763342757936,0.0,0.0
7645,0.0019356264831979215,x_negative,0.0,0.0,0.0,0.0019356264831979215,0.0,0.0
7646,0.002031580367228355,x_negative,0.0,0.0,0.0,0.002031580367228355,0.0,0.0
7647,0.002133825875211956,x_negative,0.0,0.0,0.0,0.002133825875211956,0.0,0.0
7648,0.0021873612064952355,x_negative,0.0,0.0,0.0,0.0021873612064952355,0.0,0.0
7649,0.002297785188976409,x_negative,0.0,0.0,0.0,0.002297785188976409,0.0,0.0
7650,0.002307756696511373,x_negative,0.0,0.0,0.0,0.002307756696511373,0.0,0.0
7651,0.0024245558858696017,x_negative,0.0,0.0,0.0,0.0024245558858696017,0.0,0.0
7652,0.002394395520154033,x_negative,0.0,0.0,0.0,0.002394395520154033,0.0,0.0
7653,0.0025147845879941876,x_negative,0.0,0.0,0.0,0.0025147845879941876,0.0,0.0
7654,0.0024460288422973073,x_negative,0.0,0.0,0.0,0.0024460288422973073,0.0,0.0
7655,0.0025698482468708306,x_negative,0.0,0.0,0.0,0.0025698482468708306,0.0,0.0
7656,0.00245478631969402,x_negative,0.0,0.0,0.0,0.00245478631969402,0.0,0.0
7657,0.002578429022932524,x_negative,0.0,0.0,0.0,0.002578429022932524,0.0,0.0
7658,0.00241751954290638,x_negative,0.0,0.0,0.0,0.00241751954290638,0.0,0.0
7659,0.002539939094902857,x_negative,0.0,0.0,0.0,0.002539939094902857,0.0,0.0
7660,0.002336167971492565,x_negative,0.0,0.0,0.0,0.002336167971492565,0.0,0.0
7661,0.002453637235451406,x_negative,0.0,0.0,0.0,0.002453637235451406,0.0,0.0
7662,0.0022103960738753888,x_negative,0.0,0.0,0.0,0.0022103960738753888,0.0,0.0
7663,0.002322508406780939,x_negative,0.0,0.0,0.0,0.002322508406780939,0.0,0.0
7664,0.002044063403450304,x_negative,0.0,0.0,0.0,0.002044063403450304,0.0,0.0
7665,0.00214746209130976,x_negative,0.0,0.0,0.0,0.00214746209130976,0.0,0.0
7666,0.0018430834671463979,x_negative,0.0,0.0,0.0,0.0018430834671463979,0.0,0.0
7667,0.0019355528592351794,x_negative,0.0,0.0,0.0,0.0019355528592351794,0.0,0.0
7668,0.0016107318413979615,x_negative,0.0,0.0,0.0,0.0016107318413979615,0.0,0.0
7669,0.0016921025812343556,x_negative,0.0,0.0,0.0,0.0016921025812343556,0.0,0.0
7670,0.001354330250126885,x_negative,0.0,0.0,0.0,0.001354330250126885,0.0,0.0
7671,0.001422196486056718,x_negative,0.0,0.0,0.0,0.001422196486056718,0.0,0.0
7672,0.0010775086854571613,x_negative,0.0,0.0,0.0,0.0010775086854571613,0.0,0.0
7673,0.001132422020923475,x_negative,0.0,0.0,0.0,0.001132422020923475,0.0,0.0
7674,0.0007857449521778251,x_negative,0.0,0.0,0.0,0.0007857449521778251,0.0,0.0
7675,0.0008254546960046013,x_negative,0.0,0.0,0.0,0.0008254546960046013,0.0,0.0
7676,0.00048227397073849476,x_negative,0.0,0.0,0.0,0.00048227397073849476,0.0,0.0
7677,0.0005062856779743358,x_negative,0.0,0.0,0.0,0.0005062856779743358,0.0,0.0
7678,0.0001626868324950512,x_negative,0.0,0.0,0.0,0.0001626868324950512,0.0,0.0
7679,0.0001711996679231455,x_negative,0.0,0.0,0.0,0.0001711996679231455,0.0,0.0
7680,0.00015091013292496257,x_positive,0.0,0.0,0.0,0.00015091013292496257,0.0,0.0
7681,0.00016004583292045723,x_positive,0.0,0.0,0.0,0.00016004583292045723,0.0,0.0
7682,0.0004449495177361043,x_positive,0.0,0.0,0.0,0.0004449495177361043,0.0,0.0
7683,0.000471751090830533,x_positive,0.0,0.0,0.0,0.000471751090830533,0.0,0.0
7684,0.0007229575100671927,x_positive,0.0,0.0,0.0,0.0007229575100671927,0.0,0.0
7685,0.0007665588957962866,x_positive,0.0,0.0,0.0,0.0007665588957962866,0.0,0.0
7686,0.0009928420006056356,x_positive,0.0,0.0,0.0,0.0009928420006056356,0.0,0.0
7687,0.0010527072148534015,x_positive,0.0,0.0,0.0,0.0010527072148534015,0.0,0.0
7688,0.0012472151836544004,x_positive,0.0,0.0,0.0,0.0012472151836544004,0.0,0.0
7689,0.001322387601986182,x_positive,0.0,0.0,0.0,0.001322387601986182,0.0,0.0
7690,0.001480643924558776,x_positive,0.0,0.0,0.0,0.001480643924558776,0.0,0.0
7691,0.0015699469554636095,x_positive,0.0,0.0,0.0,0.0015699469554636095,0.0,0.0
7692,0.001687041170976141,x_positive,0.0,0.0,0.0,0.001687041170976141,0.0,0.0
7693,0.0017887041905765811,x_positive,0.0,0.0,0.0,0.0017887041905765811,0.0,0.0
7694,0.0018617520945776766,x_positive,0.0,0.0,0.0,0.0018617520945776766,0.0,0.0
7695,0.0019738974937406656,x_positive,0.0,0.0,0.0,0.0019738974937406656,0.0,0.0
7696,0.0019999112627199587,x_positive,0.0,0.0,0.0,0.0019999112627199587,0.0,0.0
7697,0.002120382108317016,x_positive,0.0,0.0,0.0,0.002120382108317016,0.0,0.0
7698,0.002100483399406449,x_positive,0.0,0.0,0.0,0.002100483399406449,0.0,0.0
7699,0.0022272389037109436,x_positive,0.0,0.0,0.0,0.0022272389037109436,0.0,0.0
7700,0.0021616478671446612,x_positive,0.0,0.0,0.0,0.0021616478671446612,0.0,0.0
7701,0.002292137042538684,x_positive,0.0,0.0,0.0,0.002292137042538684,0.0,0.0
7702,0.0021857722314190175,x_positive,0.0,0.0,0.0,0.0021857722314190175,0.0,0.0
7703,0.0023173785347116536,x_positive,0.0,0.0,0.0,0.0023173785347116536,0.0,0.0
7704,0.0021734541545447685,x_positive,0.0,0.0,0.0,0.0021734541545447685,0.0,0.0
7705,0.002304739811091479,x_positive,0.0,0.0,0.0,0.002304739811091479,0.0,0.0
7706,0.0021305080918441457,x_positive,0.0,0.0,0.0,0.0021305080918441457,0.0,0.0
7707,0.002258648308289814,x_positive,0.0,0.0,0.0,0.002258648308289814,0.0,0.0
7708,0.002062932688961556,x_positive,0.0,0.0,0.0,0.002062932688961556,0.0,0.0
7709,0.0021878055636312616,x_positive,0.0,0.0,0.0,0.0021878055636312616,0.0,0.0
7710,0.0019682230576337227,x_positive,0.0,0.0,0.0,0.0019682230576337227,0.0,0.0
7711,0.0020867654389354934,x_positive,0.0,0.0,0.0,0.0020867654389354934,0.0,0.0
7712,0.001845386555790403,x_positive,0.0,0.0,0.0,0.001845386555790403,0.0,0.0
7713,0.001956567248034213,x_positive,0.0,0.0,0.0,0.001956567248034213,0.0,0.0
7714,0.0016956342048367677,x_positive,0.0,0.0,0.0,0.0016956342048367677,0.0,0.0
7715,0.0017973148841952653,x_positive,0.0,0.0,0.0,0.0017973148841952653,0.0,0.0
7716,0.001520418969049966,x_positive,0.0,0.0,0.0,0.001520418969049966,0.0,0.0
7717,0.0016129980442543801,x_positive,0.0,0.0,0.0,0.0016129980442543801,0.0,0.0
7718,0.0013248171116241724,x_positive,0.0,0.0,0.0,0.0013248171116241724,0.0,0.0
7719,0.001404068988307887,x_positive,0.0,0.0,0.0,0.001404068988307887,0.0,0.0
7720,0.0011122462957643246,x_positive,0.0,0.0,0.0,0.0011122462957643246,0.0,0.0
7721,0.0011797363473117712,x_positive,0.0,0.0,0.0,0.0011797363473117712,0.0,0.0
7722,0.000888056017795349,x_positive,0.0,0.0,0.0,0.000888056017795349,0.0,0.0
7723,0.0009411687264308071,x_positive,0.0,0.0,0.0,0.0009411687264308071,0.0,0.0
7724,0.0006671149610522777,y_negative,0.0,0.0,0.0,0.0006671149610522777,0.0,0.0
7725,0.0007077758915074727,y_negative,0.0,0.0,0.0,0.0007077758915074727,0.0,0.0
7726,0.0005214199413769577,y_negative,0.0,0.0,0.0,0.0005214199413769577,0.0,0.0
7727,0.0005527343015708442,y_negative,0.0,0.0,0.0,0.0005527343015708442,0.0,0.0
7728,0.000506317764767603,y_negative,0.0,0.0,0.0,0.000506317764767603,0.0,0.0
7729,0.0005368383696141574,y_negative,0.0,0.0,0.0,0.0005368383696141574,0.0,0.0
7730,0.0005643731808251953,x_negative,0.0,0.0,0.0,0.0005643731808251953,0.0,0.0
7731,0.0005986779073688455,x_negative,0.0,0.0,0.0,0.0005986779073688455,0.0,0.0
7732,0.0007632278910618379,x_negative,0.0,0.0,0.0,0.0007632278910618379,0.0,0.0
7733,0.0008088645196887614,x_negative,0.0,0.0,0.0,0.0008088645196887614,0.0,0.0
7734,0.00099524802191935,x_negative,0.0,0.0,0.0,0.00099524802191935,0.0,0.0
7735,0.0010554974884832943,x_negative,0.0,0.0,0.0,0.0010554974884832943,0.0,0.0
7736,0.0012237996983813315,x_negative,0.0,0.0,0.0,0.0012237996983813315,0.0,0.0
7737,0.0012976025297174267,x_negative,0.0,0.0,0.0,0.0012976025297174267,0.0,0.0
7738,0.001437930711496221,x_negative,0.0,0.0,0.0,0.001437930711496221,0.0,0.0
7739,0.0015242833648482237,x_negative,0.0,0.0,0.0,0.0015242833648482237,0.0,0.0
7740,0.0016302879789825855,x_negative,0.0,0.0,0.0,0.0016302879789825855,0.0,0.0
7741,0.0017286282510941549,x_negative,0.0,0.0,0.0,0.0017286282510941549,0.0,0.0
7742,0.0017962941721471144,x_negative,0.0,0.0,0.0,0.0017962941721471144,0.0,0.0
7743,0.0019048130460109004,x_negative,0.0,0.0,0.0,0.0019048130460109004,0.0,0.0
7744,0.001933254089336554,x_negative,0.0,0.0,0.0,0.001933254089336554,0.0,0.0
7745,0.0020499935762465734,x_negative,0.0,0.0,0.0,0.0020499935762465734,0.0,0.0
7746,0.0020397395418710346,x_negative,0.0,0.0,0.0,0.0020397395418710346,0.0,0.0
7747,0.00216255492374001,x_negative,0.0,0.0,0.0,0.00216255492374001,0.0,0.0
7748,0.0021154108647935474,x_negative,0.0,0.0,0.0,0.0021154108647935474,0.0,0.0
7749,0.002243121640483733,x_negative,0.0,0.0,0.0,0.002243121640483733,0.0,0.0
7750,0.0021617819275355408,x_negative,0.0,0.0,0.0,0.0021617819275355408,0.0,0.0
7751,0.0022916721282451695,x_negative,0.0,0.0,0.0,0.0022916721282451695,0.0,0.0
7752,0.0021686268516795805,x_negative,0.0,0.0,0.0,0.0021686268516795805,0.0,0.0
7753,0.0023000727880581654,x_negative,0.0,0.0,0.0,0.0023000727880581654,0.0,0.0
7754,0.0021364269881311965,x_negative,0.0,0.0,0.0,0.0021364269881311965,0.0,0.0
7755,0.002264957685460104,x_negative,0.0,0.0,0.0,0.002264957685460104,0.0,0.0
7756,0.002064253343151029,x_negative,0.0,0.0,0.0,0.002064253343151029,0.0,0.0
7757,0.002188654485876102,x_negative,0.0,0.0,0.0,0.002188654485876102,0.0,0.0
7758,0.001953762092183082,x_negative,0.0,0.0,0.0,0.001953762092183082,0.0,0.0
7759,0.00207115537633642,x_negative,0.0,0.0,0.0,0.00207115537633642,0.0,0.0
7760,0.0018066459567527943,x_negative,0.0,0.0,0.0,0.0018066459567527943,0.0,0.0
7761,0.0019157581201934748,x_negative,0.0,0.0,0.0,0.0019157581201934748,0.0,0.0
7762,0.001628528590043314,x_negative,0.0,0.0,0.0,0.001628528590043314,0.0,0.0
7763,0.0017265758710202372,x_negative,0.0,0.0,0.0,0.0017265758710202372,0.0,0.0
7764,0.0014231038211014835,x_negative,0.0,0.0,0.0,0.0014231038211014835,0.0,0.0
7765,0.0015089625265548214,x_negative,0.0,0.0,0.0,0.0015089625265548214,0.0,0.0
7766,0.0011959199031705695,x_negative,0.0,0.0,0.0,0.0011959199031705695,0.0,0.0
7767,0.0012682651863213713,x_negative,0.0,0.0,0.0,0.0012682651863213713,0.0,0.0
7768,0.0009518862212064612,x_negative,0.0,0.0,0.0,0.0009518862212064612,0.0,0.0
7769,0.001009189430225421,x_negative,0.0,0.0,0.0,0.001009189430225421,0.0,0.0
7770,0.000694550698656813,x_negative,0.0,0.0,0.0,0.000694550698656813,0.0,0.0
7771,0.0007361694597040817,x_negative,0.0,0.0,0.0,0.0007361694597040817,0.0,0.0
7772,0.00042607743608106814,x_negative,0.0,0.0,0.0,0.00042607743608106814,0.0,0.0
7773,0.0004521860639600956,x_negative,0.0,0.0,0.0,0.0004521860639600956,0.0,0.0
7774,0.00014419381434846727,x_negative,0.0,0.0,0.0,0.00014419381434846727,0.0,0.0
7775,0.00015257959607527162,x_negative,0.0,0.0,0.0,0.00015257959607527162,0.0,0.0
7776,0.00013138885187875162,x_positive,0.0,0.0,0.0,0.00013138885187875162,0.0,0.0
7777,0.00014080137132296345,x_positive,0.0,0.0,0.0,0.00014080137132296345,0.0,0.0
7778,0.0003870446128917343,x_positive,0.0,0.0,0.0,0.0003870446128917343,0.0,0.0
7779,0.0004148230933285945,x_positive,0.0,0.0,0.0,0.0004148230933285945,0.0,0.0
7780,0.0006284040943103345,x_positive,0.0,0.0,0.0,0.0006284040943103345,0.0,0.0
7781,0.0006734915873051369,x_positive,0.0,0.0,0.0,0.0006734915873051369,0.0,0.0
7782,0.0008626294644213661,x_positive,0.0,0.0,0.0,0.0008626294644213661,0.0,0.0
7783,0.0009244657006675906,x_positive,0.0,0.0,0.0,0.0009244657006675906,0.0,0.0
7784,0.0010838317922741733,x_positive,0.0,0.0,0.0,0.0010838317922741733,0.0,0.0
7785,0.0011615220382193807,x_positive,0.0,0.0,0.0,0.0011615220382193807,0.0,0.0
7786,0.0012863947720272173,x_positive,0.0,0.0,0.0,0.0012863947720272173,0.0,0.0
7787,0.0013786890564313834,x_positive,0.0,0.0,0.0,0.0013786890564313834,0.0,0.0
7788,0.0014658049808079154,x_positive,0.0,0.0,0.0,0.0014658049808079154,0.0,0.0
7789,0.001570943258184554,x_positive,0.0,0.0,0.0,0.001570943258184554,0.0,0.0
7790,0.001617507996428298,x_positive,0.0,0.0,0.0,0.001617507996428298,0.0,0.0
7791,0.0017332311273909327,x_positive,0.0,0.0,0.0,0.0017332311273909327,0.0,0.0
7792,0.0017367984029152534,x_positive,0.0,0.0,0.0,0.0017367984029152534,0.0,0.0
7793,0.0018616693052255651,x_positive,0.0,0.0,0.0,0.0018616693052255651,0.0,0.0
7794,0.0018243674405935785,x_positive,0.0,0.0,0.0,0.0018243674405935785,0.0,0.0
7795,0.0019547094374421595,x_positive,0.0,0.0,0.0,0.0019547094374421595,0.0,0.0
7796,0.0018768621384324296,x_positive,0.0,0.0,0.0,0.0018768621384324296,0.0,0.0
7797,0.0020116523697306732,x_positive,0.0,0.0,0.0,0.0020116523697306732,0.0,0.0
7798,0.0018976373156479437,x_positive,0.0,0.0,0.0,0.0018976373156479437,0.0,0.0
7799,0.0020334905094030924,x_positive,0.0,0.0,0.0,0.0020334905094030924,0.0,0.0
7800,0.0018877923970286275,x_positive,0.0,0.0,0.0,0.0018877923970286275,0.0,0.0
7801,0.0020224891775320252,x_positive,0.0,0.0,0.0,0.0020224891775320252,0.0,0.0
7802,0.001849623163329989,x_positive,0.0,0.0,0.0,0.001849623163329989,0.0,0.0
7803,0.0019833322409399906,x_positive,0.0,0.0,0.0,0.0019833322409399906,0.0,0.0
7804,0.001793217355832281,x_positive,0.0,0.0,0.0,0.001793217355832281,0.0,0.0
7805,0.0019210193141172846,x_positive,0.0,0.0,0.0,0.0019210193141172846,0.0,0.0
7806,0.0017114829158192805,x_positive,0.0,0.0,0.0,0.0017114829158192805,0.0,0.0
7807,0.001834495099757564,x_positive,0.0,0.0,0.0,0.001834495099757564,0.0,0.0
7808,0.0016055833444484986,x_positive,0.0,0.0,0.0,0.0016055833444484986,0.0,0.0
7809,0.0017210992455258243,x_positive,0.0,0.0,0.0,0.0017210992455258243,0.0,0.0
7810,0.001477273119758604,x_positive,0.0,0.0,0.0,0.001477273119758604,0.0,0.0
7811,0.0015826641439843213,x_positive,0.0,0.0,0.0,0.0015826641439843213,0.0,0.0
7812,0.0013270540478139633,x_positive,0.0,0.0,0.0,0.0013270540478139633,0.0,0.0
7813,0.0014222659202765952,x_positive,0.0,0.0,0.0,0.0014222659202765952,0.0,0.0
7814,0.0011587170868323153,x_positive,0.0,0.0,0.0,0.0011587170868323153,0.0,0.0
7815,0.0012417753487644276,x_positive,0.0,0.0,0.0,0.0012417753487644276,0.0,0.0
7816,0.0009763444652926887,x_positive,0.0,0.0,0.0,0.0009763444652926887,0.0,0.0
7817,0.0010461482245494602,x_positive,0.0,0.0,0.0,0.0010461482245494602,0.0,0.0
7818,0.000783453653664883,x_positive,0.0,0.0,0.0,0.000783453653664883,0.0,0.0
7819,0.0008396722820207706,x_positive,0.0,0.0,0.0,0.0008396722820207706,0.0,0.0
7820,0.0005941065280043165,y_negative,0.0,0.0,0.0,0.0005941065280043165,0.0,0.0
7821,0.0006367103091776869,y_negative,0.0,0.0,0.0,0.0006367103091776869,0.0,0.0
7822,0.00047085496921587156,y_negative,0.0,0.0,0.0,0.00047085496921587156,0.0,0.0
7823,0.0005044545121008462,y_negative,0.0,0.0,0.0,0.0005044545121008462,0.0,0.0
7824,0.00045722664734510637,y_negative,0.0,0.0,0.0,0.00045722664734510637,0.0,0.0
7825,0.000490084593648987,y_negative,0.0,0.0,0.0,0.000490084593648987,0.0,0.0
7826,0.0004995592501253225,x_negative,0.0,0.0,0.0,0.0004995592501253225,0.0,0.0
7827,0.0005352739266057606,x_negative,0.0,0.0,0.0,0.0005352739266057606,0.0,0.0
7828,0.0006674230947918348,x_negative,0.0,0.0,0.0,0.0006674230947918348,0.0,0.0
7829,0.0007153457227466005,x_negative,0.0,0.0,0.0,0.0007153457227466005,0.0,0.0
7830,0.0008664894150759437,x_negative,0.0,0.0,0.0,0.0008664894150759437,0.0,0.0
7831,0.0009286197797920677,x_negative,0.0,0.0,0.0,0.0009286197797920677,0.0,0.0
7832,0.0010635317231952489,x_negative,0.0,0.0,0.0,0.0010635317231952489,0.0,0.0
7833,0.0011397574483926526,x_negative,0.0,0.0,0.0,0.0011397574483926526,0.0,0.0
7834,0.0012478121177110302,x_negative,0.0,0.0,0.0,0.0012478121177110302,0.0,0.0
7835,0.001337560013188476,x_negative,0.0,0.0,0.0,0.001337560013188476,0.0,0.0
7836,0.0014139144237216488,x_negative,0.0,0.0,0.0,0.0014139144237216488,0.0,0.0
7837,0.0015150744071747663,x_negative,0.0,0.0,0.0,0.0015150744071747663,0.0,0.0
7838,0.0015571104025480832,x_negative,0.0,0.0,0.0,0.0015571104025480832,0.0,0.0
7839,0.0016689238532174564,x_negative,0.0,0.0,0.0,0.0016689238532174564,0.0,0.0
7840,0.001676298665234305,x_negative,0.0,0.0,0.0,0.001676298665234305,0.0,0.0
7841,0.0017958950729730463,x_negative,0.0,0.0,0.0,0.0017958950729730463,0.0,0.0
7842,0.001768092377372516,x_negative,0.0,0.0,0.0,0.001768092377372516,0.0,0.0
7843,0.0018948131262255413,x_negative,0.0,0.0,0.0,0.0018948131262255413,0.0,0.0
7844,0.0018334199291566342,x_negative,0.0,0.0,0.0,0.0018334199291566342,0.0,0.0
7845,0.0019650769061804237,x_negative,0.0,0.0,0.0,0.0019650769061804237,0.0,0.0
7846,0.001873009739412884,x_negative,0.0,0.0,0.0,0.001873009739412884,0.0,0.0
7847,0.002007111943662097,x_negative,0.0,0.0,0.0,0.002007111943662097,0.0,0.0
7848,0.0018798509846977161,x_negative,0.0,0.0,0.0,0.0018798509846977161,0.0,0.0
7849,0.0020141997029376043,x_negative,0.0,0.0,0.0,0.0020141997029376043,0.0,0.0
7850,0.0018514601034087669,x_negative,0.0,0.0,0.0,0.0018514601034087669,0.0,0.0
7851,0.001984515192913813,x_negative,0.0,0.0,0.0,0.001984515192913813,0.0,0.0
7852,0.0017889816844075868,x_negative,0.0,0.0,0.0,0.0017889816844075868,0.0,0.0
7853,0.0019172655045850036,x_negative,0.0,0.0,0.0,0.0019172655045850036,0.0,0.0
7854,0.001692530268962453,x_negative,0.0,0.0,0.0,0.001692530268962453,0.0,0.0
7855,0.0018142646779167487,x_negative,0.0,0.0,0.0,0.0018142646779167487,0.0,0.0
7856,0.0015654861665647482,x_negative,0.0,0.0,0.0,0.0015654861665647482,0.0,0.0
7857,0.0016772428494337013,x_negative,0.0,0.0,0.0,0.0016772428494337013,0.0,0.0
7858,0.0014106471341406757,x_negative,0.0,0.0,0.0,0.0014106471341406757,0.0,0.0
7859,0.0015118338469415418,x_negative,0.0,0.0,0.0,0.0015118338469415418,0.0,0.0
7860,0.0012323289315384909,x_negative,0.0,0.0,0.0,0.0012323289315384909,0.0,0.0
7861,0.0013208454861784224,x_negative,0.0,0.0,0.0,0.0013208454861784224,0.0,0.0
7862,0.0010352657099664416,x_negative,0.0,0.0,0.0,0.0010352657099664416,0.0,0.0
7863,0.0011098628032146275,x_negative,0.0,0.0,0.0,0.0011098628032146275,0.0,0.0
7864,0.0008244911191619003,x_negative,0.0,0.0,0.0,0.0008244911191619003,0.0,0.0
7865,0.0008830838076225675,x_negative,0.0,0.0,0.0,0.0008830838076225675,0.0,0.0
7866,0.0006012674869766874,x_negative,0.0,0.0,0.0,0.0006012674869766874,0.0,0.0
7867,0.0006446546022334002,x_negative,0.0,0.0,0.0,0.0006446546022334002,0.0,0.0
7868,0.00036937834448586254,x_negative,0.0,0.0,0.0,0.00036937834448586254,0.0,0.0
7869,0.0003958222692180199,x_negative,0.0,0.0,0.0,0.0003958222692180199,0.0,0.0
7870,0.0001250302939761373,x_negative,0.0,0.0,0.0,0.0001250302939761373,0.0,0.0
7871,0.00013404383734152032,x_negative,0.0,0.0,0.0,0.00013404383734152032,0.0,0.0
7872,0.00011246490810601943,x_positive,0.0,0.0,0.0,0.00011246490810601943,0.0,0.0
7873,0.00012160425517654717,x_positive,0.0,0.0,0.0,0.00012160425517654717,0.0,0.0
7874,0.00032924206743762486,x_positive,0.0,0.0,0.0,0.00032924206743762486,0.0,0.0
7875,0.00035767378474846714,x_positive,0.0,0.0,0.0,0.00035767378474846714,0.0,0.0
7876,0.0005344586820624215,x_positive,0.0,0.0,0.0,0.0005344586820624215,0.0,0.0
7877,0.0005799156403043418,x_positive,0.0,0.0,0.0,0.0005799156403043418,0.0,0.0
7878,0.0007335253794055218,x_positive,0.0,0.0,0.0,0.0007335253794055218,0.0,0.0
7879,0.0007958782583286917,x_positive,0.0,0.0,0.0,0.0007958782583286917,0.0,0.0
7880,0.0009215308393674561,x_positive,0.0,0.0,0.0,0.0009215308393674561,0.0,0.0
7881,0.0009999909884622817,x_positive,0.0,0.0,0.0,0.0009999909884622817,0.0,0.0
7882,0.001093918506149695,x_positive,0.0,0.0,0.0,0.001093918506149695,0.0,0.0
7883,0.0011869557526367073,x_positive,0.0,0.0,0.0,0.0011869557526367073,0.0,0.0
7884,0.001246435786107682,x_positive,0.0,0.0,0.0,0.001246435786107682,0.0,0.0
7885,0.001352728440996422,x_positive,0.0,0.0,0.0,0.001352728440996422,0.0,0.0
7886,0.001374846238772126,x_positive,0.0,0.0,0.0,0.001374846238772126,0.0,0.0
7887,0.001491751339817741,x_positive,0.0,0.0,0.0,0.001491751339817741,0.0,0.0
7888,0.001476110885514243,x_positive,0.0,0.0,0.0,0.001476110885514243,0.0,0.0
7889,0.0016020015585155457,x_positive,0.0,0.0,0.0,0.0016020015585155457,0.0,0.0
7890,0.0015498731431880018,x_positive,0.0,0.0,0.0,0.0015498731431880018,0.0,0.0
7891,0.0016816801313910491,x_positive,0.0,0.0,0.0,0.0016816801313910491,0.0,0.0
7892,0.0015942014241229468,x_positive,0.0,0.0,0.0,0.0015942014241229468,0.0,0.0
7893,0.0017300231212727924,x_positive,0.0,0.0,0.0,0.0017300231212727924,0.0,0.0
7894,0.0016117151632681337,x_positive,0.0,0.0,0.0,0.0016117151632681337,0.0,0.0
7895,0.0017489130474474667,x_positive,0.0,0.0,0.0,0.0017489130474474667,0.0,0.0
7896,0.0016027602002082223,x_positive,0.0,0.0,0.0,0.0016027602002082223,0.0,0.0
7897,0.0017394478694139532,x_positive,0.0,0.0,0.0,0.0017394478694139532,0.0,0.0
7898,0.001571732281293674,x_positive,0.0,0.0,0.0,0.001571732281293674,0.0,0.0
7899,0.001705608410035061,x_positive,0.0,0.0,0.0,0.001705608410035061,0.0,0.0
7900,0.0015241534286886357,x_positive,0.0,0.0,0.0,0.0015241534286886357,0.0,0.0
7901,0.001653988489201781,x_positive,0.0,0.0,0.0,0.001653988489201781,0.0,0.0
7902,0.0014563246955212866,x_positive,0.0,0.0,0.0,0.0014563246955212866,0.0,0.0
7903,0.0015802010224818513,x_positive,0.0,0.0,0.0,0.0015802010224818513,0.0,0.0
7904,0.0013685357313033952,x_positive,0.0,0.0,0.0,0.0013685357313033952,0.0,0.0
7905,0.0014844768770495512,x_positive,0.0,0.0,0.0,0.0014844768770495512,0.0,0.0
7906,0.0012598543963972448,x_positive,0.0,0.0,0.0,0.0012598543963972448,0.0,0.0
7907,0.0013680421697499312,x_positive,0.0,0.0,0.0,0.0013680421697499312,0.0,0.0
7908,0.0011350042869433523,x_positive,0.0,0.0,0.0,0.0011350042869433523,0.0,0.0
7909,0.001230967850709909,x_positive,0.0,0.0,0.0,0.001230967850709909,0.0,0.0
7910,0.00099355789762878,x_positive,0.0,0.0,0.0,0.00099355789762878,0.0,0.0
7911,0.0010786166937766179,x_positive,0.0,0.0,0.0,0.0010786166937766179,0.0,0.0
7912,0.0008413517784115173,x_positive,0.0,0.0,0.0,0.0008413517784115173,0.0,0.0
7913,0.0009127145573464276,x_positive,0.0,0.0,0.0,0.0009127145573464276,0.0,0.0
7914,0.0006796519807040995,x_positive,0.0,0.0,0.0,0.0006796519807040995,0.0,0.0
7915,0.0007374254771956636,x_positive,0.0,0.0,0.0,0.0007374254771956636,0.0,0.0
7916,0.0005212583849488771,y_negative,0.0,0.0,0.0,0.0005212583849488771,0.0,0.0
7917,0.0005656715504883893,y_negative,0.0,0.0,0.0,0.0005656715504883893,0.0,0.0
7918,0.0004199899916133955,y_negative,0.0,0.0,0.0,0.0004199899916133955,0.0,0.0
7919,0.00045582462378897855,y_negative,0.0,0.0,0.0,0.00045582462378897855,0.0,0.0
7920,0.00040834734261054853,y_negative,0.0,0.0,0.0,0.00040834734261054853,0.0,0.0
7921,0.0004430357262113473,y_negative,0.0,0.0,0.0,0.0004430357262113473,0.0,0.0
7922,0.00043564394605649317,x_negative,0.0,0.0,0.0,0.00043564394605649317,0.0,0.0
7923,0.00047263898921412603,x_negative,0.0,0.0,0.0,0.00047263898921412603,0.0,0.0
7924,0.0005725292891977026,x_negative,0.0,0.0,0.0,0.0005725292891977026,0.0,0.0
7925,0.0006212370954878378,x_negative,0.0,0.0,0.0,0.0006212370954878378,0.0,0.0
7926,0.0007388579758477113,x_negative,0.0,0.0,0.0,0.0007388579758477113,0.0,0.0
7927,0.0008017079288298858,x_negative,0.0,0.0,0.0,0.0008017079288298858,0.0,0.0
7928,0.0009041569786959727,x_negative,0.0,0.0,0.0,0.0009041569786959727,0.0,0.0
7929,0.0009813388144742391,x_negative,0.0,0.0,0.0,0.0009813388144742391,0.0,0.0
7930,0.0010600108373140416,x_negative,0.0,0.0,0.0,0.0010600108373140416,0.0,0.0
7931,0.001150120395149369,x_negative,0.0,0.0,0.0,0.001150120395149369,0.0,0.0
7932,0.0011998878469743938,x_negative,0.0,0.0,0.0,0.0011998878469743938,0.0,0.0
7933,0.00130226668065749,x_negative,0.0,0.0,0.0,0.00130226668065749,0.0,0.0
7934,0.0013209771693524263,x_negative,0.0,0.0,0.0,0.0013209771693524263,0.0,0.0
7935,0.0014333005002670819,x_negative,0.0,0.0,0.0,0.0014333005002670819,0.0,0.0
7936,0.001420900739744682,x_negative,0.0,0.0,0.0,0.001420900739744682,0.0,0.0
7937,0.0015416716488112568,x_negative,0.0,0.0,0.0,0.0015416716488112568,0.0,0.0
7938,0.00149814639231538,x_negative,0.0,0.0,0.0,0.00149814639231538,0.0,0.0
7939,0.0016258963044167936,x_negative,0.0,0.0,0.0,0.0016258963044167936,0.0,0.0
7940,0.0015530567431287056,x_negative,0.0,0.0,0.0,0.0015530567431287056,0.0,0.0
7941,0.0016854799900884153,x_negative,0.0,0.0,0.0,0.0016854799900884153,0.0,0.0
7942,0.0015862712701355467,x_negative,0.0,0.0,0.0,0.0015862712701355467,0.0,0.0
7943,0.0017211587440226325,x_negative,0.0,0.0,0.0,0.0017211587440226325,0.0,0.0
7944,0.0015916522645473997,x_negative,0.0,0.0,0.0,0.0015916522645473997,0.0,0.0
7945,0.0017273085901284002,x_negative,0.0,0.0,0.0,0.0017273085901284002,0.0,0.0
7946,0.0015680802686039714,x_negative,0.0,0.0,0.0,0.0015680802686039714,0.0,0.0
7947,0.0017013204391761853,x_negative,0.0,0.0,0.0,0.0017013204391761853,0.0,0.0
7948,0.001514685794817898,x_negative,0.0,0.0,0.0,0.001514685794817898,0.0,0.0
7949,0.0016440690518398024,x_negative,0.0,0.0,0.0,0.0016440690518398024,0.0,0.0
7950,0.0014340122083954991,x_negative,0.0,0.0,0.0,0.0014340122083954991,0.0,0.0
7951,0.0015554636461207606,x_negative,0.0,0.0,0.0,0.0015554636461207606,0.0,0.0
7952,0.0013259015073834425,x_negative,0.0,0.0,0.0,0.0013259015073834425,0.0,0.0
7953,0.0014387256427599356,x_negative,0.0,0.0,0.0,0.0014387256427599356,0.0,0.0
7954,0.0011936568684398534,x_negative,0.0,0.0,0.0,0.0011936568684398534,0.0,0.0
7955,0.0012962012199772494,x_negative,0.0,0.0,0.0,0.0012962012199772494,0.0,0.0
7956,0.0010431451851007963,x_negative,0.0,0.0,0.0,0.0010431451851007963,0.0,0.0
7957,0.0011315623338233856,x_negative,0.0,0.0,0.0,0.0011315623338233856,0.0,0.0
7958,0.0008764303295222411,x_negative,0.0,0.0,0.0,0.0008764303295222411,0.0,0.0
7959,0.0009506893459660159,x_negative,0.0,0.0,0.0,0.0009506893459660159,0.0,0.0
7960,0.0006971537081385622,x_negative,0.0,0.0,0.0,0.0006971537081385622,0.0,0.0
7961,0.0007570866345782604,x_negative,0.0,0.0,0.0,0.0007570866345782604,0.0,0.0
7962,0.0005091636187880765,x_negative,0.0,0.0,0.0,0.0005091636187880765,0.0,0.0
7963,0.0005521645867769228,x_negative,0.0,0.0,0.0,0.0005521645867769228,0.0,0.0
7964,0.0003133492656161651,x_negative,0.0,0.0,0.0,0.0003133492656161651,0.0,0.0
7965,0.00033974722244439976,x_negative,0.0,0.0,0.0,0.00033974722244439976,0.0,0.0
7966,0.0001061989562433529,x_negative,0.0,0.0,0.0,0.0001061989562433529,0.0,0.0
7967,0.00011513415285772394,x_negative,0.0,0.0,0.0,0.00011513415285772394,0.0,0.0
7968,9.341620499603793e-05,x_positive,0.0,0.0,0.0,9.341620499603793e-05,0.0,0.0
7969,0.00010305007687655941,x_positive,0.0,0.0,0.0,0.00010305007687655941,0.0,0.0
7970,0.0002734766445113093,x_positive,0.0,0.0,0.0,0.0002734766445113093,0.0,0.0
7971,0.0003009726294706904,x_positive,0.0,0.0,0.0,0.0003009726294706904,0.0,0.0
7972,0.0004428294054995806,x_positive,0.0,0.0,0.0,0.0004428294054995806,0.0,0.0
7973,0.0004876794119649064,x_positive,0.0,0.0,0.0,0.0004876794119649064,0.0,0.0
7974,0.0006076570202075685,x_positive,0.0,0.0,0.0,0.0006076570202075685,0.0,0.0
7975,0.0006694665464005079,x_positive,0.0,0.0,0.0,0.0006694665464005079,0.0,0.0
7976,0.0007633609442957707,x_positive,0.0,0.0,0.0,0.0007633609442957707,0.0,0.0
7977,0.0008409110513209643,x_positive,0.0,0.0,0.0,0.0008409110513209643,0.0,0.0
7978,0.0009061384308373876,x_positive,0.0,0.0,0.0,0.0009061384308373876,0.0,0.0
7979,0.0009978930934135242,x_positive,0.0,0.0,0.0,0.0009978930934135242,0.0,0.0
7980,0.0010325597416522545,x_positive,0.0,0.0,0.0,0.0010325597416522545,0.0,0.0
7981,0.0011372008365259133,x_positive,0.0,0.0,0.0,0.0011372008365259133,0.0,0.0
7982,0.001138675581589224,x_positive,0.0,0.0,0.0,0.001138675581589224,0.0,0.0
7983,0.0012542252082515851,x_positive,0.0,0.0,0.0,0.0012542252082515851,0.0,0.0
7984,0.0012224599705243167,x_positive,0.0,0.0,0.0,0.0012224599705243167,0.0,0.0
7985,0.0013460774339925173,x_positive,0.0,0.0,0.0,0.0013460774339925173,0.0,0.0
7986,0.001282714686935274,x_positive,0.0,0.0,0.0,0.001282714686935274,0.0,0.0
7987,0.0014131481934208166,x_positive,0.0,0.0,0.0,0.0014131481934208166,0.0,0.0
7988,0.001318787504646324,x_positive,0.0,0.0,0.0,0.001318787504646324,0.0,0.0
7989,0.001452691968161853,x_positive,0.0,0.0,0.0,0.001452691968161853,0.0,0.0
7990,0.0013331665667201257,x_positive,0.0,0.0,0.0,0.0013331665667201257,0.0,0.0
7991,0.0014681078615998266,x_positive,0.0,0.0,0.0,0.0014681078615998266,0.0,0.0
7992,0.0013256322114068456,x_positive,0.0,0.0,0.0,0.0013256322114068456,0.0,0.0
7993,0.0014602314793535015,x_positive,0.0,0.0,0.0,0.0014602314793535015,0.0,0.0
7994,0.0013013535239503591,x_positive,0.0,0.0,0.0,0.0013013535239503591,0.0,0.0
7995,0.0014327036451958603,x_positive,0.0,0.0,0.0,0.0014327036451958603,0.0,0.0
7996,0.0012625917780064862,x_positive,0.0,0.0,0.0,0.0012625917780064862,0.0,0.0
7997,0.0013913214704474068,x_positive,0.0,0.0,0.0,0.0013913214704474068,0.0,0.0
7998,0.0012085539055682586,x_positive,0.0,0.0,0.0,0.0012085539055682586,0.0,0.0
7999,0.0013303826661913124,x_positive,0.0,0.0,0.0,0.0013303826661913124,0.0,0.0
8000,0.0011364704207565282,x_positive,0.0,0.0,0.0,0.0011364704207565282,0.0,0.0
8001,0.001252426404157019,x_positive,0.0,0.0,0.0,0.001252426404157019,0.0,0.0
8002,0.0010497675098452412,x_positive,0.0,0.0,0.0,0.0010497675098452412,0.0,0.0
8003,0.0011556139693440972,x_positive,0.0,0.0,0.0,0.0011556139693440972,0.0,0.0
8004,0.0009476778259097842,x_positive,0.0,0.0,0.0,0.0009476778259097842,0.0,0.0
8005,0.0010440771175258426,x_positive,0.0,0.0,0.0,0.0010440771175258426,0.0,0.0
8006,0.0008332559253846238,x_positive,0.0,0.0,0.0,0.0008332559253846238,0.0,0.0
8007,0.0009176220377775921,x_positive,0.0,0.0,0.0,0.0009176220377775921,0.0,0.0
8008,0.0007095208685598405,x_positive,0.0,0.0,0.0,0.0007095208685598405,0.0,0.0
8009,0.0007817075119404229,x_positive,0.0,0.0,0.0,0.0007817075119404229,0.0,0.0
8010,0.0005782393833488189,x_positive,0.0,0.0,0.0,0.0005782393833488189,0.0,0.0
8011,0.0006369716680140657,x_positive,0.0,0.0,0.0,0.0006369716680140657,0.0,0.0
8012,0.000449960661550572,y_negative,0.0,0.0,0.0,0.000449960661550572,0.0,0.0
8013,0.0004953813927490352,y_negative,0.0,0.0,0.0,0.0004953813927490352,0.0,0.0
8014,0.00036967275287945104,y_negative,0.0,0.0,0.0,0.00036967275287945104,0.0,0.0
8015,0.0004070455455764148,y_negative,0.0,0.0,0.0,0.0004070455455764148,0.0,0.0
8016,0.0003596763695464929,y_negative,0.0,0.0,0.0,0.0003596763695464929,0.0,0.0
8017,0.00039613940893681187,y_negative,0.0,0.0,0.0,0.00039613940893681187,0.0,0.0
8018,0.00037307525436051274,x_negative,0.0,0.0,0.0,0.00037307525436051274,0.0,0.0
8019,0.0004109649404104659,x_negative,0.0,0.0,0.0,0.0004109649404104659,0.0,0.0
8020,0.0004804845543929005,x_negative,0.0,0.0,0.0,0.0004804845543929005,0.0,0.0
8021,0.000529376535941888,x_negative,0.0,0.0,0.0,0.000529376535941888,0.0,0.0
8022,0.0006149853670244852,x_negative,0.0,0.0,0.0,0.0006149853670244852,0.0,0.0
8023,0.0006772971802222556,x_negative,0.0,0.0,0.0,0.0006772971802222556,0.0,0.0
8024,0.0007500651405373646,x_negative,0.0,0.0,0.0,0.0007500651405373646,0.0,0.0
8025,0.0008258556379548474,x_negative,0.0,0.0,0.0,0.0008258556379548474,0.0,0.0
8026,0.0008770982335863359,x_negative,0.0,0.0,0.0,0.0008770982335863359,0.0,0.0
8027,0.0009661751186371555,x_negative,0.0,0.0,0.0,0.0009661751186371555,0.0,0.0
8028,0.000991851667402419,x_negative,0.0,0.0,0.0,0.000991851667402419,0.0,0.0
8029,0.0010923553384204077,x_negative,0.0,0.0,0.0,0.0010923553384204077,0.0,0.0
8030,0.0010911063480020572,x_negative,0.0,0.0,0.0,0.0010911063480020572,0.0,0.0
8031,0.001201738066978818,x_negative,0.0,0.0,0.0,0.001201738066978818,0.0,0.0
8032,0.0011722072801430314,x_negative,0.0,0.0,0.0,0.0011722072801430314,0.0,0.0
8033,0.0012914492134234782,x_negative,0.0,0.0,0.0,0.0012914492134234782,0.0,0.0
8034,0.0012357883666759067,x_negative,0.0,0.0,0.0,0.0012357883666759067,0.0,0.0
8035,0.0013609415118611273,x_negative,0.0,0.0,0.0,0.0013609415118611273,0.0,0.0
8036,0.0012809135176658083,x_negative,0.0,0.0,0.0,0.0012809135176658083,0.0,0.0
8037,0.0014106729365589473,x_negative,0.0,0.0,0.0,0.0014106729365589473,0.0,0.0
8038,0.0013078064350537778,x_negative,0.0,0.0,0.0,0.0013078064350537778,0.0,0.0
8039,0.001440662512988379,x_negative,0.0,0.0,0.0,0.001440662512988379,0.0,0.0
8040,0.0013123657546301704,x_negative,0.0,0.0,0.0,0.0013123657546301704,0.0,0.0
8041,0.001445402809141487,x_negative,0.0,0.0,0.0,0.001445402809141487,0.0,0.0
8042,0.0012930145366126795,x_negative,0.0,0.0,0.0,0.0012930145366126795,0.0,0.0
8043,0.0014238878428287135,x_negative,0.0,0.0,0.0,0.0014238878428287135,0.0,0.0
8044,0.0012495409751039324,x_negative,0.0,0.0,0.0,0.0012495409751039324,0.0,0.0
8045,0.0013758955798451984,x_negative,0.0,0.0,0.0,0.0013758955798451984,0.0,0.0
8046,0.0011818069494555377,x_negative,0.0,0.0,0.0,0.0011818069494555377,0.0,0.0
8047,0.0013023431994390103,x_negative,0.0,0.0,0.0,0.0013023431994390103,0.0,0.0
8048,0.0010920516787130186,x_negative,0.0,0.0,0.0,0.0010920516787130186,0.0,0.0
8049,0.0012034430077463424,x_negative,0.0,0.0,0.0,0.0012034430077463424,0.0,0.0
8050,0.0009842997434564905,x_negative,0.0,0.0,0.0,0.0009842997434564905,0.0,0.0
8051,0.001083149257569772,x_negative,0.0,0.0,0.0,0.001083149257569772,0.0,0.0
8052,0.00085942818251868,x_negative,0.0,0.0,0.0,0.00085942818251868,0.0,0.0
8053,0.0009463746705737401,x_negative,0.0,0.0,0.0,0.0009463746705737401,0.0,0.0
8054,0.0007210192817191955,x_negative,0.0,0.0,0.0,0.0007210192817191955,0.0,0.0
8055,0.0007947548984105418,x_negative,0.0,0.0,0.0,0.0007947548984105418,0.0,0.0
8056,0.0005745876897208094,x_negative,0.0,0.0,0.0,0.0005745876897208094,0.0,0.0
8057,0.0006320592384540265,x_negative,0.0,0.0,0.0,0.0006320592384540265,0.0,0.0
8058,0.00041917856373054887,x_negative,0.0,0.0,0.0,0.00041917856373054887,0.0,0.0
8059,0.0004620151254457003,x_negative,0.0,0.0,0.0,0.0004620151254457003,0.0,0.0
8060,0.00025821359826183843,x_negative,0.0,0.0,0.0,0.00025821359826183843,0.0,0.0
8061,0.0002847063020701703,x_negative,0.0,0.0,0.0,0.0002847063020701703,0.0,0.0
8062,8.762071086927763e-05,x_negative,0.0,0.0,0.0,8.762071086927763e-05,0.0,0.0
8063,9.658981362998395e-05,x_negative,0.0,0.0,0.0,9.658981362998395e-05,0.0,0.0
8064,7.519730542919769e-05,x_positive,0.0,0.0,0.0,7.519730542919769e-05,0.0,0.0
8065,8.465845327877332e-05,x_positive,0.0,0.0,0.0,8.465845327877332e-05,0.0,0.0
8066,0.00022025866822339305,x_positive,0.0,0.0,0.0,0.00022025866822339305,0.0,0.0
8067,0.00024719660287477786,x_positive,0.0,0.0,0.0,0.00024719660287477786,0.0,0.0
8068,0.00035584383155082554,x_positive,0.0,0.0,0.0,0.00035584383155082554,0.0,0.0
8069,0.0003991194482975189,x_positive,0.0,0.0,0.0,0.0003991194482975189,0.0,0.0
8070,0.0004880605274801263,x_positive,0.0,0.0,0.0,0.0004880605274801263,0.0,0.0
8071,0.0005472924186023426,x_positive,0.0,0.0,0.0,0.0005472924186023426,0.0,0.0
8072,0.0006131330122665541,x_positive,0.0,0.0,0.0,0.0006131330122665541,0.0,0.0
8073,0.0006877239496817353,x_positive,0.0,0.0,0.0,0.0006877239496817353,0.0,0.0
8074,0.000727933714718327,x_positive,0.0,0.0,0.0,0.000727933714718327,0.0,0.0
8075,0.0008165927081907893,x_positive,0.0,0.0,0.0,0.0008165927081907893,0.0,0.0
8076,0.0008290356312515109,x_positive,0.0,0.0,0.0,0.0008290356312515109,0.0,0.0
8077,0.0009298689075748402,x_positive,0.0,0.0,0.0,0.0009298689075748402,0.0,0.0
8078,0.0009141230971455777,x_positive,0.0,0.0,0.0,0.0009141230971455777,0.0,0.0
8079,0.0010253931494334382,x_positive,0.0,0.0,0.0,0.0010253931494334382,0.0,0.0
8080,0.0009805964393478552,x_positive,0.0,0.0,0.0,0.0009805964393478552,0.0,0.0
8081,0.0010998486922128643,x_positive,0.0,0.0,0.0,0.0010998486922128643,0.0,0.0
8082,0.0010286318017315931,x_positive,0.0,0.0,0.0,0.0010286318017315931,0.0,0.0
8083,0.0011538189462301574,x_positive,0.0,0.0,0.0,0.0011538189462301574,0.0,0.0
8084,0.0010574355244797374,x_positive,0.0,0.0,0.0,0.0010574355244797374,0.0,0.0
8085,0.0011859518088676792,x_positive,0.0,0.0,0.0,0.0011859518088676792,0.0,0.0
8086,0.0010684237642963265,x_positive,0.0,0.0,0.0,0.0010684237642963265,0.0,0.0
8087,0.0011985093694526,x_positive,0.0,0.0,0.0,0.0011985093694526,0.0,0.0
8088,0.0010629206251938997,x_positive,0.0,0.0,0.0,0.0010629206251938997,0.0,0.0
8089,0.0011918464642965067,x_positive,0.0,0.0,0.0,0.0011918464642965067,0.0,0.0
8090,0.0010431443243926848,x_positive,0.0,0.0,0.0,0.0010431443243926848,0.0,0.0
8091,0.0011706416776248393,x_positive,0.0,0.0,0.0,0.0011706416776248393,0.0,0.0
8092,0.0010144306229603374,x_positive,0.0,0.0,0.0,0.0010144306229603374,0.0,0.0
8093,0.0011373357748044322,x_positive,0.0,0.0,0.0,0.0011373357748044322,0.0,0.0
8094,0.0009717544029028939,x_positive,0.0,0.0,0.0,0.0009717544029028939,0.0,0.0
8095,0.001090461469372816,x_positive,0.0,0.0,0.0,0.001090461469372816,0.0,0.0
8096,0.0009163462553701826,x_positive,0.0,0.0,0.0,0.0009163462553701826,0.0,0.0
8097,0.001027605797880541,x_positive,0.0,0.0,0.0,0.001027605797880541,0.0,0.0
8098,0.0008488619784673947,x_positive,0.0,0.0,0.0,0.0008488619784673947,0.0,0.0
8099,0.0009518924430070078,x_positive,0.0,0.0,0.0,0.0009518924430070078,0.0,0.0
8100,0.0007695912044569596,x_positive,0.0,0.0,0.0,0.0007695912044569596,0.0,0.0
8101,0.0008630834932908457,x_positive,0.0,0.0,0.0,0.0008630834932908457,0.0,0.0
8102,0.0006801240995736242,x_positive,0.0,0.0,0.0,0.0006801240995736242,0.0,0.0
8103,0.0007631049575660386,x_positive,0.0,0.0,0.0,0.0007631049575660386,0.0,0.0
8104,0.000583915681845249,x_positive,0.0,0.0,0.0,0.000583915681845249,0.0,0.0
8105,0.0006548873349990044,x_positive,0.0,0.0,0.0,0.0006548873349990044,0.0,0.0
8106,0.0004812254005422345,x_positive,0.0,0.0,0.0,0.0004812254005422345,0.0,0.0
8107,0.0005397878472637742,x_positive,0.0,0.0,0.0,0.0005397878472637742,0.0,0.0
8108,0.00038065823805292153,z_positive,0.0,0.0,0.0,0.00038065823805292153,0.0,0.0
8109,0.0004272382900313315,z_positive,0.0,0.0,0.0,0.0004272382900313315,0.0,0.0
8110,0.00031986207248546963,z_positive,0.0,0.0,0.0,0.00031986207248546963,0.0,0.0
8111,0.00035883057079608887,z_positive,0.0,0.0,0.0,0.00035883057079608887,0.0,0.0
8112,0.00031173936623047835,z_positive,0.0,0.0,0.0,0.00031173936623047835,0.0,0.0
8113,0.00034977135524935285,z_positive,0.0,0.0,0.0,0.00034977135524935285,0.0,0.0
8114,0.0003133912902804899,x_negative,0.0,0.0,0.0,0.0003133912902804899,0.0,0.0
8115,0.0003513644024548793,x_negative,0.0,0.0,0.0,0.0003513644024548793,0.0,0.0
8116,0.00039307044427197444,x_negative,0.0,0.0,0.0,0.00039307044427197444,0.0,0.0
8117,0.0004408973695428896,x_negative,0.0,0.0,0.0,0.0004408973695428896,0.0,0.0
8118,0.0004976005190810656,x_negative,0.0,0.0,0.0,0.0004976005190810656,0.0,0.0
8119,0.000558053748042672,x_negative,0.0,0.0,0.0,0.000558053748042672,0.0,0.0
8120,0.0006031514684628568,x_negative,0.0,0.0,0.0,0.0006031514684628568,0.0,0.0
8121,0.000676614871878226,x_negative,0.0,0.0,0.0,0.000676614871878226,0.0,0.0
8122,0.0007033170036818575,x_negative,0.0,0.0,0.0,0.0007033170036818575,0.0,0.0
8123,0.0007889331127485726,x_negative,0.0,0.0,0.0,0.0007889331127485726,0.0,0.0
8124,0.0007939696127598321,x_negative,0.0,0.0,0.0,0.0007939696127598321,0.0,0.0
8125,0.0008906315139983067,x_negative,0.0,0.0,0.0,0.0008906315139983067,0.0,0.0
8126,0.0008725803943131136,x_negative,0.0,0.0,0.0,0.0008725803943131136,0.0,0.0
8127,0.0009786765838953526,x_negative,0.0,0.0,0.0,0.0009786765838953526,0.0,0.0
8128,0.0009367924137619697,x_negative,0.0,0.0,0.0,0.0009367924137619697,0.0,0.0
8129,0.001050642210390622,x_negative,0.0,0.0,0.0,0.001050642210390622,0.0,0.0
8130,0.0009867349909614203,x_negative,0.0,0.0,0.0,0.0009867349909614203,0.0,0.0
8131,0.0011066362332370944,x_negative,0.0,0.0,0.0,0.0011066362332370944,0.0,0.0
8132,0.0010220022588992082,x_negative,0.0,0.0,0.0,0.0010220022588992082,0.0,0.0
8133,0.0011463515317383134,x_negative,0.0,0.0,0.0,0.0011463515317383134,0.0,0.0
8134,0.0010431585767628655,x_negative,0.0,0.0,0.0,0.0010431585767628655,0.0,0.0
8135,0.0011704029606721955,x_negative,0.0,0.0,0.0,0.0011704029606721955,0.0,0.0
8136,0.0010468333499813885,x_negative,0.0,0.0,0.0,0.0010468333499813885,0.0,0.0
8137,0.0011741368111616245,x_negative,0.0,0.0,0.0,0.0011741368111616245,0.0,0.0
8138,0.0010313377030194242,x_negative,0.0,0.0,0.0,0.0010313377030194242,0.0,0.0
8139,0.001156830508709207,x_negative,0.0,0.0,0.0,0.001156830508709207,0.0,0.0
8140,0.000996234275732698,x_negative,0.0,0.0,0.0,0.000996234275732698,0.0,0.0
8141,0.0011176322245904284,x_negative,0.0,0.0,0.0,0.0011176322245904284,0.0,0.0
8142,0.0009427553729259659,x_negative,0.0,0.0,0.0,0.0009427553729259659,0.0,0.0
8143,0.0010572035541388059,x_negative,0.0,0.0,0.0,0.0010572035541388059,0.0,0.0
8144,0.0008712602368944281,x_negative,0.0,0.0,0.0,0.0008712602368944281,0.0,0.0
8145,0.000977167463984296,x_negative,0.0,0.0,0.0,0.000977167463984296,0.0,0.0
8146,0.0007845941780166893,x_negative,0.0,0.0,0.0,0.0007845941780166893,0.0,0.0
8147,0.0008799202805981847,x_negative,0.0,0.0,0.0,0.0008799202805981847,0.0,0.0
8148,0.0006843566295096559,x_negative,0.0,0.0,0.0,0.0006843566295096559,0.0,0.0
8149,0.0007677018804918886,x_negative,0.0,0.0,0.0,0.0007677018804918886,0.0,0.0
8150,0.0005741969947418982,x_negative,0.0,0.0,0.0,0.0005741969947418982,0.0,0.0
8151,0.0006438196490044792,x_negative,0.0,0.0,0.0,0.0006438196490044792,0.0,0.0
8152,0.0004569311816430554,x_negative,0.0,0.0,0.0,0.0004569311816430554,0.0,0.0
8153,0.0005128195484066702,x_negative,0.0,0.0,0.0,0.0005128195484066702,0.0,0.0
8154,0.00033414902764192597,x_negative,0.0,0.0,0.0,0.00033414902764192597,0.0,0.0
8155,0.0003742396129659974,x_negative,0.0,0.0,0.0,0.0003742396129659974,0.0,0.0
8156,0.0002059546624215281,x_negative,0.0,0.0,0.0,0.0002059546624215281,0.0,0.0
8157,0.00023127532254945662,x_negative,0.0,0.0,0.0,0.00023127532254945662,0.0,0.0
8158,6.970592849253317e-05,x_negative,0.0,0.0,0.0,6.970592849253317e-05,0.0,0.0
8159,7.861443601748215e-05,x_negative,0.0,0.0,0.0,7.861443601748215e-05,0.0,0.0
8160,5.8438744609061453e-05,x_positive,0.0,0.0,0.0,5.8438744609061453e-05,0.0,0.0
8161,6.726468963764258e-05,x_positive,0.0,0.0,0.0,6.726468963764258e-05,0.0,0.0
8162,0.00017138135118304084,x_positive,0.0,0.0,0.0,0.00017138135118304084,0.0,0.0
8163,0.00019633868673849311,x_positive,0.0,0.0,0.0,0.00019633868673849311,0.0,0.0
8164,0.0002751358912022253,x_positive,0.0,0.0,0.0,0.0002751358912022253,0.0,0.0
8165,0.000315855678752645,x_positive,0.0,0.0,0.0,0.000315855678752645,0.0,0.0
8166,0.0003770667200354757,x_positive,0.0,0.0,0.0,0.0003770667200354757,0.0,0.0
8167,0.0004329995205039515,x_positive,0.0,0.0,0.0,0.0004329995205039515,0.0,0.0
8168,0.0004739985299812588,x_positive,0.0,0.0,0.0,0.0004739985299812588,0.0,0.0
8169,0.0005438902879940434,x_positive,0.0,0.0,0.0,0.0005438902879940434,0.0,0.0
8170,0.0005625396347745381,x_positive,0.0,0.0,0.0,0.0005625396347745381,0.0,0.0
8171,0.000645712346281706,x_positive,0.0,0.0,0.0,0.000645712346281706,0.0,0.0
8172,0.0006408474012507567,x_positive,0.0,0.0,0.0,0.0006408474012507567,0.0,0.0
8173,0.000735716339578827,x_positive,0.0,0.0,0.0,0.000735716339578827,0.0,0.0
8174,0.0007061369594791062,x_positive,0.0,0.0,0.0,0.0007061369594791062,0.0,0.0
8175,0.0008106148569387686,x_positive,0.0,0.0,0.0,0.0008106148569387686,0.0,0.0
8176,0.0007569475616437066,x_positive,0.0,0.0,0.0,0.0007569475616437066,0.0,0.0
8177,0.0008688491460303793,x_positive,0.0,0.0,0.0,0.0008688491460303793,0.0,0.0
8178,0.0007935703930750583,x_positive,0.0,0.0,0.0,0.0007935703930750583,0.0,0.0
8179,0.0009109260419342688,x_positive,0.0,0.0,0.0,0.0009109260419342688,0.0,0.0
8180,0.000815119950923469,x_positive,0.0,0.0,0.0,0.000815119950923469,0.0,0.0
8181,0.0009353977076670424,x_positive,0.0,0.0,0.0,0.0009353977076670424,0.0,0.0
8182,0.00082332712775093,x_positive,0.0,0.0,0.0,0.00082332712775093,0.0,0.0
8183,0.0009451454290510165,x_positive,0.0,0.0,0.0,0.0009451454290510165,0.0,0.0
8184,0.0008186518177284877,x_positive,0.0,0.0,0.0,0.0008186518177284877,0.0,0.0
8185,0.0009400218006988455,x_positive,0.0,0.0,0.0,0.0009400218006988455,0.0,0.0
8186,0.000804910685900175,x_positive,0.0,0.0,0.0,0.000804910685900175,0.0,0.0
8187,0.0009236415271927102,x_positive,0.0,0.0,0.0,0.0009236415271927102,0.0,0.0
8188,0.0007838605946879465,x_positive,0.0,0.0,0.0,0.0007838605946879465,0.0,0.0
8189,0.0008999266695106224,x_positive,0.0,0.0,0.0,0.0008999266695106224,0.0,0.0
8190,0.0007530466900235687,x_positive,0.0,0.0,0.0,0.0007530466900235687,0.0,0.0
8191,0.0008644280804615064,x_positive,0.0,0.0,0.0,0.0008644280804615064,0.0,0.0
8192,0.0007124040630529105,x_positive,0.0,0.0,0.0,0.0007124040630529105,0.0,0.0
8193,0.0008176818427238998,x_positive,0.0,0.0,0.0,0.0008176818427238998,0.0,0.0
8194,0.0006623412329150789,x_positive,0.0,0.0,0.0,0.0006623412329150789,0.0,0.0
8195,0.0007604163381669955,x_positive,0.0,0.0,0.0,0.0007604163381669955,0.0,0.0
8196,0.0006038920953489488,x_positive,0.0,0.0,0.0,0.0006038920953489488,0.0,0.0
8197,0.0006931963917476008,x_positive,0.0,0.0,0.0,0.0006931963917476008,0.0,0.0
8198,0.000537779816267663,x_positive,0.0,0.0,0.0,0.000537779816267663,0.0,0.0
8199,0.0006172387577311612,x_positive,0.0,0.0,0.0,0.0006172387577311612,0.0,0.0
8200,0.0004665640531899674,x_positive,0.0,0.0,0.0,0.0004665640531899674,0.0,0.0
8201,0.0005355119111028205,x_positive,0.0,0.0,0.0,0.0005355119111028205,0.0,0.0
8202,0.0003900493230148549,x_positive,0.0,0.0,0.0,0.0003900493230148549,0.0,0.0
8203,0.00044771126129773513,x_positive,0.0,0.0,0.0,0.00044771126129773513,0.0,0.0
8204,0.0003151548541822654,z_positive,0.0,0.0,0.0,0.0003151548541822654,0.0,0.0
8205,0.0003615342044864281,z_positive,0.0,0.0,0.0,0.0003615342044864281,0.0,0.0
8206,0.0002712343423427969,z_positive,0.0,0.0,0.0,0.0002712343423427969,0.0,0.0
8207,0.00031136828888029286,z_positive,0.0,0.0,0.0,0.00031136828888029286,0.0,0.0
8208,0.00026480479633886545,z_positive,0.0,0.0,0.0,0.00026480479633886545,0.0,0.0
8209,0.00030398066455041543,z_positive,0.0,0.0,0.0,0.00030398066455041543,0.0,0.0
8210,0.00025682589315638535,z_positive,0.0,0.0,0.0,0.00025682589315638535,0.0,0.0
8211,0.00029494377616052624,z_positive,0.0,0.0,0.0,0.00029494377616052624,0.0,0.0
8212,0.00031193470373979033,x_negative,0.0,0.0,0.0,0.00031193470373979033,0.0,0.0
8213,0.0003580026866968334,x_negative,0.0,0.0,0.0,0.0003580026866968334,0.0,0.0
8214,0.0003887054120906732,x_negative,0.0,0.0,0.0,0.0003887054120906732,0.0,0.0
8215,0.000446335012466539,x_negative,0.0,0.0,0.0,0.000446335012466539,0.0,0.0
8216,0.0004678086111660635,x_negative,0.0,0.0,0.0,0.0004678086111660635,0.0,0.0
8217,0.0005370769069088419,x_negative,0.0,0.0,0.0,0.0005370769069088419,0.0,0.0
8218,0.0005432809189167855,x_negative,0.0,0.0,0.0,0.0005432809189167855,0.0,0.0
8219,0.0006234774572362788,x_negative,0.0,0.0,0.0,0.0006234774572362788,0.0,0.0
8220,0.0006114231692820767,x_negative,0.0,0.0,0.0,0.0006114231692820767,0.0,0.0
8221,0.0007016032620078761,x_negative,0.0,0.0,0.0,0.0007016032620078761,0.0,0.0
8222,0.0006705350383626881,x_negative,0.0,0.0,0.0,0.0006705350383626881,0.0,0.0
8223,0.0007698080618513741,x_negative,0.0,0.0,0.0,0.0007698080618513741,0.0,0.0
8224,0.0007190634155743087,x_negative,0.0,0.0,0.0,0.0007190634155743087,0.0,0.0
8225,0.0008256500467167572,x_negative,0.0,0.0,0.0,0.0008256500467167572,0.0,0.0
8226,0.0007562039956116279,x_negative,0.0,0.0,0.0,0.0007562039956116279,0.0,0.0
8227,0.0008680837743008672,x_negative,0.0,0.0,0.0,0.0008680837743008672,0.0,0.0
8228,0.0007827127600913702,x_negative,0.0,0.0,0.0,0.0007827127600913702,0.0,0.0
8229,0.0008982807470774082,x_negative,0.0,0.0,0.0,0.0008982807470774082,0.0,0.0
8230,0.0007989174143395587,x_negative,0.0,0.0,0.0,0.0007989174143395587,0.0,0.0
8231,0.0009167696927143842,x_negative,0.0,0.0,0.0,0.0009167696927143842,0.0,0.0
8232,0.0008016237821695568,x_negative,0.0,0.0,0.0,0.0008016237821695568,0.0,0.0
8233,0.0009202031066637097,x_negative,0.0,0.0,0.0,0.0009202031066637097,0.0,0.0
8234,0.0007896250727538599,x_negative,0.0,0.0,0.0,0.0007896250727538599,0.0,0.0
8235,0.0009066913579514993,x_negative,0.0,0.0,0.0,0.0009066913579514993,0.0,0.0
8236,0.0007630432669874835,x_negative,0.0,0.0,0.0,0.0007630432669874835,0.0,0.0
8237,0.0008758078692950601,x_negative,0.0,0.0,0.0,0.0008758078692950601,0.0,0.0
8238,0.0007221588916855369,x_negative,0.0,0.0,0.0,0.0007221588916855369,0.0,0.0
8239,0.0008285310312023311,x_negative,0.0,0.0,0.0,0.0008285310312023311,0.0,0.0
8240,0.0006670094827717108,x_negative,0.0,0.0,0.0,0.0006670094827717108,0.0,0.0
8241,0.0007655710186891087,x_negative,0.0,0.0,0.0,0.0007655710186891087,0.0,0.0
8242,0.0005995835786545043,x_negative,0.0,0.0,0.0,0.0005995835786545043,0.0,0.0
8243,0.0006888583870801226,x_negative,0.0,0.0,0.0,0.0006888583870801226,0.0,0.0
8244,0.0005228820936483444,x_negative,0.0,0.0,0.0,0.0005228820936483444,0.0,0.0
8245,0.0005999879205409328,x_negative,0.0,0.0,0.0,0.0005999879205409328,0.0,0.0
8246,0.00043851786857953043,x_negative,0.0,0.0,0.0,0.00043851786857953043,0.0,0.0
8247,0.0005027934846432952,x_negative,0.0,0.0,0.0,0.0005027934846432952,0.0,0.0
8248,0.00034818417440279226,x_negative,0.0,0.0,0.0,0.00034818417440279226,0.0,0.0
8249,0.0004002564857261706,x_negative,0.0,0.0,0.0,0.0004002564857261706,0.0,0.0
8250,0.00025440131644541546,x_negative,0.0,0.0,0.0,0.00025440131644541546,0.0,0.0
8251,0.0002927398623474495,x_negative,0.0,0.0,0.0,0.0002927398623474495,0.0,0.0
8252,0.00015819906094132936,x_negative,0.0,0.0,0.0,0.00015819906094132936,0.0,0.0
8253,0.00018094203123543358,x_negative,0.0,0.0,0.0,0.00018094203123543358,0.0,0.0
8254,5.364488788821507e-05,x_negative,0.0,0.0,0.0,5.364488788821507e-05,0.0,0.0
8255,6.144121648077155e-05,x_negative,0.0,0.0,0.0,6.144121648077155e-05,0.0,0.0
8256,4.4037058783185444e-05,x_positive,0.0,0.0,0.0,4.4037058783185444e-05,0.0,0.0
8257,5.149169040625014e-05,x_positive,0.0,0.0,0.0,5.149169040625014e-05,0.0,0.0
8258,0.0001267464683834916,x_positive,0.0,0.0,0.0,0.0001267464683834916,0.0,0.0
8259,0.00015030974310790906,x_positive,0.0,0.0,0.0,0.00015030974310790906,0.0,0.0
8260,0.00020251734209955955,x_positive,0.0,0.0,0.0,0.00020251734209955955,0.0,0.0
8261,0.0002398920961343795,x_positive,0.0,0.0,0.0,0.0002398920961343795,0.0,0.0
8262,0.0002776225671999151,x_positive,0.0,0.0,0.0,0.0002776225671999151,0.0,0.0
8263,0.00032854052856268873,x_positive,0.0,0.0,0.0,0.00032854052856268873,0.0,0.0
8264,0.00034899280566170484,x_positive,0.0,0.0,0.0,0.00034899280566170484,0.0,0.0
8265,0.00041312557850878837,x_positive,0.0,0.0,0.0,0.00041312557850878837,0.0,0.0
8266,0.00041398662921068803,x_positive,0.0,0.0,0.0,0.00041398662921068803,0.0,0.0
8267,0.0004900387965707941,x_positive,0.0,0.0,0.0,0.0004900387965707941,0.0,0.0
8268,0.0004716244986059391,x_positive,0.0,0.0,0.0,0.0004716244986059391,0.0,0.0
8269,0.0005582292725488452,x_positive,0.0,0.0,0.0,0.0005582292725488452,0.0,0.0
8270,0.0005194511018084642,x_positive,0.0,0.0,0.0,0.0005194511018084642,0.0,0.0
8271,0.0006148389645852615,x_positive,0.0,0.0,0.0,0.0006148389645852615,0.0,0.0
8272,0.0005560022893727602,x_positive,0.0,0.0,0.0,0.0005560022893727602,0.0,0.0
8273,0.0006579761264465908,x_positive,0.0,0.0,0.0,0.0006579761264465908,0.0,0.0
8274,0.0005822952352616946,x_positive,0.0,0.0,0.0,0.0005822952352616946,0.0,0.0
8275,0.0006893591619232584,x_positive,0.0,0.0,0.0,0.0006893591619232584,0.0,0.0
8276,0.0005973570840545927,x_positive,0.0,0.0,0.0,0.0005973570840545927,0.0,0.0
8277,0.0007071795168899918,x_positive,0.0,0.0,0.0,0.0007071795168899918,0.0,0.0
8278,0.0006030452388599025,x_positive,0.0,0.0,0.0,0.0006030452388599025,0.0,0.0
8279,0.0007136885398102607,x_positive,0.0,0.0,0.0,0.0007136885398102607,0.0,0.0
8280,0.0006001560299098821,x_positive,0.0,0.0,0.0,0.0006001560299098821,0.0,0.0
8281,0.0007100991937497811,x_positive,0.0,0.0,0.0,0.0007100991937497811,0.0,0.0
8282,0.0005905693523373622,x_positive,0.0,0.0,0.0,0.0005905693523373622,0.0,0.0
8283,0.0006990865133049632,x_positive,0.0,0.0,0.0,0.0006990865133049632,0.0,0.0
8284,0.0005768684003128102,x_positive,0.0,0.0,0.0,0.0005768684003128102,0.0,0.0
8285,0.0006828145601419615,x_positive,0.0,0.0,0.0,0.0006828145601419615,0.0,0.0
8286,0.0005561726887792677,x_positive,0.0,0.0,0.0,0.0005561726887792677,0.0,0.0
8287,0.0006583091040013894,x_positive,0.0,0.0,0.0,0.0006583091040013894,0.0,0.0
8288,0.0005290511309485845,x_positive,0.0,0.0,0.0,0.0005290511309485845,0.0,0.0
8289,0.0006258439281459054,x_positive,0.0,0.0,0.0,0.0006258439281459054,0.0,0.0
8290,0.0004943362884607375,x_positive,0.0,0.0,0.0,0.0004943362884607375,0.0,0.0
8291,0.0005855218076791591,x_positive,0.0,0.0,0.0,0.0005855218076791591,0.0,0.0
8292,0.0004546121046002006,x_positive,0.0,0.0,0.0,0.0004546121046002006,0.0,0.0
8293,0.0005378892706732777,x_positive,0.0,0.0,0.0,0.0005378892706732777,0.0,0.0
8294,0.0004086599109225255,x_positive,0.0,0.0,0.0,0.0004086599109225255,0.0,0.0
8295,0.0004839291711312268,x_positive,0.0,0.0,0.0,0.0004839291711312268,0.0,0.0
8296,0.0003595675780364335,x_positive,0.0,0.0,0.0,0.0003595675780364335,0.0,0.0
8297,0.00042555956788959494,x_positive,0.0,0.0,0.0,0.00042555956788959494,0.0,0.0
8298,0.0003060620133362538,z_positive,0.0,0.0,0.0,0.0003060620133362538,0.0,0.0
8299,0.00036212228790123436,z_positive,0.0,0.0,0.0,0.00036212228790123436,0.0,0.0
8300,0.00025310451002241155,z_positive,0.0,0.0,0.0,0.00025310451002241155,0.0,0.0
8301,0.0002996031576606863,z_positive,0.0,0.0,0.0,0.0002996031576606863,0.0,0.0
8302,0.00022359869576654573,z_positive,0.0,0.0,0.0,0.00022359869576654573,0.0,0.0
8303,0.00026466439868109076,z_positive,0.0,0.0,0.0,0.00026466439868109076,0.0,0.0
8304,0.0002188457829496384,z_positive,0.0,0.0,0.0,0.0002188457829496384,0.0,0.0
8305,0.00025905422672188827,z_positive,0.0,0.0,0.0,0.00025905422672188827,0.0,0.0
8306,0.00020459415482220288,z_positive,0.0,0.0,0.0,0.00020459415482220288,0.0,0.0
8307,0.00024204726932699637,z_positive,0.0,0.0,0.0,0.00024204726932699637,0.0,0.0
8308,0.00023843727546938895,x_negative,0.0,0.0,0.0,0.00023843727546938895,0.0,0.0
8309,0.00028238658482359946,x_negative,0.0,0.0,0.0,0.00028238658482359946,0.0,0.0
8310,0.0002910834800536891,x_negative,0.0,0.0,0.0,0.0002910834800536891,0.0,0.0
8311,0.00034438514339159065,x_negative,0.0,0.0,0.0,0.00034438514339159065,0.0,0.0
8312,0.0003460117876174901,x_negative,0.0,0.0,0.0,0.0003460117876174901,0.0,0.0
8313,0.0004097198962137355,x_negative,0.0,0.0,0.0,0.0004097198962137355,0.0,0.0
8314,0.0003997534136269822,x_negative,0.0,0.0,0.0,0.0003997534136269822,0.0,0.0
8315,0.00047310486296043197,x_negative,0.0,0.0,0.0,0.00047310486296043197,0.0,0.0
8316,0.0004477288470373284,x_negative,0.0,0.0,0.0,0.0004477288470373284,0.0,0.0
8317,0.000530179052671746,x_negative,0.0,0.0,0.0,0.000530179052671746,0.0,0.0
8318,0.0004896526928729899,x_negative,0.0,0.0,0.0,0.0004896526928729899,0.0,0.0
8319,0.0005795505676535575,x_negative,0.0,0.0,0.0,0.0005795505676535575,0.0,0.0
8320,0.0005240630718320131,x_negative,0.0,0.0,0.0,0.0005240630718320131,0.0,0.0
8321,0.000620151992167612,x_negative,0.0,0.0,0.0,0.000620151992167612,0.0,0.0
8322,0.0005503727214663024,x_negative,0.0,0.0,0.0,0.0005503727214663024,0.0,0.0
8323,0.0006512766193568231,x_negative,0.0,0.0,0.0,0.0006512766193568231,0.0,0.0
8324,0.0005684384498077997,x_negative,0.0,0.0,0.0,0.0005684384498077997,0.0,0.0
8325,0.0006729349639626621,x_negative,0.0,0.0,0.0,0.0006729349639626621,0.0,0.0
8326,0.0005797584093327547,x_negative,0.0,0.0,0.0,0.0005797584093327547,0.0,0.0
8327,0.0006861232447109598,x_negative,0.0,0.0,0.0,0.0006861232447109598,0.0,0.0
8328,0.000581297792810994,x_negative,0.0,0.0,0.0,0.000581297792810994,0.0,0.0
8329,0.0006885611761613544,x_negative,0.0,0.0,0.0,0.0006885611761613544,0.0,0.0
8330,0.0005733965681901365,x_negative,0.0,0.0,0.0,0.0005733965681901365,0.0,0.0
8331,0.0006782452750117817,x_negative,0.0,0.0,0.0,0.0006782452750117817,0.0,0.0
8332,0.0005537397086081628,x_negative,0.0,0.0,0.0,0.0005537397086081628,0.0,0.0
8333,0.000655778836300518,x_negative,0.0,0.0,0.0,0.000655778836300518,0.0,0.0
8334,0.0005243139019417413,x_negative,0.0,0.0,0.0,0.0005243139019417413,0.0,0.0
8335,0.0006200860604334927,x_negative,0.0,0.0,0.0,0.0006200860604334927,0.0,0.0
8336,0.000483369204684268,x_negative,0.0,0.0,0.0,0.000483369204684268,0.0,0.0
8337,0.0005724161304661454,x_negative,0.0,0.0,0.0,0.0005724161304661454,0.0,0.0
8338,0.0004343415639381549,x_negative,0.0,0.0,0.0,0.0004343415639381549,0.0,0.0
8339,0.0005140037443039406,x_negative,0.0,0.0,0.0,0.0005140037443039406,0.0,0.0
8340,0.00037777099313759087,x_negative,0.0,0.0,0.0,0.00037777099313759087,0.0,0.0
8341,0.00044740323851618594,x_negative,0.0,0.0,0.0,0.00044740323851618594,0.0,0.0
8342,0.0003160150863228738,x_negative,0.0,0.0,0.0,0.0003160150863228738,0.0,0.0
8343,0.00037438400813114117,x_negative,0.0,0.0,0.0,0.00037438400813114117,0.0,0.0
8344,0.00025122723726708063,x_negative,0.0,0.0,0.0,0.00025122723726708063,0.0,0.0
8345,0.0002969550349295916,x_negative,0.0,0.0,0.0,0.0002969550349295916,0.0,0.0
8346,0.00018394323700029834,x_negative,0.0,0.0,0.0,0.00018394323700029834,0.0,0.0
8347,0.00021748270784598838,x_negative,0.0,0.0,0.0,0.00021748270784598838,0.0,0.0
8348,0.00011504439589516343,x_negative,0.0,0.0,0.0,0.00011504439589516343,0.0,0.0
8349,0.0001359612088178625,x_negative,0.0,0.0,0.0,0.0001359612088178625,0.0,0.0
8350,3.912594901102009e-05,x_negative,0.0,0.0,0.0,3.912594901102009e-05,0.0,0.0
8351,4.626651800017514e-05,x_negative,0.0,0.0,0.0,4.626651800017514e-05,0.0,0.0
8352,3.076485632723706e-05,x_positive,0.0,0.0,0.0,3.076485632723706e-05,0.0,0.0
8353,3.8261314613574984e-05,x_positive,0.0,0.0,0.0,3.8261314613574984e-05,0.0,0.0
8354,8.831010984872343e-05,x_positive,0.0,0.0,0.0,8.831010984872343e-05,0.0,0.0
8355,0.00010910512080842717,x_positive,0.0,0.0,0.0,0.00010910512080842717,0.0,0.0
8356,0.00013984710815425166,x_positive,0.0,0.0,0.0,0.00013984710815425166,0.0,0.0
8357,0.00017271273809232247,x_positive,0.0,0.0,0.0,0.00017271273809232247,0.0,0.0
8358,0.00019146877808593371,x_positive,0.0,0.0,0.0,0.00019146877808593371,0.0,0.0
8359,0.00023648226469821565,x_positive,0.0,0.0,0.0,0.00023648226469821565,0.0,0.0
8360,0.0002402809454468962,x_positive,0.0,0.0,0.0,0.0002402809454468962,0.0,0.0
8361,0.0002971928342355239,x_positive,0.0,0.0,0.0,0.0002971928342355239,0.0,0.0
8362,0.00028536230202135736,x_positive,0.0,0.0,0.0,0.00028536230202135736,0.0,0.0
8363,0.00035266735655589665,x_positive,0.0,0.0,0.0,0.00035266735655589665,0.0,0.0
8364,0.00032484184639630024,x_positive,0.0,0.0,0.0,0.00032484184639630024,0.0,0.0
8365,0.0004014950989867093,x_positive,0.0,0.0,0.0,0.0004014950989867093,0.0,0.0
8366,0.0003575436759095106,x_positive,0.0,0.0,0.0,0.0003575436759095106,0.0,0.0
8367,0.0004419530183275995,x_positive,0.0,0.0,0.0,0.0004419530183275995,0.0,0.0
8368,0.0003819251389005652,x_positive,0.0,0.0,0.0,0.0003819251389005652,0.0,0.0
8369,0.00047210214821410214,x_positive,0.0,0.0,0.0,0.00047210214821410214,0.0,0.0
8370,0.00039932940518925267,x_positive,0.0,0.0,0.0,0.00039932940518925267,0.0,0.0
8371,0.0004935309952319737,x_positive,0.0,0.0,0.0,0.0004935309952319737,0.0,0.0
8372,0.00040919590829146597,x_positive,0.0,0.0,0.0,0.00040919590829146597,0.0,0.0
8373,0.0005055914113619889,x_positive,0.0,0.0,0.0,0.0005055914113619889,0.0,0.0
8374,0.00041256462041904803,x_positive,0.0,0.0,0.0,0.00041256462041904803,0.0,0.0
8375,0.00051009798751806,x_positive,0.0,0.0,0.0,0.00051009798751806,0.0,0.0
8376,0.0004103959114409374,x_positive,0.0,0.0,0.0,0.0004103959114409374,0.0,0.0
8377,0.0005074331694158189,x_positive,0.0,0.0,0.0,0.0005074331694158189,0.0,0.0
8378,0.00040520790938458563,x_positive,0.0,0.0,0.0,0.00040520790938458563,0.0,0.0
8379,0.0005005219072544304,x_positive,0.0,0.0,0.0,0.0005005219072544304,0.0,0.0
8380,0.000397523851382118,x_positive,0.0,0.0,0.0,0.000397523851382118,0.0,0.0
8381,0.0004915288476531321,x_positive,0.0,0.0,0.0,0.0004915288476531321,0.0,0.0
8382,0.0003854132050036743,x_positive,0.0,0.0,0.0,0.0003854132050036743,0.0,0.0
8383,0.0004763688210706602,x_positive,0.0,0.0,0.0,0.0004763688210706602,0.0,0.0
8384,0.000369161842121577,x_positive,0.0,0.0,0.0,0.000369161842121577,0.0,0.0
8385,0.0004561767372180121,x_positive,0.0,0.0,0.0,0.0004561767372180121,0.0,0.0
8386,0.000348161848365896,x_positive,0.0,0.0,0.0,0.000348161848365896,0.0,0.0
8387,0.00043029676466063715,x_positive,0.0,0.0,0.0,0.00043029676466063715,0.0,0.0
8388,0.00032349876672232796,x_positive,0.0,0.0,0.0,0.00032349876672232796,0.0,0.0
8389,0.00040018652992387954,x_positive,0.0,0.0,0.0,0.00040018652992387954,0.0,0.0
8390,0.0002955207869545724,x_positive,0.0,0.0,0.0,0.0002955207869545724,0.0,0.0
8391,0.0003647484431721689,x_positive,0.0,0.0,0.0,0.0003647484431721689,0.0,0.0
8392,0.00026434927126015473,z_positive,0.0,0.0,0.0,0.00026434927126015473,0.0,0.0
8393,0.0003268364949037294,z_positive,0.0,0.0,0.0,0.0003268364949037294,0.0,0.0
8394,0.00022976782948731084,z_positive,0.0,0.0,0.0,0.00022976782948731084,0.0,0.0
8395,0.0002842354856425905,z_positive,0.0,0.0,0.0,0.0002842354856425905,0.0,0.0
8396,0.00019535063117176053,z_positive,0.0,0.0,0.0,0.00019535063117176053,0.0,0.0
8397,0.00024128809798122633,z_positive,0.0,0.0,0.0,0.00024128809798122633,0.0,0.0
8398,0.00017702157205150978,z_positive,0.0,0.0,0.0,0.00017702157205150978,0.0,0.0
8399,0.000218893516705806,z_positive,0.0,0.0,0.0,0.000218893516705806,0.0,0.0
8400,0.0001738326619274853,z_positive,0.0,0.0,0.0,0.0001738326619274853,0.0,0.0
8401,0.00021480255227654963,z_positive,0.0,0.0,0.0,0.00021480255227654963,0.0,0.0
8402,0.00015646920002137743,z_positive,0.0,0.0,0.0,0.00015646920002137743,0.0,0.0
8403,0.0001934984621228196,z_positive,0.0,0.0,0.0,0.0001934984621228196,0.0,0.0
8404,0.00017408790508846833,x_negative,0.0,0.0,0.0,0.00017408790508846833,0.0,0.0
8405,0.000214904236674483,x_negative,0.0,0.0,0.0,0.000214904236674483,0.0,0.0
8406,0.0002060853950816161,x_negative,0.0,0.0,0.0,0.0002060853950816161,0.0,0.0
8407,0.0002547848769972786,x_negative,0.0,0.0,0.0,0.0002547848769972786,0.0,0.0
8408,0.0002407418551972742,x_negative,0.0,0.0,0.0,0.0002407418551972742,0.0,0.0
8409,0.00029762119685578637,x_negative,0.0,0.0,0.0,0.00029762119685578637,0.0,0.0
8410,0.00027550368937180234,x_negative,0.0,0.0,0.0,0.00027550368937180234,0.0,0.0
8411,0.00034045915315819396,x_negative,0.0,0.0,0.0,0.00034045915315819396,0.0,0.0
8412,0.0003064719473475903,x_negative,0.0,0.0,0.0,0.0003064719473475903,0.0,0.0
8413,0.0003786875250840963,x_negative,0.0,0.0,0.0,0.0003786875250840963,0.0,0.0
8414,0.0003337693385495262,x_negative,0.0,0.0,0.0,0.0003337693385495262,0.0,0.0
8415,0.00041255935894653537,x_negative,0.0,0.0,0.0,0.00041255935894653537,0.0,0.0
8416,0.0003557700976867374,x_negative,0.0,0.0,0.0,0.0003557700976867374,0.0,0.0
8417,0.0004397145711296092,x_negative,0.0,0.0,0.0,0.0004397145711296092,0.0,0.0
8418,0.00037258010861723284,x_negative,0.0,0.0,0.0,0.00037258010861723284,0.0,0.0
8419,0.00046070942777560835,x_negative,0.0,0.0,0.0,0.00046070942777560835,0.0,0.0
8420,0.0003836204164491883,x_negative,0.0,0.0,0.0,0.0003836204164491883,0.0,0.0
8421,0.0004741938425854581,x_negative,0.0,0.0,0.0,0.0004741938425854581,0.0,0.0
8422,0.000390678284258486,x_negative,0.0,0.0,0.0,0.000390678284258486,0.0,0.0
8423,0.00048298721579700363,x_negative,0.0,0.0,0.0,0.00048298721579700363,0.0,0.0
8424,0.0003924077756494284,x_negative,0.0,0.0,0.0,0.0003924077756494284,0.0,0.0
8425,0.0004844208186704557,x_negative,0.0,0.0,0.0,0.0004844208186704557,0.0,0.0
8426,0.0003863887906344524,x_negative,0.0,0.0,0.0,0.0003863887906344524,0.0,0.0
8427,0.000478081979692489,x_negative,0.0,0.0,0.0,0.000478081979692489,0.0,0.0
8428,0.0003738912681936176,x_negative,0.0,0.0,0.0,0.0003738912681936176,0.0,0.0
8429,0.0004616016180005294,x_negative,0.0,0.0,0.0,0.0004616016180005294,0.0,0.0
8430,0.0003532707614928271,x_negative,0.0,0.0,0.0,0.0003532707614928271,0.0,0.0
8431,0.0004370781685213622,x_negative,0.0,0.0,0.0,0.0004370781685213622,0.0,0.0
8432,0.00032546339298771795,x_negative,0.0,0.0,0.0,0.00032546339298771795,0.0,0.0
8433,0.0004023044890222402,x_negative,0.0,0.0,0.0,0.0004023044890222402,0.0,0.0
8434,0.0002919394171537199,x_negative,0.0,0.0,0.0,0.0002919394171537199,0.0,0.0
8435,0.00036070171382799395,x_negative,0.0,0.0,0.0,0.00036070171382799395,0.0,0.0
8436,0.00025307928516071293,x_negative,0.0,0.0,0.0,0.00025307928516071293,0.0,0.0
8437,0.00031285507323933074,x_negative,0.0,0.0,0.0,0.00031285507323933074,0.0,0.0
8438,0.00021143686206685547,x_negative,0.0,0.0,0.0,0.00021143686206685547,0.0,0.0
8439,0.0002609428700039612,x_negative,0.0,0.0,0.0,0.0002609428700039612,0.0,0.0
8440,0.00016749927601523355,x_negative,0.0,0.0,0.0,0.00016749927601523355,0.0,0.0
8441,0.00020713187204768994,x_negative,0.0,0.0,0.0,0.00020713187204768994,0.0,0.0
8442,0.00012264527745953422,x_negative,0.0,0.0,0.0,0.00012264527745953422,0.0,0.0
8443,0.0001518889839069224,x_negative,0.0,0.0,0.0,0.0001518889839069224,0.0,0.0
8444,7.720818816162373e-05,x_negative,0.0,0.0,0.0,7.720818816162373e-05,0.0,0.0
8445,9.590006846667016e-05,x_negative,0.0,0.0,0.0,9.590006846667016e-05,0.0,0.0
8446,2.691114211751239e-05,x_negative,0.0,0.0,0.0,2.691114211751239e-05,0.0,0.0
8447,3.2809461859165845e-05,x_negative,0.0,0.0,0.0,3.2809461859165845e-05,0.0,0.0
8448,1.9829645705125357e-05,x_positive,0.0,0.0,0.0,1.9829645705125357e-05,0.0,0.0
8449,2.627792314761028e-05,x_positive,0.0,0.0,0.0,2.627792314761028e-05,0.0,0.0
8450,5.66381197105869e-05,x_positive,0.0,0.0,0.0,5.66381197105869e-05,0.0,0.0
8451,7.447646711662379e-05,x_positive,0.0,0.0,0.0,7.447646711662379e-05,0.0,0.0
8452,8.768640856521054e-05,x_positive,0.0,0.0,0.0,8.768640856521054e-05,0.0,0.0
8453,0.00011630480871693957,x_positive,0.0,0.0,0.0,0.00011630480871693957,0.0,0.0
8454,0.00012008580003472396,x_positive,0.0,0.0,0.0,0.00012008580003472396,0.0,0.0
8455,0.00015892166698793157,x_positive,0.0,0.0,0.0,0.00015892166698793157,0.0,0.0
8456,0.00015106294160476875,x_positive,0.0,0.0,0.0,0.00015106294160476875,0.0,0.0
8457,0.00019951699652484136,x_positive,0.0,0.0,0.0,0.00019951699652484136,0.0,0.0
8458,0.00017941310346389596,x_positive,0.0,0.0,0.0,0.00017941310346389596,0.0,0.0
8459,0.00023696740433221561,x_positive,0.0,0.0,0.0,0.00023696740433221561,0.0,0.0
8460,0.00020382814336738277,x_positive,0.0,0.0,0.0,0.00020382814336738277,0.0,0.0
8461,0.0002695119436551149,x_positive,0.0,0.0,0.0,0.0002695119436551149,0.0,0.0
8462,0.00022410682819381278,x_positive,0.0,0.0,0.0,0.00022410682819381278,0.0,0.0
8463,0.0002962338316300208,x_positive,0.0,0.0,0.0,0.0002962338316300208,0.0,0.0
8464,0.00023877944825104853,x_positive,0.0,0.0,0.0,0.00023877944825104853,0.0,0.0
8465,0.0003156105116589401,x_positive,0.0,0.0,0.0,0.0003156105116589401,0.0,0.0
8466,0.0002489370412474914,x_positive,0.0,0.0,0.0,0.0002489370412474914,0.0,0.0
8467,0.0003290186740840786,x_positive,0.0,0.0,0.0,0.0003290186740840786,0.0,0.0
8468,0.00025406475901992127,x_positive,0.0,0.0,0.0,0.00025406475901992127,0.0,0.0
8469,0.00033590464756093433,x_positive,0.0,0.0,0.0,0.00033590464756093433,0.0,0.0
8470,0.0002559016430770995,x_positive,0.0,0.0,0.0,0.0002559016430770995,0.0,0.0
8471,0.00033824195621803046,x_positive,0.0,0.0,0.0,0.00033824195621803046,0.0,0.0
8472,0.00025491545539165,x_positive,0.0,0.0,0.0,0.00025491545539165,0.0,0.0
8473,0.0003367815253927192,x_positive,0.0,0.0,0.0,0.0003367815253927192,0.0,0.0
8474,0.00025235077362190556,x_positive,0.0,0.0,0.0,0.00025235077362190556,0.0,0.0
8475,0.00033363308571639905,x_positive,0.0,0.0,0.0,0.00033363308571639905,0.0,0.0
8476,0.00024964291197991423,x_positive,0.0,0.0,0.0,0.00024964291197991423,0.0,0.0
8477,0.0003298899021270452,x_positive,0.0,0.0,0.0,0.0003298899021270452,0.0,0.0
8478,0.00024428584490521834,x_positive,0.0,0.0,0.0,0.00024428584490521834,0.0,0.0
8479,0.0003227765386898379,x_positive,0.0,0.0,0.0,0.0003227765386898379,0.0,0.0
8480,0.00023620632527279544,x_positive,0.0,0.0,0.0,0.00023620632527279544,0.0,0.0
8481,0.000312656564610017,x_positive,0.0,0.0,0.0,0.000312656564610017,0.0,0.0
8482,0.00022619180909163165,x_positive,0.0,0.0,0.0,0.00022619180909163165,0.0,0.0
8483,0.00029870344595369437,x_positive,0.0,0.0,0.0,0.00029870344595369437,0.0,0.0
8484,0.00021370552660590132,x_positive,0.0,0.0,0.0,0.00021370552660590132,0.0,0.0
8485,0.0002822245226422235,x_positive,0.0,0.0,0.0,0.0002822245226422235,0.0,0.0
8486,0.00019858698356455557,z_positive,0.0,0.0,0.0,0.00019858698356455557,0.0,0.0
8487,0.0002627164295142661,z_positive,0.0,0.0,0.0,0.0002627164295142661,0.0,0.0
8488,0.00018169234862340888,z_positive,0.0,0.0,0.0,0.00018169234862340888,0.0,0.0
8489,0.0002402927215671268,z_positive,0.0,0.0,0.0,0.0002402927215671268,0.0,0.0
8490,0.0001623209864065402,z_positive,0.0,0.0,0.0,0.0001623209864065402,0.0,0.0
8491,0.00021416253706961808,z_positive,0.0,0.0,0.0,0.00021416253706961808,0.0,0.0
8492,0.00014156044564701386,z_positive,0.0,0.0,0.0,0.00014156044564701386,0.0,0.0
8493,0.00018716572055696635,z_positive,0.0,0.0,0.0,0.00018716572055696635,0.0,0.0
8494,0.0001316278198623693,z_positive,0.0,0.0,0.0,0.0001316278198623693,0.0,0.0
8495,0.000173962394760848,z_positive,0.0,0.0,0.0,0.000173962394760848,0.0,0.0
8496,0.00012958670454366164,z_positive,0.0,0.0,0.0,0.00012958670454366164,0.0,0.0
8497,0.0001712723974743748,z_positive,0.0,0.0,0.0,0.0001712723974743748,0.0,0.0
8498,0.00011256068659335298,z_positive,0.0,0.0,0.0,0.00011256068659335298,0.0,0.0
8499,0.00014885829556513867,z_positive,0.0,0.0,0.0,0.00014885829556513867,0.0,0.0
8500,0.00011870733937505496,z_positive,0.0,0.0,0.0,0.00011870733937505496,0.0,0.0
8501,0.00015692889512461156,z_positive,0.0,0.0,0.0,0.00015692889512461156,0.0,0.0
8502,0.00013496511862527797,x_negative,0.0,0.0,0.0,0.00013496511862527797,0.0,0.0
8503,0.00017857765117982173,x_negative,0.0,0.0,0.0,0.00017857765117982173,0.0,0.0
8504,0.00015416617457320416,x_negative,0.0,0.0,0.0,0.00015416617457320416,0.0,0.0
8505,0.00020345065172630488,x_negative,0.0,0.0,0.0,0.00020345065172630488,0.0,0.0
8506,0.0001733109008995981,x_negative,0.0,0.0,0.0,0.0001733109008995981,0.0,0.0
8507,0.0002291090899261418,x_negative,0.0,0.0,0.0,0.0002291090899261418,0.0,0.0
8508,0.00019057643601177456,x_negative,0.0,0.0,0.0,0.00019057643601177456,0.0,0.0
8509,0.0002519242858463428,x_negative,0.0,0.0,0.0,0.0002519242858463428,0.0,0.0
8510,0.00020578953483016524,x_negative,0.0,0.0,0.0,0.00020578953483016524,0.0,0.0
8511,0.0002720957785591782,x_negative,0.0,0.0,0.0,0.0002720957785591782,0.0,0.0
8512,0.00021797787558819218,x_negative,0.0,0.0,0.0,0.00021797787558819218,0.0,0.0
8513,0.0002881764301763529,x_negative,0.0,0.0,0.0,0.0002881764301763529,0.0,0.0
8514,0.00022722962894374744,x_negative,0.0,0.0,0.0,0.00022722962894374744,0.0,0.0
8515,0.0003001725191494183,x_negative,0.0,0.0,0.0,0.0003001725191494183,0.0,0.0
8516,0.00023276238850166573,x_negative,0.0,0.0,0.0,0.00023276238850166573,0.0,0.0
8517,0.0003078053214462808,x_negative,0.0,0.0,0.0,0.0003078053214462808,0.0,0.0
8518,0.00023671566453736955,x_negative,0.0,0.0,0.0,0.00023671566453736955,0.0,0.0
8519,0.00031257907530066084,x_negative,0.0,0.0,0.0,0.00031257907530066084,0.0,0.0
8520,0.00023725039444250797,x_negative,0.0,0.0,0.0,0.00023725039444250797,0.0,0.0
8521,0.0003138941694161332,x_negative,0.0,0.0,0.0,0.0003138941694161332,0.0,0.0
8522,0.00023436188496511097,x_negative,0.0,0.0,0.0,0.00023436188496511097,0.0,0.0
8523,0.0003093063502093642,x_negative,0.0,0.0,0.0,0.0003093063502093642,0.0,0.0
8524,0.0002262359913929729,x_negative,0.0,0.0,0.0,0.0002262359913929729,0.0,0.0
8525,0.0002994732773465385,x_negative,0.0,0.0,0.0,0.0002994732773465385,0.0,0.0
8526,0.00021409714445696698,x_negative,0.0,0.0,0.0,0.00021409714445696698,0.0,0.0
8527,0.00028266709424097327,x_negative,0.0,0.0,0.0,0.00028266709424097327,0.0,0.0
8528,0.00019638593445933924,x_negative,0.0,0.0,0.0,0.00019638593445933924,0.0,0.0
8529,0.00025986200698375724,x_negative,0.0,0.0,0.0,0.00025986200698375724,0.0,0.0
8530,0.00017537213642798355,x_negative,0.0,0.0,0.0,0.00017537213642798355,0.0,0.0
8531,0.00023194614853036823,x_negative,0.0,0.0,0.0,0.00023194614853036823,0.0,0.0
8532,0.0001513475199373554,x_negative,0.0,0.0,0.0,0.0001513475199373554,0.0,0.0
8533,0.00019982140618557135,x_negative,0.0,0.0,0.0,0.00019982140618557135,0.0,0.0
8534,0.00012568894534859408,x_negative,0.0,0.0,0.0,0.00012568894534859408,0.0,0.0
8535,0.00016589088838259524,x_negative,0.0,0.0,0.0,0.00016589088838259524,0.0,0.0
8536,9.921436682312282e-05,x_negative,0.0,0.0,0.0,9.921436682312282e-05,0.0,0.0
8537,0.00013097387424086822,x_negative,0.0,0.0,0.0,0.00013097387424086822,0.0,0.0
8538,7.297465730093822e-05,x_negative,0.0,0.0,0.0,7.297465730093822e-05,0.0,0.0
8539,9.626232525904154e-05,x_negative,0.0,0.0,0.0,9.626232525904154e-05,0.0,0.0
8540,4.654060817589532e-05,x_negative,0.0,0.0,0.0,4.654060817589532e-05,0.0,0.0
8541,6.169044677384226e-05,x_negative,0.0,0.0,0.0,6.169044677384226e-05,0.0,0.0
8542,1.635041630238863e-05,x_negative,0.0,0.0,0.0,1.635041630238863e-05,0.0,0.0
8543,2.1842549004297988e-05,x_negative,0.0,0.0,0.0,2.1842549004297988e-05,0.0,0.0
8544,1.1320717577766941e-05,z_positive,0.0,0.0,0.0,9.631574285615003e-08,1.1224401834911077e-05,-2.862971361719535e-19
8545,1.676390486536964e-05,z_positive,0.0,0.0,0.0,2.9178281805190203e-06,1.3846076684850531e-05,8.809142651444724e-20
8546,3.114802364914865e-05,z_positive,0.0,0.0,0.0,2.982501210144264e-07,3.0849773528133896e-05,3.3203691532368573e-19
8547,4.7007506989432945e-05,z_positive,0.0,0.0,0.0,8.508430953941848e-06,3.8499076035491236e-05,-1.3552527156068805e-19
8548,4.802638378180234e-05,x_positive,0.0,0.0,0.0,5.28273761841901e-07,4.749811001996055e-05,-1.0842021724855044e-19
8549,7.111534724257664e-05,x_positive,0.0,0.0,0.0,1.3676011777413323e-05,5.7439335465163166e-05,1.4907779871675686e-19
8550,6.505215051043091e-05,x_positive,0.0,0.0,0.0,8.605223601237377e-07,6.419162815030709e-05,9.486769009248164e-20
8551,9.689519284552472e-05,x_positive,0.0,0.0,0.0,2.012700870074798e-05,7.676818414477673e-05,1.3552527156068805e-20
8552,8.185757986850412e-05,x_positive,0.0,0.0,0.0,1.3535409739061077e-06,8.050403889459787e-05,1.4907779871675686e-19
8553,0.00012193863151112605,x_positive,0.0,0.0,0.0,2.7880645224475517e-05,9.405798628665079e-05,-2.574980159653073e-19
8554,9.704458741463664e-05,x_positive,0.0,0.0,0.0,2.0209929996300607e-06,9.502359441500638e-05,2.0328790734103208e-19
8555,0.0001449111215944264,x_positive,0.0,0.0,0.0,3.683757848373318e-05,0.00010807354311069328,-5.421010862427522e-20
8556,0.00011032624130138464,x_positive,0.0,0.0,0.0,2.8722610553140877e-06,0.00010745398024607057,-2.710505431213761e-20
8557,0.00016445994914357923,x_positive,0.0,0.0,0.0,4.641121909591201e-05,0.00011804873004766715,8.131516293641283e-20
8558,0.00012087593011074806,x_positive,0.0,0.0,0.0,3.9229431238006435e-06,0.0001169529869869473,1.0842021724855044e-19
8559,0.00018019038464542263,x_positive,0.0,0.0,0.0,5.625844833483781e-05,0.00012393193631058487,-5.421010862427522e-20
8560,0.0001282235875740267,x_positive,0.0,0.0,0.0,5.1170665681587775e-06,0.0001231065210058681,-1.8973538018496328e-19
8561,0.00019106260934698575,x_positive,0.0,0.0,0.0,6.567409909731344e-05,0.00012538851024967242,-1.0842021724855044e-19
8562,0.00013295361892099253,x_positive,0.0,0.0,0.0,6.445738023764097e-06,0.0001265078808972284,2.710505431213761e-20
8563,0.00019817244940878068,x_positive,0.0,0.0,0.0,7.449038288538407e-05,0.0001236820665233966,0.0
8564,0.00013509072111935058,x_positive,0.0,0.0,0.0,7.741735105859398e-06,0.00012734898601349118,0.0
8565,0.00020145794049722913,x_positive,0.0,0.0,0.0,8.191918712232551e-05,0.00011953875337490346,1.6263032587282567e-19
8566,0.00013564871469345466,x_positive,0.0,0.0,0.0,9.009359426785973e-06,0.0001266393552666686,8.131516293641283e-20
8567,0.00020213410113009423,x_positive,0.0,0.0,0.0,8.802343221794875e-05,0.00011411066891214565,-1.6263032587282567e-19
8568,0.00013524181637451335,x_positive,0.0,0.0,0.0,1.014335979723425e-05,0.00012509845657727886,2.439454888092385e-19
8569,0.00020146837153411177,x_positive,0.0,0.0,0.0,9.28954851371861e-05,0.00010857288639692586,-1.8973538018496328e-19
8570,0.00013474243648636718,x_positive,0.0,0.0,0.0,1.116759647293302e-05,0.00012357484001343443,-2.710505431213761e-19
8571,0.00020100733939679795,x_positive,0.0,0.0,0.0,9.706651292710385e-05,0.00010394082646969442,-3.2526065174565133e-19
8572,0.00013510806269900356,x_positive,0.0,0.0,0.0,1.2134228669563758e-05,0.00012297383402943985,-5.421010862427522e-20
8573,0.00020154721149861327,x_positive,0.0,0.0,0.0,0.0001010629545397841,0.00010048425695882926,-1.0842021724855044e-19
8574,0.0001343378226553612,x_positive,0.0,0.0,0.0,1.2781212704538675e-05,0.00012155660995082257,-5.421010862427522e-20
8575,0.00020010665684381463,x_positive,0.0,0.0,0.0,0.00010324801742456411,9.685863941925057e-05,-2.710505431213761e-20
8576,0.00013246777893134872,z_positive,0.0,0.0,0.0,1.319116109571613e-05,0.00011927661783563252,5.421010862427522e-20
8577,0.0001970162488374798,z_positive,0.0,0.0,0.0,0.00010380417990182348,9.321206893565601e-05,3.2526065174565133e-19
8578,0.0001290146102133212,z_positive,0.0,0.0,0.0,1.3219308376849325e-05,0.00011579530183647133,5.421010862427522e-19
8579,0.00019254592398449888,z_positive,0.0,0.0,0.0,0.00010294343692718742,8.960248705731188e-05,-4.0657581468206416e-19
8580,0.00012464881446549512,z_positive,0.0,0.0,0.0,1.3000149099448099e-05,0.00011164866536604766,-6.505213034913027e-19
8581,0.0001858971753907356,z_positive,0.0,0.0,0.0,0.00010036319126197112,8.553398412876444e-05,5.421010862427522e-20
8582,0.00011868073646456412,z_positive,0.0,0.0,0.0,1.2483725694064036e-05,0.00010619701077050004,4.0657581468206416e-20
8583,0.00017703928069551285,z_positive,0.0,0.0,0.0,9.606418795985194e-05,8.09750927356606e-05,2.981555974335137e-19
8584,0.0001117061956503577,z_positive,0.0,0.0,0.0,1.1712985890201197e-05,9.999320976015632e-05,1.7618285302889447e-19
8585,0.00016627843369541162,z_positive,0.0,0.0,0.0,9.035454341614719e-05,7.59238902792644e-05,5.421010862427522e-20
8586,0.00010213860555877702,z_positive,0.0,0.0,0.0,1.0550721008239028e-05,9.158788455053787e-05,1.2197274440461925e-19
8587,0.00015251948931834766,z_positive,0.0,0.0,0.0,8.253018011431742e-05,6.998930920403054e-05,-2.981555974335137e-19
8588,9.160049754654504e-05,z_positive,0.0,0.0,0.0,9.255886565316181e-06,8.234461098122896e-05,-1.0842021724855044e-19
8589,0.00013656745074846666,z_positive,0.0,0.0,0.0,7.337789415631088e-05,6.318955659215604e-05,-2.439454888092385e-19
8590,8.711570976546558e-05,z_positive,0.0,0.0,0.0,8.541519243619964e-06,7.857419052184523e-05,3.7947076036992655e-19
8591,0.0001298244883664667,z_positive,0.0,0.0,0.0,6.901788305138093e-05,6.0806605315085606e-05,1.6263032587282567e-19
8592,8.599125205221873e-05,z_positive,0.0,0.0,0.0,8.096924066229587e-06,7.789432798598967e-05,-5.285485590866834e-19
8593,0.00012816743794943135,z_positive,0.0,0.0,0.0,6.714862054877473e-05,6.101881740065656e-05,5.421010862427522e-20
8594,7.253273772872475e-05,z_positive,0.0,0.0,0.0,6.501473479472063e-06,6.603126424925277e-05,-8.131516293641283e-20
8595,0.00010812614001646156,z_positive,0.0,0.0,0.0,5.563314022684834e-05,5.2492999789612724e-05,4.87890977618477e-19
8596,7.235156630606235e-05,z_positive,0.0,0.0,0.0,6.145362288280485e-06,6.620620401778203e-05,-1.7618285302889447e-19
8597,0.00010798312891022959,z_positive,0.0,0.0,0.0,5.437853166185698e-05,5.360459724837281e-05,-2.0328790734103208e-19
8598,7.850578189239624e-05,z_positive,0.0,0.0,0.0,6.221064769893308e-06,7.228471712250273e-05,2.0328790734103208e-19
8599,0.00011690559450794647,z_positive,0.0,0.0,0.0,5.739207930956669e-05,5.951351519837963e-05,1.6263032587282567e-19
8600,8.632621175228734e-05,z_positive,0.0,0.0,0.0,6.327564799894764e-06,7.999864695239209e-05,4.743384504624082e-19
8601,0.00012871446046300577,z_positive,0.0,0.0,0.0,6.127712545792701e-05,6.74373350050791e-05,-3.2526065174565133e-19
8602,9.451674379628471e-05,x_negative,0.0,0.0,0.0,6.361946724688526e-06,8.815479707159637e-05,-1.8973538018496328e-19
8603,0.00014097603949010998,x_negative,0.0,0.0,0.0,6.484903018220545e-05,7.612700930790473e-05,-2.168404344971009e-19
8604,0.00010204371576657639,x_negative,0.0,0.0,0.0,6.186932616218738e-06,9.585678315035736e-05,2.981555974335137e-19
8605,0.00015204474820767187,x_negative,0.0,0.0,0.0,6.717913737298521e-05,8.486561083468686e-05,-2.168404344971009e-19
8606,0.00010840385835276098,x_negative,0.0,0.0,0.0,5.8413545503728234e-06,0.00010256250380238804,1.0842021724855044e-19
8607,0.00016157749667092703,x_negative,0.0,0.0,0.0,6.80514673383184e-05,9.352602933260859e-05,5.421010862427522e-20
8608,0.00011364114369785406,x_negative,0.0,0.0,0.0,5.467240991499491e-06,0.0001081739027063546,-2.710505431213761e-20
8609,0.00016933343584630612,x_negative,0.0,0.0,0.0,6.781029562685157e-05,0.00010152314021945483,-2.710505431213761e-19
8610,0.00011697472484438233,x_negative,0.0,0.0,0.0,4.93048106796897e-06,0.00011204424377641344,-8.131516293641283e-20
8611,0.00017451335181181216,x_negative,0.0,0.0,0.0,6.622982632336088e-05,0.00010828352548845107,2.168404344971009e-19
8612,0.00011878987098919256,x_negative,0.0,0.0,0.0,4.449580750827147e-06,0.00011434029023836549,-8.131516293641283e-20
8613,0.00017698068796610694,x_negative,0.0,0.0,0.0,6.354341227182896e-05,0.00011343727569427788,8.131516293641283e-20
8614,0.00012006398856227393,x_negative,0.0,0.0,0.0,3.937516322547806e-06,0.00011612647223972618,-5.421010862427522e-20
8615,0.00017894682389326392,x_negative,0.0,0.0,0.0,6.075534826334042e-05,0.00011819147562992353,-2.710505431213761e-20
8616,0.00012043081533440182,x_negative,0.0,0.0,0.0,3.536213134184916e-06,0.00011689460220021685,5.421010862427522e-20
8617,0.0001794539608675402,x_negative,0.0,0.0,0.0,5.765285780071848e-05,0.00012180110306682169,2.710505431213761e-20
8618,0.00011873891148272746,x_negative,0.0,0.0,0.0,3.0820960080908956e-06,0.00011565681547463658,-1.3552527156068805e-20
8619,0.00017732084502265161,x_negative,0.0,0.0,0.0,5.403956595933424e-05,0.0001232812790633174,-2.710505431213761e-20
8620,0.00011499842503076086,x_negative,0.0,0.0,0.0,2.680498892909411e-06,0.00011231792613785142,2.710505431213761e-20
8621,0.0001713098294659527,x_negative,0.0,0.0,0.0,4.9539578551120045e-05,0.00012177025091483277,-1.0842021724855044e-19
8622,0.000108454459150453,x_negative,0.0,0.0,0.0,2.2110197554494703e-06,0.00010624343939500364,-1.0842021724855044e-19
8623,0.00016188536065451508,x_negative,0.0,0.0,0.0,4.4296127270344265e-05,0.00011758923338417066,1.6263032587282567e-19
8624,9.933731660682407e-05,x_negative,0.0,0.0,0.0,1.8086085118897528e-06,9.75287080949343e-05,1.3552527156068805e-20
8625,0.00014766633558186052,x_negative,0.0,0.0,0.0,3.815842035087341e-05,0.00010950791523098706,5.421010862427522e-20
8626,8.787346943035042e-05,x_negative,0.0,0.0,0.0,1.4029692029854358e-06,8.647050022736501e-05,-2.710505431213761e-20
8627,0.00013076249621730442,x_negative,0.0,0.0,0.0,3.193593545475857e-05,9.882656076254598e-05,-1.3552527156068805e-19
8628,7.460550815211442e-05,x_negative,0.0,0.0,0.0,1.0301300248210008e-06,7.357537812729328e-05,1.3552527156068805e-19
8629,0.00011132678973929726,x_negative,0.0,0.0,0.0,2.5489431025856018e-05,8.583735871344122e-05,2.710505431213761e-20
8630,6.075979733388854e-05,x_negative,0.0,0.0,0.0,7.208187769106613e-07,6.0038978556977714e-05,1.6940658945086007e-19
8631,9.109413564461585e-05,x_negative,0.0,0.0,0.0,1.945435344677814e-05,7.163978219783781e-05,-1.0842021724855044e-19
8632,4.74548131460836e-05,x_negative,0.0,0.0,0.0,4.897221299677308e-07,4.696509101611589e-05,-2.0328790734103208e-20
8633,7.114702863903728e-05,x_negative,0.0,0.0,0.0,1.4185759264393098e-05,5.696126937464413e-05,5.421010862427522e-20
8634,3.603742263337528e-05,x_negative,0.0,0.0,0.0,3.3155129308895737e-07,3.5705871340286305e-05,1.3552527156068805e-20
8635,5.265558470261057e-05,x_negative,0.0,0.0,0.0,9.889084683414262e-06,4.276650001919618e-05,1.2874900798265365e-19
8636,2.3184403830021252e-05,x_negative,0.0,0.0,0.0,1.955438066805594e-07,2.298886002334076e-05,-6.437450399132683e-20
8637,3.4911426816995204e-05,x_negative,0.0,0.0,0.0,6.241360493563264e-06,2.867006632343172e-05,2.168404344971009e-19
8638,8.34805613098463e-06,x_negative,0.0,0.0,0.0,6.796358643098715e-08,8.280092544553555e-06,8.809142651444724e-20
8639,1.2632591236549524e-05,x_negative,0.0,0.0,0.0,2.1947148883287794e-06,1.0437876348221004e-05,-2.591920818598159e-19
8640,4.7472290311186515e-06,z_positive,0.0,0.0,0.0,0.0,4.7472290311186515e-06,0.0
8641,9.642124317916445e-06,z_positive,0.0,0.0,0.0,0.0,9.642124317916445e-06,0.0
8642,1.3160615987088864e-05,z_positive,0.0,0.0,0.0,0.0,1.3160615987088864e-05,0.0
8643,2.5856893097299736e-05,z_positive,0.0,0.0,0.0,0.0,2.5856893097299736e-05,0.0
8644,1.910747947956306e-05,z_positive,0.0,0.0,0.0,0.0,1.910747947956306e-05,0.0
8645,3.8492573798195905e-05,z_positive,0.0,0.0,0.0,0.0,3.8492573798195905e-05,0.0
8646,2.6035213516439105e-05,z_positive,0.0,0.0,0.0,0.0,2.6035213516439105e-05,0.0
8647,5.1846006522027884e-05,z_positive,0.0,0.0,0.0,0.0,5.1846006522027884e-05,0.0
8648,3.276120901985806e-05,z_positive,0.0,0.0,0.0,0.0,3.276120901985806e-05,0.0
8649,6.52744581641825e-05,z_positive,0.0,0.0,0.0,0.0,6.52744581641825e-05,0.0
8650,3.8819788715759847e-05,z_positive,0.0,0.0,0.0,0.0,3.8819788715759847e-05,0.0
8651,7.739678423841134e-05,z_positive,0.0,0.0,0.0,0.0,7.739678423841134e-05,0.0
8652,4.4096646190119404e-05,z_positive,0.0,0.0,0.0,0.0,4.4096646190119404e-05,0.0
8653,8.786664101553037e-05,z_positive,0.0,0.0,0.0,0.0,8.786664101553037e-05,0.0
8654,4.813494674177463e-05,z_positive,0.0,0.0,0.0,0.0,4.813494674177463e-05,0.0
8655,9.581470114266751e-05,z_positive,0.0,0.0,0.0,0.0,9.581470114266751e-05,0.0
8656,5.049642023160085e-05,z_positive,0.0,0.0,0.0,0.0,5.049642023160085e-05,0.0
8657,0.00010074448077241242,z_positive,0.0,0.0,0.0,0.0,0.00010074448077241242,0.0
8658,5.1949751502103724e-05,z_positive,0.0,0.0,0.0,0.0,5.1949751502103724e-05,0.0
8659,0.00010346736529314475,z_positive,0.0,0.0,0.0,0.0,0.00010346736529314475,0.0
8660,5.235209279467048e-05,z_positive,0.0,0.0,0.0,0.0,5.235209279467048e-05,0.0
8661,0.00010425127028962448,z_positive,0.0,0.0,0.0,0.0,0.00010425127028962448,0.0
8662,5.2280327358042665e-05,z_positive,0.0,0.0,0.0,0.0,5.2280327358042665e-05,0.0
8663,0.0001042225779080515,z_positive,0.0,0.0,0.0,0.0,0.0001042225779080515,0.0
8664,5.216753606213752e-05,z_positive,0.0,0.0,0.0,0.0,5.216753606213752e-05,0.0
8665,0.00010399355330244612,z_positive,0.0,0.0,0.0,0.0,0.00010399355330244612,0.0
8666,5.2672209521777674e-05,z_positive,0.0,0.0,0.0,0.0,5.2672209521777674e-05,0.0
8667,0.00010487761307587104,z_positive,0.0,0.0,0.0,0.0,0.00010487761307587104,0.0
8668,5.408867036412136e-05,z_positive,0.0,0.0,0.0,0.0,5.408867036412136e-05,0.0
8669,0.00010769607889939577,z_positive,0.0,0.0,0.0,0.0,0.00010769607889939577,0.0
8670,5.485005766552039e-05,z_positive,0.0,0.0,0.0,0.0,5.485005766552039e-05,0.0
8671,0.00010963585638418057,z_positive,0.0,0.0,0.0,0.0,0.00010963585638418057,0.0
8672,5.553574367098468e-05,z_positive,0.0,0.0,0.0,0.0,5.553574367098468e-05,0.0
8673,0.00011071931579896517,z_positive,0.0,0.0,0.0,0.0,0.00011071931579896517,0.0
8674,5.567911604827024e-05,z_positive,0.0,0.0,0.0,0.0,5.567911604827024e-05,0.0
8675,0.00011082053901385482,z_positive,0.0,0.0,0.0,0.0,0.00011082053901385482,0.0
8676,5.5202070947202646e-05,z_positive,0.0,0.0,0.0,0.0,5.5202070947202646e-05,0.0
8677,0.00011000602261500582,z_positive,0.0,0.0,0.0,0.0,0.00011000602261500582,0.0
8678,5.4079419493887186e-05,z_positive,0.0,0.0,0.0,0.0,5.4079419493887186e-05,0.0
8679,0.00010760983427601133,z_positive,0.0,0.0,0.0,0.0,0.00010760983427601133,0.0
8680,5.2091258026814914e-05,z_positive,0.0,0.0,0.0,0.0,5.2091258026814914e-05,0.0
8681,0.00010389379395008687,z_positive,0.0,0.0,0.0,0.0,0.00010389379395008687,0.0
8682,4.89582727470296e-05,z_positive,0.0,0.0,0.0,0.0,4.89582727470296e-05,0.0
8683,9.736190147218397e-05,z_positive,0.0,0.0,0.0,0.0,9.736190147218397e-05,0.0
8684,4.47653660207672e-05,z_positive,0.0,0.0,0.0,0.0,4.47653660207672e-05,0.0
8685,8.920737176819795e-05,z_positive,0.0,0.0,0.0,0.0,8.920737176819795e-05,0.0
8686,4.327121935095065e-05,z_positive,0.0,0.0,0.0,0.0,4.327121935095065e-05,0.0
8687,8.627382222114374e-05,z_positive,0.0,0.0,0.0,0.0,8.627382222114374e-05,0.0
8688,4.279414089597248e-05,z_positive,0.0,0.0,0.0,0.0,4.279414089597248e-05,0.0
8689,8.540968263479747e-05,z_positive,0.0,0.0,0.0,0.0,8.540968263479747e-05,0.0
8690,3.5513111569316215e-05,z_positive,0.0,0.0,0.0,0.0,3.5513111569316215e-05,0.0
8691,7.056495866220463e-05,z_positive,0.0,0.0,0.0,0.0,7.056495866220463e-05,0.0
8692,3.370929696151446e-05,z_positive,0.0,0.0,0.0,0.0,3.370929696151446e-05,0.0
8693,6.718035207898769e-05,z_positive,0.0,0.0,0.0,0.0,6.718035207898769e-05,0.0
8694,3.4692044335195785e-05,z_positive,0.0,0.0,0.0,0.0,3.4692044335195785e-05,0.0
8695,6.928720182781209e-05,z_positive,0.0,0.0,0.0,0.0,6.928720182781209e-05,0.0
8696,3.646403402412574e-05,z_positive,0.0,0.0,0.0,0.0,3.646403402412574e-05,0.0
8697,7.277320080250742e-05,z_positive,0.0,0.0,0.0,0.0,7.277320080250742e-05,0.0
8698,3.858383616770152e-05,z_positive,0.0,0.0,0.0,0.0,3.858383616770152e-05,0.0
8699,7.669274568791729e-05,z_positive,0.0,0.0,0.0,0.0,7.669274568791729e-05,0.0
8700,4.03421223255222e-05,z_positive,0.0,0.0,0.0,0.0,4.03421223255222e-05,0.0
8701,8.016415993766595e-05,z_positive,0.0,0.0,0.0,0.0,8.016415993766595e-05,0.0
8702,4.1407818726666614e-05,z_positive,0.0,0.0,0.0,0.0,4.1407818726666614e-05,0.0
8703,8.281428627072548e-05,z_positive,0.0,0.0,0.0,0.0,8.281428627072548e-05,0.0
8704,4.259638704568337e-05,z_positive,0.0,0.0,0.0,0.0,4.259638704568337e-05,0.0
8705,8.477187646462563e-05,z_positive,0.0,0.0,0.0,0.0,8.477187646462563e-05,0.0
8706,4.285984753638294e-05,z_positive,0.0,0.0,0.0,0.0,4.285984753638294e-05,0.0
8707,8.5416106656457e-05,z_positive,0.0,0.0,0.0,0.0,8.5416106656457e-05,0.0
8708,4.2502328625885036e-05,x_negative,0.0,0.0,0.0,0.0,4.2502328625885036e-05,0.0
8709,8.473363746895451e-05,x_negative,0.0,0.0,0.0,0.0,8.473363746895451e-05,0.0
8710,4.2462452580226e-05,x_negative,0.0,0.0,0.0,0.0,4.2462452580226e-05,0.0
8711,8.466987414201535e-05,x_negative,0.0,0.0,0.0,0.0,8.466987414201535e-05,0.0
8712,4.260603839048365e-05,x_negative,0.0,0.0,0.0,0.0,4.260603839048365e-05,0.0
8713,8.467811135102838e-05,x_negative,0.0,0.0,0.0,0.0,8.467811135102838e-05,0.0
8714,4.204342306374105e-05,x_negative,0.0,0.0,0.0,0.0,4.204342306374105e-05,0.0
8715,8.393965324641152e-05,x_negative,0.0,0.0,0.0,0.0,8.393965324641152e-05,0.0
8716,4.0872374163481744e-05,x_negative,0.0,0.0,0.0,0.0,4.0872374163481744e-05,0.0
8717,8.13508627339629e-05,x_negative,0.0,0.0,0.0,0.0,8.13508627339629e-05,0.0
8718,3.8484190418942624e-05,x_negative,0.0,0.0,0.0,0.0,3.8484190418942624e-05,0.0
8719,7.655399540676386e-05,x_negative,0.0,0.0,0.0,0.0,7.655399540676386e-05,0.0
8720,3.483158786327112e-05,x_negative,0.0,0.0,0.0,0.0,3.483158786327112e-05,0.0
8721,6.918815729612284e-05,x_negative,0.0,0.0,0.0,0.0,6.918815729612284e-05,0.0
8722,2.9772133649835284e-05,x_negative,0.0,0.0,0.0,0.0,2.9772133649835284e-05,0.0
8723,5.970184231368897e-05,x_negative,0.0,0.0,0.0,0.0,5.970184231368897e-05,0.0
8724,2.4410937333533733e-05,x_negative,0.0,0.0,0.0,0.0,2.4410937333533733e-05,0.0
8725,4.867477670493763e-05,x_negative,0.0,0.0,0.0,0.0,4.867477670493763e-05,0.0
8726,1.9211739738794765e-05,x_negative,0.0,0.0,0.0,0.0,1.9211739738794765e-05,0.0
8727,3.7797654534568774e-05,x_negative,0.0,0.0,0.0,0.0,3.7797654534568774e-05,0.0
8728,1.4331540899452483e-05,x_negative,0.0,0.0,0.0,0.0,1.4331540899452483e-05,0.0
8729,2.8568342812072486e-05,x_negative,0.0,0.0,0.0,0.0,2.8568342812072486e-05,0.0
8730,1.1150505508213957e-05,x_negative,0.0,0.0,0.0,0.0,1.1150505508213957e-05,0.0
8731,2.2478395921345283e-05,x_negative,0.0,0.0,0.0,0.0,2.2478395921345283e-05,0.0
8732,7.90654532553876e-06,x_negative,0.0,0.0,0.0,0.0,7.90654532553876e-06,0.0
8733,1.587176611878181e-05,x_negative,0.0,0.0,0.0,0.0,1.587176611878181e-05,0.0
8734,2.9465277614070157e-06,z_negative,0.0,0.0,0.0,0.0,2.9465277614070157e-06,0.0
8735,6.105001376966512e-06,z_negative,0.0,0.0,0.0,0.0,6.105001376966512e-06,0.0
8736,0.0034547008984330595,z_negative,0.0009420642771140173,0.0025126366213190235,0.0,0.0,0.0,1.8648277366750676e-17
8737,0.003598821493295499,z_negative,0.0002269696987761773,0.003371851794519329,0.0,0.0,0.0,-7.37257477290143e-18
8738,0.0035162636982833794,z_negative,0.0,0.0035162636982833794,0.0,0.0,0.0,0.0
8739,0.003512068714703823,z_negative,0.0,0.003512068714703823,0.0,0.0,0.0,0.0
8740,0.003512335709030216,z_negative,0.0,0.003512335709030216,0.0,0.0,0.0,0.0
8741,0.003506031856940774,z_negative,0.0,0.003506031856940774,0.0,0.0,0.0,0.0
8742,0.0035009181815833464,z_negative,0.0,0.0035009181815833464,0.0,0.0,0.0,0.0
8743,0.003506457303247192,z_negative,0.0,0.003506457303247192,0.0,0.0,0.0,0.0
8744,0.0035104815347218325,z_negative,0.0,0.0035104815347218325,0.0,0.0,0.0,0.0
8745,0.0034980367916877236,z_negative,0.0,0.0034980367916877236,0.0,0.0,0.0,0.0
8746,0.0034944100931004933,z_negative,0.0,0.0034944100931004933,0.0,0.0,0.0,0.0
8747,0.0035072451193110224,z_negative,0.0,0.0035072451193110224,0.0,0.0,0.0,0.0
8748,0.003497408593693966,z_negative,0.0,0.003497408593693966,0.0,0.0,0.0,0.0
8749,0.0035074719631449165,z_negative,0.0,0.0035074719631449165,0.0,0.0,0.0,0.0
8750,0.003494062972186449,z_negative,0.0,0.003494062972186449,0.0,0.0,0.0,0.0
8751,0.00349841805793924,z_negative,0.0,0.00349841805793924,0.0,0.0,0.0,0.0
8752,0.003510751738624823,z_negative,0.0,0.003510751738624823,0.0,0.0,0.0,0.0
8753,0.003506305372282119,z_negative,0.0,0.003506305372282119,0.0,0.0,0.0,0.0
8754,0.003500922670813759,z_negative,0.0,0.003500922670813759,0.0,0.0,0.0,0.0
8755,0.003506299018008042,z_negative,0.0,0.003506299018008042,0.0,0.0,0.0,0.0
8756,0.003512502049634205,z_negative,0.0,0.003512502049634205,0.0,0.0,0.0,0.0
8757,0.0035118538425546898,z_negative,0.0,0.0035118538425546898,0.0,0.0,0.0,0.0
8758,0.0035153021484386946,z_negative,8.579720491394736e-05,0.0034295049435247487,0.0,0.0,0.0,-1.3010426069826053e-18
8759,0.003597713758945585,z_negative,0.0018661297044683693,0.0017315840544772276,0.0,0.0,0.0,-1.214306433183765e-17
8760,0.02728635394724539,z_negative,0.005219617104630885,0.02206673684261456,0.0,0.0,0.0,-5.898059818321144e-17
8761,0.02767945715611124,z_negative,0.0,0.02767945715611124,0.0,0.0,0.0,0.0
8762,0.02766771724263256,z_negative,0.0,0.02766771724263256,0.0,0.0,0.0,0.0
8763,0.027660194487609233,z_negative,0.0,0.027660194487609233,0.0,0.0,0.0,0.0
8764,0.02765041093003538,z_negative,0.0,0.02765041093003538,0.0,0.0,0.0,0.0
8765,0.027692918173676202,z_negative,0.0,0.027692918173676202,0.0,0.0,0.0,0.0
8766,0.02762316965799658,z_negative,0.0,0.02762316965799658,0.0,0.0,0.0,0.0
8767,0.027663326329640102,z_negative,0.0,0.027663326329640102,0.0,0.0,0.0,0.0
8768,0.027665101310126772,z_negative,0.0,0.027665101310126772,0.0,0.0,0.0,0.0
8769,0.02766022694940321,z_negative,0.0,0.02766022694940321,0.0,0.0,0.0,0.0
8770,0.02765724985127186,z_negative,0.0,0.02765724985127186,0.0,0.0,0.0,0.0
8771,0.027990873844889005,z_negative,0.009037232067953756,0.018953641776935218,0.0,0.0,0.0,3.122502256758253e-17
8772,0.20916380929918546,z_negative,0.027485834718549422,0.181677974580636,0.0,0.0,0.0,2.7755575615628914e-17
8773,0.21011592392524328,z_negative,0.0,0.21011592392524328,0.0,0.0,0.0,0.0
8774,0.21021607751636986,z_negative,0.0,0.21021607751636986,0.0,0.0,0.0,0.0
8775,0.21001897916633055,z_negative,0.0,0.21001897916633055,0.0,0.0,0.0,0.0
8776,0.2101092277385948,z_negative,0.0,0.2101092277385948,0.0,0.0,0.0,0.0
8777,0.21120313195740595,z_negative,0.04849051497546268,0.16271261698194311,0.0,0.0,0.0,1.3877787807814457e-16
8778,1.355303806025789,z_negative,0.2111958604797621,1.1441079455460268,0.0,0.0,0.0,0.0
8779,1.3580271156773873,z_negative,0.0,1.3580271156773873,0.0,0.0,0.0,0.0
8780,1.3608435570299724,z_negative,0.2187070003388847,1.1421365566910875,0.0,0.0,0.0,2.220446049250313e-16
8781,4.073626395653958,z_negative,0.5214344788184285,3.5521919168355307,0.0,0.0,0.0,-1.7763568394002505e-15
8782,4.315799496891316e-06,z_positive,0.0,0.0,0.0,0.0,4.315799496891316e-06,0.0
8783,1.1439919080043367e-05,z_positive,0.0,0.0,0.0,0.0,1.1439919080043367e-05,0.0
8784,1.6188428437454962e-05,z_positive,0.0,0.0,0.0,0.0,1.6188428437454962e-05,0.0
8785,2.176796485622328e-05,z_positive,0.0,0.0,0.0,0.0,2.176796485622328e-05,0.0
8786,2.737404108266768e-05,z_positive,0.0,0.0,0.0,0.0,2.737404108266768e-05,0.0
8787,3.254176449903369e-05,z_positive,0.0,0.0,0.0,0.0,3.254176449903369e-05,0.0
8788,3.685737410950411e-05,z_positive,0.0,0.0,0.0,0.0,3.685737410950411e-05,0.0
8789,3.9967322224063606e-05,z_positive,0.0,0.0,0.0,0.0,3.9967322224063606e-05,0.0
8790,4.1536187779328575e-05,z_positive,0.0,0.0,0.0,0.0,4.1536187779328575e-05,0.0
8791,4.226368639064127e-05,z_positive,0.0,0.0,0.0,0.0,4.226368639064127e-05,0.0
8792,4.207639864439963e-05,z_positive,0.0,0.0,0.0,0.0,4.207639864439963e-05,0.0
8793,4.1712922278256014e-05,z_positive,0.0,0.0,0.0,0.0,4.1712922278256014e-05,0.0
8794,4.1750490943447264e-05,z_positive,0.0,0.0,0.0,0.0,4.1750490943447264e-05,0.0
8795,4.280629728915431e-05,z_positive,0.0,0.0,0.0,0.0,4.280629728915431e-05,0.0
8796,4.5200089629046624e-05,z_positive,0.0,0.0,0.0,0.0,4.5200089629046624e-05,0.0
8797,4.710673113111712e-05,z_positive,0.0,0.0,0.0,0.0,4.710673113111712e-05,0.0
8798,4.888371464632789e-05,z_positive,0.0,0.0,0.0,0.0,4.888371464632789e-05,0.0
8799,5.0206677776381596e-05,z_positive,0.0,0.0,0.0,0.0,5.0206677776381596e-05,0.0
8800,5.0907699301387134e-05,z_positive,0.0,0.0,0.0,0.0,5.0907699301387134e-05,0.0
8801,5.08133985280419e-05,z_positive,0.0,0.0,0.0,0.0,5.08133985280419e-05,0.0
8802,4.985906232774994e-05,z_positive,0.0,0.0,0.0,0.0,4.985906232774994e-05,0.0
8803,4.755429424956691e-05,z_positive,0.0,0.0,0.0,0.0,4.755429424956691e-05,0.0
8804,4.4087727487425064e-05,z_positive,0.0,0.0,0.0,0.0,4.4087727487425064e-05,0.0
8805,4.302564985725674e-05,z_positive,0.0,0.0,0.0,0.0,4.302564985725674e-05,0.0
8806,4.267443924504367e-05,z_positive,0.0,0.0,0.0,0.0,4.267443924504367e-05,0.0
8807,3.5062780382665624e-05,z_positive,0.0,0.0,0.0,0.0,3.5062780382665624e-05,0.0
8808,3.246109750681104e-05,z_positive,0.0,0.0,0.0,0.0,3.246109750681104e-05,0.0
8809,3.232276304569262e-05,z_positive,0.0,0.0,0.0,0.0,3.232276304569262e-05,0.0
8810,3.2689316602304525e-05,z_positive,0.0,0.0,0.0,0.0,3.2689316602304525e-05,0.0
8811,3.334655431909027e-05,z_positive,0.0,0.0,0.0,0.0,3.334655431909027e-05,0.0
8812,3.369195092229397e-05,z_positive,0.0,0.0,0.0,0.0,3.369195092229397e-05,0.0
8813,3.352993645629228e-05,z_positive,0.0,0.0,0.0,0.0,3.352993645629228e-05,0.0
8814,3.326015331874155e-05,z_positive,0.0,0.0,0.0,0.0,3.326015331874155e-05,0.0
8815,3.235054125278205e-05,z_positive,0.0,0.0,0.0,0.0,3.235054125278205e-05,0.0
8816,3.0771466226061895e-05,z_positive,0.0,0.0,0.0,0.0,3.0771466226061895e-05,0.0
8817,3.0126606868688853e-05,z_positive,0.0,0.0,0.0,0.0,3.0126606868688853e-05,0.0
8818,3.0102674328364913e-05,z_positive,0.0,0.0,0.0,0.0,3.0102674328364913e-05,0.0
8819,2.9932239258111306e-05,z_positive,0.0,0.0,0.0,0.0,2.9932239258111306e-05,0.0
8820,2.915817612399517e-05,z_positive,0.0,0.0,0.0,0.0,2.915817612399517e-05,0.0
8821,2.7249244265298234e-05,z_positive,0.0,0.0,0.0,0.0,2.7249244265298234e-05,0.0
8822,2.39377988674474e-05,z_positive,0.0,0.0,0.0,0.0,2.39377988674474e-05,0.0
8823,1.9377159312735073e-05,z_positive,0.0,0.0,0.0,0.0,1.9377159312735073e-05,0.0
8824,1.4040647125003917e-05,z_positive,0.0,0.0,0.0,0.0,1.4040647125003917e-05,0.0
8825,8.869618330468896e-06,z_positive,0.0,0.0,0.0,0.0,8.869618330468896e-06,0.0
8826,4.775490612019395e-06,x_negative,0.0,0.0,0.0,0.0,4.775490612019395e-06,0.0
8827,4.765288297237333e-06,x_negative,0.0,0.0,0.0,0.0,4.765288297237333e-06,0.0
8828,5.123208901985101e-06,z_negative,0.0,0.0,0.0,0.0,5.123208901985101e-06,0.0
8829,2.287596126859736e-06,z_negative,0.0,0.0,0.0,0.0,2.287596126859736e-06,0.0
