frame_id,video_pts,video_time_s,sim_time_s,exposure_start_s,exposure_end_s,turbine_id,rpm,rpm_valid,rpm_reason,center_sample_kind,source_left_index,source_right_index,alpha,clearance_b1_m,clearance_b1_valid,clearance_b1_reason,clearance_b2_m,clearance_b2_valid,clearance_b2_reason,clearance_b3_m,clearance_b3_valid,clearance_b3_reason
0,0,0.0,117.02,117.0075,117.0325,T1,10.913994980000002,True,valid,interpolated,0,1,0.799999999999659,45.34537614324407,True,valid,57.803218463392916,True,valid,,False,no_tower_section_at_tip_height
1,1,0.04,117.06,117.0475,117.0725,T1,10.915841100000002,True,valid,interpolated,2,3,0.4000000000001137,43.4279075774237,True,valid,58.65956388150377,True,valid,,False,no_tower_section_at_tip_height
2,2,0.08,117.1,117.08749999999999,117.1125,T1,10.9206676,True,valid,source,4,4,0.0,41.42404261482597,True,valid,59.391399464812224,True,valid,,False,no_tower_section_at_tip_height
3,3,0.12,117.14,117.1275,117.1525,T1,10.9283882,True,valid,interpolated,5,6,0.5999999999998863,39.339358405894885,True,valid,59.99764768372509,True,valid,,False,no_tower_section_at_tip_height
4,4,0.16,117.18,117.1675,117.19250000000001,T1,10.933208700000002,True,valid,interpolated,7,8,0.20000000000034107,37.18015543492775,True,valid,60.47733636071708,True,valid,,False,no_tower_section_at_tip_height
5,5,0.2,117.22,117.2075,117.2325,T1,10.93460486,True,valid,interpolated,8,9,0.8000000000001137,34.955041245717375,True,valid,60.829340544753244,True,valid,,False,no_tower_section_at_tip_height
6,6,0.24,117.26,117.2475,117.27250000000001,T1,10.93819442,True,valid,interpolated,10,11,0.4000000000001137,32.671843053804665,True,valid,61.05294827245266,True,valid,,False,no_tower_section_at_tip_height
7,7,0.28,117.3,117.2875,117.3125,T1,10.9456596,True,valid,source,12,12,0.0,30.336824176972097,True,valid,,False,no_tower_section_at_tip_height,,False,no_tower_section_at_tip_height
8,8,0.32,117.34,117.3275,117.3525,T1,10.951868260000001,True,valid,interpolated,13,14,0.6000000000002274,27.94689121272071,True,valid,,False,no_tower_section_at_tip_height,,False,no_tower_section_at_tip_height
9,9,0.36,117.38,117.36749999999999,117.3925,T1,10.9556322,True,valid,interpolated,15,16,0.19999999999977264,25.51378805321966,True,valid,,False,no_tower_section_at_tip_height,,False,no_tower_section_at_tip_height
10,10,0.4,117.42,117.4075,117.4325,T1,10.95961932,True,valid,interpolated,16,17,0.8000000000001137,23.062878559567007,True,valid,,False,no_tower_section_at_tip_height,,False,no_tower_section_at_tip_height
11,11,0.44,117.46,117.44749999999999,117.4725,T1,10.964558019999998,True,valid,interpolated,18,19,0.39999999999977265,20.615764075693253,True,valid,,False,no_tower_section_at_tip_height,,False,no_tower_section_at_tip_height
12,12,0.48,117.5,117.4875,117.5125,T1,10.9682035,True,valid,source,20,20,0.0,18.200693077158704,True,valid,,False,no_tower_section_at_tip_height,,False,no_tower_section_at_tip_height
13,13,0.52,117.54,117.5275,117.55250000000001,T1,10.97048758,True,valid,interpolated,21,22,0.6000000000002274,15.848002393755744,True,valid,,False,no_tower_section_at_tip_height,,False,no_tower_section_at_tip_height
14,14,0.56,117.58,117.5675,117.5925,T1,10.97362592,True,valid,interpolated,23,24,0.19999999999988632,13.57191524646432,True,valid,,False,no_tower_section_at_tip_height,,False,no_tower_section_at_tip_height
15,15,0.6,117.62,117.6075,117.63250000000001,T1,10.97964704,True,valid,interpolated,24,25,0.8000000000002274,11.519907368381684,True,valid,,False,no_tower_section_at_tip_height,,False,no_tower_section_at_tip_height
16,16,0.64,117.66,117.6475,117.6725,T1,10.987472359999998,True,valid,interpolated,26,27,0.39999999999977265,9.732112085036263,True,valid,,False,no_tower_section_at_tip_height,,False,no_tower_section_at_tip_height
17,17,0.68,117.7,117.6875,117.7125,T1,10.9961338,True,valid,source,28,28,0.0,8.422029248386941,True,valid,,False,no_tower_section_at_tip_height,,False,no_tower_section_at_tip_height
18,18,0.72,117.74,117.72749999999999,117.7525,T1,11.005463579999999,True,valid,interpolated,29,30,0.5999999999998863,7.758321216832849,True,valid,,False,no_tower_section_at_tip_height,,False,no_tower_section_at_tip_height
19,19,0.76,117.78,117.7675,117.7925,T1,11.01387292,True,valid,interpolated,31,32,0.19999999999988632,7.861869101299698,True,valid,,False,no_tower_section_at_tip_height,,False,no_tower_section_at_tip_height
20,20,0.8,117.82,117.80749999999999,117.8325,T1,11.021915799999999,True,valid,interpolated,32,33,0.799999999999659,8.701383940294745,True,valid,,False,no_tower_section_at_tip_height,,False,no_tower_section_at_tip_height
21,21,0.84,117.86,117.8475,117.8725,T1,11.03076918,True,valid,interpolated,34,35,0.4000000000001137,10.122851772481953,True,valid,,False,no_tower_section_at_tip_height,,False,no_tower_section_at_tip_height
22,22,0.88,117.9,117.8875,117.91250000000001,T1,11.0397186,True,valid,source,36,36,0.0,11.969205800392356,True,valid,,False,no_tower_section_at_tip_height,,False,no_tower_section_at_tip_height
23,23,0.92,117.94,117.9275,117.9525,T1,11.047392460000001,True,valid,interpolated,37,38,0.5999999999998863,14.052063051250968,True,valid,,False,no_tower_section_at_tip_height,,False,no_tower_section_at_tip_height
24,24,0.96,117.98,117.9675,117.9925,T1,11.054895220000002,True,valid,interpolated,39,40,0.20000000000034107,16.335619499252143,True,valid,,False,no_tower_section_at_tip_height,,False,no_tower_section_at_tip_height
25,25,1.0,118.02,118.0075,118.0325,T1,11.06236818,True,valid,interpolated,40,41,0.799999999999659,18.68573165181869,True,valid,,False,no_tower_section_at_tip_height,,False,no_tower_section_at_tip_height
26,26,1.04,118.06,118.0475,118.0725,T1,11.068046540000001,True,valid,interpolated,42,43,0.4000000000001137,21.10447449075259,True,valid,,False,no_tower_section_at_tip_height,,False,no_tower_section_at_tip_height
27,27,1.08,118.1,118.08749999999999,118.1125,T1,11.0740814,True,valid,source,44,44,0.0,23.552661915541574,True,valid,,False,no_tower_section_at_tip_height,,False,no_tower_section_at_tip_height
28,28,1.12,118.14,118.1275,118.1525,T1,11.0811619,True,valid,interpolated,45,46,0.5999999999998863,26.001238370197537,True,valid,,False,no_tower_section_at_tip_height,,False,no_tower_section_at_tip_height
29,29,1.16,118.18,118.1675,118.19250000000001,T1,11.089260840000003,True,valid,interpolated,47,48,0.20000000000034107,28.430805329173058,True,valid,,False,no_tower_section_at_tip_height,,False,no_tower_section_at_tip_height
30,30,1.2,118.22,118.2075,118.2325,T1,11.09750596,True,valid,interpolated,48,49,0.8000000000001137,30.813585999108405,True,valid,,False,no_tower_section_at_tip_height,,False,no_tower_section_at_tip_height
31,31,1.24,118.26,118.2475,118.27250000000001,T1,11.1055214,True,valid,interpolated,50,51,0.4000000000001137,33.15725427256583,True,valid,,False,no_tower_section_at_tip_height,61.06301797336374,True,valid
32,32,1.28,118.3,118.2875,118.3125,T1,11.1169548,True,valid,source,52,52,0.0,35.45229648698694,True,valid,,False,no_tower_section_at_tip_height,60.78342337065628,True,valid
33,33,1.32,118.34,118.3275,118.3525,T1,11.128847320000002,True,valid,interpolated,53,54,0.6000000000002274,37.689989196731354,True,valid,,False,no_tower_section_at_tip_height,60.36970621572969,True,valid
34,34,1.36,118.38,118.36749999999999,118.3925,T1,11.1378706,True,valid,interpolated,55,56,0.19999999999977264,39.862705555826345,True,valid,,False,no_tower_section_at_tip_height,59.82282353415855,True,valid
35,35,1.4,118.42,118.4075,118.4325,T1,11.147242519999999,True,valid,interpolated,56,57,0.8000000000001137,41.96330210687347,True,valid,,False,no_tower_section_at_tip_height,59.14446235827502,True,valid
36,36,1.44,118.46,118.44749999999999,118.4725,T1,11.159572219999998,True,valid,interpolated,58,59,0.39999999999977265,43.9844315048255,True,valid,,False,no_tower_section_at_tip_height,58.33612249162952,True,valid
37,37,1.48,118.5,118.4875,118.5125,T1,11.1752453,True,valid,source,60,60,0.0,45.9188741263231,True,valid,,False,no_tower_section_at_tip_height,57.39788058474941,True,valid
38,38,1.52,118.54,118.5275,118.55250000000001,T1,11.188981800000002,True,valid,interpolated,61,62,0.6000000000002274,47.75985151574667,True,valid,,False,no_tower_section_at_tip_height,56.32932398520044,True,valid
39,39,1.56,118.58,118.5675,118.5925,T1,11.201086779999999,True,valid,interpolated,63,64,0.19999999999988632,49.50016456984013,True,valid,,False,no_tower_section_at_tip_height,55.13284571549854,True,valid
40,40,1.6,118.62,118.6075,118.63250000000001,T1,11.21274374,True,valid,interpolated,64,65,0.8000000000002274,51.13472417597966,True,valid,,False,no_tower_section_at_tip_height,53.81106786579247,True,valid
41,41,1.64,118.66,118.6475,118.6725,T1,11.224064639999998,True,valid,interpolated,66,67,0.39999999999977265,52.65949059209251,True,valid,,False,no_tower_section_at_tip_height,52.36809047750769,True,valid
42,42,1.68,118.7,118.6875,118.7125,T1,11.2363873,True,valid,source,68,68,0.0,54.07060143556445,True,valid,,False,no_tower_section_at_tip_height,50.80773989608257,True,valid
43,43,1.72,118.74,118.72749999999999,118.7525,T1,11.251161199999999,True,valid,interpolated,69,70,0.5999999999998863,55.36388596172243,True,valid,,False,no_tower_section_at_tip_height,49.1324343415885,True,valid
44,44,1.76,118.78,118.7675,118.7925,T1,11.26995676,True,valid,interpolated,71,72,0.19999999999988632,56.53442065970992,True,valid,,False,no_tower_section_at_tip_height,47.346724060549846,True,valid
45,45,1.8,118.82,118.80749999999999,118.8325,T1,11.290295959999995,True,valid,interpolated,72,73,0.799999999999659,57.578218298141195,True,valid,,False,no_tower_section_at_tip_height,45.45513722429242,True,valid
46,46,1.84,118.86,118.8475,118.8725,T1,11.313654540000002,True,valid,interpolated,74,75,0.4000000000001137,58.492249645109624,True,valid,,False,no_tower_section_at_tip_height,43.4639176404208,True,valid
47,47,1.88,118.9,118.8875,118.91250000000001,T1,11.3388767,True,valid,source,76,76,0.0,59.27376918389752,True,valid,,False,no_tower_section_at_tip_height,41.378431875473254,True,valid
48,48,1.92,118.94,118.9275,118.9525,T1,11.365720959999997,True,valid,interpolated,77,78,0.5999999999998863,59.92036200586278,True,valid,,False,no_tower_section_at_tip_height,39.20205051840471,True,valid
49,49,1.96,118.98,118.9675,118.9925,T1,11.388626440000005,True,valid,interpolated,79,80,0.20000000000034107,60.43010875369943,True,valid,,False,no_tower_section_at_tip_height,36.940167061771106,True,valid
50,50,2.0,119.02,119.0075,119.0325,T1,11.409269319999996,True,valid,interpolated,80,81,0.799999999999659,60.801147232320986,True,valid,,False,no_tower_section_at_tip_height,34.60007554890681,True,valid
51,51,2.04,119.06,119.0475,119.0725,T1,11.430590220000001,True,valid,interpolated,82,83,0.4000000000001137,61.03200683354296,True,valid,,False,no_tower_section_at_tip_height,32.189959669639194,True,valid
52,52,2.08,119.1,119.08749999999999,119.1125,T1,11.4553614,True,valid,source,84,84,0.0,,False,no_tower_section_at_tip_height,,False,no_tower_section_at_tip_height,29.719049050625284,True,valid
53,53,2.12,119.14,119.1275,119.1525,T1,11.480937799999998,True,valid,interpolated,85,86,0.5999999999998863,,False,no_tower_section_at_tip_height,,False,no_tower_section_at_tip_height,27.201684217848577,True,valid
54,54,2.16,119.18,119.1675,119.19250000000001,T1,11.505126760000007,True,valid,interpolated,87,88,0.20000000000034107,,False,no_tower_section_at_tip_height,,False,no_tower_section_at_tip_height,24.63929655624184,True,valid
55,55,2.2,119.22,119.2075,119.2325,T1,11.529900920000003,True,valid,interpolated,88,89,0.8000000000001137,,False,no_tower_section_at_tip_height,,False,no_tower_section_at_tip_height,22.06824566425438,True,valid
56,56,2.24,119.26,119.2475,119.27250000000001,T1,11.554172720000002,True,valid,interpolated,90,91,0.4000000000001137,,False,no_tower_section_at_tip_height,,False,no_tower_section_at_tip_height,19.5215396766572,True,valid
57,57,2.28,119.3,119.2875,119.3125,T1,11.5746889,True,valid,source,92,92,0.0,,False,no_tower_section_at_tip_height,,False,no_tower_section_at_tip_height,17.033602589018127,True,valid
58,58,2.32,119.34,119.3275,119.3525,T1,11.593007080000003,True,valid,interpolated,93,94,0.6000000000002274,,False,no_tower_section_at_tip_height,,False,no_tower_section_at_tip_height,14.625119302711546,True,valid
59,59,2.36,119.38,119.36749999999999,119.3925,T1,11.613421799999996,True,valid,interpolated,95,96,0.19999999999977264,,False,no_tower_section_at_tip_height,,False,no_tower_section_at_tip_height,12.358473195839938,True,valid
60,60,2.4,119.42,119.4075,119.4325,T1,11.637925160000002,True,valid,interpolated,96,97,0.8000000000001137,,False,no_tower_section_at_tip_height,,False,no_tower_section_at_tip_height,10.372351269736361,True,valid
61,61,2.44,119.46,119.44749999999999,119.4725,T1,11.662321879999997,True,valid,interpolated,98,99,0.39999999999977265,,False,no_tower_section_at_tip_height,,False,no_tower_section_at_tip_height,8.837708246363503,True,valid
62,62,2.48,119.5,119.4875,119.5125,T1,11.6895857,True,valid,source,100,100,0.0,,False,no_tower_section_at_tip_height,,False,no_tower_section_at_tip_height,7.9497117961286,True,valid
63,63,2.52,119.54,119.5275,119.55250000000001,T1,11.721532460000004,True,valid,interpolated,101,102,0.6000000000002274,,False,no_tower_section_at_tip_height,,False,no_tower_section_at_tip_height,7.892908753893215,True,valid
64,64,2.56,119.58,119.5675,119.5925,T1,11.75067008,True,valid,interpolated,103,104,0.19999999999988632,,False,no_tower_section_at_tip_height,,False,no_tower_section_at_tip_height,8.686273658201038,True,valid
65,65,2.6,119.62,119.6075,119.63250000000001,T1,11.774099920000005,True,valid,interpolated,104,105,0.8000000000002274,,False,no_tower_section_at_tip_height,,False,no_tower_section_at_tip_height,10.169027028548223,True,valid
66,66,2.64,119.66,119.6475,119.6725,T1,11.795650279999997,True,valid,interpolated,106,107,0.39999999999977265,,False,no_tower_section_at_tip_height,,False,no_tower_section_at_tip_height,12.135174527366495,True,valid
67,67,2.68,119.7,119.6875,119.7125,T1,11.8179865,True,valid,source,108,108,0.0,,False,no_tower_section_at_tip_height,,False,no_tower_section_at_tip_height,14.36301494067319,True,valid
68,68,2.72,119.74,119.72749999999999,119.7525,T1,11.836375579999999,True,valid,interpolated,109,110,0.5999999999998863,,False,no_tower_section_at_tip_height,,False,no_tower_section_at_tip_height,16.803841899202535,True,valid
69,69,2.76,119.78,119.7675,119.7925,T1,11.85106542,True,valid,interpolated,111,112,0.19999999999988632,,False,no_tower_section_at_tip_height,,False,no_tower_section_at_tip_height,19.335719517140515,True,valid
70,70,2.8,119.82,119.80749999999999,119.8325,T1,11.865372059999999,True,valid,interpolated,112,113,0.799999999999659,,False,no_tower_section_at_tip_height,,False,no_tower_section_at_tip_height,21.912811256048297,True,valid
71,71,2.84,119.86,119.8475,119.8725,T1,11.87991674,True,valid,interpolated,114,115,0.4000000000001137,,False,no_tower_section_at_tip_height,,False,no_tower_section_at_tip_height,24.523095474894912,True,valid
72,72,2.88,119.9,119.8875,119.91250000000001,T1,11.8918819,True,valid,source,116,116,0.0,,False,no_tower_section_at_tip_height,,False,no_tower_section_at_tip_height,27.13729923966575,True,valid
73,73,2.92,119.94,119.9275,119.9525,T1,11.90289976,True,valid,interpolated,117,118,0.5999999999998863,,False,no_tower_section_at_tip_height,,False,no_tower_section_at_tip_height,29.73176642665635,True,valid
74,74,2.96,119.98,119.9675,119.9925,T1,11.913359260000004,True,valid,interpolated,119,120,0.20000000000034107,,False,no_tower_section_at_tip_height,61.197614224248106,True,valid,32.286785983911216,True,valid
75,75,3.0,120.02,120.0075,120.0325,T1,11.926279659999997,True,valid,interpolated,120,121,0.799999999999659,,False,no_tower_section_at_tip_height,60.9805623980905,True,valid,34.77674617945417,True,valid
76,76,3.04,120.06,120.0475,120.0725,T1,11.93772732,True,valid,interpolated,122,123,0.4000000000001137,,False,no_tower_section_at_tip_height,60.61183603035206,True,valid,37.20135133271208,True,valid
77,77,3.08,120.1,120.08749999999999,120.1125,T1,11.9490471,True,valid,source,124,124,0.0,,False,no_tower_section_at_tip_height,60.09230380163884,True,valid,39.55152515875991,True,valid
78,78,3.12,120.14,120.1275,120.1525,T1,11.96102064,True,valid,interpolated,125,126,0.5999999999998863,,False,no_tower_section_at_tip_height,59.424350041323514,True,valid,41.818300208026685,True,valid
79,79,3.16,120.18,120.1675,120.19250000000001,T1,11.972201340000002,True,valid,interpolated,127,128,0.20000000000034107,,False,no_tower_section_at_tip_height,58.6101911229874,True,valid,43.99319942625072,True,valid
80,80,3.2,120.22,120.2075,120.2325,T1,11.98061886,True,valid,interpolated,128,129,0.8000000000001137,,False,no_tower_section_at_tip_height,57.65245795402931,True,valid,46.067531002787284,True,valid
81,81,3.24,120.26,120.2475,120.27250000000001,T1,11.98718258,True,valid,interpolated,130,131,0.4000000000001137,,False,no_tower_section_at_tip_height,56.55341080212974,True,valid,48.03286917564999,True,valid
82,82,3.28,120.3,120.2875,120.3125,T1,11.9929571,True,valid,source,132,132,0.0,,False,no_tower_section_at_tip_height,55.31484099621194,True,valid,49.88248334623788,True,valid
83,83,3.32,120.34,120.3275,120.3525,T1,11.996848880000002,True,valid,interpolated,133,134,0.6000000000002274,,False,no_tower_section_at_tip_height,53.93937920280703,True,valid,51.60999172198007,True,valid
84,84,3.36,120.38,120.36749999999999,120.3925,T1,11.998761400000001,True,valid,interpolated,135,136,0.19999999999977264,,False,no_tower_section_at_tip_height,52.43230490582573,True,valid,53.21015313487086,True,valid
85,85,3.4,120.42,120.4075,120.4325,T1,12.00009732,True,valid,interpolated,136,137,0.8000000000001137,,False,no_tower_section_at_tip_height,50.79744700054019,True,valid,54.67902241930609,True,valid
86,86,3.44,120.46,120.44749999999999,120.4725,T1,12.00042608,True,valid,interpolated,138,139,0.39999999999977265,,False,no_tower_section_at_tip_height,49.03850962637958,True,valid,56.01355642350529,True,valid
87,87,3.48,120.5,120.4875,120.5125,T1,11.9999657,True,valid,source,140,140,0.0,,False,no_tower_section_at_tip_height,47.160592080470565,True,valid,57.2103524119063,True,valid
88,88,3.52,120.54,120.5275,120.55250000000001,T1,11.997846580000001,True,valid,interpolated,141,142,0.6000000000002274,,False,no_tower_section_at_tip_height,45.16993382865273,True,valid,58.265663310680004,True,valid
89,89,3.56,120.58,120.5675,120.5925,T1,11.99628392,True,valid,interpolated,143,144,0.19999999999988632,,False,no_tower_section_at_tip_height,43.07490096575748,True,valid,59.175283688653295,True,valid
90,90,3.6,120.62,120.6075,120.63250000000001,T1,11.9987276,True,valid,interpolated,144,145,0.8000000000002274,,False,no_tower_section_at_tip_height,40.8841522885464,True,valid,59.93540802252355,True,valid
91,91,3.64,120.66,120.6475,120.6725,T1,12.00092256,True,valid,interpolated,146,147,0.39999999999977265,,False,no_tower_section_at_tip_height,38.60914746321496,True,valid,60.54226142337112,True,valid
92,92,3.68,120.7,120.6875,120.7125,T1,12.002738,True,valid,source,148,148,0.0,,False,no_tower_section_at_tip_height,36.263216705933445,True,valid,60.99340605650581,True,valid
93,93,3.72,120.74,120.72749999999999,120.7525,T1,12.0030809,True,valid,interpolated,149,150,0.5999999999998863,,False,no_tower_section_at_tip_height,33.857517570220075,True,valid,61.28809631725009,True,valid
94,94,3.76,120.78,120.7675,120.7925,T1,12.00442012,True,valid,interpolated,151,152,0.19999999999988632,,False,no_tower_section_at_tip_height,31.393009555856647,True,valid,,False,no_tower_section_at_tip_height
95,95,3.8,120.82,120.80749999999999,120.8325,T1,12.002263240000001,True,valid,interpolated,152,153,0.799999999999659,,False,no_tower_section_at_tip_height,28.90230199717824,True,valid,,False,no_tower_section_at_tip_height
96,96,3.84,120.86,120.8475,120.8725,T1,11.99844474,True,valid,interpolated,154,155,0.4000000000001137,,False,no_tower_section_at_tip_height,26.405723633473098,True,valid,,False,no_tower_section_at_tip_height
97,97,3.88,120.9,120.8875,120.91250000000001,T1,11.9956036,True,valid,source,156,156,0.0,,False,no_tower_section_at_tip_height,23.926972590877284,True,valid,,False,no_tower_section_at_tip_height
98,98,3.92,120.94,120.9275,120.9525,T1,11.991681060000001,True,valid,interpolated,157,158,0.5999999999998863,,False,no_tower_section_at_tip_height,21.496352575034795,True,valid,,False,no_tower_section_at_tip_height
99,99,3.96,120.98,120.9675,120.9925,T1,11.984504539999998,True,valid,interpolated,159,160,0.20000000000034107,,False,no_tower_section_at_tip_height,19.110546873743292,True,valid,,False,no_tower_section_at_tip_height
100,100,4.0,121.02,121.0075,121.0325,T1,11.974842620000002,True,valid,interpolated,160,161,0.799999999999659,,False,no_tower_section_at_tip_height,16.853883687021664,True,valid,,False,no_tower_section_at_tip_height
101,101,4.04,121.06,121.0475,121.0725,T1,11.96682566,True,valid,interpolated,162,163,0.4000000000001137,,False,no_tower_section_at_tip_height,14.803998385767501,True,valid,,False,no_tower_section_at_tip_height
102,102,4.08,121.1,121.08749999999999,121.1125,T1,11.958066,True,valid,source,164,164,0.0,,False,no_tower_section_at_tip_height,13.03102089428366,True,valid,,False,no_tower_section_at_tip_height
103,103,4.12,121.14,121.1275,121.1525,T1,11.947091660000002,True,valid,interpolated,165,166,0.5999999999998863,,False,no_tower_section_at_tip_height,11.686538360007756,True,valid,,False,no_tower_section_at_tip_height
104,104,4.16,121.18,121.1675,121.19250000000001,T1,11.936690119999998,True,valid,interpolated,167,168,0.20000000000034107,,False,no_tower_section_at_tip_height,10.921052659706492,True,valid,,False,no_tower_section_at_tip_height
105,105,4.2,121.22,121.2075,121.2325,T1,11.92977108,True,valid,interpolated,168,169,0.8000000000001137,,False,no_tower_section_at_tip_height,10.831025019358968,True,valid,,False,no_tower_section_at_tip_height
106,106,4.24,121.26,121.2475,121.27250000000001,T1,11.92356262,True,valid,interpolated,170,171,0.4000000000001137,,False,no_tower_section_at_tip_height,11.435784057427362,True,valid,,False,no_tower_section_at_tip_height
107,107,4.28,121.3,121.2875,121.3125,T1,11.9167681,True,valid,source,172,172,0.0,,False,no_tower_section_at_tip_height,12.648598848938352,True,valid,,False,no_tower_section_at_tip_height
108,108,4.32,121.34,121.3275,121.3525,T1,11.90977592,True,valid,interpolated,173,174,0.6000000000002274,,False,no_tower_section_at_tip_height,14.309316220717529,True,valid,,False,no_tower_section_at_tip_height
109,109,4.36,121.38,121.36749999999999,121.3925,T1,11.90156514,True,valid,interpolated,175,176,0.19999999999977264,,False,no_tower_section_at_tip_height,16.334236273355458,True,valid,,False,no_tower_section_at_tip_height
110,110,4.4,121.42,121.4075,121.4325,T1,11.892412179999999,True,valid,interpolated,176,177,0.8000000000001137,,False,no_tower_section_at_tip_height,18.536443073475002,True,valid,,False,no_tower_section_at_tip_height
111,111,4.44,121.46,121.44749999999999,121.4725,T1,11.883425900000002,True,valid,interpolated,178,179,0.39999999999977265,,False,no_tower_section_at_tip_height,20.894818506153502,True,valid,,False,no_tower_section_at_tip_height
112,112,4.48,121.5,121.4875,121.5125,T1,11.8731747,True,valid,source,180,180,0.0,,False,no_tower_section_at_tip_height,23.329095821870176,True,valid,,False,no_tower_section_at_tip_height
113,113,4.52,121.54,121.5275,121.55250000000001,T1,11.857379899999998,True,valid,interpolated,181,182,0.6000000000002274,,False,no_tower_section_at_tip_height,25.781557128951157,True,valid,,False,no_tower_section_at_tip_height
114,114,4.56,121.58,121.5675,121.5925,T1,11.83742258,True,valid,interpolated,183,184,0.19999999999988632,,False,no_tower_section_at_tip_height,28.256561079258145,True,valid,,False,no_tower_section_at_tip_height
115,115,4.6,121.62,121.6075,121.63250000000001,T1,11.817354979999996,True,valid,interpolated,184,185,0.8000000000002274,,False,no_tower_section_at_tip_height,30.726603549441613,True,valid,,False,no_tower_section_at_tip_height
116,116,4.64,121.66,121.6475,121.6725,T1,11.800157900000002,True,valid,interpolated,186,187,0.39999999999977265,61.44183539629393,True,valid,33.16897822769646,True,valid,,False,no_tower_section_at_tip_height
117,117,4.68,121.7,121.6875,121.7125,T1,11.7852001,True,valid,source,188,188,0.0,61.22220124634217,True,valid,35.56661374815893,True,valid,,False,no_tower_section_at_tip_height
118,118,4.72,121.74,121.72749999999999,121.7525,T1,11.77134992,True,valid,interpolated,189,190,0.5999999999998863,60.85518605683056,True,valid,37.90370542686343,True,valid,,False,no_tower_section_at_tip_height
119,119,4.76,121.78,121.7675,121.7925,T1,11.759177980000002,True,valid,interpolated,191,192,0.19999999999988632,60.343566942305735,True,valid,40.15838874541429,True,valid,,False,no_tower_section_at_tip_height
120,120,4.8,121.82,121.80749999999999,121.8325,T1,11.748389260000001,True,valid,interpolated,192,193,0.799999999999659,59.68984952536026,True,valid,42.332859889530816,True,valid,,False,no_tower_section_at_tip_height
121,121,4.84,121.86,121.8475,121.8725,T1,11.738046259999999,True,valid,interpolated,194,195,0.4000000000001137,58.89494528992669,True,valid,44.42013080236045,True,valid,,False,no_tower_section_at_tip_height
122,122,4.88,121.9,121.8875,121.91250000000001,T1,11.7254953,True,valid,source,196,196,0.0,57.95990713667552,True,valid,46.41192186053895,True,valid,,False,no_tower_section_at_tip_height
123,123,4.92,121.94,121.9275,121.9525,T1,11.711603580000002,True,valid,interpolated,197,198,0.5999999999998863,56.88673050852462,True,valid,48.30035859119574,True,valid,,False,no_tower_section_at_tip_height
124,124,4.96,121.98,121.9675,121.9925,T1,11.697286599999998,True,valid,interpolated,199,200,0.20000000000034107,55.679428315806994,True,valid,50.08015231621162,True,valid,,False,no_tower_section_at_tip_height
125,125,5.0,122.02,122.0075,122.0325,T1,11.685424440000004,True,valid,interpolated,200,201,0.799999999999659,54.34297421100924,True,valid,51.74633422679279,True,valid,,False,no_tower_section_at_tip_height
126,126,5.04,122.06,122.0475,122.0725,T1,11.67274952,True,valid,interpolated,202,203,0.4000000000001137,52.88413989670491,True,valid,53.294443835355196,True,valid,,False,no_tower_section_at_tip_height
127,127,5.08,122.1,122.08749999999999,122.1125,T1,11.6598768,True,valid,source,204,204,0.0,51.309442058050735,True,valid,54.72015938742403,True,valid,,False,no_tower_section_at_tip_height
128,128,5.12,122.14,122.1275,122.1525,T1,11.644222280000001,True,valid,interpolated,205,206,0.5999999999998863,49.62559475380643,True,valid,56.0184412754926,True,valid,,False,no_tower_section_at_tip_height
129,129,5.16,122.18,122.1675,122.19250000000001,T1,11.628212379999997,True,valid,interpolated,207,208,0.20000000000034107,47.83685529274776,True,valid,57.18552662936971,True,valid,,False,no_tower_section_at_tip_height
130,130,5.2,122.22,122.2075,122.2325,T1,11.610171899999997,True,valid,interpolated,208,209,0.8000000000001137,45.947288199360685,True,valid,58.21834525853761,True,valid,,False,no_tower_section_at_tip_height
131,131,5.24,122.26,122.2475,122.27250000000001,T1,11.59121034,True,valid,interpolated,210,211,0.4000000000001137,43.96031476693236,True,valid,59.114868109568306,True,valid,,False,no_tower_section_at_tip_height
132,132,5.28,122.3,122.2875,122.3125,T1,11.5720472,True,valid,source,212,212,0.0,41.88103858257377,True,valid,59.873069974646036,True,valid,,False,no_tower_section_at_tip_height
133,133,5.32,122.34,122.3275,122.3525,T1,11.554872899999998,True,valid,interpolated,213,214,0.6000000000002274,39.71512630077115,True,valid,60.49058104311746,True,valid,,False,no_tower_section_at_tip_height
134,134,5.36,122.38,122.36749999999999,122.3925,T1,11.539692080000004,True,valid,interpolated,215,216,0.19999999999977264,37.47060078140253,True,valid,60.96469108846925,True,valid,,False,no_tower_section_at_tip_height
135,135,5.4,122.42,122.4075,122.4325,T1,11.526188079999999,True,valid,interpolated,216,217,0.8000000000001137,35.1487035094606,True,valid,61.293885757698206,True,valid,,False,no_tower_section_at_tip_height
136,136,5.44,122.46,122.44749999999999,122.4725,T1,11.514006400000003,True,valid,interpolated,218,219,0.39999999999977265,32.7749654840459,True,valid,,False,no_tower_section_at_tip_height,,False,no_tower_section_at_tip_height
137,137,5.48,122.5,122.4875,122.5125,T1,11.5017347,True,valid,source,220,220,0.0,30.365516225567095,True,valid,,False,no_tower_section_at_tip_height,,False,no_tower_section_at_tip_height
138,138,5.52,122.54,122.5275,122.55250000000001,T1,11.488797919999998,True,valid,interpolated,221,222,0.6000000000002274,27.942817979465215,True,valid,,False,no_tower_section_at_tip_height,,False,no_tower_section_at_tip_height
139,139,5.56,122.58,122.5675,122.5925,T1,11.474923160000003,True,valid,interpolated,223,224,0.19999999999988632,25.531549834349782,True,valid,,False,no_tower_section_at_tip_height,,False,no_tower_section_at_tip_height
140,140,5.6,122.62,122.6075,122.63250000000001,T1,11.461224519999998,True,valid,interpolated,224,225,0.8000000000002274,23.162594284345126,True,valid,,False,no_tower_section_at_tip_height,,False,no_tower_section_at_tip_height
141,141,5.64,122.66,122.6475,122.6725,T1,11.448435760000002,True,valid,interpolated,226,227,0.39999999999977265,20.84182799950452,True,valid,,False,no_tower_section_at_tip_height,,False,no_tower_section_at_tip_height
142,142,5.68,122.7,122.6875,122.7125,T1,11.4338188,True,valid,source,228,228,0.0,18.607884600192758,True,valid,,False,no_tower_section_at_tip_height,,False,no_tower_section_at_tip_height
143,143,5.72,122.74,122.72749999999999,122.7525,T1,11.415518040000002,True,valid,interpolated,229,230,0.5999999999998863,16.541997276892534,True,valid,,False,no_tower_section_at_tip_height,,False,no_tower_section_at_tip_height
144,144,5.76,122.78,122.7675,122.7925,T1,11.397202320000002,True,valid,interpolated,231,232,0.19999999999988632,14.657263597218957,True,valid,,False,no_tower_section_at_tip_height,,False,no_tower_section_at_tip_height
145,145,5.8,122.82,122.80749999999999,122.8325,T1,11.380223840000003,True,valid,interpolated,232,233,0.799999999999659,13.092013552649847,True,valid,,False,no_tower_section_at_tip_height,,False,no_tower_section_at_tip_height
146,146,5.84,122.86,122.8475,122.8725,T1,11.362055199999999,True,valid,interpolated,234,235,0.4000000000001137,11.894172005604782,True,valid,,False,no_tower_section_at_tip_height,,False,no_tower_section_at_tip_height
147,147,5.88,122.9,122.8875,122.91250000000001,T1,11.3423929,True,valid,source,236,236,0.0,11.232318862199406,True,valid,,False,no_tower_section_at_tip_height,,False,no_tower_section_at_tip_height
148,148,5.92,122.94,122.9275,122.9525,T1,11.32569716,True,valid,interpolated,237,238,0.5999999999998863,11.182491489942112,True,valid,,False,no_tower_section_at_tip_height,,False,no_tower_section_at_tip_height
149,149,5.96,122.98,122.9675,122.9925,T1,11.31289848,True,valid,interpolated,239,240,0.20000000000034107,11.751915453724834,True,valid,,False,no_tower_section_at_tip_height,,False,no_tower_section_at_tip_height
150,150,6.0,123.02,123.0075,123.0325,T1,11.302208160000003,True,valid,interpolated,240,241,0.799999999999659,12.855907916865341,True,valid,,False,no_tower_section_at_tip_height,,False,no_tower_section_at_tip_height
151,151,6.04,123.06,123.0475,123.0725,T1,11.29111026,True,valid,interpolated,242,243,0.4000000000001137,14.372347556573512,True,valid,,False,no_tower_section_at_tip_height,,False,no_tower_section_at_tip_height
152,152,6.08,123.1,123.08749999999999,123.1125,T1,11.2797623,True,valid,source,244,244,0.0,16.23289645651772,True,valid,,False,no_tower_section_at_tip_height,,False,no_tower_section_at_tip_height
153,153,6.12,123.14,123.1275,123.1525,T1,11.26915362,True,valid,interpolated,245,246,0.5999999999998863,18.265693551967093,True,valid,,False,no_tower_section_at_tip_height,,False,no_tower_section_at_tip_height
154,154,6.16,123.18,123.1675,123.19250000000001,T1,11.259346399999998,True,valid,interpolated,247,248,0.20000000000034107,20.45851489241018,True,valid,,False,no_tower_section_at_tip_height,,False,no_tower_section_at_tip_height
155,155,6.2,123.22,123.2075,123.2325,T1,11.24651296,True,valid,interpolated,248,249,0.8000000000001137,22.745470316872613,True,valid,,False,no_tower_section_at_tip_height,,False,no_tower_section_at_tip_height
156,156,6.24,123.26,123.2475,123.27250000000001,T1,11.2317095,True,valid,interpolated,250,251,0.4000000000001137,25.04728551174008,True,valid,,False,no_tower_section_at_tip_height,,False,no_tower_section_at_tip_height
157,157,6.28,123.3,123.2875,123.3125,T1,11.216794,True,valid,source,252,252,0.0,27.37221080651639,True,valid,,False,no_tower_section_at_tip_height,,False,no_tower_section_at_tip_height
158,158,6.32,123.34,123.3275,123.3525,T1,11.200710659999999,True,valid,interpolated,253,254,0.6000000000002274,29.698898098020006,True,valid,,False,no_tower_section_at_tip_height,,False,no_tower_section_at_tip_height
159,159,6.36,123.38,123.36749999999999,123.3925,T1,11.182834200000002,True,valid,interpolated,255,256,0.19999999999977264,32.01002272370459,True,valid,,False,no_tower_section_at_tip_height,,False,no_tower_section_at_tip_height
160,160,6.4,123.42,123.4075,123.4325,T1,11.166117479999999,True,valid,interpolated,256,257,0.8000000000001137,34.2910885950114,True,valid,,False,no_tower_section_at_tip_height,61.33270357975803,True,valid
161,161,6.44,123.46,123.44749999999999,123.4725,T1,11.151684780000002,True,valid,interpolated,258,259,0.39999999999977265,36.52737161853669,True,valid,,False,no_tower_section_at_tip_height,61.061968774008854,True,valid
162,162,6.48,123.5,123.4875,123.5125,T1,11.1371288,True,valid,source,260,260,0.0,38.702896534958164,True,valid,,False,no_tower_section_at_tip_height,60.661297670531056,True,valid
163,163,6.52,123.54,123.5275,123.55250000000001,T1,11.12369972,True,valid,interpolated,261,262,0.6000000000002274,40.80150546815001,True,valid,,False,no_tower_section_at_tip_height,60.131529980989754,True,valid
164,164,6.56,123.58,123.5675,123.5925,T1,11.11255668,True,valid,interpolated,263,264,0.19999999999988632,42.829356276944615,True,valid,,False,no_tower_section_at_tip_height,59.472441654496684,True,valid
165,165,6.6,123.62,123.6075,123.63250000000001,T1,11.101716759999999,True,valid,interpolated,264,265,0.8000000000002274,44.7799705779949,True,valid,,False,no_tower_section_at_tip_height,58.685849382521376,True,valid
166,166,6.64,123.66,123.6475,123.6725,T1,11.088495460000003,True,valid,interpolated,266,267,0.39999999999977265,46.646638300895205,True,valid,,False,no_tower_section_at_tip_height,57.77431886852897,True,valid
167,167,6.68,123.7,123.6875,123.7125,T1,11.077261,True,valid,source,268,268,0.0,48.42275500862256,True,valid,,False,no_tower_section_at_tip_height,56.739385039589614,True,valid
168,168,6.72,123.74,123.72749999999999,123.7525,T1,11.07100984,True,valid,interpolated,269,270,0.5999999999998863,50.10236604816626,True,valid,,False,no_tower_section_at_tip_height,55.58313420106908,True,valid
169,169,6.76,123.78,123.7675,123.7925,T1,11.064660080000003,True,valid,interpolated,271,272,0.19999999999988632,51.680254526914624,True,valid,,False,no_tower_section_at_tip_height,54.31106330108867,True,valid
170,170,6.8,123.82,123.80749999999999,123.8325,T1,11.054635840000003,True,valid,interpolated,272,273,0.799999999999659,53.15114007134182,True,valid,,False,no_tower_section_at_tip_height,52.92942836180398,True,valid
171,171,6.84,123.86,123.8475,123.8725,T1,11.04176064,True,valid,interpolated,274,275,0.4000000000001137,54.51156748932462,True,valid,,False,no_tower_section_at_tip_height,51.44371361260207,True,valid
172,172,6.88,123.9,123.8875,123.91250000000001,T1,11.0290251,True,valid,source,276,276,0.0,55.75846585499084,True,valid,,False,no_tower_section_at_tip_height,49.858262981688235,True,valid
173,173,6.92,123.94,123.9275,123.9525,T1,11.014765140000002,True,valid,interpolated,277,278,0.5999999999998863,56.88901507659731,True,valid,,False,no_tower_section_at_tip_height,48.17740226274588,True,valid
174,174,6.96,123.98,123.9675,123.9925,T1,10.997948999999998,True,valid,interpolated,279,280,0.20000000000034107,57.90027406026597,True,valid,,False,no_tower_section_at_tip_height,46.404676399276276,True,valid
175,175,7.0,124.02,124.0075,124.0325,T1,10.980702040000004,True,valid,interpolated,280,281,0.799999999999659,58.78965901798845,True,valid,,False,no_tower_section_at_tip_height,44.54546622354768,True,valid
176,176,7.04,124.06,124.0475,124.0725,T1,10.965559039999999,True,valid,interpolated,282,283,0.4000000000001137,59.5546223218871,True,valid,,False,no_tower_section_at_tip_height,42.605873618857714,True,valid
177,177,7.08,124.1,124.08749999999999,124.1125,T1,10.951829,True,valid,source,284,284,0.0,60.192745347545774,True,valid,,False,no_tower_section_at_tip_height,40.59007990275183,True,valid
178,178,7.12,124.14,124.1275,124.1525,T1,10.94072818,True,valid,interpolated,285,286,0.5999999999998863,60.702279098224864,True,valid,,False,no_tower_section_at_tip_height,38.50034416851901,True,valid
179,179,7.16,124.18,124.1675,124.19250000000001,T1,10.93075158,True,valid,interpolated,287,288,0.20000000000034107,61.08202441411896,True,valid,,False,no_tower_section_at_tip_height,36.33957043770073,True,valid
180,180,7.2,124.22,124.2075,124.2325,T1,10.921467419999999,True,valid,interpolated,288,289,0.8000000000001137,61.331244375087735,True,valid,,False,no_tower_section_at_tip_height,34.1108728257652,True,valid
181,181,7.24,124.26,124.2475,124.27250000000001,T1,10.91248362,True,valid,interpolated,290,291,0.4000000000001137,,False,no_tower_section_at_tip_height,,False,no_tower_section_at_tip_height,31.83719819237242,True,valid
182,182,7.28,124.3,124.2875,124.3125,T1,10.9046907,True,valid,source,292,292,0.0,,False,no_tower_section_at_tip_height,,False,no_tower_section_at_tip_height,29.53168070188391,True,valid
183,183,7.32,124.34,124.3275,124.3525,T1,10.89754808,True,valid,interpolated,293,294,0.6000000000002274,,False,no_tower_section_at_tip_height,,False,no_tower_section_at_tip_height,27.208197429010106,True,valid
184,184,7.36,124.38,124.36749999999999,124.3925,T1,10.889941420000001,True,valid,interpolated,295,296,0.19999999999977264,,False,no_tower_section_at_tip_height,,False,no_tower_section_at_tip_height,24.881510432762216,True,valid
185,185,7.4,124.42,124.4075,124.4325,T1,10.8816467,True,valid,interpolated,296,297,0.8000000000001137,,False,no_tower_section_at_tip_height,,False,no_tower_section_at_tip_height,22.570561198650974,True,valid
186,186,7.44,124.46,124.44749999999999,124.4725,T1,10.8730707,True,valid,interpolated,298,299,0.39999999999977265,,False,no_tower_section_at_tip_height,,False,no_tower_section_at_tip_height,20.288344355729176,True,valid
187,187,7.48,124.5,124.4875,124.5125,T1,10.8631411,True,valid,source,300,300,0.0,,False,no_tower_section_at_tip_height,,False,no_tower_section_at_tip_height,18.05589390624229,True,valid
188,188,7.52,124.54,124.5275,124.55250000000001,T1,10.851250039999996,True,valid,interpolated,301,302,0.6000000000002274,,False,no_tower_section_at_tip_height,,False,no_tower_section_at_tip_height,15.96234642059493,True,valid
189,189,7.56,124.58,124.5675,124.5925,T1,10.83913704,True,valid,interpolated,303,304,0.19999999999988632,,False,no_tower_section_at_tip_height,,False,no_tower_section_at_tip_height,14.047543338826722,True,valid
190,190,7.6,124.62,124.6075,124.63250000000001,T1,10.829328719999998,True,valid,interpolated,304,305,0.8000000000002274,,False,no_tower_section_at_tip_height,,False,no_tower_section_at_tip_height,12.397560137282758,True,valid
191,191,7.64,124.66,124.6475,124.6725,T1,10.821191380000002,True,valid,interpolated,306,307,0.39999999999977265,,False,no_tower_section_at_tip_height,,False,no_tower_section_at_tip_height,11.109420042305418,True,valid
192,192,7.68,124.7,124.6875,124.7125,T1,10.8141794,True,valid,source,308,308,0.0,,False,no_tower_section_at_tip_height,,False,no_tower_section_at_tip_height,10.323127481019975,True,valid
193,193,7.72,124.74,124.72749999999999,124.7525,T1,10.808841900000001,True,valid,interpolated,309,310,0.5999999999998863,,False,no_tower_section_at_tip_height,,False,no_tower_section_at_tip_height,10.12515399447554,True,valid
194,194,7.76,124.78,124.7675,124.7925,T1,10.804687140000002,True,valid,interpolated,311,312,0.19999999999988632,,False,no_tower_section_at_tip_height,,False,no_tower_section_at_tip_height,10.545234533953098,True,valid
195,195,7.8,124.82,124.80749999999999,124.8325,T1,10.80267826,True,valid,interpolated,312,313,0.799999999999659,,False,no_tower_section_at_tip_height,,False,no_tower_section_at_tip_height,11.50424549974972,True,valid
196,196,7.84,124.86,124.8475,124.8725,T1,10.80290658,True,valid,interpolated,314,315,0.4000000000001137,,False,no_tower_section_at_tip_height,,False,no_tower_section_at_tip_height,12.908899793801124,True,valid
197,197,7.88,124.9,124.8875,124.91250000000001,T1,10.8056431,True,valid,source,316,316,0.0,,False,no_tower_section_at_tip_height,,False,no_tower_section_at_tip_height,14.67418209753599,True,valid
198,198,7.92,124.94,124.9275,124.9525,T1,10.80673084,True,valid,interpolated,317,318,0.5999999999998863,,False,no_tower_section_at_tip_height,,False,no_tower_section_at_tip_height,16.62295770650685,True,valid
199,199,7.96,124.98,124.9675,124.9925,T1,10.80679014,True,valid,interpolated,319,320,0.20000000000034107,,False,no_tower_section_at_tip_height,,False,no_tower_section_at_tip_height,18.74472685693937,True,valid
200,200,8.0,125.02,125.0075,125.0325,T1,10.80571214,True,valid,interpolated,320,321,0.799999999999659,,False,no_tower_section_at_tip_height,,False,no_tower_section_at_tip_height,20.96203735227006,True,valid
201,201,8.04,125.06,125.0475,125.0725,T1,10.8057953,True,valid,interpolated,322,323,0.4000000000001137,,False,no_tower_section_at_tip_height,,False,no_tower_section_at_tip_height,23.20665557878248,True,valid
202,202,8.08,125.1,125.08749999999999,125.1125,T1,10.8041077,True,valid,source,324,324,0.0,,False,no_tower_section_at_tip_height,,False,no_tower_section_at_tip_height,25.48586780778168,True,valid
203,203,8.12,125.14,125.1275,125.1525,T1,10.8001522,True,valid,interpolated,325,326,0.5999999999998863,,False,no_tower_section_at_tip_height,,False,no_tower_section_at_tip_height,27.774684807114305,True,valid
204,204,8.16,125.18,125.1675,125.19250000000001,T1,10.797363480000001,True,valid,interpolated,327,328,0.20000000000034107,,False,no_tower_section_at_tip_height,,False,no_tower_section_at_tip_height,30.0554542091418,True,valid
205,205,8.2,125.22,125.2075,125.2325,T1,10.799119720000002,True,valid,interpolated,328,329,0.8000000000001137,,False,no_tower_section_at_tip_height,,False,no_tower_section_at_tip_height,32.31479220191817,True,valid
206,206,8.24,125.26,125.2475,125.27250000000001,T1,10.804497940000001,True,valid,interpolated,330,331,0.4000000000001137,,False,no_tower_section_at_tip_height,61.16591263393092,True,valid,34.54060189424959,True,valid
207,207,8.28,125.3,125.2875,125.3125,T1,10.8092165,True,valid,source,332,332,0.0,,False,no_tower_section_at_tip_height,60.848722662304745,True,valid,36.71044201772596,True,valid
208,208,8.32,125.34,125.3275,125.3525,T1,10.81308936,True,valid,interpolated,333,334,0.6000000000002274,,False,no_tower_section_at_tip_height,60.40504624431522,True,valid,38.82780551914597,True,valid
209,209,8.36,125.38,125.36749999999999,125.3925,T1,10.818855639999999,True,valid,interpolated,335,336,0.19999999999977264,,False,no_tower_section_at_tip_height,59.836760584501135,True,valid,40.88592732240397,True,valid
210,210,8.4,125.42,125.4075,125.4325,T1,10.828441240000002,True,valid,interpolated,336,337,0.8000000000001137,,False,no_tower_section_at_tip_height,59.1460356418501,True,valid,42.87690157346931,True,valid
211,211,8.44,125.46000000000001,125.4475,125.47250000000001,T1,10.837828400000001,True,valid,interpolated,338,339,0.4000000000003411,,False,no_tower_section_at_tip_height,58.333978514194655,True,valid,44.79392845467308,True,valid
212,212,8.48,125.5,125.4875,125.5125,T1,10.8465481,True,valid,source,340,340,0.0,,False,no_tower_section_at_tip_height,57.401164151627896,True,valid,46.630343386153434,True,valid
213,213,8.52,125.53999999999999,125.52749999999999,125.5525,T1,10.856565839999998,True,valid,interpolated,341,342,0.5999999999996589,,False,no_tower_section_at_tip_height,56.34942881037772,True,valid,48.37987895504091,True,valid
214,214,8.56,125.58,125.5675,125.5925,T1,10.866559039999999,True,valid,interpolated,343,344,0.19999999999988632,,False,no_tower_section_at_tip_height,55.18251956500597,True,valid,50.03598663503647,True,valid
215,215,8.6,125.62,125.6075,125.63250000000001,T1,10.87566544,True,valid,interpolated,344,345,0.8000000000002274,,False,no_tower_section_at_tip_height,53.9060015412584,True,valid,51.59357954119729,True,valid
216,216,8.64,125.66,125.6475,125.6725,T1,10.8813244,True,valid,interpolated,346,347,0.39999999999977265,,False,no_tower_section_at_tip_height,52.52615335390976,True,valid,53.04749565624987,True,valid
217,217,8.68,125.7,125.6875,125.7125,T1,10.8846598,True,valid,source,348,348,0.0,,False,no_tower_section_at_tip_height,51.04607031664699,True,valid,54.3937004380073,True,valid
218,218,8.72,125.74,125.72749999999999,125.7525,T1,10.889340359999998,True,valid,interpolated,349,350,0.5999999999998863,,False,no_tower_section_at_tip_height,49.46668175304857,True,valid,55.628487047089976,True,valid
219,219,8.76,125.78,125.7675,125.7925,T1,10.896397579999999,True,valid,interpolated,351,352,0.19999999999988632,,False,no_tower_section_at_tip_height,47.78806293362882,True,valid,56.74896168581782,True,valid
220,220,8.8,125.82,125.80749999999999,125.8325,T1,10.904938699999999,True,valid,interpolated,352,353,0.799999999999659,,False,no_tower_section_at_tip_height,46.01227369318792,True,valid,57.75219457071161,True,valid
221,221,8.84,125.86,125.8475,125.8725,T1,10.91242752,True,valid,interpolated,354,355,0.4000000000001137,,False,no_tower_section_at_tip_height,44.1458921582703,True,valid,58.63549104046165,True,valid
222,222,8.88,125.9,125.8875,125.91250000000001,T1,10.9209089,True,valid,source,356,356,0.0,,False,no_tower_section_at_tip_height,42.19640275367614,True,valid,59.396589965791165,True,valid
223,223,8.92,125.94,125.9275,125.9525,T1,10.93254034,True,valid,interpolated,357,358,0.5999999999998863,,False,no_tower_section_at_tip_height,40.170247918892265,True,valid,60.03308334442177,True,valid
224,224,8.96,125.98,125.9675,125.9925,T1,10.946105780000005,True,valid,interpolated,359,360,0.20000000000034107,,False,no_tower_section_at_tip_height,38.07414384422887,True,valid,60.542963990504866,True,valid
225,225,9.0,126.02,126.0075,126.0325,T1,10.959536579999996,True,valid,interpolated,360,361,0.799999999999659,,False,no_tower_section_at_tip_height,35.915241572176086,True,valid,60.924412322566106,True,valid
226,226,9.04,126.06,126.0475,126.0725,T1,10.97161048,True,valid,interpolated,362,363,0.4000000000001137,,False,no_tower_section_at_tip_height,33.700296359152595,True,valid,61.175206115330276,True,valid
227,227,9.08,126.1,126.08749999999999,126.1125,T1,10.9802523,True,valid,source,364,364,0.0,,False,no_tower_section_at_tip_height,31.424081549321905,True,valid,,False,no_tower_section_at_tip_height
228,228,9.12,126.14,126.1275,126.1525,T1,10.986943799999999,True,valid,interpolated,365,366,0.5999999999998863,,False,no_tower_section_at_tip_height,29.09761320890638,True,valid,,False,no_tower_section_at_tip_height
229,229,9.16,126.18,126.1675,126.19250000000001,T1,10.997865340000002,True,valid,interpolated,367,368,0.20000000000034107,,False,no_tower_section_at_tip_height,26.74705101316697,True,valid,,False,no_tower_section_at_tip_height
230,230,9.2,126.22,126.2075,126.2325,T1,11.00762102,True,valid,interpolated,368,369,0.8000000000001137,,False,no_tower_section_at_tip_height,24.39932745484584,True,valid,,False,no_tower_section_at_tip_height
231,231,9.24,126.26,126.2475,126.27250000000001,T1,11.01664904,True,valid,interpolated,370,371,0.4000000000001137,,False,no_tower_section_at_tip_height,22.07686214676803,True,valid,,False,no_tower_section_at_tip_height
232,232,9.28,126.3,126.2875,126.3125,T1,11.0256834,True,valid,source,372,372,0.0,,False,no_tower_section_at_tip_height,19.80463000607958,True,valid,,False,no_tower_section_at_tip_height
233,233,9.32,126.34,126.3275,126.3525,T1,11.03592796,True,valid,interpolated,373,374,0.6000000000002274,,False,no_tower_section_at_tip_height,17.57686058438196,True,valid,,False,no_tower_section_at_tip_height
234,234,9.36,126.38,126.36749999999999,126.3925,T1,11.04390014,True,valid,interpolated,375,376,0.19999999999977264,,False,no_tower_section_at_tip_height,15.489913184375538,True,valid,,False,no_tower_section_at_tip_height
235,235,9.4,126.42,126.4075,126.4325,T1,11.05167374,True,valid,interpolated,376,377,0.8000000000001137,,False,no_tower_section_at_tip_height,13.601752942217594,True,valid,,False,no_tower_section_at_tip_height
236,236,9.44,126.46000000000001,126.4475,126.47250000000001,T1,11.05790692,True,valid,interpolated,378,379,0.4000000000003411,,False,no_tower_section_at_tip_height,11.987885485655585,True,valid,,False,no_tower_section_at_tip_height
237,237,9.48,126.5,126.4875,126.5125,T1,11.0625916,True,valid,source,380,380,0.0,,False,no_tower_section_at_tip_height,10.776335002684323,True,valid,,False,no_tower_section_at_tip_height
238,238,9.52,126.53999999999999,126.52749999999999,126.5525,T1,11.06763268,True,valid,interpolated,381,382,0.5999999999996589,,False,no_tower_section_at_tip_height,10.11218771430087,True,valid,,False,no_tower_section_at_tip_height
239,239,9.56,126.58,126.5675,126.5925,T1,11.075860579999999,True,valid,interpolated,383,384,0.19999999999988632,,False,no_tower_section_at_tip_height,10.08056849112759,True,valid,,False,no_tower_section_at_tip_height
240,240,9.6,126.62,126.6075,126.63250000000001,T1,11.086499060000001,True,valid,interpolated,384,385,0.8000000000002274,,False,no_tower_section_at_tip_height,10.689331057995107,True,valid,,False,no_tower_section_at_tip_height
241,241,9.64,126.66,126.6475,126.6725,T1,11.095675099999998,True,valid,interpolated,386,387,0.39999999999977265,,False,no_tower_section_at_tip_height,11.837378058225118,True,valid,,False,no_tower_section_at_tip_height
242,242,9.68,126.7,126.6875,126.7125,T1,11.1036959,True,valid,source,388,388,0.0,,False,no_tower_section_at_tip_height,13.38744473580792,True,valid,,False,no_tower_section_at_tip_height
243,243,9.72,126.74,126.72749999999999,126.7525,T1,11.111422139999998,True,valid,interpolated,389,390,0.5999999999998863,,False,no_tower_section_at_tip_height,15.267215558122432,True,valid,,False,no_tower_section_at_tip_height
244,244,9.76,126.78,126.7675,126.7925,T1,11.11476996,True,valid,interpolated,391,392,0.19999999999988632,,False,no_tower_section_at_tip_height,17.308030917379654,True,valid,,False,no_tower_section_at_tip_height
245,245,9.8,126.82,126.80749999999999,126.8325,T1,11.11486836,True,valid,interpolated,392,393,0.799999999999659,,False,no_tower_section_at_tip_height,19.5124239096476,True,valid,,False,no_tower_section_at_tip_height
246,246,9.84,126.86,126.8475,126.8725,T1,11.11575332,True,valid,interpolated,394,395,0.4000000000001137,,False,no_tower_section_at_tip_height,21.818433767640034,True,valid,,False,no_tower_section_at_tip_height
247,247,9.88,126.9,126.8875,126.91250000000001,T1,11.1177206,True,valid,source,396,396,0.0,,False,no_tower_section_at_tip_height,24.151890590831822,True,valid,,False,no_tower_section_at_tip_height
248,248,9.92,126.94,126.9275,126.9525,T1,11.11875004,True,valid,interpolated,397,398,0.5999999999998863,,False,no_tower_section_at_tip_height,26.516752546971485,True,valid,,False,no_tower_section_at_tip_height
249,249,9.96,126.98,126.9675,126.9925,T1,11.11924172,True,valid,interpolated,399,400,0.20000000000034107,,False,no_tower_section_at_tip_height,28.883662813344817,True,valid,,False,no_tower_section_at_tip_height
250,250,10.0,127.02,127.0075,127.0325,T1,11.12089956,True,valid,interpolated,400,401,0.799999999999659,,False,no_tower_section_at_tip_height,31.23059840212681,True,valid,,False,no_tower_section_at_tip_height
251,251,10.04,127.06,127.0475,127.0725,T1,11.11955836,True,valid,interpolated,402,403,0.4000000000001137,61.27171236821259,True,valid,33.54113098784914,True,valid,,False,no_tower_section_at_tip_height
252,252,10.08,127.1,127.08749999999999,127.1125,T1,11.1154709,True,valid,source,404,404,0.0,61.03033628932434,True,valid,35.80519504617925,True,valid,,False,no_tower_section_at_tip_height
253,253,10.12,127.14,127.1275,127.1525,T1,11.110581400000001,True,valid,interpolated,405,406,0.5999999999998863,60.66054419863372,True,valid,38.012987550079394,True,valid,,False,no_tower_section_at_tip_height
254,254,10.16,127.18,127.1675,127.19250000000001,T1,11.10710752,True,valid,interpolated,407,408,0.20000000000034107,60.164437381583795,True,valid,40.1477580236829,True,valid,,False,no_tower_section_at_tip_height
255,255,10.2,127.22,127.2075,127.2325,T1,11.10215912,True,valid,interpolated,408,409,0.8000000000001137,59.544235603631286,True,valid,42.21134989656625,True,valid,,False,no_tower_section_at_tip_height
256,256,10.24,127.26,127.2475,127.27250000000001,T1,11.09601458,True,valid,interpolated,410,411,0.4000000000001137,58.80090607133753,True,valid,44.194692701775935,True,valid,,False,no_tower_section_at_tip_height
257,257,10.28,127.3,127.2875,127.3125,T1,11.0892649,True,valid,source,412,412,0.0,57.93541742862622,True,valid,46.09152815075635,True,valid,,False,no_tower_section_at_tip_height
258,258,10.32,127.34,127.3275,127.3525,T1,11.083639519999998,True,valid,interpolated,413,414,0.6000000000002274,56.950385672083094,True,valid,47.897062231904066,True,valid,,False,no_tower_section_at_tip_height
259,259,10.36,127.38,127.36749999999999,127.3925,T1,11.076078240000001,True,valid,interpolated,415,416,0.19999999999977264,55.84880296429414,True,valid,49.60751077403021,True,valid,,False,no_tower_section_at_tip_height
260,260,10.4,127.42,127.4075,127.4325,T1,11.0681948,True,valid,interpolated,416,417,0.8000000000001137,54.63317117422039,True,valid,51.21820986194734,True,valid,,False,no_tower_section_at_tip_height
261,261,10.44,127.46000000000001,127.4475,127.47250000000001,T1,11.060933299999999,True,valid,interpolated,418,419,0.4000000000003411,53.307402469604696,True,valid,52.724219856942725,True,valid,,False,no_tower_section_at_tip_height
262,262,10.48,127.5,127.4875,127.5125,T1,11.0535135,True,valid,source,420,420,0.0,51.87619635489452,True,valid,54.12044273869387,True,valid,,False,no_tower_section_at_tip_height
263,263,10.52,127.53999999999999,127.52749999999999,127.5525,T1,11.043993380000002,True,valid,interpolated,421,422,0.5999999999996589,50.34275232062286,True,valid,55.40215987552178,True,valid,,False,no_tower_section_at_tip_height
264,264,10.56,127.58,127.5675,127.5925,T1,11.03380416,True,valid,interpolated,423,424,0.19999999999988632,48.70794410591207,True,valid,56.56761891426035,True,valid,,False,no_tower_section_at_tip_height
265,265,10.6,127.62,127.6075,127.63250000000001,T1,11.0231436,True,valid,interpolated,424,425,0.8000000000002274,46.97499076743254,True,valid,57.61449612903143,True,valid,,False,no_tower_section_at_tip_height
266,266,10.64,127.66,127.6475,127.6725,T1,11.009523000000002,True,valid,interpolated,426,427,0.39999999999977265,45.14921586725573,True,valid,58.54081086356147,True,valid,,False,no_tower_section_at_tip_height
267,267,10.68,127.7,127.6875,127.7125,T1,10.9965324,True,valid,source,428,428,0.0,43.23634887709189,True,valid,59.34321218232633,True,valid,,False,no_tower_section_at_tip_height
268,268,10.72,127.74,127.72749999999999,127.7525,T1,10.9864578,True,valid,interpolated,429,430,0.5999999999998863,41.24144697850272,True,valid,60.01745979770647,True,valid,,False,no_tower_section_at_tip_height
269,269,10.76,127.78,127.7675,127.7925,T1,10.977537320000001,True,valid,interpolated,431,432,0.19999999999988632,39.1740535904497,True,valid,60.56081699776296,True,valid,,False,no_tower_section_at_tip_height
270,270,10.8,127.82,127.80749999999999,127.8325,T1,10.968361480000002,True,valid,interpolated,432,433,0.799999999999659,37.04310981776538,True,valid,60.97193783090682,True,valid,,False,no_tower_section_at_tip_height
271,271,10.84,127.86,127.8475,127.8725,T1,10.96162034,True,valid,interpolated,434,435,0.4000000000001137,34.84604590191758,True,valid,61.25101976014074,True,valid,,False,no_tower_section_at_tip_height
272,272,10.88,127.9,127.8875,127.91250000000001,T1,10.9559793,True,valid,source,436,436,0.0,32.60123209650546,True,valid,,False,no_tower_section_at_tip_height,,False,no_tower_section_at_tip_height
273,273,10.92,127.94,127.9275,127.9525,T1,10.949592800000001,True,valid,interpolated,437,438,0.5999999999998863,30.319264959591976,True,valid,,False,no_tower_section_at_tip_height,,False,no_tower_section_at_tip_height
274,274,10.96,127.98,127.9675,127.9925,T1,10.94194392,True,valid,interpolated,439,440,0.20000000000034107,28.01388248326495,True,valid,,False,no_tower_section_at_tip_height,,False,no_tower_section_at_tip_height
275,275,11.0,128.02,128.00750000000002,128.0325,T1,10.935120959999999,True,valid,interpolated,440,441,0.8000000000002274,25.702731109794076,True,valid,,False,no_tower_section_at_tip_height,,False,no_tower_section_at_tip_height
276,276,11.04,128.06,128.0475,128.0725,T1,10.92846662,True,valid,interpolated,442,443,0.4,23.40770410166522,True,valid,,False,no_tower_section_at_tip_height,,False,no_tower_section_at_tip_height
277,277,11.08,128.1,128.0875,128.11249999999998,T1,10.9219093,True,valid,source,444,444,0.0,21.143935916035606,True,valid,,False,no_tower_section_at_tip_height,,False,no_tower_section_at_tip_height
278,278,11.12,128.14,128.1275,128.15249999999997,T1,10.916504820000002,True,valid,interpolated,445,446,0.5999999999993179,18.918635678622756,True,valid,,False,no_tower_section_at_tip_height,,False,no_tower_section_at_tip_height
279,279,11.16,128.18,128.16750000000002,128.1925,T1,10.910617480000003,True,valid,interpolated,447,448,0.2,16.81640249142009,True,valid,,False,no_tower_section_at_tip_height,,False,no_tower_section_at_tip_height
280,280,11.2,128.22,128.2075,128.2325,T1,10.90449868,True,valid,interpolated,448,449,0.8000000000002274,14.885534360863796,True,valid,,False,no_tower_section_at_tip_height,,False,no_tower_section_at_tip_height
281,281,11.24,128.26,128.2475,128.27249999999998,T1,10.896941960000003,True,valid,interpolated,450,451,0.3999999999995453,13.173095160443918,True,valid,,False,no_tower_section_at_tip_height,,False,no_tower_section_at_tip_height
282,282,11.28,128.3,128.28750000000002,128.3125,T1,10.8907595,True,valid,source,452,452,0.0,11.803491923312109,True,valid,,False,no_tower_section_at_tip_height,,False,no_tower_section_at_tip_height
283,283,11.32,128.34,128.32750000000001,128.3525,T1,10.885037399999998,True,valid,interpolated,453,454,0.6000000000004547,10.892081477896562,True,valid,,False,no_tower_section_at_tip_height,,False,no_tower_section_at_tip_height
284,284,11.36,128.38,128.3675,128.39249999999998,T1,10.879941020000002,True,valid,interpolated,455,456,0.19999999999977264,10.519639895974962,True,valid,,False,no_tower_section_at_tip_height,,False,no_tower_section_at_tip_height
285,285,11.4,128.42,128.4075,128.43249999999998,T1,10.873842780000004,True,valid,interpolated,456,457,0.7999999999990905,10.735154420938722,True,valid,,False,no_tower_section_at_tip_height,,False,no_tower_section_at_tip_height
286,286,11.44,128.46,128.44750000000002,128.4725,T1,10.8678192,True,valid,interpolated,458,459,0.40000000000068214,11.52341678043236,True,valid,,False,no_tower_section_at_tip_height,,False,no_tower_section_at_tip_height
287,287,11.48,128.5,128.4875,128.5125,T1,10.8626566,True,valid,source,460,460,0.0,12.802357531486978,True,valid,,False,no_tower_section_at_tip_height,,False,no_tower_section_at_tip_height
288,288,11.52,128.54,128.5275,128.55249999999998,T1,10.858016820000003,True,valid,interpolated,461,462,0.5999999999993179,14.446484453127647,True,valid,,False,no_tower_section_at_tip_height,,False,no_tower_section_at_tip_height
289,289,11.56,128.58,128.56750000000002,128.5925,T1,10.852294559999995,True,valid,interpolated,463,464,0.2000000000009095,16.335694449192463,True,valid,,False,no_tower_section_at_tip_height,,False,no_tower_section_at_tip_height
290,290,11.6,128.62,128.60750000000002,128.6325,T1,10.843960959999997,True,valid,interpolated,464,465,0.8000000000002274,18.41136784876642,True,valid,,False,no_tower_section_at_tip_height,,False,no_tower_section_at_tip_height
291,291,11.64,128.66,128.6475,128.67249999999999,T1,10.835587120000003,True,valid,interpolated,466,467,0.3999999999995453,20.626695755550614,True,valid,,False,no_tower_section_at_tip_height,,False,no_tower_section_at_tip_height
292,292,11.68,128.7,128.6875,128.71249999999998,T1,10.8299694,True,valid,source,468,468,0.0,22.88767357898095,True,valid,,False,no_tower_section_at_tip_height,,False,no_tower_section_at_tip_height
293,293,11.72,128.74,128.72750000000002,128.7525,T1,10.82732946,True,valid,interpolated,469,470,0.6000000000004547,25.18885590125241,True,valid,,False,no_tower_section_at_tip_height,,False,no_tower_section_at_tip_height
294,294,11.76,128.78,128.7675,128.7925,T1,10.822912,True,valid,interpolated,471,472,0.19999999999977264,27.50066785315782,True,valid,,False,no_tower_section_at_tip_height,,False,no_tower_section_at_tip_height
295,295,11.8,128.82,128.8075,128.83249999999998,T1,10.81513536,True,valid,interpolated,472,473,0.8,29.798899298193778,True,valid,,False,no_tower_section_at_tip_height,,False,no_tower_section_at_tip_height
296,296,11.84,128.86,128.84750000000003,128.8725,T1,10.806646739999996,True,valid,interpolated,474,475,0.40000000000068214,32.06776978814468,True,valid,,False,no_tower_section_at_tip_height,,False,no_tower_section_at_tip_height
297,297,11.88,128.9,128.88750000000002,128.9125,T1,10.7969847,True,valid,source,476,476,0.0,34.2977774515588,True,valid,,False,no_tower_section_at_tip_height,61.27912931393,True,valid
298,298,11.92,128.94,128.9275,128.9525,T1,10.78380316,True,valid,interpolated,477,478,0.6,36.47840705285774,True,valid,,False,no_tower_section_at_tip_height,61.00558525086893,True,valid
299,299,11.96,128.98,128.9675,128.99249999999998,T1,10.768428220000002,True,valid,interpolated,479,480,0.19999999999977264,38.59334420784922,True,valid,,False,no_tower_section_at_tip_height,60.607750489840264,True,valid
300,300,12.0,129.02,129.00750000000002,129.0325,T1,10.757580779999998,True,valid,interpolated,480,481,0.8000000000002274,40.645954827679574,True,valid,,False,no_tower_section_at_tip_height,60.0877845534976,True,valid
301,301,12.04,129.06,129.0475,129.0725,T1,10.75194836,True,valid,interpolated,482,483,0.4,42.628643265773476,True,valid,,False,no_tower_section_at_tip_height,59.44797371675177,True,valid
302,302,12.08,129.1,129.0875,129.11249999999998,T1,10.7458963,True,valid,source,484,484,0.0,44.53452857241298,True,valid,,False,no_tower_section_at_tip_height,58.68929265014564,True,valid
303,303,12.12,129.14,129.1275,129.15249999999997,T1,10.738208560000002,True,valid,interpolated,485,486,0.5999999999993179,46.35855843150273,True,valid,,False,no_tower_section_at_tip_height,57.81175780587022,True,valid
304,304,12.16,129.18,129.16750000000002,129.1925,T1,10.73084202,True,valid,interpolated,487,488,0.2,48.09568182160305,True,valid,,False,no_tower_section_at_tip_height,56.82087134564361,True,valid
305,305,12.2,129.22,129.2075,129.2325,T1,10.72057282,True,valid,interpolated,488,489,0.8000000000002274,49.73981113694965,True,valid,,False,no_tower_section_at_tip_height,55.72374803285075,True,valid
306,306,12.24,129.26,129.2475,129.27249999999998,T1,10.706948280000004,True,valid,interpolated,490,491,0.3999999999995453,51.2885355003624,True,valid,,False,no_tower_section_at_tip_height,54.521379082535546,True,valid
307,307,12.28,129.3,129.28750000000002,129.3125,T1,10.6945009,True,valid,source,492,492,0.0,52.73965262022115,True,valid,,False,no_tower_section_at_tip_height,53.21285357692719,True,valid
308,308,12.32,129.34,129.32750000000001,129.3525,T1,10.684112179999996,True,valid,interpolated,493,494,0.6000000000004547,54.08876128809748,True,valid,,False,no_tower_section_at_tip_height,51.80138631687219,True,valid
309,309,12.36,129.38,129.3675,129.39249999999998,T1,10.671530880000002,True,valid,interpolated,495,496,0.19999999999977264,55.33290002910056,True,valid,,False,no_tower_section_at_tip_height,50.29154350828065,True,valid
310,310,12.4,129.42,129.4075,129.43249999999998,T1,10.658119200000007,True,valid,interpolated,496,497,0.7999999999990905,56.469494072930075,True,valid,,False,no_tower_section_at_tip_height,48.68692990203893,True,valid
311,311,12.44,129.46,129.44750000000002,129.4725,T1,10.649341979999996,True,valid,interpolated,498,499,0.40000000000068214,57.49419099132484,True,valid,,False,no_tower_section_at_tip_height,46.994580248321974,True,valid
312,312,12.48,129.5,129.4875,129.5125,T1,10.6413946,True,valid,source,500,500,0.0,58.40398257123193,True,valid,,False,no_tower_section_at_tip_height,45.22116622137646,True,valid
313,313,12.52,129.54,129.5275,129.55249999999998,T1,10.631013480000005,True,valid,interpolated,501,502,0.5999999999993179,59.19602815032406,True,valid,,False,no_tower_section_at_tip_height,43.371435126662966,True,valid
314,314,12.56,129.58,129.56750000000002,129.5925,T1,10.621986979999996,True,valid,interpolated,503,504,0.2000000000009095,59.868299040757876,True,valid,,False,no_tower_section_at_tip_height,41.45019103960914,True,valid
315,315,12.6,129.62,129.60750000000002,129.6325,T1,10.61719034,True,valid,interpolated,504,505,0.8000000000002274,60.4192944792471,True,valid,,False,no_tower_section_at_tip_height,39.46676169248339,True,valid
316,316,12.64,129.66,129.6475,129.67249999999999,T1,10.613778320000002,True,valid,interpolated,506,507,0.3999999999995453,60.847850631701796,True,valid,,False,no_tower_section_at_tip_height,37.429273048775556,True,valid
317,317,12.68,129.7,129.6875,129.71249999999998,T1,10.6094837,True,valid,source,508,508,0.0,61.15338951588592,True,valid,,False,no_tower_section_at_tip_height,35.33879620964249,True,valid
318,318,12.72,129.74,129.72750000000002,129.7525,T1,10.6075157,True,valid,interpolated,509,510,0.6000000000004547,61.335003222841365,True,valid,,False,no_tower_section_at_tip_height,33.18720468136301,True,valid
319,319,12.76,129.78,129.7675,129.7925,T1,10.605850380000001,True,valid,interpolated,511,512,0.19999999999977264,,False,no_tower_section_at_tip_height,,False,no_tower_section_at_tip_height,30.994815517062893,True,valid
320,320,12.8,129.82,129.8075,129.83249999999998,T1,10.603573019999999,True,valid,interpolated,512,513,0.8,,False,no_tower_section_at_tip_height,,False,no_tower_section_at_tip_height,28.77168237251602,True,valid
321,321,12.84,129.86,129.84750000000003,129.8725,T1,10.602725020000001,True,valid,interpolated,514,515,0.40000000000068214,,False,no_tower_section_at_tip_height,,False,no_tower_section_at_tip_height,26.52737667526044,True,valid
322,322,12.88,129.9,129.88750000000002,129.9125,T1,10.6024437,True,valid,source,516,516,0.0,,False,no_tower_section_at_tip_height,,False,no_tower_section_at_tip_height,24.2766184599458,True,valid
323,323,12.92,129.94,129.9275,129.9525,T1,10.601156979999999,True,valid,interpolated,517,518,0.6,,False,no_tower_section_at_tip_height,,False,no_tower_section_at_tip_height,22.037456796942685,True,valid
324,324,12.96,129.98,129.9675,129.99249999999998,T1,10.598453720000002,True,valid,interpolated,519,520,0.19999999999977264,,False,no_tower_section_at_tip_height,,False,no_tower_section_at_tip_height,19.818854478788758,True,valid
325,325,13.0,130.02,130.00750000000002,130.0325,T1,10.596673,True,valid,interpolated,520,521,0.8000000000002274,,False,no_tower_section_at_tip_height,,False,no_tower_section_at_tip_height,17.652299920157347,True,valid
326,326,13.04,130.06,130.0475,130.0725,T1,10.593845000000002,True,valid,interpolated,522,523,0.4,,False,no_tower_section_at_tip_height,,False,no_tower_section_at_tip_height,15.618895729250653,True,valid
327,327,13.08,130.1,130.0875,130.11249999999998,T1,10.5909405,True,valid,source,524,524,0.0,,False,no_tower_section_at_tip_height,,False,no_tower_section_at_tip_height,13.746029081533246,True,valid
328,328,13.12,130.14,130.1275,130.15249999999997,T1,10.59064828,True,valid,interpolated,525,526,0.5999999999993179,,False,no_tower_section_at_tip_height,,False,no_tower_section_at_tip_height,12.132879156340506,True,valid
329,329,13.16,130.18,130.16750000000002,130.1925,T1,10.596855699999999,True,valid,interpolated,527,528,0.2,,False,no_tower_section_at_tip_height,,False,no_tower_section_at_tip_height,10.86550833031056,True,valid
330,330,13.2,130.22,130.2075,130.2325,T1,10.60585762,True,valid,interpolated,528,529,0.8000000000002274,,False,no_tower_section_at_tip_height,,False,no_tower_section_at_tip_height,10.098327604525187,True,valid
331,331,13.24,130.26,130.2475,130.27249999999998,T1,10.614720579999997,True,valid,interpolated,530,531,0.3999999999995453,,False,no_tower_section_at_tip_height,,False,no_tower_section_at_tip_height,9.912670391650321,True,valid
332,332,13.28,130.3,130.28750000000002,130.3125,T1,10.6250381,True,valid,source,532,532,0.0,,False,no_tower_section_at_tip_height,,False,no_tower_section_at_tip_height,10.332840368281246,True,valid
333,333,13.32,130.34,130.32750000000001,130.3525,T1,10.635850320000003,True,valid,interpolated,533,534,0.6000000000004547,,False,no_tower_section_at_tip_height,,False,no_tower_section_at_tip_height,11.290098048750657,True,valid
334,334,13.36,130.38,130.3675,130.39249999999998,T1,10.64555686,True,valid,interpolated,535,536,0.19999999999977264,,False,no_tower_section_at_tip_height,,False,no_tower_section_at_tip_height,12.678323254088577,True,valid
335,335,13.4,130.42,130.4075,130.43249999999998,T1,10.651669499999997,True,valid,interpolated,536,537,0.7999999999990905,,False,no_tower_section_at_tip_height,,False,no_tower_section_at_tip_height,14.424315077363158,True,valid
336,336,13.44,130.46,130.44750000000002,130.4725,T1,10.658696540000003,True,valid,interpolated,538,539,0.40000000000068214,,False,no_tower_section_at_tip_height,,False,no_tower_section_at_tip_height,16.355652846439483,True,valid
337,337,13.48,130.5,130.4875,130.5125,T1,10.6669683,True,valid,source,540,540,0.0,,False,no_tower_section_at_tip_height,,False,no_tower_section_at_tip_height,18.465173672669867,True,valid
338,338,13.52,130.54,130.5275,130.55249999999998,T1,10.674251919999998,True,valid,interpolated,541,542,0.5999999999993179,,False,no_tower_section_at_tip_height,,False,no_tower_section_at_tip_height,20.668407968055458,True,valid
339,339,13.56,130.58,130.56750000000002,130.5925,T1,10.680538540000004,True,valid,interpolated,543,544,0.2000000000009095,,False,no_tower_section_at_tip_height,,False,no_tower_section_at_tip_height,22.90875478943301,True,valid
340,340,13.6,130.62,130.60750000000002,130.6325,T1,10.688993420000001,True,valid,interpolated,544,545,0.8000000000002274,,False,no_tower_section_at_tip_height,,False,no_tower_section_at_tip_height,25.186878202216043,True,valid
341,341,13.64,130.66,130.6475,130.67249999999999,T1,10.695454039999998,True,valid,interpolated,546,547,0.3999999999995453,,False,no_tower_section_at_tip_height,,False,no_tower_section_at_tip_height,27.477555001518493,True,valid
342,342,13.68,130.7,130.6875,130.71249999999998,T1,10.6991348,True,valid,source,548,548,0.0,,False,no_tower_section_at_tip_height,,False,no_tower_section_at_tip_height,29.761490417185268,True,valid
343,343,13.72,130.74,130.72750000000002,130.7525,T1,10.70276604,True,valid,interpolated,549,550,0.6000000000004547,,False,no_tower_section_at_tip_height,,False,no_tower_section_at_tip_height,32.024674315617986,True,valid
344,344,13.76,130.78,130.7675,130.7925,T1,10.710497299999998,True,valid,interpolated,551,552,0.19999999999977264,,False,no_tower_section_at_tip_height,61.15792032021195,True,valid,34.253434001236975,True,valid
345,345,13.8,130.82,130.8075,130.83249999999998,T1,10.71842802,True,valid,interpolated,552,553,0.8,,False,no_tower_section_at_tip_height,60.87059623759725,True,valid,36.42790446088468,True,valid
346,346,13.84,130.86,130.84750000000003,130.8725,T1,10.726083380000002,True,valid,interpolated,554,555,0.40000000000068214,,False,no_tower_section_at_tip_height,60.46143978616491,True,valid,38.55123586128627,True,valid
347,347,13.88,130.9,130.88750000000002,130.9125,T1,10.733737,True,valid,source,556,556,0.0,,False,no_tower_section_at_tip_height,59.93245330591248,True,valid,40.615073982459755,True,valid
348,348,13.92,130.94,130.9275,130.9525,T1,10.742508860000001,True,valid,interpolated,557,558,0.6,,False,no_tower_section_at_tip_height,59.28515635269632,True,valid,42.611173364794666,True,valid
349,349,13.96,130.98,130.9675,130.99249999999998,T1,10.75085028,True,valid,interpolated,559,560,0.19999999999977264,,False,no_tower_section_at_tip_height,58.520227144409425,True,valid,44.53133814103383,True,valid
350,350,14.0,131.02,131.00750000000002,131.0325,T1,10.75655476,True,valid,interpolated,560,561,0.8000000000002274,,False,no_tower_section_at_tip_height,57.637973068347996,True,valid,46.36842647836399,True,valid
351,351,14.04,131.06,131.0475,131.0725,T1,10.759578139999999,True,valid,interpolated,562,563,0.4,,False,no_tower_section_at_tip_height,56.640933978088164,True,valid,48.11646052958669,True,valid
352,352,14.08,131.1,131.0875,131.11249999999998,T1,10.761055,True,valid,source,564,564,0.0,,False,no_tower_section_at_tip_height,55.533489662280175,True,valid,49.771672726139414,True,valid
353,353,14.12,131.14,131.1275,131.15249999999997,T1,10.76228214,True,valid,interpolated,565,566,0.5999999999993179,,False,no_tower_section_at_tip_height,54.31873336805293,True,valid,51.331392559903065,True,valid
354,354,14.16,131.18,131.16750000000002,131.1925,T1,10.76204244,True,valid,interpolated,567,568,0.2,,False,no_tower_section_at_tip_height,52.99781844116431,True,valid,52.79174899602352,True,valid
355,355,14.2,131.22,131.2075,131.2325,T1,10.76052036,True,valid,interpolated,568,569,0.8000000000002274,,False,no_tower_section_at_tip_height,51.57248196939994,True,valid,54.14821065429574,True,valid
356,356,14.24,131.26,131.2475,131.27249999999998,T1,10.75954436,True,valid,interpolated,570,571,0.3999999999995453,,False,no_tower_section_at_tip_height,50.045088234520264,True,valid,55.39586307469647,True,valid
357,357,14.28,131.3,131.28750000000002,131.3125,T1,10.7606621,True,valid,source,572,572,0.0,,False,no_tower_section_at_tip_height,48.41867577063314,True,valid,56.53131895267463,True,valid
358,358,14.32,131.34,131.32750000000001,131.3525,T1,10.762933360000002,True,valid,interpolated,573,574,0.6000000000004547,,False,no_tower_section_at_tip_height,46.69613073665661,True,valid,57.5511737586425,True,valid
359,359,14.36,131.38,131.3675,131.39249999999998,T1,10.7656389,True,valid,interpolated,575,576,0.19999999999977264,,False,no_tower_section_at_tip_height,44.88254866690469,True,valid,58.45395818841701,True,valid
360,360,14.4,131.42,131.4075,131.43249999999998,T1,10.769573379999999,True,valid,interpolated,576,577,0.7999999999990905,,False,no_tower_section_at_tip_height,42.98344136652476,True,valid,59.238197959113826,True,valid
361,361,14.44,131.46,131.44750000000002,131.4725,T1,10.774126040000002,True,valid,interpolated,578,579,0.40000000000068214,,False,no_tower_section_at_tip_height,41.005358069563776,True,valid,59.90231223847103,True,valid
362,362,14.48,131.5,131.4875,131.5125,T1,10.7775717,True,valid,source,580,580,0.0,,False,no_tower_section_at_tip_height,38.95615252543288,True,valid,60.44451544131743,True,valid
363,363,14.52,131.54,131.5275,131.55249999999998,T1,10.77753888,True,valid,interpolated,581,582,0.5999999999993179,,False,no_tower_section_at_tip_height,36.845518000173875,True,valid,60.86284159291195,True,valid
364,364,14.56,131.58,131.56750000000002,131.5925,T1,10.776233640000001,True,valid,interpolated,583,584,0.2000000000009095,,False,no_tower_section_at_tip_height,34.68234326586716,True,valid,61.155493400215086,True,valid
365,365,14.6,131.62,131.60750000000002,131.6325,T1,10.77745436,True,valid,interpolated,584,585,0.8000000000002274,,False,no_tower_section_at_tip_height,32.46537802244225,True,valid,,False,no_tower_section_at_tip_height
366,366,14.64,131.66,131.6475,131.67249999999999,T1,10.78044244,True,valid,interpolated,586,587,0.3999999999995453,,False,no_tower_section_at_tip_height,30.211390717210143,True,valid,,False,no_tower_section_at_tip_height
367,367,14.68,131.7,131.6875,131.71249999999998,T1,10.7820835,True,valid,source,588,588,0.0,,False,no_tower_section_at_tip_height,27.93385892309537,True,valid,,False,no_tower_section_at_tip_height
368,368,14.72,131.74,131.72750000000002,131.7525,T1,10.78059826,True,valid,interpolated,589,590,0.6000000000004547,,False,no_tower_section_at_tip_height,25.642590980804837,True,valid,,False,no_tower_section_at_tip_height
369,369,14.76,131.78,131.7675,131.7925,T1,10.779233940000001,True,valid,interpolated,591,592,0.19999999999977264,,False,no_tower_section_at_tip_height,23.35330027774244,True,valid,,False,no_tower_section_at_tip_height
370,370,14.8,131.82,131.8075,131.83249999999998,T1,10.7795841,True,valid,interpolated,592,593,0.8,,False,no_tower_section_at_tip_height,21.086398512612416,True,valid,,False,no_tower_section_at_tip_height
371,371,14.84,131.86,131.84750000000003,131.8725,T1,10.77933848,True,valid,interpolated,594,595,0.40000000000068214,,False,no_tower_section_at_tip_height,18.843142047132215,True,valid,,False,no_tower_section_at_tip_height
372,372,14.88,131.9,131.88750000000002,131.9125,T1,10.7772341,True,valid,source,596,596,0.0,,False,no_tower_section_at_tip_height,16.670298054776538,True,valid,,False,no_tower_section_at_tip_height
373,373,14.92,131.94,131.9275,131.9525,T1,10.77569864,True,valid,interpolated,597,598,0.6,,False,no_tower_section_at_tip_height,14.65183944573926,True,valid,,False,no_tower_section_at_tip_height
374,374,14.96,131.98,131.9675,131.99249999999998,T1,10.778481840000001,True,valid,interpolated,599,600,0.19999999999977264,,False,no_tower_section_at_tip_height,12.80454871423291,True,valid,,False,no_tower_section_at_tip_height
375,375,15.0,132.02,132.00750000000002,132.0325,T1,10.784464080000001,True,valid,interpolated,600,601,0.8000000000002274,,False,no_tower_section_at_tip_height,11.293113400690384,True,valid,,False,no_tower_section_at_tip_height
376,376,15.04,132.06,132.0475,132.0725,T1,10.79109286,True,valid,interpolated,602,603,0.4,,False,no_tower_section_at_tip_height,10.179013779102425,True,valid,,False,no_tower_section_at_tip_height
377,377,15.08,132.1,132.0875,132.11249999999998,T1,10.796257,True,valid,source,604,604,0.0,,False,no_tower_section_at_tip_height,9.611761042987514,True,valid,,False,no_tower_section_at_tip_height
378,378,15.12,132.14,132.1275,132.15249999999997,T1,10.798909719999997,True,valid,interpolated,605,606,0.5999999999993179,,False,no_tower_section_at_tip_height,9.674029983753755,True,valid,,False,no_tower_section_at_tip_height
379,379,15.16,132.18,132.16750000000002,132.1925,T1,10.8017538,True,valid,interpolated,607,608,0.2,,False,no_tower_section_at_tip_height,10.363546649023531,True,valid,,False,no_tower_section_at_tip_height
380,380,15.2,132.22,132.2075,132.2325,T1,10.80342084,True,valid,interpolated,608,609,0.8000000000002274,,False,no_tower_section_at_tip_height,11.598338127604267,True,valid,,False,no_tower_section_at_tip_height
381,381,15.24,132.26,132.2475,132.27249999999998,T1,10.802476120000001,True,valid,interpolated,610,611,0.3999999999995453,,False,no_tower_section_at_tip_height,13.241643465162392,True,valid,,False,no_tower_section_at_tip_height
382,382,15.28,132.3,132.28750000000002,132.3125,T1,10.7998362,True,valid,source,612,612,0.0,,False,no_tower_section_at_tip_height,15.14917544030304,True,valid,,False,no_tower_section_at_tip_height
383,383,15.32,132.34,132.32750000000001,132.3525,T1,10.80025368,True,valid,interpolated,613,614,0.6000000000004547,,False,no_tower_section_at_tip_height,17.260694247273804,True,valid,,False,no_tower_section_at_tip_height
384,384,15.36,132.38,132.3675,132.39249999999998,T1,10.803898660000002,True,valid,interpolated,615,616,0.19999999999977264,,False,no_tower_section_at_tip_height,19.502766989183762,True,valid,,False,no_tower_section_at_tip_height
385,385,15.4,132.42,132.4075,132.43249999999998,T1,10.808615139999997,True,valid,interpolated,616,617,0.7999999999990905,,False,no_tower_section_at_tip_height,21.78504008329425,True,valid,,False,no_tower_section_at_tip_height
386,386,15.44,132.46,132.44750000000002,132.4725,T1,10.81203194,True,valid,interpolated,618,619,0.40000000000068214,,False,no_tower_section_at_tip_height,24.113161383549333,True,valid,,False,no_tower_section_at_tip_height
387,387,15.48,132.5,132.4875,132.5125,T1,10.8138256,True,valid,source,620,620,0.0,,False,no_tower_section_at_tip_height,26.456159022896077,True,valid,,False,no_tower_section_at_tip_height
388,388,15.52,132.54,132.5275,132.55249999999998,T1,10.8152988,True,valid,interpolated,621,622,0.5999999999993179,,False,no_tower_section_at_tip_height,28.791191295868895,True,valid,,False,no_tower_section_at_tip_height
389,389,15.56,132.58,132.56750000000002,132.5925,T1,10.817518200000002,True,valid,interpolated,623,624,0.2000000000009095,,False,no_tower_section_at_tip_height,31.102449017820426,True,valid,,False,no_tower_section_at_tip_height
390,390,15.6,132.62,132.60750000000002,132.6325,T1,10.820643960000002,True,valid,interpolated,624,625,0.8000000000002274,61.24499704688448,True,valid,33.37436223127572,True,valid,,False,no_tower_section_at_tip_height
391,391,15.64,132.66,132.6475,132.67249999999999,T1,10.823676459999998,True,valid,interpolated,626,627,0.3999999999995453,60.99100974719106,True,valid,35.585872116141026,True,valid,,False,no_tower_section_at_tip_height
392,392,15.68,132.7,132.6875,132.71249999999998,T1,10.8278933,True,valid,source,628,628,0.0,60.61174444194746,True,valid,37.74273771976691,True,valid,,False,no_tower_section_at_tip_height
393,393,15.72,132.74,132.72750000000002,132.7525,T1,10.834861740000001,True,valid,interpolated,629,630,0.6000000000004547,60.11044355750702,True,valid,39.839047474686325,True,valid,,False,no_tower_section_at_tip_height
394,394,15.76,132.78,132.7675,132.7925,T1,10.842797859999997,True,valid,interpolated,631,632,0.19999999999977264,59.488544009205306,True,valid,41.86727197090092,True,valid,,False,no_tower_section_at_tip_height
395,395,15.8,132.82,132.8075,132.83249999999998,T1,10.848528259999998,True,valid,interpolated,632,633,0.8,58.747606727967536,True,valid,43.820208252807,True,valid,,False,no_tower_section_at_tip_height
396,396,15.84,132.86,132.84750000000003,132.8725,T1,10.852733020000002,True,valid,interpolated,634,635,0.40000000000068214,57.88781534808818,True,valid,45.6920637789422,True,valid,,False,no_tower_section_at_tip_height
397,397,15.88,132.9,132.88750000000002,132.9125,T1,10.8573942,True,valid,source,636,636,0.0,56.91005529426664,True,valid,47.47783741181857,True,valid,,False,no_tower_section_at_tip_height
398,398,15.92,132.94,132.9275,132.9525,T1,10.86154002,True,valid,interpolated,637,638,0.6,55.815828315615605,True,valid,49.17455381520459,True,valid,,False,no_tower_section_at_tip_height
399,399,15.96,132.98,132.9675,132.99249999999998,T1,10.86539648,True,valid,interpolated,639,640,0.19999999999977264,54.60757286117053,True,valid,50.77728920952939,True,valid,,False,no_tower_section_at_tip_height
400,400,16.0,133.02,133.00750000000002,133.0325,T1,10.86933024,True,valid,interpolated,640,641,0.8000000000002274,53.28766311129722,True,valid,52.28097818818666,True,valid,,False,no_tower_section_at_tip_height
401,401,16.04,133.06,133.0475,133.0725,T1,10.87647286,True,valid,interpolated,642,643,0.4,51.85884712339694,True,valid,53.680222464084565,True,valid,,False,no_tower_section_at_tip_height
402,402,16.08,133.1,133.0875,133.11249999999998,T1,10.8843203,True,valid,source,644,644,0.0,50.32464947907437,True,valid,54.97043398994311,True,valid,,False,no_tower_section_at_tip_height
403,403,16.12,133.14,133.1275,133.15249999999997,T1,10.893154539999998,True,valid,interpolated,645,646,0.5999999999993179,48.68881253047894,True,valid,56.1476544143458,True,valid,,False,no_tower_section_at_tip_height
404,404,16.16,133.18,133.16750000000002,133.1925,T1,10.902514060000001,True,valid,interpolated,647,648,0.2,46.9556576395615,True,valid,57.2092718076879,True,valid,,False,no_tower_section_at_tip_height
405,405,16.2,133.22,133.2075,133.2325,T1,10.91204014,True,valid,interpolated,648,649,0.8000000000002274,45.13002803332311,True,valid,58.15403779664589,True,valid,,False,no_tower_section_at_tip_height
406,406,16.24,133.26,133.2475,133.27249999999998,T1,10.918676339999998,True,valid,interpolated,650,651,0.3999999999995453,43.21705870010657,True,valid,58.979027942084635,True,valid,,False,no_tower_section_at_tip_height
407,407,16.28,133.3,133.28750000000002,133.3125,T1,10.9248209,True,valid,source,652,652,0.0,41.221710761659274,True,valid,59.680259331683814,True,valid,,False,no_tower_section_at_tip_height
408,408,16.32,133.34,133.32750000000001,133.3525,T1,10.932606500000002,True,valid,interpolated,653,654,0.6000000000004547,39.14980810918552,True,valid,60.25416718048726,True,valid,,False,no_tower_section_at_tip_height
409,409,16.36,133.38,133.3675,133.39249999999998,T1,10.94074896,True,valid,interpolated,655,656,0.19999999999977264,37.009892374520234,True,valid,60.69759018536014,True,valid,,False,no_tower_section_at_tip_height
410,410,16.4,133.42000000000002,133.40750000000003,133.4325,T1,10.94956704,True,valid,interpolated,656,657,0.8000000000002274,34.81117032648856,True,valid,61.00898725836078,True,valid,,False,no_tower_section_at_tip_height
411,411,16.44,133.46,133.44750000000002,133.4725,T1,10.957930200000003,True,valid,interpolated,658,659,0.40000000000068214,32.560514223261364,True,valid,,False,no_tower_section_at_tip_height,,False,no_tower_section_at_tip_height
412,412,16.48,133.5,133.4875,133.5125,T1,10.966939,True,valid,source,660,660,0.0,30.252759063549014,True,valid,,False,no_tower_section_at_tip_height,,False,no_tower_section_at_tip_height
413,413,16.52,133.54,133.5275,133.55249999999998,T1,10.974848939999998,True,valid,interpolated,661,662,0.5999999999993179,27.9119704374699,True,valid,,False,no_tower_section_at_tip_height,,False,no_tower_section_at_tip_height
414,414,16.56,133.57999999999998,133.5675,133.59249999999997,T1,10.981670939999999,True,valid,interpolated,663,664,0.19999999999977264,25.55476431712054,True,valid,,False,no_tower_section_at_tip_height,,False,no_tower_section_at_tip_height
415,415,16.6,133.62,133.60750000000002,133.6325,T1,10.98736022,True,valid,interpolated,664,665,0.8000000000002274,23.199779272423893,True,valid,,False,no_tower_section_at_tip_height,,False,no_tower_section_at_tip_height
416,416,16.64,133.66,133.6475,133.67249999999999,T1,10.9933184,True,valid,interpolated,666,667,0.3999999999995453,20.870373609758072,True,valid,,False,no_tower_section_at_tip_height,,False,no_tower_section_at_tip_height
417,417,16.68,133.7,133.6875,133.71249999999998,T1,10.9979916,True,valid,source,668,668,0.0,18.584081329064738,True,valid,,False,no_tower_section_at_tip_height,,False,no_tower_section_at_tip_height
418,418,16.72,133.74,133.72750000000002,133.7525,T1,11.004434220000004,True,valid,interpolated,669,670,0.6000000000004547,16.353879022560392,True,valid,,False,no_tower_section_at_tip_height,,False,no_tower_section_at_tip_height
419,419,16.76,133.78,133.7675,133.7925,T1,11.01198004,True,valid,interpolated,671,672,0.19999999999977264,14.29160207687375,True,valid,,False,no_tower_section_at_tip_height,,False,no_tower_section_at_tip_height
420,420,16.8,133.82,133.8075,133.83249999999998,T1,11.021278760000001,True,valid,interpolated,672,673,0.8,12.429675937388165,True,valid,,False,no_tower_section_at_tip_height,,False,no_tower_section_at_tip_height
421,421,16.84,133.86,133.84750000000003,133.8725,T1,11.029201340000004,True,valid,interpolated,674,675,0.40000000000068214,10.926863079934574,True,valid,,False,no_tower_section_at_tip_height,,False,no_tower_section_at_tip_height
422,422,16.88,133.9,133.88750000000002,133.9125,T1,11.0378771,True,valid,source,676,676,0.0,9.86818411916492,True,valid,,False,no_tower_section_at_tip_height,,False,no_tower_section_at_tip_height
423,423,16.92,133.94,133.9275,133.9525,T1,11.04738998,True,valid,interpolated,677,678,0.6,9.403034550979426,True,valid,,False,no_tower_section_at_tip_height,,False,no_tower_section_at_tip_height
424,424,16.96,133.98,133.9675,133.99249999999998,T1,11.05525052,True,valid,interpolated,679,680,0.19999999999977264,9.612609248194804,True,valid,,False,no_tower_section_at_tip_height,,False,no_tower_section_at_tip_height
425,425,17.0,134.02,134.00750000000002,134.0325,T1,11.06000212,True,valid,interpolated,680,681,0.8000000000002274,10.463704621872138,True,valid,,False,no_tower_section_at_tip_height,,False,no_tower_section_at_tip_height
426,426,17.04,134.06,134.0475,134.0725,T1,11.06603716,True,valid,interpolated,682,683,0.4,11.848167480108188,True,valid,,False,no_tower_section_at_tip_height,,False,no_tower_section_at_tip_height
427,427,17.08,134.1,134.0875,134.11249999999998,T1,11.0740404,True,valid,source,684,684,0.0,13.637364909640056,True,valid,,False,no_tower_section_at_tip_height,,False,no_tower_section_at_tip_height
428,428,17.12,134.14,134.1275,134.15249999999997,T1,11.0786848,True,valid,interpolated,685,686,0.5999999999993179,15.652569041402154,True,valid,,False,no_tower_section_at_tip_height,,False,no_tower_section_at_tip_height
429,429,17.16,134.18,134.16750000000002,134.1925,T1,11.08100186,True,valid,interpolated,687,688,0.2,17.86709208959195,True,valid,,False,no_tower_section_at_tip_height,,False,no_tower_section_at_tip_height
430,430,17.2,134.22,134.2075,134.2325,T1,11.086235620000002,True,valid,interpolated,688,689,0.8000000000002274,20.192021223646123,True,valid,,False,no_tower_section_at_tip_height,,False,no_tower_section_at_tip_height
431,431,17.24,134.26,134.2475,134.27249999999998,T1,11.095175939999997,True,valid,interpolated,690,691,0.3999999999995453,22.55241727877631,True,valid,,False,no_tower_section_at_tip_height,,False,no_tower_section_at_tip_height
432,432,17.28,134.3,134.28750000000002,134.3125,T1,11.1031837,True,valid,source,692,692,0.0,24.9458298694827,True,valid,,False,no_tower_section_at_tip_height,,False,no_tower_section_at_tip_height
433,433,17.32,134.34,134.32750000000001,134.3525,T1,11.107812500000001,True,valid,interpolated,693,694,0.6000000000004547,27.342495032951476,True,valid,,False,no_tower_section_at_tip_height,,False,no_tower_section_at_tip_height
434,434,17.36,134.38,134.3675,134.39249999999998,T1,11.11025604,True,valid,interpolated,695,696,0.19999999999977264,29.72312232811055,True,valid,,False,no_tower_section_at_tip_height,,False,no_tower_section_at_tip_height
435,435,17.4,134.42000000000002,134.40750000000003,134.4325,T1,11.112220599999999,True,valid,interpolated,696,697,0.8000000000002274,32.074370338314544,True,valid,,False,no_tower_section_at_tip_height,,False,no_tower_section_at_tip_height
436,436,17.44,134.46,134.44750000000002,134.4725,T1,11.11356926,True,valid,interpolated,698,699,0.40000000000068214,34.384798643828496,True,valid,,False,no_tower_section_at_tip_height,61.11260907225837,True,valid
437,437,17.48,134.5,134.4875,134.5125,T1,11.1156521,True,valid,source,700,700,0.0,36.63334718502857,True,valid,,False,no_tower_section_at_tip_height,60.79673191517277,True,valid
438,438,17.52,134.54,134.5275,134.55249999999998,T1,11.118741399999998,True,valid,interpolated,701,702,0.5999999999993179,38.82399258450099,True,valid,,False,no_tower_section_at_tip_height,60.35234855309679,True,valid
439,439,17.56,134.57999999999998,134.5675,134.59249999999997,T1,11.12320572,True,valid,interpolated,703,704,0.19999999999977264,40.94848459301917,True,valid,,False,no_tower_section_at_tip_height,59.781350378077995,True,valid
440,440,17.6,134.62,134.60750000000002,134.6325,T1,11.127450760000002,True,valid,interpolated,704,705,0.8000000000002274,42.99667648278767,True,valid,,False,no_tower_section_at_tip_height,59.08627779945125,True,valid
441,441,17.64,134.66,134.6475,134.67249999999999,T1,11.130868539999998,True,valid,interpolated,706,707,0.3999999999995453,44.960667405161466,True,valid,,False,no_tower_section_at_tip_height,58.268994803828896,True,valid
442,442,17.68,134.7,134.6875,134.71249999999998,T1,11.1335745,True,valid,source,708,708,0.0,46.83436813804916,True,valid,,False,no_tower_section_at_tip_height,57.32991203704285,True,valid
443,443,17.72,134.74,134.72750000000002,134.7525,T1,11.13381746,True,valid,interpolated,709,710,0.6000000000004547,48.61351413341919,True,valid,,False,no_tower_section_at_tip_height,56.26759065449954,True,valid
444,444,17.76,134.78,134.7675,134.7925,T1,11.132239760000001,True,valid,interpolated,711,712,0.19999999999977264,50.29427372653403,True,valid,,False,no_tower_section_at_tip_height,55.08403140629933,True,valid
445,445,17.8,134.82,134.8075,134.83249999999998,T1,11.1292444,True,valid,interpolated,712,713,0.8,51.872448305174835,True,valid,,False,no_tower_section_at_tip_height,53.7823974498892,True,valid
446,446,17.84,134.86,134.84750000000003,134.8725,T1,11.128101319999999,True,valid,interpolated,714,715,0.40000000000068214,53.341249546194554,True,valid,,False,no_tower_section_at_tip_height,52.36842743268699,True,valid
447,447,17.88,134.9,134.88750000000002,134.9125,T1,11.1280327,True,valid,source,716,716,0.0,54.695273699728304,True,valid,,False,no_tower_section_at_tip_height,50.84775338217528,True,valid
448,448,17.92,134.94,134.9275,134.9525,T1,11.12893734,True,valid,interpolated,717,718,0.6,55.93026996532294,True,valid,,False,no_tower_section_at_tip_height,49.22601947891666,True,valid
449,449,17.96,134.98,134.9675,134.99249999999998,T1,11.131369020000001,True,valid,interpolated,719,720,0.19999999999977264,57.04372764845235,True,valid,,False,no_tower_section_at_tip_height,47.5096364411344,True,valid
450,450,18.0,135.02,135.00750000000002,135.0325,T1,11.13648302,True,valid,interpolated,720,721,0.8000000000002274,58.033612608183816,True,valid,,False,no_tower_section_at_tip_height,45.705282369327975,True,valid
451,451,18.04,135.06,135.0475,135.0725,T1,11.1419895,True,valid,interpolated,722,723,0.4,58.89646006838545,True,valid,,False,no_tower_section_at_tip_height,43.817242781276406,True,valid
452,452,18.08,135.1,135.0875,135.11249999999998,T1,11.1395817,True,valid,source,724,724,0.0,59.62944073949295,True,valid,,False,no_tower_section_at_tip_height,41.84901474375121,True,valid
453,453,18.12,135.14,135.1275,135.15249999999997,T1,11.134350600000001,True,valid,interpolated,725,726,0.5999999999993179,60.23193258366332,True,valid,,False,no_tower_section_at_tip_height,39.801503075117836,True,valid
454,454,18.16,135.18,135.16750000000002,135.1925,T1,11.132345740000002,True,valid,interpolated,727,728,0.2,60.700690081974116,True,valid,,False,no_tower_section_at_tip_height,37.68768901860716,True,valid
455,455,18.2,135.22,135.2075,135.2325,T1,11.13076422,True,valid,interpolated,728,729,0.8000000000002274,61.032951433484996,True,valid,,False,no_tower_section_at_tip_height,35.52415751346071,True,valid
456,456,18.24,135.26,135.2475,135.27249999999998,T1,11.127471920000001,True,valid,interpolated,730,731,0.3999999999995453,61.23040053773589,True,valid,,False,no_tower_section_at_tip_height,33.29851345139195,True,valid
457,457,18.28,135.3,135.28750000000002,135.3125,T1,11.1281528,True,valid,source,732,732,0.0,,False,no_tower_section_at_tip_height,,False,no_tower_section_at_tip_height,31.018919540144392,True,valid
458,458,18.32,135.34,135.32750000000001,135.3525,T1,11.131341940000002,True,valid,interpolated,733,734,0.6000000000004547,,False,no_tower_section_at_tip_height,,False,no_tower_section_at_tip_height,28.70145140634643,True,valid
459,459,18.36,135.38,135.3675,135.39249999999998,T1,11.129455540000002,True,valid,interpolated,735,736,0.19999999999977264,,False,no_tower_section_at_tip_height,,False,no_tower_section_at_tip_height,26.365860552989595,True,valid
460,460,18.4,135.42000000000002,135.40750000000003,135.4325,T1,11.124954979999998,True,valid,interpolated,736,737,0.8000000000002274,,False,no_tower_section_at_tip_height,,False,no_tower_section_at_tip_height,24.030720454955055,True,valid
461,461,18.44,135.46,135.44750000000002,135.4725,T1,11.121444299999999,True,valid,interpolated,738,739,0.40000000000068214,,False,no_tower_section_at_tip_height,,False,no_tower_section_at_tip_height,21.72891016032245,True,valid
462,462,18.48,135.5,135.4875,135.5125,T1,11.1150923,True,valid,source,740,740,0.0,,False,no_tower_section_at_tip_height,,False,no_tower_section_at_tip_height,19.459034372955287,True,valid
463,463,18.52,135.54,135.5275,135.55249999999998,T1,11.106128320000003,True,valid,interpolated,741,742,0.5999999999993179,,False,no_tower_section_at_tip_height,,False,no_tower_section_at_tip_height,17.280915771688118,True,valid
464,464,18.56,135.57999999999998,135.5675,135.59249999999997,T1,11.101054379999999,True,valid,interpolated,743,744,0.19999999999977264,,False,no_tower_section_at_tip_height,,False,no_tower_section_at_tip_height,15.269461602322385,True,valid
465,465,18.6,135.62,135.60750000000002,135.6325,T1,11.100009179999999,True,valid,interpolated,744,745,0.8000000000002274,,False,no_tower_section_at_tip_height,,False,no_tower_section_at_tip_height,13.427468220741547,True,valid
466,466,18.64,135.66,135.6475,135.67249999999999,T1,11.094167520000003,True,valid,interpolated,746,747,0.3999999999995453,,False,no_tower_section_at_tip_height,,False,no_tower_section_at_tip_height,11.929804720313097,True,valid
467,467,18.68,135.7,135.6875,135.71249999999998,T1,11.0861721,True,valid,source,748,748,0.0,,False,no_tower_section_at_tip_height,,False,no_tower_section_at_tip_height,10.86119470571404,True,valid
468,468,18.72,135.74,135.72750000000002,135.7525,T1,11.08155498,True,valid,interpolated,749,750,0.6000000000004547,,False,no_tower_section_at_tip_height,,False,no_tower_section_at_tip_height,10.331682329492002,True,valid
469,469,18.76,135.78,135.7675,135.7925,T1,11.0768366,True,valid,interpolated,751,752,0.19999999999977264,,False,no_tower_section_at_tip_height,,False,no_tower_section_at_tip_height,10.437191219725637,True,valid
470,470,18.8,135.82,135.8075,135.83249999999998,T1,11.068131479999998,True,valid,interpolated,752,753,0.8,,False,no_tower_section_at_tip_height,,False,no_tower_section_at_tip_height,11.163506785507016,True,valid
471,471,18.84,135.86,135.84750000000003,135.8725,T1,11.062107859999998,True,valid,interpolated,754,755,0.40000000000068214,,False,no_tower_section_at_tip_height,,False,no_tower_section_at_tip_height,12.429900022202126,True,valid
472,472,18.88,135.9,135.88750000000002,135.9125,T1,11.0600567,True,valid,source,756,756,0.0,,False,no_tower_section_at_tip_height,,False,no_tower_section_at_tip_height,14.094519226447582,True,valid
473,473,18.92,135.94,135.9275,135.9525,T1,11.05641594,True,valid,interpolated,757,758,0.6,,False,no_tower_section_at_tip_height,,False,no_tower_section_at_tip_height,16.027436102128345,True,valid
474,474,18.96,135.98,135.9675,135.99249999999998,T1,11.050059140000002,True,valid,interpolated,759,760,0.19999999999977264,,False,no_tower_section_at_tip_height,,False,no_tower_section_at_tip_height,18.152493465819727,True,valid
475,475,19.0,136.02,136.00750000000002,136.0325,T1,11.04584538,True,valid,interpolated,760,761,0.8000000000002274,,False,no_tower_section_at_tip_height,,False,no_tower_section_at_tip_height,20.411188544305034,True,valid
476,476,19.04,136.06,136.0475,136.0725,T1,11.0428036,True,valid,interpolated,762,763,0.4,,False,no_tower_section_at_tip_height,,False,no_tower_section_at_tip_height,22.704745978574234,True,valid
477,477,19.08,136.1,136.0875,136.11249999999998,T1,11.0378637,True,valid,source,764,764,0.0,,False,no_tower_section_at_tip_height,,False,no_tower_section_at_tip_height,25.038882251047944,True,valid
478,478,19.12,136.14,136.1275,136.15249999999997,T1,11.030920220000002,True,valid,interpolated,765,766,0.5999999999993179,,False,no_tower_section_at_tip_height,,False,no_tower_section_at_tip_height,27.389379035340728,True,valid
479,479,19.16,136.18,136.16750000000002,136.1925,T1,11.02648546,True,valid,interpolated,767,768,0.2,,False,no_tower_section_at_tip_height,,False,no_tower_section_at_tip_height,29.73497960685231,True,valid
480,480,19.2,136.22,136.2075,136.2325,T1,11.02307818,True,valid,interpolated,768,769,0.8000000000002274,,False,no_tower_section_at_tip_height,,False,no_tower_section_at_tip_height,32.05853035998614,True,valid
481,481,19.24,136.26,136.2475,136.27249999999998,T1,11.018368500000001,True,valid,interpolated,770,771,0.3999999999995453,,False,no_tower_section_at_tip_height,61.20165053277897,True,valid,34.34504144384541,True,valid
482,482,19.28,136.3,136.28750000000002,136.3125,T1,11.0118074,True,valid,source,772,772,0.0,,False,no_tower_section_at_tip_height,60.894248871946644,True,valid,36.571419018717044,True,valid
483,483,19.32,136.34,136.32750000000001,136.3525,T1,11.00514432,True,valid,interpolated,773,774,0.6000000000004547,,False,no_tower_section_at_tip_height,60.45553388768127,True,valid,38.735884572217735,True,valid
484,484,19.36,136.38,136.3675,136.39249999999998,T1,11.00002554,True,valid,interpolated,775,776,0.19999999999977264,,False,no_tower_section_at_tip_height,59.88904461013891,True,valid,40.83574140662691,True,valid
485,485,19.4,136.42000000000002,136.40750000000003,136.4325,T1,10.99679602,True,valid,interpolated,776,777,0.8000000000002274,,False,no_tower_section_at_tip_height,59.19822741372507,True,valid,42.8641261609364,True,valid
486,486,19.44,136.46,136.44750000000002,136.4725,T1,10.99566744,True,valid,interpolated,778,779,0.40000000000068214,,False,no_tower_section_at_tip_height,58.3858417705051,True,valid,44.81350569854637,True,valid
487,487,19.48,136.5,136.4875,136.5125,T1,10.9945869,True,valid,source,780,780,0.0,,False,no_tower_section_at_tip_height,57.45426634142912,True,valid,46.675782900980195,True,valid
488,488,19.52,136.54,136.5275,136.55249999999998,T1,10.99113484,True,valid,interpolated,781,782,0.5999999999993179,,False,no_tower_section_at_tip_height,56.40686045665424,True,valid,48.4436429148904,True,valid
489,489,19.56,136.57999999999998,136.5675,136.59249999999997,T1,10.986375240000001,True,valid,interpolated,783,784,0.19999999999977264,,False,no_tower_section_at_tip_height,55.24614579128401,True,valid,50.11213631358177,True,valid
490,490,19.6,136.62,136.60750000000002,136.6325,T1,10.98234692,True,valid,interpolated,784,785,0.8000000000002274,,False,no_tower_section_at_tip_height,53.974940260663914,True,valid,51.67742432298302,True,valid
491,491,19.64,136.66,136.6475,136.67249999999999,T1,10.977720860000002,True,valid,interpolated,786,787,0.3999999999995453,,False,no_tower_section_at_tip_height,52.59596320663085,True,valid,53.1363115112725,True,valid
492,492,19.68,136.7,136.6875,136.71249999999998,T1,10.9727325,True,valid,source,788,788,0.0,,False,no_tower_section_at_tip_height,51.112247603282185,True,valid,54.48528995923085,True,valid
493,493,19.72,136.74,136.72750000000002,136.7525,T1,10.969338440000001,True,valid,interpolated,789,790,0.6000000000004547,,False,no_tower_section_at_tip_height,49.52733881377633,True,valid,55.71995600286042,True,valid
494,494,19.76,136.78,136.7675,136.7925,T1,10.96778244,True,valid,interpolated,791,792,0.19999999999977264,,False,no_tower_section_at_tip_height,47.84562394927017,True,valid,56.837197601484526,True,valid
495,495,19.8,136.82,136.8075,136.83249999999998,T1,10.96588116,True,valid,interpolated,792,793,0.8,,False,no_tower_section_at_tip_height,46.070350884109374,True,valid,57.83487620787818,True,valid
496,496,19.84,136.86,136.84750000000003,136.8725,T1,10.962641679999999,True,valid,interpolated,794,795,0.40000000000068214,,False,no_tower_section_at_tip_height,44.20409880722387,True,valid,58.7112833653026,True,valid
497,497,19.88,136.9,136.88750000000002,136.9125,T1,10.9593477,True,valid,source,796,796,0.0,,False,no_tower_section_at_tip_height,42.252883030993175,True,valid,59.464760143195676,True,valid
498,498,19.92,136.94,136.9275,136.9525,T1,10.95578176,True,valid,interpolated,797,798,0.6,,False,no_tower_section_at_tip_height,40.2252789741454,True,valid,60.09360844504049,True,valid
499,499,19.96,136.98,136.9675,136.99249999999998,T1,10.951589380000001,True,valid,interpolated,799,800,0.19999999999977264,,False,no_tower_section_at_tip_height,38.13047051372747,True,valid,60.59555923676748,True,valid
500,500,20.0,137.02,137.00750000000002,137.0325,T1,10.94678666,True,valid,interpolated,800,801,0.8000000000002274,,False,no_tower_section_at_tip_height,35.97711271670891,True,valid,60.9683777909691,True,valid
501,501,20.04,137.06,137.0475,137.0725,T1,10.944024120000002,True,valid,interpolated,802,803,0.4,,False,no_tower_section_at_tip_height,33.772229103003006,True,valid,61.20982889395368,True,valid
502,502,20.08,137.1,137.0875,137.11249999999998,T1,10.9436331,True,valid,source,804,804,0.0,,False,no_tower_section_at_tip_height,31.509533727653643,True,valid,,False,no_tower_section_at_tip_height
503,503,20.12,137.14,137.1275,137.15249999999997,T1,10.94476412,True,valid,interpolated,805,806,0.5999999999993179,,False,no_tower_section_at_tip_height,29.211027082070185,True,valid,,False,no_tower_section_at_tip_height
504,504,20.16,137.18,137.16750000000002,137.1925,T1,10.94477174,True,valid,interpolated,807,808,0.2,,False,no_tower_section_at_tip_height,26.8918750667999,True,valid,,False,no_tower_section_at_tip_height
505,505,20.2,137.22,137.2075,137.2325,T1,10.942208299999999,True,valid,interpolated,808,809,0.8000000000002274,,False,no_tower_section_at_tip_height,24.569547512212722,True,valid,,False,no_tower_section_at_tip_height
506,506,20.24,137.26,137.2475,137.27249999999998,T1,10.938340740000001,True,valid,interpolated,810,811,0.3999999999995453,,False,no_tower_section_at_tip_height,22.267755955816952,True,valid,,False,no_tower_section_at_tip_height
507,507,20.28,137.3,137.28750000000002,137.3125,T1,10.9341831,True,valid,source,812,812,0.0,,False,no_tower_section_at_tip_height,20.012298034390035,True,valid,,False,no_tower_section_at_tip_height
508,508,20.32,137.34,137.32750000000001,137.3525,T1,10.929291919999999,True,valid,interpolated,813,814,0.6000000000004547,,False,no_tower_section_at_tip_height,17.79898984992573,True,valid,,False,no_tower_section_at_tip_height
509,509,20.36,137.38,137.3675,137.39249999999998,T1,10.92455748,True,valid,interpolated,815,816,0.19999999999977264,,False,no_tower_section_at_tip_height,15.723200228193987,True,valid,,False,no_tower_section_at_tip_height
510,510,20.4,137.42000000000002,137.40750000000003,137.4325,T1,10.921329479999999,True,valid,interpolated,816,817,0.8000000000002274,,False,no_tower_section_at_tip_height,13.827656306595735,True,valid,,False,no_tower_section_at_tip_height
511,511,20.44,137.46,137.44750000000002,137.4725,T1,10.918689359999998,True,valid,interpolated,818,819,0.40000000000068214,,False,no_tower_section_at_tip_height,12.19044198143887,True,valid,,False,no_tower_section_at_tip_height
512,512,20.48,137.5,137.4875,137.5125,T1,10.9161949,True,valid,source,820,820,0.0,,False,no_tower_section_at_tip_height,10.92467667747572,True,valid,,False,no_tower_section_at_tip_height
513,513,20.52,137.54,137.5275,137.55249999999998,T1,10.912024900000002,True,valid,interpolated,821,822,0.5999999999993179,,False,no_tower_section_at_tip_height,10.171123429560472,True,valid,,False,no_tower_section_at_tip_height
514,514,20.56,137.57999999999998,137.5675,137.59249999999997,T1,10.906478300000002,True,valid,interpolated,823,824,0.19999999999977264,,False,no_tower_section_at_tip_height,10.015564617869142,True,valid,,False,no_tower_section_at_tip_height
515,515,20.6,137.62,137.60750000000002,137.6325,T1,10.89906942,True,valid,interpolated,824,825,0.8000000000002274,,False,no_tower_section_at_tip_height,10.48203724731468,True,valid,,False,no_tower_section_at_tip_height
516,516,20.64,137.66,137.6475,137.67249999999999,T1,10.893285800000001,True,valid,interpolated,826,827,0.3999999999995453,,False,no_tower_section_at_tip_height,11.493932963060178,True,valid,,False,no_tower_section_at_tip_height
517,517,20.68,137.7,137.6875,137.71249999999998,T1,10.8894873,True,valid,source,828,828,0.0,,False,no_tower_section_at_tip_height,12.938172158445987,True,valid,,False,no_tower_section_at_tip_height
518,518,20.72,137.74,137.72750000000002,137.7525,T1,10.88730602,True,valid,interpolated,829,830,0.6000000000004547,,False,no_tower_section_at_tip_height,14.740952328968612,True,valid,,False,no_tower_section_at_tip_height
519,519,20.76,137.78,137.7675,137.7925,T1,10.885105160000002,True,valid,interpolated,831,832,0.19999999999977264,,False,no_tower_section_at_tip_height,16.733602198977653,True,valid,,False,no_tower_section_at_tip_height
520,520,20.8,137.82,137.8075,137.83249999999998,T1,10.88416364,True,valid,interpolated,832,833,0.8,,False,no_tower_section_at_tip_height,18.905086969318702,True,valid,,False,no_tower_section_at_tip_height
521,521,20.84,137.86,137.84750000000003,137.8725,T1,10.88253784,True,valid,interpolated,834,835,0.40000000000068214,,False,no_tower_section_at_tip_height,21.164933108895408,True,valid,,False,no_tower_section_at_tip_height
522,522,20.88,137.9,137.88750000000002,137.9125,T1,10.8816366,True,valid,source,836,836,0.0,,False,no_tower_section_at_tip_height,23.464023046866334,True,valid,,False,no_tower_section_at_tip_height
523,523,20.92,137.94,137.9275,137.9525,T1,10.88056066,True,valid,interpolated,837,838,0.6,,False,no_tower_section_at_tip_height,25.796375004073674,True,valid,,False,no_tower_section_at_tip_height
524,524,20.96,137.98,137.9675,137.99249999999998,T1,10.878923580000002,True,valid,interpolated,839,840,0.19999999999977264,,False,no_tower_section_at_tip_height,28.132452861215597,True,valid,,False,no_tower_section_at_tip_height
525,525,21.0,138.02,138.00750000000002,138.0325,T1,10.876643979999999,True,valid,interpolated,840,841,0.8000000000002274,,False,no_tower_section_at_tip_height,30.451437314047585,True,valid,,False,no_tower_section_at_tip_height
526,526,21.04,138.06,138.0475,138.0725,T1,10.872369760000002,True,valid,interpolated,842,843,0.4,61.27694390923267,True,valid,32.73876921999203,True,valid,,False,no_tower_section_at_tip_height
527,527,21.08,138.1,138.0875,138.11249999999998,T1,10.8711863,True,valid,source,844,844,0.0,61.057825423405944,True,valid,34.98203991087784,True,valid,,False,no_tower_section_at_tip_height
528,528,21.12,138.14,138.1275,138.15249999999997,T1,10.86974064,True,valid,interpolated,845,846,0.5999999999993179,60.713050606872066,True,valid,37.160498465407244,True,valid,,False,no_tower_section_at_tip_height
529,529,21.16,138.18,138.16750000000002,138.1925,T1,10.865529460000001,True,valid,interpolated,847,848,0.2,60.24037147072791,True,valid,39.28051909583055,True,valid,,False,no_tower_section_at_tip_height
530,530,21.2,138.22,138.2075,138.2325,T1,10.8635649,True,valid,interpolated,848,849,0.8000000000002274,59.639180889622914,True,valid,41.338682249849086,True,valid,,False,no_tower_section_at_tip_height
531,531,21.24,138.26,138.2475,138.27249999999998,T1,10.86479076,True,valid,interpolated,850,851,0.3999999999995453,58.916052479423875,True,valid,43.32308351968843,True,valid,,False,no_tower_section_at_tip_height
532,532,21.28,138.3,138.28750000000002,138.3125,T1,10.8642931,True,valid,source,852,852,0.0,58.076869160985176,True,valid,45.223566523707994,True,valid,,False,no_tower_section_at_tip_height
533,533,21.32,138.34,138.32750000000001,138.3525,T1,10.8627506,True,valid,interpolated,853,854,0.6000000000004547,57.122815894857716,True,valid,47.03719245520913,True,valid,,False,no_tower_section_at_tip_height
534,534,21.36,138.38,138.3675,138.39249999999998,T1,10.864075279999998,True,valid,interpolated,855,856,0.19999999999977264,56.0538506331451,True,valid,48.760195797659684,True,valid,,False,no_tower_section_at_tip_height
535,535,21.4,138.42000000000002,138.40750000000003,138.4325,T1,10.86605128,True,valid,interpolated,856,857,0.8000000000002274,54.87455522197867,True,valid,50.386405737239,True,valid,,False,no_tower_section_at_tip_height
536,536,21.44,138.46,138.44750000000002,138.4725,T1,10.86487732,True,valid,interpolated,858,859,0.40000000000068214,53.58702137389127,True,valid,51.914406437589804,True,valid,,False,no_tower_section_at_tip_height
537,537,21.48,138.5,138.4875,138.5125,T1,10.8636484,True,valid,source,860,860,0.0,52.19192671813805,True,valid,53.339920183008104,True,valid,,False,no_tower_section_at_tip_height
538,538,21.52,138.54,138.5275,138.55249999999998,T1,10.86287312,True,valid,interpolated,861,862,0.5999999999993179,50.69439438630871,True,valid,54.65724053809674,True,valid,,False,no_tower_section_at_tip_height
539,539,21.56,138.57999999999998,138.5675,138.59249999999997,T1,10.862564619999999,True,valid,interpolated,863,864,0.19999999999977264,49.100486418136235,True,valid,55.862454848200734,True,valid,,False,no_tower_section_at_tip_height
540,540,21.6,138.62,138.60750000000002,138.6325,T1,10.86385558,True,valid,interpolated,864,865,0.8000000000002274,47.41375964834775,True,valid,56.952774885449315,True,valid,,False,no_tower_section_at_tip_height
541,541,21.64,138.66,138.6475,138.67249999999999,T1,10.868910779999998,True,valid,interpolated,866,867,0.3999999999995453,45.637775909191056,True,valid,57.92633505698128,True,valid,,False,no_tower_section_at_tip_height
542,542,21.68,138.7,138.6875,138.71249999999998,T1,10.8739138,True,valid,source,868,868,0.0,43.78074174579911,True,valid,58.780895853965745,True,valid,,False,no_tower_section_at_tip_height
543,543,21.72,138.74,138.72750000000002,138.7525,T1,10.8727381,True,valid,interpolated,869,870,0.6000000000004547,41.84990700689842,True,valid,59.51442580209184,True,valid,,False,no_tower_section_at_tip_height
544,544,21.76,138.78,138.7675,138.7925,T1,10.87062472,True,valid,interpolated,871,872,0.19999999999977264,39.847341330568284,True,valid,60.124723614748184,True,valid,,False,no_tower_section_at_tip_height
545,545,21.8,138.82,138.8075,138.83249999999998,T1,10.86887832,True,valid,interpolated,872,873,0.8,37.77809149758265,True,valid,60.60927127533936,True,valid,,False,no_tower_section_at_tip_height
546,546,21.84,138.86,138.84750000000003,138.8725,T1,10.866757219999998,True,valid,interpolated,874,875,0.40000000000068214,35.651491512826546,True,valid,60.9650855862579,True,valid,,False,no_tower_section_at_tip_height
547,547,21.88,138.9,138.88750000000002,138.9125,T1,10.8632355,True,valid,source,876,876,0.0,33.47527133724427,True,valid,61.19190722682712,True,valid,,False,no_tower_section_at_tip_height
548,548,21.92,138.94,138.9275,138.9525,T1,10.86369684,True,valid,interpolated,877,878,0.6,31.242907480078685,True,valid,,False,no_tower_section_at_tip_height,,False,no_tower_section_at_tip_height
549,549,21.96,138.98,138.9675,138.99249999999998,T1,10.866638920000002,True,valid,interpolated,879,880,0.19999999999977264,28.976908580454015,True,valid,,False,no_tower_section_at_tip_height,,False,no_tower_section_at_tip_height
550,550,22.0,139.02,139.00750000000002,139.0325,T1,10.871495800000002,True,valid,interpolated,880,881,0.8000000000002274,26.69026133914181,True,valid,,False,no_tower_section_at_tip_height,,False,no_tower_section_at_tip_height
551,551,22.04,139.06,139.0475,139.0725,T1,10.87575566,True,valid,interpolated,882,883,0.4,24.393789861094405,True,valid,,False,no_tower_section_at_tip_height,,False,no_tower_section_at_tip_height
552,552,22.08,139.1,139.0875,139.11249999999998,T1,10.8796425,True,valid,source,884,884,0.0,22.108730448194333,True,valid,,False,no_tower_section_at_tip_height,,False,no_tower_section_at_tip_height
553,553,22.12,139.14,139.1275,139.15249999999997,T1,10.879277960000001,True,valid,interpolated,885,886,0.5999999999993179,19.860328208052792,True,valid,,False,no_tower_section_at_tip_height,,False,no_tower_section_at_tip_height
554,554,22.16,139.18,139.16750000000002,139.1925,T1,10.87582126,True,valid,interpolated,887,888,0.2,17.643896961858005,True,valid,,False,no_tower_section_at_tip_height,,False,no_tower_section_at_tip_height
555,555,22.2,139.22,139.2075,139.2325,T1,10.872596380000001,True,valid,interpolated,888,889,0.8000000000002274,15.554031070170819,True,valid,,False,no_tower_section_at_tip_height,,False,no_tower_section_at_tip_height
556,556,22.24,139.26,139.2475,139.27249999999998,T1,10.8725737,True,valid,interpolated,890,891,0.3999999999995453,13.641334236572662,True,valid,,False,no_tower_section_at_tip_height,,False,no_tower_section_at_tip_height
557,557,22.28,139.3,139.28750000000002,139.3125,T1,10.8734369,True,valid,source,892,892,0.0,11.983444126557073,True,valid,,False,no_tower_section_at_tip_height,,False,no_tower_section_at_tip_height
558,558,22.32,139.34,139.32750000000001,139.3525,T1,10.874372300000001,True,valid,interpolated,893,894,0.6000000000004547,10.692391117779565,True,valid,,False,no_tower_section_at_tip_height,,False,no_tower_section_at_tip_height
559,559,22.36,139.38,139.3675,139.39249999999998,T1,10.87408864,True,valid,interpolated,895,896,0.19999999999977264,9.916061174046513,True,valid,,False,no_tower_section_at_tip_height,,False,no_tower_section_at_tip_height
560,560,22.4,139.42000000000002,139.40750000000003,139.4325,T1,10.8719608,True,valid,interpolated,896,897,0.8000000000002274,9.747418330371326,True,valid,,False,no_tower_section_at_tip_height,,False,no_tower_section_at_tip_height
561,561,22.44,139.46,139.44750000000002,139.4725,T1,10.870137199999999,True,valid,interpolated,898,899,0.40000000000068214,10.213824426323734,True,valid,,False,no_tower_section_at_tip_height,,False,no_tower_section_at_tip_height
562,562,22.48,139.5,139.4875,139.5125,T1,10.8679981,True,valid,source,900,900,0.0,11.249620802668188,True,valid,,False,no_tower_section_at_tip_height,,False,no_tower_section_at_tip_height
563,563,22.52,139.54,139.5275,139.55249999999998,T1,10.86636258,True,valid,interpolated,901,902,0.5999999999993179,12.708573191538692,True,valid,,False,no_tower_section_at_tip_height,,False,no_tower_section_at_tip_height
564,564,22.56,139.57999999999998,139.5675,139.59249999999997,T1,10.8651953,True,valid,interpolated,903,904,0.19999999999977264,14.524091600358764,True,valid,,False,no_tower_section_at_tip_height,,False,no_tower_section_at_tip_height
565,565,22.6,139.62,139.60750000000002,139.6325,T1,10.86701794,True,valid,interpolated,904,905,0.8000000000002274,16.542680522247867,True,valid,,False,no_tower_section_at_tip_height,,False,no_tower_section_at_tip_height
566,566,22.64,139.66,139.6475,139.67249999999999,T1,10.871314459999997,True,valid,interpolated,906,907,0.3999999999995453,18.734869252183305,True,valid,,False,no_tower_section_at_tip_height,,False,no_tower_section_at_tip_height
567,567,22.68,139.7,139.6875,139.71249999999998,T1,10.87673,True,valid,source,908,908,0.0,20.993352593741992,True,valid,,False,no_tower_section_at_tip_height,,False,no_tower_section_at_tip_height
568,568,22.72,139.74,139.72750000000002,139.7525,T1,10.88113998,True,valid,interpolated,909,910,0.6000000000004547,23.299494375540423,True,valid,,False,no_tower_section_at_tip_height,,False,no_tower_section_at_tip_height
569,569,22.76,139.78,139.7675,139.7925,T1,10.88422318,True,valid,interpolated,911,912,0.19999999999977264,25.63396578550372,True,valid,,False,no_tower_section_at_tip_height,,False,no_tower_section_at_tip_height
570,570,22.8,139.82,139.8075,139.83249999999998,T1,10.88728102,True,valid,interpolated,912,913,0.8,27.972333607042515,True,valid,,False,no_tower_section_at_tip_height,,False,no_tower_section_at_tip_height
571,571,22.84,139.86,139.84750000000003,139.8725,T1,10.891706080000002,True,valid,interpolated,914,915,0.40000000000068214,30.297852469079025,True,valid,,False,no_tower_section_at_tip_height,,False,no_tower_section_at_tip_height
572,572,22.88,139.9,139.88750000000002,139.9125,T1,10.895627,True,valid,source,916,916,0.0,32.59536643691206,True,valid,,False,no_tower_section_at_tip_height,61.200676745723996,True,valid
573,573,22.92,139.94,139.9275,139.9525,T1,10.8997139,True,valid,interpolated,917,918,0.6,34.839728666068794,True,valid,,False,no_tower_section_at_tip_height,60.9755406007777,True,valid
574,574,22.96,139.98,139.9675,139.99249999999998,T1,10.90480268,True,valid,interpolated,919,920,0.19999999999977264,37.03285813854394,True,valid,,False,no_tower_section_at_tip_height,60.621440684531635,True,valid
575,575,23.0,140.02,140.00750000000002,140.0325,T1,10.91183316,True,valid,interpolated,920,921,0.8000000000002274,39.16886971842001,True,valid,,False,no_tower_section_at_tip_height,60.1399410803648,True,valid
576,576,23.04,140.06,140.0475,140.0725,T1,10.920510479999999,True,valid,interpolated,922,923,0.4,41.241140854757376,True,valid,,False,no_tower_section_at_tip_height,59.53281183734833,True,valid
577,577,23.08,140.1,140.0875,140.11249999999998,T1,10.9297094,True,valid,source,924,924,0.0,43.24209917490156,True,valid,,False,no_tower_section_at_tip_height,58.80200755064685,True,valid
578,578,23.12,140.14,140.1275,140.15249999999997,T1,10.938782459999997,True,valid,interpolated,925,926,0.5999999999993179,45.165319067033785,True,valid,,False,no_tower_section_at_tip_height,57.95077903736553,True,valid
579,579,23.16,140.18,140.16750000000002,140.1925,T1,10.94889962,True,valid,interpolated,927,928,0.2,47.00310025867025,True,valid,,False,no_tower_section_at_tip_height,56.98141568317177,True,valid
580,580,23.2,140.22,140.2075,140.2325,T1,10.96007138,True,valid,interpolated,928,929,0.8000000000002274,48.749360547987216,True,valid,,False,no_tower_section_at_tip_height,55.896600386660445,True,valid
581,581,23.24,140.26,140.2475,140.27249999999998,T1,10.971713239999996,True,valid,interpolated,930,931,0.3999999999995453,50.39794983974455,True,valid,,False,no_tower_section_at_tip_height,54.697903542962976,True,valid
582,582,23.28,140.3,140.28750000000002,140.3125,T1,10.9848309,True,valid,source,932,932,0.0,51.94453267109131,True,valid,,False,no_tower_section_at_tip_height,53.386941477878615,True,valid
583,583,23.32,140.34,140.32750000000001,140.3525,T1,10.998155600000004,True,valid,interpolated,933,934,0.6000000000004547,53.384560475211025,True,valid,,False,no_tower_section_at_tip_height,51.96599791605563,True,valid
584,584,23.36,140.38,140.3675,140.39249999999998,T1,11.01015286,True,valid,interpolated,935,936,0.19999999999977264,54.713403093514515,True,valid,,False,no_tower_section_at_tip_height,50.439148538232764,True,valid
585,585,23.4,140.42000000000002,140.40750000000003,140.4325,T1,11.022439980000001,True,valid,interpolated,936,937,0.8000000000002274,55.92724554414029,True,valid,,False,no_tower_section_at_tip_height,48.81037755169974,True,valid
586,586,23.44,140.46,140.44750000000002,140.4725,T1,11.038072020000007,True,valid,interpolated,938,939,0.40000000000068214,57.02249810038212,True,valid,,False,no_tower_section_at_tip_height,47.08289365909477,True,valid
587,587,23.48,140.5,140.4875,140.5125,T1,11.0546112,True,valid,source,940,940,0.0,57.99598751335052,True,valid,,False,no_tower_section_at_tip_height,45.26046042867212,True,valid
588,588,23.52,140.54,140.5275,140.55249999999998,T1,11.069811599999992,True,valid,interpolated,941,942,0.5999999999993179,58.845089400496406,True,valid,,False,no_tower_section_at_tip_height,43.347684737109354,True,valid
589,589,23.56,140.57999999999998,140.5675,140.59249999999997,T1,11.085497839999999,True,valid,interpolated,943,944,0.19999999999977264,59.56736241647915,True,valid,,False,no_tower_section_at_tip_height,41.350899927404214,True,valid
590,590,23.6,140.62,140.60750000000002,140.6325,T1,11.102116960000004,True,valid,interpolated,944,945,0.8000000000002274,60.16018394517734,True,valid,,False,no_tower_section_at_tip_height,39.27708405258386,True,valid
591,591,23.64,140.66,140.6475,140.67249999999999,T1,11.116345039999995,True,valid,interpolated,946,947,0.3999999999995453,60.620469055648115,True,valid,,False,no_tower_section_at_tip_height,37.13321844008813,True,valid
592,592,23.68,140.7,140.6875,140.71249999999998,T1,11.1304216,True,valid,source,948,948,0.0,60.945950566303374,True,valid,,False,no_tower_section_at_tip_height,34.92661956138625,True,valid
593,593,23.72,140.74,140.72750000000002,140.7525,T1,11.145912540000005,True,valid,interpolated,949,950,0.6000000000004547,61.136016152456044,True,valid,,False,no_tower_section_at_tip_height,32.66370566448194,True,valid
594,594,23.76,140.78,140.7675,140.7925,T1,11.163061159999998,True,valid,interpolated,951,952,0.19999999999977264,,False,no_tower_section_at_tip_height,,False,no_tower_section_at_tip_height,30.338372243196936,True,valid
595,595,23.8,140.82,140.8075,140.83249999999998,T1,11.18086508,True,valid,interpolated,952,953,0.8,,False,no_tower_section_at_tip_height,,False,no_tower_section_at_tip_height,27.966852334018334,True,valid
596,596,23.84,140.86,140.84750000000003,140.8725,T1,11.19898052000001,True,valid,interpolated,954,955,0.40000000000068214,,False,no_tower_section_at_tip_height,,False,no_tower_section_at_tip_height,25.56903510685904,True,valid
597,597,23.88,140.9,140.88750000000002,140.9125,T1,11.2181749,True,valid,source,956,956,0.0,,False,no_tower_section_at_tip_height,,False,no_tower_section_at_tip_height,23.16536388196879,True,valid
598,598,23.92,140.94,140.9275,140.9525,T1,11.23676642,True,valid,interpolated,957,958,0.6,,False,no_tower_section_at_tip_height,,False,no_tower_section_at_tip_height,20.78218890238608,True,valid
599,599,23.96,140.98,140.9675,140.99249999999998,T1,11.253962679999997,True,valid,interpolated,959,960,0.19999999999977264,,False,no_tower_section_at_tip_height,,False,no_tower_section_at_tip_height,18.443502481449656,True,valid
600,600,24.0,141.02,141.00750000000002,141.0325,T1,11.268154120000002,True,valid,interpolated,960,961,0.8000000000002274,,False,no_tower_section_at_tip_height,,False,no_tower_section_at_tip_height,16.163945404108297,True,valid
601,601,24.04,141.06,141.0475,141.0725,T1,11.27806742,True,valid,interpolated,962,963,0.4,,False,no_tower_section_at_tip_height,,False,no_tower_section_at_tip_height,14.059091502439093,True,valid
602,602,24.08,141.1,141.0875,141.11249999999998,T1,11.2939148,True,valid,source,964,964,0.0,,False,no_tower_section_at_tip_height,,False,no_tower_section_at_tip_height,12.160569966125365,True,valid
603,603,24.12,141.14,141.1275,141.15249999999997,T1,11.310966679999993,True,valid,interpolated,965,966,0.5999999999993179,,False,no_tower_section_at_tip_height,,False,no_tower_section_at_tip_height,10.650414229991126,True,valid
604,604,24.16,141.18,141.16750000000002,141.1925,T1,11.32658656,True,valid,interpolated,967,968,0.2,,False,no_tower_section_at_tip_height,,False,no_tower_section_at_tip_height,9.652131615737925,True,valid
605,605,24.2,141.22,141.2075,141.2325,T1,11.344680400000001,True,valid,interpolated,968,969,0.8000000000002274,,False,no_tower_section_at_tip_height,,False,no_tower_section_at_tip_height,9.303496646295203,True,valid
606,606,24.24,141.26,141.2475,141.27249999999998,T1,11.363581659999994,True,valid,interpolated,970,971,0.3999999999995453,,False,no_tower_section_at_tip_height,,False,no_tower_section_at_tip_height,9.679870989030801,True,valid
607,607,24.28,141.3,141.28750000000002,141.3125,T1,11.378479,True,valid,source,972,972,0.0,,False,no_tower_section_at_tip_height,,False,no_tower_section_at_tip_height,10.714943845283408,True,valid
608,608,24.32,141.34,141.32750000000001,141.3525,T1,11.394194780000005,True,valid,interpolated,973,974,0.6000000000004547,,False,no_tower_section_at_tip_height,,False,no_tower_section_at_tip_height,12.275263883372796,True,valid
609,609,24.36,141.38,141.3675,141.39249999999998,T1,11.417579459999997,True,valid,interpolated,975,976,0.19999999999977264,,False,no_tower_section_at_tip_height,,False,no_tower_section_at_tip_height,14.229889493808116,True,valid
610,610,24.4,141.42000000000002,141.40750000000003,141.4325,T1,11.438622820000003,True,valid,interpolated,976,977,0.8000000000002274,,False,no_tower_section_at_tip_height,,False,no_tower_section_at_tip_height,16.388796275128048,True,valid
611,611,24.44,141.46,141.44750000000002,141.4725,T1,11.453833040000006,True,valid,interpolated,978,979,0.40000000000068214,,False,no_tower_section_at_tip_height,,False,no_tower_section_at_tip_height,18.724278859811292,True,valid
612,612,24.48,141.5,141.4875,141.5125,T1,11.4727736,True,valid,source,980,980,0.0,,False,no_tower_section_at_tip_height,,False,no_tower_section_at_tip_height,21.134324067235234,True,valid
613,613,24.52,141.54,141.5275,141.55249999999998,T1,11.49602259999999,True,valid,interpolated,981,982,0.5999999999993179,,False,no_tower_section_at_tip_height,,False,no_tower_section_at_tip_height,23.588730446787004,True,valid
614,614,24.56,141.57999999999998,141.5675,141.59249999999997,T1,11.514415199999998,True,valid,interpolated,983,984,0.19999999999977264,,False,no_tower_section_at_tip_height,,False,no_tower_section_at_tip_height,26.07100909997059,True,valid
615,615,24.6,141.62,141.60750000000002,141.6325,T1,11.525493840000003,True,valid,interpolated,984,985,0.8000000000002274,,False,no_tower_section_at_tip_height,,False,no_tower_section_at_tip_height,28.554548032630006,True,valid
616,616,24.64,141.66,141.6475,141.67249999999999,T1,11.539818199999996,True,valid,interpolated,986,987,0.3999999999995453,,False,no_tower_section_at_tip_height,,False,no_tower_section_at_tip_height,31.018604650250346,True,valid
617,617,24.68,141.7,141.6875,141.71249999999998,T1,11.5549707,True,valid,source,988,988,0.0,,False,no_tower_section_at_tip_height,61.02345986911728,True,valid,33.447429072210085,True,valid
618,618,24.72,141.74,141.72750000000002,141.7525,T1,11.568655380000003,True,valid,interpolated,989,990,0.6000000000004547,,False,no_tower_section_at_tip_height,60.72625533044296,True,valid,35.81942729012682,True,valid
619,619,24.76,141.78,141.7675,141.7925,T1,11.582718059999998,True,valid,interpolated,991,992,0.19999999999977264,,False,no_tower_section_at_tip_height,60.28865963442397,True,valid,38.12655160764947,True,valid
620,620,24.8,141.82,141.8075,141.83249999999998,T1,11.60006654,True,valid,interpolated,992,993,0.8,,False,no_tower_section_at_tip_height,59.71468846220323,True,valid,40.36766453658921,True,valid
621,621,24.84,141.86,141.84750000000003,141.8725,T1,11.615481400000006,True,valid,interpolated,994,995,0.40000000000068214,,False,no_tower_section_at_tip_height,59.00866087550889,True,valid,42.531187805223816,True,valid
622,622,24.88,141.9,141.88750000000002,141.9125,T1,11.6286364,True,valid,source,996,996,0.0,,False,no_tower_section_at_tip_height,58.17293253636288,True,valid,44.60680762296454,True,valid
623,623,24.92,141.94,141.9275,141.9525,T1,11.6448097,True,valid,interpolated,997,998,0.6,,False,no_tower_section_at_tip_height,57.209219972112145,True,valid,46.58629566607463,True,valid
624,624,24.96,141.98,141.9675,141.99249999999998,T1,11.660315899999999,True,valid,interpolated,999,1000,0.19999999999977264,,False,no_tower_section_at_tip_height,56.11862730653035,True,valid,48.46267971998444,True,valid
625,625,25.0,142.02,142.00750000000002,142.0325,T1,11.671468540000001,True,valid,interpolated,1000,1001,0.8000000000002274,,False,no_tower_section_at_tip_height,54.90434189759212,True,valid,50.230734126847324,True,valid
626,626,25.04,142.06,142.0475,142.0725,T1,11.67955972,True,valid,interpolated,1002,1003,0.4,,False,no_tower_section_at_tip_height,53.569950591470125,True,valid,51.88734343526759,True,valid
627,627,25.08,142.1,142.0875,142.11249999999998,T1,11.6897802,True,valid,source,1004,1004,0.0,,False,no_tower_section_at_tip_height,52.1198699237109,True,valid,53.42744500446599,True,valid
628,628,25.12,142.14,142.1275,142.15249999999997,T1,11.697299579999997,True,valid,interpolated,1005,1006,0.5999999999993179,,False,no_tower_section_at_tip_height,50.55864420967142,True,valid,54.84593082835659,True,valid
629,629,25.16,142.18,142.16750000000002,142.1925,T1,11.701680560000002,True,valid,interpolated,1007,1008,0.2,,False,no_tower_section_at_tip_height,48.88950181484987,True,valid,56.13668257984973,True,valid
630,630,25.2,142.22,142.2075,142.2325,T1,11.70501536,True,valid,interpolated,1008,1009,0.8000000000002274,,False,no_tower_section_at_tip_height,47.1172688442154,True,valid,57.295036870025626,True,valid
631,631,25.24,142.26,142.2475,142.27249999999998,T1,11.710343739999999,True,valid,interpolated,1010,1011,0.3999999999995453,,False,no_tower_section_at_tip_height,45.24916529564918,True,valid,58.317469086653695,True,valid
632,632,25.28,142.3,142.28750000000002,142.3125,T1,11.7124395,True,valid,source,1012,1012,0.0,,False,no_tower_section_at_tip_height,43.29381876407626,True,valid,59.200027757846755,True,valid
633,633,25.32,142.34,142.32750000000001,142.3525,T1,11.71052856,True,valid,interpolated,1013,1014,0.6000000000004547,,False,no_tower_section_at_tip_height,41.257016017565455,True,valid,59.93916838044697,True,valid
634,634,25.36,142.38,142.3675,142.39249999999998,T1,11.710517920000001,True,valid,interpolated,1015,1016,0.19999999999977264,,False,no_tower_section_at_tip_height,39.14489822326909,True,valid,60.53204244578448,True,valid
635,635,25.4,142.42000000000002,142.40750000000003,142.4325,T1,11.71193928,True,valid,interpolated,1016,1017,0.8000000000002274,,False,no_tower_section_at_tip_height,36.96125337374895,True,valid,60.97576574628552,True,valid
636,636,25.44,142.46,142.44750000000002,142.4725,T1,11.709724799999996,True,valid,interpolated,1018,1019,0.40000000000068214,,False,no_tower_section_at_tip_height,34.70037474043239,True,valid,61.26883362923477,True,valid
637,637,25.48,142.5,142.4875,142.5125,T1,11.7057076,True,valid,source,1020,1020,0.0,,False,no_tower_section_at_tip_height,32.38844761806816,True,valid,,False,no_tower_section_at_tip_height
638,638,25.52,142.54,142.5275,142.55249999999998,T1,11.70493832,True,valid,interpolated,1021,1022,0.5999999999993179,,False,no_tower_section_at_tip_height,30.037188013546402,True,valid,,False,no_tower_section_at_tip_height
639,639,25.56,142.57999999999998,142.5675,142.59249999999997,T1,11.704403840000001,True,valid,interpolated,1023,1024,0.19999999999977264,,False,no_tower_section_at_tip_height,27.66817824997607,True,valid,,False,no_tower_section_at_tip_height
640,640,25.6,142.62,142.60750000000002,142.6325,T1,11.700692960000001,True,valid,interpolated,1024,1025,0.8000000000002274,,False,no_tower_section_at_tip_height,25.305476558047463,True,valid,,False,no_tower_section_at_tip_height
641,641,25.64,142.66,142.6475,142.67249999999999,T1,11.69647466,True,valid,interpolated,1026,1027,0.3999999999995453,,False,no_tower_section_at_tip_height,22.975112559447773,True,valid,,False,no_tower_section_at_tip_height
642,642,25.68,142.7,142.6875,142.71249999999998,T1,11.6926489,True,valid,source,1028,1028,0.0,,False,no_tower_section_at_tip_height,20.681765916531578,True,valid,,False,no_tower_section_at_tip_height
643,643,25.72,142.74,142.72750000000002,142.7525,T1,11.686211199999997,True,valid,interpolated,1029,1030,0.6000000000004547,,False,no_tower_section_at_tip_height,18.506281566977258,True,valid,,False,no_tower_section_at_tip_height
644,644,25.76,142.78,142.7675,142.7925,T1,11.676937460000001,True,valid,interpolated,1031,1032,0.19999999999977264,,False,no_tower_section_at_tip_height,16.49246026215562,True,valid,,False,no_tower_section_at_tip_height
645,645,25.8,142.82,142.8075,142.83249999999998,T1,11.666841539999998,True,valid,interpolated,1032,1033,0.8,,False,no_tower_section_at_tip_height,14.684172168961389,True,valid,,False,no_tower_section_at_tip_height
646,646,25.84,142.86,142.84750000000003,142.8725,T1,11.656789579999995,True,valid,interpolated,1034,1035,0.40000000000068214,,False,no_tower_section_at_tip_height,13.224425021938643,True,valid,,False,no_tower_section_at_tip_height
647,647,25.88,142.9,142.88750000000002,142.9125,T1,11.6447134,True,valid,source,1036,1036,0.0,,False,no_tower_section_at_tip_height,12.240254960614724,True,valid,,False,no_tower_section_at_tip_height
648,648,25.92,142.94,142.9275,142.9525,T1,11.632944120000001,True,valid,interpolated,1037,1038,0.6,,False,no_tower_section_at_tip_height,11.798132417350859,True,valid,,False,no_tower_section_at_tip_height
649,649,25.96,142.98,142.9675,142.99249999999998,T1,11.623196240000002,True,valid,interpolated,1039,1040,0.19999999999977264,,False,no_tower_section_at_tip_height,11.967469570224896,True,valid,,False,no_tower_section_at_tip_height
650,650,26.0,143.02,143.00750000000002,143.0325,T1,11.61465664,True,valid,interpolated,1040,1041,0.8000000000002274,,False,no_tower_section_at_tip_height,12.734845665587718,True,valid,,False,no_tower_section_at_tip_height
651,651,26.04,143.06,143.0475,143.0725,T1,11.60594596,True,valid,interpolated,1042,1043,0.4,,False,no_tower_section_at_tip_height,14.027913116169946,True,valid,,False,no_tower_section_at_tip_height
652,652,26.08,143.1,143.0875,143.11249999999998,T1,11.5972567,True,valid,source,1044,1044,0.0,,False,no_tower_section_at_tip_height,15.70003835009357,True,valid,,False,no_tower_section_at_tip_height
653,653,26.12,143.14,143.1275,143.15249999999997,T1,11.590202900000005,True,valid,interpolated,1045,1046,0.5999999999993179,,False,no_tower_section_at_tip_height,17.66634445614818,True,valid,,False,no_tower_section_at_tip_height
654,654,26.16,143.18,143.16750000000002,143.1925,T1,11.58182508,True,valid,interpolated,1047,1048,0.2,,False,no_tower_section_at_tip_height,19.809762140273417,True,valid,,False,no_tower_section_at_tip_height
655,655,26.2,143.22,143.2075,143.2325,T1,11.572889479999999,True,valid,interpolated,1048,1049,0.8000000000002274,,False,no_tower_section_at_tip_height,22.09649514668822,True,valid,,False,no_tower_section_at_tip_height
656,656,26.24,143.26,143.2475,143.27249999999998,T1,11.564022420000002,True,valid,interpolated,1050,1051,0.3999999999995453,,False,no_tower_section_at_tip_height,24.445556353712554,True,valid,,False,no_tower_section_at_tip_height
657,657,26.28,143.3,143.28750000000002,143.3125,T1,11.5546103,True,valid,source,1052,1052,0.0,,False,no_tower_section_at_tip_height,26.824455349939075,True,valid,,False,no_tower_section_at_tip_height
658,658,26.32,143.34,143.32750000000001,143.3525,T1,11.543161979999997,True,valid,interpolated,1053,1054,0.6000000000004547,,False,no_tower_section_at_tip_height,29.22203911547293,True,valid,,False,no_tower_section_at_tip_height
659,659,26.36,143.38,143.3675,143.39249999999998,T1,11.531696140000003,True,valid,interpolated,1055,1056,0.19999999999977264,,False,no_tower_section_at_tip_height,31.61042744418392,True,valid,,False,no_tower_section_at_tip_height
660,660,26.4,143.42000000000002,143.40750000000003,143.4325,T1,11.5217619,True,valid,interpolated,1056,1057,0.8000000000002274,61.32482375614787,True,valid,33.96872190605027,True,valid,,False,no_tower_section_at_tip_height
661,661,26.44,143.46,143.44750000000002,143.4725,T1,11.510852439999994,True,valid,interpolated,1058,1059,0.40000000000068214,61.05946052383145,True,valid,36.28211492086297,True,valid,,False,no_tower_section_at_tip_height
662,662,26.48,143.5,143.4875,143.5125,T1,11.4974947,True,valid,source,1060,1060,0.0,60.65631692677627,True,valid,38.538186972887374,True,valid,,False,no_tower_section_at_tip_height
663,663,26.52,143.54,143.5275,143.55249999999998,T1,11.483742720000004,True,valid,interpolated,1061,1062,0.5999999999993179,60.11914117538365,True,valid,40.71657577240813,True,valid,,False,no_tower_section_at_tip_height
664,664,26.56,143.57999999999998,143.5675,143.59249999999997,T1,11.472019920000003,True,valid,interpolated,1063,1064,0.19999999999977264,59.45002622578065,True,valid,42.8185743889317,True,valid,,False,no_tower_section_at_tip_height
665,665,26.6,143.62,143.60750000000002,143.6325,T1,11.458907279999998,True,valid,interpolated,1064,1065,0.8000000000002274,58.650280424058444,True,valid,44.83820792669191,True,valid,,False,no_tower_section_at_tip_height
666,666,26.64,143.66,143.6475,143.67249999999999,T1,11.445586180000003,True,valid,interpolated,1066,1067,0.3999999999995453,57.72033700135634,True,valid,46.7663567093524,True,valid,,False,no_tower_section_at_tip_height
667,667,26.68,143.7,143.6875,143.71249999999998,T1,11.433383,True,valid,source,1068,1068,0.0,56.66308573630593,True,valid,48.595384792496226,True,valid,,False,no_tower_section_at_tip_height
668,668,26.72,143.74,143.72750000000002,143.7525,T1,11.420885859999995,True,valid,interpolated,1069,1070,0.6000000000004547,55.484253923887884,True,valid,50.31869121910997,True,valid,,False,no_tower_section_at_tip_height
669,669,26.76,143.78,143.7675,143.7925,T1,11.407130220000003,True,valid,interpolated,1071,1072,0.19999999999977264,54.19050642529601,True,valid,51.932185261274995,True,valid,,False,no_tower_section_at_tip_height
670,670,26.8,143.82,143.8075,143.83249999999998,T1,11.39360182,True,valid,interpolated,1072,1073,0.8,52.78854520061593,True,valid,53.431891690193446,True,valid,,False,no_tower_section_at_tip_height
671,671,26.84,143.86,143.84750000000003,143.8725,T1,11.379674899999994,True,valid,interpolated,1074,1075,0.40000000000068214,51.28182336424515,True,valid,54.81483018044223,True,valid,,False,no_tower_section_at_tip_height
672,672,26.88,143.9,143.88750000000002,143.9125,T1,11.3637686,True,valid,source,1076,1076,0.0,49.67172792854349,True,valid,56.0769764218966,True,valid,,False,no_tower_section_at_tip_height
673,673,26.92,143.94,143.9275,143.9525,T1,11.34605792,True,valid,interpolated,1077,1078,0.6,47.95965335066986,True,valid,57.21427286709405,True,valid,,False,no_tower_section_at_tip_height
674,674,26.96,143.98,143.9675,143.99249999999998,T1,11.328460660000003,True,valid,interpolated,1079,1080,0.19999999999977264,46.15029517199618,True,valid,58.22341648984803,True,valid,,False,no_tower_section_at_tip_height
675,675,27.0,144.02,144.00750000000002,144.0325,T1,11.310765859999998,True,valid,interpolated,1080,1081,0.8000000000002274,44.249313044715265,True,valid,59.101419827343236,True,valid,,False,no_tower_section_at_tip_height
676,676,27.04,144.06,144.0475,144.0725,T1,11.29419136,True,valid,interpolated,1082,1083,0.4,42.26458494543865,True,valid,59.84586057795327,True,valid,,False,no_tower_section_at_tip_height
677,677,27.08,144.1,144.0875,144.11249999999998,T1,11.2768717,True,valid,source,1084,1084,0.0,40.204285698774534,True,valid,60.45505199634641,True,valid,,False,no_tower_section_at_tip_height
678,678,27.12,144.14,144.1275,144.15249999999997,T1,11.259808720000008,True,valid,interpolated,1085,1086,0.5999999999993179,38.0635226834197,True,valid,60.92804645973154,True,valid,,False,no_tower_section_at_tip_height
679,679,27.16,144.18,144.16750000000002,144.1925,T1,11.24280908,True,valid,interpolated,1087,1088,0.2,35.862138331046026,True,valid,61.263325994699095,True,valid,,False,no_tower_section_at_tip_height
680,680,27.2,144.22,144.2075,144.2325,T1,11.224696119999997,True,valid,interpolated,1088,1089,0.8000000000002274,33.61733931705745,True,valid,61.45899879894767,True,valid,,False,no_tower_section_at_tip_height
681,681,27.24,144.26,144.2475,144.27249999999998,T1,11.207256300000005,True,valid,interpolated,1090,1091,0.3999999999995453,31.338454556608156,True,valid,,False,no_tower_section_at_tip_height,,False,no_tower_section_at_tip_height
682,682,27.28,144.3,144.28750000000002,144.3125,T1,11.1915522,True,valid,source,1092,1092,0.0,29.035599776517426,True,valid,,False,no_tower_section_at_tip_height,,False,no_tower_section_at_tip_height
683,683,27.32,144.34,144.32750000000001,144.3525,T1,11.176551619999994,True,valid,interpolated,1093,1094,0.6000000000004547,26.72981591630456,True,valid,,False,no_tower_section_at_tip_height,,False,no_tower_section_at_tip_height
684,684,27.36,144.38,144.3675,144.39249999999998,T1,11.160226620000003,True,valid,interpolated,1095,1096,0.19999999999977264,24.446278600666698,True,valid,,False,no_tower_section_at_tip_height,,False,no_tower_section_at_tip_height
685,685,27.4,144.42000000000002,144.40750000000003,144.4325,T1,11.145692619999997,True,valid,interpolated,1096,1097,0.8000000000002274,22.1817776400907,True,valid,,False,no_tower_section_at_tip_height,,False,no_tower_section_at_tip_height
686,686,27.44,144.46,144.44750000000002,144.4725,T1,11.133037959999996,True,valid,interpolated,1098,1099,0.40000000000068214,19.979510378387705,True,valid,,False,no_tower_section_at_tip_height,,False,no_tower_section_at_tip_height
687,687,27.48,144.5,144.4875,144.5125,T1,11.118907,True,valid,source,1100,1100,0.0,17.90372910516523,True,valid,,False,no_tower_section_at_tip_height,,False,no_tower_section_at_tip_height
688,688,27.52,144.54,144.5275,144.55249999999998,T1,11.100517660000008,True,valid,interpolated,1101,1102,0.5999999999993179,15.981292409410782,True,valid,,False,no_tower_section_at_tip_height,,False,no_tower_section_at_tip_height
689,689,27.56,144.57999999999998,144.5675,144.59249999999997,T1,11.082679380000002,True,valid,interpolated,1103,1104,0.19999999999977264,14.301104918423375,True,valid,,False,no_tower_section_at_tip_height,,False,no_tower_section_at_tip_height
690,690,27.6,144.62,144.60750000000002,144.6325,T1,11.065869539999998,True,valid,interpolated,1104,1105,0.8000000000002274,12.948026247942794,True,valid,,False,no_tower_section_at_tip_height,,False,no_tower_section_at_tip_height
691,691,27.64,144.66,144.6475,144.67249999999999,T1,11.048863800000005,True,valid,interpolated,1106,1107,0.3999999999995453,12.041070706182268,True,valid,,False,no_tower_section_at_tip_height,,False,no_tower_section_at_tip_height
692,692,27.68,144.7,144.6875,144.71249999999998,T1,11.0316114,True,valid,source,1108,1108,0.0,11.631095618939922,True,valid,,False,no_tower_section_at_tip_height,,False,no_tower_section_at_tip_height
693,693,27.72,144.74,144.72750000000002,144.7525,T1,11.015892439999996,True,valid,interpolated,1109,1110,0.6000000000004547,11.764854569152291,True,valid,,False,no_tower_section_at_tip_height,,False,no_tower_section_at_tip_height
694,694,27.76,144.78,144.7675,144.7925,T1,11.001888480000002,True,valid,interpolated,1111,1112,0.19999999999977264,12.454015336631786,True,valid,,False,no_tower_section_at_tip_height,,False,no_tower_section_at_tip_height
695,695,27.8,144.82,144.8075,144.83249999999998,T1,10.98682728,True,valid,interpolated,1112,1113,0.8,13.639711548080177,True,valid,,False,no_tower_section_at_tip_height,,False,no_tower_section_at_tip_height
696,696,27.84,144.86,144.84750000000003,144.8725,T1,10.972653979999995,True,valid,interpolated,1114,1115,0.40000000000068214,15.181001163690542,True,valid,,False,no_tower_section_at_tip_height,,False,no_tower_section_at_tip_height
697,697,27.88,144.9,144.88750000000002,144.9125,T1,10.9593401,True,valid,source,1116,1116,0.0,17.01415638203663,True,valid,,False,no_tower_section_at_tip_height,,False,no_tower_section_at_tip_height
698,698,27.92,144.94,144.9275,144.9525,T1,10.94781114,True,valid,interpolated,1117,1118,0.6,19.01161133214831,True,valid,,False,no_tower_section_at_tip_height,,False,no_tower_section_at_tip_height
699,699,27.96,144.98,144.9675,144.99249999999998,T1,10.936576300000004,True,valid,interpolated,1119,1120,0.19999999999977264,21.154660735563425,True,valid,,False,no_tower_section_at_tip_height,,False,no_tower_section_at_tip_height
700,700,28.0,145.02,145.00750000000002,145.0325,T1,10.925794379999997,True,valid,interpolated,1120,1121,0.8000000000002274,23.371436445247404,True,valid,,False,no_tower_section_at_tip_height,,False,no_tower_section_at_tip_height
701,701,28.04,145.06,145.0475,145.0725,T1,10.91631776,True,valid,interpolated,1122,1123,0.4,25.61705341140021,True,valid,,False,no_tower_section_at_tip_height,,False,no_tower_section_at_tip_height
702,702,28.08,145.1,145.0875,145.11249999999998,T1,10.9064856,True,valid,source,1124,1124,0.0,27.88753650521243,True,valid,,False,no_tower_section_at_tip_height,,False,no_tower_section_at_tip_height
703,703,28.12,145.14,145.1275,145.15249999999997,T1,10.896581800000003,True,valid,interpolated,1125,1126,0.5999999999993179,30.15560165595704,True,valid,,False,no_tower_section_at_tip_height,,False,no_tower_section_at_tip_height
704,704,28.16,145.18,145.16750000000002,145.1925,T1,10.888357540000001,True,valid,interpolated,1127,1128,0.2,32.401559527137934,True,valid,,False,no_tower_section_at_tip_height,,False,no_tower_section_at_tip_height
705,705,28.2,145.22,145.2075,145.2325,T1,10.881977059999999,True,valid,interpolated,1128,1129,0.8000000000002274,34.61226604706662,True,valid,,False,no_tower_section_at_tip_height,61.251020376076745,True,valid
706,706,28.24,145.26,145.2475,145.27249999999998,T1,10.874143440000003,True,valid,interpolated,1130,1131,0.3999999999995453,36.78078284290932,True,valid,,False,no_tower_section_at_tip_height,60.957062878194286,True,valid
707,707,28.28,145.3,145.28750000000002,145.3125,T1,10.8648109,True,valid,source,1132,1132,0.0,38.89052991273061,True,valid,,False,no_tower_section_at_tip_height,60.540169680287995,True,valid
708,708,28.32,145.34,145.32750000000001,145.3525,T1,10.856561499999998,True,valid,interpolated,1133,1134,0.6000000000004547,40.93939775618653,True,valid,,False,no_tower_section_at_tip_height,60.003344621893426,True,valid
709,709,28.36,145.38,145.3675,145.39249999999998,T1,10.850816120000001,True,valid,interpolated,1135,1136,0.19999999999977264,42.92214910937485,True,valid,,False,no_tower_section_at_tip_height,59.3481331562212,True,valid
710,710,28.4,145.42000000000002,145.40750000000003,145.4325,T1,10.84376124,True,valid,interpolated,1136,1137,0.8000000000002274,44.83011955796611,True,valid,,False,no_tower_section_at_tip_height,58.57583920415528,True,valid
711,711,28.44,145.46,145.44750000000002,145.4725,T1,10.834854499999995,True,valid,interpolated,1138,1139,0.40000000000068214,46.65602542371117,True,valid,,False,no_tower_section_at_tip_height,57.687468384582324,True,valid
712,712,28.48,145.5,145.4875,145.5125,T1,10.8243761,True,valid,source,1140,1140,0.0,48.39453153792777,True,valid,,False,no_tower_section_at_tip_height,56.685041147286974,True,valid
713,713,28.52,145.54,145.5275,145.55249999999998,T1,10.815422660000003,True,valid,interpolated,1141,1142,0.5999999999993179,50.04108924475925,True,valid,,False,no_tower_section_at_tip_height,55.56997901586663,True,valid
714,714,28.56,145.57999999999998,145.5675,145.59249999999997,T1,10.806540660000001,True,valid,interpolated,1143,1144,0.19999999999977264,51.59190915927688,True,valid,,False,no_tower_section_at_tip_height,54.34500620921721,True,valid
715,715,28.6,145.62,145.60750000000002,145.6325,T1,10.79693066,True,valid,interpolated,1144,1145,0.8000000000002274,53.0424072550133,True,valid,,False,no_tower_section_at_tip_height,53.014822988612224,True,valid
716,716,28.64,145.66,145.6475,145.67249999999999,T1,10.787063240000002,True,valid,interpolated,1146,1147,0.3999999999995453,54.38772906408956,True,valid,,False,no_tower_section_at_tip_height,51.58466550820599,True,valid
717,717,28.68,145.7,145.6875,145.71249999999998,T1,10.780221,True,valid,source,1148,1148,0.0,55.6241708035572,True,valid,,False,no_tower_section_at_tip_height,50.057935907655136,True,valid
718,718,28.72,145.74,145.72750000000002,145.7525,T1,10.774225979999997,True,valid,interpolated,1149,1150,0.6000000000004547,56.74888879672482,True,valid,,False,no_tower_section_at_tip_height,48.43706403048479,True,valid
719,719,28.76,145.78,145.7675,145.7925,T1,10.766547560000003,True,valid,interpolated,1151,1152,0.19999999999977264,57.75820456130242,True,valid,,False,no_tower_section_at_tip_height,46.72698448664191,True,valid
720,720,28.8,145.82,145.8075,145.83249999999998,T1,10.75738852,True,valid,interpolated,1152,1153,0.8,58.64896755862583,True,valid,,False,no_tower_section_at_tip_height,44.93369932351757,True,valid
721,721,28.84,145.86,145.84750000000003,145.8725,T1,10.750846679999999,True,valid,interpolated,1154,1155,0.40000000000068214,59.419036625435126,True,valid,,False,no_tower_section_at_tip_height,43.061797290814624,True,valid
722,722,28.88,145.9,145.88750000000002,145.9125,T1,10.7439775,True,valid,source,1156,1156,0.0,60.0669625667293,True,valid,,False,no_tower_section_at_tip_height,41.115058343820984,True,valid
723,723,28.92,145.94,145.9275,145.9525,T1,10.73313086,True,valid,interpolated,1157,1158,0.6,60.59138382476477,True,valid,,False,no_tower_section_at_tip_height,39.09735692537052,True,valid
724,724,28.96,145.98,145.9675,145.99249999999998,T1,10.721657140000003,True,valid,interpolated,1159,1160,0.19999999999977264,60.99137315013675,True,valid,,False,no_tower_section_at_tip_height,37.01295825786184,True,valid
725,725,29.0,146.02,146.00750000000002,146.0325,T1,10.71255682,True,valid,interpolated,1160,1161,0.8000000000002274,61.26558065291767,True,valid,,False,no_tower_section_at_tip_height,34.86141708789466,True,valid
726,726,29.04,146.06,146.0475,146.0725,T1,10.70513152,True,valid,interpolated,1162,1163,0.4,,False,no_tower_section_at_tip_height,,False,no_tower_section_at_tip_height,32.66327317020768,True,valid
727,727,29.08,146.1,146.0875,146.11249999999998,T1,10.6964531,True,valid,source,1164,1164,0.0,,False,no_tower_section_at_tip_height,,False,no_tower_section_at_tip_height,30.43164483938175,True,valid
728,728,29.12,146.14,146.1275,146.15249999999997,T1,10.687583880000004,True,valid,interpolated,1165,1166,0.5999999999993179,,False,no_tower_section_at_tip_height,,False,no_tower_section_at_tip_height,28.18304971945051,True,valid
729,729,29.16,146.18,146.16750000000002,146.1925,T1,10.6804024,True,valid,interpolated,1167,1168,0.2,,False,no_tower_section_at_tip_height,,False,no_tower_section_at_tip_height,25.93419768977499,True,valid
730,730,29.2,146.22,146.2075,146.2325,T1,10.673758719999999,True,valid,interpolated,1168,1169,0.8000000000002274,,False,no_tower_section_at_tip_height,,False,no_tower_section_at_tip_height,23.70698561445795,True,valid
731,731,29.24,146.26,146.2475,146.27249999999998,T1,10.666787740000002,True,valid,interpolated,1170,1171,0.3999999999995453,,False,no_tower_section_at_tip_height,,False,no_tower_section_at_tip_height,21.517010750270913,True,valid
732,732,29.28,146.3,146.28750000000002,146.3125,T1,10.6618929,True,valid,source,1172,1172,0.0,,False,no_tower_section_at_tip_height,,False,no_tower_section_at_tip_height,19.366347934880363,True,valid
733,733,29.32,146.34,146.32750000000001,146.3525,T1,10.6591528,True,valid,interpolated,1173,1174,0.6000000000004547,,False,no_tower_section_at_tip_height,,False,no_tower_section_at_tip_height,17.324275795705795,True,valid
734,734,29.36,146.38,146.3675,146.39249999999998,T1,10.655923100000003,True,valid,interpolated,1175,1176,0.19999999999977264,,False,no_tower_section_at_tip_height,,False,no_tower_section_at_tip_height,15.432844364683929,True,valid
735,735,29.4,146.42000000000002,146.40750000000003,146.4325,T1,10.65141638,True,valid,interpolated,1176,1177,0.8000000000002274,,False,no_tower_section_at_tip_height,,False,no_tower_section_at_tip_height,13.709013646943157,True,valid
736,736,29.44,146.46,146.44750000000002,146.4725,T1,10.647398359999999,True,valid,interpolated,1178,1179,0.40000000000068214,,False,no_tower_section_at_tip_height,,False,no_tower_section_at_tip_height,12.298426201292816,True,valid
737,737,29.48,146.5,146.4875,146.5125,T1,10.6446667,True,valid,source,1180,1180,0.0,,False,no_tower_section_at_tip_height,,False,no_tower_section_at_tip_height,11.272630292139729,True,valid
738,738,29.52,146.54,146.5275,146.55249999999998,T1,10.642265720000001,True,valid,interpolated,1181,1182,0.5999999999993179,,False,no_tower_section_at_tip_height,,False,no_tower_section_at_tip_height,10.716581186015514,True,valid
739,739,29.56,146.57999999999998,146.5675,146.59249999999997,T1,10.64039406,True,valid,interpolated,1183,1184,0.19999999999977264,,False,no_tower_section_at_tip_height,,False,no_tower_section_at_tip_height,10.721984439603238,True,valid
740,740,29.6,146.62,146.60750000000002,146.6325,T1,10.64108678,True,valid,interpolated,1184,1185,0.8000000000002274,,False,no_tower_section_at_tip_height,,False,no_tower_section_at_tip_height,11.290748817594503,True,valid
741,741,29.64,146.66,146.6475,146.67249999999999,T1,10.64153938,True,valid,interpolated,1186,1187,0.3999999999995453,,False,no_tower_section_at_tip_height,,False,no_tower_section_at_tip_height,12.369242891340594,True,valid
742,742,29.68,146.7,146.6875,146.71249999999998,T1,10.6404305,True,valid,source,1188,1188,0.0,,False,no_tower_section_at_tip_height,,False,no_tower_section_at_tip_height,13.80755333941035,True,valid
743,743,29.72,146.74,146.72750000000002,146.7525,T1,10.63951622,True,valid,interpolated,1189,1190,0.6000000000004547,,False,no_tower_section_at_tip_height,,False,no_tower_section_at_tip_height,15.57240140606642,True,valid
744,744,29.76,146.78,146.7675,146.7925,T1,10.64126624,True,valid,interpolated,1191,1192,0.19999999999977264,,False,no_tower_section_at_tip_height,,False,no_tower_section_at_tip_height,17.51494894059053,True,valid
745,745,29.8,146.82,146.8075,146.83249999999998,T1,10.6437504,True,valid,interpolated,1192,1193,0.8,,False,no_tower_section_at_tip_height,,False,no_tower_section_at_tip_height,19.623182433225704,True,valid
746,746,29.84,146.86,146.84750000000003,146.8725,T1,10.647144860000001,True,valid,interpolated,1194,1195,0.40000000000068214,,False,no_tower_section_at_tip_height,,False,no_tower_section_at_tip_height,21.81689902298261,True,valid
747,747,29.88,146.9,146.88750000000002,146.9125,T1,10.6533833,True,valid,source,1196,1196,0.0,,False,no_tower_section_at_tip_height,,False,no_tower_section_at_tip_height,24.043877721348995,True,valid
748,748,29.92,146.94,146.9275,146.9525,T1,10.663525759999999,True,valid,interpolated,1197,1198,0.6,,False,no_tower_section_at_tip_height,,False,no_tower_section_at_tip_height,26.302191828093893,True,valid
749,749,29.96,146.98,146.9675,146.99249999999998,T1,10.672704159999999,True,valid,interpolated,1199,1200,0.19999999999977264,,False,no_tower_section_at_tip_height,,False,no_tower_section_at_tip_height,28.568086130127206,True,valid
750,750,30.0,147.02,147.00750000000002,147.0325,T1,10.68093776,True,valid,interpolated,1200,1201,0.8000000000002274,,False,no_tower_section_at_tip_height,,False,no_tower_section_at_tip_height,30.822684801163714,True,valid
751,751,30.04,147.06,147.0475,147.0725,T1,10.68785682,True,valid,interpolated,1202,1203,0.4,,False,no_tower_section_at_tip_height,61.337463682147316,True,valid,33.05039887093509,True,valid
752,752,30.08,147.1,147.0875,147.11249999999998,T1,10.6918116,True,valid,source,1204,1204,0.0,,False,no_tower_section_at_tip_height,61.12896265079325,True,valid,35.239979823131485,True,valid
753,753,30.12,147.14,147.1275,147.15249999999997,T1,10.69261874,True,valid,interpolated,1205,1206,0.5999999999993179,,False,no_tower_section_at_tip_height,60.79760706301045,True,valid,37.373687718239275,True,valid
754,754,30.16,147.18,147.16750000000002,147.1925,T1,10.69479274,True,valid,interpolated,1207,1208,0.2,,False,no_tower_section_at_tip_height,60.34651712948797,True,valid,39.4501943603501,True,valid
755,755,30.2,147.22,147.2075,147.2325,T1,10.697969619999999,True,valid,interpolated,1208,1209,0.8000000000002274,,False,no_tower_section_at_tip_height,59.77985330923889,True,valid,41.462651629185125,True,valid
756,756,30.24,147.26,147.2475,147.27249999999998,T1,10.701558319999998,True,valid,interpolated,1210,1211,0.3999999999995453,,False,no_tower_section_at_tip_height,59.097373817314235,True,valid,43.40453074822018,True,valid
757,757,30.28,147.3,147.28750000000002,147.3125,T1,10.7053165,True,valid,source,1212,1212,0.0,,False,no_tower_section_at_tip_height,58.29822575527987,True,valid,45.27069647467629,True,valid
758,758,30.32,147.34,147.32750000000001,147.3525,T1,10.70814344,True,valid,interpolated,1213,1214,0.6000000000004547,,False,no_tower_section_at_tip_height,57.384293918012155,True,valid,47.053933102033746,True,valid
759,759,30.36,147.38,147.3675,147.39249999999998,T1,10.709425900000001,True,valid,interpolated,1215,1216,0.19999999999977264,,False,no_tower_section_at_tip_height,56.35808187465183,True,valid,48.75091603130379,True,valid
760,760,30.4,147.42000000000002,147.40750000000003,147.4325,T1,10.708704139999998,True,valid,interpolated,1216,1217,0.8000000000002274,,False,no_tower_section_at_tip_height,55.22089683260806,True,valid,50.35914343644673,True,valid
761,761,30.44,147.46,147.44750000000002,147.4725,T1,10.71063634,True,valid,interpolated,1218,1219,0.40000000000068214,,False,no_tower_section_at_tip_height,53.97655139202895,True,valid,51.87346257973236,True,valid
762,762,30.48,147.5,147.4875,147.5125,T1,10.714386,True,valid,source,1220,1220,0.0,,False,no_tower_section_at_tip_height,52.62973263528068,True,valid,53.28801475766899,True,valid
763,763,30.52,147.54,147.5275,147.55249999999998,T1,10.717361859999999,True,valid,interpolated,1221,1222,0.5999999999993179,,False,no_tower_section_at_tip_height,51.180574662655346,True,valid,54.599415572354445,True,valid
764,764,30.56,147.57999999999998,147.5675,147.59249999999997,T1,10.72250364,True,valid,interpolated,1223,1224,0.19999999999977264,,False,no_tower_section_at_tip_height,49.630616158532845,True,valid,55.80350732445588,True,valid
765,765,30.6,147.62,147.60750000000002,147.6325,T1,10.728814680000001,True,valid,interpolated,1224,1225,0.8000000000002274,,False,no_tower_section_at_tip_height,47.98441031064076,True,valid,56.896894194735616,True,valid
766,766,30.64,147.66,147.6475,147.67249999999999,T1,10.73031348,True,valid,interpolated,1226,1227,0.3999999999995453,,False,no_tower_section_at_tip_height,46.24734023248977,True,valid,57.87679905444783,True,valid
767,767,30.68,147.7,147.6875,147.71249999999998,T1,10.7279911,True,valid,source,1228,1228,0.0,,False,no_tower_section_at_tip_height,44.42344742388921,True,valid,58.74092178663735,True,valid
768,768,30.72,147.74,147.72750000000002,147.7525,T1,10.723508039999999,True,valid,interpolated,1229,1230,0.6000000000004547,,False,no_tower_section_at_tip_height,42.515908287898085,True,valid,59.48778065081704,True,valid
769,769,30.76,147.78,147.7675,147.7925,T1,10.718829880000001,True,valid,interpolated,1231,1232,0.19999999999977264,,False,no_tower_section_at_tip_height,40.53130601776688,True,valid,60.11454587466862,True,valid
770,770,30.8,147.82,147.8075,147.83249999999998,T1,10.714232439999998,True,valid,interpolated,1232,1233,0.8,,False,no_tower_section_at_tip_height,38.473906699888296,True,valid,60.619025292748184,True,valid
771,771,30.84,147.86,147.84750000000003,147.8725,T1,10.7119507,True,valid,interpolated,1234,1235,0.40000000000068214,,False,no_tower_section_at_tip_height,36.34772116632753,True,valid,61.000027455434996,True,valid
772,772,30.88,147.9,147.88750000000002,147.9125,T1,10.708889,True,valid,source,1236,1236,0.0,,False,no_tower_section_at_tip_height,34.15407625959148,True,valid,61.25593172863658,True,valid
773,773,30.92,147.94,147.9275,147.9525,T1,10.70312612,True,valid,interpolated,1237,1238,0.6,,False,no_tower_section_at_tip_height,31.905513516901816,True,valid,,False,no_tower_section_at_tip_height
774,774,30.96,147.98,147.9675,147.99249999999998,T1,10.69877244,True,valid,interpolated,1239,1240,0.19999999999977264,,False,no_tower_section_at_tip_height,29.621115491985176,True,valid,,False,no_tower_section_at_tip_height
775,775,31.0,148.02,148.00750000000002,148.0325,T1,10.69924772,True,valid,interpolated,1240,1241,0.8000000000002274,,False,no_tower_section_at_tip_height,27.314852179445214,True,valid,,False,no_tower_section_at_tip_height
776,776,31.04,148.06,148.0475,148.0725,T1,10.69898968,True,valid,interpolated,1242,1243,0.4,,False,no_tower_section_at_tip_height,25.00578299535543,True,valid,,False,no_tower_section_at_tip_height
777,777,31.08,148.1,148.0875,148.11249999999998,T1,10.6982927,True,valid,source,1244,1244,0.0,,False,no_tower_section_at_tip_height,22.715577126831086,True,valid,,False,no_tower_section_at_tip_height
778,778,31.12,148.14,148.1275,148.15249999999997,T1,10.700333819999997,True,valid,interpolated,1245,1246,0.5999999999993179,,False,no_tower_section_at_tip_height,20.469715435013867,True,valid,,False,no_tower_section_at_tip_height
779,779,31.16,148.18,148.16750000000002,148.1925,T1,10.704738440000002,True,valid,interpolated,1247,1248,0.2,,False,no_tower_section_at_tip_height,18.257161132297636,True,valid,,False,no_tower_section_at_tip_height
780,780,31.2,148.22,148.2075,148.2325,T1,10.706439000000001,True,valid,interpolated,1248,1249,0.8000000000002274,,False,no_tower_section_at_tip_height,16.15891217744391,True,valid,,False,no_tower_section_at_tip_height
781,781,31.24,148.26,148.2475,148.27249999999998,T1,10.70530414,True,valid,interpolated,1250,1251,0.3999999999995453,,False,no_tower_section_at_tip_height,14.23991035567312,True,valid,,False,no_tower_section_at_tip_height
782,782,31.28,148.3,148.28750000000002,148.3125,T1,10.7022676,True,valid,source,1252,1252,0.0,,False,no_tower_section_at_tip_height,12.518241378556453,True,valid,,False,no_tower_section_at_tip_height
783,783,31.32,148.34,148.32750000000001,148.3525,T1,10.698132179999998,True,valid,interpolated,1253,1254,0.6000000000004547,,False,no_tower_section_at_tip_height,11.153562906317527,True,valid,,False,no_tower_section_at_tip_height
784,784,31.36,148.38,148.3675,148.39249999999998,T1,10.69351044,True,valid,interpolated,1255,1256,0.19999999999977264,,False,no_tower_section_at_tip_height,10.248560644783195,True,valid,,False,no_tower_section_at_tip_height
785,785,31.4,148.42000000000002,148.40750000000003,148.4325,T1,10.69018404,True,valid,interpolated,1256,1257,0.8000000000002274,,False,no_tower_section_at_tip_height,9.886027713283466,True,valid,,False,no_tower_section_at_tip_height
786,786,31.44,148.46,148.44750000000002,148.4725,T1,10.6885643,True,valid,interpolated,1258,1259,0.40000000000068214,,False,no_tower_section_at_tip_height,10.125178004711154,True,valid,,False,no_tower_section_at_tip_height
787,787,31.48,148.5,148.4875,148.5125,T1,10.6871662,True,valid,source,1260,1260,0.0,,False,no_tower_section_at_tip_height,10.935395442664365,True,valid,,False,no_tower_section_at_tip_height
788,788,31.52,148.54,148.5275,148.55249999999998,T1,10.6856121,True,valid,interpolated,1261,1262,0.5999999999993179,,False,no_tower_section_at_tip_height,12.223151434710635,True,valid,,False,no_tower_section_at_tip_height
789,789,31.56,148.57999999999998,148.5675,148.59249999999997,T1,10.68650952,True,valid,interpolated,1263,1264,0.19999999999977264,,False,no_tower_section_at_tip_height,13.865430672287141,True,valid,,False,no_tower_section_at_tip_height
790,790,31.6,148.62,148.60750000000002,148.6325,T1,10.6900404,True,valid,interpolated,1264,1265,0.8000000000002274,,False,no_tower_section_at_tip_height,15.736917262220773,True,valid,,False,no_tower_section_at_tip_height
791,791,31.64,148.66,148.6475,148.67249999999999,T1,10.69292548,True,valid,interpolated,1266,1267,0.3999999999995453,,False,no_tower_section_at_tip_height,17.7869903856203,True,valid,,False,no_tower_section_at_tip_height
792,792,31.68,148.7,148.6875,148.71249999999998,T1,10.6962585,True,valid,source,1268,1268,0.0,,False,no_tower_section_at_tip_height,19.96781223765892,True,valid,,False,no_tower_section_at_tip_height
793,793,31.72,148.74,148.72750000000002,148.7525,T1,10.703246520000002,True,valid,interpolated,1269,1270,0.6000000000004547,,False,no_tower_section_at_tip_height,22.18904635947479,True,valid,,False,no_tower_section_at_tip_height
794,794,31.76,148.78,148.7675,148.7925,T1,10.7125925,True,valid,interpolated,1271,1272,0.19999999999977264,,False,no_tower_section_at_tip_height,24.456422361200286,True,valid,,False,no_tower_section_at_tip_height
795,795,31.8,148.82,148.8075,148.83249999999998,T1,10.721316739999999,True,valid,interpolated,1272,1273,0.8,,False,no_tower_section_at_tip_height,26.745742797861784,True,valid,,False,no_tower_section_at_tip_height
796,796,31.84,148.86,148.84750000000003,148.8725,T1,10.728601840000003,True,valid,interpolated,1274,1275,0.40000000000068214,,False,no_tower_section_at_tip_height,29.036227112141756,True,valid,,False,no_tower_section_at_tip_height
797,797,31.88,148.9,148.88750000000002,148.9125,T1,10.7333078,True,valid,source,1276,1276,0.0,,False,no_tower_section_at_tip_height,31.31027336919884,True,valid,,False,no_tower_section_at_tip_height
798,798,31.92,148.94,148.9275,148.9525,T1,10.73488198,True,valid,interpolated,1277,1278,0.6,61.29494766487721,True,valid,33.55386974802993,True,valid,,False,no_tower_section_at_tip_height
799,799,31.96,148.98,148.9675,148.99249999999998,T1,10.73458652,True,valid,interpolated,1279,1280,0.19999999999977264,61.04770728825146,True,valid,35.74347770174471,True,valid,,False,no_tower_section_at_tip_height
800,800,32.0,149.02,149.00750000000002,149.0325,T1,10.735780519999999,True,valid,interpolated,1280,1281,0.8000000000002274,60.67388380543282,True,valid,37.880041046627134,True,valid,,False,no_tower_section_at_tip_height
801,801,32.04,149.06,149.0475,149.0725,T1,10.73829936,True,valid,interpolated,1282,1283,0.4,60.17501156898184,True,valid,39.95854991595777,True,valid,,False,no_tower_section_at_tip_height
802,802,32.08,149.1,149.0875,149.11249999999998,T1,10.7412271,True,valid,source,1284,1284,0.0,59.55408344229367,True,valid,41.97082778436381,True,valid,,False,no_tower_section_at_tip_height
803,803,32.12,149.14,149.1275,149.15249999999997,T1,10.748631679999995,True,valid,interpolated,1285,1286,0.5999999999993179,58.814473952712596,True,valid,43.91017772069854,True,valid,,False,no_tower_section_at_tip_height
804,804,32.16,149.18,149.16750000000002,149.1925,T1,10.75993192,True,valid,interpolated,1287,1288,0.2,57.95803450944079,True,valid,45.770511452281006,True,valid,,False,no_tower_section_at_tip_height
805,805,32.2,149.22,149.2075,149.2325,T1,10.771710160000003,True,valid,interpolated,1288,1289,0.8000000000002274,56.98556376716052,True,valid,47.545440581235624,True,valid,,False,no_tower_section_at_tip_height
806,806,32.24,149.26,149.2475,149.27249999999998,T1,10.783812739999997,True,valid,interpolated,1290,1291,0.3999999999995453,55.89547176618627,True,valid,49.229994375511474,True,valid,,False,no_tower_section_at_tip_height
807,807,32.28,149.3,149.28750000000002,149.3125,T1,10.798233,True,valid,source,1292,1292,0.0,54.68709120577041,True,valid,50.81962995344634,True,valid,,False,no_tower_section_at_tip_height
808,808,32.32,149.34,149.32750000000001,149.3525,T1,10.814523700000006,True,valid,interpolated,1293,1294,0.6000000000004547,53.36032738976085,True,valid,52.310160513219316,True,valid,,False,no_tower_section_at_tip_height
809,809,32.36,149.38,149.3675,149.39249999999998,T1,10.828787779999999,True,valid,interpolated,1295,1296,0.19999999999977264,51.918645228040155,True,valid,53.69754523882815,True,valid,,False,no_tower_section_at_tip_height
810,810,32.4,149.42000000000002,149.40750000000003,149.4325,T1,10.840134980000002,True,valid,interpolated,1296,1297,0.8000000000002274,50.36454572706901,True,valid,54.97847276509862,True,valid,,False,no_tower_section_at_tip_height
811,811,32.44,149.46,149.44750000000002,149.4725,T1,10.851710900000004,True,valid,interpolated,1298,1299,0.40000000000068214,48.70203845920433,True,valid,56.14899658419124,True,valid,,False,no_tower_section_at_tip_height
812,812,32.48,149.5,149.4875,149.5125,T1,10.8637285,True,valid,source,1300,1300,0.0,46.937290275263514,True,valid,57.205263822150044,True,valid,,False,no_tower_section_at_tip_height
813,813,32.52,149.54,149.5275,149.55249999999998,T1,10.874385039999996,True,valid,interpolated,1301,1302,0.5999999999993179,45.0772160038097,True,valid,58.144310536665,True,valid,,False,no_tower_section_at_tip_height
814,814,32.56,149.57999999999998,149.5675,149.59249999999997,T1,10.884701719999999,True,valid,interpolated,1303,1304,0.19999999999977264,43.12916471246215,True,valid,58.96328624109733,True,valid,,False,no_tower_section_at_tip_height
815,815,32.6,149.62,149.60750000000002,149.6325,T1,10.895402760000001,True,valid,interpolated,1304,1305,0.8000000000002274,41.10053288112359,True,valid,59.66084889744349,True,valid,,False,no_tower_section_at_tip_height
816,816,32.64,149.66,149.6475,149.67249999999999,T1,10.905963359999998,True,valid,interpolated,1306,1307,0.3999999999995453,38.99725113025684,True,valid,60.235873637008645,True,valid,,False,no_tower_section_at_tip_height
817,817,32.68,149.7,149.6875,149.71249999999998,T1,10.9174414,True,valid,source,1308,1308,0.0,36.82304225948134,True,valid,60.68677366796537,True,valid,,False,no_tower_section_at_tip_height
818,818,32.72,149.74,149.72750000000002,149.7525,T1,10.931986060000003,True,valid,interpolated,1309,1310,0.6000000000004547,34.581247882779834,True,valid,61.01259904901465,True,valid,,False,no_tower_section_at_tip_height
819,819,32.76,149.78,149.7675,149.7925,T1,10.950388319999998,True,valid,interpolated,1311,1312,0.19999999999977264,32.280216306211315,True,valid,61.209804079934955,True,valid,,False,no_tower_section_at_tip_height
820,820,32.8,149.82,149.8075,149.83249999999998,T1,10.96859512,True,valid,interpolated,1312,1313,0.8,29.92343441319611,True,valid,,False,no_tower_section_at_tip_height,,False,no_tower_section_at_tip_height
821,821,32.84,149.86,149.84750000000003,149.8725,T1,10.984878720000006,True,valid,interpolated,1314,1315,0.40000000000068214,27.517492965913856,True,valid,,False,no_tower_section_at_tip_height,,False,no_tower_section_at_tip_height
822,822,32.88,149.9,149.88750000000002,149.9125,T1,11.0025053,True,valid,source,1316,1316,0.0,25.087386204324467,True,valid,,False,no_tower_section_at_tip_height,,False,no_tower_section_at_tip_height
823,823,32.92,149.94,149.9275,149.9525,T1,11.02230436,True,valid,interpolated,1317,1318,0.6,22.65112564728079,True,valid,,False,no_tower_section_at_tip_height,,False,no_tower_section_at_tip_height
824,824,32.96,149.98,149.9675,149.99249999999998,T1,11.041610539999997,True,valid,interpolated,1319,1320,0.19999999999977264,20.23504623927829,True,valid,,False,no_tower_section_at_tip_height,,False,no_tower_section_at_tip_height
825,825,33.0,150.02,150.00750000000002,150.0325,T1,11.056172780000002,True,valid,interpolated,1320,1321,0.8000000000002274,17.879281663660965,True,valid,,False,no_tower_section_at_tip_height,,False,no_tower_section_at_tip_height
826,826,33.04,150.06,150.0475,150.0725,T1,11.064203079999999,True,valid,interpolated,1322,1323,0.4,15.585245880739295,True,valid,,False,no_tower_section_at_tip_height,,False,no_tower_section_at_tip_height
827,827,33.08,150.1,150.0875,150.11249999999998,T1,11.0757694,True,valid,source,1324,1324,0.0,13.455055464109304,True,valid,,False,no_tower_section_at_tip_height,,False,no_tower_section_at_tip_height
828,828,33.12,150.14,150.1275,150.15249999999997,T1,11.089848159999995,True,valid,interpolated,1325,1326,0.5999999999993179,11.557419790881879,True,valid,,False,no_tower_section_at_tip_height,,False,no_tower_section_at_tip_height
829,829,33.16,150.18,150.16750000000002,150.1925,T1,11.09752104,True,valid,interpolated,1327,1328,0.2,10.02576772473448,True,valid,,False,no_tower_section_at_tip_height,,False,no_tower_section_at_tip_height
830,830,33.2,150.22,150.2075,150.2325,T1,11.104041120000002,True,valid,interpolated,1328,1329,0.8000000000002274,8.981043911565523,True,valid,,False,no_tower_section_at_tip_height,,False,no_tower_section_at_tip_height
831,831,33.24,150.26,150.2475,150.27249999999998,T1,11.113402159999996,True,valid,interpolated,1330,1331,0.3999999999995453,8.612621285192034,True,valid,,False,no_tower_section_at_tip_height,,False,no_tower_section_at_tip_height
832,832,33.28,150.3,150.28750000000002,150.3125,T1,11.1239281,True,valid,source,1332,1332,0.0,8.983513561629433,True,valid,,False,no_tower_section_at_tip_height,,False,no_tower_section_at_tip_height
833,833,33.32,150.34,150.32750000000001,150.3525,T1,11.138463040000005,True,valid,interpolated,1333,1334,0.6000000000004547,10.020095689051914,True,valid,,False,no_tower_section_at_tip_height,,False,no_tower_section_at_tip_height
834,834,33.36,150.38,150.3675,150.39249999999998,T1,11.157578119999998,True,valid,interpolated,1335,1336,0.19999999999977264,11.57377060042972,True,valid,,False,no_tower_section_at_tip_height,,False,no_tower_section_at_tip_height
835,835,33.4,150.42000000000002,150.40750000000003,150.4325,T1,11.175954280000003,True,valid,interpolated,1336,1337,0.8000000000002274,13.51052772847992,True,valid,,False,no_tower_section_at_tip_height,,False,no_tower_section_at_tip_height
836,836,33.44,150.46,150.44750000000002,150.4725,T1,11.189149300000004,True,valid,interpolated,1338,1339,0.40000000000068214,15.648357536589408,True,valid,,False,no_tower_section_at_tip_height,,False,no_tower_section_at_tip_height
837,837,33.48,150.5,150.4875,150.5125,T1,11.200428,True,valid,source,1340,1340,0.0,17.962323152271424,True,valid,,False,no_tower_section_at_tip_height,,False,no_tower_section_at_tip_height
838,838,33.52,150.54,150.5275,150.55249999999998,T1,11.210037579999998,True,valid,interpolated,1341,1342,0.5999999999993179,20.349335421502218,True,valid,,False,no_tower_section_at_tip_height,,False,no_tower_section_at_tip_height
839,839,33.56,150.57999999999998,150.5675,150.59249999999997,T1,11.216466319999999,True,valid,interpolated,1343,1344,0.19999999999977264,22.76500756345176,True,valid,,False,no_tower_section_at_tip_height,,False,no_tower_section_at_tip_height
840,840,33.6,150.62,150.60750000000002,150.6325,T1,11.22314512,True,valid,interpolated,1344,1345,0.8000000000002274,25.201814586047647,True,valid,,False,no_tower_section_at_tip_height,,False,no_tower_section_at_tip_height
841,841,33.64,150.66,150.6475,150.67249999999999,T1,11.232833119999997,True,valid,interpolated,1346,1347,0.3999999999995453,27.635574563806767,True,valid,,False,no_tower_section_at_tip_height,,False,no_tower_section_at_tip_height
842,842,33.68,150.7,150.6875,150.71249999999998,T1,11.242671,True,valid,source,1348,1348,0.0,30.04938744885796,True,valid,,False,no_tower_section_at_tip_height,,False,no_tower_section_at_tip_height
843,843,33.72,150.74,150.72750000000002,150.7525,T1,11.248032400000003,True,valid,interpolated,1349,1350,0.6000000000004547,32.42774427046578,True,valid,,False,no_tower_section_at_tip_height,61.27017202451981,True,valid
844,844,33.76,150.78,150.7675,150.7925,T1,11.25298578,True,valid,interpolated,1351,1352,0.19999999999977264,34.75940551565405,True,valid,,False,no_tower_section_at_tip_height,61.06872727630428,True,valid
845,845,33.8,150.82,150.8075,150.83249999999998,T1,11.256956899999999,True,valid,interpolated,1352,1353,0.8,37.02639564567331,True,valid,,False,no_tower_section_at_tip_height,60.73300517537251,True,valid
846,846,33.84,150.86,150.84750000000003,150.8725,T1,11.258216099999999,True,valid,interpolated,1354,1355,0.40000000000068214,39.22892419386377,True,valid,,False,no_tower_section_at_tip_height,60.26658967194789,True,valid
847,847,33.88,150.9,150.88750000000002,150.9125,T1,11.2586641,True,valid,source,1356,1356,0.0,41.36068122868224,True,valid,,False,no_tower_section_at_tip_height,59.672507434172644,True,valid
848,848,33.92,150.94,150.9275,150.9525,T1,11.2634588,True,valid,interpolated,1357,1358,0.6,43.415795514992155,True,valid,,False,no_tower_section_at_tip_height,58.9541568528026,True,valid
849,849,33.96,150.98,150.9675,150.99249999999998,T1,11.270703659999999,True,valid,interpolated,1359,1360,0.19999999999977264,45.3862283231442,True,valid,,False,no_tower_section_at_tip_height,58.11115651106207,True,valid
850,850,34.0,151.02,151.00750000000002,151.0325,T1,11.278497100000001,True,valid,interpolated,1360,1361,0.8000000000002274,47.2643971597589,True,valid,,False,no_tower_section_at_tip_height,57.143097626827135,True,valid
851,851,34.04,151.06,151.0475,151.0725,T1,11.285803640000001,True,valid,interpolated,1362,1363,0.4,49.04548520815893,True,valid,,False,no_tower_section_at_tip_height,56.049888194343865,True,valid
852,852,34.08,151.1,151.0875,151.11249999999998,T1,11.2921619,True,valid,source,1364,1364,0.0,50.72331668707029,True,valid,,False,no_tower_section_at_tip_height,54.833746553303286,True,valid
853,853,34.12,151.14,151.1275,151.15249999999997,T1,11.29488374,True,valid,interpolated,1365,1366,0.5999999999993179,52.29356070649238,True,valid,,False,no_tower_section_at_tip_height,53.49877178541326,True,valid
854,854,34.16,151.18,151.16750000000002,151.1925,T1,11.293970080000001,True,valid,interpolated,1367,1368,0.2,53.75227808917663,True,valid,,False,no_tower_section_at_tip_height,52.04966668724692,True,valid
855,855,34.2,151.22,151.2075,151.2325,T1,11.29233056,True,valid,interpolated,1368,1369,0.8000000000002274,55.09520764077738,True,valid,,False,no_tower_section_at_tip_height,50.487412914990045,True,valid
856,856,34.24,151.26,151.2475,151.27249999999998,T1,11.29293766,True,valid,interpolated,1370,1371,0.3999999999995453,56.31820107688952,True,valid,,False,no_tower_section_at_tip_height,48.81360581359949,True,valid
857,857,34.28,151.3,151.28750000000002,151.3125,T1,11.2927303,True,valid,source,1372,1372,0.0,57.417346226551714,True,valid,,False,no_tower_section_at_tip_height,47.03380819457702,True,valid
858,858,34.32,151.34,151.32750000000001,151.3525,T1,11.29039384,True,valid,interpolated,1373,1374,0.6000000000004547,58.38869848276583,True,valid,,False,no_tower_section_at_tip_height,45.15426049888346,True,valid
859,859,34.36,151.38,151.3675,151.39249999999998,T1,11.28766482,True,valid,interpolated,1375,1376,0.19999999999977264,59.228887716958965,True,valid,,False,no_tower_section_at_tip_height,43.18429476409119,True,valid
860,860,34.4,151.42000000000002,151.40750000000003,151.4325,T1,11.28455434,True,valid,interpolated,1376,1377,0.8000000000002274,59.93592479308344,True,valid,,False,no_tower_section_at_tip_height,41.13201968852141,True,valid
861,861,34.44,151.46,151.44750000000002,151.4725,T1,11.281095119999998,True,valid,interpolated,1378,1379,0.40000000000068214,60.50821732160889,True,valid,,False,no_tower_section_at_tip_height,39.00376013069446,True,valid
862,862,34.48,151.5,151.4875,151.5125,T1,11.2770863,True,valid,source,1380,1380,0.0,60.944546631372155,True,valid,,False,no_tower_section_at_tip_height,36.80590568279854,True,valid
863,863,34.52,151.54,151.5275,151.55249999999998,T1,11.27619818,True,valid,interpolated,1381,1382,0.5999999999993179,61.244794068810435,True,valid,,False,no_tower_section_at_tip_height,34.537216151486206,True,valid
864,864,34.56,151.57999999999998,151.5675,151.59249999999997,T1,11.27653158,True,valid,interpolated,1383,1384,0.19999999999977264,,False,no_tower_section_at_tip_height,,False,no_tower_section_at_tip_height,32.21133834566097,True,valid
865,865,34.6,151.62,151.60750000000002,151.6325,T1,11.274028379999999,True,valid,interpolated,1384,1385,0.8000000000002274,,False,no_tower_section_at_tip_height,,False,no_tower_section_at_tip_height,29.849217660337928,True,valid
866,866,34.64,151.66,151.6475,151.67249999999999,T1,11.268378660000002,True,valid,interpolated,1386,1387,0.3999999999995453,,False,no_tower_section_at_tip_height,,False,no_tower_section_at_tip_height,27.467272751454708,True,valid
867,867,34.68,151.7,151.6875,151.71249999999998,T1,11.2650146,True,valid,source,1388,1388,0.0,,False,no_tower_section_at_tip_height,,False,no_tower_section_at_tip_height,25.085776511777432,True,valid
868,868,34.72,151.74,151.72750000000002,151.7525,T1,11.262393579999998,True,valid,interpolated,1389,1390,0.6000000000004547,,False,no_tower_section_at_tip_height,,False,no_tower_section_at_tip_height,22.73458538870654,True,valid
869,869,34.76,151.78,151.7675,151.7925,T1,11.257010440000002,True,valid,interpolated,1391,1392,0.19999999999977264,,False,no_tower_section_at_tip_height,,False,no_tower_section_at_tip_height,20.431672282021964,True,valid
870,870,34.8,151.82,151.8075,151.83249999999998,T1,11.24924148,True,valid,interpolated,1392,1393,0.8,,False,no_tower_section_at_tip_height,,False,no_tower_section_at_tip_height,18.19683693719853,True,valid
871,871,34.84,151.86,151.84750000000003,151.8725,T1,11.243731279999999,True,valid,interpolated,1394,1395,0.40000000000068214,,False,no_tower_section_at_tip_height,,False,no_tower_section_at_tip_height,16.116481571154278,True,valid
872,872,34.88,151.9,151.88750000000002,151.9125,T1,11.2384024,True,valid,source,1396,1396,0.0,,False,no_tower_section_at_tip_height,,False,no_tower_section_at_tip_height,14.216336975891505,True,valid
873,873,34.92,151.94,151.9275,151.9525,T1,11.22992462,True,valid,interpolated,1397,1398,0.6,,False,no_tower_section_at_tip_height,,False,no_tower_section_at_tip_height,12.609082820805202,True,valid
874,874,34.96,151.98,151.9675,151.99249999999998,T1,11.217972560000003,True,valid,interpolated,1399,1400,0.19999999999977264,,False,no_tower_section_at_tip_height,,False,no_tower_section_at_tip_height,11.369770686146898,True,valid
875,875,35.0,152.02,152.00750000000002,152.0325,T1,11.206020319999997,True,valid,interpolated,1400,1401,0.8000000000002274,,False,no_tower_section_at_tip_height,,False,no_tower_section_at_tip_height,10.654932589918083,True,valid
876,876,35.04,152.06,152.0475,152.0725,T1,11.19328992,True,valid,interpolated,1402,1403,0.4,,False,no_tower_section_at_tip_height,,False,no_tower_section_at_tip_height,10.544614439735513,True,valid
877,877,35.08,152.1,152.0875,152.11249999999998,T1,11.181529,True,valid,source,1404,1404,0.0,,False,no_tower_section_at_tip_height,,False,no_tower_section_at_tip_height,11.060969163163627,True,valid
878,878,35.12,152.14,152.1275,152.15249999999997,T1,11.172101780000004,True,valid,interpolated,1405,1406,0.5999999999993179,,False,no_tower_section_at_tip_height,,False,no_tower_section_at_tip_height,12.139796987606635,True,valid
879,879,35.16,152.18,152.16750000000002,152.1925,T1,11.165048220000001,True,valid,interpolated,1407,1408,0.2,,False,no_tower_section_at_tip_height,,False,no_tower_section_at_tip_height,13.64338885185115,True,valid
880,880,35.2,152.22,152.2075,152.2325,T1,11.158332859999998,True,valid,interpolated,1408,1409,0.8000000000002274,,False,no_tower_section_at_tip_height,,False,no_tower_section_at_tip_height,15.508727271569263,True,valid
881,881,35.24,152.26,152.2475,152.27249999999998,T1,11.150389280000002,True,valid,interpolated,1410,1411,0.3999999999995453,,False,no_tower_section_at_tip_height,,False,no_tower_section_at_tip_height,17.559486367198183,True,valid
882,882,35.28,152.3,152.28750000000002,152.3125,T1,11.1425409,True,valid,source,1412,1412,0.0,,False,no_tower_section_at_tip_height,,False,no_tower_section_at_tip_height,19.778096486184346,True,valid
883,883,35.32,152.34,152.32750000000001,152.3525,T1,11.134791739999997,True,valid,interpolated,1413,1414,0.6000000000004547,,False,no_tower_section_at_tip_height,,False,no_tower_section_at_tip_height,22.080989762333317,True,valid
884,884,35.36,152.38,152.3675,152.39249999999998,T1,11.124192840000003,True,valid,interpolated,1415,1416,0.19999999999977264,,False,no_tower_section_at_tip_height,,False,no_tower_section_at_tip_height,24.40821083558014,True,valid
885,885,35.4,152.42000000000002,152.40750000000003,152.4325,T1,11.111146519999997,True,valid,interpolated,1416,1417,0.8000000000002274,,False,no_tower_section_at_tip_height,,False,no_tower_section_at_tip_height,26.7590601886008,True,valid
886,886,35.44,152.46,152.44750000000002,152.4725,T1,11.098657999999993,True,valid,interpolated,1418,1419,0.40000000000068214,,False,no_tower_section_at_tip_height,,False,no_tower_section_at_tip_height,29.107974137156397,True,valid
887,887,35.48,152.5,152.4875,152.5125,T1,11.087142,True,valid,source,1420,1420,0.0,,False,no_tower_section_at_tip_height,,False,no_tower_section_at_tip_height,31.43640127348701,True,valid
888,888,35.52,152.54,152.5275,152.55249999999998,T1,11.074440360000008,True,valid,interpolated,1421,1422,0.5999999999993179,,False,no_tower_section_at_tip_height,61.34673761685762,True,valid,33.72930489465189,True,valid
889,889,35.56,152.57999999999998,152.5675,152.59249999999997,T1,11.061025800000001,True,valid,interpolated,1423,1424,0.19999999999977264,,False,no_tower_section_at_tip_height,61.10382441157096,True,valid,35.976811014869604,True,valid
890,890,35.6,152.62,152.60750000000002,152.6325,T1,11.0482374,True,valid,interpolated,1424,1425,0.8000000000002274,,False,no_tower_section_at_tip_height,60.72976521514724,True,valid,38.15821036395017,True,valid
891,891,35.64,152.66,152.6475,152.67249999999999,T1,11.035290740000004,True,valid,interpolated,1426,1427,0.3999999999995453,,False,no_tower_section_at_tip_height,60.22696557184742,True,valid,40.275960626329926,True,valid
892,892,35.68,152.7,152.6875,152.71249999999998,T1,11.0221186,True,valid,source,1428,1428,0.0,,False,no_tower_section_at_tip_height,59.599379683722965,True,valid,42.32193305444862,True,valid
893,893,35.72,152.74,152.72750000000002,152.7525,T1,11.009091919999996,True,valid,interpolated,1429,1430,0.6000000000004547,,False,no_tower_section_at_tip_height,58.85126478851607,True,valid,44.28658127726412,True,valid
894,894,35.76,152.78,152.7675,152.7925,T1,10.998302440000002,True,valid,interpolated,1431,1432,0.19999999999977264,,False,no_tower_section_at_tip_height,57.98407133478551,True,valid,46.164355731713805,True,valid
895,895,35.8,152.82,152.8075,152.83249999999998,T1,10.98908388,True,valid,interpolated,1432,1433,0.8,,False,no_tower_section_at_tip_height,56.9987901766637,True,valid,47.95002812641991,True,valid
896,896,35.84,152.86,152.84750000000003,152.8725,T1,10.979638899999996,True,valid,interpolated,1434,1435,0.40000000000068214,,False,no_tower_section_at_tip_height,55.89625895918394,True,valid,49.640141913034796,True,valid
897,897,35.88,152.9,152.88750000000002,152.9125,T1,10.9687824,True,valid,source,1436,1436,0.0,,False,no_tower_section_at_tip_height,54.679271619296884,True,valid,51.2309732899958,True,valid
898,898,35.92,152.94,152.9275,152.9525,T1,10.95627154,True,valid,interpolated,1437,1438,0.6,,False,no_tower_section_at_tip_height,53.350463879534715,True,valid,52.71778006511014,True,valid
899,899,35.96,152.98,152.9675,152.99249999999998,T1,10.942870680000002,True,valid,interpolated,1439,1440,0.19999999999977264,,False,no_tower_section_at_tip_height,51.91103207574691,True,valid,54.09685754239058,True,valid
900,900,36.0,153.02,153.00750000000002,153.0325,T1,10.931766919999998,True,valid,interpolated,1440,1441,0.8000000000002274,,False,no_tower_section_at_tip_height,50.36183186828476,True,valid,55.36525268724251,True,valid
901,901,36.04,153.06,153.0475,153.0725,T1,10.92179508,True,valid,interpolated,1442,1443,0.4,,False,no_tower_section_at_tip_height,48.70830546256603,True,valid,56.52035901815378,True,valid
902,902,36.08,153.1,153.0875,153.11249999999998,T1,10.9054213,True,valid,source,1444,1444,0.0,,False,no_tower_section_at_tip_height,46.958918784400346,True,valid,57.559727619708745,True,valid
903,903,36.12,153.14,153.1275,153.15249999999997,T1,10.887126360000007,True,valid,interpolated,1445,1446,0.5999999999993179,,False,no_tower_section_at_tip_height,45.11895334014953,True,valid,58.48266471864552,True,valid
904,904,36.16,153.18,153.16750000000002,153.1925,T1,10.874992599999999,True,valid,interpolated,1447,1448,0.2,,False,no_tower_section_at_tip_height,43.20164889904467,True,valid,59.28492144939994,True,valid
905,905,36.2,153.22,153.2075,153.2325,T1,10.864166439999998,True,valid,interpolated,1448,1449,0.8000000000002274,,False,no_tower_section_at_tip_height,41.22139541606643,True,valid,59.96294612248939,True,valid
906,906,36.24,153.26,153.2475,153.27249999999998,T1,10.849520080000005,True,valid,interpolated,1450,1451,0.3999999999995453,,False,no_tower_section_at_tip_height,39.175377560285284,True,valid,60.51674590615408,True,valid
907,907,36.28,153.3,153.28750000000002,153.3125,T1,10.8359985,True,valid,source,1452,1452,0.0,,False,no_tower_section_at_tip_height,37.05835613196125,True,valid,60.94554567819008,True,valid
908,908,36.32,153.34,153.32750000000001,153.3525,T1,10.823833819999995,True,valid,interpolated,1453,1454,0.6000000000004547,,False,no_tower_section_at_tip_height,34.870412092513284,True,valid,61.246834370257716,True,valid
909,909,36.36,153.38,153.3675,153.39249999999998,T1,10.807196800000003,True,valid,interpolated,1455,1456,0.19999999999977264,,False,no_tower_section_at_tip_height,32.62995384519338,True,valid,,False,no_tower_section_at_tip_height
910,910,36.4,153.42000000000002,153.40750000000003,153.4325,T1,10.789011359999998,True,valid,interpolated,1456,1457,0.8000000000002274,,False,no_tower_section_at_tip_height,30.347948343522866,True,valid,,False,no_tower_section_at_tip_height
911,911,36.44,153.46,153.44750000000002,153.4725,T1,10.776179319999997,True,valid,interpolated,1458,1459,0.40000000000068214,,False,no_tower_section_at_tip_height,28.04304290026395,True,valid,,False,no_tower_section_at_tip_height
912,912,36.48,153.5,153.4875,153.5125,T1,10.7664108,True,valid,source,1460,1460,0.0,,False,no_tower_section_at_tip_height,25.73828444941254,True,valid,,False,no_tower_section_at_tip_height
913,913,36.52,153.54,153.5275,153.55249999999998,T1,10.754046240000006,True,valid,interpolated,1461,1462,0.5999999999993179,,False,no_tower_section_at_tip_height,23.460060024466532,True,valid,,False,no_tower_section_at_tip_height
914,914,36.56,153.57999999999998,153.5675,153.59249999999997,T1,10.742529480000002,True,valid,interpolated,1463,1464,0.19999999999977264,,False,no_tower_section_at_tip_height,21.232101344616396,True,valid,,False,no_tower_section_at_tip_height
915,915,36.6,153.62,153.60750000000002,153.6325,T1,10.73346956,True,valid,interpolated,1464,1465,0.8000000000002274,,False,no_tower_section_at_tip_height,19.041640371879936,True,valid,,False,no_tower_section_at_tip_height
916,916,36.64,153.66,153.6475,153.67249999999999,T1,10.719722160000003,True,valid,interpolated,1466,1467,0.3999999999995453,,False,no_tower_section_at_tip_height,16.955107392476666,True,valid,,False,no_tower_section_at_tip_height
917,917,36.68,153.7,153.6875,153.71249999999998,T1,10.6999626,True,valid,source,1468,1468,0.0,,False,no_tower_section_at_tip_height,15.031155688685338,True,valid,,False,no_tower_section_at_tip_height
918,918,36.72,153.74,153.72750000000002,153.7525,T1,10.680462659999995,True,valid,interpolated,1469,1470,0.6000000000004547,,False,no_tower_section_at_tip_height,13.270343884098986,True,valid,,False,no_tower_section_at_tip_height
919,919,36.76,153.78,153.7675,153.7925,T1,10.664013300000004,True,valid,interpolated,1471,1472,0.19999999999977264,,False,no_tower_section_at_tip_height,11.840516601905895,True,valid,,False,no_tower_section_at_tip_height
920,920,36.8,153.82,153.8075,153.83249999999998,T1,10.6493641,True,valid,interpolated,1472,1473,0.8,,False,no_tower_section_at_tip_height,10.80148650779952,True,valid,,False,no_tower_section_at_tip_height
921,921,36.84,153.86,153.84750000000003,153.8725,T1,10.638669799999995,True,valid,interpolated,1474,1475,0.40000000000068214,,False,no_tower_section_at_tip_height,10.256490678575686,True,valid,,False,no_tower_section_at_tip_height
922,922,36.88,153.9,153.88750000000002,153.9125,T1,10.6319618,True,valid,source,1476,1476,0.0,,False,no_tower_section_at_tip_height,10.292616543219152,True,valid,,False,no_tower_section_at_tip_height
923,923,36.92,153.94,153.9275,153.9525,T1,10.62655734,True,valid,interpolated,1477,1478,0.6,,False,no_tower_section_at_tip_height,10.903677990654833,True,valid,,False,no_tower_section_at_tip_height
924,924,36.96,153.98,153.9675,153.99249999999998,T1,10.618968780000001,True,valid,interpolated,1479,1480,0.19999999999977264,,False,no_tower_section_at_tip_height,12.025650910079326,True,valid,,False,no_tower_section_at_tip_height
925,925,37.0,154.02,154.00750000000002,154.0325,T1,10.61109598,True,valid,interpolated,1480,1481,0.8000000000002274,,False,no_tower_section_at_tip_height,13.507474358065476,True,valid,,False,no_tower_section_at_tip_height
926,926,37.04,154.06,154.0475,154.0725,T1,10.60384428,True,valid,interpolated,1482,1483,0.4,,False,no_tower_section_at_tip_height,15.286551026166475,True,valid,,False,no_tower_section_at_tip_height
927,927,37.08,154.1,154.0875,154.11249999999998,T1,10.5957022,True,valid,source,1484,1484,0.0,,False,no_tower_section_at_tip_height,17.24619243212079,True,valid,,False,no_tower_section_at_tip_height
928,928,37.12,154.14,154.1275,154.15249999999997,T1,10.586287860000002,True,valid,interpolated,1485,1486,0.5999999999993179,,False,no_tower_section_at_tip_height,19.362364221020844,True,valid,,False,no_tower_section_at_tip_height
929,929,37.16,154.18,154.16750000000002,154.1925,T1,10.5799686,True,valid,interpolated,1487,1488,0.2,,False,no_tower_section_at_tip_height,21.545833659055383,True,valid,,False,no_tower_section_at_tip_height
930,930,37.2,154.22,154.2075,154.2325,T1,10.57704812,True,valid,interpolated,1488,1489,0.8000000000002274,,False,no_tower_section_at_tip_height,23.769885625782567,True,valid,,False,no_tower_section_at_tip_height
931,931,37.24,154.26,154.2475,154.27249999999998,T1,10.573702840000003,True,valid,interpolated,1490,1491,0.3999999999995453,,False,no_tower_section_at_tip_height,26.018999382319983,True,valid,,False,no_tower_section_at_tip_height
932,932,37.28,154.3,154.28750000000002,154.3125,T1,10.5693846,True,valid,source,1492,1492,0.0,,False,no_tower_section_at_tip_height,28.26987867293029,True,valid,,False,no_tower_section_at_tip_height
933,933,37.32,154.34,154.32750000000001,154.3525,T1,10.56609574,True,valid,interpolated,1493,1494,0.6000000000004547,,False,no_tower_section_at_tip_height,30.507058339076842,True,valid,,False,no_tower_section_at_tip_height
934,934,37.36,154.38,154.3675,154.39249999999998,T1,10.564363680000003,True,valid,interpolated,1495,1496,0.19999999999977264,61.36472218473122,True,valid,32.720611672136215,True,valid,,False,no_tower_section_at_tip_height
935,935,37.4,154.42000000000002,154.40750000000003,154.4325,T1,10.56162168,True,valid,interpolated,1496,1497,0.8000000000002274,61.1745266456951,True,valid,34.89415234460694,True,valid,,False,no_tower_section_at_tip_height
936,936,37.44,154.46,154.44750000000002,154.4725,T1,10.559735100000001,True,valid,interpolated,1498,1499,0.40000000000068214,60.86682477819602,True,valid,37.01745661244587,True,valid,,False,no_tower_section_at_tip_height
937,937,37.48,154.5,154.4875,154.5125,T1,10.5596991,True,valid,source,1500,1500,0.0,60.4420846669395,True,valid,39.08825185567371,True,valid,,False,no_tower_section_at_tip_height
938,938,37.52,154.54,154.5275,154.55249999999998,T1,10.561960979999999,True,valid,interpolated,1501,1502,0.5999999999993179,59.90112792605421,True,valid,41.09663888715353,True,valid,,False,no_tower_section_at_tip_height
939,939,37.56,154.57999999999998,154.5675,154.59249999999997,T1,10.564359499999998,True,valid,interpolated,1503,1504,0.19999999999977264,59.24537006075143,True,valid,43.03546645800491,True,valid,,False,no_tower_section_at_tip_height
940,940,37.6,154.62,154.60750000000002,154.6325,T1,10.567603499999999,True,valid,interpolated,1504,1505,0.8000000000002274,58.47723353458709,True,valid,44.89956085186358,True,valid,,False,no_tower_section_at_tip_height
941,941,37.64,154.66,154.6475,154.67249999999999,T1,10.569650059999999,True,valid,interpolated,1506,1507,0.3999999999995453,57.59855840053898,True,valid,46.684187418678945,True,valid,,False,no_tower_section_at_tip_height
942,942,37.68,154.7,154.6875,154.71249999999998,T1,10.5732412,True,valid,source,1508,1508,0.0,56.61030246429554,True,valid,48.38404686924393,True,valid,,False,no_tower_section_at_tip_height
943,943,37.72,154.74,154.72750000000002,154.7525,T1,10.576850700000001,True,valid,interpolated,1509,1510,0.6000000000004547,55.51230784576995,True,valid,49.99271852932226,True,valid,,False,no_tower_section_at_tip_height
944,944,37.76,154.78,154.7675,154.7925,T1,10.57878116,True,valid,interpolated,1511,1512,0.19999999999977264,54.30602566635259,True,valid,51.5049610642775,True,valid,,False,no_tower_section_at_tip_height
945,945,37.8,154.82,154.8075,154.83249999999998,T1,10.57828596,True,valid,interpolated,1512,1513,0.8,52.99212026128746,True,valid,52.916586276095565,True,valid,,False,no_tower_section_at_tip_height
946,946,37.84,154.86,154.84750000000003,154.8725,T1,10.578657,True,valid,interpolated,1514,1515,0.40000000000068214,51.57135490382336,True,valid,54.226603515153876,True,valid,,False,no_tower_section_at_tip_height
947,947,37.88,154.9,154.88750000000002,154.9125,T1,10.5788488,True,valid,source,1516,1516,0.0,50.04662589587264,True,valid,55.43438335177138,True,valid,,False,no_tower_section_at_tip_height
948,948,37.92,154.94,154.9275,154.9525,T1,10.57635516,True,valid,interpolated,1517,1518,0.6,48.421562980514075,True,valid,56.53916343808521,True,valid,,False,no_tower_section_at_tip_height
949,949,37.96,154.98,154.9675,154.99249999999998,T1,10.57272908,True,valid,interpolated,1519,1520,0.19999999999977264,46.70391490056153,True,valid,57.5369822938659,True,valid,,False,no_tower_section_at_tip_height
950,950,38.0,155.02,155.00750000000002,155.0325,T1,10.57326772,True,valid,interpolated,1520,1521,0.8000000000002274,44.90055143358202,True,valid,58.42432152597182,True,valid,,False,no_tower_section_at_tip_height
951,951,38.04,155.06,155.0475,155.0725,T1,10.57808438,True,valid,interpolated,1522,1523,0.4,43.018796413076586,True,valid,59.19765150047934,True,valid,,False,no_tower_section_at_tip_height
952,952,38.08,155.1,155.0875,155.11249999999998,T1,10.5831671,True,valid,source,1524,1524,0.0,41.064058465080194,True,valid,59.854818546612606,True,valid,,False,no_tower_section_at_tip_height
953,953,38.12,155.14,155.1275,155.15249999999997,T1,10.586482599999998,True,valid,interpolated,1525,1526,0.5999999999993179,39.04222721861144,True,valid,60.394485853653705,True,valid,,False,no_tower_section_at_tip_height
954,954,38.16,155.18,155.16750000000002,155.1925,T1,10.58886202,True,valid,interpolated,1527,1528,0.2,36.959940013887696,True,valid,60.81482231811533,True,valid,,False,no_tower_section_at_tip_height
955,955,38.2,155.22,155.2075,155.2325,T1,10.59040242,True,valid,interpolated,1528,1529,0.8000000000002274,34.8237587727028,True,valid,61.114058989908315,True,valid,,False,no_tower_section_at_tip_height
956,956,38.24,155.26,155.2475,155.27249999999998,T1,10.59043656,True,valid,interpolated,1530,1531,0.3999999999995453,32.62800473658414,True,valid,,False,no_tower_section_at_tip_height,,False,no_tower_section_at_tip_height
957,957,38.28,155.3,155.28750000000002,155.3125,T1,10.5900116,True,valid,source,1532,1532,0.0,30.3897067107572,True,valid,,False,no_tower_section_at_tip_height,,False,no_tower_section_at_tip_height
958,958,38.32,155.34,155.32750000000001,155.3525,T1,10.58922234,True,valid,interpolated,1533,1534,0.6000000000004547,28.12369899424212,True,valid,,False,no_tower_section_at_tip_height,,False,no_tower_section_at_tip_height
959,959,38.36,155.38,155.3675,155.39249999999998,T1,10.58997666,True,valid,interpolated,1535,1536,0.19999999999977264,25.845659397338736,True,valid,,False,no_tower_section_at_tip_height,,False,no_tower_section_at_tip_height
960,960,38.4,155.42000000000002,155.40750000000003,155.4325,T1,10.592402100000001,True,valid,interpolated,1536,1537,0.8000000000002274,23.575724739937915,True,valid,,False,no_tower_section_at_tip_height,,False,no_tower_section_at_tip_height
961,961,38.44,155.46,155.44750000000002,155.4725,T1,10.59354896,True,valid,interpolated,1538,1539,0.40000000000068214,21.339823765679817,True,valid,,False,no_tower_section_at_tip_height,,False,no_tower_section_at_tip_height
962,962,38.48,155.5,155.4875,155.5125,T1,10.5923777,True,valid,source,1540,1540,0.0,19.149590371048454,True,valid,,False,no_tower_section_at_tip_height,,False,no_tower_section_at_tip_height
963,963,38.52,155.54,155.5275,155.55249999999998,T1,10.588550540000002,True,valid,interpolated,1541,1542,0.5999999999993179,17.020821101209652,True,valid,,False,no_tower_section_at_tip_height,,False,no_tower_section_at_tip_height
964,964,38.56,155.57999999999998,155.5675,155.59249999999997,T1,10.5845005,True,valid,interpolated,1543,1544,0.19999999999977264,15.036657411892714,True,valid,,False,no_tower_section_at_tip_height,,False,no_tower_section_at_tip_height
965,965,38.6,155.62,155.60750000000002,155.6325,T1,10.581588339999998,True,valid,interpolated,1544,1545,0.8000000000002274,13.222003942993707,True,valid,,False,no_tower_section_at_tip_height,,False,no_tower_section_at_tip_height
966,966,38.64,155.66,155.6475,155.67249999999999,T1,10.57973038,True,valid,interpolated,1546,1547,0.3999999999995453,11.689441747504933,True,valid,,False,no_tower_section_at_tip_height,,False,no_tower_section_at_tip_height
967,967,38.68,155.7,155.6875,155.71249999999998,T1,10.5792189,True,valid,source,1548,1548,0.0,10.507411437545766,True,valid,,False,no_tower_section_at_tip_height,,False,no_tower_section_at_tip_height
968,968,38.72,155.74,155.72750000000002,155.7525,T1,10.58378124,True,valid,interpolated,1549,1550,0.6000000000004547,9.830481504302048,True,valid,,False,no_tower_section_at_tip_height,,False,no_tower_section_at_tip_height
969,969,38.76,155.78,155.7675,155.7925,T1,10.59076632,True,valid,interpolated,1551,1552,0.19999999999977264,9.738439704436688,True,valid,,False,no_tower_section_at_tip_height,,False,no_tower_section_at_tip_height
970,970,38.8,155.82,155.8075,155.83249999999998,T1,10.59843768,True,valid,interpolated,1552,1553,0.8,10.241876764552023,True,valid,,False,no_tower_section_at_tip_height,,False,no_tower_section_at_tip_height
971,971,38.84,155.86,155.84750000000003,155.8725,T1,10.60337754,True,valid,interpolated,1554,1555,0.40000000000068214,11.273692474089188,True,valid,,False,no_tower_section_at_tip_height,,False,no_tower_section_at_tip_height
972,972,38.88,155.9,155.88750000000002,155.9125,T1,10.6060095,True,valid,source,1556,1556,0.0,12.691566449759875,True,valid,,False,no_tower_section_at_tip_height,,False,no_tower_section_at_tip_height
973,973,38.92,155.94,155.9275,155.9525,T1,10.60789208,True,valid,interpolated,1557,1558,0.6,14.44691492933147,True,valid,,False,no_tower_section_at_tip_height,,False,no_tower_section_at_tip_height
974,974,38.96,155.98,155.9675,155.99249999999998,T1,10.6091671,True,valid,interpolated,1559,1560,0.19999999999977264,16.395193511554695,True,valid,,False,no_tower_section_at_tip_height,,False,no_tower_section_at_tip_height
975,975,39.0,156.02,156.00750000000002,156.0325,T1,10.60915262,True,valid,interpolated,1560,1561,0.8000000000002274,18.51439059862615,True,valid,,False,no_tower_section_at_tip_height,,False,no_tower_section_at_tip_height
976,976,39.04,156.06,156.0475,156.0725,T1,10.6081486,True,valid,interpolated,1562,1563,0.4,20.70297152213949,True,valid,,False,no_tower_section_at_tip_height,,False,no_tower_section_at_tip_height
977,977,39.08,156.1,156.0875,156.11249999999998,T1,10.6104317,True,valid,source,1564,1564,0.0,22.944489632195427,True,valid,,False,no_tower_section_at_tip_height,,False,no_tower_section_at_tip_height
978,978,39.12,156.14,156.1275,156.15249999999997,T1,10.615502939999997,True,valid,interpolated,1565,1566,0.5999999999993179,25.22119837798236,True,valid,,False,no_tower_section_at_tip_height,,False,no_tower_section_at_tip_height
979,979,39.16,156.18,156.16750000000002,156.1925,T1,10.620112079999998,True,valid,interpolated,1567,1568,0.2,27.50749834634174,True,valid,,False,no_tower_section_at_tip_height,,False,no_tower_section_at_tip_height
980,980,39.2,156.22,156.2075,156.2325,T1,10.62317216,True,valid,interpolated,1568,1569,0.8000000000002274,29.784587619184325,True,valid,,False,no_tower_section_at_tip_height,,False,no_tower_section_at_tip_height
981,981,39.24,156.26,156.2475,156.27249999999998,T1,10.628360199999998,True,valid,interpolated,1570,1571,0.3999999999995453,32.032084880252604,True,valid,,False,no_tower_section_at_tip_height,,False,no_tower_section_at_tip_height
982,982,39.28,156.3,156.28750000000002,156.3125,T1,10.6344194,True,valid,source,1572,1572,0.0,34.22713724381991,True,valid,,False,no_tower_section_at_tip_height,61.12403180793105,True,valid
983,983,39.32,156.34,156.32750000000001,156.3525,T1,10.641189160000001,True,valid,interpolated,1573,1574,0.6000000000004547,36.37874815596396,True,valid,,False,no_tower_section_at_tip_height,60.830733887068604,True,valid
984,984,39.36,156.38,156.3675,156.39249999999998,T1,10.64898092,True,valid,interpolated,1575,1576,0.19999999999977264,38.47815312314024,True,valid,,False,no_tower_section_at_tip_height,60.41593139503572,True,valid
985,985,39.4,156.42000000000002,156.40750000000003,156.4325,T1,10.65857716,True,valid,interpolated,1576,1577,0.8000000000002274,40.51688633134367,True,valid,,False,no_tower_section_at_tip_height,59.88044100070231,True,valid
986,986,39.44,156.46,156.44750000000002,156.4725,T1,10.668804340000005,True,valid,interpolated,1578,1579,0.40000000000068214,42.488764158954,True,valid,,False,no_tower_section_at_tip_height,59.225174859509586,True,valid
987,987,39.48,156.5,156.4875,156.5125,T1,10.6777248,True,valid,source,1580,1580,0.0,44.387530118183015,True,valid,,False,no_tower_section_at_tip_height,58.45173419204993,True,valid
988,988,39.52,156.54,156.5275,156.55249999999998,T1,10.687857239999996,True,valid,interpolated,1581,1582,0.5999999999993179,46.20727362289702,True,valid,,False,no_tower_section_at_tip_height,57.56394162605633,True,valid
989,989,39.56,156.57999999999998,156.5675,156.59249999999997,T1,10.69750444,True,valid,interpolated,1583,1584,0.19999999999977264,47.94289783745358,True,valid,,False,no_tower_section_at_tip_height,56.563900051539704,True,valid
990,990,39.6,156.62,156.60750000000002,156.6325,T1,10.70547484,True,valid,interpolated,1584,1585,0.8000000000002274,49.59009347336576,True,valid,,False,no_tower_section_at_tip_height,55.450979270539534,True,valid
991,991,39.64,156.66,156.6475,156.67249999999999,T1,10.712484539999998,True,valid,interpolated,1586,1587,0.3999999999995453,51.143951273791465,True,valid,,False,no_tower_section_at_tip_height,54.224916258727845,True,valid
992,992,39.68,156.7,156.6875,156.71249999999998,T1,10.7194767,True,valid,source,1588,1588,0.0,52.600157351026425,True,valid,,False,no_tower_section_at_tip_height,52.887208059534494,True,valid
993,993,39.72,156.74,156.72750000000002,156.7525,T1,10.725434860000002,True,valid,interpolated,1589,1590,0.6000000000004547,53.95561020233144,True,valid,,False,no_tower_section_at_tip_height,51.43792714558401,True,valid
994,994,39.76,156.78,156.7675,156.7925,T1,10.730727040000001,True,valid,interpolated,1591,1592,0.19999999999977264,55.2050451608853,True,valid,,False,no_tower_section_at_tip_height,49.88150349413425,True,valid
995,995,39.8,156.82,156.8075,156.83249999999998,T1,10.737960399999999,True,valid,interpolated,1592,1593,0.8,56.344190080795485,True,valid,,False,no_tower_section_at_tip_height,48.222150643689034,True,valid
996,996,39.84,156.86,156.84750000000003,156.8725,T1,10.748167600000006,True,valid,interpolated,1594,1595,0.40000000000068214,57.36942663819188,True,valid,,False,no_tower_section_at_tip_height,46.4651171124531,True,valid
997,997,39.88,156.9,156.88750000000002,156.9125,T1,10.7613068,True,valid,source,1596,1596,0.0,58.278861701217515,True,valid,,False,no_tower_section_at_tip_height,44.61644911655268,True,valid
998,998,39.92,156.94,156.9275,156.9525,T1,10.773679340000001,True,valid,interpolated,1597,1598,0.6,59.07049370201094,True,valid,,False,no_tower_section_at_tip_height,42.68165313296017,True,valid
999,999,39.96,156.98,156.9675,156.99249999999998,T1,10.78585644,True,valid,interpolated,1599,1600,0.19999999999977264,59.74120558346904,True,valid,,False,no_tower_section_at_tip_height,40.66641703476734,True,valid
1000,1000,40.0,157.02,157.00750000000002,157.0325,T1,10.798372440000001,True,valid,interpolated,1600,1601,0.8000000000002274,60.28930209300069,True,valid,,False,no_tower_section_at_tip_height,38.57626822427163,True,valid
1001,1001,40.04,157.06,157.0475,157.0725,T1,10.811087200000001,True,valid,interpolated,1602,1603,0.4,60.71388387646187,True,valid,,False,no_tower_section_at_tip_height,36.41827375659086,True,valid
1002,1002,40.08,157.1,157.0875,157.11249999999998,T1,10.8215494,True,valid,source,1604,1604,0.0,61.013472622213804,True,valid,,False,no_tower_section_at_tip_height,34.20010582378367,True,valid
1003,1003,40.12,157.14,157.1275,157.15249999999997,T1,10.829956639999995,True,valid,interpolated,1605,1606,0.5999999999993179,,False,no_tower_section_at_tip_height,,False,no_tower_section_at_tip_height,31.929637914005365,True,valid
1004,1004,40.16,157.18,157.16750000000002,157.1925,T1,10.838820300000002,True,valid,interpolated,1607,1608,0.2,,False,no_tower_section_at_tip_height,,False,no_tower_section_at_tip_height,29.60318211703896,True,valid
1005,1005,40.2,157.22,157.2075,157.2325,T1,10.84962118,True,valid,interpolated,1608,1609,0.8000000000002274,,False,no_tower_section_at_tip_height,,False,no_tower_section_at_tip_height,27.235529156185326,True,valid
1006,1006,40.24,157.26,157.2475,157.27249999999998,T1,10.859451879999996,True,valid,interpolated,1610,1611,0.3999999999995453,,False,no_tower_section_at_tip_height,,False,no_tower_section_at_tip_height,24.8501199600895,True,valid
1007,1007,40.28,157.3,157.28750000000002,157.3125,T1,10.8705635,True,valid,source,1612,1612,0.0,,False,no_tower_section_at_tip_height,,False,no_tower_section_at_tip_height,22.46810954662546,True,valid
1008,1008,40.32,157.34,157.32750000000001,157.3525,T1,10.883462940000005,True,valid,interpolated,1613,1614,0.6000000000004547,,False,no_tower_section_at_tip_height,,False,no_tower_section_at_tip_height,20.11789841626966,True,valid
1009,1009,40.36,157.38,157.3675,157.39249999999998,T1,10.895165239999999,True,valid,interpolated,1615,1616,0.19999999999977264,,False,no_tower_section_at_tip_height,,False,no_tower_section_at_tip_height,17.826103660568272,True,valid
1010,1010,40.4,157.42000000000002,157.40750000000003,157.4325,T1,10.904850040000001,True,valid,interpolated,1616,1617,0.8000000000002274,,False,no_tower_section_at_tip_height,,False,no_tower_section_at_tip_height,15.57895655249847,True,valid
1011,1011,40.44,157.46,157.44750000000002,157.4725,T1,10.918657680000006,True,valid,interpolated,1618,1619,0.40000000000068214,,False,no_tower_section_at_tip_height,,False,no_tower_section_at_tip_height,13.477690345337813,True,valid
1012,1012,40.48,157.5,157.4875,157.5125,T1,10.9358702,True,valid,source,1620,1620,0.0,,False,no_tower_section_at_tip_height,,False,no_tower_section_at_tip_height,11.565431941878398,True,valid
1013,1013,40.52,157.54,157.5275,157.55249999999998,T1,10.950608059999993,True,valid,interpolated,1621,1622,0.5999999999993179,,False,no_tower_section_at_tip_height,,False,no_tower_section_at_tip_height,9.992696916636774,True,valid
1014,1014,40.56,157.57999999999998,157.5675,157.59249999999997,T1,10.963689039999998,True,valid,interpolated,1623,1624,0.19999999999977264,,False,no_tower_section_at_tip_height,,False,no_tower_section_at_tip_height,8.881554257094058,True,valid
1015,1015,40.6,157.62,157.60750000000002,157.6325,T1,10.982352800000001,True,valid,interpolated,1624,1625,0.8000000000002274,,False,no_tower_section_at_tip_height,,False,no_tower_section_at_tip_height,8.412552050197768,True,valid
1016,1016,40.64,157.66,157.6475,157.67249999999999,T1,11.005692459999992,True,valid,interpolated,1626,1627,0.3999999999995453,,False,no_tower_section_at_tip_height,,False,no_tower_section_at_tip_height,8.665908763555006,True,valid
1017,1017,40.68,157.7,157.6875,157.71249999999998,T1,11.0265913,True,valid,source,1628,1628,0.0,,False,no_tower_section_at_tip_height,,False,no_tower_section_at_tip_height,9.59441842470603,True,valid
1018,1018,40.72,157.74,157.72750000000002,157.7525,T1,11.039622500000004,True,valid,interpolated,1629,1630,0.6000000000004547,,False,no_tower_section_at_tip_height,,False,no_tower_section_at_tip_height,11.061863183461758,True,valid
1019,1019,40.76,157.78,157.7675,157.7925,T1,11.049101839999999,True,valid,interpolated,1631,1632,0.19999999999977264,,False,no_tower_section_at_tip_height,,False,no_tower_section_at_tip_height,12.93156533088466,True,valid
1020,1020,40.8,157.82,157.8075,157.83249999999998,T1,11.06056424,True,valid,interpolated,1632,1633,0.8,,False,no_tower_section_at_tip_height,,False,no_tower_section_at_tip_height,15.039441595224144,True,valid
1021,1021,40.84,157.86,157.84750000000003,157.8725,T1,11.073631240000005,True,valid,interpolated,1634,1635,0.40000000000068214,,False,no_tower_section_at_tip_height,,False,no_tower_section_at_tip_height,17.332696177247108,True,valid
1022,1022,40.88,157.9,157.88750000000002,157.9125,T1,11.0833178,True,valid,source,1636,1636,0.0,,False,no_tower_section_at_tip_height,,False,no_tower_section_at_tip_height,19.689813099368287,True,valid
1023,1023,40.92,157.94,157.9275,157.9525,T1,11.091454859999999,True,valid,interpolated,1637,1638,0.6,,False,no_tower_section_at_tip_height,,False,no_tower_section_at_tip_height,22.116159495599696,True,valid
1024,1024,40.96,157.98,157.9675,157.99249999999998,T1,11.103090859999998,True,valid,interpolated,1639,1640,0.19999999999977264,,False,no_tower_section_at_tip_height,,False,no_tower_section_at_tip_height,24.572589972197967,True,valid
1025,1025,41.0,158.02,158.00750000000002,158.0325,T1,11.121466220000002,True,valid,interpolated,1640,1641,0.8000000000002274,,False,no_tower_section_at_tip_height,,False,no_tower_section_at_tip_height,27.032413858953554,True,valid
1026,1026,41.04,158.06,158.0475,158.0725,T1,11.14264168,True,valid,interpolated,1642,1643,0.4,,False,no_tower_section_at_tip_height,,False,no_tower_section_at_tip_height,29.474731369008556,True,valid
1027,1027,41.08,158.1,158.0875,158.11249999999998,T1,11.1615057,True,valid,source,1644,1644,0.0,,False,no_tower_section_at_tip_height,61.17957297168446,True,valid,31.870217132653245,True,valid
1028,1028,41.12,158.14,158.1275,158.15249999999997,T1,11.178209299999992,True,valid,interpolated,1645,1646,0.5999999999993179,,False,no_tower_section_at_tip_height,60.992495899389574,True,valid,34.214161740821524,True,valid
1029,1029,41.16,158.18,158.16750000000002,158.1925,T1,11.19308704,True,valid,interpolated,1647,1648,0.2,,False,no_tower_section_at_tip_height,60.673341366652664,True,valid,36.50256527779828,True,valid
1030,1030,41.2,158.22,158.2075,158.2325,T1,11.206302640000002,True,valid,interpolated,1648,1649,0.8000000000002274,,False,no_tower_section_at_tip_height,60.22268283614903,True,valid,38.72746540215216,True,valid
1031,1031,41.24,158.26,158.2475,158.27249999999998,T1,11.217376159999997,True,valid,interpolated,1650,1651,0.3999999999995453,,False,no_tower_section_at_tip_height,59.64227510675146,True,valid,40.88150920420792,True,valid
1032,1032,41.28,158.3,158.28750000000002,158.3125,T1,11.2267227,True,valid,source,1652,1652,0.0,,False,no_tower_section_at_tip_height,58.934765850877945,True,valid,42.95655070583616,True,valid
1033,1033,41.32,158.34,158.32750000000001,158.3525,T1,11.234848040000003,True,valid,interpolated,1653,1654,0.6000000000004547,,False,no_tower_section_at_tip_height,58.10418392056824,True,valid,44.9456110105162,True,valid
1034,1034,41.36,158.38,158.3675,158.39249999999998,T1,11.24202786,True,valid,interpolated,1655,1656,0.19999999999977264,,False,no_tower_section_at_tip_height,57.15249266251763,True,valid,46.84263059864404,True,valid
1035,1035,41.4,158.42000000000002,158.40750000000003,158.4325,T1,11.248476980000001,True,valid,interpolated,1656,1657,0.8000000000002274,,False,no_tower_section_at_tip_height,56.08109402230325,True,valid,48.64336997084892,True,valid
1036,1036,41.44,158.46,158.44750000000002,158.4725,T1,11.2516201,True,valid,interpolated,1658,1659,0.40000000000068214,,False,no_tower_section_at_tip_height,54.88910618990254,True,valid,50.34263340624448,True,valid
1037,1037,41.48,158.5,158.4875,158.5125,T1,11.2532654,True,valid,source,1660,1660,0.0,,False,no_tower_section_at_tip_height,53.576892553530165,True,valid,51.93587805823508,True,valid
1038,1038,41.52,158.54,158.5275,158.55249999999998,T1,11.255031959999998,True,valid,interpolated,1661,1662,0.5999999999993179,,False,no_tower_section_at_tip_height,52.145524331102116,True,valid,53.41907127725913,True,valid
1039,1039,41.56,158.57999999999998,158.5675,158.59249999999997,T1,11.257088640000001,True,valid,interpolated,1663,1664,0.19999999999977264,,False,no_tower_section_at_tip_height,50.60039055248952,True,valid,54.78699070080817,True,valid
1040,1040,41.6,158.62,158.60750000000002,158.6325,T1,11.25689032,True,valid,interpolated,1664,1665,0.8000000000002274,,False,no_tower_section_at_tip_height,48.94686496314113,True,valid,56.034409098769224,True,valid
1041,1041,41.64,158.66,158.6475,158.67249999999999,T1,11.257726459999999,True,valid,interpolated,1666,1667,0.3999999999995453,,False,no_tower_section_at_tip_height,47.19120720569828,True,valid,57.15614486228726,True,valid
1042,1042,41.68,158.7,158.6875,158.71249999999998,T1,11.2628546,True,valid,source,1668,1668,0.0,,False,no_tower_section_at_tip_height,45.33903141002013,True,valid,58.14889661957656,True,valid
1043,1043,41.72,158.74,158.72750000000002,158.7525,T1,11.269344900000002,True,valid,interpolated,1669,1670,0.6000000000004547,,False,no_tower_section_at_tip_height,43.39649299661529,True,valid,59.0105106602015,True,valid
1044,1044,41.76,158.78,158.7675,158.7925,T1,11.27221658,True,valid,interpolated,1671,1672,0.19999999999977264,,False,no_tower_section_at_tip_height,41.37171080498737,True,valid,59.74068605641267,True,valid
1045,1045,41.8,158.82,158.8075,158.83249999999998,T1,11.272983380000001,True,valid,interpolated,1672,1673,0.8,,False,no_tower_section_at_tip_height,39.27081426195515,True,valid,60.33832946835581,True,valid
1046,1046,41.84,158.86,158.84750000000003,158.8725,T1,11.27423706,True,valid,interpolated,1674,1675,0.40000000000068214,,False,no_tower_section_at_tip_height,37.09721082257228,True,valid,60.802099823022886,True,valid
1047,1047,41.88,158.9,158.88750000000002,158.9125,T1,11.2732439,True,valid,source,1676,1676,0.0,,False,no_tower_section_at_tip_height,34.85387236722758,True,valid,61.130405604478426,True,valid
1048,1048,41.92,158.94,158.9275,158.9525,T1,11.264829859999999,True,valid,interpolated,1677,1678,0.6,,False,no_tower_section_at_tip_height,32.53449803829,True,valid,,False,no_tower_section_at_tip_height
1049,1049,41.96,158.98,158.9675,158.99249999999998,T1,11.254305500000001,True,valid,interpolated,1679,1680,0.19999999999977264,,False,no_tower_section_at_tip_height,30.168193547330915,True,valid,,False,no_tower_section_at_tip_height
1050,1050,42.0,159.02,159.00750000000002,159.0325,T1,11.247457339999999,True,valid,interpolated,1680,1681,0.8000000000002274,,False,no_tower_section_at_tip_height,27.775122419604905,True,valid,,False,no_tower_section_at_tip_height
1051,1051,42.04,159.06,159.0475,159.0725,T1,11.24404412,True,valid,interpolated,1682,1683,0.4,,False,no_tower_section_at_tip_height,25.3738776468906,True,valid,,False,no_tower_section_at_tip_height
1052,1052,42.08,159.1,159.0875,159.11249999999998,T1,11.2348804,True,valid,source,1684,1684,0.0,,False,no_tower_section_at_tip_height,22.986750024948854,True,valid,,False,no_tower_section_at_tip_height
1053,1053,42.12,159.14,159.1275,159.15249999999997,T1,11.224732020000003,True,valid,interpolated,1685,1686,0.5999999999993179,,False,no_tower_section_at_tip_height,20.640215646824824,True,valid,,False,no_tower_section_at_tip_height
1054,1054,42.16,159.18,159.16750000000002,159.1925,T1,11.220937520000001,True,valid,interpolated,1687,1688,0.2,,False,no_tower_section_at_tip_height,18.331331514599306,True,valid,,False,no_tower_section_at_tip_height
1055,1055,42.2,159.22,159.2075,159.2325,T1,11.217534079999998,True,valid,interpolated,1688,1689,0.8000000000002274,,False,no_tower_section_at_tip_height,16.152866161057002,True,valid,,False,no_tower_section_at_tip_height
1056,1056,42.24,159.26,159.2475,159.27249999999998,T1,11.211739380000001,True,valid,interpolated,1690,1691,0.3999999999995453,,False,no_tower_section_at_tip_height,14.158062262392377,True,valid,,False,no_tower_section_at_tip_height
1057,1057,42.28,159.3,159.28750000000002,159.3125,T1,11.2074299,True,valid,source,1692,1692,0.0,,False,no_tower_section_at_tip_height,12.389575901496102,True,valid,,False,no_tower_section_at_tip_height
1058,1058,42.32,159.34,159.32750000000001,159.3525,T1,11.202848979999997,True,valid,interpolated,1693,1694,0.6000000000004547,,False,no_tower_section_at_tip_height,11.006694958203132,True,valid,,False,no_tower_section_at_tip_height
1059,1059,42.36,159.38,159.3675,159.39249999999998,T1,11.193201220000002,True,valid,interpolated,1695,1696,0.19999999999977264,,False,no_tower_section_at_tip_height,10.150005273753893,True,valid,,False,no_tower_section_at_tip_height
1060,1060,42.4,159.42000000000002,159.40750000000003,159.4325,T1,11.184490019999998,True,valid,interpolated,1696,1697,0.8000000000002274,,False,no_tower_section_at_tip_height,9.922390410555348,True,valid,,False,no_tower_section_at_tip_height
1061,1061,42.44,159.46,159.44750000000002,159.4725,T1,11.18259792,True,valid,interpolated,1698,1699,0.40000000000068214,,False,no_tower_section_at_tip_height,10.351809348721588,True,valid,,False,no_tower_section_at_tip_height
1062,1062,42.48,159.5,159.4875,159.5125,T1,11.1806173,True,valid,source,1700,1700,0.0,,False,no_tower_section_at_tip_height,11.354379745183058,True,valid,,False,no_tower_section_at_tip_height
1063,1063,42.52,159.54,159.5275,159.55249999999998,T1,11.171585480000005,True,valid,interpolated,1701,1702,0.5999999999993179,,False,no_tower_section_at_tip_height,12.809625276998457,True,valid,,False,no_tower_section_at_tip_height
1064,1064,42.56,159.57999999999998,159.5675,159.59249999999997,T1,11.161539620000001,True,valid,interpolated,1703,1704,0.19999999999977264,,False,no_tower_section_at_tip_height,14.635407093330848,True,valid,,False,no_tower_section_at_tip_height
1065,1065,42.6,159.62,159.60750000000002,159.6325,T1,11.152080739999999,True,valid,interpolated,1704,1705,0.8000000000002274,,False,no_tower_section_at_tip_height,16.66913447342722,True,valid,,False,no_tower_section_at_tip_height
1066,1066,42.64,159.66,159.6475,159.67249999999999,T1,11.138243880000005,True,valid,interpolated,1706,1707,0.3999999999995453,,False,no_tower_section_at_tip_height,18.89346509324528,True,valid,,False,no_tower_section_at_tip_height
1067,1067,42.68,159.7,159.6875,159.71249999999998,T1,11.1216278,True,valid,source,1708,1708,0.0,,False,no_tower_section_at_tip_height,21.200630273541446,True,valid,,False,no_tower_section_at_tip_height
1068,1068,42.72,159.74,159.72750000000002,159.7525,T1,11.107874279999997,True,valid,interpolated,1709,1710,0.6000000000004547,,False,no_tower_section_at_tip_height,23.561466253541017,True,valid,,False,no_tower_section_at_tip_height
1069,1069,42.76,159.78,159.7675,159.7925,T1,11.097067620000002,True,valid,interpolated,1711,1712,0.19999999999977264,,False,no_tower_section_at_tip_height,25.95476479499015,True,valid,,False,no_tower_section_at_tip_height
1070,1070,42.8,159.82,159.8075,159.83249999999998,T1,11.0871021,True,valid,interpolated,1712,1713,0.8,,False,no_tower_section_at_tip_height,28.350861465762677,True,valid,,False,no_tower_section_at_tip_height
1071,1071,42.84,159.86,159.84750000000003,159.8725,T1,11.080825399999998,True,valid,interpolated,1714,1715,0.40000000000068214,,False,no_tower_section_at_tip_height,30.73099903797957,True,valid,,False,no_tower_section_at_tip_height
1072,1072,42.88,159.9,159.88750000000002,159.9125,T1,11.0752258,True,valid,source,1716,1716,0.0,61.38066066028436,True,valid,33.078685276972486,True,valid,,False,no_tower_section_at_tip_height
1073,1073,42.92,159.94,159.9275,159.9525,T1,11.06681708,True,valid,interpolated,1717,1718,0.6,61.16607353703062,True,valid,35.36657224262802,True,valid,,False,no_tower_section_at_tip_height
1074,1074,42.96,159.98,159.9675,159.99249999999998,T1,11.055585080000002,True,valid,interpolated,1719,1720,0.19999999999977264,60.82173109981229,True,valid,37.587959011141095,True,valid,,False,no_tower_section_at_tip_height
1075,1075,43.0,160.02,160.00750000000002,160.0325,T1,11.044810839999998,True,valid,interpolated,1720,1721,0.8000000000002274,60.34880719977678,True,valid,39.738255451851366,True,valid,,False,no_tower_section_at_tip_height
1076,1076,43.04,160.06,160.0475,160.0725,T1,11.033861179999999,True,valid,interpolated,1722,1723,0.4,59.74924340674131,True,valid,41.810151131739666,True,valid,,False,no_tower_section_at_tip_height
1077,1077,43.08,160.1,160.0875,160.11249999999998,T1,11.0204659,True,valid,source,1724,1724,0.0,59.02450752491463,True,valid,43.800612000462884,True,valid,,False,no_tower_section_at_tip_height
1078,1078,43.12,160.14,160.1275,160.15249999999997,T1,11.006718080000006,True,valid,interpolated,1725,1726,0.5999999999993179,58.1758004011564,True,valid,45.70613196012254,True,valid,,False,no_tower_section_at_tip_height
1079,1079,43.16,160.18,160.16750000000002,160.1925,T1,10.99361552,True,valid,interpolated,1727,1728,0.2,57.20529993268137,True,valid,47.521397930835256,True,valid,,False,no_tower_section_at_tip_height
1080,1080,43.2,160.22,160.2075,160.2325,T1,10.979475199999998,True,valid,interpolated,1728,1729,0.8000000000002274,56.115757544586415,True,valid,49.24080644895724,True,valid,,False,no_tower_section_at_tip_height
1081,1081,43.24,160.26,160.2475,160.27249999999998,T1,10.962241940000006,True,valid,interpolated,1730,1731,0.3999999999995453,54.90883729814634,True,valid,50.85838735749934,True,valid,,False,no_tower_section_at_tip_height
1082,1082,43.28,160.3,160.28750000000002,160.3125,T1,10.9443035,True,valid,source,1732,1732,0.0,53.585964572699226,True,valid,52.37004778114465,True,valid,,False,no_tower_section_at_tip_height
1083,1083,43.32,160.34,160.32750000000001,160.3525,T1,10.926886779999997,True,valid,interpolated,1733,1734,0.6000000000004547,52.150063969180124,True,valid,53.773317166617424,True,valid,,False,no_tower_section_at_tip_height
1084,1084,43.36,160.38,160.3675,160.39249999999998,T1,10.909588840000005,True,valid,interpolated,1735,1736,0.19999999999977264,50.60732504076455,True,valid,55.06688026498182,True,valid,,False,no_tower_section_at_tip_height
1085,1085,43.4,160.42000000000002,160.40750000000003,160.4325,T1,10.892975079999998,True,valid,interpolated,1736,1737,0.8000000000002274,48.96404678723597,True,valid,56.24773826093728,True,valid,,False,no_tower_section_at_tip_height
1086,1086,43.44,160.46,160.44750000000002,160.4725,T1,10.878978539999995,True,valid,interpolated,1738,1739,0.40000000000068214,47.22621294451867,True,valid,57.31259793660995,True,valid,,False,no_tower_section_at_tip_height
1087,1087,43.48,160.5,160.4875,160.5125,T1,10.8662758,True,valid,source,1740,1740,0.0,45.398216175142856,True,valid,58.258630127198025,True,valid,,False,no_tower_section_at_tip_height
1088,1088,43.52,160.54,160.5275,160.55249999999998,T1,10.853860660000006,True,valid,interpolated,1741,1742,0.5999999999993179,43.4844610706966,True,valid,59.082681228060615,True,valid,,False,no_tower_section_at_tip_height
1089,1089,43.56,160.57999999999998,160.5675,160.59249999999997,T1,10.842466580000002,True,valid,interpolated,1743,1744,0.19999999999977264,41.491148175693944,True,valid,59.78332258214224,True,valid,,False,no_tower_section_at_tip_height
1090,1090,43.6,160.62,160.60750000000002,160.6325,T1,10.831675539999999,True,valid,interpolated,1744,1745,0.8000000000002274,39.4259802105664,True,valid,60.35943379546511,True,valid,,False,no_tower_section_at_tip_height
1091,1091,43.64,160.66,160.6475,160.67249999999999,T1,10.819522620000004,True,valid,interpolated,1746,1747,0.3999999999995453,37.297139541328605,True,valid,60.81022894986,True,valid,,False,no_tower_section_at_tip_height
1092,1092,43.68,160.7,160.6875,160.71249999999998,T1,10.8056288,True,valid,source,1748,1748,0.0,35.11355107695698,True,valid,61.13516282017936,True,valid,,False,no_tower_section_at_tip_height
1093,1093,43.72,160.74,160.72750000000002,160.7525,T1,10.791368679999994,True,valid,interpolated,1749,1750,0.6000000000004547,32.87790071571388,True,valid,61.33405489605548,True,valid,,False,no_tower_section_at_tip_height
1094,1094,43.76,160.78,160.7675,160.7925,T1,10.778078620000002,True,valid,interpolated,1751,1752,0.19999999999977264,30.5938297009136,True,valid,,False,no_tower_section_at_tip_height,,False,no_tower_section_at_tip_height
1095,1095,43.8,160.82,160.8075,160.83249999999998,T1,10.763141099999999,True,valid,interpolated,1752,1753,0.8,28.27846576441518,True,valid,,False,no_tower_section_at_tip_height,,False,no_tower_section_at_tip_height
1096,1096,43.84,160.86,160.84750000000003,160.8725,T1,10.748910159999994,True,valid,interpolated,1754,1755,0.40000000000068214,25.944900925275892,True,valid,,False,no_tower_section_at_tip_height,,False,no_tower_section_at_tip_height
1097,1097,43.88,160.9,160.88750000000002,160.9125,T1,10.7345562,True,valid,source,1756,1756,0.0,23.60928174511068,True,valid,,False,no_tower_section_at_tip_height,,False,no_tower_section_at_tip_height
1098,1098,43.92,160.94,160.9275,160.9525,T1,10.72097928,True,valid,interpolated,1757,1758,0.6,21.294901211763186,True,valid,,False,no_tower_section_at_tip_height,,False,no_tower_section_at_tip_height
1099,1099,43.96,160.98,160.9675,160.99249999999998,T1,10.706829820000003,True,valid,interpolated,1759,1760,0.19999999999977264,19.028094023662533,True,valid,,False,no_tower_section_at_tip_height,,False,no_tower_section_at_tip_height
1100,1100,44.0,161.02,161.00750000000002,161.0325,T1,10.694255099999998,True,valid,interpolated,1760,1761,0.8000000000002274,16.80615189618506,True,valid,,False,no_tower_section_at_tip_height,,False,no_tower_section_at_tip_height
1101,1101,44.04,161.06,161.0475,161.0725,T1,10.684605220000002,True,valid,interpolated,1762,1763,0.4,14.726491280782682,True,valid,,False,no_tower_section_at_tip_height,,False,no_tower_section_at_tip_height
1102,1102,44.08,161.1,161.0875,161.11249999999998,T1,10.6780043,True,valid,source,1764,1764,0.0,12.838489958147173,True,valid,,False,no_tower_section_at_tip_height,,False,no_tower_section_at_tip_height
1103,1103,44.12,161.14,161.1275,161.15249999999997,T1,10.672243300000002,True,valid,interpolated,1765,1766,0.5999999999993179,11.232072233405718,True,valid,,False,no_tower_section_at_tip_height,,False,no_tower_section_at_tip_height
1104,1104,44.16,161.18,161.16750000000002,161.1925,T1,10.667664560000002,True,valid,interpolated,1767,1768,0.2,10.01215879104172,True,valid,,False,no_tower_section_at_tip_height,,False,no_tower_section_at_tip_height
1105,1105,44.2,161.22,161.2075,161.2325,T1,10.66493856,True,valid,interpolated,1768,1769,0.8000000000002274,9.328759641729514,True,valid,,False,no_tower_section_at_tip_height,,False,no_tower_section_at_tip_height
1106,1106,44.24,161.26,161.2475,161.27249999999998,T1,10.661483180000001,True,valid,interpolated,1770,1771,0.3999999999995453,9.27093261642325,True,valid,,False,no_tower_section_at_tip_height,,False,no_tower_section_at_tip_height
1107,1107,44.28,161.3,161.28750000000002,161.3125,T1,10.6562681,True,valid,source,1772,1772,0.0,9.848825905532754,True,valid,,False,no_tower_section_at_tip_height,,False,no_tower_section_at_tip_height
1108,1108,44.32,161.34,161.32750000000001,161.3525,T1,10.6509933,True,valid,interpolated,1773,1774,0.6000000000004547,10.981735500780792,True,valid,,False,no_tower_section_at_tip_height,,False,no_tower_section_at_tip_height
1109,1109,44.36,161.38,161.3675,161.39249999999998,T1,10.64598832,True,valid,interpolated,1775,1776,0.19999999999977264,12.497224396768438,True,valid,,False,no_tower_section_at_tip_height,,False,no_tower_section_at_tip_height
1110,1110,44.4,161.42000000000002,161.40750000000003,161.4325,T1,10.63801328,True,valid,interpolated,1776,1777,0.8000000000002274,14.326213730003234,True,valid,,False,no_tower_section_at_tip_height,,False,no_tower_section_at_tip_height
1111,1111,44.44,161.46,161.44750000000002,161.4725,T1,10.628023159999996,True,valid,interpolated,1778,1779,0.40000000000068214,16.34368265834738,True,valid,,False,no_tower_section_at_tip_height,,False,no_tower_section_at_tip_height
1112,1112,44.48,161.5,161.4875,161.5125,T1,10.6195698,True,valid,source,1780,1780,0.0,18.516698565990577,True,valid,,False,no_tower_section_at_tip_height,,False,no_tower_section_at_tip_height
1113,1113,44.52,161.54,161.5275,161.55249999999998,T1,10.613195840000003,True,valid,interpolated,1781,1782,0.5999999999993179,20.746152177496317,True,valid,,False,no_tower_section_at_tip_height,,False,no_tower_section_at_tip_height
1114,1114,44.56,161.57999999999998,161.5675,161.59249999999997,T1,10.607088060000002,True,valid,interpolated,1783,1784,0.19999999999977264,23.023158691332892,True,valid,,False,no_tower_section_at_tip_height,,False,no_tower_section_at_tip_height
1115,1115,44.6,161.62,161.60750000000002,161.6325,T1,10.602464699999999,True,valid,interpolated,1784,1785,0.8000000000002274,25.327193641746174,True,valid,,False,no_tower_section_at_tip_height,,False,no_tower_section_at_tip_height
1116,1116,44.64,161.66,161.6475,161.67249999999999,T1,10.60117762,True,valid,interpolated,1786,1787,0.3999999999995453,27.63111624698789,True,valid,,False,no_tower_section_at_tip_height,,False,no_tower_section_at_tip_height
1117,1117,44.68,161.7,161.6875,161.71249999999998,T1,10.6033659,True,valid,source,1788,1788,0.0,29.91611599596835,True,valid,,False,no_tower_section_at_tip_height,,False,no_tower_section_at_tip_height
1118,1118,44.72,161.74,161.72750000000002,161.7525,T1,10.60626008,True,valid,interpolated,1789,1790,0.6000000000004547,32.16775916218667,True,valid,,False,no_tower_section_at_tip_height,,False,no_tower_section_at_tip_height
1119,1119,44.76,161.78,161.7675,161.7925,T1,10.60722806,True,valid,interpolated,1791,1792,0.19999999999977264,34.36651750501075,True,valid,,False,no_tower_section_at_tip_height,61.22459391216978,True,valid
1120,1120,44.8,161.82,161.8075,161.83249999999998,T1,10.605925740000002,True,valid,interpolated,1792,1793,0.8,36.50719790973673,True,valid,,False,no_tower_section_at_tip_height,60.935434238655176,True,valid
1121,1121,44.84,161.86,161.84750000000003,161.8725,T1,10.605902440000001,True,valid,interpolated,1794,1795,0.40000000000068214,38.591483937574516,True,valid,,False,no_tower_section_at_tip_height,60.52508708454112,True,valid
1122,1122,44.88,161.9,161.88750000000002,161.9125,T1,10.605464,True,valid,source,1796,1796,0.0,40.61408974461976,True,valid,,False,no_tower_section_at_tip_height,59.994179284420426,True,valid
1123,1123,44.92,161.94,161.9275,161.9525,T1,10.602198959999999,True,valid,interpolated,1797,1798,0.6,42.569435990350755,True,valid,,False,no_tower_section_at_tip_height,59.34417090489465,True,valid
1124,1124,44.96,161.98,161.9675,161.99249999999998,T1,10.597039420000002,True,valid,interpolated,1799,1800,0.19999999999977264,44.452259178963246,True,valid,,False,no_tower_section_at_tip_height,58.5778282898012,True,valid
1125,1125,45.0,162.02,162.00750000000002,162.0325,T1,10.594131099999998,True,valid,interpolated,1800,1801,0.8000000000002274,46.25713451875997,True,valid,,False,no_tower_section_at_tip_height,57.69801389397605,True,valid
1126,1126,45.04,162.06,162.0475,162.0725,T1,10.59457286,True,valid,interpolated,1802,1803,0.4,47.977659348072855,True,valid,,False,no_tower_section_at_tip_height,56.70819138499577,True,valid
1127,1127,45.08,162.1,162.0875,162.11249999999998,T1,10.5918083,True,valid,source,1804,1804,0.0,49.60814421390591,True,valid,,False,no_tower_section_at_tip_height,55.60987577256183,True,valid
1128,1128,45.12,162.14,162.1275,162.15249999999997,T1,10.587430740000002,True,valid,interpolated,1805,1806,0.5999999999993179,51.146210190706945,True,valid,,False,no_tower_section_at_tip_height,54.400682543265184,True,valid
1129,1129,45.16,162.18,162.16750000000002,162.1925,T1,10.58620436,True,valid,interpolated,1807,1808,0.2,52.58706349605609,True,valid,,False,no_tower_section_at_tip_height,53.08478112839566,True,valid
1130,1130,45.2,162.22,162.2075,162.2325,T1,10.58551692,True,valid,interpolated,1808,1809,0.8000000000002274,53.925396656909726,True,valid,,False,no_tower_section_at_tip_height,51.66946869749371,True,valid
1131,1131,45.24,162.26,162.2475,162.27249999999998,T1,10.58483888,True,valid,interpolated,1810,1811,0.3999999999995453,55.160406684007306,True,valid,,False,no_tower_section_at_tip_height,50.156714714242575,True,valid
1132,1132,45.28,162.3,162.28750000000002,162.3125,T1,10.5872841,True,valid,source,1812,1812,0.0,56.29073946621828,True,valid,,False,no_tower_section_at_tip_height,48.54633239741553,True,valid
1133,1133,45.32,162.34,162.32750000000001,162.3525,T1,10.591479119999999,True,valid,interpolated,1813,1814,0.6000000000004547,57.31081812941865,True,valid,,False,no_tower_section_at_tip_height,46.84515331182807,True,valid
1134,1134,45.36,162.38,162.3675,162.39249999999998,T1,10.592748480000001,True,valid,interpolated,1815,1816,0.19999999999977264,58.21772145573066,True,valid,,False,no_tower_section_at_tip_height,45.059940709583486,True,valid
1135,1135,45.4,162.42000000000002,162.40750000000003,162.4325,T1,10.593890560000002,True,valid,interpolated,1816,1817,0.8000000000002274,59.01068389702848,True,valid,,False,no_tower_section_at_tip_height,43.192998687825494,True,valid
1136,1136,45.44,162.46,162.44750000000002,162.4725,T1,10.597122760000001,True,valid,interpolated,1818,1819,0.40000000000068214,59.688328275913065,True,valid,,False,no_tower_section_at_tip_height,41.24915765069343,True,valid
1137,1137,45.48,162.5,162.4875,162.5125,T1,10.5986509,True,valid,source,1820,1820,0.0,60.24874575877533,True,valid,,False,no_tower_section_at_tip_height,39.235397396989654,True,valid
1138,1138,45.52,162.54,162.5275,162.55249999999998,T1,10.595824780000001,True,valid,interpolated,1821,1822,0.5999999999993179,60.69093674515006,True,valid,,False,no_tower_section_at_tip_height,37.15495463004595,True,valid
1139,1139,45.56,162.57999999999998,162.5675,162.59249999999997,T1,10.595779,True,valid,interpolated,1823,1824,0.19999999999977264,61.01369056574378,True,valid,,False,no_tower_section_at_tip_height,35.01111348993639,True,valid
1140,1140,45.6,162.62,162.60750000000002,162.6325,T1,10.59814188,True,valid,interpolated,1824,1825,0.8000000000002274,61.21448825514754,True,valid,,False,no_tower_section_at_tip_height,32.81061487765441,True,valid
1141,1141,45.64,162.66,162.6475,162.67249999999999,T1,10.5982008,True,valid,interpolated,1826,1827,0.3999999999995453,,False,no_tower_section_at_tip_height,,False,no_tower_section_at_tip_height,30.55454178620177,True,valid
1142,1142,45.68,162.7,162.6875,162.71249999999998,T1,10.5976439,True,valid,source,1828,1828,0.0,,False,no_tower_section_at_tip_height,,False,no_tower_section_at_tip_height,28.251375710292642,True,valid
1143,1143,45.72,162.74,162.72750000000002,162.7525,T1,10.60040378,True,valid,interpolated,1829,1830,0.6000000000004547,,False,no_tower_section_at_tip_height,,False,no_tower_section_at_tip_height,25.92177975780838,True,valid
1144,1144,45.76,162.78,162.7675,162.7925,T1,10.60431538,True,valid,interpolated,1831,1832,0.19999999999977264,,False,no_tower_section_at_tip_height,,False,no_tower_section_at_tip_height,23.58333921640477,True,valid
1145,1145,45.8,162.82,162.8075,162.83249999999998,T1,10.6069689,True,valid,interpolated,1832,1833,0.8,,False,no_tower_section_at_tip_height,,False,no_tower_section_at_tip_height,21.256753057833954,True,valid
1146,1146,45.84,162.86,162.84750000000003,162.8725,T1,10.612220800000003,True,valid,interpolated,1834,1835,0.40000000000068214,,False,no_tower_section_at_tip_height,,False,no_tower_section_at_tip_height,18.968774685326235,True,valid
1147,1147,45.88,162.9,162.88750000000002,162.9125,T1,10.6209612,True,valid,source,1836,1836,0.0,,False,no_tower_section_at_tip_height,,False,no_tower_section_at_tip_height,16.727447860410123,True,valid
1148,1148,45.92,162.94,162.9275,162.9525,T1,10.62787076,True,valid,interpolated,1837,1838,0.6,,False,no_tower_section_at_tip_height,,False,no_tower_section_at_tip_height,14.58111969409121,True,valid
1149,1149,45.96,162.98,162.9675,162.99249999999998,T1,10.631679,True,valid,interpolated,1839,1840,0.19999999999977264,,False,no_tower_section_at_tip_height,,False,no_tower_section_at_tip_height,12.633546316841706,True,valid
1150,1150,46.0,163.02,163.00750000000002,163.0325,T1,10.635537880000001,True,valid,interpolated,1840,1841,0.8000000000002274,,False,no_tower_section_at_tip_height,,False,no_tower_section_at_tip_height,10.902133254646404,True,valid
1151,1151,46.04,163.06,163.0475,163.0725,T1,10.64111274,True,valid,interpolated,1842,1843,0.4,,False,no_tower_section_at_tip_height,,False,no_tower_section_at_tip_height,9.570364508857375,True,valid
1152,1152,46.08,163.1,163.0875,163.11249999999998,T1,10.6461458,True,valid,source,1844,1844,0.0,,False,no_tower_section_at_tip_height,,False,no_tower_section_at_tip_height,8.764914196442739,True,valid
1153,1153,46.12,163.14,163.1275,163.15249999999997,T1,10.651956779999997,True,valid,interpolated,1845,1846,0.5999999999993179,,False,no_tower_section_at_tip_height,,False,no_tower_section_at_tip_height,8.600725527737298,True,valid
1154,1154,46.16,163.18,163.16750000000002,163.1925,T1,10.660033440000001,True,valid,interpolated,1847,1848,0.2,,False,no_tower_section_at_tip_height,,False,no_tower_section_at_tip_height,9.114255518087672,True,valid
1155,1155,46.2,163.22,163.2075,163.2325,T1,10.66713488,True,valid,interpolated,1848,1849,0.8000000000002274,,False,no_tower_section_at_tip_height,,False,no_tower_section_at_tip_height,10.229311967439035,True,valid
1156,1156,46.24,163.26,163.2475,163.27249999999998,T1,10.6707323,True,valid,interpolated,1850,1851,0.3999999999995453,,False,no_tower_section_at_tip_height,,False,no_tower_section_at_tip_height,11.767538345198313,True,valid
1157,1157,46.28,163.3,163.28750000000002,163.3125,T1,10.6743698,True,valid,source,1852,1852,0.0,,False,no_tower_section_at_tip_height,,False,no_tower_section_at_tip_height,13.640052563577726,True,valid
1158,1158,46.32,163.34,163.32750000000001,163.3525,T1,10.680154020000002,True,valid,interpolated,1853,1854,0.6000000000004547,,False,no_tower_section_at_tip_height,,False,no_tower_section_at_tip_height,15.709969614160924,True,valid
1159,1159,46.36,163.38,163.3675,163.39249999999998,T1,10.68470096,True,valid,interpolated,1855,1856,0.19999999999977264,,False,no_tower_section_at_tip_height,,False,no_tower_section_at_tip_height,17.934850752415652,True,valid
1160,1160,46.4,163.42000000000002,163.40750000000003,163.4325,T1,10.688502720000002,True,valid,interpolated,1856,1857,0.8000000000002274,,False,no_tower_section_at_tip_height,,False,no_tower_section_at_tip_height,20.20895308606991,True,valid
1161,1161,46.44,163.46,163.44750000000002,163.4725,T1,10.694890020000003,True,valid,interpolated,1858,1859,0.40000000000068214,,False,no_tower_section_at_tip_height,,False,no_tower_section_at_tip_height,22.527391300748302,True,valid
1162,1162,46.48,163.5,163.4875,163.5125,T1,10.7013931,True,valid,source,1860,1860,0.0,,False,no_tower_section_at_tip_height,,False,no_tower_section_at_tip_height,24.867372815342154,True,valid
1163,1163,46.52,163.54,163.5275,163.55249999999998,T1,10.70531728,True,valid,interpolated,1861,1862,0.5999999999993179,,False,no_tower_section_at_tip_height,,False,no_tower_section_at_tip_height,27.205801381392273,True,valid
1164,1164,46.56,163.57999999999998,163.5675,163.59249999999997,T1,10.70889438,True,valid,interpolated,1863,1864,0.19999999999977264,,False,no_tower_section_at_tip_height,,False,no_tower_section_at_tip_height,29.524705303507105,True,valid
1165,1165,46.6,163.62,163.60750000000002,163.6325,T1,10.71338198,True,valid,interpolated,1864,1865,0.8000000000002274,,False,no_tower_section_at_tip_height,,False,no_tower_section_at_tip_height,31.810749444296754,True,valid
1166,1166,46.64,163.66,163.6475,163.67249999999999,T1,10.71586684,True,valid,interpolated,1866,1867,0.3999999999995453,,False,no_tower_section_at_tip_height,61.17832347588175,True,valid,34.04578142705369,True,valid
1167,1167,46.68,163.7,163.6875,163.71249999999998,T1,10.715909,True,valid,source,1868,1868,0.0,,False,no_tower_section_at_tip_height,60.88967881355691,True,valid,36.230800972170655,True,valid
1168,1168,46.72,163.74,163.72750000000002,163.7525,T1,10.71478708,True,valid,interpolated,1869,1870,0.6000000000004547,,False,no_tower_section_at_tip_height,60.47935656928997,True,valid,38.364560742084095,True,valid
1169,1169,46.76,163.78,163.7675,163.7925,T1,10.715971,True,valid,interpolated,1871,1872,0.19999999999977264,,False,no_tower_section_at_tip_height,59.94841130742193,True,valid,40.43705711531118,True,valid
1170,1170,46.8,163.82,163.8075,163.83249999999998,T1,10.717422120000002,True,valid,interpolated,1872,1873,0.8,,False,no_tower_section_at_tip_height,59.297282467413,True,valid,42.438769816946284,True,valid
1171,1171,46.84,163.86,163.84750000000003,163.8725,T1,10.71665342,True,valid,interpolated,1874,1875,0.40000000000068214,,False,no_tower_section_at_tip_height,58.526386627373384,True,valid,44.36025972915835,True,valid
1172,1172,46.88,163.9,163.88750000000002,163.9125,T1,10.7163372,True,valid,source,1876,1876,0.0,,False,no_tower_section_at_tip_height,57.63714878207396,True,valid,46.19496750067655,True,valid
1173,1173,46.92,163.94,163.9275,163.9525,T1,10.71826304,True,valid,interpolated,1877,1878,0.6,,False,no_tower_section_at_tip_height,56.632027004923174,True,valid,47.93930810392157,True,valid
1174,1174,46.96,163.98,163.9675,163.99249999999998,T1,10.718993760000002,True,valid,interpolated,1879,1880,0.19999999999977264,,False,no_tower_section_at_tip_height,55.51470774036532,True,valid,49.59158740497127,True,valid
1175,1175,47.0,164.02,164.00750000000002,164.0325,T1,10.71629832,True,valid,interpolated,1880,1881,0.8000000000002274,,False,no_tower_section_at_tip_height,54.28869906101727,True,valid,51.14855216907005,True,valid
1176,1176,47.04,164.06,164.0475,164.0725,T1,10.71151942,True,valid,interpolated,1882,1883,0.4,,False,no_tower_section_at_tip_height,52.957011707638955,True,valid,52.60567041782629,True,valid
1177,1177,47.08,164.1,164.0875,164.11249999999998,T1,10.7076254,True,valid,source,1884,1884,0.0,,False,no_tower_section_at_tip_height,51.52274622675833,True,valid,53.958161433184245,True,valid
1178,1178,47.12,164.14,164.1275,164.15249999999997,T1,10.70498314,True,valid,interpolated,1885,1886,0.5999999999993179,,False,no_tower_section_at_tip_height,49.98918795798299,True,valid,55.20205513914479,True,valid
1179,1179,47.16,164.18,164.16750000000002,164.1925,T1,10.70455896,True,valid,interpolated,1887,1888,0.2,,False,no_tower_section_at_tip_height,48.359924740527894,True,valid,56.335122974674434,True,valid
1180,1180,47.2,164.22,164.2075,164.2325,T1,10.70415608,True,valid,interpolated,1888,1889,0.8000000000002274,,False,no_tower_section_at_tip_height,46.639625152837276,True,valid,57.3552212537389,True,valid
1181,1181,47.24,164.26,164.2475,164.27249999999998,T1,10.70372582,True,valid,interpolated,1890,1891,0.3999999999995453,,False,no_tower_section_at_tip_height,44.83212454899772,True,valid,58.26100345016076,True,valid
1182,1182,47.28,164.3,164.28750000000002,164.3125,T1,10.702487,True,valid,source,1892,1892,0.0,,False,no_tower_section_at_tip_height,42.94093244456386,True,valid,59.050426102788535,True,valid
1183,1183,47.32,164.34,164.32750000000001,164.3525,T1,10.69920828,True,valid,interpolated,1893,1894,0.6000000000004547,,False,no_tower_section_at_tip_height,40.96860551999204,True,valid,59.72138302864082,True,valid
1184,1184,47.36,164.38,164.3675,164.39249999999998,T1,10.694713020000002,True,valid,interpolated,1895,1896,0.19999999999977264,,False,no_tower_section_at_tip_height,38.919275707687156,True,valid,60.27143458340228,True,valid
1185,1185,47.4,164.42000000000002,164.40750000000003,164.4325,T1,10.6928675,True,valid,interpolated,1896,1897,0.8000000000002274,,False,no_tower_section_at_tip_height,36.79692114135497,True,valid,60.69858106611338,True,valid
1186,1186,47.44,164.46,164.44750000000002,164.4725,T1,10.6922329,True,valid,interpolated,1898,1899,0.40000000000068214,,False,no_tower_section_at_tip_height,34.60700381826402,True,valid,61.001853616842375,True,valid
1187,1187,47.48,164.5,164.4875,164.5125,T1,10.693614,True,valid,source,1900,1900,0.0,,False,no_tower_section_at_tip_height,32.35873915147707,True,valid,,False,no_tower_section_at_tip_height
1188,1188,47.52,164.54,164.5275,164.55249999999998,T1,10.698020539999998,True,valid,interpolated,1901,1902,0.5999999999993179,,False,no_tower_section_at_tip_height,30.05812932697359,True,valid,,False,no_tower_section_at_tip_height
1189,1189,47.56,164.57999999999998,164.5675,164.59249999999997,T1,10.703658319999999,True,valid,interpolated,1903,1904,0.19999999999977264,,False,no_tower_section_at_tip_height,27.703926937297513,True,valid,,False,no_tower_section_at_tip_height
1190,1190,47.6,164.62,164.60750000000002,164.6325,T1,10.70632096,True,valid,interpolated,1904,1905,0.8000000000002274,,False,no_tower_section_at_tip_height,25.319692921914392,True,valid,,False,no_tower_section_at_tip_height
1191,1191,47.64,164.66,164.6475,164.67249999999999,T1,10.707128339999999,True,valid,interpolated,1906,1907,0.3999999999995453,,False,no_tower_section_at_tip_height,22.921473889601085,True,valid,,False,no_tower_section_at_tip_height
1192,1192,47.68,164.7,164.6875,164.71249999999998,T1,10.7103605,True,valid,source,1908,1908,0.0,,False,no_tower_section_at_tip_height,20.530424386480583,True,valid,,False,no_tower_section_at_tip_height
1193,1193,47.72,164.74,164.72750000000002,164.7525,T1,10.716426460000001,True,valid,interpolated,1909,1910,0.6000000000004547,,False,no_tower_section_at_tip_height,18.176912912551145,True,valid,,False,no_tower_section_at_tip_height
1194,1194,47.76,164.78,164.7675,164.7925,T1,10.7225071,True,valid,interpolated,1911,1912,0.19999999999977264,,False,no_tower_section_at_tip_height,15.877927265723079,True,valid,,False,no_tower_section_at_tip_height
1195,1195,47.8,164.82,164.8075,164.83249999999998,T1,10.73043094,True,valid,interpolated,1912,1913,0.8,,False,no_tower_section_at_tip_height,13.676643561845179,True,valid,,False,no_tower_section_at_tip_height
1196,1196,47.84,164.86,164.84750000000003,164.8725,T1,10.740479260000004,True,valid,interpolated,1914,1915,0.40000000000068214,,False,no_tower_section_at_tip_height,11.691095363446786,True,valid,,False,no_tower_section_at_tip_height
1197,1197,47.88,164.9,164.88750000000002,164.9125,T1,10.7509155,True,valid,source,1916,1916,0.0,,False,no_tower_section_at_tip_height,9.954307143460374,True,valid,,False,no_tower_section_at_tip_height
1198,1198,47.92,164.94,164.9275,164.9525,T1,10.76078034,True,valid,interpolated,1917,1918,0.6,,False,no_tower_section_at_tip_height,8.664715239929041,True,valid,,False,no_tower_section_at_tip_height
1199,1199,47.96,164.98,164.9675,164.99249999999998,T1,10.771302599999999,True,valid,interpolated,1919,1920,0.19999999999977264,,False,no_tower_section_at_tip_height,7.976332713608764,True,valid,,False,no_tower_section_at_tip_height
1200,1200,48.0,165.02,165.00750000000002,165.0325,T1,10.78104076,True,valid,interpolated,1920,1921,0.8000000000002274,,False,no_tower_section_at_tip_height,8.008163002052047,True,valid,,False,no_tower_section_at_tip_height
1201,1201,48.04,165.06,165.0475,165.0725,T1,10.787391079999999,True,valid,interpolated,1922,1923,0.4,,False,no_tower_section_at_tip_height,8.75965635086766,True,valid,,False,no_tower_section_at_tip_height
1202,1202,48.08,165.1,165.0875,165.11249999999998,T1,10.7988386,True,valid,source,1924,1924,0.0,,False,no_tower_section_at_tip_height,10.108370068875008,True,valid,,False,no_tower_section_at_tip_height
1203,1203,48.12,165.14,165.1275,165.15249999999997,T1,10.814297119999994,True,valid,interpolated,1925,1926,0.5999999999993179,,False,no_tower_section_at_tip_height,11.896929830132132,True,valid,,False,no_tower_section_at_tip_height
1204,1204,48.16,165.18,165.16750000000002,165.1925,T1,10.82547114,True,valid,interpolated,1927,1928,0.2,,False,no_tower_section_at_tip_height,13.921066072943763,True,valid,,False,no_tower_section_at_tip_height
1205,1205,48.2,165.22,165.2075,165.2325,T1,10.83585242,True,valid,interpolated,1928,1929,0.8000000000002274,,False,no_tower_section_at_tip_height,16.15840883102741,True,valid,,False,no_tower_section_at_tip_height
1206,1206,48.24,165.26,165.2475,165.27249999999998,T1,10.847237579999996,True,valid,interpolated,1930,1931,0.3999999999995453,,False,no_tower_section_at_tip_height,18.489047303700143,True,valid,,False,no_tower_section_at_tip_height
1207,1207,48.28,165.3,165.28750000000002,165.3125,T1,10.8572187,True,valid,source,1932,1932,0.0,,False,no_tower_section_at_tip_height,20.863505262038156,True,valid,,False,no_tower_section_at_tip_height
1208,1208,48.32,165.34,165.32750000000001,165.3525,T1,10.868551060000005,True,valid,interpolated,1933,1934,0.6000000000004547,,False,no_tower_section_at_tip_height,23.272860299157855,True,valid,,False,no_tower_section_at_tip_height
1209,1209,48.36,165.38,165.3675,165.39249999999998,T1,10.883481439999999,True,valid,interpolated,1935,1936,0.19999999999977264,,False,no_tower_section_at_tip_height,25.688034581917364,True,valid,,False,no_tower_section_at_tip_height
1210,1210,48.4,165.42000000000002,165.40750000000003,165.4325,T1,10.896738240000001,True,valid,interpolated,1936,1937,0.8000000000002274,,False,no_tower_section_at_tip_height,28.084136999924908,True,valid,,False,no_tower_section_at_tip_height
1211,1211,48.44,165.46,165.44750000000002,165.4725,T1,10.906080060000004,True,valid,interpolated,1938,1939,0.40000000000068214,,False,no_tower_section_at_tip_height,30.451610991774192,True,valid,,False,no_tower_section_at_tip_height
1212,1212,48.48,165.5,165.4875,165.5125,T1,10.9172459,True,valid,source,1940,1940,0.0,61.23098822526636,True,valid,32.77075713476106,True,valid,,False,no_tower_section_at_tip_height
1213,1213,48.52,165.54,165.5275,165.55249999999998,T1,10.927641099999995,True,valid,interpolated,1941,1942,0.5999999999993179,60.99984382344351,True,valid,35.04484967528974,True,valid,,False,no_tower_section_at_tip_height
1214,1214,48.56,165.57999999999998,165.5675,165.59249999999997,T1,10.933275219999999,True,valid,interpolated,1943,1944,0.19999999999977264,60.63545527396015,True,valid,37.26404269237458,True,valid,,False,no_tower_section_at_tip_height
1215,1215,48.6,165.62,165.60750000000002,165.6325,T1,10.938650899999999,True,valid,interpolated,1944,1945,0.8000000000002274,60.136620092983634,True,valid,39.418169966628255,True,valid,,False,no_tower_section_at_tip_height
1216,1216,48.64,165.66,165.6475,165.67249999999999,T1,10.949496079999996,True,valid,interpolated,1946,1947,0.3999999999995453,59.506191395248564,True,valid,41.49834139422349,True,valid,,False,no_tower_section_at_tip_height
1217,1217,48.68,165.7,165.6875,165.71249999999998,T1,10.9620485,True,valid,source,1948,1948,0.0,58.75008862884655,True,valid,43.49788342926964,True,valid,,False,no_tower_section_at_tip_height
1218,1218,48.72,165.74,165.72750000000002,165.7525,T1,10.970335020000004,True,valid,interpolated,1949,1950,0.6000000000004547,57.87248718650303,True,valid,45.41004578035238,True,valid,,False,no_tower_section_at_tip_height
1219,1219,48.76,165.78,165.7675,165.7925,T1,10.9801231,True,valid,interpolated,1951,1952,0.19999999999977264,56.87230442995145,True,valid,47.2308398977295,True,valid,,False,no_tower_section_at_tip_height
1220,1220,48.8,165.82,165.8075,165.83249999999998,T1,10.99063646,True,valid,interpolated,1952,1953,0.8,55.750009563139244,True,valid,48.95691765946475,True,valid,,False,no_tower_section_at_tip_height
1221,1221,48.84,165.86,165.84750000000003,165.8725,T1,10.997146820000001,True,valid,interpolated,1954,1955,0.40000000000068214,54.507966008249,True,valid,50.5826508404051,True,valid,,False,no_tower_section_at_tip_height
1222,1222,48.88,165.9,165.88750000000002,165.9125,T1,10.9996586,True,valid,source,1956,1956,0.0,53.14876723241741,True,valid,52.10466156494087,True,valid,,False,no_tower_section_at_tip_height
1223,1223,48.92,165.94,165.9275,165.9525,T1,11.00427036,True,valid,interpolated,1957,1958,0.6,51.673648741408805,True,valid,53.52179786497876,True,valid,,False,no_tower_section_at_tip_height
1224,1224,48.96,165.98,165.9675,165.99249999999998,T1,11.01110802,True,valid,interpolated,1959,1960,0.19999999999977264,50.08625271762319,True,valid,54.829026773580956,True,valid,,False,no_tower_section_at_tip_height
1225,1225,49.0,166.02,166.00750000000002,166.0325,T1,11.01691474,True,valid,interpolated,1960,1961,0.8000000000002274,48.391552423551786,True,valid,56.021981076808096,True,valid,,False,no_tower_section_at_tip_height
1226,1226,49.04,166.06,166.0475,166.0725,T1,11.02344338,True,valid,interpolated,1962,1963,0.4,46.59619942738349,True,valid,57.097109489275404,True,valid,,False,no_tower_section_at_tip_height
1227,1227,49.08,166.1,166.0875,166.11249999999998,T1,11.0317688,True,valid,source,1964,1964,0.0,44.706508954452005,True,valid,58.050329835514916,True,valid,,False,no_tower_section_at_tip_height
1228,1228,49.12,166.14,166.1275,166.15249999999997,T1,11.039857659999997,True,valid,interpolated,1965,1966,0.5999999999993179,42.72915477182293,True,valid,58.87798555386153,True,valid,,False,no_tower_section_at_tip_height
1229,1229,49.16,166.18,166.16750000000002,166.1925,T1,11.044117940000001,True,valid,interpolated,1967,1968,0.2,40.66830759544905,True,valid,59.579028546201165,True,valid,,False,no_tower_section_at_tip_height
1230,1230,49.2,166.22,166.2075,166.2325,T1,11.048919140000002,True,valid,interpolated,1968,1969,0.8000000000002274,38.52932858840952,True,valid,60.15277083326757,True,valid,,False,no_tower_section_at_tip_height
1231,1231,49.24,166.26,166.2475,166.27249999999998,T1,11.058679759999997,True,valid,interpolated,1970,1971,0.3999999999995453,36.31808363793162,True,valid,60.597759066596865,True,valid,,False,no_tower_section_at_tip_height
1232,1232,49.28,166.3,166.28750000000002,166.3125,T1,11.0697107,True,valid,source,1972,1972,0.0,34.039101633560726,True,valid,60.911790427532786,True,valid,,False,no_tower_section_at_tip_height
1233,1233,49.32,166.34,166.32750000000001,166.3525,T1,11.077625820000002,True,valid,interpolated,1973,1974,0.6000000000004547,31.695867028047413,True,valid,,False,no_tower_section_at_tip_height,,False,no_tower_section_at_tip_height
1234,1234,49.36,166.38,166.3675,166.39249999999998,T1,11.085117899999998,True,valid,interpolated,1975,1976,0.19999999999977264,29.297566184708757,True,valid,,False,no_tower_section_at_tip_height,,False,no_tower_section_at_tip_height
1235,1235,49.4,166.42000000000002,166.40750000000003,166.4325,T1,11.096407100000002,True,valid,interpolated,1976,1977,0.8000000000002274,26.850924409278093,True,valid,,False,no_tower_section_at_tip_height,,False,no_tower_section_at_tip_height
1236,1236,49.44,166.46,166.44750000000002,166.4725,T1,11.106070700000004,True,valid,interpolated,1978,1979,0.40000000000068214,24.358178550237493,True,valid,,False,no_tower_section_at_tip_height,,False,no_tower_section_at_tip_height
1237,1237,49.48,166.5,166.4875,166.5125,T1,11.1133404,True,valid,source,1980,1980,0.0,21.85500794553216,True,valid,,False,no_tower_section_at_tip_height,,False,no_tower_section_at_tip_height
1238,1238,49.52,166.54,166.5275,166.55249999999998,T1,11.125326139999995,True,valid,interpolated,1981,1982,0.5999999999993179,19.372433279955978,True,valid,,False,no_tower_section_at_tip_height,,False,no_tower_section_at_tip_height
1239,1239,49.56,166.57999999999998,166.5675,166.59249999999997,T1,11.141248539999998,True,valid,interpolated,1983,1984,0.19999999999977264,16.948362865321958,True,valid,,False,no_tower_section_at_tip_height,,False,no_tower_section_at_tip_height
1240,1240,49.6,166.62,166.60750000000002,166.6325,T1,11.156437100000003,True,valid,interpolated,1984,1985,0.8000000000002274,14.605084486856835,True,valid,,False,no_tower_section_at_tip_height,,False,no_tower_section_at_tip_height
1241,1241,49.64,166.66,166.6475,166.67249999999999,T1,11.168979679999996,True,valid,interpolated,1986,1987,0.3999999999995453,12.400234301882609,True,valid,,False,no_tower_section_at_tip_height,,False,no_tower_section_at_tip_height
1242,1242,49.68,166.7,166.6875,166.71249999999998,T1,11.182539,True,valid,source,1988,1988,0.0,10.456860164247173,True,valid,,False,no_tower_section_at_tip_height,,False,no_tower_section_at_tip_height
1243,1243,49.72,166.74,166.72750000000002,166.7525,T1,11.198923680000004,True,valid,interpolated,1989,1990,0.6000000000004547,8.909547709094998,True,valid,,False,no_tower_section_at_tip_height,,False,no_tower_section_at_tip_height
1244,1244,49.76,166.78,166.7675,166.7925,T1,11.214270599999997,True,valid,interpolated,1991,1992,0.19999999999977264,7.926453808836991,True,valid,,False,no_tower_section_at_tip_height,,False,no_tower_section_at_tip_height
1245,1245,49.8,166.82,166.8075,166.83249999999998,T1,11.230198519999998,True,valid,interpolated,1992,1993,0.8,7.688757730952249,True,valid,,False,no_tower_section_at_tip_height,,False,no_tower_section_at_tip_height
1246,1246,49.84,166.86,166.84750000000003,166.8725,T1,11.250062360000008,True,valid,interpolated,1994,1995,0.40000000000068214,8.253388784996684,True,valid,,False,no_tower_section_at_tip_height,,False,no_tower_section_at_tip_height
1247,1247,49.88,166.9,166.88750000000002,166.9125,T1,11.2704029,True,valid,source,1996,1996,0.0,9.522818922123799,True,valid,,False,no_tower_section_at_tip_height,,False,no_tower_section_at_tip_height
1248,1248,49.92,166.94,166.9275,166.9525,T1,11.28839262,True,valid,interpolated,1997,1998,0.6,11.29089660818164,True,valid,,False,no_tower_section_at_tip_height,,False,no_tower_section_at_tip_height
1249,1249,49.96,166.98,166.9675,166.99249999999998,T1,11.304161659999998,True,valid,interpolated,1999,2000,0.19999999999977264,13.38083085658598,True,valid,,False,no_tower_section_at_tip_height,,False,no_tower_section_at_tip_height
1250,1250,50.0,167.02,167.00750000000002,167.0325,T1,11.318668140000002,True,valid,interpolated,2000,2001,0.8000000000002274,15.693757383294756,True,valid,,False,no_tower_section_at_tip_height,,False,no_tower_section_at_tip_height
1251,1251,50.04,167.06,167.0475,167.0725,T1,11.33210202,True,valid,interpolated,2002,2003,0.4,18.13060470335194,True,valid,,False,no_tower_section_at_tip_height,,False,no_tower_section_at_tip_height
1252,1252,50.08,167.1,167.0875,167.11249999999998,T1,11.3440542,True,valid,source,2004,2004,0.0,20.61333855887931,True,valid,,False,no_tower_section_at_tip_height,,False,no_tower_section_at_tip_height
1253,1253,50.12,167.14,167.1275,167.15249999999997,T1,11.357138839999994,True,valid,interpolated,2005,2006,0.5999999999993179,23.138424358121927,True,valid,,False,no_tower_section_at_tip_height,,False,no_tower_section_at_tip_height
1254,1254,50.16,167.18,167.16750000000002,167.1925,T1,11.37165264,True,valid,interpolated,2007,2008,0.2,25.672308943047675,True,valid,,False,no_tower_section_at_tip_height,,False,no_tower_section_at_tip_height
1255,1255,50.2,167.22,167.2075,167.2325,T1,11.385554880000003,True,valid,interpolated,2008,2009,0.8000000000002274,28.192580248094433,True,valid,,False,no_tower_section_at_tip_height,,False,no_tower_section_at_tip_height
1256,1256,50.24,167.26,167.2475,167.27249999999998,T1,11.398743819999996,True,valid,interpolated,2010,2011,0.3999999999995453,30.680597692739937,True,valid,,False,no_tower_section_at_tip_height,,False,no_tower_section_at_tip_height
1257,1257,50.28,167.3,167.28750000000002,167.3125,T1,11.4123974,True,valid,source,2012,2012,0.0,33.11812323345812,True,valid,,False,no_tower_section_at_tip_height,61.15555383762573,True,valid
1258,1258,50.32,167.34,167.32750000000001,167.3525,T1,11.42322026,True,valid,interpolated,2013,2014,0.6000000000004547,35.48977538377939,True,valid,,False,no_tower_section_at_tip_height,60.90011244864768,True,valid
1259,1259,50.36,167.38,167.3675,167.39249999999998,T1,11.429399080000001,True,valid,interpolated,2015,2016,0.19999999999977264,37.79908465802969,True,valid,,False,no_tower_section_at_tip_height,60.502323769562935,True,valid
1260,1260,50.4,167.42000000000002,167.40750000000003,167.4325,T1,11.432737,True,valid,interpolated,2016,2017,0.8000000000002274,40.03730861039694,True,valid,,False,no_tower_section_at_tip_height,59.96365237917342,True,valid
1261,1261,50.44,167.46,167.44750000000002,167.4725,T1,11.437607360000001,True,valid,interpolated,2018,2019,0.40000000000068214,42.19517030722388,True,valid,,False,no_tower_section_at_tip_height,59.28731022876918,True,valid
1262,1262,50.48,167.5,167.4875,167.5125,T1,11.4428482,True,valid,source,2020,2020,0.0,44.26437957744261,True,valid,,False,no_tower_section_at_tip_height,58.476517567755614,True,valid
1263,1263,50.52,167.54,167.5275,167.55249999999998,T1,11.448157499999997,True,valid,interpolated,2021,2022,0.5999999999993179,46.23693768268184,True,valid,,False,no_tower_section_at_tip_height,57.534130741157306,True,valid
1264,1264,50.56,167.57999999999998,167.5675,167.59249999999997,T1,11.452409159999998,True,valid,interpolated,2023,2024,0.19999999999977264,48.106883962302724,True,valid,,False,no_tower_section_at_tip_height,56.462266757331854,True,valid
1265,1265,50.6,167.62,167.60750000000002,167.6325,T1,11.4537542,True,valid,interpolated,2024,2025,0.8000000000002274,49.869537575612334,True,valid,,False,no_tower_section_at_tip_height,55.26435870326277,True,valid
1266,1266,50.64,167.66,167.6475,167.67249999999999,T1,11.452182400000002,True,valid,interpolated,2026,2027,0.3999999999995453,51.521203346933774,True,valid,,False,no_tower_section_at_tip_height,53.94491899075601,True,valid
1267,1267,50.68,167.7,167.6875,167.71249999999998,T1,11.450181,True,valid,source,2028,2028,0.0,53.05817897139779,True,valid,,False,no_tower_section_at_tip_height,52.50811075387792,True,valid
1268,1268,50.72,167.74,167.72750000000002,167.7525,T1,11.446720319999999,True,valid,interpolated,2029,2030,0.6000000000004547,54.47670901805216,True,valid,,False,no_tower_section_at_tip_height,50.95743242427072,True,valid
1269,1269,50.76,167.78,167.7675,167.7925,T1,11.4409353,True,valid,interpolated,2031,2032,0.19999999999977264,55.77102926492426,True,valid,,False,no_tower_section_at_tip_height,49.29577523116958,True,valid
1270,1270,50.8,167.82,167.8075,167.83249999999998,T1,11.43485162,True,valid,interpolated,2032,2033,0.8,56.936730284682426,True,valid,,False,no_tower_section_at_tip_height,47.52825530767676,True,valid
1271,1271,50.84,167.86,167.84750000000003,167.8725,T1,11.43177952,True,valid,interpolated,2034,2035,0.40000000000068214,57.97078159757668,True,valid,,False,no_tower_section_at_tip_height,45.66148540596297,True,valid
1272,1272,50.88,167.9,167.88750000000002,167.9125,T1,11.4278946,True,valid,source,2036,2036,0.0,58.870431945459366,True,valid,,False,no_tower_section_at_tip_height,43.702479178857125,True,valid
1273,1273,50.92,167.94,167.9275,167.9525,T1,11.42035048,True,valid,interpolated,2037,2038,0.6,59.63296934031463,True,valid,,False,no_tower_section_at_tip_height,41.65828251792081,True,valid
1274,1274,50.96,167.98,167.9675,167.99249999999998,T1,11.413785740000002,True,valid,interpolated,2039,2040,0.19999999999977264,60.256633141718005,True,valid,,False,no_tower_section_at_tip_height,39.5360691590796,True,valid
1275,1275,51.0,168.02,168.00750000000002,168.0325,T1,11.41056694,True,valid,interpolated,2040,2041,0.8000000000002274,60.74039344359606,True,valid,,False,no_tower_section_at_tip_height,37.34297319903746,True,valid
1276,1276,51.04,168.06,168.0475,168.0725,T1,11.40852644,True,valid,interpolated,2042,2043,0.4,61.08315020281835,True,valid,,False,no_tower_section_at_tip_height,35.08664073031063,True,valid
1277,1277,51.08,168.1,168.0875,168.11249999999998,T1,11.4001122,True,valid,source,2044,2044,0.0,61.28482219899247,True,valid,,False,no_tower_section_at_tip_height,32.774010284764884,True,valid
1278,1278,51.12,168.14,168.1275,168.15249999999997,T1,11.390140160000003,True,valid,interpolated,2045,2046,0.5999999999993179,,False,no_tower_section_at_tip_height,,False,no_tower_section_at_tip_height,30.392561956202417,True,valid
1279,1279,51.16,168.18,168.16750000000002,168.1925,T1,11.384639540000002,True,valid,interpolated,2047,2048,0.2,,False,no_tower_section_at_tip_height,,False,no_tower_section_at_tip_height,27.976598902401488,True,valid
1280,1280,51.2,168.22,168.2075,168.2325,T1,11.377283299999998,True,valid,interpolated,2048,2049,0.8000000000002274,,False,no_tower_section_at_tip_height,,False,no_tower_section_at_tip_height,25.55634619675574,True,valid
1281,1281,51.24,168.26,168.2475,168.27249999999998,T1,11.368249520000003,True,valid,interpolated,2050,2051,0.3999999999995453,,False,no_tower_section_at_tip_height,,False,no_tower_section_at_tip_height,23.148041979179123,True,valid
1282,1282,51.28,168.3,168.28750000000002,168.3125,T1,11.3646698,True,valid,source,2052,2052,0.0,,False,no_tower_section_at_tip_height,,False,no_tower_section_at_tip_height,20.76860572645346,True,valid
1283,1283,51.32,168.34,168.32750000000001,168.3525,T1,11.36173212,True,valid,interpolated,2053,2054,0.6000000000004547,,False,no_tower_section_at_tip_height,,False,no_tower_section_at_tip_height,18.43047852530067,True,valid
1284,1284,51.36,168.38,168.3675,168.39249999999998,T1,11.354129020000002,True,valid,interpolated,2055,2056,0.19999999999977264,,False,no_tower_section_at_tip_height,,False,no_tower_section_at_tip_height,16.188945473043184,True,valid
1285,1285,51.4,168.42000000000002,168.40750000000003,168.4325,T1,11.347079499999998,True,valid,interpolated,2056,2057,0.8000000000002274,,False,no_tower_section_at_tip_height,,False,no_tower_section_at_tip_height,14.15454591862452,True,valid
1286,1286,51.44,168.46,168.44750000000002,168.4725,T1,11.344907939999999,True,valid,interpolated,2058,2059,0.40000000000068214,,False,no_tower_section_at_tip_height,,False,no_tower_section_at_tip_height,12.351212836245276,True,valid
1287,1287,51.48,168.5,168.4875,168.5125,T1,11.3414955,True,valid,source,2060,2060,0.0,,False,no_tower_section_at_tip_height,,False,no_tower_section_at_tip_height,10.958118894301009,True,valid
1288,1288,51.52,168.54,168.5275,168.55249999999998,T1,11.335117140000001,True,valid,interpolated,2061,2062,0.5999999999993179,,False,no_tower_section_at_tip_height,,False,no_tower_section_at_tip_height,10.083694146397614,True,valid
1289,1289,51.56,168.57999999999998,168.5675,168.59249999999997,T1,11.33261224,True,valid,interpolated,2063,2064,0.19999999999977264,,False,no_tower_section_at_tip_height,,False,no_tower_section_at_tip_height,9.842541269324556,True,valid
1290,1290,51.6,168.62,168.60750000000002,168.6325,T1,11.331864560000001,True,valid,interpolated,2064,2065,0.8000000000002274,,False,no_tower_section_at_tip_height,,False,no_tower_section_at_tip_height,10.283123889539208,True,valid
1291,1291,51.64,168.66,168.6475,168.67249999999999,T1,11.327545540000003,True,valid,interpolated,2066,2067,0.3999999999995453,,False,no_tower_section_at_tip_height,,False,no_tower_section_at_tip_height,11.331061856936522,True,valid
1292,1292,51.68,168.7,168.6875,168.71249999999998,T1,11.3214378,True,valid,source,2068,2068,0.0,,False,no_tower_section_at_tip_height,,False,no_tower_section_at_tip_height,12.860036878588117,True,valid
1293,1293,51.72,168.74,168.72750000000002,168.7525,T1,11.317493639999999,True,valid,interpolated,2069,2070,0.6000000000004547,,False,no_tower_section_at_tip_height,,False,no_tower_section_at_tip_height,14.76415589109072,True,valid
1294,1294,51.76,168.78,168.7675,168.7925,T1,11.313278740000001,True,valid,interpolated,2071,2072,0.19999999999977264,,False,no_tower_section_at_tip_height,,False,no_tower_section_at_tip_height,16.865405040948968,True,valid
1295,1295,51.8,168.82,168.8075,168.83249999999998,T1,11.30728666,True,valid,interpolated,2072,2073,0.8,,False,no_tower_section_at_tip_height,,False,no_tower_section_at_tip_height,19.147011807224864,True,valid
1296,1296,51.84,168.86,168.84750000000003,168.8725,T1,11.30194624,True,valid,interpolated,2074,2075,0.40000000000068214,,False,no_tower_section_at_tip_height,,False,no_tower_section_at_tip_height,21.517560274266433,True,valid
1297,1297,51.88,168.9,168.88750000000002,168.9125,T1,11.2978497,True,valid,source,2076,2076,0.0,,False,no_tower_section_at_tip_height,,False,no_tower_section_at_tip_height,23.92546133539903,True,valid
1298,1298,51.92,168.94,168.9275,168.9525,T1,11.29024638,True,valid,interpolated,2077,2078,0.6,,False,no_tower_section_at_tip_height,,False,no_tower_section_at_tip_height,26.359984149824154,True,valid
1299,1299,51.96,168.98,168.9675,168.99249999999998,T1,11.282050740000003,True,valid,interpolated,2079,2080,0.19999999999977264,,False,no_tower_section_at_tip_height,,False,no_tower_section_at_tip_height,28.790717830155053,True,valid
1300,1300,52.0,169.02,169.00750000000002,169.0325,T1,11.27602346,True,valid,interpolated,2080,2081,0.8000000000002274,,False,no_tower_section_at_tip_height,,False,no_tower_section_at_tip_height,31.194213679353748,True,valid
1301,1301,52.04,169.06,169.0475,169.0725,T1,11.2696079,True,valid,interpolated,2082,2083,0.4,,False,no_tower_section_at_tip_height,61.35680589543837,True,valid,33.552925796963194,True,valid
1302,1302,52.08,169.1,169.0875,169.11249999999998,T1,11.2600508,True,valid,source,2084,2084,0.0,,False,no_tower_section_at_tip_height,61.10716881532601,True,valid,35.8582405325956,True,valid
1303,1303,52.12,169.14,169.1275,169.15249999999997,T1,11.250165580000004,True,valid,interpolated,2085,2086,0.5999999999993179,,False,no_tower_section_at_tip_height,60.721079386586204,True,valid,38.09613440064202,True,valid
1304,1304,52.16,169.18,169.16750000000002,169.1925,T1,11.24135364,True,valid,interpolated,2087,2088,0.2,,False,no_tower_section_at_tip_height,60.200621054312194,True,valid,40.263283856449384,True,valid
1305,1305,52.2,169.22,169.2075,169.2325,T1,11.230033879999999,True,valid,interpolated,2088,2089,0.8000000000002274,,False,no_tower_section_at_tip_height,59.54854930254632,True,valid,42.356288213832705,True,valid
1306,1306,52.24,169.26,169.2475,169.27249999999998,T1,11.214261600000004,True,valid,interpolated,2090,2091,0.3999999999995453,,False,no_tower_section_at_tip_height,58.767097733036174,True,valid,44.364111656160475,True,valid
1307,1307,52.28,169.3,169.28750000000002,169.3125,T1,11.1995258,True,valid,source,2092,2092,0.0,,False,no_tower_section_at_tip_height,57.857085083611736,True,valid,46.27914518998234,True,valid
1308,1308,52.32,169.34,169.32750000000001,169.3525,T1,11.187970139999997,True,valid,interpolated,2093,2094,0.6000000000004547,,False,no_tower_section_at_tip_height,56.81965985322633,True,valid,48.09709828580282,True,valid
1309,1309,52.36,169.38,169.3675,169.39249999999998,T1,11.174487660000004,True,valid,interpolated,2095,2096,0.19999999999977264,,False,no_tower_section_at_tip_height,55.65908313749271,True,valid,49.815196267553034,True,valid
1310,1310,52.4,169.42000000000002,169.40750000000003,169.4325,T1,11.157637419999997,True,valid,interpolated,2096,2097,0.8000000000002274,,False,no_tower_section_at_tip_height,54.38157590908195,True,valid,51.42938298129753,True,valid
1311,1311,52.44,169.46,169.44750000000002,169.4725,T1,11.142064119999995,True,valid,interpolated,2098,2099,0.40000000000068214,,False,no_tower_section_at_tip_height,52.99371638613078,True,valid,52.93580408935246,True,valid
1312,1312,52.48,169.5,169.4875,169.5125,T1,11.1275759,True,valid,source,2100,2100,0.0,,False,no_tower_section_at_tip_height,51.4996297298122,True,valid,54.32951605698102,True,valid
1313,1313,52.52,169.54,169.5275,169.55249999999998,T1,11.111112580000007,True,valid,interpolated,2101,2102,0.5999999999993179,,False,no_tower_section_at_tip_height,49.90274868046632,True,valid,55.60467152805027,True,valid
1314,1314,52.56,169.57999999999998,169.5675,169.59249999999997,T1,11.094507960000001,True,valid,interpolated,2103,2104,0.19999999999977264,,False,no_tower_section_at_tip_height,48.2059885688581,True,valid,56.7576392498285,True,valid
1315,1315,52.6,169.62,169.60750000000002,169.6325,T1,11.080247879999998,True,valid,interpolated,2104,2105,0.8000000000002274,,False,no_tower_section_at_tip_height,46.41484357128917,True,valid,57.78528671048971,True,valid
1316,1316,52.64,169.66,169.6475,169.67249999999999,T1,11.065336380000005,True,valid,interpolated,2106,2107,0.3999999999995453,,False,no_tower_section_at_tip_height,44.53530624390681,True,valid,58.6857682448069,True,valid
1317,1317,52.68,169.7,169.6875,169.71249999999998,T1,11.047471,True,valid,source,2108,2108,0.0,,False,no_tower_section_at_tip_height,42.5728988734967,True,valid,59.45824237364661,True,valid
1318,1318,52.72,169.74,169.72750000000002,169.7525,T1,11.029908379999995,True,valid,interpolated,2109,2110,0.6000000000004547,,False,no_tower_section_at_tip_height,40.530664390879934,True,valid,60.1009535903365,True,valid
1319,1319,52.76,169.78,169.7675,169.7925,T1,11.013867400000002,True,valid,interpolated,2111,2112,0.19999999999977264,,False,no_tower_section_at_tip_height,38.4117984048351,True,valid,60.613081032243635,True,valid
1320,1320,52.8,169.82,169.8075,169.83249999999998,T1,10.99625796,True,valid,interpolated,2112,2113,0.8,,False,no_tower_section_at_tip_height,36.222252804051784,True,valid,60.9948690030103,True,valid
1321,1321,52.84,169.86,169.84750000000003,169.8725,T1,10.977693579999993,True,valid,interpolated,2114,2115,0.40000000000068214,,False,no_tower_section_at_tip_height,33.973961308727866,True,valid,61.2463052966861,True,valid
1322,1322,52.88,169.9,169.88750000000002,169.9125,T1,10.9620657,True,valid,source,2116,2116,0.0,,False,no_tower_section_at_tip_height,31.674092115084466,True,valid,,False,no_tower_section_at_tip_height
1323,1323,52.92,169.94,169.9275,169.9525,T1,10.9498413,True,valid,interpolated,2117,2118,0.6,,False,no_tower_section_at_tip_height,29.337048215865227,True,valid,,False,no_tower_section_at_tip_height
1324,1324,52.96,169.98,169.9675,169.99249999999998,T1,10.936295160000002,True,valid,interpolated,2119,2120,0.19999999999977264,,False,no_tower_section_at_tip_height,26.985447621887896,True,valid,,False,no_tower_section_at_tip_height
1325,1325,53.0,170.02,170.00750000000002,170.0325,T1,10.920062839999998,True,valid,interpolated,2120,2121,0.8000000000002274,,False,no_tower_section_at_tip_height,24.63708122814918,True,valid,,False,no_tower_section_at_tip_height
1326,1326,53.04,170.06,170.0475,170.0725,T1,10.90620062,True,valid,interpolated,2122,2123,0.4,,False,no_tower_section_at_tip_height,22.312377920338136,True,valid,,False,no_tower_section_at_tip_height
1327,1327,53.08,170.1,170.0875,170.11249999999998,T1,10.8949261,True,valid,source,2124,2124,0.0,,False,no_tower_section_at_tip_height,20.038606274187444,True,valid,,False,no_tower_section_at_tip_height
1328,1328,53.12,170.14,170.1275,170.15249999999997,T1,10.884630560000005,True,valid,interpolated,2125,2126,0.5999999999993179,,False,no_tower_section_at_tip_height,17.81578763031938,True,valid,,False,no_tower_section_at_tip_height
1329,1329,53.16,170.18,170.16750000000002,170.1925,T1,10.874484240000001,True,valid,interpolated,2127,2128,0.2,,False,no_tower_section_at_tip_height,15.714948188407938,True,valid,,False,no_tower_section_at_tip_height
1330,1330,53.2,170.22,170.2075,170.2325,T1,10.86630784,True,valid,interpolated,2128,2129,0.8000000000002274,,False,no_tower_section_at_tip_height,13.821122773382202,True,valid,,False,no_tower_section_at_tip_height
1331,1331,53.24,170.26,170.2475,170.27249999999998,T1,10.859916840000002,True,valid,interpolated,2130,2131,0.3999999999995453,,False,no_tower_section_at_tip_height,12.159524620926954,True,valid,,False,no_tower_section_at_tip_height
1332,1332,53.28,170.3,170.28750000000002,170.3125,T1,10.8531942,True,valid,source,2132,2132,0.0,,False,no_tower_section_at_tip_height,10.88308008292406,True,valid,,False,no_tower_section_at_tip_height
1333,1333,53.32,170.34,170.32750000000001,170.3525,T1,10.844567839999998,True,valid,interpolated,2133,2134,0.6000000000004547,,False,no_tower_section_at_tip_height,10.098179052917526,True,valid,,False,no_tower_section_at_tip_height
1334,1334,53.36,170.38,170.3675,170.39249999999998,T1,10.834973160000002,True,valid,interpolated,2135,2136,0.19999999999977264,,False,no_tower_section_at_tip_height,9.893724357821048,True,valid,,False,no_tower_section_at_tip_height
1335,1335,53.4,170.42000000000002,170.40750000000003,170.4325,T1,10.825482919999999,True,valid,interpolated,2136,2137,0.8000000000002274,,False,no_tower_section_at_tip_height,10.292393124564054,True,valid,,False,no_tower_section_at_tip_height
1336,1336,53.44,170.46,170.44750000000002,170.4725,T1,10.818446739999999,True,valid,interpolated,2138,2139,0.40000000000068214,,False,no_tower_section_at_tip_height,11.231845892569456,True,valid,,False,no_tower_section_at_tip_height
1337,1337,53.48,170.5,170.4875,170.5125,T1,10.8124819,True,valid,source,2140,2140,0.0,,False,no_tower_section_at_tip_height,12.6274900954181,True,valid,,False,no_tower_section_at_tip_height
1338,1338,53.52,170.54,170.5275,170.55249999999998,T1,10.805985440000004,True,valid,interpolated,2141,2142,0.5999999999993179,,False,no_tower_section_at_tip_height,14.378633326533526,True,valid,,False,no_tower_section_at_tip_height
1339,1339,53.56,170.57999999999998,170.5675,170.59249999999997,T1,10.799088120000002,True,valid,interpolated,2143,2144,0.19999999999977264,,False,no_tower_section_at_tip_height,16.326795975967162,True,valid,,False,no_tower_section_at_tip_height
1340,1340,53.6,170.62,170.60750000000002,170.6325,T1,10.79234908,True,valid,interpolated,2144,2145,0.8000000000002274,,False,no_tower_section_at_tip_height,18.45791201286591,True,valid,,False,no_tower_section_at_tip_height
1341,1341,53.64,170.66,170.6475,170.67249999999999,T1,10.78588654,True,valid,interpolated,2146,2147,0.3999999999995453,,False,no_tower_section_at_tip_height,20.704137628355184,True,valid,,False,no_tower_section_at_tip_height
1342,1342,53.68,170.7,170.6875,170.71249999999998,T1,10.7794847,True,valid,source,2148,2148,0.0,,False,no_tower_section_at_tip_height,22.981899305803687,True,valid,,False,no_tower_section_at_tip_height
1343,1343,53.72,170.74,170.72750000000002,170.7525,T1,10.774277679999999,True,valid,interpolated,2149,2150,0.6000000000004547,,False,no_tower_section_at_tip_height,25.295500330923897,True,valid,,False,no_tower_section_at_tip_height
1344,1344,53.76,170.78,170.7675,170.7925,T1,10.7712122,True,valid,interpolated,2151,2152,0.19999999999977264,,False,no_tower_section_at_tip_height,27.61466307747888,True,valid,,False,no_tower_section_at_tip_height
1345,1345,53.8,170.82,170.8075,170.83249999999998,T1,10.76980996,True,valid,interpolated,2152,2153,0.8,,False,no_tower_section_at_tip_height,29.918334441142576,True,valid,,False,no_tower_section_at_tip_height
1346,1346,53.84,170.86,170.84750000000003,170.8725,T1,10.769188159999999,True,valid,interpolated,2154,2155,0.40000000000068214,,False,no_tower_section_at_tip_height,32.19277217262885,True,valid,,False,no_tower_section_at_tip_height
1347,1347,53.88,170.9,170.88750000000002,170.9125,T1,10.7657852,True,valid,source,2156,2156,0.0,61.16844774686525,True,valid,34.427638772277646,True,valid,,False,no_tower_section_at_tip_height
1348,1348,53.92,170.94,170.9275,170.9525,T1,10.75808508,True,valid,interpolated,2157,2158,0.6,60.86810085133842,True,valid,36.61064769868379,True,valid,,False,no_tower_section_at_tip_height
1349,1349,53.96,170.98,170.9675,170.99249999999998,T1,10.7493418,True,valid,interpolated,2159,2160,0.19999999999977264,60.444113951681246,True,valid,38.725535887195136,True,valid,,False,no_tower_section_at_tip_height
1350,1350,54.0,171.02,171.00750000000002,171.0325,T1,10.745214279999999,True,valid,interpolated,2160,2161,0.8000000000002274,59.89787917885419,True,valid,40.775587190662826,True,valid,,False,no_tower_section_at_tip_height
1351,1351,54.04,171.06,171.0475,171.0725,T1,10.745149999999999,True,valid,interpolated,2162,2163,0.4,59.231176993665315,True,valid,42.753365860604156,True,valid,,False,no_tower_section_at_tip_height
1352,1352,54.08,171.1,171.0875,171.11249999999998,T1,10.740222,True,valid,source,2164,2164,0.0,58.44571623638933,True,valid,44.65302368797797,True,valid,,False,no_tower_section_at_tip_height
1353,1353,54.12,171.14,171.1275,171.15249999999997,T1,10.732524500000004,True,valid,interpolated,2165,2166,0.5999999999993179,57.54246228389802,True,valid,46.472064580490766,True,valid,,False,no_tower_section_at_tip_height
1354,1354,54.16,171.18,171.16750000000002,171.1925,T1,10.728315720000001,True,valid,interpolated,2167,2168,0.2,56.52887077857571,True,valid,48.20457684018384,True,valid,,False,no_tower_section_at_tip_height
1355,1355,54.2,171.22,171.2075,171.2325,T1,10.72292708,True,valid,interpolated,2168,2169,0.8000000000002274,55.41240361350643,True,valid,49.84155129643843,True,valid,,False,no_tower_section_at_tip_height
1356,1356,54.24,171.26,171.2475,171.27249999999998,T1,10.715012580000002,True,valid,interpolated,2170,2171,0.3999999999995453,54.191032985646494,True,valid,51.37961238208469,True,valid,,False,no_tower_section_at_tip_height
1357,1357,54.28,171.3,171.28750000000002,171.3125,T1,10.7080183,True,valid,source,2172,2172,0.0,52.86305149479257,True,valid,52.81726916322647,True,valid,,False,no_tower_section_at_tip_height
1358,1358,54.32,171.34,171.32750000000001,171.3525,T1,10.703469299999998,True,valid,interpolated,2173,2174,0.6000000000004547,51.43507188426144,True,valid,54.14935643304669,True,valid,,False,no_tower_section_at_tip_height
1359,1359,54.36,171.38,171.3675,171.39249999999998,T1,10.697434240000003,True,valid,interpolated,2175,2176,0.19999999999977264,49.91100448203474,True,valid,55.37374962555939,True,valid,,False,no_tower_section_at_tip_height
1360,1360,54.4,171.42000000000002,171.40750000000003,171.4325,T1,10.693299119999999,True,valid,interpolated,2176,2177,0.8000000000002274,48.289019920456575,True,valid,56.49074784055951,True,valid,,False,no_tower_section_at_tip_height
1361,1361,54.44,171.46,171.44750000000002,171.4725,T1,10.693727680000002,True,valid,interpolated,2178,2179,0.40000000000068214,46.570962817305286,True,valid,57.4975478117396,True,valid,,False,no_tower_section_at_tip_height
1362,1362,54.48,171.5,171.4875,171.5125,T1,10.6930046,True,valid,source,2180,2180,0.0,44.763050292479726,True,valid,58.39056051698837,True,valid,,False,no_tower_section_at_tip_height
1363,1363,54.52,171.54,171.5275,171.55249999999998,T1,10.686875920000002,True,valid,interpolated,2181,2182,0.5999999999993179,42.867433902016444,True,valid,59.16686821291925,True,valid,,False,no_tower_section_at_tip_height
1364,1364,54.56,171.57999999999998,171.5675,171.59249999999997,T1,10.682411040000002,True,valid,interpolated,2183,2184,0.19999999999977264,40.88785339122689,True,valid,59.82419657076745,True,valid,,False,no_tower_section_at_tip_height
1365,1365,54.6,171.62,171.60750000000002,171.6325,T1,10.6818548,True,valid,interpolated,2184,2185,0.8000000000002274,38.82985507762844,True,valid,60.360438053739216,True,valid,,False,no_tower_section_at_tip_height
1366,1366,54.64,171.66,171.6475,171.67249999999999,T1,10.68101098,True,valid,interpolated,2186,2187,0.3999999999995453,36.70211398052273,True,valid,60.773385822894745,True,valid,,False,no_tower_section_at_tip_height
1367,1367,54.68,171.7,171.6875,171.71249999999998,T1,10.6780996,True,valid,source,2188,2188,0.0,34.51450920017994,True,valid,61.06238880067315,True,valid,,False,no_tower_section_at_tip_height
1368,1368,54.72,171.74,171.72750000000002,171.7525,T1,10.679152840000002,True,valid,interpolated,2189,2190,0.6000000000004547,32.279116285942585,True,valid,,False,no_tower_section_at_tip_height,,False,no_tower_section_at_tip_height
1369,1369,54.76,171.78,171.7675,171.7925,T1,10.68274384,True,valid,interpolated,2191,2192,0.19999999999977264,30.006867095685973,True,valid,,False,no_tower_section_at_tip_height,,False,no_tower_section_at_tip_height
1370,1370,54.8,171.82,171.8075,171.83249999999998,T1,10.683276399999999,True,valid,interpolated,2192,2193,0.8,27.693331109233863,True,valid,,False,no_tower_section_at_tip_height,,False,no_tower_section_at_tip_height
1371,1371,54.84,171.86,171.84750000000003,171.8725,T1,10.6833876,True,valid,interpolated,2194,2195,0.40000000000068214,25.359870362935528,True,valid,,False,no_tower_section_at_tip_height,,False,no_tower_section_at_tip_height
1372,1372,54.88,171.9,171.88750000000002,171.9125,T1,10.6868153,True,valid,source,2196,2196,0.0,23.02315030187748,True,valid,,False,no_tower_section_at_tip_height,,False,no_tower_section_at_tip_height
1373,1373,54.92,171.94,171.9275,171.9525,T1,10.690367680000001,True,valid,interpolated,2197,2198,0.6,20.707604227843138,True,valid,,False,no_tower_section_at_tip_height,,False,no_tower_section_at_tip_height
1374,1374,54.96,171.98,171.9675,171.99249999999998,T1,10.69179706,True,valid,interpolated,2199,2200,0.19999999999977264,18.446140427076433,True,valid,,False,no_tower_section_at_tip_height,,False,no_tower_section_at_tip_height
1375,1375,55.0,172.02,172.00750000000002,172.0325,T1,10.694680260000002,True,valid,interpolated,2200,2201,0.8000000000002274,16.242174387221077,True,valid,,False,no_tower_section_at_tip_height,,False,no_tower_section_at_tip_height
1376,1376,55.04,172.06,172.0475,172.0725,T1,10.70007384,True,valid,interpolated,2202,2203,0.4,14.172790357684756,True,valid,,False,no_tower_section_at_tip_height,,False,no_tower_section_at_tip_height
1377,1377,55.08,172.1,172.0875,172.11249999999998,T1,10.7044096,True,valid,source,2204,2204,0.0,12.323374036284177,True,valid,,False,no_tower_section_at_tip_height,,False,no_tower_section_at_tip_height
1378,1378,55.12,172.14,172.1275,172.15249999999997,T1,10.707759499999998,True,valid,interpolated,2205,2206,0.5999999999993179,10.759668264910097,True,valid,,False,no_tower_section_at_tip_height,,False,no_tower_section_at_tip_height
1379,1379,55.16,172.18,172.16750000000002,172.1925,T1,10.712233359999999,True,valid,interpolated,2207,2208,0.2,9.616749862411787,True,valid,,False,no_tower_section_at_tip_height,,False,no_tower_section_at_tip_height
1380,1380,55.2,172.22,172.2075,172.2325,T1,10.718002720000001,True,valid,interpolated,2208,2209,0.8000000000002274,9.034952178900152,True,valid,,False,no_tower_section_at_tip_height,,False,no_tower_section_at_tip_height
1381,1381,55.24,172.26,172.2475,172.27249999999998,T1,10.72102812,True,valid,interpolated,2210,2211,0.3999999999995453,9.092883278828506,True,valid,,False,no_tower_section_at_tip_height,,False,no_tower_section_at_tip_height
1382,1382,55.28,172.3,172.28750000000002,172.3125,T1,10.7229452,True,valid,source,2212,2212,0.0,9.784993404535197,True,valid,,False,no_tower_section_at_tip_height,,False,no_tower_section_at_tip_height
1383,1383,55.32,172.34,172.32750000000001,172.3525,T1,10.7259758,True,valid,interpolated,2213,2214,0.6000000000004547,11.02162045026549,True,valid,,False,no_tower_section_at_tip_height,,False,no_tower_section_at_tip_height
1384,1384,55.36,172.38,172.3675,172.39249999999998,T1,10.72885002,True,valid,interpolated,2215,2216,0.19999999999977264,12.636411907688505,True,valid,,False,no_tower_section_at_tip_height,,False,no_tower_section_at_tip_height
1385,1385,55.4,172.42000000000002,172.40750000000003,172.4325,T1,10.73200778,True,valid,interpolated,2216,2217,0.8000000000002274,14.545911848442344,True,valid,,False,no_tower_section_at_tip_height,,False,no_tower_section_at_tip_height
1386,1386,55.44,172.46,172.44750000000002,172.4725,T1,10.736810660000003,True,valid,interpolated,2218,2219,0.40000000000068214,16.631529410256306,True,valid,,False,no_tower_section_at_tip_height,,False,no_tower_section_at_tip_height
1387,1387,55.48,172.5,172.4875,172.5125,T1,10.742775,True,valid,source,2220,2220,0.0,18.856717022962577,True,valid,,False,no_tower_section_at_tip_height,,False,no_tower_section_at_tip_height
1388,1388,55.52,172.54,172.5275,172.55249999999998,T1,10.746322819999998,True,valid,interpolated,2221,2222,0.5999999999993179,21.130443547432247,True,valid,,False,no_tower_section_at_tip_height,,False,no_tower_section_at_tip_height
1389,1389,55.56,172.57999999999998,172.5675,172.59249999999997,T1,10.74607808,True,valid,interpolated,2223,2224,0.19999999999977264,23.43670312192944,True,valid,,False,no_tower_section_at_tip_height,,False,no_tower_section_at_tip_height
1390,1390,55.6,172.62,172.60750000000002,172.6325,T1,10.74503824,True,valid,interpolated,2224,2225,0.8000000000002274,25.7601015408682,True,valid,,False,no_tower_section_at_tip_height,,False,no_tower_section_at_tip_height
1391,1391,55.64,172.66,172.6475,172.67249999999999,T1,10.748183039999999,True,valid,interpolated,2226,2227,0.3999999999995453,28.083118883460447,True,valid,,False,no_tower_section_at_tip_height,,False,no_tower_section_at_tip_height
1392,1392,55.68,172.7,172.6875,172.71249999999998,T1,10.7526121,True,valid,source,2228,2228,0.0,30.392241619316515,True,valid,,False,no_tower_section_at_tip_height,,False,no_tower_section_at_tip_height
1393,1393,55.72,172.74,172.72750000000002,172.7525,T1,10.752933859999999,True,valid,interpolated,2229,2230,0.6000000000004547,32.674497499226405,True,valid,,False,no_tower_section_at_tip_height,61.22696655350866,True,valid
1394,1394,55.76,172.78,172.7675,172.7925,T1,10.75233594,True,valid,interpolated,2231,2232,0.19999999999977264,34.910886467638235,True,valid,,False,no_tower_section_at_tip_height,61.0050045941495,True,valid
1395,1395,55.8,172.82,172.8075,172.83249999999998,T1,10.7546621,True,valid,interpolated,2232,2233,0.8,37.0856883615584,True,valid,,False,no_tower_section_at_tip_height,60.659523981408356,True,valid
1396,1396,55.84,172.86,172.84750000000003,172.8725,T1,10.75744014,True,valid,interpolated,2234,2235,0.40000000000068214,39.199621861484154,True,valid,,False,no_tower_section_at_tip_height,60.191323718500826,True,valid
1397,1397,55.88,172.9,172.88750000000002,172.9125,T1,10.758028,True,valid,source,2236,2236,0.0,41.245269127963326,True,valid,,False,no_tower_section_at_tip_height,59.60140570486916,True,valid
1398,1398,55.92,172.94,172.9275,172.9525,T1,10.76188488,True,valid,interpolated,2237,2238,0.6,43.21610148419001,True,valid,,False,no_tower_section_at_tip_height,58.89154596500338,True,valid
1399,1399,55.96,172.98,172.9675,172.99249999999998,T1,10.76776692,True,valid,interpolated,2239,2240,0.19999999999977264,45.10663470397241,True,valid,,False,no_tower_section_at_tip_height,58.062036236737306,True,valid
1400,1400,56.0,173.02,173.00750000000002,173.0325,T1,10.7708874,True,valid,interpolated,2240,2241,0.8000000000002274,46.91136410327993,True,valid,,False,no_tower_section_at_tip_height,57.11404734344593,True,valid
1401,1401,56.04,173.06,173.0475,173.0725,T1,10.77133964,True,valid,interpolated,2242,2243,0.4,48.62420954883493,True,valid,,False,no_tower_section_at_tip_height,56.049016781365246,True,valid
1402,1402,56.08,173.1,173.0875,173.11249999999998,T1,10.7719717,True,valid,source,2244,2244,0.0,50.23966112018781,True,valid,,False,no_tower_section_at_tip_height,54.867970544680695,True,valid
1403,1403,56.12,173.14,173.1275,173.15249999999997,T1,10.773417479999999,True,valid,interpolated,2245,2246,0.5999999999993179,51.75391607676002,True,valid,,False,no_tower_section_at_tip_height,53.57229449506196,True,valid
1404,1404,56.16,173.18,173.16750000000002,173.1925,T1,10.773299240000002,True,valid,interpolated,2247,2248,0.2,53.164514453412835,True,valid,,False,no_tower_section_at_tip_height,52.16580088464228,True,valid
1405,1405,56.2,173.22,173.2075,173.2325,T1,10.774530600000002,True,valid,interpolated,2248,2249,0.8000000000002274,54.46948715060693,True,valid,,False,no_tower_section_at_tip_height,50.65240114885945,True,valid
1406,1406,56.24,173.26,173.2475,173.27249999999998,T1,10.778685399999997,True,valid,interpolated,2250,2251,0.3999999999995453,55.66707993079731,True,valid,,False,no_tower_section_at_tip_height,49.03803969013373,True,valid
1407,1407,56.28,173.3,173.28750000000002,173.3125,T1,10.7846518,True,valid,source,2252,2252,0.0,56.75459084225347,True,valid,,False,no_tower_section_at_tip_height,47.328514708181714,True,valid
1408,1408,56.32,173.34,173.32750000000001,173.3525,T1,10.79022544,True,valid,interpolated,2253,2254,0.6000000000004547,57.72944780721354,True,valid,,False,no_tower_section_at_tip_height,45.529742671381406,True,valid
1409,1409,56.36,173.38,173.3675,173.39249999999998,T1,10.79565064,True,valid,interpolated,2255,2256,0.19999999999977264,58.58875981406593,True,valid,,False,no_tower_section_at_tip_height,43.64505713040703,True,valid
1410,1410,56.4,173.42000000000002,173.40750000000003,173.4325,T1,10.80169624,True,valid,interpolated,2256,2257,0.8000000000002274,59.330050334352244,True,valid,,False,no_tower_section_at_tip_height,41.6768669742979,True,valid
1411,1411,56.44,173.46,173.44750000000002,173.4725,T1,10.809313800000002,True,valid,interpolated,2258,2259,0.40000000000068214,59.95025174522669,True,valid,,False,no_tower_section_at_tip_height,39.62652575825204,True,valid
1412,1412,56.48,173.5,173.4875,173.5125,T1,10.8170652,True,valid,source,2260,2260,0.0,60.446490550027,True,valid,,False,no_tower_section_at_tip_height,37.49891291718083,True,valid
1413,1413,56.52,173.54,173.5275,173.55249999999998,T1,10.825277719999997,True,valid,interpolated,2261,2262,0.5999999999993179,60.81542146615199,True,valid,,False,no_tower_section_at_tip_height,35.300415758279776,True,valid
1414,1414,56.56,173.57999999999998,173.5675,173.59249999999997,T1,10.83429378,True,valid,interpolated,2263,2264,0.19999999999977264,61.054568715964145,True,valid,,False,no_tower_section_at_tip_height,33.040470674662124,True,valid
1415,1415,56.6,173.62,173.60750000000002,173.6325,T1,10.84558146,True,valid,interpolated,2264,2265,0.8000000000002274,,False,no_tower_section_at_tip_height,,False,no_tower_section_at_tip_height,30.729766787723445,True,valid
1416,1416,56.64,173.66,173.6475,173.67249999999999,T1,10.859705339999994,True,valid,interpolated,2266,2267,0.3999999999995453,,False,no_tower_section_at_tip_height,,False,no_tower_section_at_tip_height,28.38050866050067,True,valid
1417,1417,56.68,173.7,173.6875,173.71249999999998,T1,10.8732862,True,valid,source,2268,2268,0.0,,False,no_tower_section_at_tip_height,,False,no_tower_section_at_tip_height,25.999752441129974,True,valid
1418,1418,56.72,173.74,173.72750000000002,173.7525,T1,10.883333560000004,True,valid,interpolated,2269,2270,0.6000000000004547,,False,no_tower_section_at_tip_height,,False,no_tower_section_at_tip_height,23.588860367000315,True,valid
1419,1419,56.76,173.78,173.7675,173.7925,T1,10.8940056,True,valid,interpolated,2271,2272,0.19999999999977264,,False,no_tower_section_at_tip_height,,False,no_tower_section_at_tip_height,21.179815459447656,True,valid
1420,1420,56.8,173.82,173.8075,173.83249999999998,T1,10.90647048,True,valid,interpolated,2272,2273,0.8,,False,no_tower_section_at_tip_height,,False,no_tower_section_at_tip_height,18.795728592673317,True,valid
1421,1421,56.84,173.86,173.84750000000003,173.8725,T1,10.918788160000005,True,valid,interpolated,2274,2275,0.40000000000068214,,False,no_tower_section_at_tip_height,,False,no_tower_section_at_tip_height,16.467940366885532,True,valid
1422,1422,56.88,173.9,173.88750000000002,173.9125,T1,10.9328394,True,valid,source,2276,2276,0.0,,False,no_tower_section_at_tip_height,,False,no_tower_section_at_tip_height,14.203735498596867,True,valid
1423,1423,56.92,173.94,173.9275,173.9525,T1,10.94773594,True,valid,interpolated,2277,2278,0.6,,False,no_tower_section_at_tip_height,,False,no_tower_section_at_tip_height,12.094743293011073,True,valid
1424,1424,56.96,173.98,173.9675,173.99249999999998,T1,10.96262262,True,valid,interpolated,2279,2280,0.19999999999977264,,False,no_tower_section_at_tip_height,,False,no_tower_section_at_tip_height,10.237371374129868,True,valid
1425,1425,57.0,174.02,174.00750000000002,174.0325,T1,10.978610060000003,True,valid,interpolated,2280,2281,0.8000000000002274,,False,no_tower_section_at_tip_height,,False,no_tower_section_at_tip_height,8.794552584703686,True,valid
1426,1426,57.04,174.06,174.0475,174.0725,T1,10.996967080000001,True,valid,interpolated,2282,2283,0.4,,False,no_tower_section_at_tip_height,,False,no_tower_section_at_tip_height,7.935929385985824,True,valid
1427,1427,57.08,174.1,174.0875,174.11249999999998,T1,11.0148115,True,valid,source,2284,2284,0.0,,False,no_tower_section_at_tip_height,,False,no_tower_section_at_tip_height,7.829425561086523,True,valid
1428,1428,57.12,174.14,174.1275,174.15249999999997,T1,11.028545019999996,True,valid,interpolated,2285,2286,0.5999999999993179,,False,no_tower_section_at_tip_height,,False,no_tower_section_at_tip_height,8.514754983224602,True,valid
1429,1429,57.16,174.18,174.16750000000002,174.1925,T1,11.040094600000002,True,valid,interpolated,2287,2288,0.2,,False,no_tower_section_at_tip_height,,False,no_tower_section_at_tip_height,9.859567653323959,True,valid
1430,1430,57.2,174.22,174.2075,174.2325,T1,11.053441400000002,True,valid,interpolated,2288,2289,0.8000000000002274,,False,no_tower_section_at_tip_height,,False,no_tower_section_at_tip_height,11.65499865922613,True,valid
1431,1431,57.24,174.26,174.2475,174.27249999999998,T1,11.070096799999995,True,valid,interpolated,2290,2291,0.3999999999995453,,False,no_tower_section_at_tip_height,,False,no_tower_section_at_tip_height,13.740865302406933,True,valid
1432,1432,57.28,174.3,174.28750000000002,174.3125,T1,11.0869722,True,valid,source,2292,2292,0.0,,False,no_tower_section_at_tip_height,,False,no_tower_section_at_tip_height,16.02081996100718,True,valid
1433,1433,57.32,174.34,174.32750000000001,174.3525,T1,11.101580820000004,True,valid,interpolated,2293,2294,0.6000000000004547,,False,no_tower_section_at_tip_height,,False,no_tower_section_at_tip_height,18.42016512879414,True,valid
1434,1434,57.36,174.38,174.3675,174.39249999999998,T1,11.113863539999999,True,valid,interpolated,2295,2296,0.19999999999977264,,False,no_tower_section_at_tip_height,,False,no_tower_section_at_tip_height,20.844065031022087,True,valid
1435,1435,57.4,174.42000000000002,174.40750000000003,174.4325,T1,11.128957540000002,True,valid,interpolated,2296,2297,0.8000000000002274,,False,no_tower_section_at_tip_height,,False,no_tower_section_at_tip_height,23.300483264400903,True,valid
1436,1436,57.44,174.46,174.44750000000002,174.4725,T1,11.149287820000009,True,valid,interpolated,2298,2299,0.40000000000068214,,False,no_tower_section_at_tip_height,,False,no_tower_section_at_tip_height,25.76374868376681,True,valid
1437,1437,57.48,174.5,174.4875,174.5125,T1,11.1664162,True,valid,source,2300,2300,0.0,,False,no_tower_section_at_tip_height,,False,no_tower_section_at_tip_height,28.21234098329124,True,valid
1438,1438,57.52,174.54,174.5275,174.55249999999998,T1,11.174502759999998,True,valid,interpolated,2301,2302,0.5999999999993179,,False,no_tower_section_at_tip_height,,False,no_tower_section_at_tip_height,30.628786783180583,True,valid
1439,1439,57.56,174.57999999999998,174.5675,174.59249999999997,T1,11.181386400000001,True,valid,interpolated,2303,2304,0.19999999999977264,,False,no_tower_section_at_tip_height,61.054654415366166,True,valid,33.00146535050473,True,valid
1440,1440,57.6,174.62,174.60750000000002,174.6325,T1,11.192098080000003,True,valid,interpolated,2304,2305,0.8000000000002274,,False,no_tower_section_at_tip_height,60.792001961231826,True,valid,35.319158534847915,True,valid
1441,1441,57.64,174.66,174.6475,174.67249999999999,T1,11.20093232,True,valid,interpolated,2306,2307,0.3999999999995453,,False,no_tower_section_at_tip_height,60.39360256730696,True,valid,37.57223012981246,True,valid
1442,1442,57.68,174.7,174.6875,174.71249999999998,T1,11.2032423,True,valid,source,2308,2308,0.0,,False,no_tower_section_at_tip_height,59.86024130513469,True,valid,39.761097658150355,True,valid
1443,1443,57.72,174.74,174.72750000000002,174.7525,T1,11.206058680000002,True,valid,interpolated,2309,2310,0.6000000000004547,,False,no_tower_section_at_tip_height,59.1947863920959,True,valid,41.87721999535024,True,valid
1444,1444,57.76,174.78,174.7675,174.7925,T1,11.216139039999998,True,valid,interpolated,2311,2312,0.19999999999977264,,False,no_tower_section_at_tip_height,58.40158502660216,True,valid,43.91347745042172,True,valid
1445,1445,57.8,174.82,174.8075,174.83249999999998,T1,11.22457712,True,valid,interpolated,2312,2313,0.8,,False,no_tower_section_at_tip_height,57.48389411696282,True,valid,45.865065618061934,True,valid
1446,1446,57.84,174.86,174.84750000000003,174.8725,T1,11.22706492,True,valid,interpolated,2314,2315,0.40000000000068214,,False,no_tower_section_at_tip_height,56.444708083961466,True,valid,47.7245724298344,True,valid
1447,1447,57.88,174.9,174.88750000000002,174.9125,T1,11.2291536,True,valid,source,2316,2316,0.0,,False,no_tower_section_at_tip_height,55.28847982946549,True,valid,49.484307251904454,True,valid
1448,1448,57.92,174.94,174.9275,174.9525,T1,11.2322399,True,valid,interpolated,2317,2318,0.6,,False,no_tower_section_at_tip_height,54.017896598906994,True,valid,51.138261066393184,True,valid
1449,1449,57.96,174.98,174.9675,174.99249999999998,T1,11.23233416,True,valid,interpolated,2319,2320,0.19999999999977264,,False,no_tower_section_at_tip_height,52.63603684579077,True,valid,52.680694766580906,True,valid
1450,1450,58.0,175.02,175.00750000000002,175.0325,T1,11.231449119999999,True,valid,interpolated,2320,2321,0.8000000000002274,,False,no_tower_section_at_tip_height,51.14732736315861,True,valid,54.1066022652293,True,valid
1451,1451,58.04,175.06,175.0475,175.0725,T1,11.234850340000001,True,valid,interpolated,2322,2323,0.4,,False,no_tower_section_at_tip_height,49.55595190442973,True,valid,55.412531306202055,True,valid
1452,1452,58.08,175.1,175.0875,175.11249999999998,T1,11.2386293,True,valid,source,2324,2324,0.0,,False,no_tower_section_at_tip_height,47.86607299342594,True,valid,56.59611867190298,True,valid
1453,1453,58.12,175.14,175.1275,175.15249999999997,T1,11.238301120000001,True,valid,interpolated,2325,2326,0.5999999999993179,,False,no_tower_section_at_tip_height,46.08260066923546,True,valid,57.654038028956144,True,valid
1454,1454,58.16,175.18,175.16750000000002,175.1925,T1,11.235560620000001,True,valid,interpolated,2327,2328,0.2,,False,no_tower_section_at_tip_height,44.20999682300916,True,valid,58.58370920578333,True,valid
1455,1455,58.2,175.22,175.2075,175.2325,T1,11.23261494,True,valid,interpolated,2328,2329,0.8000000000002274,,False,no_tower_section_at_tip_height,42.25109335974393,True,valid,59.382671279674106,True,valid
1456,1456,58.24,175.26,175.2475,175.27249999999998,T1,11.225891280000003,True,valid,interpolated,2330,2331,0.3999999999995453,,False,no_tower_section_at_tip_height,40.209289175236194,True,valid,60.04818846792139,True,valid
1457,1457,58.28,175.3,175.28750000000002,175.3125,T1,11.216547,True,valid,source,2332,2332,0.0,,False,no_tower_section_at_tip_height,38.091570604136784,True,valid,60.578471845288014,True,valid
1458,1458,58.32,175.34,175.32750000000001,175.3525,T1,11.208679759999999,True,valid,interpolated,2333,2334,0.6000000000004547,,False,no_tower_section_at_tip_height,35.90645628542692,True,valid,60.972012691726164,True,valid
1459,1459,58.36,175.38,175.3675,175.39249999999998,T1,11.202884080000002,True,valid,interpolated,2335,2336,0.19999999999977264,,False,no_tower_section_at_tip_height,33.66605739707109,True,valid,61.22820056839629,True,valid
1460,1460,58.4,175.42000000000002,175.40750000000003,175.4325,T1,11.196375439999997,True,valid,interpolated,2336,2337,0.8000000000002274,,False,no_tower_section_at_tip_height,31.38246632563883,True,valid,,False,no_tower_section_at_tip_height
1461,1461,58.44,175.46,175.44750000000002,175.4725,T1,11.190944859999998,True,valid,interpolated,2338,2339,0.40000000000068214,,False,no_tower_section_at_tip_height,29.049272678608563,True,valid,,False,no_tower_section_at_tip_height
1462,1462,58.48,175.5,175.4875,175.5125,T1,11.187808,True,valid,source,2340,2340,0.0,,False,no_tower_section_at_tip_height,26.686070058384022,True,valid,,False,no_tower_section_at_tip_height
1463,1463,58.52,175.54,175.5275,175.55249999999998,T1,11.18515756,True,valid,interpolated,2341,2342,0.5999999999993179,,False,no_tower_section_at_tip_height,24.314396753957976,True,valid,,False,no_tower_section_at_tip_height
1464,1464,58.56,175.57999999999998,175.5675,175.59249999999997,T1,11.178987140000002,True,valid,interpolated,2343,2344,0.19999999999977264,,False,no_tower_section_at_tip_height,21.958017182540154,True,valid,,False,no_tower_section_at_tip_height
1465,1465,58.6,175.62,175.60750000000002,175.6325,T1,11.17211306,True,valid,interpolated,2344,2345,0.8000000000002274,,False,no_tower_section_at_tip_height,19.646103020417595,True,valid,,False,no_tower_section_at_tip_height
1466,1466,58.64,175.66,175.6475,175.67249999999999,T1,11.1682123,True,valid,interpolated,2346,2347,0.3999999999995453,,False,no_tower_section_at_tip_height,17.376164152788487,True,valid,,False,no_tower_section_at_tip_height
1467,1467,58.68,175.7,175.6875,175.71249999999998,T1,11.165349,True,valid,source,2348,2348,0.0,,False,no_tower_section_at_tip_height,15.229859168184113,True,valid,,False,no_tower_section_at_tip_height
1468,1468,58.72,175.74,175.72750000000002,175.7525,T1,11.160101519999998,True,valid,interpolated,2349,2350,0.6000000000004547,,False,no_tower_section_at_tip_height,13.291801060998814,True,valid,,False,no_tower_section_at_tip_height
1469,1469,58.76,175.78,175.7675,175.7925,T1,11.15370618,True,valid,interpolated,2351,2352,0.19999999999977264,,False,no_tower_section_at_tip_height,11.632303756567007,True,valid,,False,no_tower_section_at_tip_height
1470,1470,58.8,175.82,175.8075,175.83249999999998,T1,11.14851898,True,valid,interpolated,2352,2353,0.8,,False,no_tower_section_at_tip_height,10.390679614546002,True,valid,,False,no_tower_section_at_tip_height
1471,1471,58.84,175.86,175.84750000000003,175.8725,T1,11.144469479999998,True,valid,interpolated,2354,2355,0.40000000000068214,,False,no_tower_section_at_tip_height,9.715856803157093,True,valid,,False,no_tower_section_at_tip_height
1472,1472,58.88,175.9,175.88750000000002,175.9125,T1,11.1387138,True,valid,source,2356,2356,0.0,,False,no_tower_section_at_tip_height,9.704176148236568,True,valid,,False,no_tower_section_at_tip_height
1473,1473,58.92,175.94,175.9275,175.9525,T1,11.131167959999999,True,valid,interpolated,2357,2358,0.6,,False,no_tower_section_at_tip_height,10.369279439582886,True,valid,,False,no_tower_section_at_tip_height
1474,1474,58.96,175.98,175.9675,175.99249999999998,T1,11.12453554,True,valid,interpolated,2359,2360,0.19999999999977264,,False,no_tower_section_at_tip_height,11.623936377092743,True,valid,,False,no_tower_section_at_tip_height
1475,1475,59.0,176.02,176.00750000000002,176.0325,T1,11.121821059999998,True,valid,interpolated,2360,2361,0.8000000000002274,,False,no_tower_section_at_tip_height,13.28020462189031,True,valid,,False,no_tower_section_at_tip_height
1476,1476,59.04,176.06,176.0475,176.0725,T1,11.12141722,True,valid,interpolated,2362,2363,0.4,,False,no_tower_section_at_tip_height,15.25810162263476,True,valid,,False,no_tower_section_at_tip_height
1477,1477,59.08,176.1,176.0875,176.11249999999998,T1,11.119339,True,valid,source,2364,2364,0.0,,False,no_tower_section_at_tip_height,17.4110771352701,True,valid,,False,no_tower_section_at_tip_height
1478,1478,59.12,176.14,176.1275,176.15249999999997,T1,11.114488040000001,True,valid,interpolated,2365,2366,0.5999999999993179,,False,no_tower_section_at_tip_height,19.706814727309915,True,valid,,False,no_tower_section_at_tip_height
1479,1479,59.16,176.18,176.16750000000002,176.1925,T1,11.110317980000001,True,valid,interpolated,2367,2368,0.2,,False,no_tower_section_at_tip_height,22.059825107416696,True,valid,,False,no_tower_section_at_tip_height
1480,1480,59.2,176.22,176.2075,176.2325,T1,11.10667646,True,valid,interpolated,2368,2369,0.8000000000002274,,False,no_tower_section_at_tip_height,24.428232323873313,True,valid,,False,no_tower_section_at_tip_height
1481,1481,59.24,176.26,176.2475,176.27249999999998,T1,11.10136434,True,valid,interpolated,2370,2371,0.3999999999995453,,False,no_tower_section_at_tip_height,26.80791545244548,True,valid,,False,no_tower_section_at_tip_height
1482,1482,59.28,176.3,176.28750000000002,176.3125,T1,11.096221,True,valid,source,2372,2372,0.0,,False,no_tower_section_at_tip_height,29.17998873474189,True,valid,,False,no_tower_section_at_tip_height
1483,1483,59.32,176.34,176.32750000000001,176.3525,T1,11.092513659999998,True,valid,interpolated,2373,2374,0.6000000000004547,,False,no_tower_section_at_tip_height,31.531069683144928,True,valid,,False,no_tower_section_at_tip_height
1484,1484,59.36,176.38,176.3675,176.39249999999998,T1,11.08951414,True,valid,interpolated,2375,2376,0.19999999999977264,61.19899338810465,True,valid,33.84731953997063,True,valid,,False,no_tower_section_at_tip_height
1485,1485,59.4,176.42000000000002,176.40750000000003,176.4325,T1,11.0831123,True,valid,interpolated,2376,2377,0.8000000000002274,60.914258493961626,True,valid,36.115238829600294,True,valid,,False,no_tower_section_at_tip_height
1486,1486,59.44,176.46,176.44750000000002,176.4725,T1,11.075217219999995,True,valid,interpolated,2378,2379,0.40000000000068214,60.49520734609386,True,valid,38.318567748081136,True,valid,,False,no_tower_section_at_tip_height
1487,1487,59.48,176.5,176.4875,176.5125,T1,11.0669613,True,valid,source,2380,2380,0.0,59.94354335368683,True,valid,40.44772570986387,True,valid,,False,no_tower_section_at_tip_height
1488,1488,59.52,176.54,176.5275,176.55249999999998,T1,11.060186800000004,True,valid,interpolated,2381,2382,0.5999999999993179,59.26161463474624,True,valid,42.50385787568467,True,valid,,False,no_tower_section_at_tip_height
1489,1489,59.56,176.57999999999998,176.5675,176.59249999999997,T1,11.0539293,True,valid,interpolated,2383,2384,0.19999999999977264,58.45181553895207,True,valid,44.480572482200586,True,valid,,False,no_tower_section_at_tip_height
1490,1490,59.6,176.62,176.60750000000002,176.6325,T1,11.048975539999999,True,valid,interpolated,2384,2385,0.8000000000002274,57.517533658715315,True,valid,46.37091933473866,True,valid,,False,no_tower_section_at_tip_height
1491,1491,59.64,176.66,176.6475,176.67249999999999,T1,11.04438824,True,valid,interpolated,2386,2387,0.3999999999995453,56.46336055953826,True,valid,48.16753114935486,True,valid,,False,no_tower_section_at_tip_height
1492,1492,59.68,176.7,176.6875,176.71249999999998,T1,11.0408363,True,valid,source,2388,2388,0.0,55.29402193138905,True,valid,49.86415731064682,True,valid,,False,no_tower_section_at_tip_height
1493,1493,59.72,176.74,176.72750000000002,176.7525,T1,11.03748972,True,valid,interpolated,2389,2390,0.6000000000004547,54.01482687397423,True,valid,51.454713485888135,True,valid,,False,no_tower_section_at_tip_height
1494,1494,59.76,176.78,176.7675,176.7925,T1,11.031681860000003,True,valid,interpolated,2391,2392,0.19999999999977264,52.62975116226445,True,valid,52.93619830943828,True,valid,,False,no_tower_section_at_tip_height
1495,1495,59.8,176.82,176.8075,176.83249999999998,T1,11.02162858,True,valid,interpolated,2392,2393,0.8,51.145444993512086,True,valid,54.306198025406914,True,valid,,False,no_tower_section_at_tip_height
1496,1496,59.84,176.86,176.84750000000003,176.8725,T1,11.011634459999996,True,valid,interpolated,2394,2395,0.40000000000068214,49.566817444148235,True,valid,55.56222865768231,True,valid,,False,no_tower_section_at_tip_height
1497,1497,59.88,176.9,176.88750000000002,176.9125,T1,11.0029802,True,valid,source,2396,2396,0.0,47.89621983291498,True,valid,56.70227463599123,True,valid,,False,no_tower_section_at_tip_height
1498,1498,59.92,176.94,176.9275,176.9525,T1,10.994470960000001,True,valid,interpolated,2397,2398,0.6,46.135955215702324,True,valid,57.72390704275809,True,valid,,False,no_tower_section_at_tip_height
1499,1499,59.96,176.98,176.9675,176.99249999999998,T1,10.983113880000001,True,valid,interpolated,2399,2400,0.19999999999977264,44.28956570950767,True,valid,58.62409215178939,True,valid,,False,no_tower_section_at_tip_height
