category,group,path,bytes,kind,note
可直接清理,项目验收目录,/Users/eason/Desktop/wfcrl/wind farm RL/evidence/camera-video-20260919/1ms-16-preview.png,1515914,file,已结束测试的样帧、接收录像、合成输入或日志；不会影响全片渲染
可直接清理,项目验收目录,/Users/eason/Desktop/wfcrl/wind farm RL/evidence/camera-video-20260919/1ms-16-tip-crop.png,484691,file,已结束测试的样帧、接收录像、合成输入或日志；不会影响全片渲染
可直接清理,项目验收目录,/Users/eason/Desktop/wfcrl/wind farm RL/evidence/camera-video-20260919/1ms-8-preview.png,1534909,file,已结束测试的样帧、接收录像、合成输入或日志；不会影响全片渲染
可直接清理,项目验收目录,/Users/eason/Desktop/wfcrl/wind farm RL/evidence/camera-video-20260919/1ms-8-tip-crop.png,518548,file,已结束测试的样帧、接收录像、合成输入或日志；不会影响全片渲染
可直接清理,项目验收目录,/Users/eason/Desktop/wfcrl/wind farm RL/evidence/camera-video-20260919/25ms-8-preview.png,1610071,file,已结束测试的样帧、接收录像、合成输入或日志；不会影响全片渲染
可直接清理,项目验收目录,/Users/eason/Desktop/wfcrl/wind farm RL/evidence/camera-video-20260919/4k-metal-probe/camera.json,10048,file,已结束测试的样帧、接收录像、合成输入或日志；不会影响全片渲染
可直接清理,项目验收目录,/Users/eason/Desktop/wfcrl/wind farm RL/evidence/camera-video-20260919/4k-metal-probe/camera_world.npy,256,file,已结束测试的样帧、接收录像、合成输入或日志；不会影响全片渲染
可直接清理,项目验收目录,/Users/eason/Desktop/wfcrl/wind farm RL/evidence/camera-video-20260919/4k-metal-probe/checks/render.json,360,file,已结束测试的样帧、接收录像、合成输入或日志；不会影响全片渲染
可直接清理,项目验收目录,/Users/eason/Desktop/wfcrl/wind farm RL/evidence/camera-video-20260919/4k-metal-probe/checks/render_frames.json,388,file,已结束测试的样帧、接收录像、合成输入或日志；不会影响全片渲染
可直接清理,项目验收目录,/Users/eason/Desktop/wfcrl/wind farm RL/evidence/camera-video-20260919/4k-metal-probe/master_frames/000000.png,51143117,file,已结束测试的样帧、接收录像、合成输入或日志；不会影响全片渲染
可直接清理,项目验收目录,/Users/eason/Desktop/wfcrl/wind farm RL/evidence/camera-video-20260919/4k-metal-probe/render_manifest.json,26518,file,已结束测试的样帧、接收录像、合成输入或日志；不会影响全片渲染
可直接清理,项目验收目录,/Users/eason/Desktop/wfcrl/wind farm RL/evidence/camera-video-20260919/4k-probe/camera.json,10011,file,已结束测试的样帧、接收录像、合成输入或日志；不会影响全片渲染
可直接清理,项目验收目录,/Users/eason/Desktop/wfcrl/wind farm RL/evidence/camera-video-20260919/4k-probe/camera_world.npy,256,file,已结束测试的样帧、接收录像、合成输入或日志；不会影响全片渲染
可直接清理,项目验收目录,/Users/eason/Desktop/wfcrl/wind farm RL/evidence/camera-video-20260919/4k-probe/checks/render.json,355,file,已结束测试的样帧、接收录像、合成输入或日志；不会影响全片渲染
可直接清理,项目验收目录,/Users/eason/Desktop/wfcrl/wind farm RL/evidence/camera-video-20260919/4k-probe/checks/render_frames.json,388,file,已结束测试的样帧、接收录像、合成输入或日志；不会影响全片渲染
可直接清理,项目验收目录,/Users/eason/Desktop/wfcrl/wind farm RL/evidence/camera-video-20260919/4k-probe/master_frames/000000.png,54524571,file,已结束测试的样帧、接收录像、合成输入或日志；不会影响全片渲染
可直接清理,项目验收目录,/Users/eason/Desktop/wfcrl/wind farm RL/evidence/camera-video-20260919/4k-probe/render_manifest.json,23150,file,已结束测试的样帧、接收录像、合成输入或日志；不会影响全片渲染
可直接清理,项目验收目录,/Users/eason/Desktop/wfcrl/wind farm RL/evidence/camera-video-20260919/4k-shutter-1ms-16/camera.json,10029,file,已结束测试的样帧、接收录像、合成输入或日志；不会影响全片渲染
可直接清理,项目验收目录,/Users/eason/Desktop/wfcrl/wind farm RL/evidence/camera-video-20260919/4k-shutter-1ms-16/camera_world.npy,256,file,已结束测试的样帧、接收录像、合成输入或日志；不会影响全片渲染
可直接清理,项目验收目录,/Users/eason/Desktop/wfcrl/wind farm RL/evidence/camera-video-20260919/4k-shutter-1ms-16/checks/render.json,364,file,已结束测试的样帧、接收录像、合成输入或日志；不会影响全片渲染
可直接清理,项目验收目录,/Users/eason/Desktop/wfcrl/wind farm RL/evidence/camera-video-20260919/4k-shutter-1ms-16/checks/render_frames.json,557,file,已结束测试的样帧、接收录像、合成输入或日志；不会影响全片渲染
可直接清理,项目验收目录,/Users/eason/Desktop/wfcrl/wind farm RL/evidence/camera-video-20260919/4k-shutter-1ms-16/master_frames/000000.png,50097821,file,已结束测试的样帧、接收录像、合成输入或日志；不会影响全片渲染
可直接清理,项目验收目录,/Users/eason/Desktop/wfcrl/wind farm RL/evidence/camera-video-20260919/4k-shutter-1ms-16/render_manifest.json,26500,file,已结束测试的样帧、接收录像、合成输入或日志；不会影响全片渲染
可直接清理,项目验收目录,/Users/eason/Desktop/wfcrl/wind farm RL/evidence/camera-video-20260919/4k-shutter-1ms-8/camera.json,10048,file,已结束测试的样帧、接收录像、合成输入或日志；不会影响全片渲染
可直接清理,项目验收目录,/Users/eason/Desktop/wfcrl/wind farm RL/evidence/camera-video-20260919/4k-shutter-1ms-8/camera_world.npy,256,file,已结束测试的样帧、接收录像、合成输入或日志；不会影响全片渲染
可直接清理,项目验收目录,/Users/eason/Desktop/wfcrl/wind farm RL/evidence/camera-video-20260919/4k-shutter-1ms-8/checks/render.json,362,file,已结束测试的样帧、接收录像、合成输入或日志；不会影响全片渲染
可直接清理,项目验收目录,/Users/eason/Desktop/wfcrl/wind farm RL/evidence/camera-video-20260919/4k-shutter-1ms-8/checks/render_frames.json,388,file,已结束测试的样帧、接收录像、合成输入或日志；不会影响全片渲染
可直接清理,项目验收目录,/Users/eason/Desktop/wfcrl/wind farm RL/evidence/camera-video-20260919/4k-shutter-1ms-8/master_frames/000000.png,51125337,file,已结束测试的样帧、接收录像、合成输入或日志；不会影响全片渲染
可直接清理,项目验收目录,/Users/eason/Desktop/wfcrl/wind farm RL/evidence/camera-video-20260919/4k-shutter-1ms-8/render_manifest.json,26518,file,已结束测试的样帧、接收录像、合成输入或日志；不会影响全片渲染
可直接清理,项目验收目录,/Users/eason/Desktop/wfcrl/wind farm RL/evidence/camera-video-20260919/__pycache__/check_short_rtsp.cpython-313.pyc,7469,file,Python缓存，可重新生成
可直接清理,项目验收目录,/Users/eason/Desktop/wfcrl/wind farm RL/evidence/camera-video-20260919/__pycache__/full_render_job.cpython-313.pyc,3599,file,Python缓存，可重新生成
验证脚本，建议保留,项目验收目录,/Users/eason/Desktop/wfcrl/wind farm RL/evidence/camera-video-20260919/check_short_rtsp.py,4024,file,可复现验收用源码，不是一次性缓存
验收证据，可归档,项目验收目录,/Users/eason/Desktop/wfcrl/wind farm RL/evidence/camera-video-20260919/data-15fps/data_manifest.json,4789,file,不参与当前渲染；删除会失去本次验证记录，建议保留
验收证据，可归档,项目验收目录,/Users/eason/Desktop/wfcrl/wind farm RL/evidence/camera-video-20260919/data-15fps/frame_geometry.npz,259498,file,不参与当前渲染；删除会失去本次验证记录，建议保留
验收证据，可归档,项目验收目录,/Users/eason/Desktop/wfcrl/wind farm RL/evidence/camera-video-20260919/data-15fps/frames.csv,213029,file,不参与当前渲染；删除会失去本次验证记录，建议保留
验收证据，可归档,项目验收目录,/Users/eason/Desktop/wfcrl/wind farm RL/evidence/camera-video-20260919/data-20fps/data_manifest.json,4789,file,不参与当前渲染；删除会失去本次验证记录，建议保留
验收证据，可归档,项目验收目录,/Users/eason/Desktop/wfcrl/wind farm RL/evidence/camera-video-20260919/data-20fps/frame_geometry.npz,342916,file,不参与当前渲染；删除会失去本次验证记录，建议保留
验收证据，可归档,项目验收目录,/Users/eason/Desktop/wfcrl/wind farm RL/evidence/camera-video-20260919/data-20fps/frames.csv,233173,file,不参与当前渲染；删除会失去本次验证记录，建议保留
验收证据，可归档,项目验收目录,/Users/eason/Desktop/wfcrl/wind farm RL/evidence/camera-video-20260919/data-25fps/data_manifest.json,4791,file,不参与当前渲染；删除会失去本次验证记录，建议保留
验收证据，可归档,项目验收目录,/Users/eason/Desktop/wfcrl/wind farm RL/evidence/camera-video-20260919/data-25fps/frame_geometry.npz,430274,file,不参与当前渲染；删除会失去本次验证记录，建议保留
验收证据，可归档,项目验收目录,/Users/eason/Desktop/wfcrl/wind farm RL/evidence/camera-video-20260919/data-25fps/frames.csv,320594,file,不参与当前渲染；删除会失去本次验证记录，建议保留
验收证据，可归档,项目验收目录,/Users/eason/Desktop/wfcrl/wind farm RL/evidence/camera-video-20260919/data-validation.json,2193,file,不参与当前渲染；删除会失去本次验证记录，建议保留
验收证据，可归档,项目验收目录,/Users/eason/Desktop/wfcrl/wind farm RL/evidence/camera-video-20260919/existing-replay-regression/checks.json,702,file,不参与当前渲染；删除会失去本次验证记录，建议保留
可直接清理,项目验收目录,/Users/eason/Desktop/wfcrl/wind farm RL/evidence/camera-video-20260919/existing-replay-regression.log,704,file,已结束测试的样帧、接收录像、合成输入或日志；不会影响全片渲染
正在使用，保留,项目验收目录,/Users/eason/Desktop/wfcrl/wind farm RL/evidence/camera-video-20260919/full-render-launch.json,634,file,当前全片后台任务的脚本、状态或日志
正在使用，保留,项目验收目录,/Users/eason/Desktop/wfcrl/wind farm RL/evidence/camera-video-20260919/full-render-status.json,824,file,当前全片后台任务的脚本、状态或日志
正在使用，保留,项目验收目录,/Users/eason/Desktop/wfcrl/wind farm RL/evidence/camera-video-20260919/full-render.log,20035,file,当前全片后台任务的脚本、状态或日志
正在使用，保留,项目验收目录,/Users/eason/Desktop/wfcrl/wind farm RL/evidence/camera-video-20260919/full_render_job.py,2061,file,当前全片后台任务的脚本、状态或日志
验收证据，可归档,项目验收目录,/Users/eason/Desktop/wfcrl/wind farm RL/evidence/camera-video-20260919/native-render-regression/checks.json,483,file,不参与当前渲染；删除会失去本次验证记录，建议保留
可直接清理,项目验收目录,/Users/eason/Desktop/wfcrl/wind farm RL/evidence/camera-video-20260919/native-render-regression/linear-transform.png,253,file,已结束测试的样帧、接收录像、合成输入或日志；不会影响全片渲染
可直接清理,项目验收目录,/Users/eason/Desktop/wfcrl/wind farm RL/evidence/camera-video-20260919/native-render-regression/masters/camera.json,10026,file,已结束测试的样帧、接收录像、合成输入或日志；不会影响全片渲染
可直接清理,项目验收目录,/Users/eason/Desktop/wfcrl/wind farm RL/evidence/camera-video-20260919/native-render-regression/masters/camera_world.npy,384,file,已结束测试的样帧、接收录像、合成输入或日志；不会影响全片渲染
可直接清理,项目验收目录,/Users/eason/Desktop/wfcrl/wind farm RL/evidence/camera-video-20260919/native-render-regression/masters/checks/render.json,380,file,已结束测试的样帧、接收录像、合成输入或日志；不会影响全片渲染
可直接清理,项目验收目录,/Users/eason/Desktop/wfcrl/wind farm RL/evidence/camera-video-20260919/native-render-regression/masters/checks/render_frames.json,569,file,已结束测试的样帧、接收录像、合成输入或日志；不会影响全片渲染
可直接清理,项目验收目录,/Users/eason/Desktop/wfcrl/wind farm RL/evidence/camera-video-20260919/native-render-regression/masters/master_frames/000000.png,100236,file,已结束测试的样帧、接收录像、合成输入或日志；不会影响全片渲染
可直接清理,项目验收目录,/Users/eason/Desktop/wfcrl/wind farm RL/evidence/camera-video-20260919/native-render-regression/masters/master_frames/000001.png,100295,file,已结束测试的样帧、接收录像、合成输入或日志；不会影响全片渲染
可直接清理,项目验收目录,/Users/eason/Desktop/wfcrl/wind farm RL/evidence/camera-video-20260919/native-render-regression/masters/render_manifest.json,26441,file,已结束测试的样帧、接收录像、合成输入或日志；不会影响全片渲染
验收证据，可归档,项目验收目录,/Users/eason/Desktop/wfcrl/wind farm RL/evidence/camera-video-20260919/native-render-regression-crash-safe/checks.json,546,file,不参与当前渲染；删除会失去本次验证记录，建议保留
可直接清理,项目验收目录,/Users/eason/Desktop/wfcrl/wind farm RL/evidence/camera-video-20260919/native-render-regression-crash-safe/interrupted-commit/.render.lock,0,file,已结束测试的样帧、接收录像、合成输入或日志；不会影响全片渲染
可直接清理,项目验收目录,/Users/eason/Desktop/wfcrl/wind farm RL/evidence/camera-video-20260919/native-render-regression-crash-safe/interrupted-commit/camera.json,11260,file,已结束测试的样帧、接收录像、合成输入或日志；不会影响全片渲染
可直接清理,项目验收目录,/Users/eason/Desktop/wfcrl/wind farm RL/evidence/camera-video-20260919/native-render-regression-crash-safe/interrupted-commit/camera_world.npy,256,file,已结束测试的样帧、接收录像、合成输入或日志；不会影响全片渲染
可直接清理,项目验收目录,/Users/eason/Desktop/wfcrl/wind farm RL/evidence/camera-video-20260919/native-render-regression-crash-safe/interrupted-commit/checks/render.json,401,file,已结束测试的样帧、接收录像、合成输入或日志；不会影响全片渲染
可直接清理,项目验收目录,/Users/eason/Desktop/wfcrl/wind farm RL/evidence/camera-video-20260919/native-render-regression-crash-safe/interrupted-commit/checks/render_frames.json,292,file,已结束测试的样帧、接收录像、合成输入或日志；不会影响全片渲染
可直接清理,项目验收目录,/Users/eason/Desktop/wfcrl/wind farm RL/evidence/camera-video-20260919/native-render-regression-crash-safe/interrupted-commit/master_frames/000000.png,100236,file,已结束测试的样帧、接收录像、合成输入或日志；不会影响全片渲染
可直接清理,项目验收目录,/Users/eason/Desktop/wfcrl/wind farm RL/evidence/camera-video-20260919/native-render-regression-crash-safe/interrupted-commit/render_manifest.json,27784,file,已结束测试的样帧、接收录像、合成输入或日志；不会影响全片渲染
可直接清理,项目验收目录,/Users/eason/Desktop/wfcrl/wind farm RL/evidence/camera-video-20260919/native-render-regression-crash-safe/linear-transform.png,253,file,已结束测试的样帧、接收录像、合成输入或日志；不会影响全片渲染
可直接清理,项目验收目录,/Users/eason/Desktop/wfcrl/wind farm RL/evidence/camera-video-20260919/native-render-regression-crash-safe/lock-test/.render.lock,0,file,已结束测试的样帧、接收录像、合成输入或日志；不会影响全片渲染
可直接清理,项目验收目录,/Users/eason/Desktop/wfcrl/wind farm RL/evidence/camera-video-20260919/native-render-regression-crash-safe/masters/.render.lock,0,file,已结束测试的样帧、接收录像、合成输入或日志；不会影响全片渲染
可直接清理,项目验收目录,/Users/eason/Desktop/wfcrl/wind farm RL/evidence/camera-video-20260919/native-render-regression-crash-safe/masters/camera.json,11260,file,已结束测试的样帧、接收录像、合成输入或日志；不会影响全片渲染
可直接清理,项目验收目录,/Users/eason/Desktop/wfcrl/wind farm RL/evidence/camera-video-20260919/native-render-regression-crash-safe/masters/camera_world.npy,384,file,已结束测试的样帧、接收录像、合成输入或日志；不会影响全片渲染
可直接清理,项目验收目录,/Users/eason/Desktop/wfcrl/wind farm RL/evidence/camera-video-20260919/native-render-regression-crash-safe/masters/checks/render.json,391,file,已结束测试的样帧、接收录像、合成输入或日志；不会影响全片渲染
可直接清理,项目验收目录,/Users/eason/Desktop/wfcrl/wind farm RL/evidence/camera-video-20260919/native-render-regression-crash-safe/masters/checks/render_frames.json,568,file,已结束测试的样帧、接收录像、合成输入或日志；不会影响全片渲染
可直接清理,项目验收目录,/Users/eason/Desktop/wfcrl/wind farm RL/evidence/camera-video-20260919/native-render-regression-crash-safe/masters/master_frames/000000.png,100236,file,已结束测试的样帧、接收录像、合成输入或日志；不会影响全片渲染
可直接清理,项目验收目录,/Users/eason/Desktop/wfcrl/wind farm RL/evidence/camera-video-20260919/native-render-regression-crash-safe/masters/master_frames/000001.png,100295,file,已结束测试的样帧、接收录像、合成输入或日志；不会影响全片渲染
可直接清理,项目验收目录,/Users/eason/Desktop/wfcrl/wind farm RL/evidence/camera-video-20260919/native-render-regression-crash-safe/masters/render_manifest.json,27739,file,已结束测试的样帧、接收录像、合成输入或日志；不会影响全片渲染
验收证据，可归档,项目验收目录,/Users/eason/Desktop/wfcrl/wind farm RL/evidence/camera-video-20260919/native-render-regression-final/checks.json,506,file,不参与当前渲染；删除会失去本次验证记录，建议保留
可直接清理,项目验收目录,/Users/eason/Desktop/wfcrl/wind farm RL/evidence/camera-video-20260919/native-render-regression-final/linear-transform.png,253,file,已结束测试的样帧、接收录像、合成输入或日志；不会影响全片渲染
可直接清理,项目验收目录,/Users/eason/Desktop/wfcrl/wind farm RL/evidence/camera-video-20260919/native-render-regression-final/lock-test/.render.lock,0,file,已结束测试的样帧、接收录像、合成输入或日志；不会影响全片渲染
可直接清理,项目验收目录,/Users/eason/Desktop/wfcrl/wind farm RL/evidence/camera-video-20260919/native-render-regression-final/masters/.render.lock,0,file,已结束测试的样帧、接收录像、合成输入或日志；不会影响全片渲染
可直接清理,项目验收目录,/Users/eason/Desktop/wfcrl/wind farm RL/evidence/camera-video-20260919/native-render-regression-final/masters/camera.json,11260,file,已结束测试的样帧、接收录像、合成输入或日志；不会影响全片渲染
可直接清理,项目验收目录,/Users/eason/Desktop/wfcrl/wind farm RL/evidence/camera-video-20260919/native-render-regression-final/masters/camera_world.npy,384,file,已结束测试的样帧、接收录像、合成输入或日志；不会影响全片渲染
可直接清理,项目验收目录,/Users/eason/Desktop/wfcrl/wind farm RL/evidence/camera-video-20260919/native-render-regression-final/masters/checks/render.json,384,file,已结束测试的样帧、接收录像、合成输入或日志；不会影响全片渲染
可直接清理,项目验收目录,/Users/eason/Desktop/wfcrl/wind farm RL/evidence/camera-video-20260919/native-render-regression-final/masters/checks/render_frames.json,569,file,已结束测试的样帧、接收录像、合成输入或日志；不会影响全片渲染
可直接清理,项目验收目录,/Users/eason/Desktop/wfcrl/wind farm RL/evidence/camera-video-20260919/native-render-regression-final/masters/master_frames/000000.png,100236,file,已结束测试的样帧、接收录像、合成输入或日志；不会影响全片渲染
可直接清理,项目验收目录,/Users/eason/Desktop/wfcrl/wind farm RL/evidence/camera-video-20260919/native-render-regression-final/masters/master_frames/000001.png,100295,file,已结束测试的样帧、接收录像、合成输入或日志；不会影响全片渲染
可直接清理,项目验收目录,/Users/eason/Desktop/wfcrl/wind farm RL/evidence/camera-video-20260919/native-render-regression-final/masters/render_manifest.json,27739,file,已结束测试的样帧、接收录像、合成输入或日志；不会影响全片渲染
验收证据，可归档,项目验收目录,/Users/eason/Desktop/wfcrl/wind farm RL/evidence/camera-video-20260919/native-render-regression-production/checks.json,622,file,不参与当前渲染；删除会失去本次验证记录，建议保留
可直接清理,项目验收目录,/Users/eason/Desktop/wfcrl/wind farm RL/evidence/camera-video-20260919/native-render-regression-production/interrupted-commit/.render.lock,0,file,已结束测试的样帧、接收录像、合成输入或日志；不会影响全片渲染
可直接清理,项目验收目录,/Users/eason/Desktop/wfcrl/wind farm RL/evidence/camera-video-20260919/native-render-regression-production/interrupted-commit/camera.json,11260,file,已结束测试的样帧、接收录像、合成输入或日志；不会影响全片渲染
可直接清理,项目验收目录,/Users/eason/Desktop/wfcrl/wind farm RL/evidence/camera-video-20260919/native-render-regression-production/interrupted-commit/camera_world.npy,256,file,已结束测试的样帧、接收录像、合成输入或日志；不会影响全片渲染
可直接清理,项目验收目录,/Users/eason/Desktop/wfcrl/wind farm RL/evidence/camera-video-20260919/native-render-regression-production/interrupted-commit/checks/render.json,401,file,已结束测试的样帧、接收录像、合成输入或日志；不会影响全片渲染
可直接清理,项目验收目录,/Users/eason/Desktop/wfcrl/wind farm RL/evidence/camera-video-20260919/native-render-regression-production/interrupted-commit/checks/render_frames.json,292,file,已结束测试的样帧、接收录像、合成输入或日志；不会影响全片渲染
可直接清理,项目验收目录,/Users/eason/Desktop/wfcrl/wind farm RL/evidence/camera-video-20260919/native-render-regression-production/interrupted-commit/master_frames/000000.png,100236,file,已结束测试的样帧、接收录像、合成输入或日志；不会影响全片渲染
可直接清理,项目验收目录,/Users/eason/Desktop/wfcrl/wind farm RL/evidence/camera-video-20260919/native-render-regression-production/interrupted-commit/render_manifest.json,27864,file,已结束测试的样帧、接收录像、合成输入或日志；不会影响全片渲染
可直接清理,项目验收目录,/Users/eason/Desktop/wfcrl/wind farm RL/evidence/camera-video-20260919/native-render-regression-production/linear-transform.png,253,file,已结束测试的样帧、接收录像、合成输入或日志；不会影响全片渲染
可直接清理,项目验收目录,/Users/eason/Desktop/wfcrl/wind farm RL/evidence/camera-video-20260919/native-render-regression-production/lock-test/.render.lock,0,file,已结束测试的样帧、接收录像、合成输入或日志；不会影响全片渲染
可直接清理,项目验收目录,/Users/eason/Desktop/wfcrl/wind farm RL/evidence/camera-video-20260919/native-render-regression-production/masters/.render.lock,0,file,已结束测试的样帧、接收录像、合成输入或日志；不会影响全片渲染
可直接清理,项目验收目录,/Users/eason/Desktop/wfcrl/wind farm RL/evidence/camera-video-20260919/native-render-regression-production/masters/camera.json,11260,file,已结束测试的样帧、接收录像、合成输入或日志；不会影响全片渲染
可直接清理,项目验收目录,/Users/eason/Desktop/wfcrl/wind farm RL/evidence/camera-video-20260919/native-render-regression-production/masters/camera_world.npy,384,file,已结束测试的样帧、接收录像、合成输入或日志；不会影响全片渲染
可直接清理,项目验收目录,/Users/eason/Desktop/wfcrl/wind farm RL/evidence/camera-video-20260919/native-render-regression-production/masters/checks/render.json,390,file,已结束测试的样帧、接收录像、合成输入或日志；不会影响全片渲染
可直接清理,项目验收目录,/Users/eason/Desktop/wfcrl/wind farm RL/evidence/camera-video-20260919/native-render-regression-production/masters/checks/render_frames.json,570,file,已结束测试的样帧、接收录像、合成输入或日志；不会影响全片渲染
可直接清理,项目验收目录,/Users/eason/Desktop/wfcrl/wind farm RL/evidence/camera-video-20260919/native-render-regression-production/masters/master_frames/000000.png,100236,file,已结束测试的样帧、接收录像、合成输入或日志；不会影响全片渲染
可直接清理,项目验收目录,/Users/eason/Desktop/wfcrl/wind farm RL/evidence/camera-video-20260919/native-render-regression-production/masters/master_frames/000001.png,100295,file,已结束测试的样帧、接收录像、合成输入或日志；不会影响全片渲染
可直接清理,项目验收目录,/Users/eason/Desktop/wfcrl/wind farm RL/evidence/camera-video-20260919/native-render-regression-production/masters/render_manifest.json,27819,file,已结束测试的样帧、接收录像、合成输入或日志；不会影响全片渲染
验收证据，可归档,项目验收目录,/Users/eason/Desktop/wfcrl/wind farm RL/evidence/camera-video-20260919/process-lock.json,241,file,不参与当前渲染；删除会失去本次验证记录，建议保留
验收证据，可归档,项目验收目录,/Users/eason/Desktop/wfcrl/wind farm RL/evidence/camera-video-20260919/render-validation.md,3135,file,不参与当前渲染；删除会失去本次验证记录，建议保留
验收证据，可归档,项目验收目录,/Users/eason/Desktop/wfcrl/wind farm RL/evidence/camera-video-20260919/short-4k-rtsp/checks.json,1254,file,不参与当前渲染；删除会失去本次验证记录，建议保留
可直接清理,项目验收目录,/Users/eason/Desktop/wfcrl/wind farm RL/evidence/camera-video-20260919/short-4k-rtsp/mediamtx.yml,189,file,已结束测试的样帧、接收录像、合成输入或日志；不会影响全片渲染
可直接清理,项目验收目录,/Users/eason/Desktop/wfcrl/wind farm RL/evidence/camera-video-20260919/short-4k-rtsp/receive-0/received.h264,23732628,file,已结束测试的样帧、接收录像、合成输入或日志；不会影响全片渲染
可直接清理,项目验收目录,/Users/eason/Desktop/wfcrl/wind farm RL/evidence/camera-video-20260919/short-4k-rtsp/receive-0/received.jsonl,87330,file,已结束测试的样帧、接收录像、合成输入或日志；不会影响全片渲染
可直接清理,项目验收目录,/Users/eason/Desktop/wfcrl/wind farm RL/evidence/camera-video-20260919/short-4k-rtsp/receive-1/received.h264,15821752,file,已结束测试的样帧、接收录像、合成输入或日志；不会影响全片渲染
可直接清理,项目验收目录,/Users/eason/Desktop/wfcrl/wind farm RL/evidence/camera-video-20260919/short-4k-rtsp/receive-1/received.jsonl,58193,file,已结束测试的样帧、接收录像、合成输入或日志；不会影响全片渲染
可直接清理,项目验收目录,/Users/eason/Desktop/wfcrl/wind farm RL/evidence/camera-video-20260919/short-4k-rtsp/server.log,1661,file,已结束测试的样帧、接收录像、合成输入或日志；不会影响全片渲染
可直接清理,项目验收目录,/Users/eason/Desktop/wfcrl/wind farm RL/evidence/camera-video-20260919/short-4k-rtsp/timing.json,545,file,已结束测试的样帧、接收录像、合成输入或日志；不会影响全片渲染
可直接清理,项目验收目录,/Users/eason/Desktop/wfcrl/wind farm RL/evidence/camera-video-20260919/short-4k-rtsp.log,1254,file,已结束测试的样帧、接收录像、合成输入或日志；不会影响全片渲染
验收证据，可归档,项目验收目录,/Users/eason/Desktop/wfcrl/wind farm RL/evidence/camera-video-20260919/shutter-comparison.json,1164,file,不参与当前渲染；删除会失去本次验证记录，建议保留
验收证据，可归档,项目验收目录,/Users/eason/Desktop/wfcrl/wind farm RL/evidence/camera-video-20260919/stream-validation/integration-tests.json,2637,file,不参与当前渲染；删除会失去本次验证记录，建议保留
可直接清理,项目验收目录,/Users/eason/Desktop/wfcrl/wind farm RL/evidence/camera-video-20260919/stream-validation/mediamtx-local.yml,189,file,已结束测试的样帧、接收录像、合成输入或日志；不会影响全片渲染
可直接清理,项目验收目录,/Users/eason/Desktop/wfcrl/wind farm RL/evidence/camera-video-20260919/stream-validation/mediamtx-stability.log,12647,file,已结束测试的样帧、接收录像、合成输入或日志；不会影响全片渲染
验证脚本，建议保留,项目验收目录,/Users/eason/Desktop/wfcrl/wind farm RL/evidence/camera-video-20260919/stream-validation/run_stability.py,5340,file,可复现验收用源码，不是一次性缓存
验收证据，可归档,项目验收目录,/Users/eason/Desktop/wfcrl/wind farm RL/evidence/camera-video-20260919/stream-validation/sender-report-validation.json,909,file,不参与当前渲染；删除会失去本次验证记录，建议保留
验收证据，可归档,项目验收目录,/Users/eason/Desktop/wfcrl/wind farm RL/evidence/camera-video-20260919/stream-validation/stability-progress.json,10275,file,不参与当前渲染；删除会失去本次验证记录，建议保留
可直接清理,项目验收目录,/Users/eason/Desktop/wfcrl/wind farm RL/evidence/camera-video-20260919/stream-validation/stability-receiver-00/received.h264,2071351,file,已结束测试的样帧、接收录像、合成输入或日志；不会影响全片渲染
可直接清理,项目验收目录,/Users/eason/Desktop/wfcrl/wind farm RL/evidence/camera-video-20260919/stream-validation/stability-receiver-00/received.jsonl,800011,file,已结束测试的样帧、接收录像、合成输入或日志；不会影响全片渲染
可直接清理,项目验收目录,/Users/eason/Desktop/wfcrl/wind farm RL/evidence/camera-video-20260919/stream-validation/stability-receiver-01/received.h264,2071351,file,已结束测试的样帧、接收录像、合成输入或日志；不会影响全片渲染
可直接清理,项目验收目录,/Users/eason/Desktop/wfcrl/wind farm RL/evidence/camera-video-20260919/stream-validation/stability-receiver-01/received.jsonl,801300,file,已结束测试的样帧、接收录像、合成输入或日志；不会影响全片渲染
可直接清理,项目验收目录,/Users/eason/Desktop/wfcrl/wind farm RL/evidence/camera-video-20260919/stream-validation/stability-receiver-02/received.h264,2071351,file,已结束测试的样帧、接收录像、合成输入或日志；不会影响全片渲染
可直接清理,项目验收目录,/Users/eason/Desktop/wfcrl/wind farm RL/evidence/camera-video-20260919/stream-validation/stability-receiver-02/received.jsonl,804269,file,已结束测试的样帧、接收录像、合成输入或日志；不会影响全片渲染
可直接清理,项目验收目录,/Users/eason/Desktop/wfcrl/wind farm RL/evidence/camera-video-20260919/stream-validation/stability-receiver-03/received.h264,2071351,file,已结束测试的样帧、接收录像、合成输入或日志；不会影响全片渲染
可直接清理,项目验收目录,/Users/eason/Desktop/wfcrl/wind farm RL/evidence/camera-video-20260919/stream-validation/stability-receiver-03/received.jsonl,804269,file,已结束测试的样帧、接收录像、合成输入或日志；不会影响全片渲染
可直接清理,项目验收目录,/Users/eason/Desktop/wfcrl/wind farm RL/evidence/camera-video-20260919/stream-validation/stability-receiver-04/received.h264,2071351,file,已结束测试的样帧、接收录像、合成输入或日志；不会影响全片渲染
可直接清理,项目验收目录,/Users/eason/Desktop/wfcrl/wind farm RL/evidence/camera-video-20260919/stream-validation/stability-receiver-04/received.jsonl,804269,file,已结束测试的样帧、接收录像、合成输入或日志；不会影响全片渲染
可直接清理,项目验收目录,/Users/eason/Desktop/wfcrl/wind farm RL/evidence/camera-video-20260919/stream-validation/stability-receiver-05/received.h264,2071351,file,已结束测试的样帧、接收录像、合成输入或日志；不会影响全片渲染
可直接清理,项目验收目录,/Users/eason/Desktop/wfcrl/wind farm RL/evidence/camera-video-20260919/stream-validation/stability-receiver-05/received.jsonl,804269,file,已结束测试的样帧、接收录像、合成输入或日志；不会影响全片渲染
可直接清理,项目验收目录,/Users/eason/Desktop/wfcrl/wind farm RL/evidence/camera-video-20260919/stream-validation/stability-receiver-06/received.h264,2071351,file,已结束测试的样帧、接收录像、合成输入或日志；不会影响全片渲染
可直接清理,项目验收目录,/Users/eason/Desktop/wfcrl/wind farm RL/evidence/camera-video-20260919/stream-validation/stability-receiver-06/received.jsonl,804269,file,已结束测试的样帧、接收录像、合成输入或日志；不会影响全片渲染
可直接清理,项目验收目录,/Users/eason/Desktop/wfcrl/wind farm RL/evidence/camera-video-20260919/stream-validation/stability-receiver-07/received.h264,2071351,file,已结束测试的样帧、接收录像、合成输入或日志；不会影响全片渲染
可直接清理,项目验收目录,/Users/eason/Desktop/wfcrl/wind farm RL/evidence/camera-video-20260919/stream-validation/stability-receiver-07/received.jsonl,804269,file,已结束测试的样帧、接收录像、合成输入或日志；不会影响全片渲染
可直接清理,项目验收目录,/Users/eason/Desktop/wfcrl/wind farm RL/evidence/camera-video-20260919/stream-validation/stability-receiver-08/received.h264,2071351,file,已结束测试的样帧、接收录像、合成输入或日志；不会影响全片渲染
可直接清理,项目验收目录,/Users/eason/Desktop/wfcrl/wind farm RL/evidence/camera-video-20260919/stream-validation/stability-receiver-08/received.jsonl,804269,file,已结束测试的样帧、接收录像、合成输入或日志；不会影响全片渲染
可直接清理,项目验收目录,/Users/eason/Desktop/wfcrl/wind farm RL/evidence/camera-video-20260919/stream-validation/stability-receiver-09/received.h264,2071351,file,已结束测试的样帧、接收录像、合成输入或日志；不会影响全片渲染
可直接清理,项目验收目录,/Users/eason/Desktop/wfcrl/wind farm RL/evidence/camera-video-20260919/stream-validation/stability-receiver-09/received.jsonl,804469,file,已结束测试的样帧、接收录像、合成输入或日志；不会影响全片渲染
可直接清理,项目验收目录,/Users/eason/Desktop/wfcrl/wind farm RL/evidence/camera-video-20260919/stream-validation/stability-receiver-10/received.h264,2071351,file,已结束测试的样帧、接收录像、合成输入或日志；不会影响全片渲染
可直接清理,项目验收目录,/Users/eason/Desktop/wfcrl/wind farm RL/evidence/camera-video-20260919/stream-validation/stability-receiver-10/received.jsonl,805469,file,已结束测试的样帧、接收录像、合成输入或日志；不会影响全片渲染
可直接清理,项目验收目录,/Users/eason/Desktop/wfcrl/wind farm RL/evidence/camera-video-20260919/stream-validation/stability-receiver-11/received.h264,2071351,file,已结束测试的样帧、接收录像、合成输入或日志；不会影响全片渲染
可直接清理,项目验收目录,/Users/eason/Desktop/wfcrl/wind farm RL/evidence/camera-video-20260919/stream-validation/stability-receiver-11/received.jsonl,805469,file,已结束测试的样帧、接收录像、合成输入或日志；不会影响全片渲染
可直接清理,项目验收目录,/Users/eason/Desktop/wfcrl/wind farm RL/evidence/camera-video-20260919/stream-validation/stability-receiver-12/received.h264,2071351,file,已结束测试的样帧、接收录像、合成输入或日志；不会影响全片渲染
可直接清理,项目验收目录,/Users/eason/Desktop/wfcrl/wind farm RL/evidence/camera-video-20260919/stream-validation/stability-receiver-12/received.jsonl,805469,file,已结束测试的样帧、接收录像、合成输入或日志；不会影响全片渲染
可直接清理,项目验收目录,/Users/eason/Desktop/wfcrl/wind farm RL/evidence/camera-video-20260919/stream-validation/stability-receiver-13/received.h264,2071351,file,已结束测试的样帧、接收录像、合成输入或日志；不会影响全片渲染
可直接清理,项目验收目录,/Users/eason/Desktop/wfcrl/wind farm RL/evidence/camera-video-20260919/stream-validation/stability-receiver-13/received.jsonl,805469,file,已结束测试的样帧、接收录像、合成输入或日志；不会影响全片渲染
可直接清理,项目验收目录,/Users/eason/Desktop/wfcrl/wind farm RL/evidence/camera-video-20260919/stream-validation/stability-receiver-14/received.h264,2071351,file,已结束测试的样帧、接收录像、合成输入或日志；不会影响全片渲染
可直接清理,项目验收目录,/Users/eason/Desktop/wfcrl/wind farm RL/evidence/camera-video-20260919/stream-validation/stability-receiver-14/received.jsonl,805469,file,已结束测试的样帧、接收录像、合成输入或日志；不会影响全片渲染
可直接清理,项目验收目录,/Users/eason/Desktop/wfcrl/wind farm RL/evidence/camera-video-20260919/stream-validation/stability-receiver-15/received.h264,2071351,file,已结束测试的样帧、接收录像、合成输入或日志；不会影响全片渲染
可直接清理,项目验收目录,/Users/eason/Desktop/wfcrl/wind farm RL/evidence/camera-video-20260919/stream-validation/stability-receiver-15/received.jsonl,805469,file,已结束测试的样帧、接收录像、合成输入或日志；不会影响全片渲染
可直接清理,项目验收目录,/Users/eason/Desktop/wfcrl/wind farm RL/evidence/camera-video-20260919/stream-validation/stability-receiver-16/received.h264,2071351,file,已结束测试的样帧、接收录像、合成输入或日志；不会影响全片渲染
可直接清理,项目验收目录,/Users/eason/Desktop/wfcrl/wind farm RL/evidence/camera-video-20260919/stream-validation/stability-receiver-16/received.jsonl,805469,file,已结束测试的样帧、接收录像、合成输入或日志；不会影响全片渲染
可直接清理,项目验收目录,/Users/eason/Desktop/wfcrl/wind farm RL/evidence/camera-video-20260919/stream-validation/stability-receiver-17/received.h264,2071351,file,已结束测试的样帧、接收录像、合成输入或日志；不会影响全片渲染
可直接清理,项目验收目录,/Users/eason/Desktop/wfcrl/wind farm RL/evidence/camera-video-20260919/stream-validation/stability-receiver-17/received.jsonl,805469,file,已结束测试的样帧、接收录像、合成输入或日志；不会影响全片渲染
可直接清理,项目验收目录,/Users/eason/Desktop/wfcrl/wind farm RL/evidence/camera-video-20260919/stream-validation/stability-receiver-18/received.h264,2071351,file,已结束测试的样帧、接收录像、合成输入或日志；不会影响全片渲染
可直接清理,项目验收目录,/Users/eason/Desktop/wfcrl/wind farm RL/evidence/camera-video-20260919/stream-validation/stability-receiver-18/received.jsonl,808320,file,已结束测试的样帧、接收录像、合成输入或日志；不会影响全片渲染
可直接清理,项目验收目录,/Users/eason/Desktop/wfcrl/wind farm RL/evidence/camera-video-20260919/stream-validation/stability-receiver-19/received.h264,2071351,file,已结束测试的样帧、接收录像、合成输入或日志；不会影响全片渲染
可直接清理,项目验收目录,/Users/eason/Desktop/wfcrl/wind farm RL/evidence/camera-video-20260919/stream-validation/stability-receiver-19/received.jsonl,809069,file,已结束测试的样帧、接收录像、合成输入或日志；不会影响全片渲染
可直接清理,项目验收目录,/Users/eason/Desktop/wfcrl/wind farm RL/evidence/camera-video-20260919/stream-validation/stability-receiver-20/received.h264,2071351,file,已结束测试的样帧、接收录像、合成输入或日志；不会影响全片渲染
可直接清理,项目验收目录,/Users/eason/Desktop/wfcrl/wind farm RL/evidence/camera-video-20260919/stream-validation/stability-receiver-20/received.jsonl,809069,file,已结束测试的样帧、接收录像、合成输入或日志；不会影响全片渲染
可直接清理,项目验收目录,/Users/eason/Desktop/wfcrl/wind farm RL/evidence/camera-video-20260919/stream-validation/stability-receiver-21/received.h264,2071351,file,已结束测试的样帧、接收录像、合成输入或日志；不会影响全片渲染
可直接清理,项目验收目录,/Users/eason/Desktop/wfcrl/wind farm RL/evidence/camera-video-20260919/stream-validation/stability-receiver-21/received.jsonl,809069,file,已结束测试的样帧、接收录像、合成输入或日志；不会影响全片渲染
可直接清理,项目验收目录,/Users/eason/Desktop/wfcrl/wind farm RL/evidence/camera-video-20260919/stream-validation/stability-receiver-22/received.h264,2071351,file,已结束测试的样帧、接收录像、合成输入或日志；不会影响全片渲染
可直接清理,项目验收目录,/Users/eason/Desktop/wfcrl/wind farm RL/evidence/camera-video-20260919/stream-validation/stability-receiver-22/received.jsonl,809069,file,已结束测试的样帧、接收录像、合成输入或日志；不会影响全片渲染
可直接清理,项目验收目录,/Users/eason/Desktop/wfcrl/wind farm RL/evidence/camera-video-20260919/stream-validation/stability-receiver-23/received.h264,2071351,file,已结束测试的样帧、接收录像、合成输入或日志；不会影响全片渲染
可直接清理,项目验收目录,/Users/eason/Desktop/wfcrl/wind farm RL/evidence/camera-video-20260919/stream-validation/stability-receiver-23/received.jsonl,809069,file,已结束测试的样帧、接收录像、合成输入或日志；不会影响全片渲染
可直接清理,项目验收目录,/Users/eason/Desktop/wfcrl/wind farm RL/evidence/camera-video-20260919/stream-validation/stability-receiver-24/received.h264,2071351,file,已结束测试的样帧、接收录像、合成输入或日志；不会影响全片渲染
可直接清理,项目验收目录,/Users/eason/Desktop/wfcrl/wind farm RL/evidence/camera-video-20260919/stream-validation/stability-receiver-24/received.jsonl,809069,file,已结束测试的样帧、接收录像、合成输入或日志；不会影响全片渲染
可直接清理,项目验收目录,/Users/eason/Desktop/wfcrl/wind farm RL/evidence/camera-video-20260919/stream-validation/stability-receiver-25/received.h264,2071351,file,已结束测试的样帧、接收录像、合成输入或日志；不会影响全片渲染
可直接清理,项目验收目录,/Users/eason/Desktop/wfcrl/wind farm RL/evidence/camera-video-20260919/stream-validation/stability-receiver-25/received.jsonl,809069,file,已结束测试的样帧、接收录像、合成输入或日志；不会影响全片渲染
可直接清理,项目验收目录,/Users/eason/Desktop/wfcrl/wind farm RL/evidence/camera-video-20260919/stream-validation/stability-receiver-26/received.h264,2071351,file,已结束测试的样帧、接收录像、合成输入或日志；不会影响全片渲染
可直接清理,项目验收目录,/Users/eason/Desktop/wfcrl/wind farm RL/evidence/camera-video-20260919/stream-validation/stability-receiver-26/received.jsonl,809069,file,已结束测试的样帧、接收录像、合成输入或日志；不会影响全片渲染
可直接清理,项目验收目录,/Users/eason/Desktop/wfcrl/wind farm RL/evidence/camera-video-20260919/stream-validation/stability-receiver-27/received.h264,2071351,file,已结束测试的样帧、接收录像、合成输入或日志；不会影响全片渲染
可直接清理,项目验收目录,/Users/eason/Desktop/wfcrl/wind farm RL/evidence/camera-video-20260919/stream-validation/stability-receiver-27/received.jsonl,809069,file,已结束测试的样帧、接收录像、合成输入或日志；不会影响全片渲染
可直接清理,项目验收目录,/Users/eason/Desktop/wfcrl/wind farm RL/evidence/camera-video-20260919/stream-validation/stability-receiver-28/received.h264,2071351,file,已结束测试的样帧、接收录像、合成输入或日志；不会影响全片渲染
可直接清理,项目验收目录,/Users/eason/Desktop/wfcrl/wind farm RL/evidence/camera-video-20260919/stream-validation/stability-receiver-28/received.jsonl,809069,file,已结束测试的样帧、接收录像、合成输入或日志；不会影响全片渲染
可直接清理,项目验收目录,/Users/eason/Desktop/wfcrl/wind farm RL/evidence/camera-video-20260919/stream-validation/stability-receiver-29/received.h264,2071351,file,已结束测试的样帧、接收录像、合成输入或日志；不会影响全片渲染
可直接清理,项目验收目录,/Users/eason/Desktop/wfcrl/wind farm RL/evidence/camera-video-20260919/stream-validation/stability-receiver-29/received.jsonl,809069,file,已结束测试的样帧、接收录像、合成输入或日志；不会影响全片渲染
可直接清理,项目验收目录,/Users/eason/Desktop/wfcrl/wind farm RL/evidence/camera-video-20260919/stream-validation/stability-run.log,6992,file,已结束测试的样帧、接收录像、合成输入或日志；不会影响全片渲染
验收证据，可归档,项目验收目录,/Users/eason/Desktop/wfcrl/wind farm RL/evidence/camera-video-20260919/stream-validation/stability-startup-provenance.json,687,file,不参与当前渲染；删除会失去本次验证记录，建议保留
验收证据，可归档,项目验收目录,/Users/eason/Desktop/wfcrl/wind farm RL/evidence/camera-video-20260919/stream-validation/stability-summary.json,917,file,不参与当前渲染；删除会失去本次验证记录，建议保留
可直接清理,项目验收目录,/Users/eason/Desktop/wfcrl/wind farm RL/evidence/camera-video-20260919/stream-validation/synthetic-60s/checks/encoding.json,116070,file,已结束测试的样帧、接收录像、合成输入或日志；不会影响全片渲染
可直接清理,项目验收目录,/Users/eason/Desktop/wfcrl/wind farm RL/evidence/camera-video-20260919/stream-validation/synthetic-60s/frames.csv,20611,file,已结束测试的样帧、接收录像、合成输入或日志；不会影响全片渲染
可直接清理,项目验收目录,/Users/eason/Desktop/wfcrl/wind farm RL/evidence/camera-video-20260919/stream-validation/synthetic-60s/manifest.json,257,file,已结束测试的样帧、接收录像、合成输入或日志；不会影响全片渲染
可直接清理,项目验收目录,/Users/eason/Desktop/wfcrl/wind farm RL/evidence/camera-video-20260919/stream-validation/synthetic-60s/master_frames/000000.png,3008,file,已结束测试的样帧、接收录像、合成输入或日志；不会影响全片渲染
可直接清理,项目验收目录,/Users/eason/Desktop/wfcrl/wind farm RL/evidence/camera-video-20260919/stream-validation/synthetic-60s/master_frames/000001.png,3095,file,已结束测试的样帧、接收录像、合成输入或日志；不会影响全片渲染
可直接清理,项目验收目录,/Users/eason/Desktop/wfcrl/wind farm RL/evidence/camera-video-20260919/stream-validation/synthetic-60s/master_frames/000002.png,3039,file,已结束测试的样帧、接收录像、合成输入或日志；不会影响全片渲染
可直接清理,项目验收目录,/Users/eason/Desktop/wfcrl/wind farm RL/evidence/camera-video-20260919/stream-validation/synthetic-60s/master_frames/000003.png,3110,file,已结束测试的样帧、接收录像、合成输入或日志；不会影响全片渲染
可直接清理,项目验收目录,/Users/eason/Desktop/wfcrl/wind farm RL/evidence/camera-video-20260919/stream-validation/synthetic-60s/master_frames/000004.png,3049,file,已结束测试的样帧、接收录像、合成输入或日志；不会影响全片渲染
可直接清理,项目验收目录,/Users/eason/Desktop/wfcrl/wind farm RL/evidence/camera-video-20260919/stream-validation/synthetic-60s/master_frames/000005.png,3002,file,已结束测试的样帧、接收录像、合成输入或日志；不会影响全片渲染
可直接清理,项目验收目录,/Users/eason/Desktop/wfcrl/wind farm RL/evidence/camera-video-20260919/stream-validation/synthetic-60s/master_frames/000006.png,3116,file,已结束测试的样帧、接收录像、合成输入或日志；不会影响全片渲染
可直接清理,项目验收目录,/Users/eason/Desktop/wfcrl/wind farm RL/evidence/camera-video-20260919/stream-validation/synthetic-60s/master_frames/000007.png,3051,file,已结束测试的样帧、接收录像、合成输入或日志；不会影响全片渲染
可直接清理,项目验收目录,/Users/eason/Desktop/wfcrl/wind farm RL/evidence/camera-video-20260919/stream-validation/synthetic-60s/master_frames/000008.png,2970,file,已结束测试的样帧、接收录像、合成输入或日志；不会影响全片渲染
可直接清理,项目验收目录,/Users/eason/Desktop/wfcrl/wind farm RL/evidence/camera-video-20260919/stream-validation/synthetic-60s/master_frames/000009.png,3060,file,已结束测试的样帧、接收录像、合成输入或日志；不会影响全片渲染
可直接清理,项目验收目录,/Users/eason/Desktop/wfcrl/wind farm RL/evidence/camera-video-20260919/stream-validation/synthetic-60s/master_frames/000010.png,3067,file,已结束测试的样帧、接收录像、合成输入或日志；不会影响全片渲染
可直接清理,项目验收目录,/Users/eason/Desktop/wfcrl/wind farm RL/evidence/camera-video-20260919/stream-validation/synthetic-60s/master_frames/000011.png,3063,file,已结束测试的样帧、接收录像、合成输入或日志；不会影响全片渲染
可直接清理,项目验收目录,/Users/eason/Desktop/wfcrl/wind farm RL/evidence/camera-video-20260919/stream-validation/synthetic-60s/master_frames/000012.png,3036,file,已结束测试的样帧、接收录像、合成输入或日志；不会影响全片渲染
可直接清理,项目验收目录,/Users/eason/Desktop/wfcrl/wind farm RL/evidence/camera-video-20260919/stream-validation/synthetic-60s/master_frames/000013.png,3072,file,已结束测试的样帧、接收录像、合成输入或日志；不会影响全片渲染
可直接清理,项目验收目录,/Users/eason/Desktop/wfcrl/wind farm RL/evidence/camera-video-20260919/stream-validation/synthetic-60s/master_frames/000014.png,3014,file,已结束测试的样帧、接收录像、合成输入或日志；不会影响全片渲染
可直接清理,项目验收目录,/Users/eason/Desktop/wfcrl/wind farm RL/evidence/camera-video-20260919/stream-validation/synthetic-60s/master_frames/000015.png,3029,file,已结束测试的样帧、接收录像、合成输入或日志；不会影响全片渲染
可直接清理,项目验收目录,/Users/eason/Desktop/wfcrl/wind farm RL/evidence/camera-video-20260919/stream-validation/synthetic-60s/master_frames/000016.png,3053,file,已结束测试的样帧、接收录像、合成输入或日志；不会影响全片渲染
可直接清理,项目验收目录,/Users/eason/Desktop/wfcrl/wind farm RL/evidence/camera-video-20260919/stream-validation/synthetic-60s/master_frames/000017.png,3052,file,已结束测试的样帧、接收录像、合成输入或日志；不会影响全片渲染
可直接清理,项目验收目录,/Users/eason/Desktop/wfcrl/wind farm RL/evidence/camera-video-20260919/stream-validation/synthetic-60s/master_frames/000018.png,3045,file,已结束测试的样帧、接收录像、合成输入或日志；不会影响全片渲染
可直接清理,项目验收目录,/Users/eason/Desktop/wfcrl/wind farm RL/evidence/camera-video-20260919/stream-validation/synthetic-60s/master_frames/000019.png,3076,file,已结束测试的样帧、接收录像、合成输入或日志；不会影响全片渲染
可直接清理,项目验收目录,/Users/eason/Desktop/wfcrl/wind farm RL/evidence/camera-video-20260919/stream-validation/synthetic-60s/master_frames/000020.png,2992,file,已结束测试的样帧、接收录像、合成输入或日志；不会影响全片渲染
可直接清理,项目验收目录,/Users/eason/Desktop/wfcrl/wind farm RL/evidence/camera-video-20260919/stream-validation/synthetic-60s/master_frames/000021.png,3000,file,已结束测试的样帧、接收录像、合成输入或日志；不会影响全片渲染
可直接清理,项目验收目录,/Users/eason/Desktop/wfcrl/wind farm RL/evidence/camera-video-20260919/stream-validation/synthetic-60s/master_frames/000022.png,2987,file,已结束测试的样帧、接收录像、合成输入或日志；不会影响全片渲染
可直接清理,项目验收目录,/Users/eason/Desktop/wfcrl/wind farm RL/evidence/camera-video-20260919/stream-validation/synthetic-60s/master_frames/000023.png,3062,file,已结束测试的样帧、接收录像、合成输入或日志；不会影响全片渲染
可直接清理,项目验收目录,/Users/eason/Desktop/wfcrl/wind farm RL/evidence/camera-video-20260919/stream-validation/synthetic-60s/master_frames/000024.png,2980,file,已结束测试的样帧、接收录像、合成输入或日志；不会影响全片渲染
可直接清理,项目验收目录,/Users/eason/Desktop/wfcrl/wind farm RL/evidence/camera-video-20260919/stream-validation/synthetic-60s/master_frames/000025.png,3008,file,已结束测试的样帧、接收录像、合成输入或日志；不会影响全片渲染
可直接清理,项目验收目录,/Users/eason/Desktop/wfcrl/wind farm RL/evidence/camera-video-20260919/stream-validation/synthetic-60s/master_frames/000026.png,2984,file,已结束测试的样帧、接收录像、合成输入或日志；不会影响全片渲染
可直接清理,项目验收目录,/Users/eason/Desktop/wfcrl/wind farm RL/evidence/camera-video-20260919/stream-validation/synthetic-60s/master_frames/000027.png,2938,file,已结束测试的样帧、接收录像、合成输入或日志；不会影响全片渲染
可直接清理,项目验收目录,/Users/eason/Desktop/wfcrl/wind farm RL/evidence/camera-video-20260919/stream-validation/synthetic-60s/master_frames/000028.png,2955,file,已结束测试的样帧、接收录像、合成输入或日志；不会影响全片渲染
可直接清理,项目验收目录,/Users/eason/Desktop/wfcrl/wind farm RL/evidence/camera-video-20260919/stream-validation/synthetic-60s/master_frames/000029.png,2985,file,已结束测试的样帧、接收录像、合成输入或日志；不会影响全片渲染
可直接清理,项目验收目录,/Users/eason/Desktop/wfcrl/wind farm RL/evidence/camera-video-20260919/stream-validation/synthetic-60s/master_frames/000030.png,2945,file,已结束测试的样帧、接收录像、合成输入或日志；不会影响全片渲染
可直接清理,项目验收目录,/Users/eason/Desktop/wfcrl/wind farm RL/evidence/camera-video-20260919/stream-validation/synthetic-60s/master_frames/000031.png,2935,file,已结束测试的样帧、接收录像、合成输入或日志；不会影响全片渲染
可直接清理,项目验收目录,/Users/eason/Desktop/wfcrl/wind farm RL/evidence/camera-video-20260919/stream-validation/synthetic-60s/master_frames/000032.png,2970,file,已结束测试的样帧、接收录像、合成输入或日志；不会影响全片渲染
可直接清理,项目验收目录,/Users/eason/Desktop/wfcrl/wind farm RL/evidence/camera-video-20260919/stream-validation/synthetic-60s/master_frames/000033.png,2983,file,已结束测试的样帧、接收录像、合成输入或日志；不会影响全片渲染
可直接清理,项目验收目录,/Users/eason/Desktop/wfcrl/wind farm RL/evidence/camera-video-20260919/stream-validation/synthetic-60s/master_frames/000034.png,2969,file,已结束测试的样帧、接收录像、合成输入或日志；不会影响全片渲染
可直接清理,项目验收目录,/Users/eason/Desktop/wfcrl/wind farm RL/evidence/camera-video-20260919/stream-validation/synthetic-60s/master_frames/000035.png,2929,file,已结束测试的样帧、接收录像、合成输入或日志；不会影响全片渲染
可直接清理,项目验收目录,/Users/eason/Desktop/wfcrl/wind farm RL/evidence/camera-video-20260919/stream-validation/synthetic-60s/master_frames/000036.png,2986,file,已结束测试的样帧、接收录像、合成输入或日志；不会影响全片渲染
可直接清理,项目验收目录,/Users/eason/Desktop/wfcrl/wind farm RL/evidence/camera-video-20260919/stream-validation/synthetic-60s/master_frames/000037.png,2993,file,已结束测试的样帧、接收录像、合成输入或日志；不会影响全片渲染
可直接清理,项目验收目录,/Users/eason/Desktop/wfcrl/wind farm RL/evidence/camera-video-20260919/stream-validation/synthetic-60s/master_frames/000038.png,3008,file,已结束测试的样帧、接收录像、合成输入或日志；不会影响全片渲染
可直接清理,项目验收目录,/Users/eason/Desktop/wfcrl/wind farm RL/evidence/camera-video-20260919/stream-validation/synthetic-60s/master_frames/000039.png,3016,file,已结束测试的样帧、接收录像、合成输入或日志；不会影响全片渲染
可直接清理,项目验收目录,/Users/eason/Desktop/wfcrl/wind farm RL/evidence/camera-video-20260919/stream-validation/synthetic-60s/master_frames/000040.png,2999,file,已结束测试的样帧、接收录像、合成输入或日志；不会影响全片渲染
可直接清理,项目验收目录,/Users/eason/Desktop/wfcrl/wind farm RL/evidence/camera-video-20260919/stream-validation/synthetic-60s/master_frames/000041.png,3024,file,已结束测试的样帧、接收录像、合成输入或日志；不会影响全片渲染
可直接清理,项目验收目录,/Users/eason/Desktop/wfcrl/wind farm RL/evidence/camera-video-20260919/stream-validation/synthetic-60s/master_frames/000042.png,3022,file,已结束测试的样帧、接收录像、合成输入或日志；不会影响全片渲染
可直接清理,项目验收目录,/Users/eason/Desktop/wfcrl/wind farm RL/evidence/camera-video-20260919/stream-validation/synthetic-60s/master_frames/000043.png,3062,file,已结束测试的样帧、接收录像、合成输入或日志；不会影响全片渲染
可直接清理,项目验收目录,/Users/eason/Desktop/wfcrl/wind farm RL/evidence/camera-video-20260919/stream-validation/synthetic-60s/master_frames/000044.png,2990,file,已结束测试的样帧、接收录像、合成输入或日志；不会影响全片渲染
可直接清理,项目验收目录,/Users/eason/Desktop/wfcrl/wind farm RL/evidence/camera-video-20260919/stream-validation/synthetic-60s/master_frames/000045.png,3084,file,已结束测试的样帧、接收录像、合成输入或日志；不会影响全片渲染
可直接清理,项目验收目录,/Users/eason/Desktop/wfcrl/wind farm RL/evidence/camera-video-20260919/stream-validation/synthetic-60s/master_frames/000046.png,3064,file,已结束测试的样帧、接收录像、合成输入或日志；不会影响全片渲染
可直接清理,项目验收目录,/Users/eason/Desktop/wfcrl/wind farm RL/evidence/camera-video-20260919/stream-validation/synthetic-60s/master_frames/000047.png,3031,file,已结束测试的样帧、接收录像、合成输入或日志；不会影响全片渲染
可直接清理,项目验收目录,/Users/eason/Desktop/wfcrl/wind farm RL/evidence/camera-video-20260919/stream-validation/synthetic-60s/master_frames/000048.png,3034,file,已结束测试的样帧、接收录像、合成输入或日志；不会影响全片渲染
可直接清理,项目验收目录,/Users/eason/Desktop/wfcrl/wind farm RL/evidence/camera-video-20260919/stream-validation/synthetic-60s/master_frames/000049.png,3067,file,已结束测试的样帧、接收录像、合成输入或日志；不会影响全片渲染
可直接清理,项目验收目录,/Users/eason/Desktop/wfcrl/wind farm RL/evidence/camera-video-20260919/stream-validation/synthetic-60s/master_frames/000050.png,3032,file,已结束测试的样帧、接收录像、合成输入或日志；不会影响全片渲染
可直接清理,项目验收目录,/Users/eason/Desktop/wfcrl/wind farm RL/evidence/camera-video-20260919/stream-validation/synthetic-60s/master_frames/000051.png,3034,file,已结束测试的样帧、接收录像、合成输入或日志；不会影响全片渲染
可直接清理,项目验收目录,/Users/eason/Desktop/wfcrl/wind farm RL/evidence/camera-video-20260919/stream-validation/synthetic-60s/master_frames/000052.png,3041,file,已结束测试的样帧、接收录像、合成输入或日志；不会影响全片渲染
可直接清理,项目验收目录,/Users/eason/Desktop/wfcrl/wind farm RL/evidence/camera-video-20260919/stream-validation/synthetic-60s/master_frames/000053.png,3089,file,已结束测试的样帧、接收录像、合成输入或日志；不会影响全片渲染
可直接清理,项目验收目录,/Users/eason/Desktop/wfcrl/wind farm RL/evidence/camera-video-20260919/stream-validation/synthetic-60s/master_frames/000054.png,3008,file,已结束测试的样帧、接收录像、合成输入或日志；不会影响全片渲染
可直接清理,项目验收目录,/Users/eason/Desktop/wfcrl/wind farm RL/evidence/camera-video-20260919/stream-validation/synthetic-60s/master_frames/000055.png,3054,file,已结束测试的样帧、接收录像、合成输入或日志；不会影响全片渲染
可直接清理,项目验收目录,/Users/eason/Desktop/wfcrl/wind farm RL/evidence/camera-video-20260919/stream-validation/synthetic-60s/master_frames/000056.png,3084,file,已结束测试的样帧、接收录像、合成输入或日志；不会影响全片渲染
可直接清理,项目验收目录,/Users/eason/Desktop/wfcrl/wind farm RL/evidence/camera-video-20260919/stream-validation/synthetic-60s/master_frames/000057.png,3082,file,已结束测试的样帧、接收录像、合成输入或日志；不会影响全片渲染
可直接清理,项目验收目录,/Users/eason/Desktop/wfcrl/wind farm RL/evidence/camera-video-20260919/stream-validation/synthetic-60s/master_frames/000058.png,3113,file,已结束测试的样帧、接收录像、合成输入或日志；不会影响全片渲染
可直接清理,项目验收目录,/Users/eason/Desktop/wfcrl/wind farm RL/evidence/camera-video-20260919/stream-validation/synthetic-60s/master_frames/000059.png,3150,file,已结束测试的样帧、接收录像、合成输入或日志；不会影响全片渲染
可直接清理,项目验收目录,/Users/eason/Desktop/wfcrl/wind farm RL/evidence/camera-video-20260919/stream-validation/synthetic-60s/master_frames/000060.png,3138,file,已结束测试的样帧、接收录像、合成输入或日志；不会影响全片渲染
可直接清理,项目验收目录,/Users/eason/Desktop/wfcrl/wind farm RL/evidence/camera-video-20260919/stream-validation/synthetic-60s/master_frames/000061.png,3148,file,已结束测试的样帧、接收录像、合成输入或日志；不会影响全片渲染
可直接清理,项目验收目录,/Users/eason/Desktop/wfcrl/wind farm RL/evidence/camera-video-20260919/stream-validation/synthetic-60s/master_frames/000062.png,3113,file,已结束测试的样帧、接收录像、合成输入或日志；不会影响全片渲染
可直接清理,项目验收目录,/Users/eason/Desktop/wfcrl/wind farm RL/evidence/camera-video-20260919/stream-validation/synthetic-60s/master_frames/000063.png,3119,file,已结束测试的样帧、接收录像、合成输入或日志；不会影响全片渲染
可直接清理,项目验收目录,/Users/eason/Desktop/wfcrl/wind farm RL/evidence/camera-video-20260919/stream-validation/synthetic-60s/master_frames/000064.png,3129,file,已结束测试的样帧、接收录像、合成输入或日志；不会影响全片渲染
可直接清理,项目验收目录,/Users/eason/Desktop/wfcrl/wind farm RL/evidence/camera-video-20260919/stream-validation/synthetic-60s/master_frames/000065.png,3115,file,已结束测试的样帧、接收录像、合成输入或日志；不会影响全片渲染
可直接清理,项目验收目录,/Users/eason/Desktop/wfcrl/wind farm RL/evidence/camera-video-20260919/stream-validation/synthetic-60s/master_frames/000066.png,3076,file,已结束测试的样帧、接收录像、合成输入或日志；不会影响全片渲染
可直接清理,项目验收目录,/Users/eason/Desktop/wfcrl/wind farm RL/evidence/camera-video-20260919/stream-validation/synthetic-60s/master_frames/000067.png,3130,file,已结束测试的样帧、接收录像、合成输入或日志；不会影响全片渲染
可直接清理,项目验收目录,/Users/eason/Desktop/wfcrl/wind farm RL/evidence/camera-video-20260919/stream-validation/synthetic-60s/master_frames/000068.png,3047,file,已结束测试的样帧、接收录像、合成输入或日志；不会影响全片渲染
可直接清理,项目验收目录,/Users/eason/Desktop/wfcrl/wind farm RL/evidence/camera-video-20260919/stream-validation/synthetic-60s/master_frames/000069.png,3162,file,已结束测试的样帧、接收录像、合成输入或日志；不会影响全片渲染
可直接清理,项目验收目录,/Users/eason/Desktop/wfcrl/wind farm RL/evidence/camera-video-20260919/stream-validation/synthetic-60s/master_frames/000070.png,3113,file,已结束测试的样帧、接收录像、合成输入或日志；不会影响全片渲染
可直接清理,项目验收目录,/Users/eason/Desktop/wfcrl/wind farm RL/evidence/camera-video-20260919/stream-validation/synthetic-60s/master_frames/000071.png,3212,file,已结束测试的样帧、接收录像、合成输入或日志；不会影响全片渲染
可直接清理,项目验收目录,/Users/eason/Desktop/wfcrl/wind farm RL/evidence/camera-video-20260919/stream-validation/synthetic-60s/master_frames/000072.png,3238,file,已结束测试的样帧、接收录像、合成输入或日志；不会影响全片渲染
可直接清理,项目验收目录,/Users/eason/Desktop/wfcrl/wind farm RL/evidence/camera-video-20260919/stream-validation/synthetic-60s/master_frames/000073.png,3355,file,已结束测试的样帧、接收录像、合成输入或日志；不会影响全片渲染
可直接清理,项目验收目录,/Users/eason/Desktop/wfcrl/wind farm RL/evidence/camera-video-20260919/stream-validation/synthetic-60s/master_frames/000074.png,3298,file,已结束测试的样帧、接收录像、合成输入或日志；不会影响全片渲染
可直接清理,项目验收目录,/Users/eason/Desktop/wfcrl/wind farm RL/evidence/camera-video-20260919/stream-validation/synthetic-60s/master_frames/000075.png,3402,file,已结束测试的样帧、接收录像、合成输入或日志；不会影响全片渲染
可直接清理,项目验收目录,/Users/eason/Desktop/wfcrl/wind farm RL/evidence/camera-video-20260919/stream-validation/synthetic-60s/master_frames/000076.png,3305,file,已结束测试的样帧、接收录像、合成输入或日志；不会影响全片渲染
可直接清理,项目验收目录,/Users/eason/Desktop/wfcrl/wind farm RL/evidence/camera-video-20260919/stream-validation/synthetic-60s/master_frames/000077.png,3348,file,已结束测试的样帧、接收录像、合成输入或日志；不会影响全片渲染
可直接清理,项目验收目录,/Users/eason/Desktop/wfcrl/wind farm RL/evidence/camera-video-20260919/stream-validation/synthetic-60s/master_frames/000078.png,3393,file,已结束测试的样帧、接收录像、合成输入或日志；不会影响全片渲染
可直接清理,项目验收目录,/Users/eason/Desktop/wfcrl/wind farm RL/evidence/camera-video-20260919/stream-validation/synthetic-60s/master_frames/000079.png,3362,file,已结束测试的样帧、接收录像、合成输入或日志；不会影响全片渲染
可直接清理,项目验收目录,/Users/eason/Desktop/wfcrl/wind farm RL/evidence/camera-video-20260919/stream-validation/synthetic-60s/master_frames/000080.png,3263,file,已结束测试的样帧、接收录像、合成输入或日志；不会影响全片渲染
可直接清理,项目验收目录,/Users/eason/Desktop/wfcrl/wind farm RL/evidence/camera-video-20260919/stream-validation/synthetic-60s/master_frames/000081.png,3285,file,已结束测试的样帧、接收录像、合成输入或日志；不会影响全片渲染
可直接清理,项目验收目录,/Users/eason/Desktop/wfcrl/wind farm RL/evidence/camera-video-20260919/stream-validation/synthetic-60s/master_frames/000082.png,3237,file,已结束测试的样帧、接收录像、合成输入或日志；不会影响全片渲染
可直接清理,项目验收目录,/Users/eason/Desktop/wfcrl/wind farm RL/evidence/camera-video-20260919/stream-validation/synthetic-60s/master_frames/000083.png,3257,file,已结束测试的样帧、接收录像、合成输入或日志；不会影响全片渲染
可直接清理,项目验收目录,/Users/eason/Desktop/wfcrl/wind farm RL/evidence/camera-video-20260919/stream-validation/synthetic-60s/master_frames/000084.png,3168,file,已结束测试的样帧、接收录像、合成输入或日志；不会影响全片渲染
可直接清理,项目验收目录,/Users/eason/Desktop/wfcrl/wind farm RL/evidence/camera-video-20260919/stream-validation/synthetic-60s/master_frames/000085.png,3155,file,已结束测试的样帧、接收录像、合成输入或日志；不会影响全片渲染
可直接清理,项目验收目录,/Users/eason/Desktop/wfcrl/wind farm RL/evidence/camera-video-20260919/stream-validation/synthetic-60s/master_frames/000086.png,3170,file,已结束测试的样帧、接收录像、合成输入或日志；不会影响全片渲染
可直接清理,项目验收目录,/Users/eason/Desktop/wfcrl/wind farm RL/evidence/camera-video-20260919/stream-validation/synthetic-60s/master_frames/000087.png,3132,file,已结束测试的样帧、接收录像、合成输入或日志；不会影响全片渲染
可直接清理,项目验收目录,/Users/eason/Desktop/wfcrl/wind farm RL/evidence/camera-video-20260919/stream-validation/synthetic-60s/master_frames/000088.png,3054,file,已结束测试的样帧、接收录像、合成输入或日志；不会影响全片渲染
可直接清理,项目验收目录,/Users/eason/Desktop/wfcrl/wind farm RL/evidence/camera-video-20260919/stream-validation/synthetic-60s/master_frames/000089.png,3042,file,已结束测试的样帧、接收录像、合成输入或日志；不会影响全片渲染
可直接清理,项目验收目录,/Users/eason/Desktop/wfcrl/wind farm RL/evidence/camera-video-20260919/stream-validation/synthetic-60s/master_frames/000090.png,3080,file,已结束测试的样帧、接收录像、合成输入或日志；不会影响全片渲染
可直接清理,项目验收目录,/Users/eason/Desktop/wfcrl/wind farm RL/evidence/camera-video-20260919/stream-validation/synthetic-60s/master_frames/000091.png,3052,file,已结束测试的样帧、接收录像、合成输入或日志；不会影响全片渲染
可直接清理,项目验收目录,/Users/eason/Desktop/wfcrl/wind farm RL/evidence/camera-video-20260919/stream-validation/synthetic-60s/master_frames/000092.png,3107,file,已结束测试的样帧、接收录像、合成输入或日志；不会影响全片渲染
可直接清理,项目验收目录,/Users/eason/Desktop/wfcrl/wind farm RL/evidence/camera-video-20260919/stream-validation/synthetic-60s/master_frames/000093.png,3081,file,已结束测试的样帧、接收录像、合成输入或日志；不会影响全片渲染
可直接清理,项目验收目录,/Users/eason/Desktop/wfcrl/wind farm RL/evidence/camera-video-20260919/stream-validation/synthetic-60s/master_frames/000094.png,3060,file,已结束测试的样帧、接收录像、合成输入或日志；不会影响全片渲染
可直接清理,项目验收目录,/Users/eason/Desktop/wfcrl/wind farm RL/evidence/camera-video-20260919/stream-validation/synthetic-60s/master_frames/000095.png,3026,file,已结束测试的样帧、接收录像、合成输入或日志；不会影响全片渲染
可直接清理,项目验收目录,/Users/eason/Desktop/wfcrl/wind farm RL/evidence/camera-video-20260919/stream-validation/synthetic-60s/master_frames/000096.png,3093,file,已结束测试的样帧、接收录像、合成输入或日志；不会影响全片渲染
可直接清理,项目验收目录,/Users/eason/Desktop/wfcrl/wind farm RL/evidence/camera-video-20260919/stream-validation/synthetic-60s/master_frames/000097.png,3047,file,已结束测试的样帧、接收录像、合成输入或日志；不会影响全片渲染
可直接清理,项目验收目录,/Users/eason/Desktop/wfcrl/wind farm RL/evidence/camera-video-20260919/stream-validation/synthetic-60s/master_frames/000098.png,3085,file,已结束测试的样帧、接收录像、合成输入或日志；不会影响全片渲染
可直接清理,项目验收目录,/Users/eason/Desktop/wfcrl/wind farm RL/evidence/camera-video-20260919/stream-validation/synthetic-60s/master_frames/000099.png,3034,file,已结束测试的样帧、接收录像、合成输入或日志；不会影响全片渲染
可直接清理,项目验收目录,/Users/eason/Desktop/wfcrl/wind farm RL/evidence/camera-video-20260919/stream-validation/synthetic-60s/master_frames/000100.png,2995,file,已结束测试的样帧、接收录像、合成输入或日志；不会影响全片渲染
可直接清理,项目验收目录,/Users/eason/Desktop/wfcrl/wind farm RL/evidence/camera-video-20260919/stream-validation/synthetic-60s/master_frames/000101.png,3129,file,已结束测试的样帧、接收录像、合成输入或日志；不会影响全片渲染
可直接清理,项目验收目录,/Users/eason/Desktop/wfcrl/wind farm RL/evidence/camera-video-20260919/stream-validation/synthetic-60s/master_frames/000102.png,2970,file,已结束测试的样帧、接收录像、合成输入或日志；不会影响全片渲染
可直接清理,项目验收目录,/Users/eason/Desktop/wfcrl/wind farm RL/evidence/camera-video-20260919/stream-validation/synthetic-60s/master_frames/000103.png,3033,file,已结束测试的样帧、接收录像、合成输入或日志；不会影响全片渲染
可直接清理,项目验收目录,/Users/eason/Desktop/wfcrl/wind farm RL/evidence/camera-video-20260919/stream-validation/synthetic-60s/master_frames/000104.png,2940,file,已结束测试的样帧、接收录像、合成输入或日志；不会影响全片渲染
可直接清理,项目验收目录,/Users/eason/Desktop/wfcrl/wind farm RL/evidence/camera-video-20260919/stream-validation/synthetic-60s/master_frames/000105.png,2927,file,已结束测试的样帧、接收录像、合成输入或日志；不会影响全片渲染
可直接清理,项目验收目录,/Users/eason/Desktop/wfcrl/wind farm RL/evidence/camera-video-20260919/stream-validation/synthetic-60s/master_frames/000106.png,2844,file,已结束测试的样帧、接收录像、合成输入或日志；不会影响全片渲染
可直接清理,项目验收目录,/Users/eason/Desktop/wfcrl/wind farm RL/evidence/camera-video-20260919/stream-validation/synthetic-60s/master_frames/000107.png,2876,file,已结束测试的样帧、接收录像、合成输入或日志；不会影响全片渲染
可直接清理,项目验收目录,/Users/eason/Desktop/wfcrl/wind farm RL/evidence/camera-video-20260919/stream-validation/synthetic-60s/master_frames/000108.png,2888,file,已结束测试的样帧、接收录像、合成输入或日志；不会影响全片渲染
可直接清理,项目验收目录,/Users/eason/Desktop/wfcrl/wind farm RL/evidence/camera-video-20260919/stream-validation/synthetic-60s/master_frames/000109.png,2978,file,已结束测试的样帧、接收录像、合成输入或日志；不会影响全片渲染
可直接清理,项目验收目录,/Users/eason/Desktop/wfcrl/wind farm RL/evidence/camera-video-20260919/stream-validation/synthetic-60s/master_frames/000110.png,2871,file,已结束测试的样帧、接收录像、合成输入或日志；不会影响全片渲染
可直接清理,项目验收目录,/Users/eason/Desktop/wfcrl/wind farm RL/evidence/camera-video-20260919/stream-validation/synthetic-60s/master_frames/000111.png,2868,file,已结束测试的样帧、接收录像、合成输入或日志；不会影响全片渲染
可直接清理,项目验收目录,/Users/eason/Desktop/wfcrl/wind farm RL/evidence/camera-video-20260919/stream-validation/synthetic-60s/master_frames/000112.png,2967,file,已结束测试的样帧、接收录像、合成输入或日志；不会影响全片渲染
可直接清理,项目验收目录,/Users/eason/Desktop/wfcrl/wind farm RL/evidence/camera-video-20260919/stream-validation/synthetic-60s/master_frames/000113.png,3038,file,已结束测试的样帧、接收录像、合成输入或日志；不会影响全片渲染
可直接清理,项目验收目录,/Users/eason/Desktop/wfcrl/wind farm RL/evidence/camera-video-20260919/stream-validation/synthetic-60s/master_frames/000114.png,2957,file,已结束测试的样帧、接收录像、合成输入或日志；不会影响全片渲染
可直接清理,项目验收目录,/Users/eason/Desktop/wfcrl/wind farm RL/evidence/camera-video-20260919/stream-validation/synthetic-60s/master_frames/000115.png,2970,file,已结束测试的样帧、接收录像、合成输入或日志；不会影响全片渲染
可直接清理,项目验收目录,/Users/eason/Desktop/wfcrl/wind farm RL/evidence/camera-video-20260919/stream-validation/synthetic-60s/master_frames/000116.png,3039,file,已结束测试的样帧、接收录像、合成输入或日志；不会影响全片渲染
可直接清理,项目验收目录,/Users/eason/Desktop/wfcrl/wind farm RL/evidence/camera-video-20260919/stream-validation/synthetic-60s/master_frames/000117.png,3028,file,已结束测试的样帧、接收录像、合成输入或日志；不会影响全片渲染
可直接清理,项目验收目录,/Users/eason/Desktop/wfcrl/wind farm RL/evidence/camera-video-20260919/stream-validation/synthetic-60s/master_frames/000118.png,3063,file,已结束测试的样帧、接收录像、合成输入或日志；不会影响全片渲染
可直接清理,项目验收目录,/Users/eason/Desktop/wfcrl/wind farm RL/evidence/camera-video-20260919/stream-validation/synthetic-60s/master_frames/000119.png,3067,file,已结束测试的样帧、接收录像、合成输入或日志；不会影响全片渲染
可直接清理,项目验收目录,/Users/eason/Desktop/wfcrl/wind farm RL/evidence/camera-video-20260919/stream-validation/synthetic-60s/master_frames/000120.png,3033,file,已结束测试的样帧、接收录像、合成输入或日志；不会影响全片渲染
可直接清理,项目验收目录,/Users/eason/Desktop/wfcrl/wind farm RL/evidence/camera-video-20260919/stream-validation/synthetic-60s/master_frames/000121.png,3060,file,已结束测试的样帧、接收录像、合成输入或日志；不会影响全片渲染
可直接清理,项目验收目录,/Users/eason/Desktop/wfcrl/wind farm RL/evidence/camera-video-20260919/stream-validation/synthetic-60s/master_frames/000122.png,3022,file,已结束测试的样帧、接收录像、合成输入或日志；不会影响全片渲染
可直接清理,项目验收目录,/Users/eason/Desktop/wfcrl/wind farm RL/evidence/camera-video-20260919/stream-validation/synthetic-60s/master_frames/000123.png,3110,file,已结束测试的样帧、接收录像、合成输入或日志；不会影响全片渲染
可直接清理,项目验收目录,/Users/eason/Desktop/wfcrl/wind farm RL/evidence/camera-video-20260919/stream-validation/synthetic-60s/master_frames/000124.png,3151,file,已结束测试的样帧、接收录像、合成输入或日志；不会影响全片渲染
可直接清理,项目验收目录,/Users/eason/Desktop/wfcrl/wind farm RL/evidence/camera-video-20260919/stream-validation/synthetic-60s/master_frames/000125.png,3136,file,已结束测试的样帧、接收录像、合成输入或日志；不会影响全片渲染
可直接清理,项目验收目录,/Users/eason/Desktop/wfcrl/wind farm RL/evidence/camera-video-20260919/stream-validation/synthetic-60s/master_frames/000126.png,3157,file,已结束测试的样帧、接收录像、合成输入或日志；不会影响全片渲染
可直接清理,项目验收目录,/Users/eason/Desktop/wfcrl/wind farm RL/evidence/camera-video-20260919/stream-validation/synthetic-60s/master_frames/000127.png,3166,file,已结束测试的样帧、接收录像、合成输入或日志；不会影响全片渲染
可直接清理,项目验收目录,/Users/eason/Desktop/wfcrl/wind farm RL/evidence/camera-video-20260919/stream-validation/synthetic-60s/master_frames/000128.png,3157,file,已结束测试的样帧、接收录像、合成输入或日志；不会影响全片渲染
可直接清理,项目验收目录,/Users/eason/Desktop/wfcrl/wind farm RL/evidence/camera-video-20260919/stream-validation/synthetic-60s/master_frames/000129.png,3189,file,已结束测试的样帧、接收录像、合成输入或日志；不会影响全片渲染
可直接清理,项目验收目录,/Users/eason/Desktop/wfcrl/wind farm RL/evidence/camera-video-20260919/stream-validation/synthetic-60s/master_frames/000130.png,3144,file,已结束测试的样帧、接收录像、合成输入或日志；不会影响全片渲染
可直接清理,项目验收目录,/Users/eason/Desktop/wfcrl/wind farm RL/evidence/camera-video-20260919/stream-validation/synthetic-60s/master_frames/000131.png,3098,file,已结束测试的样帧、接收录像、合成输入或日志；不会影响全片渲染
可直接清理,项目验收目录,/Users/eason/Desktop/wfcrl/wind farm RL/evidence/camera-video-20260919/stream-validation/synthetic-60s/master_frames/000132.png,3072,file,已结束测试的样帧、接收录像、合成输入或日志；不会影响全片渲染
可直接清理,项目验收目录,/Users/eason/Desktop/wfcrl/wind farm RL/evidence/camera-video-20260919/stream-validation/synthetic-60s/master_frames/000133.png,3148,file,已结束测试的样帧、接收录像、合成输入或日志；不会影响全片渲染
可直接清理,项目验收目录,/Users/eason/Desktop/wfcrl/wind farm RL/evidence/camera-video-20260919/stream-validation/synthetic-60s/master_frames/000134.png,3129,file,已结束测试的样帧、接收录像、合成输入或日志；不会影响全片渲染
可直接清理,项目验收目录,/Users/eason/Desktop/wfcrl/wind farm RL/evidence/camera-video-20260919/stream-validation/synthetic-60s/master_frames/000135.png,3161,file,已结束测试的样帧、接收录像、合成输入或日志；不会影响全片渲染
可直接清理,项目验收目录,/Users/eason/Desktop/wfcrl/wind farm RL/evidence/camera-video-20260919/stream-validation/synthetic-60s/master_frames/000136.png,3205,file,已结束测试的样帧、接收录像、合成输入或日志；不会影响全片渲染
可直接清理,项目验收目录,/Users/eason/Desktop/wfcrl/wind farm RL/evidence/camera-video-20260919/stream-validation/synthetic-60s/master_frames/000137.png,3195,file,已结束测试的样帧、接收录像、合成输入或日志；不会影响全片渲染
可直接清理,项目验收目录,/Users/eason/Desktop/wfcrl/wind farm RL/evidence/camera-video-20260919/stream-validation/synthetic-60s/master_frames/000138.png,3224,file,已结束测试的样帧、接收录像、合成输入或日志；不会影响全片渲染
可直接清理,项目验收目录,/Users/eason/Desktop/wfcrl/wind farm RL/evidence/camera-video-20260919/stream-validation/synthetic-60s/master_frames/000139.png,3242,file,已结束测试的样帧、接收录像、合成输入或日志；不会影响全片渲染
可直接清理,项目验收目录,/Users/eason/Desktop/wfcrl/wind farm RL/evidence/camera-video-20260919/stream-validation/synthetic-60s/master_frames/000140.png,3136,file,已结束测试的样帧、接收录像、合成输入或日志；不会影响全片渲染
可直接清理,项目验收目录,/Users/eason/Desktop/wfcrl/wind farm RL/evidence/camera-video-20260919/stream-validation/synthetic-60s/master_frames/000141.png,3142,file,已结束测试的样帧、接收录像、合成输入或日志；不会影响全片渲染
可直接清理,项目验收目录,/Users/eason/Desktop/wfcrl/wind farm RL/evidence/camera-video-20260919/stream-validation/synthetic-60s/master_frames/000142.png,3156,file,已结束测试的样帧、接收录像、合成输入或日志；不会影响全片渲染
可直接清理,项目验收目录,/Users/eason/Desktop/wfcrl/wind farm RL/evidence/camera-video-20260919/stream-validation/synthetic-60s/master_frames/000143.png,3172,file,已结束测试的样帧、接收录像、合成输入或日志；不会影响全片渲染
可直接清理,项目验收目录,/Users/eason/Desktop/wfcrl/wind farm RL/evidence/camera-video-20260919/stream-validation/synthetic-60s/master_frames/000144.png,3160,file,已结束测试的样帧、接收录像、合成输入或日志；不会影响全片渲染
可直接清理,项目验收目录,/Users/eason/Desktop/wfcrl/wind farm RL/evidence/camera-video-20260919/stream-validation/synthetic-60s/master_frames/000145.png,3306,file,已结束测试的样帧、接收录像、合成输入或日志；不会影响全片渲染
可直接清理,项目验收目录,/Users/eason/Desktop/wfcrl/wind farm RL/evidence/camera-video-20260919/stream-validation/synthetic-60s/master_frames/000146.png,3295,file,已结束测试的样帧、接收录像、合成输入或日志；不会影响全片渲染
可直接清理,项目验收目录,/Users/eason/Desktop/wfcrl/wind farm RL/evidence/camera-video-20260919/stream-validation/synthetic-60s/master_frames/000147.png,3315,file,已结束测试的样帧、接收录像、合成输入或日志；不会影响全片渲染
可直接清理,项目验收目录,/Users/eason/Desktop/wfcrl/wind farm RL/evidence/camera-video-20260919/stream-validation/synthetic-60s/master_frames/000148.png,3308,file,已结束测试的样帧、接收录像、合成输入或日志；不会影响全片渲染
可直接清理,项目验收目录,/Users/eason/Desktop/wfcrl/wind farm RL/evidence/camera-video-20260919/stream-validation/synthetic-60s/master_frames/000149.png,3378,file,已结束测试的样帧、接收录像、合成输入或日志；不会影响全片渲染
可直接清理,项目验收目录,/Users/eason/Desktop/wfcrl/wind farm RL/evidence/camera-video-20260919/stream-validation/synthetic-60s/master_frames/000150.png,3365,file,已结束测试的样帧、接收录像、合成输入或日志；不会影响全片渲染
可直接清理,项目验收目录,/Users/eason/Desktop/wfcrl/wind farm RL/evidence/camera-video-20260919/stream-validation/synthetic-60s/master_frames/000151.png,3389,file,已结束测试的样帧、接收录像、合成输入或日志；不会影响全片渲染
可直接清理,项目验收目录,/Users/eason/Desktop/wfcrl/wind farm RL/evidence/camera-video-20260919/stream-validation/synthetic-60s/master_frames/000152.png,3458,file,已结束测试的样帧、接收录像、合成输入或日志；不会影响全片渲染
可直接清理,项目验收目录,/Users/eason/Desktop/wfcrl/wind farm RL/evidence/camera-video-20260919/stream-validation/synthetic-60s/master_frames/000153.png,3521,file,已结束测试的样帧、接收录像、合成输入或日志；不会影响全片渲染
可直接清理,项目验收目录,/Users/eason/Desktop/wfcrl/wind farm RL/evidence/camera-video-20260919/stream-validation/synthetic-60s/master_frames/000154.png,3416,file,已结束测试的样帧、接收录像、合成输入或日志；不会影响全片渲染
可直接清理,项目验收目录,/Users/eason/Desktop/wfcrl/wind farm RL/evidence/camera-video-20260919/stream-validation/synthetic-60s/master_frames/000155.png,3449,file,已结束测试的样帧、接收录像、合成输入或日志；不会影响全片渲染
可直接清理,项目验收目录,/Users/eason/Desktop/wfcrl/wind farm RL/evidence/camera-video-20260919/stream-validation/synthetic-60s/master_frames/000156.png,3441,file,已结束测试的样帧、接收录像、合成输入或日志；不会影响全片渲染
可直接清理,项目验收目录,/Users/eason/Desktop/wfcrl/wind farm RL/evidence/camera-video-20260919/stream-validation/synthetic-60s/master_frames/000157.png,3469,file,已结束测试的样帧、接收录像、合成输入或日志；不会影响全片渲染
可直接清理,项目验收目录,/Users/eason/Desktop/wfcrl/wind farm RL/evidence/camera-video-20260919/stream-validation/synthetic-60s/master_frames/000158.png,3451,file,已结束测试的样帧、接收录像、合成输入或日志；不会影响全片渲染
可直接清理,项目验收目录,/Users/eason/Desktop/wfcrl/wind farm RL/evidence/camera-video-20260919/stream-validation/synthetic-60s/master_frames/000159.png,3405,file,已结束测试的样帧、接收录像、合成输入或日志；不会影响全片渲染
可直接清理,项目验收目录,/Users/eason/Desktop/wfcrl/wind farm RL/evidence/camera-video-20260919/stream-validation/synthetic-60s/master_frames/000160.png,3344,file,已结束测试的样帧、接收录像、合成输入或日志；不会影响全片渲染
可直接清理,项目验收目录,/Users/eason/Desktop/wfcrl/wind farm RL/evidence/camera-video-20260919/stream-validation/synthetic-60s/master_frames/000161.png,3366,file,已结束测试的样帧、接收录像、合成输入或日志；不会影响全片渲染
可直接清理,项目验收目录,/Users/eason/Desktop/wfcrl/wind farm RL/evidence/camera-video-20260919/stream-validation/synthetic-60s/master_frames/000162.png,3216,file,已结束测试的样帧、接收录像、合成输入或日志；不会影响全片渲染
可直接清理,项目验收目录,/Users/eason/Desktop/wfcrl/wind farm RL/evidence/camera-video-20260919/stream-validation/synthetic-60s/master_frames/000163.png,3281,file,已结束测试的样帧、接收录像、合成输入或日志；不会影响全片渲染
可直接清理,项目验收目录,/Users/eason/Desktop/wfcrl/wind farm RL/evidence/camera-video-20260919/stream-validation/synthetic-60s/master_frames/000164.png,3184,file,已结束测试的样帧、接收录像、合成输入或日志；不会影响全片渲染
可直接清理,项目验收目录,/Users/eason/Desktop/wfcrl/wind farm RL/evidence/camera-video-20260919/stream-validation/synthetic-60s/master_frames/000165.png,3174,file,已结束测试的样帧、接收录像、合成输入或日志；不会影响全片渲染
可直接清理,项目验收目录,/Users/eason/Desktop/wfcrl/wind farm RL/evidence/camera-video-20260919/stream-validation/synthetic-60s/master_frames/000166.png,3145,file,已结束测试的样帧、接收录像、合成输入或日志；不会影响全片渲染
可直接清理,项目验收目录,/Users/eason/Desktop/wfcrl/wind farm RL/evidence/camera-video-20260919/stream-validation/synthetic-60s/master_frames/000167.png,3081,file,已结束测试的样帧、接收录像、合成输入或日志；不会影响全片渲染
可直接清理,项目验收目录,/Users/eason/Desktop/wfcrl/wind farm RL/evidence/camera-video-20260919/stream-validation/synthetic-60s/master_frames/000168.png,3071,file,已结束测试的样帧、接收录像、合成输入或日志；不会影响全片渲染
可直接清理,项目验收目录,/Users/eason/Desktop/wfcrl/wind farm RL/evidence/camera-video-20260919/stream-validation/synthetic-60s/master_frames/000169.png,3056,file,已结束测试的样帧、接收录像、合成输入或日志；不会影响全片渲染
可直接清理,项目验收目录,/Users/eason/Desktop/wfcrl/wind farm RL/evidence/camera-video-20260919/stream-validation/synthetic-60s/master_frames/000170.png,2911,file,已结束测试的样帧、接收录像、合成输入或日志；不会影响全片渲染
可直接清理,项目验收目录,/Users/eason/Desktop/wfcrl/wind farm RL/evidence/camera-video-20260919/stream-validation/synthetic-60s/master_frames/000171.png,2943,file,已结束测试的样帧、接收录像、合成输入或日志；不会影响全片渲染
可直接清理,项目验收目录,/Users/eason/Desktop/wfcrl/wind farm RL/evidence/camera-video-20260919/stream-validation/synthetic-60s/master_frames/000172.png,2991,file,已结束测试的样帧、接收录像、合成输入或日志；不会影响全片渲染
可直接清理,项目验收目录,/Users/eason/Desktop/wfcrl/wind farm RL/evidence/camera-video-20260919/stream-validation/synthetic-60s/master_frames/000173.png,2997,file,已结束测试的样帧、接收录像、合成输入或日志；不会影响全片渲染
可直接清理,项目验收目录,/Users/eason/Desktop/wfcrl/wind farm RL/evidence/camera-video-20260919/stream-validation/synthetic-60s/master_frames/000174.png,3020,file,已结束测试的样帧、接收录像、合成输入或日志；不会影响全片渲染
可直接清理,项目验收目录,/Users/eason/Desktop/wfcrl/wind farm RL/evidence/camera-video-20260919/stream-validation/synthetic-60s/master_frames/000175.png,3000,file,已结束测试的样帧、接收录像、合成输入或日志；不会影响全片渲染
可直接清理,项目验收目录,/Users/eason/Desktop/wfcrl/wind farm RL/evidence/camera-video-20260919/stream-validation/synthetic-60s/master_frames/000176.png,3030,file,已结束测试的样帧、接收录像、合成输入或日志；不会影响全片渲染
可直接清理,项目验收目录,/Users/eason/Desktop/wfcrl/wind farm RL/evidence/camera-video-20260919/stream-validation/synthetic-60s/master_frames/000177.png,3013,file,已结束测试的样帧、接收录像、合成输入或日志；不会影响全片渲染
可直接清理,项目验收目录,/Users/eason/Desktop/wfcrl/wind farm RL/evidence/camera-video-20260919/stream-validation/synthetic-60s/master_frames/000178.png,3105,file,已结束测试的样帧、接收录像、合成输入或日志；不会影响全片渲染
可直接清理,项目验收目录,/Users/eason/Desktop/wfcrl/wind farm RL/evidence/camera-video-20260919/stream-validation/synthetic-60s/master_frames/000179.png,3158,file,已结束测试的样帧、接收录像、合成输入或日志；不会影响全片渲染
可直接清理,项目验收目录,/Users/eason/Desktop/wfcrl/wind farm RL/evidence/camera-video-20260919/stream-validation/synthetic-60s/master_frames/000180.png,3088,file,已结束测试的样帧、接收录像、合成输入或日志；不会影响全片渲染
可直接清理,项目验收目录,/Users/eason/Desktop/wfcrl/wind farm RL/evidence/camera-video-20260919/stream-validation/synthetic-60s/master_frames/000181.png,3099,file,已结束测试的样帧、接收录像、合成输入或日志；不会影响全片渲染
可直接清理,项目验收目录,/Users/eason/Desktop/wfcrl/wind farm RL/evidence/camera-video-20260919/stream-validation/synthetic-60s/master_frames/000182.png,3059,file,已结束测试的样帧、接收录像、合成输入或日志；不会影响全片渲染
可直接清理,项目验收目录,/Users/eason/Desktop/wfcrl/wind farm RL/evidence/camera-video-20260919/stream-validation/synthetic-60s/master_frames/000183.png,3051,file,已结束测试的样帧、接收录像、合成输入或日志；不会影响全片渲染
可直接清理,项目验收目录,/Users/eason/Desktop/wfcrl/wind farm RL/evidence/camera-video-20260919/stream-validation/synthetic-60s/master_frames/000184.png,3019,file,已结束测试的样帧、接收录像、合成输入或日志；不会影响全片渲染
可直接清理,项目验收目录,/Users/eason/Desktop/wfcrl/wind farm RL/evidence/camera-video-20260919/stream-validation/synthetic-60s/master_frames/000185.png,3045,file,已结束测试的样帧、接收录像、合成输入或日志；不会影响全片渲染
可直接清理,项目验收目录,/Users/eason/Desktop/wfcrl/wind farm RL/evidence/camera-video-20260919/stream-validation/synthetic-60s/master_frames/000186.png,2956,file,已结束测试的样帧、接收录像、合成输入或日志；不会影响全片渲染
可直接清理,项目验收目录,/Users/eason/Desktop/wfcrl/wind farm RL/evidence/camera-video-20260919/stream-validation/synthetic-60s/master_frames/000187.png,2995,file,已结束测试的样帧、接收录像、合成输入或日志；不会影响全片渲染
可直接清理,项目验收目录,/Users/eason/Desktop/wfcrl/wind farm RL/evidence/camera-video-20260919/stream-validation/synthetic-60s/master_frames/000188.png,3020,file,已结束测试的样帧、接收录像、合成输入或日志；不会影响全片渲染
可直接清理,项目验收目录,/Users/eason/Desktop/wfcrl/wind farm RL/evidence/camera-video-20260919/stream-validation/synthetic-60s/master_frames/000189.png,3057,file,已结束测试的样帧、接收录像、合成输入或日志；不会影响全片渲染
可直接清理,项目验收目录,/Users/eason/Desktop/wfcrl/wind farm RL/evidence/camera-video-20260919/stream-validation/synthetic-60s/master_frames/000190.png,3002,file,已结束测试的样帧、接收录像、合成输入或日志；不会影响全片渲染
可直接清理,项目验收目录,/Users/eason/Desktop/wfcrl/wind farm RL/evidence/camera-video-20260919/stream-validation/synthetic-60s/master_frames/000191.png,3033,file,已结束测试的样帧、接收录像、合成输入或日志；不会影响全片渲染
可直接清理,项目验收目录,/Users/eason/Desktop/wfcrl/wind farm RL/evidence/camera-video-20260919/stream-validation/synthetic-60s/master_frames/000192.png,3067,file,已结束测试的样帧、接收录像、合成输入或日志；不会影响全片渲染
可直接清理,项目验收目录,/Users/eason/Desktop/wfcrl/wind farm RL/evidence/camera-video-20260919/stream-validation/synthetic-60s/master_frames/000193.png,3122,file,已结束测试的样帧、接收录像、合成输入或日志；不会影响全片渲染
可直接清理,项目验收目录,/Users/eason/Desktop/wfcrl/wind farm RL/evidence/camera-video-20260919/stream-validation/synthetic-60s/master_frames/000194.png,3042,file,已结束测试的样帧、接收录像、合成输入或日志；不会影响全片渲染
可直接清理,项目验收目录,/Users/eason/Desktop/wfcrl/wind farm RL/evidence/camera-video-20260919/stream-validation/synthetic-60s/master_frames/000195.png,3098,file,已结束测试的样帧、接收录像、合成输入或日志；不会影响全片渲染
可直接清理,项目验收目录,/Users/eason/Desktop/wfcrl/wind farm RL/evidence/camera-video-20260919/stream-validation/synthetic-60s/master_frames/000196.png,3078,file,已结束测试的样帧、接收录像、合成输入或日志；不会影响全片渲染
可直接清理,项目验收目录,/Users/eason/Desktop/wfcrl/wind farm RL/evidence/camera-video-20260919/stream-validation/synthetic-60s/master_frames/000197.png,3088,file,已结束测试的样帧、接收录像、合成输入或日志；不会影响全片渲染
可直接清理,项目验收目录,/Users/eason/Desktop/wfcrl/wind farm RL/evidence/camera-video-20260919/stream-validation/synthetic-60s/master_frames/000198.png,3104,file,已结束测试的样帧、接收录像、合成输入或日志；不会影响全片渲染
可直接清理,项目验收目录,/Users/eason/Desktop/wfcrl/wind farm RL/evidence/camera-video-20260919/stream-validation/synthetic-60s/master_frames/000199.png,3142,file,已结束测试的样帧、接收录像、合成输入或日志；不会影响全片渲染
可直接清理,项目验收目录,/Users/eason/Desktop/wfcrl/wind farm RL/evidence/camera-video-20260919/stream-validation/synthetic-60s/master_frames/000200.png,2935,file,已结束测试的样帧、接收录像、合成输入或日志；不会影响全片渲染
可直接清理,项目验收目录,/Users/eason/Desktop/wfcrl/wind farm RL/evidence/camera-video-20260919/stream-validation/synthetic-60s/master_frames/000201.png,3015,file,已结束测试的样帧、接收录像、合成输入或日志；不会影响全片渲染
可直接清理,项目验收目录,/Users/eason/Desktop/wfcrl/wind farm RL/evidence/camera-video-20260919/stream-validation/synthetic-60s/master_frames/000202.png,3035,file,已结束测试的样帧、接收录像、合成输入或日志；不会影响全片渲染
可直接清理,项目验收目录,/Users/eason/Desktop/wfcrl/wind farm RL/evidence/camera-video-20260919/stream-validation/synthetic-60s/master_frames/000203.png,3142,file,已结束测试的样帧、接收录像、合成输入或日志；不会影响全片渲染
可直接清理,项目验收目录,/Users/eason/Desktop/wfcrl/wind farm RL/evidence/camera-video-20260919/stream-validation/synthetic-60s/master_frames/000204.png,3075,file,已结束测试的样帧、接收录像、合成输入或日志；不会影响全片渲染
可直接清理,项目验收目录,/Users/eason/Desktop/wfcrl/wind farm RL/evidence/camera-video-20260919/stream-validation/synthetic-60s/master_frames/000205.png,3176,file,已结束测试的样帧、接收录像、合成输入或日志；不会影响全片渲染
可直接清理,项目验收目录,/Users/eason/Desktop/wfcrl/wind farm RL/evidence/camera-video-20260919/stream-validation/synthetic-60s/master_frames/000206.png,3106,file,已结束测试的样帧、接收录像、合成输入或日志；不会影响全片渲染
可直接清理,项目验收目录,/Users/eason/Desktop/wfcrl/wind farm RL/evidence/camera-video-20260919/stream-validation/synthetic-60s/master_frames/000207.png,3114,file,已结束测试的样帧、接收录像、合成输入或日志；不会影响全片渲染
可直接清理,项目验收目录,/Users/eason/Desktop/wfcrl/wind farm RL/evidence/camera-video-20260919/stream-validation/synthetic-60s/master_frames/000208.png,3163,file,已结束测试的样帧、接收录像、合成输入或日志；不会影响全片渲染
可直接清理,项目验收目录,/Users/eason/Desktop/wfcrl/wind farm RL/evidence/camera-video-20260919/stream-validation/synthetic-60s/master_frames/000209.png,3211,file,已结束测试的样帧、接收录像、合成输入或日志；不会影响全片渲染
可直接清理,项目验收目录,/Users/eason/Desktop/wfcrl/wind farm RL/evidence/camera-video-20260919/stream-validation/synthetic-60s/master_frames/000210.png,3106,file,已结束测试的样帧、接收录像、合成输入或日志；不会影响全片渲染
可直接清理,项目验收目录,/Users/eason/Desktop/wfcrl/wind farm RL/evidence/camera-video-20260919/stream-validation/synthetic-60s/master_frames/000211.png,3134,file,已结束测试的样帧、接收录像、合成输入或日志；不会影响全片渲染
可直接清理,项目验收目录,/Users/eason/Desktop/wfcrl/wind farm RL/evidence/camera-video-20260919/stream-validation/synthetic-60s/master_frames/000212.png,3129,file,已结束测试的样帧、接收录像、合成输入或日志；不会影响全片渲染
可直接清理,项目验收目录,/Users/eason/Desktop/wfcrl/wind farm RL/evidence/camera-video-20260919/stream-validation/synthetic-60s/master_frames/000213.png,3176,file,已结束测试的样帧、接收录像、合成输入或日志；不会影响全片渲染
可直接清理,项目验收目录,/Users/eason/Desktop/wfcrl/wind farm RL/evidence/camera-video-20260919/stream-validation/synthetic-60s/master_frames/000214.png,3115,file,已结束测试的样帧、接收录像、合成输入或日志；不会影响全片渲染
可直接清理,项目验收目录,/Users/eason/Desktop/wfcrl/wind farm RL/evidence/camera-video-20260919/stream-validation/synthetic-60s/master_frames/000215.png,3180,file,已结束测试的样帧、接收录像、合成输入或日志；不会影响全片渲染
可直接清理,项目验收目录,/Users/eason/Desktop/wfcrl/wind farm RL/evidence/camera-video-20260919/stream-validation/synthetic-60s/master_frames/000216.png,3158,file,已结束测试的样帧、接收录像、合成输入或日志；不会影响全片渲染
可直接清理,项目验收目录,/Users/eason/Desktop/wfcrl/wind farm RL/evidence/camera-video-20260919/stream-validation/synthetic-60s/master_frames/000217.png,3165,file,已结束测试的样帧、接收录像、合成输入或日志；不会影响全片渲染
可直接清理,项目验收目录,/Users/eason/Desktop/wfcrl/wind farm RL/evidence/camera-video-20260919/stream-validation/synthetic-60s/master_frames/000218.png,3195,file,已结束测试的样帧、接收录像、合成输入或日志；不会影响全片渲染
可直接清理,项目验收目录,/Users/eason/Desktop/wfcrl/wind farm RL/evidence/camera-video-20260919/stream-validation/synthetic-60s/master_frames/000219.png,3238,file,已结束测试的样帧、接收录像、合成输入或日志；不会影响全片渲染
可直接清理,项目验收目录,/Users/eason/Desktop/wfcrl/wind farm RL/evidence/camera-video-20260919/stream-validation/synthetic-60s/master_frames/000220.png,3213,file,已结束测试的样帧、接收录像、合成输入或日志；不会影响全片渲染
可直接清理,项目验收目录,/Users/eason/Desktop/wfcrl/wind farm RL/evidence/camera-video-20260919/stream-validation/synthetic-60s/master_frames/000221.png,3177,file,已结束测试的样帧、接收录像、合成输入或日志；不会影响全片渲染
可直接清理,项目验收目录,/Users/eason/Desktop/wfcrl/wind farm RL/evidence/camera-video-20260919/stream-validation/synthetic-60s/master_frames/000222.png,3147,file,已结束测试的样帧、接收录像、合成输入或日志；不会影响全片渲染
可直接清理,项目验收目录,/Users/eason/Desktop/wfcrl/wind farm RL/evidence/camera-video-20260919/stream-validation/synthetic-60s/master_frames/000223.png,3199,file,已结束测试的样帧、接收录像、合成输入或日志；不会影响全片渲染
可直接清理,项目验收目录,/Users/eason/Desktop/wfcrl/wind farm RL/evidence/camera-video-20260919/stream-validation/synthetic-60s/master_frames/000224.png,3284,file,已结束测试的样帧、接收录像、合成输入或日志；不会影响全片渲染
可直接清理,项目验收目录,/Users/eason/Desktop/wfcrl/wind farm RL/evidence/camera-video-20260919/stream-validation/synthetic-60s/master_frames/000225.png,3331,file,已结束测试的样帧、接收录像、合成输入或日志；不会影响全片渲染
可直接清理,项目验收目录,/Users/eason/Desktop/wfcrl/wind farm RL/evidence/camera-video-20260919/stream-validation/synthetic-60s/master_frames/000226.png,3325,file,已结束测试的样帧、接收录像、合成输入或日志；不会影响全片渲染
可直接清理,项目验收目录,/Users/eason/Desktop/wfcrl/wind farm RL/evidence/camera-video-20260919/stream-validation/synthetic-60s/master_frames/000227.png,3332,file,已结束测试的样帧、接收录像、合成输入或日志；不会影响全片渲染
可直接清理,项目验收目录,/Users/eason/Desktop/wfcrl/wind farm RL/evidence/camera-video-20260919/stream-validation/synthetic-60s/master_frames/000228.png,3353,file,已结束测试的样帧、接收录像、合成输入或日志；不会影响全片渲染
可直接清理,项目验收目录,/Users/eason/Desktop/wfcrl/wind farm RL/evidence/camera-video-20260919/stream-validation/synthetic-60s/master_frames/000229.png,3365,file,已结束测试的样帧、接收录像、合成输入或日志；不会影响全片渲染
可直接清理,项目验收目录,/Users/eason/Desktop/wfcrl/wind farm RL/evidence/camera-video-20260919/stream-validation/synthetic-60s/master_frames/000230.png,3370,file,已结束测试的样帧、接收录像、合成输入或日志；不会影响全片渲染
可直接清理,项目验收目录,/Users/eason/Desktop/wfcrl/wind farm RL/evidence/camera-video-20260919/stream-validation/synthetic-60s/master_frames/000231.png,3378,file,已结束测试的样帧、接收录像、合成输入或日志；不会影响全片渲染
可直接清理,项目验收目录,/Users/eason/Desktop/wfcrl/wind farm RL/evidence/camera-video-20260919/stream-validation/synthetic-60s/master_frames/000232.png,3455,file,已结束测试的样帧、接收录像、合成输入或日志；不会影响全片渲染
可直接清理,项目验收目录,/Users/eason/Desktop/wfcrl/wind farm RL/evidence/camera-video-20260919/stream-validation/synthetic-60s/master_frames/000233.png,3507,file,已结束测试的样帧、接收录像、合成输入或日志；不会影响全片渲染
可直接清理,项目验收目录,/Users/eason/Desktop/wfcrl/wind farm RL/evidence/camera-video-20260919/stream-validation/synthetic-60s/master_frames/000234.png,3402,file,已结束测试的样帧、接收录像、合成输入或日志；不会影响全片渲染
可直接清理,项目验收目录,/Users/eason/Desktop/wfcrl/wind farm RL/evidence/camera-video-20260919/stream-validation/synthetic-60s/master_frames/000235.png,3387,file,已结束测试的样帧、接收录像、合成输入或日志；不会影响全片渲染
可直接清理,项目验收目录,/Users/eason/Desktop/wfcrl/wind farm RL/evidence/camera-video-20260919/stream-validation/synthetic-60s/master_frames/000236.png,3461,file,已结束测试的样帧、接收录像、合成输入或日志；不会影响全片渲染
可直接清理,项目验收目录,/Users/eason/Desktop/wfcrl/wind farm RL/evidence/camera-video-20260919/stream-validation/synthetic-60s/master_frames/000237.png,3473,file,已结束测试的样帧、接收录像、合成输入或日志；不会影响全片渲染
可直接清理,项目验收目录,/Users/eason/Desktop/wfcrl/wind farm RL/evidence/camera-video-20260919/stream-validation/synthetic-60s/master_frames/000238.png,3452,file,已结束测试的样帧、接收录像、合成输入或日志；不会影响全片渲染
可直接清理,项目验收目录,/Users/eason/Desktop/wfcrl/wind farm RL/evidence/camera-video-20260919/stream-validation/synthetic-60s/master_frames/000239.png,3435,file,已结束测试的样帧、接收录像、合成输入或日志；不会影响全片渲染
可直接清理,项目验收目录,/Users/eason/Desktop/wfcrl/wind farm RL/evidence/camera-video-20260919/stream-validation/synthetic-60s/master_frames/000240.png,3378,file,已结束测试的样帧、接收录像、合成输入或日志；不会影响全片渲染
可直接清理,项目验收目录,/Users/eason/Desktop/wfcrl/wind farm RL/evidence/camera-video-20260919/stream-validation/synthetic-60s/master_frames/000241.png,3349,file,已结束测试的样帧、接收录像、合成输入或日志；不会影响全片渲染
可直接清理,项目验收目录,/Users/eason/Desktop/wfcrl/wind farm RL/evidence/camera-video-20260919/stream-validation/synthetic-60s/master_frames/000242.png,3237,file,已结束测试的样帧、接收录像、合成输入或日志；不会影响全片渲染
可直接清理,项目验收目录,/Users/eason/Desktop/wfcrl/wind farm RL/evidence/camera-video-20260919/stream-validation/synthetic-60s/master_frames/000243.png,3297,file,已结束测试的样帧、接收录像、合成输入或日志；不会影响全片渲染
可直接清理,项目验收目录,/Users/eason/Desktop/wfcrl/wind farm RL/evidence/camera-video-20260919/stream-validation/synthetic-60s/master_frames/000244.png,3131,file,已结束测试的样帧、接收录像、合成输入或日志；不会影响全片渲染
可直接清理,项目验收目录,/Users/eason/Desktop/wfcrl/wind farm RL/evidence/camera-video-20260919/stream-validation/synthetic-60s/master_frames/000245.png,3105,file,已结束测试的样帧、接收录像、合成输入或日志；不会影响全片渲染
可直接清理,项目验收目录,/Users/eason/Desktop/wfcrl/wind farm RL/evidence/camera-video-20260919/stream-validation/synthetic-60s/master_frames/000246.png,3150,file,已结束测试的样帧、接收录像、合成输入或日志；不会影响全片渲染
可直接清理,项目验收目录,/Users/eason/Desktop/wfcrl/wind farm RL/evidence/camera-video-20260919/stream-validation/synthetic-60s/master_frames/000247.png,3175,file,已结束测试的样帧、接收录像、合成输入或日志；不会影响全片渲染
可直接清理,项目验收目录,/Users/eason/Desktop/wfcrl/wind farm RL/evidence/camera-video-20260919/stream-validation/synthetic-60s/master_frames/000248.png,3134,file,已结束测试的样帧、接收录像、合成输入或日志；不会影响全片渲染
可直接清理,项目验收目录,/Users/eason/Desktop/wfcrl/wind farm RL/evidence/camera-video-20260919/stream-validation/synthetic-60s/master_frames/000249.png,3195,file,已结束测试的样帧、接收录像、合成输入或日志；不会影响全片渲染
可直接清理,项目验收目录,/Users/eason/Desktop/wfcrl/wind farm RL/evidence/camera-video-20260919/stream-validation/synthetic-60s/master_frames/000250.png,3154,file,已结束测试的样帧、接收录像、合成输入或日志；不会影响全片渲染
可直接清理,项目验收目录,/Users/eason/Desktop/wfcrl/wind farm RL/evidence/camera-video-20260919/stream-validation/synthetic-60s/master_frames/000251.png,3164,file,已结束测试的样帧、接收录像、合成输入或日志；不会影响全片渲染
可直接清理,项目验收目录,/Users/eason/Desktop/wfcrl/wind farm RL/evidence/camera-video-20260919/stream-validation/synthetic-60s/master_frames/000252.png,3116,file,已结束测试的样帧、接收录像、合成输入或日志；不会影响全片渲染
可直接清理,项目验收目录,/Users/eason/Desktop/wfcrl/wind farm RL/evidence/camera-video-20260919/stream-validation/synthetic-60s/master_frames/000253.png,3144,file,已结束测试的样帧、接收录像、合成输入或日志；不会影响全片渲染
可直接清理,项目验收目录,/Users/eason/Desktop/wfcrl/wind farm RL/evidence/camera-video-20260919/stream-validation/synthetic-60s/master_frames/000254.png,3122,file,已结束测试的样帧、接收录像、合成输入或日志；不会影响全片渲染
可直接清理,项目验收目录,/Users/eason/Desktop/wfcrl/wind farm RL/evidence/camera-video-20260919/stream-validation/synthetic-60s/master_frames/000255.png,3119,file,已结束测试的样帧、接收录像、合成输入或日志；不会影响全片渲染
可直接清理,项目验收目录,/Users/eason/Desktop/wfcrl/wind farm RL/evidence/camera-video-20260919/stream-validation/synthetic-60s/master_frames/000256.png,3096,file,已结束测试的样帧、接收录像、合成输入或日志；不会影响全片渲染
可直接清理,项目验收目录,/Users/eason/Desktop/wfcrl/wind farm RL/evidence/camera-video-20260919/stream-validation/synthetic-60s/master_frames/000257.png,3110,file,已结束测试的样帧、接收录像、合成输入或日志；不会影响全片渲染
可直接清理,项目验收目录,/Users/eason/Desktop/wfcrl/wind farm RL/evidence/camera-video-20260919/stream-validation/synthetic-60s/master_frames/000258.png,3124,file,已结束测试的样帧、接收录像、合成输入或日志；不会影响全片渲染
可直接清理,项目验收目录,/Users/eason/Desktop/wfcrl/wind farm RL/evidence/camera-video-20260919/stream-validation/synthetic-60s/master_frames/000259.png,3113,file,已结束测试的样帧、接收录像、合成输入或日志；不会影响全片渲染
可直接清理,项目验收目录,/Users/eason/Desktop/wfcrl/wind farm RL/evidence/camera-video-20260919/stream-validation/synthetic-60s/master_frames/000260.png,3010,file,已结束测试的样帧、接收录像、合成输入或日志；不会影响全片渲染
可直接清理,项目验收目录,/Users/eason/Desktop/wfcrl/wind farm RL/evidence/camera-video-20260919/stream-validation/synthetic-60s/master_frames/000261.png,3093,file,已结束测试的样帧、接收录像、合成输入或日志；不会影响全片渲染
可直接清理,项目验收目录,/Users/eason/Desktop/wfcrl/wind farm RL/evidence/camera-video-20260919/stream-validation/synthetic-60s/master_frames/000262.png,3097,file,已结束测试的样帧、接收录像、合成输入或日志；不会影响全片渲染
可直接清理,项目验收目录,/Users/eason/Desktop/wfcrl/wind farm RL/evidence/camera-video-20260919/stream-validation/synthetic-60s/master_frames/000263.png,3079,file,已结束测试的样帧、接收录像、合成输入或日志；不会影响全片渲染
可直接清理,项目验收目录,/Users/eason/Desktop/wfcrl/wind farm RL/evidence/camera-video-20260919/stream-validation/synthetic-60s/master_frames/000264.png,2935,file,已结束测试的样帧、接收录像、合成输入或日志；不会影响全片渲染
可直接清理,项目验收目录,/Users/eason/Desktop/wfcrl/wind farm RL/evidence/camera-video-20260919/stream-validation/synthetic-60s/master_frames/000265.png,2941,file,已结束测试的样帧、接收录像、合成输入或日志；不会影响全片渲染
可直接清理,项目验收目录,/Users/eason/Desktop/wfcrl/wind farm RL/evidence/camera-video-20260919/stream-validation/synthetic-60s/master_frames/000266.png,2887,file,已结束测试的样帧、接收录像、合成输入或日志；不会影响全片渲染
可直接清理,项目验收目录,/Users/eason/Desktop/wfcrl/wind farm RL/evidence/camera-video-20260919/stream-validation/synthetic-60s/master_frames/000267.png,2892,file,已结束测试的样帧、接收录像、合成输入或日志；不会影响全片渲染
可直接清理,项目验收目录,/Users/eason/Desktop/wfcrl/wind farm RL/evidence/camera-video-20260919/stream-validation/synthetic-60s/master_frames/000268.png,2886,file,已结束测试的样帧、接收录像、合成输入或日志；不会影响全片渲染
可直接清理,项目验收目录,/Users/eason/Desktop/wfcrl/wind farm RL/evidence/camera-video-20260919/stream-validation/synthetic-60s/master_frames/000269.png,2925,file,已结束测试的样帧、接收录像、合成输入或日志；不会影响全片渲染
可直接清理,项目验收目录,/Users/eason/Desktop/wfcrl/wind farm RL/evidence/camera-video-20260919/stream-validation/synthetic-60s/master_frames/000270.png,2768,file,已结束测试的样帧、接收录像、合成输入或日志；不会影响全片渲染
可直接清理,项目验收目录,/Users/eason/Desktop/wfcrl/wind farm RL/evidence/camera-video-20260919/stream-validation/synthetic-60s/master_frames/000271.png,2816,file,已结束测试的样帧、接收录像、合成输入或日志；不会影响全片渲染
可直接清理,项目验收目录,/Users/eason/Desktop/wfcrl/wind farm RL/evidence/camera-video-20260919/stream-validation/synthetic-60s/master_frames/000272.png,2836,file,已结束测试的样帧、接收录像、合成输入或日志；不会影响全片渲染
可直接清理,项目验收目录,/Users/eason/Desktop/wfcrl/wind farm RL/evidence/camera-video-20260919/stream-validation/synthetic-60s/master_frames/000273.png,2967,file,已结束测试的样帧、接收录像、合成输入或日志；不会影响全片渲染
可直接清理,项目验收目录,/Users/eason/Desktop/wfcrl/wind farm RL/evidence/camera-video-20260919/stream-validation/synthetic-60s/master_frames/000274.png,2884,file,已结束测试的样帧、接收录像、合成输入或日志；不会影响全片渲染
可直接清理,项目验收目录,/Users/eason/Desktop/wfcrl/wind farm RL/evidence/camera-video-20260919/stream-validation/synthetic-60s/master_frames/000275.png,2939,file,已结束测试的样帧、接收录像、合成输入或日志；不会影响全片渲染
可直接清理,项目验收目录,/Users/eason/Desktop/wfcrl/wind farm RL/evidence/camera-video-20260919/stream-validation/synthetic-60s/master_frames/000276.png,2971,file,已结束测试的样帧、接收录像、合成输入或日志；不会影响全片渲染
可直接清理,项目验收目录,/Users/eason/Desktop/wfcrl/wind farm RL/evidence/camera-video-20260919/stream-validation/synthetic-60s/master_frames/000277.png,2938,file,已结束测试的样帧、接收录像、合成输入或日志；不会影响全片渲染
可直接清理,项目验收目录,/Users/eason/Desktop/wfcrl/wind farm RL/evidence/camera-video-20260919/stream-validation/synthetic-60s/master_frames/000278.png,3018,file,已结束测试的样帧、接收录像、合成输入或日志；不会影响全片渲染
可直接清理,项目验收目录,/Users/eason/Desktop/wfcrl/wind farm RL/evidence/camera-video-20260919/stream-validation/synthetic-60s/master_frames/000279.png,3036,file,已结束测试的样帧、接收录像、合成输入或日志；不会影响全片渲染
可直接清理,项目验收目录,/Users/eason/Desktop/wfcrl/wind farm RL/evidence/camera-video-20260919/stream-validation/synthetic-60s/master_frames/000280.png,3016,file,已结束测试的样帧、接收录像、合成输入或日志；不会影响全片渲染
可直接清理,项目验收目录,/Users/eason/Desktop/wfcrl/wind farm RL/evidence/camera-video-20260919/stream-validation/synthetic-60s/master_frames/000281.png,3069,file,已结束测试的样帧、接收录像、合成输入或日志；不会影响全片渲染
可直接清理,项目验收目录,/Users/eason/Desktop/wfcrl/wind farm RL/evidence/camera-video-20260919/stream-validation/synthetic-60s/master_frames/000282.png,3021,file,已结束测试的样帧、接收录像、合成输入或日志；不会影响全片渲染
可直接清理,项目验收目录,/Users/eason/Desktop/wfcrl/wind farm RL/evidence/camera-video-20260919/stream-validation/synthetic-60s/master_frames/000283.png,3078,file,已结束测试的样帧、接收录像、合成输入或日志；不会影响全片渲染
可直接清理,项目验收目录,/Users/eason/Desktop/wfcrl/wind farm RL/evidence/camera-video-20260919/stream-validation/synthetic-60s/master_frames/000284.png,3037,file,已结束测试的样帧、接收录像、合成输入或日志；不会影响全片渲染
可直接清理,项目验收目录,/Users/eason/Desktop/wfcrl/wind farm RL/evidence/camera-video-20260919/stream-validation/synthetic-60s/master_frames/000285.png,3129,file,已结束测试的样帧、接收录像、合成输入或日志；不会影响全片渲染
可直接清理,项目验收目录,/Users/eason/Desktop/wfcrl/wind farm RL/evidence/camera-video-20260919/stream-validation/synthetic-60s/master_frames/000286.png,3124,file,已结束测试的样帧、接收录像、合成输入或日志；不会影响全片渲染
可直接清理,项目验收目录,/Users/eason/Desktop/wfcrl/wind farm RL/evidence/camera-video-20260919/stream-validation/synthetic-60s/master_frames/000287.png,3099,file,已结束测试的样帧、接收录像、合成输入或日志；不会影响全片渲染
可直接清理,项目验收目录,/Users/eason/Desktop/wfcrl/wind farm RL/evidence/camera-video-20260919/stream-validation/synthetic-60s/master_frames/000288.png,3070,file,已结束测试的样帧、接收录像、合成输入或日志；不会影响全片渲染
可直接清理,项目验收目录,/Users/eason/Desktop/wfcrl/wind farm RL/evidence/camera-video-20260919/stream-validation/synthetic-60s/master_frames/000289.png,3150,file,已结束测试的样帧、接收录像、合成输入或日志；不会影响全片渲染
可直接清理,项目验收目录,/Users/eason/Desktop/wfcrl/wind farm RL/evidence/camera-video-20260919/stream-validation/synthetic-60s/master_frames/000290.png,3120,file,已结束测试的样帧、接收录像、合成输入或日志；不会影响全片渲染
可直接清理,项目验收目录,/Users/eason/Desktop/wfcrl/wind farm RL/evidence/camera-video-20260919/stream-validation/synthetic-60s/master_frames/000291.png,3107,file,已结束测试的样帧、接收录像、合成输入或日志；不会影响全片渲染
可直接清理,项目验收目录,/Users/eason/Desktop/wfcrl/wind farm RL/evidence/camera-video-20260919/stream-validation/synthetic-60s/master_frames/000292.png,3115,file,已结束测试的样帧、接收录像、合成输入或日志；不会影响全片渲染
可直接清理,项目验收目录,/Users/eason/Desktop/wfcrl/wind farm RL/evidence/camera-video-20260919/stream-validation/synthetic-60s/master_frames/000293.png,3188,file,已结束测试的样帧、接收录像、合成输入或日志；不会影响全片渲染
可直接清理,项目验收目录,/Users/eason/Desktop/wfcrl/wind farm RL/evidence/camera-video-20260919/stream-validation/synthetic-60s/master_frames/000294.png,3104,file,已结束测试的样帧、接收录像、合成输入或日志；不会影响全片渲染
可直接清理,项目验收目录,/Users/eason/Desktop/wfcrl/wind farm RL/evidence/camera-video-20260919/stream-validation/synthetic-60s/master_frames/000295.png,3164,file,已结束测试的样帧、接收录像、合成输入或日志；不会影响全片渲染
可直接清理,项目验收目录,/Users/eason/Desktop/wfcrl/wind farm RL/evidence/camera-video-20260919/stream-validation/synthetic-60s/master_frames/000296.png,3166,file,已结束测试的样帧、接收录像、合成输入或日志；不会影响全片渲染
可直接清理,项目验收目录,/Users/eason/Desktop/wfcrl/wind farm RL/evidence/camera-video-20260919/stream-validation/synthetic-60s/master_frames/000297.png,3149,file,已结束测试的样帧、接收录像、合成输入或日志；不会影响全片渲染
可直接清理,项目验收目录,/Users/eason/Desktop/wfcrl/wind farm RL/evidence/camera-video-20260919/stream-validation/synthetic-60s/master_frames/000298.png,3197,file,已结束测试的样帧、接收录像、合成输入或日志；不会影响全片渲染
可直接清理,项目验收目录,/Users/eason/Desktop/wfcrl/wind farm RL/evidence/camera-video-20260919/stream-validation/synthetic-60s/master_frames/000299.png,3220,file,已结束测试的样帧、接收录像、合成输入或日志；不会影响全片渲染
可直接清理,项目验收目录,/Users/eason/Desktop/wfcrl/wind farm RL/evidence/camera-video-20260919/stream-validation/synthetic-60s/master_frames/000300.png,3172,file,已结束测试的样帧、接收录像、合成输入或日志；不会影响全片渲染
可直接清理,项目验收目录,/Users/eason/Desktop/wfcrl/wind farm RL/evidence/camera-video-20260919/stream-validation/synthetic-60s/master_frames/000301.png,3217,file,已结束测试的样帧、接收录像、合成输入或日志；不会影响全片渲染
可直接清理,项目验收目录,/Users/eason/Desktop/wfcrl/wind farm RL/evidence/camera-video-20260919/stream-validation/synthetic-60s/master_frames/000302.png,3172,file,已结束测试的样帧、接收录像、合成输入或日志；不会影响全片渲染
可直接清理,项目验收目录,/Users/eason/Desktop/wfcrl/wind farm RL/evidence/camera-video-20260919/stream-validation/synthetic-60s/master_frames/000303.png,3224,file,已结束测试的样帧、接收录像、合成输入或日志；不会影响全片渲染
可直接清理,项目验收目录,/Users/eason/Desktop/wfcrl/wind farm RL/evidence/camera-video-20260919/stream-validation/synthetic-60s/master_frames/000304.png,3291,file,已结束测试的样帧、接收录像、合成输入或日志；不会影响全片渲染
可直接清理,项目验收目录,/Users/eason/Desktop/wfcrl/wind farm RL/evidence/camera-video-20260919/stream-validation/synthetic-60s/master_frames/000305.png,3308,file,已结束测试的样帧、接收录像、合成输入或日志；不会影响全片渲染
可直接清理,项目验收目录,/Users/eason/Desktop/wfcrl/wind farm RL/evidence/camera-video-20260919/stream-validation/synthetic-60s/master_frames/000306.png,3314,file,已结束测试的样帧、接收录像、合成输入或日志；不会影响全片渲染
可直接清理,项目验收目录,/Users/eason/Desktop/wfcrl/wind farm RL/evidence/camera-video-20260919/stream-validation/synthetic-60s/master_frames/000307.png,3330,file,已结束测试的样帧、接收录像、合成输入或日志；不会影响全片渲染
可直接清理,项目验收目录,/Users/eason/Desktop/wfcrl/wind farm RL/evidence/camera-video-20260919/stream-validation/synthetic-60s/master_frames/000308.png,3325,file,已结束测试的样帧、接收录像、合成输入或日志；不会影响全片渲染
可直接清理,项目验收目录,/Users/eason/Desktop/wfcrl/wind farm RL/evidence/camera-video-20260919/stream-validation/synthetic-60s/master_frames/000309.png,3407,file,已结束测试的样帧、接收录像、合成输入或日志；不会影响全片渲染
可直接清理,项目验收目录,/Users/eason/Desktop/wfcrl/wind farm RL/evidence/camera-video-20260919/stream-validation/synthetic-60s/master_frames/000310.png,3390,file,已结束测试的样帧、接收录像、合成输入或日志；不会影响全片渲染
可直接清理,项目验收目录,/Users/eason/Desktop/wfcrl/wind farm RL/evidence/camera-video-20260919/stream-validation/synthetic-60s/master_frames/000311.png,3425,file,已结束测试的样帧、接收录像、合成输入或日志；不会影响全片渲染
可直接清理,项目验收目录,/Users/eason/Desktop/wfcrl/wind farm RL/evidence/camera-video-20260919/stream-validation/synthetic-60s/master_frames/000312.png,3428,file,已结束测试的样帧、接收录像、合成输入或日志；不会影响全片渲染
可直接清理,项目验收目录,/Users/eason/Desktop/wfcrl/wind farm RL/evidence/camera-video-20260919/stream-validation/synthetic-60s/master_frames/000313.png,3497,file,已结束测试的样帧、接收录像、合成输入或日志；不会影响全片渲染
可直接清理,项目验收目录,/Users/eason/Desktop/wfcrl/wind farm RL/evidence/camera-video-20260919/stream-validation/synthetic-60s/master_frames/000314.png,3434,file,已结束测试的样帧、接收录像、合成输入或日志；不会影响全片渲染
可直接清理,项目验收目录,/Users/eason/Desktop/wfcrl/wind farm RL/evidence/camera-video-20260919/stream-validation/synthetic-60s/master_frames/000315.png,3469,file,已结束测试的样帧、接收录像、合成输入或日志；不会影响全片渲染
可直接清理,项目验收目录,/Users/eason/Desktop/wfcrl/wind farm RL/evidence/camera-video-20260919/stream-validation/synthetic-60s/master_frames/000316.png,3463,file,已结束测试的样帧、接收录像、合成输入或日志；不会影响全片渲染
可直接清理,项目验收目录,/Users/eason/Desktop/wfcrl/wind farm RL/evidence/camera-video-20260919/stream-validation/synthetic-60s/master_frames/000317.png,3484,file,已结束测试的样帧、接收录像、合成输入或日志；不会影响全片渲染
可直接清理,项目验收目录,/Users/eason/Desktop/wfcrl/wind farm RL/evidence/camera-video-20260919/stream-validation/synthetic-60s/master_frames/000318.png,3526,file,已结束测试的样帧、接收录像、合成输入或日志；不会影响全片渲染
可直接清理,项目验收目录,/Users/eason/Desktop/wfcrl/wind farm RL/evidence/camera-video-20260919/stream-validation/synthetic-60s/master_frames/000319.png,3519,file,已结束测试的样帧、接收录像、合成输入或日志；不会影响全片渲染
可直接清理,项目验收目录,/Users/eason/Desktop/wfcrl/wind farm RL/evidence/camera-video-20260919/stream-validation/synthetic-60s/master_frames/000320.png,3394,file,已结束测试的样帧、接收录像、合成输入或日志；不会影响全片渲染
可直接清理,项目验收目录,/Users/eason/Desktop/wfcrl/wind farm RL/evidence/camera-video-20260919/stream-validation/synthetic-60s/master_frames/000321.png,3432,file,已结束测试的样帧、接收录像、合成输入或日志；不会影响全片渲染
可直接清理,项目验收目录,/Users/eason/Desktop/wfcrl/wind farm RL/evidence/camera-video-20260919/stream-validation/synthetic-60s/master_frames/000322.png,3364,file,已结束测试的样帧、接收录像、合成输入或日志；不会影响全片渲染
可直接清理,项目验收目录,/Users/eason/Desktop/wfcrl/wind farm RL/evidence/camera-video-20260919/stream-validation/synthetic-60s/master_frames/000323.png,3373,file,已结束测试的样帧、接收录像、合成输入或日志；不会影响全片渲染
可直接清理,项目验收目录,/Users/eason/Desktop/wfcrl/wind farm RL/evidence/camera-video-20260919/stream-validation/synthetic-60s/master_frames/000324.png,3234,file,已结束测试的样帧、接收录像、合成输入或日志；不会影响全片渲染
可直接清理,项目验收目录,/Users/eason/Desktop/wfcrl/wind farm RL/evidence/camera-video-20260919/stream-validation/synthetic-60s/master_frames/000325.png,3249,file,已结束测试的样帧、接收录像、合成输入或日志；不会影响全片渲染
可直接清理,项目验收目录,/Users/eason/Desktop/wfcrl/wind farm RL/evidence/camera-video-20260919/stream-validation/synthetic-60s/master_frames/000326.png,3234,file,已结束测试的样帧、接收录像、合成输入或日志；不会影响全片渲染
可直接清理,项目验收目录,/Users/eason/Desktop/wfcrl/wind farm RL/evidence/camera-video-20260919/stream-validation/synthetic-60s/master_frames/000327.png,3177,file,已结束测试的样帧、接收录像、合成输入或日志；不会影响全片渲染
可直接清理,项目验收目录,/Users/eason/Desktop/wfcrl/wind farm RL/evidence/camera-video-20260919/stream-validation/synthetic-60s/master_frames/000328.png,3243,file,已结束测试的样帧、接收录像、合成输入或日志；不会影响全片渲染
可直接清理,项目验收目录,/Users/eason/Desktop/wfcrl/wind farm RL/evidence/camera-video-20260919/stream-validation/synthetic-60s/master_frames/000329.png,3229,file,已结束测试的样帧、接收录像、合成输入或日志；不会影响全片渲染
可直接清理,项目验收目录,/Users/eason/Desktop/wfcrl/wind farm RL/evidence/camera-video-20260919/stream-validation/synthetic-60s/master_frames/000330.png,3128,file,已结束测试的样帧、接收录像、合成输入或日志；不会影响全片渲染
可直接清理,项目验收目录,/Users/eason/Desktop/wfcrl/wind farm RL/evidence/camera-video-20260919/stream-validation/synthetic-60s/master_frames/000331.png,3128,file,已结束测试的样帧、接收录像、合成输入或日志；不会影响全片渲染
可直接清理,项目验收目录,/Users/eason/Desktop/wfcrl/wind farm RL/evidence/camera-video-20260919/stream-validation/synthetic-60s/master_frames/000332.png,3139,file,已结束测试的样帧、接收录像、合成输入或日志；不会影响全片渲染
可直接清理,项目验收目录,/Users/eason/Desktop/wfcrl/wind farm RL/evidence/camera-video-20260919/stream-validation/synthetic-60s/master_frames/000333.png,3108,file,已结束测试的样帧、接收录像、合成输入或日志；不会影响全片渲染
可直接清理,项目验收目录,/Users/eason/Desktop/wfcrl/wind farm RL/evidence/camera-video-20260919/stream-validation/synthetic-60s/master_frames/000334.png,3151,file,已结束测试的样帧、接收录像、合成输入或日志；不会影响全片渲染
可直接清理,项目验收目录,/Users/eason/Desktop/wfcrl/wind farm RL/evidence/camera-video-20260919/stream-validation/synthetic-60s/master_frames/000335.png,3122,file,已结束测试的样帧、接收录像、合成输入或日志；不会影响全片渲染
可直接清理,项目验收目录,/Users/eason/Desktop/wfcrl/wind farm RL/evidence/camera-video-20260919/stream-validation/synthetic-60s/master_frames/000336.png,3093,file,已结束测试的样帧、接收录像、合成输入或日志；不会影响全片渲染
可直接清理,项目验收目录,/Users/eason/Desktop/wfcrl/wind farm RL/evidence/camera-video-20260919/stream-validation/synthetic-60s/master_frames/000337.png,3070,file,已结束测试的样帧、接收录像、合成输入或日志；不会影响全片渲染
可直接清理,项目验收目录,/Users/eason/Desktop/wfcrl/wind farm RL/evidence/camera-video-20260919/stream-validation/synthetic-60s/master_frames/000338.png,3126,file,已结束测试的样帧、接收录像、合成输入或日志；不会影响全片渲染
可直接清理,项目验收目录,/Users/eason/Desktop/wfcrl/wind farm RL/evidence/camera-video-20260919/stream-validation/synthetic-60s/master_frames/000339.png,3159,file,已结束测试的样帧、接收录像、合成输入或日志；不会影响全片渲染
可直接清理,项目验收目录,/Users/eason/Desktop/wfcrl/wind farm RL/evidence/camera-video-20260919/stream-validation/synthetic-60s/master_frames/000340.png,3054,file,已结束测试的样帧、接收录像、合成输入或日志；不会影响全片渲染
可直接清理,项目验收目录,/Users/eason/Desktop/wfcrl/wind farm RL/evidence/camera-video-20260919/stream-validation/synthetic-60s/master_frames/000341.png,3062,file,已结束测试的样帧、接收录像、合成输入或日志；不会影响全片渲染
可直接清理,项目验收目录,/Users/eason/Desktop/wfcrl/wind farm RL/evidence/camera-video-20260919/stream-validation/synthetic-60s/master_frames/000342.png,3037,file,已结束测试的样帧、接收录像、合成输入或日志；不会影响全片渲染
可直接清理,项目验收目录,/Users/eason/Desktop/wfcrl/wind farm RL/evidence/camera-video-20260919/stream-validation/synthetic-60s/master_frames/000343.png,3016,file,已结束测试的样帧、接收录像、合成输入或日志；不会影响全片渲染
可直接清理,项目验收目录,/Users/eason/Desktop/wfcrl/wind farm RL/evidence/camera-video-20260919/stream-validation/synthetic-60s/master_frames/000344.png,2870,file,已结束测试的样帧、接收录像、合成输入或日志；不会影响全片渲染
可直接清理,项目验收目录,/Users/eason/Desktop/wfcrl/wind farm RL/evidence/camera-video-20260919/stream-validation/synthetic-60s/master_frames/000345.png,2894,file,已结束测试的样帧、接收录像、合成输入或日志；不会影响全片渲染
可直接清理,项目验收目录,/Users/eason/Desktop/wfcrl/wind farm RL/evidence/camera-video-20260919/stream-validation/synthetic-60s/master_frames/000346.png,2794,file,已结束测试的样帧、接收录像、合成输入或日志；不会影响全片渲染
可直接清理,项目验收目录,/Users/eason/Desktop/wfcrl/wind farm RL/evidence/camera-video-20260919/stream-validation/synthetic-60s/master_frames/000347.png,2760,file,已结束测试的样帧、接收录像、合成输入或日志；不会影响全片渲染
可直接清理,项目验收目录,/Users/eason/Desktop/wfcrl/wind farm RL/evidence/camera-video-20260919/stream-validation/synthetic-60s/master_frames/000348.png,2885,file,已结束测试的样帧、接收录像、合成输入或日志；不会影响全片渲染
可直接清理,项目验收目录,/Users/eason/Desktop/wfcrl/wind farm RL/evidence/camera-video-20260919/stream-validation/synthetic-60s/master_frames/000349.png,2927,file,已结束测试的样帧、接收录像、合成输入或日志；不会影响全片渲染
可直接清理,项目验收目录,/Users/eason/Desktop/wfcrl/wind farm RL/evidence/camera-video-20260919/stream-validation/synthetic-60s/master_frames/000350.png,2778,file,已结束测试的样帧、接收录像、合成输入或日志；不会影响全片渲染
可直接清理,项目验收目录,/Users/eason/Desktop/wfcrl/wind farm RL/evidence/camera-video-20260919/stream-validation/synthetic-60s/master_frames/000351.png,2750,file,已结束测试的样帧、接收录像、合成输入或日志；不会影响全片渲染
可直接清理,项目验收目录,/Users/eason/Desktop/wfcrl/wind farm RL/evidence/camera-video-20260919/stream-validation/synthetic-60s/master_frames/000352.png,2903,file,已结束测试的样帧、接收录像、合成输入或日志；不会影响全片渲染
可直接清理,项目验收目录,/Users/eason/Desktop/wfcrl/wind farm RL/evidence/camera-video-20260919/stream-validation/synthetic-60s/master_frames/000353.png,2878,file,已结束测试的样帧、接收录像、合成输入或日志；不会影响全片渲染
可直接清理,项目验收目录,/Users/eason/Desktop/wfcrl/wind farm RL/evidence/camera-video-20260919/stream-validation/synthetic-60s/master_frames/000354.png,2949,file,已结束测试的样帧、接收录像、合成输入或日志；不会影响全片渲染
可直接清理,项目验收目录,/Users/eason/Desktop/wfcrl/wind farm RL/evidence/camera-video-20260919/stream-validation/synthetic-60s/master_frames/000355.png,2923,file,已结束测试的样帧、接收录像、合成输入或日志；不会影响全片渲染
可直接清理,项目验收目录,/Users/eason/Desktop/wfcrl/wind farm RL/evidence/camera-video-20260919/stream-validation/synthetic-60s/master_frames/000356.png,2903,file,已结束测试的样帧、接收录像、合成输入或日志；不会影响全片渲染
可直接清理,项目验收目录,/Users/eason/Desktop/wfcrl/wind farm RL/evidence/camera-video-20260919/stream-validation/synthetic-60s/master_frames/000357.png,2843,file,已结束测试的样帧、接收录像、合成输入或日志；不会影响全片渲染
可直接清理,项目验收目录,/Users/eason/Desktop/wfcrl/wind farm RL/evidence/camera-video-20260919/stream-validation/synthetic-60s/master_frames/000358.png,3004,file,已结束测试的样帧、接收录像、合成输入或日志；不会影响全片渲染
可直接清理,项目验收目录,/Users/eason/Desktop/wfcrl/wind farm RL/evidence/camera-video-20260919/stream-validation/synthetic-60s/master_frames/000359.png,2961,file,已结束测试的样帧、接收录像、合成输入或日志；不会影响全片渲染
可直接清理,项目验收目录,/Users/eason/Desktop/wfcrl/wind farm RL/evidence/camera-video-20260919/stream-validation/synthetic-60s/master_frames/000360.png,3011,file,已结束测试的样帧、接收录像、合成输入或日志；不会影响全片渲染
可直接清理,项目验收目录,/Users/eason/Desktop/wfcrl/wind farm RL/evidence/camera-video-20260919/stream-validation/synthetic-60s/master_frames/000361.png,3049,file,已结束测试的样帧、接收录像、合成输入或日志；不会影响全片渲染
可直接清理,项目验收目录,/Users/eason/Desktop/wfcrl/wind farm RL/evidence/camera-video-20260919/stream-validation/synthetic-60s/master_frames/000362.png,3090,file,已结束测试的样帧、接收录像、合成输入或日志；不会影响全片渲染
可直接清理,项目验收目录,/Users/eason/Desktop/wfcrl/wind farm RL/evidence/camera-video-20260919/stream-validation/synthetic-60s/master_frames/000363.png,3150,file,已结束测试的样帧、接收录像、合成输入或日志；不会影响全片渲染
可直接清理,项目验收目录,/Users/eason/Desktop/wfcrl/wind farm RL/evidence/camera-video-20260919/stream-validation/synthetic-60s/master_frames/000364.png,3135,file,已结束测试的样帧、接收录像、合成输入或日志；不会影响全片渲染
可直接清理,项目验收目录,/Users/eason/Desktop/wfcrl/wind farm RL/evidence/camera-video-20260919/stream-validation/synthetic-60s/master_frames/000365.png,3175,file,已结束测试的样帧、接收录像、合成输入或日志；不会影响全片渲染
可直接清理,项目验收目录,/Users/eason/Desktop/wfcrl/wind farm RL/evidence/camera-video-20260919/stream-validation/synthetic-60s/master_frames/000366.png,3113,file,已结束测试的样帧、接收录像、合成输入或日志；不会影响全片渲染
可直接清理,项目验收目录,/Users/eason/Desktop/wfcrl/wind farm RL/evidence/camera-video-20260919/stream-validation/synthetic-60s/master_frames/000367.png,3132,file,已结束测试的样帧、接收录像、合成输入或日志；不会影响全片渲染
可直接清理,项目验收目录,/Users/eason/Desktop/wfcrl/wind farm RL/evidence/camera-video-20260919/stream-validation/synthetic-60s/master_frames/000368.png,3137,file,已结束测试的样帧、接收录像、合成输入或日志；不会影响全片渲染
可直接清理,项目验收目录,/Users/eason/Desktop/wfcrl/wind farm RL/evidence/camera-video-20260919/stream-validation/synthetic-60s/master_frames/000369.png,3207,file,已结束测试的样帧、接收录像、合成输入或日志；不会影响全片渲染
可直接清理,项目验收目录,/Users/eason/Desktop/wfcrl/wind farm RL/evidence/camera-video-20260919/stream-validation/synthetic-60s/master_frames/000370.png,3089,file,已结束测试的样帧、接收录像、合成输入或日志；不会影响全片渲染
可直接清理,项目验收目录,/Users/eason/Desktop/wfcrl/wind farm RL/evidence/camera-video-20260919/stream-validation/synthetic-60s/master_frames/000371.png,3083,file,已结束测试的样帧、接收录像、合成输入或日志；不会影响全片渲染
可直接清理,项目验收目录,/Users/eason/Desktop/wfcrl/wind farm RL/evidence/camera-video-20260919/stream-validation/synthetic-60s/master_frames/000372.png,3096,file,已结束测试的样帧、接收录像、合成输入或日志；不会影响全片渲染
可直接清理,项目验收目录,/Users/eason/Desktop/wfcrl/wind farm RL/evidence/camera-video-20260919/stream-validation/synthetic-60s/master_frames/000373.png,3180,file,已结束测试的样帧、接收录像、合成输入或日志；不会影响全片渲染
可直接清理,项目验收目录,/Users/eason/Desktop/wfcrl/wind farm RL/evidence/camera-video-20260919/stream-validation/synthetic-60s/master_frames/000374.png,3077,file,已结束测试的样帧、接收录像、合成输入或日志；不会影响全片渲染
可直接清理,项目验收目录,/Users/eason/Desktop/wfcrl/wind farm RL/evidence/camera-video-20260919/stream-validation/synthetic-60s/master_frames/000375.png,3169,file,已结束测试的样帧、接收录像、合成输入或日志；不会影响全片渲染
可直接清理,项目验收目录,/Users/eason/Desktop/wfcrl/wind farm RL/evidence/camera-video-20260919/stream-validation/synthetic-60s/master_frames/000376.png,3121,file,已结束测试的样帧、接收录像、合成输入或日志；不会影响全片渲染
可直接清理,项目验收目录,/Users/eason/Desktop/wfcrl/wind farm RL/evidence/camera-video-20260919/stream-validation/synthetic-60s/master_frames/000377.png,3103,file,已结束测试的样帧、接收录像、合成输入或日志；不会影响全片渲染
可直接清理,项目验收目录,/Users/eason/Desktop/wfcrl/wind farm RL/evidence/camera-video-20260919/stream-validation/synthetic-60s/master_frames/000378.png,3167,file,已结束测试的样帧、接收录像、合成输入或日志；不会影响全片渲染
可直接清理,项目验收目录,/Users/eason/Desktop/wfcrl/wind farm RL/evidence/camera-video-20260919/stream-validation/synthetic-60s/master_frames/000379.png,3210,file,已结束测试的样帧、接收录像、合成输入或日志；不会影响全片渲染
可直接清理,项目验收目录,/Users/eason/Desktop/wfcrl/wind farm RL/evidence/camera-video-20260919/stream-validation/synthetic-60s/master_frames/000380.png,3201,file,已结束测试的样帧、接收录像、合成输入或日志；不会影响全片渲染
可直接清理,项目验收目录,/Users/eason/Desktop/wfcrl/wind farm RL/evidence/camera-video-20260919/stream-validation/synthetic-60s/master_frames/000381.png,3234,file,已结束测试的样帧、接收录像、合成输入或日志；不会影响全片渲染
可直接清理,项目验收目录,/Users/eason/Desktop/wfcrl/wind farm RL/evidence/camera-video-20260919/stream-validation/synthetic-60s/master_frames/000382.png,3242,file,已结束测试的样帧、接收录像、合成输入或日志；不会影响全片渲染
可直接清理,项目验收目录,/Users/eason/Desktop/wfcrl/wind farm RL/evidence/camera-video-20260919/stream-validation/synthetic-60s/master_frames/000383.png,3234,file,已结束测试的样帧、接收录像、合成输入或日志；不会影响全片渲染
可直接清理,项目验收目录,/Users/eason/Desktop/wfcrl/wind farm RL/evidence/camera-video-20260919/stream-validation/synthetic-60s/master_frames/000384.png,3276,file,已结束测试的样帧、接收录像、合成输入或日志；不会影响全片渲染
可直接清理,项目验收目录,/Users/eason/Desktop/wfcrl/wind farm RL/evidence/camera-video-20260919/stream-validation/synthetic-60s/master_frames/000385.png,3299,file,已结束测试的样帧、接收录像、合成输入或日志；不会影响全片渲染
可直接清理,项目验收目录,/Users/eason/Desktop/wfcrl/wind farm RL/evidence/camera-video-20260919/stream-validation/synthetic-60s/master_frames/000386.png,3328,file,已结束测试的样帧、接收录像、合成输入或日志；不会影响全片渲染
可直接清理,项目验收目录,/Users/eason/Desktop/wfcrl/wind farm RL/evidence/camera-video-20260919/stream-validation/synthetic-60s/master_frames/000387.png,3346,file,已结束测试的样帧、接收录像、合成输入或日志；不会影响全片渲染
可直接清理,项目验收目录,/Users/eason/Desktop/wfcrl/wind farm RL/evidence/camera-video-20260919/stream-validation/synthetic-60s/master_frames/000388.png,3317,file,已结束测试的样帧、接收录像、合成输入或日志；不会影响全片渲染
可直接清理,项目验收目录,/Users/eason/Desktop/wfcrl/wind farm RL/evidence/camera-video-20260919/stream-validation/synthetic-60s/master_frames/000389.png,3425,file,已结束测试的样帧、接收录像、合成输入或日志；不会影响全片渲染
可直接清理,项目验收目录,/Users/eason/Desktop/wfcrl/wind farm RL/evidence/camera-video-20260919/stream-validation/synthetic-60s/master_frames/000390.png,3403,file,已结束测试的样帧、接收录像、合成输入或日志；不会影响全片渲染
可直接清理,项目验收目录,/Users/eason/Desktop/wfcrl/wind farm RL/evidence/camera-video-20260919/stream-validation/synthetic-60s/master_frames/000391.png,3438,file,已结束测试的样帧、接收录像、合成输入或日志；不会影响全片渲染
可直接清理,项目验收目录,/Users/eason/Desktop/wfcrl/wind farm RL/evidence/camera-video-20260919/stream-validation/synthetic-60s/master_frames/000392.png,3401,file,已结束测试的样帧、接收录像、合成输入或日志；不会影响全片渲染
可直接清理,项目验收目录,/Users/eason/Desktop/wfcrl/wind farm RL/evidence/camera-video-20260919/stream-validation/synthetic-60s/master_frames/000393.png,3492,file,已结束测试的样帧、接收录像、合成输入或日志；不会影响全片渲染
可直接清理,项目验收目录,/Users/eason/Desktop/wfcrl/wind farm RL/evidence/camera-video-20260919/stream-validation/synthetic-60s/master_frames/000394.png,3425,file,已结束测试的样帧、接收录像、合成输入或日志；不会影响全片渲染
可直接清理,项目验收目录,/Users/eason/Desktop/wfcrl/wind farm RL/evidence/camera-video-20260919/stream-validation/synthetic-60s/master_frames/000395.png,3490,file,已结束测试的样帧、接收录像、合成输入或日志；不会影响全片渲染
可直接清理,项目验收目录,/Users/eason/Desktop/wfcrl/wind farm RL/evidence/camera-video-20260919/stream-validation/synthetic-60s/master_frames/000396.png,3434,file,已结束测试的样帧、接收录像、合成输入或日志；不会影响全片渲染
可直接清理,项目验收目录,/Users/eason/Desktop/wfcrl/wind farm RL/evidence/camera-video-20260919/stream-validation/synthetic-60s/master_frames/000397.png,3493,file,已结束测试的样帧、接收录像、合成输入或日志；不会影响全片渲染
可直接清理,项目验收目录,/Users/eason/Desktop/wfcrl/wind farm RL/evidence/camera-video-20260919/stream-validation/synthetic-60s/master_frames/000398.png,3487,file,已结束测试的样帧、接收录像、合成输入或日志；不会影响全片渲染
可直接清理,项目验收目录,/Users/eason/Desktop/wfcrl/wind farm RL/evidence/camera-video-20260919/stream-validation/synthetic-60s/master_frames/000399.png,3436,file,已结束测试的样帧、接收录像、合成输入或日志；不会影响全片渲染
可直接清理,项目验收目录,/Users/eason/Desktop/wfcrl/wind farm RL/evidence/camera-video-20260919/stream-validation/synthetic-60s/master_frames/000400.png,3326,file,已结束测试的样帧、接收录像、合成输入或日志；不会影响全片渲染
可直接清理,项目验收目录,/Users/eason/Desktop/wfcrl/wind farm RL/evidence/camera-video-20260919/stream-validation/synthetic-60s/master_frames/000401.png,3346,file,已结束测试的样帧、接收录像、合成输入或日志；不会影响全片渲染
可直接清理,项目验收目录,/Users/eason/Desktop/wfcrl/wind farm RL/evidence/camera-video-20260919/stream-validation/synthetic-60s/master_frames/000402.png,3274,file,已结束测试的样帧、接收录像、合成输入或日志；不会影响全片渲染
可直接清理,项目验收目录,/Users/eason/Desktop/wfcrl/wind farm RL/evidence/camera-video-20260919/stream-validation/synthetic-60s/master_frames/000403.png,3313,file,已结束测试的样帧、接收录像、合成输入或日志；不会影响全片渲染
可直接清理,项目验收目录,/Users/eason/Desktop/wfcrl/wind farm RL/evidence/camera-video-20260919/stream-validation/synthetic-60s/master_frames/000404.png,3141,file,已结束测试的样帧、接收录像、合成输入或日志；不会影响全片渲染
可直接清理,项目验收目录,/Users/eason/Desktop/wfcrl/wind farm RL/evidence/camera-video-20260919/stream-validation/synthetic-60s/master_frames/000405.png,3144,file,已结束测试的样帧、接收录像、合成输入或日志；不会影响全片渲染
可直接清理,项目验收目录,/Users/eason/Desktop/wfcrl/wind farm RL/evidence/camera-video-20260919/stream-validation/synthetic-60s/master_frames/000406.png,3078,file,已结束测试的样帧、接收录像、合成输入或日志；不会影响全片渲染
可直接清理,项目验收目录,/Users/eason/Desktop/wfcrl/wind farm RL/evidence/camera-video-20260919/stream-validation/synthetic-60s/master_frames/000407.png,3117,file,已结束测试的样帧、接收录像、合成输入或日志；不会影响全片渲染
可直接清理,项目验收目录,/Users/eason/Desktop/wfcrl/wind farm RL/evidence/camera-video-20260919/stream-validation/synthetic-60s/master_frames/000408.png,2958,file,已结束测试的样帧、接收录像、合成输入或日志；不会影响全片渲染
可直接清理,项目验收目录,/Users/eason/Desktop/wfcrl/wind farm RL/evidence/camera-video-20260919/stream-validation/synthetic-60s/master_frames/000409.png,3027,file,已结束测试的样帧、接收录像、合成输入或日志；不会影响全片渲染
可直接清理,项目验收目录,/Users/eason/Desktop/wfcrl/wind farm RL/evidence/camera-video-20260919/stream-validation/synthetic-60s/master_frames/000410.png,2962,file,已结束测试的样帧、接收录像、合成输入或日志；不会影响全片渲染
可直接清理,项目验收目录,/Users/eason/Desktop/wfcrl/wind farm RL/evidence/camera-video-20260919/stream-validation/synthetic-60s/master_frames/000411.png,2964,file,已结束测试的样帧、接收录像、合成输入或日志；不会影响全片渲染
可直接清理,项目验收目录,/Users/eason/Desktop/wfcrl/wind farm RL/evidence/camera-video-20260919/stream-validation/synthetic-60s/master_frames/000412.png,2976,file,已结束测试的样帧、接收录像、合成输入或日志；不会影响全片渲染
可直接清理,项目验收目录,/Users/eason/Desktop/wfcrl/wind farm RL/evidence/camera-video-20260919/stream-validation/synthetic-60s/master_frames/000413.png,3050,file,已结束测试的样帧、接收录像、合成输入或日志；不会影响全片渲染
可直接清理,项目验收目录,/Users/eason/Desktop/wfcrl/wind farm RL/evidence/camera-video-20260919/stream-validation/synthetic-60s/master_frames/000414.png,2976,file,已结束测试的样帧、接收录像、合成输入或日志；不会影响全片渲染
可直接清理,项目验收目录,/Users/eason/Desktop/wfcrl/wind farm RL/evidence/camera-video-20260919/stream-validation/synthetic-60s/master_frames/000415.png,2984,file,已结束测试的样帧、接收录像、合成输入或日志；不会影响全片渲染
可直接清理,项目验收目录,/Users/eason/Desktop/wfcrl/wind farm RL/evidence/camera-video-20260919/stream-validation/synthetic-60s/master_frames/000416.png,3010,file,已结束测试的样帧、接收录像、合成输入或日志；不会影响全片渲染
可直接清理,项目验收目录,/Users/eason/Desktop/wfcrl/wind farm RL/evidence/camera-video-20260919/stream-validation/synthetic-60s/master_frames/000417.png,3066,file,已结束测试的样帧、接收录像、合成输入或日志；不会影响全片渲染
可直接清理,项目验收目录,/Users/eason/Desktop/wfcrl/wind farm RL/evidence/camera-video-20260919/stream-validation/synthetic-60s/master_frames/000418.png,3086,file,已结束测试的样帧、接收录像、合成输入或日志；不会影响全片渲染
可直接清理,项目验收目录,/Users/eason/Desktop/wfcrl/wind farm RL/evidence/camera-video-20260919/stream-validation/synthetic-60s/master_frames/000419.png,3120,file,已结束测试的样帧、接收录像、合成输入或日志；不会影响全片渲染
可直接清理,项目验收目录,/Users/eason/Desktop/wfcrl/wind farm RL/evidence/camera-video-20260919/stream-validation/synthetic-60s/master_frames/000420.png,2963,file,已结束测试的样帧、接收录像、合成输入或日志；不会影响全片渲染
可直接清理,项目验收目录,/Users/eason/Desktop/wfcrl/wind farm RL/evidence/camera-video-20260919/stream-validation/synthetic-60s/master_frames/000421.png,3030,file,已结束测试的样帧、接收录像、合成输入或日志；不会影响全片渲染
可直接清理,项目验收目录,/Users/eason/Desktop/wfcrl/wind farm RL/evidence/camera-video-20260919/stream-validation/synthetic-60s/master_frames/000422.png,2892,file,已结束测试的样帧、接收录像、合成输入或日志；不会影响全片渲染
可直接清理,项目验收目录,/Users/eason/Desktop/wfcrl/wind farm RL/evidence/camera-video-20260919/stream-validation/synthetic-60s/master_frames/000423.png,2982,file,已结束测试的样帧、接收录像、合成输入或日志；不会影响全片渲染
可直接清理,项目验收目录,/Users/eason/Desktop/wfcrl/wind farm RL/evidence/camera-video-20260919/stream-validation/synthetic-60s/master_frames/000424.png,2934,file,已结束测试的样帧、接收录像、合成输入或日志；不会影响全片渲染
可直接清理,项目验收目录,/Users/eason/Desktop/wfcrl/wind farm RL/evidence/camera-video-20260919/stream-validation/synthetic-60s/master_frames/000425.png,2936,file,已结束测试的样帧、接收录像、合成输入或日志；不会影响全片渲染
可直接清理,项目验收目录,/Users/eason/Desktop/wfcrl/wind farm RL/evidence/camera-video-20260919/stream-validation/synthetic-60s/master_frames/000426.png,2857,file,已结束测试的样帧、接收录像、合成输入或日志；不会影响全片渲染
可直接清理,项目验收目录,/Users/eason/Desktop/wfcrl/wind farm RL/evidence/camera-video-20260919/stream-validation/synthetic-60s/master_frames/000427.png,2901,file,已结束测试的样帧、接收录像、合成输入或日志；不会影响全片渲染
可直接清理,项目验收目录,/Users/eason/Desktop/wfcrl/wind farm RL/evidence/camera-video-20260919/stream-validation/synthetic-60s/master_frames/000428.png,2856,file,已结束测试的样帧、接收录像、合成输入或日志；不会影响全片渲染
可直接清理,项目验收目录,/Users/eason/Desktop/wfcrl/wind farm RL/evidence/camera-video-20260919/stream-validation/synthetic-60s/master_frames/000429.png,2957,file,已结束测试的样帧、接收录像、合成输入或日志；不会影响全片渲染
可直接清理,项目验收目录,/Users/eason/Desktop/wfcrl/wind farm RL/evidence/camera-video-20260919/stream-validation/synthetic-60s/master_frames/000430.png,2878,file,已结束测试的样帧、接收录像、合成输入或日志；不会影响全片渲染
可直接清理,项目验收目录,/Users/eason/Desktop/wfcrl/wind farm RL/evidence/camera-video-20260919/stream-validation/synthetic-60s/master_frames/000431.png,2930,file,已结束测试的样帧、接收录像、合成输入或日志；不会影响全片渲染
可直接清理,项目验收目录,/Users/eason/Desktop/wfcrl/wind farm RL/evidence/camera-video-20260919/stream-validation/synthetic-60s/master_frames/000432.png,2949,file,已结束测试的样帧、接收录像、合成输入或日志；不会影响全片渲染
可直接清理,项目验收目录,/Users/eason/Desktop/wfcrl/wind farm RL/evidence/camera-video-20260919/stream-validation/synthetic-60s/master_frames/000433.png,2987,file,已结束测试的样帧、接收录像、合成输入或日志；不会影响全片渲染
可直接清理,项目验收目录,/Users/eason/Desktop/wfcrl/wind farm RL/evidence/camera-video-20260919/stream-validation/synthetic-60s/master_frames/000434.png,2950,file,已结束测试的样帧、接收录像、合成输入或日志；不会影响全片渲染
可直接清理,项目验收目录,/Users/eason/Desktop/wfcrl/wind farm RL/evidence/camera-video-20260919/stream-validation/synthetic-60s/master_frames/000435.png,2955,file,已结束测试的样帧、接收录像、合成输入或日志；不会影响全片渲染
可直接清理,项目验收目录,/Users/eason/Desktop/wfcrl/wind farm RL/evidence/camera-video-20260919/stream-validation/synthetic-60s/master_frames/000436.png,2967,file,已结束测试的样帧、接收录像、合成输入或日志；不会影响全片渲染
可直接清理,项目验收目录,/Users/eason/Desktop/wfcrl/wind farm RL/evidence/camera-video-20260919/stream-validation/synthetic-60s/master_frames/000437.png,2936,file,已结束测试的样帧、接收录像、合成输入或日志；不会影响全片渲染
可直接清理,项目验收目录,/Users/eason/Desktop/wfcrl/wind farm RL/evidence/camera-video-20260919/stream-validation/synthetic-60s/master_frames/000438.png,2997,file,已结束测试的样帧、接收录像、合成输入或日志；不会影响全片渲染
可直接清理,项目验收目录,/Users/eason/Desktop/wfcrl/wind farm RL/evidence/camera-video-20260919/stream-validation/synthetic-60s/master_frames/000439.png,2996,file,已结束测试的样帧、接收录像、合成输入或日志；不会影响全片渲染
可直接清理,项目验收目录,/Users/eason/Desktop/wfcrl/wind farm RL/evidence/camera-video-20260919/stream-validation/synthetic-60s/master_frames/000440.png,2959,file,已结束测试的样帧、接收录像、合成输入或日志；不会影响全片渲染
可直接清理,项目验收目录,/Users/eason/Desktop/wfcrl/wind farm RL/evidence/camera-video-20260919/stream-validation/synthetic-60s/master_frames/000441.png,2990,file,已结束测试的样帧、接收录像、合成输入或日志；不会影响全片渲染
可直接清理,项目验收目录,/Users/eason/Desktop/wfcrl/wind farm RL/evidence/camera-video-20260919/stream-validation/synthetic-60s/master_frames/000442.png,2994,file,已结束测试的样帧、接收录像、合成输入或日志；不会影响全片渲染
可直接清理,项目验收目录,/Users/eason/Desktop/wfcrl/wind farm RL/evidence/camera-video-20260919/stream-validation/synthetic-60s/master_frames/000443.png,3109,file,已结束测试的样帧、接收录像、合成输入或日志；不会影响全片渲染
可直接清理,项目验收目录,/Users/eason/Desktop/wfcrl/wind farm RL/evidence/camera-video-20260919/stream-validation/synthetic-60s/master_frames/000444.png,3005,file,已结束测试的样帧、接收录像、合成输入或日志；不会影响全片渲染
可直接清理,项目验收目录,/Users/eason/Desktop/wfcrl/wind farm RL/evidence/camera-video-20260919/stream-validation/synthetic-60s/master_frames/000445.png,3097,file,已结束测试的样帧、接收录像、合成输入或日志；不会影响全片渲染
可直接清理,项目验收目录,/Users/eason/Desktop/wfcrl/wind farm RL/evidence/camera-video-20260919/stream-validation/synthetic-60s/master_frames/000446.png,3086,file,已结束测试的样帧、接收录像、合成输入或日志；不会影响全片渲染
可直接清理,项目验收目录,/Users/eason/Desktop/wfcrl/wind farm RL/evidence/camera-video-20260919/stream-validation/synthetic-60s/master_frames/000447.png,3099,file,已结束测试的样帧、接收录像、合成输入或日志；不会影响全片渲染
可直接清理,项目验收目录,/Users/eason/Desktop/wfcrl/wind farm RL/evidence/camera-video-20260919/stream-validation/synthetic-60s/master_frames/000448.png,3099,file,已结束测试的样帧、接收录像、合成输入或日志；不会影响全片渲染
可直接清理,项目验收目录,/Users/eason/Desktop/wfcrl/wind farm RL/evidence/camera-video-20260919/stream-validation/synthetic-60s/master_frames/000449.png,3154,file,已结束测试的样帧、接收录像、合成输入或日志；不会影响全片渲染
可直接清理,项目验收目录,/Users/eason/Desktop/wfcrl/wind farm RL/evidence/camera-video-20260919/stream-validation/synthetic-60s/master_frames/000450.png,3090,file,已结束测试的样帧、接收录像、合成输入或日志；不会影响全片渲染
可直接清理,项目验收目录,/Users/eason/Desktop/wfcrl/wind farm RL/evidence/camera-video-20260919/stream-validation/synthetic-60s/master_frames/000451.png,3155,file,已结束测试的样帧、接收录像、合成输入或日志；不会影响全片渲染
可直接清理,项目验收目录,/Users/eason/Desktop/wfcrl/wind farm RL/evidence/camera-video-20260919/stream-validation/synthetic-60s/master_frames/000452.png,3118,file,已结束测试的样帧、接收录像、合成输入或日志；不会影响全片渲染
可直接清理,项目验收目录,/Users/eason/Desktop/wfcrl/wind farm RL/evidence/camera-video-20260919/stream-validation/synthetic-60s/master_frames/000453.png,3180,file,已结束测试的样帧、接收录像、合成输入或日志；不会影响全片渲染
可直接清理,项目验收目录,/Users/eason/Desktop/wfcrl/wind farm RL/evidence/camera-video-20260919/stream-validation/synthetic-60s/master_frames/000454.png,3126,file,已结束测试的样帧、接收录像、合成输入或日志；不会影响全片渲染
可直接清理,项目验收目录,/Users/eason/Desktop/wfcrl/wind farm RL/evidence/camera-video-20260919/stream-validation/synthetic-60s/master_frames/000455.png,3182,file,已结束测试的样帧、接收录像、合成输入或日志；不会影响全片渲染
可直接清理,项目验收目录,/Users/eason/Desktop/wfcrl/wind farm RL/evidence/camera-video-20260919/stream-validation/synthetic-60s/master_frames/000456.png,3176,file,已结束测试的样帧、接收录像、合成输入或日志；不会影响全片渲染
可直接清理,项目验收目录,/Users/eason/Desktop/wfcrl/wind farm RL/evidence/camera-video-20260919/stream-validation/synthetic-60s/master_frames/000457.png,3198,file,已结束测试的样帧、接收录像、合成输入或日志；不会影响全片渲染
可直接清理,项目验收目录,/Users/eason/Desktop/wfcrl/wind farm RL/evidence/camera-video-20260919/stream-validation/synthetic-60s/master_frames/000458.png,3217,file,已结束测试的样帧、接收录像、合成输入或日志；不会影响全片渲染
可直接清理,项目验收目录,/Users/eason/Desktop/wfcrl/wind farm RL/evidence/camera-video-20260919/stream-validation/synthetic-60s/master_frames/000459.png,3253,file,已结束测试的样帧、接收录像、合成输入或日志；不会影响全片渲染
可直接清理,项目验收目录,/Users/eason/Desktop/wfcrl/wind farm RL/evidence/camera-video-20260919/stream-validation/synthetic-60s/master_frames/000460.png,3228,file,已结束测试的样帧、接收录像、合成输入或日志；不会影响全片渲染
可直接清理,项目验收目录,/Users/eason/Desktop/wfcrl/wind farm RL/evidence/camera-video-20260919/stream-validation/synthetic-60s/master_frames/000461.png,3251,file,已结束测试的样帧、接收录像、合成输入或日志；不会影响全片渲染
可直接清理,项目验收目录,/Users/eason/Desktop/wfcrl/wind farm RL/evidence/camera-video-20260919/stream-validation/synthetic-60s/master_frames/000462.png,3253,file,已结束测试的样帧、接收录像、合成输入或日志；不会影响全片渲染
可直接清理,项目验收目录,/Users/eason/Desktop/wfcrl/wind farm RL/evidence/camera-video-20260919/stream-validation/synthetic-60s/master_frames/000463.png,3256,file,已结束测试的样帧、接收录像、合成输入或日志；不会影响全片渲染
可直接清理,项目验收目录,/Users/eason/Desktop/wfcrl/wind farm RL/evidence/camera-video-20260919/stream-validation/synthetic-60s/master_frames/000464.png,3351,file,已结束测试的样帧、接收录像、合成输入或日志；不会影响全片渲染
可直接清理,项目验收目录,/Users/eason/Desktop/wfcrl/wind farm RL/evidence/camera-video-20260919/stream-validation/synthetic-60s/master_frames/000465.png,3377,file,已结束测试的样帧、接收录像、合成输入或日志；不会影响全片渲染
可直接清理,项目验收目录,/Users/eason/Desktop/wfcrl/wind farm RL/evidence/camera-video-20260919/stream-validation/synthetic-60s/master_frames/000466.png,3342,file,已结束测试的样帧、接收录像、合成输入或日志；不会影响全片渲染
可直接清理,项目验收目录,/Users/eason/Desktop/wfcrl/wind farm RL/evidence/camera-video-20260919/stream-validation/synthetic-60s/master_frames/000467.png,3379,file,已结束测试的样帧、接收录像、合成输入或日志；不会影响全片渲染
可直接清理,项目验收目录,/Users/eason/Desktop/wfcrl/wind farm RL/evidence/camera-video-20260919/stream-validation/synthetic-60s/master_frames/000468.png,3372,file,已结束测试的样帧、接收录像、合成输入或日志；不会影响全片渲染
可直接清理,项目验收目录,/Users/eason/Desktop/wfcrl/wind farm RL/evidence/camera-video-20260919/stream-validation/synthetic-60s/master_frames/000469.png,3459,file,已结束测试的样帧、接收录像、合成输入或日志；不会影响全片渲染
可直接清理,项目验收目录,/Users/eason/Desktop/wfcrl/wind farm RL/evidence/camera-video-20260919/stream-validation/synthetic-60s/master_frames/000470.png,3405,file,已结束测试的样帧、接收录像、合成输入或日志；不会影响全片渲染
可直接清理,项目验收目录,/Users/eason/Desktop/wfcrl/wind farm RL/evidence/camera-video-20260919/stream-validation/synthetic-60s/master_frames/000471.png,3416,file,已结束测试的样帧、接收录像、合成输入或日志；不会影响全片渲染
可直接清理,项目验收目录,/Users/eason/Desktop/wfcrl/wind farm RL/evidence/camera-video-20260919/stream-validation/synthetic-60s/master_frames/000472.png,3480,file,已结束测试的样帧、接收录像、合成输入或日志；不会影响全片渲染
可直接清理,项目验收目录,/Users/eason/Desktop/wfcrl/wind farm RL/evidence/camera-video-20260919/stream-validation/synthetic-60s/master_frames/000473.png,3557,file,已结束测试的样帧、接收录像、合成输入或日志；不会影响全片渲染
可直接清理,项目验收目录,/Users/eason/Desktop/wfcrl/wind farm RL/evidence/camera-video-20260919/stream-validation/synthetic-60s/master_frames/000474.png,3445,file,已结束测试的样帧、接收录像、合成输入或日志；不会影响全片渲染
可直接清理,项目验收目录,/Users/eason/Desktop/wfcrl/wind farm RL/evidence/camera-video-20260919/stream-validation/synthetic-60s/master_frames/000475.png,3469,file,已结束测试的样帧、接收录像、合成输入或日志；不会影响全片渲染
可直接清理,项目验收目录,/Users/eason/Desktop/wfcrl/wind farm RL/evidence/camera-video-20260919/stream-validation/synthetic-60s/master_frames/000476.png,3477,file,已结束测试的样帧、接收录像、合成输入或日志；不会影响全片渲染
可直接清理,项目验收目录,/Users/eason/Desktop/wfcrl/wind farm RL/evidence/camera-video-20260919/stream-validation/synthetic-60s/master_frames/000477.png,3442,file,已结束测试的样帧、接收录像、合成输入或日志；不会影响全片渲染
可直接清理,项目验收目录,/Users/eason/Desktop/wfcrl/wind farm RL/evidence/camera-video-20260919/stream-validation/synthetic-60s/master_frames/000478.png,3459,file,已结束测试的样帧、接收录像、合成输入或日志；不会影响全片渲染
可直接清理,项目验收目录,/Users/eason/Desktop/wfcrl/wind farm RL/evidence/camera-video-20260919/stream-validation/synthetic-60s/master_frames/000479.png,3461,file,已结束测试的样帧、接收录像、合成输入或日志；不会影响全片渲染
可直接清理,项目验收目录,/Users/eason/Desktop/wfcrl/wind farm RL/evidence/camera-video-20260919/stream-validation/synthetic-60s/master_frames/000480.png,3400,file,已结束测试的样帧、接收录像、合成输入或日志；不会影响全片渲染
可直接清理,项目验收目录,/Users/eason/Desktop/wfcrl/wind farm RL/evidence/camera-video-20260919/stream-validation/synthetic-60s/master_frames/000481.png,3462,file,已结束测试的样帧、接收录像、合成输入或日志；不会影响全片渲染
可直接清理,项目验收目录,/Users/eason/Desktop/wfcrl/wind farm RL/evidence/camera-video-20260919/stream-validation/synthetic-60s/master_frames/000482.png,3340,file,已结束测试的样帧、接收录像、合成输入或日志；不会影响全片渲染
可直接清理,项目验收目录,/Users/eason/Desktop/wfcrl/wind farm RL/evidence/camera-video-20260919/stream-validation/synthetic-60s/master_frames/000483.png,3391,file,已结束测试的样帧、接收录像、合成输入或日志；不会影响全片渲染
可直接清理,项目验收目录,/Users/eason/Desktop/wfcrl/wind farm RL/evidence/camera-video-20260919/stream-validation/synthetic-60s/master_frames/000484.png,3329,file,已结束测试的样帧、接收录像、合成输入或日志；不会影响全片渲染
可直接清理,项目验收目录,/Users/eason/Desktop/wfcrl/wind farm RL/evidence/camera-video-20260919/stream-validation/synthetic-60s/master_frames/000485.png,3258,file,已结束测试的样帧、接收录像、合成输入或日志；不会影响全片渲染
可直接清理,项目验收目录,/Users/eason/Desktop/wfcrl/wind farm RL/evidence/camera-video-20260919/stream-validation/synthetic-60s/master_frames/000486.png,3321,file,已结束测试的样帧、接收录像、合成输入或日志；不会影响全片渲染
可直接清理,项目验收目录,/Users/eason/Desktop/wfcrl/wind farm RL/evidence/camera-video-20260919/stream-validation/synthetic-60s/master_frames/000487.png,3262,file,已结束测试的样帧、接收录像、合成输入或日志；不会影响全片渲染
可直接清理,项目验收目录,/Users/eason/Desktop/wfcrl/wind farm RL/evidence/camera-video-20260919/stream-validation/synthetic-60s/master_frames/000488.png,3116,file,已结束测试的样帧、接收录像、合成输入或日志；不会影响全片渲染
可直接清理,项目验收目录,/Users/eason/Desktop/wfcrl/wind farm RL/evidence/camera-video-20260919/stream-validation/synthetic-60s/master_frames/000489.png,3121,file,已结束测试的样帧、接收录像、合成输入或日志；不会影响全片渲染
可直接清理,项目验收目录,/Users/eason/Desktop/wfcrl/wind farm RL/evidence/camera-video-20260919/stream-validation/synthetic-60s/master_frames/000490.png,3148,file,已结束测试的样帧、接收录像、合成输入或日志；不会影响全片渲染
可直接清理,项目验收目录,/Users/eason/Desktop/wfcrl/wind farm RL/evidence/camera-video-20260919/stream-validation/synthetic-60s/master_frames/000491.png,3172,file,已结束测试的样帧、接收录像、合成输入或日志；不会影响全片渲染
可直接清理,项目验收目录,/Users/eason/Desktop/wfcrl/wind farm RL/evidence/camera-video-20260919/stream-validation/synthetic-60s/master_frames/000492.png,3139,file,已结束测试的样帧、接收录像、合成输入或日志；不会影响全片渲染
可直接清理,项目验收目录,/Users/eason/Desktop/wfcrl/wind farm RL/evidence/camera-video-20260919/stream-validation/synthetic-60s/master_frames/000493.png,3191,file,已结束测试的样帧、接收录像、合成输入或日志；不会影响全片渲染
可直接清理,项目验收目录,/Users/eason/Desktop/wfcrl/wind farm RL/evidence/camera-video-20260919/stream-validation/synthetic-60s/master_frames/000494.png,3134,file,已结束测试的样帧、接收录像、合成输入或日志；不会影响全片渲染
可直接清理,项目验收目录,/Users/eason/Desktop/wfcrl/wind farm RL/evidence/camera-video-20260919/stream-validation/synthetic-60s/master_frames/000495.png,3149,file,已结束测试的样帧、接收录像、合成输入或日志；不会影响全片渲染
可直接清理,项目验收目录,/Users/eason/Desktop/wfcrl/wind farm RL/evidence/camera-video-20260919/stream-validation/synthetic-60s/master_frames/000496.png,3175,file,已结束测试的样帧、接收录像、合成输入或日志；不会影响全片渲染
可直接清理,项目验收目录,/Users/eason/Desktop/wfcrl/wind farm RL/evidence/camera-video-20260919/stream-validation/synthetic-60s/master_frames/000497.png,3150,file,已结束测试的样帧、接收录像、合成输入或日志；不会影响全片渲染
可直接清理,项目验收目录,/Users/eason/Desktop/wfcrl/wind farm RL/evidence/camera-video-20260919/stream-validation/synthetic-60s/master_frames/000498.png,3150,file,已结束测试的样帧、接收录像、合成输入或日志；不会影响全片渲染
可直接清理,项目验收目录,/Users/eason/Desktop/wfcrl/wind farm RL/evidence/camera-video-20260919/stream-validation/synthetic-60s/master_frames/000499.png,3164,file,已结束测试的样帧、接收录像、合成输入或日志；不会影响全片渲染
可直接清理,项目验收目录,/Users/eason/Desktop/wfcrl/wind farm RL/evidence/camera-video-20260919/stream-validation/synthetic-60s/master_frames/000500.png,2968,file,已结束测试的样帧、接收录像、合成输入或日志；不会影响全片渲染
可直接清理,项目验收目录,/Users/eason/Desktop/wfcrl/wind farm RL/evidence/camera-video-20260919/stream-validation/synthetic-60s/master_frames/000501.png,3084,file,已结束测试的样帧、接收录像、合成输入或日志；不会影响全片渲染
可直接清理,项目验收目录,/Users/eason/Desktop/wfcrl/wind farm RL/evidence/camera-video-20260919/stream-validation/synthetic-60s/master_frames/000502.png,3086,file,已结束测试的样帧、接收录像、合成输入或日志；不会影响全片渲染
可直接清理,项目验收目录,/Users/eason/Desktop/wfcrl/wind farm RL/evidence/camera-video-20260919/stream-validation/synthetic-60s/master_frames/000503.png,3138,file,已结束测试的样帧、接收录像、合成输入或日志；不会影响全片渲染
可直接清理,项目验收目录,/Users/eason/Desktop/wfcrl/wind farm RL/evidence/camera-video-20260919/stream-validation/synthetic-60s/master_frames/000504.png,2959,file,已结束测试的样帧、接收录像、合成输入或日志；不会影响全片渲染
可直接清理,项目验收目录,/Users/eason/Desktop/wfcrl/wind farm RL/evidence/camera-video-20260919/stream-validation/synthetic-60s/master_frames/000505.png,3079,file,已结束测试的样帧、接收录像、合成输入或日志；不会影响全片渲染
可直接清理,项目验收目录,/Users/eason/Desktop/wfcrl/wind farm RL/evidence/camera-video-20260919/stream-validation/synthetic-60s/master_frames/000506.png,2874,file,已结束测试的样帧、接收录像、合成输入或日志；不会影响全片渲染
可直接清理,项目验收目录,/Users/eason/Desktop/wfcrl/wind farm RL/evidence/camera-video-20260919/stream-validation/synthetic-60s/master_frames/000507.png,2934,file,已结束测试的样帧、接收录像、合成输入或日志；不会影响全片渲染
可直接清理,项目验收目录,/Users/eason/Desktop/wfcrl/wind farm RL/evidence/camera-video-20260919/stream-validation/synthetic-60s/master_frames/000508.png,2981,file,已结束测试的样帧、接收录像、合成输入或日志；不会影响全片渲染
可直接清理,项目验收目录,/Users/eason/Desktop/wfcrl/wind farm RL/evidence/camera-video-20260919/stream-validation/synthetic-60s/master_frames/000509.png,3046,file,已结束测试的样帧、接收录像、合成输入或日志；不会影响全片渲染
可直接清理,项目验收目录,/Users/eason/Desktop/wfcrl/wind farm RL/evidence/camera-video-20260919/stream-validation/synthetic-60s/master_frames/000510.png,2902,file,已结束测试的样帧、接收录像、合成输入或日志；不会影响全片渲染
可直接清理,项目验收目录,/Users/eason/Desktop/wfcrl/wind farm RL/evidence/camera-video-20260919/stream-validation/synthetic-60s/master_frames/000511.png,2961,file,已结束测试的样帧、接收录像、合成输入或日志；不会影响全片渲染
可直接清理,项目验收目录,/Users/eason/Desktop/wfcrl/wind farm RL/evidence/camera-video-20260919/stream-validation/synthetic-60s/master_frames/000512.png,2987,file,已结束测试的样帧、接收录像、合成输入或日志；不会影响全片渲染
可直接清理,项目验收目录,/Users/eason/Desktop/wfcrl/wind farm RL/evidence/camera-video-20260919/stream-validation/synthetic-60s/master_frames/000513.png,3114,file,已结束测试的样帧、接收录像、合成输入或日志；不会影响全片渲染
可直接清理,项目验收目录,/Users/eason/Desktop/wfcrl/wind farm RL/evidence/camera-video-20260919/stream-validation/synthetic-60s/master_frames/000514.png,3058,file,已结束测试的样帧、接收录像、合成输入或日志；不会影响全片渲染
可直接清理,项目验收目录,/Users/eason/Desktop/wfcrl/wind farm RL/evidence/camera-video-20260919/stream-validation/synthetic-60s/master_frames/000515.png,3093,file,已结束测试的样帧、接收录像、合成输入或日志；不会影响全片渲染
可直接清理,项目验收目录,/Users/eason/Desktop/wfcrl/wind farm RL/evidence/camera-video-20260919/stream-validation/synthetic-60s/master_frames/000516.png,3046,file,已结束测试的样帧、接收录像、合成输入或日志；不会影响全片渲染
可直接清理,项目验收目录,/Users/eason/Desktop/wfcrl/wind farm RL/evidence/camera-video-20260919/stream-validation/synthetic-60s/master_frames/000517.png,3102,file,已结束测试的样帧、接收录像、合成输入或日志；不会影响全片渲染
可直接清理,项目验收目录,/Users/eason/Desktop/wfcrl/wind farm RL/evidence/camera-video-20260919/stream-validation/synthetic-60s/master_frames/000518.png,3117,file,已结束测试的样帧、接收录像、合成输入或日志；不会影响全片渲染
可直接清理,项目验收目录,/Users/eason/Desktop/wfcrl/wind farm RL/evidence/camera-video-20260919/stream-validation/synthetic-60s/master_frames/000519.png,3146,file,已结束测试的样帧、接收录像、合成输入或日志；不会影响全片渲染
可直接清理,项目验收目录,/Users/eason/Desktop/wfcrl/wind farm RL/evidence/camera-video-20260919/stream-validation/synthetic-60s/master_frames/000520.png,3095,file,已结束测试的样帧、接收录像、合成输入或日志；不会影响全片渲染
可直接清理,项目验收目录,/Users/eason/Desktop/wfcrl/wind farm RL/evidence/camera-video-20260919/stream-validation/synthetic-60s/master_frames/000521.png,3096,file,已结束测试的样帧、接收录像、合成输入或日志；不会影响全片渲染
可直接清理,项目验收目录,/Users/eason/Desktop/wfcrl/wind farm RL/evidence/camera-video-20260919/stream-validation/synthetic-60s/master_frames/000522.png,3084,file,已结束测试的样帧、接收录像、合成输入或日志；不会影响全片渲染
可直接清理,项目验收目录,/Users/eason/Desktop/wfcrl/wind farm RL/evidence/camera-video-20260919/stream-validation/synthetic-60s/master_frames/000523.png,3119,file,已结束测试的样帧、接收录像、合成输入或日志；不会影响全片渲染
可直接清理,项目验收目录,/Users/eason/Desktop/wfcrl/wind farm RL/evidence/camera-video-20260919/stream-validation/synthetic-60s/master_frames/000524.png,3097,file,已结束测试的样帧、接收录像、合成输入或日志；不会影响全片渲染
可直接清理,项目验收目录,/Users/eason/Desktop/wfcrl/wind farm RL/evidence/camera-video-20260919/stream-validation/synthetic-60s/master_frames/000525.png,3224,file,已结束测试的样帧、接收录像、合成输入或日志；不会影响全片渲染
可直接清理,项目验收目录,/Users/eason/Desktop/wfcrl/wind farm RL/evidence/camera-video-20260919/stream-validation/synthetic-60s/master_frames/000526.png,3196,file,已结束测试的样帧、接收录像、合成输入或日志；不会影响全片渲染
可直接清理,项目验收目录,/Users/eason/Desktop/wfcrl/wind farm RL/evidence/camera-video-20260919/stream-validation/synthetic-60s/master_frames/000527.png,3196,file,已结束测试的样帧、接收录像、合成输入或日志；不会影响全片渲染
可直接清理,项目验收目录,/Users/eason/Desktop/wfcrl/wind farm RL/evidence/camera-video-20260919/stream-validation/synthetic-60s/master_frames/000528.png,3174,file,已结束测试的样帧、接收录像、合成输入或日志；不会影响全片渲染
可直接清理,项目验收目录,/Users/eason/Desktop/wfcrl/wind farm RL/evidence/camera-video-20260919/stream-validation/synthetic-60s/master_frames/000529.png,3266,file,已结束测试的样帧、接收录像、合成输入或日志；不会影响全片渲染
可直接清理,项目验收目录,/Users/eason/Desktop/wfcrl/wind farm RL/evidence/camera-video-20260919/stream-validation/synthetic-60s/master_frames/000530.png,3169,file,已结束测试的样帧、接收录像、合成输入或日志；不会影响全片渲染
可直接清理,项目验收目录,/Users/eason/Desktop/wfcrl/wind farm RL/evidence/camera-video-20260919/stream-validation/synthetic-60s/master_frames/000531.png,3190,file,已结束测试的样帧、接收录像、合成输入或日志；不会影响全片渲染
可直接清理,项目验收目录,/Users/eason/Desktop/wfcrl/wind farm RL/evidence/camera-video-20260919/stream-validation/synthetic-60s/master_frames/000532.png,3220,file,已结束测试的样帧、接收录像、合成输入或日志；不会影响全片渲染
可直接清理,项目验收目录,/Users/eason/Desktop/wfcrl/wind farm RL/evidence/camera-video-20260919/stream-validation/synthetic-60s/master_frames/000533.png,3213,file,已结束测试的样帧、接收录像、合成输入或日志；不会影响全片渲染
可直接清理,项目验收目录,/Users/eason/Desktop/wfcrl/wind farm RL/evidence/camera-video-20260919/stream-validation/synthetic-60s/master_frames/000534.png,3137,file,已结束测试的样帧、接收录像、合成输入或日志；不会影响全片渲染
可直接清理,项目验收目录,/Users/eason/Desktop/wfcrl/wind farm RL/evidence/camera-video-20260919/stream-validation/synthetic-60s/master_frames/000535.png,3159,file,已结束测试的样帧、接收录像、合成输入或日志；不会影响全片渲染
可直接清理,项目验收目录,/Users/eason/Desktop/wfcrl/wind farm RL/evidence/camera-video-20260919/stream-validation/synthetic-60s/master_frames/000536.png,3246,file,已结束测试的样帧、接收录像、合成输入或日志；不会影响全片渲染
可直接清理,项目验收目录,/Users/eason/Desktop/wfcrl/wind farm RL/evidence/camera-video-20260919/stream-validation/synthetic-60s/master_frames/000537.png,3126,file,已结束测试的样帧、接收录像、合成输入或日志；不会影响全片渲染
可直接清理,项目验收目录,/Users/eason/Desktop/wfcrl/wind farm RL/evidence/camera-video-20260919/stream-validation/synthetic-60s/master_frames/000538.png,3200,file,已结束测试的样帧、接收录像、合成输入或日志；不会影响全片渲染
可直接清理,项目验收目录,/Users/eason/Desktop/wfcrl/wind farm RL/evidence/camera-video-20260919/stream-validation/synthetic-60s/master_frames/000539.png,3261,file,已结束测试的样帧、接收录像、合成输入或日志；不会影响全片渲染
可直接清理,项目验收目录,/Users/eason/Desktop/wfcrl/wind farm RL/evidence/camera-video-20260919/stream-validation/synthetic-60s/master_frames/000540.png,3170,file,已结束测试的样帧、接收录像、合成输入或日志；不会影响全片渲染
可直接清理,项目验收目录,/Users/eason/Desktop/wfcrl/wind farm RL/evidence/camera-video-20260919/stream-validation/synthetic-60s/master_frames/000541.png,3174,file,已结束测试的样帧、接收录像、合成输入或日志；不会影响全片渲染
可直接清理,项目验收目录,/Users/eason/Desktop/wfcrl/wind farm RL/evidence/camera-video-20260919/stream-validation/synthetic-60s/master_frames/000542.png,3188,file,已结束测试的样帧、接收录像、合成输入或日志；不会影响全片渲染
可直接清理,项目验收目录,/Users/eason/Desktop/wfcrl/wind farm RL/evidence/camera-video-20260919/stream-validation/synthetic-60s/master_frames/000543.png,3225,file,已结束测试的样帧、接收录像、合成输入或日志；不会影响全片渲染
可直接清理,项目验收目录,/Users/eason/Desktop/wfcrl/wind farm RL/evidence/camera-video-20260919/stream-validation/synthetic-60s/master_frames/000544.png,3240,file,已结束测试的样帧、接收录像、合成输入或日志；不会影响全片渲染
可直接清理,项目验收目录,/Users/eason/Desktop/wfcrl/wind farm RL/evidence/camera-video-20260919/stream-validation/synthetic-60s/master_frames/000545.png,3320,file,已结束测试的样帧、接收录像、合成输入或日志；不会影响全片渲染
可直接清理,项目验收目录,/Users/eason/Desktop/wfcrl/wind farm RL/evidence/camera-video-20260919/stream-validation/synthetic-60s/master_frames/000546.png,3326,file,已结束测试的样帧、接收录像、合成输入或日志；不会影响全片渲染
可直接清理,项目验收目录,/Users/eason/Desktop/wfcrl/wind farm RL/evidence/camera-video-20260919/stream-validation/synthetic-60s/master_frames/000547.png,3373,file,已结束测试的样帧、接收录像、合成输入或日志；不会影响全片渲染
可直接清理,项目验收目录,/Users/eason/Desktop/wfcrl/wind farm RL/evidence/camera-video-20260919/stream-validation/synthetic-60s/master_frames/000548.png,3394,file,已结束测试的样帧、接收录像、合成输入或日志；不会影响全片渲染
可直接清理,项目验收目录,/Users/eason/Desktop/wfcrl/wind farm RL/evidence/camera-video-20260919/stream-validation/synthetic-60s/master_frames/000549.png,3475,file,已结束测试的样帧、接收录像、合成输入或日志；不会影响全片渲染
可直接清理,项目验收目录,/Users/eason/Desktop/wfcrl/wind farm RL/evidence/camera-video-20260919/stream-validation/synthetic-60s/master_frames/000550.png,3447,file,已结束测试的样帧、接收录像、合成输入或日志；不会影响全片渲染
可直接清理,项目验收目录,/Users/eason/Desktop/wfcrl/wind farm RL/evidence/camera-video-20260919/stream-validation/synthetic-60s/master_frames/000551.png,3423,file,已结束测试的样帧、接收录像、合成输入或日志；不会影响全片渲染
可直接清理,项目验收目录,/Users/eason/Desktop/wfcrl/wind farm RL/evidence/camera-video-20260919/stream-validation/synthetic-60s/master_frames/000552.png,3415,file,已结束测试的样帧、接收录像、合成输入或日志；不会影响全片渲染
可直接清理,项目验收目录,/Users/eason/Desktop/wfcrl/wind farm RL/evidence/camera-video-20260919/stream-validation/synthetic-60s/master_frames/000553.png,3540,file,已结束测试的样帧、接收录像、合成输入或日志；不会影响全片渲染
可直接清理,项目验收目录,/Users/eason/Desktop/wfcrl/wind farm RL/evidence/camera-video-20260919/stream-validation/synthetic-60s/master_frames/000554.png,3463,file,已结束测试的样帧、接收录像、合成输入或日志；不会影响全片渲染
可直接清理,项目验收目录,/Users/eason/Desktop/wfcrl/wind farm RL/evidence/camera-video-20260919/stream-validation/synthetic-60s/master_frames/000555.png,3470,file,已结束测试的样帧、接收录像、合成输入或日志；不会影响全片渲染
可直接清理,项目验收目录,/Users/eason/Desktop/wfcrl/wind farm RL/evidence/camera-video-20260919/stream-validation/synthetic-60s/master_frames/000556.png,3481,file,已结束测试的样帧、接收录像、合成输入或日志；不会影响全片渲染
可直接清理,项目验收目录,/Users/eason/Desktop/wfcrl/wind farm RL/evidence/camera-video-20260919/stream-validation/synthetic-60s/master_frames/000557.png,3544,file,已结束测试的样帧、接收录像、合成输入或日志；不会影响全片渲染
可直接清理,项目验收目录,/Users/eason/Desktop/wfcrl/wind farm RL/evidence/camera-video-20260919/stream-validation/synthetic-60s/master_frames/000558.png,3530,file,已结束测试的样帧、接收录像、合成输入或日志；不会影响全片渲染
可直接清理,项目验收目录,/Users/eason/Desktop/wfcrl/wind farm RL/evidence/camera-video-20260919/stream-validation/synthetic-60s/master_frames/000559.png,3526,file,已结束测试的样帧、接收录像、合成输入或日志；不会影响全片渲染
可直接清理,项目验收目录,/Users/eason/Desktop/wfcrl/wind farm RL/evidence/camera-video-20260919/stream-validation/synthetic-60s/master_frames/000560.png,3417,file,已结束测试的样帧、接收录像、合成输入或日志；不会影响全片渲染
可直接清理,项目验收目录,/Users/eason/Desktop/wfcrl/wind farm RL/evidence/camera-video-20260919/stream-validation/synthetic-60s/master_frames/000561.png,3443,file,已结束测试的样帧、接收录像、合成输入或日志；不会影响全片渲染
可直接清理,项目验收目录,/Users/eason/Desktop/wfcrl/wind farm RL/evidence/camera-video-20260919/stream-validation/synthetic-60s/master_frames/000562.png,3374,file,已结束测试的样帧、接收录像、合成输入或日志；不会影响全片渲染
可直接清理,项目验收目录,/Users/eason/Desktop/wfcrl/wind farm RL/evidence/camera-video-20260919/stream-validation/synthetic-60s/master_frames/000563.png,3372,file,已结束测试的样帧、接收录像、合成输入或日志；不会影响全片渲染
可直接清理,项目验收目录,/Users/eason/Desktop/wfcrl/wind farm RL/evidence/camera-video-20260919/stream-validation/synthetic-60s/master_frames/000564.png,3314,file,已结束测试的样帧、接收录像、合成输入或日志；不会影响全片渲染
可直接清理,项目验收目录,/Users/eason/Desktop/wfcrl/wind farm RL/evidence/camera-video-20260919/stream-validation/synthetic-60s/master_frames/000565.png,3316,file,已结束测试的样帧、接收录像、合成输入或日志；不会影响全片渲染
可直接清理,项目验收目录,/Users/eason/Desktop/wfcrl/wind farm RL/evidence/camera-video-20260919/stream-validation/synthetic-60s/master_frames/000566.png,3263,file,已结束测试的样帧、接收录像、合成输入或日志；不会影响全片渲染
可直接清理,项目验收目录,/Users/eason/Desktop/wfcrl/wind farm RL/evidence/camera-video-20260919/stream-validation/synthetic-60s/master_frames/000567.png,3217,file,已结束测试的样帧、接收录像、合成输入或日志；不会影响全片渲染
可直接清理,项目验收目录,/Users/eason/Desktop/wfcrl/wind farm RL/evidence/camera-video-20260919/stream-validation/synthetic-60s/master_frames/000568.png,3219,file,已结束测试的样帧、接收录像、合成输入或日志；不会影响全片渲染
可直接清理,项目验收目录,/Users/eason/Desktop/wfcrl/wind farm RL/evidence/camera-video-20260919/stream-validation/synthetic-60s/master_frames/000569.png,3223,file,已结束测试的样帧、接收录像、合成输入或日志；不会影响全片渲染
可直接清理,项目验收目录,/Users/eason/Desktop/wfcrl/wind farm RL/evidence/camera-video-20260919/stream-validation/synthetic-60s/master_frames/000570.png,3060,file,已结束测试的样帧、接收录像、合成输入或日志；不会影响全片渲染
可直接清理,项目验收目录,/Users/eason/Desktop/wfcrl/wind farm RL/evidence/camera-video-20260919/stream-validation/synthetic-60s/master_frames/000571.png,3032,file,已结束测试的样帧、接收录像、合成输入或日志；不会影响全片渲染
可直接清理,项目验收目录,/Users/eason/Desktop/wfcrl/wind farm RL/evidence/camera-video-20260919/stream-validation/synthetic-60s/master_frames/000572.png,3040,file,已结束测试的样帧、接收录像、合成输入或日志；不会影响全片渲染
可直接清理,项目验收目录,/Users/eason/Desktop/wfcrl/wind farm RL/evidence/camera-video-20260919/stream-validation/synthetic-60s/master_frames/000573.png,3114,file,已结束测试的样帧、接收录像、合成输入或日志；不会影响全片渲染
可直接清理,项目验收目录,/Users/eason/Desktop/wfcrl/wind farm RL/evidence/camera-video-20260919/stream-validation/synthetic-60s/master_frames/000574.png,3098,file,已结束测试的样帧、接收录像、合成输入或日志；不会影响全片渲染
可直接清理,项目验收目录,/Users/eason/Desktop/wfcrl/wind farm RL/evidence/camera-video-20260919/stream-validation/synthetic-60s/master_frames/000575.png,3117,file,已结束测试的样帧、接收录像、合成输入或日志；不会影响全片渲染
可直接清理,项目验收目录,/Users/eason/Desktop/wfcrl/wind farm RL/evidence/camera-video-20260919/stream-validation/synthetic-60s/master_frames/000576.png,3084,file,已结束测试的样帧、接收录像、合成输入或日志；不会影响全片渲染
可直接清理,项目验收目录,/Users/eason/Desktop/wfcrl/wind farm RL/evidence/camera-video-20260919/stream-validation/synthetic-60s/master_frames/000577.png,3043,file,已结束测试的样帧、接收录像、合成输入或日志；不会影响全片渲染
可直接清理,项目验收目录,/Users/eason/Desktop/wfcrl/wind farm RL/evidence/camera-video-20260919/stream-validation/synthetic-60s/master_frames/000578.png,3137,file,已结束测试的样帧、接收录像、合成输入或日志；不会影响全片渲染
可直接清理,项目验收目录,/Users/eason/Desktop/wfcrl/wind farm RL/evidence/camera-video-20260919/stream-validation/synthetic-60s/master_frames/000579.png,3150,file,已结束测试的样帧、接收录像、合成输入或日志；不会影响全片渲染
可直接清理,项目验收目录,/Users/eason/Desktop/wfcrl/wind farm RL/evidence/camera-video-20260919/stream-validation/synthetic-60s/master_frames/000580.png,3017,file,已结束测试的样帧、接收录像、合成输入或日志；不会影响全片渲染
可直接清理,项目验收目录,/Users/eason/Desktop/wfcrl/wind farm RL/evidence/camera-video-20260919/stream-validation/synthetic-60s/master_frames/000581.png,3052,file,已结束测试的样帧、接收录像、合成输入或日志；不会影响全片渲染
可直接清理,项目验收目录,/Users/eason/Desktop/wfcrl/wind farm RL/evidence/camera-video-20260919/stream-validation/synthetic-60s/master_frames/000582.png,2959,file,已结束测试的样帧、接收录像、合成输入或日志；不会影响全片渲染
可直接清理,项目验收目录,/Users/eason/Desktop/wfcrl/wind farm RL/evidence/camera-video-20260919/stream-validation/synthetic-60s/master_frames/000583.png,2961,file,已结束测试的样帧、接收录像、合成输入或日志；不会影响全片渲染
可直接清理,项目验收目录,/Users/eason/Desktop/wfcrl/wind farm RL/evidence/camera-video-20260919/stream-validation/synthetic-60s/master_frames/000584.png,2882,file,已结束测试的样帧、接收录像、合成输入或日志；不会影响全片渲染
可直接清理,项目验收目录,/Users/eason/Desktop/wfcrl/wind farm RL/evidence/camera-video-20260919/stream-validation/synthetic-60s/master_frames/000585.png,2913,file,已结束测试的样帧、接收录像、合成输入或日志；不会影响全片渲染
可直接清理,项目验收目录,/Users/eason/Desktop/wfcrl/wind farm RL/evidence/camera-video-20260919/stream-validation/synthetic-60s/master_frames/000586.png,2831,file,已结束测试的样帧、接收录像、合成输入或日志；不会影响全片渲染
可直接清理,项目验收目录,/Users/eason/Desktop/wfcrl/wind farm RL/evidence/camera-video-20260919/stream-validation/synthetic-60s/master_frames/000587.png,2844,file,已结束测试的样帧、接收录像、合成输入或日志；不会影响全片渲染
可直接清理,项目验收目录,/Users/eason/Desktop/wfcrl/wind farm RL/evidence/camera-video-20260919/stream-validation/synthetic-60s/master_frames/000588.png,2883,file,已结束测试的样帧、接收录像、合成输入或日志；不会影响全片渲染
可直接清理,项目验收目录,/Users/eason/Desktop/wfcrl/wind farm RL/evidence/camera-video-20260919/stream-validation/synthetic-60s/master_frames/000589.png,2962,file,已结束测试的样帧、接收录像、合成输入或日志；不会影响全片渲染
可直接清理,项目验收目录,/Users/eason/Desktop/wfcrl/wind farm RL/evidence/camera-video-20260919/stream-validation/synthetic-60s/master_frames/000590.png,2814,file,已结束测试的样帧、接收录像、合成输入或日志；不会影响全片渲染
可直接清理,项目验收目录,/Users/eason/Desktop/wfcrl/wind farm RL/evidence/camera-video-20260919/stream-validation/synthetic-60s/master_frames/000591.png,2879,file,已结束测试的样帧、接收录像、合成输入或日志；不会影响全片渲染
可直接清理,项目验收目录,/Users/eason/Desktop/wfcrl/wind farm RL/evidence/camera-video-20260919/stream-validation/synthetic-60s/master_frames/000592.png,2963,file,已结束测试的样帧、接收录像、合成输入或日志；不会影响全片渲染
可直接清理,项目验收目录,/Users/eason/Desktop/wfcrl/wind farm RL/evidence/camera-video-20260919/stream-validation/synthetic-60s/master_frames/000593.png,3022,file,已结束测试的样帧、接收录像、合成输入或日志；不会影响全片渲染
可直接清理,项目验收目录,/Users/eason/Desktop/wfcrl/wind farm RL/evidence/camera-video-20260919/stream-validation/synthetic-60s/master_frames/000594.png,2980,file,已结束测试的样帧、接收录像、合成输入或日志；不会影响全片渲染
可直接清理,项目验收目录,/Users/eason/Desktop/wfcrl/wind farm RL/evidence/camera-video-20260919/stream-validation/synthetic-60s/master_frames/000595.png,3025,file,已结束测试的样帧、接收录像、合成输入或日志；不会影响全片渲染
可直接清理,项目验收目录,/Users/eason/Desktop/wfcrl/wind farm RL/evidence/camera-video-20260919/stream-validation/synthetic-60s/master_frames/000596.png,2992,file,已结束测试的样帧、接收录像、合成输入或日志；不会影响全片渲染
可直接清理,项目验收目录,/Users/eason/Desktop/wfcrl/wind farm RL/evidence/camera-video-20260919/stream-validation/synthetic-60s/master_frames/000597.png,2993,file,已结束测试的样帧、接收录像、合成输入或日志；不会影响全片渲染
可直接清理,项目验收目录,/Users/eason/Desktop/wfcrl/wind farm RL/evidence/camera-video-20260919/stream-validation/synthetic-60s/master_frames/000598.png,3062,file,已结束测试的样帧、接收录像、合成输入或日志；不会影响全片渲染
可直接清理,项目验收目录,/Users/eason/Desktop/wfcrl/wind farm RL/evidence/camera-video-20260919/stream-validation/synthetic-60s/master_frames/000599.png,3073,file,已结束测试的样帧、接收录像、合成输入或日志；不会影响全片渲染
可直接清理,项目验收目录,/Users/eason/Desktop/wfcrl/wind farm RL/evidence/camera-video-20260919/stream-validation/synthetic-60s/master_frames/000600.png,2970,file,已结束测试的样帧、接收录像、合成输入或日志；不会影响全片渲染
可直接清理,项目验收目录,/Users/eason/Desktop/wfcrl/wind farm RL/evidence/camera-video-20260919/stream-validation/synthetic-60s/master_frames/000601.png,3117,file,已结束测试的样帧、接收录像、合成输入或日志；不会影响全片渲染
可直接清理,项目验收目录,/Users/eason/Desktop/wfcrl/wind farm RL/evidence/camera-video-20260919/stream-validation/synthetic-60s/master_frames/000602.png,3099,file,已结束测试的样帧、接收录像、合成输入或日志；不会影响全片渲染
可直接清理,项目验收目录,/Users/eason/Desktop/wfcrl/wind farm RL/evidence/camera-video-20260919/stream-validation/synthetic-60s/master_frames/000603.png,3159,file,已结束测试的样帧、接收录像、合成输入或日志；不会影响全片渲染
可直接清理,项目验收目录,/Users/eason/Desktop/wfcrl/wind farm RL/evidence/camera-video-20260919/stream-validation/synthetic-60s/master_frames/000604.png,3096,file,已结束测试的样帧、接收录像、合成输入或日志；不会影响全片渲染
可直接清理,项目验收目录,/Users/eason/Desktop/wfcrl/wind farm RL/evidence/camera-video-20260919/stream-validation/synthetic-60s/master_frames/000605.png,3202,file,已结束测试的样帧、接收录像、合成输入或日志；不会影响全片渲染
可直接清理,项目验收目录,/Users/eason/Desktop/wfcrl/wind farm RL/evidence/camera-video-20260919/stream-validation/synthetic-60s/master_frames/000606.png,3144,file,已结束测试的样帧、接收录像、合成输入或日志；不会影响全片渲染
可直接清理,项目验收目录,/Users/eason/Desktop/wfcrl/wind farm RL/evidence/camera-video-20260919/stream-validation/synthetic-60s/master_frames/000607.png,3220,file,已结束测试的样帧、接收录像、合成输入或日志；不会影响全片渲染
可直接清理,项目验收目录,/Users/eason/Desktop/wfcrl/wind farm RL/evidence/camera-video-20260919/stream-validation/synthetic-60s/master_frames/000608.png,3183,file,已结束测试的样帧、接收录像、合成输入或日志；不会影响全片渲染
可直接清理,项目验收目录,/Users/eason/Desktop/wfcrl/wind farm RL/evidence/camera-video-20260919/stream-validation/synthetic-60s/master_frames/000609.png,3225,file,已结束测试的样帧、接收录像、合成输入或日志；不会影响全片渲染
可直接清理,项目验收目录,/Users/eason/Desktop/wfcrl/wind farm RL/evidence/camera-video-20260919/stream-validation/synthetic-60s/master_frames/000610.png,3198,file,已结束测试的样帧、接收录像、合成输入或日志；不会影响全片渲染
可直接清理,项目验收目录,/Users/eason/Desktop/wfcrl/wind farm RL/evidence/camera-video-20260919/stream-validation/synthetic-60s/master_frames/000611.png,3166,file,已结束测试的样帧、接收录像、合成输入或日志；不会影响全片渲染
可直接清理,项目验收目录,/Users/eason/Desktop/wfcrl/wind farm RL/evidence/camera-video-20260919/stream-validation/synthetic-60s/master_frames/000612.png,3167,file,已结束测试的样帧、接收录像、合成输入或日志；不会影响全片渲染
可直接清理,项目验收目录,/Users/eason/Desktop/wfcrl/wind farm RL/evidence/camera-video-20260919/stream-validation/synthetic-60s/master_frames/000613.png,3256,file,已结束测试的样帧、接收录像、合成输入或日志；不会影响全片渲染
可直接清理,项目验收目录,/Users/eason/Desktop/wfcrl/wind farm RL/evidence/camera-video-20260919/stream-validation/synthetic-60s/master_frames/000614.png,3161,file,已结束测试的样帧、接收录像、合成输入或日志；不会影响全片渲染
可直接清理,项目验收目录,/Users/eason/Desktop/wfcrl/wind farm RL/evidence/camera-video-20260919/stream-validation/synthetic-60s/master_frames/000615.png,3248,file,已结束测试的样帧、接收录像、合成输入或日志；不会影响全片渲染
可直接清理,项目验收目录,/Users/eason/Desktop/wfcrl/wind farm RL/evidence/camera-video-20260919/stream-validation/synthetic-60s/master_frames/000616.png,3193,file,已结束测试的样帧、接收录像、合成输入或日志；不会影响全片渲染
可直接清理,项目验收目录,/Users/eason/Desktop/wfcrl/wind farm RL/evidence/camera-video-20260919/stream-validation/synthetic-60s/master_frames/000617.png,3230,file,已结束测试的样帧、接收录像、合成输入或日志；不会影响全片渲染
可直接清理,项目验收目录,/Users/eason/Desktop/wfcrl/wind farm RL/evidence/camera-video-20260919/stream-validation/synthetic-60s/master_frames/000618.png,3244,file,已结束测试的样帧、接收录像、合成输入或日志；不会影响全片渲染
可直接清理,项目验收目录,/Users/eason/Desktop/wfcrl/wind farm RL/evidence/camera-video-20260919/stream-validation/synthetic-60s/master_frames/000619.png,3279,file,已结束测试的样帧、接收录像、合成输入或日志；不会影响全片渲染
可直接清理,项目验收目录,/Users/eason/Desktop/wfcrl/wind farm RL/evidence/camera-video-20260919/stream-validation/synthetic-60s/master_frames/000620.png,3234,file,已结束测试的样帧、接收录像、合成输入或日志；不会影响全片渲染
可直接清理,项目验收目录,/Users/eason/Desktop/wfcrl/wind farm RL/evidence/camera-video-20260919/stream-validation/synthetic-60s/master_frames/000621.png,3216,file,已结束测试的样帧、接收录像、合成输入或日志；不会影响全片渲染
可直接清理,项目验收目录,/Users/eason/Desktop/wfcrl/wind farm RL/evidence/camera-video-20260919/stream-validation/synthetic-60s/master_frames/000622.png,3234,file,已结束测试的样帧、接收录像、合成输入或日志；不会影响全片渲染
可直接清理,项目验收目录,/Users/eason/Desktop/wfcrl/wind farm RL/evidence/camera-video-20260919/stream-validation/synthetic-60s/master_frames/000623.png,3255,file,已结束测试的样帧、接收录像、合成输入或日志；不会影响全片渲染
可直接清理,项目验收目录,/Users/eason/Desktop/wfcrl/wind farm RL/evidence/camera-video-20260919/stream-validation/synthetic-60s/master_frames/000624.png,3246,file,已结束测试的样帧、接收录像、合成输入或日志；不会影响全片渲染
可直接清理,项目验收目录,/Users/eason/Desktop/wfcrl/wind farm RL/evidence/camera-video-20260919/stream-validation/synthetic-60s/master_frames/000625.png,3341,file,已结束测试的样帧、接收录像、合成输入或日志；不会影响全片渲染
可直接清理,项目验收目录,/Users/eason/Desktop/wfcrl/wind farm RL/evidence/camera-video-20260919/stream-validation/synthetic-60s/master_frames/000626.png,3352,file,已结束测试的样帧、接收录像、合成输入或日志；不会影响全片渲染
可直接清理,项目验收目录,/Users/eason/Desktop/wfcrl/wind farm RL/evidence/camera-video-20260919/stream-validation/synthetic-60s/master_frames/000627.png,3372,file,已结束测试的样帧、接收录像、合成输入或日志；不会影响全片渲染
可直接清理,项目验收目录,/Users/eason/Desktop/wfcrl/wind farm RL/evidence/camera-video-20260919/stream-validation/synthetic-60s/master_frames/000628.png,3317,file,已结束测试的样帧、接收录像、合成输入或日志；不会影响全片渲染
可直接清理,项目验收目录,/Users/eason/Desktop/wfcrl/wind farm RL/evidence/camera-video-20260919/stream-validation/synthetic-60s/master_frames/000629.png,3399,file,已结束测试的样帧、接收录像、合成输入或日志；不会影响全片渲染
可直接清理,项目验收目录,/Users/eason/Desktop/wfcrl/wind farm RL/evidence/camera-video-20260919/stream-validation/synthetic-60s/master_frames/000630.png,3356,file,已结束测试的样帧、接收录像、合成输入或日志；不会影响全片渲染
可直接清理,项目验收目录,/Users/eason/Desktop/wfcrl/wind farm RL/evidence/camera-video-20260919/stream-validation/synthetic-60s/master_frames/000631.png,3411,file,已结束测试的样帧、接收录像、合成输入或日志；不会影响全片渲染
可直接清理,项目验收目录,/Users/eason/Desktop/wfcrl/wind farm RL/evidence/camera-video-20260919/stream-validation/synthetic-60s/master_frames/000632.png,3448,file,已结束测试的样帧、接收录像、合成输入或日志；不会影响全片渲染
可直接清理,项目验收目录,/Users/eason/Desktop/wfcrl/wind farm RL/evidence/camera-video-20260919/stream-validation/synthetic-60s/master_frames/000633.png,3516,file,已结束测试的样帧、接收录像、合成输入或日志；不会影响全片渲染
可直接清理,项目验收目录,/Users/eason/Desktop/wfcrl/wind farm RL/evidence/camera-video-20260919/stream-validation/synthetic-60s/master_frames/000634.png,3461,file,已结束测试的样帧、接收录像、合成输入或日志；不会影响全片渲染
可直接清理,项目验收目录,/Users/eason/Desktop/wfcrl/wind farm RL/evidence/camera-video-20260919/stream-validation/synthetic-60s/master_frames/000635.png,3492,file,已结束测试的样帧、接收录像、合成输入或日志；不会影响全片渲染
可直接清理,项目验收目录,/Users/eason/Desktop/wfcrl/wind farm RL/evidence/camera-video-20260919/stream-validation/synthetic-60s/master_frames/000636.png,3476,file,已结束测试的样帧、接收录像、合成输入或日志；不会影响全片渲染
可直接清理,项目验收目录,/Users/eason/Desktop/wfcrl/wind farm RL/evidence/camera-video-20260919/stream-validation/synthetic-60s/master_frames/000637.png,3519,file,已结束测试的样帧、接收录像、合成输入或日志；不会影响全片渲染
可直接清理,项目验收目录,/Users/eason/Desktop/wfcrl/wind farm RL/evidence/camera-video-20260919/stream-validation/synthetic-60s/master_frames/000638.png,3512,file,已结束测试的样帧、接收录像、合成输入或日志；不会影响全片渲染
可直接清理,项目验收目录,/Users/eason/Desktop/wfcrl/wind farm RL/evidence/camera-video-20260919/stream-validation/synthetic-60s/master_frames/000639.png,3499,file,已结束测试的样帧、接收录像、合成输入或日志；不会影响全片渲染
可直接清理,项目验收目录,/Users/eason/Desktop/wfcrl/wind farm RL/evidence/camera-video-20260919/stream-validation/synthetic-60s/master_frames/000640.png,3366,file,已结束测试的样帧、接收录像、合成输入或日志；不会影响全片渲染
可直接清理,项目验收目录,/Users/eason/Desktop/wfcrl/wind farm RL/evidence/camera-video-20260919/stream-validation/synthetic-60s/master_frames/000641.png,3371,file,已结束测试的样帧、接收录像、合成输入或日志；不会影响全片渲染
可直接清理,项目验收目录,/Users/eason/Desktop/wfcrl/wind farm RL/evidence/camera-video-20260919/stream-validation/synthetic-60s/master_frames/000642.png,3286,file,已结束测试的样帧、接收录像、合成输入或日志；不会影响全片渲染
可直接清理,项目验收目录,/Users/eason/Desktop/wfcrl/wind farm RL/evidence/camera-video-20260919/stream-validation/synthetic-60s/master_frames/000643.png,3305,file,已结束测试的样帧、接收录像、合成输入或日志；不会影响全片渲染
可直接清理,项目验收目录,/Users/eason/Desktop/wfcrl/wind farm RL/evidence/camera-video-20260919/stream-validation/synthetic-60s/master_frames/000644.png,3175,file,已结束测试的样帧、接收录像、合成输入或日志；不会影响全片渲染
可直接清理,项目验收目录,/Users/eason/Desktop/wfcrl/wind farm RL/evidence/camera-video-20260919/stream-validation/synthetic-60s/master_frames/000645.png,3166,file,已结束测试的样帧、接收录像、合成输入或日志；不会影响全片渲染
可直接清理,项目验收目录,/Users/eason/Desktop/wfcrl/wind farm RL/evidence/camera-video-20260919/stream-validation/synthetic-60s/master_frames/000646.png,3211,file,已结束测试的样帧、接收录像、合成输入或日志；不会影响全片渲染
可直接清理,项目验收目录,/Users/eason/Desktop/wfcrl/wind farm RL/evidence/camera-video-20260919/stream-validation/synthetic-60s/master_frames/000647.png,3155,file,已结束测试的样帧、接收录像、合成输入或日志；不会影响全片渲染
可直接清理,项目验收目录,/Users/eason/Desktop/wfcrl/wind farm RL/evidence/camera-video-20260919/stream-validation/synthetic-60s/master_frames/000648.png,3166,file,已结束测试的样帧、接收录像、合成输入或日志；不会影响全片渲染
可直接清理,项目验收目录,/Users/eason/Desktop/wfcrl/wind farm RL/evidence/camera-video-20260919/stream-validation/synthetic-60s/master_frames/000649.png,3142,file,已结束测试的样帧、接收录像、合成输入或日志；不会影响全片渲染
可直接清理,项目验收目录,/Users/eason/Desktop/wfcrl/wind farm RL/evidence/camera-video-20260919/stream-validation/synthetic-60s/master_frames/000650.png,3045,file,已结束测试的样帧、接收录像、合成输入或日志；不会影响全片渲染
可直接清理,项目验收目录,/Users/eason/Desktop/wfcrl/wind farm RL/evidence/camera-video-20260919/stream-validation/synthetic-60s/master_frames/000651.png,3001,file,已结束测试的样帧、接收录像、合成输入或日志；不会影响全片渲染
可直接清理,项目验收目录,/Users/eason/Desktop/wfcrl/wind farm RL/evidence/camera-video-20260919/stream-validation/synthetic-60s/master_frames/000652.png,3034,file,已结束测试的样帧、接收录像、合成输入或日志；不会影响全片渲染
可直接清理,项目验收目录,/Users/eason/Desktop/wfcrl/wind farm RL/evidence/camera-video-20260919/stream-validation/synthetic-60s/master_frames/000653.png,2993,file,已结束测试的样帧、接收录像、合成输入或日志；不会影响全片渲染
可直接清理,项目验收目录,/Users/eason/Desktop/wfcrl/wind farm RL/evidence/camera-video-20260919/stream-validation/synthetic-60s/master_frames/000654.png,3081,file,已结束测试的样帧、接收录像、合成输入或日志；不会影响全片渲染
可直接清理,项目验收目录,/Users/eason/Desktop/wfcrl/wind farm RL/evidence/camera-video-20260919/stream-validation/synthetic-60s/master_frames/000655.png,3063,file,已结束测试的样帧、接收录像、合成输入或日志；不会影响全片渲染
可直接清理,项目验收目录,/Users/eason/Desktop/wfcrl/wind farm RL/evidence/camera-video-20260919/stream-validation/synthetic-60s/master_frames/000656.png,3105,file,已结束测试的样帧、接收录像、合成输入或日志；不会影响全片渲染
可直接清理,项目验收目录,/Users/eason/Desktop/wfcrl/wind farm RL/evidence/camera-video-20260919/stream-validation/synthetic-60s/master_frames/000657.png,3053,file,已结束测试的样帧、接收录像、合成输入或日志；不会影响全片渲染
可直接清理,项目验收目录,/Users/eason/Desktop/wfcrl/wind farm RL/evidence/camera-video-20260919/stream-validation/synthetic-60s/master_frames/000658.png,3187,file,已结束测试的样帧、接收录像、合成输入或日志；不会影响全片渲染
可直接清理,项目验收目录,/Users/eason/Desktop/wfcrl/wind farm RL/evidence/camera-video-20260919/stream-validation/synthetic-60s/master_frames/000659.png,3163,file,已结束测试的样帧、接收录像、合成输入或日志；不会影响全片渲染
可直接清理,项目验收目录,/Users/eason/Desktop/wfcrl/wind farm RL/evidence/camera-video-20260919/stream-validation/synthetic-60s/master_frames/000660.png,3104,file,已结束测试的样帧、接收录像、合成输入或日志；不会影响全片渲染
可直接清理,项目验收目录,/Users/eason/Desktop/wfcrl/wind farm RL/evidence/camera-video-20260919/stream-validation/synthetic-60s/master_frames/000661.png,3116,file,已结束测试的样帧、接收录像、合成输入或日志；不会影响全片渲染
可直接清理,项目验收目录,/Users/eason/Desktop/wfcrl/wind farm RL/evidence/camera-video-20260919/stream-validation/synthetic-60s/master_frames/000662.png,3080,file,已结束测试的样帧、接收录像、合成输入或日志；不会影响全片渲染
可直接清理,项目验收目录,/Users/eason/Desktop/wfcrl/wind farm RL/evidence/camera-video-20260919/stream-validation/synthetic-60s/master_frames/000663.png,3105,file,已结束测试的样帧、接收录像、合成输入或日志；不会影响全片渲染
可直接清理,项目验收目录,/Users/eason/Desktop/wfcrl/wind farm RL/evidence/camera-video-20260919/stream-validation/synthetic-60s/master_frames/000664.png,3020,file,已结束测试的样帧、接收录像、合成输入或日志；不会影响全片渲染
可直接清理,项目验收目录,/Users/eason/Desktop/wfcrl/wind farm RL/evidence/camera-video-20260919/stream-validation/synthetic-60s/master_frames/000665.png,3018,file,已结束测试的样帧、接收录像、合成输入或日志；不会影响全片渲染
可直接清理,项目验收目录,/Users/eason/Desktop/wfcrl/wind farm RL/evidence/camera-video-20260919/stream-validation/synthetic-60s/master_frames/000666.png,2930,file,已结束测试的样帧、接收录像、合成输入或日志；不会影响全片渲染
可直接清理,项目验收目录,/Users/eason/Desktop/wfcrl/wind farm RL/evidence/camera-video-20260919/stream-validation/synthetic-60s/master_frames/000667.png,2951,file,已结束测试的样帧、接收录像、合成输入或日志；不会影响全片渲染
可直接清理,项目验收目录,/Users/eason/Desktop/wfcrl/wind farm RL/evidence/camera-video-20260919/stream-validation/synthetic-60s/master_frames/000668.png,2996,file,已结束测试的样帧、接收录像、合成输入或日志；不会影响全片渲染
可直接清理,项目验收目录,/Users/eason/Desktop/wfcrl/wind farm RL/evidence/camera-video-20260919/stream-validation/synthetic-60s/master_frames/000669.png,3061,file,已结束测试的样帧、接收录像、合成输入或日志；不会影响全片渲染
可直接清理,项目验收目录,/Users/eason/Desktop/wfcrl/wind farm RL/evidence/camera-video-20260919/stream-validation/synthetic-60s/master_frames/000670.png,2926,file,已结束测试的样帧、接收录像、合成输入或日志；不会影响全片渲染
可直接清理,项目验收目录,/Users/eason/Desktop/wfcrl/wind farm RL/evidence/camera-video-20260919/stream-validation/synthetic-60s/master_frames/000671.png,2959,file,已结束测试的样帧、接收录像、合成输入或日志；不会影响全片渲染
可直接清理,项目验收目录,/Users/eason/Desktop/wfcrl/wind farm RL/evidence/camera-video-20260919/stream-validation/synthetic-60s/master_frames/000672.png,2962,file,已结束测试的样帧、接收录像、合成输入或日志；不会影响全片渲染
可直接清理,项目验收目录,/Users/eason/Desktop/wfcrl/wind farm RL/evidence/camera-video-20260919/stream-validation/synthetic-60s/master_frames/000673.png,3039,file,已结束测试的样帧、接收录像、合成输入或日志；不会影响全片渲染
可直接清理,项目验收目录,/Users/eason/Desktop/wfcrl/wind farm RL/evidence/camera-video-20260919/stream-validation/synthetic-60s/master_frames/000674.png,3074,file,已结束测试的样帧、接收录像、合成输入或日志；不会影响全片渲染
可直接清理,项目验收目录,/Users/eason/Desktop/wfcrl/wind farm RL/evidence/camera-video-20260919/stream-validation/synthetic-60s/master_frames/000675.png,3068,file,已结束测试的样帧、接收录像、合成输入或日志；不会影响全片渲染
可直接清理,项目验收目录,/Users/eason/Desktop/wfcrl/wind farm RL/evidence/camera-video-20260919/stream-validation/synthetic-60s/master_frames/000676.png,3011,file,已结束测试的样帧、接收录像、合成输入或日志；不会影响全片渲染
可直接清理,项目验收目录,/Users/eason/Desktop/wfcrl/wind farm RL/evidence/camera-video-20260919/stream-validation/synthetic-60s/master_frames/000677.png,2940,file,已结束测试的样帧、接收录像、合成输入或日志；不会影响全片渲染
可直接清理,项目验收目录,/Users/eason/Desktop/wfcrl/wind farm RL/evidence/camera-video-20260919/stream-validation/synthetic-60s/master_frames/000678.png,3062,file,已结束测试的样帧、接收录像、合成输入或日志；不会影响全片渲染
可直接清理,项目验收目录,/Users/eason/Desktop/wfcrl/wind farm RL/evidence/camera-video-20260919/stream-validation/synthetic-60s/master_frames/000679.png,3064,file,已结束测试的样帧、接收录像、合成输入或日志；不会影响全片渲染
可直接清理,项目验收目录,/Users/eason/Desktop/wfcrl/wind farm RL/evidence/camera-video-20260919/stream-validation/synthetic-60s/master_frames/000680.png,3067,file,已结束测试的样帧、接收录像、合成输入或日志；不会影响全片渲染
可直接清理,项目验收目录,/Users/eason/Desktop/wfcrl/wind farm RL/evidence/camera-video-20260919/stream-validation/synthetic-60s/master_frames/000681.png,3104,file,已结束测试的样帧、接收录像、合成输入或日志；不会影响全片渲染
可直接清理,项目验收目录,/Users/eason/Desktop/wfcrl/wind farm RL/evidence/camera-video-20260919/stream-validation/synthetic-60s/master_frames/000682.png,3143,file,已结束测试的样帧、接收录像、合成输入或日志；不会影响全片渲染
可直接清理,项目验收目录,/Users/eason/Desktop/wfcrl/wind farm RL/evidence/camera-video-20260919/stream-validation/synthetic-60s/master_frames/000683.png,3134,file,已结束测试的样帧、接收录像、合成输入或日志；不会影响全片渲染
可直接清理,项目验收目录,/Users/eason/Desktop/wfcrl/wind farm RL/evidence/camera-video-20260919/stream-validation/synthetic-60s/master_frames/000684.png,3193,file,已结束测试的样帧、接收录像、合成输入或日志；不会影响全片渲染
可直接清理,项目验收目录,/Users/eason/Desktop/wfcrl/wind farm RL/evidence/camera-video-20260919/stream-validation/synthetic-60s/master_frames/000685.png,3281,file,已结束测试的样帧、接收录像、合成输入或日志；不会影响全片渲染
可直接清理,项目验收目录,/Users/eason/Desktop/wfcrl/wind farm RL/evidence/camera-video-20260919/stream-validation/synthetic-60s/master_frames/000686.png,3214,file,已结束测试的样帧、接收录像、合成输入或日志；不会影响全片渲染
可直接清理,项目验收目录,/Users/eason/Desktop/wfcrl/wind farm RL/evidence/camera-video-20260919/stream-validation/synthetic-60s/master_frames/000687.png,3183,file,已结束测试的样帧、接收录像、合成输入或日志；不会影响全片渲染
可直接清理,项目验收目录,/Users/eason/Desktop/wfcrl/wind farm RL/evidence/camera-video-20260919/stream-validation/synthetic-60s/master_frames/000688.png,3153,file,已结束测试的样帧、接收录像、合成输入或日志；不会影响全片渲染
可直接清理,项目验收目录,/Users/eason/Desktop/wfcrl/wind farm RL/evidence/camera-video-20260919/stream-validation/synthetic-60s/master_frames/000689.png,3242,file,已结束测试的样帧、接收录像、合成输入或日志；不会影响全片渲染
可直接清理,项目验收目录,/Users/eason/Desktop/wfcrl/wind farm RL/evidence/camera-video-20260919/stream-validation/synthetic-60s/master_frames/000690.png,3203,file,已结束测试的样帧、接收录像、合成输入或日志；不会影响全片渲染
可直接清理,项目验收目录,/Users/eason/Desktop/wfcrl/wind farm RL/evidence/camera-video-20260919/stream-validation/synthetic-60s/master_frames/000691.png,3210,file,已结束测试的样帧、接收录像、合成输入或日志；不会影响全片渲染
可直接清理,项目验收目录,/Users/eason/Desktop/wfcrl/wind farm RL/evidence/camera-video-20260919/stream-validation/synthetic-60s/master_frames/000692.png,3206,file,已结束测试的样帧、接收录像、合成输入或日志；不会影响全片渲染
可直接清理,项目验收目录,/Users/eason/Desktop/wfcrl/wind farm RL/evidence/camera-video-20260919/stream-validation/synthetic-60s/master_frames/000693.png,3243,file,已结束测试的样帧、接收录像、合成输入或日志；不会影响全片渲染
可直接清理,项目验收目录,/Users/eason/Desktop/wfcrl/wind farm RL/evidence/camera-video-20260919/stream-validation/synthetic-60s/master_frames/000694.png,3204,file,已结束测试的样帧、接收录像、合成输入或日志；不会影响全片渲染
可直接清理,项目验收目录,/Users/eason/Desktop/wfcrl/wind farm RL/evidence/camera-video-20260919/stream-validation/synthetic-60s/master_frames/000695.png,3252,file,已结束测试的样帧、接收录像、合成输入或日志；不会影响全片渲染
可直接清理,项目验收目录,/Users/eason/Desktop/wfcrl/wind farm RL/evidence/camera-video-20260919/stream-validation/synthetic-60s/master_frames/000696.png,3302,file,已结束测试的样帧、接收录像、合成输入或日志；不会影响全片渲染
可直接清理,项目验收目录,/Users/eason/Desktop/wfcrl/wind farm RL/evidence/camera-video-20260919/stream-validation/synthetic-60s/master_frames/000697.png,3247,file,已结束测试的样帧、接收录像、合成输入或日志；不会影响全片渲染
可直接清理,项目验收目录,/Users/eason/Desktop/wfcrl/wind farm RL/evidence/camera-video-20260919/stream-validation/synthetic-60s/master_frames/000698.png,3317,file,已结束测试的样帧、接收录像、合成输入或日志；不会影响全片渲染
可直接清理,项目验收目录,/Users/eason/Desktop/wfcrl/wind farm RL/evidence/camera-video-20260919/stream-validation/synthetic-60s/master_frames/000699.png,3331,file,已结束测试的样帧、接收录像、合成输入或日志；不会影响全片渲染
可直接清理,项目验收目录,/Users/eason/Desktop/wfcrl/wind farm RL/evidence/camera-video-20260919/stream-validation/synthetic-60s/master_frames/000700.png,3223,file,已结束测试的样帧、接收录像、合成输入或日志；不会影响全片渲染
可直接清理,项目验收目录,/Users/eason/Desktop/wfcrl/wind farm RL/evidence/camera-video-20260919/stream-validation/synthetic-60s/master_frames/000701.png,3265,file,已结束测试的样帧、接收录像、合成输入或日志；不会影响全片渲染
可直接清理,项目验收目录,/Users/eason/Desktop/wfcrl/wind farm RL/evidence/camera-video-20260919/stream-validation/synthetic-60s/master_frames/000702.png,3270,file,已结束测试的样帧、接收录像、合成输入或日志；不会影响全片渲染
可直接清理,项目验收目录,/Users/eason/Desktop/wfcrl/wind farm RL/evidence/camera-video-20260919/stream-validation/synthetic-60s/master_frames/000703.png,3329,file,已结束测试的样帧、接收录像、合成输入或日志；不会影响全片渲染
可直接清理,项目验收目录,/Users/eason/Desktop/wfcrl/wind farm RL/evidence/camera-video-20260919/stream-validation/synthetic-60s/master_frames/000704.png,3374,file,已结束测试的样帧、接收录像、合成输入或日志；不会影响全片渲染
可直接清理,项目验收目录,/Users/eason/Desktop/wfcrl/wind farm RL/evidence/camera-video-20260919/stream-validation/synthetic-60s/master_frames/000705.png,3366,file,已结束测试的样帧、接收录像、合成输入或日志；不会影响全片渲染
可直接清理,项目验收目录,/Users/eason/Desktop/wfcrl/wind farm RL/evidence/camera-video-20260919/stream-validation/synthetic-60s/master_frames/000706.png,3380,file,已结束测试的样帧、接收录像、合成输入或日志；不会影响全片渲染
可直接清理,项目验收目录,/Users/eason/Desktop/wfcrl/wind farm RL/evidence/camera-video-20260919/stream-validation/synthetic-60s/master_frames/000707.png,3354,file,已结束测试的样帧、接收录像、合成输入或日志；不会影响全片渲染
可直接清理,项目验收目录,/Users/eason/Desktop/wfcrl/wind farm RL/evidence/camera-video-20260919/stream-validation/synthetic-60s/master_frames/000708.png,3384,file,已结束测试的样帧、接收录像、合成输入或日志；不会影响全片渲染
可直接清理,项目验收目录,/Users/eason/Desktop/wfcrl/wind farm RL/evidence/camera-video-20260919/stream-validation/synthetic-60s/master_frames/000709.png,3410,file,已结束测试的样帧、接收录像、合成输入或日志；不会影响全片渲染
可直接清理,项目验收目录,/Users/eason/Desktop/wfcrl/wind farm RL/evidence/camera-video-20260919/stream-validation/synthetic-60s/master_frames/000710.png,3394,file,已结束测试的样帧、接收录像、合成输入或日志；不会影响全片渲染
可直接清理,项目验收目录,/Users/eason/Desktop/wfcrl/wind farm RL/evidence/camera-video-20260919/stream-validation/synthetic-60s/master_frames/000711.png,3397,file,已结束测试的样帧、接收录像、合成输入或日志；不会影响全片渲染
可直接清理,项目验收目录,/Users/eason/Desktop/wfcrl/wind farm RL/evidence/camera-video-20260919/stream-validation/synthetic-60s/master_frames/000712.png,3458,file,已结束测试的样帧、接收录像、合成输入或日志；不会影响全片渲染
可直接清理,项目验收目录,/Users/eason/Desktop/wfcrl/wind farm RL/evidence/camera-video-20260919/stream-validation/synthetic-60s/master_frames/000713.png,3521,file,已结束测试的样帧、接收录像、合成输入或日志；不会影响全片渲染
可直接清理,项目验收目录,/Users/eason/Desktop/wfcrl/wind farm RL/evidence/camera-video-20260919/stream-validation/synthetic-60s/master_frames/000714.png,3455,file,已结束测试的样帧、接收录像、合成输入或日志；不会影响全片渲染
可直接清理,项目验收目录,/Users/eason/Desktop/wfcrl/wind farm RL/evidence/camera-video-20260919/stream-validation/synthetic-60s/master_frames/000715.png,3472,file,已结束测试的样帧、接收录像、合成输入或日志；不会影响全片渲染
可直接清理,项目验收目录,/Users/eason/Desktop/wfcrl/wind farm RL/evidence/camera-video-20260919/stream-validation/synthetic-60s/master_frames/000716.png,3515,file,已结束测试的样帧、接收录像、合成输入或日志；不会影响全片渲染
可直接清理,项目验收目录,/Users/eason/Desktop/wfcrl/wind farm RL/evidence/camera-video-20260919/stream-validation/synthetic-60s/master_frames/000717.png,3468,file,已结束测试的样帧、接收录像、合成输入或日志；不会影响全片渲染
可直接清理,项目验收目录,/Users/eason/Desktop/wfcrl/wind farm RL/evidence/camera-video-20260919/stream-validation/synthetic-60s/master_frames/000718.png,3477,file,已结束测试的样帧、接收录像、合成输入或日志；不会影响全片渲染
可直接清理,项目验收目录,/Users/eason/Desktop/wfcrl/wind farm RL/evidence/camera-video-20260919/stream-validation/synthetic-60s/master_frames/000719.png,3472,file,已结束测试的样帧、接收录像、合成输入或日志；不会影响全片渲染
可直接清理,项目验收目录,/Users/eason/Desktop/wfcrl/wind farm RL/evidence/camera-video-20260919/stream-validation/synthetic-60s/master_frames/000720.png,3375,file,已结束测试的样帧、接收录像、合成输入或日志；不会影响全片渲染
可直接清理,项目验收目录,/Users/eason/Desktop/wfcrl/wind farm RL/evidence/camera-video-20260919/stream-validation/synthetic-60s/master_frames/000721.png,3393,file,已结束测试的样帧、接收录像、合成输入或日志；不会影响全片渲染
可直接清理,项目验收目录,/Users/eason/Desktop/wfcrl/wind farm RL/evidence/camera-video-20260919/stream-validation/synthetic-60s/master_frames/000722.png,3348,file,已结束测试的样帧、接收录像、合成输入或日志；不会影响全片渲染
可直接清理,项目验收目录,/Users/eason/Desktop/wfcrl/wind farm RL/evidence/camera-video-20260919/stream-validation/synthetic-60s/master_frames/000723.png,3402,file,已结束测试的样帧、接收录像、合成输入或日志；不会影响全片渲染
可直接清理,项目验收目录,/Users/eason/Desktop/wfcrl/wind farm RL/evidence/camera-video-20260919/stream-validation/synthetic-60s/master_frames/000724.png,3306,file,已结束测试的样帧、接收录像、合成输入或日志；不会影响全片渲染
可直接清理,项目验收目录,/Users/eason/Desktop/wfcrl/wind farm RL/evidence/camera-video-20260919/stream-validation/synthetic-60s/master_frames/000725.png,3308,file,已结束测试的样帧、接收录像、合成输入或日志；不会影响全片渲染
可直接清理,项目验收目录,/Users/eason/Desktop/wfcrl/wind farm RL/evidence/camera-video-20260919/stream-validation/synthetic-60s/master_frames/000726.png,3301,file,已结束测试的样帧、接收录像、合成输入或日志；不会影响全片渲染
可直接清理,项目验收目录,/Users/eason/Desktop/wfcrl/wind farm RL/evidence/camera-video-20260919/stream-validation/synthetic-60s/master_frames/000727.png,3260,file,已结束测试的样帧、接收录像、合成输入或日志；不会影响全片渲染
可直接清理,项目验收目录,/Users/eason/Desktop/wfcrl/wind farm RL/evidence/camera-video-20260919/stream-validation/synthetic-60s/master_frames/000728.png,3255,file,已结束测试的样帧、接收录像、合成输入或日志；不会影响全片渲染
可直接清理,项目验收目录,/Users/eason/Desktop/wfcrl/wind farm RL/evidence/camera-video-20260919/stream-validation/synthetic-60s/master_frames/000729.png,3256,file,已结束测试的样帧、接收录像、合成输入或日志；不会影响全片渲染
可直接清理,项目验收目录,/Users/eason/Desktop/wfcrl/wind farm RL/evidence/camera-video-20260919/stream-validation/synthetic-60s/master_frames/000730.png,3193,file,已结束测试的样帧、接收录像、合成输入或日志；不会影响全片渲染
可直接清理,项目验收目录,/Users/eason/Desktop/wfcrl/wind farm RL/evidence/camera-video-20260919/stream-validation/synthetic-60s/master_frames/000731.png,3149,file,已结束测试的样帧、接收录像、合成输入或日志；不会影响全片渲染
可直接清理,项目验收目录,/Users/eason/Desktop/wfcrl/wind farm RL/evidence/camera-video-20260919/stream-validation/synthetic-60s/master_frames/000732.png,3175,file,已结束测试的样帧、接收录像、合成输入或日志；不会影响全片渲染
可直接清理,项目验收目录,/Users/eason/Desktop/wfcrl/wind farm RL/evidence/camera-video-20260919/stream-validation/synthetic-60s/master_frames/000733.png,3184,file,已结束测试的样帧、接收录像、合成输入或日志；不会影响全片渲染
可直接清理,项目验收目录,/Users/eason/Desktop/wfcrl/wind farm RL/evidence/camera-video-20260919/stream-validation/synthetic-60s/master_frames/000734.png,3150,file,已结束测试的样帧、接收录像、合成输入或日志；不会影响全片渲染
可直接清理,项目验收目录,/Users/eason/Desktop/wfcrl/wind farm RL/evidence/camera-video-20260919/stream-validation/synthetic-60s/master_frames/000735.png,3132,file,已结束测试的样帧、接收录像、合成输入或日志；不会影响全片渲染
可直接清理,项目验收目录,/Users/eason/Desktop/wfcrl/wind farm RL/evidence/camera-video-20260919/stream-validation/synthetic-60s/master_frames/000736.png,3208,file,已结束测试的样帧、接收录像、合成输入或日志；不会影响全片渲染
可直接清理,项目验收目录,/Users/eason/Desktop/wfcrl/wind farm RL/evidence/camera-video-20260919/stream-validation/synthetic-60s/master_frames/000737.png,3179,file,已结束测试的样帧、接收录像、合成输入或日志；不会影响全片渲染
可直接清理,项目验收目录,/Users/eason/Desktop/wfcrl/wind farm RL/evidence/camera-video-20260919/stream-validation/synthetic-60s/master_frames/000738.png,3249,file,已结束测试的样帧、接收录像、合成输入或日志；不会影响全片渲染
可直接清理,项目验收目录,/Users/eason/Desktop/wfcrl/wind farm RL/evidence/camera-video-20260919/stream-validation/synthetic-60s/master_frames/000739.png,3202,file,已结束测试的样帧、接收录像、合成输入或日志；不会影响全片渲染
可直接清理,项目验收目录,/Users/eason/Desktop/wfcrl/wind farm RL/evidence/camera-video-20260919/stream-validation/synthetic-60s/master_frames/000740.png,3087,file,已结束测试的样帧、接收录像、合成输入或日志；不会影响全片渲染
可直接清理,项目验收目录,/Users/eason/Desktop/wfcrl/wind farm RL/evidence/camera-video-20260919/stream-validation/synthetic-60s/master_frames/000741.png,3091,file,已结束测试的样帧、接收录像、合成输入或日志；不会影响全片渲染
可直接清理,项目验收目录,/Users/eason/Desktop/wfcrl/wind farm RL/evidence/camera-video-20260919/stream-validation/synthetic-60s/master_frames/000742.png,3095,file,已结束测试的样帧、接收录像、合成输入或日志；不会影响全片渲染
可直接清理,项目验收目录,/Users/eason/Desktop/wfcrl/wind farm RL/evidence/camera-video-20260919/stream-validation/synthetic-60s/master_frames/000743.png,3112,file,已结束测试的样帧、接收录像、合成输入或日志；不会影响全片渲染
可直接清理,项目验收目录,/Users/eason/Desktop/wfcrl/wind farm RL/evidence/camera-video-20260919/stream-validation/synthetic-60s/master_frames/000744.png,2924,file,已结束测试的样帧、接收录像、合成输入或日志；不会影响全片渲染
可直接清理,项目验收目录,/Users/eason/Desktop/wfcrl/wind farm RL/evidence/camera-video-20260919/stream-validation/synthetic-60s/master_frames/000745.png,3035,file,已结束测试的样帧、接收录像、合成输入或日志；不会影响全片渲染
可直接清理,项目验收目录,/Users/eason/Desktop/wfcrl/wind farm RL/evidence/camera-video-20260919/stream-validation/synthetic-60s/master_frames/000746.png,2914,file,已结束测试的样帧、接收录像、合成输入或日志；不会影响全片渲染
可直接清理,项目验收目录,/Users/eason/Desktop/wfcrl/wind farm RL/evidence/camera-video-20260919/stream-validation/synthetic-60s/master_frames/000747.png,2923,file,已结束测试的样帧、接收录像、合成输入或日志；不会影响全片渲染
可直接清理,项目验收目录,/Users/eason/Desktop/wfcrl/wind farm RL/evidence/camera-video-20260919/stream-validation/synthetic-60s/master_frames/000748.png,2989,file,已结束测试的样帧、接收录像、合成输入或日志；不会影响全片渲染
可直接清理,项目验收目录,/Users/eason/Desktop/wfcrl/wind farm RL/evidence/camera-video-20260919/stream-validation/synthetic-60s/master_frames/000749.png,3025,file,已结束测试的样帧、接收录像、合成输入或日志；不会影响全片渲染
可直接清理,项目验收目录,/Users/eason/Desktop/wfcrl/wind farm RL/evidence/camera-video-20260919/stream-validation/synthetic-60s/master_frames/000750.png,2926,file,已结束测试的样帧、接收录像、合成输入或日志；不会影响全片渲染
可直接清理,项目验收目录,/Users/eason/Desktop/wfcrl/wind farm RL/evidence/camera-video-20260919/stream-validation/synthetic-60s/master_frames/000751.png,2950,file,已结束测试的样帧、接收录像、合成输入或日志；不会影响全片渲染
可直接清理,项目验收目录,/Users/eason/Desktop/wfcrl/wind farm RL/evidence/camera-video-20260919/stream-validation/synthetic-60s/master_frames/000752.png,2967,file,已结束测试的样帧、接收录像、合成输入或日志；不会影响全片渲染
可直接清理,项目验收目录,/Users/eason/Desktop/wfcrl/wind farm RL/evidence/camera-video-20260919/stream-validation/synthetic-60s/master_frames/000753.png,3008,file,已结束测试的样帧、接收录像、合成输入或日志；不会影响全片渲染
可直接清理,项目验收目录,/Users/eason/Desktop/wfcrl/wind farm RL/evidence/camera-video-20260919/stream-validation/synthetic-60s/master_frames/000754.png,2905,file,已结束测试的样帧、接收录像、合成输入或日志；不会影响全片渲染
可直接清理,项目验收目录,/Users/eason/Desktop/wfcrl/wind farm RL/evidence/camera-video-20260919/stream-validation/synthetic-60s/master_frames/000755.png,2848,file,已结束测试的样帧、接收录像、合成输入或日志；不会影响全片渲染
可直接清理,项目验收目录,/Users/eason/Desktop/wfcrl/wind farm RL/evidence/camera-video-20260919/stream-validation/synthetic-60s/master_frames/000756.png,2945,file,已结束测试的样帧、接收录像、合成输入或日志；不会影响全片渲染
可直接清理,项目验收目录,/Users/eason/Desktop/wfcrl/wind farm RL/evidence/camera-video-20260919/stream-validation/synthetic-60s/master_frames/000757.png,2950,file,已结束测试的样帧、接收录像、合成输入或日志；不会影响全片渲染
可直接清理,项目验收目录,/Users/eason/Desktop/wfcrl/wind farm RL/evidence/camera-video-20260919/stream-validation/synthetic-60s/master_frames/000758.png,3011,file,已结束测试的样帧、接收录像、合成输入或日志；不会影响全片渲染
可直接清理,项目验收目录,/Users/eason/Desktop/wfcrl/wind farm RL/evidence/camera-video-20260919/stream-validation/synthetic-60s/master_frames/000759.png,2999,file,已结束测试的样帧、接收录像、合成输入或日志；不会影响全片渲染
可直接清理,项目验收目录,/Users/eason/Desktop/wfcrl/wind farm RL/evidence/camera-video-20260919/stream-validation/synthetic-60s/master_frames/000760.png,2954,file,已结束测试的样帧、接收录像、合成输入或日志；不会影响全片渲染
可直接清理,项目验收目录,/Users/eason/Desktop/wfcrl/wind farm RL/evidence/camera-video-20260919/stream-validation/synthetic-60s/master_frames/000761.png,3000,file,已结束测试的样帧、接收录像、合成输入或日志；不会影响全片渲染
可直接清理,项目验收目录,/Users/eason/Desktop/wfcrl/wind farm RL/evidence/camera-video-20260919/stream-validation/synthetic-60s/master_frames/000762.png,2983,file,已结束测试的样帧、接收录像、合成输入或日志；不会影响全片渲染
可直接清理,项目验收目录,/Users/eason/Desktop/wfcrl/wind farm RL/evidence/camera-video-20260919/stream-validation/synthetic-60s/master_frames/000763.png,3104,file,已结束测试的样帧、接收录像、合成输入或日志；不会影响全片渲染
可直接清理,项目验收目录,/Users/eason/Desktop/wfcrl/wind farm RL/evidence/camera-video-20260919/stream-validation/synthetic-60s/master_frames/000764.png,2990,file,已结束测试的样帧、接收录像、合成输入或日志；不会影响全片渲染
可直接清理,项目验收目录,/Users/eason/Desktop/wfcrl/wind farm RL/evidence/camera-video-20260919/stream-validation/synthetic-60s/master_frames/000765.png,3056,file,已结束测试的样帧、接收录像、合成输入或日志；不会影响全片渲染
可直接清理,项目验收目录,/Users/eason/Desktop/wfcrl/wind farm RL/evidence/camera-video-20260919/stream-validation/synthetic-60s/master_frames/000766.png,3019,file,已结束测试的样帧、接收录像、合成输入或日志；不会影响全片渲染
可直接清理,项目验收目录,/Users/eason/Desktop/wfcrl/wind farm RL/evidence/camera-video-20260919/stream-validation/synthetic-60s/master_frames/000767.png,3066,file,已结束测试的样帧、接收录像、合成输入或日志；不会影响全片渲染
可直接清理,项目验收目录,/Users/eason/Desktop/wfcrl/wind farm RL/evidence/camera-video-20260919/stream-validation/synthetic-60s/master_frames/000768.png,3030,file,已结束测试的样帧、接收录像、合成输入或日志；不会影响全片渲染
可直接清理,项目验收目录,/Users/eason/Desktop/wfcrl/wind farm RL/evidence/camera-video-20260919/stream-validation/synthetic-60s/master_frames/000769.png,3095,file,已结束测试的样帧、接收录像、合成输入或日志；不会影响全片渲染
可直接清理,项目验收目录,/Users/eason/Desktop/wfcrl/wind farm RL/evidence/camera-video-20260919/stream-validation/synthetic-60s/master_frames/000770.png,2923,file,已结束测试的样帧、接收录像、合成输入或日志；不会影响全片渲染
可直接清理,项目验收目录,/Users/eason/Desktop/wfcrl/wind farm RL/evidence/camera-video-20260919/stream-validation/synthetic-60s/master_frames/000771.png,2931,file,已结束测试的样帧、接收录像、合成输入或日志；不会影响全片渲染
可直接清理,项目验收目录,/Users/eason/Desktop/wfcrl/wind farm RL/evidence/camera-video-20260919/stream-validation/synthetic-60s/master_frames/000772.png,2937,file,已结束测试的样帧、接收录像、合成输入或日志；不会影响全片渲染
可直接清理,项目验收目录,/Users/eason/Desktop/wfcrl/wind farm RL/evidence/camera-video-20260919/stream-validation/synthetic-60s/master_frames/000773.png,2921,file,已结束测试的样帧、接收录像、合成输入或日志；不会影响全片渲染
可直接清理,项目验收目录,/Users/eason/Desktop/wfcrl/wind farm RL/evidence/camera-video-20260919/stream-validation/synthetic-60s/master_frames/000774.png,2892,file,已结束测试的样帧、接收录像、合成输入或日志；不会影响全片渲染
可直接清理,项目验收目录,/Users/eason/Desktop/wfcrl/wind farm RL/evidence/camera-video-20260919/stream-validation/synthetic-60s/master_frames/000775.png,2910,file,已结束测试的样帧、接收录像、合成输入或日志；不会影响全片渲染
可直接清理,项目验收目录,/Users/eason/Desktop/wfcrl/wind farm RL/evidence/camera-video-20260919/stream-validation/synthetic-60s/master_frames/000776.png,2919,file,已结束测试的样帧、接收录像、合成输入或日志；不会影响全片渲染
可直接清理,项目验收目录,/Users/eason/Desktop/wfcrl/wind farm RL/evidence/camera-video-20260919/stream-validation/synthetic-60s/master_frames/000777.png,2896,file,已结束测试的样帧、接收录像、合成输入或日志；不会影响全片渲染
可直接清理,项目验收目录,/Users/eason/Desktop/wfcrl/wind farm RL/evidence/camera-video-20260919/stream-validation/synthetic-60s/master_frames/000778.png,2969,file,已结束测试的样帧、接收录像、合成输入或日志；不会影响全片渲染
可直接清理,项目验收目录,/Users/eason/Desktop/wfcrl/wind farm RL/evidence/camera-video-20260919/stream-validation/synthetic-60s/master_frames/000779.png,3087,file,已结束测试的样帧、接收录像、合成输入或日志；不会影响全片渲染
可直接清理,项目验收目录,/Users/eason/Desktop/wfcrl/wind farm RL/evidence/camera-video-20260919/stream-validation/synthetic-60s/master_frames/000780.png,3133,file,已结束测试的样帧、接收录像、合成输入或日志；不会影响全片渲染
可直接清理,项目验收目录,/Users/eason/Desktop/wfcrl/wind farm RL/evidence/camera-video-20260919/stream-validation/synthetic-60s/master_frames/000781.png,3145,file,已结束测试的样帧、接收录像、合成输入或日志；不会影响全片渲染
可直接清理,项目验收目录,/Users/eason/Desktop/wfcrl/wind farm RL/evidence/camera-video-20260919/stream-validation/synthetic-60s/master_frames/000782.png,3179,file,已结束测试的样帧、接收录像、合成输入或日志；不会影响全片渲染
可直接清理,项目验收目录,/Users/eason/Desktop/wfcrl/wind farm RL/evidence/camera-video-20260919/stream-validation/synthetic-60s/master_frames/000783.png,3201,file,已结束测试的样帧、接收录像、合成输入或日志；不会影响全片渲染
可直接清理,项目验收目录,/Users/eason/Desktop/wfcrl/wind farm RL/evidence/camera-video-20260919/stream-validation/synthetic-60s/master_frames/000784.png,3288,file,已结束测试的样帧、接收录像、合成输入或日志；不会影响全片渲染
可直接清理,项目验收目录,/Users/eason/Desktop/wfcrl/wind farm RL/evidence/camera-video-20260919/stream-validation/synthetic-60s/master_frames/000785.png,3297,file,已结束测试的样帧、接收录像、合成输入或日志；不会影响全片渲染
可直接清理,项目验收目录,/Users/eason/Desktop/wfcrl/wind farm RL/evidence/camera-video-20260919/stream-validation/synthetic-60s/master_frames/000786.png,3333,file,已结束测试的样帧、接收录像、合成输入或日志；不会影响全片渲染
可直接清理,项目验收目录,/Users/eason/Desktop/wfcrl/wind farm RL/evidence/camera-video-20260919/stream-validation/synthetic-60s/master_frames/000787.png,3395,file,已结束测试的样帧、接收录像、合成输入或日志；不会影响全片渲染
可直接清理,项目验收目录,/Users/eason/Desktop/wfcrl/wind farm RL/evidence/camera-video-20260919/stream-validation/synthetic-60s/master_frames/000788.png,3387,file,已结束测试的样帧、接收录像、合成输入或日志；不会影响全片渲染
可直接清理,项目验收目录,/Users/eason/Desktop/wfcrl/wind farm RL/evidence/camera-video-20260919/stream-validation/synthetic-60s/master_frames/000789.png,3433,file,已结束测试的样帧、接收录像、合成输入或日志；不会影响全片渲染
可直接清理,项目验收目录,/Users/eason/Desktop/wfcrl/wind farm RL/evidence/camera-video-20260919/stream-validation/synthetic-60s/master_frames/000790.png,3446,file,已结束测试的样帧、接收录像、合成输入或日志；不会影响全片渲染
可直接清理,项目验收目录,/Users/eason/Desktop/wfcrl/wind farm RL/evidence/camera-video-20260919/stream-validation/synthetic-60s/master_frames/000791.png,3471,file,已结束测试的样帧、接收录像、合成输入或日志；不会影响全片渲染
可直接清理,项目验收目录,/Users/eason/Desktop/wfcrl/wind farm RL/evidence/camera-video-20260919/stream-validation/synthetic-60s/master_frames/000792.png,3460,file,已结束测试的样帧、接收录像、合成输入或日志；不会影响全片渲染
可直接清理,项目验收目录,/Users/eason/Desktop/wfcrl/wind farm RL/evidence/camera-video-20260919/stream-validation/synthetic-60s/master_frames/000793.png,3535,file,已结束测试的样帧、接收录像、合成输入或日志；不会影响全片渲染
可直接清理,项目验收目录,/Users/eason/Desktop/wfcrl/wind farm RL/evidence/camera-video-20260919/stream-validation/synthetic-60s/master_frames/000794.png,3485,file,已结束测试的样帧、接收录像、合成输入或日志；不会影响全片渲染
可直接清理,项目验收目录,/Users/eason/Desktop/wfcrl/wind farm RL/evidence/camera-video-20260919/stream-validation/synthetic-60s/master_frames/000795.png,3559,file,已结束测试的样帧、接收录像、合成输入或日志；不会影响全片渲染
可直接清理,项目验收目录,/Users/eason/Desktop/wfcrl/wind farm RL/evidence/camera-video-20260919/stream-validation/synthetic-60s/master_frames/000796.png,3516,file,已结束测试的样帧、接收录像、合成输入或日志；不会影响全片渲染
可直接清理,项目验收目录,/Users/eason/Desktop/wfcrl/wind farm RL/evidence/camera-video-20260919/stream-validation/synthetic-60s/master_frames/000797.png,3539,file,已结束测试的样帧、接收录像、合成输入或日志；不会影响全片渲染
可直接清理,项目验收目录,/Users/eason/Desktop/wfcrl/wind farm RL/evidence/camera-video-20260919/stream-validation/synthetic-60s/master_frames/000798.png,3525,file,已结束测试的样帧、接收录像、合成输入或日志；不会影响全片渲染
可直接清理,项目验收目录,/Users/eason/Desktop/wfcrl/wind farm RL/evidence/camera-video-20260919/stream-validation/synthetic-60s/master_frames/000799.png,3540,file,已结束测试的样帧、接收录像、合成输入或日志；不会影响全片渲染
可直接清理,项目验收目录,/Users/eason/Desktop/wfcrl/wind farm RL/evidence/camera-video-20260919/stream-validation/synthetic-60s/master_frames/000800.png,3387,file,已结束测试的样帧、接收录像、合成输入或日志；不会影响全片渲染
可直接清理,项目验收目录,/Users/eason/Desktop/wfcrl/wind farm RL/evidence/camera-video-20260919/stream-validation/synthetic-60s/master_frames/000801.png,3387,file,已结束测试的样帧、接收录像、合成输入或日志；不会影响全片渲染
可直接清理,项目验收目录,/Users/eason/Desktop/wfcrl/wind farm RL/evidence/camera-video-20260919/stream-validation/synthetic-60s/master_frames/000802.png,3356,file,已结束测试的样帧、接收录像、合成输入或日志；不会影响全片渲染
可直接清理,项目验收目录,/Users/eason/Desktop/wfcrl/wind farm RL/evidence/camera-video-20260919/stream-validation/synthetic-60s/master_frames/000803.png,3408,file,已结束测试的样帧、接收录像、合成输入或日志；不会影响全片渲染
可直接清理,项目验收目录,/Users/eason/Desktop/wfcrl/wind farm RL/evidence/camera-video-20260919/stream-validation/synthetic-60s/master_frames/000804.png,3238,file,已结束测试的样帧、接收录像、合成输入或日志；不会影响全片渲染
可直接清理,项目验收目录,/Users/eason/Desktop/wfcrl/wind farm RL/evidence/camera-video-20260919/stream-validation/synthetic-60s/master_frames/000805.png,3305,file,已结束测试的样帧、接收录像、合成输入或日志；不会影响全片渲染
可直接清理,项目验收目录,/Users/eason/Desktop/wfcrl/wind farm RL/evidence/camera-video-20260919/stream-validation/synthetic-60s/master_frames/000806.png,3151,file,已结束测试的样帧、接收录像、合成输入或日志；不会影响全片渲染
可直接清理,项目验收目录,/Users/eason/Desktop/wfcrl/wind farm RL/evidence/camera-video-20260919/stream-validation/synthetic-60s/master_frames/000807.png,3202,file,已结束测试的样帧、接收录像、合成输入或日志；不会影响全片渲染
可直接清理,项目验收目录,/Users/eason/Desktop/wfcrl/wind farm RL/evidence/camera-video-20260919/stream-validation/synthetic-60s/master_frames/000808.png,3163,file,已结束测试的样帧、接收录像、合成输入或日志；不会影响全片渲染
可直接清理,项目验收目录,/Users/eason/Desktop/wfcrl/wind farm RL/evidence/camera-video-20260919/stream-validation/synthetic-60s/master_frames/000809.png,3247,file,已结束测试的样帧、接收录像、合成输入或日志；不会影响全片渲染
可直接清理,项目验收目录,/Users/eason/Desktop/wfcrl/wind farm RL/evidence/camera-video-20260919/stream-validation/synthetic-60s/master_frames/000810.png,3131,file,已结束测试的样帧、接收录像、合成输入或日志；不会影响全片渲染
可直接清理,项目验收目录,/Users/eason/Desktop/wfcrl/wind farm RL/evidence/camera-video-20260919/stream-validation/synthetic-60s/master_frames/000811.png,3121,file,已结束测试的样帧、接收录像、合成输入或日志；不会影响全片渲染
可直接清理,项目验收目录,/Users/eason/Desktop/wfcrl/wind farm RL/evidence/camera-video-20260919/stream-validation/synthetic-60s/master_frames/000812.png,3085,file,已结束测试的样帧、接收录像、合成输入或日志；不会影响全片渲染
可直接清理,项目验收目录,/Users/eason/Desktop/wfcrl/wind farm RL/evidence/camera-video-20260919/stream-validation/synthetic-60s/master_frames/000813.png,3125,file,已结束测试的样帧、接收录像、合成输入或日志；不会影响全片渲染
可直接清理,项目验收目录,/Users/eason/Desktop/wfcrl/wind farm RL/evidence/camera-video-20260919/stream-validation/synthetic-60s/master_frames/000814.png,3162,file,已结束测试的样帧、接收录像、合成输入或日志；不会影响全片渲染
可直接清理,项目验收目录,/Users/eason/Desktop/wfcrl/wind farm RL/evidence/camera-video-20260919/stream-validation/synthetic-60s/master_frames/000815.png,3163,file,已结束测试的样帧、接收录像、合成输入或日志；不会影响全片渲染
可直接清理,项目验收目录,/Users/eason/Desktop/wfcrl/wind farm RL/evidence/camera-video-20260919/stream-validation/synthetic-60s/master_frames/000816.png,3103,file,已结束测试的样帧、接收录像、合成输入或日志；不会影响全片渲染
可直接清理,项目验收目录,/Users/eason/Desktop/wfcrl/wind farm RL/evidence/camera-video-20260919/stream-validation/synthetic-60s/master_frames/000817.png,3102,file,已结束测试的样帧、接收录像、合成输入或日志；不会影响全片渲染
可直接清理,项目验收目录,/Users/eason/Desktop/wfcrl/wind farm RL/evidence/camera-video-20260919/stream-validation/synthetic-60s/master_frames/000818.png,3150,file,已结束测试的样帧、接收录像、合成输入或日志；不会影响全片渲染
可直接清理,项目验收目录,/Users/eason/Desktop/wfcrl/wind farm RL/evidence/camera-video-20260919/stream-validation/synthetic-60s/master_frames/000819.png,3197,file,已结束测试的样帧、接收录像、合成输入或日志；不会影响全片渲染
可直接清理,项目验收目录,/Users/eason/Desktop/wfcrl/wind farm RL/evidence/camera-video-20260919/stream-validation/synthetic-60s/master_frames/000820.png,3081,file,已结束测试的样帧、接收录像、合成输入或日志；不会影响全片渲染
可直接清理,项目验收目录,/Users/eason/Desktop/wfcrl/wind farm RL/evidence/camera-video-20260919/stream-validation/synthetic-60s/master_frames/000821.png,3115,file,已结束测试的样帧、接收录像、合成输入或日志；不会影响全片渲染
可直接清理,项目验收目录,/Users/eason/Desktop/wfcrl/wind farm RL/evidence/camera-video-20260919/stream-validation/synthetic-60s/master_frames/000822.png,3057,file,已结束测试的样帧、接收录像、合成输入或日志；不会影响全片渲染
可直接清理,项目验收目录,/Users/eason/Desktop/wfcrl/wind farm RL/evidence/camera-video-20260919/stream-validation/synthetic-60s/master_frames/000823.png,3082,file,已结束测试的样帧、接收录像、合成输入或日志；不会影响全片渲染
可直接清理,项目验收目录,/Users/eason/Desktop/wfcrl/wind farm RL/evidence/camera-video-20260919/stream-validation/synthetic-60s/master_frames/000824.png,2949,file,已结束测试的样帧、接收录像、合成输入或日志；不会影响全片渲染
可直接清理,项目验收目录,/Users/eason/Desktop/wfcrl/wind farm RL/evidence/camera-video-20260919/stream-validation/synthetic-60s/master_frames/000825.png,2967,file,已结束测试的样帧、接收录像、合成输入或日志；不会影响全片渲染
可直接清理,项目验收目录,/Users/eason/Desktop/wfcrl/wind farm RL/evidence/camera-video-20260919/stream-validation/synthetic-60s/master_frames/000826.png,2863,file,已结束测试的样帧、接收录像、合成输入或日志；不会影响全片渲染
可直接清理,项目验收目录,/Users/eason/Desktop/wfcrl/wind farm RL/evidence/camera-video-20260919/stream-validation/synthetic-60s/master_frames/000827.png,2860,file,已结束测试的样帧、接收录像、合成输入或日志；不会影响全片渲染
可直接清理,项目验收目录,/Users/eason/Desktop/wfcrl/wind farm RL/evidence/camera-video-20260919/stream-validation/synthetic-60s/master_frames/000828.png,2930,file,已结束测试的样帧、接收录像、合成输入或日志；不会影响全片渲染
可直接清理,项目验收目录,/Users/eason/Desktop/wfcrl/wind farm RL/evidence/camera-video-20260919/stream-validation/synthetic-60s/master_frames/000829.png,3032,file,已结束测试的样帧、接收录像、合成输入或日志；不会影响全片渲染
可直接清理,项目验收目录,/Users/eason/Desktop/wfcrl/wind farm RL/evidence/camera-video-20260919/stream-validation/synthetic-60s/master_frames/000830.png,2920,file,已结束测试的样帧、接收录像、合成输入或日志；不会影响全片渲染
可直接清理,项目验收目录,/Users/eason/Desktop/wfcrl/wind farm RL/evidence/camera-video-20260919/stream-validation/synthetic-60s/master_frames/000831.png,2845,file,已结束测试的样帧、接收录像、合成输入或日志；不会影响全片渲染
可直接清理,项目验收目录,/Users/eason/Desktop/wfcrl/wind farm RL/evidence/camera-video-20260919/stream-validation/synthetic-60s/master_frames/000832.png,2955,file,已结束测试的样帧、接收录像、合成输入或日志；不会影响全片渲染
可直接清理,项目验收目录,/Users/eason/Desktop/wfcrl/wind farm RL/evidence/camera-video-20260919/stream-validation/synthetic-60s/master_frames/000833.png,2973,file,已结束测试的样帧、接收录像、合成输入或日志；不会影响全片渲染
可直接清理,项目验收目录,/Users/eason/Desktop/wfcrl/wind farm RL/evidence/camera-video-20260919/stream-validation/synthetic-60s/master_frames/000834.png,2974,file,已结束测试的样帧、接收录像、合成输入或日志；不会影响全片渲染
可直接清理,项目验收目录,/Users/eason/Desktop/wfcrl/wind farm RL/evidence/camera-video-20260919/stream-validation/synthetic-60s/master_frames/000835.png,3039,file,已结束测试的样帧、接收录像、合成输入或日志；不会影响全片渲染
可直接清理,项目验收目录,/Users/eason/Desktop/wfcrl/wind farm RL/evidence/camera-video-20260919/stream-validation/synthetic-60s/master_frames/000836.png,2971,file,已结束测试的样帧、接收录像、合成输入或日志；不会影响全片渲染
可直接清理,项目验收目录,/Users/eason/Desktop/wfcrl/wind farm RL/evidence/camera-video-20260919/stream-validation/synthetic-60s/master_frames/000837.png,2928,file,已结束测试的样帧、接收录像、合成输入或日志；不会影响全片渲染
可直接清理,项目验收目录,/Users/eason/Desktop/wfcrl/wind farm RL/evidence/camera-video-20260919/stream-validation/synthetic-60s/master_frames/000838.png,3032,file,已结束测试的样帧、接收录像、合成输入或日志；不会影响全片渲染
可直接清理,项目验收目录,/Users/eason/Desktop/wfcrl/wind farm RL/evidence/camera-video-20260919/stream-validation/synthetic-60s/master_frames/000839.png,3069,file,已结束测试的样帧、接收录像、合成输入或日志；不会影响全片渲染
可直接清理,项目验收目录,/Users/eason/Desktop/wfcrl/wind farm RL/evidence/camera-video-20260919/stream-validation/synthetic-60s/master_frames/000840.png,3087,file,已结束测试的样帧、接收录像、合成输入或日志；不会影响全片渲染
可直接清理,项目验收目录,/Users/eason/Desktop/wfcrl/wind farm RL/evidence/camera-video-20260919/stream-validation/synthetic-60s/master_frames/000841.png,3168,file,已结束测试的样帧、接收录像、合成输入或日志；不会影响全片渲染
可直接清理,项目验收目录,/Users/eason/Desktop/wfcrl/wind farm RL/evidence/camera-video-20260919/stream-validation/synthetic-60s/master_frames/000842.png,3127,file,已结束测试的样帧、接收录像、合成输入或日志；不会影响全片渲染
可直接清理,项目验收目录,/Users/eason/Desktop/wfcrl/wind farm RL/evidence/camera-video-20260919/stream-validation/synthetic-60s/master_frames/000843.png,3178,file,已结束测试的样帧、接收录像、合成输入或日志；不会影响全片渲染
可直接清理,项目验收目录,/Users/eason/Desktop/wfcrl/wind farm RL/evidence/camera-video-20260919/stream-validation/synthetic-60s/master_frames/000844.png,3132,file,已结束测试的样帧、接收录像、合成输入或日志；不会影响全片渲染
可直接清理,项目验收目录,/Users/eason/Desktop/wfcrl/wind farm RL/evidence/camera-video-20260919/stream-validation/synthetic-60s/master_frames/000845.png,3200,file,已结束测试的样帧、接收录像、合成输入或日志；不会影响全片渲染
可直接清理,项目验收目录,/Users/eason/Desktop/wfcrl/wind farm RL/evidence/camera-video-20260919/stream-validation/synthetic-60s/master_frames/000846.png,3158,file,已结束测试的样帧、接收录像、合成输入或日志；不会影响全片渲染
可直接清理,项目验收目录,/Users/eason/Desktop/wfcrl/wind farm RL/evidence/camera-video-20260919/stream-validation/synthetic-60s/master_frames/000847.png,3206,file,已结束测试的样帧、接收录像、合成输入或日志；不会影响全片渲染
可直接清理,项目验收目录,/Users/eason/Desktop/wfcrl/wind farm RL/evidence/camera-video-20260919/stream-validation/synthetic-60s/master_frames/000848.png,3143,file,已结束测试的样帧、接收录像、合成输入或日志；不会影响全片渲染
可直接清理,项目验收目录,/Users/eason/Desktop/wfcrl/wind farm RL/evidence/camera-video-20260919/stream-validation/synthetic-60s/master_frames/000849.png,3203,file,已结束测试的样帧、接收录像、合成输入或日志；不会影响全片渲染
可直接清理,项目验收目录,/Users/eason/Desktop/wfcrl/wind farm RL/evidence/camera-video-20260919/stream-validation/synthetic-60s/master_frames/000850.png,3174,file,已结束测试的样帧、接收录像、合成输入或日志；不会影响全片渲染
可直接清理,项目验收目录,/Users/eason/Desktop/wfcrl/wind farm RL/evidence/camera-video-20260919/stream-validation/synthetic-60s/master_frames/000851.png,3144,file,已结束测试的样帧、接收录像、合成输入或日志；不会影响全片渲染
可直接清理,项目验收目录,/Users/eason/Desktop/wfcrl/wind farm RL/evidence/camera-video-20260919/stream-validation/synthetic-60s/master_frames/000852.png,3133,file,已结束测试的样帧、接收录像、合成输入或日志；不会影响全片渲染
可直接清理,项目验收目录,/Users/eason/Desktop/wfcrl/wind farm RL/evidence/camera-video-20260919/stream-validation/synthetic-60s/master_frames/000853.png,3180,file,已结束测试的样帧、接收录像、合成输入或日志；不会影响全片渲染
可直接清理,项目验收目录,/Users/eason/Desktop/wfcrl/wind farm RL/evidence/camera-video-20260919/stream-validation/synthetic-60s/master_frames/000854.png,3138,file,已结束测试的样帧、接收录像、合成输入或日志；不会影响全片渲染
可直接清理,项目验收目录,/Users/eason/Desktop/wfcrl/wind farm RL/evidence/camera-video-20260919/stream-validation/synthetic-60s/master_frames/000855.png,3178,file,已结束测试的样帧、接收录像、合成输入或日志；不会影响全片渲染
可直接清理,项目验收目录,/Users/eason/Desktop/wfcrl/wind farm RL/evidence/camera-video-20260919/stream-validation/synthetic-60s/master_frames/000856.png,3171,file,已结束测试的样帧、接收录像、合成输入或日志；不会影响全片渲染
可直接清理,项目验收目录,/Users/eason/Desktop/wfcrl/wind farm RL/evidence/camera-video-20260919/stream-validation/synthetic-60s/master_frames/000857.png,3119,file,已结束测试的样帧、接收录像、合成输入或日志；不会影响全片渲染
可直接清理,项目验收目录,/Users/eason/Desktop/wfcrl/wind farm RL/evidence/camera-video-20260919/stream-validation/synthetic-60s/master_frames/000858.png,3196,file,已结束测试的样帧、接收录像、合成输入或日志；不会影响全片渲染
可直接清理,项目验收目录,/Users/eason/Desktop/wfcrl/wind farm RL/evidence/camera-video-20260919/stream-validation/synthetic-60s/master_frames/000859.png,3268,file,已结束测试的样帧、接收录像、合成输入或日志；不会影响全片渲染
可直接清理,项目验收目录,/Users/eason/Desktop/wfcrl/wind farm RL/evidence/camera-video-20260919/stream-validation/synthetic-60s/master_frames/000860.png,3243,file,已结束测试的样帧、接收录像、合成输入或日志；不会影响全片渲染
可直接清理,项目验收目录,/Users/eason/Desktop/wfcrl/wind farm RL/evidence/camera-video-20260919/stream-validation/synthetic-60s/master_frames/000861.png,3255,file,已结束测试的样帧、接收录像、合成输入或日志；不会影响全片渲染
可直接清理,项目验收目录,/Users/eason/Desktop/wfcrl/wind farm RL/evidence/camera-video-20260919/stream-validation/synthetic-60s/master_frames/000862.png,3254,file,已结束测试的样帧、接收录像、合成输入或日志；不会影响全片渲染
可直接清理,项目验收目录,/Users/eason/Desktop/wfcrl/wind farm RL/evidence/camera-video-20260919/stream-validation/synthetic-60s/master_frames/000863.png,3186,file,已结束测试的样帧、接收录像、合成输入或日志；不会影响全片渲染
可直接清理,项目验收目录,/Users/eason/Desktop/wfcrl/wind farm RL/evidence/camera-video-20260919/stream-validation/synthetic-60s/master_frames/000864.png,3247,file,已结束测试的样帧、接收录像、合成输入或日志；不会影响全片渲染
可直接清理,项目验收目录,/Users/eason/Desktop/wfcrl/wind farm RL/evidence/camera-video-20260919/stream-validation/synthetic-60s/master_frames/000865.png,3350,file,已结束测试的样帧、接收录像、合成输入或日志；不会影响全片渲染
可直接清理,项目验收目录,/Users/eason/Desktop/wfcrl/wind farm RL/evidence/camera-video-20260919/stream-validation/synthetic-60s/master_frames/000866.png,3368,file,已结束测试的样帧、接收录像、合成输入或日志；不会影响全片渲染
可直接清理,项目验收目录,/Users/eason/Desktop/wfcrl/wind farm RL/evidence/camera-video-20260919/stream-validation/synthetic-60s/master_frames/000867.png,3373,file,已结束测试的样帧、接收录像、合成输入或日志；不会影响全片渲染
可直接清理,项目验收目录,/Users/eason/Desktop/wfcrl/wind farm RL/evidence/camera-video-20260919/stream-validation/synthetic-60s/master_frames/000868.png,3360,file,已结束测试的样帧、接收录像、合成输入或日志；不会影响全片渲染
可直接清理,项目验收目录,/Users/eason/Desktop/wfcrl/wind farm RL/evidence/camera-video-20260919/stream-validation/synthetic-60s/master_frames/000869.png,3455,file,已结束测试的样帧、接收录像、合成输入或日志；不会影响全片渲染
可直接清理,项目验收目录,/Users/eason/Desktop/wfcrl/wind farm RL/evidence/camera-video-20260919/stream-validation/synthetic-60s/master_frames/000870.png,3363,file,已结束测试的样帧、接收录像、合成输入或日志；不会影响全片渲染
可直接清理,项目验收目录,/Users/eason/Desktop/wfcrl/wind farm RL/evidence/camera-video-20260919/stream-validation/synthetic-60s/master_frames/000871.png,3318,file,已结束测试的样帧、接收录像、合成输入或日志；不会影响全片渲染
可直接清理,项目验收目录,/Users/eason/Desktop/wfcrl/wind farm RL/evidence/camera-video-20260919/stream-validation/synthetic-60s/master_frames/000872.png,3356,file,已结束测试的样帧、接收录像、合成输入或日志；不会影响全片渲染
可直接清理,项目验收目录,/Users/eason/Desktop/wfcrl/wind farm RL/evidence/camera-video-20260919/stream-validation/synthetic-60s/master_frames/000873.png,3445,file,已结束测试的样帧、接收录像、合成输入或日志；不会影响全片渲染
可直接清理,项目验收目录,/Users/eason/Desktop/wfcrl/wind farm RL/evidence/camera-video-20260919/stream-validation/synthetic-60s/master_frames/000874.png,3388,file,已结束测试的样帧、接收录像、合成输入或日志；不会影响全片渲染
可直接清理,项目验收目录,/Users/eason/Desktop/wfcrl/wind farm RL/evidence/camera-video-20260919/stream-validation/synthetic-60s/master_frames/000875.png,3424,file,已结束测试的样帧、接收录像、合成输入或日志；不会影响全片渲染
可直接清理,项目验收目录,/Users/eason/Desktop/wfcrl/wind farm RL/evidence/camera-video-20260919/stream-validation/synthetic-60s/master_frames/000876.png,3388,file,已结束测试的样帧、接收录像、合成输入或日志；不会影响全片渲染
可直接清理,项目验收目录,/Users/eason/Desktop/wfcrl/wind farm RL/evidence/camera-video-20260919/stream-validation/synthetic-60s/master_frames/000877.png,3383,file,已结束测试的样帧、接收录像、合成输入或日志；不会影响全片渲染
可直接清理,项目验收目录,/Users/eason/Desktop/wfcrl/wind farm RL/evidence/camera-video-20260919/stream-validation/synthetic-60s/master_frames/000878.png,3433,file,已结束测试的样帧、接收录像、合成输入或日志；不会影响全片渲染
可直接清理,项目验收目录,/Users/eason/Desktop/wfcrl/wind farm RL/evidence/camera-video-20260919/stream-validation/synthetic-60s/master_frames/000879.png,3410,file,已结束测试的样帧、接收录像、合成输入或日志；不会影响全片渲染
可直接清理,项目验收目录,/Users/eason/Desktop/wfcrl/wind farm RL/evidence/camera-video-20260919/stream-validation/synthetic-60s/master_frames/000880.png,3328,file,已结束测试的样帧、接收录像、合成输入或日志；不会影响全片渲染
可直接清理,项目验收目录,/Users/eason/Desktop/wfcrl/wind farm RL/evidence/camera-video-20260919/stream-validation/synthetic-60s/master_frames/000881.png,3343,file,已结束测试的样帧、接收录像、合成输入或日志；不会影响全片渲染
可直接清理,项目验收目录,/Users/eason/Desktop/wfcrl/wind farm RL/evidence/camera-video-20260919/stream-validation/synthetic-60s/master_frames/000882.png,3247,file,已结束测试的样帧、接收录像、合成输入或日志；不会影响全片渲染
可直接清理,项目验收目录,/Users/eason/Desktop/wfcrl/wind farm RL/evidence/camera-video-20260919/stream-validation/synthetic-60s/master_frames/000883.png,3245,file,已结束测试的样帧、接收录像、合成输入或日志；不会影响全片渲染
可直接清理,项目验收目录,/Users/eason/Desktop/wfcrl/wind farm RL/evidence/camera-video-20260919/stream-validation/synthetic-60s/master_frames/000884.png,3167,file,已结束测试的样帧、接收录像、合成输入或日志；不会影响全片渲染
可直接清理,项目验收目录,/Users/eason/Desktop/wfcrl/wind farm RL/evidence/camera-video-20260919/stream-validation/synthetic-60s/master_frames/000885.png,3113,file,已结束测试的样帧、接收录像、合成输入或日志；不会影响全片渲染
可直接清理,项目验收目录,/Users/eason/Desktop/wfcrl/wind farm RL/evidence/camera-video-20260919/stream-validation/synthetic-60s/master_frames/000886.png,3128,file,已结束测试的样帧、接收录像、合成输入或日志；不会影响全片渲染
可直接清理,项目验收目录,/Users/eason/Desktop/wfcrl/wind farm RL/evidence/camera-video-20260919/stream-validation/synthetic-60s/master_frames/000887.png,3047,file,已结束测试的样帧、接收录像、合成输入或日志；不会影响全片渲染
可直接清理,项目验收目录,/Users/eason/Desktop/wfcrl/wind farm RL/evidence/camera-video-20260919/stream-validation/synthetic-60s/master_frames/000888.png,3034,file,已结束测试的样帧、接收录像、合成输入或日志；不会影响全片渲染
可直接清理,项目验收目录,/Users/eason/Desktop/wfcrl/wind farm RL/evidence/camera-video-20260919/stream-validation/synthetic-60s/master_frames/000889.png,3042,file,已结束测试的样帧、接收录像、合成输入或日志；不会影响全片渲染
可直接清理,项目验收目录,/Users/eason/Desktop/wfcrl/wind farm RL/evidence/camera-video-20260919/stream-validation/synthetic-60s/master_frames/000890.png,2964,file,已结束测试的样帧、接收录像、合成输入或日志；不会影响全片渲染
可直接清理,项目验收目录,/Users/eason/Desktop/wfcrl/wind farm RL/evidence/camera-video-20260919/stream-validation/synthetic-60s/master_frames/000891.png,2964,file,已结束测试的样帧、接收录像、合成输入或日志；不会影响全片渲染
可直接清理,项目验收目录,/Users/eason/Desktop/wfcrl/wind farm RL/evidence/camera-video-20260919/stream-validation/synthetic-60s/master_frames/000892.png,2951,file,已结束测试的样帧、接收录像、合成输入或日志；不会影响全片渲染
可直接清理,项目验收目录,/Users/eason/Desktop/wfcrl/wind farm RL/evidence/camera-video-20260919/stream-validation/synthetic-60s/master_frames/000893.png,2998,file,已结束测试的样帧、接收录像、合成输入或日志；不会影响全片渲染
可直接清理,项目验收目录,/Users/eason/Desktop/wfcrl/wind farm RL/evidence/camera-video-20260919/stream-validation/synthetic-60s/master_frames/000894.png,3020,file,已结束测试的样帧、接收录像、合成输入或日志；不会影响全片渲染
可直接清理,项目验收目录,/Users/eason/Desktop/wfcrl/wind farm RL/evidence/camera-video-20260919/stream-validation/synthetic-60s/master_frames/000895.png,3066,file,已结束测试的样帧、接收录像、合成输入或日志；不会影响全片渲染
可直接清理,项目验收目录,/Users/eason/Desktop/wfcrl/wind farm RL/evidence/camera-video-20260919/stream-validation/synthetic-60s/master_frames/000896.png,2964,file,已结束测试的样帧、接收录像、合成输入或日志；不会影响全片渲染
可直接清理,项目验收目录,/Users/eason/Desktop/wfcrl/wind farm RL/evidence/camera-video-20260919/stream-validation/synthetic-60s/master_frames/000897.png,2984,file,已结束测试的样帧、接收录像、合成输入或日志；不会影响全片渲染
可直接清理,项目验收目录,/Users/eason/Desktop/wfcrl/wind farm RL/evidence/camera-video-20260919/stream-validation/synthetic-60s/master_frames/000898.png,3073,file,已结束测试的样帧、接收录像、合成输入或日志；不会影响全片渲染
可直接清理,项目验收目录,/Users/eason/Desktop/wfcrl/wind farm RL/evidence/camera-video-20260919/stream-validation/synthetic-60s/master_frames/000899.png,3106,file,已结束测试的样帧、接收录像、合成输入或日志；不会影响全片渲染
可直接清理,项目验收目录,/Users/eason/Desktop/wfcrl/wind farm RL/evidence/camera-video-20260919/stream-validation/synthetic-60s/master_frames/000900.png,3034,file,已结束测试的样帧、接收录像、合成输入或日志；不会影响全片渲染
可直接清理,项目验收目录,/Users/eason/Desktop/wfcrl/wind farm RL/evidence/camera-video-20260919/stream-validation/synthetic-60s/master_frames/000901.png,3141,file,已结束测试的样帧、接收录像、合成输入或日志；不会影响全片渲染
可直接清理,项目验收目录,/Users/eason/Desktop/wfcrl/wind farm RL/evidence/camera-video-20260919/stream-validation/synthetic-60s/master_frames/000902.png,3030,file,已结束测试的样帧、接收录像、合成输入或日志；不会影响全片渲染
可直接清理,项目验收目录,/Users/eason/Desktop/wfcrl/wind farm RL/evidence/camera-video-20260919/stream-validation/synthetic-60s/master_frames/000903.png,3151,file,已结束测试的样帧、接收录像、合成输入或日志；不会影响全片渲染
可直接清理,项目验收目录,/Users/eason/Desktop/wfcrl/wind farm RL/evidence/camera-video-20260919/stream-validation/synthetic-60s/master_frames/000904.png,3017,file,已结束测试的样帧、接收录像、合成输入或日志；不会影响全片渲染
可直接清理,项目验收目录,/Users/eason/Desktop/wfcrl/wind farm RL/evidence/camera-video-20260919/stream-validation/synthetic-60s/master_frames/000905.png,3071,file,已结束测试的样帧、接收录像、合成输入或日志；不会影响全片渲染
可直接清理,项目验收目录,/Users/eason/Desktop/wfcrl/wind farm RL/evidence/camera-video-20260919/stream-validation/synthetic-60s/master_frames/000906.png,2978,file,已结束测试的样帧、接收录像、合成输入或日志；不会影响全片渲染
可直接清理,项目验收目录,/Users/eason/Desktop/wfcrl/wind farm RL/evidence/camera-video-20260919/stream-validation/synthetic-60s/master_frames/000907.png,3028,file,已结束测试的样帧、接收录像、合成输入或日志；不会影响全片渲染
可直接清理,项目验收目录,/Users/eason/Desktop/wfcrl/wind farm RL/evidence/camera-video-20260919/stream-validation/synthetic-60s/master_frames/000908.png,3025,file,已结束测试的样帧、接收录像、合成输入或日志；不会影响全片渲染
可直接清理,项目验收目录,/Users/eason/Desktop/wfcrl/wind farm RL/evidence/camera-video-20260919/stream-validation/synthetic-60s/master_frames/000909.png,3109,file,已结束测试的样帧、接收录像、合成输入或日志；不会影响全片渲染
可直接清理,项目验收目录,/Users/eason/Desktop/wfcrl/wind farm RL/evidence/camera-video-20260919/stream-validation/synthetic-60s/master_frames/000910.png,3001,file,已结束测试的样帧、接收录像、合成输入或日志；不会影响全片渲染
可直接清理,项目验收目录,/Users/eason/Desktop/wfcrl/wind farm RL/evidence/camera-video-20260919/stream-validation/synthetic-60s/master_frames/000911.png,3021,file,已结束测试的样帧、接收录像、合成输入或日志；不会影响全片渲染
可直接清理,项目验收目录,/Users/eason/Desktop/wfcrl/wind farm RL/evidence/camera-video-20260919/stream-validation/synthetic-60s/master_frames/000912.png,3011,file,已结束测试的样帧、接收录像、合成输入或日志；不会影响全片渲染
可直接清理,项目验收目录,/Users/eason/Desktop/wfcrl/wind farm RL/evidence/camera-video-20260919/stream-validation/synthetic-60s/master_frames/000913.png,3105,file,已结束测试的样帧、接收录像、合成输入或日志；不会影响全片渲染
可直接清理,项目验收目录,/Users/eason/Desktop/wfcrl/wind farm RL/evidence/camera-video-20260919/stream-validation/synthetic-60s/master_frames/000914.png,3039,file,已结束测试的样帧、接收录像、合成输入或日志；不会影响全片渲染
可直接清理,项目验收目录,/Users/eason/Desktop/wfcrl/wind farm RL/evidence/camera-video-20260919/stream-validation/synthetic-60s/master_frames/000915.png,3076,file,已结束测试的样帧、接收录像、合成输入或日志；不会影响全片渲染
可直接清理,项目验收目录,/Users/eason/Desktop/wfcrl/wind farm RL/evidence/camera-video-20260919/stream-validation/synthetic-60s/master_frames/000916.png,3063,file,已结束测试的样帧、接收录像、合成输入或日志；不会影响全片渲染
可直接清理,项目验收目录,/Users/eason/Desktop/wfcrl/wind farm RL/evidence/camera-video-20260919/stream-validation/synthetic-60s/master_frames/000917.png,3033,file,已结束测试的样帧、接收录像、合成输入或日志；不会影响全片渲染
可直接清理,项目验收目录,/Users/eason/Desktop/wfcrl/wind farm RL/evidence/camera-video-20260919/stream-validation/synthetic-60s/master_frames/000918.png,2975,file,已结束测试的样帧、接收录像、合成输入或日志；不会影响全片渲染
可直接清理,项目验收目录,/Users/eason/Desktop/wfcrl/wind farm RL/evidence/camera-video-20260919/stream-validation/synthetic-60s/master_frames/000919.png,3034,file,已结束测试的样帧、接收录像、合成输入或日志；不会影响全片渲染
可直接清理,项目验收目录,/Users/eason/Desktop/wfcrl/wind farm RL/evidence/camera-video-20260919/stream-validation/synthetic-60s/master_frames/000920.png,3058,file,已结束测试的样帧、接收录像、合成输入或日志；不会影响全片渲染
可直接清理,项目验收目录,/Users/eason/Desktop/wfcrl/wind farm RL/evidence/camera-video-20260919/stream-validation/synthetic-60s/master_frames/000921.png,3082,file,已结束测试的样帧、接收录像、合成输入或日志；不会影响全片渲染
可直接清理,项目验收目录,/Users/eason/Desktop/wfcrl/wind farm RL/evidence/camera-video-20260919/stream-validation/synthetic-60s/master_frames/000922.png,3057,file,已结束测试的样帧、接收录像、合成输入或日志；不会影响全片渲染
可直接清理,项目验收目录,/Users/eason/Desktop/wfcrl/wind farm RL/evidence/camera-video-20260919/stream-validation/synthetic-60s/master_frames/000923.png,3178,file,已结束测试的样帧、接收录像、合成输入或日志；不会影响全片渲染
可直接清理,项目验收目录,/Users/eason/Desktop/wfcrl/wind farm RL/evidence/camera-video-20260919/stream-validation/synthetic-60s/master_frames/000924.png,3124,file,已结束测试的样帧、接收录像、合成输入或日志；不会影响全片渲染
可直接清理,项目验收目录,/Users/eason/Desktop/wfcrl/wind farm RL/evidence/camera-video-20260919/stream-validation/synthetic-60s/master_frames/000925.png,3220,file,已结束测试的样帧、接收录像、合成输入或日志；不会影响全片渲染
可直接清理,项目验收目录,/Users/eason/Desktop/wfcrl/wind farm RL/evidence/camera-video-20260919/stream-validation/synthetic-60s/master_frames/000926.png,3115,file,已结束测试的样帧、接收录像、合成输入或日志；不会影响全片渲染
可直接清理,项目验收目录,/Users/eason/Desktop/wfcrl/wind farm RL/evidence/camera-video-20260919/stream-validation/synthetic-60s/master_frames/000927.png,3152,file,已结束测试的样帧、接收录像、合成输入或日志；不会影响全片渲染
可直接清理,项目验收目录,/Users/eason/Desktop/wfcrl/wind farm RL/evidence/camera-video-20260919/stream-validation/synthetic-60s/master_frames/000928.png,3143,file,已结束测试的样帧、接收录像、合成输入或日志；不会影响全片渲染
可直接清理,项目验收目录,/Users/eason/Desktop/wfcrl/wind farm RL/evidence/camera-video-20260919/stream-validation/synthetic-60s/master_frames/000929.png,3188,file,已结束测试的样帧、接收录像、合成输入或日志；不会影响全片渲染
可直接清理,项目验收目录,/Users/eason/Desktop/wfcrl/wind farm RL/evidence/camera-video-20260919/stream-validation/synthetic-60s/master_frames/000930.png,3162,file,已结束测试的样帧、接收录像、合成输入或日志；不会影响全片渲染
可直接清理,项目验收目录,/Users/eason/Desktop/wfcrl/wind farm RL/evidence/camera-video-20260919/stream-validation/synthetic-60s/master_frames/000931.png,3180,file,已结束测试的样帧、接收录像、合成输入或日志；不会影响全片渲染
可直接清理,项目验收目录,/Users/eason/Desktop/wfcrl/wind farm RL/evidence/camera-video-20260919/stream-validation/synthetic-60s/master_frames/000932.png,3164,file,已结束测试的样帧、接收录像、合成输入或日志；不会影响全片渲染
可直接清理,项目验收目录,/Users/eason/Desktop/wfcrl/wind farm RL/evidence/camera-video-20260919/stream-validation/synthetic-60s/master_frames/000933.png,3218,file,已结束测试的样帧、接收录像、合成输入或日志；不会影响全片渲染
可直接清理,项目验收目录,/Users/eason/Desktop/wfcrl/wind farm RL/evidence/camera-video-20260919/stream-validation/synthetic-60s/master_frames/000934.png,3137,file,已结束测试的样帧、接收录像、合成输入或日志；不会影响全片渲染
可直接清理,项目验收目录,/Users/eason/Desktop/wfcrl/wind farm RL/evidence/camera-video-20260919/stream-validation/synthetic-60s/master_frames/000935.png,3225,file,已结束测试的样帧、接收录像、合成输入或日志；不会影响全片渲染
可直接清理,项目验收目录,/Users/eason/Desktop/wfcrl/wind farm RL/evidence/camera-video-20260919/stream-validation/synthetic-60s/master_frames/000936.png,3241,file,已结束测试的样帧、接收录像、合成输入或日志；不会影响全片渲染
可直接清理,项目验收目录,/Users/eason/Desktop/wfcrl/wind farm RL/evidence/camera-video-20260919/stream-validation/synthetic-60s/master_frames/000937.png,3225,file,已结束测试的样帧、接收录像、合成输入或日志；不会影响全片渲染
可直接清理,项目验收目录,/Users/eason/Desktop/wfcrl/wind farm RL/evidence/camera-video-20260919/stream-validation/synthetic-60s/master_frames/000938.png,3243,file,已结束测试的样帧、接收录像、合成输入或日志；不会影响全片渲染
可直接清理,项目验收目录,/Users/eason/Desktop/wfcrl/wind farm RL/evidence/camera-video-20260919/stream-validation/synthetic-60s/master_frames/000939.png,3282,file,已结束测试的样帧、接收录像、合成输入或日志；不会影响全片渲染
可直接清理,项目验收目录,/Users/eason/Desktop/wfcrl/wind farm RL/evidence/camera-video-20260919/stream-validation/synthetic-60s/master_frames/000940.png,3149,file,已结束测试的样帧、接收录像、合成输入或日志；不会影响全片渲染
可直接清理,项目验收目录,/Users/eason/Desktop/wfcrl/wind farm RL/evidence/camera-video-20260919/stream-validation/synthetic-60s/master_frames/000941.png,3189,file,已结束测试的样帧、接收录像、合成输入或日志；不会影响全片渲染
可直接清理,项目验收目录,/Users/eason/Desktop/wfcrl/wind farm RL/evidence/camera-video-20260919/stream-validation/synthetic-60s/master_frames/000942.png,3188,file,已结束测试的样帧、接收录像、合成输入或日志；不会影响全片渲染
可直接清理,项目验收目录,/Users/eason/Desktop/wfcrl/wind farm RL/evidence/camera-video-20260919/stream-validation/synthetic-60s/master_frames/000943.png,3221,file,已结束测试的样帧、接收录像、合成输入或日志；不会影响全片渲染
可直接清理,项目验收目录,/Users/eason/Desktop/wfcrl/wind farm RL/evidence/camera-video-20260919/stream-validation/synthetic-60s/master_frames/000944.png,3235,file,已结束测试的样帧、接收录像、合成输入或日志；不会影响全片渲染
可直接清理,项目验收目录,/Users/eason/Desktop/wfcrl/wind farm RL/evidence/camera-video-20260919/stream-validation/synthetic-60s/master_frames/000945.png,3325,file,已结束测试的样帧、接收录像、合成输入或日志；不会影响全片渲染
可直接清理,项目验收目录,/Users/eason/Desktop/wfcrl/wind farm RL/evidence/camera-video-20260919/stream-validation/synthetic-60s/master_frames/000946.png,3321,file,已结束测试的样帧、接收录像、合成输入或日志；不会影响全片渲染
可直接清理,项目验收目录,/Users/eason/Desktop/wfcrl/wind farm RL/evidence/camera-video-20260919/stream-validation/synthetic-60s/master_frames/000947.png,3349,file,已结束测试的样帧、接收录像、合成输入或日志；不会影响全片渲染
可直接清理,项目验收目录,/Users/eason/Desktop/wfcrl/wind farm RL/evidence/camera-video-20260919/stream-validation/synthetic-60s/master_frames/000948.png,3388,file,已结束测试的样帧、接收录像、合成输入或日志；不会影响全片渲染
可直接清理,项目验收目录,/Users/eason/Desktop/wfcrl/wind farm RL/evidence/camera-video-20260919/stream-validation/synthetic-60s/master_frames/000949.png,3398,file,已结束测试的样帧、接收录像、合成输入或日志；不会影响全片渲染
可直接清理,项目验收目录,/Users/eason/Desktop/wfcrl/wind farm RL/evidence/camera-video-20260919/stream-validation/synthetic-60s/master_frames/000950.png,3360,file,已结束测试的样帧、接收录像、合成输入或日志；不会影响全片渲染
可直接清理,项目验收目录,/Users/eason/Desktop/wfcrl/wind farm RL/evidence/camera-video-20260919/stream-validation/synthetic-60s/master_frames/000951.png,3381,file,已结束测试的样帧、接收录像、合成输入或日志；不会影响全片渲染
可直接清理,项目验收目录,/Users/eason/Desktop/wfcrl/wind farm RL/evidence/camera-video-20260919/stream-validation/synthetic-60s/master_frames/000952.png,3467,file,已结束测试的样帧、接收录像、合成输入或日志；不会影响全片渲染
可直接清理,项目验收目录,/Users/eason/Desktop/wfcrl/wind farm RL/evidence/camera-video-20260919/stream-validation/synthetic-60s/master_frames/000953.png,3512,file,已结束测试的样帧、接收录像、合成输入或日志；不会影响全片渲染
可直接清理,项目验收目录,/Users/eason/Desktop/wfcrl/wind farm RL/evidence/camera-video-20260919/stream-validation/synthetic-60s/master_frames/000954.png,3388,file,已结束测试的样帧、接收录像、合成输入或日志；不会影响全片渲染
可直接清理,项目验收目录,/Users/eason/Desktop/wfcrl/wind farm RL/evidence/camera-video-20260919/stream-validation/synthetic-60s/master_frames/000955.png,3387,file,已结束测试的样帧、接收录像、合成输入或日志；不会影响全片渲染
可直接清理,项目验收目录,/Users/eason/Desktop/wfcrl/wind farm RL/evidence/camera-video-20260919/stream-validation/synthetic-60s/master_frames/000956.png,3424,file,已结束测试的样帧、接收录像、合成输入或日志；不会影响全片渲染
可直接清理,项目验收目录,/Users/eason/Desktop/wfcrl/wind farm RL/evidence/camera-video-20260919/stream-validation/synthetic-60s/master_frames/000957.png,3459,file,已结束测试的样帧、接收录像、合成输入或日志；不会影响全片渲染
可直接清理,项目验收目录,/Users/eason/Desktop/wfcrl/wind farm RL/evidence/camera-video-20260919/stream-validation/synthetic-60s/master_frames/000958.png,3424,file,已结束测试的样帧、接收录像、合成输入或日志；不会影响全片渲染
可直接清理,项目验收目录,/Users/eason/Desktop/wfcrl/wind farm RL/evidence/camera-video-20260919/stream-validation/synthetic-60s/master_frames/000959.png,3442,file,已结束测试的样帧、接收录像、合成输入或日志；不会影响全片渲染
可直接清理,项目验收目录,/Users/eason/Desktop/wfcrl/wind farm RL/evidence/camera-video-20260919/stream-validation/synthetic-60s/master_frames/000960.png,3400,file,已结束测试的样帧、接收录像、合成输入或日志；不会影响全片渲染
可直接清理,项目验收目录,/Users/eason/Desktop/wfcrl/wind farm RL/evidence/camera-video-20260919/stream-validation/synthetic-60s/master_frames/000961.png,3389,file,已结束测试的样帧、接收录像、合成输入或日志；不会影响全片渲染
可直接清理,项目验收目录,/Users/eason/Desktop/wfcrl/wind farm RL/evidence/camera-video-20260919/stream-validation/synthetic-60s/master_frames/000962.png,3311,file,已结束测试的样帧、接收录像、合成输入或日志；不会影响全片渲染
可直接清理,项目验收目录,/Users/eason/Desktop/wfcrl/wind farm RL/evidence/camera-video-20260919/stream-validation/synthetic-60s/master_frames/000963.png,3417,file,已结束测试的样帧、接收录像、合成输入或日志；不会影响全片渲染
可直接清理,项目验收目录,/Users/eason/Desktop/wfcrl/wind farm RL/evidence/camera-video-20260919/stream-validation/synthetic-60s/master_frames/000964.png,3304,file,已结束测试的样帧、接收录像、合成输入或日志；不会影响全片渲染
可直接清理,项目验收目录,/Users/eason/Desktop/wfcrl/wind farm RL/evidence/camera-video-20260919/stream-validation/synthetic-60s/master_frames/000965.png,3283,file,已结束测试的样帧、接收录像、合成输入或日志；不会影响全片渲染
可直接清理,项目验收目录,/Users/eason/Desktop/wfcrl/wind farm RL/evidence/camera-video-20260919/stream-validation/synthetic-60s/master_frames/000966.png,3300,file,已结束测试的样帧、接收录像、合成输入或日志；不会影响全片渲染
可直接清理,项目验收目录,/Users/eason/Desktop/wfcrl/wind farm RL/evidence/camera-video-20260919/stream-validation/synthetic-60s/master_frames/000967.png,3286,file,已结束测试的样帧、接收录像、合成输入或日志；不会影响全片渲染
可直接清理,项目验收目录,/Users/eason/Desktop/wfcrl/wind farm RL/evidence/camera-video-20260919/stream-validation/synthetic-60s/master_frames/000968.png,3234,file,已结束测试的样帧、接收录像、合成输入或日志；不会影响全片渲染
可直接清理,项目验收目录,/Users/eason/Desktop/wfcrl/wind farm RL/evidence/camera-video-20260919/stream-validation/synthetic-60s/master_frames/000969.png,3287,file,已结束测试的样帧、接收录像、合成输入或日志；不会影响全片渲染
可直接清理,项目验收目录,/Users/eason/Desktop/wfcrl/wind farm RL/evidence/camera-video-20260919/stream-validation/synthetic-60s/master_frames/000970.png,3169,file,已结束测试的样帧、接收录像、合成输入或日志；不会影响全片渲染
可直接清理,项目验收目录,/Users/eason/Desktop/wfcrl/wind farm RL/evidence/camera-video-20260919/stream-validation/synthetic-60s/master_frames/000971.png,3195,file,已结束测试的样帧、接收录像、合成输入或日志；不会影响全片渲染
可直接清理,项目验收目录,/Users/eason/Desktop/wfcrl/wind farm RL/evidence/camera-video-20260919/stream-validation/synthetic-60s/master_frames/000972.png,3194,file,已结束测试的样帧、接收录像、合成输入或日志；不会影响全片渲染
可直接清理,项目验收目录,/Users/eason/Desktop/wfcrl/wind farm RL/evidence/camera-video-20260919/stream-validation/synthetic-60s/master_frames/000973.png,3265,file,已结束测试的样帧、接收录像、合成输入或日志；不会影响全片渲染
可直接清理,项目验收目录,/Users/eason/Desktop/wfcrl/wind farm RL/evidence/camera-video-20260919/stream-validation/synthetic-60s/master_frames/000974.png,3152,file,已结束测试的样帧、接收录像、合成输入或日志；不会影响全片渲染
可直接清理,项目验收目录,/Users/eason/Desktop/wfcrl/wind farm RL/evidence/camera-video-20260919/stream-validation/synthetic-60s/master_frames/000975.png,3228,file,已结束测试的样帧、接收录像、合成输入或日志；不会影响全片渲染
可直接清理,项目验收目录,/Users/eason/Desktop/wfcrl/wind farm RL/evidence/camera-video-20260919/stream-validation/synthetic-60s/master_frames/000976.png,3178,file,已结束测试的样帧、接收录像、合成输入或日志；不会影响全片渲染
可直接清理,项目验收目录,/Users/eason/Desktop/wfcrl/wind farm RL/evidence/camera-video-20260919/stream-validation/synthetic-60s/master_frames/000977.png,3161,file,已结束测试的样帧、接收录像、合成输入或日志；不会影响全片渲染
可直接清理,项目验收目录,/Users/eason/Desktop/wfcrl/wind farm RL/evidence/camera-video-20260919/stream-validation/synthetic-60s/master_frames/000978.png,3149,file,已结束测试的样帧、接收录像、合成输入或日志；不会影响全片渲染
可直接清理,项目验收目录,/Users/eason/Desktop/wfcrl/wind farm RL/evidence/camera-video-20260919/stream-validation/synthetic-60s/master_frames/000979.png,3175,file,已结束测试的样帧、接收录像、合成输入或日志；不会影响全片渲染
可直接清理,项目验收目录,/Users/eason/Desktop/wfcrl/wind farm RL/evidence/camera-video-20260919/stream-validation/synthetic-60s/master_frames/000980.png,3188,file,已结束测试的样帧、接收录像、合成输入或日志；不会影响全片渲染
可直接清理,项目验收目录,/Users/eason/Desktop/wfcrl/wind farm RL/evidence/camera-video-20260919/stream-validation/synthetic-60s/master_frames/000981.png,3210,file,已结束测试的样帧、接收录像、合成输入或日志；不会影响全片渲染
可直接清理,项目验收目录,/Users/eason/Desktop/wfcrl/wind farm RL/evidence/camera-video-20260919/stream-validation/synthetic-60s/master_frames/000982.png,3226,file,已结束测试的样帧、接收录像、合成输入或日志；不会影响全片渲染
可直接清理,项目验收目录,/Users/eason/Desktop/wfcrl/wind farm RL/evidence/camera-video-20260919/stream-validation/synthetic-60s/master_frames/000983.png,3208,file,已结束测试的样帧、接收录像、合成输入或日志；不会影响全片渲染
可直接清理,项目验收目录,/Users/eason/Desktop/wfcrl/wind farm RL/evidence/camera-video-20260919/stream-validation/synthetic-60s/master_frames/000984.png,3158,file,已结束测试的样帧、接收录像、合成输入或日志；不会影响全片渲染
可直接清理,项目验收目录,/Users/eason/Desktop/wfcrl/wind farm RL/evidence/camera-video-20260919/stream-validation/synthetic-60s/master_frames/000985.png,3167,file,已结束测试的样帧、接收录像、合成输入或日志；不会影响全片渲染
可直接清理,项目验收目录,/Users/eason/Desktop/wfcrl/wind farm RL/evidence/camera-video-20260919/stream-validation/synthetic-60s/master_frames/000986.png,3097,file,已结束测试的样帧、接收录像、合成输入或日志；不会影响全片渲染
可直接清理,项目验收目录,/Users/eason/Desktop/wfcrl/wind farm RL/evidence/camera-video-20260919/stream-validation/synthetic-60s/master_frames/000987.png,3076,file,已结束测试的样帧、接收录像、合成输入或日志；不会影响全片渲染
可直接清理,项目验收目录,/Users/eason/Desktop/wfcrl/wind farm RL/evidence/camera-video-20260919/stream-validation/synthetic-60s/master_frames/000988.png,3129,file,已结束测试的样帧、接收录像、合成输入或日志；不会影响全片渲染
可直接清理,项目验收目录,/Users/eason/Desktop/wfcrl/wind farm RL/evidence/camera-video-20260919/stream-validation/synthetic-60s/master_frames/000989.png,3163,file,已结束测试的样帧、接收录像、合成输入或日志；不会影响全片渲染
可直接清理,项目验收目录,/Users/eason/Desktop/wfcrl/wind farm RL/evidence/camera-video-20260919/stream-validation/synthetic-60s/master_frames/000990.png,3098,file,已结束测试的样帧、接收录像、合成输入或日志；不会影响全片渲染
可直接清理,项目验收目录,/Users/eason/Desktop/wfcrl/wind farm RL/evidence/camera-video-20260919/stream-validation/synthetic-60s/master_frames/000991.png,3094,file,已结束测试的样帧、接收录像、合成输入或日志；不会影响全片渲染
可直接清理,项目验收目录,/Users/eason/Desktop/wfcrl/wind farm RL/evidence/camera-video-20260919/stream-validation/synthetic-60s/master_frames/000992.png,3122,file,已结束测试的样帧、接收录像、合成输入或日志；不会影响全片渲染
可直接清理,项目验收目录,/Users/eason/Desktop/wfcrl/wind farm RL/evidence/camera-video-20260919/stream-validation/synthetic-60s/master_frames/000993.png,3159,file,已结束测试的样帧、接收录像、合成输入或日志；不会影响全片渲染
可直接清理,项目验收目录,/Users/eason/Desktop/wfcrl/wind farm RL/evidence/camera-video-20260919/stream-validation/synthetic-60s/master_frames/000994.png,3095,file,已结束测试的样帧、接收录像、合成输入或日志；不会影响全片渲染
可直接清理,项目验收目录,/Users/eason/Desktop/wfcrl/wind farm RL/evidence/camera-video-20260919/stream-validation/synthetic-60s/master_frames/000995.png,3095,file,已结束测试的样帧、接收录像、合成输入或日志；不会影响全片渲染
可直接清理,项目验收目录,/Users/eason/Desktop/wfcrl/wind farm RL/evidence/camera-video-20260919/stream-validation/synthetic-60s/master_frames/000996.png,3094,file,已结束测试的样帧、接收录像、合成输入或日志；不会影响全片渲染
可直接清理,项目验收目录,/Users/eason/Desktop/wfcrl/wind farm RL/evidence/camera-video-20260919/stream-validation/synthetic-60s/master_frames/000997.png,3093,file,已结束测试的样帧、接收录像、合成输入或日志；不会影响全片渲染
可直接清理,项目验收目录,/Users/eason/Desktop/wfcrl/wind farm RL/evidence/camera-video-20260919/stream-validation/synthetic-60s/master_frames/000998.png,3052,file,已结束测试的样帧、接收录像、合成输入或日志；不会影响全片渲染
可直接清理,项目验收目录,/Users/eason/Desktop/wfcrl/wind farm RL/evidence/camera-video-20260919/stream-validation/synthetic-60s/master_frames/000999.png,3062,file,已结束测试的样帧、接收录像、合成输入或日志；不会影响全片渲染
可直接清理,项目验收目录,/Users/eason/Desktop/wfcrl/wind farm RL/evidence/camera-video-20260919/stream-validation/synthetic-60s/master_frames/001000.png,3003,file,已结束测试的样帧、接收录像、合成输入或日志；不会影响全片渲染
可直接清理,项目验收目录,/Users/eason/Desktop/wfcrl/wind farm RL/evidence/camera-video-20260919/stream-validation/synthetic-60s/master_frames/001001.png,3101,file,已结束测试的样帧、接收录像、合成输入或日志；不会影响全片渲染
可直接清理,项目验收目录,/Users/eason/Desktop/wfcrl/wind farm RL/evidence/camera-video-20260919/stream-validation/synthetic-60s/master_frames/001002.png,3097,file,已结束测试的样帧、接收录像、合成输入或日志；不会影响全片渲染
可直接清理,项目验收目录,/Users/eason/Desktop/wfcrl/wind farm RL/evidence/camera-video-20260919/stream-validation/synthetic-60s/master_frames/001003.png,3154,file,已结束测试的样帧、接收录像、合成输入或日志；不会影响全片渲染
可直接清理,项目验收目录,/Users/eason/Desktop/wfcrl/wind farm RL/evidence/camera-video-20260919/stream-validation/synthetic-60s/master_frames/001004.png,3186,file,已结束测试的样帧、接收录像、合成输入或日志；不会影响全片渲染
可直接清理,项目验收目录,/Users/eason/Desktop/wfcrl/wind farm RL/evidence/camera-video-20260919/stream-validation/synthetic-60s/master_frames/001005.png,3248,file,已结束测试的样帧、接收录像、合成输入或日志；不会影响全片渲染
可直接清理,项目验收目录,/Users/eason/Desktop/wfcrl/wind farm RL/evidence/camera-video-20260919/stream-validation/synthetic-60s/master_frames/001006.png,3221,file,已结束测试的样帧、接收录像、合成输入或日志；不会影响全片渲染
可直接清理,项目验收目录,/Users/eason/Desktop/wfcrl/wind farm RL/evidence/camera-video-20260919/stream-validation/synthetic-60s/master_frames/001007.png,3223,file,已结束测试的样帧、接收录像、合成输入或日志；不会影响全片渲染
可直接清理,项目验收目录,/Users/eason/Desktop/wfcrl/wind farm RL/evidence/camera-video-20260919/stream-validation/synthetic-60s/master_frames/001008.png,3177,file,已结束测试的样帧、接收录像、合成输入或日志；不会影响全片渲染
可直接清理,项目验收目录,/Users/eason/Desktop/wfcrl/wind farm RL/evidence/camera-video-20260919/stream-validation/synthetic-60s/master_frames/001009.png,3267,file,已结束测试的样帧、接收录像、合成输入或日志；不会影响全片渲染
可直接清理,项目验收目录,/Users/eason/Desktop/wfcrl/wind farm RL/evidence/camera-video-20260919/stream-validation/synthetic-60s/master_frames/001010.png,3200,file,已结束测试的样帧、接收录像、合成输入或日志；不会影响全片渲染
可直接清理,项目验收目录,/Users/eason/Desktop/wfcrl/wind farm RL/evidence/camera-video-20260919/stream-validation/synthetic-60s/master_frames/001011.png,3173,file,已结束测试的样帧、接收录像、合成输入或日志；不会影响全片渲染
可直接清理,项目验收目录,/Users/eason/Desktop/wfcrl/wind farm RL/evidence/camera-video-20260919/stream-validation/synthetic-60s/master_frames/001012.png,3211,file,已结束测试的样帧、接收录像、合成输入或日志；不会影响全片渲染
可直接清理,项目验收目录,/Users/eason/Desktop/wfcrl/wind farm RL/evidence/camera-video-20260919/stream-validation/synthetic-60s/master_frames/001013.png,3273,file,已结束测试的样帧、接收录像、合成输入或日志；不会影响全片渲染
可直接清理,项目验收目录,/Users/eason/Desktop/wfcrl/wind farm RL/evidence/camera-video-20260919/stream-validation/synthetic-60s/master_frames/001014.png,3202,file,已结束测试的样帧、接收录像、合成输入或日志；不会影响全片渲染
可直接清理,项目验收目录,/Users/eason/Desktop/wfcrl/wind farm RL/evidence/camera-video-20260919/stream-validation/synthetic-60s/master_frames/001015.png,3230,file,已结束测试的样帧、接收录像、合成输入或日志；不会影响全片渲染
可直接清理,项目验收目录,/Users/eason/Desktop/wfcrl/wind farm RL/evidence/camera-video-20260919/stream-validation/synthetic-60s/master_frames/001016.png,3239,file,已结束测试的样帧、接收录像、合成输入或日志；不会影响全片渲染
可直接清理,项目验收目录,/Users/eason/Desktop/wfcrl/wind farm RL/evidence/camera-video-20260919/stream-validation/synthetic-60s/master_frames/001017.png,3256,file,已结束测试的样帧、接收录像、合成输入或日志；不会影响全片渲染
可直接清理,项目验收目录,/Users/eason/Desktop/wfcrl/wind farm RL/evidence/camera-video-20260919/stream-validation/synthetic-60s/master_frames/001018.png,3283,file,已结束测试的样帧、接收录像、合成输入或日志；不会影响全片渲染
可直接清理,项目验收目录,/Users/eason/Desktop/wfcrl/wind farm RL/evidence/camera-video-20260919/stream-validation/synthetic-60s/master_frames/001019.png,3311,file,已结束测试的样帧、接收录像、合成输入或日志；不会影响全片渲染
可直接清理,项目验收目录,/Users/eason/Desktop/wfcrl/wind farm RL/evidence/camera-video-20260919/stream-validation/synthetic-60s/master_frames/001020.png,3274,file,已结束测试的样帧、接收录像、合成输入或日志；不会影响全片渲染
可直接清理,项目验收目录,/Users/eason/Desktop/wfcrl/wind farm RL/evidence/camera-video-20260919/stream-validation/synthetic-60s/master_frames/001021.png,3255,file,已结束测试的样帧、接收录像、合成输入或日志；不会影响全片渲染
可直接清理,项目验收目录,/Users/eason/Desktop/wfcrl/wind farm RL/evidence/camera-video-20260919/stream-validation/synthetic-60s/master_frames/001022.png,3211,file,已结束测试的样帧、接收录像、合成输入或日志；不会影响全片渲染
可直接清理,项目验收目录,/Users/eason/Desktop/wfcrl/wind farm RL/evidence/camera-video-20260919/stream-validation/synthetic-60s/master_frames/001023.png,3257,file,已结束测试的样帧、接收录像、合成输入或日志；不会影响全片渲染
可直接清理,项目验收目录,/Users/eason/Desktop/wfcrl/wind farm RL/evidence/camera-video-20260919/stream-validation/synthetic-60s/master_frames/001024.png,3318,file,已结束测试的样帧、接收录像、合成输入或日志；不会影响全片渲染
可直接清理,项目验收目录,/Users/eason/Desktop/wfcrl/wind farm RL/evidence/camera-video-20260919/stream-validation/synthetic-60s/master_frames/001025.png,3372,file,已结束测试的样帧、接收录像、合成输入或日志；不会影响全片渲染
可直接清理,项目验收目录,/Users/eason/Desktop/wfcrl/wind farm RL/evidence/camera-video-20260919/stream-validation/synthetic-60s/master_frames/001026.png,3364,file,已结束测试的样帧、接收录像、合成输入或日志；不会影响全片渲染
可直接清理,项目验收目录,/Users/eason/Desktop/wfcrl/wind farm RL/evidence/camera-video-20260919/stream-validation/synthetic-60s/master_frames/001027.png,3396,file,已结束测试的样帧、接收录像、合成输入或日志；不会影响全片渲染
可直接清理,项目验收目录,/Users/eason/Desktop/wfcrl/wind farm RL/evidence/camera-video-20260919/stream-validation/synthetic-60s/master_frames/001028.png,3432,file,已结束测试的样帧、接收录像、合成输入或日志；不会影响全片渲染
可直接清理,项目验收目录,/Users/eason/Desktop/wfcrl/wind farm RL/evidence/camera-video-20260919/stream-validation/synthetic-60s/master_frames/001029.png,3470,file,已结束测试的样帧、接收录像、合成输入或日志；不会影响全片渲染
可直接清理,项目验收目录,/Users/eason/Desktop/wfcrl/wind farm RL/evidence/camera-video-20260919/stream-validation/synthetic-60s/master_frames/001030.png,3460,file,已结束测试的样帧、接收录像、合成输入或日志；不会影响全片渲染
可直接清理,项目验收目录,/Users/eason/Desktop/wfcrl/wind farm RL/evidence/camera-video-20260919/stream-validation/synthetic-60s/master_frames/001031.png,3498,file,已结束测试的样帧、接收录像、合成输入或日志；不会影响全片渲染
可直接清理,项目验收目录,/Users/eason/Desktop/wfcrl/wind farm RL/evidence/camera-video-20260919/stream-validation/synthetic-60s/master_frames/001032.png,3461,file,已结束测试的样帧、接收录像、合成输入或日志；不会影响全片渲染
可直接清理,项目验收目录,/Users/eason/Desktop/wfcrl/wind farm RL/evidence/camera-video-20260919/stream-validation/synthetic-60s/master_frames/001033.png,3572,file,已结束测试的样帧、接收录像、合成输入或日志；不会影响全片渲染
可直接清理,项目验收目录,/Users/eason/Desktop/wfcrl/wind farm RL/evidence/camera-video-20260919/stream-validation/synthetic-60s/master_frames/001034.png,3539,file,已结束测试的样帧、接收录像、合成输入或日志；不会影响全片渲染
可直接清理,项目验收目录,/Users/eason/Desktop/wfcrl/wind farm RL/evidence/camera-video-20260919/stream-validation/synthetic-60s/master_frames/001035.png,3568,file,已结束测试的样帧、接收录像、合成输入或日志；不会影响全片渲染
可直接清理,项目验收目录,/Users/eason/Desktop/wfcrl/wind farm RL/evidence/camera-video-20260919/stream-validation/synthetic-60s/master_frames/001036.png,3539,file,已结束测试的样帧、接收录像、合成输入或日志；不会影响全片渲染
可直接清理,项目验收目录,/Users/eason/Desktop/wfcrl/wind farm RL/evidence/camera-video-20260919/stream-validation/synthetic-60s/master_frames/001037.png,3582,file,已结束测试的样帧、接收录像、合成输入或日志；不会影响全片渲染
可直接清理,项目验收目录,/Users/eason/Desktop/wfcrl/wind farm RL/evidence/camera-video-20260919/stream-validation/synthetic-60s/master_frames/001038.png,3598,file,已结束测试的样帧、接收录像、合成输入或日志；不会影响全片渲染
可直接清理,项目验收目录,/Users/eason/Desktop/wfcrl/wind farm RL/evidence/camera-video-20260919/stream-validation/synthetic-60s/master_frames/001039.png,3618,file,已结束测试的样帧、接收录像、合成输入或日志；不会影响全片渲染
可直接清理,项目验收目录,/Users/eason/Desktop/wfcrl/wind farm RL/evidence/camera-video-20260919/stream-validation/synthetic-60s/master_frames/001040.png,3491,file,已结束测试的样帧、接收录像、合成输入或日志；不会影响全片渲染
可直接清理,项目验收目录,/Users/eason/Desktop/wfcrl/wind farm RL/evidence/camera-video-20260919/stream-validation/synthetic-60s/master_frames/001041.png,3495,file,已结束测试的样帧、接收录像、合成输入或日志；不会影响全片渲染
可直接清理,项目验收目录,/Users/eason/Desktop/wfcrl/wind farm RL/evidence/camera-video-20260919/stream-validation/synthetic-60s/master_frames/001042.png,3491,file,已结束测试的样帧、接收录像、合成输入或日志；不会影响全片渲染
可直接清理,项目验收目录,/Users/eason/Desktop/wfcrl/wind farm RL/evidence/camera-video-20260919/stream-validation/synthetic-60s/master_frames/001043.png,3573,file,已结束测试的样帧、接收录像、合成输入或日志；不会影响全片渲染
可直接清理,项目验收目录,/Users/eason/Desktop/wfcrl/wind farm RL/evidence/camera-video-20260919/stream-validation/synthetic-60s/master_frames/001044.png,3421,file,已结束测试的样帧、接收录像、合成输入或日志；不会影响全片渲染
可直接清理,项目验收目录,/Users/eason/Desktop/wfcrl/wind farm RL/evidence/camera-video-20260919/stream-validation/synthetic-60s/master_frames/001045.png,3440,file,已结束测试的样帧、接收录像、合成输入或日志；不会影响全片渲染
可直接清理,项目验收目录,/Users/eason/Desktop/wfcrl/wind farm RL/evidence/camera-video-20260919/stream-validation/synthetic-60s/master_frames/001046.png,3457,file,已结束测试的样帧、接收录像、合成输入或日志；不会影响全片渲染
可直接清理,项目验收目录,/Users/eason/Desktop/wfcrl/wind farm RL/evidence/camera-video-20260919/stream-validation/synthetic-60s/master_frames/001047.png,3400,file,已结束测试的样帧、接收录像、合成输入或日志；不会影响全片渲染
可直接清理,项目验收目录,/Users/eason/Desktop/wfcrl/wind farm RL/evidence/camera-video-20260919/stream-validation/synthetic-60s/master_frames/001048.png,3298,file,已结束测试的样帧、接收录像、合成输入或日志；不会影响全片渲染
可直接清理,项目验收目录,/Users/eason/Desktop/wfcrl/wind farm RL/evidence/camera-video-20260919/stream-validation/synthetic-60s/master_frames/001049.png,3313,file,已结束测试的样帧、接收录像、合成输入或日志；不会影响全片渲染
可直接清理,项目验收目录,/Users/eason/Desktop/wfcrl/wind farm RL/evidence/camera-video-20260919/stream-validation/synthetic-60s/master_frames/001050.png,3254,file,已结束测试的样帧、接收录像、合成输入或日志；不会影响全片渲染
可直接清理,项目验收目录,/Users/eason/Desktop/wfcrl/wind farm RL/evidence/camera-video-20260919/stream-validation/synthetic-60s/master_frames/001051.png,3262,file,已结束测试的样帧、接收录像、合成输入或日志；不会影响全片渲染
可直接清理,项目验收目录,/Users/eason/Desktop/wfcrl/wind farm RL/evidence/camera-video-20260919/stream-validation/synthetic-60s/master_frames/001052.png,3250,file,已结束测试的样帧、接收录像、合成输入或日志；不会影响全片渲染
可直接清理,项目验收目录,/Users/eason/Desktop/wfcrl/wind farm RL/evidence/camera-video-20260919/stream-validation/synthetic-60s/master_frames/001053.png,3245,file,已结束测试的样帧、接收录像、合成输入或日志；不会影响全片渲染
可直接清理,项目验收目录,/Users/eason/Desktop/wfcrl/wind farm RL/evidence/camera-video-20260919/stream-validation/synthetic-60s/master_frames/001054.png,3242,file,已结束测试的样帧、接收录像、合成输入或日志；不会影响全片渲染
可直接清理,项目验收目录,/Users/eason/Desktop/wfcrl/wind farm RL/evidence/camera-video-20260919/stream-validation/synthetic-60s/master_frames/001055.png,3226,file,已结束测试的样帧、接收录像、合成输入或日志；不会影响全片渲染
可直接清理,项目验收目录,/Users/eason/Desktop/wfcrl/wind farm RL/evidence/camera-video-20260919/stream-validation/synthetic-60s/master_frames/001056.png,3252,file,已结束测试的样帧、接收录像、合成输入或日志；不会影响全片渲染
可直接清理,项目验收目录,/Users/eason/Desktop/wfcrl/wind farm RL/evidence/camera-video-20260919/stream-validation/synthetic-60s/master_frames/001057.png,3243,file,已结束测试的样帧、接收录像、合成输入或日志；不会影响全片渲染
可直接清理,项目验收目录,/Users/eason/Desktop/wfcrl/wind farm RL/evidence/camera-video-20260919/stream-validation/synthetic-60s/master_frames/001058.png,3253,file,已结束测试的样帧、接收录像、合成输入或日志；不会影响全片渲染
可直接清理,项目验收目录,/Users/eason/Desktop/wfcrl/wind farm RL/evidence/camera-video-20260919/stream-validation/synthetic-60s/master_frames/001059.png,3268,file,已结束测试的样帧、接收录像、合成输入或日志；不会影响全片渲染
可直接清理,项目验收目录,/Users/eason/Desktop/wfcrl/wind farm RL/evidence/camera-video-20260919/stream-validation/synthetic-60s/master_frames/001060.png,3079,file,已结束测试的样帧、接收录像、合成输入或日志；不会影响全片渲染
可直接清理,项目验收目录,/Users/eason/Desktop/wfcrl/wind farm RL/evidence/camera-video-20260919/stream-validation/synthetic-60s/master_frames/001061.png,3138,file,已结束测试的样帧、接收录像、合成输入或日志；不会影响全片渲染
可直接清理,项目验收目录,/Users/eason/Desktop/wfcrl/wind farm RL/evidence/camera-video-20260919/stream-validation/synthetic-60s/master_frames/001062.png,3109,file,已结束测试的样帧、接收录像、合成输入或日志；不会影响全片渲染
可直接清理,项目验收目录,/Users/eason/Desktop/wfcrl/wind farm RL/evidence/camera-video-20260919/stream-validation/synthetic-60s/master_frames/001063.png,3102,file,已结束测试的样帧、接收录像、合成输入或日志；不会影响全片渲染
可直接清理,项目验收目录,/Users/eason/Desktop/wfcrl/wind farm RL/evidence/camera-video-20260919/stream-validation/synthetic-60s/master_frames/001064.png,3073,file,已结束测试的样帧、接收录像、合成输入或日志；不会影响全片渲染
可直接清理,项目验收目录,/Users/eason/Desktop/wfcrl/wind farm RL/evidence/camera-video-20260919/stream-validation/synthetic-60s/master_frames/001065.png,3013,file,已结束测试的样帧、接收录像、合成输入或日志；不会影响全片渲染
可直接清理,项目验收目录,/Users/eason/Desktop/wfcrl/wind farm RL/evidence/camera-video-20260919/stream-validation/synthetic-60s/master_frames/001066.png,2895,file,已结束测试的样帧、接收录像、合成输入或日志；不会影响全片渲染
可直接清理,项目验收目录,/Users/eason/Desktop/wfcrl/wind farm RL/evidence/camera-video-20260919/stream-validation/synthetic-60s/master_frames/001067.png,2924,file,已结束测试的样帧、接收录像、合成输入或日志；不会影响全片渲染
可直接清理,项目验收目录,/Users/eason/Desktop/wfcrl/wind farm RL/evidence/camera-video-20260919/stream-validation/synthetic-60s/master_frames/001068.png,2956,file,已结束测试的样帧、接收录像、合成输入或日志；不会影响全片渲染
可直接清理,项目验收目录,/Users/eason/Desktop/wfcrl/wind farm RL/evidence/camera-video-20260919/stream-validation/synthetic-60s/master_frames/001069.png,3041,file,已结束测试的样帧、接收录像、合成输入或日志；不会影响全片渲染
可直接清理,项目验收目录,/Users/eason/Desktop/wfcrl/wind farm RL/evidence/camera-video-20260919/stream-validation/synthetic-60s/master_frames/001070.png,2898,file,已结束测试的样帧、接收录像、合成输入或日志；不会影响全片渲染
可直接清理,项目验收目录,/Users/eason/Desktop/wfcrl/wind farm RL/evidence/camera-video-20260919/stream-validation/synthetic-60s/master_frames/001071.png,2953,file,已结束测试的样帧、接收录像、合成输入或日志；不会影响全片渲染
可直接清理,项目验收目录,/Users/eason/Desktop/wfcrl/wind farm RL/evidence/camera-video-20260919/stream-validation/synthetic-60s/master_frames/001072.png,2988,file,已结束测试的样帧、接收录像、合成输入或日志；不会影响全片渲染
可直接清理,项目验收目录,/Users/eason/Desktop/wfcrl/wind farm RL/evidence/camera-video-20260919/stream-validation/synthetic-60s/master_frames/001073.png,3043,file,已结束测试的样帧、接收录像、合成输入或日志；不会影响全片渲染
可直接清理,项目验收目录,/Users/eason/Desktop/wfcrl/wind farm RL/evidence/camera-video-20260919/stream-validation/synthetic-60s/master_frames/001074.png,2967,file,已结束测试的样帧、接收录像、合成输入或日志；不会影响全片渲染
可直接清理,项目验收目录,/Users/eason/Desktop/wfcrl/wind farm RL/evidence/camera-video-20260919/stream-validation/synthetic-60s/master_frames/001075.png,3065,file,已结束测试的样帧、接收录像、合成输入或日志；不会影响全片渲染
可直接清理,项目验收目录,/Users/eason/Desktop/wfcrl/wind farm RL/evidence/camera-video-20260919/stream-validation/synthetic-60s/master_frames/001076.png,3018,file,已结束测试的样帧、接收录像、合成输入或日志；不会影响全片渲染
可直接清理,项目验收目录,/Users/eason/Desktop/wfcrl/wind farm RL/evidence/camera-video-20260919/stream-validation/synthetic-60s/master_frames/001077.png,3014,file,已结束测试的样帧、接收录像、合成输入或日志；不会影响全片渲染
可直接清理,项目验收目录,/Users/eason/Desktop/wfcrl/wind farm RL/evidence/camera-video-20260919/stream-validation/synthetic-60s/master_frames/001078.png,3085,file,已结束测试的样帧、接收录像、合成输入或日志；不会影响全片渲染
可直接清理,项目验收目录,/Users/eason/Desktop/wfcrl/wind farm RL/evidence/camera-video-20260919/stream-validation/synthetic-60s/master_frames/001079.png,3115,file,已结束测试的样帧、接收录像、合成输入或日志；不会影响全片渲染
可直接清理,项目验收目录,/Users/eason/Desktop/wfcrl/wind farm RL/evidence/camera-video-20260919/stream-validation/synthetic-60s/master_frames/001080.png,3038,file,已结束测试的样帧、接收录像、合成输入或日志；不会影响全片渲染
可直接清理,项目验收目录,/Users/eason/Desktop/wfcrl/wind farm RL/evidence/camera-video-20260919/stream-validation/synthetic-60s/master_frames/001081.png,3093,file,已结束测试的样帧、接收录像、合成输入或日志；不会影响全片渲染
可直接清理,项目验收目录,/Users/eason/Desktop/wfcrl/wind farm RL/evidence/camera-video-20260919/stream-validation/synthetic-60s/master_frames/001082.png,3006,file,已结束测试的样帧、接收录像、合成输入或日志；不会影响全片渲染
可直接清理,项目验收目录,/Users/eason/Desktop/wfcrl/wind farm RL/evidence/camera-video-20260919/stream-validation/synthetic-60s/master_frames/001083.png,3068,file,已结束测试的样帧、接收录像、合成输入或日志；不会影响全片渲染
可直接清理,项目验收目录,/Users/eason/Desktop/wfcrl/wind farm RL/evidence/camera-video-20260919/stream-validation/synthetic-60s/master_frames/001084.png,3047,file,已结束测试的样帧、接收录像、合成输入或日志；不会影响全片渲染
可直接清理,项目验收目录,/Users/eason/Desktop/wfcrl/wind farm RL/evidence/camera-video-20260919/stream-validation/synthetic-60s/master_frames/001085.png,3046,file,已结束测试的样帧、接收录像、合成输入或日志；不会影响全片渲染
可直接清理,项目验收目录,/Users/eason/Desktop/wfcrl/wind farm RL/evidence/camera-video-20260919/stream-validation/synthetic-60s/master_frames/001086.png,3096,file,已结束测试的样帧、接收录像、合成输入或日志；不会影响全片渲染
可直接清理,项目验收目录,/Users/eason/Desktop/wfcrl/wind farm RL/evidence/camera-video-20260919/stream-validation/synthetic-60s/master_frames/001087.png,3104,file,已结束测试的样帧、接收录像、合成输入或日志；不会影响全片渲染
可直接清理,项目验收目录,/Users/eason/Desktop/wfcrl/wind farm RL/evidence/camera-video-20260919/stream-validation/synthetic-60s/master_frames/001088.png,3024,file,已结束测试的样帧、接收录像、合成输入或日志；不会影响全片渲染
可直接清理,项目验收目录,/Users/eason/Desktop/wfcrl/wind farm RL/evidence/camera-video-20260919/stream-validation/synthetic-60s/master_frames/001089.png,3122,file,已结束测试的样帧、接收录像、合成输入或日志；不会影响全片渲染
可直接清理,项目验收目录,/Users/eason/Desktop/wfcrl/wind farm RL/evidence/camera-video-20260919/stream-validation/synthetic-60s/master_frames/001090.png,3120,file,已结束测试的样帧、接收录像、合成输入或日志；不会影响全片渲染
可直接清理,项目验收目录,/Users/eason/Desktop/wfcrl/wind farm RL/evidence/camera-video-20260919/stream-validation/synthetic-60s/master_frames/001091.png,3125,file,已结束测试的样帧、接收录像、合成输入或日志；不会影响全片渲染
可直接清理,项目验收目录,/Users/eason/Desktop/wfcrl/wind farm RL/evidence/camera-video-20260919/stream-validation/synthetic-60s/master_frames/001092.png,3159,file,已结束测试的样帧、接收录像、合成输入或日志；不会影响全片渲染
可直接清理,项目验收目录,/Users/eason/Desktop/wfcrl/wind farm RL/evidence/camera-video-20260919/stream-validation/synthetic-60s/master_frames/001093.png,3269,file,已结束测试的样帧、接收录像、合成输入或日志；不会影响全片渲染
可直接清理,项目验收目录,/Users/eason/Desktop/wfcrl/wind farm RL/evidence/camera-video-20260919/stream-validation/synthetic-60s/master_frames/001094.png,3199,file,已结束测试的样帧、接收录像、合成输入或日志；不会影响全片渲染
可直接清理,项目验收目录,/Users/eason/Desktop/wfcrl/wind farm RL/evidence/camera-video-20260919/stream-validation/synthetic-60s/master_frames/001095.png,3292,file,已结束测试的样帧、接收录像、合成输入或日志；不会影响全片渲染
可直接清理,项目验收目录,/Users/eason/Desktop/wfcrl/wind farm RL/evidence/camera-video-20260919/stream-validation/synthetic-60s/master_frames/001096.png,3332,file,已结束测试的样帧、接收录像、合成输入或日志；不会影响全片渲染
可直接清理,项目验收目录,/Users/eason/Desktop/wfcrl/wind farm RL/evidence/camera-video-20260919/stream-validation/synthetic-60s/master_frames/001097.png,3314,file,已结束测试的样帧、接收录像、合成输入或日志；不会影响全片渲染
可直接清理,项目验收目录,/Users/eason/Desktop/wfcrl/wind farm RL/evidence/camera-video-20260919/stream-validation/synthetic-60s/master_frames/001098.png,3330,file,已结束测试的样帧、接收录像、合成输入或日志；不会影响全片渲染
可直接清理,项目验收目录,/Users/eason/Desktop/wfcrl/wind farm RL/evidence/camera-video-20260919/stream-validation/synthetic-60s/master_frames/001099.png,3334,file,已结束测试的样帧、接收录像、合成输入或日志；不会影响全片渲染
可直接清理,项目验收目录,/Users/eason/Desktop/wfcrl/wind farm RL/evidence/camera-video-20260919/stream-validation/synthetic-60s/master_frames/001100.png,3197,file,已结束测试的样帧、接收录像、合成输入或日志；不会影响全片渲染
可直接清理,项目验收目录,/Users/eason/Desktop/wfcrl/wind farm RL/evidence/camera-video-20260919/stream-validation/synthetic-60s/master_frames/001101.png,3230,file,已结束测试的样帧、接收录像、合成输入或日志；不会影响全片渲染
可直接清理,项目验收目录,/Users/eason/Desktop/wfcrl/wind farm RL/evidence/camera-video-20260919/stream-validation/synthetic-60s/master_frames/001102.png,3219,file,已结束测试的样帧、接收录像、合成输入或日志；不会影响全片渲染
可直接清理,项目验收目录,/Users/eason/Desktop/wfcrl/wind farm RL/evidence/camera-video-20260919/stream-validation/synthetic-60s/master_frames/001103.png,3205,file,已结束测试的样帧、接收录像、合成输入或日志；不会影响全片渲染
可直接清理,项目验收目录,/Users/eason/Desktop/wfcrl/wind farm RL/evidence/camera-video-20260919/stream-validation/synthetic-60s/master_frames/001104.png,3263,file,已结束测试的样帧、接收录像、合成输入或日志；不会影响全片渲染
可直接清理,项目验收目录,/Users/eason/Desktop/wfcrl/wind farm RL/evidence/camera-video-20260919/stream-validation/synthetic-60s/master_frames/001105.png,3310,file,已结束测试的样帧、接收录像、合成输入或日志；不会影响全片渲染
可直接清理,项目验收目录,/Users/eason/Desktop/wfcrl/wind farm RL/evidence/camera-video-20260919/stream-validation/synthetic-60s/master_frames/001106.png,3343,file,已结束测试的样帧、接收录像、合成输入或日志；不会影响全片渲染
可直接清理,项目验收目录,/Users/eason/Desktop/wfcrl/wind farm RL/evidence/camera-video-20260919/stream-validation/synthetic-60s/master_frames/001107.png,3367,file,已结束测试的样帧、接收录像、合成输入或日志；不会影响全片渲染
可直接清理,项目验收目录,/Users/eason/Desktop/wfcrl/wind farm RL/evidence/camera-video-20260919/stream-validation/synthetic-60s/master_frames/001108.png,3310,file,已结束测试的样帧、接收录像、合成输入或日志；不会影响全片渲染
可直接清理,项目验收目录,/Users/eason/Desktop/wfcrl/wind farm RL/evidence/camera-video-20260919/stream-validation/synthetic-60s/master_frames/001109.png,3358,file,已结束测试的样帧、接收录像、合成输入或日志；不会影响全片渲染
可直接清理,项目验收目录,/Users/eason/Desktop/wfcrl/wind farm RL/evidence/camera-video-20260919/stream-validation/synthetic-60s/master_frames/001110.png,3322,file,已结束测试的样帧、接收录像、合成输入或日志；不会影响全片渲染
可直接清理,项目验收目录,/Users/eason/Desktop/wfcrl/wind farm RL/evidence/camera-video-20260919/stream-validation/synthetic-60s/master_frames/001111.png,3321,file,已结束测试的样帧、接收录像、合成输入或日志；不会影响全片渲染
可直接清理,项目验收目录,/Users/eason/Desktop/wfcrl/wind farm RL/evidence/camera-video-20260919/stream-validation/synthetic-60s/master_frames/001112.png,3312,file,已结束测试的样帧、接收录像、合成输入或日志；不会影响全片渲染
可直接清理,项目验收目录,/Users/eason/Desktop/wfcrl/wind farm RL/evidence/camera-video-20260919/stream-validation/synthetic-60s/master_frames/001113.png,3388,file,已结束测试的样帧、接收录像、合成输入或日志；不会影响全片渲染
可直接清理,项目验收目录,/Users/eason/Desktop/wfcrl/wind farm RL/evidence/camera-video-20260919/stream-validation/synthetic-60s/master_frames/001114.png,3313,file,已结束测试的样帧、接收录像、合成输入或日志；不会影响全片渲染
可直接清理,项目验收目录,/Users/eason/Desktop/wfcrl/wind farm RL/evidence/camera-video-20260919/stream-validation/synthetic-60s/master_frames/001115.png,3324,file,已结束测试的样帧、接收录像、合成输入或日志；不会影响全片渲染
可直接清理,项目验收目录,/Users/eason/Desktop/wfcrl/wind farm RL/evidence/camera-video-20260919/stream-validation/synthetic-60s/master_frames/001116.png,3309,file,已结束测试的样帧、接收录像、合成输入或日志；不会影响全片渲染
可直接清理,项目验收目录,/Users/eason/Desktop/wfcrl/wind farm RL/evidence/camera-video-20260919/stream-validation/synthetic-60s/master_frames/001117.png,3379,file,已结束测试的样帧、接收录像、合成输入或日志；不会影响全片渲染
可直接清理,项目验收目录,/Users/eason/Desktop/wfcrl/wind farm RL/evidence/camera-video-20260919/stream-validation/synthetic-60s/master_frames/001118.png,3415,file,已结束测试的样帧、接收录像、合成输入或日志；不会影响全片渲染
可直接清理,项目验收目录,/Users/eason/Desktop/wfcrl/wind farm RL/evidence/camera-video-20260919/stream-validation/synthetic-60s/master_frames/001119.png,3445,file,已结束测试的样帧、接收录像、合成输入或日志；不会影响全片渲染
可直接清理,项目验收目录,/Users/eason/Desktop/wfcrl/wind farm RL/evidence/camera-video-20260919/stream-validation/synthetic-60s/master_frames/001120.png,3424,file,已结束测试的样帧、接收录像、合成输入或日志；不会影响全片渲染
可直接清理,项目验收目录,/Users/eason/Desktop/wfcrl/wind farm RL/evidence/camera-video-20260919/stream-validation/synthetic-60s/master_frames/001121.png,3432,file,已结束测试的样帧、接收录像、合成输入或日志；不会影响全片渲染
可直接清理,项目验收目录,/Users/eason/Desktop/wfcrl/wind farm RL/evidence/camera-video-20260919/stream-validation/synthetic-60s/master_frames/001122.png,3347,file,已结束测试的样帧、接收录像、合成输入或日志；不会影响全片渲染
可直接清理,项目验收目录,/Users/eason/Desktop/wfcrl/wind farm RL/evidence/camera-video-20260919/stream-validation/synthetic-60s/master_frames/001123.png,3415,file,已结束测试的样帧、接收录像、合成输入或日志；不会影响全片渲染
可直接清理,项目验收目录,/Users/eason/Desktop/wfcrl/wind farm RL/evidence/camera-video-20260919/stream-validation/synthetic-60s/master_frames/001124.png,3298,file,已结束测试的样帧、接收录像、合成输入或日志；不会影响全片渲染
可直接清理,项目验收目录,/Users/eason/Desktop/wfcrl/wind farm RL/evidence/camera-video-20260919/stream-validation/synthetic-60s/master_frames/001125.png,3286,file,已结束测试的样帧、接收录像、合成输入或日志；不会影响全片渲染
可直接清理,项目验收目录,/Users/eason/Desktop/wfcrl/wind farm RL/evidence/camera-video-20260919/stream-validation/synthetic-60s/master_frames/001126.png,3295,file,已结束测试的样帧、接收录像、合成输入或日志；不会影响全片渲染
可直接清理,项目验收目录,/Users/eason/Desktop/wfcrl/wind farm RL/evidence/camera-video-20260919/stream-validation/synthetic-60s/master_frames/001127.png,3187,file,已结束测试的样帧、接收录像、合成输入或日志；不会影响全片渲染
可直接清理,项目验收目录,/Users/eason/Desktop/wfcrl/wind farm RL/evidence/camera-video-20260919/stream-validation/synthetic-60s/master_frames/001128.png,3188,file,已结束测试的样帧、接收录像、合成输入或日志；不会影响全片渲染
可直接清理,项目验收目录,/Users/eason/Desktop/wfcrl/wind farm RL/evidence/camera-video-20260919/stream-validation/synthetic-60s/master_frames/001129.png,3180,file,已结束测试的样帧、接收录像、合成输入或日志；不会影响全片渲染
可直接清理,项目验收目录,/Users/eason/Desktop/wfcrl/wind farm RL/evidence/camera-video-20260919/stream-validation/synthetic-60s/master_frames/001130.png,3077,file,已结束测试的样帧、接收录像、合成输入或日志；不会影响全片渲染
可直接清理,项目验收目录,/Users/eason/Desktop/wfcrl/wind farm RL/evidence/camera-video-20260919/stream-validation/synthetic-60s/master_frames/001131.png,3078,file,已结束测试的样帧、接收录像、合成输入或日志；不会影响全片渲染
可直接清理,项目验收目录,/Users/eason/Desktop/wfcrl/wind farm RL/evidence/camera-video-20260919/stream-validation/synthetic-60s/master_frames/001132.png,3144,file,已结束测试的样帧、接收录像、合成输入或日志；不会影响全片渲染
可直接清理,项目验收目录,/Users/eason/Desktop/wfcrl/wind farm RL/evidence/camera-video-20260919/stream-validation/synthetic-60s/master_frames/001133.png,3092,file,已结束测试的样帧、接收录像、合成输入或日志；不会影响全片渲染
可直接清理,项目验收目录,/Users/eason/Desktop/wfcrl/wind farm RL/evidence/camera-video-20260919/stream-validation/synthetic-60s/master_frames/001134.png,3131,file,已结束测试的样帧、接收录像、合成输入或日志；不会影响全片渲染
可直接清理,项目验收目录,/Users/eason/Desktop/wfcrl/wind farm RL/evidence/camera-video-20260919/stream-validation/synthetic-60s/master_frames/001135.png,3143,file,已结束测试的样帧、接收录像、合成输入或日志；不会影响全片渲染
可直接清理,项目验收目录,/Users/eason/Desktop/wfcrl/wind farm RL/evidence/camera-video-20260919/stream-validation/synthetic-60s/master_frames/001136.png,3141,file,已结束测试的样帧、接收录像、合成输入或日志；不会影响全片渲染
可直接清理,项目验收目录,/Users/eason/Desktop/wfcrl/wind farm RL/evidence/camera-video-20260919/stream-validation/synthetic-60s/master_frames/001137.png,3141,file,已结束测试的样帧、接收录像、合成输入或日志；不会影响全片渲染
可直接清理,项目验收目录,/Users/eason/Desktop/wfcrl/wind farm RL/evidence/camera-video-20260919/stream-validation/synthetic-60s/master_frames/001138.png,3187,file,已结束测试的样帧、接收录像、合成输入或日志；不会影响全片渲染
可直接清理,项目验收目录,/Users/eason/Desktop/wfcrl/wind farm RL/evidence/camera-video-20260919/stream-validation/synthetic-60s/master_frames/001139.png,3189,file,已结束测试的样帧、接收录像、合成输入或日志；不会影响全片渲染
可直接清理,项目验收目录,/Users/eason/Desktop/wfcrl/wind farm RL/evidence/camera-video-20260919/stream-validation/synthetic-60s/master_frames/001140.png,3051,file,已结束测试的样帧、接收录像、合成输入或日志；不会影响全片渲染
可直接清理,项目验收目录,/Users/eason/Desktop/wfcrl/wind farm RL/evidence/camera-video-20260919/stream-validation/synthetic-60s/master_frames/001141.png,3118,file,已结束测试的样帧、接收录像、合成输入或日志；不会影响全片渲染
可直接清理,项目验收目录,/Users/eason/Desktop/wfcrl/wind farm RL/evidence/camera-video-20260919/stream-validation/synthetic-60s/master_frames/001142.png,2993,file,已结束测试的样帧、接收录像、合成输入或日志；不会影响全片渲染
可直接清理,项目验收目录,/Users/eason/Desktop/wfcrl/wind farm RL/evidence/camera-video-20260919/stream-validation/synthetic-60s/master_frames/001143.png,3093,file,已结束测试的样帧、接收录像、合成输入或日志；不会影响全片渲染
可直接清理,项目验收目录,/Users/eason/Desktop/wfcrl/wind farm RL/evidence/camera-video-20260919/stream-validation/synthetic-60s/master_frames/001144.png,2945,file,已结束测试的样帧、接收录像、合成输入或日志；不会影响全片渲染
可直接清理,项目验收目录,/Users/eason/Desktop/wfcrl/wind farm RL/evidence/camera-video-20260919/stream-validation/synthetic-60s/master_frames/001145.png,3073,file,已结束测试的样帧、接收录像、合成输入或日志；不会影响全片渲染
可直接清理,项目验收目录,/Users/eason/Desktop/wfcrl/wind farm RL/evidence/camera-video-20260919/stream-validation/synthetic-60s/master_frames/001146.png,2958,file,已结束测试的样帧、接收录像、合成输入或日志；不会影响全片渲染
可直接清理,项目验收目录,/Users/eason/Desktop/wfcrl/wind farm RL/evidence/camera-video-20260919/stream-validation/synthetic-60s/master_frames/001147.png,3010,file,已结束测试的样帧、接收录像、合成输入或日志；不会影响全片渲染
可直接清理,项目验收目录,/Users/eason/Desktop/wfcrl/wind farm RL/evidence/camera-video-20260919/stream-validation/synthetic-60s/master_frames/001148.png,3039,file,已结束测试的样帧、接收录像、合成输入或日志；不会影响全片渲染
可直接清理,项目验收目录,/Users/eason/Desktop/wfcrl/wind farm RL/evidence/camera-video-20260919/stream-validation/synthetic-60s/master_frames/001149.png,3078,file,已结束测试的样帧、接收录像、合成输入或日志；不会影响全片渲染
可直接清理,项目验收目录,/Users/eason/Desktop/wfcrl/wind farm RL/evidence/camera-video-20260919/stream-validation/synthetic-60s/master_frames/001150.png,2971,file,已结束测试的样帧、接收录像、合成输入或日志；不会影响全片渲染
可直接清理,项目验收目录,/Users/eason/Desktop/wfcrl/wind farm RL/evidence/camera-video-20260919/stream-validation/synthetic-60s/master_frames/001151.png,2976,file,已结束测试的样帧、接收录像、合成输入或日志；不会影响全片渲染
可直接清理,项目验收目录,/Users/eason/Desktop/wfcrl/wind farm RL/evidence/camera-video-20260919/stream-validation/synthetic-60s/master_frames/001152.png,3013,file,已结束测试的样帧、接收录像、合成输入或日志；不会影响全片渲染
可直接清理,项目验收目录,/Users/eason/Desktop/wfcrl/wind farm RL/evidence/camera-video-20260919/stream-validation/synthetic-60s/master_frames/001153.png,3053,file,已结束测试的样帧、接收录像、合成输入或日志；不会影响全片渲染
可直接清理,项目验收目录,/Users/eason/Desktop/wfcrl/wind farm RL/evidence/camera-video-20260919/stream-validation/synthetic-60s/master_frames/001154.png,2980,file,已结束测试的样帧、接收录像、合成输入或日志；不会影响全片渲染
可直接清理,项目验收目录,/Users/eason/Desktop/wfcrl/wind farm RL/evidence/camera-video-20260919/stream-validation/synthetic-60s/master_frames/001155.png,3011,file,已结束测试的样帧、接收录像、合成输入或日志；不会影响全片渲染
可直接清理,项目验收目录,/Users/eason/Desktop/wfcrl/wind farm RL/evidence/camera-video-20260919/stream-validation/synthetic-60s/master_frames/001156.png,3064,file,已结束测试的样帧、接收录像、合成输入或日志；不会影响全片渲染
可直接清理,项目验收目录,/Users/eason/Desktop/wfcrl/wind farm RL/evidence/camera-video-20260919/stream-validation/synthetic-60s/master_frames/001157.png,3051,file,已结束测试的样帧、接收录像、合成输入或日志；不会影响全片渲染
可直接清理,项目验收目录,/Users/eason/Desktop/wfcrl/wind farm RL/evidence/camera-video-20260919/stream-validation/synthetic-60s/master_frames/001158.png,3111,file,已结束测试的样帧、接收录像、合成输入或日志；不会影响全片渲染
可直接清理,项目验收目录,/Users/eason/Desktop/wfcrl/wind farm RL/evidence/camera-video-20260919/stream-validation/synthetic-60s/master_frames/001159.png,3098,file,已结束测试的样帧、接收录像、合成输入或日志；不会影响全片渲染
可直接清理,项目验收目录,/Users/eason/Desktop/wfcrl/wind farm RL/evidence/camera-video-20260919/stream-validation/synthetic-60s/master_frames/001160.png,3127,file,已结束测试的样帧、接收录像、合成输入或日志；不会影响全片渲染
可直接清理,项目验收目录,/Users/eason/Desktop/wfcrl/wind farm RL/evidence/camera-video-20260919/stream-validation/synthetic-60s/master_frames/001161.png,3138,file,已结束测试的样帧、接收录像、合成输入或日志；不会影响全片渲染
可直接清理,项目验收目录,/Users/eason/Desktop/wfcrl/wind farm RL/evidence/camera-video-20260919/stream-validation/synthetic-60s/master_frames/001162.png,3091,file,已结束测试的样帧、接收录像、合成输入或日志；不会影响全片渲染
可直接清理,项目验收目录,/Users/eason/Desktop/wfcrl/wind farm RL/evidence/camera-video-20260919/stream-validation/synthetic-60s/master_frames/001163.png,3177,file,已结束测试的样帧、接收录像、合成输入或日志；不会影响全片渲染
可直接清理,项目验收目录,/Users/eason/Desktop/wfcrl/wind farm RL/evidence/camera-video-20260919/stream-validation/synthetic-60s/master_frames/001164.png,3169,file,已结束测试的样帧、接收录像、合成输入或日志；不会影响全片渲染
可直接清理,项目验收目录,/Users/eason/Desktop/wfcrl/wind farm RL/evidence/camera-video-20260919/stream-validation/synthetic-60s/master_frames/001165.png,3234,file,已结束测试的样帧、接收录像、合成输入或日志；不会影响全片渲染
可直接清理,项目验收目录,/Users/eason/Desktop/wfcrl/wind farm RL/evidence/camera-video-20260919/stream-validation/synthetic-60s/master_frames/001166.png,3180,file,已结束测试的样帧、接收录像、合成输入或日志；不会影响全片渲染
可直接清理,项目验收目录,/Users/eason/Desktop/wfcrl/wind farm RL/evidence/camera-video-20260919/stream-validation/synthetic-60s/master_frames/001167.png,3169,file,已结束测试的样帧、接收录像、合成输入或日志；不会影响全片渲染
可直接清理,项目验收目录,/Users/eason/Desktop/wfcrl/wind farm RL/evidence/camera-video-20260919/stream-validation/synthetic-60s/master_frames/001168.png,3187,file,已结束测试的样帧、接收录像、合成输入或日志；不会影响全片渲染
可直接清理,项目验收目录,/Users/eason/Desktop/wfcrl/wind farm RL/evidence/camera-video-20260919/stream-validation/synthetic-60s/master_frames/001169.png,3249,file,已结束测试的样帧、接收录像、合成输入或日志；不会影响全片渲染
可直接清理,项目验收目录,/Users/eason/Desktop/wfcrl/wind farm RL/evidence/camera-video-20260919/stream-validation/synthetic-60s/master_frames/001170.png,3163,file,已结束测试的样帧、接收录像、合成输入或日志；不会影响全片渲染
可直接清理,项目验收目录,/Users/eason/Desktop/wfcrl/wind farm RL/evidence/camera-video-20260919/stream-validation/synthetic-60s/master_frames/001171.png,3184,file,已结束测试的样帧、接收录像、合成输入或日志；不会影响全片渲染
可直接清理,项目验收目录,/Users/eason/Desktop/wfcrl/wind farm RL/evidence/camera-video-20260919/stream-validation/synthetic-60s/master_frames/001172.png,3150,file,已结束测试的样帧、接收录像、合成输入或日志；不会影响全片渲染
可直接清理,项目验收目录,/Users/eason/Desktop/wfcrl/wind farm RL/evidence/camera-video-20260919/stream-validation/synthetic-60s/master_frames/001173.png,3236,file,已结束测试的样帧、接收录像、合成输入或日志；不会影响全片渲染
可直接清理,项目验收目录,/Users/eason/Desktop/wfcrl/wind farm RL/evidence/camera-video-20260919/stream-validation/synthetic-60s/master_frames/001174.png,3157,file,已结束测试的样帧、接收录像、合成输入或日志；不会影响全片渲染
可直接清理,项目验收目录,/Users/eason/Desktop/wfcrl/wind farm RL/evidence/camera-video-20260919/stream-validation/synthetic-60s/master_frames/001175.png,3221,file,已结束测试的样帧、接收录像、合成输入或日志；不会影响全片渲染
可直接清理,项目验收目录,/Users/eason/Desktop/wfcrl/wind farm RL/evidence/camera-video-20260919/stream-validation/synthetic-60s/master_frames/001176.png,3157,file,已结束测试的样帧、接收录像、合成输入或日志；不会影响全片渲染
可直接清理,项目验收目录,/Users/eason/Desktop/wfcrl/wind farm RL/evidence/camera-video-20260919/stream-validation/synthetic-60s/master_frames/001177.png,3198,file,已结束测试的样帧、接收录像、合成输入或日志；不会影响全片渲染
可直接清理,项目验收目录,/Users/eason/Desktop/wfcrl/wind farm RL/evidence/camera-video-20260919/stream-validation/synthetic-60s/master_frames/001178.png,3254,file,已结束测试的样帧、接收录像、合成输入或日志；不会影响全片渲染
可直接清理,项目验收目录,/Users/eason/Desktop/wfcrl/wind farm RL/evidence/camera-video-20260919/stream-validation/synthetic-60s/master_frames/001179.png,3312,file,已结束测试的样帧、接收录像、合成输入或日志；不会影响全片渲染
可直接清理,项目验收目录,/Users/eason/Desktop/wfcrl/wind farm RL/evidence/camera-video-20260919/stream-validation/synthetic-60s/master_frames/001180.png,3265,file,已结束测试的样帧、接收录像、合成输入或日志；不会影响全片渲染
可直接清理,项目验收目录,/Users/eason/Desktop/wfcrl/wind farm RL/evidence/camera-video-20260919/stream-validation/synthetic-60s/master_frames/001181.png,3269,file,已结束测试的样帧、接收录像、合成输入或日志；不会影响全片渲染
可直接清理,项目验收目录,/Users/eason/Desktop/wfcrl/wind farm RL/evidence/camera-video-20260919/stream-validation/synthetic-60s/master_frames/001182.png,3260,file,已结束测试的样帧、接收录像、合成输入或日志；不会影响全片渲染
可直接清理,项目验收目录,/Users/eason/Desktop/wfcrl/wind farm RL/evidence/camera-video-20260919/stream-validation/synthetic-60s/master_frames/001183.png,3230,file,已结束测试的样帧、接收录像、合成输入或日志；不会影响全片渲染
可直接清理,项目验收目录,/Users/eason/Desktop/wfcrl/wind farm RL/evidence/camera-video-20260919/stream-validation/synthetic-60s/master_frames/001184.png,3340,file,已结束测试的样帧、接收录像、合成输入或日志；不会影响全片渲染
可直接清理,项目验收目录,/Users/eason/Desktop/wfcrl/wind farm RL/evidence/camera-video-20260919/stream-validation/synthetic-60s/master_frames/001185.png,3368,file,已结束测试的样帧、接收录像、合成输入或日志；不会影响全片渲染
可直接清理,项目验收目录,/Users/eason/Desktop/wfcrl/wind farm RL/evidence/camera-video-20260919/stream-validation/synthetic-60s/master_frames/001186.png,3352,file,已结束测试的样帧、接收录像、合成输入或日志；不会影响全片渲染
可直接清理,项目验收目录,/Users/eason/Desktop/wfcrl/wind farm RL/evidence/camera-video-20260919/stream-validation/synthetic-60s/master_frames/001187.png,3367,file,已结束测试的样帧、接收录像、合成输入或日志；不会影响全片渲染
可直接清理,项目验收目录,/Users/eason/Desktop/wfcrl/wind farm RL/evidence/camera-video-20260919/stream-validation/synthetic-60s/master_frames/001188.png,3395,file,已结束测试的样帧、接收录像、合成输入或日志；不会影响全片渲染
可直接清理,项目验收目录,/Users/eason/Desktop/wfcrl/wind farm RL/evidence/camera-video-20260919/stream-validation/synthetic-60s/master_frames/001189.png,3466,file,已结束测试的样帧、接收录像、合成输入或日志；不会影响全片渲染
可直接清理,项目验收目录,/Users/eason/Desktop/wfcrl/wind farm RL/evidence/camera-video-20260919/stream-validation/synthetic-60s/master_frames/001190.png,3426,file,已结束测试的样帧、接收录像、合成输入或日志；不会影响全片渲染
可直接清理,项目验收目录,/Users/eason/Desktop/wfcrl/wind farm RL/evidence/camera-video-20260919/stream-validation/synthetic-60s/master_frames/001191.png,3468,file,已结束测试的样帧、接收录像、合成输入或日志；不会影响全片渲染
可直接清理,项目验收目录,/Users/eason/Desktop/wfcrl/wind farm RL/evidence/camera-video-20260919/stream-validation/synthetic-60s/master_frames/001192.png,3505,file,已结束测试的样帧、接收录像、合成输入或日志；不会影响全片渲染
可直接清理,项目验收目录,/Users/eason/Desktop/wfcrl/wind farm RL/evidence/camera-video-20260919/stream-validation/synthetic-60s/master_frames/001193.png,3568,file,已结束测试的样帧、接收录像、合成输入或日志；不会影响全片渲染
可直接清理,项目验收目录,/Users/eason/Desktop/wfcrl/wind farm RL/evidence/camera-video-20260919/stream-validation/synthetic-60s/master_frames/001194.png,3516,file,已结束测试的样帧、接收录像、合成输入或日志；不会影响全片渲染
可直接清理,项目验收目录,/Users/eason/Desktop/wfcrl/wind farm RL/evidence/camera-video-20260919/stream-validation/synthetic-60s/master_frames/001195.png,3535,file,已结束测试的样帧、接收录像、合成输入或日志；不会影响全片渲染
可直接清理,项目验收目录,/Users/eason/Desktop/wfcrl/wind farm RL/evidence/camera-video-20260919/stream-validation/synthetic-60s/master_frames/001196.png,3541,file,已结束测试的样帧、接收录像、合成输入或日志；不会影响全片渲染
可直接清理,项目验收目录,/Users/eason/Desktop/wfcrl/wind farm RL/evidence/camera-video-20260919/stream-validation/synthetic-60s/master_frames/001197.png,3544,file,已结束测试的样帧、接收录像、合成输入或日志；不会影响全片渲染
可直接清理,项目验收目录,/Users/eason/Desktop/wfcrl/wind farm RL/evidence/camera-video-20260919/stream-validation/synthetic-60s/master_frames/001198.png,3551,file,已结束测试的样帧、接收录像、合成输入或日志；不会影响全片渲染
可直接清理,项目验收目录,/Users/eason/Desktop/wfcrl/wind farm RL/evidence/camera-video-20260919/stream-validation/synthetic-60s/master_frames/001199.png,3544,file,已结束测试的样帧、接收录像、合成输入或日志；不会影响全片渲染
可直接清理,项目验收目录,/Users/eason/Desktop/wfcrl/wind farm RL/evidence/camera-video-20260919/stream-validation/synthetic-60s/stream/fde3ce4b-ed5c-4ef6-8f61-a9b2bb98802c.jsonl,19565025,file,已结束测试的样帧、接收录像、合成输入或日志；不会影响全片渲染
可直接清理,项目验收目录,/Users/eason/Desktop/wfcrl/wind farm RL/evidence/camera-video-20260919/stream-validation/synthetic-60s/video.mp4,2075036,file,已结束测试的样帧、接收录像、合成输入或日志；不会影响全片渲染
已交付样片，保留,项目验收目录,/Users/eason/Desktop/wfcrl/wind farm RL/evidence/camera-video-20260919/t1-short-4k/.render.lock,0,file,视频、标签、相机参数与封包记录；不是临时垃圾
已交付样片，保留,项目验收目录,/Users/eason/Desktop/wfcrl/wind farm RL/evidence/camera-video-20260919/t1-short-4k/camera.json,11263,file,视频、标签、相机参数与封包记录；不是临时垃圾
已交付样片，保留,项目验收目录,/Users/eason/Desktop/wfcrl/wind farm RL/evidence/camera-video-20260919/t1-short-4k/camera_world.npy,2688,file,视频、标签、相机参数与封包记录；不是临时垃圾
已交付样片，保留,项目验收目录,/Users/eason/Desktop/wfcrl/wind farm RL/evidence/camera-video-20260919/t1-short-4k/checks/encoding.json,3786,file,视频、标签、相机参数与封包记录；不是临时垃圾
已交付样片，保留,项目验收目录,/Users/eason/Desktop/wfcrl/wind farm RL/evidence/camera-video-20260919/t1-short-4k/checks/package-verification.json,200,file,视频、标签、相机参数与封包记录；不是临时垃圾
已交付样片，保留,项目验收目录,/Users/eason/Desktop/wfcrl/wind farm RL/evidence/camera-video-20260919/t1-short-4k/checks/render.json,360,file,视频、标签、相机参数与封包记录；不是临时垃圾
已交付样片，保留,项目验收目录,/Users/eason/Desktop/wfcrl/wind farm RL/evidence/camera-video-20260919/t1-short-4k/checks/render_frames.json,8074,file,视频、标签、相机参数与封包记录；不是临时垃圾
已交付样片，保留,项目验收目录,/Users/eason/Desktop/wfcrl/wind farm RL/evidence/camera-video-20260919/t1-short-4k/data_manifest.json,4779,file,视频、标签、相机参数与封包记录；不是临时垃圾
已交付样片，保留,项目验收目录,/Users/eason/Desktop/wfcrl/wind farm RL/evidence/camera-video-20260919/t1-short-4k/frame_geometry.npz,7596,file,视频、标签、相机参数与封包记录；不是临时垃圾
已交付样片，保留,项目验收目录,/Users/eason/Desktop/wfcrl/wind farm RL/evidence/camera-video-20260919/t1-short-4k/frames.csv,4052,file,视频、标签、相机参数与封包记录；不是临时垃圾
已交付样片，保留,项目验收目录,/Users/eason/Desktop/wfcrl/wind farm RL/evidence/camera-video-20260919/t1-short-4k/manifest.json,50446,file,视频、标签、相机参数与封包记录；不是临时垃圾
样片母版，建议保留,项目验收目录,/Users/eason/Desktop/wfcrl/wind farm RL/evidence/camera-video-20260919/t1-short-4k/master_frames/000000.png,51069512,file,删除可省空间，但封包完整性校验和重新编码将不可用
样片母版，建议保留,项目验收目录,/Users/eason/Desktop/wfcrl/wind farm RL/evidence/camera-video-20260919/t1-short-4k/master_frames/000001.png,51104243,file,删除可省空间，但封包完整性校验和重新编码将不可用
样片母版，建议保留,项目验收目录,/Users/eason/Desktop/wfcrl/wind farm RL/evidence/camera-video-20260919/t1-short-4k/master_frames/000002.png,51112827,file,删除可省空间，但封包完整性校验和重新编码将不可用
样片母版，建议保留,项目验收目录,/Users/eason/Desktop/wfcrl/wind farm RL/evidence/camera-video-20260919/t1-short-4k/master_frames/000003.png,51123692,file,删除可省空间，但封包完整性校验和重新编码将不可用
样片母版，建议保留,项目验收目录,/Users/eason/Desktop/wfcrl/wind farm RL/evidence/camera-video-20260919/t1-short-4k/master_frames/000004.png,51131137,file,删除可省空间，但封包完整性校验和重新编码将不可用
样片母版，建议保留,项目验收目录,/Users/eason/Desktop/wfcrl/wind farm RL/evidence/camera-video-20260919/t1-short-4k/master_frames/000005.png,51132278,file,删除可省空间，但封包完整性校验和重新编码将不可用
样片母版，建议保留,项目验收目录,/Users/eason/Desktop/wfcrl/wind farm RL/evidence/camera-video-20260919/t1-short-4k/master_frames/000006.png,51263539,file,删除可省空间，但封包完整性校验和重新编码将不可用
样片母版，建议保留,项目验收目录,/Users/eason/Desktop/wfcrl/wind farm RL/evidence/camera-video-20260919/t1-short-4k/master_frames/000007.png,51469505,file,删除可省空间，但封包完整性校验和重新编码将不可用
样片母版，建议保留,项目验收目录,/Users/eason/Desktop/wfcrl/wind farm RL/evidence/camera-video-20260919/t1-short-4k/master_frames/000008.png,51514139,file,删除可省空间，但封包完整性校验和重新编码将不可用
样片母版，建议保留,项目验收目录,/Users/eason/Desktop/wfcrl/wind farm RL/evidence/camera-video-20260919/t1-short-4k/master_frames/000009.png,51483726,file,删除可省空间，但封包完整性校验和重新编码将不可用
样片母版，建议保留,项目验收目录,/Users/eason/Desktop/wfcrl/wind farm RL/evidence/camera-video-20260919/t1-short-4k/master_frames/000010.png,51429778,file,删除可省空间，但封包完整性校验和重新编码将不可用
样片母版，建议保留,项目验收目录,/Users/eason/Desktop/wfcrl/wind farm RL/evidence/camera-video-20260919/t1-short-4k/master_frames/000011.png,51425959,file,删除可省空间，但封包完整性校验和重新编码将不可用
样片母版，建议保留,项目验收目录,/Users/eason/Desktop/wfcrl/wind farm RL/evidence/camera-video-20260919/t1-short-4k/master_frames/000012.png,51413536,file,删除可省空间，但封包完整性校验和重新编码将不可用
样片母版，建议保留,项目验收目录,/Users/eason/Desktop/wfcrl/wind farm RL/evidence/camera-video-20260919/t1-short-4k/master_frames/000013.png,51410303,file,删除可省空间，但封包完整性校验和重新编码将不可用
样片母版，建议保留,项目验收目录,/Users/eason/Desktop/wfcrl/wind farm RL/evidence/camera-video-20260919/t1-short-4k/master_frames/000014.png,51409795,file,删除可省空间，但封包完整性校验和重新编码将不可用
样片母版，建议保留,项目验收目录,/Users/eason/Desktop/wfcrl/wind farm RL/evidence/camera-video-20260919/t1-short-4k/master_frames/000015.png,51413469,file,删除可省空间，但封包完整性校验和重新编码将不可用
样片母版，建议保留,项目验收目录,/Users/eason/Desktop/wfcrl/wind farm RL/evidence/camera-video-20260919/t1-short-4k/master_frames/000016.png,51414337,file,删除可省空间，但封包完整性校验和重新编码将不可用
样片母版，建议保留,项目验收目录,/Users/eason/Desktop/wfcrl/wind farm RL/evidence/camera-video-20260919/t1-short-4k/master_frames/000017.png,51415341,file,删除可省空间，但封包完整性校验和重新编码将不可用
样片母版，建议保留,项目验收目录,/Users/eason/Desktop/wfcrl/wind farm RL/evidence/camera-video-20260919/t1-short-4k/master_frames/000018.png,51412997,file,删除可省空间，但封包完整性校验和重新编码将不可用
样片母版，建议保留,项目验收目录,/Users/eason/Desktop/wfcrl/wind farm RL/evidence/camera-video-20260919/t1-short-4k/master_frames/000019.png,51428604,file,删除可省空间，但封包完整性校验和重新编码将不可用
已交付样片，保留,项目验收目录,/Users/eason/Desktop/wfcrl/wind farm RL/evidence/camera-video-20260919/t1-short-4k/render_manifest.json,27794,file,视频、标签、相机参数与封包记录；不是临时垃圾
已交付样片，保留,项目验收目录,/Users/eason/Desktop/wfcrl/wind farm RL/evidence/camera-video-20260919/t1-short-4k/stream/388504ea-4cb5-43c6-92af-c39fda12c11c.jsonl,290056,file,视频、标签、相机参数与封包记录；不是临时垃圾
已交付样片，保留,项目验收目录,/Users/eason/Desktop/wfcrl/wind farm RL/evidence/camera-video-20260919/t1-short-4k/video.mp4,7911883,file,视频、标签、相机参数与封包记录；不是临时垃圾
可直接清理,项目验收目录,/Users/eason/Desktop/wfcrl/wind farm RL/evidence/camera-video-20260919/t1-short-4k.log,26277,file,已结束测试的样帧、接收录像、合成输入或日志；不会影响全片渲染
正在使用，保留,完整渲染输出,/Users/eason/Desktop/wfcrl/wind farm RL/results/camera-video/t1-4k-20fps-20260919/.exposure_sample.exr,97107051,file,当前后台渲染输入/输出/断点；不可在任务运行时删除
正在使用，保留,完整渲染输出,/Users/eason/Desktop/wfcrl/wind farm RL/results/camera-video/t1-4k-20fps-20260919/.render.lock,0,file,当前后台渲染输入/输出/断点；不可在任务运行时删除
正在使用，保留,完整渲染输出,/Users/eason/Desktop/wfcrl/wind farm RL/results/camera-video/t1-4k-20fps-20260919/camera.json,11263,file,当前后台渲染输入/输出/断点；不可在任务运行时删除
正在使用，保留,完整渲染输出,/Users/eason/Desktop/wfcrl/wind farm RL/results/camera-video/t1-4k-20fps-20260919/camera_world.npy,153728,file,当前后台渲染输入/输出/断点；不可在任务运行时删除
正在使用，保留,完整渲染输出,/Users/eason/Desktop/wfcrl/wind farm RL/results/camera-video/t1-4k-20fps-20260919/checks/render_frames.json,6048,file,当前后台渲染输入/输出/断点；不可在任务运行时删除
正在使用，保留,完整渲染输出,/Users/eason/Desktop/wfcrl/wind farm RL/results/camera-video/t1-4k-20fps-20260919/master_frames/000000.png,51534757,file,当前后台渲染输入/输出/断点；不可在任务运行时删除
正在使用，保留,完整渲染输出,/Users/eason/Desktop/wfcrl/wind farm RL/results/camera-video/t1-4k-20fps-20260919/master_frames/000001.png,51552117,file,当前后台渲染输入/输出/断点；不可在任务运行时删除
正在使用，保留,完整渲染输出,/Users/eason/Desktop/wfcrl/wind farm RL/results/camera-video/t1-4k-20fps-20260919/master_frames/000002.png,51551668,file,当前后台渲染输入/输出/断点；不可在任务运行时删除
正在使用，保留,完整渲染输出,/Users/eason/Desktop/wfcrl/wind farm RL/results/camera-video/t1-4k-20fps-20260919/master_frames/000003.png,51564191,file,当前后台渲染输入/输出/断点；不可在任务运行时删除
正在使用，保留,完整渲染输出,/Users/eason/Desktop/wfcrl/wind farm RL/results/camera-video/t1-4k-20fps-20260919/master_frames/000004.png,51562682,file,当前后台渲染输入/输出/断点；不可在任务运行时删除
正在使用，保留,完整渲染输出,/Users/eason/Desktop/wfcrl/wind farm RL/results/camera-video/t1-4k-20fps-20260919/master_frames/000005.png,51568784,file,当前后台渲染输入/输出/断点；不可在任务运行时删除
正在使用，保留,完整渲染输出,/Users/eason/Desktop/wfcrl/wind farm RL/results/camera-video/t1-4k-20fps-20260919/master_frames/000006.png,51577739,file,当前后台渲染输入/输出/断点；不可在任务运行时删除
正在使用，保留,完整渲染输出,/Users/eason/Desktop/wfcrl/wind farm RL/results/camera-video/t1-4k-20fps-20260919/master_frames/000007.png,51565792,file,当前后台渲染输入/输出/断点；不可在任务运行时删除
正在使用，保留,完整渲染输出,/Users/eason/Desktop/wfcrl/wind farm RL/results/camera-video/t1-4k-20fps-20260919/master_frames/000008.png,51458320,file,当前后台渲染输入/输出/断点；不可在任务运行时删除
正在使用，保留,完整渲染输出,/Users/eason/Desktop/wfcrl/wind farm RL/results/camera-video/t1-4k-20fps-20260919/master_frames/000009.png,51241820,file,当前后台渲染输入/输出/断点；不可在任务运行时删除
正在使用，保留,完整渲染输出,/Users/eason/Desktop/wfcrl/wind farm RL/results/camera-video/t1-4k-20fps-20260919/master_frames/000010.png,51069862,file,当前后台渲染输入/输出/断点；不可在任务运行时删除
正在使用，保留,完整渲染输出,/Users/eason/Desktop/wfcrl/wind farm RL/results/camera-video/t1-4k-20fps-20260919/master_frames/000011.png,51104111,file,当前后台渲染输入/输出/断点；不可在任务运行时删除
正在使用，保留,完整渲染输出,/Users/eason/Desktop/wfcrl/wind farm RL/results/camera-video/t1-4k-20fps-20260919/master_frames/000012.png,51112791,file,当前后台渲染输入/输出/断点；不可在任务运行时删除
正在使用，保留,完整渲染输出,/Users/eason/Desktop/wfcrl/wind farm RL/results/camera-video/t1-4k-20fps-20260919/master_frames/000013.png,51124146,file,当前后台渲染输入/输出/断点；不可在任务运行时删除
正在使用，保留,完整渲染输出,/Users/eason/Desktop/wfcrl/wind farm RL/results/camera-video/t1-4k-20fps-20260919/master_frames/000014.png,51130834,file,当前后台渲染输入/输出/断点；不可在任务运行时删除
正在使用，保留,完整渲染输出,/Users/eason/Desktop/wfcrl/wind farm RL/results/camera-video/t1-4k-20fps-20260919/render_manifest.json,27832,file,当前后台渲染输入/输出/断点；不可在任务运行时删除
可直接清理,/tmp诊断文件,/tmp/wfrl-camera-1440-benchmark/camera.json,10011,file,本次已结束的诊断与测试产物
可直接清理,/tmp诊断文件,/tmp/wfrl-camera-1440-benchmark/camera_world.npy,256,file,本次已结束的诊断与测试产物
可直接清理,/tmp诊断文件,/tmp/wfrl-camera-1440-benchmark/checks/render.json,314,file,本次已结束的诊断与测试产物
可直接清理,/tmp诊断文件,/tmp/wfrl-camera-1440-benchmark/checks/render_frames.json,326,file,本次已结束的诊断与测试产物
可直接清理,/tmp诊断文件,/tmp/wfrl-camera-1440-benchmark/master_frames/000000.png,24689932,file,本次已结束的诊断与测试产物
可直接清理,/tmp诊断文件,/tmp/wfrl-camera-1440-benchmark/render_manifest.json,23147,file,本次已结束的诊断与测试产物
可直接清理,/tmp诊断文件,/tmp/wfrl-camera-1440-benchmark.log,952,file,本次已结束的诊断与测试产物
可直接清理,/tmp诊断文件,/tmp/wfrl-camera-1ms-16-preview.png,1515914,file,本次已结束的诊断与测试产物
可直接清理,/tmp诊断文件,/tmp/wfrl-camera-1ms-16-tip.png,484691,file,本次已结束的诊断与测试产物
可直接清理,/tmp诊断文件,/tmp/wfrl-camera-1ms-8-tip.png,518548,file,本次已结束的诊断与测试产物
可直接清理,/tmp诊断文件,/tmp/wfrl-camera-1ms-preview.png,1534909,file,本次已结束的诊断与测试产物
可直接清理,/tmp诊断文件,/tmp/wfrl-camera-4k-1ms-16.log,3035,file,本次已结束的诊断与测试产物
可直接清理,/tmp诊断文件,/tmp/wfrl-camera-4k-1ms-8.log,1832,file,本次已结束的诊断与测试产物
可直接清理,/tmp诊断文件,/tmp/wfrl-camera-4k-metal.log,1812,file,本次已结束的诊断与测试产物
可直接清理,/tmp诊断文件,/tmp/wfrl-camera-4k-preview.png,1610071,file,本次已结束的诊断与测试产物
可直接清理,/tmp诊断文件,/tmp/wfrl-camera-4k-probe.log,1753,file,本次已结束的诊断与测试产物
可直接清理,/tmp诊断文件,/tmp/wfrl-camera-cli-config.yml,189,file,本次已结束的诊断与测试产物
可直接清理,/tmp诊断文件,/tmp/wfrl-camera-crop.log,156,file,本次已结束的诊断与测试产物
可直接清理,/tmp诊断文件,/tmp/wfrl-camera-native-crash-safe.log,4210,file,本次已结束的诊断与测试产物
可直接清理,/tmp诊断文件,/tmp/wfrl-camera-native-final.log,2804,file,本次已结束的诊断与测试产物
可直接清理,/tmp诊断文件,/tmp/wfrl-camera-native-production.log,4282,file,本次已结束的诊断与测试产物
可直接清理,/tmp诊断文件,/tmp/wfrl-camera-native.log,2730,file,本次已结束的诊断与测试产物
可直接清理,/tmp诊断文件,/tmp/wfrl-camera-preview.log,160,file,本次已结束的诊断与测试产物
可直接清理,/tmp诊断文件,/tmp/wfrl-camera-render-smoke/camera.json,10009,file,本次已结束的诊断与测试产物
可直接清理,/tmp诊断文件,/tmp/wfrl-camera-render-smoke/camera_world.npy,384,file,本次已结束的诊断与测试产物
可直接清理,/tmp诊断文件,/tmp/wfrl-camera-render-smoke/checks/render.json,312,file,本次已结束的诊断与测试产物
可直接清理,/tmp诊断文件,/tmp/wfrl-camera-render-smoke/checks/render_frames.json,280,file,本次已结束的诊断与测试产物
可直接清理,/tmp诊断文件,/tmp/wfrl-camera-render-smoke/master_frames/000000.png,399436,file,本次已结束的诊断与测试产物
可直接清理,/tmp诊断文件,/tmp/wfrl-camera-render-smoke/render_manifest.json,23040,file,本次已结束的诊断与测试产物
可直接清理,/tmp诊断文件,/tmp/wfrl-camera-render-smoke.log,744,file,本次已结束的诊断与测试产物
可直接清理,/tmp诊断文件,/tmp/wfrl-camera-short-preview.png,1530514,file,本次已结束的诊断与测试产物
可直接清理,/tmp诊断文件,/tmp/wfrl-media-integration/checks/encoding.json,5045,file,本次已结束的诊断与测试产物
可直接清理,/tmp诊断文件,/tmp/wfrl-media-integration/frames.csv,611,file,本次已结束的诊断与测试产物
可直接清理,/tmp诊断文件,/tmp/wfrl-media-integration/manifest.json,241,file,本次已结束的诊断与测试产物
可直接清理,/tmp诊断文件,/tmp/wfrl-media-integration/master_frames/000000.png,7549,file,本次已结束的诊断与测试产物
可直接清理,/tmp诊断文件,/tmp/wfrl-media-integration/master_frames/000001.png,7548,file,本次已结束的诊断与测试产物
可直接清理,/tmp诊断文件,/tmp/wfrl-media-integration/master_frames/000002.png,7440,file,本次已结束的诊断与测试产物
可直接清理,/tmp诊断文件,/tmp/wfrl-media-integration/master_frames/000003.png,7420,file,本次已结束的诊断与测试产物
可直接清理,/tmp诊断文件,/tmp/wfrl-media-integration/master_frames/000004.png,7397,file,本次已结束的诊断与测试产物
可直接清理,/tmp诊断文件,/tmp/wfrl-media-integration/master_frames/000005.png,7359,file,本次已结束的诊断与测试产物
可直接清理,/tmp诊断文件,/tmp/wfrl-media-integration/master_frames/000006.png,7280,file,本次已结束的诊断与测试产物
可直接清理,/tmp诊断文件,/tmp/wfrl-media-integration/master_frames/000007.png,7325,file,本次已结束的诊断与测试产物
可直接清理,/tmp诊断文件,/tmp/wfrl-media-integration/master_frames/000008.png,7301,file,本次已结束的诊断与测试产物
可直接清理,/tmp诊断文件,/tmp/wfrl-media-integration/master_frames/000009.png,7425,file,本次已结束的诊断与测试产物
可直接清理,/tmp诊断文件,/tmp/wfrl-media-integration/master_frames/000010.png,7410,file,本次已结束的诊断与测试产物
可直接清理,/tmp诊断文件,/tmp/wfrl-media-integration/master_frames/000011.png,7386,file,本次已结束的诊断与测试产物
可直接清理,/tmp诊断文件,/tmp/wfrl-media-integration/master_frames/000012.png,7419,file,本次已结束的诊断与测试产物
可直接清理,/tmp诊断文件,/tmp/wfrl-media-integration/master_frames/000013.png,7456,file,本次已结束的诊断与测试产物
可直接清理,/tmp诊断文件,/tmp/wfrl-media-integration/master_frames/000014.png,7372,file,本次已结束的诊断与测试产物
可直接清理,/tmp诊断文件,/tmp/wfrl-media-integration/master_frames/000015.png,7329,file,本次已结束的诊断与测试产物
可直接清理,/tmp诊断文件,/tmp/wfrl-media-integration/master_frames/000016.png,7331,file,本次已结束的诊断与测试产物
可直接清理,/tmp诊断文件,/tmp/wfrl-media-integration/master_frames/000017.png,7384,file,本次已结束的诊断与测试产物
可直接清理,/tmp诊断文件,/tmp/wfrl-media-integration/master_frames/000018.png,7387,file,本次已结束的诊断与测试产物
可直接清理,/tmp诊断文件,/tmp/wfrl-media-integration/master_frames/000019.png,7358,file,本次已结束的诊断与测试产物
可直接清理,/tmp诊断文件,/tmp/wfrl-media-integration/master_frames/000020.png,7223,file,本次已结束的诊断与测试产物
可直接清理,/tmp诊断文件,/tmp/wfrl-media-integration/master_frames/000021.png,7341,file,本次已结束的诊断与测试产物
可直接清理,/tmp诊断文件,/tmp/wfrl-media-integration/master_frames/000022.png,7293,file,本次已结束的诊断与测试产物
可直接清理,/tmp诊断文件,/tmp/wfrl-media-integration/master_frames/000023.png,7310,file,本次已结束的诊断与测试产物
可直接清理,/tmp诊断文件,/tmp/wfrl-media-integration/master_frames/000024.png,7266,file,本次已结束的诊断与测试产物
可直接清理,/tmp诊断文件,/tmp/wfrl-media-integration/master_frames/000025.png,7280,file,本次已结束的诊断与测试产物
可直接清理,/tmp诊断文件,/tmp/wfrl-media-integration/master_frames/000026.png,7254,file,本次已结束的诊断与测试产物
可直接清理,/tmp诊断文件,/tmp/wfrl-media-integration/master_frames/000027.png,7316,file,本次已结束的诊断与测试产物
可直接清理,/tmp诊断文件,/tmp/wfrl-media-integration/master_frames/000028.png,7316,file,本次已结束的诊断与测试产物
可直接清理,/tmp诊断文件,/tmp/wfrl-media-integration/master_frames/000029.png,7400,file,本次已结束的诊断与测试产物
可直接清理,/tmp诊断文件,/tmp/wfrl-media-integration/master_frames/000030.png,7160,file,本次已结束的诊断与测试产物
可直接清理,/tmp诊断文件,/tmp/wfrl-media-integration/master_frames/000031.png,7232,file,本次已结束的诊断与测试产物
可直接清理,/tmp诊断文件,/tmp/wfrl-media-integration/master_frames/000032.png,7184,file,本次已结束的诊断与测试产物
可直接清理,/tmp诊断文件,/tmp/wfrl-media-integration/master_frames/000033.png,7192,file,本次已结束的诊断与测试产物
可直接清理,/tmp诊断文件,/tmp/wfrl-media-integration/master_frames/000034.png,7167,file,本次已结束的诊断与测试产物
可直接清理,/tmp诊断文件,/tmp/wfrl-media-integration/master_frames/000035.png,7078,file,本次已结束的诊断与测试产物
可直接清理,/tmp诊断文件,/tmp/wfrl-media-integration/master_frames/000036.png,7052,file,本次已结束的诊断与测试产物
可直接清理,/tmp诊断文件,/tmp/wfrl-media-integration/master_frames/000037.png,7096,file,本次已结束的诊断与测试产物
可直接清理,/tmp诊断文件,/tmp/wfrl-media-integration/master_frames/000038.png,7068,file,本次已结束的诊断与测试产物
可直接清理,/tmp诊断文件,/tmp/wfrl-media-integration/master_frames/000039.png,7129,file,本次已结束的诊断与测试产物
可直接清理,/tmp诊断文件,/tmp/wfrl-media-integration/receiver1/received.h264,0,file,本次已结束的诊断与测试产物
可直接清理,/tmp诊断文件,/tmp/wfrl-media-integration/receiver3/received.h264,96064,file,本次已结束的诊断与测试产物
可直接清理,/tmp诊断文件,/tmp/wfrl-media-integration/receiver3/received.jsonl,32318,file,本次已结束的诊断与测试产物
可直接清理,/tmp诊断文件,/tmp/wfrl-media-integration/receiver4/received.h264,38389,file,本次已结束的诊断与测试产物
可直接清理,/tmp诊断文件,/tmp/wfrl-media-integration/receiver4/received.jsonl,12869,file,本次已结束的诊断与测试产物
可直接清理,/tmp诊断文件,/tmp/wfrl-media-integration/stream/759344d9-33ae-407c-9033-990001a840e5.jsonl,69058,file,本次已结束的诊断与测试产物
可直接清理,/tmp诊断文件,/tmp/wfrl-media-integration/stream/e296ecdc-f193-4128-a80c-6bef4b270213.jsonl,101947,file,本次已结束的诊断与测试产物
可直接清理,/tmp诊断文件,/tmp/wfrl-media-integration/stream/e308a21b-2764-4e63-99e7-8c80c6911450.jsonl,51120,file,本次已结束的诊断与测试产物
可直接清理,/tmp诊断文件,/tmp/wfrl-media-integration/video.mp4,76491,file,本次已结束的诊断与测试产物
可直接清理,MediaMTX临时安装,/tmp/wfrl-mediamtx-v1.21.0/download.tar.gz,26676134,file,下载压缩包或已结束测试配置；当前未运行MediaMTX
可直接清理,MediaMTX临时安装,/tmp/wfrl-mediamtx-v1.21.0/local.yml,189,file,下载压缩包或已结束测试配置；当前未运行MediaMTX
后续RTSP依赖，建议保留,MediaMTX临时安装,/tmp/wfrl-mediamtx-v1.21.0/mediamtx,54089778,file,约54MB服务程序；当前渲染不依赖，删除后后续RTSP测试需重新下载或改路径
可直接清理,MediaMTX临时安装,/tmp/wfrl-mediamtx-v1.21.0/mediamtx.yml,38755,file,下载压缩包或已结束测试配置；当前未运行MediaMTX
可直接清理,macOS测试临时目录,/var/folders/9w/yltr8zcx3gxb3rs6lr0kxwth0000gn/T/wfrl-camera-regression-9v4swson,0,empty_directory,本次Blender回归产生的空目录
可直接清理,macOS测试临时目录,/var/folders/9w/yltr8zcx3gxb3rs6lr0kxwth0000gn/T/wfrl-camera-regression-e1phng0j,0,empty_directory,本次Blender回归产生的空目录
可直接清理,macOS测试临时目录,/var/folders/9w/yltr8zcx3gxb3rs6lr0kxwth0000gn/T/wfrl-camera-regression-o9lrc96t,0,empty_directory,本次Blender回归产生的空目录
可直接清理,macOS测试临时目录,/var/folders/9w/yltr8zcx3gxb3rs6lr0kxwth0000gn/T/wfrl-camera-regression-p0es88yu,0,empty_directory,本次Blender回归产生的空目录
可直接清理,macOS测试临时目录,/var/folders/9w/yltr8zcx3gxb3rs6lr0kxwth0000gn/T/wfrl-camera-regression-vc0u_z7_,0,empty_directory,本次Blender回归产生的空目录
可直接清理,pytest测试临时目录,/var/folders/9w/yltr8zcx3gxb3rs6lr0kxwth0000gn/T/pytest-of-eason/pytest-202/test_sender_report_counts_actu0/checks/encoding.json,5820,file,核对为本次camera-video测试产物；不清理其他pytest目录
可直接清理,pytest测试临时目录,/var/folders/9w/yltr8zcx3gxb3rs6lr0kxwth0000gn/T/pytest-of-eason/pytest-202/test_sender_report_counts_actu0/frames.csv,611,file,核对为本次camera-video测试产物；不清理其他pytest目录
可直接清理,pytest测试临时目录,/var/folders/9w/yltr8zcx3gxb3rs6lr0kxwth0000gn/T/pytest-of-eason/pytest-202/test_sender_report_counts_actu0/manifest.json,241,file,核对为本次camera-video测试产物；不清理其他pytest目录
可直接清理,pytest测试临时目录,/var/folders/9w/yltr8zcx3gxb3rs6lr0kxwth0000gn/T/pytest-of-eason/pytest-202/test_sender_report_counts_actu0/master_frames/000000.png,3008,file,核对为本次camera-video测试产物；不清理其他pytest目录
可直接清理,pytest测试临时目录,/var/folders/9w/yltr8zcx3gxb3rs6lr0kxwth0000gn/T/pytest-of-eason/pytest-202/test_sender_report_counts_actu0/master_frames/000001.png,3095,file,核对为本次camera-video测试产物；不清理其他pytest目录
可直接清理,pytest测试临时目录,/var/folders/9w/yltr8zcx3gxb3rs6lr0kxwth0000gn/T/pytest-of-eason/pytest-202/test_sender_report_counts_actu0/master_frames/000002.png,3039,file,核对为本次camera-video测试产物；不清理其他pytest目录
可直接清理,pytest测试临时目录,/var/folders/9w/yltr8zcx3gxb3rs6lr0kxwth0000gn/T/pytest-of-eason/pytest-202/test_sender_report_counts_actu0/master_frames/000003.png,3110,file,核对为本次camera-video测试产物；不清理其他pytest目录
可直接清理,pytest测试临时目录,/var/folders/9w/yltr8zcx3gxb3rs6lr0kxwth0000gn/T/pytest-of-eason/pytest-202/test_sender_report_counts_actu0/master_frames/000004.png,3049,file,核对为本次camera-video测试产物；不清理其他pytest目录
可直接清理,pytest测试临时目录,/var/folders/9w/yltr8zcx3gxb3rs6lr0kxwth0000gn/T/pytest-of-eason/pytest-202/test_sender_report_counts_actu0/master_frames/000005.png,3002,file,核对为本次camera-video测试产物；不清理其他pytest目录
可直接清理,pytest测试临时目录,/var/folders/9w/yltr8zcx3gxb3rs6lr0kxwth0000gn/T/pytest-of-eason/pytest-202/test_sender_report_counts_actu0/master_frames/000006.png,3116,file,核对为本次camera-video测试产物；不清理其他pytest目录
可直接清理,pytest测试临时目录,/var/folders/9w/yltr8zcx3gxb3rs6lr0kxwth0000gn/T/pytest-of-eason/pytest-202/test_sender_report_counts_actu0/master_frames/000007.png,3051,file,核对为本次camera-video测试产物；不清理其他pytest目录
可直接清理,pytest测试临时目录,/var/folders/9w/yltr8zcx3gxb3rs6lr0kxwth0000gn/T/pytest-of-eason/pytest-202/test_sender_report_counts_actu0/master_frames/000008.png,2970,file,核对为本次camera-video测试产物；不清理其他pytest目录
可直接清理,pytest测试临时目录,/var/folders/9w/yltr8zcx3gxb3rs6lr0kxwth0000gn/T/pytest-of-eason/pytest-202/test_sender_report_counts_actu0/master_frames/000009.png,3060,file,核对为本次camera-video测试产物；不清理其他pytest目录
可直接清理,pytest测试临时目录,/var/folders/9w/yltr8zcx3gxb3rs6lr0kxwth0000gn/T/pytest-of-eason/pytest-202/test_sender_report_counts_actu0/master_frames/000010.png,3067,file,核对为本次camera-video测试产物；不清理其他pytest目录
可直接清理,pytest测试临时目录,/var/folders/9w/yltr8zcx3gxb3rs6lr0kxwth0000gn/T/pytest-of-eason/pytest-202/test_sender_report_counts_actu0/master_frames/000011.png,3063,file,核对为本次camera-video测试产物；不清理其他pytest目录
可直接清理,pytest测试临时目录,/var/folders/9w/yltr8zcx3gxb3rs6lr0kxwth0000gn/T/pytest-of-eason/pytest-202/test_sender_report_counts_actu0/master_frames/000012.png,3036,file,核对为本次camera-video测试产物；不清理其他pytest目录
可直接清理,pytest测试临时目录,/var/folders/9w/yltr8zcx3gxb3rs6lr0kxwth0000gn/T/pytest-of-eason/pytest-202/test_sender_report_counts_actu0/master_frames/000013.png,3072,file,核对为本次camera-video测试产物；不清理其他pytest目录
可直接清理,pytest测试临时目录,/var/folders/9w/yltr8zcx3gxb3rs6lr0kxwth0000gn/T/pytest-of-eason/pytest-202/test_sender_report_counts_actu0/master_frames/000014.png,3014,file,核对为本次camera-video测试产物；不清理其他pytest目录
可直接清理,pytest测试临时目录,/var/folders/9w/yltr8zcx3gxb3rs6lr0kxwth0000gn/T/pytest-of-eason/pytest-202/test_sender_report_counts_actu0/master_frames/000015.png,3029,file,核对为本次camera-video测试产物；不清理其他pytest目录
可直接清理,pytest测试临时目录,/var/folders/9w/yltr8zcx3gxb3rs6lr0kxwth0000gn/T/pytest-of-eason/pytest-202/test_sender_report_counts_actu0/master_frames/000016.png,3053,file,核对为本次camera-video测试产物；不清理其他pytest目录
可直接清理,pytest测试临时目录,/var/folders/9w/yltr8zcx3gxb3rs6lr0kxwth0000gn/T/pytest-of-eason/pytest-202/test_sender_report_counts_actu0/master_frames/000017.png,3052,file,核对为本次camera-video测试产物；不清理其他pytest目录
可直接清理,pytest测试临时目录,/var/folders/9w/yltr8zcx3gxb3rs6lr0kxwth0000gn/T/pytest-of-eason/pytest-202/test_sender_report_counts_actu0/master_frames/000018.png,3045,file,核对为本次camera-video测试产物；不清理其他pytest目录
可直接清理,pytest测试临时目录,/var/folders/9w/yltr8zcx3gxb3rs6lr0kxwth0000gn/T/pytest-of-eason/pytest-202/test_sender_report_counts_actu0/master_frames/000019.png,3076,file,核对为本次camera-video测试产物；不清理其他pytest目录
可直接清理,pytest测试临时目录,/var/folders/9w/yltr8zcx3gxb3rs6lr0kxwth0000gn/T/pytest-of-eason/pytest-202/test_sender_report_counts_actu0/master_frames/000020.png,2992,file,核对为本次camera-video测试产物；不清理其他pytest目录
可直接清理,pytest测试临时目录,/var/folders/9w/yltr8zcx3gxb3rs6lr0kxwth0000gn/T/pytest-of-eason/pytest-202/test_sender_report_counts_actu0/master_frames/000021.png,3000,file,核对为本次camera-video测试产物；不清理其他pytest目录
可直接清理,pytest测试临时目录,/var/folders/9w/yltr8zcx3gxb3rs6lr0kxwth0000gn/T/pytest-of-eason/pytest-202/test_sender_report_counts_actu0/master_frames/000022.png,2987,file,核对为本次camera-video测试产物；不清理其他pytest目录
可直接清理,pytest测试临时目录,/var/folders/9w/yltr8zcx3gxb3rs6lr0kxwth0000gn/T/pytest-of-eason/pytest-202/test_sender_report_counts_actu0/master_frames/000023.png,3062,file,核对为本次camera-video测试产物；不清理其他pytest目录
可直接清理,pytest测试临时目录,/var/folders/9w/yltr8zcx3gxb3rs6lr0kxwth0000gn/T/pytest-of-eason/pytest-202/test_sender_report_counts_actu0/master_frames/000024.png,2980,file,核对为本次camera-video测试产物；不清理其他pytest目录
可直接清理,pytest测试临时目录,/var/folders/9w/yltr8zcx3gxb3rs6lr0kxwth0000gn/T/pytest-of-eason/pytest-202/test_sender_report_counts_actu0/master_frames/000025.png,3008,file,核对为本次camera-video测试产物；不清理其他pytest目录
可直接清理,pytest测试临时目录,/var/folders/9w/yltr8zcx3gxb3rs6lr0kxwth0000gn/T/pytest-of-eason/pytest-202/test_sender_report_counts_actu0/master_frames/000026.png,2984,file,核对为本次camera-video测试产物；不清理其他pytest目录
可直接清理,pytest测试临时目录,/var/folders/9w/yltr8zcx3gxb3rs6lr0kxwth0000gn/T/pytest-of-eason/pytest-202/test_sender_report_counts_actu0/master_frames/000027.png,2938,file,核对为本次camera-video测试产物；不清理其他pytest目录
可直接清理,pytest测试临时目录,/var/folders/9w/yltr8zcx3gxb3rs6lr0kxwth0000gn/T/pytest-of-eason/pytest-202/test_sender_report_counts_actu0/master_frames/000028.png,2955,file,核对为本次camera-video测试产物；不清理其他pytest目录
可直接清理,pytest测试临时目录,/var/folders/9w/yltr8zcx3gxb3rs6lr0kxwth0000gn/T/pytest-of-eason/pytest-202/test_sender_report_counts_actu0/master_frames/000029.png,2985,file,核对为本次camera-video测试产物；不清理其他pytest目录
可直接清理,pytest测试临时目录,/var/folders/9w/yltr8zcx3gxb3rs6lr0kxwth0000gn/T/pytest-of-eason/pytest-202/test_sender_report_counts_actu0/master_frames/000030.png,2945,file,核对为本次camera-video测试产物；不清理其他pytest目录
可直接清理,pytest测试临时目录,/var/folders/9w/yltr8zcx3gxb3rs6lr0kxwth0000gn/T/pytest-of-eason/pytest-202/test_sender_report_counts_actu0/master_frames/000031.png,2935,file,核对为本次camera-video测试产物；不清理其他pytest目录
可直接清理,pytest测试临时目录,/var/folders/9w/yltr8zcx3gxb3rs6lr0kxwth0000gn/T/pytest-of-eason/pytest-202/test_sender_report_counts_actu0/master_frames/000032.png,2970,file,核对为本次camera-video测试产物；不清理其他pytest目录
可直接清理,pytest测试临时目录,/var/folders/9w/yltr8zcx3gxb3rs6lr0kxwth0000gn/T/pytest-of-eason/pytest-202/test_sender_report_counts_actu0/master_frames/000033.png,2983,file,核对为本次camera-video测试产物；不清理其他pytest目录
可直接清理,pytest测试临时目录,/var/folders/9w/yltr8zcx3gxb3rs6lr0kxwth0000gn/T/pytest-of-eason/pytest-202/test_sender_report_counts_actu0/master_frames/000034.png,2969,file,核对为本次camera-video测试产物；不清理其他pytest目录
可直接清理,pytest测试临时目录,/var/folders/9w/yltr8zcx3gxb3rs6lr0kxwth0000gn/T/pytest-of-eason/pytest-202/test_sender_report_counts_actu0/master_frames/000035.png,2929,file,核对为本次camera-video测试产物；不清理其他pytest目录
可直接清理,pytest测试临时目录,/var/folders/9w/yltr8zcx3gxb3rs6lr0kxwth0000gn/T/pytest-of-eason/pytest-202/test_sender_report_counts_actu0/master_frames/000036.png,2986,file,核对为本次camera-video测试产物；不清理其他pytest目录
可直接清理,pytest测试临时目录,/var/folders/9w/yltr8zcx3gxb3rs6lr0kxwth0000gn/T/pytest-of-eason/pytest-202/test_sender_report_counts_actu0/master_frames/000037.png,2993,file,核对为本次camera-video测试产物；不清理其他pytest目录
可直接清理,pytest测试临时目录,/var/folders/9w/yltr8zcx3gxb3rs6lr0kxwth0000gn/T/pytest-of-eason/pytest-202/test_sender_report_counts_actu0/master_frames/000038.png,3008,file,核对为本次camera-video测试产物；不清理其他pytest目录
可直接清理,pytest测试临时目录,/var/folders/9w/yltr8zcx3gxb3rs6lr0kxwth0000gn/T/pytest-of-eason/pytest-202/test_sender_report_counts_actu0/master_frames/000039.png,3016,file,核对为本次camera-video测试产物；不清理其他pytest目录
可直接清理,pytest测试临时目录,/var/folders/9w/yltr8zcx3gxb3rs6lr0kxwth0000gn/T/pytest-of-eason/pytest-202/test_sender_report_counts_actu0/stream/d8637148-de6d-4aea-8abd-045e69230ffb.jsonl,27186,file,核对为本次camera-video测试产物；不清理其他pytest目录
可直接清理,pytest测试临时目录,/var/folders/9w/yltr8zcx3gxb3rs6lr0kxwth0000gn/T/pytest-of-eason/pytest-202/test_sender_report_counts_actu0/video.mp4,67617,file,核对为本次camera-video测试产物；不清理其他pytest目录
可直接清理,pytest测试临时目录,/var/folders/9w/yltr8zcx3gxb3rs6lr0kxwth0000gn/T/pytest-of-eason/pytest-201/test_bad_hash_is_not_silently_0/geometry.npz,7,file,核对为本次camera-video测试产物；不清理其他pytest目录
可直接清理,pytest测试临时目录,/var/folders/9w/yltr8zcx3gxb3rs6lr0kxwth0000gn/T/pytest-of-eason/pytest-201/test_bad_hash_is_not_silently_0/manifest.json,7968,file,核对为本次camera-video测试产物；不清理其他pytest目录
可直接清理,pytest测试临时目录,/var/folders/9w/yltr8zcx3gxb3rs6lr0kxwth0000gn/T/pytest-of-eason/pytest-201/test_complete_matching_deliver0/camera.json,339,file,核对为本次camera-video测试产物；不清理其他pytest目录
可直接清理,pytest测试临时目录,/var/folders/9w/yltr8zcx3gxb3rs6lr0kxwth0000gn/T/pytest-of-eason/pytest-201/test_complete_matching_deliver0/camera_world.npy,384,file,核对为本次camera-video测试产物；不清理其他pytest目录
可直接清理,pytest测试临时目录,/var/folders/9w/yltr8zcx3gxb3rs6lr0kxwth0000gn/T/pytest-of-eason/pytest-201/test_complete_matching_deliver0/checks/encoding.json,428,file,核对为本次camera-video测试产物；不清理其他pytest目录
可直接清理,pytest测试临时目录,/var/folders/9w/yltr8zcx3gxb3rs6lr0kxwth0000gn/T/pytest-of-eason/pytest-201/test_complete_matching_deliver0/checks/package-verification.json,195,file,核对为本次camera-video测试产物；不清理其他pytest目录
可直接清理,pytest测试临时目录,/var/folders/9w/yltr8zcx3gxb3rs6lr0kxwth0000gn/T/pytest-of-eason/pytest-201/test_complete_matching_deliver0/checks/render.json,23,file,核对为本次camera-video测试产物；不清理其他pytest目录
可直接清理,pytest测试临时目录,/var/folders/9w/yltr8zcx3gxb3rs6lr0kxwth0000gn/T/pytest-of-eason/pytest-201/test_complete_matching_deliver0/checks/render_frames.json,401,file,核对为本次camera-video测试产物；不清理其他pytest目录
可直接清理,pytest测试临时目录,/var/folders/9w/yltr8zcx3gxb3rs6lr0kxwth0000gn/T/pytest-of-eason/pytest-201/test_complete_matching_deliver0/data_manifest.json,4792,file,核对为本次camera-video测试产物；不清理其他pytest目录
可直接清理,pytest测试临时目录,/var/folders/9w/yltr8zcx3gxb3rs6lr0kxwth0000gn/T/pytest-of-eason/pytest-201/test_complete_matching_deliver0/frame_geometry.npz,2378,file,核对为本次camera-video测试产物；不清理其他pytest目录
可直接清理,pytest测试临时目录,/var/folders/9w/yltr8zcx3gxb3rs6lr0kxwth0000gn/T/pytest-of-eason/pytest-201/test_complete_matching_deliver0/frames.csv,689,file,核对为本次camera-video测试产物；不清理其他pytest目录
可直接清理,pytest测试临时目录,/var/folders/9w/yltr8zcx3gxb3rs6lr0kxwth0000gn/T/pytest-of-eason/pytest-201/test_complete_matching_deliver0/manifest.json,9839,file,核对为本次camera-video测试产物；不清理其他pytest目录
可直接清理,pytest测试临时目录,/var/folders/9w/yltr8zcx3gxb3rs6lr0kxwth0000gn/T/pytest-of-eason/pytest-201/test_complete_matching_deliver0/master_frames/000000.png,13,file,核对为本次camera-video测试产物；不清理其他pytest目录
可直接清理,pytest测试临时目录,/var/folders/9w/yltr8zcx3gxb3rs6lr0kxwth0000gn/T/pytest-of-eason/pytest-201/test_complete_matching_deliver0/master_frames/000001.png,13,file,核对为本次camera-video测试产物；不清理其他pytest目录
可直接清理,pytest测试临时目录,/var/folders/9w/yltr8zcx3gxb3rs6lr0kxwth0000gn/T/pytest-of-eason/pytest-201/test_complete_matching_deliver0/render_manifest.json,2158,file,核对为本次camera-video测试产物；不清理其他pytest目录
可直接清理,pytest测试临时目录,/var/folders/9w/yltr8zcx3gxb3rs6lr0kxwth0000gn/T/pytest-of-eason/pytest-201/test_complete_matching_deliver0/video.mp4,18,file,核对为本次camera-video测试产物；不清理其他pytest目录
可直接清理,pytest测试临时目录,/var/folders/9w/yltr8zcx3gxb3rs6lr0kxwth0000gn/T/pytest-of-eason/pytest-201/test_decoded_cfr_pts_and_acces0/checks/encoding.json,5820,file,核对为本次camera-video测试产物；不清理其他pytest目录
可直接清理,pytest测试临时目录,/var/folders/9w/yltr8zcx3gxb3rs6lr0kxwth0000gn/T/pytest-of-eason/pytest-201/test_decoded_cfr_pts_and_acces0/frames.csv,611,file,核对为本次camera-video测试产物；不清理其他pytest目录
可直接清理,pytest测试临时目录,/var/folders/9w/yltr8zcx3gxb3rs6lr0kxwth0000gn/T/pytest-of-eason/pytest-201/test_decoded_cfr_pts_and_acces0/manifest.json,241,file,核对为本次camera-video测试产物；不清理其他pytest目录
可直接清理,pytest测试临时目录,/var/folders/9w/yltr8zcx3gxb3rs6lr0kxwth0000gn/T/pytest-of-eason/pytest-201/test_decoded_cfr_pts_and_acces0/master_frames/000000.png,3008,file,核对为本次camera-video测试产物；不清理其他pytest目录
可直接清理,pytest测试临时目录,/var/folders/9w/yltr8zcx3gxb3rs6lr0kxwth0000gn/T/pytest-of-eason/pytest-201/test_decoded_cfr_pts_and_acces0/master_frames/000001.png,3095,file,核对为本次camera-video测试产物；不清理其他pytest目录
可直接清理,pytest测试临时目录,/var/folders/9w/yltr8zcx3gxb3rs6lr0kxwth0000gn/T/pytest-of-eason/pytest-201/test_decoded_cfr_pts_and_acces0/master_frames/000002.png,3039,file,核对为本次camera-video测试产物；不清理其他pytest目录
可直接清理,pytest测试临时目录,/var/folders/9w/yltr8zcx3gxb3rs6lr0kxwth0000gn/T/pytest-of-eason/pytest-201/test_decoded_cfr_pts_and_acces0/master_frames/000003.png,3110,file,核对为本次camera-video测试产物；不清理其他pytest目录
可直接清理,pytest测试临时目录,/var/folders/9w/yltr8zcx3gxb3rs6lr0kxwth0000gn/T/pytest-of-eason/pytest-201/test_decoded_cfr_pts_and_acces0/master_frames/000004.png,3049,file,核对为本次camera-video测试产物；不清理其他pytest目录
可直接清理,pytest测试临时目录,/var/folders/9w/yltr8zcx3gxb3rs6lr0kxwth0000gn/T/pytest-of-eason/pytest-201/test_decoded_cfr_pts_and_acces0/master_frames/000005.png,3002,file,核对为本次camera-video测试产物；不清理其他pytest目录
可直接清理,pytest测试临时目录,/var/folders/9w/yltr8zcx3gxb3rs6lr0kxwth0000gn/T/pytest-of-eason/pytest-201/test_decoded_cfr_pts_and_acces0/master_frames/000006.png,3116,file,核对为本次camera-video测试产物；不清理其他pytest目录
可直接清理,pytest测试临时目录,/var/folders/9w/yltr8zcx3gxb3rs6lr0kxwth0000gn/T/pytest-of-eason/pytest-201/test_decoded_cfr_pts_and_acces0/master_frames/000007.png,3051,file,核对为本次camera-video测试产物；不清理其他pytest目录
可直接清理,pytest测试临时目录,/var/folders/9w/yltr8zcx3gxb3rs6lr0kxwth0000gn/T/pytest-of-eason/pytest-201/test_decoded_cfr_pts_and_acces0/master_frames/000008.png,2970,file,核对为本次camera-video测试产物；不清理其他pytest目录
可直接清理,pytest测试临时目录,/var/folders/9w/yltr8zcx3gxb3rs6lr0kxwth0000gn/T/pytest-of-eason/pytest-201/test_decoded_cfr_pts_and_acces0/master_frames/000009.png,3060,file,核对为本次camera-video测试产物；不清理其他pytest目录
可直接清理,pytest测试临时目录,/var/folders/9w/yltr8zcx3gxb3rs6lr0kxwth0000gn/T/pytest-of-eason/pytest-201/test_decoded_cfr_pts_and_acces0/master_frames/000010.png,3067,file,核对为本次camera-video测试产物；不清理其他pytest目录
可直接清理,pytest测试临时目录,/var/folders/9w/yltr8zcx3gxb3rs6lr0kxwth0000gn/T/pytest-of-eason/pytest-201/test_decoded_cfr_pts_and_acces0/master_frames/000011.png,3063,file,核对为本次camera-video测试产物；不清理其他pytest目录
可直接清理,pytest测试临时目录,/var/folders/9w/yltr8zcx3gxb3rs6lr0kxwth0000gn/T/pytest-of-eason/pytest-201/test_decoded_cfr_pts_and_acces0/master_frames/000012.png,3036,file,核对为本次camera-video测试产物；不清理其他pytest目录
可直接清理,pytest测试临时目录,/var/folders/9w/yltr8zcx3gxb3rs6lr0kxwth0000gn/T/pytest-of-eason/pytest-201/test_decoded_cfr_pts_and_acces0/master_frames/000013.png,3072,file,核对为本次camera-video测试产物；不清理其他pytest目录
可直接清理,pytest测试临时目录,/var/folders/9w/yltr8zcx3gxb3rs6lr0kxwth0000gn/T/pytest-of-eason/pytest-201/test_decoded_cfr_pts_and_acces0/master_frames/000014.png,3014,file,核对为本次camera-video测试产物；不清理其他pytest目录
可直接清理,pytest测试临时目录,/var/folders/9w/yltr8zcx3gxb3rs6lr0kxwth0000gn/T/pytest-of-eason/pytest-201/test_decoded_cfr_pts_and_acces0/master_frames/000015.png,3029,file,核对为本次camera-video测试产物；不清理其他pytest目录
可直接清理,pytest测试临时目录,/var/folders/9w/yltr8zcx3gxb3rs6lr0kxwth0000gn/T/pytest-of-eason/pytest-201/test_decoded_cfr_pts_and_acces0/master_frames/000016.png,3053,file,核对为本次camera-video测试产物；不清理其他pytest目录
可直接清理,pytest测试临时目录,/var/folders/9w/yltr8zcx3gxb3rs6lr0kxwth0000gn/T/pytest-of-eason/pytest-201/test_decoded_cfr_pts_and_acces0/master_frames/000017.png,3052,file,核对为本次camera-video测试产物；不清理其他pytest目录
可直接清理,pytest测试临时目录,/var/folders/9w/yltr8zcx3gxb3rs6lr0kxwth0000gn/T/pytest-of-eason/pytest-201/test_decoded_cfr_pts_and_acces0/master_frames/000018.png,3045,file,核对为本次camera-video测试产物；不清理其他pytest目录
可直接清理,pytest测试临时目录,/var/folders/9w/yltr8zcx3gxb3rs6lr0kxwth0000gn/T/pytest-of-eason/pytest-201/test_decoded_cfr_pts_and_acces0/master_frames/000019.png,3076,file,核对为本次camera-video测试产物；不清理其他pytest目录
可直接清理,pytest测试临时目录,/var/folders/9w/yltr8zcx3gxb3rs6lr0kxwth0000gn/T/pytest-of-eason/pytest-201/test_decoded_cfr_pts_and_acces0/master_frames/000020.png,2992,file,核对为本次camera-video测试产物；不清理其他pytest目录
可直接清理,pytest测试临时目录,/var/folders/9w/yltr8zcx3gxb3rs6lr0kxwth0000gn/T/pytest-of-eason/pytest-201/test_decoded_cfr_pts_and_acces0/master_frames/000021.png,3000,file,核对为本次camera-video测试产物；不清理其他pytest目录
可直接清理,pytest测试临时目录,/var/folders/9w/yltr8zcx3gxb3rs6lr0kxwth0000gn/T/pytest-of-eason/pytest-201/test_decoded_cfr_pts_and_acces0/master_frames/000022.png,2987,file,核对为本次camera-video测试产物；不清理其他pytest目录
可直接清理,pytest测试临时目录,/var/folders/9w/yltr8zcx3gxb3rs6lr0kxwth0000gn/T/pytest-of-eason/pytest-201/test_decoded_cfr_pts_and_acces0/master_frames/000023.png,3062,file,核对为本次camera-video测试产物；不清理其他pytest目录
可直接清理,pytest测试临时目录,/var/folders/9w/yltr8zcx3gxb3rs6lr0kxwth0000gn/T/pytest-of-eason/pytest-201/test_decoded_cfr_pts_and_acces0/master_frames/000024.png,2980,file,核对为本次camera-video测试产物；不清理其他pytest目录
可直接清理,pytest测试临时目录,/var/folders/9w/yltr8zcx3gxb3rs6lr0kxwth0000gn/T/pytest-of-eason/pytest-201/test_decoded_cfr_pts_and_acces0/master_frames/000025.png,3008,file,核对为本次camera-video测试产物；不清理其他pytest目录
可直接清理,pytest测试临时目录,/var/folders/9w/yltr8zcx3gxb3rs6lr0kxwth0000gn/T/pytest-of-eason/pytest-201/test_decoded_cfr_pts_and_acces0/master_frames/000026.png,2984,file,核对为本次camera-video测试产物；不清理其他pytest目录
可直接清理,pytest测试临时目录,/var/folders/9w/yltr8zcx3gxb3rs6lr0kxwth0000gn/T/pytest-of-eason/pytest-201/test_decoded_cfr_pts_and_acces0/master_frames/000027.png,2938,file,核对为本次camera-video测试产物；不清理其他pytest目录
可直接清理,pytest测试临时目录,/var/folders/9w/yltr8zcx3gxb3rs6lr0kxwth0000gn/T/pytest-of-eason/pytest-201/test_decoded_cfr_pts_and_acces0/master_frames/000028.png,2955,file,核对为本次camera-video测试产物；不清理其他pytest目录
可直接清理,pytest测试临时目录,/var/folders/9w/yltr8zcx3gxb3rs6lr0kxwth0000gn/T/pytest-of-eason/pytest-201/test_decoded_cfr_pts_and_acces0/master_frames/000029.png,2985,file,核对为本次camera-video测试产物；不清理其他pytest目录
可直接清理,pytest测试临时目录,/var/folders/9w/yltr8zcx3gxb3rs6lr0kxwth0000gn/T/pytest-of-eason/pytest-201/test_decoded_cfr_pts_and_acces0/master_frames/000030.png,2945,file,核对为本次camera-video测试产物；不清理其他pytest目录
可直接清理,pytest测试临时目录,/var/folders/9w/yltr8zcx3gxb3rs6lr0kxwth0000gn/T/pytest-of-eason/pytest-201/test_decoded_cfr_pts_and_acces0/master_frames/000031.png,2935,file,核对为本次camera-video测试产物；不清理其他pytest目录
可直接清理,pytest测试临时目录,/var/folders/9w/yltr8zcx3gxb3rs6lr0kxwth0000gn/T/pytest-of-eason/pytest-201/test_decoded_cfr_pts_and_acces0/master_frames/000032.png,2970,file,核对为本次camera-video测试产物；不清理其他pytest目录
可直接清理,pytest测试临时目录,/var/folders/9w/yltr8zcx3gxb3rs6lr0kxwth0000gn/T/pytest-of-eason/pytest-201/test_decoded_cfr_pts_and_acces0/master_frames/000033.png,2983,file,核对为本次camera-video测试产物；不清理其他pytest目录
可直接清理,pytest测试临时目录,/var/folders/9w/yltr8zcx3gxb3rs6lr0kxwth0000gn/T/pytest-of-eason/pytest-201/test_decoded_cfr_pts_and_acces0/master_frames/000034.png,2969,file,核对为本次camera-video测试产物；不清理其他pytest目录
可直接清理,pytest测试临时目录,/var/folders/9w/yltr8zcx3gxb3rs6lr0kxwth0000gn/T/pytest-of-eason/pytest-201/test_decoded_cfr_pts_and_acces0/master_frames/000035.png,2929,file,核对为本次camera-video测试产物；不清理其他pytest目录
可直接清理,pytest测试临时目录,/var/folders/9w/yltr8zcx3gxb3rs6lr0kxwth0000gn/T/pytest-of-eason/pytest-201/test_decoded_cfr_pts_and_acces0/master_frames/000036.png,2986,file,核对为本次camera-video测试产物；不清理其他pytest目录
可直接清理,pytest测试临时目录,/var/folders/9w/yltr8zcx3gxb3rs6lr0kxwth0000gn/T/pytest-of-eason/pytest-201/test_decoded_cfr_pts_and_acces0/master_frames/000037.png,2993,file,核对为本次camera-video测试产物；不清理其他pytest目录
可直接清理,pytest测试临时目录,/var/folders/9w/yltr8zcx3gxb3rs6lr0kxwth0000gn/T/pytest-of-eason/pytest-201/test_decoded_cfr_pts_and_acces0/master_frames/000038.png,3008,file,核对为本次camera-video测试产物；不清理其他pytest目录
可直接清理,pytest测试临时目录,/var/folders/9w/yltr8zcx3gxb3rs6lr0kxwth0000gn/T/pytest-of-eason/pytest-201/test_decoded_cfr_pts_and_acces0/master_frames/000039.png,3016,file,核对为本次camera-video测试产物；不清理其他pytest目录
可直接清理,pytest测试临时目录,/var/folders/9w/yltr8zcx3gxb3rs6lr0kxwth0000gn/T/pytest-of-eason/pytest-201/test_decoded_cfr_pts_and_acces0/video.mp4,67617,file,核对为本次camera-video测试产物；不清理其他pytest目录
可直接清理,pytest测试临时目录,/var/folders/9w/yltr8zcx3gxb3rs6lr0kxwth0000gn/T/pytest-of-eason/pytest-201/test_existing_video_never_over0/checks/encoding.json,5820,file,核对为本次camera-video测试产物；不清理其他pytest目录
可直接清理,pytest测试临时目录,/var/folders/9w/yltr8zcx3gxb3rs6lr0kxwth0000gn/T/pytest-of-eason/pytest-201/test_existing_video_never_over0/frames.csv,611,file,核对为本次camera-video测试产物；不清理其他pytest目录
可直接清理,pytest测试临时目录,/var/folders/9w/yltr8zcx3gxb3rs6lr0kxwth0000gn/T/pytest-of-eason/pytest-201/test_existing_video_never_over0/manifest.json,241,file,核对为本次camera-video测试产物；不清理其他pytest目录
可直接清理,pytest测试临时目录,/var/folders/9w/yltr8zcx3gxb3rs6lr0kxwth0000gn/T/pytest-of-eason/pytest-201/test_existing_video_never_over0/master_frames/000000.png,3008,file,核对为本次camera-video测试产物；不清理其他pytest目录
可直接清理,pytest测试临时目录,/var/folders/9w/yltr8zcx3gxb3rs6lr0kxwth0000gn/T/pytest-of-eason/pytest-201/test_existing_video_never_over0/master_frames/000001.png,3095,file,核对为本次camera-video测试产物；不清理其他pytest目录
可直接清理,pytest测试临时目录,/var/folders/9w/yltr8zcx3gxb3rs6lr0kxwth0000gn/T/pytest-of-eason/pytest-201/test_existing_video_never_over0/master_frames/000002.png,3039,file,核对为本次camera-video测试产物；不清理其他pytest目录
可直接清理,pytest测试临时目录,/var/folders/9w/yltr8zcx3gxb3rs6lr0kxwth0000gn/T/pytest-of-eason/pytest-201/test_existing_video_never_over0/master_frames/000003.png,3110,file,核对为本次camera-video测试产物；不清理其他pytest目录
可直接清理,pytest测试临时目录,/var/folders/9w/yltr8zcx3gxb3rs6lr0kxwth0000gn/T/pytest-of-eason/pytest-201/test_existing_video_never_over0/master_frames/000004.png,3049,file,核对为本次camera-video测试产物；不清理其他pytest目录
可直接清理,pytest测试临时目录,/var/folders/9w/yltr8zcx3gxb3rs6lr0kxwth0000gn/T/pytest-of-eason/pytest-201/test_existing_video_never_over0/master_frames/000005.png,3002,file,核对为本次camera-video测试产物；不清理其他pytest目录
可直接清理,pytest测试临时目录,/var/folders/9w/yltr8zcx3gxb3rs6lr0kxwth0000gn/T/pytest-of-eason/pytest-201/test_existing_video_never_over0/master_frames/000006.png,3116,file,核对为本次camera-video测试产物；不清理其他pytest目录
可直接清理,pytest测试临时目录,/var/folders/9w/yltr8zcx3gxb3rs6lr0kxwth0000gn/T/pytest-of-eason/pytest-201/test_existing_video_never_over0/master_frames/000007.png,3051,file,核对为本次camera-video测试产物；不清理其他pytest目录
可直接清理,pytest测试临时目录,/var/folders/9w/yltr8zcx3gxb3rs6lr0kxwth0000gn/T/pytest-of-eason/pytest-201/test_existing_video_never_over0/master_frames/000008.png,2970,file,核对为本次camera-video测试产物；不清理其他pytest目录
可直接清理,pytest测试临时目录,/var/folders/9w/yltr8zcx3gxb3rs6lr0kxwth0000gn/T/pytest-of-eason/pytest-201/test_existing_video_never_over0/master_frames/000009.png,3060,file,核对为本次camera-video测试产物；不清理其他pytest目录
可直接清理,pytest测试临时目录,/var/folders/9w/yltr8zcx3gxb3rs6lr0kxwth0000gn/T/pytest-of-eason/pytest-201/test_existing_video_never_over0/master_frames/000010.png,3067,file,核对为本次camera-video测试产物；不清理其他pytest目录
可直接清理,pytest测试临时目录,/var/folders/9w/yltr8zcx3gxb3rs6lr0kxwth0000gn/T/pytest-of-eason/pytest-201/test_existing_video_never_over0/master_frames/000011.png,3063,file,核对为本次camera-video测试产物；不清理其他pytest目录
可直接清理,pytest测试临时目录,/var/folders/9w/yltr8zcx3gxb3rs6lr0kxwth0000gn/T/pytest-of-eason/pytest-201/test_existing_video_never_over0/master_frames/000012.png,3036,file,核对为本次camera-video测试产物；不清理其他pytest目录
可直接清理,pytest测试临时目录,/var/folders/9w/yltr8zcx3gxb3rs6lr0kxwth0000gn/T/pytest-of-eason/pytest-201/test_existing_video_never_over0/master_frames/000013.png,3072,file,核对为本次camera-video测试产物；不清理其他pytest目录
可直接清理,pytest测试临时目录,/var/folders/9w/yltr8zcx3gxb3rs6lr0kxwth0000gn/T/pytest-of-eason/pytest-201/test_existing_video_never_over0/master_frames/000014.png,3014,file,核对为本次camera-video测试产物；不清理其他pytest目录
可直接清理,pytest测试临时目录,/var/folders/9w/yltr8zcx3gxb3rs6lr0kxwth0000gn/T/pytest-of-eason/pytest-201/test_existing_video_never_over0/master_frames/000015.png,3029,file,核对为本次camera-video测试产物；不清理其他pytest目录
可直接清理,pytest测试临时目录,/var/folders/9w/yltr8zcx3gxb3rs6lr0kxwth0000gn/T/pytest-of-eason/pytest-201/test_existing_video_never_over0/master_frames/000016.png,3053,file,核对为本次camera-video测试产物；不清理其他pytest目录
可直接清理,pytest测试临时目录,/var/folders/9w/yltr8zcx3gxb3rs6lr0kxwth0000gn/T/pytest-of-eason/pytest-201/test_existing_video_never_over0/master_frames/000017.png,3052,file,核对为本次camera-video测试产物；不清理其他pytest目录
可直接清理,pytest测试临时目录,/var/folders/9w/yltr8zcx3gxb3rs6lr0kxwth0000gn/T/pytest-of-eason/pytest-201/test_existing_video_never_over0/master_frames/000018.png,3045,file,核对为本次camera-video测试产物；不清理其他pytest目录
可直接清理,pytest测试临时目录,/var/folders/9w/yltr8zcx3gxb3rs6lr0kxwth0000gn/T/pytest-of-eason/pytest-201/test_existing_video_never_over0/master_frames/000019.png,3076,file,核对为本次camera-video测试产物；不清理其他pytest目录
可直接清理,pytest测试临时目录,/var/folders/9w/yltr8zcx3gxb3rs6lr0kxwth0000gn/T/pytest-of-eason/pytest-201/test_existing_video_never_over0/master_frames/000020.png,2992,file,核对为本次camera-video测试产物；不清理其他pytest目录
可直接清理,pytest测试临时目录,/var/folders/9w/yltr8zcx3gxb3rs6lr0kxwth0000gn/T/pytest-of-eason/pytest-201/test_existing_video_never_over0/master_frames/000021.png,3000,file,核对为本次camera-video测试产物；不清理其他pytest目录
可直接清理,pytest测试临时目录,/var/folders/9w/yltr8zcx3gxb3rs6lr0kxwth0000gn/T/pytest-of-eason/pytest-201/test_existing_video_never_over0/master_frames/000022.png,2987,file,核对为本次camera-video测试产物；不清理其他pytest目录
可直接清理,pytest测试临时目录,/var/folders/9w/yltr8zcx3gxb3rs6lr0kxwth0000gn/T/pytest-of-eason/pytest-201/test_existing_video_never_over0/master_frames/000023.png,3062,file,核对为本次camera-video测试产物；不清理其他pytest目录
可直接清理,pytest测试临时目录,/var/folders/9w/yltr8zcx3gxb3rs6lr0kxwth0000gn/T/pytest-of-eason/pytest-201/test_existing_video_never_over0/master_frames/000024.png,2980,file,核对为本次camera-video测试产物；不清理其他pytest目录
可直接清理,pytest测试临时目录,/var/folders/9w/yltr8zcx3gxb3rs6lr0kxwth0000gn/T/pytest-of-eason/pytest-201/test_existing_video_never_over0/master_frames/000025.png,3008,file,核对为本次camera-video测试产物；不清理其他pytest目录
可直接清理,pytest测试临时目录,/var/folders/9w/yltr8zcx3gxb3rs6lr0kxwth0000gn/T/pytest-of-eason/pytest-201/test_existing_video_never_over0/master_frames/000026.png,2984,file,核对为本次camera-video测试产物；不清理其他pytest目录
可直接清理,pytest测试临时目录,/var/folders/9w/yltr8zcx3gxb3rs6lr0kxwth0000gn/T/pytest-of-eason/pytest-201/test_existing_video_never_over0/master_frames/000027.png,2938,file,核对为本次camera-video测试产物；不清理其他pytest目录
可直接清理,pytest测试临时目录,/var/folders/9w/yltr8zcx3gxb3rs6lr0kxwth0000gn/T/pytest-of-eason/pytest-201/test_existing_video_never_over0/master_frames/000028.png,2955,file,核对为本次camera-video测试产物；不清理其他pytest目录
可直接清理,pytest测试临时目录,/var/folders/9w/yltr8zcx3gxb3rs6lr0kxwth0000gn/T/pytest-of-eason/pytest-201/test_existing_video_never_over0/master_frames/000029.png,2985,file,核对为本次camera-video测试产物；不清理其他pytest目录
可直接清理,pytest测试临时目录,/var/folders/9w/yltr8zcx3gxb3rs6lr0kxwth0000gn/T/pytest-of-eason/pytest-201/test_existing_video_never_over0/master_frames/000030.png,2945,file,核对为本次camera-video测试产物；不清理其他pytest目录
可直接清理,pytest测试临时目录,/var/folders/9w/yltr8zcx3gxb3rs6lr0kxwth0000gn/T/pytest-of-eason/pytest-201/test_existing_video_never_over0/master_frames/000031.png,2935,file,核对为本次camera-video测试产物；不清理其他pytest目录
可直接清理,pytest测试临时目录,/var/folders/9w/yltr8zcx3gxb3rs6lr0kxwth0000gn/T/pytest-of-eason/pytest-201/test_existing_video_never_over0/master_frames/000032.png,2970,file,核对为本次camera-video测试产物；不清理其他pytest目录
可直接清理,pytest测试临时目录,/var/folders/9w/yltr8zcx3gxb3rs6lr0kxwth0000gn/T/pytest-of-eason/pytest-201/test_existing_video_never_over0/master_frames/000033.png,2983,file,核对为本次camera-video测试产物；不清理其他pytest目录
可直接清理,pytest测试临时目录,/var/folders/9w/yltr8zcx3gxb3rs6lr0kxwth0000gn/T/pytest-of-eason/pytest-201/test_existing_video_never_over0/master_frames/000034.png,2969,file,核对为本次camera-video测试产物；不清理其他pytest目录
可直接清理,pytest测试临时目录,/var/folders/9w/yltr8zcx3gxb3rs6lr0kxwth0000gn/T/pytest-of-eason/pytest-201/test_existing_video_never_over0/master_frames/000035.png,2929,file,核对为本次camera-video测试产物；不清理其他pytest目录
可直接清理,pytest测试临时目录,/var/folders/9w/yltr8zcx3gxb3rs6lr0kxwth0000gn/T/pytest-of-eason/pytest-201/test_existing_video_never_over0/master_frames/000036.png,2986,file,核对为本次camera-video测试产物；不清理其他pytest目录
可直接清理,pytest测试临时目录,/var/folders/9w/yltr8zcx3gxb3rs6lr0kxwth0000gn/T/pytest-of-eason/pytest-201/test_existing_video_never_over0/master_frames/000037.png,2993,file,核对为本次camera-video测试产物；不清理其他pytest目录
可直接清理,pytest测试临时目录,/var/folders/9w/yltr8zcx3gxb3rs6lr0kxwth0000gn/T/pytest-of-eason/pytest-201/test_existing_video_never_over0/master_frames/000038.png,3008,file,核对为本次camera-video测试产物；不清理其他pytest目录
可直接清理,pytest测试临时目录,/var/folders/9w/yltr8zcx3gxb3rs6lr0kxwth0000gn/T/pytest-of-eason/pytest-201/test_existing_video_never_over0/master_frames/000039.png,3016,file,核对为本次camera-video测试产物；不清理其他pytest目录
可直接清理,pytest测试临时目录,/var/folders/9w/yltr8zcx3gxb3rs6lr0kxwth0000gn/T/pytest-of-eason/pytest-201/test_existing_video_never_over0/video.mp4,67617,file,核对为本次camera-video测试产物；不清理其他pytest目录
可直接清理,pytest测试临时目录,/var/folders/9w/yltr8zcx3gxb3rs6lr0kxwth0000gn/T/pytest-of-eason/pytest-201/test_full_segment_export_prese0/data_manifest.json,4788,file,核对为本次camera-video测试产物；不清理其他pytest目录
可直接清理,pytest测试临时目录,/var/folders/9w/yltr8zcx3gxb3rs6lr0kxwth0000gn/T/pytest-of-eason/pytest-201/test_full_segment_export_prese0/frame_geometry.npz,342344,file,核对为本次camera-video测试产物；不清理其他pytest目录
可直接清理,pytest测试临时目录,/var/folders/9w/yltr8zcx3gxb3rs6lr0kxwth0000gn/T/pytest-of-eason/pytest-201/test_full_segment_export_prese0/frames.csv,225553,file,核对为本次camera-video测试产物；不清理其他pytest目录
可直接清理,pytest测试临时目录,/var/folders/9w/yltr8zcx3gxb3rs6lr0kxwth0000gn/T/pytest-of-eason/pytest-201/test_interrupted_frame_publish0/data_manifest.json,4791,file,核对为本次camera-video测试产物；不清理其他pytest目录
可直接清理,pytest测试临时目录,/var/folders/9w/yltr8zcx3gxb3rs6lr0kxwth0000gn/T/pytest-of-eason/pytest-201/test_interrupted_frame_publish0/frame_geometry.npz,2378,file,核对为本次camera-video测试产物；不清理其他pytest目录
可直接清理,pytest测试临时目录,/var/folders/9w/yltr8zcx3gxb3rs6lr0kxwth0000gn/T/pytest-of-eason/pytest-201/test_interrupted_frame_publish0/frames.csv,694,file,核对为本次camera-video测试产物；不清理其他pytest目录
可直接清理,pytest测试临时目录,/var/folders/9w/yltr8zcx3gxb3rs6lr0kxwth0000gn/T/pytest-of-eason/pytest-201/test_other_supported_frame_rat0/checks/encoding.json,5820,file,核对为本次camera-video测试产物；不清理其他pytest目录
可直接清理,pytest测试临时目录,/var/folders/9w/yltr8zcx3gxb3rs6lr0kxwth0000gn/T/pytest-of-eason/pytest-201/test_other_supported_frame_rat0/fps-15/checks/encoding.json,5842,file,核对为本次camera-video测试产物；不清理其他pytest目录
可直接清理,pytest测试临时目录,/var/folders/9w/yltr8zcx3gxb3rs6lr0kxwth0000gn/T/pytest-of-eason/pytest-201/test_other_supported_frame_rat0/fps-15/frames.csv,882,file,核对为本次camera-video测试产物；不清理其他pytest目录
可直接清理,pytest测试临时目录,/var/folders/9w/yltr8zcx3gxb3rs6lr0kxwth0000gn/T/pytest-of-eason/pytest-201/test_other_supported_frame_rat0/fps-15/master_frames/000000.png,3008,file,核对为本次camera-video测试产物；不清理其他pytest目录
可直接清理,pytest测试临时目录,/var/folders/9w/yltr8zcx3gxb3rs6lr0kxwth0000gn/T/pytest-of-eason/pytest-201/test_other_supported_frame_rat0/fps-15/master_frames/000001.png,3095,file,核对为本次camera-video测试产物；不清理其他pytest目录
可直接清理,pytest测试临时目录,/var/folders/9w/yltr8zcx3gxb3rs6lr0kxwth0000gn/T/pytest-of-eason/pytest-201/test_other_supported_frame_rat0/fps-15/master_frames/000002.png,3039,file,核对为本次camera-video测试产物；不清理其他pytest目录
可直接清理,pytest测试临时目录,/var/folders/9w/yltr8zcx3gxb3rs6lr0kxwth0000gn/T/pytest-of-eason/pytest-201/test_other_supported_frame_rat0/fps-15/master_frames/000003.png,3110,file,核对为本次camera-video测试产物；不清理其他pytest目录
可直接清理,pytest测试临时目录,/var/folders/9w/yltr8zcx3gxb3rs6lr0kxwth0000gn/T/pytest-of-eason/pytest-201/test_other_supported_frame_rat0/fps-15/master_frames/000004.png,3049,file,核对为本次camera-video测试产物；不清理其他pytest目录
可直接清理,pytest测试临时目录,/var/folders/9w/yltr8zcx3gxb3rs6lr0kxwth0000gn/T/pytest-of-eason/pytest-201/test_other_supported_frame_rat0/fps-15/master_frames/000005.png,3002,file,核对为本次camera-video测试产物；不清理其他pytest目录
可直接清理,pytest测试临时目录,/var/folders/9w/yltr8zcx3gxb3rs6lr0kxwth0000gn/T/pytest-of-eason/pytest-201/test_other_supported_frame_rat0/fps-15/master_frames/000006.png,3116,file,核对为本次camera-video测试产物；不清理其他pytest目录
可直接清理,pytest测试临时目录,/var/folders/9w/yltr8zcx3gxb3rs6lr0kxwth0000gn/T/pytest-of-eason/pytest-201/test_other_supported_frame_rat0/fps-15/master_frames/000007.png,3051,file,核对为本次camera-video测试产物；不清理其他pytest目录
可直接清理,pytest测试临时目录,/var/folders/9w/yltr8zcx3gxb3rs6lr0kxwth0000gn/T/pytest-of-eason/pytest-201/test_other_supported_frame_rat0/fps-15/master_frames/000008.png,2970,file,核对为本次camera-video测试产物；不清理其他pytest目录
可直接清理,pytest测试临时目录,/var/folders/9w/yltr8zcx3gxb3rs6lr0kxwth0000gn/T/pytest-of-eason/pytest-201/test_other_supported_frame_rat0/fps-15/master_frames/000009.png,3060,file,核对为本次camera-video测试产物；不清理其他pytest目录
可直接清理,pytest测试临时目录,/var/folders/9w/yltr8zcx3gxb3rs6lr0kxwth0000gn/T/pytest-of-eason/pytest-201/test_other_supported_frame_rat0/fps-15/master_frames/000010.png,3067,file,核对为本次camera-video测试产物；不清理其他pytest目录
可直接清理,pytest测试临时目录,/var/folders/9w/yltr8zcx3gxb3rs6lr0kxwth0000gn/T/pytest-of-eason/pytest-201/test_other_supported_frame_rat0/fps-15/master_frames/000011.png,3063,file,核对为本次camera-video测试产物；不清理其他pytest目录
可直接清理,pytest测试临时目录,/var/folders/9w/yltr8zcx3gxb3rs6lr0kxwth0000gn/T/pytest-of-eason/pytest-201/test_other_supported_frame_rat0/fps-15/master_frames/000012.png,3036,file,核对为本次camera-video测试产物；不清理其他pytest目录
可直接清理,pytest测试临时目录,/var/folders/9w/yltr8zcx3gxb3rs6lr0kxwth0000gn/T/pytest-of-eason/pytest-201/test_other_supported_frame_rat0/fps-15/master_frames/000013.png,3072,file,核对为本次camera-video测试产物；不清理其他pytest目录
可直接清理,pytest测试临时目录,/var/folders/9w/yltr8zcx3gxb3rs6lr0kxwth0000gn/T/pytest-of-eason/pytest-201/test_other_supported_frame_rat0/fps-15/master_frames/000014.png,3014,file,核对为本次camera-video测试产物；不清理其他pytest目录
可直接清理,pytest测试临时目录,/var/folders/9w/yltr8zcx3gxb3rs6lr0kxwth0000gn/T/pytest-of-eason/pytest-201/test_other_supported_frame_rat0/fps-15/master_frames/000015.png,3029,file,核对为本次camera-video测试产物；不清理其他pytest目录
可直接清理,pytest测试临时目录,/var/folders/9w/yltr8zcx3gxb3rs6lr0kxwth0000gn/T/pytest-of-eason/pytest-201/test_other_supported_frame_rat0/fps-15/master_frames/000016.png,3053,file,核对为本次camera-video测试产物；不清理其他pytest目录
可直接清理,pytest测试临时目录,/var/folders/9w/yltr8zcx3gxb3rs6lr0kxwth0000gn/T/pytest-of-eason/pytest-201/test_other_supported_frame_rat0/fps-15/master_frames/000017.png,3052,file,核对为本次camera-video测试产物；不清理其他pytest目录
可直接清理,pytest测试临时目录,/var/folders/9w/yltr8zcx3gxb3rs6lr0kxwth0000gn/T/pytest-of-eason/pytest-201/test_other_supported_frame_rat0/fps-15/master_frames/000018.png,3045,file,核对为本次camera-video测试产物；不清理其他pytest目录
可直接清理,pytest测试临时目录,/var/folders/9w/yltr8zcx3gxb3rs6lr0kxwth0000gn/T/pytest-of-eason/pytest-201/test_other_supported_frame_rat0/fps-15/master_frames/000019.png,3076,file,核对为本次camera-video测试产物；不清理其他pytest目录
可直接清理,pytest测试临时目录,/var/folders/9w/yltr8zcx3gxb3rs6lr0kxwth0000gn/T/pytest-of-eason/pytest-201/test_other_supported_frame_rat0/fps-15/master_frames/000020.png,2992,file,核对为本次camera-video测试产物；不清理其他pytest目录
可直接清理,pytest测试临时目录,/var/folders/9w/yltr8zcx3gxb3rs6lr0kxwth0000gn/T/pytest-of-eason/pytest-201/test_other_supported_frame_rat0/fps-15/master_frames/000021.png,3000,file,核对为本次camera-video测试产物；不清理其他pytest目录
可直接清理,pytest测试临时目录,/var/folders/9w/yltr8zcx3gxb3rs6lr0kxwth0000gn/T/pytest-of-eason/pytest-201/test_other_supported_frame_rat0/fps-15/master_frames/000022.png,2987,file,核对为本次camera-video测试产物；不清理其他pytest目录
可直接清理,pytest测试临时目录,/var/folders/9w/yltr8zcx3gxb3rs6lr0kxwth0000gn/T/pytest-of-eason/pytest-201/test_other_supported_frame_rat0/fps-15/master_frames/000023.png,3062,file,核对为本次camera-video测试产物；不清理其他pytest目录
可直接清理,pytest测试临时目录,/var/folders/9w/yltr8zcx3gxb3rs6lr0kxwth0000gn/T/pytest-of-eason/pytest-201/test_other_supported_frame_rat0/fps-15/master_frames/000024.png,2980,file,核对为本次camera-video测试产物；不清理其他pytest目录
可直接清理,pytest测试临时目录,/var/folders/9w/yltr8zcx3gxb3rs6lr0kxwth0000gn/T/pytest-of-eason/pytest-201/test_other_supported_frame_rat0/fps-15/master_frames/000025.png,3008,file,核对为本次camera-video测试产物；不清理其他pytest目录
可直接清理,pytest测试临时目录,/var/folders/9w/yltr8zcx3gxb3rs6lr0kxwth0000gn/T/pytest-of-eason/pytest-201/test_other_supported_frame_rat0/fps-15/master_frames/000026.png,2984,file,核对为本次camera-video测试产物；不清理其他pytest目录
可直接清理,pytest测试临时目录,/var/folders/9w/yltr8zcx3gxb3rs6lr0kxwth0000gn/T/pytest-of-eason/pytest-201/test_other_supported_frame_rat0/fps-15/master_frames/000027.png,2938,file,核对为本次camera-video测试产物；不清理其他pytest目录
可直接清理,pytest测试临时目录,/var/folders/9w/yltr8zcx3gxb3rs6lr0kxwth0000gn/T/pytest-of-eason/pytest-201/test_other_supported_frame_rat0/fps-15/master_frames/000028.png,2955,file,核对为本次camera-video测试产物；不清理其他pytest目录
可直接清理,pytest测试临时目录,/var/folders/9w/yltr8zcx3gxb3rs6lr0kxwth0000gn/T/pytest-of-eason/pytest-201/test_other_supported_frame_rat0/fps-15/master_frames/000029.png,2985,file,核对为本次camera-video测试产物；不清理其他pytest目录
可直接清理,pytest测试临时目录,/var/folders/9w/yltr8zcx3gxb3rs6lr0kxwth0000gn/T/pytest-of-eason/pytest-201/test_other_supported_frame_rat0/fps-15/master_frames/000030.png,2945,file,核对为本次camera-video测试产物；不清理其他pytest目录
可直接清理,pytest测试临时目录,/var/folders/9w/yltr8zcx3gxb3rs6lr0kxwth0000gn/T/pytest-of-eason/pytest-201/test_other_supported_frame_rat0/fps-15/master_frames/000031.png,2935,file,核对为本次camera-video测试产物；不清理其他pytest目录
可直接清理,pytest测试临时目录,/var/folders/9w/yltr8zcx3gxb3rs6lr0kxwth0000gn/T/pytest-of-eason/pytest-201/test_other_supported_frame_rat0/fps-15/master_frames/000032.png,2970,file,核对为本次camera-video测试产物；不清理其他pytest目录
可直接清理,pytest测试临时目录,/var/folders/9w/yltr8zcx3gxb3rs6lr0kxwth0000gn/T/pytest-of-eason/pytest-201/test_other_supported_frame_rat0/fps-15/master_frames/000033.png,2983,file,核对为本次camera-video测试产物；不清理其他pytest目录
可直接清理,pytest测试临时目录,/var/folders/9w/yltr8zcx3gxb3rs6lr0kxwth0000gn/T/pytest-of-eason/pytest-201/test_other_supported_frame_rat0/fps-15/master_frames/000034.png,2969,file,核对为本次camera-video测试产物；不清理其他pytest目录
可直接清理,pytest测试临时目录,/var/folders/9w/yltr8zcx3gxb3rs6lr0kxwth0000gn/T/pytest-of-eason/pytest-201/test_other_supported_frame_rat0/fps-15/master_frames/000035.png,2929,file,核对为本次camera-video测试产物；不清理其他pytest目录
可直接清理,pytest测试临时目录,/var/folders/9w/yltr8zcx3gxb3rs6lr0kxwth0000gn/T/pytest-of-eason/pytest-201/test_other_supported_frame_rat0/fps-15/master_frames/000036.png,2986,file,核对为本次camera-video测试产物；不清理其他pytest目录
可直接清理,pytest测试临时目录,/var/folders/9w/yltr8zcx3gxb3rs6lr0kxwth0000gn/T/pytest-of-eason/pytest-201/test_other_supported_frame_rat0/fps-15/master_frames/000037.png,2993,file,核对为本次camera-video测试产物；不清理其他pytest目录
可直接清理,pytest测试临时目录,/var/folders/9w/yltr8zcx3gxb3rs6lr0kxwth0000gn/T/pytest-of-eason/pytest-201/test_other_supported_frame_rat0/fps-15/master_frames/000038.png,3008,file,核对为本次camera-video测试产物；不清理其他pytest目录
可直接清理,pytest测试临时目录,/var/folders/9w/yltr8zcx3gxb3rs6lr0kxwth0000gn/T/pytest-of-eason/pytest-201/test_other_supported_frame_rat0/fps-15/master_frames/000039.png,3016,file,核对为本次camera-video测试产物；不清理其他pytest目录
可直接清理,pytest测试临时目录,/var/folders/9w/yltr8zcx3gxb3rs6lr0kxwth0000gn/T/pytest-of-eason/pytest-201/test_other_supported_frame_rat0/fps-15/video.mp4,74086,file,核对为本次camera-video测试产物；不清理其他pytest目录
可直接清理,pytest测试临时目录,/var/folders/9w/yltr8zcx3gxb3rs6lr0kxwth0000gn/T/pytest-of-eason/pytest-201/test_other_supported_frame_rat0/frames.csv,611,file,核对为本次camera-video测试产物；不清理其他pytest目录
可直接清理,pytest测试临时目录,/var/folders/9w/yltr8zcx3gxb3rs6lr0kxwth0000gn/T/pytest-of-eason/pytest-201/test_other_supported_frame_rat0/manifest.json,241,file,核对为本次camera-video测试产物；不清理其他pytest目录
可直接清理,pytest测试临时目录,/var/folders/9w/yltr8zcx3gxb3rs6lr0kxwth0000gn/T/pytest-of-eason/pytest-201/test_other_supported_frame_rat0/master_frames/000000.png,3008,file,核对为本次camera-video测试产物；不清理其他pytest目录
可直接清理,pytest测试临时目录,/var/folders/9w/yltr8zcx3gxb3rs6lr0kxwth0000gn/T/pytest-of-eason/pytest-201/test_other_supported_frame_rat0/master_frames/000001.png,3095,file,核对为本次camera-video测试产物；不清理其他pytest目录
可直接清理,pytest测试临时目录,/var/folders/9w/yltr8zcx3gxb3rs6lr0kxwth0000gn/T/pytest-of-eason/pytest-201/test_other_supported_frame_rat0/master_frames/000002.png,3039,file,核对为本次camera-video测试产物；不清理其他pytest目录
可直接清理,pytest测试临时目录,/var/folders/9w/yltr8zcx3gxb3rs6lr0kxwth0000gn/T/pytest-of-eason/pytest-201/test_other_supported_frame_rat0/master_frames/000003.png,3110,file,核对为本次camera-video测试产物；不清理其他pytest目录
可直接清理,pytest测试临时目录,/var/folders/9w/yltr8zcx3gxb3rs6lr0kxwth0000gn/T/pytest-of-eason/pytest-201/test_other_supported_frame_rat0/master_frames/000004.png,3049,file,核对为本次camera-video测试产物；不清理其他pytest目录
可直接清理,pytest测试临时目录,/var/folders/9w/yltr8zcx3gxb3rs6lr0kxwth0000gn/T/pytest-of-eason/pytest-201/test_other_supported_frame_rat0/master_frames/000005.png,3002,file,核对为本次camera-video测试产物；不清理其他pytest目录
可直接清理,pytest测试临时目录,/var/folders/9w/yltr8zcx3gxb3rs6lr0kxwth0000gn/T/pytest-of-eason/pytest-201/test_other_supported_frame_rat0/master_frames/000006.png,3116,file,核对为本次camera-video测试产物；不清理其他pytest目录
可直接清理,pytest测试临时目录,/var/folders/9w/yltr8zcx3gxb3rs6lr0kxwth0000gn/T/pytest-of-eason/pytest-201/test_other_supported_frame_rat0/master_frames/000007.png,3051,file,核对为本次camera-video测试产物；不清理其他pytest目录
可直接清理,pytest测试临时目录,/var/folders/9w/yltr8zcx3gxb3rs6lr0kxwth0000gn/T/pytest-of-eason/pytest-201/test_other_supported_frame_rat0/master_frames/000008.png,2970,file,核对为本次camera-video测试产物；不清理其他pytest目录
可直接清理,pytest测试临时目录,/var/folders/9w/yltr8zcx3gxb3rs6lr0kxwth0000gn/T/pytest-of-eason/pytest-201/test_other_supported_frame_rat0/master_frames/000009.png,3060,file,核对为本次camera-video测试产物；不清理其他pytest目录
可直接清理,pytest测试临时目录,/var/folders/9w/yltr8zcx3gxb3rs6lr0kxwth0000gn/T/pytest-of-eason/pytest-201/test_other_supported_frame_rat0/master_frames/000010.png,3067,file,核对为本次camera-video测试产物；不清理其他pytest目录
可直接清理,pytest测试临时目录,/var/folders/9w/yltr8zcx3gxb3rs6lr0kxwth0000gn/T/pytest-of-eason/pytest-201/test_other_supported_frame_rat0/master_frames/000011.png,3063,file,核对为本次camera-video测试产物；不清理其他pytest目录
可直接清理,pytest测试临时目录,/var/folders/9w/yltr8zcx3gxb3rs6lr0kxwth0000gn/T/pytest-of-eason/pytest-201/test_other_supported_frame_rat0/master_frames/000012.png,3036,file,核对为本次camera-video测试产物；不清理其他pytest目录
可直接清理,pytest测试临时目录,/var/folders/9w/yltr8zcx3gxb3rs6lr0kxwth0000gn/T/pytest-of-eason/pytest-201/test_other_supported_frame_rat0/master_frames/000013.png,3072,file,核对为本次camera-video测试产物；不清理其他pytest目录
可直接清理,pytest测试临时目录,/var/folders/9w/yltr8zcx3gxb3rs6lr0kxwth0000gn/T/pytest-of-eason/pytest-201/test_other_supported_frame_rat0/master_frames/000014.png,3014,file,核对为本次camera-video测试产物；不清理其他pytest目录
可直接清理,pytest测试临时目录,/var/folders/9w/yltr8zcx3gxb3rs6lr0kxwth0000gn/T/pytest-of-eason/pytest-201/test_other_supported_frame_rat0/master_frames/000015.png,3029,file,核对为本次camera-video测试产物；不清理其他pytest目录
可直接清理,pytest测试临时目录,/var/folders/9w/yltr8zcx3gxb3rs6lr0kxwth0000gn/T/pytest-of-eason/pytest-201/test_other_supported_frame_rat0/master_frames/000016.png,3053,file,核对为本次camera-video测试产物；不清理其他pytest目录
可直接清理,pytest测试临时目录,/var/folders/9w/yltr8zcx3gxb3rs6lr0kxwth0000gn/T/pytest-of-eason/pytest-201/test_other_supported_frame_rat0/master_frames/000017.png,3052,file,核对为本次camera-video测试产物；不清理其他pytest目录
可直接清理,pytest测试临时目录,/var/folders/9w/yltr8zcx3gxb3rs6lr0kxwth0000gn/T/pytest-of-eason/pytest-201/test_other_supported_frame_rat0/master_frames/000018.png,3045,file,核对为本次camera-video测试产物；不清理其他pytest目录
可直接清理,pytest测试临时目录,/var/folders/9w/yltr8zcx3gxb3rs6lr0kxwth0000gn/T/pytest-of-eason/pytest-201/test_other_supported_frame_rat0/master_frames/000019.png,3076,file,核对为本次camera-video测试产物；不清理其他pytest目录
可直接清理,pytest测试临时目录,/var/folders/9w/yltr8zcx3gxb3rs6lr0kxwth0000gn/T/pytest-of-eason/pytest-201/test_other_supported_frame_rat0/master_frames/000020.png,2992,file,核对为本次camera-video测试产物；不清理其他pytest目录
可直接清理,pytest测试临时目录,/var/folders/9w/yltr8zcx3gxb3rs6lr0kxwth0000gn/T/pytest-of-eason/pytest-201/test_other_supported_frame_rat0/master_frames/000021.png,3000,file,核对为本次camera-video测试产物；不清理其他pytest目录
可直接清理,pytest测试临时目录,/var/folders/9w/yltr8zcx3gxb3rs6lr0kxwth0000gn/T/pytest-of-eason/pytest-201/test_other_supported_frame_rat0/master_frames/000022.png,2987,file,核对为本次camera-video测试产物；不清理其他pytest目录
可直接清理,pytest测试临时目录,/var/folders/9w/yltr8zcx3gxb3rs6lr0kxwth0000gn/T/pytest-of-eason/pytest-201/test_other_supported_frame_rat0/master_frames/000023.png,3062,file,核对为本次camera-video测试产物；不清理其他pytest目录
可直接清理,pytest测试临时目录,/var/folders/9w/yltr8zcx3gxb3rs6lr0kxwth0000gn/T/pytest-of-eason/pytest-201/test_other_supported_frame_rat0/master_frames/000024.png,2980,file,核对为本次camera-video测试产物；不清理其他pytest目录
可直接清理,pytest测试临时目录,/var/folders/9w/yltr8zcx3gxb3rs6lr0kxwth0000gn/T/pytest-of-eason/pytest-201/test_other_supported_frame_rat0/master_frames/000025.png,3008,file,核对为本次camera-video测试产物；不清理其他pytest目录
可直接清理,pytest测试临时目录,/var/folders/9w/yltr8zcx3gxb3rs6lr0kxwth0000gn/T/pytest-of-eason/pytest-201/test_other_supported_frame_rat0/master_frames/000026.png,2984,file,核对为本次camera-video测试产物；不清理其他pytest目录
可直接清理,pytest测试临时目录,/var/folders/9w/yltr8zcx3gxb3rs6lr0kxwth0000gn/T/pytest-of-eason/pytest-201/test_other_supported_frame_rat0/master_frames/000027.png,2938,file,核对为本次camera-video测试产物；不清理其他pytest目录
可直接清理,pytest测试临时目录,/var/folders/9w/yltr8zcx3gxb3rs6lr0kxwth0000gn/T/pytest-of-eason/pytest-201/test_other_supported_frame_rat0/master_frames/000028.png,2955,file,核对为本次camera-video测试产物；不清理其他pytest目录
可直接清理,pytest测试临时目录,/var/folders/9w/yltr8zcx3gxb3rs6lr0kxwth0000gn/T/pytest-of-eason/pytest-201/test_other_supported_frame_rat0/master_frames/000029.png,2985,file,核对为本次camera-video测试产物；不清理其他pytest目录
可直接清理,pytest测试临时目录,/var/folders/9w/yltr8zcx3gxb3rs6lr0kxwth0000gn/T/pytest-of-eason/pytest-201/test_other_supported_frame_rat0/master_frames/000030.png,2945,file,核对为本次camera-video测试产物；不清理其他pytest目录
可直接清理,pytest测试临时目录,/var/folders/9w/yltr8zcx3gxb3rs6lr0kxwth0000gn/T/pytest-of-eason/pytest-201/test_other_supported_frame_rat0/master_frames/000031.png,2935,file,核对为本次camera-video测试产物；不清理其他pytest目录
可直接清理,pytest测试临时目录,/var/folders/9w/yltr8zcx3gxb3rs6lr0kxwth0000gn/T/pytest-of-eason/pytest-201/test_other_supported_frame_rat0/master_frames/000032.png,2970,file,核对为本次camera-video测试产物；不清理其他pytest目录
可直接清理,pytest测试临时目录,/var/folders/9w/yltr8zcx3gxb3rs6lr0kxwth0000gn/T/pytest-of-eason/pytest-201/test_other_supported_frame_rat0/master_frames/000033.png,2983,file,核对为本次camera-video测试产物；不清理其他pytest目录
可直接清理,pytest测试临时目录,/var/folders/9w/yltr8zcx3gxb3rs6lr0kxwth0000gn/T/pytest-of-eason/pytest-201/test_other_supported_frame_rat0/master_frames/000034.png,2969,file,核对为本次camera-video测试产物；不清理其他pytest目录
可直接清理,pytest测试临时目录,/var/folders/9w/yltr8zcx3gxb3rs6lr0kxwth0000gn/T/pytest-of-eason/pytest-201/test_other_supported_frame_rat0/master_frames/000035.png,2929,file,核对为本次camera-video测试产物；不清理其他pytest目录
可直接清理,pytest测试临时目录,/var/folders/9w/yltr8zcx3gxb3rs6lr0kxwth0000gn/T/pytest-of-eason/pytest-201/test_other_supported_frame_rat0/master_frames/000036.png,2986,file,核对为本次camera-video测试产物；不清理其他pytest目录
可直接清理,pytest测试临时目录,/var/folders/9w/yltr8zcx3gxb3rs6lr0kxwth0000gn/T/pytest-of-eason/pytest-201/test_other_supported_frame_rat0/master_frames/000037.png,2993,file,核对为本次camera-video测试产物；不清理其他pytest目录
可直接清理,pytest测试临时目录,/var/folders/9w/yltr8zcx3gxb3rs6lr0kxwth0000gn/T/pytest-of-eason/pytest-201/test_other_supported_frame_rat0/master_frames/000038.png,3008,file,核对为本次camera-video测试产物；不清理其他pytest目录
可直接清理,pytest测试临时目录,/var/folders/9w/yltr8zcx3gxb3rs6lr0kxwth0000gn/T/pytest-of-eason/pytest-201/test_other_supported_frame_rat0/master_frames/000039.png,3016,file,核对为本次camera-video测试产物；不清理其他pytest目录
可直接清理,pytest测试临时目录,/var/folders/9w/yltr8zcx3gxb3rs6lr0kxwth0000gn/T/pytest-of-eason/pytest-201/test_other_supported_frame_rat0/video.mp4,67617,file,核对为本次camera-video测试产物；不清理其他pytest目录
可直接清理,pytest测试临时目录,/var/folders/9w/yltr8zcx3gxb3rs6lr0kxwth0000gn/T/pytest-of-eason/pytest-201/test_other_supported_frame_rat1/checks/encoding.json,5820,file,核对为本次camera-video测试产物；不清理其他pytest目录
可直接清理,pytest测试临时目录,/var/folders/9w/yltr8zcx3gxb3rs6lr0kxwth0000gn/T/pytest-of-eason/pytest-201/test_other_supported_frame_rat1/fps-25/checks/encoding.json,5834,file,核对为本次camera-video测试产物；不清理其他pytest目录
可直接清理,pytest测试临时目录,/var/folders/9w/yltr8zcx3gxb3rs6lr0kxwth0000gn/T/pytest-of-eason/pytest-201/test_other_supported_frame_rat1/fps-25/frames.csv,563,file,核对为本次camera-video测试产物；不清理其他pytest目录
可直接清理,pytest测试临时目录,/var/folders/9w/yltr8zcx3gxb3rs6lr0kxwth0000gn/T/pytest-of-eason/pytest-201/test_other_supported_frame_rat1/fps-25/master_frames/000000.png,3008,file,核对为本次camera-video测试产物；不清理其他pytest目录
可直接清理,pytest测试临时目录,/var/folders/9w/yltr8zcx3gxb3rs6lr0kxwth0000gn/T/pytest-of-eason/pytest-201/test_other_supported_frame_rat1/fps-25/master_frames/000001.png,3095,file,核对为本次camera-video测试产物；不清理其他pytest目录
可直接清理,pytest测试临时目录,/var/folders/9w/yltr8zcx3gxb3rs6lr0kxwth0000gn/T/pytest-of-eason/pytest-201/test_other_supported_frame_rat1/fps-25/master_frames/000002.png,3039,file,核对为本次camera-video测试产物；不清理其他pytest目录
可直接清理,pytest测试临时目录,/var/folders/9w/yltr8zcx3gxb3rs6lr0kxwth0000gn/T/pytest-of-eason/pytest-201/test_other_supported_frame_rat1/fps-25/master_frames/000003.png,3110,file,核对为本次camera-video测试产物；不清理其他pytest目录
可直接清理,pytest测试临时目录,/var/folders/9w/yltr8zcx3gxb3rs6lr0kxwth0000gn/T/pytest-of-eason/pytest-201/test_other_supported_frame_rat1/fps-25/master_frames/000004.png,3049,file,核对为本次camera-video测试产物；不清理其他pytest目录
可直接清理,pytest测试临时目录,/var/folders/9w/yltr8zcx3gxb3rs6lr0kxwth0000gn/T/pytest-of-eason/pytest-201/test_other_supported_frame_rat1/fps-25/master_frames/000005.png,3002,file,核对为本次camera-video测试产物；不清理其他pytest目录
可直接清理,pytest测试临时目录,/var/folders/9w/yltr8zcx3gxb3rs6lr0kxwth0000gn/T/pytest-of-eason/pytest-201/test_other_supported_frame_rat1/fps-25/master_frames/000006.png,3116,file,核对为本次camera-video测试产物；不清理其他pytest目录
可直接清理,pytest测试临时目录,/var/folders/9w/yltr8zcx3gxb3rs6lr0kxwth0000gn/T/pytest-of-eason/pytest-201/test_other_supported_frame_rat1/fps-25/master_frames/000007.png,3051,file,核对为本次camera-video测试产物；不清理其他pytest目录
可直接清理,pytest测试临时目录,/var/folders/9w/yltr8zcx3gxb3rs6lr0kxwth0000gn/T/pytest-of-eason/pytest-201/test_other_supported_frame_rat1/fps-25/master_frames/000008.png,2970,file,核对为本次camera-video测试产物；不清理其他pytest目录
可直接清理,pytest测试临时目录,/var/folders/9w/yltr8zcx3gxb3rs6lr0kxwth0000gn/T/pytest-of-eason/pytest-201/test_other_supported_frame_rat1/fps-25/master_frames/000009.png,3060,file,核对为本次camera-video测试产物；不清理其他pytest目录
可直接清理,pytest测试临时目录,/var/folders/9w/yltr8zcx3gxb3rs6lr0kxwth0000gn/T/pytest-of-eason/pytest-201/test_other_supported_frame_rat1/fps-25/master_frames/000010.png,3067,file,核对为本次camera-video测试产物；不清理其他pytest目录
可直接清理,pytest测试临时目录,/var/folders/9w/yltr8zcx3gxb3rs6lr0kxwth0000gn/T/pytest-of-eason/pytest-201/test_other_supported_frame_rat1/fps-25/master_frames/000011.png,3063,file,核对为本次camera-video测试产物；不清理其他pytest目录
可直接清理,pytest测试临时目录,/var/folders/9w/yltr8zcx3gxb3rs6lr0kxwth0000gn/T/pytest-of-eason/pytest-201/test_other_supported_frame_rat1/fps-25/master_frames/000012.png,3036,file,核对为本次camera-video测试产物；不清理其他pytest目录
可直接清理,pytest测试临时目录,/var/folders/9w/yltr8zcx3gxb3rs6lr0kxwth0000gn/T/pytest-of-eason/pytest-201/test_other_supported_frame_rat1/fps-25/master_frames/000013.png,3072,file,核对为本次camera-video测试产物；不清理其他pytest目录
可直接清理,pytest测试临时目录,/var/folders/9w/yltr8zcx3gxb3rs6lr0kxwth0000gn/T/pytest-of-eason/pytest-201/test_other_supported_frame_rat1/fps-25/master_frames/000014.png,3014,file,核对为本次camera-video测试产物；不清理其他pytest目录
可直接清理,pytest测试临时目录,/var/folders/9w/yltr8zcx3gxb3rs6lr0kxwth0000gn/T/pytest-of-eason/pytest-201/test_other_supported_frame_rat1/fps-25/master_frames/000015.png,3029,file,核对为本次camera-video测试产物；不清理其他pytest目录
可直接清理,pytest测试临时目录,/var/folders/9w/yltr8zcx3gxb3rs6lr0kxwth0000gn/T/pytest-of-eason/pytest-201/test_other_supported_frame_rat1/fps-25/master_frames/000016.png,3053,file,核对为本次camera-video测试产物；不清理其他pytest目录
可直接清理,pytest测试临时目录,/var/folders/9w/yltr8zcx3gxb3rs6lr0kxwth0000gn/T/pytest-of-eason/pytest-201/test_other_supported_frame_rat1/fps-25/master_frames/000017.png,3052,file,核对为本次camera-video测试产物；不清理其他pytest目录
可直接清理,pytest测试临时目录,/var/folders/9w/yltr8zcx3gxb3rs6lr0kxwth0000gn/T/pytest-of-eason/pytest-201/test_other_supported_frame_rat1/fps-25/master_frames/000018.png,3045,file,核对为本次camera-video测试产物；不清理其他pytest目录
可直接清理,pytest测试临时目录,/var/folders/9w/yltr8zcx3gxb3rs6lr0kxwth0000gn/T/pytest-of-eason/pytest-201/test_other_supported_frame_rat1/fps-25/master_frames/000019.png,3076,file,核对为本次camera-video测试产物；不清理其他pytest目录
可直接清理,pytest测试临时目录,/var/folders/9w/yltr8zcx3gxb3rs6lr0kxwth0000gn/T/pytest-of-eason/pytest-201/test_other_supported_frame_rat1/fps-25/master_frames/000020.png,2992,file,核对为本次camera-video测试产物；不清理其他pytest目录
可直接清理,pytest测试临时目录,/var/folders/9w/yltr8zcx3gxb3rs6lr0kxwth0000gn/T/pytest-of-eason/pytest-201/test_other_supported_frame_rat1/fps-25/master_frames/000021.png,3000,file,核对为本次camera-video测试产物；不清理其他pytest目录
可直接清理,pytest测试临时目录,/var/folders/9w/yltr8zcx3gxb3rs6lr0kxwth0000gn/T/pytest-of-eason/pytest-201/test_other_supported_frame_rat1/fps-25/master_frames/000022.png,2987,file,核对为本次camera-video测试产物；不清理其他pytest目录
可直接清理,pytest测试临时目录,/var/folders/9w/yltr8zcx3gxb3rs6lr0kxwth0000gn/T/pytest-of-eason/pytest-201/test_other_supported_frame_rat1/fps-25/master_frames/000023.png,3062,file,核对为本次camera-video测试产物；不清理其他pytest目录
可直接清理,pytest测试临时目录,/var/folders/9w/yltr8zcx3gxb3rs6lr0kxwth0000gn/T/pytest-of-eason/pytest-201/test_other_supported_frame_rat1/fps-25/master_frames/000024.png,2980,file,核对为本次camera-video测试产物；不清理其他pytest目录
可直接清理,pytest测试临时目录,/var/folders/9w/yltr8zcx3gxb3rs6lr0kxwth0000gn/T/pytest-of-eason/pytest-201/test_other_supported_frame_rat1/fps-25/master_frames/000025.png,3008,file,核对为本次camera-video测试产物；不清理其他pytest目录
可直接清理,pytest测试临时目录,/var/folders/9w/yltr8zcx3gxb3rs6lr0kxwth0000gn/T/pytest-of-eason/pytest-201/test_other_supported_frame_rat1/fps-25/master_frames/000026.png,2984,file,核对为本次camera-video测试产物；不清理其他pytest目录
可直接清理,pytest测试临时目录,/var/folders/9w/yltr8zcx3gxb3rs6lr0kxwth0000gn/T/pytest-of-eason/pytest-201/test_other_supported_frame_rat1/fps-25/master_frames/000027.png,2938,file,核对为本次camera-video测试产物；不清理其他pytest目录
可直接清理,pytest测试临时目录,/var/folders/9w/yltr8zcx3gxb3rs6lr0kxwth0000gn/T/pytest-of-eason/pytest-201/test_other_supported_frame_rat1/fps-25/master_frames/000028.png,2955,file,核对为本次camera-video测试产物；不清理其他pytest目录
可直接清理,pytest测试临时目录,/var/folders/9w/yltr8zcx3gxb3rs6lr0kxwth0000gn/T/pytest-of-eason/pytest-201/test_other_supported_frame_rat1/fps-25/master_frames/000029.png,2985,file,核对为本次camera-video测试产物；不清理其他pytest目录
可直接清理,pytest测试临时目录,/var/folders/9w/yltr8zcx3gxb3rs6lr0kxwth0000gn/T/pytest-of-eason/pytest-201/test_other_supported_frame_rat1/fps-25/master_frames/000030.png,2945,file,核对为本次camera-video测试产物；不清理其他pytest目录
可直接清理,pytest测试临时目录,/var/folders/9w/yltr8zcx3gxb3rs6lr0kxwth0000gn/T/pytest-of-eason/pytest-201/test_other_supported_frame_rat1/fps-25/master_frames/000031.png,2935,file,核对为本次camera-video测试产物；不清理其他pytest目录
可直接清理,pytest测试临时目录,/var/folders/9w/yltr8zcx3gxb3rs6lr0kxwth0000gn/T/pytest-of-eason/pytest-201/test_other_supported_frame_rat1/fps-25/master_frames/000032.png,2970,file,核对为本次camera-video测试产物；不清理其他pytest目录
可直接清理,pytest测试临时目录,/var/folders/9w/yltr8zcx3gxb3rs6lr0kxwth0000gn/T/pytest-of-eason/pytest-201/test_other_supported_frame_rat1/fps-25/master_frames/000033.png,2983,file,核对为本次camera-video测试产物；不清理其他pytest目录
可直接清理,pytest测试临时目录,/var/folders/9w/yltr8zcx3gxb3rs6lr0kxwth0000gn/T/pytest-of-eason/pytest-201/test_other_supported_frame_rat1/fps-25/master_frames/000034.png,2969,file,核对为本次camera-video测试产物；不清理其他pytest目录
可直接清理,pytest测试临时目录,/var/folders/9w/yltr8zcx3gxb3rs6lr0kxwth0000gn/T/pytest-of-eason/pytest-201/test_other_supported_frame_rat1/fps-25/master_frames/000035.png,2929,file,核对为本次camera-video测试产物；不清理其他pytest目录
可直接清理,pytest测试临时目录,/var/folders/9w/yltr8zcx3gxb3rs6lr0kxwth0000gn/T/pytest-of-eason/pytest-201/test_other_supported_frame_rat1/fps-25/master_frames/000036.png,2986,file,核对为本次camera-video测试产物；不清理其他pytest目录
可直接清理,pytest测试临时目录,/var/folders/9w/yltr8zcx3gxb3rs6lr0kxwth0000gn/T/pytest-of-eason/pytest-201/test_other_supported_frame_rat1/fps-25/master_frames/000037.png,2993,file,核对为本次camera-video测试产物；不清理其他pytest目录
可直接清理,pytest测试临时目录,/var/folders/9w/yltr8zcx3gxb3rs6lr0kxwth0000gn/T/pytest-of-eason/pytest-201/test_other_supported_frame_rat1/fps-25/master_frames/000038.png,3008,file,核对为本次camera-video测试产物；不清理其他pytest目录
可直接清理,pytest测试临时目录,/var/folders/9w/yltr8zcx3gxb3rs6lr0kxwth0000gn/T/pytest-of-eason/pytest-201/test_other_supported_frame_rat1/fps-25/master_frames/000039.png,3016,file,核对为本次camera-video测试产物；不清理其他pytest目录
可直接清理,pytest测试临时目录,/var/folders/9w/yltr8zcx3gxb3rs6lr0kxwth0000gn/T/pytest-of-eason/pytest-201/test_other_supported_frame_rat1/fps-25/video.mp4,65902,file,核对为本次camera-video测试产物；不清理其他pytest目录
可直接清理,pytest测试临时目录,/var/folders/9w/yltr8zcx3gxb3rs6lr0kxwth0000gn/T/pytest-of-eason/pytest-201/test_other_supported_frame_rat1/frames.csv,611,file,核对为本次camera-video测试产物；不清理其他pytest目录
可直接清理,pytest测试临时目录,/var/folders/9w/yltr8zcx3gxb3rs6lr0kxwth0000gn/T/pytest-of-eason/pytest-201/test_other_supported_frame_rat1/manifest.json,241,file,核对为本次camera-video测试产物；不清理其他pytest目录
可直接清理,pytest测试临时目录,/var/folders/9w/yltr8zcx3gxb3rs6lr0kxwth0000gn/T/pytest-of-eason/pytest-201/test_other_supported_frame_rat1/master_frames/000000.png,3008,file,核对为本次camera-video测试产物；不清理其他pytest目录
可直接清理,pytest测试临时目录,/var/folders/9w/yltr8zcx3gxb3rs6lr0kxwth0000gn/T/pytest-of-eason/pytest-201/test_other_supported_frame_rat1/master_frames/000001.png,3095,file,核对为本次camera-video测试产物；不清理其他pytest目录
可直接清理,pytest测试临时目录,/var/folders/9w/yltr8zcx3gxb3rs6lr0kxwth0000gn/T/pytest-of-eason/pytest-201/test_other_supported_frame_rat1/master_frames/000002.png,3039,file,核对为本次camera-video测试产物；不清理其他pytest目录
可直接清理,pytest测试临时目录,/var/folders/9w/yltr8zcx3gxb3rs6lr0kxwth0000gn/T/pytest-of-eason/pytest-201/test_other_supported_frame_rat1/master_frames/000003.png,3110,file,核对为本次camera-video测试产物；不清理其他pytest目录
可直接清理,pytest测试临时目录,/var/folders/9w/yltr8zcx3gxb3rs6lr0kxwth0000gn/T/pytest-of-eason/pytest-201/test_other_supported_frame_rat1/master_frames/000004.png,3049,file,核对为本次camera-video测试产物；不清理其他pytest目录
可直接清理,pytest测试临时目录,/var/folders/9w/yltr8zcx3gxb3rs6lr0kxwth0000gn/T/pytest-of-eason/pytest-201/test_other_supported_frame_rat1/master_frames/000005.png,3002,file,核对为本次camera-video测试产物；不清理其他pytest目录
可直接清理,pytest测试临时目录,/var/folders/9w/yltr8zcx3gxb3rs6lr0kxwth0000gn/T/pytest-of-eason/pytest-201/test_other_supported_frame_rat1/master_frames/000006.png,3116,file,核对为本次camera-video测试产物；不清理其他pytest目录
可直接清理,pytest测试临时目录,/var/folders/9w/yltr8zcx3gxb3rs6lr0kxwth0000gn/T/pytest-of-eason/pytest-201/test_other_supported_frame_rat1/master_frames/000007.png,3051,file,核对为本次camera-video测试产物；不清理其他pytest目录
可直接清理,pytest测试临时目录,/var/folders/9w/yltr8zcx3gxb3rs6lr0kxwth0000gn/T/pytest-of-eason/pytest-201/test_other_supported_frame_rat1/master_frames/000008.png,2970,file,核对为本次camera-video测试产物；不清理其他pytest目录
可直接清理,pytest测试临时目录,/var/folders/9w/yltr8zcx3gxb3rs6lr0kxwth0000gn/T/pytest-of-eason/pytest-201/test_other_supported_frame_rat1/master_frames/000009.png,3060,file,核对为本次camera-video测试产物；不清理其他pytest目录
可直接清理,pytest测试临时目录,/var/folders/9w/yltr8zcx3gxb3rs6lr0kxwth0000gn/T/pytest-of-eason/pytest-201/test_other_supported_frame_rat1/master_frames/000010.png,3067,file,核对为本次camera-video测试产物；不清理其他pytest目录
可直接清理,pytest测试临时目录,/var/folders/9w/yltr8zcx3gxb3rs6lr0kxwth0000gn/T/pytest-of-eason/pytest-201/test_other_supported_frame_rat1/master_frames/000011.png,3063,file,核对为本次camera-video测试产物；不清理其他pytest目录
可直接清理,pytest测试临时目录,/var/folders/9w/yltr8zcx3gxb3rs6lr0kxwth0000gn/T/pytest-of-eason/pytest-201/test_other_supported_frame_rat1/master_frames/000012.png,3036,file,核对为本次camera-video测试产物；不清理其他pytest目录
可直接清理,pytest测试临时目录,/var/folders/9w/yltr8zcx3gxb3rs6lr0kxwth0000gn/T/pytest-of-eason/pytest-201/test_other_supported_frame_rat1/master_frames/000013.png,3072,file,核对为本次camera-video测试产物；不清理其他pytest目录
可直接清理,pytest测试临时目录,/var/folders/9w/yltr8zcx3gxb3rs6lr0kxwth0000gn/T/pytest-of-eason/pytest-201/test_other_supported_frame_rat1/master_frames/000014.png,3014,file,核对为本次camera-video测试产物；不清理其他pytest目录
可直接清理,pytest测试临时目录,/var/folders/9w/yltr8zcx3gxb3rs6lr0kxwth0000gn/T/pytest-of-eason/pytest-201/test_other_supported_frame_rat1/master_frames/000015.png,3029,file,核对为本次camera-video测试产物；不清理其他pytest目录
可直接清理,pytest测试临时目录,/var/folders/9w/yltr8zcx3gxb3rs6lr0kxwth0000gn/T/pytest-of-eason/pytest-201/test_other_supported_frame_rat1/master_frames/000016.png,3053,file,核对为本次camera-video测试产物；不清理其他pytest目录
可直接清理,pytest测试临时目录,/var/folders/9w/yltr8zcx3gxb3rs6lr0kxwth0000gn/T/pytest-of-eason/pytest-201/test_other_supported_frame_rat1/master_frames/000017.png,3052,file,核对为本次camera-video测试产物；不清理其他pytest目录
可直接清理,pytest测试临时目录,/var/folders/9w/yltr8zcx3gxb3rs6lr0kxwth0000gn/T/pytest-of-eason/pytest-201/test_other_supported_frame_rat1/master_frames/000018.png,3045,file,核对为本次camera-video测试产物；不清理其他pytest目录
可直接清理,pytest测试临时目录,/var/folders/9w/yltr8zcx3gxb3rs6lr0kxwth0000gn/T/pytest-of-eason/pytest-201/test_other_supported_frame_rat1/master_frames/000019.png,3076,file,核对为本次camera-video测试产物；不清理其他pytest目录
可直接清理,pytest测试临时目录,/var/folders/9w/yltr8zcx3gxb3rs6lr0kxwth0000gn/T/pytest-of-eason/pytest-201/test_other_supported_frame_rat1/master_frames/000020.png,2992,file,核对为本次camera-video测试产物；不清理其他pytest目录
可直接清理,pytest测试临时目录,/var/folders/9w/yltr8zcx3gxb3rs6lr0kxwth0000gn/T/pytest-of-eason/pytest-201/test_other_supported_frame_rat1/master_frames/000021.png,3000,file,核对为本次camera-video测试产物；不清理其他pytest目录
可直接清理,pytest测试临时目录,/var/folders/9w/yltr8zcx3gxb3rs6lr0kxwth0000gn/T/pytest-of-eason/pytest-201/test_other_supported_frame_rat1/master_frames/000022.png,2987,file,核对为本次camera-video测试产物；不清理其他pytest目录
可直接清理,pytest测试临时目录,/var/folders/9w/yltr8zcx3gxb3rs6lr0kxwth0000gn/T/pytest-of-eason/pytest-201/test_other_supported_frame_rat1/master_frames/000023.png,3062,file,核对为本次camera-video测试产物；不清理其他pytest目录
可直接清理,pytest测试临时目录,/var/folders/9w/yltr8zcx3gxb3rs6lr0kxwth0000gn/T/pytest-of-eason/pytest-201/test_other_supported_frame_rat1/master_frames/000024.png,2980,file,核对为本次camera-video测试产物；不清理其他pytest目录
可直接清理,pytest测试临时目录,/var/folders/9w/yltr8zcx3gxb3rs6lr0kxwth0000gn/T/pytest-of-eason/pytest-201/test_other_supported_frame_rat1/master_frames/000025.png,3008,file,核对为本次camera-video测试产物；不清理其他pytest目录
可直接清理,pytest测试临时目录,/var/folders/9w/yltr8zcx3gxb3rs6lr0kxwth0000gn/T/pytest-of-eason/pytest-201/test_other_supported_frame_rat1/master_frames/000026.png,2984,file,核对为本次camera-video测试产物；不清理其他pytest目录
可直接清理,pytest测试临时目录,/var/folders/9w/yltr8zcx3gxb3rs6lr0kxwth0000gn/T/pytest-of-eason/pytest-201/test_other_supported_frame_rat1/master_frames/000027.png,2938,file,核对为本次camera-video测试产物；不清理其他pytest目录
可直接清理,pytest测试临时目录,/var/folders/9w/yltr8zcx3gxb3rs6lr0kxwth0000gn/T/pytest-of-eason/pytest-201/test_other_supported_frame_rat1/master_frames/000028.png,2955,file,核对为本次camera-video测试产物；不清理其他pytest目录
可直接清理,pytest测试临时目录,/var/folders/9w/yltr8zcx3gxb3rs6lr0kxwth0000gn/T/pytest-of-eason/pytest-201/test_other_supported_frame_rat1/master_frames/000029.png,2985,file,核对为本次camera-video测试产物；不清理其他pytest目录
可直接清理,pytest测试临时目录,/var/folders/9w/yltr8zcx3gxb3rs6lr0kxwth0000gn/T/pytest-of-eason/pytest-201/test_other_supported_frame_rat1/master_frames/000030.png,2945,file,核对为本次camera-video测试产物；不清理其他pytest目录
可直接清理,pytest测试临时目录,/var/folders/9w/yltr8zcx3gxb3rs6lr0kxwth0000gn/T/pytest-of-eason/pytest-201/test_other_supported_frame_rat1/master_frames/000031.png,2935,file,核对为本次camera-video测试产物；不清理其他pytest目录
可直接清理,pytest测试临时目录,/var/folders/9w/yltr8zcx3gxb3rs6lr0kxwth0000gn/T/pytest-of-eason/pytest-201/test_other_supported_frame_rat1/master_frames/000032.png,2970,file,核对为本次camera-video测试产物；不清理其他pytest目录
可直接清理,pytest测试临时目录,/var/folders/9w/yltr8zcx3gxb3rs6lr0kxwth0000gn/T/pytest-of-eason/pytest-201/test_other_supported_frame_rat1/master_frames/000033.png,2983,file,核对为本次camera-video测试产物；不清理其他pytest目录
可直接清理,pytest测试临时目录,/var/folders/9w/yltr8zcx3gxb3rs6lr0kxwth0000gn/T/pytest-of-eason/pytest-201/test_other_supported_frame_rat1/master_frames/000034.png,2969,file,核对为本次camera-video测试产物；不清理其他pytest目录
可直接清理,pytest测试临时目录,/var/folders/9w/yltr8zcx3gxb3rs6lr0kxwth0000gn/T/pytest-of-eason/pytest-201/test_other_supported_frame_rat1/master_frames/000035.png,2929,file,核对为本次camera-video测试产物；不清理其他pytest目录
可直接清理,pytest测试临时目录,/var/folders/9w/yltr8zcx3gxb3rs6lr0kxwth0000gn/T/pytest-of-eason/pytest-201/test_other_supported_frame_rat1/master_frames/000036.png,2986,file,核对为本次camera-video测试产物；不清理其他pytest目录
可直接清理,pytest测试临时目录,/var/folders/9w/yltr8zcx3gxb3rs6lr0kxwth0000gn/T/pytest-of-eason/pytest-201/test_other_supported_frame_rat1/master_frames/000037.png,2993,file,核对为本次camera-video测试产物；不清理其他pytest目录
可直接清理,pytest测试临时目录,/var/folders/9w/yltr8zcx3gxb3rs6lr0kxwth0000gn/T/pytest-of-eason/pytest-201/test_other_supported_frame_rat1/master_frames/000038.png,3008,file,核对为本次camera-video测试产物；不清理其他pytest目录
可直接清理,pytest测试临时目录,/var/folders/9w/yltr8zcx3gxb3rs6lr0kxwth0000gn/T/pytest-of-eason/pytest-201/test_other_supported_frame_rat1/master_frames/000039.png,3016,file,核对为本次camera-video测试产物；不清理其他pytest目录
可直接清理,pytest测试临时目录,/var/folders/9w/yltr8zcx3gxb3rs6lr0kxwth0000gn/T/pytest-of-eason/pytest-201/test_other_supported_frame_rat1/video.mp4,67617,file,核对为本次camera-video测试产物；不清理其他pytest目录
可直接清理,pytest测试临时目录,/var/folders/9w/yltr8zcx3gxb3rs6lr0kxwth0000gn/T/pytest-of-eason/pytest-201/test_pts_mismatch_is_rejected0/checks/encoding.json,5818,file,核对为本次camera-video测试产物；不清理其他pytest目录
可直接清理,pytest测试临时目录,/var/folders/9w/yltr8zcx3gxb3rs6lr0kxwth0000gn/T/pytest-of-eason/pytest-201/test_pts_mismatch_is_rejected0/frames.csv,570,file,核对为本次camera-video测试产物；不清理其他pytest目录
可直接清理,pytest测试临时目录,/var/folders/9w/yltr8zcx3gxb3rs6lr0kxwth0000gn/T/pytest-of-eason/pytest-201/test_pts_mismatch_is_rejected0/manifest.json,241,file,核对为本次camera-video测试产物；不清理其他pytest目录
可直接清理,pytest测试临时目录,/var/folders/9w/yltr8zcx3gxb3rs6lr0kxwth0000gn/T/pytest-of-eason/pytest-201/test_pts_mismatch_is_rejected0/master_frames/000000.png,3008,file,核对为本次camera-video测试产物；不清理其他pytest目录
可直接清理,pytest测试临时目录,/var/folders/9w/yltr8zcx3gxb3rs6lr0kxwth0000gn/T/pytest-of-eason/pytest-201/test_pts_mismatch_is_rejected0/master_frames/000001.png,3095,file,核对为本次camera-video测试产物；不清理其他pytest目录
可直接清理,pytest测试临时目录,/var/folders/9w/yltr8zcx3gxb3rs6lr0kxwth0000gn/T/pytest-of-eason/pytest-201/test_pts_mismatch_is_rejected0/master_frames/000002.png,3039,file,核对为本次camera-video测试产物；不清理其他pytest目录
可直接清理,pytest测试临时目录,/var/folders/9w/yltr8zcx3gxb3rs6lr0kxwth0000gn/T/pytest-of-eason/pytest-201/test_pts_mismatch_is_rejected0/master_frames/000003.png,3110,file,核对为本次camera-video测试产物；不清理其他pytest目录
可直接清理,pytest测试临时目录,/var/folders/9w/yltr8zcx3gxb3rs6lr0kxwth0000gn/T/pytest-of-eason/pytest-201/test_pts_mismatch_is_rejected0/master_frames/000004.png,3049,file,核对为本次camera-video测试产物；不清理其他pytest目录
可直接清理,pytest测试临时目录,/var/folders/9w/yltr8zcx3gxb3rs6lr0kxwth0000gn/T/pytest-of-eason/pytest-201/test_pts_mismatch_is_rejected0/master_frames/000005.png,3002,file,核对为本次camera-video测试产物；不清理其他pytest目录
可直接清理,pytest测试临时目录,/var/folders/9w/yltr8zcx3gxb3rs6lr0kxwth0000gn/T/pytest-of-eason/pytest-201/test_pts_mismatch_is_rejected0/master_frames/000006.png,3116,file,核对为本次camera-video测试产物；不清理其他pytest目录
可直接清理,pytest测试临时目录,/var/folders/9w/yltr8zcx3gxb3rs6lr0kxwth0000gn/T/pytest-of-eason/pytest-201/test_pts_mismatch_is_rejected0/master_frames/000007.png,3051,file,核对为本次camera-video测试产物；不清理其他pytest目录
可直接清理,pytest测试临时目录,/var/folders/9w/yltr8zcx3gxb3rs6lr0kxwth0000gn/T/pytest-of-eason/pytest-201/test_pts_mismatch_is_rejected0/master_frames/000008.png,2970,file,核对为本次camera-video测试产物；不清理其他pytest目录
可直接清理,pytest测试临时目录,/var/folders/9w/yltr8zcx3gxb3rs6lr0kxwth0000gn/T/pytest-of-eason/pytest-201/test_pts_mismatch_is_rejected0/master_frames/000009.png,3060,file,核对为本次camera-video测试产物；不清理其他pytest目录
可直接清理,pytest测试临时目录,/var/folders/9w/yltr8zcx3gxb3rs6lr0kxwth0000gn/T/pytest-of-eason/pytest-201/test_pts_mismatch_is_rejected0/master_frames/000010.png,3067,file,核对为本次camera-video测试产物；不清理其他pytest目录
可直接清理,pytest测试临时目录,/var/folders/9w/yltr8zcx3gxb3rs6lr0kxwth0000gn/T/pytest-of-eason/pytest-201/test_pts_mismatch_is_rejected0/master_frames/000011.png,3063,file,核对为本次camera-video测试产物；不清理其他pytest目录
可直接清理,pytest测试临时目录,/var/folders/9w/yltr8zcx3gxb3rs6lr0kxwth0000gn/T/pytest-of-eason/pytest-201/test_pts_mismatch_is_rejected0/master_frames/000012.png,3036,file,核对为本次camera-video测试产物；不清理其他pytest目录
可直接清理,pytest测试临时目录,/var/folders/9w/yltr8zcx3gxb3rs6lr0kxwth0000gn/T/pytest-of-eason/pytest-201/test_pts_mismatch_is_rejected0/master_frames/000013.png,3072,file,核对为本次camera-video测试产物；不清理其他pytest目录
可直接清理,pytest测试临时目录,/var/folders/9w/yltr8zcx3gxb3rs6lr0kxwth0000gn/T/pytest-of-eason/pytest-201/test_pts_mismatch_is_rejected0/master_frames/000014.png,3014,file,核对为本次camera-video测试产物；不清理其他pytest目录
可直接清理,pytest测试临时目录,/var/folders/9w/yltr8zcx3gxb3rs6lr0kxwth0000gn/T/pytest-of-eason/pytest-201/test_pts_mismatch_is_rejected0/master_frames/000015.png,3029,file,核对为本次camera-video测试产物；不清理其他pytest目录
可直接清理,pytest测试临时目录,/var/folders/9w/yltr8zcx3gxb3rs6lr0kxwth0000gn/T/pytest-of-eason/pytest-201/test_pts_mismatch_is_rejected0/master_frames/000016.png,3053,file,核对为本次camera-video测试产物；不清理其他pytest目录
可直接清理,pytest测试临时目录,/var/folders/9w/yltr8zcx3gxb3rs6lr0kxwth0000gn/T/pytest-of-eason/pytest-201/test_pts_mismatch_is_rejected0/master_frames/000017.png,3052,file,核对为本次camera-video测试产物；不清理其他pytest目录
可直接清理,pytest测试临时目录,/var/folders/9w/yltr8zcx3gxb3rs6lr0kxwth0000gn/T/pytest-of-eason/pytest-201/test_pts_mismatch_is_rejected0/master_frames/000018.png,3045,file,核对为本次camera-video测试产物；不清理其他pytest目录
可直接清理,pytest测试临时目录,/var/folders/9w/yltr8zcx3gxb3rs6lr0kxwth0000gn/T/pytest-of-eason/pytest-201/test_pts_mismatch_is_rejected0/master_frames/000019.png,3076,file,核对为本次camera-video测试产物；不清理其他pytest目录
可直接清理,pytest测试临时目录,/var/folders/9w/yltr8zcx3gxb3rs6lr0kxwth0000gn/T/pytest-of-eason/pytest-201/test_pts_mismatch_is_rejected0/master_frames/000020.png,2992,file,核对为本次camera-video测试产物；不清理其他pytest目录
可直接清理,pytest测试临时目录,/var/folders/9w/yltr8zcx3gxb3rs6lr0kxwth0000gn/T/pytest-of-eason/pytest-201/test_pts_mismatch_is_rejected0/master_frames/000021.png,3000,file,核对为本次camera-video测试产物；不清理其他pytest目录
可直接清理,pytest测试临时目录,/var/folders/9w/yltr8zcx3gxb3rs6lr0kxwth0000gn/T/pytest-of-eason/pytest-201/test_pts_mismatch_is_rejected0/master_frames/000022.png,2987,file,核对为本次camera-video测试产物；不清理其他pytest目录
可直接清理,pytest测试临时目录,/var/folders/9w/yltr8zcx3gxb3rs6lr0kxwth0000gn/T/pytest-of-eason/pytest-201/test_pts_mismatch_is_rejected0/master_frames/000023.png,3062,file,核对为本次camera-video测试产物；不清理其他pytest目录
可直接清理,pytest测试临时目录,/var/folders/9w/yltr8zcx3gxb3rs6lr0kxwth0000gn/T/pytest-of-eason/pytest-201/test_pts_mismatch_is_rejected0/master_frames/000024.png,2980,file,核对为本次camera-video测试产物；不清理其他pytest目录
可直接清理,pytest测试临时目录,/var/folders/9w/yltr8zcx3gxb3rs6lr0kxwth0000gn/T/pytest-of-eason/pytest-201/test_pts_mismatch_is_rejected0/master_frames/000025.png,3008,file,核对为本次camera-video测试产物；不清理其他pytest目录
可直接清理,pytest测试临时目录,/var/folders/9w/yltr8zcx3gxb3rs6lr0kxwth0000gn/T/pytest-of-eason/pytest-201/test_pts_mismatch_is_rejected0/master_frames/000026.png,2984,file,核对为本次camera-video测试产物；不清理其他pytest目录
可直接清理,pytest测试临时目录,/var/folders/9w/yltr8zcx3gxb3rs6lr0kxwth0000gn/T/pytest-of-eason/pytest-201/test_pts_mismatch_is_rejected0/master_frames/000027.png,2938,file,核对为本次camera-video测试产物；不清理其他pytest目录
可直接清理,pytest测试临时目录,/var/folders/9w/yltr8zcx3gxb3rs6lr0kxwth0000gn/T/pytest-of-eason/pytest-201/test_pts_mismatch_is_rejected0/master_frames/000028.png,2955,file,核对为本次camera-video测试产物；不清理其他pytest目录
可直接清理,pytest测试临时目录,/var/folders/9w/yltr8zcx3gxb3rs6lr0kxwth0000gn/T/pytest-of-eason/pytest-201/test_pts_mismatch_is_rejected0/master_frames/000029.png,2985,file,核对为本次camera-video测试产物；不清理其他pytest目录
可直接清理,pytest测试临时目录,/var/folders/9w/yltr8zcx3gxb3rs6lr0kxwth0000gn/T/pytest-of-eason/pytest-201/test_pts_mismatch_is_rejected0/master_frames/000030.png,2945,file,核对为本次camera-video测试产物；不清理其他pytest目录
可直接清理,pytest测试临时目录,/var/folders/9w/yltr8zcx3gxb3rs6lr0kxwth0000gn/T/pytest-of-eason/pytest-201/test_pts_mismatch_is_rejected0/master_frames/000031.png,2935,file,核对为本次camera-video测试产物；不清理其他pytest目录
可直接清理,pytest测试临时目录,/var/folders/9w/yltr8zcx3gxb3rs6lr0kxwth0000gn/T/pytest-of-eason/pytest-201/test_pts_mismatch_is_rejected0/master_frames/000032.png,2970,file,核对为本次camera-video测试产物；不清理其他pytest目录
可直接清理,pytest测试临时目录,/var/folders/9w/yltr8zcx3gxb3rs6lr0kxwth0000gn/T/pytest-of-eason/pytest-201/test_pts_mismatch_is_rejected0/master_frames/000033.png,2983,file,核对为本次camera-video测试产物；不清理其他pytest目录
可直接清理,pytest测试临时目录,/var/folders/9w/yltr8zcx3gxb3rs6lr0kxwth0000gn/T/pytest-of-eason/pytest-201/test_pts_mismatch_is_rejected0/master_frames/000034.png,2969,file,核对为本次camera-video测试产物；不清理其他pytest目录
可直接清理,pytest测试临时目录,/var/folders/9w/yltr8zcx3gxb3rs6lr0kxwth0000gn/T/pytest-of-eason/pytest-201/test_pts_mismatch_is_rejected0/master_frames/000035.png,2929,file,核对为本次camera-video测试产物；不清理其他pytest目录
可直接清理,pytest测试临时目录,/var/folders/9w/yltr8zcx3gxb3rs6lr0kxwth0000gn/T/pytest-of-eason/pytest-201/test_pts_mismatch_is_rejected0/master_frames/000036.png,2986,file,核对为本次camera-video测试产物；不清理其他pytest目录
可直接清理,pytest测试临时目录,/var/folders/9w/yltr8zcx3gxb3rs6lr0kxwth0000gn/T/pytest-of-eason/pytest-201/test_pts_mismatch_is_rejected0/master_frames/000037.png,2993,file,核对为本次camera-video测试产物；不清理其他pytest目录
可直接清理,pytest测试临时目录,/var/folders/9w/yltr8zcx3gxb3rs6lr0kxwth0000gn/T/pytest-of-eason/pytest-201/test_pts_mismatch_is_rejected0/master_frames/000038.png,3008,file,核对为本次camera-video测试产物；不清理其他pytest目录
可直接清理,pytest测试临时目录,/var/folders/9w/yltr8zcx3gxb3rs6lr0kxwth0000gn/T/pytest-of-eason/pytest-201/test_pts_mismatch_is_rejected0/master_frames/000039.png,3016,file,核对为本次camera-video测试产物；不清理其他pytest目录
可直接清理,pytest测试临时目录,/var/folders/9w/yltr8zcx3gxb3rs6lr0kxwth0000gn/T/pytest-of-eason/pytest-201/test_pts_mismatch_is_rejected0/video.mp4,67617,file,核对为本次camera-video测试产物；不清理其他pytest目录
可直接清理,pytest测试临时目录,/var/folders/9w/yltr8zcx3gxb3rs6lr0kxwth0000gn/T/pytest-of-eason/pytest-201/test_resume_committed_video_be0/checks/encoding.json,5820,file,核对为本次camera-video测试产物；不清理其他pytest目录
可直接清理,pytest测试临时目录,/var/folders/9w/yltr8zcx3gxb3rs6lr0kxwth0000gn/T/pytest-of-eason/pytest-201/test_resume_committed_video_be0/frames.csv,611,file,核对为本次camera-video测试产物；不清理其他pytest目录
可直接清理,pytest测试临时目录,/var/folders/9w/yltr8zcx3gxb3rs6lr0kxwth0000gn/T/pytest-of-eason/pytest-201/test_resume_committed_video_be0/manifest.json,241,file,核对为本次camera-video测试产物；不清理其他pytest目录
可直接清理,pytest测试临时目录,/var/folders/9w/yltr8zcx3gxb3rs6lr0kxwth0000gn/T/pytest-of-eason/pytest-201/test_resume_committed_video_be0/master_frames/000000.png,3008,file,核对为本次camera-video测试产物；不清理其他pytest目录
可直接清理,pytest测试临时目录,/var/folders/9w/yltr8zcx3gxb3rs6lr0kxwth0000gn/T/pytest-of-eason/pytest-201/test_resume_committed_video_be0/master_frames/000001.png,3095,file,核对为本次camera-video测试产物；不清理其他pytest目录
可直接清理,pytest测试临时目录,/var/folders/9w/yltr8zcx3gxb3rs6lr0kxwth0000gn/T/pytest-of-eason/pytest-201/test_resume_committed_video_be0/master_frames/000002.png,3039,file,核对为本次camera-video测试产物；不清理其他pytest目录
可直接清理,pytest测试临时目录,/var/folders/9w/yltr8zcx3gxb3rs6lr0kxwth0000gn/T/pytest-of-eason/pytest-201/test_resume_committed_video_be0/master_frames/000003.png,3110,file,核对为本次camera-video测试产物；不清理其他pytest目录
可直接清理,pytest测试临时目录,/var/folders/9w/yltr8zcx3gxb3rs6lr0kxwth0000gn/T/pytest-of-eason/pytest-201/test_resume_committed_video_be0/master_frames/000004.png,3049,file,核对为本次camera-video测试产物；不清理其他pytest目录
可直接清理,pytest测试临时目录,/var/folders/9w/yltr8zcx3gxb3rs6lr0kxwth0000gn/T/pytest-of-eason/pytest-201/test_resume_committed_video_be0/master_frames/000005.png,3002,file,核对为本次camera-video测试产物；不清理其他pytest目录
可直接清理,pytest测试临时目录,/var/folders/9w/yltr8zcx3gxb3rs6lr0kxwth0000gn/T/pytest-of-eason/pytest-201/test_resume_committed_video_be0/master_frames/000006.png,3116,file,核对为本次camera-video测试产物；不清理其他pytest目录
可直接清理,pytest测试临时目录,/var/folders/9w/yltr8zcx3gxb3rs6lr0kxwth0000gn/T/pytest-of-eason/pytest-201/test_resume_committed_video_be0/master_frames/000007.png,3051,file,核对为本次camera-video测试产物；不清理其他pytest目录
可直接清理,pytest测试临时目录,/var/folders/9w/yltr8zcx3gxb3rs6lr0kxwth0000gn/T/pytest-of-eason/pytest-201/test_resume_committed_video_be0/master_frames/000008.png,2970,file,核对为本次camera-video测试产物；不清理其他pytest目录
可直接清理,pytest测试临时目录,/var/folders/9w/yltr8zcx3gxb3rs6lr0kxwth0000gn/T/pytest-of-eason/pytest-201/test_resume_committed_video_be0/master_frames/000009.png,3060,file,核对为本次camera-video测试产物；不清理其他pytest目录
可直接清理,pytest测试临时目录,/var/folders/9w/yltr8zcx3gxb3rs6lr0kxwth0000gn/T/pytest-of-eason/pytest-201/test_resume_committed_video_be0/master_frames/000010.png,3067,file,核对为本次camera-video测试产物；不清理其他pytest目录
可直接清理,pytest测试临时目录,/var/folders/9w/yltr8zcx3gxb3rs6lr0kxwth0000gn/T/pytest-of-eason/pytest-201/test_resume_committed_video_be0/master_frames/000011.png,3063,file,核对为本次camera-video测试产物；不清理其他pytest目录
可直接清理,pytest测试临时目录,/var/folders/9w/yltr8zcx3gxb3rs6lr0kxwth0000gn/T/pytest-of-eason/pytest-201/test_resume_committed_video_be0/master_frames/000012.png,3036,file,核对为本次camera-video测试产物；不清理其他pytest目录
可直接清理,pytest测试临时目录,/var/folders/9w/yltr8zcx3gxb3rs6lr0kxwth0000gn/T/pytest-of-eason/pytest-201/test_resume_committed_video_be0/master_frames/000013.png,3072,file,核对为本次camera-video测试产物；不清理其他pytest目录
可直接清理,pytest测试临时目录,/var/folders/9w/yltr8zcx3gxb3rs6lr0kxwth0000gn/T/pytest-of-eason/pytest-201/test_resume_committed_video_be0/master_frames/000014.png,3014,file,核对为本次camera-video测试产物；不清理其他pytest目录
可直接清理,pytest测试临时目录,/var/folders/9w/yltr8zcx3gxb3rs6lr0kxwth0000gn/T/pytest-of-eason/pytest-201/test_resume_committed_video_be0/master_frames/000015.png,3029,file,核对为本次camera-video测试产物；不清理其他pytest目录
可直接清理,pytest测试临时目录,/var/folders/9w/yltr8zcx3gxb3rs6lr0kxwth0000gn/T/pytest-of-eason/pytest-201/test_resume_committed_video_be0/master_frames/000016.png,3053,file,核对为本次camera-video测试产物；不清理其他pytest目录
可直接清理,pytest测试临时目录,/var/folders/9w/yltr8zcx3gxb3rs6lr0kxwth0000gn/T/pytest-of-eason/pytest-201/test_resume_committed_video_be0/master_frames/000017.png,3052,file,核对为本次camera-video测试产物；不清理其他pytest目录
可直接清理,pytest测试临时目录,/var/folders/9w/yltr8zcx3gxb3rs6lr0kxwth0000gn/T/pytest-of-eason/pytest-201/test_resume_committed_video_be0/master_frames/000018.png,3045,file,核对为本次camera-video测试产物；不清理其他pytest目录
可直接清理,pytest测试临时目录,/var/folders/9w/yltr8zcx3gxb3rs6lr0kxwth0000gn/T/pytest-of-eason/pytest-201/test_resume_committed_video_be0/master_frames/000019.png,3076,file,核对为本次camera-video测试产物；不清理其他pytest目录
可直接清理,pytest测试临时目录,/var/folders/9w/yltr8zcx3gxb3rs6lr0kxwth0000gn/T/pytest-of-eason/pytest-201/test_resume_committed_video_be0/master_frames/000020.png,2992,file,核对为本次camera-video测试产物；不清理其他pytest目录
可直接清理,pytest测试临时目录,/var/folders/9w/yltr8zcx3gxb3rs6lr0kxwth0000gn/T/pytest-of-eason/pytest-201/test_resume_committed_video_be0/master_frames/000021.png,3000,file,核对为本次camera-video测试产物；不清理其他pytest目录
可直接清理,pytest测试临时目录,/var/folders/9w/yltr8zcx3gxb3rs6lr0kxwth0000gn/T/pytest-of-eason/pytest-201/test_resume_committed_video_be0/master_frames/000022.png,2987,file,核对为本次camera-video测试产物；不清理其他pytest目录
可直接清理,pytest测试临时目录,/var/folders/9w/yltr8zcx3gxb3rs6lr0kxwth0000gn/T/pytest-of-eason/pytest-201/test_resume_committed_video_be0/master_frames/000023.png,3062,file,核对为本次camera-video测试产物；不清理其他pytest目录
可直接清理,pytest测试临时目录,/var/folders/9w/yltr8zcx3gxb3rs6lr0kxwth0000gn/T/pytest-of-eason/pytest-201/test_resume_committed_video_be0/master_frames/000024.png,2980,file,核对为本次camera-video测试产物；不清理其他pytest目录
可直接清理,pytest测试临时目录,/var/folders/9w/yltr8zcx3gxb3rs6lr0kxwth0000gn/T/pytest-of-eason/pytest-201/test_resume_committed_video_be0/master_frames/000025.png,3008,file,核对为本次camera-video测试产物；不清理其他pytest目录
可直接清理,pytest测试临时目录,/var/folders/9w/yltr8zcx3gxb3rs6lr0kxwth0000gn/T/pytest-of-eason/pytest-201/test_resume_committed_video_be0/master_frames/000026.png,2984,file,核对为本次camera-video测试产物；不清理其他pytest目录
可直接清理,pytest测试临时目录,/var/folders/9w/yltr8zcx3gxb3rs6lr0kxwth0000gn/T/pytest-of-eason/pytest-201/test_resume_committed_video_be0/master_frames/000027.png,2938,file,核对为本次camera-video测试产物；不清理其他pytest目录
可直接清理,pytest测试临时目录,/var/folders/9w/yltr8zcx3gxb3rs6lr0kxwth0000gn/T/pytest-of-eason/pytest-201/test_resume_committed_video_be0/master_frames/000028.png,2955,file,核对为本次camera-video测试产物；不清理其他pytest目录
可直接清理,pytest测试临时目录,/var/folders/9w/yltr8zcx3gxb3rs6lr0kxwth0000gn/T/pytest-of-eason/pytest-201/test_resume_committed_video_be0/master_frames/000029.png,2985,file,核对为本次camera-video测试产物；不清理其他pytest目录
可直接清理,pytest测试临时目录,/var/folders/9w/yltr8zcx3gxb3rs6lr0kxwth0000gn/T/pytest-of-eason/pytest-201/test_resume_committed_video_be0/master_frames/000030.png,2945,file,核对为本次camera-video测试产物；不清理其他pytest目录
可直接清理,pytest测试临时目录,/var/folders/9w/yltr8zcx3gxb3rs6lr0kxwth0000gn/T/pytest-of-eason/pytest-201/test_resume_committed_video_be0/master_frames/000031.png,2935,file,核对为本次camera-video测试产物；不清理其他pytest目录
可直接清理,pytest测试临时目录,/var/folders/9w/yltr8zcx3gxb3rs6lr0kxwth0000gn/T/pytest-of-eason/pytest-201/test_resume_committed_video_be0/master_frames/000032.png,2970,file,核对为本次camera-video测试产物；不清理其他pytest目录
可直接清理,pytest测试临时目录,/var/folders/9w/yltr8zcx3gxb3rs6lr0kxwth0000gn/T/pytest-of-eason/pytest-201/test_resume_committed_video_be0/master_frames/000033.png,2983,file,核对为本次camera-video测试产物；不清理其他pytest目录
可直接清理,pytest测试临时目录,/var/folders/9w/yltr8zcx3gxb3rs6lr0kxwth0000gn/T/pytest-of-eason/pytest-201/test_resume_committed_video_be0/master_frames/000034.png,2969,file,核对为本次camera-video测试产物；不清理其他pytest目录
可直接清理,pytest测试临时目录,/var/folders/9w/yltr8zcx3gxb3rs6lr0kxwth0000gn/T/pytest-of-eason/pytest-201/test_resume_committed_video_be0/master_frames/000035.png,2929,file,核对为本次camera-video测试产物；不清理其他pytest目录
可直接清理,pytest测试临时目录,/var/folders/9w/yltr8zcx3gxb3rs6lr0kxwth0000gn/T/pytest-of-eason/pytest-201/test_resume_committed_video_be0/master_frames/000036.png,2986,file,核对为本次camera-video测试产物；不清理其他pytest目录
可直接清理,pytest测试临时目录,/var/folders/9w/yltr8zcx3gxb3rs6lr0kxwth0000gn/T/pytest-of-eason/pytest-201/test_resume_committed_video_be0/master_frames/000037.png,2993,file,核对为本次camera-video测试产物；不清理其他pytest目录
可直接清理,pytest测试临时目录,/var/folders/9w/yltr8zcx3gxb3rs6lr0kxwth0000gn/T/pytest-of-eason/pytest-201/test_resume_committed_video_be0/master_frames/000038.png,3008,file,核对为本次camera-video测试产物；不清理其他pytest目录
可直接清理,pytest测试临时目录,/var/folders/9w/yltr8zcx3gxb3rs6lr0kxwth0000gn/T/pytest-of-eason/pytest-201/test_resume_committed_video_be0/master_frames/000039.png,3016,file,核对为本次camera-video测试产物；不清理其他pytest目录
可直接清理,pytest测试临时目录,/var/folders/9w/yltr8zcx3gxb3rs6lr0kxwth0000gn/T/pytest-of-eason/pytest-201/test_resume_committed_video_be0/video.mp4,67617,file,核对为本次camera-video测试产物；不清理其他pytest目录
可直接清理,pytest测试临时目录,/var/folders/9w/yltr8zcx3gxb3rs6lr0kxwth0000gn/T/pytest-of-eason/pytest-201/test_resume_owned_partial_vide0/checks/encoding.json,5820,file,核对为本次camera-video测试产物；不清理其他pytest目录
可直接清理,pytest测试临时目录,/var/folders/9w/yltr8zcx3gxb3rs6lr0kxwth0000gn/T/pytest-of-eason/pytest-201/test_resume_owned_partial_vide0/frames.csv,611,file,核对为本次camera-video测试产物；不清理其他pytest目录
可直接清理,pytest测试临时目录,/var/folders/9w/yltr8zcx3gxb3rs6lr0kxwth0000gn/T/pytest-of-eason/pytest-201/test_resume_owned_partial_vide0/manifest.json,241,file,核对为本次camera-video测试产物；不清理其他pytest目录
可直接清理,pytest测试临时目录,/var/folders/9w/yltr8zcx3gxb3rs6lr0kxwth0000gn/T/pytest-of-eason/pytest-201/test_resume_owned_partial_vide0/master_frames/000000.png,3008,file,核对为本次camera-video测试产物；不清理其他pytest目录
可直接清理,pytest测试临时目录,/var/folders/9w/yltr8zcx3gxb3rs6lr0kxwth0000gn/T/pytest-of-eason/pytest-201/test_resume_owned_partial_vide0/master_frames/000001.png,3095,file,核对为本次camera-video测试产物；不清理其他pytest目录
可直接清理,pytest测试临时目录,/var/folders/9w/yltr8zcx3gxb3rs6lr0kxwth0000gn/T/pytest-of-eason/pytest-201/test_resume_owned_partial_vide0/master_frames/000002.png,3039,file,核对为本次camera-video测试产物；不清理其他pytest目录
可直接清理,pytest测试临时目录,/var/folders/9w/yltr8zcx3gxb3rs6lr0kxwth0000gn/T/pytest-of-eason/pytest-201/test_resume_owned_partial_vide0/master_frames/000003.png,3110,file,核对为本次camera-video测试产物；不清理其他pytest目录
可直接清理,pytest测试临时目录,/var/folders/9w/yltr8zcx3gxb3rs6lr0kxwth0000gn/T/pytest-of-eason/pytest-201/test_resume_owned_partial_vide0/master_frames/000004.png,3049,file,核对为本次camera-video测试产物；不清理其他pytest目录
可直接清理,pytest测试临时目录,/var/folders/9w/yltr8zcx3gxb3rs6lr0kxwth0000gn/T/pytest-of-eason/pytest-201/test_resume_owned_partial_vide0/master_frames/000005.png,3002,file,核对为本次camera-video测试产物；不清理其他pytest目录
可直接清理,pytest测试临时目录,/var/folders/9w/yltr8zcx3gxb3rs6lr0kxwth0000gn/T/pytest-of-eason/pytest-201/test_resume_owned_partial_vide0/master_frames/000006.png,3116,file,核对为本次camera-video测试产物；不清理其他pytest目录
可直接清理,pytest测试临时目录,/var/folders/9w/yltr8zcx3gxb3rs6lr0kxwth0000gn/T/pytest-of-eason/pytest-201/test_resume_owned_partial_vide0/master_frames/000007.png,3051,file,核对为本次camera-video测试产物；不清理其他pytest目录
可直接清理,pytest测试临时目录,/var/folders/9w/yltr8zcx3gxb3rs6lr0kxwth0000gn/T/pytest-of-eason/pytest-201/test_resume_owned_partial_vide0/master_frames/000008.png,2970,file,核对为本次camera-video测试产物；不清理其他pytest目录
可直接清理,pytest测试临时目录,/var/folders/9w/yltr8zcx3gxb3rs6lr0kxwth0000gn/T/pytest-of-eason/pytest-201/test_resume_owned_partial_vide0/master_frames/000009.png,3060,file,核对为本次camera-video测试产物；不清理其他pytest目录
可直接清理,pytest测试临时目录,/var/folders/9w/yltr8zcx3gxb3rs6lr0kxwth0000gn/T/pytest-of-eason/pytest-201/test_resume_owned_partial_vide0/master_frames/000010.png,3067,file,核对为本次camera-video测试产物；不清理其他pytest目录
可直接清理,pytest测试临时目录,/var/folders/9w/yltr8zcx3gxb3rs6lr0kxwth0000gn/T/pytest-of-eason/pytest-201/test_resume_owned_partial_vide0/master_frames/000011.png,3063,file,核对为本次camera-video测试产物；不清理其他pytest目录
可直接清理,pytest测试临时目录,/var/folders/9w/yltr8zcx3gxb3rs6lr0kxwth0000gn/T/pytest-of-eason/pytest-201/test_resume_owned_partial_vide0/master_frames/000012.png,3036,file,核对为本次camera-video测试产物；不清理其他pytest目录
可直接清理,pytest测试临时目录,/var/folders/9w/yltr8zcx3gxb3rs6lr0kxwth0000gn/T/pytest-of-eason/pytest-201/test_resume_owned_partial_vide0/master_frames/000013.png,3072,file,核对为本次camera-video测试产物；不清理其他pytest目录
可直接清理,pytest测试临时目录,/var/folders/9w/yltr8zcx3gxb3rs6lr0kxwth0000gn/T/pytest-of-eason/pytest-201/test_resume_owned_partial_vide0/master_frames/000014.png,3014,file,核对为本次camera-video测试产物；不清理其他pytest目录
可直接清理,pytest测试临时目录,/var/folders/9w/yltr8zcx3gxb3rs6lr0kxwth0000gn/T/pytest-of-eason/pytest-201/test_resume_owned_partial_vide0/master_frames/000015.png,3029,file,核对为本次camera-video测试产物；不清理其他pytest目录
可直接清理,pytest测试临时目录,/var/folders/9w/yltr8zcx3gxb3rs6lr0kxwth0000gn/T/pytest-of-eason/pytest-201/test_resume_owned_partial_vide0/master_frames/000016.png,3053,file,核对为本次camera-video测试产物；不清理其他pytest目录
可直接清理,pytest测试临时目录,/var/folders/9w/yltr8zcx3gxb3rs6lr0kxwth0000gn/T/pytest-of-eason/pytest-201/test_resume_owned_partial_vide0/master_frames/000017.png,3052,file,核对为本次camera-video测试产物；不清理其他pytest目录
可直接清理,pytest测试临时目录,/var/folders/9w/yltr8zcx3gxb3rs6lr0kxwth0000gn/T/pytest-of-eason/pytest-201/test_resume_owned_partial_vide0/master_frames/000018.png,3045,file,核对为本次camera-video测试产物；不清理其他pytest目录
可直接清理,pytest测试临时目录,/var/folders/9w/yltr8zcx3gxb3rs6lr0kxwth0000gn/T/pytest-of-eason/pytest-201/test_resume_owned_partial_vide0/master_frames/000019.png,3076,file,核对为本次camera-video测试产物；不清理其他pytest目录
可直接清理,pytest测试临时目录,/var/folders/9w/yltr8zcx3gxb3rs6lr0kxwth0000gn/T/pytest-of-eason/pytest-201/test_resume_owned_partial_vide0/master_frames/000020.png,2992,file,核对为本次camera-video测试产物；不清理其他pytest目录
可直接清理,pytest测试临时目录,/var/folders/9w/yltr8zcx3gxb3rs6lr0kxwth0000gn/T/pytest-of-eason/pytest-201/test_resume_owned_partial_vide0/master_frames/000021.png,3000,file,核对为本次camera-video测试产物；不清理其他pytest目录
可直接清理,pytest测试临时目录,/var/folders/9w/yltr8zcx3gxb3rs6lr0kxwth0000gn/T/pytest-of-eason/pytest-201/test_resume_owned_partial_vide0/master_frames/000022.png,2987,file,核对为本次camera-video测试产物；不清理其他pytest目录
可直接清理,pytest测试临时目录,/var/folders/9w/yltr8zcx3gxb3rs6lr0kxwth0000gn/T/pytest-of-eason/pytest-201/test_resume_owned_partial_vide0/master_frames/000023.png,3062,file,核对为本次camera-video测试产物；不清理其他pytest目录
可直接清理,pytest测试临时目录,/var/folders/9w/yltr8zcx3gxb3rs6lr0kxwth0000gn/T/pytest-of-eason/pytest-201/test_resume_owned_partial_vide0/master_frames/000024.png,2980,file,核对为本次camera-video测试产物；不清理其他pytest目录
可直接清理,pytest测试临时目录,/var/folders/9w/yltr8zcx3gxb3rs6lr0kxwth0000gn/T/pytest-of-eason/pytest-201/test_resume_owned_partial_vide0/master_frames/000025.png,3008,file,核对为本次camera-video测试产物；不清理其他pytest目录
可直接清理,pytest测试临时目录,/var/folders/9w/yltr8zcx3gxb3rs6lr0kxwth0000gn/T/pytest-of-eason/pytest-201/test_resume_owned_partial_vide0/master_frames/000026.png,2984,file,核对为本次camera-video测试产物；不清理其他pytest目录
可直接清理,pytest测试临时目录,/var/folders/9w/yltr8zcx3gxb3rs6lr0kxwth0000gn/T/pytest-of-eason/pytest-201/test_resume_owned_partial_vide0/master_frames/000027.png,2938,file,核对为本次camera-video测试产物；不清理其他pytest目录
可直接清理,pytest测试临时目录,/var/folders/9w/yltr8zcx3gxb3rs6lr0kxwth0000gn/T/pytest-of-eason/pytest-201/test_resume_owned_partial_vide0/master_frames/000028.png,2955,file,核对为本次camera-video测试产物；不清理其他pytest目录
可直接清理,pytest测试临时目录,/var/folders/9w/yltr8zcx3gxb3rs6lr0kxwth0000gn/T/pytest-of-eason/pytest-201/test_resume_owned_partial_vide0/master_frames/000029.png,2985,file,核对为本次camera-video测试产物；不清理其他pytest目录
可直接清理,pytest测试临时目录,/var/folders/9w/yltr8zcx3gxb3rs6lr0kxwth0000gn/T/pytest-of-eason/pytest-201/test_resume_owned_partial_vide0/master_frames/000030.png,2945,file,核对为本次camera-video测试产物；不清理其他pytest目录
可直接清理,pytest测试临时目录,/var/folders/9w/yltr8zcx3gxb3rs6lr0kxwth0000gn/T/pytest-of-eason/pytest-201/test_resume_owned_partial_vide0/master_frames/000031.png,2935,file,核对为本次camera-video测试产物；不清理其他pytest目录
可直接清理,pytest测试临时目录,/var/folders/9w/yltr8zcx3gxb3rs6lr0kxwth0000gn/T/pytest-of-eason/pytest-201/test_resume_owned_partial_vide0/master_frames/000032.png,2970,file,核对为本次camera-video测试产物；不清理其他pytest目录
可直接清理,pytest测试临时目录,/var/folders/9w/yltr8zcx3gxb3rs6lr0kxwth0000gn/T/pytest-of-eason/pytest-201/test_resume_owned_partial_vide0/master_frames/000033.png,2983,file,核对为本次camera-video测试产物；不清理其他pytest目录
可直接清理,pytest测试临时目录,/var/folders/9w/yltr8zcx3gxb3rs6lr0kxwth0000gn/T/pytest-of-eason/pytest-201/test_resume_owned_partial_vide0/master_frames/000034.png,2969,file,核对为本次camera-video测试产物；不清理其他pytest目录
可直接清理,pytest测试临时目录,/var/folders/9w/yltr8zcx3gxb3rs6lr0kxwth0000gn/T/pytest-of-eason/pytest-201/test_resume_owned_partial_vide0/master_frames/000035.png,2929,file,核对为本次camera-video测试产物；不清理其他pytest目录
可直接清理,pytest测试临时目录,/var/folders/9w/yltr8zcx3gxb3rs6lr0kxwth0000gn/T/pytest-of-eason/pytest-201/test_resume_owned_partial_vide0/master_frames/000036.png,2986,file,核对为本次camera-video测试产物；不清理其他pytest目录
可直接清理,pytest测试临时目录,/var/folders/9w/yltr8zcx3gxb3rs6lr0kxwth0000gn/T/pytest-of-eason/pytest-201/test_resume_owned_partial_vide0/master_frames/000037.png,2993,file,核对为本次camera-video测试产物；不清理其他pytest目录
可直接清理,pytest测试临时目录,/var/folders/9w/yltr8zcx3gxb3rs6lr0kxwth0000gn/T/pytest-of-eason/pytest-201/test_resume_owned_partial_vide0/master_frames/000038.png,3008,file,核对为本次camera-video测试产物；不清理其他pytest目录
可直接清理,pytest测试临时目录,/var/folders/9w/yltr8zcx3gxb3rs6lr0kxwth0000gn/T/pytest-of-eason/pytest-201/test_resume_owned_partial_vide0/master_frames/000039.png,3016,file,核对为本次camera-video测试产物；不清理其他pytest目录
可直接清理,pytest测试临时目录,/var/folders/9w/yltr8zcx3gxb3rs6lr0kxwth0000gn/T/pytest-of-eason/pytest-201/test_resume_owned_partial_vide0/video.mp4,67617,file,核对为本次camera-video测试产物；不清理其他pytest目录
可直接清理,pytest测试临时目录,/var/folders/9w/yltr8zcx3gxb3rs6lr0kxwth0000gn/T/pytest-of-eason/pytest-201/test_rtsp_midjoin_reconnect_cy0/checks/encoding.json,5820,file,核对为本次camera-video测试产物；不清理其他pytest目录
可直接清理,pytest测试临时目录,/var/folders/9w/yltr8zcx3gxb3rs6lr0kxwth0000gn/T/pytest-of-eason/pytest-201/test_rtsp_midjoin_reconnect_cy0/frames.csv,611,file,核对为本次camera-video测试产物；不清理其他pytest目录
可直接清理,pytest测试临时目录,/var/folders/9w/yltr8zcx3gxb3rs6lr0kxwth0000gn/T/pytest-of-eason/pytest-201/test_rtsp_midjoin_reconnect_cy0/manifest.json,241,file,核对为本次camera-video测试产物；不清理其他pytest目录
可直接清理,pytest测试临时目录,/var/folders/9w/yltr8zcx3gxb3rs6lr0kxwth0000gn/T/pytest-of-eason/pytest-201/test_rtsp_midjoin_reconnect_cy0/master_frames/000000.png,3008,file,核对为本次camera-video测试产物；不清理其他pytest目录
可直接清理,pytest测试临时目录,/var/folders/9w/yltr8zcx3gxb3rs6lr0kxwth0000gn/T/pytest-of-eason/pytest-201/test_rtsp_midjoin_reconnect_cy0/master_frames/000001.png,3095,file,核对为本次camera-video测试产物；不清理其他pytest目录
可直接清理,pytest测试临时目录,/var/folders/9w/yltr8zcx3gxb3rs6lr0kxwth0000gn/T/pytest-of-eason/pytest-201/test_rtsp_midjoin_reconnect_cy0/master_frames/000002.png,3039,file,核对为本次camera-video测试产物；不清理其他pytest目录
可直接清理,pytest测试临时目录,/var/folders/9w/yltr8zcx3gxb3rs6lr0kxwth0000gn/T/pytest-of-eason/pytest-201/test_rtsp_midjoin_reconnect_cy0/master_frames/000003.png,3110,file,核对为本次camera-video测试产物；不清理其他pytest目录
可直接清理,pytest测试临时目录,/var/folders/9w/yltr8zcx3gxb3rs6lr0kxwth0000gn/T/pytest-of-eason/pytest-201/test_rtsp_midjoin_reconnect_cy0/master_frames/000004.png,3049,file,核对为本次camera-video测试产物；不清理其他pytest目录
可直接清理,pytest测试临时目录,/var/folders/9w/yltr8zcx3gxb3rs6lr0kxwth0000gn/T/pytest-of-eason/pytest-201/test_rtsp_midjoin_reconnect_cy0/master_frames/000005.png,3002,file,核对为本次camera-video测试产物；不清理其他pytest目录
可直接清理,pytest测试临时目录,/var/folders/9w/yltr8zcx3gxb3rs6lr0kxwth0000gn/T/pytest-of-eason/pytest-201/test_rtsp_midjoin_reconnect_cy0/master_frames/000006.png,3116,file,核对为本次camera-video测试产物；不清理其他pytest目录
可直接清理,pytest测试临时目录,/var/folders/9w/yltr8zcx3gxb3rs6lr0kxwth0000gn/T/pytest-of-eason/pytest-201/test_rtsp_midjoin_reconnect_cy0/master_frames/000007.png,3051,file,核对为本次camera-video测试产物；不清理其他pytest目录
可直接清理,pytest测试临时目录,/var/folders/9w/yltr8zcx3gxb3rs6lr0kxwth0000gn/T/pytest-of-eason/pytest-201/test_rtsp_midjoin_reconnect_cy0/master_frames/000008.png,2970,file,核对为本次camera-video测试产物；不清理其他pytest目录
可直接清理,pytest测试临时目录,/var/folders/9w/yltr8zcx3gxb3rs6lr0kxwth0000gn/T/pytest-of-eason/pytest-201/test_rtsp_midjoin_reconnect_cy0/master_frames/000009.png,3060,file,核对为本次camera-video测试产物；不清理其他pytest目录
可直接清理,pytest测试临时目录,/var/folders/9w/yltr8zcx3gxb3rs6lr0kxwth0000gn/T/pytest-of-eason/pytest-201/test_rtsp_midjoin_reconnect_cy0/master_frames/000010.png,3067,file,核对为本次camera-video测试产物；不清理其他pytest目录
可直接清理,pytest测试临时目录,/var/folders/9w/yltr8zcx3gxb3rs6lr0kxwth0000gn/T/pytest-of-eason/pytest-201/test_rtsp_midjoin_reconnect_cy0/master_frames/000011.png,3063,file,核对为本次camera-video测试产物；不清理其他pytest目录
可直接清理,pytest测试临时目录,/var/folders/9w/yltr8zcx3gxb3rs6lr0kxwth0000gn/T/pytest-of-eason/pytest-201/test_rtsp_midjoin_reconnect_cy0/master_frames/000012.png,3036,file,核对为本次camera-video测试产物；不清理其他pytest目录
可直接清理,pytest测试临时目录,/var/folders/9w/yltr8zcx3gxb3rs6lr0kxwth0000gn/T/pytest-of-eason/pytest-201/test_rtsp_midjoin_reconnect_cy0/master_frames/000013.png,3072,file,核对为本次camera-video测试产物；不清理其他pytest目录
可直接清理,pytest测试临时目录,/var/folders/9w/yltr8zcx3gxb3rs6lr0kxwth0000gn/T/pytest-of-eason/pytest-201/test_rtsp_midjoin_reconnect_cy0/master_frames/000014.png,3014,file,核对为本次camera-video测试产物；不清理其他pytest目录
可直接清理,pytest测试临时目录,/var/folders/9w/yltr8zcx3gxb3rs6lr0kxwth0000gn/T/pytest-of-eason/pytest-201/test_rtsp_midjoin_reconnect_cy0/master_frames/000015.png,3029,file,核对为本次camera-video测试产物；不清理其他pytest目录
可直接清理,pytest测试临时目录,/var/folders/9w/yltr8zcx3gxb3rs6lr0kxwth0000gn/T/pytest-of-eason/pytest-201/test_rtsp_midjoin_reconnect_cy0/master_frames/000016.png,3053,file,核对为本次camera-video测试产物；不清理其他pytest目录
可直接清理,pytest测试临时目录,/var/folders/9w/yltr8zcx3gxb3rs6lr0kxwth0000gn/T/pytest-of-eason/pytest-201/test_rtsp_midjoin_reconnect_cy0/master_frames/000017.png,3052,file,核对为本次camera-video测试产物；不清理其他pytest目录
可直接清理,pytest测试临时目录,/var/folders/9w/yltr8zcx3gxb3rs6lr0kxwth0000gn/T/pytest-of-eason/pytest-201/test_rtsp_midjoin_reconnect_cy0/master_frames/000018.png,3045,file,核对为本次camera-video测试产物；不清理其他pytest目录
可直接清理,pytest测试临时目录,/var/folders/9w/yltr8zcx3gxb3rs6lr0kxwth0000gn/T/pytest-of-eason/pytest-201/test_rtsp_midjoin_reconnect_cy0/master_frames/000019.png,3076,file,核对为本次camera-video测试产物；不清理其他pytest目录
可直接清理,pytest测试临时目录,/var/folders/9w/yltr8zcx3gxb3rs6lr0kxwth0000gn/T/pytest-of-eason/pytest-201/test_rtsp_midjoin_reconnect_cy0/master_frames/000020.png,2992,file,核对为本次camera-video测试产物；不清理其他pytest目录
可直接清理,pytest测试临时目录,/var/folders/9w/yltr8zcx3gxb3rs6lr0kxwth0000gn/T/pytest-of-eason/pytest-201/test_rtsp_midjoin_reconnect_cy0/master_frames/000021.png,3000,file,核对为本次camera-video测试产物；不清理其他pytest目录
可直接清理,pytest测试临时目录,/var/folders/9w/yltr8zcx3gxb3rs6lr0kxwth0000gn/T/pytest-of-eason/pytest-201/test_rtsp_midjoin_reconnect_cy0/master_frames/000022.png,2987,file,核对为本次camera-video测试产物；不清理其他pytest目录
可直接清理,pytest测试临时目录,/var/folders/9w/yltr8zcx3gxb3rs6lr0kxwth0000gn/T/pytest-of-eason/pytest-201/test_rtsp_midjoin_reconnect_cy0/master_frames/000023.png,3062,file,核对为本次camera-video测试产物；不清理其他pytest目录
可直接清理,pytest测试临时目录,/var/folders/9w/yltr8zcx3gxb3rs6lr0kxwth0000gn/T/pytest-of-eason/pytest-201/test_rtsp_midjoin_reconnect_cy0/master_frames/000024.png,2980,file,核对为本次camera-video测试产物；不清理其他pytest目录
可直接清理,pytest测试临时目录,/var/folders/9w/yltr8zcx3gxb3rs6lr0kxwth0000gn/T/pytest-of-eason/pytest-201/test_rtsp_midjoin_reconnect_cy0/master_frames/000025.png,3008,file,核对为本次camera-video测试产物；不清理其他pytest目录
可直接清理,pytest测试临时目录,/var/folders/9w/yltr8zcx3gxb3rs6lr0kxwth0000gn/T/pytest-of-eason/pytest-201/test_rtsp_midjoin_reconnect_cy0/master_frames/000026.png,2984,file,核对为本次camera-video测试产物；不清理其他pytest目录
可直接清理,pytest测试临时目录,/var/folders/9w/yltr8zcx3gxb3rs6lr0kxwth0000gn/T/pytest-of-eason/pytest-201/test_rtsp_midjoin_reconnect_cy0/master_frames/000027.png,2938,file,核对为本次camera-video测试产物；不清理其他pytest目录
可直接清理,pytest测试临时目录,/var/folders/9w/yltr8zcx3gxb3rs6lr0kxwth0000gn/T/pytest-of-eason/pytest-201/test_rtsp_midjoin_reconnect_cy0/master_frames/000028.png,2955,file,核对为本次camera-video测试产物；不清理其他pytest目录
可直接清理,pytest测试临时目录,/var/folders/9w/yltr8zcx3gxb3rs6lr0kxwth0000gn/T/pytest-of-eason/pytest-201/test_rtsp_midjoin_reconnect_cy0/master_frames/000029.png,2985,file,核对为本次camera-video测试产物；不清理其他pytest目录
可直接清理,pytest测试临时目录,/var/folders/9w/yltr8zcx3gxb3rs6lr0kxwth0000gn/T/pytest-of-eason/pytest-201/test_rtsp_midjoin_reconnect_cy0/master_frames/000030.png,2945,file,核对为本次camera-video测试产物；不清理其他pytest目录
可直接清理,pytest测试临时目录,/var/folders/9w/yltr8zcx3gxb3rs6lr0kxwth0000gn/T/pytest-of-eason/pytest-201/test_rtsp_midjoin_reconnect_cy0/master_frames/000031.png,2935,file,核对为本次camera-video测试产物；不清理其他pytest目录
可直接清理,pytest测试临时目录,/var/folders/9w/yltr8zcx3gxb3rs6lr0kxwth0000gn/T/pytest-of-eason/pytest-201/test_rtsp_midjoin_reconnect_cy0/master_frames/000032.png,2970,file,核对为本次camera-video测试产物；不清理其他pytest目录
可直接清理,pytest测试临时目录,/var/folders/9w/yltr8zcx3gxb3rs6lr0kxwth0000gn/T/pytest-of-eason/pytest-201/test_rtsp_midjoin_reconnect_cy0/master_frames/000033.png,2983,file,核对为本次camera-video测试产物；不清理其他pytest目录
可直接清理,pytest测试临时目录,/var/folders/9w/yltr8zcx3gxb3rs6lr0kxwth0000gn/T/pytest-of-eason/pytest-201/test_rtsp_midjoin_reconnect_cy0/master_frames/000034.png,2969,file,核对为本次camera-video测试产物；不清理其他pytest目录
可直接清理,pytest测试临时目录,/var/folders/9w/yltr8zcx3gxb3rs6lr0kxwth0000gn/T/pytest-of-eason/pytest-201/test_rtsp_midjoin_reconnect_cy0/master_frames/000035.png,2929,file,核对为本次camera-video测试产物；不清理其他pytest目录
可直接清理,pytest测试临时目录,/var/folders/9w/yltr8zcx3gxb3rs6lr0kxwth0000gn/T/pytest-of-eason/pytest-201/test_rtsp_midjoin_reconnect_cy0/master_frames/000036.png,2986,file,核对为本次camera-video测试产物；不清理其他pytest目录
可直接清理,pytest测试临时目录,/var/folders/9w/yltr8zcx3gxb3rs6lr0kxwth0000gn/T/pytest-of-eason/pytest-201/test_rtsp_midjoin_reconnect_cy0/master_frames/000037.png,2993,file,核对为本次camera-video测试产物；不清理其他pytest目录
可直接清理,pytest测试临时目录,/var/folders/9w/yltr8zcx3gxb3rs6lr0kxwth0000gn/T/pytest-of-eason/pytest-201/test_rtsp_midjoin_reconnect_cy0/master_frames/000038.png,3008,file,核对为本次camera-video测试产物；不清理其他pytest目录
可直接清理,pytest测试临时目录,/var/folders/9w/yltr8zcx3gxb3rs6lr0kxwth0000gn/T/pytest-of-eason/pytest-201/test_rtsp_midjoin_reconnect_cy0/master_frames/000039.png,3016,file,核对为本次camera-video测试产物；不清理其他pytest目录
可直接清理,pytest测试临时目录,/var/folders/9w/yltr8zcx3gxb3rs6lr0kxwth0000gn/T/pytest-of-eason/pytest-201/test_rtsp_midjoin_reconnect_cy0/mediamtx.log,2938,file,核对为本次camera-video测试产物；不清理其他pytest目录
可直接清理,pytest测试临时目录,/var/folders/9w/yltr8zcx3gxb3rs6lr0kxwth0000gn/T/pytest-of-eason/pytest-201/test_rtsp_midjoin_reconnect_cy0/mediamtx.yml,189,file,核对为本次camera-video测试产物；不清理其他pytest目录
可直接清理,pytest测试临时目录,/var/folders/9w/yltr8zcx3gxb3rs6lr0kxwth0000gn/T/pytest-of-eason/pytest-201/test_rtsp_midjoin_reconnect_cy0/receiver-0/received.h264,85224,file,核对为本次camera-video测试产物；不清理其他pytest目录
可直接清理,pytest测试临时目录,/var/folders/9w/yltr8zcx3gxb3rs6lr0kxwth0000gn/T/pytest-of-eason/pytest-201/test_rtsp_midjoin_reconnect_cy0/receiver-0/received.jsonl,36516,file,核对为本次camera-video测试产物；不清理其他pytest目录
可直接清理,pytest测试临时目录,/var/folders/9w/yltr8zcx3gxb3rs6lr0kxwth0000gn/T/pytest-of-eason/pytest-201/test_rtsp_midjoin_reconnect_cy0/receiver-1/received.h264,85224,file,核对为本次camera-video测试产物；不清理其他pytest目录
可直接清理,pytest测试临时目录,/var/folders/9w/yltr8zcx3gxb3rs6lr0kxwth0000gn/T/pytest-of-eason/pytest-201/test_rtsp_midjoin_reconnect_cy0/receiver-1/received.jsonl,36523,file,核对为本次camera-video测试产物；不清理其他pytest目录
可直接清理,pytest测试临时目录,/var/folders/9w/yltr8zcx3gxb3rs6lr0kxwth0000gn/T/pytest-of-eason/pytest-201/test_rtsp_midjoin_reconnect_cy0/stream/26d9cab3-efc3-4dcb-8682-cb6a3bc9d5dc.jsonl,50512,file,核对为本次camera-video测试产物；不清理其他pytest目录
可直接清理,pytest测试临时目录,/var/folders/9w/yltr8zcx3gxb3rs6lr0kxwth0000gn/T/pytest-of-eason/pytest-201/test_rtsp_midjoin_reconnect_cy0/stream/5a30b1db-097b-4c7f-ac9b-19e66debdf12.jsonl,50522,file,核对为本次camera-video测试产物；不清理其他pytest目录
可直接清理,pytest测试临时目录,/var/folders/9w/yltr8zcx3gxb3rs6lr0kxwth0000gn/T/pytest-of-eason/pytest-201/test_rtsp_midjoin_reconnect_cy0/video.mp4,67617,file,核对为本次camera-video测试产物；不清理其他pytest目录
可直接清理,pytest测试临时目录,/var/folders/9w/yltr8zcx3gxb3rs6lr0kxwth0000gn/T/pytest-of-eason/pytest-201/test_seal_rejects_csv_wrong_tu0/camera.json,339,file,核对为本次camera-video测试产物；不清理其他pytest目录
可直接清理,pytest测试临时目录,/var/folders/9w/yltr8zcx3gxb3rs6lr0kxwth0000gn/T/pytest-of-eason/pytest-201/test_seal_rejects_csv_wrong_tu0/camera_world.npy,384,file,核对为本次camera-video测试产物；不清理其他pytest目录
可直接清理,pytest测试临时目录,/var/folders/9w/yltr8zcx3gxb3rs6lr0kxwth0000gn/T/pytest-of-eason/pytest-201/test_seal_rejects_csv_wrong_tu0/checks/encoding.json,428,file,核对为本次camera-video测试产物；不清理其他pytest目录
可直接清理,pytest测试临时目录,/var/folders/9w/yltr8zcx3gxb3rs6lr0kxwth0000gn/T/pytest-of-eason/pytest-201/test_seal_rejects_csv_wrong_tu0/checks/render.json,23,file,核对为本次camera-video测试产物；不清理其他pytest目录
可直接清理,pytest测试临时目录,/var/folders/9w/yltr8zcx3gxb3rs6lr0kxwth0000gn/T/pytest-of-eason/pytest-201/test_seal_rejects_csv_wrong_tu0/checks/render_frames.json,401,file,核对为本次camera-video测试产物；不清理其他pytest目录
可直接清理,pytest测试临时目录,/var/folders/9w/yltr8zcx3gxb3rs6lr0kxwth0000gn/T/pytest-of-eason/pytest-201/test_seal_rejects_csv_wrong_tu0/data_manifest.json,4792,file,核对为本次camera-video测试产物；不清理其他pytest目录
可直接清理,pytest测试临时目录,/var/folders/9w/yltr8zcx3gxb3rs6lr0kxwth0000gn/T/pytest-of-eason/pytest-201/test_seal_rejects_csv_wrong_tu0/frame_geometry.npz,2378,file,核对为本次camera-video测试产物；不清理其他pytest目录
可直接清理,pytest测试临时目录,/var/folders/9w/yltr8zcx3gxb3rs6lr0kxwth0000gn/T/pytest-of-eason/pytest-201/test_seal_rejects_csv_wrong_tu0/frames.csv,689,file,核对为本次camera-video测试产物；不清理其他pytest目录
可直接清理,pytest测试临时目录,/var/folders/9w/yltr8zcx3gxb3rs6lr0kxwth0000gn/T/pytest-of-eason/pytest-201/test_seal_rejects_csv_wrong_tu0/master_frames/000000.png,13,file,核对为本次camera-video测试产物；不清理其他pytest目录
可直接清理,pytest测试临时目录,/var/folders/9w/yltr8zcx3gxb3rs6lr0kxwth0000gn/T/pytest-of-eason/pytest-201/test_seal_rejects_csv_wrong_tu0/master_frames/000001.png,13,file,核对为本次camera-video测试产物；不清理其他pytest目录
可直接清理,pytest测试临时目录,/var/folders/9w/yltr8zcx3gxb3rs6lr0kxwth0000gn/T/pytest-of-eason/pytest-201/test_seal_rejects_csv_wrong_tu0/render_manifest.json,2158,file,核对为本次camera-video测试产物；不清理其他pytest目录
可直接清理,pytest测试临时目录,/var/folders/9w/yltr8zcx3gxb3rs6lr0kxwth0000gn/T/pytest-of-eason/pytest-201/test_seal_rejects_csv_wrong_tu0/video.mp4,18,file,核对为本次camera-video测试产物；不清理其他pytest目录
可直接清理,pytest测试临时目录,/var/folders/9w/yltr8zcx3gxb3rs6lr0kxwth0000gn/T/pytest-of-eason/pytest-201/test_seal_rejects_declared_fra0/camera.json,339,file,核对为本次camera-video测试产物；不清理其他pytest目录
可直接清理,pytest测试临时目录,/var/folders/9w/yltr8zcx3gxb3rs6lr0kxwth0000gn/T/pytest-of-eason/pytest-201/test_seal_rejects_declared_fra0/camera_world.npy,384,file,核对为本次camera-video测试产物；不清理其他pytest目录
可直接清理,pytest测试临时目录,/var/folders/9w/yltr8zcx3gxb3rs6lr0kxwth0000gn/T/pytest-of-eason/pytest-201/test_seal_rejects_declared_fra0/checks/encoding.json,428,file,核对为本次camera-video测试产物；不清理其他pytest目录
可直接清理,pytest测试临时目录,/var/folders/9w/yltr8zcx3gxb3rs6lr0kxwth0000gn/T/pytest-of-eason/pytest-201/test_seal_rejects_declared_fra0/checks/render.json,23,file,核对为本次camera-video测试产物；不清理其他pytest目录
可直接清理,pytest测试临时目录,/var/folders/9w/yltr8zcx3gxb3rs6lr0kxwth0000gn/T/pytest-of-eason/pytest-201/test_seal_rejects_declared_fra0/checks/render_frames.json,401,file,核对为本次camera-video测试产物；不清理其他pytest目录
可直接清理,pytest测试临时目录,/var/folders/9w/yltr8zcx3gxb3rs6lr0kxwth0000gn/T/pytest-of-eason/pytest-201/test_seal_rejects_declared_fra0/data_manifest.json,4792,file,核对为本次camera-video测试产物；不清理其他pytest目录
可直接清理,pytest测试临时目录,/var/folders/9w/yltr8zcx3gxb3rs6lr0kxwth0000gn/T/pytest-of-eason/pytest-201/test_seal_rejects_declared_fra0/frame_geometry.npz,2378,file,核对为本次camera-video测试产物；不清理其他pytest目录
可直接清理,pytest测试临时目录,/var/folders/9w/yltr8zcx3gxb3rs6lr0kxwth0000gn/T/pytest-of-eason/pytest-201/test_seal_rejects_declared_fra0/frames.csv,689,file,核对为本次camera-video测试产物；不清理其他pytest目录
可直接清理,pytest测试临时目录,/var/folders/9w/yltr8zcx3gxb3rs6lr0kxwth0000gn/T/pytest-of-eason/pytest-201/test_seal_rejects_declared_fra0/master_frames/000000.png,13,file,核对为本次camera-video测试产物；不清理其他pytest目录
可直接清理,pytest测试临时目录,/var/folders/9w/yltr8zcx3gxb3rs6lr0kxwth0000gn/T/pytest-of-eason/pytest-201/test_seal_rejects_declared_fra0/master_frames/000001.png,13,file,核对为本次camera-video测试产物；不清理其他pytest目录
可直接清理,pytest测试临时目录,/var/folders/9w/yltr8zcx3gxb3rs6lr0kxwth0000gn/T/pytest-of-eason/pytest-201/test_seal_rejects_declared_fra0/render_manifest.json,2158,file,核对为本次camera-video测试产物；不清理其他pytest目录
可直接清理,pytest测试临时目录,/var/folders/9w/yltr8zcx3gxb3rs6lr0kxwth0000gn/T/pytest-of-eason/pytest-201/test_seal_rejects_declared_fra0/video.mp4,18,file,核对为本次camera-video测试产物；不清理其他pytest目录
可直接清理,pytest测试临时目录,/var/folders/9w/yltr8zcx3gxb3rs6lr0kxwth0000gn/T/pytest-of-eason/pytest-201/test_seal_rejects_render_recor0/camera.json,339,file,核对为本次camera-video测试产物；不清理其他pytest目录
可直接清理,pytest测试临时目录,/var/folders/9w/yltr8zcx3gxb3rs6lr0kxwth0000gn/T/pytest-of-eason/pytest-201/test_seal_rejects_render_recor0/camera_world.npy,384,file,核对为本次camera-video测试产物；不清理其他pytest目录
可直接清理,pytest测试临时目录,/var/folders/9w/yltr8zcx3gxb3rs6lr0kxwth0000gn/T/pytest-of-eason/pytest-201/test_seal_rejects_render_recor0/checks/encoding.json,428,file,核对为本次camera-video测试产物；不清理其他pytest目录
可直接清理,pytest测试临时目录,/var/folders/9w/yltr8zcx3gxb3rs6lr0kxwth0000gn/T/pytest-of-eason/pytest-201/test_seal_rejects_render_recor0/checks/render.json,23,file,核对为本次camera-video测试产物；不清理其他pytest目录
可直接清理,pytest测试临时目录,/var/folders/9w/yltr8zcx3gxb3rs6lr0kxwth0000gn/T/pytest-of-eason/pytest-201/test_seal_rejects_render_recor0/checks/render_frames.json,396,file,核对为本次camera-video测试产物；不清理其他pytest目录
可直接清理,pytest测试临时目录,/var/folders/9w/yltr8zcx3gxb3rs6lr0kxwth0000gn/T/pytest-of-eason/pytest-201/test_seal_rejects_render_recor0/data_manifest.json,4792,file,核对为本次camera-video测试产物；不清理其他pytest目录
可直接清理,pytest测试临时目录,/var/folders/9w/yltr8zcx3gxb3rs6lr0kxwth0000gn/T/pytest-of-eason/pytest-201/test_seal_rejects_render_recor0/frame_geometry.npz,2378,file,核对为本次camera-video测试产物；不清理其他pytest目录
可直接清理,pytest测试临时目录,/var/folders/9w/yltr8zcx3gxb3rs6lr0kxwth0000gn/T/pytest-of-eason/pytest-201/test_seal_rejects_render_recor0/frames.csv,689,file,核对为本次camera-video测试产物；不清理其他pytest目录
可直接清理,pytest测试临时目录,/var/folders/9w/yltr8zcx3gxb3rs6lr0kxwth0000gn/T/pytest-of-eason/pytest-201/test_seal_rejects_render_recor0/master_frames/000000.png,13,file,核对为本次camera-video测试产物；不清理其他pytest目录
可直接清理,pytest测试临时目录,/var/folders/9w/yltr8zcx3gxb3rs6lr0kxwth0000gn/T/pytest-of-eason/pytest-201/test_seal_rejects_render_recor0/master_frames/000001.png,13,file,核对为本次camera-video测试产物；不清理其他pytest目录
可直接清理,pytest测试临时目录,/var/folders/9w/yltr8zcx3gxb3rs6lr0kxwth0000gn/T/pytest-of-eason/pytest-201/test_seal_rejects_render_recor0/render_manifest.json,2158,file,核对为本次camera-video测试产物；不清理其他pytest目录
可直接清理,pytest测试临时目录,/var/folders/9w/yltr8zcx3gxb3rs6lr0kxwth0000gn/T/pytest-of-eason/pytest-201/test_seal_rejects_render_recor0/video.mp4,18,file,核对为本次camera-video测试产物；不清理其他pytest目录
可直接清理,pytest测试临时目录,/var/folders/9w/yltr8zcx3gxb3rs6lr0kxwth0000gn/T/pytest-of-eason/pytest-201/test_seal_rejects_render_recor1/camera.json,339,file,核对为本次camera-video测试产物；不清理其他pytest目录
可直接清理,pytest测试临时目录,/var/folders/9w/yltr8zcx3gxb3rs6lr0kxwth0000gn/T/pytest-of-eason/pytest-201/test_seal_rejects_render_recor1/camera_world.npy,384,file,核对为本次camera-video测试产物；不清理其他pytest目录
可直接清理,pytest测试临时目录,/var/folders/9w/yltr8zcx3gxb3rs6lr0kxwth0000gn/T/pytest-of-eason/pytest-201/test_seal_rejects_render_recor1/checks/encoding.json,428,file,核对为本次camera-video测试产物；不清理其他pytest目录
可直接清理,pytest测试临时目录,/var/folders/9w/yltr8zcx3gxb3rs6lr0kxwth0000gn/T/pytest-of-eason/pytest-201/test_seal_rejects_render_recor1/checks/render.json,23,file,核对为本次camera-video测试产物；不清理其他pytest目录
可直接清理,pytest测试临时目录,/var/folders/9w/yltr8zcx3gxb3rs6lr0kxwth0000gn/T/pytest-of-eason/pytest-201/test_seal_rejects_render_recor1/checks/render_frames.json,382,file,核对为本次camera-video测试产物；不清理其他pytest目录
可直接清理,pytest测试临时目录,/var/folders/9w/yltr8zcx3gxb3rs6lr0kxwth0000gn/T/pytest-of-eason/pytest-201/test_seal_rejects_render_recor1/data_manifest.json,4792,file,核对为本次camera-video测试产物；不清理其他pytest目录
可直接清理,pytest测试临时目录,/var/folders/9w/yltr8zcx3gxb3rs6lr0kxwth0000gn/T/pytest-of-eason/pytest-201/test_seal_rejects_render_recor1/frame_geometry.npz,2378,file,核对为本次camera-video测试产物；不清理其他pytest目录
可直接清理,pytest测试临时目录,/var/folders/9w/yltr8zcx3gxb3rs6lr0kxwth0000gn/T/pytest-of-eason/pytest-201/test_seal_rejects_render_recor1/frames.csv,689,file,核对为本次camera-video测试产物；不清理其他pytest目录
可直接清理,pytest测试临时目录,/var/folders/9w/yltr8zcx3gxb3rs6lr0kxwth0000gn/T/pytest-of-eason/pytest-201/test_seal_rejects_render_recor1/master_frames/000000.png,13,file,核对为本次camera-video测试产物；不清理其他pytest目录
可直接清理,pytest测试临时目录,/var/folders/9w/yltr8zcx3gxb3rs6lr0kxwth0000gn/T/pytest-of-eason/pytest-201/test_seal_rejects_render_recor1/master_frames/000001.png,13,file,核对为本次camera-video测试产物；不清理其他pytest目录
可直接清理,pytest测试临时目录,/var/folders/9w/yltr8zcx3gxb3rs6lr0kxwth0000gn/T/pytest-of-eason/pytest-201/test_seal_rejects_render_recor1/render_manifest.json,2158,file,核对为本次camera-video测试产物；不清理其他pytest目录
可直接清理,pytest测试临时目录,/var/folders/9w/yltr8zcx3gxb3rs6lr0kxwth0000gn/T/pytest-of-eason/pytest-201/test_seal_rejects_render_recor1/video.mp4,18,file,核对为本次camera-video测试产物；不清理其他pytest目录
可直接清理,pytest测试临时目录,/var/folders/9w/yltr8zcx3gxb3rs6lr0kxwth0000gn/T/pytest-of-eason/pytest-201/test_seal_rejects_source_diges0/camera.json,339,file,核对为本次camera-video测试产物；不清理其他pytest目录
可直接清理,pytest测试临时目录,/var/folders/9w/yltr8zcx3gxb3rs6lr0kxwth0000gn/T/pytest-of-eason/pytest-201/test_seal_rejects_source_diges0/camera_world.npy,384,file,核对为本次camera-video测试产物；不清理其他pytest目录
可直接清理,pytest测试临时目录,/var/folders/9w/yltr8zcx3gxb3rs6lr0kxwth0000gn/T/pytest-of-eason/pytest-201/test_seal_rejects_source_diges0/checks/encoding.json,428,file,核对为本次camera-video测试产物；不清理其他pytest目录
可直接清理,pytest测试临时目录,/var/folders/9w/yltr8zcx3gxb3rs6lr0kxwth0000gn/T/pytest-of-eason/pytest-201/test_seal_rejects_source_diges0/checks/render.json,23,file,核对为本次camera-video测试产物；不清理其他pytest目录
可直接清理,pytest测试临时目录,/var/folders/9w/yltr8zcx3gxb3rs6lr0kxwth0000gn/T/pytest-of-eason/pytest-201/test_seal_rejects_source_diges0/checks/render_frames.json,401,file,核对为本次camera-video测试产物；不清理其他pytest目录
可直接清理,pytest测试临时目录,/var/folders/9w/yltr8zcx3gxb3rs6lr0kxwth0000gn/T/pytest-of-eason/pytest-201/test_seal_rejects_source_diges0/data_manifest.json,3367,file,核对为本次camera-video测试产物；不清理其他pytest目录
可直接清理,pytest测试临时目录,/var/folders/9w/yltr8zcx3gxb3rs6lr0kxwth0000gn/T/pytest-of-eason/pytest-201/test_seal_rejects_source_diges0/frame_geometry.npz,2378,file,核对为本次camera-video测试产物；不清理其他pytest目录
可直接清理,pytest测试临时目录,/var/folders/9w/yltr8zcx3gxb3rs6lr0kxwth0000gn/T/pytest-of-eason/pytest-201/test_seal_rejects_source_diges0/frames.csv,689,file,核对为本次camera-video测试产物；不清理其他pytest目录
可直接清理,pytest测试临时目录,/var/folders/9w/yltr8zcx3gxb3rs6lr0kxwth0000gn/T/pytest-of-eason/pytest-201/test_seal_rejects_source_diges0/master_frames/000000.png,13,file,核对为本次camera-video测试产物；不清理其他pytest目录
可直接清理,pytest测试临时目录,/var/folders/9w/yltr8zcx3gxb3rs6lr0kxwth0000gn/T/pytest-of-eason/pytest-201/test_seal_rejects_source_diges0/master_frames/000001.png,13,file,核对为本次camera-video测试产物；不清理其他pytest目录
可直接清理,pytest测试临时目录,/var/folders/9w/yltr8zcx3gxb3rs6lr0kxwth0000gn/T/pytest-of-eason/pytest-201/test_seal_rejects_source_diges0/render_manifest.json,2158,file,核对为本次camera-video测试产物；不清理其他pytest目录
可直接清理,pytest测试临时目录,/var/folders/9w/yltr8zcx3gxb3rs6lr0kxwth0000gn/T/pytest-of-eason/pytest-201/test_seal_rejects_source_diges0/video.mp4,18,file,核对为本次camera-video测试产物；不清理其他pytest目录
可直接清理,pytest测试临时目录,/var/folders/9w/yltr8zcx3gxb3rs6lr0kxwth0000gn/T/pytest-of-eason/pytest-201/test_srgb_transfer_and_bt709_m0/checks/encoding.json,2150,file,核对为本次camera-video测试产物；不清理其他pytest目录
可直接清理,pytest测试临时目录,/var/folders/9w/yltr8zcx3gxb3rs6lr0kxwth0000gn/T/pytest-of-eason/pytest-201/test_srgb_transfer_and_bt709_m0/frames.csv,42,file,核对为本次camera-video测试产物；不清理其他pytest目录
可直接清理,pytest测试临时目录,/var/folders/9w/yltr8zcx3gxb3rs6lr0kxwth0000gn/T/pytest-of-eason/pytest-201/test_srgb_transfer_and_bt709_m0/master_frames/000000.png,209,file,核对为本次camera-video测试产物；不清理其他pytest目录
可直接清理,pytest测试临时目录,/var/folders/9w/yltr8zcx3gxb3rs6lr0kxwth0000gn/T/pytest-of-eason/pytest-201/test_srgb_transfer_and_bt709_m0/video.mp4,1555,file,核对为本次camera-video测试产物；不清理其他pytest目录
可直接清理,pytest测试临时目录,/var/folders/9w/yltr8zcx3gxb3rs6lr0kxwth0000gn/T/pytest-of-eason/pytest-201/test_tampered_package_rejected0/checks/encoding.json,5820,file,核对为本次camera-video测试产物；不清理其他pytest目录
可直接清理,pytest测试临时目录,/var/folders/9w/yltr8zcx3gxb3rs6lr0kxwth0000gn/T/pytest-of-eason/pytest-201/test_tampered_package_rejected0/frames.csv,8,file,核对为本次camera-video测试产物；不清理其他pytest目录
可直接清理,pytest测试临时目录,/var/folders/9w/yltr8zcx3gxb3rs6lr0kxwth0000gn/T/pytest-of-eason/pytest-201/test_tampered_package_rejected0/manifest.json,241,file,核对为本次camera-video测试产物；不清理其他pytest目录
可直接清理,pytest测试临时目录,/var/folders/9w/yltr8zcx3gxb3rs6lr0kxwth0000gn/T/pytest-of-eason/pytest-201/test_tampered_package_rejected0/master_frames/000000.png,3008,file,核对为本次camera-video测试产物；不清理其他pytest目录
可直接清理,pytest测试临时目录,/var/folders/9w/yltr8zcx3gxb3rs6lr0kxwth0000gn/T/pytest-of-eason/pytest-201/test_tampered_package_rejected0/master_frames/000001.png,3095,file,核对为本次camera-video测试产物；不清理其他pytest目录
可直接清理,pytest测试临时目录,/var/folders/9w/yltr8zcx3gxb3rs6lr0kxwth0000gn/T/pytest-of-eason/pytest-201/test_tampered_package_rejected0/master_frames/000002.png,3039,file,核对为本次camera-video测试产物；不清理其他pytest目录
可直接清理,pytest测试临时目录,/var/folders/9w/yltr8zcx3gxb3rs6lr0kxwth0000gn/T/pytest-of-eason/pytest-201/test_tampered_package_rejected0/master_frames/000003.png,3110,file,核对为本次camera-video测试产物；不清理其他pytest目录
可直接清理,pytest测试临时目录,/var/folders/9w/yltr8zcx3gxb3rs6lr0kxwth0000gn/T/pytest-of-eason/pytest-201/test_tampered_package_rejected0/master_frames/000004.png,3049,file,核对为本次camera-video测试产物；不清理其他pytest目录
可直接清理,pytest测试临时目录,/var/folders/9w/yltr8zcx3gxb3rs6lr0kxwth0000gn/T/pytest-of-eason/pytest-201/test_tampered_package_rejected0/master_frames/000005.png,3002,file,核对为本次camera-video测试产物；不清理其他pytest目录
可直接清理,pytest测试临时目录,/var/folders/9w/yltr8zcx3gxb3rs6lr0kxwth0000gn/T/pytest-of-eason/pytest-201/test_tampered_package_rejected0/master_frames/000006.png,3116,file,核对为本次camera-video测试产物；不清理其他pytest目录
可直接清理,pytest测试临时目录,/var/folders/9w/yltr8zcx3gxb3rs6lr0kxwth0000gn/T/pytest-of-eason/pytest-201/test_tampered_package_rejected0/master_frames/000007.png,3051,file,核对为本次camera-video测试产物；不清理其他pytest目录
可直接清理,pytest测试临时目录,/var/folders/9w/yltr8zcx3gxb3rs6lr0kxwth0000gn/T/pytest-of-eason/pytest-201/test_tampered_package_rejected0/master_frames/000008.png,2970,file,核对为本次camera-video测试产物；不清理其他pytest目录
可直接清理,pytest测试临时目录,/var/folders/9w/yltr8zcx3gxb3rs6lr0kxwth0000gn/T/pytest-of-eason/pytest-201/test_tampered_package_rejected0/master_frames/000009.png,3060,file,核对为本次camera-video测试产物；不清理其他pytest目录
可直接清理,pytest测试临时目录,/var/folders/9w/yltr8zcx3gxb3rs6lr0kxwth0000gn/T/pytest-of-eason/pytest-201/test_tampered_package_rejected0/master_frames/000010.png,3067,file,核对为本次camera-video测试产物；不清理其他pytest目录
可直接清理,pytest测试临时目录,/var/folders/9w/yltr8zcx3gxb3rs6lr0kxwth0000gn/T/pytest-of-eason/pytest-201/test_tampered_package_rejected0/master_frames/000011.png,3063,file,核对为本次camera-video测试产物；不清理其他pytest目录
可直接清理,pytest测试临时目录,/var/folders/9w/yltr8zcx3gxb3rs6lr0kxwth0000gn/T/pytest-of-eason/pytest-201/test_tampered_package_rejected0/master_frames/000012.png,3036,file,核对为本次camera-video测试产物；不清理其他pytest目录
可直接清理,pytest测试临时目录,/var/folders/9w/yltr8zcx3gxb3rs6lr0kxwth0000gn/T/pytest-of-eason/pytest-201/test_tampered_package_rejected0/master_frames/000013.png,3072,file,核对为本次camera-video测试产物；不清理其他pytest目录
可直接清理,pytest测试临时目录,/var/folders/9w/yltr8zcx3gxb3rs6lr0kxwth0000gn/T/pytest-of-eason/pytest-201/test_tampered_package_rejected0/master_frames/000014.png,3014,file,核对为本次camera-video测试产物；不清理其他pytest目录
可直接清理,pytest测试临时目录,/var/folders/9w/yltr8zcx3gxb3rs6lr0kxwth0000gn/T/pytest-of-eason/pytest-201/test_tampered_package_rejected0/master_frames/000015.png,3029,file,核对为本次camera-video测试产物；不清理其他pytest目录
可直接清理,pytest测试临时目录,/var/folders/9w/yltr8zcx3gxb3rs6lr0kxwth0000gn/T/pytest-of-eason/pytest-201/test_tampered_package_rejected0/master_frames/000016.png,3053,file,核对为本次camera-video测试产物；不清理其他pytest目录
可直接清理,pytest测试临时目录,/var/folders/9w/yltr8zcx3gxb3rs6lr0kxwth0000gn/T/pytest-of-eason/pytest-201/test_tampered_package_rejected0/master_frames/000017.png,3052,file,核对为本次camera-video测试产物；不清理其他pytest目录
可直接清理,pytest测试临时目录,/var/folders/9w/yltr8zcx3gxb3rs6lr0kxwth0000gn/T/pytest-of-eason/pytest-201/test_tampered_package_rejected0/master_frames/000018.png,3045,file,核对为本次camera-video测试产物；不清理其他pytest目录
可直接清理,pytest测试临时目录,/var/folders/9w/yltr8zcx3gxb3rs6lr0kxwth0000gn/T/pytest-of-eason/pytest-201/test_tampered_package_rejected0/master_frames/000019.png,3076,file,核对为本次camera-video测试产物；不清理其他pytest目录
可直接清理,pytest测试临时目录,/var/folders/9w/yltr8zcx3gxb3rs6lr0kxwth0000gn/T/pytest-of-eason/pytest-201/test_tampered_package_rejected0/master_frames/000020.png,2992,file,核对为本次camera-video测试产物；不清理其他pytest目录
可直接清理,pytest测试临时目录,/var/folders/9w/yltr8zcx3gxb3rs6lr0kxwth0000gn/T/pytest-of-eason/pytest-201/test_tampered_package_rejected0/master_frames/000021.png,3000,file,核对为本次camera-video测试产物；不清理其他pytest目录
可直接清理,pytest测试临时目录,/var/folders/9w/yltr8zcx3gxb3rs6lr0kxwth0000gn/T/pytest-of-eason/pytest-201/test_tampered_package_rejected0/master_frames/000022.png,2987,file,核对为本次camera-video测试产物；不清理其他pytest目录
可直接清理,pytest测试临时目录,/var/folders/9w/yltr8zcx3gxb3rs6lr0kxwth0000gn/T/pytest-of-eason/pytest-201/test_tampered_package_rejected0/master_frames/000023.png,3062,file,核对为本次camera-video测试产物；不清理其他pytest目录
可直接清理,pytest测试临时目录,/var/folders/9w/yltr8zcx3gxb3rs6lr0kxwth0000gn/T/pytest-of-eason/pytest-201/test_tampered_package_rejected0/master_frames/000024.png,2980,file,核对为本次camera-video测试产物；不清理其他pytest目录
可直接清理,pytest测试临时目录,/var/folders/9w/yltr8zcx3gxb3rs6lr0kxwth0000gn/T/pytest-of-eason/pytest-201/test_tampered_package_rejected0/master_frames/000025.png,3008,file,核对为本次camera-video测试产物；不清理其他pytest目录
可直接清理,pytest测试临时目录,/var/folders/9w/yltr8zcx3gxb3rs6lr0kxwth0000gn/T/pytest-of-eason/pytest-201/test_tampered_package_rejected0/master_frames/000026.png,2984,file,核对为本次camera-video测试产物；不清理其他pytest目录
可直接清理,pytest测试临时目录,/var/folders/9w/yltr8zcx3gxb3rs6lr0kxwth0000gn/T/pytest-of-eason/pytest-201/test_tampered_package_rejected0/master_frames/000027.png,2938,file,核对为本次camera-video测试产物；不清理其他pytest目录
可直接清理,pytest测试临时目录,/var/folders/9w/yltr8zcx3gxb3rs6lr0kxwth0000gn/T/pytest-of-eason/pytest-201/test_tampered_package_rejected0/master_frames/000028.png,2955,file,核对为本次camera-video测试产物；不清理其他pytest目录
可直接清理,pytest测试临时目录,/var/folders/9w/yltr8zcx3gxb3rs6lr0kxwth0000gn/T/pytest-of-eason/pytest-201/test_tampered_package_rejected0/master_frames/000029.png,2985,file,核对为本次camera-video测试产物；不清理其他pytest目录
可直接清理,pytest测试临时目录,/var/folders/9w/yltr8zcx3gxb3rs6lr0kxwth0000gn/T/pytest-of-eason/pytest-201/test_tampered_package_rejected0/master_frames/000030.png,2945,file,核对为本次camera-video测试产物；不清理其他pytest目录
可直接清理,pytest测试临时目录,/var/folders/9w/yltr8zcx3gxb3rs6lr0kxwth0000gn/T/pytest-of-eason/pytest-201/test_tampered_package_rejected0/master_frames/000031.png,2935,file,核对为本次camera-video测试产物；不清理其他pytest目录
可直接清理,pytest测试临时目录,/var/folders/9w/yltr8zcx3gxb3rs6lr0kxwth0000gn/T/pytest-of-eason/pytest-201/test_tampered_package_rejected0/master_frames/000032.png,2970,file,核对为本次camera-video测试产物；不清理其他pytest目录
可直接清理,pytest测试临时目录,/var/folders/9w/yltr8zcx3gxb3rs6lr0kxwth0000gn/T/pytest-of-eason/pytest-201/test_tampered_package_rejected0/master_frames/000033.png,2983,file,核对为本次camera-video测试产物；不清理其他pytest目录
可直接清理,pytest测试临时目录,/var/folders/9w/yltr8zcx3gxb3rs6lr0kxwth0000gn/T/pytest-of-eason/pytest-201/test_tampered_package_rejected0/master_frames/000034.png,2969,file,核对为本次camera-video测试产物；不清理其他pytest目录
可直接清理,pytest测试临时目录,/var/folders/9w/yltr8zcx3gxb3rs6lr0kxwth0000gn/T/pytest-of-eason/pytest-201/test_tampered_package_rejected0/master_frames/000035.png,2929,file,核对为本次camera-video测试产物；不清理其他pytest目录
可直接清理,pytest测试临时目录,/var/folders/9w/yltr8zcx3gxb3rs6lr0kxwth0000gn/T/pytest-of-eason/pytest-201/test_tampered_package_rejected0/master_frames/000036.png,2986,file,核对为本次camera-video测试产物；不清理其他pytest目录
可直接清理,pytest测试临时目录,/var/folders/9w/yltr8zcx3gxb3rs6lr0kxwth0000gn/T/pytest-of-eason/pytest-201/test_tampered_package_rejected0/master_frames/000037.png,2993,file,核对为本次camera-video测试产物；不清理其他pytest目录
可直接清理,pytest测试临时目录,/var/folders/9w/yltr8zcx3gxb3rs6lr0kxwth0000gn/T/pytest-of-eason/pytest-201/test_tampered_package_rejected0/master_frames/000038.png,3008,file,核对为本次camera-video测试产物；不清理其他pytest目录
可直接清理,pytest测试临时目录,/var/folders/9w/yltr8zcx3gxb3rs6lr0kxwth0000gn/T/pytest-of-eason/pytest-201/test_tampered_package_rejected0/master_frames/000039.png,3016,file,核对为本次camera-video测试产物；不清理其他pytest目录
可直接清理,pytest测试临时目录,/var/folders/9w/yltr8zcx3gxb3rs6lr0kxwth0000gn/T/pytest-of-eason/pytest-201/test_tampered_package_rejected0/video.mp4,67617,file,核对为本次camera-video测试产物；不清理其他pytest目录
可直接清理,pytest测试临时目录,/var/folders/9w/yltr8zcx3gxb3rs6lr0kxwth0000gn/T/pytest-of-eason/pytest-201/test_unowned_partial_data_is_n0/frames.csv,13,file,核对为本次camera-video测试产物；不清理其他pytest目录
可直接清理,pytest测试临时目录,/var/folders/9w/yltr8zcx3gxb3rs6lr0kxwth0000gn/T/pytest-of-eason/pytest-201/test_verify_rejects_manifest_i0/camera.json,339,file,核对为本次camera-video测试产物；不清理其他pytest目录
可直接清理,pytest测试临时目录,/var/folders/9w/yltr8zcx3gxb3rs6lr0kxwth0000gn/T/pytest-of-eason/pytest-201/test_verify_rejects_manifest_i0/camera_world.npy,384,file,核对为本次camera-video测试产物；不清理其他pytest目录
可直接清理,pytest测试临时目录,/var/folders/9w/yltr8zcx3gxb3rs6lr0kxwth0000gn/T/pytest-of-eason/pytest-201/test_verify_rejects_manifest_i0/checks/encoding.json,428,file,核对为本次camera-video测试产物；不清理其他pytest目录
可直接清理,pytest测试临时目录,/var/folders/9w/yltr8zcx3gxb3rs6lr0kxwth0000gn/T/pytest-of-eason/pytest-201/test_verify_rejects_manifest_i0/checks/render.json,23,file,核对为本次camera-video测试产物；不清理其他pytest目录
可直接清理,pytest测试临时目录,/var/folders/9w/yltr8zcx3gxb3rs6lr0kxwth0000gn/T/pytest-of-eason/pytest-201/test_verify_rejects_manifest_i0/checks/render_frames.json,401,file,核对为本次camera-video测试产物；不清理其他pytest目录
可直接清理,pytest测试临时目录,/var/folders/9w/yltr8zcx3gxb3rs6lr0kxwth0000gn/T/pytest-of-eason/pytest-201/test_verify_rejects_manifest_i0/data_manifest.json,4792,file,核对为本次camera-video测试产物；不清理其他pytest目录
可直接清理,pytest测试临时目录,/var/folders/9w/yltr8zcx3gxb3rs6lr0kxwth0000gn/T/pytest-of-eason/pytest-201/test_verify_rejects_manifest_i0/frame_geometry.npz,2378,file,核对为本次camera-video测试产物；不清理其他pytest目录
可直接清理,pytest测试临时目录,/var/folders/9w/yltr8zcx3gxb3rs6lr0kxwth0000gn/T/pytest-of-eason/pytest-201/test_verify_rejects_manifest_i0/frames.csv,689,file,核对为本次camera-video测试产物；不清理其他pytest目录
可直接清理,pytest测试临时目录,/var/folders/9w/yltr8zcx3gxb3rs6lr0kxwth0000gn/T/pytest-of-eason/pytest-201/test_verify_rejects_manifest_i0/manifest.json,9878,file,核对为本次camera-video测试产物；不清理其他pytest目录
可直接清理,pytest测试临时目录,/var/folders/9w/yltr8zcx3gxb3rs6lr0kxwth0000gn/T/pytest-of-eason/pytest-201/test_verify_rejects_manifest_i0/master_frames/000000.png,13,file,核对为本次camera-video测试产物；不清理其他pytest目录
可直接清理,pytest测试临时目录,/var/folders/9w/yltr8zcx3gxb3rs6lr0kxwth0000gn/T/pytest-of-eason/pytest-201/test_verify_rejects_manifest_i0/master_frames/000001.png,13,file,核对为本次camera-video测试产物；不清理其他pytest目录
可直接清理,pytest测试临时目录,/var/folders/9w/yltr8zcx3gxb3rs6lr0kxwth0000gn/T/pytest-of-eason/pytest-201/test_verify_rejects_manifest_i0/render_manifest.json,2158,file,核对为本次camera-video测试产物；不清理其他pytest目录
可直接清理,pytest测试临时目录,/var/folders/9w/yltr8zcx3gxb3rs6lr0kxwth0000gn/T/pytest-of-eason/pytest-201/test_verify_rejects_manifest_i0/video.mp4,18,file,核对为本次camera-video测试产物；不清理其他pytest目录
可直接清理,pytest测试临时目录,/var/folders/9w/yltr8zcx3gxb3rs6lr0kxwth0000gn/T/pytest-of-eason/pytest-201/test_verify_rejects_manifest_i1/camera.json,339,file,核对为本次camera-video测试产物；不清理其他pytest目录
可直接清理,pytest测试临时目录,/var/folders/9w/yltr8zcx3gxb3rs6lr0kxwth0000gn/T/pytest-of-eason/pytest-201/test_verify_rejects_manifest_i1/camera_world.npy,384,file,核对为本次camera-video测试产物；不清理其他pytest目录
可直接清理,pytest测试临时目录,/var/folders/9w/yltr8zcx3gxb3rs6lr0kxwth0000gn/T/pytest-of-eason/pytest-201/test_verify_rejects_manifest_i1/checks/encoding.json,428,file,核对为本次camera-video测试产物；不清理其他pytest目录
可直接清理,pytest测试临时目录,/var/folders/9w/yltr8zcx3gxb3rs6lr0kxwth0000gn/T/pytest-of-eason/pytest-201/test_verify_rejects_manifest_i1/checks/render.json,23,file,核对为本次camera-video测试产物；不清理其他pytest目录
可直接清理,pytest测试临时目录,/var/folders/9w/yltr8zcx3gxb3rs6lr0kxwth0000gn/T/pytest-of-eason/pytest-201/test_verify_rejects_manifest_i1/checks/render_frames.json,401,file,核对为本次camera-video测试产物；不清理其他pytest目录
可直接清理,pytest测试临时目录,/var/folders/9w/yltr8zcx3gxb3rs6lr0kxwth0000gn/T/pytest-of-eason/pytest-201/test_verify_rejects_manifest_i1/data_manifest.json,4792,file,核对为本次camera-video测试产物；不清理其他pytest目录
可直接清理,pytest测试临时目录,/var/folders/9w/yltr8zcx3gxb3rs6lr0kxwth0000gn/T/pytest-of-eason/pytest-201/test_verify_rejects_manifest_i1/frame_geometry.npz,2378,file,核对为本次camera-video测试产物；不清理其他pytest目录
可直接清理,pytest测试临时目录,/var/folders/9w/yltr8zcx3gxb3rs6lr0kxwth0000gn/T/pytest-of-eason/pytest-201/test_verify_rejects_manifest_i1/frames.csv,689,file,核对为本次camera-video测试产物；不清理其他pytest目录
可直接清理,pytest测试临时目录,/var/folders/9w/yltr8zcx3gxb3rs6lr0kxwth0000gn/T/pytest-of-eason/pytest-201/test_verify_rejects_manifest_i1/manifest.json,9875,file,核对为本次camera-video测试产物；不清理其他pytest目录
可直接清理,pytest测试临时目录,/var/folders/9w/yltr8zcx3gxb3rs6lr0kxwth0000gn/T/pytest-of-eason/pytest-201/test_verify_rejects_manifest_i1/master_frames/000000.png,13,file,核对为本次camera-video测试产物；不清理其他pytest目录
可直接清理,pytest测试临时目录,/var/folders/9w/yltr8zcx3gxb3rs6lr0kxwth0000gn/T/pytest-of-eason/pytest-201/test_verify_rejects_manifest_i1/master_frames/000001.png,13,file,核对为本次camera-video测试产物；不清理其他pytest目录
可直接清理,pytest测试临时目录,/var/folders/9w/yltr8zcx3gxb3rs6lr0kxwth0000gn/T/pytest-of-eason/pytest-201/test_verify_rejects_manifest_i1/render_manifest.json,2158,file,核对为本次camera-video测试产物；不清理其他pytest目录
可直接清理,pytest测试临时目录,/var/folders/9w/yltr8zcx3gxb3rs6lr0kxwth0000gn/T/pytest-of-eason/pytest-201/test_verify_rejects_manifest_i1/video.mp4,18,file,核对为本次camera-video测试产物；不清理其他pytest目录
可直接清理,pytest测试临时目录,/var/folders/9w/yltr8zcx3gxb3rs6lr0kxwth0000gn/T/pytest-of-eason/pytest-201/test_verify_rejects_manifest_i2/camera.json,339,file,核对为本次camera-video测试产物；不清理其他pytest目录
可直接清理,pytest测试临时目录,/var/folders/9w/yltr8zcx3gxb3rs6lr0kxwth0000gn/T/pytest-of-eason/pytest-201/test_verify_rejects_manifest_i2/camera_world.npy,384,file,核对为本次camera-video测试产物；不清理其他pytest目录
可直接清理,pytest测试临时目录,/var/folders/9w/yltr8zcx3gxb3rs6lr0kxwth0000gn/T/pytest-of-eason/pytest-201/test_verify_rejects_manifest_i2/checks/encoding.json,428,file,核对为本次camera-video测试产物；不清理其他pytest目录
可直接清理,pytest测试临时目录,/var/folders/9w/yltr8zcx3gxb3rs6lr0kxwth0000gn/T/pytest-of-eason/pytest-201/test_verify_rejects_manifest_i2/checks/render.json,23,file,核对为本次camera-video测试产物；不清理其他pytest目录
可直接清理,pytest测试临时目录,/var/folders/9w/yltr8zcx3gxb3rs6lr0kxwth0000gn/T/pytest-of-eason/pytest-201/test_verify_rejects_manifest_i2/checks/render_frames.json,401,file,核对为本次camera-video测试产物；不清理其他pytest目录
可直接清理,pytest测试临时目录,/var/folders/9w/yltr8zcx3gxb3rs6lr0kxwth0000gn/T/pytest-of-eason/pytest-201/test_verify_rejects_manifest_i2/data_manifest.json,4792,file,核对为本次camera-video测试产物；不清理其他pytest目录
可直接清理,pytest测试临时目录,/var/folders/9w/yltr8zcx3gxb3rs6lr0kxwth0000gn/T/pytest-of-eason/pytest-201/test_verify_rejects_manifest_i2/frame_geometry.npz,2378,file,核对为本次camera-video测试产物；不清理其他pytest目录
可直接清理,pytest测试临时目录,/var/folders/9w/yltr8zcx3gxb3rs6lr0kxwth0000gn/T/pytest-of-eason/pytest-201/test_verify_rejects_manifest_i2/frames.csv,689,file,核对为本次camera-video测试产物；不清理其他pytest目录
可直接清理,pytest测试临时目录,/var/folders/9w/yltr8zcx3gxb3rs6lr0kxwth0000gn/T/pytest-of-eason/pytest-201/test_verify_rejects_manifest_i2/manifest.json,9874,file,核对为本次camera-video测试产物；不清理其他pytest目录
可直接清理,pytest测试临时目录,/var/folders/9w/yltr8zcx3gxb3rs6lr0kxwth0000gn/T/pytest-of-eason/pytest-201/test_verify_rejects_manifest_i2/master_frames/000000.png,13,file,核对为本次camera-video测试产物；不清理其他pytest目录
可直接清理,pytest测试临时目录,/var/folders/9w/yltr8zcx3gxb3rs6lr0kxwth0000gn/T/pytest-of-eason/pytest-201/test_verify_rejects_manifest_i2/master_frames/000001.png,13,file,核对为本次camera-video测试产物；不清理其他pytest目录
可直接清理,pytest测试临时目录,/var/folders/9w/yltr8zcx3gxb3rs6lr0kxwth0000gn/T/pytest-of-eason/pytest-201/test_verify_rejects_manifest_i2/render_manifest.json,2158,file,核对为本次camera-video测试产物；不清理其他pytest目录
可直接清理,pytest测试临时目录,/var/folders/9w/yltr8zcx3gxb3rs6lr0kxwth0000gn/T/pytest-of-eason/pytest-201/test_verify_rejects_manifest_i2/video.mp4,18,file,核对为本次camera-video测试产物；不清理其他pytest目录
可直接清理,pytest测试临时目录,/var/folders/9w/yltr8zcx3gxb3rs6lr0kxwth0000gn/T/pytest-of-eason/pytest-201/test_verify_rejects_manifest_i3/camera.json,339,file,核对为本次camera-video测试产物；不清理其他pytest目录
可直接清理,pytest测试临时目录,/var/folders/9w/yltr8zcx3gxb3rs6lr0kxwth0000gn/T/pytest-of-eason/pytest-201/test_verify_rejects_manifest_i3/camera_world.npy,384,file,核对为本次camera-video测试产物；不清理其他pytest目录
可直接清理,pytest测试临时目录,/var/folders/9w/yltr8zcx3gxb3rs6lr0kxwth0000gn/T/pytest-of-eason/pytest-201/test_verify_rejects_manifest_i3/checks/encoding.json,428,file,核对为本次camera-video测试产物；不清理其他pytest目录
可直接清理,pytest测试临时目录,/var/folders/9w/yltr8zcx3gxb3rs6lr0kxwth0000gn/T/pytest-of-eason/pytest-201/test_verify_rejects_manifest_i3/checks/render.json,23,file,核对为本次camera-video测试产物；不清理其他pytest目录
可直接清理,pytest测试临时目录,/var/folders/9w/yltr8zcx3gxb3rs6lr0kxwth0000gn/T/pytest-of-eason/pytest-201/test_verify_rejects_manifest_i3/checks/render_frames.json,401,file,核对为本次camera-video测试产物；不清理其他pytest目录
可直接清理,pytest测试临时目录,/var/folders/9w/yltr8zcx3gxb3rs6lr0kxwth0000gn/T/pytest-of-eason/pytest-201/test_verify_rejects_manifest_i3/data_manifest.json,4792,file,核对为本次camera-video测试产物；不清理其他pytest目录
可直接清理,pytest测试临时目录,/var/folders/9w/yltr8zcx3gxb3rs6lr0kxwth0000gn/T/pytest-of-eason/pytest-201/test_verify_rejects_manifest_i3/frame_geometry.npz,2378,file,核对为本次camera-video测试产物；不清理其他pytest目录
可直接清理,pytest测试临时目录,/var/folders/9w/yltr8zcx3gxb3rs6lr0kxwth0000gn/T/pytest-of-eason/pytest-201/test_verify_rejects_manifest_i3/frames.csv,689,file,核对为本次camera-video测试产物；不清理其他pytest目录
可直接清理,pytest测试临时目录,/var/folders/9w/yltr8zcx3gxb3rs6lr0kxwth0000gn/T/pytest-of-eason/pytest-201/test_verify_rejects_manifest_i3/manifest.json,9878,file,核对为本次camera-video测试产物；不清理其他pytest目录
可直接清理,pytest测试临时目录,/var/folders/9w/yltr8zcx3gxb3rs6lr0kxwth0000gn/T/pytest-of-eason/pytest-201/test_verify_rejects_manifest_i3/master_frames/000000.png,13,file,核对为本次camera-video测试产物；不清理其他pytest目录
可直接清理,pytest测试临时目录,/var/folders/9w/yltr8zcx3gxb3rs6lr0kxwth0000gn/T/pytest-of-eason/pytest-201/test_verify_rejects_manifest_i3/master_frames/000001.png,13,file,核对为本次camera-video测试产物；不清理其他pytest目录
可直接清理,pytest测试临时目录,/var/folders/9w/yltr8zcx3gxb3rs6lr0kxwth0000gn/T/pytest-of-eason/pytest-201/test_verify_rejects_manifest_i3/render_manifest.json,2158,file,核对为本次camera-video测试产物；不清理其他pytest目录
可直接清理,pytest测试临时目录,/var/folders/9w/yltr8zcx3gxb3rs6lr0kxwth0000gn/T/pytest-of-eason/pytest-201/test_verify_rejects_manifest_i3/video.mp4,18,file,核对为本次camera-video测试产物；不清理其他pytest目录
可直接清理,pytest测试临时目录,/var/folders/9w/yltr8zcx3gxb3rs6lr0kxwth0000gn/T/pytest-of-eason/pytest-201/test_verify_rejects_manifest_i4/camera.json,339,file,核对为本次camera-video测试产物；不清理其他pytest目录
可直接清理,pytest测试临时目录,/var/folders/9w/yltr8zcx3gxb3rs6lr0kxwth0000gn/T/pytest-of-eason/pytest-201/test_verify_rejects_manifest_i4/camera_world.npy,384,file,核对为本次camera-video测试产物；不清理其他pytest目录
可直接清理,pytest测试临时目录,/var/folders/9w/yltr8zcx3gxb3rs6lr0kxwth0000gn/T/pytest-of-eason/pytest-201/test_verify_rejects_manifest_i4/checks/encoding.json,428,file,核对为本次camera-video测试产物；不清理其他pytest目录
可直接清理,pytest测试临时目录,/var/folders/9w/yltr8zcx3gxb3rs6lr0kxwth0000gn/T/pytest-of-eason/pytest-201/test_verify_rejects_manifest_i4/checks/render.json,23,file,核对为本次camera-video测试产物；不清理其他pytest目录
可直接清理,pytest测试临时目录,/var/folders/9w/yltr8zcx3gxb3rs6lr0kxwth0000gn/T/pytest-of-eason/pytest-201/test_verify_rejects_manifest_i4/checks/render_frames.json,401,file,核对为本次camera-video测试产物；不清理其他pytest目录
可直接清理,pytest测试临时目录,/var/folders/9w/yltr8zcx3gxb3rs6lr0kxwth0000gn/T/pytest-of-eason/pytest-201/test_verify_rejects_manifest_i4/data_manifest.json,4792,file,核对为本次camera-video测试产物；不清理其他pytest目录
可直接清理,pytest测试临时目录,/var/folders/9w/yltr8zcx3gxb3rs6lr0kxwth0000gn/T/pytest-of-eason/pytest-201/test_verify_rejects_manifest_i4/frame_geometry.npz,2378,file,核对为本次camera-video测试产物；不清理其他pytest目录
可直接清理,pytest测试临时目录,/var/folders/9w/yltr8zcx3gxb3rs6lr0kxwth0000gn/T/pytest-of-eason/pytest-201/test_verify_rejects_manifest_i4/frames.csv,689,file,核对为本次camera-video测试产物；不清理其他pytest目录
可直接清理,pytest测试临时目录,/var/folders/9w/yltr8zcx3gxb3rs6lr0kxwth0000gn/T/pytest-of-eason/pytest-201/test_verify_rejects_manifest_i4/manifest.json,9870,file,核对为本次camera-video测试产物；不清理其他pytest目录
可直接清理,pytest测试临时目录,/var/folders/9w/yltr8zcx3gxb3rs6lr0kxwth0000gn/T/pytest-of-eason/pytest-201/test_verify_rejects_manifest_i4/master_frames/000000.png,13,file,核对为本次camera-video测试产物；不清理其他pytest目录
可直接清理,pytest测试临时目录,/var/folders/9w/yltr8zcx3gxb3rs6lr0kxwth0000gn/T/pytest-of-eason/pytest-201/test_verify_rejects_manifest_i4/master_frames/000001.png,13,file,核对为本次camera-video测试产物；不清理其他pytest目录
可直接清理,pytest测试临时目录,/var/folders/9w/yltr8zcx3gxb3rs6lr0kxwth0000gn/T/pytest-of-eason/pytest-201/test_verify_rejects_manifest_i4/render_manifest.json,2158,file,核对为本次camera-video测试产物；不清理其他pytest目录
可直接清理,pytest测试临时目录,/var/folders/9w/yltr8zcx3gxb3rs6lr0kxwth0000gn/T/pytest-of-eason/pytest-201/test_verify_rejects_manifest_i4/video.mp4,18,file,核对为本次camera-video测试产物；不清理其他pytest目录
可直接清理,pytest测试临时目录,/var/folders/9w/yltr8zcx3gxb3rs6lr0kxwth0000gn/T/pytest-of-eason/pytest-200/test_decoded_cfr_pts_and_acces0/checks/encoding.json,5820,file,核对为本次camera-video测试产物；不清理其他pytest目录
可直接清理,pytest测试临时目录,/var/folders/9w/yltr8zcx3gxb3rs6lr0kxwth0000gn/T/pytest-of-eason/pytest-200/test_decoded_cfr_pts_and_acces0/frames.csv,611,file,核对为本次camera-video测试产物；不清理其他pytest目录
可直接清理,pytest测试临时目录,/var/folders/9w/yltr8zcx3gxb3rs6lr0kxwth0000gn/T/pytest-of-eason/pytest-200/test_decoded_cfr_pts_and_acces0/manifest.json,241,file,核对为本次camera-video测试产物；不清理其他pytest目录
可直接清理,pytest测试临时目录,/var/folders/9w/yltr8zcx3gxb3rs6lr0kxwth0000gn/T/pytest-of-eason/pytest-200/test_decoded_cfr_pts_and_acces0/master_frames/000000.png,3008,file,核对为本次camera-video测试产物；不清理其他pytest目录
可直接清理,pytest测试临时目录,/var/folders/9w/yltr8zcx3gxb3rs6lr0kxwth0000gn/T/pytest-of-eason/pytest-200/test_decoded_cfr_pts_and_acces0/master_frames/000001.png,3095,file,核对为本次camera-video测试产物；不清理其他pytest目录
可直接清理,pytest测试临时目录,/var/folders/9w/yltr8zcx3gxb3rs6lr0kxwth0000gn/T/pytest-of-eason/pytest-200/test_decoded_cfr_pts_and_acces0/master_frames/000002.png,3039,file,核对为本次camera-video测试产物；不清理其他pytest目录
可直接清理,pytest测试临时目录,/var/folders/9w/yltr8zcx3gxb3rs6lr0kxwth0000gn/T/pytest-of-eason/pytest-200/test_decoded_cfr_pts_and_acces0/master_frames/000003.png,3110,file,核对为本次camera-video测试产物；不清理其他pytest目录
可直接清理,pytest测试临时目录,/var/folders/9w/yltr8zcx3gxb3rs6lr0kxwth0000gn/T/pytest-of-eason/pytest-200/test_decoded_cfr_pts_and_acces0/master_frames/000004.png,3049,file,核对为本次camera-video测试产物；不清理其他pytest目录
可直接清理,pytest测试临时目录,/var/folders/9w/yltr8zcx3gxb3rs6lr0kxwth0000gn/T/pytest-of-eason/pytest-200/test_decoded_cfr_pts_and_acces0/master_frames/000005.png,3002,file,核对为本次camera-video测试产物；不清理其他pytest目录
可直接清理,pytest测试临时目录,/var/folders/9w/yltr8zcx3gxb3rs6lr0kxwth0000gn/T/pytest-of-eason/pytest-200/test_decoded_cfr_pts_and_acces0/master_frames/000006.png,3116,file,核对为本次camera-video测试产物；不清理其他pytest目录
可直接清理,pytest测试临时目录,/var/folders/9w/yltr8zcx3gxb3rs6lr0kxwth0000gn/T/pytest-of-eason/pytest-200/test_decoded_cfr_pts_and_acces0/master_frames/000007.png,3051,file,核对为本次camera-video测试产物；不清理其他pytest目录
可直接清理,pytest测试临时目录,/var/folders/9w/yltr8zcx3gxb3rs6lr0kxwth0000gn/T/pytest-of-eason/pytest-200/test_decoded_cfr_pts_and_acces0/master_frames/000008.png,2970,file,核对为本次camera-video测试产物；不清理其他pytest目录
可直接清理,pytest测试临时目录,/var/folders/9w/yltr8zcx3gxb3rs6lr0kxwth0000gn/T/pytest-of-eason/pytest-200/test_decoded_cfr_pts_and_acces0/master_frames/000009.png,3060,file,核对为本次camera-video测试产物；不清理其他pytest目录
可直接清理,pytest测试临时目录,/var/folders/9w/yltr8zcx3gxb3rs6lr0kxwth0000gn/T/pytest-of-eason/pytest-200/test_decoded_cfr_pts_and_acces0/master_frames/000010.png,3067,file,核对为本次camera-video测试产物；不清理其他pytest目录
可直接清理,pytest测试临时目录,/var/folders/9w/yltr8zcx3gxb3rs6lr0kxwth0000gn/T/pytest-of-eason/pytest-200/test_decoded_cfr_pts_and_acces0/master_frames/000011.png,3063,file,核对为本次camera-video测试产物；不清理其他pytest目录
可直接清理,pytest测试临时目录,/var/folders/9w/yltr8zcx3gxb3rs6lr0kxwth0000gn/T/pytest-of-eason/pytest-200/test_decoded_cfr_pts_and_acces0/master_frames/000012.png,3036,file,核对为本次camera-video测试产物；不清理其他pytest目录
可直接清理,pytest测试临时目录,/var/folders/9w/yltr8zcx3gxb3rs6lr0kxwth0000gn/T/pytest-of-eason/pytest-200/test_decoded_cfr_pts_and_acces0/master_frames/000013.png,3072,file,核对为本次camera-video测试产物；不清理其他pytest目录
可直接清理,pytest测试临时目录,/var/folders/9w/yltr8zcx3gxb3rs6lr0kxwth0000gn/T/pytest-of-eason/pytest-200/test_decoded_cfr_pts_and_acces0/master_frames/000014.png,3014,file,核对为本次camera-video测试产物；不清理其他pytest目录
可直接清理,pytest测试临时目录,/var/folders/9w/yltr8zcx3gxb3rs6lr0kxwth0000gn/T/pytest-of-eason/pytest-200/test_decoded_cfr_pts_and_acces0/master_frames/000015.png,3029,file,核对为本次camera-video测试产物；不清理其他pytest目录
可直接清理,pytest测试临时目录,/var/folders/9w/yltr8zcx3gxb3rs6lr0kxwth0000gn/T/pytest-of-eason/pytest-200/test_decoded_cfr_pts_and_acces0/master_frames/000016.png,3053,file,核对为本次camera-video测试产物；不清理其他pytest目录
可直接清理,pytest测试临时目录,/var/folders/9w/yltr8zcx3gxb3rs6lr0kxwth0000gn/T/pytest-of-eason/pytest-200/test_decoded_cfr_pts_and_acces0/master_frames/000017.png,3052,file,核对为本次camera-video测试产物；不清理其他pytest目录
可直接清理,pytest测试临时目录,/var/folders/9w/yltr8zcx3gxb3rs6lr0kxwth0000gn/T/pytest-of-eason/pytest-200/test_decoded_cfr_pts_and_acces0/master_frames/000018.png,3045,file,核对为本次camera-video测试产物；不清理其他pytest目录
可直接清理,pytest测试临时目录,/var/folders/9w/yltr8zcx3gxb3rs6lr0kxwth0000gn/T/pytest-of-eason/pytest-200/test_decoded_cfr_pts_and_acces0/master_frames/000019.png,3076,file,核对为本次camera-video测试产物；不清理其他pytest目录
可直接清理,pytest测试临时目录,/var/folders/9w/yltr8zcx3gxb3rs6lr0kxwth0000gn/T/pytest-of-eason/pytest-200/test_decoded_cfr_pts_and_acces0/master_frames/000020.png,2992,file,核对为本次camera-video测试产物；不清理其他pytest目录
可直接清理,pytest测试临时目录,/var/folders/9w/yltr8zcx3gxb3rs6lr0kxwth0000gn/T/pytest-of-eason/pytest-200/test_decoded_cfr_pts_and_acces0/master_frames/000021.png,3000,file,核对为本次camera-video测试产物；不清理其他pytest目录
可直接清理,pytest测试临时目录,/var/folders/9w/yltr8zcx3gxb3rs6lr0kxwth0000gn/T/pytest-of-eason/pytest-200/test_decoded_cfr_pts_and_acces0/master_frames/000022.png,2987,file,核对为本次camera-video测试产物；不清理其他pytest目录
可直接清理,pytest测试临时目录,/var/folders/9w/yltr8zcx3gxb3rs6lr0kxwth0000gn/T/pytest-of-eason/pytest-200/test_decoded_cfr_pts_and_acces0/master_frames/000023.png,3062,file,核对为本次camera-video测试产物；不清理其他pytest目录
可直接清理,pytest测试临时目录,/var/folders/9w/yltr8zcx3gxb3rs6lr0kxwth0000gn/T/pytest-of-eason/pytest-200/test_decoded_cfr_pts_and_acces0/master_frames/000024.png,2980,file,核对为本次camera-video测试产物；不清理其他pytest目录
可直接清理,pytest测试临时目录,/var/folders/9w/yltr8zcx3gxb3rs6lr0kxwth0000gn/T/pytest-of-eason/pytest-200/test_decoded_cfr_pts_and_acces0/master_frames/000025.png,3008,file,核对为本次camera-video测试产物；不清理其他pytest目录
可直接清理,pytest测试临时目录,/var/folders/9w/yltr8zcx3gxb3rs6lr0kxwth0000gn/T/pytest-of-eason/pytest-200/test_decoded_cfr_pts_and_acces0/master_frames/000026.png,2984,file,核对为本次camera-video测试产物；不清理其他pytest目录
可直接清理,pytest测试临时目录,/var/folders/9w/yltr8zcx3gxb3rs6lr0kxwth0000gn/T/pytest-of-eason/pytest-200/test_decoded_cfr_pts_and_acces0/master_frames/000027.png,2938,file,核对为本次camera-video测试产物；不清理其他pytest目录
可直接清理,pytest测试临时目录,/var/folders/9w/yltr8zcx3gxb3rs6lr0kxwth0000gn/T/pytest-of-eason/pytest-200/test_decoded_cfr_pts_and_acces0/master_frames/000028.png,2955,file,核对为本次camera-video测试产物；不清理其他pytest目录
可直接清理,pytest测试临时目录,/var/folders/9w/yltr8zcx3gxb3rs6lr0kxwth0000gn/T/pytest-of-eason/pytest-200/test_decoded_cfr_pts_and_acces0/master_frames/000029.png,2985,file,核对为本次camera-video测试产物；不清理其他pytest目录
可直接清理,pytest测试临时目录,/var/folders/9w/yltr8zcx3gxb3rs6lr0kxwth0000gn/T/pytest-of-eason/pytest-200/test_decoded_cfr_pts_and_acces0/master_frames/000030.png,2945,file,核对为本次camera-video测试产物；不清理其他pytest目录
可直接清理,pytest测试临时目录,/var/folders/9w/yltr8zcx3gxb3rs6lr0kxwth0000gn/T/pytest-of-eason/pytest-200/test_decoded_cfr_pts_and_acces0/master_frames/000031.png,2935,file,核对为本次camera-video测试产物；不清理其他pytest目录
可直接清理,pytest测试临时目录,/var/folders/9w/yltr8zcx3gxb3rs6lr0kxwth0000gn/T/pytest-of-eason/pytest-200/test_decoded_cfr_pts_and_acces0/master_frames/000032.png,2970,file,核对为本次camera-video测试产物；不清理其他pytest目录
可直接清理,pytest测试临时目录,/var/folders/9w/yltr8zcx3gxb3rs6lr0kxwth0000gn/T/pytest-of-eason/pytest-200/test_decoded_cfr_pts_and_acces0/master_frames/000033.png,2983,file,核对为本次camera-video测试产物；不清理其他pytest目录
可直接清理,pytest测试临时目录,/var/folders/9w/yltr8zcx3gxb3rs6lr0kxwth0000gn/T/pytest-of-eason/pytest-200/test_decoded_cfr_pts_and_acces0/master_frames/000034.png,2969,file,核对为本次camera-video测试产物；不清理其他pytest目录
可直接清理,pytest测试临时目录,/var/folders/9w/yltr8zcx3gxb3rs6lr0kxwth0000gn/T/pytest-of-eason/pytest-200/test_decoded_cfr_pts_and_acces0/master_frames/000035.png,2929,file,核对为本次camera-video测试产物；不清理其他pytest目录
可直接清理,pytest测试临时目录,/var/folders/9w/yltr8zcx3gxb3rs6lr0kxwth0000gn/T/pytest-of-eason/pytest-200/test_decoded_cfr_pts_and_acces0/master_frames/000036.png,2986,file,核对为本次camera-video测试产物；不清理其他pytest目录
可直接清理,pytest测试临时目录,/var/folders/9w/yltr8zcx3gxb3rs6lr0kxwth0000gn/T/pytest-of-eason/pytest-200/test_decoded_cfr_pts_and_acces0/master_frames/000037.png,2993,file,核对为本次camera-video测试产物；不清理其他pytest目录
可直接清理,pytest测试临时目录,/var/folders/9w/yltr8zcx3gxb3rs6lr0kxwth0000gn/T/pytest-of-eason/pytest-200/test_decoded_cfr_pts_and_acces0/master_frames/000038.png,3008,file,核对为本次camera-video测试产物；不清理其他pytest目录
可直接清理,pytest测试临时目录,/var/folders/9w/yltr8zcx3gxb3rs6lr0kxwth0000gn/T/pytest-of-eason/pytest-200/test_decoded_cfr_pts_and_acces0/master_frames/000039.png,3016,file,核对为本次camera-video测试产物；不清理其他pytest目录
可直接清理,pytest测试临时目录,/var/folders/9w/yltr8zcx3gxb3rs6lr0kxwth0000gn/T/pytest-of-eason/pytest-200/test_decoded_cfr_pts_and_acces0/video.mp4,67617,file,核对为本次camera-video测试产物；不清理其他pytest目录
可直接清理,pytest测试临时目录,/var/folders/9w/yltr8zcx3gxb3rs6lr0kxwth0000gn/T/pytest-of-eason/pytest-200/test_existing_video_never_over0/checks/encoding.json,5820,file,核对为本次camera-video测试产物；不清理其他pytest目录
可直接清理,pytest测试临时目录,/var/folders/9w/yltr8zcx3gxb3rs6lr0kxwth0000gn/T/pytest-of-eason/pytest-200/test_existing_video_never_over0/frames.csv,611,file,核对为本次camera-video测试产物；不清理其他pytest目录
可直接清理,pytest测试临时目录,/var/folders/9w/yltr8zcx3gxb3rs6lr0kxwth0000gn/T/pytest-of-eason/pytest-200/test_existing_video_never_over0/manifest.json,241,file,核对为本次camera-video测试产物；不清理其他pytest目录
可直接清理,pytest测试临时目录,/var/folders/9w/yltr8zcx3gxb3rs6lr0kxwth0000gn/T/pytest-of-eason/pytest-200/test_existing_video_never_over0/master_frames/000000.png,3008,file,核对为本次camera-video测试产物；不清理其他pytest目录
可直接清理,pytest测试临时目录,/var/folders/9w/yltr8zcx3gxb3rs6lr0kxwth0000gn/T/pytest-of-eason/pytest-200/test_existing_video_never_over0/master_frames/000001.png,3095,file,核对为本次camera-video测试产物；不清理其他pytest目录
可直接清理,pytest测试临时目录,/var/folders/9w/yltr8zcx3gxb3rs6lr0kxwth0000gn/T/pytest-of-eason/pytest-200/test_existing_video_never_over0/master_frames/000002.png,3039,file,核对为本次camera-video测试产物；不清理其他pytest目录
可直接清理,pytest测试临时目录,/var/folders/9w/yltr8zcx3gxb3rs6lr0kxwth0000gn/T/pytest-of-eason/pytest-200/test_existing_video_never_over0/master_frames/000003.png,3110,file,核对为本次camera-video测试产物；不清理其他pytest目录
可直接清理,pytest测试临时目录,/var/folders/9w/yltr8zcx3gxb3rs6lr0kxwth0000gn/T/pytest-of-eason/pytest-200/test_existing_video_never_over0/master_frames/000004.png,3049,file,核对为本次camera-video测试产物；不清理其他pytest目录
可直接清理,pytest测试临时目录,/var/folders/9w/yltr8zcx3gxb3rs6lr0kxwth0000gn/T/pytest-of-eason/pytest-200/test_existing_video_never_over0/master_frames/000005.png,3002,file,核对为本次camera-video测试产物；不清理其他pytest目录
可直接清理,pytest测试临时目录,/var/folders/9w/yltr8zcx3gxb3rs6lr0kxwth0000gn/T/pytest-of-eason/pytest-200/test_existing_video_never_over0/master_frames/000006.png,3116,file,核对为本次camera-video测试产物；不清理其他pytest目录
可直接清理,pytest测试临时目录,/var/folders/9w/yltr8zcx3gxb3rs6lr0kxwth0000gn/T/pytest-of-eason/pytest-200/test_existing_video_never_over0/master_frames/000007.png,3051,file,核对为本次camera-video测试产物；不清理其他pytest目录
可直接清理,pytest测试临时目录,/var/folders/9w/yltr8zcx3gxb3rs6lr0kxwth0000gn/T/pytest-of-eason/pytest-200/test_existing_video_never_over0/master_frames/000008.png,2970,file,核对为本次camera-video测试产物；不清理其他pytest目录
可直接清理,pytest测试临时目录,/var/folders/9w/yltr8zcx3gxb3rs6lr0kxwth0000gn/T/pytest-of-eason/pytest-200/test_existing_video_never_over0/master_frames/000009.png,3060,file,核对为本次camera-video测试产物；不清理其他pytest目录
可直接清理,pytest测试临时目录,/var/folders/9w/yltr8zcx3gxb3rs6lr0kxwth0000gn/T/pytest-of-eason/pytest-200/test_existing_video_never_over0/master_frames/000010.png,3067,file,核对为本次camera-video测试产物；不清理其他pytest目录
可直接清理,pytest测试临时目录,/var/folders/9w/yltr8zcx3gxb3rs6lr0kxwth0000gn/T/pytest-of-eason/pytest-200/test_existing_video_never_over0/master_frames/000011.png,3063,file,核对为本次camera-video测试产物；不清理其他pytest目录
可直接清理,pytest测试临时目录,/var/folders/9w/yltr8zcx3gxb3rs6lr0kxwth0000gn/T/pytest-of-eason/pytest-200/test_existing_video_never_over0/master_frames/000012.png,3036,file,核对为本次camera-video测试产物；不清理其他pytest目录
可直接清理,pytest测试临时目录,/var/folders/9w/yltr8zcx3gxb3rs6lr0kxwth0000gn/T/pytest-of-eason/pytest-200/test_existing_video_never_over0/master_frames/000013.png,3072,file,核对为本次camera-video测试产物；不清理其他pytest目录
可直接清理,pytest测试临时目录,/var/folders/9w/yltr8zcx3gxb3rs6lr0kxwth0000gn/T/pytest-of-eason/pytest-200/test_existing_video_never_over0/master_frames/000014.png,3014,file,核对为本次camera-video测试产物；不清理其他pytest目录
可直接清理,pytest测试临时目录,/var/folders/9w/yltr8zcx3gxb3rs6lr0kxwth0000gn/T/pytest-of-eason/pytest-200/test_existing_video_never_over0/master_frames/000015.png,3029,file,核对为本次camera-video测试产物；不清理其他pytest目录
可直接清理,pytest测试临时目录,/var/folders/9w/yltr8zcx3gxb3rs6lr0kxwth0000gn/T/pytest-of-eason/pytest-200/test_existing_video_never_over0/master_frames/000016.png,3053,file,核对为本次camera-video测试产物；不清理其他pytest目录
可直接清理,pytest测试临时目录,/var/folders/9w/yltr8zcx3gxb3rs6lr0kxwth0000gn/T/pytest-of-eason/pytest-200/test_existing_video_never_over0/master_frames/000017.png,3052,file,核对为本次camera-video测试产物；不清理其他pytest目录
可直接清理,pytest测试临时目录,/var/folders/9w/yltr8zcx3gxb3rs6lr0kxwth0000gn/T/pytest-of-eason/pytest-200/test_existing_video_never_over0/master_frames/000018.png,3045,file,核对为本次camera-video测试产物；不清理其他pytest目录
可直接清理,pytest测试临时目录,/var/folders/9w/yltr8zcx3gxb3rs6lr0kxwth0000gn/T/pytest-of-eason/pytest-200/test_existing_video_never_over0/master_frames/000019.png,3076,file,核对为本次camera-video测试产物；不清理其他pytest目录
可直接清理,pytest测试临时目录,/var/folders/9w/yltr8zcx3gxb3rs6lr0kxwth0000gn/T/pytest-of-eason/pytest-200/test_existing_video_never_over0/master_frames/000020.png,2992,file,核对为本次camera-video测试产物；不清理其他pytest目录
可直接清理,pytest测试临时目录,/var/folders/9w/yltr8zcx3gxb3rs6lr0kxwth0000gn/T/pytest-of-eason/pytest-200/test_existing_video_never_over0/master_frames/000021.png,3000,file,核对为本次camera-video测试产物；不清理其他pytest目录
可直接清理,pytest测试临时目录,/var/folders/9w/yltr8zcx3gxb3rs6lr0kxwth0000gn/T/pytest-of-eason/pytest-200/test_existing_video_never_over0/master_frames/000022.png,2987,file,核对为本次camera-video测试产物；不清理其他pytest目录
可直接清理,pytest测试临时目录,/var/folders/9w/yltr8zcx3gxb3rs6lr0kxwth0000gn/T/pytest-of-eason/pytest-200/test_existing_video_never_over0/master_frames/000023.png,3062,file,核对为本次camera-video测试产物；不清理其他pytest目录
可直接清理,pytest测试临时目录,/var/folders/9w/yltr8zcx3gxb3rs6lr0kxwth0000gn/T/pytest-of-eason/pytest-200/test_existing_video_never_over0/master_frames/000024.png,2980,file,核对为本次camera-video测试产物；不清理其他pytest目录
可直接清理,pytest测试临时目录,/var/folders/9w/yltr8zcx3gxb3rs6lr0kxwth0000gn/T/pytest-of-eason/pytest-200/test_existing_video_never_over0/master_frames/000025.png,3008,file,核对为本次camera-video测试产物；不清理其他pytest目录
可直接清理,pytest测试临时目录,/var/folders/9w/yltr8zcx3gxb3rs6lr0kxwth0000gn/T/pytest-of-eason/pytest-200/test_existing_video_never_over0/master_frames/000026.png,2984,file,核对为本次camera-video测试产物；不清理其他pytest目录
可直接清理,pytest测试临时目录,/var/folders/9w/yltr8zcx3gxb3rs6lr0kxwth0000gn/T/pytest-of-eason/pytest-200/test_existing_video_never_over0/master_frames/000027.png,2938,file,核对为本次camera-video测试产物；不清理其他pytest目录
可直接清理,pytest测试临时目录,/var/folders/9w/yltr8zcx3gxb3rs6lr0kxwth0000gn/T/pytest-of-eason/pytest-200/test_existing_video_never_over0/master_frames/000028.png,2955,file,核对为本次camera-video测试产物；不清理其他pytest目录
可直接清理,pytest测试临时目录,/var/folders/9w/yltr8zcx3gxb3rs6lr0kxwth0000gn/T/pytest-of-eason/pytest-200/test_existing_video_never_over0/master_frames/000029.png,2985,file,核对为本次camera-video测试产物；不清理其他pytest目录
可直接清理,pytest测试临时目录,/var/folders/9w/yltr8zcx3gxb3rs6lr0kxwth0000gn/T/pytest-of-eason/pytest-200/test_existing_video_never_over0/master_frames/000030.png,2945,file,核对为本次camera-video测试产物；不清理其他pytest目录
可直接清理,pytest测试临时目录,/var/folders/9w/yltr8zcx3gxb3rs6lr0kxwth0000gn/T/pytest-of-eason/pytest-200/test_existing_video_never_over0/master_frames/000031.png,2935,file,核对为本次camera-video测试产物；不清理其他pytest目录
可直接清理,pytest测试临时目录,/var/folders/9w/yltr8zcx3gxb3rs6lr0kxwth0000gn/T/pytest-of-eason/pytest-200/test_existing_video_never_over0/master_frames/000032.png,2970,file,核对为本次camera-video测试产物；不清理其他pytest目录
可直接清理,pytest测试临时目录,/var/folders/9w/yltr8zcx3gxb3rs6lr0kxwth0000gn/T/pytest-of-eason/pytest-200/test_existing_video_never_over0/master_frames/000033.png,2983,file,核对为本次camera-video测试产物；不清理其他pytest目录
可直接清理,pytest测试临时目录,/var/folders/9w/yltr8zcx3gxb3rs6lr0kxwth0000gn/T/pytest-of-eason/pytest-200/test_existing_video_never_over0/master_frames/000034.png,2969,file,核对为本次camera-video测试产物；不清理其他pytest目录
可直接清理,pytest测试临时目录,/var/folders/9w/yltr8zcx3gxb3rs6lr0kxwth0000gn/T/pytest-of-eason/pytest-200/test_existing_video_never_over0/master_frames/000035.png,2929,file,核对为本次camera-video测试产物；不清理其他pytest目录
可直接清理,pytest测试临时目录,/var/folders/9w/yltr8zcx3gxb3rs6lr0kxwth0000gn/T/pytest-of-eason/pytest-200/test_existing_video_never_over0/master_frames/000036.png,2986,file,核对为本次camera-video测试产物；不清理其他pytest目录
可直接清理,pytest测试临时目录,/var/folders/9w/yltr8zcx3gxb3rs6lr0kxwth0000gn/T/pytest-of-eason/pytest-200/test_existing_video_never_over0/master_frames/000037.png,2993,file,核对为本次camera-video测试产物；不清理其他pytest目录
可直接清理,pytest测试临时目录,/var/folders/9w/yltr8zcx3gxb3rs6lr0kxwth0000gn/T/pytest-of-eason/pytest-200/test_existing_video_never_over0/master_frames/000038.png,3008,file,核对为本次camera-video测试产物；不清理其他pytest目录
可直接清理,pytest测试临时目录,/var/folders/9w/yltr8zcx3gxb3rs6lr0kxwth0000gn/T/pytest-of-eason/pytest-200/test_existing_video_never_over0/master_frames/000039.png,3016,file,核对为本次camera-video测试产物；不清理其他pytest目录
可直接清理,pytest测试临时目录,/var/folders/9w/yltr8zcx3gxb3rs6lr0kxwth0000gn/T/pytest-of-eason/pytest-200/test_existing_video_never_over0/video.mp4,67617,file,核对为本次camera-video测试产物；不清理其他pytest目录
可直接清理,pytest测试临时目录,/var/folders/9w/yltr8zcx3gxb3rs6lr0kxwth0000gn/T/pytest-of-eason/pytest-200/test_other_supported_frame_rat0/checks/encoding.json,5820,file,核对为本次camera-video测试产物；不清理其他pytest目录
可直接清理,pytest测试临时目录,/var/folders/9w/yltr8zcx3gxb3rs6lr0kxwth0000gn/T/pytest-of-eason/pytest-200/test_other_supported_frame_rat0/fps-15/checks/encoding.json,5842,file,核对为本次camera-video测试产物；不清理其他pytest目录
可直接清理,pytest测试临时目录,/var/folders/9w/yltr8zcx3gxb3rs6lr0kxwth0000gn/T/pytest-of-eason/pytest-200/test_other_supported_frame_rat0/fps-15/frames.csv,882,file,核对为本次camera-video测试产物；不清理其他pytest目录
可直接清理,pytest测试临时目录,/var/folders/9w/yltr8zcx3gxb3rs6lr0kxwth0000gn/T/pytest-of-eason/pytest-200/test_other_supported_frame_rat0/fps-15/master_frames/000000.png,3008,file,核对为本次camera-video测试产物；不清理其他pytest目录
可直接清理,pytest测试临时目录,/var/folders/9w/yltr8zcx3gxb3rs6lr0kxwth0000gn/T/pytest-of-eason/pytest-200/test_other_supported_frame_rat0/fps-15/master_frames/000001.png,3095,file,核对为本次camera-video测试产物；不清理其他pytest目录
可直接清理,pytest测试临时目录,/var/folders/9w/yltr8zcx3gxb3rs6lr0kxwth0000gn/T/pytest-of-eason/pytest-200/test_other_supported_frame_rat0/fps-15/master_frames/000002.png,3039,file,核对为本次camera-video测试产物；不清理其他pytest目录
可直接清理,pytest测试临时目录,/var/folders/9w/yltr8zcx3gxb3rs6lr0kxwth0000gn/T/pytest-of-eason/pytest-200/test_other_supported_frame_rat0/fps-15/master_frames/000003.png,3110,file,核对为本次camera-video测试产物；不清理其他pytest目录
可直接清理,pytest测试临时目录,/var/folders/9w/yltr8zcx3gxb3rs6lr0kxwth0000gn/T/pytest-of-eason/pytest-200/test_other_supported_frame_rat0/fps-15/master_frames/000004.png,3049,file,核对为本次camera-video测试产物；不清理其他pytest目录
可直接清理,pytest测试临时目录,/var/folders/9w/yltr8zcx3gxb3rs6lr0kxwth0000gn/T/pytest-of-eason/pytest-200/test_other_supported_frame_rat0/fps-15/master_frames/000005.png,3002,file,核对为本次camera-video测试产物；不清理其他pytest目录
可直接清理,pytest测试临时目录,/var/folders/9w/yltr8zcx3gxb3rs6lr0kxwth0000gn/T/pytest-of-eason/pytest-200/test_other_supported_frame_rat0/fps-15/master_frames/000006.png,3116,file,核对为本次camera-video测试产物；不清理其他pytest目录
可直接清理,pytest测试临时目录,/var/folders/9w/yltr8zcx3gxb3rs6lr0kxwth0000gn/T/pytest-of-eason/pytest-200/test_other_supported_frame_rat0/fps-15/master_frames/000007.png,3051,file,核对为本次camera-video测试产物；不清理其他pytest目录
可直接清理,pytest测试临时目录,/var/folders/9w/yltr8zcx3gxb3rs6lr0kxwth0000gn/T/pytest-of-eason/pytest-200/test_other_supported_frame_rat0/fps-15/master_frames/000008.png,2970,file,核对为本次camera-video测试产物；不清理其他pytest目录
可直接清理,pytest测试临时目录,/var/folders/9w/yltr8zcx3gxb3rs6lr0kxwth0000gn/T/pytest-of-eason/pytest-200/test_other_supported_frame_rat0/fps-15/master_frames/000009.png,3060,file,核对为本次camera-video测试产物；不清理其他pytest目录
可直接清理,pytest测试临时目录,/var/folders/9w/yltr8zcx3gxb3rs6lr0kxwth0000gn/T/pytest-of-eason/pytest-200/test_other_supported_frame_rat0/fps-15/master_frames/000010.png,3067,file,核对为本次camera-video测试产物；不清理其他pytest目录
可直接清理,pytest测试临时目录,/var/folders/9w/yltr8zcx3gxb3rs6lr0kxwth0000gn/T/pytest-of-eason/pytest-200/test_other_supported_frame_rat0/fps-15/master_frames/000011.png,3063,file,核对为本次camera-video测试产物；不清理其他pytest目录
可直接清理,pytest测试临时目录,/var/folders/9w/yltr8zcx3gxb3rs6lr0kxwth0000gn/T/pytest-of-eason/pytest-200/test_other_supported_frame_rat0/fps-15/master_frames/000012.png,3036,file,核对为本次camera-video测试产物；不清理其他pytest目录
可直接清理,pytest测试临时目录,/var/folders/9w/yltr8zcx3gxb3rs6lr0kxwth0000gn/T/pytest-of-eason/pytest-200/test_other_supported_frame_rat0/fps-15/master_frames/000013.png,3072,file,核对为本次camera-video测试产物；不清理其他pytest目录
可直接清理,pytest测试临时目录,/var/folders/9w/yltr8zcx3gxb3rs6lr0kxwth0000gn/T/pytest-of-eason/pytest-200/test_other_supported_frame_rat0/fps-15/master_frames/000014.png,3014,file,核对为本次camera-video测试产物；不清理其他pytest目录
可直接清理,pytest测试临时目录,/var/folders/9w/yltr8zcx3gxb3rs6lr0kxwth0000gn/T/pytest-of-eason/pytest-200/test_other_supported_frame_rat0/fps-15/master_frames/000015.png,3029,file,核对为本次camera-video测试产物；不清理其他pytest目录
可直接清理,pytest测试临时目录,/var/folders/9w/yltr8zcx3gxb3rs6lr0kxwth0000gn/T/pytest-of-eason/pytest-200/test_other_supported_frame_rat0/fps-15/master_frames/000016.png,3053,file,核对为本次camera-video测试产物；不清理其他pytest目录
可直接清理,pytest测试临时目录,/var/folders/9w/yltr8zcx3gxb3rs6lr0kxwth0000gn/T/pytest-of-eason/pytest-200/test_other_supported_frame_rat0/fps-15/master_frames/000017.png,3052,file,核对为本次camera-video测试产物；不清理其他pytest目录
可直接清理,pytest测试临时目录,/var/folders/9w/yltr8zcx3gxb3rs6lr0kxwth0000gn/T/pytest-of-eason/pytest-200/test_other_supported_frame_rat0/fps-15/master_frames/000018.png,3045,file,核对为本次camera-video测试产物；不清理其他pytest目录
可直接清理,pytest测试临时目录,/var/folders/9w/yltr8zcx3gxb3rs6lr0kxwth0000gn/T/pytest-of-eason/pytest-200/test_other_supported_frame_rat0/fps-15/master_frames/000019.png,3076,file,核对为本次camera-video测试产物；不清理其他pytest目录
可直接清理,pytest测试临时目录,/var/folders/9w/yltr8zcx3gxb3rs6lr0kxwth0000gn/T/pytest-of-eason/pytest-200/test_other_supported_frame_rat0/fps-15/master_frames/000020.png,2992,file,核对为本次camera-video测试产物；不清理其他pytest目录
可直接清理,pytest测试临时目录,/var/folders/9w/yltr8zcx3gxb3rs6lr0kxwth0000gn/T/pytest-of-eason/pytest-200/test_other_supported_frame_rat0/fps-15/master_frames/000021.png,3000,file,核对为本次camera-video测试产物；不清理其他pytest目录
可直接清理,pytest测试临时目录,/var/folders/9w/yltr8zcx3gxb3rs6lr0kxwth0000gn/T/pytest-of-eason/pytest-200/test_other_supported_frame_rat0/fps-15/master_frames/000022.png,2987,file,核对为本次camera-video测试产物；不清理其他pytest目录
可直接清理,pytest测试临时目录,/var/folders/9w/yltr8zcx3gxb3rs6lr0kxwth0000gn/T/pytest-of-eason/pytest-200/test_other_supported_frame_rat0/fps-15/master_frames/000023.png,3062,file,核对为本次camera-video测试产物；不清理其他pytest目录
可直接清理,pytest测试临时目录,/var/folders/9w/yltr8zcx3gxb3rs6lr0kxwth0000gn/T/pytest-of-eason/pytest-200/test_other_supported_frame_rat0/fps-15/master_frames/000024.png,2980,file,核对为本次camera-video测试产物；不清理其他pytest目录
可直接清理,pytest测试临时目录,/var/folders/9w/yltr8zcx3gxb3rs6lr0kxwth0000gn/T/pytest-of-eason/pytest-200/test_other_supported_frame_rat0/fps-15/master_frames/000025.png,3008,file,核对为本次camera-video测试产物；不清理其他pytest目录
可直接清理,pytest测试临时目录,/var/folders/9w/yltr8zcx3gxb3rs6lr0kxwth0000gn/T/pytest-of-eason/pytest-200/test_other_supported_frame_rat0/fps-15/master_frames/000026.png,2984,file,核对为本次camera-video测试产物；不清理其他pytest目录
可直接清理,pytest测试临时目录,/var/folders/9w/yltr8zcx3gxb3rs6lr0kxwth0000gn/T/pytest-of-eason/pytest-200/test_other_supported_frame_rat0/fps-15/master_frames/000027.png,2938,file,核对为本次camera-video测试产物；不清理其他pytest目录
可直接清理,pytest测试临时目录,/var/folders/9w/yltr8zcx3gxb3rs6lr0kxwth0000gn/T/pytest-of-eason/pytest-200/test_other_supported_frame_rat0/fps-15/master_frames/000028.png,2955,file,核对为本次camera-video测试产物；不清理其他pytest目录
可直接清理,pytest测试临时目录,/var/folders/9w/yltr8zcx3gxb3rs6lr0kxwth0000gn/T/pytest-of-eason/pytest-200/test_other_supported_frame_rat0/fps-15/master_frames/000029.png,2985,file,核对为本次camera-video测试产物；不清理其他pytest目录
可直接清理,pytest测试临时目录,/var/folders/9w/yltr8zcx3gxb3rs6lr0kxwth0000gn/T/pytest-of-eason/pytest-200/test_other_supported_frame_rat0/fps-15/master_frames/000030.png,2945,file,核对为本次camera-video测试产物；不清理其他pytest目录
可直接清理,pytest测试临时目录,/var/folders/9w/yltr8zcx3gxb3rs6lr0kxwth0000gn/T/pytest-of-eason/pytest-200/test_other_supported_frame_rat0/fps-15/master_frames/000031.png,2935,file,核对为本次camera-video测试产物；不清理其他pytest目录
可直接清理,pytest测试临时目录,/var/folders/9w/yltr8zcx3gxb3rs6lr0kxwth0000gn/T/pytest-of-eason/pytest-200/test_other_supported_frame_rat0/fps-15/master_frames/000032.png,2970,file,核对为本次camera-video测试产物；不清理其他pytest目录
可直接清理,pytest测试临时目录,/var/folders/9w/yltr8zcx3gxb3rs6lr0kxwth0000gn/T/pytest-of-eason/pytest-200/test_other_supported_frame_rat0/fps-15/master_frames/000033.png,2983,file,核对为本次camera-video测试产物；不清理其他pytest目录
可直接清理,pytest测试临时目录,/var/folders/9w/yltr8zcx3gxb3rs6lr0kxwth0000gn/T/pytest-of-eason/pytest-200/test_other_supported_frame_rat0/fps-15/master_frames/000034.png,2969,file,核对为本次camera-video测试产物；不清理其他pytest目录
可直接清理,pytest测试临时目录,/var/folders/9w/yltr8zcx3gxb3rs6lr0kxwth0000gn/T/pytest-of-eason/pytest-200/test_other_supported_frame_rat0/fps-15/master_frames/000035.png,2929,file,核对为本次camera-video测试产物；不清理其他pytest目录
可直接清理,pytest测试临时目录,/var/folders/9w/yltr8zcx3gxb3rs6lr0kxwth0000gn/T/pytest-of-eason/pytest-200/test_other_supported_frame_rat0/fps-15/master_frames/000036.png,2986,file,核对为本次camera-video测试产物；不清理其他pytest目录
可直接清理,pytest测试临时目录,/var/folders/9w/yltr8zcx3gxb3rs6lr0kxwth0000gn/T/pytest-of-eason/pytest-200/test_other_supported_frame_rat0/fps-15/master_frames/000037.png,2993,file,核对为本次camera-video测试产物；不清理其他pytest目录
可直接清理,pytest测试临时目录,/var/folders/9w/yltr8zcx3gxb3rs6lr0kxwth0000gn/T/pytest-of-eason/pytest-200/test_other_supported_frame_rat0/fps-15/master_frames/000038.png,3008,file,核对为本次camera-video测试产物；不清理其他pytest目录
可直接清理,pytest测试临时目录,/var/folders/9w/yltr8zcx3gxb3rs6lr0kxwth0000gn/T/pytest-of-eason/pytest-200/test_other_supported_frame_rat0/fps-15/master_frames/000039.png,3016,file,核对为本次camera-video测试产物；不清理其他pytest目录
可直接清理,pytest测试临时目录,/var/folders/9w/yltr8zcx3gxb3rs6lr0kxwth0000gn/T/pytest-of-eason/pytest-200/test_other_supported_frame_rat0/fps-15/video.mp4,74086,file,核对为本次camera-video测试产物；不清理其他pytest目录
可直接清理,pytest测试临时目录,/var/folders/9w/yltr8zcx3gxb3rs6lr0kxwth0000gn/T/pytest-of-eason/pytest-200/test_other_supported_frame_rat0/frames.csv,611,file,核对为本次camera-video测试产物；不清理其他pytest目录
可直接清理,pytest测试临时目录,/var/folders/9w/yltr8zcx3gxb3rs6lr0kxwth0000gn/T/pytest-of-eason/pytest-200/test_other_supported_frame_rat0/manifest.json,241,file,核对为本次camera-video测试产物；不清理其他pytest目录
可直接清理,pytest测试临时目录,/var/folders/9w/yltr8zcx3gxb3rs6lr0kxwth0000gn/T/pytest-of-eason/pytest-200/test_other_supported_frame_rat0/master_frames/000000.png,3008,file,核对为本次camera-video测试产物；不清理其他pytest目录
可直接清理,pytest测试临时目录,/var/folders/9w/yltr8zcx3gxb3rs6lr0kxwth0000gn/T/pytest-of-eason/pytest-200/test_other_supported_frame_rat0/master_frames/000001.png,3095,file,核对为本次camera-video测试产物；不清理其他pytest目录
可直接清理,pytest测试临时目录,/var/folders/9w/yltr8zcx3gxb3rs6lr0kxwth0000gn/T/pytest-of-eason/pytest-200/test_other_supported_frame_rat0/master_frames/000002.png,3039,file,核对为本次camera-video测试产物；不清理其他pytest目录
可直接清理,pytest测试临时目录,/var/folders/9w/yltr8zcx3gxb3rs6lr0kxwth0000gn/T/pytest-of-eason/pytest-200/test_other_supported_frame_rat0/master_frames/000003.png,3110,file,核对为本次camera-video测试产物；不清理其他pytest目录
可直接清理,pytest测试临时目录,/var/folders/9w/yltr8zcx3gxb3rs6lr0kxwth0000gn/T/pytest-of-eason/pytest-200/test_other_supported_frame_rat0/master_frames/000004.png,3049,file,核对为本次camera-video测试产物；不清理其他pytest目录
可直接清理,pytest测试临时目录,/var/folders/9w/yltr8zcx3gxb3rs6lr0kxwth0000gn/T/pytest-of-eason/pytest-200/test_other_supported_frame_rat0/master_frames/000005.png,3002,file,核对为本次camera-video测试产物；不清理其他pytest目录
可直接清理,pytest测试临时目录,/var/folders/9w/yltr8zcx3gxb3rs6lr0kxwth0000gn/T/pytest-of-eason/pytest-200/test_other_supported_frame_rat0/master_frames/000006.png,3116,file,核对为本次camera-video测试产物；不清理其他pytest目录
可直接清理,pytest测试临时目录,/var/folders/9w/yltr8zcx3gxb3rs6lr0kxwth0000gn/T/pytest-of-eason/pytest-200/test_other_supported_frame_rat0/master_frames/000007.png,3051,file,核对为本次camera-video测试产物；不清理其他pytest目录
可直接清理,pytest测试临时目录,/var/folders/9w/yltr8zcx3gxb3rs6lr0kxwth0000gn/T/pytest-of-eason/pytest-200/test_other_supported_frame_rat0/master_frames/000008.png,2970,file,核对为本次camera-video测试产物；不清理其他pytest目录
可直接清理,pytest测试临时目录,/var/folders/9w/yltr8zcx3gxb3rs6lr0kxwth0000gn/T/pytest-of-eason/pytest-200/test_other_supported_frame_rat0/master_frames/000009.png,3060,file,核对为本次camera-video测试产物；不清理其他pytest目录
可直接清理,pytest测试临时目录,/var/folders/9w/yltr8zcx3gxb3rs6lr0kxwth0000gn/T/pytest-of-eason/pytest-200/test_other_supported_frame_rat0/master_frames/000010.png,3067,file,核对为本次camera-video测试产物；不清理其他pytest目录
可直接清理,pytest测试临时目录,/var/folders/9w/yltr8zcx3gxb3rs6lr0kxwth0000gn/T/pytest-of-eason/pytest-200/test_other_supported_frame_rat0/master_frames/000011.png,3063,file,核对为本次camera-video测试产物；不清理其他pytest目录
可直接清理,pytest测试临时目录,/var/folders/9w/yltr8zcx3gxb3rs6lr0kxwth0000gn/T/pytest-of-eason/pytest-200/test_other_supported_frame_rat0/master_frames/000012.png,3036,file,核对为本次camera-video测试产物；不清理其他pytest目录
可直接清理,pytest测试临时目录,/var/folders/9w/yltr8zcx3gxb3rs6lr0kxwth0000gn/T/pytest-of-eason/pytest-200/test_other_supported_frame_rat0/master_frames/000013.png,3072,file,核对为本次camera-video测试产物；不清理其他pytest目录
可直接清理,pytest测试临时目录,/var/folders/9w/yltr8zcx3gxb3rs6lr0kxwth0000gn/T/pytest-of-eason/pytest-200/test_other_supported_frame_rat0/master_frames/000014.png,3014,file,核对为本次camera-video测试产物；不清理其他pytest目录
可直接清理,pytest测试临时目录,/var/folders/9w/yltr8zcx3gxb3rs6lr0kxwth0000gn/T/pytest-of-eason/pytest-200/test_other_supported_frame_rat0/master_frames/000015.png,3029,file,核对为本次camera-video测试产物；不清理其他pytest目录
可直接清理,pytest测试临时目录,/var/folders/9w/yltr8zcx3gxb3rs6lr0kxwth0000gn/T/pytest-of-eason/pytest-200/test_other_supported_frame_rat0/master_frames/000016.png,3053,file,核对为本次camera-video测试产物；不清理其他pytest目录
可直接清理,pytest测试临时目录,/var/folders/9w/yltr8zcx3gxb3rs6lr0kxwth0000gn/T/pytest-of-eason/pytest-200/test_other_supported_frame_rat0/master_frames/000017.png,3052,file,核对为本次camera-video测试产物；不清理其他pytest目录
可直接清理,pytest测试临时目录,/var/folders/9w/yltr8zcx3gxb3rs6lr0kxwth0000gn/T/pytest-of-eason/pytest-200/test_other_supported_frame_rat0/master_frames/000018.png,3045,file,核对为本次camera-video测试产物；不清理其他pytest目录
可直接清理,pytest测试临时目录,/var/folders/9w/yltr8zcx3gxb3rs6lr0kxwth0000gn/T/pytest-of-eason/pytest-200/test_other_supported_frame_rat0/master_frames/000019.png,3076,file,核对为本次camera-video测试产物；不清理其他pytest目录
可直接清理,pytest测试临时目录,/var/folders/9w/yltr8zcx3gxb3rs6lr0kxwth0000gn/T/pytest-of-eason/pytest-200/test_other_supported_frame_rat0/master_frames/000020.png,2992,file,核对为本次camera-video测试产物；不清理其他pytest目录
可直接清理,pytest测试临时目录,/var/folders/9w/yltr8zcx3gxb3rs6lr0kxwth0000gn/T/pytest-of-eason/pytest-200/test_other_supported_frame_rat0/master_frames/000021.png,3000,file,核对为本次camera-video测试产物；不清理其他pytest目录
可直接清理,pytest测试临时目录,/var/folders/9w/yltr8zcx3gxb3rs6lr0kxwth0000gn/T/pytest-of-eason/pytest-200/test_other_supported_frame_rat0/master_frames/000022.png,2987,file,核对为本次camera-video测试产物；不清理其他pytest目录
可直接清理,pytest测试临时目录,/var/folders/9w/yltr8zcx3gxb3rs6lr0kxwth0000gn/T/pytest-of-eason/pytest-200/test_other_supported_frame_rat0/master_frames/000023.png,3062,file,核对为本次camera-video测试产物；不清理其他pytest目录
可直接清理,pytest测试临时目录,/var/folders/9w/yltr8zcx3gxb3rs6lr0kxwth0000gn/T/pytest-of-eason/pytest-200/test_other_supported_frame_rat0/master_frames/000024.png,2980,file,核对为本次camera-video测试产物；不清理其他pytest目录
可直接清理,pytest测试临时目录,/var/folders/9w/yltr8zcx3gxb3rs6lr0kxwth0000gn/T/pytest-of-eason/pytest-200/test_other_supported_frame_rat0/master_frames/000025.png,3008,file,核对为本次camera-video测试产物；不清理其他pytest目录
可直接清理,pytest测试临时目录,/var/folders/9w/yltr8zcx3gxb3rs6lr0kxwth0000gn/T/pytest-of-eason/pytest-200/test_other_supported_frame_rat0/master_frames/000026.png,2984,file,核对为本次camera-video测试产物；不清理其他pytest目录
可直接清理,pytest测试临时目录,/var/folders/9w/yltr8zcx3gxb3rs6lr0kxwth0000gn/T/pytest-of-eason/pytest-200/test_other_supported_frame_rat0/master_frames/000027.png,2938,file,核对为本次camera-video测试产物；不清理其他pytest目录
可直接清理,pytest测试临时目录,/var/folders/9w/yltr8zcx3gxb3rs6lr0kxwth0000gn/T/pytest-of-eason/pytest-200/test_other_supported_frame_rat0/master_frames/000028.png,2955,file,核对为本次camera-video测试产物；不清理其他pytest目录
可直接清理,pytest测试临时目录,/var/folders/9w/yltr8zcx3gxb3rs6lr0kxwth0000gn/T/pytest-of-eason/pytest-200/test_other_supported_frame_rat0/master_frames/000029.png,2985,file,核对为本次camera-video测试产物；不清理其他pytest目录
可直接清理,pytest测试临时目录,/var/folders/9w/yltr8zcx3gxb3rs6lr0kxwth0000gn/T/pytest-of-eason/pytest-200/test_other_supported_frame_rat0/master_frames/000030.png,2945,file,核对为本次camera-video测试产物；不清理其他pytest目录
可直接清理,pytest测试临时目录,/var/folders/9w/yltr8zcx3gxb3rs6lr0kxwth0000gn/T/pytest-of-eason/pytest-200/test_other_supported_frame_rat0/master_frames/000031.png,2935,file,核对为本次camera-video测试产物；不清理其他pytest目录
可直接清理,pytest测试临时目录,/var/folders/9w/yltr8zcx3gxb3rs6lr0kxwth0000gn/T/pytest-of-eason/pytest-200/test_other_supported_frame_rat0/master_frames/000032.png,2970,file,核对为本次camera-video测试产物；不清理其他pytest目录
可直接清理,pytest测试临时目录,/var/folders/9w/yltr8zcx3gxb3rs6lr0kxwth0000gn/T/pytest-of-eason/pytest-200/test_other_supported_frame_rat0/master_frames/000033.png,2983,file,核对为本次camera-video测试产物；不清理其他pytest目录
可直接清理,pytest测试临时目录,/var/folders/9w/yltr8zcx3gxb3rs6lr0kxwth0000gn/T/pytest-of-eason/pytest-200/test_other_supported_frame_rat0/master_frames/000034.png,2969,file,核对为本次camera-video测试产物；不清理其他pytest目录
可直接清理,pytest测试临时目录,/var/folders/9w/yltr8zcx3gxb3rs6lr0kxwth0000gn/T/pytest-of-eason/pytest-200/test_other_supported_frame_rat0/master_frames/000035.png,2929,file,核对为本次camera-video测试产物；不清理其他pytest目录
可直接清理,pytest测试临时目录,/var/folders/9w/yltr8zcx3gxb3rs6lr0kxwth0000gn/T/pytest-of-eason/pytest-200/test_other_supported_frame_rat0/master_frames/000036.png,2986,file,核对为本次camera-video测试产物；不清理其他pytest目录
可直接清理,pytest测试临时目录,/var/folders/9w/yltr8zcx3gxb3rs6lr0kxwth0000gn/T/pytest-of-eason/pytest-200/test_other_supported_frame_rat0/master_frames/000037.png,2993,file,核对为本次camera-video测试产物；不清理其他pytest目录
可直接清理,pytest测试临时目录,/var/folders/9w/yltr8zcx3gxb3rs6lr0kxwth0000gn/T/pytest-of-eason/pytest-200/test_other_supported_frame_rat0/master_frames/000038.png,3008,file,核对为本次camera-video测试产物；不清理其他pytest目录
可直接清理,pytest测试临时目录,/var/folders/9w/yltr8zcx3gxb3rs6lr0kxwth0000gn/T/pytest-of-eason/pytest-200/test_other_supported_frame_rat0/master_frames/000039.png,3016,file,核对为本次camera-video测试产物；不清理其他pytest目录
可直接清理,pytest测试临时目录,/var/folders/9w/yltr8zcx3gxb3rs6lr0kxwth0000gn/T/pytest-of-eason/pytest-200/test_other_supported_frame_rat0/video.mp4,67617,file,核对为本次camera-video测试产物；不清理其他pytest目录
可直接清理,pytest测试临时目录,/var/folders/9w/yltr8zcx3gxb3rs6lr0kxwth0000gn/T/pytest-of-eason/pytest-200/test_other_supported_frame_rat1/checks/encoding.json,5820,file,核对为本次camera-video测试产物；不清理其他pytest目录
可直接清理,pytest测试临时目录,/var/folders/9w/yltr8zcx3gxb3rs6lr0kxwth0000gn/T/pytest-of-eason/pytest-200/test_other_supported_frame_rat1/fps-25/checks/encoding.json,5834,file,核对为本次camera-video测试产物；不清理其他pytest目录
可直接清理,pytest测试临时目录,/var/folders/9w/yltr8zcx3gxb3rs6lr0kxwth0000gn/T/pytest-of-eason/pytest-200/test_other_supported_frame_rat1/fps-25/frames.csv,563,file,核对为本次camera-video测试产物；不清理其他pytest目录
可直接清理,pytest测试临时目录,/var/folders/9w/yltr8zcx3gxb3rs6lr0kxwth0000gn/T/pytest-of-eason/pytest-200/test_other_supported_frame_rat1/fps-25/master_frames/000000.png,3008,file,核对为本次camera-video测试产物；不清理其他pytest目录
可直接清理,pytest测试临时目录,/var/folders/9w/yltr8zcx3gxb3rs6lr0kxwth0000gn/T/pytest-of-eason/pytest-200/test_other_supported_frame_rat1/fps-25/master_frames/000001.png,3095,file,核对为本次camera-video测试产物；不清理其他pytest目录
可直接清理,pytest测试临时目录,/var/folders/9w/yltr8zcx3gxb3rs6lr0kxwth0000gn/T/pytest-of-eason/pytest-200/test_other_supported_frame_rat1/fps-25/master_frames/000002.png,3039,file,核对为本次camera-video测试产物；不清理其他pytest目录
可直接清理,pytest测试临时目录,/var/folders/9w/yltr8zcx3gxb3rs6lr0kxwth0000gn/T/pytest-of-eason/pytest-200/test_other_supported_frame_rat1/fps-25/master_frames/000003.png,3110,file,核对为本次camera-video测试产物；不清理其他pytest目录
可直接清理,pytest测试临时目录,/var/folders/9w/yltr8zcx3gxb3rs6lr0kxwth0000gn/T/pytest-of-eason/pytest-200/test_other_supported_frame_rat1/fps-25/master_frames/000004.png,3049,file,核对为本次camera-video测试产物；不清理其他pytest目录
可直接清理,pytest测试临时目录,/var/folders/9w/yltr8zcx3gxb3rs6lr0kxwth0000gn/T/pytest-of-eason/pytest-200/test_other_supported_frame_rat1/fps-25/master_frames/000005.png,3002,file,核对为本次camera-video测试产物；不清理其他pytest目录
可直接清理,pytest测试临时目录,/var/folders/9w/yltr8zcx3gxb3rs6lr0kxwth0000gn/T/pytest-of-eason/pytest-200/test_other_supported_frame_rat1/fps-25/master_frames/000006.png,3116,file,核对为本次camera-video测试产物；不清理其他pytest目录
可直接清理,pytest测试临时目录,/var/folders/9w/yltr8zcx3gxb3rs6lr0kxwth0000gn/T/pytest-of-eason/pytest-200/test_other_supported_frame_rat1/fps-25/master_frames/000007.png,3051,file,核对为本次camera-video测试产物；不清理其他pytest目录
可直接清理,pytest测试临时目录,/var/folders/9w/yltr8zcx3gxb3rs6lr0kxwth0000gn/T/pytest-of-eason/pytest-200/test_other_supported_frame_rat1/fps-25/master_frames/000008.png,2970,file,核对为本次camera-video测试产物；不清理其他pytest目录
可直接清理,pytest测试临时目录,/var/folders/9w/yltr8zcx3gxb3rs6lr0kxwth0000gn/T/pytest-of-eason/pytest-200/test_other_supported_frame_rat1/fps-25/master_frames/000009.png,3060,file,核对为本次camera-video测试产物；不清理其他pytest目录
可直接清理,pytest测试临时目录,/var/folders/9w/yltr8zcx3gxb3rs6lr0kxwth0000gn/T/pytest-of-eason/pytest-200/test_other_supported_frame_rat1/fps-25/master_frames/000010.png,3067,file,核对为本次camera-video测试产物；不清理其他pytest目录
可直接清理,pytest测试临时目录,/var/folders/9w/yltr8zcx3gxb3rs6lr0kxwth0000gn/T/pytest-of-eason/pytest-200/test_other_supported_frame_rat1/fps-25/master_frames/000011.png,3063,file,核对为本次camera-video测试产物；不清理其他pytest目录
可直接清理,pytest测试临时目录,/var/folders/9w/yltr8zcx3gxb3rs6lr0kxwth0000gn/T/pytest-of-eason/pytest-200/test_other_supported_frame_rat1/fps-25/master_frames/000012.png,3036,file,核对为本次camera-video测试产物；不清理其他pytest目录
可直接清理,pytest测试临时目录,/var/folders/9w/yltr8zcx3gxb3rs6lr0kxwth0000gn/T/pytest-of-eason/pytest-200/test_other_supported_frame_rat1/fps-25/master_frames/000013.png,3072,file,核对为本次camera-video测试产物；不清理其他pytest目录
可直接清理,pytest测试临时目录,/var/folders/9w/yltr8zcx3gxb3rs6lr0kxwth0000gn/T/pytest-of-eason/pytest-200/test_other_supported_frame_rat1/fps-25/master_frames/000014.png,3014,file,核对为本次camera-video测试产物；不清理其他pytest目录
可直接清理,pytest测试临时目录,/var/folders/9w/yltr8zcx3gxb3rs6lr0kxwth0000gn/T/pytest-of-eason/pytest-200/test_other_supported_frame_rat1/fps-25/master_frames/000015.png,3029,file,核对为本次camera-video测试产物；不清理其他pytest目录
可直接清理,pytest测试临时目录,/var/folders/9w/yltr8zcx3gxb3rs6lr0kxwth0000gn/T/pytest-of-eason/pytest-200/test_other_supported_frame_rat1/fps-25/master_frames/000016.png,3053,file,核对为本次camera-video测试产物；不清理其他pytest目录
可直接清理,pytest测试临时目录,/var/folders/9w/yltr8zcx3gxb3rs6lr0kxwth0000gn/T/pytest-of-eason/pytest-200/test_other_supported_frame_rat1/fps-25/master_frames/000017.png,3052,file,核对为本次camera-video测试产物；不清理其他pytest目录
可直接清理,pytest测试临时目录,/var/folders/9w/yltr8zcx3gxb3rs6lr0kxwth0000gn/T/pytest-of-eason/pytest-200/test_other_supported_frame_rat1/fps-25/master_frames/000018.png,3045,file,核对为本次camera-video测试产物；不清理其他pytest目录
可直接清理,pytest测试临时目录,/var/folders/9w/yltr8zcx3gxb3rs6lr0kxwth0000gn/T/pytest-of-eason/pytest-200/test_other_supported_frame_rat1/fps-25/master_frames/000019.png,3076,file,核对为本次camera-video测试产物；不清理其他pytest目录
可直接清理,pytest测试临时目录,/var/folders/9w/yltr8zcx3gxb3rs6lr0kxwth0000gn/T/pytest-of-eason/pytest-200/test_other_supported_frame_rat1/fps-25/master_frames/000020.png,2992,file,核对为本次camera-video测试产物；不清理其他pytest目录
可直接清理,pytest测试临时目录,/var/folders/9w/yltr8zcx3gxb3rs6lr0kxwth0000gn/T/pytest-of-eason/pytest-200/test_other_supported_frame_rat1/fps-25/master_frames/000021.png,3000,file,核对为本次camera-video测试产物；不清理其他pytest目录
可直接清理,pytest测试临时目录,/var/folders/9w/yltr8zcx3gxb3rs6lr0kxwth0000gn/T/pytest-of-eason/pytest-200/test_other_supported_frame_rat1/fps-25/master_frames/000022.png,2987,file,核对为本次camera-video测试产物；不清理其他pytest目录
可直接清理,pytest测试临时目录,/var/folders/9w/yltr8zcx3gxb3rs6lr0kxwth0000gn/T/pytest-of-eason/pytest-200/test_other_supported_frame_rat1/fps-25/master_frames/000023.png,3062,file,核对为本次camera-video测试产物；不清理其他pytest目录
可直接清理,pytest测试临时目录,/var/folders/9w/yltr8zcx3gxb3rs6lr0kxwth0000gn/T/pytest-of-eason/pytest-200/test_other_supported_frame_rat1/fps-25/master_frames/000024.png,2980,file,核对为本次camera-video测试产物；不清理其他pytest目录
可直接清理,pytest测试临时目录,/var/folders/9w/yltr8zcx3gxb3rs6lr0kxwth0000gn/T/pytest-of-eason/pytest-200/test_other_supported_frame_rat1/fps-25/master_frames/000025.png,3008,file,核对为本次camera-video测试产物；不清理其他pytest目录
可直接清理,pytest测试临时目录,/var/folders/9w/yltr8zcx3gxb3rs6lr0kxwth0000gn/T/pytest-of-eason/pytest-200/test_other_supported_frame_rat1/fps-25/master_frames/000026.png,2984,file,核对为本次camera-video测试产物；不清理其他pytest目录
可直接清理,pytest测试临时目录,/var/folders/9w/yltr8zcx3gxb3rs6lr0kxwth0000gn/T/pytest-of-eason/pytest-200/test_other_supported_frame_rat1/fps-25/master_frames/000027.png,2938,file,核对为本次camera-video测试产物；不清理其他pytest目录
可直接清理,pytest测试临时目录,/var/folders/9w/yltr8zcx3gxb3rs6lr0kxwth0000gn/T/pytest-of-eason/pytest-200/test_other_supported_frame_rat1/fps-25/master_frames/000028.png,2955,file,核对为本次camera-video测试产物；不清理其他pytest目录
可直接清理,pytest测试临时目录,/var/folders/9w/yltr8zcx3gxb3rs6lr0kxwth0000gn/T/pytest-of-eason/pytest-200/test_other_supported_frame_rat1/fps-25/master_frames/000029.png,2985,file,核对为本次camera-video测试产物；不清理其他pytest目录
可直接清理,pytest测试临时目录,/var/folders/9w/yltr8zcx3gxb3rs6lr0kxwth0000gn/T/pytest-of-eason/pytest-200/test_other_supported_frame_rat1/fps-25/master_frames/000030.png,2945,file,核对为本次camera-video测试产物；不清理其他pytest目录
可直接清理,pytest测试临时目录,/var/folders/9w/yltr8zcx3gxb3rs6lr0kxwth0000gn/T/pytest-of-eason/pytest-200/test_other_supported_frame_rat1/fps-25/master_frames/000031.png,2935,file,核对为本次camera-video测试产物；不清理其他pytest目录
可直接清理,pytest测试临时目录,/var/folders/9w/yltr8zcx3gxb3rs6lr0kxwth0000gn/T/pytest-of-eason/pytest-200/test_other_supported_frame_rat1/fps-25/master_frames/000032.png,2970,file,核对为本次camera-video测试产物；不清理其他pytest目录
可直接清理,pytest测试临时目录,/var/folders/9w/yltr8zcx3gxb3rs6lr0kxwth0000gn/T/pytest-of-eason/pytest-200/test_other_supported_frame_rat1/fps-25/master_frames/000033.png,2983,file,核对为本次camera-video测试产物；不清理其他pytest目录
可直接清理,pytest测试临时目录,/var/folders/9w/yltr8zcx3gxb3rs6lr0kxwth0000gn/T/pytest-of-eason/pytest-200/test_other_supported_frame_rat1/fps-25/master_frames/000034.png,2969,file,核对为本次camera-video测试产物；不清理其他pytest目录
可直接清理,pytest测试临时目录,/var/folders/9w/yltr8zcx3gxb3rs6lr0kxwth0000gn/T/pytest-of-eason/pytest-200/test_other_supported_frame_rat1/fps-25/master_frames/000035.png,2929,file,核对为本次camera-video测试产物；不清理其他pytest目录
可直接清理,pytest测试临时目录,/var/folders/9w/yltr8zcx3gxb3rs6lr0kxwth0000gn/T/pytest-of-eason/pytest-200/test_other_supported_frame_rat1/fps-25/master_frames/000036.png,2986,file,核对为本次camera-video测试产物；不清理其他pytest目录
可直接清理,pytest测试临时目录,/var/folders/9w/yltr8zcx3gxb3rs6lr0kxwth0000gn/T/pytest-of-eason/pytest-200/test_other_supported_frame_rat1/fps-25/master_frames/000037.png,2993,file,核对为本次camera-video测试产物；不清理其他pytest目录
可直接清理,pytest测试临时目录,/var/folders/9w/yltr8zcx3gxb3rs6lr0kxwth0000gn/T/pytest-of-eason/pytest-200/test_other_supported_frame_rat1/fps-25/master_frames/000038.png,3008,file,核对为本次camera-video测试产物；不清理其他pytest目录
可直接清理,pytest测试临时目录,/var/folders/9w/yltr8zcx3gxb3rs6lr0kxwth0000gn/T/pytest-of-eason/pytest-200/test_other_supported_frame_rat1/fps-25/master_frames/000039.png,3016,file,核对为本次camera-video测试产物；不清理其他pytest目录
可直接清理,pytest测试临时目录,/var/folders/9w/yltr8zcx3gxb3rs6lr0kxwth0000gn/T/pytest-of-eason/pytest-200/test_other_supported_frame_rat1/fps-25/video.mp4,65902,file,核对为本次camera-video测试产物；不清理其他pytest目录
可直接清理,pytest测试临时目录,/var/folders/9w/yltr8zcx3gxb3rs6lr0kxwth0000gn/T/pytest-of-eason/pytest-200/test_other_supported_frame_rat1/frames.csv,611,file,核对为本次camera-video测试产物；不清理其他pytest目录
可直接清理,pytest测试临时目录,/var/folders/9w/yltr8zcx3gxb3rs6lr0kxwth0000gn/T/pytest-of-eason/pytest-200/test_other_supported_frame_rat1/manifest.json,241,file,核对为本次camera-video测试产物；不清理其他pytest目录
可直接清理,pytest测试临时目录,/var/folders/9w/yltr8zcx3gxb3rs6lr0kxwth0000gn/T/pytest-of-eason/pytest-200/test_other_supported_frame_rat1/master_frames/000000.png,3008,file,核对为本次camera-video测试产物；不清理其他pytest目录
可直接清理,pytest测试临时目录,/var/folders/9w/yltr8zcx3gxb3rs6lr0kxwth0000gn/T/pytest-of-eason/pytest-200/test_other_supported_frame_rat1/master_frames/000001.png,3095,file,核对为本次camera-video测试产物；不清理其他pytest目录
可直接清理,pytest测试临时目录,/var/folders/9w/yltr8zcx3gxb3rs6lr0kxwth0000gn/T/pytest-of-eason/pytest-200/test_other_supported_frame_rat1/master_frames/000002.png,3039,file,核对为本次camera-video测试产物；不清理其他pytest目录
可直接清理,pytest测试临时目录,/var/folders/9w/yltr8zcx3gxb3rs6lr0kxwth0000gn/T/pytest-of-eason/pytest-200/test_other_supported_frame_rat1/master_frames/000003.png,3110,file,核对为本次camera-video测试产物；不清理其他pytest目录
可直接清理,pytest测试临时目录,/var/folders/9w/yltr8zcx3gxb3rs6lr0kxwth0000gn/T/pytest-of-eason/pytest-200/test_other_supported_frame_rat1/master_frames/000004.png,3049,file,核对为本次camera-video测试产物；不清理其他pytest目录
可直接清理,pytest测试临时目录,/var/folders/9w/yltr8zcx3gxb3rs6lr0kxwth0000gn/T/pytest-of-eason/pytest-200/test_other_supported_frame_rat1/master_frames/000005.png,3002,file,核对为本次camera-video测试产物；不清理其他pytest目录
可直接清理,pytest测试临时目录,/var/folders/9w/yltr8zcx3gxb3rs6lr0kxwth0000gn/T/pytest-of-eason/pytest-200/test_other_supported_frame_rat1/master_frames/000006.png,3116,file,核对为本次camera-video测试产物；不清理其他pytest目录
可直接清理,pytest测试临时目录,/var/folders/9w/yltr8zcx3gxb3rs6lr0kxwth0000gn/T/pytest-of-eason/pytest-200/test_other_supported_frame_rat1/master_frames/000007.png,3051,file,核对为本次camera-video测试产物；不清理其他pytest目录
可直接清理,pytest测试临时目录,/var/folders/9w/yltr8zcx3gxb3rs6lr0kxwth0000gn/T/pytest-of-eason/pytest-200/test_other_supported_frame_rat1/master_frames/000008.png,2970,file,核对为本次camera-video测试产物；不清理其他pytest目录
可直接清理,pytest测试临时目录,/var/folders/9w/yltr8zcx3gxb3rs6lr0kxwth0000gn/T/pytest-of-eason/pytest-200/test_other_supported_frame_rat1/master_frames/000009.png,3060,file,核对为本次camera-video测试产物；不清理其他pytest目录
可直接清理,pytest测试临时目录,/var/folders/9w/yltr8zcx3gxb3rs6lr0kxwth0000gn/T/pytest-of-eason/pytest-200/test_other_supported_frame_rat1/master_frames/000010.png,3067,file,核对为本次camera-video测试产物；不清理其他pytest目录
可直接清理,pytest测试临时目录,/var/folders/9w/yltr8zcx3gxb3rs6lr0kxwth0000gn/T/pytest-of-eason/pytest-200/test_other_supported_frame_rat1/master_frames/000011.png,3063,file,核对为本次camera-video测试产物；不清理其他pytest目录
可直接清理,pytest测试临时目录,/var/folders/9w/yltr8zcx3gxb3rs6lr0kxwth0000gn/T/pytest-of-eason/pytest-200/test_other_supported_frame_rat1/master_frames/000012.png,3036,file,核对为本次camera-video测试产物；不清理其他pytest目录
可直接清理,pytest测试临时目录,/var/folders/9w/yltr8zcx3gxb3rs6lr0kxwth0000gn/T/pytest-of-eason/pytest-200/test_other_supported_frame_rat1/master_frames/000013.png,3072,file,核对为本次camera-video测试产物；不清理其他pytest目录
可直接清理,pytest测试临时目录,/var/folders/9w/yltr8zcx3gxb3rs6lr0kxwth0000gn/T/pytest-of-eason/pytest-200/test_other_supported_frame_rat1/master_frames/000014.png,3014,file,核对为本次camera-video测试产物；不清理其他pytest目录
可直接清理,pytest测试临时目录,/var/folders/9w/yltr8zcx3gxb3rs6lr0kxwth0000gn/T/pytest-of-eason/pytest-200/test_other_supported_frame_rat1/master_frames/000015.png,3029,file,核对为本次camera-video测试产物；不清理其他pytest目录
可直接清理,pytest测试临时目录,/var/folders/9w/yltr8zcx3gxb3rs6lr0kxwth0000gn/T/pytest-of-eason/pytest-200/test_other_supported_frame_rat1/master_frames/000016.png,3053,file,核对为本次camera-video测试产物；不清理其他pytest目录
可直接清理,pytest测试临时目录,/var/folders/9w/yltr8zcx3gxb3rs6lr0kxwth0000gn/T/pytest-of-eason/pytest-200/test_other_supported_frame_rat1/master_frames/000017.png,3052,file,核对为本次camera-video测试产物；不清理其他pytest目录
可直接清理,pytest测试临时目录,/var/folders/9w/yltr8zcx3gxb3rs6lr0kxwth0000gn/T/pytest-of-eason/pytest-200/test_other_supported_frame_rat1/master_frames/000018.png,3045,file,核对为本次camera-video测试产物；不清理其他pytest目录
可直接清理,pytest测试临时目录,/var/folders/9w/yltr8zcx3gxb3rs6lr0kxwth0000gn/T/pytest-of-eason/pytest-200/test_other_supported_frame_rat1/master_frames/000019.png,3076,file,核对为本次camera-video测试产物；不清理其他pytest目录
可直接清理,pytest测试临时目录,/var/folders/9w/yltr8zcx3gxb3rs6lr0kxwth0000gn/T/pytest-of-eason/pytest-200/test_other_supported_frame_rat1/master_frames/000020.png,2992,file,核对为本次camera-video测试产物；不清理其他pytest目录
可直接清理,pytest测试临时目录,/var/folders/9w/yltr8zcx3gxb3rs6lr0kxwth0000gn/T/pytest-of-eason/pytest-200/test_other_supported_frame_rat1/master_frames/000021.png,3000,file,核对为本次camera-video测试产物；不清理其他pytest目录
可直接清理,pytest测试临时目录,/var/folders/9w/yltr8zcx3gxb3rs6lr0kxwth0000gn/T/pytest-of-eason/pytest-200/test_other_supported_frame_rat1/master_frames/000022.png,2987,file,核对为本次camera-video测试产物；不清理其他pytest目录
可直接清理,pytest测试临时目录,/var/folders/9w/yltr8zcx3gxb3rs6lr0kxwth0000gn/T/pytest-of-eason/pytest-200/test_other_supported_frame_rat1/master_frames/000023.png,3062,file,核对为本次camera-video测试产物；不清理其他pytest目录
可直接清理,pytest测试临时目录,/var/folders/9w/yltr8zcx3gxb3rs6lr0kxwth0000gn/T/pytest-of-eason/pytest-200/test_other_supported_frame_rat1/master_frames/000024.png,2980,file,核对为本次camera-video测试产物；不清理其他pytest目录
可直接清理,pytest测试临时目录,/var/folders/9w/yltr8zcx3gxb3rs6lr0kxwth0000gn/T/pytest-of-eason/pytest-200/test_other_supported_frame_rat1/master_frames/000025.png,3008,file,核对为本次camera-video测试产物；不清理其他pytest目录
可直接清理,pytest测试临时目录,/var/folders/9w/yltr8zcx3gxb3rs6lr0kxwth0000gn/T/pytest-of-eason/pytest-200/test_other_supported_frame_rat1/master_frames/000026.png,2984,file,核对为本次camera-video测试产物；不清理其他pytest目录
可直接清理,pytest测试临时目录,/var/folders/9w/yltr8zcx3gxb3rs6lr0kxwth0000gn/T/pytest-of-eason/pytest-200/test_other_supported_frame_rat1/master_frames/000027.png,2938,file,核对为本次camera-video测试产物；不清理其他pytest目录
可直接清理,pytest测试临时目录,/var/folders/9w/yltr8zcx3gxb3rs6lr0kxwth0000gn/T/pytest-of-eason/pytest-200/test_other_supported_frame_rat1/master_frames/000028.png,2955,file,核对为本次camera-video测试产物；不清理其他pytest目录
可直接清理,pytest测试临时目录,/var/folders/9w/yltr8zcx3gxb3rs6lr0kxwth0000gn/T/pytest-of-eason/pytest-200/test_other_supported_frame_rat1/master_frames/000029.png,2985,file,核对为本次camera-video测试产物；不清理其他pytest目录
可直接清理,pytest测试临时目录,/var/folders/9w/yltr8zcx3gxb3rs6lr0kxwth0000gn/T/pytest-of-eason/pytest-200/test_other_supported_frame_rat1/master_frames/000030.png,2945,file,核对为本次camera-video测试产物；不清理其他pytest目录
可直接清理,pytest测试临时目录,/var/folders/9w/yltr8zcx3gxb3rs6lr0kxwth0000gn/T/pytest-of-eason/pytest-200/test_other_supported_frame_rat1/master_frames/000031.png,2935,file,核对为本次camera-video测试产物；不清理其他pytest目录
可直接清理,pytest测试临时目录,/var/folders/9w/yltr8zcx3gxb3rs6lr0kxwth0000gn/T/pytest-of-eason/pytest-200/test_other_supported_frame_rat1/master_frames/000032.png,2970,file,核对为本次camera-video测试产物；不清理其他pytest目录
可直接清理,pytest测试临时目录,/var/folders/9w/yltr8zcx3gxb3rs6lr0kxwth0000gn/T/pytest-of-eason/pytest-200/test_other_supported_frame_rat1/master_frames/000033.png,2983,file,核对为本次camera-video测试产物；不清理其他pytest目录
可直接清理,pytest测试临时目录,/var/folders/9w/yltr8zcx3gxb3rs6lr0kxwth0000gn/T/pytest-of-eason/pytest-200/test_other_supported_frame_rat1/master_frames/000034.png,2969,file,核对为本次camera-video测试产物；不清理其他pytest目录
可直接清理,pytest测试临时目录,/var/folders/9w/yltr8zcx3gxb3rs6lr0kxwth0000gn/T/pytest-of-eason/pytest-200/test_other_supported_frame_rat1/master_frames/000035.png,2929,file,核对为本次camera-video测试产物；不清理其他pytest目录
可直接清理,pytest测试临时目录,/var/folders/9w/yltr8zcx3gxb3rs6lr0kxwth0000gn/T/pytest-of-eason/pytest-200/test_other_supported_frame_rat1/master_frames/000036.png,2986,file,核对为本次camera-video测试产物；不清理其他pytest目录
可直接清理,pytest测试临时目录,/var/folders/9w/yltr8zcx3gxb3rs6lr0kxwth0000gn/T/pytest-of-eason/pytest-200/test_other_supported_frame_rat1/master_frames/000037.png,2993,file,核对为本次camera-video测试产物；不清理其他pytest目录
可直接清理,pytest测试临时目录,/var/folders/9w/yltr8zcx3gxb3rs6lr0kxwth0000gn/T/pytest-of-eason/pytest-200/test_other_supported_frame_rat1/master_frames/000038.png,3008,file,核对为本次camera-video测试产物；不清理其他pytest目录
可直接清理,pytest测试临时目录,/var/folders/9w/yltr8zcx3gxb3rs6lr0kxwth0000gn/T/pytest-of-eason/pytest-200/test_other_supported_frame_rat1/master_frames/000039.png,3016,file,核对为本次camera-video测试产物；不清理其他pytest目录
可直接清理,pytest测试临时目录,/var/folders/9w/yltr8zcx3gxb3rs6lr0kxwth0000gn/T/pytest-of-eason/pytest-200/test_other_supported_frame_rat1/video.mp4,67617,file,核对为本次camera-video测试产物；不清理其他pytest目录
可直接清理,pytest测试临时目录,/var/folders/9w/yltr8zcx3gxb3rs6lr0kxwth0000gn/T/pytest-of-eason/pytest-200/test_pts_mismatch_is_rejected0/checks/encoding.json,5818,file,核对为本次camera-video测试产物；不清理其他pytest目录
可直接清理,pytest测试临时目录,/var/folders/9w/yltr8zcx3gxb3rs6lr0kxwth0000gn/T/pytest-of-eason/pytest-200/test_pts_mismatch_is_rejected0/frames.csv,570,file,核对为本次camera-video测试产物；不清理其他pytest目录
可直接清理,pytest测试临时目录,/var/folders/9w/yltr8zcx3gxb3rs6lr0kxwth0000gn/T/pytest-of-eason/pytest-200/test_pts_mismatch_is_rejected0/manifest.json,241,file,核对为本次camera-video测试产物；不清理其他pytest目录
可直接清理,pytest测试临时目录,/var/folders/9w/yltr8zcx3gxb3rs6lr0kxwth0000gn/T/pytest-of-eason/pytest-200/test_pts_mismatch_is_rejected0/master_frames/000000.png,3008,file,核对为本次camera-video测试产物；不清理其他pytest目录
可直接清理,pytest测试临时目录,/var/folders/9w/yltr8zcx3gxb3rs6lr0kxwth0000gn/T/pytest-of-eason/pytest-200/test_pts_mismatch_is_rejected0/master_frames/000001.png,3095,file,核对为本次camera-video测试产物；不清理其他pytest目录
可直接清理,pytest测试临时目录,/var/folders/9w/yltr8zcx3gxb3rs6lr0kxwth0000gn/T/pytest-of-eason/pytest-200/test_pts_mismatch_is_rejected0/master_frames/000002.png,3039,file,核对为本次camera-video测试产物；不清理其他pytest目录
可直接清理,pytest测试临时目录,/var/folders/9w/yltr8zcx3gxb3rs6lr0kxwth0000gn/T/pytest-of-eason/pytest-200/test_pts_mismatch_is_rejected0/master_frames/000003.png,3110,file,核对为本次camera-video测试产物；不清理其他pytest目录
可直接清理,pytest测试临时目录,/var/folders/9w/yltr8zcx3gxb3rs6lr0kxwth0000gn/T/pytest-of-eason/pytest-200/test_pts_mismatch_is_rejected0/master_frames/000004.png,3049,file,核对为本次camera-video测试产物；不清理其他pytest目录
可直接清理,pytest测试临时目录,/var/folders/9w/yltr8zcx3gxb3rs6lr0kxwth0000gn/T/pytest-of-eason/pytest-200/test_pts_mismatch_is_rejected0/master_frames/000005.png,3002,file,核对为本次camera-video测试产物；不清理其他pytest目录
可直接清理,pytest测试临时目录,/var/folders/9w/yltr8zcx3gxb3rs6lr0kxwth0000gn/T/pytest-of-eason/pytest-200/test_pts_mismatch_is_rejected0/master_frames/000006.png,3116,file,核对为本次camera-video测试产物；不清理其他pytest目录
可直接清理,pytest测试临时目录,/var/folders/9w/yltr8zcx3gxb3rs6lr0kxwth0000gn/T/pytest-of-eason/pytest-200/test_pts_mismatch_is_rejected0/master_frames/000007.png,3051,file,核对为本次camera-video测试产物；不清理其他pytest目录
可直接清理,pytest测试临时目录,/var/folders/9w/yltr8zcx3gxb3rs6lr0kxwth0000gn/T/pytest-of-eason/pytest-200/test_pts_mismatch_is_rejected0/master_frames/000008.png,2970,file,核对为本次camera-video测试产物；不清理其他pytest目录
可直接清理,pytest测试临时目录,/var/folders/9w/yltr8zcx3gxb3rs6lr0kxwth0000gn/T/pytest-of-eason/pytest-200/test_pts_mismatch_is_rejected0/master_frames/000009.png,3060,file,核对为本次camera-video测试产物；不清理其他pytest目录
可直接清理,pytest测试临时目录,/var/folders/9w/yltr8zcx3gxb3rs6lr0kxwth0000gn/T/pytest-of-eason/pytest-200/test_pts_mismatch_is_rejected0/master_frames/000010.png,3067,file,核对为本次camera-video测试产物；不清理其他pytest目录
可直接清理,pytest测试临时目录,/var/folders/9w/yltr8zcx3gxb3rs6lr0kxwth0000gn/T/pytest-of-eason/pytest-200/test_pts_mismatch_is_rejected0/master_frames/000011.png,3063,file,核对为本次camera-video测试产物；不清理其他pytest目录
可直接清理,pytest测试临时目录,/var/folders/9w/yltr8zcx3gxb3rs6lr0kxwth0000gn/T/pytest-of-eason/pytest-200/test_pts_mismatch_is_rejected0/master_frames/000012.png,3036,file,核对为本次camera-video测试产物；不清理其他pytest目录
可直接清理,pytest测试临时目录,/var/folders/9w/yltr8zcx3gxb3rs6lr0kxwth0000gn/T/pytest-of-eason/pytest-200/test_pts_mismatch_is_rejected0/master_frames/000013.png,3072,file,核对为本次camera-video测试产物；不清理其他pytest目录
可直接清理,pytest测试临时目录,/var/folders/9w/yltr8zcx3gxb3rs6lr0kxwth0000gn/T/pytest-of-eason/pytest-200/test_pts_mismatch_is_rejected0/master_frames/000014.png,3014,file,核对为本次camera-video测试产物；不清理其他pytest目录
可直接清理,pytest测试临时目录,/var/folders/9w/yltr8zcx3gxb3rs6lr0kxwth0000gn/T/pytest-of-eason/pytest-200/test_pts_mismatch_is_rejected0/master_frames/000015.png,3029,file,核对为本次camera-video测试产物；不清理其他pytest目录
可直接清理,pytest测试临时目录,/var/folders/9w/yltr8zcx3gxb3rs6lr0kxwth0000gn/T/pytest-of-eason/pytest-200/test_pts_mismatch_is_rejected0/master_frames/000016.png,3053,file,核对为本次camera-video测试产物；不清理其他pytest目录
可直接清理,pytest测试临时目录,/var/folders/9w/yltr8zcx3gxb3rs6lr0kxwth0000gn/T/pytest-of-eason/pytest-200/test_pts_mismatch_is_rejected0/master_frames/000017.png,3052,file,核对为本次camera-video测试产物；不清理其他pytest目录
可直接清理,pytest测试临时目录,/var/folders/9w/yltr8zcx3gxb3rs6lr0kxwth0000gn/T/pytest-of-eason/pytest-200/test_pts_mismatch_is_rejected0/master_frames/000018.png,3045,file,核对为本次camera-video测试产物；不清理其他pytest目录
可直接清理,pytest测试临时目录,/var/folders/9w/yltr8zcx3gxb3rs6lr0kxwth0000gn/T/pytest-of-eason/pytest-200/test_pts_mismatch_is_rejected0/master_frames/000019.png,3076,file,核对为本次camera-video测试产物；不清理其他pytest目录
可直接清理,pytest测试临时目录,/var/folders/9w/yltr8zcx3gxb3rs6lr0kxwth0000gn/T/pytest-of-eason/pytest-200/test_pts_mismatch_is_rejected0/master_frames/000020.png,2992,file,核对为本次camera-video测试产物；不清理其他pytest目录
可直接清理,pytest测试临时目录,/var/folders/9w/yltr8zcx3gxb3rs6lr0kxwth0000gn/T/pytest-of-eason/pytest-200/test_pts_mismatch_is_rejected0/master_frames/000021.png,3000,file,核对为本次camera-video测试产物；不清理其他pytest目录
可直接清理,pytest测试临时目录,/var/folders/9w/yltr8zcx3gxb3rs6lr0kxwth0000gn/T/pytest-of-eason/pytest-200/test_pts_mismatch_is_rejected0/master_frames/000022.png,2987,file,核对为本次camera-video测试产物；不清理其他pytest目录
可直接清理,pytest测试临时目录,/var/folders/9w/yltr8zcx3gxb3rs6lr0kxwth0000gn/T/pytest-of-eason/pytest-200/test_pts_mismatch_is_rejected0/master_frames/000023.png,3062,file,核对为本次camera-video测试产物；不清理其他pytest目录
可直接清理,pytest测试临时目录,/var/folders/9w/yltr8zcx3gxb3rs6lr0kxwth0000gn/T/pytest-of-eason/pytest-200/test_pts_mismatch_is_rejected0/master_frames/000024.png,2980,file,核对为本次camera-video测试产物；不清理其他pytest目录
可直接清理,pytest测试临时目录,/var/folders/9w/yltr8zcx3gxb3rs6lr0kxwth0000gn/T/pytest-of-eason/pytest-200/test_pts_mismatch_is_rejected0/master_frames/000025.png,3008,file,核对为本次camera-video测试产物；不清理其他pytest目录
可直接清理,pytest测试临时目录,/var/folders/9w/yltr8zcx3gxb3rs6lr0kxwth0000gn/T/pytest-of-eason/pytest-200/test_pts_mismatch_is_rejected0/master_frames/000026.png,2984,file,核对为本次camera-video测试产物；不清理其他pytest目录
可直接清理,pytest测试临时目录,/var/folders/9w/yltr8zcx3gxb3rs6lr0kxwth0000gn/T/pytest-of-eason/pytest-200/test_pts_mismatch_is_rejected0/master_frames/000027.png,2938,file,核对为本次camera-video测试产物；不清理其他pytest目录
可直接清理,pytest测试临时目录,/var/folders/9w/yltr8zcx3gxb3rs6lr0kxwth0000gn/T/pytest-of-eason/pytest-200/test_pts_mismatch_is_rejected0/master_frames/000028.png,2955,file,核对为本次camera-video测试产物；不清理其他pytest目录
可直接清理,pytest测试临时目录,/var/folders/9w/yltr8zcx3gxb3rs6lr0kxwth0000gn/T/pytest-of-eason/pytest-200/test_pts_mismatch_is_rejected0/master_frames/000029.png,2985,file,核对为本次camera-video测试产物；不清理其他pytest目录
可直接清理,pytest测试临时目录,/var/folders/9w/yltr8zcx3gxb3rs6lr0kxwth0000gn/T/pytest-of-eason/pytest-200/test_pts_mismatch_is_rejected0/master_frames/000030.png,2945,file,核对为本次camera-video测试产物；不清理其他pytest目录
可直接清理,pytest测试临时目录,/var/folders/9w/yltr8zcx3gxb3rs6lr0kxwth0000gn/T/pytest-of-eason/pytest-200/test_pts_mismatch_is_rejected0/master_frames/000031.png,2935,file,核对为本次camera-video测试产物；不清理其他pytest目录
可直接清理,pytest测试临时目录,/var/folders/9w/yltr8zcx3gxb3rs6lr0kxwth0000gn/T/pytest-of-eason/pytest-200/test_pts_mismatch_is_rejected0/master_frames/000032.png,2970,file,核对为本次camera-video测试产物；不清理其他pytest目录
可直接清理,pytest测试临时目录,/var/folders/9w/yltr8zcx3gxb3rs6lr0kxwth0000gn/T/pytest-of-eason/pytest-200/test_pts_mismatch_is_rejected0/master_frames/000033.png,2983,file,核对为本次camera-video测试产物；不清理其他pytest目录
可直接清理,pytest测试临时目录,/var/folders/9w/yltr8zcx3gxb3rs6lr0kxwth0000gn/T/pytest-of-eason/pytest-200/test_pts_mismatch_is_rejected0/master_frames/000034.png,2969,file,核对为本次camera-video测试产物；不清理其他pytest目录
可直接清理,pytest测试临时目录,/var/folders/9w/yltr8zcx3gxb3rs6lr0kxwth0000gn/T/pytest-of-eason/pytest-200/test_pts_mismatch_is_rejected0/master_frames/000035.png,2929,file,核对为本次camera-video测试产物；不清理其他pytest目录
可直接清理,pytest测试临时目录,/var/folders/9w/yltr8zcx3gxb3rs6lr0kxwth0000gn/T/pytest-of-eason/pytest-200/test_pts_mismatch_is_rejected0/master_frames/000036.png,2986,file,核对为本次camera-video测试产物；不清理其他pytest目录
可直接清理,pytest测试临时目录,/var/folders/9w/yltr8zcx3gxb3rs6lr0kxwth0000gn/T/pytest-of-eason/pytest-200/test_pts_mismatch_is_rejected0/master_frames/000037.png,2993,file,核对为本次camera-video测试产物；不清理其他pytest目录
可直接清理,pytest测试临时目录,/var/folders/9w/yltr8zcx3gxb3rs6lr0kxwth0000gn/T/pytest-of-eason/pytest-200/test_pts_mismatch_is_rejected0/master_frames/000038.png,3008,file,核对为本次camera-video测试产物；不清理其他pytest目录
可直接清理,pytest测试临时目录,/var/folders/9w/yltr8zcx3gxb3rs6lr0kxwth0000gn/T/pytest-of-eason/pytest-200/test_pts_mismatch_is_rejected0/master_frames/000039.png,3016,file,核对为本次camera-video测试产物；不清理其他pytest目录
可直接清理,pytest测试临时目录,/var/folders/9w/yltr8zcx3gxb3rs6lr0kxwth0000gn/T/pytest-of-eason/pytest-200/test_pts_mismatch_is_rejected0/video.mp4,67617,file,核对为本次camera-video测试产物；不清理其他pytest目录
可直接清理,pytest测试临时目录,/var/folders/9w/yltr8zcx3gxb3rs6lr0kxwth0000gn/T/pytest-of-eason/pytest-200/test_resume_committed_video_be0/checks/encoding.json,5820,file,核对为本次camera-video测试产物；不清理其他pytest目录
可直接清理,pytest测试临时目录,/var/folders/9w/yltr8zcx3gxb3rs6lr0kxwth0000gn/T/pytest-of-eason/pytest-200/test_resume_committed_video_be0/frames.csv,611,file,核对为本次camera-video测试产物；不清理其他pytest目录
可直接清理,pytest测试临时目录,/var/folders/9w/yltr8zcx3gxb3rs6lr0kxwth0000gn/T/pytest-of-eason/pytest-200/test_resume_committed_video_be0/manifest.json,241,file,核对为本次camera-video测试产物；不清理其他pytest目录
可直接清理,pytest测试临时目录,/var/folders/9w/yltr8zcx3gxb3rs6lr0kxwth0000gn/T/pytest-of-eason/pytest-200/test_resume_committed_video_be0/master_frames/000000.png,3008,file,核对为本次camera-video测试产物；不清理其他pytest目录
可直接清理,pytest测试临时目录,/var/folders/9w/yltr8zcx3gxb3rs6lr0kxwth0000gn/T/pytest-of-eason/pytest-200/test_resume_committed_video_be0/master_frames/000001.png,3095,file,核对为本次camera-video测试产物；不清理其他pytest目录
可直接清理,pytest测试临时目录,/var/folders/9w/yltr8zcx3gxb3rs6lr0kxwth0000gn/T/pytest-of-eason/pytest-200/test_resume_committed_video_be0/master_frames/000002.png,3039,file,核对为本次camera-video测试产物；不清理其他pytest目录
可直接清理,pytest测试临时目录,/var/folders/9w/yltr8zcx3gxb3rs6lr0kxwth0000gn/T/pytest-of-eason/pytest-200/test_resume_committed_video_be0/master_frames/000003.png,3110,file,核对为本次camera-video测试产物；不清理其他pytest目录
可直接清理,pytest测试临时目录,/var/folders/9w/yltr8zcx3gxb3rs6lr0kxwth0000gn/T/pytest-of-eason/pytest-200/test_resume_committed_video_be0/master_frames/000004.png,3049,file,核对为本次camera-video测试产物；不清理其他pytest目录
可直接清理,pytest测试临时目录,/var/folders/9w/yltr8zcx3gxb3rs6lr0kxwth0000gn/T/pytest-of-eason/pytest-200/test_resume_committed_video_be0/master_frames/000005.png,3002,file,核对为本次camera-video测试产物；不清理其他pytest目录
可直接清理,pytest测试临时目录,/var/folders/9w/yltr8zcx3gxb3rs6lr0kxwth0000gn/T/pytest-of-eason/pytest-200/test_resume_committed_video_be0/master_frames/000006.png,3116,file,核对为本次camera-video测试产物；不清理其他pytest目录
可直接清理,pytest测试临时目录,/var/folders/9w/yltr8zcx3gxb3rs6lr0kxwth0000gn/T/pytest-of-eason/pytest-200/test_resume_committed_video_be0/master_frames/000007.png,3051,file,核对为本次camera-video测试产物；不清理其他pytest目录
可直接清理,pytest测试临时目录,/var/folders/9w/yltr8zcx3gxb3rs6lr0kxwth0000gn/T/pytest-of-eason/pytest-200/test_resume_committed_video_be0/master_frames/000008.png,2970,file,核对为本次camera-video测试产物；不清理其他pytest目录
可直接清理,pytest测试临时目录,/var/folders/9w/yltr8zcx3gxb3rs6lr0kxwth0000gn/T/pytest-of-eason/pytest-200/test_resume_committed_video_be0/master_frames/000009.png,3060,file,核对为本次camera-video测试产物；不清理其他pytest目录
可直接清理,pytest测试临时目录,/var/folders/9w/yltr8zcx3gxb3rs6lr0kxwth0000gn/T/pytest-of-eason/pytest-200/test_resume_committed_video_be0/master_frames/000010.png,3067,file,核对为本次camera-video测试产物；不清理其他pytest目录
可直接清理,pytest测试临时目录,/var/folders/9w/yltr8zcx3gxb3rs6lr0kxwth0000gn/T/pytest-of-eason/pytest-200/test_resume_committed_video_be0/master_frames/000011.png,3063,file,核对为本次camera-video测试产物；不清理其他pytest目录
可直接清理,pytest测试临时目录,/var/folders/9w/yltr8zcx3gxb3rs6lr0kxwth0000gn/T/pytest-of-eason/pytest-200/test_resume_committed_video_be0/master_frames/000012.png,3036,file,核对为本次camera-video测试产物；不清理其他pytest目录
可直接清理,pytest测试临时目录,/var/folders/9w/yltr8zcx3gxb3rs6lr0kxwth0000gn/T/pytest-of-eason/pytest-200/test_resume_committed_video_be0/master_frames/000013.png,3072,file,核对为本次camera-video测试产物；不清理其他pytest目录
可直接清理,pytest测试临时目录,/var/folders/9w/yltr8zcx3gxb3rs6lr0kxwth0000gn/T/pytest-of-eason/pytest-200/test_resume_committed_video_be0/master_frames/000014.png,3014,file,核对为本次camera-video测试产物；不清理其他pytest目录
可直接清理,pytest测试临时目录,/var/folders/9w/yltr8zcx3gxb3rs6lr0kxwth0000gn/T/pytest-of-eason/pytest-200/test_resume_committed_video_be0/master_frames/000015.png,3029,file,核对为本次camera-video测试产物；不清理其他pytest目录
可直接清理,pytest测试临时目录,/var/folders/9w/yltr8zcx3gxb3rs6lr0kxwth0000gn/T/pytest-of-eason/pytest-200/test_resume_committed_video_be0/master_frames/000016.png,3053,file,核对为本次camera-video测试产物；不清理其他pytest目录
可直接清理,pytest测试临时目录,/var/folders/9w/yltr8zcx3gxb3rs6lr0kxwth0000gn/T/pytest-of-eason/pytest-200/test_resume_committed_video_be0/master_frames/000017.png,3052,file,核对为本次camera-video测试产物；不清理其他pytest目录
可直接清理,pytest测试临时目录,/var/folders/9w/yltr8zcx3gxb3rs6lr0kxwth0000gn/T/pytest-of-eason/pytest-200/test_resume_committed_video_be0/master_frames/000018.png,3045,file,核对为本次camera-video测试产物；不清理其他pytest目录
可直接清理,pytest测试临时目录,/var/folders/9w/yltr8zcx3gxb3rs6lr0kxwth0000gn/T/pytest-of-eason/pytest-200/test_resume_committed_video_be0/master_frames/000019.png,3076,file,核对为本次camera-video测试产物；不清理其他pytest目录
可直接清理,pytest测试临时目录,/var/folders/9w/yltr8zcx3gxb3rs6lr0kxwth0000gn/T/pytest-of-eason/pytest-200/test_resume_committed_video_be0/master_frames/000020.png,2992,file,核对为本次camera-video测试产物；不清理其他pytest目录
可直接清理,pytest测试临时目录,/var/folders/9w/yltr8zcx3gxb3rs6lr0kxwth0000gn/T/pytest-of-eason/pytest-200/test_resume_committed_video_be0/master_frames/000021.png,3000,file,核对为本次camera-video测试产物；不清理其他pytest目录
可直接清理,pytest测试临时目录,/var/folders/9w/yltr8zcx3gxb3rs6lr0kxwth0000gn/T/pytest-of-eason/pytest-200/test_resume_committed_video_be0/master_frames/000022.png,2987,file,核对为本次camera-video测试产物；不清理其他pytest目录
可直接清理,pytest测试临时目录,/var/folders/9w/yltr8zcx3gxb3rs6lr0kxwth0000gn/T/pytest-of-eason/pytest-200/test_resume_committed_video_be0/master_frames/000023.png,3062,file,核对为本次camera-video测试产物；不清理其他pytest目录
可直接清理,pytest测试临时目录,/var/folders/9w/yltr8zcx3gxb3rs6lr0kxwth0000gn/T/pytest-of-eason/pytest-200/test_resume_committed_video_be0/master_frames/000024.png,2980,file,核对为本次camera-video测试产物；不清理其他pytest目录
可直接清理,pytest测试临时目录,/var/folders/9w/yltr8zcx3gxb3rs6lr0kxwth0000gn/T/pytest-of-eason/pytest-200/test_resume_committed_video_be0/master_frames/000025.png,3008,file,核对为本次camera-video测试产物；不清理其他pytest目录
可直接清理,pytest测试临时目录,/var/folders/9w/yltr8zcx3gxb3rs6lr0kxwth0000gn/T/pytest-of-eason/pytest-200/test_resume_committed_video_be0/master_frames/000026.png,2984,file,核对为本次camera-video测试产物；不清理其他pytest目录
可直接清理,pytest测试临时目录,/var/folders/9w/yltr8zcx3gxb3rs6lr0kxwth0000gn/T/pytest-of-eason/pytest-200/test_resume_committed_video_be0/master_frames/000027.png,2938,file,核对为本次camera-video测试产物；不清理其他pytest目录
可直接清理,pytest测试临时目录,/var/folders/9w/yltr8zcx3gxb3rs6lr0kxwth0000gn/T/pytest-of-eason/pytest-200/test_resume_committed_video_be0/master_frames/000028.png,2955,file,核对为本次camera-video测试产物；不清理其他pytest目录
可直接清理,pytest测试临时目录,/var/folders/9w/yltr8zcx3gxb3rs6lr0kxwth0000gn/T/pytest-of-eason/pytest-200/test_resume_committed_video_be0/master_frames/000029.png,2985,file,核对为本次camera-video测试产物；不清理其他pytest目录
可直接清理,pytest测试临时目录,/var/folders/9w/yltr8zcx3gxb3rs6lr0kxwth0000gn/T/pytest-of-eason/pytest-200/test_resume_committed_video_be0/master_frames/000030.png,2945,file,核对为本次camera-video测试产物；不清理其他pytest目录
可直接清理,pytest测试临时目录,/var/folders/9w/yltr8zcx3gxb3rs6lr0kxwth0000gn/T/pytest-of-eason/pytest-200/test_resume_committed_video_be0/master_frames/000031.png,2935,file,核对为本次camera-video测试产物；不清理其他pytest目录
可直接清理,pytest测试临时目录,/var/folders/9w/yltr8zcx3gxb3rs6lr0kxwth0000gn/T/pytest-of-eason/pytest-200/test_resume_committed_video_be0/master_frames/000032.png,2970,file,核对为本次camera-video测试产物；不清理其他pytest目录
可直接清理,pytest测试临时目录,/var/folders/9w/yltr8zcx3gxb3rs6lr0kxwth0000gn/T/pytest-of-eason/pytest-200/test_resume_committed_video_be0/master_frames/000033.png,2983,file,核对为本次camera-video测试产物；不清理其他pytest目录
可直接清理,pytest测试临时目录,/var/folders/9w/yltr8zcx3gxb3rs6lr0kxwth0000gn/T/pytest-of-eason/pytest-200/test_resume_committed_video_be0/master_frames/000034.png,2969,file,核对为本次camera-video测试产物；不清理其他pytest目录
可直接清理,pytest测试临时目录,/var/folders/9w/yltr8zcx3gxb3rs6lr0kxwth0000gn/T/pytest-of-eason/pytest-200/test_resume_committed_video_be0/master_frames/000035.png,2929,file,核对为本次camera-video测试产物；不清理其他pytest目录
可直接清理,pytest测试临时目录,/var/folders/9w/yltr8zcx3gxb3rs6lr0kxwth0000gn/T/pytest-of-eason/pytest-200/test_resume_committed_video_be0/master_frames/000036.png,2986,file,核对为本次camera-video测试产物；不清理其他pytest目录
可直接清理,pytest测试临时目录,/var/folders/9w/yltr8zcx3gxb3rs6lr0kxwth0000gn/T/pytest-of-eason/pytest-200/test_resume_committed_video_be0/master_frames/000037.png,2993,file,核对为本次camera-video测试产物；不清理其他pytest目录
可直接清理,pytest测试临时目录,/var/folders/9w/yltr8zcx3gxb3rs6lr0kxwth0000gn/T/pytest-of-eason/pytest-200/test_resume_committed_video_be0/master_frames/000038.png,3008,file,核对为本次camera-video测试产物；不清理其他pytest目录
可直接清理,pytest测试临时目录,/var/folders/9w/yltr8zcx3gxb3rs6lr0kxwth0000gn/T/pytest-of-eason/pytest-200/test_resume_committed_video_be0/master_frames/000039.png,3016,file,核对为本次camera-video测试产物；不清理其他pytest目录
可直接清理,pytest测试临时目录,/var/folders/9w/yltr8zcx3gxb3rs6lr0kxwth0000gn/T/pytest-of-eason/pytest-200/test_resume_committed_video_be0/video.mp4,67617,file,核对为本次camera-video测试产物；不清理其他pytest目录
可直接清理,pytest测试临时目录,/var/folders/9w/yltr8zcx3gxb3rs6lr0kxwth0000gn/T/pytest-of-eason/pytest-200/test_resume_owned_partial_vide0/checks/encoding.json,5820,file,核对为本次camera-video测试产物；不清理其他pytest目录
可直接清理,pytest测试临时目录,/var/folders/9w/yltr8zcx3gxb3rs6lr0kxwth0000gn/T/pytest-of-eason/pytest-200/test_resume_owned_partial_vide0/frames.csv,611,file,核对为本次camera-video测试产物；不清理其他pytest目录
可直接清理,pytest测试临时目录,/var/folders/9w/yltr8zcx3gxb3rs6lr0kxwth0000gn/T/pytest-of-eason/pytest-200/test_resume_owned_partial_vide0/manifest.json,241,file,核对为本次camera-video测试产物；不清理其他pytest目录
可直接清理,pytest测试临时目录,/var/folders/9w/yltr8zcx3gxb3rs6lr0kxwth0000gn/T/pytest-of-eason/pytest-200/test_resume_owned_partial_vide0/master_frames/000000.png,3008,file,核对为本次camera-video测试产物；不清理其他pytest目录
可直接清理,pytest测试临时目录,/var/folders/9w/yltr8zcx3gxb3rs6lr0kxwth0000gn/T/pytest-of-eason/pytest-200/test_resume_owned_partial_vide0/master_frames/000001.png,3095,file,核对为本次camera-video测试产物；不清理其他pytest目录
可直接清理,pytest测试临时目录,/var/folders/9w/yltr8zcx3gxb3rs6lr0kxwth0000gn/T/pytest-of-eason/pytest-200/test_resume_owned_partial_vide0/master_frames/000002.png,3039,file,核对为本次camera-video测试产物；不清理其他pytest目录
可直接清理,pytest测试临时目录,/var/folders/9w/yltr8zcx3gxb3rs6lr0kxwth0000gn/T/pytest-of-eason/pytest-200/test_resume_owned_partial_vide0/master_frames/000003.png,3110,file,核对为本次camera-video测试产物；不清理其他pytest目录
可直接清理,pytest测试临时目录,/var/folders/9w/yltr8zcx3gxb3rs6lr0kxwth0000gn/T/pytest-of-eason/pytest-200/test_resume_owned_partial_vide0/master_frames/000004.png,3049,file,核对为本次camera-video测试产物；不清理其他pytest目录
可直接清理,pytest测试临时目录,/var/folders/9w/yltr8zcx3gxb3rs6lr0kxwth0000gn/T/pytest-of-eason/pytest-200/test_resume_owned_partial_vide0/master_frames/000005.png,3002,file,核对为本次camera-video测试产物；不清理其他pytest目录
可直接清理,pytest测试临时目录,/var/folders/9w/yltr8zcx3gxb3rs6lr0kxwth0000gn/T/pytest-of-eason/pytest-200/test_resume_owned_partial_vide0/master_frames/000006.png,3116,file,核对为本次camera-video测试产物；不清理其他pytest目录
可直接清理,pytest测试临时目录,/var/folders/9w/yltr8zcx3gxb3rs6lr0kxwth0000gn/T/pytest-of-eason/pytest-200/test_resume_owned_partial_vide0/master_frames/000007.png,3051,file,核对为本次camera-video测试产物；不清理其他pytest目录
可直接清理,pytest测试临时目录,/var/folders/9w/yltr8zcx3gxb3rs6lr0kxwth0000gn/T/pytest-of-eason/pytest-200/test_resume_owned_partial_vide0/master_frames/000008.png,2970,file,核对为本次camera-video测试产物；不清理其他pytest目录
可直接清理,pytest测试临时目录,/var/folders/9w/yltr8zcx3gxb3rs6lr0kxwth0000gn/T/pytest-of-eason/pytest-200/test_resume_owned_partial_vide0/master_frames/000009.png,3060,file,核对为本次camera-video测试产物；不清理其他pytest目录
可直接清理,pytest测试临时目录,/var/folders/9w/yltr8zcx3gxb3rs6lr0kxwth0000gn/T/pytest-of-eason/pytest-200/test_resume_owned_partial_vide0/master_frames/000010.png,3067,file,核对为本次camera-video测试产物；不清理其他pytest目录
可直接清理,pytest测试临时目录,/var/folders/9w/yltr8zcx3gxb3rs6lr0kxwth0000gn/T/pytest-of-eason/pytest-200/test_resume_owned_partial_vide0/master_frames/000011.png,3063,file,核对为本次camera-video测试产物；不清理其他pytest目录
可直接清理,pytest测试临时目录,/var/folders/9w/yltr8zcx3gxb3rs6lr0kxwth0000gn/T/pytest-of-eason/pytest-200/test_resume_owned_partial_vide0/master_frames/000012.png,3036,file,核对为本次camera-video测试产物；不清理其他pytest目录
可直接清理,pytest测试临时目录,/var/folders/9w/yltr8zcx3gxb3rs6lr0kxwth0000gn/T/pytest-of-eason/pytest-200/test_resume_owned_partial_vide0/master_frames/000013.png,3072,file,核对为本次camera-video测试产物；不清理其他pytest目录
可直接清理,pytest测试临时目录,/var/folders/9w/yltr8zcx3gxb3rs6lr0kxwth0000gn/T/pytest-of-eason/pytest-200/test_resume_owned_partial_vide0/master_frames/000014.png,3014,file,核对为本次camera-video测试产物；不清理其他pytest目录
可直接清理,pytest测试临时目录,/var/folders/9w/yltr8zcx3gxb3rs6lr0kxwth0000gn/T/pytest-of-eason/pytest-200/test_resume_owned_partial_vide0/master_frames/000015.png,3029,file,核对为本次camera-video测试产物；不清理其他pytest目录
可直接清理,pytest测试临时目录,/var/folders/9w/yltr8zcx3gxb3rs6lr0kxwth0000gn/T/pytest-of-eason/pytest-200/test_resume_owned_partial_vide0/master_frames/000016.png,3053,file,核对为本次camera-video测试产物；不清理其他pytest目录
可直接清理,pytest测试临时目录,/var/folders/9w/yltr8zcx3gxb3rs6lr0kxwth0000gn/T/pytest-of-eason/pytest-200/test_resume_owned_partial_vide0/master_frames/000017.png,3052,file,核对为本次camera-video测试产物；不清理其他pytest目录
可直接清理,pytest测试临时目录,/var/folders/9w/yltr8zcx3gxb3rs6lr0kxwth0000gn/T/pytest-of-eason/pytest-200/test_resume_owned_partial_vide0/master_frames/000018.png,3045,file,核对为本次camera-video测试产物；不清理其他pytest目录
可直接清理,pytest测试临时目录,/var/folders/9w/yltr8zcx3gxb3rs6lr0kxwth0000gn/T/pytest-of-eason/pytest-200/test_resume_owned_partial_vide0/master_frames/000019.png,3076,file,核对为本次camera-video测试产物；不清理其他pytest目录
可直接清理,pytest测试临时目录,/var/folders/9w/yltr8zcx3gxb3rs6lr0kxwth0000gn/T/pytest-of-eason/pytest-200/test_resume_owned_partial_vide0/master_frames/000020.png,2992,file,核对为本次camera-video测试产物；不清理其他pytest目录
可直接清理,pytest测试临时目录,/var/folders/9w/yltr8zcx3gxb3rs6lr0kxwth0000gn/T/pytest-of-eason/pytest-200/test_resume_owned_partial_vide0/master_frames/000021.png,3000,file,核对为本次camera-video测试产物；不清理其他pytest目录
可直接清理,pytest测试临时目录,/var/folders/9w/yltr8zcx3gxb3rs6lr0kxwth0000gn/T/pytest-of-eason/pytest-200/test_resume_owned_partial_vide0/master_frames/000022.png,2987,file,核对为本次camera-video测试产物；不清理其他pytest目录
可直接清理,pytest测试临时目录,/var/folders/9w/yltr8zcx3gxb3rs6lr0kxwth0000gn/T/pytest-of-eason/pytest-200/test_resume_owned_partial_vide0/master_frames/000023.png,3062,file,核对为本次camera-video测试产物；不清理其他pytest目录
可直接清理,pytest测试临时目录,/var/folders/9w/yltr8zcx3gxb3rs6lr0kxwth0000gn/T/pytest-of-eason/pytest-200/test_resume_owned_partial_vide0/master_frames/000024.png,2980,file,核对为本次camera-video测试产物；不清理其他pytest目录
可直接清理,pytest测试临时目录,/var/folders/9w/yltr8zcx3gxb3rs6lr0kxwth0000gn/T/pytest-of-eason/pytest-200/test_resume_owned_partial_vide0/master_frames/000025.png,3008,file,核对为本次camera-video测试产物；不清理其他pytest目录
可直接清理,pytest测试临时目录,/var/folders/9w/yltr8zcx3gxb3rs6lr0kxwth0000gn/T/pytest-of-eason/pytest-200/test_resume_owned_partial_vide0/master_frames/000026.png,2984,file,核对为本次camera-video测试产物；不清理其他pytest目录
可直接清理,pytest测试临时目录,/var/folders/9w/yltr8zcx3gxb3rs6lr0kxwth0000gn/T/pytest-of-eason/pytest-200/test_resume_owned_partial_vide0/master_frames/000027.png,2938,file,核对为本次camera-video测试产物；不清理其他pytest目录
可直接清理,pytest测试临时目录,/var/folders/9w/yltr8zcx3gxb3rs6lr0kxwth0000gn/T/pytest-of-eason/pytest-200/test_resume_owned_partial_vide0/master_frames/000028.png,2955,file,核对为本次camera-video测试产物；不清理其他pytest目录
可直接清理,pytest测试临时目录,/var/folders/9w/yltr8zcx3gxb3rs6lr0kxwth0000gn/T/pytest-of-eason/pytest-200/test_resume_owned_partial_vide0/master_frames/000029.png,2985,file,核对为本次camera-video测试产物；不清理其他pytest目录
可直接清理,pytest测试临时目录,/var/folders/9w/yltr8zcx3gxb3rs6lr0kxwth0000gn/T/pytest-of-eason/pytest-200/test_resume_owned_partial_vide0/master_frames/000030.png,2945,file,核对为本次camera-video测试产物；不清理其他pytest目录
可直接清理,pytest测试临时目录,/var/folders/9w/yltr8zcx3gxb3rs6lr0kxwth0000gn/T/pytest-of-eason/pytest-200/test_resume_owned_partial_vide0/master_frames/000031.png,2935,file,核对为本次camera-video测试产物；不清理其他pytest目录
可直接清理,pytest测试临时目录,/var/folders/9w/yltr8zcx3gxb3rs6lr0kxwth0000gn/T/pytest-of-eason/pytest-200/test_resume_owned_partial_vide0/master_frames/000032.png,2970,file,核对为本次camera-video测试产物；不清理其他pytest目录
可直接清理,pytest测试临时目录,/var/folders/9w/yltr8zcx3gxb3rs6lr0kxwth0000gn/T/pytest-of-eason/pytest-200/test_resume_owned_partial_vide0/master_frames/000033.png,2983,file,核对为本次camera-video测试产物；不清理其他pytest目录
可直接清理,pytest测试临时目录,/var/folders/9w/yltr8zcx3gxb3rs6lr0kxwth0000gn/T/pytest-of-eason/pytest-200/test_resume_owned_partial_vide0/master_frames/000034.png,2969,file,核对为本次camera-video测试产物；不清理其他pytest目录
可直接清理,pytest测试临时目录,/var/folders/9w/yltr8zcx3gxb3rs6lr0kxwth0000gn/T/pytest-of-eason/pytest-200/test_resume_owned_partial_vide0/master_frames/000035.png,2929,file,核对为本次camera-video测试产物；不清理其他pytest目录
可直接清理,pytest测试临时目录,/var/folders/9w/yltr8zcx3gxb3rs6lr0kxwth0000gn/T/pytest-of-eason/pytest-200/test_resume_owned_partial_vide0/master_frames/000036.png,2986,file,核对为本次camera-video测试产物；不清理其他pytest目录
可直接清理,pytest测试临时目录,/var/folders/9w/yltr8zcx3gxb3rs6lr0kxwth0000gn/T/pytest-of-eason/pytest-200/test_resume_owned_partial_vide0/master_frames/000037.png,2993,file,核对为本次camera-video测试产物；不清理其他pytest目录
可直接清理,pytest测试临时目录,/var/folders/9w/yltr8zcx3gxb3rs6lr0kxwth0000gn/T/pytest-of-eason/pytest-200/test_resume_owned_partial_vide0/master_frames/000038.png,3008,file,核对为本次camera-video测试产物；不清理其他pytest目录
可直接清理,pytest测试临时目录,/var/folders/9w/yltr8zcx3gxb3rs6lr0kxwth0000gn/T/pytest-of-eason/pytest-200/test_resume_owned_partial_vide0/master_frames/000039.png,3016,file,核对为本次camera-video测试产物；不清理其他pytest目录
可直接清理,pytest测试临时目录,/var/folders/9w/yltr8zcx3gxb3rs6lr0kxwth0000gn/T/pytest-of-eason/pytest-200/test_resume_owned_partial_vide0/video.mp4,67617,file,核对为本次camera-video测试产物；不清理其他pytest目录
可直接清理,pytest测试临时目录,/var/folders/9w/yltr8zcx3gxb3rs6lr0kxwth0000gn/T/pytest-of-eason/pytest-200/test_rtsp_midjoin_reconnect_cy0/checks/encoding.json,5820,file,核对为本次camera-video测试产物；不清理其他pytest目录
可直接清理,pytest测试临时目录,/var/folders/9w/yltr8zcx3gxb3rs6lr0kxwth0000gn/T/pytest-of-eason/pytest-200/test_rtsp_midjoin_reconnect_cy0/frames.csv,611,file,核对为本次camera-video测试产物；不清理其他pytest目录
可直接清理,pytest测试临时目录,/var/folders/9w/yltr8zcx3gxb3rs6lr0kxwth0000gn/T/pytest-of-eason/pytest-200/test_rtsp_midjoin_reconnect_cy0/manifest.json,241,file,核对为本次camera-video测试产物；不清理其他pytest目录
可直接清理,pytest测试临时目录,/var/folders/9w/yltr8zcx3gxb3rs6lr0kxwth0000gn/T/pytest-of-eason/pytest-200/test_rtsp_midjoin_reconnect_cy0/master_frames/000000.png,3008,file,核对为本次camera-video测试产物；不清理其他pytest目录
可直接清理,pytest测试临时目录,/var/folders/9w/yltr8zcx3gxb3rs6lr0kxwth0000gn/T/pytest-of-eason/pytest-200/test_rtsp_midjoin_reconnect_cy0/master_frames/000001.png,3095,file,核对为本次camera-video测试产物；不清理其他pytest目录
可直接清理,pytest测试临时目录,/var/folders/9w/yltr8zcx3gxb3rs6lr0kxwth0000gn/T/pytest-of-eason/pytest-200/test_rtsp_midjoin_reconnect_cy0/master_frames/000002.png,3039,file,核对为本次camera-video测试产物；不清理其他pytest目录
可直接清理,pytest测试临时目录,/var/folders/9w/yltr8zcx3gxb3rs6lr0kxwth0000gn/T/pytest-of-eason/pytest-200/test_rtsp_midjoin_reconnect_cy0/master_frames/000003.png,3110,file,核对为本次camera-video测试产物；不清理其他pytest目录
可直接清理,pytest测试临时目录,/var/folders/9w/yltr8zcx3gxb3rs6lr0kxwth0000gn/T/pytest-of-eason/pytest-200/test_rtsp_midjoin_reconnect_cy0/master_frames/000004.png,3049,file,核对为本次camera-video测试产物；不清理其他pytest目录
可直接清理,pytest测试临时目录,/var/folders/9w/yltr8zcx3gxb3rs6lr0kxwth0000gn/T/pytest-of-eason/pytest-200/test_rtsp_midjoin_reconnect_cy0/master_frames/000005.png,3002,file,核对为本次camera-video测试产物；不清理其他pytest目录
可直接清理,pytest测试临时目录,/var/folders/9w/yltr8zcx3gxb3rs6lr0kxwth0000gn/T/pytest-of-eason/pytest-200/test_rtsp_midjoin_reconnect_cy0/master_frames/000006.png,3116,file,核对为本次camera-video测试产物；不清理其他pytest目录
可直接清理,pytest测试临时目录,/var/folders/9w/yltr8zcx3gxb3rs6lr0kxwth0000gn/T/pytest-of-eason/pytest-200/test_rtsp_midjoin_reconnect_cy0/master_frames/000007.png,3051,file,核对为本次camera-video测试产物；不清理其他pytest目录
可直接清理,pytest测试临时目录,/var/folders/9w/yltr8zcx3gxb3rs6lr0kxwth0000gn/T/pytest-of-eason/pytest-200/test_rtsp_midjoin_reconnect_cy0/master_frames/000008.png,2970,file,核对为本次camera-video测试产物；不清理其他pytest目录
可直接清理,pytest测试临时目录,/var/folders/9w/yltr8zcx3gxb3rs6lr0kxwth0000gn/T/pytest-of-eason/pytest-200/test_rtsp_midjoin_reconnect_cy0/master_frames/000009.png,3060,file,核对为本次camera-video测试产物；不清理其他pytest目录
可直接清理,pytest测试临时目录,/var/folders/9w/yltr8zcx3gxb3rs6lr0kxwth0000gn/T/pytest-of-eason/pytest-200/test_rtsp_midjoin_reconnect_cy0/master_frames/000010.png,3067,file,核对为本次camera-video测试产物；不清理其他pytest目录
可直接清理,pytest测试临时目录,/var/folders/9w/yltr8zcx3gxb3rs6lr0kxwth0000gn/T/pytest-of-eason/pytest-200/test_rtsp_midjoin_reconnect_cy0/master_frames/000011.png,3063,file,核对为本次camera-video测试产物；不清理其他pytest目录
可直接清理,pytest测试临时目录,/var/folders/9w/yltr8zcx3gxb3rs6lr0kxwth0000gn/T/pytest-of-eason/pytest-200/test_rtsp_midjoin_reconnect_cy0/master_frames/000012.png,3036,file,核对为本次camera-video测试产物；不清理其他pytest目录
可直接清理,pytest测试临时目录,/var/folders/9w/yltr8zcx3gxb3rs6lr0kxwth0000gn/T/pytest-of-eason/pytest-200/test_rtsp_midjoin_reconnect_cy0/master_frames/000013.png,3072,file,核对为本次camera-video测试产物；不清理其他pytest目录
可直接清理,pytest测试临时目录,/var/folders/9w/yltr8zcx3gxb3rs6lr0kxwth0000gn/T/pytest-of-eason/pytest-200/test_rtsp_midjoin_reconnect_cy0/master_frames/000014.png,3014,file,核对为本次camera-video测试产物；不清理其他pytest目录
可直接清理,pytest测试临时目录,/var/folders/9w/yltr8zcx3gxb3rs6lr0kxwth0000gn/T/pytest-of-eason/pytest-200/test_rtsp_midjoin_reconnect_cy0/master_frames/000015.png,3029,file,核对为本次camera-video测试产物；不清理其他pytest目录
可直接清理,pytest测试临时目录,/var/folders/9w/yltr8zcx3gxb3rs6lr0kxwth0000gn/T/pytest-of-eason/pytest-200/test_rtsp_midjoin_reconnect_cy0/master_frames/000016.png,3053,file,核对为本次camera-video测试产物；不清理其他pytest目录
可直接清理,pytest测试临时目录,/var/folders/9w/yltr8zcx3gxb3rs6lr0kxwth0000gn/T/pytest-of-eason/pytest-200/test_rtsp_midjoin_reconnect_cy0/master_frames/000017.png,3052,file,核对为本次camera-video测试产物；不清理其他pytest目录
可直接清理,pytest测试临时目录,/var/folders/9w/yltr8zcx3gxb3rs6lr0kxwth0000gn/T/pytest-of-eason/pytest-200/test_rtsp_midjoin_reconnect_cy0/master_frames/000018.png,3045,file,核对为本次camera-video测试产物；不清理其他pytest目录
可直接清理,pytest测试临时目录,/var/folders/9w/yltr8zcx3gxb3rs6lr0kxwth0000gn/T/pytest-of-eason/pytest-200/test_rtsp_midjoin_reconnect_cy0/master_frames/000019.png,3076,file,核对为本次camera-video测试产物；不清理其他pytest目录
可直接清理,pytest测试临时目录,/var/folders/9w/yltr8zcx3gxb3rs6lr0kxwth0000gn/T/pytest-of-eason/pytest-200/test_rtsp_midjoin_reconnect_cy0/master_frames/000020.png,2992,file,核对为本次camera-video测试产物；不清理其他pytest目录
可直接清理,pytest测试临时目录,/var/folders/9w/yltr8zcx3gxb3rs6lr0kxwth0000gn/T/pytest-of-eason/pytest-200/test_rtsp_midjoin_reconnect_cy0/master_frames/000021.png,3000,file,核对为本次camera-video测试产物；不清理其他pytest目录
可直接清理,pytest测试临时目录,/var/folders/9w/yltr8zcx3gxb3rs6lr0kxwth0000gn/T/pytest-of-eason/pytest-200/test_rtsp_midjoin_reconnect_cy0/master_frames/000022.png,2987,file,核对为本次camera-video测试产物；不清理其他pytest目录
可直接清理,pytest测试临时目录,/var/folders/9w/yltr8zcx3gxb3rs6lr0kxwth0000gn/T/pytest-of-eason/pytest-200/test_rtsp_midjoin_reconnect_cy0/master_frames/000023.png,3062,file,核对为本次camera-video测试产物；不清理其他pytest目录
可直接清理,pytest测试临时目录,/var/folders/9w/yltr8zcx3gxb3rs6lr0kxwth0000gn/T/pytest-of-eason/pytest-200/test_rtsp_midjoin_reconnect_cy0/master_frames/000024.png,2980,file,核对为本次camera-video测试产物；不清理其他pytest目录
可直接清理,pytest测试临时目录,/var/folders/9w/yltr8zcx3gxb3rs6lr0kxwth0000gn/T/pytest-of-eason/pytest-200/test_rtsp_midjoin_reconnect_cy0/master_frames/000025.png,3008,file,核对为本次camera-video测试产物；不清理其他pytest目录
可直接清理,pytest测试临时目录,/var/folders/9w/yltr8zcx3gxb3rs6lr0kxwth0000gn/T/pytest-of-eason/pytest-200/test_rtsp_midjoin_reconnect_cy0/master_frames/000026.png,2984,file,核对为本次camera-video测试产物；不清理其他pytest目录
可直接清理,pytest测试临时目录,/var/folders/9w/yltr8zcx3gxb3rs6lr0kxwth0000gn/T/pytest-of-eason/pytest-200/test_rtsp_midjoin_reconnect_cy0/master_frames/000027.png,2938,file,核对为本次camera-video测试产物；不清理其他pytest目录
可直接清理,pytest测试临时目录,/var/folders/9w/yltr8zcx3gxb3rs6lr0kxwth0000gn/T/pytest-of-eason/pytest-200/test_rtsp_midjoin_reconnect_cy0/master_frames/000028.png,2955,file,核对为本次camera-video测试产物；不清理其他pytest目录
可直接清理,pytest测试临时目录,/var/folders/9w/yltr8zcx3gxb3rs6lr0kxwth0000gn/T/pytest-of-eason/pytest-200/test_rtsp_midjoin_reconnect_cy0/master_frames/000029.png,2985,file,核对为本次camera-video测试产物；不清理其他pytest目录
可直接清理,pytest测试临时目录,/var/folders/9w/yltr8zcx3gxb3rs6lr0kxwth0000gn/T/pytest-of-eason/pytest-200/test_rtsp_midjoin_reconnect_cy0/master_frames/000030.png,2945,file,核对为本次camera-video测试产物；不清理其他pytest目录
可直接清理,pytest测试临时目录,/var/folders/9w/yltr8zcx3gxb3rs6lr0kxwth0000gn/T/pytest-of-eason/pytest-200/test_rtsp_midjoin_reconnect_cy0/master_frames/000031.png,2935,file,核对为本次camera-video测试产物；不清理其他pytest目录
可直接清理,pytest测试临时目录,/var/folders/9w/yltr8zcx3gxb3rs6lr0kxwth0000gn/T/pytest-of-eason/pytest-200/test_rtsp_midjoin_reconnect_cy0/master_frames/000032.png,2970,file,核对为本次camera-video测试产物；不清理其他pytest目录
可直接清理,pytest测试临时目录,/var/folders/9w/yltr8zcx3gxb3rs6lr0kxwth0000gn/T/pytest-of-eason/pytest-200/test_rtsp_midjoin_reconnect_cy0/master_frames/000033.png,2983,file,核对为本次camera-video测试产物；不清理其他pytest目录
可直接清理,pytest测试临时目录,/var/folders/9w/yltr8zcx3gxb3rs6lr0kxwth0000gn/T/pytest-of-eason/pytest-200/test_rtsp_midjoin_reconnect_cy0/master_frames/000034.png,2969,file,核对为本次camera-video测试产物；不清理其他pytest目录
可直接清理,pytest测试临时目录,/var/folders/9w/yltr8zcx3gxb3rs6lr0kxwth0000gn/T/pytest-of-eason/pytest-200/test_rtsp_midjoin_reconnect_cy0/master_frames/000035.png,2929,file,核对为本次camera-video测试产物；不清理其他pytest目录
可直接清理,pytest测试临时目录,/var/folders/9w/yltr8zcx3gxb3rs6lr0kxwth0000gn/T/pytest-of-eason/pytest-200/test_rtsp_midjoin_reconnect_cy0/master_frames/000036.png,2986,file,核对为本次camera-video测试产物；不清理其他pytest目录
可直接清理,pytest测试临时目录,/var/folders/9w/yltr8zcx3gxb3rs6lr0kxwth0000gn/T/pytest-of-eason/pytest-200/test_rtsp_midjoin_reconnect_cy0/master_frames/000037.png,2993,file,核对为本次camera-video测试产物；不清理其他pytest目录
可直接清理,pytest测试临时目录,/var/folders/9w/yltr8zcx3gxb3rs6lr0kxwth0000gn/T/pytest-of-eason/pytest-200/test_rtsp_midjoin_reconnect_cy0/master_frames/000038.png,3008,file,核对为本次camera-video测试产物；不清理其他pytest目录
可直接清理,pytest测试临时目录,/var/folders/9w/yltr8zcx3gxb3rs6lr0kxwth0000gn/T/pytest-of-eason/pytest-200/test_rtsp_midjoin_reconnect_cy0/master_frames/000039.png,3016,file,核对为本次camera-video测试产物；不清理其他pytest目录
可直接清理,pytest测试临时目录,/var/folders/9w/yltr8zcx3gxb3rs6lr0kxwth0000gn/T/pytest-of-eason/pytest-200/test_rtsp_midjoin_reconnect_cy0/mediamtx.log,2938,file,核对为本次camera-video测试产物；不清理其他pytest目录
可直接清理,pytest测试临时目录,/var/folders/9w/yltr8zcx3gxb3rs6lr0kxwth0000gn/T/pytest-of-eason/pytest-200/test_rtsp_midjoin_reconnect_cy0/mediamtx.yml,189,file,核对为本次camera-video测试产物；不清理其他pytest目录
可直接清理,pytest测试临时目录,/var/folders/9w/yltr8zcx3gxb3rs6lr0kxwth0000gn/T/pytest-of-eason/pytest-200/test_rtsp_midjoin_reconnect_cy0/receiver-0/received.h264,85224,file,核对为本次camera-video测试产物；不清理其他pytest目录
可直接清理,pytest测试临时目录,/var/folders/9w/yltr8zcx3gxb3rs6lr0kxwth0000gn/T/pytest-of-eason/pytest-200/test_rtsp_midjoin_reconnect_cy0/receiver-0/received.jsonl,36513,file,核对为本次camera-video测试产物；不清理其他pytest目录
可直接清理,pytest测试临时目录,/var/folders/9w/yltr8zcx3gxb3rs6lr0kxwth0000gn/T/pytest-of-eason/pytest-200/test_rtsp_midjoin_reconnect_cy0/receiver-1/received.h264,85224,file,核对为本次camera-video测试产物；不清理其他pytest目录
可直接清理,pytest测试临时目录,/var/folders/9w/yltr8zcx3gxb3rs6lr0kxwth0000gn/T/pytest-of-eason/pytest-200/test_rtsp_midjoin_reconnect_cy0/receiver-1/received.jsonl,36518,file,核对为本次camera-video测试产物；不清理其他pytest目录
可直接清理,pytest测试临时目录,/var/folders/9w/yltr8zcx3gxb3rs6lr0kxwth0000gn/T/pytest-of-eason/pytest-200/test_rtsp_midjoin_reconnect_cy0/stream/270da100-378a-4620-8d58-45201fef51c7.jsonl,51104,file,核对为本次camera-video测试产物；不清理其他pytest目录
可直接清理,pytest测试临时目录,/var/folders/9w/yltr8zcx3gxb3rs6lr0kxwth0000gn/T/pytest-of-eason/pytest-200/test_rtsp_midjoin_reconnect_cy0/stream/52167ae6-d928-4fe8-9d48-5008d9b28b02.jsonl,51100,file,核对为本次camera-video测试产物；不清理其他pytest目录
可直接清理,pytest测试临时目录,/var/folders/9w/yltr8zcx3gxb3rs6lr0kxwth0000gn/T/pytest-of-eason/pytest-200/test_rtsp_midjoin_reconnect_cy0/video.mp4,67617,file,核对为本次camera-video测试产物；不清理其他pytest目录
可直接清理,pytest测试临时目录,/var/folders/9w/yltr8zcx3gxb3rs6lr0kxwth0000gn/T/pytest-of-eason/pytest-200/test_srgb_transfer_and_bt709_m0/checks/encoding.json,2150,file,核对为本次camera-video测试产物；不清理其他pytest目录
可直接清理,pytest测试临时目录,/var/folders/9w/yltr8zcx3gxb3rs6lr0kxwth0000gn/T/pytest-of-eason/pytest-200/test_srgb_transfer_and_bt709_m0/frames.csv,42,file,核对为本次camera-video测试产物；不清理其他pytest目录
可直接清理,pytest测试临时目录,/var/folders/9w/yltr8zcx3gxb3rs6lr0kxwth0000gn/T/pytest-of-eason/pytest-200/test_srgb_transfer_and_bt709_m0/master_frames/000000.png,209,file,核对为本次camera-video测试产物；不清理其他pytest目录
可直接清理,pytest测试临时目录,/var/folders/9w/yltr8zcx3gxb3rs6lr0kxwth0000gn/T/pytest-of-eason/pytest-200/test_srgb_transfer_and_bt709_m0/video.mp4,1555,file,核对为本次camera-video测试产物；不清理其他pytest目录
可直接清理,pytest测试临时目录,/var/folders/9w/yltr8zcx3gxb3rs6lr0kxwth0000gn/T/pytest-of-eason/pytest-200/test_tampered_package_rejected0/checks/encoding.json,5820,file,核对为本次camera-video测试产物；不清理其他pytest目录
可直接清理,pytest测试临时目录,/var/folders/9w/yltr8zcx3gxb3rs6lr0kxwth0000gn/T/pytest-of-eason/pytest-200/test_tampered_package_rejected0/frames.csv,8,file,核对为本次camera-video测试产物；不清理其他pytest目录
可直接清理,pytest测试临时目录,/var/folders/9w/yltr8zcx3gxb3rs6lr0kxwth0000gn/T/pytest-of-eason/pytest-200/test_tampered_package_rejected0/manifest.json,241,file,核对为本次camera-video测试产物；不清理其他pytest目录
可直接清理,pytest测试临时目录,/var/folders/9w/yltr8zcx3gxb3rs6lr0kxwth0000gn/T/pytest-of-eason/pytest-200/test_tampered_package_rejected0/master_frames/000000.png,3008,file,核对为本次camera-video测试产物；不清理其他pytest目录
可直接清理,pytest测试临时目录,/var/folders/9w/yltr8zcx3gxb3rs6lr0kxwth0000gn/T/pytest-of-eason/pytest-200/test_tampered_package_rejected0/master_frames/000001.png,3095,file,核对为本次camera-video测试产物；不清理其他pytest目录
可直接清理,pytest测试临时目录,/var/folders/9w/yltr8zcx3gxb3rs6lr0kxwth0000gn/T/pytest-of-eason/pytest-200/test_tampered_package_rejected0/master_frames/000002.png,3039,file,核对为本次camera-video测试产物；不清理其他pytest目录
可直接清理,pytest测试临时目录,/var/folders/9w/yltr8zcx3gxb3rs6lr0kxwth0000gn/T/pytest-of-eason/pytest-200/test_tampered_package_rejected0/master_frames/000003.png,3110,file,核对为本次camera-video测试产物；不清理其他pytest目录
可直接清理,pytest测试临时目录,/var/folders/9w/yltr8zcx3gxb3rs6lr0kxwth0000gn/T/pytest-of-eason/pytest-200/test_tampered_package_rejected0/master_frames/000004.png,3049,file,核对为本次camera-video测试产物；不清理其他pytest目录
可直接清理,pytest测试临时目录,/var/folders/9w/yltr8zcx3gxb3rs6lr0kxwth0000gn/T/pytest-of-eason/pytest-200/test_tampered_package_rejected0/master_frames/000005.png,3002,file,核对为本次camera-video测试产物；不清理其他pytest目录
可直接清理,pytest测试临时目录,/var/folders/9w/yltr8zcx3gxb3rs6lr0kxwth0000gn/T/pytest-of-eason/pytest-200/test_tampered_package_rejected0/master_frames/000006.png,3116,file,核对为本次camera-video测试产物；不清理其他pytest目录
可直接清理,pytest测试临时目录,/var/folders/9w/yltr8zcx3gxb3rs6lr0kxwth0000gn/T/pytest-of-eason/pytest-200/test_tampered_package_rejected0/master_frames/000007.png,3051,file,核对为本次camera-video测试产物；不清理其他pytest目录
可直接清理,pytest测试临时目录,/var/folders/9w/yltr8zcx3gxb3rs6lr0kxwth0000gn/T/pytest-of-eason/pytest-200/test_tampered_package_rejected0/master_frames/000008.png,2970,file,核对为本次camera-video测试产物；不清理其他pytest目录
可直接清理,pytest测试临时目录,/var/folders/9w/yltr8zcx3gxb3rs6lr0kxwth0000gn/T/pytest-of-eason/pytest-200/test_tampered_package_rejected0/master_frames/000009.png,3060,file,核对为本次camera-video测试产物；不清理其他pytest目录
可直接清理,pytest测试临时目录,/var/folders/9w/yltr8zcx3gxb3rs6lr0kxwth0000gn/T/pytest-of-eason/pytest-200/test_tampered_package_rejected0/master_frames/000010.png,3067,file,核对为本次camera-video测试产物；不清理其他pytest目录
可直接清理,pytest测试临时目录,/var/folders/9w/yltr8zcx3gxb3rs6lr0kxwth0000gn/T/pytest-of-eason/pytest-200/test_tampered_package_rejected0/master_frames/000011.png,3063,file,核对为本次camera-video测试产物；不清理其他pytest目录
可直接清理,pytest测试临时目录,/var/folders/9w/yltr8zcx3gxb3rs6lr0kxwth0000gn/T/pytest-of-eason/pytest-200/test_tampered_package_rejected0/master_frames/000012.png,3036,file,核对为本次camera-video测试产物；不清理其他pytest目录
可直接清理,pytest测试临时目录,/var/folders/9w/yltr8zcx3gxb3rs6lr0kxwth0000gn/T/pytest-of-eason/pytest-200/test_tampered_package_rejected0/master_frames/000013.png,3072,file,核对为本次camera-video测试产物；不清理其他pytest目录
可直接清理,pytest测试临时目录,/var/folders/9w/yltr8zcx3gxb3rs6lr0kxwth0000gn/T/pytest-of-eason/pytest-200/test_tampered_package_rejected0/master_frames/000014.png,3014,file,核对为本次camera-video测试产物；不清理其他pytest目录
可直接清理,pytest测试临时目录,/var/folders/9w/yltr8zcx3gxb3rs6lr0kxwth0000gn/T/pytest-of-eason/pytest-200/test_tampered_package_rejected0/master_frames/000015.png,3029,file,核对为本次camera-video测试产物；不清理其他pytest目录
可直接清理,pytest测试临时目录,/var/folders/9w/yltr8zcx3gxb3rs6lr0kxwth0000gn/T/pytest-of-eason/pytest-200/test_tampered_package_rejected0/master_frames/000016.png,3053,file,核对为本次camera-video测试产物；不清理其他pytest目录
可直接清理,pytest测试临时目录,/var/folders/9w/yltr8zcx3gxb3rs6lr0kxwth0000gn/T/pytest-of-eason/pytest-200/test_tampered_package_rejected0/master_frames/000017.png,3052,file,核对为本次camera-video测试产物；不清理其他pytest目录
可直接清理,pytest测试临时目录,/var/folders/9w/yltr8zcx3gxb3rs6lr0kxwth0000gn/T/pytest-of-eason/pytest-200/test_tampered_package_rejected0/master_frames/000018.png,3045,file,核对为本次camera-video测试产物；不清理其他pytest目录
可直接清理,pytest测试临时目录,/var/folders/9w/yltr8zcx3gxb3rs6lr0kxwth0000gn/T/pytest-of-eason/pytest-200/test_tampered_package_rejected0/master_frames/000019.png,3076,file,核对为本次camera-video测试产物；不清理其他pytest目录
可直接清理,pytest测试临时目录,/var/folders/9w/yltr8zcx3gxb3rs6lr0kxwth0000gn/T/pytest-of-eason/pytest-200/test_tampered_package_rejected0/master_frames/000020.png,2992,file,核对为本次camera-video测试产物；不清理其他pytest目录
可直接清理,pytest测试临时目录,/var/folders/9w/yltr8zcx3gxb3rs6lr0kxwth0000gn/T/pytest-of-eason/pytest-200/test_tampered_package_rejected0/master_frames/000021.png,3000,file,核对为本次camera-video测试产物；不清理其他pytest目录
可直接清理,pytest测试临时目录,/var/folders/9w/yltr8zcx3gxb3rs6lr0kxwth0000gn/T/pytest-of-eason/pytest-200/test_tampered_package_rejected0/master_frames/000022.png,2987,file,核对为本次camera-video测试产物；不清理其他pytest目录
可直接清理,pytest测试临时目录,/var/folders/9w/yltr8zcx3gxb3rs6lr0kxwth0000gn/T/pytest-of-eason/pytest-200/test_tampered_package_rejected0/master_frames/000023.png,3062,file,核对为本次camera-video测试产物；不清理其他pytest目录
可直接清理,pytest测试临时目录,/var/folders/9w/yltr8zcx3gxb3rs6lr0kxwth0000gn/T/pytest-of-eason/pytest-200/test_tampered_package_rejected0/master_frames/000024.png,2980,file,核对为本次camera-video测试产物；不清理其他pytest目录
可直接清理,pytest测试临时目录,/var/folders/9w/yltr8zcx3gxb3rs6lr0kxwth0000gn/T/pytest-of-eason/pytest-200/test_tampered_package_rejected0/master_frames/000025.png,3008,file,核对为本次camera-video测试产物；不清理其他pytest目录
可直接清理,pytest测试临时目录,/var/folders/9w/yltr8zcx3gxb3rs6lr0kxwth0000gn/T/pytest-of-eason/pytest-200/test_tampered_package_rejected0/master_frames/000026.png,2984,file,核对为本次camera-video测试产物；不清理其他pytest目录
可直接清理,pytest测试临时目录,/var/folders/9w/yltr8zcx3gxb3rs6lr0kxwth0000gn/T/pytest-of-eason/pytest-200/test_tampered_package_rejected0/master_frames/000027.png,2938,file,核对为本次camera-video测试产物；不清理其他pytest目录
可直接清理,pytest测试临时目录,/var/folders/9w/yltr8zcx3gxb3rs6lr0kxwth0000gn/T/pytest-of-eason/pytest-200/test_tampered_package_rejected0/master_frames/000028.png,2955,file,核对为本次camera-video测试产物；不清理其他pytest目录
可直接清理,pytest测试临时目录,/var/folders/9w/yltr8zcx3gxb3rs6lr0kxwth0000gn/T/pytest-of-eason/pytest-200/test_tampered_package_rejected0/master_frames/000029.png,2985,file,核对为本次camera-video测试产物；不清理其他pytest目录
可直接清理,pytest测试临时目录,/var/folders/9w/yltr8zcx3gxb3rs6lr0kxwth0000gn/T/pytest-of-eason/pytest-200/test_tampered_package_rejected0/master_frames/000030.png,2945,file,核对为本次camera-video测试产物；不清理其他pytest目录
可直接清理,pytest测试临时目录,/var/folders/9w/yltr8zcx3gxb3rs6lr0kxwth0000gn/T/pytest-of-eason/pytest-200/test_tampered_package_rejected0/master_frames/000031.png,2935,file,核对为本次camera-video测试产物；不清理其他pytest目录
可直接清理,pytest测试临时目录,/var/folders/9w/yltr8zcx3gxb3rs6lr0kxwth0000gn/T/pytest-of-eason/pytest-200/test_tampered_package_rejected0/master_frames/000032.png,2970,file,核对为本次camera-video测试产物；不清理其他pytest目录
可直接清理,pytest测试临时目录,/var/folders/9w/yltr8zcx3gxb3rs6lr0kxwth0000gn/T/pytest-of-eason/pytest-200/test_tampered_package_rejected0/master_frames/000033.png,2983,file,核对为本次camera-video测试产物；不清理其他pytest目录
可直接清理,pytest测试临时目录,/var/folders/9w/yltr8zcx3gxb3rs6lr0kxwth0000gn/T/pytest-of-eason/pytest-200/test_tampered_package_rejected0/master_frames/000034.png,2969,file,核对为本次camera-video测试产物；不清理其他pytest目录
可直接清理,pytest测试临时目录,/var/folders/9w/yltr8zcx3gxb3rs6lr0kxwth0000gn/T/pytest-of-eason/pytest-200/test_tampered_package_rejected0/master_frames/000035.png,2929,file,核对为本次camera-video测试产物；不清理其他pytest目录
可直接清理,pytest测试临时目录,/var/folders/9w/yltr8zcx3gxb3rs6lr0kxwth0000gn/T/pytest-of-eason/pytest-200/test_tampered_package_rejected0/master_frames/000036.png,2986,file,核对为本次camera-video测试产物；不清理其他pytest目录
可直接清理,pytest测试临时目录,/var/folders/9w/yltr8zcx3gxb3rs6lr0kxwth0000gn/T/pytest-of-eason/pytest-200/test_tampered_package_rejected0/master_frames/000037.png,2993,file,核对为本次camera-video测试产物；不清理其他pytest目录
可直接清理,pytest测试临时目录,/var/folders/9w/yltr8zcx3gxb3rs6lr0kxwth0000gn/T/pytest-of-eason/pytest-200/test_tampered_package_rejected0/master_frames/000038.png,3008,file,核对为本次camera-video测试产物；不清理其他pytest目录
可直接清理,pytest测试临时目录,/var/folders/9w/yltr8zcx3gxb3rs6lr0kxwth0000gn/T/pytest-of-eason/pytest-200/test_tampered_package_rejected0/master_frames/000039.png,3016,file,核对为本次camera-video测试产物；不清理其他pytest目录
可直接清理,pytest测试临时目录,/var/folders/9w/yltr8zcx3gxb3rs6lr0kxwth0000gn/T/pytest-of-eason/pytest-200/test_tampered_package_rejected0/video.mp4,67617,file,核对为本次camera-video测试产物；不清理其他pytest目录
可直接清理,新增模块缓存,/Users/eason/Desktop/wfcrl/wind farm RL/wfrl/camera_video/__pycache__/stream.cpython-314.pyc,32327,file,Python字节码，可重新生成；源码需保留
可直接清理,新增模块缓存,/Users/eason/Desktop/wfcrl/wind farm RL/wfrl/camera_video/__pycache__/data.cpython-314.pyc,37439,file,Python字节码，可重新生成；源码需保留
可直接清理,新增模块缓存,/Users/eason/Desktop/wfcrl/wind farm RL/wfrl/camera_video/__pycache__/stream.cpython-313.pyc,33668,file,Python字节码，可重新生成；源码需保留
可直接清理,新增模块缓存,/Users/eason/Desktop/wfcrl/wind farm RL/wfrl/camera_video/__pycache__/data.cpython-313.pyc,40721,file,Python字节码，可重新生成；源码需保留
可直接清理,新增模块缓存,/Users/eason/Desktop/wfcrl/wind farm RL/wfrl/camera_video/__pycache__/package.cpython-313.pyc,10449,file,Python字节码，可重新生成；源码需保留
可直接清理,新增模块缓存,/Users/eason/Desktop/wfcrl/wind farm RL/wfrl/camera_video/__pycache__/package.cpython-314.pyc,9601,file,Python字节码，可重新生成；源码需保留
可直接清理,新增模块缓存,/Users/eason/Desktop/wfcrl/wind farm RL/wfrl/camera_video/__pycache__/media.cpython-313.pyc,15345,file,Python字节码，可重新生成；源码需保留
可直接清理,新增模块缓存,/Users/eason/Desktop/wfcrl/wind farm RL/wfrl/camera_video/__pycache__/__init__.cpython-314.pyc,257,file,Python字节码，可重新生成；源码需保留
可直接清理,新增模块缓存,/Users/eason/Desktop/wfcrl/wind farm RL/wfrl/camera_video/__pycache__/__init__.cpython-313.pyc,255,file,Python字节码，可重新生成；源码需保留
可直接清理,新增模块缓存,/Users/eason/Desktop/wfcrl/wind farm RL/wfrl/camera_video/__pycache__/media.cpython-314.pyc,16630,file,Python字节码，可重新生成；源码需保留
可直接清理,新增模块缓存,/Users/eason/Desktop/wfcrl/wind farm RL/tests/__pycache__/test_camera_video_stream.cpython-313-pytest-9.1.1.pyc,28344,file,本次相机视频模块/测试字节码；共享旧缓存未计入
可直接清理,新增模块缓存,/Users/eason/Desktop/wfcrl/wind farm RL/tests/__pycache__/test_camera_video_data.cpython-313-pytest-9.1.1.pyc,43280,file,本次相机视频模块/测试字节码；共享旧缓存未计入
可直接清理,新增模块缓存,/Users/eason/Desktop/wfcrl/wind farm RL/tests/__pycache__/test_camera_video_package.cpython-313-pytest-9.1.1.pyc,11458,file,本次相机视频模块/测试字节码；共享旧缓存未计入
可直接清理,新增模块缓存,/Users/eason/Desktop/wfcrl/wind farm RL/tests/__pycache__/test_camera_video_media.cpython-313-pytest-9.1.1.pyc,22810,file,本次相机视频模块/测试字节码；共享旧缓存未计入
可直接清理,新增模块缓存,/Users/eason/Desktop/wfcrl/wind farm RL/scripts/__pycache__/camera_video.cpython-313.pyc,11826,file,本次相机视频模块/测试字节码；共享旧缓存未计入
可直接清理,新增模块缓存,/Users/eason/Desktop/wfcrl/wind farm RL/scripts/blender/__pycache__/render_camera_video.cpython-314.pyc,3351,file,本次相机视频模块/测试字节码；共享旧缓存未计入
可直接清理,新增模块缓存,/Users/eason/Desktop/wfcrl/wind farm RL/blender_frontend/wfrl_blender/__pycache__/camera_video.cpython-314.pyc,31473,file,本次相机视频模块/测试字节码；共享旧缓存未计入
可直接清理,新增模块缓存,/Users/eason/Desktop/wfcrl/wind farm RL/blender_frontend/wfrl_blender/__pycache__/camera_video.cpython-313.pyc,35124,file,本次相机视频模块/测试字节码；共享旧缓存未计入
