camera_id,frame_id,original_split,split,width,height,sampling,variant,parameter,amplitude_m,attribution_max_projection_error_px,record_index,silhouette_edge_count,candidate_samples_before_mask,candidate_samples_after_mask,candidate_samples_after_visibility,candidate_count,candidate_segment_count,candidate_mask_rejected,candidate_self_hidden_rejected,candidate_sampling_truncated,candidate_segments_truncated,independent_candidate_mask,observed_source_count,observed_inside_count,observed_count,observed_sampling_truncated,region,image_loss,c2o_count,c2o_mean_native_px,c2o_p90_native_px,c2o_robust_mean,c2o_beyond_deadband_fraction,o2c_count,o2c_mean_native_px,o2c_p90_native_px,o2c_robust_mean,o2c_beyond_deadband_fraction
C1,42,fit,fit,320,180,default,baseline,,0.0,1.52587890625e-05,0,64,725,300,300,300,12,425,0,0,0,1,1104,1104,600,1,all,0.4715257827192545,300,58.937862396240234,254.03573608398438,0.895530104637146,0.6633333563804626,600,6.986240386962891,23.851112365722656,0.04752146080136299,0.5916666388511658
C1,42,fit,fit,320,180,default,baseline,,0.0,1.52587890625e-05,0,64,725,300,300,300,12,425,0,0,0,1,1104,1104,600,1,root_band,0.00048638347652740777,78,2.1885101795196533,4.002206325531006,0.00043853477109223604,0.19230769574642181,171,2.1706960201263428,4.436351776123047,0.0005342321819625795,0.2514619827270508
C1,42,fit,fit,320,180,default,baseline,,0.0,1.52587890625e-05,0,64,725,300,300,300,12,425,0,0,0,1,1104,1104,600,1,outside_root_band,0.6381361857056618,222,78.87682342529297,300.537841796875,1.210021734237671,0.8288288116455078,429,8.905721664428711,28.901838302612305,0.06625063717365265,0.7272727489471436
C1,42,fit,fit,320,180,default,center_x_-0.020m,center_x,-0.02,1.52587890625e-05,1,64,726,301,301,300,12,425,0,1,0,1,1104,1104,600,1,all,0.47873622737824917,300,59.43994903564453,255.22427368164062,0.904802680015564,0.6466666460037231,600,7.176710605621338,25.619298934936523,0.05266977474093437,0.5516666769981384
C1,42,fit,fit,320,180,default,center_x_-0.020m,center_x,-0.02,1.52587890625e-05,1,64,726,301,301,300,12,425,0,1,0,1,1104,1104,600,1,root_band,5.120057721796911e-05,77,1.6573553085327148,3.019587516784668,5.907766899326816e-05,0.11688311398029327,171,1.3427718877792358,2.5756232738494873,4.332348544267006e-05,0.08187134563922882
C1,42,fit,fit,320,180,default,center_x_-0.020m,center_x,-0.02,1.52587890625e-05,1,64,726,301,301,300,12,425,0,1,0,1,1104,1104,600,1,outside_root_band,0.6454248875379562,223,79.39177703857422,301.0111389160156,1.2172030210494995,0.8295964002609253,429,9.502126693725586,30.64804458618164,0.07364675402641296,0.7389277219772339
C1,42,fit,fit,320,180,default,center_x_+0.020m,center_x,0.02,1.52587890625e-05,2,64,725,302,302,300,12,423,0,1,0,1,1104,1104,600,1,all,0.4767152890563011,300,60.07773971557617,258.8232421875,0.9101113080978394,0.7566666603088379,600,7.05621862411499,22.0791072845459,0.04331927001476288,0.6800000071525574
C1,42,fit,fit,320,180,default,center_x_+0.020m,center_x,0.02,1.52587890625e-05,2,64,725,302,302,300,12,423,0,1,0,1,1104,1104,600,1,root_band,0.0021723974496126175,78,3.5026605129241943,6.023998260498047,0.0019439246971160173,0.6410256624221802,171,3.7065861225128174,6.3186540603637695,0.0024008702021092176,0.6374269127845764
C1,42,fit,fit,320,180,default,center_x_+0.020m,center_x,0.02,1.52587890625e-05,2,64,725,302,302,300,12,423,0,1,0,1,1104,1104,600,1,outside_root_band,0.6444131527096033,222,79.9554672241211,305.4492492675781,1.2291969060897827,0.7972972989082336,429,8.391386985778809,27.151853561401367,0.059629399329423904,0.6969696879386902
C1,42,fit,fit,320,180,default,center_x_-0.050m,center_x,-0.05,1.52587890625e-05,3,64,725,301,301,300,12,424,0,1,0,1,1104,1104,600,1,all,0.49093717336654663,300,60.65935134887695,257.00921630859375,0.9199613332748413,0.6899999976158142,600,7.999526500701904,28.264345169067383,0.06191301345825195,0.5833333134651184
C1,42,fit,fit,320,180,default,center_x_-0.050m,center_x,-0.05,1.52587890625e-05,3,64,725,301,301,300,12,424,0,1,0,1,1104,1104,600,1,root_band,0.00044756649003829807,77,2.665743827819824,4.601312160491943,0.0006282678805291653,0.4285714328289032,171,1.9594985246658325,4.2180256843566895,0.0002668650995474309,0.2923976480960846
C1,42,fit,fit,320,180,default,center_x_-0.050m,center_x,-0.05,1.52587890625e-05,3,64,725,301,301,300,12,424,0,1,0,1,1104,1104,600,1,outside_root_band,0.661942295730114,223,80.68404388427734,302.61614990234375,1.2373993396759033,0.7802690863609314,429,10.40709114074707,33.26021957397461,0.08648525178432465,0.6993007063865662
C1,42,fit,fit,320,180,default,center_x_+0.050m,center_x,0.05,1.52587890625e-05,4,64,726,303,303,300,12,423,0,1,0,1,1104,1104,600,1,all,0.46414070203900337,300,59.3139762878418,256.0818176269531,0.8888656497001648,0.8366666436195374,600,7.500021457672119,19.41382598876953,0.03941575437784195,0.7749999761581421
C1,42,fit,fit,320,180,default,center_x_+0.050m,center_x,0.05,1.52587890625e-05,4,64,726,303,303,300,12,423,0,1,0,1,1104,1104,600,1,root_band,0.009733278304338455,78,5.8100690841674805,8.682412147521973,0.008661489002406597,0.9230769276618958,171,6.262440204620361,9.390247344970703,0.010805067606270313,0.9239766001701355
C1,42,fit,fit,320,180,default,center_x_+0.050m,center_x,0.05,1.52587890625e-05,4,64,726,303,303,300,12,423,0,1,0,1,1104,1104,600,1,outside_root_band,0.6244732849299908,222,78.11265563964844,302.4327392578125,1.1981265544891357,0.8063063025474548,429,7.993322372436523,24.519695281982422,0.050820015370845795,0.7156177163124084
C1,42,fit,fit,320,180,default,center_y_-0.020m,center_y,-0.02,1.52587890625e-05,5,64,726,301,301,300,12,425,0,1,0,1,1104,1104,600,1,all,0.46662546321749687,300,58.97786331176758,254.12252807617188,0.8919844627380371,0.75,600,6.91923713684082,21.268112182617188,0.041266463696956635,0.675000011920929
C1,42,fit,fit,320,180,default,center_y_-0.020m,center_y,-0.02,1.52587890625e-05,5,64,726,301,301,300,12,425,0,1,0,1,1104,1104,600,1,root_band,0.0022604619152843952,77,3.4518985748291016,5.89176607131958,0.0019383993931114674,0.6103895902633667,171,3.749446392059326,6.585728645324707,0.002582524437457323,0.6374269127845764
C1,42,fit,fit,320,180,default,center_y_-0.020m,center_y,-0.02,1.52587890625e-05,5,64,726,301,301,300,12,425,0,1,0,1,1104,1104,600,1,outside_root_band,0.627997936680913,223,78.15050506591797,300.04156494140625,1.1993099451065063,0.7982062697410583,429,8.182720184326172,26.350936889648438,0.056685928255319595,0.689976692199707
C1,42,fit,fit,320,180,default,center_y_+0.020m,center_y,0.02,1.52587890625e-05,6,64,724,300,300,300,12,424,0,0,0,1,1104,1104,600,1,all,0.4779788814485073,300,59.18421936035156,253.9644012451172,0.9008204340934753,0.6299999952316284,600,7.343815326690674,26.43683624267578,0.055137328803539276,0.5566666722297668
C1,42,fit,fit,320,180,default,center_y_+0.020m,center_y,0.02,1.52587890625e-05,6,64,724,300,300,300,12,424,0,0,0,1,1104,1104,600,1,root_band,4.310475924285129e-05,78,1.600101113319397,2.6315460205078125,4.740857912111096e-05,0.08974359184503555,171,1.287085771560669,2.5991907119750977,3.8800939364591613e-05,0.08187134563922882
C1,42,fit,fit,320,180,default,center_y_+0.020m,center_y,0.02,1.52587890625e-05,6,64,724,300,300,300,12,424,0,0,0,1,1104,1104,600,1,outside_root_band,0.6472039185464382,222,79.4164810180664,300.4483337402344,1.2173081636428833,0.8198198080062866,429,9.758033752441406,31.455415725708008,0.07709967344999313,0.745920717716217
C1,42,fit,fit,320,180,default,center_y_-0.050m,center_y,-0.05,1.52587890625e-05,7,64,729,303,303,300,12,426,0,1,0,1,1104,1104,600,1,all,0.45826505869627,300,58.89344024658203,254.28176879882812,0.8814494609832764,0.8433333039283752,600,7.244318962097168,17.39870262145996,0.03508065640926361,0.7850000262260437
C1,42,fit,fit,320,180,default,center_y_-0.050m,center_y,-0.05,1.52587890625e-05,7,64,729,303,303,300,12,426,0,1,0,1,1104,1104,600,1,root_band,0.010552651714533567,77,5.7866106033325195,9.41480827331543,0.009347110986709595,0.8961039185523987,171,6.298260688781738,9.612089157104492,0.01175819244235754,0.9122806787490845
C1,42,fit,fit,320,180,default,center_y_-0.050m,center_y,-0.05,1.52587890625e-05,7,64,729,303,303,300,12,426,0,1,0,1,1104,1104,600,1,outside_root_band,0.613477973267436,223,77.23077392578125,300.2121276855469,1.1825789213180542,0.8251121044158936,429,7.621417999267578,22.52958869934082,0.044377025216817856,0.7342657446861267
C1,42,fit,fit,320,180,default,center_y_+0.050m,center_y,0.05,1.52587890625e-05,8,64,723,300,300,300,12,423,0,0,0,1,1104,1104,600,1,all,0.501348577439785,300,61.473968505859375,259.8367614746094,0.9338453412055969,0.6933333277702332,600,8.505629539489746,30.320453643798828,0.06885181367397308,0.596666693687439
C1,42,fit,fit,320,180,default,center_y_+0.050m,center_y,0.05,1.52587890625e-05,8,64,723,300,300,300,12,423,0,0,0,1,1104,1104,600,1,root_band,0.00044617592357099056,78,2.544628620147705,4.656183242797852,0.0004687250475399196,0.41025641560554504,171,2.091510772705078,4.315237045288086,0.0004236267996020615,0.31578946113586426
C1,42,fit,fit,320,180,default,center_y_+0.050m,center_y,0.05,1.52587890625e-05,8,64,723,300,300,300,12,423,0,0,0,1,1104,1104,600,1,outside_root_band,0.6789579354226589,222,82.17886352539062,306.2946472167969,1.2617884874343872,0.792792797088623,429,11.062305450439453,35.290771484375,0.09612738341093063,0.7086247205734253
C1,42,fit,fit,320,180,default,chord_halfwidth_-0.020m,chord_halfwidth,-0.02,1.52587890625e-05,9,64,726,301,301,300,12,425,0,1,0,1,1104,1104,600,1,all,0.4771289639174938,300,59.32325744628906,254.62939453125,0.9023669362068176,0.653333306312561,600,7.174015045166016,25.355323791503906,0.05189099162817001,0.5600000023841858
C1,42,fit,fit,320,180,default,chord_halfwidth_-0.020m,chord_halfwidth,-0.02,1.52587890625e-05,9,64,726,301,301,300,12,425,0,1,0,1,1104,1104,600,1,root_band,9.671452426118776e-05,77,1.6671334505081177,2.9205360412597656,9.170839621219784e-05,0.10389610379934311,171,1.4752100706100464,2.9778337478637695,0.00010172065231017768,0.09941520541906357
C1,42,fit,fit,320,180,default,chord_halfwidth_-0.020m,chord_halfwidth,-0.02,1.52587890625e-05,9,64,726,301,301,300,12,425,0,1,0,1,1104,1104,600,1,outside_root_band,0.6432246305048466,223,79.23141479492188,300.4704284667969,1.2139149904251099,0.8430493474006653,429,9.44556713104248,30.383527755737305,0.07253427058458328,0.7435897588729858
C1,42,fit,fit,320,180,default,chord_halfwidth_+0.020m,chord_halfwidth,0.02,1.52587890625e-05,10,64,725,302,302,300,12,423,0,1,0,1,1104,1104,600,1,all,0.4780662041157484,300,60.08228302001953,259.4146728515625,0.912387490272522,0.7200000286102295,600,6.946815490722656,22.346553802490234,0.04374491795897484,0.653333306312561
C1,42,fit,fit,320,180,default,chord_halfwidth_+0.020m,chord_halfwidth,0.02,1.52587890625e-05,10,64,725,302,302,300,12,423,0,1,0,1,1104,1104,600,1,root_band,0.001523551472928375,79,3.0382440090179443,5.384052276611328,0.0013339135330170393,0.49367088079452515,171,3.2319083213806152,5.898648262023926,0.0017131894128397107,0.5087719559669495
C1,42,fit,fit,320,180,default,chord_halfwidth_+0.020m,chord_halfwidth,0.02,1.52587890625e-05,10,64,725,302,302,300,12,423,0,1,0,1,1104,1104,600,1,outside_root_band,0.6492785159498453,221,80.47358703613281,306.58294677734375,1.2380582094192505,0.8009049892425537,429,8.427581787109375,27.420141220092773,0.06049882248044014,0.7109557390213013
C1,42,fit,fit,320,180,default,chord_halfwidth_-0.050m,chord_halfwidth,-0.05,7.62939453125e-06,11,64,729,305,305,300,13,424,0,1,0,1,1104,1104,600,1,all,0.4805239047855139,300,59.422576904296875,250.18695068359375,0.9015867114067078,0.6499999761581421,600,7.737523555755615,27.610836029052734,0.05946109816431999,0.5550000071525574
C1,42,fit,fit,320,180,default,chord_halfwidth_-0.050m,chord_halfwidth,-0.05,7.62939453125e-06,11,64,729,305,305,300,13,424,0,1,0,1,1104,1104,600,1,root_band,3.386658863746561e-05,77,1.8319072723388672,3.214388608932495,4.607756272889674e-05,0.15584415197372437,171,1.3522084951400757,2.6604766845703125,2.1655614546034485e-05,0.07017543911933899
C1,42,fit,fit,320,180,default,chord_halfwidth_-0.050m,chord_halfwidth,-0.05,7.62939453125e-06,11,64,729,305,305,300,13,424,0,1,0,1,1104,1104,600,1,outside_root_band,0.6480174139142036,223,79.30815124511719,301.2708435058594,1.212881088256836,0.8206278085708618,429,10.282718658447266,32.60587692260742,0.08315373957157135,0.748251736164093
C1,42,fit,fit,320,180,default,chord_halfwidth_+0.050m,chord_halfwidth,0.05,1.52587890625e-05,12,64,724,300,300,300,12,424,0,0,0,1,1104,1104,600,1,all,0.4725825637578964,300,60.01286697387695,258.5530090332031,0.9057973027229309,0.79666668176651,600,7.104893207550049,20.089101791381836,0.03936782479286194,0.7433333396911621
C1,42,fit,fit,320,180,default,chord_halfwidth_+0.050m,chord_halfwidth,0.05,1.52587890625e-05,12,64,724,300,300,300,12,424,0,0,0,1,1104,1104,600,1,root_band,0.005405431380495429,79,4.532238006591797,7.594869136810303,0.00475684180855751,0.7721518874168396,171,4.948647975921631,8.095935821533203,0.006054020952433348,0.8187134265899658
C1,42,fit,fit,320,180,default,chord_halfwidth_+0.050m,chord_halfwidth,0.05,1.52587890625e-05,12,64,724,300,300,300,12,424,0,0,0,1,1104,1104,600,1,outside_root_band,0.6402676701545715,221,79.8453140258789,305.8152160644531,1.227888584136963,0.8054298758506775,429,7.964376926422119,25.19755744934082,0.052646756172180176,0.7132866978645325
C1,43,fit,fit,320,180,default,baseline,,0.0,1.52587890625e-05,13,64,752,347,325,300,17,405,22,1,0,1,1911,1911,600,1,all,0.28992000222206116,300,8.530200958251953,23.303443908691406,0.059593021869659424,0.6633333563804626,600,36.81296157836914,145.980712890625,0.5202469825744629,0.7300000190734863
C1,43,fit,fit,320,180,default,baseline,,0.0,1.52587890625e-05,13,64,752,347,325,300,17,405,22,1,0,1,1911,1911,600,1,root_band,0.020634585991501808,142,5.3757004737854,12.038311958312988,0.018468448892235756,0.5352112650871277,237,5.86513614654541,12.685704231262207,0.02280072309076786,0.5907173156738281
C1,43,fit,fit,320,180,default,baseline,,0.0,1.52587890625e-05,13,64,752,347,325,300,17,405,22,1,0,1,1911,1911,600,1,outside_root_band,0.47078945860266685,158,11.36526107788086,34.397056579589844,0.09655307978391647,0.7784810066223145,363,57.0185661315918,218.97593688964844,0.8450258374214172,0.8209366202354431
C1,43,fit,fit,320,180,default,center_x_-0.020m,center_x,-0.02,1.52587890625e-05,14,64,751,349,328,300,17,402,21,1,0,1,1911,1911,600,1,all,0.28877448849380016,300,8.702496528625488,26.58893585205078,0.06231236085295677,0.6666666865348816,600,36.38310623168945,144.2100830078125,0.5152366161346436,0.7049999833106995
C1,43,fit,fit,320,180,default,center_x_-0.020m,center_x,-0.02,1.52587890625e-05,14,64,751,349,328,300,17,402,21,1,0,1,1911,1911,600,1,root_band,0.01994762197136879,139,5.253175735473633,11.619100570678711,0.017605645582079887,0.5395683646202087,237,5.5600972175598145,12.629905700683594,0.022289598360657692,0.5443037748336792
C1,43,fit,fit,320,180,default,center_x_-0.020m,center_x,-0.02,1.52587890625e-05,14,64,751,349,328,300,17,402,21,1,0,1,1911,1911,600,1,outside_root_band,0.46899402886629105,161,11.680481910705566,35.28776550292969,0.10091008245944977,0.7763975262641907,363,56.50721740722656,217.098876953125,0.8370779752731323,0.8099173307418823
C1,43,fit,fit,320,180,default,center_x_+0.020m,center_x,0.02,1.52587890625e-05,15,64,753,347,325,300,17,406,22,1,0,1,1911,1911,600,1,all,0.28843041881918907,300,9.150362014770508,26.638660430908203,0.06417768448591232,0.75,600,36.6763916015625,142.80360412597656,0.5126831531524658,0.8033333420753479
C1,43,fit,fit,320,180,default,center_x_+0.020m,center_x,0.02,1.52587890625e-05,15,64,753,347,325,300,17,406,22,1,0,1,1911,1911,600,1,root_band,0.021313604898750782,143,5.934436798095703,12.249585151672363,0.018849432468414307,0.6783216595649719,237,6.524065017700195,12.83576774597168,0.023777777329087257,0.7341772317886353
C1,43,fit,fit,320,180,default,center_x_+0.020m,center_x,0.02,1.52587890625e-05,15,64,753,347,325,300,17,406,22,1,0,1,1911,1911,600,1,outside_root_band,0.4686748720705509,157,12.079519271850586,35.675262451171875,0.10546392947435379,0.8152866363525391,363,56.36262512207031,215.56463623046875,0.831885814666748,0.8484848737716675
C1,43,fit,fit,320,180,default,center_x_-0.050m,center_x,-0.05,1.52587890625e-05,16,64,751,349,328,300,17,402,21,1,0,1,1911,1911,600,1,all,0.2855217568576336,300,8.968361854553223,26.39324188232422,0.06232830137014389,0.7233333587646484,600,36.14931106567383,141.57896423339844,0.5087152123451233,0.7250000238418579
C1,43,fit,fit,320,180,default,center_x_-0.050m,center_x,-0.05,1.52587890625e-05,16,64,751,349,328,300,17,402,21,1,0,1,1911,1911,600,1,root_band,0.020511816255748272,139,5.885527610778809,11.430447578430176,0.018808357417583466,0.6978417038917542,237,6.027194023132324,12.401235580444336,0.02221527509391308,0.6666666865348816
C1,43,fit,fit,320,180,default,center_x_-0.050m,center_x,-0.05,1.52587890625e-05,16,64,751,349,328,300,17,402,21,1,0,1,1911,1911,600,1,outside_root_band,0.4631244167685509,161,11.629939079284668,34.53499984741211,0.09990142285823822,0.7453415989875793,363,55.81581497192383,214.30111694335938,0.8263474106788635,0.7630854249000549
C1,43,fit,fit,320,180,default,center_x_+0.050m,center_x,0.05,1.52587890625e-05,17,64,754,347,324,300,17,407,23,1,0,1,1911,1911,600,1,all,0.2944813445210457,300,9.868368148803711,26.245738983154297,0.06615276634693146,0.8600000143051147,600,37.792877197265625,145.4440460205078,0.5228099226951599,0.8799999952316284
C1,43,fit,fit,320,180,default,center_x_+0.050m,center_x,0.05,1.52587890625e-05,17,64,754,347,324,300,17,407,23,1,0,1,1911,1911,600,1,root_band,0.024134703911840916,141,7.060836315155029,11.87645435333252,0.020859111100435257,0.8865247964859009,237,7.729152202606201,13.095389366149902,0.027410296723246574,0.902953565120697
C1,43,fit,fit,320,180,default,center_x_+0.050m,center_x,0.05,1.52587890625e-05,17,64,754,347,324,300,17,407,23,1,0,1,1911,1911,600,1,outside_root_band,0.4762857221066952,159,12.358065605163574,34.98628234863281,0.10631882399320602,0.8364779949188232,363,57.421268463134766,218.36920166015625,0.8462526202201843,0.8650137782096863
C1,43,fit,fit,320,180,default,center_y_-0.020m,center_y,-0.02,1.52587890625e-05,18,64,753,352,329,300,17,401,23,1,0,1,1911,1911,600,1,all,0.278876181691885,300,9.528096199035645,25.796249389648438,0.06711312383413315,0.753333330154419,600,35.473731994628906,134.6896514892578,0.49063923954963684,0.8083333373069763
C1,43,fit,fit,320,180,default,center_y_-0.020m,center_y,-0.02,1.52587890625e-05,18,64,753,352,329,300,17,401,23,1,0,1,1911,1911,600,1,root_band,0.023217635229229927,140,6.349595546722412,12.878442764282227,0.020973363891243935,0.6857143044471741,237,6.922482490539551,13.462936401367188,0.02546190656721592,0.746835470199585
C1,43,fit,fit,320,180,default,center_y_-0.020m,center_y,-0.02,1.52587890625e-05,18,64,753,352,329,300,17,401,23,1,0,1,1911,1911,600,1,outside_root_band,0.4509177505970001,160,12.309286117553711,34.558135986328125,0.10748541355133057,0.8125,363,54.1146354675293,207.3535919189453,0.7943500876426697,0.8484848737716675
C1,43,fit,fit,320,180,default,center_y_+0.020m,center_y,0.02,1.52587890625e-05,19,64,752,345,324,300,17,407,21,1,0,1,1911,1911,600,1,all,0.29839237965643406,300,8.12704849243164,23.330066680908203,0.057511914521455765,0.6333333253860474,600,37.65854263305664,152.3937225341797,0.5392728447914124,0.6850000023841858
C1,43,fit,fit,320,180,default,center_y_+0.020m,center_y,0.02,1.52587890625e-05,19,64,752,345,324,300,17,407,21,1,0,1,1911,1911,600,1,root_band,0.020995598286390305,142,4.900588035583496,11.303589820861816,0.017995698377490044,0.47887325286865234,237,5.277065277099609,12.214895248413086,0.023995498195290565,0.48523205518722534
C1,43,fit,fit,320,180,default,center_y_+0.020m,center_y,0.02,1.52587890625e-05,19,64,752,345,324,300,17,407,21,1,0,1,1911,1911,600,1,outside_root_band,0.4843600280582905,158,11.026779174804688,35.47957992553711,0.09302649646997452,0.7721518874168396,363,58.80017852783203,225.3566131591797,0.8756935596466064,0.8154270052909851
C1,43,fit,fit,320,180,default,center_y_-0.050m,center_y,-0.05,1.52587890625e-05,20,64,753,350,327,300,17,403,23,1,0,1,1911,1911,600,1,all,0.26986130326986313,300,10.389633178710938,22.05387306213379,0.06942565739154816,0.8533333539962769,600,34.88656234741211,124.3802490234375,0.4702969491481781,0.8633333444595337
C1,43,fit,fit,320,180,default,center_y_-0.050m,center_y,-0.05,1.52587890625e-05,20,64,753,350,327,300,17,403,23,1,0,1,1911,1911,600,1,root_band,0.0363235492259264,141,8.301640510559082,14.251879692077637,0.033751074224710464,0.8652482032775879,237,8.942473411560059,15.212743759155273,0.038896024227142334,0.8649789094924927
C1,43,fit,fit,320,180,default,center_y_-0.050m,center_y,-0.05,1.52587890625e-05,20,64,753,350,327,300,17,403,23,1,0,1,1911,1911,600,1,outside_root_band,0.42650847136974335,159,12.241250038146973,31.07872772216797,0.10106161236763,0.8427672982215881,363,51.82526779174805,196.88014221191406,0.7519553303718567,0.8622589707374573
C1,43,fit,fit,320,180,default,center_y_+0.050m,center_y,0.05,1.52587890625e-05,21,64,752,339,318,300,17,413,21,1,0,1,1911,1911,600,1,all,0.32040225341916084,300,7.636598587036133,19.272502899169922,0.048736490309238434,0.6600000262260437,600,40.835060119628906,169.6019287109375,0.5920680165290833,0.6899999976158142
C1,43,fit,fit,320,180,default,center_y_+0.050m,center_y,0.05,1.52587890625e-05,21,64,752,339,318,300,17,413,21,1,0,1,1911,1911,600,1,root_band,0.027707870118319988,145,5.579963207244873,11.516670227050781,0.024046270176768303,0.6000000238418579,237,5.911859035491943,16.297561645507812,0.031369470059871674,0.5654008388519287
C1,43,fit,fit,320,180,default,center_y_+0.050m,center_y,0.05,1.52587890625e-05,21,64,752,339,318,300,17,413,21,1,0,1,1911,1911,600,1,outside_root_band,0.5149889029562473,155,9.560548782348633,33.901451110839844,0.07183379679918289,0.7161290049552917,363,63.636165618896484,242.9361114501953,0.9581440091133118,0.7713498473167419
C1,43,fit,fit,320,180,default,chord_halfwidth_-0.020m,chord_halfwidth,-0.02,1.52587890625e-05,22,64,753,356,333,300,17,397,23,1,0,1,1911,1911,600,1,all,0.27670715749263763,300,9.289006233215332,25.25541877746582,0.06789642572402954,0.6566666960716248,600,34.88419723510742,132.52908325195312,0.4855178892612457,0.7149999737739563
C1,43,fit,fit,320,180,default,chord_halfwidth_-0.020m,chord_halfwidth,-0.02,1.52587890625e-05,22,64,753,356,333,300,17,397,23,1,0,1,1911,1911,600,1,root_band,0.025448822416365147,138,6.000239372253418,13.668871879577637,0.023019134998321533,0.5289855003356934,237,6.522069931030273,14.04239559173584,0.02787850983440876,0.5611814260482788
C1,43,fit,fit,320,180,default,chord_halfwidth_-0.020m,chord_halfwidth,-0.02,1.52587890625e-05,22,64,753,356,333,300,17,397,23,1,0,1,1911,1911,600,1,outside_root_band,0.44521626457571983,162,12.090548515319824,34.387229919433594,0.10612522810697556,0.7654321193695068,363,53.401615142822266,205.05191040039062,0.7843073010444641,0.8154270052909851
C1,43,fit,fit,320,180,default,chord_halfwidth_+0.020m,chord_halfwidth,0.02,1.52587890625e-05,23,64,753,339,318,300,17,414,21,1,0,1,1911,1911,600,1,all,0.3038679789751768,300,7.974791049957275,21.061586380004883,0.05374845489859581,0.6800000071525574,600,38.69746017456055,157.5018310546875,0.5539875030517578,0.7416666746139526
C1,43,fit,fit,320,180,default,chord_halfwidth_+0.020m,chord_halfwidth,0.02,1.52587890625e-05,23,64,753,339,318,300,17,414,21,1,0,1,1911,1911,600,1,root_band,0.022591651417315006,145,5.19008731842041,10.503195762634277,0.019673766568303108,0.5517241358757019,237,5.684963703155518,13.130142211914062,0.025509536266326904,0.5822784900665283
C1,43,fit,fit,320,180,default,chord_halfwidth_+0.020m,chord_halfwidth,0.02,1.52587890625e-05,23,64,753,339,318,300,17,414,21,1,0,1,1911,1911,600,1,outside_root_band,0.49232588335871696,155,10.57983684539795,34.1383056640625,0.08562477678060532,0.800000011920929,363,60.251075744628906,230.6298065185547,0.8990269899368286,0.8457300066947937
C1,43,fit,fit,320,180,default,chord_halfwidth_-0.050m,chord_halfwidth,-0.05,1.52587890625e-05,24,64,752,360,337,300,17,392,23,1,0,1,1911,1911,600,1,all,0.2631111405789852,300,9.946073532104492,20.801937103271484,0.07263752073049545,0.70333331823349,600,33.17290496826172,117.40494537353516,0.453584760427475,0.7300000190734863
C1,43,fit,fit,320,180,default,chord_halfwidth_-0.050m,chord_halfwidth,-0.05,1.52587890625e-05,24,64,752,360,337,300,17,392,23,1,0,1,1911,1911,600,1,root_band,0.04748402535915375,136,7.821638107299805,16.773942947387695,0.04374551773071289,0.6323529481887817,237,8.391349792480469,17.431245803833008,0.051222532987594604,0.6413502097129822
C1,43,fit,fit,320,180,default,chord_halfwidth_-0.050m,chord_halfwidth,-0.05,1.52587890625e-05,24,64,752,360,337,300,17,392,23,1,0,1,1911,1911,600,1,outside_root_band,0.4064403846859932,164,11.70780086517334,28.731170654296875,0.09659673273563385,0.7621951103210449,363,49.35259246826172,189.77037048339844,0.7162840366363525,0.7878788113594055
C1,43,fit,fit,320,180,default,chord_halfwidth_+0.050m,chord_halfwidth,0.05,1.52587890625e-05,25,64,752,326,305,300,17,426,21,1,0,1,1911,1911,600,1,all,0.32923560589551926,300,7.509067058563232,15.423903465270996,0.04506896436214447,0.753333330154419,600,42.460697174072266,175.25978088378906,0.613402247428894,0.8050000071525574
C1,43,fit,fit,320,180,default,chord_halfwidth_+0.050m,chord_halfwidth,0.05,1.52587890625e-05,25,64,752,326,305,300,17,426,21,1,0,1,1911,1911,600,1,root_band,0.035930437967181206,152,6.340935707092285,15.183152198791504,0.031536903232336044,0.6907894611358643,237,7.03444766998291,19.374805450439453,0.04032397270202637,0.7046413421630859
C1,43,fit,fit,320,180,default,chord_halfwidth_+0.050m,chord_halfwidth,0.05,1.52587890625e-05,25,64,752,326,305,300,17,426,21,1,0,1,1911,1911,600,1,outside_root_band,0.5232637580484152,148,8.708768844604492,18.910703659057617,0.05896676704287529,0.8175675868988037,363,65.5902328491211,248.55496215820312,0.9875607490539551,0.8705233931541443
C1,44,heldout,nonblind_diagnostic,320,180,default,baseline,,0.0,1.52587890625e-05,26,64,766,290,290,290,16,476,0,0,0,1,1925,1925,600,1,all,0.5072794109582901,290,13.495071411132812,43.82231903076172,0.13364586234092712,0.7413793206214905,600,59.16721725463867,228.65794372558594,0.8809129595756531,0.8116666674613953
C1,44,heldout,nonblind_diagnostic,320,180,default,baseline,,0.0,1.52587890625e-05,26,64,766,290,290,290,16,476,0,0,0,1,1925,1925,600,1,root_band,0.027532070875167847,103,6.366617202758789,12.336806297302246,0.024929841980338097,0.6213592290878296,164,7.065269470214844,13.663613319396973,0.030134299769997597,0.7012194991111755
C1,44,heldout,nonblind_diagnostic,320,180,default,baseline,,0.0,1.52587890625e-05,26,64,766,290,290,290,16,476,0,0,0,1,1925,1925,600,1,outside_root_band,0.69722880423069,187,17.421438217163086,58.64936828613281,0.19352689385414124,0.8074866533279419,436,78.76521301269531,277.8269958496094,1.2009307146072388,0.853210985660553
C1,44,heldout,nonblind_diagnostic,320,180,default,center_x_-0.020m,center_x,-0.02,1.52587890625e-05,27,64,766,294,294,294,16,472,0,0,0,1,1925,1925,600,1,all,0.5050590336322784,294,13.421751022338867,43.97632598876953,0.1333569884300232,0.7278911471366882,600,58.81318283081055,227.27911376953125,0.8767610788345337,0.7866666913032532
C1,44,heldout,nonblind_diagnostic,320,180,default,center_x_-0.020m,center_x,-0.02,1.52587890625e-05,27,64,766,294,294,294,16,472,0,0,0,1,1925,1925,600,1,root_band,0.027450603432953358,107,6.420309066772461,12.08913803100586,0.025132305920124054,0.663551390171051,164,6.82961368560791,13.887840270996094,0.02976890094578266,0.6890243887901306
C1,44,heldout,nonblind_diagnostic,320,180,default,center_x_-0.020m,center_x,-0.02,1.52587890625e-05,27,64,766,294,294,294,16,472,0,0,0,1,1925,1925,600,1,outside_root_band,0.6953184083104134,187,17.42792320251465,59.05011749267578,0.19528235495090485,0.7647058963775635,436,78.36663818359375,276.392578125,1.1953544616699219,0.8233944773674011
C1,44,heldout,nonblind_diagnostic,320,180,default,center_x_+0.020m,center_x,0.02,1.52587890625e-05,28,64,767,290,290,290,16,477,0,0,0,1,1925,1925,600,1,all,0.5066473856568336,290,13.827326774597168,44.471370697021484,0.136393740773201,0.7793103456497192,600,59.03945541381836,227.2419891357422,0.8769010305404663,0.8349999785423279
C1,44,heldout,nonblind_diagnostic,320,180,default,center_x_+0.020m,center_x,0.02,1.52587890625e-05,28,64,767,290,290,290,16,477,0,0,0,1,1925,1925,600,1,root_band,0.027789775282144547,102,6.654114723205566,12.404409408569336,0.02497618831694126,0.656862735748291,164,7.334137916564941,13.486641883850098,0.03060336224734783,0.7256097793579102
C1,44,heldout,nonblind_diagnostic,320,180,default,center_x_+0.020m,center_x,0.02,1.52587890625e-05,28,64,767,290,290,290,16,477,0,0,0,1,1925,1925,600,1,outside_root_band,0.6960384622216225,188,17.719175338745117,59.410003662109375,0.1968436986207962,0.8457446694374084,436,78.48824310302734,276.34197998046875,1.1952332258224487,0.8761467933654785
C1,44,heldout,nonblind_diagnostic,320,180,default,center_x_-0.050m,center_x,-0.05,1.52587890625e-05,29,64,769,300,300,300,16,469,0,0,0,1,1925,1925,600,1,all,0.5023065432906151,300,13.531908988952637,44.162315368652344,0.13391487300395966,0.7400000095367432,600,58.427364349365234,225.2252197265625,0.8706982135772705,0.7666666507720947
C1,44,heldout,nonblind_diagnostic,320,180,default,center_x_-0.050m,center_x,-0.05,1.52587890625e-05,29,64,769,300,300,300,16,469,0,0,0,1,1925,1925,600,1,root_band,0.02874524239450693,111,6.978174209594727,14.081897735595703,0.028092706575989723,0.7387387156486511,164,6.910608291625977,14.2218656539917,0.02939777821302414,0.6768292784690857
C1,44,heldout,nonblind_diagnostic,320,180,default,center_x_-0.050m,center_x,-0.05,1.52587890625e-05,29,64,769,300,300,300,16,469,0,0,0,1,1925,1925,600,1,outside_root_band,0.6916075497865677,189,17.380924224853516,59.35663986206055,0.19606438279151917,0.7407407164573669,436,77.80522155761719,274.2535705566406,1.1871507167816162,0.8004587292671204
C1,44,heldout,nonblind_diagnostic,320,180,default,center_x_+0.050m,center_x,0.05,1.52587890625e-05,30,64,766,285,285,285,16,481,0,0,0,1,1925,1925,600,1,all,0.5103509053587914,285,14.207442283630371,43.91250228881836,0.13717947900295258,0.8771929740905762,600,59.652809143066406,229.31639099121094,0.8835223317146301,0.8899999856948853
C1,44,heldout,nonblind_diagnostic,320,180,default,center_x_+0.050m,center_x,0.05,1.52587890625e-05,30,64,766,285,285,285,16,481,0,0,0,1,1925,1925,600,1,root_band,0.02879447676241398,99,7.377927780151367,12.582026481628418,0.025826603174209595,0.868686854839325,164,7.944156646728516,13.344438552856445,0.03176235035061836,0.8841463327407837
C1,44,heldout,nonblind_diagnostic,320,180,default,center_x_+0.050m,center_x,0.05,1.52587890625e-05,30,64,766,285,285,285,16,481,0,0,0,1,1925,1925,600,1,outside_root_band,0.7001784965395927,186,17.84250831604004,59.09390640258789,0.19644795358181,0.8817204236984253,436,79.10284423828125,278.4998779296875,1.2039090394973755,0.892201840877533
C1,44,heldout,nonblind_diagnostic,320,180,default,center_y_-0.020m,center_y,-0.02,1.52587890625e-05,31,64,769,291,291,291,16,478,0,0,0,1,1925,1925,600,1,all,0.4889010563492775,291,13.998190879821777,42.56897735595703,0.13646645843982697,0.800687313079834,600,57.03856658935547,217.37893676757812,0.841335654258728,0.8433333039283752
C1,44,heldout,nonblind_diagnostic,320,180,default,center_y_-0.020m,center_y,-0.02,1.52587890625e-05,31,64,769,291,291,291,16,478,0,0,0,1,1925,1925,600,1,root_band,0.02956071589142084,102,7.218993663787842,13.287059783935547,0.027460245415568352,0.686274528503418,164,7.847421646118164,13.615874290466309,0.03166118636727333,0.7560975551605225
C1,44,heldout,nonblind_diagnostic,320,180,default,center_y_-0.020m,center_y,-0.02,1.52587890625e-05,31,64,769,291,291,291,16,478,0,0,0,1,1925,1925,600,1,outside_root_band,0.6705936267971992,189,17.65680503845215,58.6046142578125,0.19529522955417633,0.8624338507652283,436,75.5416488647461,266.2790222167969,1.1458920240402222,0.8761467933654785
C1,44,heldout,nonblind_diagnostic,320,180,default,center_y_+0.020m,center_y,0.02,1.52587890625e-05,32,64,765,292,292,292,16,473,0,0,0,1,1925,1925,600,1,all,0.5214358642697334,292,13.355681419372559,45.12652587890625,0.1352749615907669,0.7089040875434875,600,60.519344329833984,234.9770965576172,0.9075967669487,0.7766666412353516
C1,44,heldout,nonblind_diagnostic,320,180,default,center_y_+0.020m,center_y,0.02,1.52587890625e-05,32,64,765,292,292,292,16,473,0,0,0,1,1925,1925,600,1,root_band,0.02958516962826252,106,6.032833576202393,13.869624137878418,0.026298414915800095,0.6037735939025879,164,6.54812479019165,16.53509521484375,0.032871924340724945,0.6463414430618286
C1,44,heldout,nonblind_diagnostic,320,180,default,center_y_+0.020m,center_y,0.02,1.52587890625e-05,32,64,765,292,292,292,16,473,0,0,0,1,1925,1925,600,1,outside_root_band,0.717000812292099,186,17.528915405273438,60.32186508178711,0.19737988710403442,0.7688171863555908,436,80.82044219970703,284.17449951171875,1.2366217374801636,0.8256880640983582
C1,44,heldout,nonblind_diagnostic,320,180,default,center_y_-0.050m,center_y,-0.05,1.52587890625e-05,33,64,771,289,289,289,16,482,0,0,0,1,1925,1925,600,1,all,0.4751872271299362,289,14.462002754211426,38.57072067260742,0.13619813323020935,0.8685120940208435,600,55.7371711730957,210.45167541503906,0.8141763210296631,0.8899999856948853
C1,44,heldout,nonblind_diagnostic,320,180,default,center_y_-0.050m,center_y,-0.05,1.52587890625e-05,33,64,771,289,289,289,16,482,0,0,0,1,1925,1925,600,1,root_band,0.04162001051008701,99,9.049724578857422,14.83160400390625,0.03973831981420517,0.8989899158477783,164,9.476346969604492,15.216078758239746,0.04350170120596886,0.8902438879013062
C1,44,heldout,nonblind_diagnostic,320,180,default,center_y_-0.050m,center_y,-0.05,1.52587890625e-05,33,64,771,289,289,289,16,482,0,0,0,1,1925,1925,600,1,outside_root_band,0.6452609598636627,190,17.282081604003906,55.473167419433594,0.1864587664604187,0.8526315689086914,436,73.13803100585938,259.41436767578125,1.1040631532669067,0.8899082541465759
C1,44,heldout,nonblind_diagnostic,320,180,default,center_y_+0.050m,center_y,0.05,1.52587890625e-05,34,64,764,294,294,294,16,470,0,0,0,1,1925,1925,600,1,all,0.5482673570513725,294,13.502371788024902,47.364566802978516,0.13876186311244965,0.704081654548645,600,63.40404510498047,247.018798828125,0.9577728509902954,0.7383333444595337
C1,44,heldout,nonblind_diagnostic,320,180,default,center_y_+0.050m,center_y,0.05,1.52587890625e-05,34,64,764,294,294,294,16,470,0,0,0,1,1925,1925,600,1,root_band,0.039638180285692215,111,6.80930757522583,17.23541259765625,0.03598203882575035,0.6396396160125732,164,7.028835773468018,20.85074806213379,0.04329432174563408,0.5609756112098694
C1,44,heldout,nonblind_diagnostic,320,180,default,center_y_+0.050m,center_y,0.05,1.52587890625e-05,34,64,764,294,294,294,16,470,0,0,0,1,1925,1925,600,1,outside_root_band,0.7514273077249527,183,17.56209945678711,61.95775604248047,0.20110371708869934,0.7431694269180298,436,84.6093978881836,296.3543701171875,1.301750898361206,0.8050458431243896
C1,44,heldout,nonblind_diagnostic,320,180,default,chord_halfwidth_-0.020m,chord_halfwidth,-0.02,7.62939453125e-06,35,64,767,295,295,295,16,472,0,0,0,1,1925,1925,600,1,all,0.4866013526916504,295,13.730918884277344,40.98646545410156,0.13324880599975586,0.7457627058029175,600,56.897911071777344,217.3590087890625,0.8399538993835449,0.8166666626930237
C1,44,heldout,nonblind_diagnostic,320,180,default,chord_halfwidth_-0.020m,chord_halfwidth,-0.02,7.62939453125e-06,35,64,767,295,295,295,16,472,0,0,0,1,1925,1925,600,1,root_band,0.031953683122992516,106,7.293362617492676,13.650435447692871,0.02887846529483795,0.6886792182922363,164,8.067482948303223,14.26970386505127,0.03502890095114708,0.7682926654815674
C1,44,heldout,nonblind_diagnostic,320,180,default,chord_halfwidth_-0.020m,chord_halfwidth,-0.02,7.62939453125e-06,35,64,767,295,295,295,16,472,0,0,0,1,1925,1925,600,1,outside_root_band,0.6672541722655296,189,17.341398239135742,57.42786407470703,0.1917845457792282,0.7777777910232544,436,75.26531982421875,266.3470764160156,1.142723798751831,0.8348624110221863
C1,44,heldout,nonblind_diagnostic,320,180,default,chord_halfwidth_+0.020m,chord_halfwidth,0.02,1.52587890625e-05,36,64,765,288,288,288,16,477,0,0,0,1,1925,1925,600,1,all,0.5252067819237709,288,13.633613586425781,46.94899368286133,0.1399952918291092,0.7291666865348816,600,60.720787048339844,234.97439575195312,0.9104182720184326,0.7950000166893005
C1,44,heldout,nonblind_diagnostic,320,180,default,chord_halfwidth_+0.020m,chord_halfwidth,0.02,1.52587890625e-05,36,64,765,288,288,288,16,477,0,0,0,1,1925,1925,600,1,root_band,0.0318150008097291,102,5.97659158706665,15.558677673339844,0.028880300000309944,0.5196078419685364,164,6.576706886291504,17.73849105834961,0.034749701619148254,0.5914633870124817
C1,44,heldout,nonblind_diagnostic,320,180,default,chord_halfwidth_+0.020m,chord_halfwidth,0.02,1.52587890625e-05,36,64,765,288,288,288,16,477,0,0,0,1,1925,1925,600,1,outside_root_band,0.7203637734055519,186,17.832624435424805,61.52346420288086,0.20092935860157013,0.8440860509872437,436,81.08689880371094,284.0914611816406,1.2397981882095337,0.8715596199035645
C1,44,heldout,nonblind_diagnostic,320,180,default,chord_halfwidth_-0.050m,chord_halfwidth,-0.05,7.62939453125e-06,37,64,767,301,301,300,16,466,0,1,0,1,1925,1925,600,1,all,0.4625650495290756,300,14.3536958694458,37.446563720703125,0.13920173048973083,0.746666669845581,600,53.81055450439453,200.53140258789062,0.7859283685684204,0.7900000214576721
C1,44,heldout,nonblind_diagnostic,320,180,default,chord_halfwidth_-0.050m,chord_halfwidth,-0.05,7.62939453125e-06,37,64,767,301,301,300,16,466,0,1,0,1,1925,1925,600,1,root_band,0.057895321398973465,108,9.397337913513184,16.720237731933594,0.052438490092754364,0.75,164,10.378457069396973,17.19623374938965,0.06335215270519257,0.7560975551605225
C1,44,heldout,nonblind_diagnostic,320,180,default,chord_halfwidth_-0.050m,chord_halfwidth,-0.05,7.62939453125e-06,37,64,767,301,301,300,16,466,0,1,0,1,1925,1925,600,1,outside_root_band,0.6228645518422127,192,17.141647338867188,55.30762481689453,0.18800605833530426,0.7447916865348816,436,70.14739227294922,249.19529724121094,1.057723045349121,0.8027523159980774
C1,44,heldout,nonblind_diagnostic,320,180,default,chord_halfwidth_+0.050m,chord_halfwidth,0.05,1.52587890625e-05,38,64,765,284,284,284,16,481,0,0,0,1,1925,1925,600,1,all,0.5647552013397217,284,14.052807807922363,50.56218719482422,0.1472274661064148,0.7711267471313477,600,65.02590942382812,252.0414276123047,0.9822829365730286,0.8149999976158142
C1,44,heldout,nonblind_diagnostic,320,180,default,chord_halfwidth_+0.050m,chord_halfwidth,0.05,1.52587890625e-05,38,64,765,284,284,284,16,481,0,0,0,1,1925,1925,600,1,root_band,0.05029931664466858,101,7.2082600593566895,21.746477127075195,0.046142421662807465,0.5841584205627441,164,7.881632328033447,23.8574161529541,0.054456211626529694,0.5914633870124817
C1,44,heldout,nonblind_diagnostic,320,180,default,chord_halfwidth_+0.050m,chord_halfwidth,0.05,1.52587890625e-05,38,64,765,284,284,284,16,481,0,0,0,1,1925,1925,600,1,outside_root_band,0.7671497911214828,183,17.830398559570312,63.55009460449219,0.20301756262779236,0.874316930770874,436,86.52054595947266,301.3844909667969,1.3312820196151733,0.8990825414657593
C1,45,heldout,nonblind_diagnostic,320,180,default,baseline,,0.0,1.52587890625e-05,39,64,789,260,259,259,14,529,1,0,0,1,1570,1570,600,1,all,0.6028404533863068,259,29.707752227783203,98.8326644897461,0.38342171907424927,0.8687258958816528,600,56.36777114868164,172.55276489257812,0.8222591876983643,0.8833333253860474
C1,45,heldout,nonblind_diagnostic,320,180,default,baseline,,0.0,1.52587890625e-05,39,64,789,260,259,259,14,529,1,0,0,1,1570,1570,600,1,root_band,0.03390278294682503,72,7.84573221206665,14.389669418334961,0.031849589198827744,0.8472222089767456,160,8.176013946533203,16.347055435180664,0.03595597669482231,0.8500000238418579
C1,45,heldout,nonblind_diagnostic,320,180,default,baseline,,0.0,1.52587890625e-05,39,64,789,260,259,259,14,529,1,0,0,1,1570,1570,600,1,outside_root_band,0.8134869933128357,187,38.125213623046875,102.27262878417969,0.5187864303588867,0.8770053386688232,440,73.89203643798828,208.04690551757812,1.1081875562667847,0.8954545259475708
C1,45,heldout,nonblind_diagnostic,320,180,default,center_x_-0.020m,center_x,-0.02,1.52587890625e-05,40,64,789,261,260,260,14,528,1,0,0,1,1570,1570,600,1,all,0.6033152639865875,260,29.885587692260742,99.17990112304688,0.3867219090461731,0.8653846383094788,600,56.18252944946289,171.68917846679688,0.819908618927002,0.8766666650772095
C1,45,heldout,nonblind_diagnostic,320,180,default,center_x_-0.020m,center_x,-0.02,1.52587890625e-05,40,64,789,261,260,260,14,528,1,0,0,1,1570,1570,600,1,root_band,0.0341582465916872,72,7.764588832855225,15.165607452392578,0.032632239162921906,0.8194444179534912,160,7.993419647216797,16.601926803588867,0.0356842540204525,0.824999988079071
C1,45,heldout,nonblind_diagnostic,320,180,default,center_x_-0.020m,center_x,-0.02,1.52587890625e-05,40,64,789,261,260,260,14,528,1,0,0,1,1570,1570,600,1,outside_root_band,0.8137059211730957,188,38.357452392578125,102.39353942871094,0.5223307609558105,0.8829787373542786,440,73.7058334350586,207.05577087402344,1.1050810813903809,0.8954545259475708
C1,45,heldout,nonblind_diagnostic,320,180,default,center_x_+0.020m,center_x,0.02,1.52587890625e-05,41,64,789,261,260,260,14,528,1,0,0,1,1570,1570,600,1,all,0.6040803045034409,260,29.939250946044922,98.5770263671875,0.3863939940929413,0.8730769157409668,600,56.38105010986328,172.661376953125,0.8217666149139404,0.8883333206176758
C1,45,heldout,nonblind_diagnostic,320,180,default,center_x_+0.020m,center_x,0.02,1.52587890625e-05,41,64,789,261,260,260,14,528,1,0,0,1,1570,1570,600,1,root_band,0.03396976925432682,72,7.995984077453613,13.63172721862793,0.03158186003565788,0.875,160,8.361669540405273,16.090675354003906,0.03635767847299576,0.8687499761581421
C1,45,heldout,nonblind_diagnostic,320,180,default,center_x_+0.020m,center_x,0.02,1.52587890625e-05,41,64,789,261,260,260,14,528,1,0,0,1,1570,1570,600,1,outside_root_band,0.8148247003555298,188,38.343055725097656,102.8259506225586,0.5222795009613037,0.8723404407501221,440,73.8426513671875,207.7009735107422,1.1073698997497559,0.8954545259475708
C1,45,heldout,nonblind_diagnostic,320,180,default,center_x_-0.050m,center_x,-0.05,1.52587890625e-05,42,64,786,259,259,259,14,527,0,0,0,1,1570,1570,600,1,all,0.6016893535852432,259,29.824827194213867,99.5673828125,0.3868683874607086,0.8610038757324219,600,55.913970947265625,170.4100341796875,0.8165103197097778,0.8666666746139526
C1,45,heldout,nonblind_diagnostic,320,180,default,center_x_-0.050m,center_x,-0.05,1.52587890625e-05,42,64,786,259,259,259,14,527,0,0,0,1,1570,1570,600,1,root_band,0.0348520427942276,72,7.5862812995910645,16.376802444458008,0.034210652112960815,0.7777777910232544,160,7.739669322967529,16.981786727905273,0.035493433475494385,0.7875000238418579
C1,45,heldout,nonblind_diagnostic,320,180,default,center_x_-0.050m,center_x,-0.05,1.52587890625e-05,42,64,786,259,259,259,14,527,0,0,0,1,1570,1570,600,1,outside_root_band,0.8115837574005127,187,38.38726043701172,102.80866241455078,0.5226510763168335,0.893048107624054,440,73.43189239501953,205.5820770263672,1.100516438484192,0.8954545259475708
C1,45,heldout,nonblind_diagnostic,320,180,default,center_x_+0.050m,center_x,0.05,1.52587890625e-05,43,64,791,262,261,261,14,529,1,0,0,1,1570,1570,600,1,all,0.6068926453590393,261,30.140052795410156,98.96246337890625,0.3884263038635254,0.8812260627746582,600,56.657562255859375,173.89605712890625,0.8253589868545532,0.8999999761581421
C1,45,heldout,nonblind_diagnostic,320,180,default,center_x_+0.050m,center_x,0.05,1.52587890625e-05,43,64,791,262,261,261,14,529,1,0,0,1,1570,1570,600,1,root_band,0.0342025812715292,72,8.241137504577637,12.664813995361328,0.031176742166280746,0.8888888955116272,160,8.644442558288574,15.703420639038086,0.03722842037677765,0.90625
C1,45,heldout,nonblind_diagnostic,320,180,default,center_x_+0.050m,center_x,0.05,1.52587890625e-05,43,64,791,262,261,261,14,529,1,0,0,1,1570,1570,600,1,outside_root_band,0.8182366490364075,189,38.48249435424805,102.56474304199219,0.5245213508605957,0.8783068656921387,440,74.11687469482422,209.12351989746094,1.1119519472122192,0.8977272510528564
C1,45,heldout,nonblind_diagnostic,320,180,default,center_y_-0.020m,center_y,-0.02,1.52587890625e-05,44,64,790,263,261,261,14,527,2,0,0,1,1570,1570,600,1,all,0.5919151902198792,261,29.761001586914062,96.6753921508789,0.38030707836151123,0.8812260627746582,600,55.443424224853516,170.00193786621094,0.8035233020782471,0.9016666412353516
C1,45,heldout,nonblind_diagnostic,320,180,default,center_y_-0.020m,center_y,-0.02,1.52587890625e-05,44,64,790,263,261,261,14,527,2,0,0,1,1570,1570,600,1,root_band,0.03495005704462528,72,8.674187660217285,13.251030921936035,0.033259131014347076,0.9166666865348816,160,8.915932655334473,13.704895973205566,0.03664098307490349,0.9125000238418579
C1,45,heldout,nonblind_diagnostic,320,180,default,center_y_-0.020m,center_y,-0.02,1.52587890625e-05,44,64,790,263,261,261,14,527,2,0,0,1,1570,1570,600,1,outside_root_band,0.7974528074264526,189,37.794071197509766,100.4950180053711,0.5125159025192261,0.8677248954772949,440,72.36251068115234,205.2008514404297,1.0823897123336792,0.8977272510528564
C1,45,heldout,nonblind_diagnostic,320,180,default,center_y_+0.020m,center_y,0.02,7.62939453125e-06,45,64,789,258,258,258,14,531,0,0,0,1,1570,1570,600,1,all,0.6141265332698822,258,29.786224365234375,100.40579986572266,0.38848620653152466,0.8604651093482971,600,57.21284103393555,174.45823669433594,0.8397668600082397,0.8666666746139526
C1,45,heldout,nonblind_diagnostic,320,180,default,center_y_+0.020m,center_y,0.02,7.62939453125e-06,45,64,789,258,258,258,14,531,0,0,0,1,1570,1570,600,1,root_band,0.03759147971868515,72,7.359673976898193,17.04484748840332,0.035137757658958435,0.7638888955116272,160,7.729373931884766,19.156373977661133,0.040045201778411865,0.762499988079071
C1,45,heldout,nonblind_diagnostic,320,180,default,center_y_+0.020m,center_y,0.02,7.62939453125e-06,45,64,789,258,258,258,14,531,0,0,0,1,1570,1570,600,1,outside_root_band,0.8279204666614532,186,38.467464447021484,104.3628921508789,0.5252662301063538,0.897849440574646,440,75.20682525634766,209.65838623046875,1.1305747032165527,0.9045454263687134
C1,45,heldout,nonblind_diagnostic,320,180,default,center_y_-0.050m,center_y,-0.05,1.52587890625e-05,46,64,790,266,262,262,14,524,4,0,0,1,1570,1570,600,1,all,0.5727904289960861,262,29.526823043823242,93.71253967285156,0.3724457919597626,0.8893129825592041,600,53.835330963134766,163.56639099121094,0.7731350660324097,0.903333306312561
C1,45,heldout,nonblind_diagnostic,320,180,default,center_y_-0.050m,center_y,-0.05,1.52587890625e-05,46,64,790,266,262,262,14,524,4,0,0,1,1570,1570,600,1,root_band,0.04688774421811104,72,10.180008888244629,14.366659164428711,0.04545610398054123,0.9305555820465088,160,10.376415252685547,15.077482223510742,0.04831938445568085,0.925000011920929
C1,45,heldout,nonblind_diagnostic,320,180,default,center_y_-0.050m,center_y,-0.05,1.52587890625e-05,46,64,790,266,262,262,14,524,4,0,0,1,1570,1570,600,1,outside_root_band,0.7665310353040695,190,36.858245849609375,97.14347076416016,0.49635764956474304,0.8736842274665833,440,69.63855743408203,198.5822296142578,1.036704421043396,0.8954545259475708
C1,45,heldout,nonblind_diagnostic,320,180,default,center_y_+0.050m,center_y,0.05,1.52587890625e-05,47,64,788,254,254,254,14,534,0,0,0,1,1570,1570,600,1,all,0.6392799466848373,254,29.7260684967041,100.45694732666016,0.39080843329429626,0.8267716765403748,600,59.92461013793945,184.35377502441406,0.8877514600753784,0.8450000286102295
C1,45,heldout,nonblind_diagnostic,320,180,default,center_y_+0.050m,center_y,0.05,1.52587890625e-05,47,64,788,254,254,254,14,534,0,0,0,1,1570,1570,600,1,root_band,0.050011346116662025,72,7.689903736114502,20.949655532836914,0.04676422104239464,0.6527777910232544,160,8.065872192382812,23.37779426574707,0.05325847119092941,0.6499999761581421
C1,45,heldout,nonblind_diagnostic,320,180,default,center_y_+0.050m,center_y,0.05,1.52587890625e-05,47,64,788,254,254,254,14,534,0,0,0,1,1570,1570,600,1,outside_root_band,0.8590586483478546,182,38.443668365478516,106.2978515625,0.5269138216972351,0.8956043720245361,440,78.78231811523438,220.23204040527344,1.1912034749984741,0.9159091114997864
C1,45,heldout,nonblind_diagnostic,320,180,default,chord_halfwidth_-0.020m,chord_halfwidth,-0.02,1.52587890625e-05,48,64,790,264,262,262,14,526,2,0,0,1,1570,1570,600,1,all,0.5858995318412781,262,29.93254280090332,96.43679809570312,0.3813323378562927,0.8931297659873962,600,54.75852584838867,166.0076904296875,0.7904667258262634,0.9049999713897705
C1,45,heldout,nonblind_diagnostic,320,180,default,chord_halfwidth_-0.020m,chord_halfwidth,-0.02,1.52587890625e-05,48,64,790,264,262,262,14,526,2,0,0,1,1570,1570,600,1,root_band,0.03829427622258663,72,9.180951118469238,13.831670761108398,0.03656775876879692,0.9305555820465088,160,9.431509017944336,14.08974552154541,0.04002079367637634,0.925000011920929
C1,45,heldout,nonblind_diagnostic,320,180,default,chord_halfwidth_-0.020m,chord_halfwidth,-0.02,1.52587890625e-05,48,64,790,264,262,262,14,526,2,0,0,1,1570,1570,600,1,outside_root_band,0.7876680791378021,190,37.79629898071289,100.14562225341797,0.5119799971580505,0.878947377204895,440,71.24107360839844,200.71441650390625,1.0633561611175537,0.8977272510528564
C1,45,heldout,nonblind_diagnostic,320,180,default,chord_halfwidth_+0.020m,chord_halfwidth,0.02,1.52587890625e-05,49,64,788,256,256,256,14,532,0,0,0,1,1570,1570,600,1,all,0.6216929107904434,256,29.639419555664062,100.35406494140625,0.3880772888660431,0.83984375,600,58.04458236694336,178.51588439941406,0.8553085327148438,0.8533333539962769
C1,45,heldout,nonblind_diagnostic,320,180,default,chord_halfwidth_+0.020m,chord_halfwidth,0.02,1.52587890625e-05,49,64,788,256,256,256,14,532,0,0,0,1,1570,1570,600,1,root_band,0.04019876755774021,72,7.2522711753845215,18.335407257080078,0.037755805999040604,0.7222222089767456,160,7.600093364715576,20.338571548461914,0.04264172911643982,0.706250011920929
C1,45,heldout,nonblind_diagnostic,320,180,default,chord_halfwidth_+0.020m,chord_halfwidth,0.02,1.52587890625e-05,49,64,788,256,256,256,14,532,0,0,0,1,1570,1570,600,1,outside_root_band,0.8379916548728943,184,38.39960479736328,104.88496398925781,0.5251595973968506,0.885869562625885,440,76.38803100585938,214.19761657714844,1.150823712348938,0.9068182110786438
C1,45,heldout,nonblind_diagnostic,320,180,default,chord_halfwidth_-0.050m,chord_halfwidth,-0.05,1.52587890625e-05,50,64,789,269,263,263,14,520,6,0,0,1,1570,1570,600,1,all,0.5660343766212463,263,29.14798355102539,90.7813949584961,0.36368077993392944,0.8935361504554749,600,53.67567443847656,162.7233428955078,0.7683879733085632,0.8949999809265137
C1,45,heldout,nonblind_diagnostic,320,180,default,chord_halfwidth_-0.050m,chord_halfwidth,-0.05,1.52587890625e-05,50,64,789,269,263,263,14,520,6,0,0,1,1570,1570,600,1,root_band,0.06928211078047752,72,11.894371032714844,16.209806442260742,0.06797268986701965,0.9305555820465088,160,12.052583694458008,16.58797836303711,0.0705915316939354,0.9312499761581421
C1,45,heldout,nonblind_diagnostic,320,180,default,chord_halfwidth_-0.050m,chord_halfwidth,-0.05,1.52587890625e-05,50,64,789,269,263,263,14,520,6,0,0,1,1570,1570,600,1,outside_root_band,0.7486420124769211,191,35.65196228027344,94.62970733642578,0.4751518666744232,0.8795811533927917,440,68.81134033203125,198.07907104492188,1.022132158279419,0.8818181753158569
C1,45,heldout,nonblind_diagnostic,320,180,default,chord_halfwidth_+0.050m,chord_halfwidth,0.05,1.52587890625e-05,51,64,788,251,251,251,14,537,0,0,0,1,1570,1570,600,1,all,0.6552959829568863,251,29.93781280517578,100.99979400634766,0.39531031250953674,0.8286852836608887,600,61.55909729003906,189.4927215576172,0.9152816534042358,0.8533333539962769
C1,45,heldout,nonblind_diagnostic,320,180,default,chord_halfwidth_+0.050m,chord_halfwidth,0.05,1.52587890625e-05,51,64,788,251,251,251,14,537,0,0,0,1,1570,1570,600,1,root_band,0.06395135447382927,72,8.759194374084473,24.14796257019043,0.060805439949035645,0.6805555820465088,160,9.129467964172363,26.330488204956055,0.0670972689986229,0.6812499761581421
C1,45,heldout,nonblind_diagnostic,320,180,default,chord_halfwidth_+0.050m,chord_halfwidth,0.05,1.52587890625e-05,51,64,788,251,251,251,14,537,0,0,0,1,1570,1570,600,1,outside_root_band,0.8767861127853394,179,38.45658874511719,108.1842041015625,0.5298597812652588,0.8882681727409363,440,80.6244125366211,225.68907165527344,1.22371244430542,0.9159091114997864
C2,42,fit,fit,320,180,default,baseline,,0.0,1.52587890625e-05,52,64,504,501,493,300,42,3,8,1,0,1,2103,2103,600,1,all,0.014642099849879742,300,5.136188507080078,11.578646659851074,0.01333651877939701,0.6133333444595337,600,5.308316230773926,12.223651885986328,0.015947680920362473,0.5766666531562805
C2,42,fit,fit,320,180,default,baseline,,0.0,1.52587890625e-05,52,64,504,501,493,300,42,3,8,1,0,1,2103,2103,600,1,root_band,0.0010745315812528133,63,3.499742269515991,5.105645656585693,0.0012500477023422718,0.60317462682724,87,2.969747543334961,4.893457412719727,0.0008990154601633549,0.4712643623352051
C2,42,fit,fit,320,180,default,baseline,,0.0,1.52587890625e-05,52,64,504,501,493,300,42,3,8,1,0,1,2103,2103,600,1,outside_root_band,0.01752458605915308,237,5.571193695068359,12.299560546875,0.016549378633499146,0.6160337328910828,513,5.704915523529053,12.819914817810059,0.018499793484807014,0.5945419073104858
C2,42,fit,fit,320,180,default,center_x_-0.020m,center_x,-0.02,1.52587890625e-05,53,64,504,501,495,300,42,3,6,1,0,1,2103,2103,600,1,all,0.014254358597099781,300,5.106060028076172,11.879242897033691,0.013551956973969936,0.5733333230018616,600,5.024022102355957,12.668693542480469,0.014956760220229626,0.5316666960716248
C2,42,fit,fit,320,180,default,center_x_-0.020m,center_x,-0.02,1.52587890625e-05,53,64,504,501,495,300,42,3,6,1,0,1,2103,2103,600,1,root_band,0.0040968297980725765,64,4.1550469398498535,7.832712650299072,0.006681733299046755,0.46875,87,2.4230575561523438,6.254771709442139,0.0015119262970983982,0.2068965584039688
C2,42,fit,fit,320,180,default,center_x_-0.020m,center_x,-0.02,1.52587890625e-05,53,64,504,501,495,300,42,3,6,1,0,1,2103,2103,600,1,outside_root_band,0.01632597390562296,236,5.363961696624756,12.710043907165527,0.015415068715810776,0.6016949415206909,513,5.465121269226074,12.957155227661133,0.017236879095435143,0.5867446660995483
C2,42,fit,fit,320,180,default,center_x_+0.020m,center_x,0.02,1.52587890625e-05,54,64,503,500,490,300,42,3,10,1,0,1,2103,2103,600,1,all,0.017458412796258926,300,5.74424409866333,12.28174877166748,0.01630878634750843,0.6333333253860474,600,5.786819934844971,12.903210639953613,0.018608039245009422,0.596666693687439
C2,42,fit,fit,320,180,default,center_x_+0.020m,center_x,0.02,1.52587890625e-05,54,64,503,500,490,300,42,3,10,1,0,1,2103,2103,600,1,root_band,0.007226722547784448,61,5.421261310577393,7.779163360595703,0.007929746992886066,0.7213114500045776,87,4.757932662963867,7.620499134063721,0.006523698102682829,0.5977011322975159
C2,42,fit,fit,320,180,default,center_x_+0.020m,center_x,0.02,1.52587890625e-05,54,64,503,500,490,300,42,3,10,1,0,1,2103,2103,600,1,outside_root_band,0.019552401266992092,239,5.82667875289917,12.713785171508789,0.01844736933708191,0.6108786463737488,513,5.96130895614624,13.043861389160156,0.020657433196902275,0.5964912176132202
C2,42,fit,fit,320,180,default,center_x_-0.050m,center_x,-0.05,1.52587890625e-05,55,64,505,502,500,300,42,3,2,1,0,1,2103,2103,600,1,all,0.019201758317649364,300,5.939209938049316,14.26329231262207,0.02161288820207119,0.6233333349227905,600,5.177683353424072,13.45056438446045,0.01679062843322754,0.550000011920929
C2,42,fit,fit,320,180,default,center_x_-0.050m,center_x,-0.05,1.52587890625e-05,55,64,505,502,500,300,42,3,2,1,0,1,2103,2103,600,1,root_band,0.03084670379757881,66,9.07986831665039,16.03015899658203,0.04507632553577423,0.8181818127632141,87,5.428502082824707,13.328104019165039,0.016617082059383392,0.5517241358757019
C2,42,fit,fit,320,180,default,center_x_-0.050m,center_x,-0.05,1.52587890625e-05,55,64,505,502,500,300,42,3,2,1,0,1,2103,2103,600,1,outside_root_band,0.01590752601623535,234,5.0533833503723145,13.07987117767334,0.014994991943240166,0.5683760643005371,513,5.1351470947265625,13.466958045959473,0.016820060089230537,0.5497075915336609
C2,42,fit,fit,320,180,default,center_x_+0.050m,center_x,0.05,1.52587890625e-05,56,64,500,497,484,300,42,3,13,1,0,1,2103,2103,600,1,all,0.027569174766540527,300,7.0931782722473145,13.838863372802734,0.027618974447250366,0.6933333277702332,600,6.913946628570557,13.906769752502441,0.02751937508583069,0.6566666960716248
C2,42,fit,fit,320,180,default,center_x_+0.050m,center_x,0.05,1.52587890625e-05,56,64,500,497,484,300,42,3,13,1,0,1,2103,2103,600,1,root_band,0.04287830553948879,59,10.897262573242188,13.795414924621582,0.04697887599468231,1.0,87,10.14104175567627,12.423917770385742,0.03877773508429527,1.0
C2,42,fit,fit,320,180,default,center_x_+0.050m,center_x,0.05,1.52587890625e-05,56,64,500,497,484,300,42,3,13,1,0,1,2103,2103,600,1,outside_root_band,0.02424473874270916,241,6.161888122558594,13.837162971496582,0.02287941426038742,0.6182572841644287,513,6.3666605949401855,14.105607986450195,0.0256100632250309,0.5984405279159546
C2,42,fit,fit,320,180,default,center_y_-0.020m,center_y,-0.02,1.52587890625e-05,57,64,502,499,489,300,42,3,10,1,0,1,2103,2103,600,1,all,0.017315609380602837,300,5.67279052734375,12.383060455322266,0.016128139570355415,0.6299999952316284,600,5.753671646118164,12.862054824829102,0.018503079190850258,0.5899999737739563
C2,42,fit,fit,320,180,default,center_y_-0.020m,center_y,-0.02,1.52587890625e-05,57,64,502,499,489,300,42,3,10,1,0,1,2103,2103,600,1,root_band,0.006700943224132061,61,5.071706771850586,7.682598114013672,0.006886138115078211,0.6721311211585999,87,4.571160793304443,7.716343402862549,0.006515748333185911,0.5517241358757019
C2,42,fit,fit,320,180,default,center_y_-0.020m,center_y,-0.02,1.52587890625e-05,57,64,502,499,489,300,42,3,10,1,0,1,2103,2103,600,1,outside_root_band,0.019511496648192406,239,5.826205253601074,12.784392356872559,0.018486976623535156,0.6192468404769897,513,5.954215049743652,13.01212215423584,0.020536016672849655,0.5964912176132202
C2,42,fit,fit,320,180,default,center_y_+0.020m,center_y,0.02,1.52587890625e-05,58,64,505,502,496,300,42,3,6,1,0,1,2103,2103,600,1,all,0.014039087574928999,300,5.00930643081665,11.919302940368652,0.013091876171529293,0.5733333230018616,600,4.982098579406738,12.76406478881836,0.014986298978328705,0.5249999761581421
C2,42,fit,fit,320,180,default,center_y_+0.020m,center_y,0.02,1.52587890625e-05,58,64,505,502,496,300,42,3,6,1,0,1,2103,2103,600,1,root_band,0.002568452066043392,64,3.704439878463745,6.906655311584473,0.004236701875925064,0.4375,87,2.103497266769409,5.354669570922852,0.0009002022561617196,0.16091954708099365
C2,42,fit,fit,320,180,default,center_y_+0.020m,center_y,0.02,1.52587890625e-05,58,64,505,502,496,300,42,3,6,1,0,1,2103,2103,600,1,outside_root_band,0.016434224788099527,236,5.363168239593506,12.773099899291992,0.015493280254304409,0.6101694703102112,513,5.470282554626465,13.052178382873535,0.017375169321894646,0.5867446660995483
C2,42,fit,fit,320,180,default,center_y_-0.050m,center_y,-0.05,1.52587890625e-05,59,64,500,497,485,300,42,3,12,1,0,1,2103,2103,600,1,all,0.025842612609267235,300,6.8793230056762695,13.404407501220703,0.025478076189756393,0.7066666483879089,600,6.760866165161133,13.782980918884277,0.026207149028778076,0.653333306312561
C2,42,fit,fit,320,180,default,center_y_-0.050m,center_y,-0.05,1.52587890625e-05,59,64,500,497,485,300,42,3,12,1,0,1,2103,2103,600,1,root_band,0.03418557532131672,59,9.751145362854004,12.383042335510254,0.03658769652247429,0.9830508232116699,87,9.224594116210938,11.936585426330566,0.03178345412015915,0.9885057210922241
C2,42,fit,fit,320,180,default,center_y_-0.050m,center_y,-0.05,1.52587890625e-05,59,64,500,497,485,300,42,3,12,1,0,1,2103,2103,600,1,outside_root_band,0.02400987781584263,241,6.176261901855469,13.71008014678955,0.022758297622203827,0.6390041708946228,513,6.343040943145752,14.071869850158691,0.02526145800948143,0.5964912176132202
C2,42,fit,fit,320,180,default,center_y_+0.050m,center_y,0.05,1.52587890625e-05,60,64,506,503,500,300,42,3,3,1,0,1,2103,2103,600,1,all,0.017442707903683186,300,5.708497047424316,13.251729965209961,0.018698809668421745,0.6200000047683716,600,5.11216402053833,13.126115798950195,0.016186606138944626,0.5616666674613953
C2,42,fit,fit,320,180,default,center_y_+0.050m,center_y,0.05,1.52587890625e-05,60,64,506,503,500,300,42,3,3,1,0,1,2103,2103,600,1,root_band,0.01982588367536664,67,7.798726558685303,13.304146766662598,0.02971850521862507,0.8059701323509216,87,4.891453742980957,11.210779190063477,0.009933262132108212,0.6321839094161987
C2,42,fit,fit,320,180,default,center_y_+0.050m,center_y,0.05,1.52587890625e-05,60,64,506,503,500,300,42,3,3,1,0,1,2103,2103,600,1,outside_root_band,0.01638858485966921,233,5.1074442863464355,13.21939468383789,0.01553005538880825,0.5665236115455627,513,5.149593830108643,13.70112419128418,0.017247114330530167,0.5497075915336609
C2,42,fit,fit,320,180,default,chord_halfwidth_-0.020m,chord_halfwidth,-0.02,1.52587890625e-05,61,64,504,501,496,300,42,3,5,1,0,1,2103,2103,600,1,all,0.0140845887362957,300,5.064721584320068,11.681619644165039,0.013006099499762058,0.5933333039283752,600,5.117999076843262,12.513294219970703,0.015163077972829342,0.550000011920929
C2,42,fit,fit,320,180,default,chord_halfwidth_-0.020m,chord_halfwidth,-0.02,1.52587890625e-05,61,64,504,501,496,300,42,3,5,1,0,1,2103,2103,600,1,root_band,0.0017523843853268772,64,3.684527635574341,6.341243267059326,0.0030159978196024895,0.53125,87,2.5244665145874023,4.432659149169922,0.000488770951051265,0.3103448152542114
C2,42,fit,fit,320,180,default,chord_halfwidth_-0.020m,chord_halfwidth,-0.02,1.52587890625e-05,61,64,504,501,496,300,42,3,5,1,0,1,2103,2103,600,1,outside_root_band,0.016683490946888924,236,5.439011573791504,12.60329818725586,0.015715278685092926,0.6101694703102112,513,5.557837963104248,12.903517723083496,0.01765170320868492,0.5906432867050171
C2,42,fit,fit,320,180,default,chord_halfwidth_+0.020m,chord_halfwidth,0.02,1.52587890625e-05,62,64,504,501,491,300,42,3,10,1,0,1,2103,2103,600,1,all,0.01615723269060254,300,5.424659729003906,11.969412803649902,0.014958887360990047,0.6066666841506958,600,5.543587684631348,12.600488662719727,0.017355578020215034,0.5899999737739563
C2,42,fit,fit,320,180,default,chord_halfwidth_+0.020m,chord_halfwidth,0.02,1.52587890625e-05,62,64,504,501,491,300,42,3,10,1,0,1,2103,2103,600,1,root_band,0.00375316571444273,62,4.292396545410156,6.652270317077637,0.003840397344902158,0.6451612710952759,87,3.696000337600708,6.600681781768799,0.003665934083983302,0.5517241358757019
C2,42,fit,fit,320,180,default,chord_halfwidth_+0.020m,chord_halfwidth,0.02,1.52587890625e-05,62,64,504,501,491,300,42,3,10,1,0,1,2103,2103,600,1,outside_root_band,0.018766257911920547,238,5.719619274139404,12.713693618774414,0.01785529963672161,0.5966386795043945,513,5.856921195983887,12.904458045959473,0.019677216187119484,0.5964912176132202
C2,42,fit,fit,320,180,default,chord_halfwidth_-0.050m,chord_halfwidth,-0.05,1.52587890625e-05,63,64,506,503,501,300,42,3,2,1,0,1,2103,2103,600,1,all,0.015139529947191477,300,5.274895191192627,12.280829429626465,0.01508029643446207,0.596666693687439,600,4.936437129974365,12.924651145935059,0.015198763459920883,0.5266666412353516
C2,42,fit,fit,320,180,default,chord_halfwidth_-0.050m,chord_halfwidth,-0.05,1.52587890625e-05,63,64,506,503,501,300,42,3,2,1,0,1,2103,2103,600,1,root_band,0.00955980853177607,67,5.337467193603516,10.623144149780273,0.014510705135762691,0.5970149040222168,87,2.5330593585968018,8.835566520690918,0.00460891192778945,0.27586206793785095
C2,42,fit,fit,320,180,default,chord_halfwidth_-0.050m,chord_halfwidth,-0.05,1.52587890625e-05,63,64,506,503,501,300,42,3,2,1,0,1,2103,2103,600,1,outside_root_band,0.0161193935200572,233,5.256902694702148,12.910861015319824,0.015244083479046822,0.5965664982795715,513,5.344027519226074,13.274205207824707,0.01699470356106758,0.5692007541656494
C2,42,fit,fit,320,180,default,chord_halfwidth_+0.050m,chord_halfwidth,0.05,1.52587890625e-05,64,64,503,500,487,300,42,3,13,1,0,1,2103,2103,600,1,all,0.01993679441511631,300,6.147193908691406,12.764845848083496,0.01909429021179676,0.6633333563804626,600,6.153279781341553,13.236140251159668,0.02077929861843586,0.6349999904632568
C2,42,fit,fit,320,180,default,chord_halfwidth_+0.050m,chord_halfwidth,0.05,1.52587890625e-05,64,64,503,500,487,300,42,3,13,1,0,1,2103,2103,600,1,root_band,0.01466769864782691,60,7.0980353355407715,9.597275733947754,0.01606207713484764,0.8999999761581421,87,6.510010242462158,9.217079162597656,0.013273320160806179,0.8620689511299133
C2,42,fit,fit,320,180,default,chord_halfwidth_+0.050m,chord_halfwidth,0.05,1.52587890625e-05,64,64,503,500,487,300,42,3,13,1,0,1,2103,2103,600,1,outside_root_band,0.020952293649315834,240,5.909482955932617,13.076714515686035,0.019852343946695328,0.6041666865348816,513,6.092782974243164,13.452495574951172,0.02205224335193634,0.5964912176132202
C2,43,fit,fit,320,180,default,baseline,,0.0,3.0517578125e-05,65,64,485,481,481,300,44,4,0,1,0,1,2248,2248,600,1,all,0.016367368400096893,300,5.602815628051758,12.369647026062012,0.016884155571460724,0.6033333539962769,600,5.4128098487854,12.48367691040039,0.015850581228733063,0.5983333587646484
C2,43,fit,fit,320,180,default,baseline,,0.0,3.0517578125e-05,65,64,485,481,481,300,44,4,0,1,0,1,2248,2248,600,1,root_band,,0,,,,,0,,,,
C2,43,fit,fit,320,180,default,baseline,,0.0,3.0517578125e-05,65,64,485,481,481,300,44,4,0,1,0,1,2248,2248,600,1,outside_root_band,0.016367368400096893,300,5.602815628051758,12.369647026062012,0.016884155571460724,0.6033333539962769,600,5.4128098487854,12.48367691040039,0.015850581228733063,0.5983333587646484
C2,43,fit,fit,320,180,default,center_x_-0.020m,center_x,-0.02,3.0517578125e-05,66,64,485,481,481,300,44,4,0,1,0,1,2248,2248,600,1,all,0.015831061638891697,300,5.432735443115234,12.8073091506958,0.016405807808041573,0.5899999737739563,600,5.2222065925598145,12.878497123718262,0.015256315469741821,0.5866666436195374
C2,43,fit,fit,320,180,default,center_x_-0.020m,center_x,-0.02,3.0517578125e-05,66,64,485,481,481,300,44,4,0,1,0,1,2248,2248,600,1,root_band,,0,,,,,0,,,,
C2,43,fit,fit,320,180,default,center_x_-0.020m,center_x,-0.02,3.0517578125e-05,66,64,485,481,481,300,44,4,0,1,0,1,2248,2248,600,1,outside_root_band,0.015831061638891697,300,5.432735443115234,12.8073091506958,0.016405807808041573,0.5899999737739563,600,5.2222065925598145,12.878497123718262,0.015256315469741821,0.5866666436195374
C2,43,fit,fit,320,180,default,center_x_+0.020m,center_x,0.02,3.0517578125e-05,67,64,483,479,479,300,44,4,0,1,0,1,2248,2248,600,1,all,0.018122470006346703,300,5.8185224533081055,12.271958351135254,0.018997816368937492,0.5933333039283752,600,5.620548248291016,12.343611717224121,0.017247123643755913,0.6016666889190674
C2,43,fit,fit,320,180,default,center_x_+0.020m,center_x,0.02,3.0517578125e-05,67,64,483,479,479,300,44,4,0,1,0,1,2248,2248,600,1,root_band,,0,,,,,0,,,,
C2,43,fit,fit,320,180,default,center_x_+0.020m,center_x,0.02,3.0517578125e-05,67,64,483,479,479,300,44,4,0,1,0,1,2248,2248,600,1,outside_root_band,0.018122470006346703,300,5.8185224533081055,12.271958351135254,0.018997816368937492,0.5933333039283752,600,5.620548248291016,12.343611717224121,0.017247123643755913,0.6016666889190674
C2,43,fit,fit,320,180,default,center_x_-0.050m,center_x,-0.05,3.0517578125e-05,68,64,486,482,482,300,44,4,0,1,0,1,2248,2248,600,1,all,0.01625892985612154,300,5.206050872802734,13.046963691711426,0.01705697551369667,0.5400000214576721,600,4.994145393371582,13.181818008422852,0.01546088419854641,0.5550000071525574
C2,43,fit,fit,320,180,default,center_x_-0.050m,center_x,-0.05,3.0517578125e-05,68,64,486,482,482,300,44,4,0,1,0,1,2248,2248,600,1,root_band,,0,,,,,0,,,,
C2,43,fit,fit,320,180,default,center_x_-0.050m,center_x,-0.05,3.0517578125e-05,68,64,486,482,482,300,44,4,0,1,0,1,2248,2248,600,1,outside_root_band,0.01625892985612154,300,5.206050872802734,13.046963691711426,0.01705697551369667,0.5400000214576721,600,4.994145393371582,13.181818008422852,0.01546088419854641,0.5550000071525574
C2,43,fit,fit,320,180,default,center_x_+0.050m,center_x,0.05,3.0517578125e-05,69,64,483,479,479,300,44,4,0,1,0,1,2248,2248,600,1,all,0.021302844397723675,300,6.0658793449401855,13.400919914245605,0.021800100803375244,0.5866666436195374,600,5.949349403381348,13.536879539489746,0.020805587992072105,0.6133333444595337
C2,43,fit,fit,320,180,default,center_x_+0.050m,center_x,0.05,3.0517578125e-05,69,64,483,479,479,300,44,4,0,1,0,1,2248,2248,600,1,root_band,,0,,,,,0,,,,
C2,43,fit,fit,320,180,default,center_x_+0.050m,center_x,0.05,3.0517578125e-05,69,64,483,479,479,300,44,4,0,1,0,1,2248,2248,600,1,outside_root_band,0.021302844397723675,300,6.0658793449401855,13.400919914245605,0.021800100803375244,0.5866666436195374,600,5.949349403381348,13.536879539489746,0.020805587992072105,0.6133333444595337
C2,43,fit,fit,320,180,default,center_y_-0.020m,center_y,-0.02,3.0517578125e-05,70,64,485,481,481,300,44,4,0,1,0,1,2248,2248,600,1,all,0.018393080681562424,300,5.870006084442139,12.250382423400879,0.019727863371372223,0.596666693687439,600,5.58290958404541,12.266644477844238,0.017058297991752625,0.5983333587646484
C2,43,fit,fit,320,180,default,center_y_-0.020m,center_y,-0.02,3.0517578125e-05,70,64,485,481,481,300,44,4,0,1,0,1,2248,2248,600,1,root_band,,0,,,,,0,,,,
C2,43,fit,fit,320,180,default,center_y_-0.020m,center_y,-0.02,3.0517578125e-05,70,64,485,481,481,300,44,4,0,1,0,1,2248,2248,600,1,outside_root_band,0.018393080681562424,300,5.870006084442139,12.250382423400879,0.019727863371372223,0.596666693687439,600,5.58290958404541,12.266644477844238,0.017058297991752625,0.5983333587646484
C2,43,fit,fit,320,180,default,center_y_+0.020m,center_y,0.02,3.0517578125e-05,71,64,485,481,481,300,44,4,0,1,0,1,2248,2248,600,1,all,0.016025536693632603,300,5.472280025482178,13.017866134643555,0.01656142994761467,0.6000000238418579,600,5.26226806640625,12.915149688720703,0.015489643439650536,0.5933333039283752
C2,43,fit,fit,320,180,default,center_y_+0.020m,center_y,0.02,3.0517578125e-05,71,64,485,481,481,300,44,4,0,1,0,1,2248,2248,600,1,root_band,,0,,,,,0,,,,
C2,43,fit,fit,320,180,default,center_y_+0.020m,center_y,0.02,3.0517578125e-05,71,64,485,481,481,300,44,4,0,1,0,1,2248,2248,600,1,outside_root_band,0.016025536693632603,300,5.472280025482178,13.017866134643555,0.01656142994761467,0.6000000238418579,600,5.26226806640625,12.915149688720703,0.015489643439650536,0.5933333039283752
C2,43,fit,fit,320,180,default,center_y_-0.050m,center_y,-0.05,3.0517578125e-05,72,64,484,480,480,300,44,4,0,1,0,1,2248,2248,600,1,all,0.02305952925235033,300,6.2791218757629395,13.364461898803711,0.02557319402694702,0.5833333134651184,600,5.871517181396484,13.371895790100098,0.02054586447775364,0.5983333587646484
C2,43,fit,fit,320,180,default,center_y_-0.050m,center_y,-0.05,3.0517578125e-05,72,64,484,480,480,300,44,4,0,1,0,1,2248,2248,600,1,root_band,,0,,,,,0,,,,
C2,43,fit,fit,320,180,default,center_y_-0.050m,center_y,-0.05,3.0517578125e-05,72,64,484,480,480,300,44,4,0,1,0,1,2248,2248,600,1,outside_root_band,0.02305952925235033,300,6.2791218757629395,13.364461898803711,0.02557319402694702,0.5833333134651184,600,5.871517181396484,13.371895790100098,0.02054586447775364,0.5983333587646484
C2,43,fit,fit,320,180,default,center_y_+0.050m,center_y,0.05,3.0517578125e-05,73,64,486,482,482,300,44,4,0,1,0,1,2248,2248,600,1,all,0.016061547212302685,300,5.19297456741333,12.737537384033203,0.015874067321419716,0.5566666722297668,600,5.110538005828857,13.323163032531738,0.016249027103185654,0.5583333373069763
C2,43,fit,fit,320,180,default,center_y_+0.050m,center_y,0.05,3.0517578125e-05,73,64,486,482,482,300,44,4,0,1,0,1,2248,2248,600,1,root_band,,0,,,,,0,,,,
C2,43,fit,fit,320,180,default,center_y_+0.050m,center_y,0.05,3.0517578125e-05,73,64,486,482,482,300,44,4,0,1,0,1,2248,2248,600,1,outside_root_band,0.016061547212302685,300,5.19297456741333,12.737537384033203,0.015874067321419716,0.5566666722297668,600,5.110538005828857,13.323163032531738,0.016249027103185654,0.5583333373069763
C2,43,fit,fit,320,180,default,chord_halfwidth_-0.020m,chord_halfwidth,-0.02,3.0517578125e-05,74,64,486,482,482,300,44,4,0,1,0,1,2248,2248,600,1,all,0.017287826631218195,300,5.613180160522461,12.709792137145996,0.01906823180615902,0.5866666436195374,600,5.277900695800781,12.830409049987793,0.01550742145627737,0.5933333039283752
C2,43,fit,fit,320,180,default,chord_halfwidth_-0.020m,chord_halfwidth,-0.02,3.0517578125e-05,74,64,486,482,482,300,44,4,0,1,0,1,2248,2248,600,1,root_band,,0,,,,,0,,,,
C2,43,fit,fit,320,180,default,chord_halfwidth_-0.020m,chord_halfwidth,-0.02,3.0517578125e-05,74,64,486,482,482,300,44,4,0,1,0,1,2248,2248,600,1,outside_root_band,0.017287826631218195,300,5.613180160522461,12.709792137145996,0.01906823180615902,0.5866666436195374,600,5.277900695800781,12.830409049987793,0.01550742145627737,0.5933333039283752
C2,43,fit,fit,320,180,default,chord_halfwidth_+0.020m,chord_halfwidth,0.02,3.0517578125e-05,75,64,483,479,479,300,44,4,0,1,0,1,2248,2248,600,1,all,0.01686429511755705,300,5.665017127990723,12.23807430267334,0.017044672742486,0.596666693687439,600,5.565759181976318,12.19723129272461,0.016683917492628098,0.6050000190734863
C2,43,fit,fit,320,180,default,chord_halfwidth_+0.020m,chord_halfwidth,0.02,3.0517578125e-05,75,64,483,479,479,300,44,4,0,1,0,1,2248,2248,600,1,root_band,,0,,,,,0,,,,
C2,43,fit,fit,320,180,default,chord_halfwidth_+0.020m,chord_halfwidth,0.02,3.0517578125e-05,75,64,483,479,479,300,44,4,0,1,0,1,2248,2248,600,1,outside_root_band,0.01686429511755705,300,5.665017127990723,12.23807430267334,0.017044672742486,0.596666693687439,600,5.565759181976318,12.19723129272461,0.016683917492628098,0.6050000190734863
C2,43,fit,fit,320,180,default,chord_halfwidth_-0.050m,chord_halfwidth,-0.05,3.0517578125e-05,76,64,489,485,485,300,44,4,0,1,0,1,2248,2248,600,1,all,0.019619339145720005,300,5.737240791320801,13.438334465026855,0.023375079035758972,0.5666666626930237,600,5.117713451385498,13.397613525390625,0.015863599255681038,0.5583333373069763
C2,43,fit,fit,320,180,default,chord_halfwidth_-0.050m,chord_halfwidth,-0.05,3.0517578125e-05,76,64,489,485,485,300,44,4,0,1,0,1,2248,2248,600,1,root_band,,0,,,,,0,,,,
C2,43,fit,fit,320,180,default,chord_halfwidth_-0.050m,chord_halfwidth,-0.05,3.0517578125e-05,76,64,489,485,485,300,44,4,0,1,0,1,2248,2248,600,1,outside_root_band,0.019619339145720005,300,5.737240791320801,13.438334465026855,0.023375079035758972,0.5666666626930237,600,5.117713451385498,13.397613525390625,0.015863599255681038,0.5583333373069763
C2,43,fit,fit,320,180,default,chord_halfwidth_+0.050m,chord_halfwidth,0.05,3.0517578125e-05,77,64,480,476,476,300,44,4,0,1,0,1,2248,2248,600,1,all,0.01828656904399395,300,5.82432746887207,12.509419441223145,0.017756814137101173,0.5933333039283752,600,5.835935592651367,12.63788890838623,0.018816323950886726,0.6050000190734863
C2,43,fit,fit,320,180,default,chord_halfwidth_+0.050m,chord_halfwidth,0.05,3.0517578125e-05,77,64,480,476,476,300,44,4,0,1,0,1,2248,2248,600,1,root_band,,0,,,,,0,,,,
C2,43,fit,fit,320,180,default,chord_halfwidth_+0.050m,chord_halfwidth,0.05,3.0517578125e-05,77,64,480,476,476,300,44,4,0,1,0,1,2248,2248,600,1,outside_root_band,0.01828656904399395,300,5.82432746887207,12.509419441223145,0.017756814137101173,0.5933333039283752,600,5.835935592651367,12.63788890838623,0.018816323950886726,0.6050000190734863
C2,44,heldout,nonblind_diagnostic,320,180,default,baseline,,0.0,1.5292396710719913e-05,78,64,531,528,528,300,45,3,0,1,0,1,2573,2573,600,1,all,0.08587141335010529,300,10.364133834838867,27.50844955444336,0.0792151689529419,0.7066666483879089,600,11.2653169631958,29.34568977355957,0.09252765774726868,0.7183333039283752
C2,44,heldout,nonblind_diagnostic,320,180,default,baseline,,0.0,1.5292396710719913e-05,78,64,531,528,528,300,45,3,0,1,0,1,2573,2573,600,1,root_band,0.23918767273426056,38,23.278100967407227,29.028121948242188,0.2379683405160904,1.0,91,23.424419403076172,29.340816497802734,0.24040700495243073,1.0
C2,44,heldout,nonblind_diagnostic,320,180,default,baseline,,0.0,1.5292396710719913e-05,78,64,531,528,528,300,45,3,0,1,0,1,2573,2573,600,1,outside_root_band,0.061139702796936035,262,8.491116523742676,20.484821319580078,0.056189894676208496,0.6641221642494202,509,9.0914888381958,29.102052688598633,0.06608951091766357,0.667976438999176
C2,44,heldout,nonblind_diagnostic,320,180,default,center_x_-0.020m,center_x,-0.02,1.52587890625e-05,79,64,533,530,530,300,45,3,0,1,0,1,2573,2573,600,1,all,0.08480178937315941,300,10.373900413513184,27.341705322265625,0.07889911532402039,0.699999988079071,600,11.161499977111816,28.800317764282227,0.09070446342229843,0.7183333039283752
C2,44,heldout,nonblind_diagnostic,320,180,default,center_x_-0.020m,center_x,-0.02,1.52587890625e-05,79,64,533,530,530,300,45,3,0,1,0,1,2573,2573,600,1,root_band,0.22553250938653946,38,22.38045310974121,28.316631317138672,0.22300757467746735,1.0,91,22.68344497680664,28.78433609008789,0.22805744409561157,1.0
C2,44,heldout,nonblind_diagnostic,320,180,default,center_x_-0.020m,center_x,-0.02,1.52587890625e-05,79,64,533,530,530,300,45,3,0,1,0,1,2573,2573,600,1,outside_root_band,0.062073057517409325,262,8.632490158081055,21.115724563598633,0.05799788609147072,0.6564885377883911,509,9.101584434509277,28.851993560791016,0.06614822894334793,0.667976438999176
C2,44,heldout,nonblind_diagnostic,320,180,default,center_x_+0.020m,center_x,0.02,1.5443931260961108e-05,80,64,531,528,528,300,45,3,0,1,0,1,2573,2573,600,1,all,0.08793492987751961,300,10.52008056640625,28.138761520385742,0.081459179520607,0.7133333086967468,600,11.371147155761719,29.77173614501953,0.09441068023443222,0.7200000286102295
C2,44,heldout,nonblind_diagnostic,320,180,default,center_x_+0.020m,center_x,0.02,1.5443931260961108e-05,80,64,531,528,528,300,45,3,0,1,0,1,2573,2573,600,1,root_band,0.25129201263189316,38,23.979480743408203,29.56857681274414,0.2496580332517624,1.0,91,24.175554275512695,29.903343200683594,0.2529259920120239,1.0
C2,44,heldout,nonblind_diagnostic,320,180,default,center_x_+0.020m,center_x,0.02,1.5443931260961108e-05,80,64,531,528,528,300,45,3,0,1,0,1,2573,2573,600,1,outside_root_band,0.06156746670603752,262,8.567955017089844,21.03497314453125,0.05706392228603363,0.6717557311058044,509,9.081950187683105,29.3548583984375,0.06607101112604141,0.6699410676956177
C2,44,heldout,nonblind_diagnostic,320,180,default,center_x_-0.050m,center_x,-0.05,1.52587890625e-05,81,64,532,529,529,300,45,3,0,1,0,1,2573,2573,600,1,all,0.08218234777450562,300,10.24245548248291,26.62423324584961,0.07629023492336273,0.7099999785423279,600,11.009345054626465,28.166095733642578,0.0880744606256485,0.7149999737739563
C2,44,heldout,nonblind_diagnostic,320,180,default,center_x_-0.050m,center_x,-0.05,1.52587890625e-05,81,64,532,529,529,300,45,3,0,1,0,1,2573,2573,600,1,root_band,0.20721160620450974,38,21.275484085083008,27.480121612548828,0.20459140837192535,1.0,91,21.589908599853516,27.96097755432129,0.20983180403709412,1.0
C2,44,heldout,nonblind_diagnostic,320,180,default,center_x_-0.050m,center_x,-0.05,1.52587890625e-05,81,64,532,529,529,300,45,3,0,1,0,1,2573,2573,600,1,outside_root_band,0.06199405714869499,262,8.642245292663574,21.8299617767334,0.05768166482448578,0.6679389476776123,509,9.117731094360352,28.48210906982422,0.0663064494729042,0.664047122001648
C2,44,heldout,nonblind_diagnostic,320,180,default,center_x_+0.050m,center_x,0.05,1.6214216884691268e-05,82,64,530,527,527,300,45,3,0,1,0,1,2573,2573,600,1,all,0.09021467342972755,300,10.580042839050293,28.845138549804688,0.0830758586525917,0.7066666483879089,600,11.533823013305664,30.505599975585938,0.0973534882068634,0.7200000286102295
C2,44,heldout,nonblind_diagnostic,320,180,default,center_x_+0.050m,center_x,0.05,1.6214216884691268e-05,82,64,530,527,527,300,45,3,0,1,0,1,2573,2573,600,1,root_band,0.27171215415000916,39,25.28375816345215,30.61494255065918,0.2713959515094757,1.0,91,25.321701049804688,30.758811950683594,0.2720283567905426,1.0
C2,44,heldout,nonblind_diagnostic,320,180,default,center_x_+0.050m,center_x,0.05,1.6214216884691268e-05,82,64,530,527,527,300,45,3,0,1,0,1,2573,2573,600,1,outside_root_band,0.06053042970597744,261,8.3829345703125,20.150997161865234,0.05493606999516487,0.6628352403640747,509,9.06879997253418,29.739471435546875,0.06612478941679001,0.6699410676956177
C2,44,heldout,nonblind_diagnostic,320,180,default,center_y_-0.020m,center_y,-0.02,1.52587890625e-05,83,64,530,527,527,300,45,3,0,1,0,1,2573,2573,600,1,all,0.10142321139574051,300,11.251946449279785,30.94890022277832,0.09375371038913727,0.7066666483879089,600,12.237483024597168,32.65559387207031,0.10909271240234375,0.7133333086967468
C2,44,heldout,nonblind_diagnostic,320,180,default,center_y_-0.020m,center_y,-0.02,1.52587890625e-05,83,64,530,527,527,300,45,3,0,1,0,1,2573,2573,600,1,root_band,0.31521719694137573,38,27.80823516845703,32.75121307373047,0.31347060203552246,1.0,91,28.0178279876709,33.12477111816406,0.316963791847229,1.0
C2,44,heldout,nonblind_diagnostic,320,180,default,center_y_-0.020m,center_y,-0.02,1.52587890625e-05,83,64,530,527,527,300,45,3,0,1,0,1,2573,2573,600,1,outside_root_band,0.06690775044262409,262,8.850652694702148,22.489688873291016,0.06188638135790825,0.6641221642494202,509,9.416241645812988,31.30207061767578,0.07192911952733994,0.6620824933052063
C2,44,heldout,nonblind_diagnostic,320,180,default,center_y_+0.020m,center_y,0.02,1.5672281733714044e-05,84,64,532,529,529,300,45,3,0,1,0,1,2573,2573,600,1,all,0.07102681323885918,300,9.624815940856934,24.242576599121094,0.0658932775259018,0.7166666388511658,600,10.298872947692871,26.148624420166016,0.07616034895181656,0.7233333587646484
C2,44,heldout,nonblind_diagnostic,320,180,default,center_y_+0.020m,center_y,0.02,1.5672281733714044e-05,84,64,532,529,529,300,45,3,0,1,0,1,2573,2573,600,1,root_band,0.16180109977722168,38,18.557432174682617,25.16698455810547,0.15962804853916168,1.0,91,18.821399688720703,25.548627853393555,0.16397415101528168,1.0
C2,44,heldout,nonblind_diagnostic,320,180,default,center_y_+0.020m,center_y,0.02,1.5672281733714044e-05,84,64,532,529,529,300,45,3,0,1,0,1,2573,2573,600,1,outside_root_band,0.056379493325948715,262,8.329246520996094,19.049531936645508,0.052298154681921005,0.6755725145339966,509,8.775199890136719,26.897558212280273,0.060460831969976425,0.673870325088501
C2,44,heldout,nonblind_diagnostic,320,180,default,center_y_-0.050m,center_y,-0.05,1.52587890625e-05,85,64,530,527,527,300,45,3,0,1,0,1,2573,2573,600,1,all,0.12432374432682991,300,12.45944595336914,36.28998947143555,0.11447615176439285,0.699999988079071,600,13.704200744628906,37.90428924560547,0.13417133688926697,0.7083333134651184
C2,44,heldout,nonblind_diagnostic,320,180,default,center_y_-0.050m,center_y,-0.05,1.52587890625e-05,85,64,530,527,527,300,45,3,0,1,0,1,2573,2573,600,1,root_band,0.4293211102485657,38,34.629066467285156,38.32271957397461,0.427151083946228,1.0,91,34.889469146728516,38.784873962402344,0.4314911365509033,1.0
C2,44,heldout,nonblind_diagnostic,320,180,default,center_y_-0.050m,center_y,-0.05,1.52587890625e-05,85,64,530,527,527,300,45,3,0,1,0,1,2573,2573,600,1,outside_root_band,0.07507112994790077,262,9.24400520324707,25.35755157470703,0.06912633776664734,0.6564885377883911,509,9.916657447814941,34.593727111816406,0.0810159221291542,0.6561886072158813
C2,44,heldout,nonblind_diagnostic,320,180,default,center_y_+0.050m,center_y,0.05,1.5728399375802837e-05,86,64,533,530,530,300,45,3,0,1,0,1,2573,2573,600,1,all,0.052704159170389175,300,8.486717224121094,19.510562896728516,0.050015632063150406,0.7066666483879089,600,8.858597755432129,21.286422729492188,0.055392686277627945,0.721666693687439
C2,44,heldout,nonblind_diagnostic,320,180,default,center_y_+0.050m,center_y,0.05,1.5728399375802837e-05,86,64,533,530,530,300,45,3,0,1,0,1,2573,2573,600,1,root_band,0.0705130510032177,38,11.74406623840332,19.53034210205078,0.069342240691185,1.0,91,11.90009880065918,19.84632110595703,0.0716838613152504,1.0
C2,44,heldout,nonblind_diagnostic,320,180,default,center_y_+0.050m,center_y,0.05,1.5728399375802837e-05,86,64,533,530,530,300,45,3,0,1,0,1,2573,2573,600,1,outside_root_band,0.049846332520246506,262,8.014277458190918,19.23002815246582,0.047212544828653336,0.6641221642494202,509,8.314831733703613,22.94092559814453,0.052480120211839676,0.6719056963920593
C2,44,heldout,nonblind_diagnostic,320,180,default,chord_halfwidth_-0.020m,chord_halfwidth,-0.02,1.52587890625e-05,87,64,531,528,528,300,45,3,0,1,0,1,2573,2573,600,1,all,0.11081648990511894,300,11.71884822845459,32.846317291259766,0.10192409157752991,0.70333331823349,600,12.889942169189453,34.6765251159668,0.11970888823270798,0.7166666388511658
C2,44,heldout,nonblind_diagnostic,320,180,default,chord_halfwidth_-0.020m,chord_halfwidth,-0.02,1.52587890625e-05,87,64,531,528,528,300,45,3,0,1,0,1,2573,2573,600,1,root_band,0.35747115314006805,38,30.361223220825195,34.843448638916016,0.35602042078971863,1.0,91,30.535314559936523,35.210060119628906,0.3589218854904175,1.0
C2,44,heldout,nonblind_diagnostic,320,180,default,chord_halfwidth_-0.020m,chord_halfwidth,-0.02,1.52587890625e-05,87,64,531,528,528,300,45,3,0,1,0,1,2573,2573,600,1,outside_root_band,0.0710061751306057,262,9.014991760253906,23.2672061920166,0.06507042050361633,0.6603053212165833,509,9.735267639160156,32.486900329589844,0.07694192975759506,0.6660118103027344
C2,44,heldout,nonblind_diagnostic,320,180,default,chord_halfwidth_+0.020m,chord_halfwidth,0.02,1.049041748046875e-05,88,64,532,529,529,300,45,3,0,1,0,1,2573,2573,600,1,all,0.06184401735663414,300,9.067737579345703,22.92999839782715,0.05735359340906143,0.7133333086967468,600,9.659056663513184,24.384492874145508,0.06633444130420685,0.721666693687439
C2,44,heldout,nonblind_diagnostic,320,180,default,chord_halfwidth_+0.020m,chord_halfwidth,0.02,1.049041748046875e-05,88,64,532,529,529,300,45,3,0,1,0,1,2573,2573,600,1,root_band,0.12353412434458733,38,16.015485763549805,23.027223587036133,0.12118137627840042,1.0,91,16.323755264282227,23.48481559753418,0.12588687241077423,1.0
C2,44,heldout,nonblind_diagnostic,320,180,default,chord_halfwidth_+0.020m,chord_halfwidth,0.02,1.049041748046875e-05,88,64,532,529,529,300,45,3,0,1,0,1,2573,2573,600,1,outside_root_band,0.051891835406422615,262,8.060049057006836,18.1382999420166,0.04809613153338432,0.6717557311058044,509,8.467529296875,25.49184799194336,0.05568753927946091,0.6719056963920593
C2,44,heldout,nonblind_diagnostic,320,180,default,chord_halfwidth_-0.050m,chord_halfwidth,-0.05,1.537753632874228e-05,89,64,530,527,527,300,45,3,0,1,0,1,2573,2573,600,1,all,0.14904799312353134,300,13.83525276184082,41.90085220336914,0.13702154159545898,0.6966666579246521,600,15.35802936553955,42.903175354003906,0.1610744446516037,0.7083333134651184
C2,44,heldout,nonblind_diagnostic,320,180,default,chord_halfwidth_-0.050m,chord_halfwidth,-0.05,1.537753632874228e-05,89,64,530,527,527,300,45,3,0,1,0,1,2573,2573,600,1,root_band,0.5352358520030975,38,41.01029968261719,43.61920166015625,0.5335049629211426,1.0,91,41.2180061340332,43.96494674682617,0.5369667410850525,1.0
C2,44,heldout,nonblind_diagnostic,320,180,default,chord_halfwidth_-0.050m,chord_halfwidth,-0.05,1.537753632874228e-05,89,64,530,527,527,300,45,3,0,1,0,1,2573,2573,600,1,outside_root_band,0.08669400215148926,262,9.893835067749023,27.472185134887695,0.07951630651950836,0.652671754360199,509,10.734734535217285,37.590023040771484,0.09387169778347015,0.6561886072158813
C2,44,heldout,nonblind_diagnostic,320,180,default,chord_halfwidth_+0.050m,chord_halfwidth,0.05,1.577272269059904e-05,90,64,531,528,528,300,45,3,0,1,0,1,2573,2573,600,1,all,0.03676086477935314,300,7.153351783752441,16.031604766845703,0.03440312296152115,0.6600000262260437,600,7.406913757324219,16.895153045654297,0.039118606597185135,0.6583333611488342
C2,44,heldout,nonblind_diagnostic,320,180,default,chord_halfwidth_+0.050m,chord_halfwidth,0.05,1.577272269059904e-05,90,64,531,528,528,300,45,3,0,1,0,1,2573,2573,600,1,root_band,0.026939645409584045,38,6.424951076507568,14.293190002441406,0.025894535705447197,0.6052631735801697,91,6.464600086212158,14.728065490722656,0.027984755113720894,0.593406617641449
C2,44,heldout,nonblind_diagnostic,320,180,default,chord_halfwidth_+0.050m,chord_halfwidth,0.05,1.577272269059904e-05,90,64,531,528,528,300,45,3,0,1,0,1,2573,2573,600,1,outside_root_band,0.03837316855788231,262,7.258998870849609,16.398710250854492,0.03563719242811203,0.6679389476776123,509,7.57538366317749,19.015310287475586,0.04110914468765259,0.6699410676956177
C2,45,heldout,nonblind_diagnostic,320,180,default,baseline,,0.0,1.5986493963282555e-05,91,64,420,417,417,300,40,3,0,1,0,1,2002,2002,600,1,all,0.08816782012581825,300,10.126404762268066,28.266387939453125,0.07975023984909058,0.7099999785423279,600,11.294133186340332,29.95147132873535,0.09658540040254593,0.721666693687439
C2,45,heldout,nonblind_diagnostic,320,180,default,baseline,,0.0,1.5986493963282555e-05,91,64,420,417,417,300,40,3,0,1,0,1,2002,2002,600,1,root_band,0.2178875282406807,46,21.895700454711914,27.99660301208496,0.21492835879325867,1.0,113,22.25080108642578,28.325782775878906,0.22084669768810272,1.0
C2,45,heldout,nonblind_diagnostic,320,180,default,baseline,,0.0,1.5986493963282555e-05,91,64,420,417,417,300,40,3,0,1,0,1,2002,2002,600,1,outside_root_band,0.06151093915104866,254,7.994958400726318,29.531570434570312,0.05526917427778244,0.6574802994728088,487,8.751826286315918,31.32927131652832,0.06775270402431488,0.6570841670036316
C2,45,heldout,nonblind_diagnostic,320,180,default,center_x_-0.020m,center_x,-0.02,1.8791255570249632e-05,92,64,420,417,417,300,40,3,0,1,0,1,2002,2002,600,1,all,0.08526611328125,300,9.97294807434082,27.90074920654297,0.07723827660083771,0.7099999785423279,600,11.092480659484863,29.484575271606445,0.09329394996166229,0.721666693687439
C2,45,heldout,nonblind_diagnostic,320,180,default,center_x_-0.020m,center_x,-0.02,1.8791255570249632e-05,92,64,420,417,417,300,40,3,0,1,0,1,2002,2002,600,1,root_band,0.2048540711402893,46,21.11221694946289,27.377227783203125,0.20187091827392578,1.0,113,21.470216751098633,27.735889434814453,0.20783722400665283,1.0
C2,45,heldout,nonblind_diagnostic,320,180,default,center_x_-0.020m,center_x,-0.02,1.8791255570249632e-05,92,64,420,417,417,300,40,3,0,1,0,1,2002,2002,600,1,outside_root_band,0.060691576451063156,254,7.9555983543396,29.226049423217773,0.05466700345277786,0.6574802994728088,487,8.684502601623535,30.893760681152344,0.06671614944934845,0.6570841670036316
C2,45,heldout,nonblind_diagnostic,320,180,default,center_x_+0.020m,center_x,0.02,8.344650268554688e-06,93,64,421,418,418,300,40,3,0,1,0,1,2002,2002,600,1,all,0.0913337953388691,300,10.279237747192383,28.877025604248047,0.082746721804142,0.7133333086967468,600,11.498425483703613,30.44483184814453,0.09992086887359619,0.721666693687439
C2,45,heldout,nonblind_diagnostic,320,180,default,center_x_+0.020m,center_x,0.02,8.344650268554688e-06,93,64,421,418,418,300,40,3,0,1,0,1,2002,2002,600,1,root_band,0.23193538188934326,47,22.791114807128906,28.835111618041992,0.22985193133354187,1.0,113,23.041128158569336,28.922191619873047,0.23401883244514465,1.0
C2,45,heldout,nonblind_diagnostic,320,180,default,center_x_+0.020m,center_x,0.02,8.344650268554688e-06,93,64,421,418,418,300,40,3,0,1,0,1,2002,2002,600,1,outside_root_band,0.06211231276392937,253,7.954897403717041,29.826576232910156,0.05541888624429703,0.6600790619850159,487,8.820138931274414,31.856374740600586,0.0688057392835617,0.6570841670036316
C2,45,heldout,nonblind_diagnostic,320,180,default,center_x_-0.050m,center_x,-0.05,1.537753632874228e-05,94,64,420,417,417,300,40,3,0,1,0,1,2002,2002,600,1,all,0.08103727176785469,300,9.755390167236328,27.637998580932617,0.0736156702041626,0.7133333086967468,600,10.795214653015137,28.841812133789062,0.08845887333154678,0.721666693687439
C2,45,heldout,nonblind_diagnostic,320,180,default,center_x_-0.050m,center_x,-0.05,1.537753632874228e-05,94,64,420,417,417,300,40,3,0,1,0,1,2002,2002,600,1,root_band,0.18422725051641464,45,19.777193069458008,26.089736938476562,0.17974089086055756,1.0,113,20.317811965942383,26.862911224365234,0.18871361017227173,1.0
C2,45,heldout,nonblind_diagnostic,320,180,default,center_x_-0.050m,center_x,-0.05,1.537753632874228e-05,94,64,420,417,417,300,40,3,0,1,0,1,2002,2002,600,1,outside_root_band,0.060042090713977814,255,7.986837863922119,28.78743553161621,0.05488769710063934,0.6627451181411743,487,8.585658073425293,30.16316032409668,0.06519648432731628,0.6570841670036316
C2,45,heldout,nonblind_diagnostic,320,180,default,center_x_+0.050m,center_x,0.05,1.6752192095736973e-05,95,64,422,419,419,300,40,3,0,1,0,1,2002,2002,600,1,all,0.09612789005041122,300,10.566081047058105,29.776578903198242,0.0872405394911766,0.7099999785423279,600,11.81031322479248,31.166664123535156,0.10501524060964584,0.721666693687439
C2,45,heldout,nonblind_diagnostic,320,180,default,center_x_+0.050m,center_x,0.05,1.6752192095736973e-05,95,64,422,419,419,300,40,3,0,1,0,1,2002,2002,600,1,root_band,0.25227245688438416,47,24.025470733642578,29.6778564453125,0.2504245340824127,1.0,113,24.247220993041992,29.829242706298828,0.2541203796863556,1.0
C2,45,heldout,nonblind_diagnostic,320,180,default,center_x_+0.050m,center_x,0.05,1.6752192095736973e-05,95,64,422,419,419,300,40,3,0,1,0,1,2002,2002,600,1,outside_root_band,0.06367184035480022,253,8.065720558166504,29.733644485473633,0.05692572519183159,0.6561264991760254,487,8.924540519714355,32.449222564697266,0.07041795551776886,0.6570841670036316
C2,45,heldout,nonblind_diagnostic,320,180,default,center_y_-0.020m,center_y,-0.02,1.1444091796875e-05,96,64,420,417,417,300,40,3,0,1,0,1,2002,2002,600,1,all,0.10752730816602707,300,11.166789054870605,31.733352661132812,0.09725061058998108,0.70333331823349,600,12.553939819335938,32.971900939941406,0.11780400574207306,0.7183333039283752
C2,45,heldout,nonblind_diagnostic,320,180,default,center_y_-0.020m,center_y,-0.02,1.1444091796875e-05,96,64,420,417,417,300,40,3,0,1,0,1,2002,2002,600,1,root_band,0.2927207499742508,46,26.373842239379883,31.648591995239258,0.2895640730857849,1.0,113,26.752643585205078,31.989498138427734,0.2958774268627167,1.0
C2,45,heldout,nonblind_diagnostic,320,180,default,center_y_-0.020m,center_y,-0.02,1.1444091796875e-05,96,64,420,417,417,300,40,3,0,1,0,1,2002,2002,600,1,outside_root_band,0.06945366226136684,254,8.412755012512207,31.799760818481445,0.06242219731211662,0.6496062874794006,487,9.259374618530273,34.27898025512695,0.07648512721061707,0.6529774069786072
C2,45,heldout,nonblind_diagnostic,320,180,default,center_y_+0.020m,center_y,0.02,1.629639336897526e-05,97,64,420,417,417,300,40,3,0,1,0,1,2002,2002,600,1,all,0.06924793869256973,300,9.095940589904785,25.345043182373047,0.06269171088933945,0.7200000286102295,600,10.04116153717041,27.05760383605957,0.07580416649580002,0.7266666889190674
C2,45,heldout,nonblind_diagnostic,320,180,default,center_y_+0.020m,center_y,0.02,1.629639336897526e-05,97,64,420,417,417,300,40,3,0,1,0,1,2002,2002,600,1,root_band,0.14460910111665726,46,17.415632247924805,24.3714656829834,0.14205507934093475,1.0,113,17.739072799682617,24.613449096679688,0.14716312289237976,1.0
C2,45,heldout,nonblind_diagnostic,320,180,default,center_y_+0.020m,center_y,0.02,1.629639336897526e-05,97,64,420,417,417,300,40,3,0,1,0,1,2002,2002,600,1,outside_root_band,0.05378267727792263,254,7.5892252922058105,26.809194564819336,0.04831881448626518,0.6692913174629211,487,8.254993438720703,28.285499572753906,0.05924654006958008,0.663244366645813
C2,45,heldout,nonblind_diagnostic,320,180,default,center_y_-0.050m,center_y,-0.05,1.049041748046875e-05,98,64,420,417,417,300,40,3,0,1,0,1,2002,2002,600,1,all,0.13680372014641762,300,12.742524147033691,36.5769157409668,0.12376696616411209,0.70333331823349,600,14.454239845275879,37.83476257324219,0.14984047412872314,0.7083333134651184
C2,45,heldout,nonblind_diagnostic,320,180,default,center_y_-0.050m,center_y,-0.05,1.049041748046875e-05,98,64,420,417,417,300,40,3,0,1,0,1,2002,2002,600,1,root_band,0.40480196475982666,46,33.0897216796875,37.15974807739258,0.40149539709091187,1.0,113,33.48651123046875,37.40153121948242,0.40810853242874146,1.0
C2,45,heldout,nonblind_diagnostic,320,180,default,center_y_-0.050m,center_y,-0.05,1.049041748046875e-05,98,64,420,417,417,300,40,3,0,1,0,1,2002,2002,600,1,outside_root_band,0.08169173821806908,254,9.057599067687988,35.2058219909668,0.07346969097852707,0.6496062874794006,487,10.038127899169922,38.829307556152344,0.08991378545761108,0.6406570672988892
C2,45,heldout,nonblind_diagnostic,320,180,default,center_y_+0.050m,center_y,0.05,1.537753632874228e-05,99,64,421,418,418,300,40,3,0,1,0,1,2002,2002,600,1,all,0.045789504423737526,300,7.527655124664307,20.894287109375,0.04160722345113754,0.7066666483879089,600,8.170768737792969,22.805858612060547,0.04997178539633751,0.7200000286102295
C2,45,heldout,nonblind_diagnostic,320,180,default,center_y_+0.050m,center_y,0.05,1.537753632874228e-05,99,64,421,418,418,300,40,3,0,1,0,1,2002,2002,600,1,root_band,0.06158468313515186,47,10.726229667663574,19.012510299682617,0.060384754091501236,0.957446813583374,113,10.953277587890625,19.031713485717773,0.06278461217880249,0.9646017551422119
C2,45,heldout,nonblind_diagnostic,320,180,default,center_y_+0.050m,center_y,0.05,1.537753632874228e-05,99,64,421,418,418,300,40,3,0,1,0,1,2002,2002,600,1,outside_root_band,0.04255884699523449,253,6.93345308303833,22.59455680847168,0.038118910044431686,0.6600790619850159,487,7.525135517120361,23.860187530517578,0.04699878394603729,0.663244366645813
C2,45,heldout,nonblind_diagnostic,320,180,default,chord_halfwidth_-0.020m,chord_halfwidth,-0.02,8.529922524758149e-06,100,64,420,417,417,300,40,3,0,1,0,1,2002,2002,600,1,all,0.11823984980583191,300,11.747697830200195,33.69777297973633,0.10695664584636688,0.70333331823349,600,13.254220962524414,34.88765335083008,0.12952305376529694,0.7149999737739563
C2,45,heldout,nonblind_diagnostic,320,180,default,chord_halfwidth_-0.020m,chord_halfwidth,-0.02,8.529922524758149e-06,100,64,420,417,417,300,40,3,0,1,0,1,2002,2002,600,1,root_band,0.3343849331140518,46,28.88530731201172,33.714237213134766,0.33142179250717163,1.0,113,29.24088478088379,33.996826171875,0.337348073720932,1.0
C2,45,heldout,nonblind_diagnostic,320,180,default,chord_halfwidth_-0.020m,chord_halfwidth,-0.02,8.529922524758149e-06,100,64,420,417,417,300,40,3,0,1,0,1,2002,2002,600,1,outside_root_band,0.07380315288901329,254,8.644037246704102,33.00373077392578,0.06630547344684601,0.6496062874794006,487,9.544790267944336,35.953861236572266,0.08130083233118057,0.6488706469535828
C2,45,heldout,nonblind_diagnostic,320,180,default,chord_halfwidth_+0.020m,chord_halfwidth,0.02,1.537753632874228e-05,101,64,420,417,417,300,40,3,0,1,0,1,2002,2002,600,1,all,0.059845663607120514,300,8.530346870422363,23.5645694732666,0.054210975766181946,0.7200000286102295,600,9.357396125793457,25.366052627563477,0.06548035144805908,0.7266666889190674
C2,45,heldout,nonblind_diagnostic,320,180,default,chord_halfwidth_+0.020m,chord_halfwidth,0.02,1.537753632874228e-05,101,64,420,417,417,300,40,3,0,1,0,1,2002,2002,600,1,root_band,0.10913902148604393,46,14.926338195800781,22.295562744140625,0.10667215287685394,1.0,113,15.269883155822754,22.57717514038086,0.11160589009523392,1.0
C2,45,heldout,nonblind_diagnostic,320,180,default,chord_halfwidth_+0.020m,chord_halfwidth,0.02,1.537753632874228e-05,101,64,420,417,417,300,40,3,0,1,0,1,2002,2002,600,1,outside_root_band,0.04974391870200634,254,7.372017860412598,24.918338775634766,0.044710129499435425,0.6692913174629211,487,7.985504627227783,26.72209930419922,0.054777707904577255,0.663244366645813
C2,45,heldout,nonblind_diagnostic,320,180,default,chord_halfwidth_-0.050m,chord_halfwidth,-0.05,7.993246981641278e-06,102,64,420,417,417,300,40,3,0,1,0,1,2002,2002,600,1,all,0.16401023417711258,300,14.212292671203613,41.341861724853516,0.14838284254074097,0.699999988079071,600,16.23680877685547,42.65943145751953,0.1796376258134842,0.7049999833106995
C2,45,heldout,nonblind_diagnostic,320,180,default,chord_halfwidth_-0.050m,chord_halfwidth,-0.05,7.993246981641278e-06,102,64,420,417,417,300,40,3,0,1,0,1,2002,2002,600,1,root_band,0.5094202756881714,46,39.39009475708008,42.31761932373047,0.5065016746520996,1.0,113,39.74032974243164,42.605865478515625,0.5123388767242432,1.0
C2,45,heldout,nonblind_diagnostic,320,180,default,chord_halfwidth_-0.050m,chord_halfwidth,-0.05,7.993246981641278e-06,102,64,420,417,417,300,40,3,0,1,0,1,2002,2002,600,1,outside_root_band,0.09298334270715714,254,9.652532577514648,38.24357223510742,0.08352667838335037,0.6456692814826965,487,10.783219337463379,43.03623962402344,0.1024400070309639,0.6365503072738647
C2,45,heldout,nonblind_diagnostic,320,180,default,chord_halfwidth_+0.050m,chord_halfwidth,0.05,1.557039468025323e-05,103,64,421,418,418,300,40,3,0,1,0,1,2002,2002,600,1,all,0.03136225324124098,300,6.387463092803955,17.016845703125,0.02860310859978199,0.653333306312561,600,6.770445346832275,19.122114181518555,0.034121397882699966,0.6583333611488342
C2,45,heldout,nonblind_diagnostic,320,180,default,chord_halfwidth_+0.050m,chord_halfwidth,0.05,1.557039468025323e-05,103,64,421,418,418,300,40,3,0,1,0,1,2002,2002,600,1,root_band,0.022830460220575333,47,6.217470645904541,13.757152557373047,0.022269248962402344,0.6170212626457214,113,6.29593563079834,13.990188598632812,0.02339167147874832,0.6283186078071594
C2,45,heldout,nonblind_diagnostic,320,180,default,chord_halfwidth_+0.050m,chord_halfwidth,0.05,1.557039468025323e-05,103,64,421,418,418,300,40,3,0,1,0,1,2002,2002,600,1,outside_root_band,0.03319540061056614,253,6.419044017791748,18.58896255493164,0.02977975457906723,0.6600790619850159,487,6.880548477172852,19.982873916625977,0.03661104664206505,0.6652977466583252
C3,42,fit,fit,320,180,default,baseline,,0.0,1.5619601981597953e-05,104,64,121,118,118,118,5,3,0,0,0,1,622,622,600,1,all,0.0006522117473650724,118,2.8538801670074463,4.589550495147705,0.00048372556921094656,0.508474588394165,600,3.034227132797241,4.889878273010254,0.0008206979255191982,0.5566666722297668
C3,42,fit,fit,320,180,default,baseline,,0.0,1.5619601981597953e-05,104,64,121,118,118,118,5,3,0,0,0,1,622,622,600,1,root_band,,0,,,,,0,,,,
C3,42,fit,fit,320,180,default,baseline,,0.0,1.5619601981597953e-05,104,64,121,118,118,118,5,3,0,0,0,1,622,622,600,1,outside_root_band,0.0006522117473650724,118,2.8538801670074463,4.589550495147705,0.00048372556921094656,0.508474588394165,600,3.034227132797241,4.889878273010254,0.0008206979255191982,0.5566666722297668
C3,42,fit,fit,320,180,default,center_x_-0.020m,center_x,-0.02,1.5986493963282555e-05,105,64,121,118,118,118,5,3,0,0,0,1,622,622,600,1,all,0.0006530713872052729,118,2.8545355796813965,4.589550495147705,0.0004844925133511424,0.508474588394165,600,3.0349652767181396,4.889878273010254,0.0008216502610594034,0.5566666722297668
C3,42,fit,fit,320,180,default,center_x_-0.020m,center_x,-0.02,1.5986493963282555e-05,105,64,121,118,118,118,5,3,0,0,0,1,622,622,600,1,root_band,,0,,,,,0,,,,
C3,42,fit,fit,320,180,default,center_x_-0.020m,center_x,-0.02,1.5986493963282555e-05,105,64,121,118,118,118,5,3,0,0,0,1,622,622,600,1,outside_root_band,0.0006530713872052729,118,2.8545355796813965,4.589550495147705,0.0004844925133511424,0.508474588394165,600,3.0349652767181396,4.889878273010254,0.0008216502610594034,0.5566666722297668
C3,42,fit,fit,320,180,default,center_x_+0.020m,center_x,0.02,1.5728399375802837e-05,106,64,121,118,118,118,5,3,0,0,0,1,622,622,600,1,all,0.0006513558619190007,118,2.853224515914917,4.589550495147705,0.0004829616518691182,0.508474588394165,600,3.0334882736206055,4.889878273010254,0.0008197500719688833,0.5566666722297668
C3,42,fit,fit,320,180,default,center_x_+0.020m,center_x,0.02,1.5728399375802837e-05,106,64,121,118,118,118,5,3,0,0,0,1,622,622,600,1,root_band,,0,,,,,0,,,,
C3,42,fit,fit,320,180,default,center_x_+0.020m,center_x,0.02,1.5728399375802837e-05,106,64,121,118,118,118,5,3,0,0,0,1,622,622,600,1,outside_root_band,0.0006513558619190007,118,2.853224515914917,4.589550495147705,0.0004829616518691182,0.508474588394165,600,3.0334882736206055,4.889878273010254,0.0008197500719688833,0.5566666722297668
C3,42,fit,fit,320,180,default,center_x_-0.050m,center_x,-0.05,1.5986493963282555e-05,107,64,121,118,118,118,5,3,0,0,0,1,622,622,600,1,all,0.0006543661147588864,118,2.85551381111145,4.589550495147705,0.00048564482131041586,0.508474588394165,600,3.0360724925994873,4.889878273010254,0.0008230874082073569,0.5566666722297668
C3,42,fit,fit,320,180,default,center_x_-0.050m,center_x,-0.05,1.5986493963282555e-05,107,64,121,118,118,118,5,3,0,0,0,1,622,622,600,1,root_band,,0,,,,,0,,,,
C3,42,fit,fit,320,180,default,center_x_-0.050m,center_x,-0.05,1.5986493963282555e-05,107,64,121,118,118,118,5,3,0,0,0,1,622,622,600,1,outside_root_band,0.0006543661147588864,118,2.85551381111145,4.589550495147705,0.00048564482131041586,0.508474588394165,600,3.0360724925994873,4.889878273010254,0.0008230874082073569,0.5566666722297668
C3,42,fit,fit,320,180,default,center_x_+0.050m,center_x,0.05,7.62939453125e-06,108,64,121,118,118,118,5,3,0,0,0,1,622,622,600,1,all,0.00065009412355721,118,2.852254629135132,4.589550495147705,0.0004818403394892812,0.508474588394165,600,3.032388210296631,4.887505531311035,0.0008183479076251388,0.5566666722297668
C3,42,fit,fit,320,180,default,center_x_+0.050m,center_x,0.05,7.62939453125e-06,108,64,121,118,118,118,5,3,0,0,0,1,622,622,600,1,root_band,,0,,,,,0,,,,
C3,42,fit,fit,320,180,default,center_x_+0.050m,center_x,0.05,7.62939453125e-06,108,64,121,118,118,118,5,3,0,0,0,1,622,622,600,1,outside_root_band,0.00065009412355721,118,2.852254629135132,4.589550495147705,0.0004818403394892812,0.508474588394165,600,3.032388210296631,4.887505531311035,0.0008183479076251388,0.5566666722297668
C3,42,fit,fit,320,180,default,center_y_-0.020m,center_y,-0.02,1.5728399375802837e-05,109,64,121,118,118,118,5,3,0,0,0,1,622,622,600,1,all,0.0006510396488010883,118,2.852982759475708,4.589550495147705,0.0004826811491511762,0.508474588394165,600,3.033212900161743,4.889878273010254,0.0008193981484510005,0.5566666722297668
C3,42,fit,fit,320,180,default,center_y_-0.020m,center_y,-0.02,1.5728399375802837e-05,109,64,121,118,118,118,5,3,0,0,0,1,622,622,600,1,root_band,,0,,,,,0,,,,
C3,42,fit,fit,320,180,default,center_y_-0.020m,center_y,-0.02,1.5728399375802837e-05,109,64,121,118,118,118,5,3,0,0,0,1,622,622,600,1,outside_root_band,0.0006510396488010883,118,2.852982759475708,4.589550495147705,0.0004826811491511762,0.508474588394165,600,3.033212900161743,4.889878273010254,0.0008193981484510005,0.5566666722297668
C3,42,fit,fit,320,180,default,center_y_+0.020m,center_y,0.02,1.554710433993023e-05,110,64,121,118,118,118,5,3,0,0,0,1,622,622,600,1,all,0.0006533818086609244,118,2.854771614074707,4.589550495147705,0.0004847689997404814,0.508474588394165,600,3.0352306365966797,4.889878273010254,0.0008219946175813675,0.5566666722297668
C3,42,fit,fit,320,180,default,center_y_+0.020m,center_y,0.02,1.554710433993023e-05,110,64,121,118,118,118,5,3,0,0,0,1,622,622,600,1,root_band,,0,,,,,0,,,,
C3,42,fit,fit,320,180,default,center_y_+0.020m,center_y,0.02,1.554710433993023e-05,110,64,121,118,118,118,5,3,0,0,0,1,622,622,600,1,outside_root_band,0.0006533818086609244,118,2.854771614074707,4.589550495147705,0.0004847689997404814,0.508474588394165,600,3.0352306365966797,4.889878273010254,0.0008219946175813675,0.5566666722297668
C3,42,fit,fit,320,180,default,center_y_-0.050m,center_y,-0.05,1.5728399375802837e-05,111,64,121,118,118,118,5,3,0,0,0,1,622,622,600,1,all,0.0006493178225355223,118,2.851656675338745,4.589550495147705,0.00048114798846654594,0.508474588394165,600,3.031710147857666,4.887505531311035,0.0008174876566044986,0.5566666722297668
C3,42,fit,fit,320,180,default,center_y_-0.050m,center_y,-0.05,1.5728399375802837e-05,111,64,121,118,118,118,5,3,0,0,0,1,622,622,600,1,root_band,,0,,,,,0,,,,
C3,42,fit,fit,320,180,default,center_y_-0.050m,center_y,-0.05,1.5728399375802837e-05,111,64,121,118,118,118,5,3,0,0,0,1,622,622,600,1,outside_root_band,0.0006493178225355223,118,2.851656675338745,4.589550495147705,0.00048114798846654594,0.508474588394165,600,3.031710147857666,4.887505531311035,0.0008174876566044986,0.5566666722297668
C3,42,fit,fit,320,180,default,center_y_+0.050m,center_y,0.05,7.62939453125e-06,112,64,121,118,118,118,5,3,0,0,0,1,622,622,600,1,all,0.0006551669794134796,118,2.856123208999634,4.589550495147705,0.00048636121209710836,0.508474588394165,600,3.0367512702941895,4.889878273010254,0.0008239727467298508,0.5566666722297668
C3,42,fit,fit,320,180,default,center_y_+0.050m,center_y,0.05,7.62939453125e-06,112,64,121,118,118,118,5,3,0,0,0,1,622,622,600,1,root_band,,0,,,,,0,,,,
C3,42,fit,fit,320,180,default,center_y_+0.050m,center_y,0.05,7.62939453125e-06,112,64,121,118,118,118,5,3,0,0,0,1,622,622,600,1,outside_root_band,0.0006551669794134796,118,2.856123208999634,4.589550495147705,0.00048636121209710836,0.508474588394165,600,3.0367512702941895,4.889878273010254,0.0008239727467298508,0.5566666722297668
C3,42,fit,fit,320,180,default,chord_halfwidth_-0.020m,chord_halfwidth,-0.02,1.585080099175684e-05,113,64,121,118,118,118,5,3,0,0,0,1,622,622,600,1,all,0.0006527413497678936,118,2.85428524017334,4.589550495147705,0.00048419844824820757,0.508474588394165,600,3.034681558609009,4.889878273010254,0.0008212842512875795,0.5566666722297668
C3,42,fit,fit,320,180,default,chord_halfwidth_-0.020m,chord_halfwidth,-0.02,1.585080099175684e-05,113,64,121,118,118,118,5,3,0,0,0,1,622,622,600,1,root_band,,0,,,,,0,,,,
C3,42,fit,fit,320,180,default,chord_halfwidth_-0.020m,chord_halfwidth,-0.02,1.585080099175684e-05,113,64,121,118,118,118,5,3,0,0,0,1,622,622,600,1,outside_root_band,0.0006527413497678936,118,2.85428524017334,4.589550495147705,0.00048419844824820757,0.508474588394165,600,3.034681558609009,4.889878273010254,0.0008212842512875795,0.5566666722297668
C3,42,fit,fit,320,180,default,chord_halfwidth_+0.020m,chord_halfwidth,0.02,7.62939453125e-06,114,64,121,118,118,118,5,3,0,0,0,1,622,622,600,1,all,0.0006516944122267887,118,2.853483200073242,4.589550495147705,0.00048326447722502053,0.508474588394165,600,3.0337796211242676,4.889878273010254,0.0008201243472285569,0.5566666722297668
C3,42,fit,fit,320,180,default,chord_halfwidth_+0.020m,chord_halfwidth,0.02,7.62939453125e-06,114,64,121,118,118,118,5,3,0,0,0,1,622,622,600,1,root_band,,0,,,,,0,,,,
C3,42,fit,fit,320,180,default,chord_halfwidth_+0.020m,chord_halfwidth,0.02,7.62939453125e-06,114,64,121,118,118,118,5,3,0,0,0,1,622,622,600,1,outside_root_band,0.0006516944122267887,118,2.853483200073242,4.589550495147705,0.00048326447722502053,0.508474588394165,600,3.0337796211242676,4.889878273010254,0.0008201243472285569,0.5566666722297668
C3,42,fit,fit,320,180,default,chord_halfwidth_-0.050m,chord_halfwidth,-0.05,1.554710433993023e-05,115,64,121,118,118,118,5,3,0,0,0,1,622,622,600,1,all,0.0006535405700560659,118,2.8548903465270996,4.589550495147705,0.00048490846529603004,0.508474588394165,600,3.035367488861084,4.889878273010254,0.0008221726748161018,0.5566666722297668
C3,42,fit,fit,320,180,default,chord_halfwidth_-0.050m,chord_halfwidth,-0.05,1.554710433993023e-05,115,64,121,118,118,118,5,3,0,0,0,1,622,622,600,1,root_band,,0,,,,,0,,,,
C3,42,fit,fit,320,180,default,chord_halfwidth_-0.050m,chord_halfwidth,-0.05,1.554710433993023e-05,115,64,121,118,118,118,5,3,0,0,0,1,622,622,600,1,outside_root_band,0.0006535405700560659,118,2.8548903465270996,4.589550495147705,0.00048490846529603004,0.508474588394165,600,3.035367488861084,4.889878273010254,0.0008221726748161018,0.5566666722297668
C3,42,fit,fit,320,180,default,chord_halfwidth_+0.050m,chord_halfwidth,0.05,1.5606972738169134e-05,116,64,121,118,118,118,5,3,0,0,0,1,622,622,600,1,all,0.0006509317754535004,118,2.8528990745544434,4.589550495147705,0.00048258560127578676,0.508474588394165,600,3.033118724822998,4.889878273010254,0.0008192779496312141,0.5566666722297668
C3,42,fit,fit,320,180,default,chord_halfwidth_+0.050m,chord_halfwidth,0.05,1.5606972738169134e-05,116,64,121,118,118,118,5,3,0,0,0,1,622,622,600,1,root_band,,0,,,,,0,,,,
C3,42,fit,fit,320,180,default,chord_halfwidth_+0.050m,chord_halfwidth,0.05,1.5606972738169134e-05,116,64,121,118,118,118,5,3,0,0,0,1,622,622,600,1,outside_root_band,0.0006509317754535004,118,2.8528990745544434,4.589550495147705,0.00048258560127578676,0.508474588394165,600,3.033118724822998,4.889878273010254,0.0008192779496312141,0.5566666722297668
C3,43,fit,fit,320,180,default,baseline,,0.0,1.52587890625e-05,117,64,312,309,309,300,24,3,0,1,0,1,1508,1508,600,1,all,0.0020766831003129482,300,3.756950855255127,6.126995086669922,0.002102052327245474,0.6600000262260437,600,3.629331588745117,6.069852352142334,0.0020513138733804226,0.6183333396911621
C3,43,fit,fit,320,180,default,baseline,,0.0,1.52587890625e-05,117,64,312,309,309,300,24,3,0,1,0,1,1508,1508,600,1,root_band,,0,,,,,0,,,,
C3,43,fit,fit,320,180,default,baseline,,0.0,1.52587890625e-05,117,64,312,309,309,300,24,3,0,1,0,1,1508,1508,600,1,outside_root_band,0.0020766831003129482,300,3.756950855255127,6.126995086669922,0.002102052327245474,0.6600000262260437,600,3.629331588745117,6.069852352142334,0.0020513138733804226,0.6183333396911621
C3,43,fit,fit,320,180,default,center_x_-0.020m,center_x,-0.02,1.52587890625e-05,118,64,312,309,309,300,24,3,0,1,0,1,1508,1508,600,1,all,0.0020766817033290863,300,3.7569217681884766,6.126995086669922,0.0021020511630922556,0.6600000262260437,600,3.629265785217285,6.069852352142334,0.002051312243565917,0.6183333396911621
C3,43,fit,fit,320,180,default,center_x_-0.020m,center_x,-0.02,1.52587890625e-05,118,64,312,309,309,300,24,3,0,1,0,1,1508,1508,600,1,root_band,,0,,,,,0,,,,
C3,43,fit,fit,320,180,default,center_x_-0.020m,center_x,-0.02,1.52587890625e-05,118,64,312,309,309,300,24,3,0,1,0,1,1508,1508,600,1,outside_root_band,0.0020766817033290863,300,3.7569217681884766,6.126995086669922,0.0021020511630922556,0.6600000262260437,600,3.629265785217285,6.069852352142334,0.002051312243565917,0.6183333396911621
C3,43,fit,fit,320,180,default,center_x_+0.020m,center_x,0.02,1.52587890625e-05,119,64,312,309,309,300,24,3,0,1,0,1,1508,1508,600,1,all,0.002076684613712132,300,3.7569797039031982,6.126995086669922,0.002102053491398692,0.6600000262260437,600,3.6293981075286865,6.069852352142334,0.002051315736025572,0.6183333396911621
C3,43,fit,fit,320,180,default,center_x_+0.020m,center_x,0.02,1.52587890625e-05,119,64,312,309,309,300,24,3,0,1,0,1,1508,1508,600,1,root_band,,0,,,,,0,,,,
C3,43,fit,fit,320,180,default,center_x_+0.020m,center_x,0.02,1.52587890625e-05,119,64,312,309,309,300,24,3,0,1,0,1,1508,1508,600,1,outside_root_band,0.002076684613712132,300,3.7569797039031982,6.126995086669922,0.002102053491398692,0.6600000262260437,600,3.6293981075286865,6.069852352142334,0.002051315736025572,0.6183333396911621
C3,43,fit,fit,320,180,default,center_x_-0.050m,center_x,-0.05,1.52587890625e-05,120,64,312,309,309,300,24,3,0,1,0,1,1508,1508,600,1,all,0.0020766796078532934,300,3.756880044937134,6.126995086669922,0.0021020493004471064,0.6600000262260437,600,3.6291663646698,6.069852352142334,0.0020513099152594805,0.6183333396911621
C3,43,fit,fit,320,180,default,center_x_-0.050m,center_x,-0.05,1.52587890625e-05,120,64,312,309,309,300,24,3,0,1,0,1,1508,1508,600,1,root_band,,0,,,,,0,,,,
C3,43,fit,fit,320,180,default,center_x_-0.050m,center_x,-0.05,1.52587890625e-05,120,64,312,309,309,300,24,3,0,1,0,1,1508,1508,600,1,outside_root_band,0.0020766796078532934,300,3.756880044937134,6.126995086669922,0.0021020493004471064,0.6600000262260437,600,3.6291663646698,6.069852352142334,0.0020513099152594805,0.6183333396911621
C3,43,fit,fit,320,180,default,center_x_+0.050m,center_x,0.05,1.52587890625e-05,121,64,312,309,309,300,24,3,0,1,0,1,1508,1508,600,1,all,0.002076686592772603,300,3.757023334503174,6.126995086669922,0.0021020551212131977,0.6600000262260437,600,3.62949800491333,6.069852352142334,0.0020513180643320084,0.6183333396911621
C3,43,fit,fit,320,180,default,center_x_+0.050m,center_x,0.05,1.52587890625e-05,121,64,312,309,309,300,24,3,0,1,0,1,1508,1508,600,1,root_band,,0,,,,,0,,,,
C3,43,fit,fit,320,180,default,center_x_+0.050m,center_x,0.05,1.52587890625e-05,121,64,312,309,309,300,24,3,0,1,0,1,1508,1508,600,1,outside_root_band,0.002076686592772603,300,3.757023334503174,6.126995086669922,0.0021020551212131977,0.6600000262260437,600,3.62949800491333,6.069852352142334,0.0020513180643320084,0.6183333396911621
C3,43,fit,fit,320,180,default,center_y_-0.020m,center_y,-0.02,1.52587890625e-05,122,64,312,309,309,300,24,3,0,1,0,1,1508,1508,600,1,all,0.0020766849629580975,300,3.7569894790649414,6.126995086669922,0.002102053724229336,0.6600000262260437,600,3.629420757293701,6.069852352142334,0.002051316201686859,0.6183333396911621
C3,43,fit,fit,320,180,default,center_y_-0.020m,center_y,-0.02,1.52587890625e-05,122,64,312,309,309,300,24,3,0,1,0,1,1508,1508,600,1,root_band,,0,,,,,0,,,,
C3,43,fit,fit,320,180,default,center_y_-0.020m,center_y,-0.02,1.52587890625e-05,122,64,312,309,309,300,24,3,0,1,0,1,1508,1508,600,1,outside_root_band,0.0020766849629580975,300,3.7569894790649414,6.126995086669922,0.002102053724229336,0.6600000262260437,600,3.629420757293701,6.069852352142334,0.002051316201686859,0.6183333396911621
C3,43,fit,fit,320,180,default,center_y_+0.020m,center_y,0.02,1.52587890625e-05,123,64,312,309,309,300,24,3,0,1,0,1,1508,1508,600,1,all,0.002076681354083121,300,3.75691294670105,6.126995086669922,0.0021020506974309683,0.6600000262260437,600,3.6292428970336914,6.069852352142334,0.0020513120107352734,0.6183333396911621
C3,43,fit,fit,320,180,default,center_y_+0.020m,center_y,0.02,1.52587890625e-05,123,64,312,309,309,300,24,3,0,1,0,1,1508,1508,600,1,root_band,,0,,,,,0,,,,
C3,43,fit,fit,320,180,default,center_y_+0.020m,center_y,0.02,1.52587890625e-05,123,64,312,309,309,300,24,3,0,1,0,1,1508,1508,600,1,outside_root_band,0.002076681354083121,300,3.75691294670105,6.126995086669922,0.0021020506974309683,0.6600000262260437,600,3.6292428970336914,6.069852352142334,0.0020513120107352734,0.6183333396911621
C3,43,fit,fit,320,180,default,center_y_-0.050m,center_y,-0.05,1.52587890625e-05,124,64,312,309,309,300,24,3,0,1,0,1,1508,1508,600,1,all,0.0020766876405104995,300,3.7570481300354004,6.126995086669922,0.0021020560525357723,0.6600000262260437,600,3.62955379486084,6.069852352142334,0.0020513192284852266,0.6183333396911621
C3,43,fit,fit,320,180,default,center_y_-0.050m,center_y,-0.05,1.52587890625e-05,124,64,312,309,309,300,24,3,0,1,0,1,1508,1508,600,1,root_band,,0,,,,,0,,,,
C3,43,fit,fit,320,180,default,center_y_-0.050m,center_y,-0.05,1.52587890625e-05,124,64,312,309,309,300,24,3,0,1,0,1,1508,1508,600,1,outside_root_band,0.0020766876405104995,300,3.7570481300354004,6.126995086669922,0.0021020560525357723,0.6600000262260437,600,3.62955379486084,6.069852352142334,0.0020513192284852266,0.6183333396911621
C3,43,fit,fit,320,180,default,center_y_+0.050m,center_y,0.05,1.52587890625e-05,125,64,312,309,309,300,24,3,0,1,0,1,1508,1508,600,1,all,0.002076678560115397,300,3.7568557262420654,6.126995086669922,0.0021020486019551754,0.6600000262260437,600,3.629110336303711,6.069852352142334,0.0020513085182756186,0.6183333396911621
C3,43,fit,fit,320,180,default,center_y_+0.050m,center_y,0.05,1.52587890625e-05,125,64,312,309,309,300,24,3,0,1,0,1,1508,1508,600,1,root_band,,0,,,,,0,,,,
C3,43,fit,fit,320,180,default,center_y_+0.050m,center_y,0.05,1.52587890625e-05,125,64,312,309,309,300,24,3,0,1,0,1,1508,1508,600,1,outside_root_band,0.002076678560115397,300,3.7568557262420654,6.126995086669922,0.0021020486019551754,0.6600000262260437,600,3.629110336303711,6.069852352142334,0.0020513085182756186,0.6183333396911621
C3,43,fit,fit,320,180,default,chord_halfwidth_-0.020m,chord_halfwidth,-0.02,1.52587890625e-05,126,64,312,309,309,300,24,3,0,1,0,1,1508,1508,600,1,all,0.0020766822854056954,300,3.7569339275360107,6.126995086669922,0.002102051628753543,0.6600000262260437,600,3.629291534423828,6.069852352142334,0.002051312942057848,0.6183333396911621
C3,43,fit,fit,320,180,default,chord_halfwidth_-0.020m,chord_halfwidth,-0.02,1.52587890625e-05,126,64,312,309,309,300,24,3,0,1,0,1,1508,1508,600,1,root_band,,0,,,,,0,,,,
C3,43,fit,fit,320,180,default,chord_halfwidth_-0.020m,chord_halfwidth,-0.02,1.52587890625e-05,126,64,312,309,309,300,24,3,0,1,0,1,1508,1508,600,1,outside_root_band,0.0020766822854056954,300,3.7569339275360107,6.126995086669922,0.002102051628753543,0.6600000262260437,600,3.629291534423828,6.069852352142334,0.002051312942057848,0.6183333396911621
C3,43,fit,fit,320,180,default,chord_halfwidth_+0.020m,chord_halfwidth,0.02,1.52587890625e-05,127,64,312,309,309,300,24,3,0,1,0,1,1508,1508,600,1,all,0.002076683798804879,300,3.7569680213928223,6.126995086669922,0.002102052792906761,0.6600000262260437,600,3.629370927810669,6.069852352142334,0.002051314804702997,0.6183333396911621
C3,43,fit,fit,320,180,default,chord_halfwidth_+0.020m,chord_halfwidth,0.02,1.52587890625e-05,127,64,312,309,309,300,24,3,0,1,0,1,1508,1508,600,1,root_band,,0,,,,,0,,,,
C3,43,fit,fit,320,180,default,chord_halfwidth_+0.020m,chord_halfwidth,0.02,1.52587890625e-05,127,64,312,309,309,300,24,3,0,1,0,1,1508,1508,600,1,outside_root_band,0.002076683798804879,300,3.7569680213928223,6.126995086669922,0.002102052792906761,0.6600000262260437,600,3.629370927810669,6.069852352142334,0.002051314804702997,0.6183333396911621
C3,43,fit,fit,320,180,default,chord_halfwidth_-0.050m,chord_halfwidth,-0.05,1.52587890625e-05,128,64,312,309,309,300,24,3,0,1,0,1,1508,1508,600,1,all,0.0020766810048371553,300,3.7569081783294678,6.126995086669922,0.0021020506974309683,0.6600000262260437,600,3.629232168197632,6.069852352142334,0.0020513113122433424,0.6183333396911621
C3,43,fit,fit,320,180,default,chord_halfwidth_-0.050m,chord_halfwidth,-0.05,1.52587890625e-05,128,64,312,309,309,300,24,3,0,1,0,1,1508,1508,600,1,root_band,,0,,,,,0,,,,
C3,43,fit,fit,320,180,default,chord_halfwidth_-0.050m,chord_halfwidth,-0.05,1.52587890625e-05,128,64,312,309,309,300,24,3,0,1,0,1,1508,1508,600,1,outside_root_band,0.0020766810048371553,300,3.7569081783294678,6.126995086669922,0.0021020506974309683,0.6600000262260437,600,3.629232168197632,6.069852352142334,0.0020513113122433424,0.6183333396911621
C3,43,fit,fit,320,180,default,chord_halfwidth_+0.050m,chord_halfwidth,0.05,1.52587890625e-05,129,64,312,309,309,300,24,3,0,1,0,1,1508,1508,600,1,all,0.0020766850793734193,300,3.7569937705993652,6.126995086669922,0.0021020539570599794,0.6600000262260437,600,3.629430055618286,6.069852352142334,0.002051316201686859,0.6183333396911621
C3,43,fit,fit,320,180,default,chord_halfwidth_+0.050m,chord_halfwidth,0.05,1.52587890625e-05,129,64,312,309,309,300,24,3,0,1,0,1,1508,1508,600,1,root_band,,0,,,,,0,,,,
C3,43,fit,fit,320,180,default,chord_halfwidth_+0.050m,chord_halfwidth,0.05,1.52587890625e-05,129,64,312,309,309,300,24,3,0,1,0,1,1508,1508,600,1,outside_root_band,0.0020766850793734193,300,3.7569937705993652,6.126995086669922,0.0021020539570599794,0.6600000262260437,600,3.629430055618286,6.069852352142334,0.002051316201686859,0.6183333396911621
C3,44,heldout,nonblind_diagnostic,320,180,default,baseline,,0.0,7.62939453125e-06,130,64,308,305,305,300,24,3,0,1,0,1,1462,1462,600,1,all,0.0675249770283699,300,10.372214317321777,20.32956314086914,0.06487900763750076,0.8166666626930237,600,10.73536491394043,20.675743103027344,0.07017094641923904,0.824999988079071
C3,44,heldout,nonblind_diagnostic,320,180,default,baseline,,0.0,7.62939453125e-06,130,64,308,305,305,300,24,3,0,1,0,1,1462,1462,600,1,root_band,,0,,,,,0,,,,
C3,44,heldout,nonblind_diagnostic,320,180,default,baseline,,0.0,7.62939453125e-06,130,64,308,305,305,300,24,3,0,1,0,1,1462,1462,600,1,outside_root_band,0.0675249770283699,300,10.372214317321777,20.32956314086914,0.06487900763750076,0.8166666626930237,600,10.73536491394043,20.675743103027344,0.07017094641923904,0.824999988079071
C3,44,heldout,nonblind_diagnostic,320,180,default,center_x_-0.020m,center_x,-0.02,7.62939453125e-06,131,64,308,305,305,300,24,3,0,1,0,1,1462,1462,600,1,all,0.06752829626202583,300,10.37246322631836,20.32956314086914,0.06488185375928879,0.8166666626930237,600,10.73568344116211,20.675743103027344,0.07017473876476288,0.824999988079071
C3,44,heldout,nonblind_diagnostic,320,180,default,center_x_-0.020m,center_x,-0.02,7.62939453125e-06,131,64,308,305,305,300,24,3,0,1,0,1,1462,1462,600,1,root_band,,0,,,,,0,,,,
C3,44,heldout,nonblind_diagnostic,320,180,default,center_x_-0.020m,center_x,-0.02,7.62939453125e-06,131,64,308,305,305,300,24,3,0,1,0,1,1462,1462,600,1,outside_root_band,0.06752829626202583,300,10.37246322631836,20.32956314086914,0.06488185375928879,0.8166666626930237,600,10.73568344116211,20.675743103027344,0.07017473876476288,0.824999988079071
C3,44,heldout,nonblind_diagnostic,320,180,default,center_x_+0.020m,center_x,0.02,1.5619601981597953e-05,132,64,308,305,305,300,24,3,0,1,0,1,1462,1462,600,1,all,0.06752149015665054,300,10.371954917907715,20.32956314086914,0.0648760050535202,0.8166666626930237,600,10.735033988952637,20.675743103027344,0.07016697525978088,0.824999988079071
C3,44,heldout,nonblind_diagnostic,320,180,default,center_x_+0.020m,center_x,0.02,1.5619601981597953e-05,132,64,308,305,305,300,24,3,0,1,0,1,1462,1462,600,1,root_band,,0,,,,,0,,,,
C3,44,heldout,nonblind_diagnostic,320,180,default,center_x_+0.020m,center_x,0.02,1.5619601981597953e-05,132,64,308,305,305,300,24,3,0,1,0,1,1462,1462,600,1,outside_root_band,0.06752149015665054,300,10.371954917907715,20.32956314086914,0.0648760050535202,0.8166666626930237,600,10.735033988952637,20.675743103027344,0.07016697525978088,0.824999988079071
C3,44,heldout,nonblind_diagnostic,320,180,default,center_x_-0.050m,center_x,-0.05,7.62939453125e-06,133,64,308,305,305,300,24,3,0,1,0,1,1462,1462,600,1,all,0.06753329187631607,300,10.372836112976074,20.32956314086914,0.06488616019487381,0.8166666626930237,600,10.736159324645996,20.675743103027344,0.07018042355775833,0.824999988079071
C3,44,heldout,nonblind_diagnostic,320,180,default,center_x_-0.050m,center_x,-0.05,7.62939453125e-06,133,64,308,305,305,300,24,3,0,1,0,1,1462,1462,600,1,root_band,,0,,,,,0,,,,
C3,44,heldout,nonblind_diagnostic,320,180,default,center_x_-0.050m,center_x,-0.05,7.62939453125e-06,133,64,308,305,305,300,24,3,0,1,0,1,1462,1462,600,1,outside_root_band,0.06753329187631607,300,10.372836112976074,20.32956314086914,0.06488616019487381,0.8166666626930237,600,10.736159324645996,20.675743103027344,0.07018042355775833,0.824999988079071
C3,44,heldout,nonblind_diagnostic,320,180,default,center_x_+0.050m,center_x,0.05,1.653800609346945e-05,134,64,308,305,305,300,24,3,0,1,0,1,1462,1462,600,1,all,0.06751656904816628,300,10.371588706970215,20.32956314086914,0.06487181037664413,0.8166666626930237,600,10.73455810546875,20.675743103027344,0.07016132771968842,0.824999988079071
C3,44,heldout,nonblind_diagnostic,320,180,default,center_x_+0.050m,center_x,0.05,1.653800609346945e-05,134,64,308,305,305,300,24,3,0,1,0,1,1462,1462,600,1,root_band,,0,,,,,0,,,,
C3,44,heldout,nonblind_diagnostic,320,180,default,center_x_+0.050m,center_x,0.05,1.653800609346945e-05,134,64,308,305,305,300,24,3,0,1,0,1,1462,1462,600,1,outside_root_band,0.06751656904816628,300,10.371588706970215,20.32956314086914,0.06487181037664413,0.8166666626930237,600,10.73455810546875,20.675743103027344,0.07016132771968842,0.824999988079071
C3,44,heldout,nonblind_diagnostic,320,180,default,center_y_-0.020m,center_y,-0.02,7.62939453125e-06,135,64,308,305,305,300,24,3,0,1,0,1,1462,1462,600,1,all,0.06754394620656967,300,10.373759269714355,20.32956314086914,0.06489717215299606,0.8166666626930237,600,10.737015724182129,20.675743103027344,0.07019072026014328,0.824999988079071
C3,44,heldout,nonblind_diagnostic,320,180,default,center_y_-0.020m,center_y,-0.02,7.62939453125e-06,135,64,308,305,305,300,24,3,0,1,0,1,1462,1462,600,1,root_band,,0,,,,,0,,,,
C3,44,heldout,nonblind_diagnostic,320,180,default,center_y_-0.020m,center_y,-0.02,7.62939453125e-06,135,64,308,305,305,300,24,3,0,1,0,1,1462,1462,600,1,outside_root_band,0.06754394620656967,300,10.373759269714355,20.32956314086914,0.06489717215299606,0.8166666626930237,600,10.737015724182129,20.675743103027344,0.07019072026014328,0.824999988079071
C3,44,heldout,nonblind_diagnostic,320,180,default,center_y_+0.020m,center_y,0.02,1.5331375834648497e-05,136,64,308,305,305,300,24,3,0,1,0,1,1462,1462,600,1,all,0.0675058662891388,300,10.370657920837402,20.32956314086914,0.06486070156097412,0.8166666626930237,600,10.733698844909668,20.675743103027344,0.07015103101730347,0.824999988079071
C3,44,heldout,nonblind_diagnostic,320,180,default,center_y_+0.020m,center_y,0.02,1.5331375834648497e-05,136,64,308,305,305,300,24,3,0,1,0,1,1462,1462,600,1,root_band,,0,,,,,0,,,,
C3,44,heldout,nonblind_diagnostic,320,180,default,center_y_+0.020m,center_y,0.02,1.5331375834648497e-05,136,64,308,305,305,300,24,3,0,1,0,1,1462,1462,600,1,outside_root_band,0.0675058662891388,300,10.370657920837402,20.32956314086914,0.06486070156097412,0.8166666626930237,600,10.733698844909668,20.675743103027344,0.07015103101730347,0.824999988079071
C3,44,heldout,nonblind_diagnostic,320,180,default,center_y_-0.050m,center_y,-0.05,7.62939453125e-06,137,64,308,305,305,300,24,3,0,1,0,1,1462,1462,600,1,all,0.06757256016135216,300,10.376082420349121,20.32956314086914,0.06492458283901215,0.8166666626930237,600,10.739501953125,20.675743103027344,0.07022053748369217,0.824999988079071
C3,44,heldout,nonblind_diagnostic,320,180,default,center_y_-0.050m,center_y,-0.05,7.62939453125e-06,137,64,308,305,305,300,24,3,0,1,0,1,1462,1462,600,1,root_band,,0,,,,,0,,,,
C3,44,heldout,nonblind_diagnostic,320,180,default,center_y_-0.050m,center_y,-0.05,7.62939453125e-06,137,64,308,305,305,300,24,3,0,1,0,1,1462,1462,600,1,outside_root_band,0.06757256016135216,300,10.376082420349121,20.32956314086914,0.06492458283901215,0.8166666626930237,600,10.739501953125,20.675743103027344,0.07022053748369217,0.824999988079071
C3,44,heldout,nonblind_diagnostic,320,180,default,center_y_+0.050m,center_y,0.05,7.62939453125e-06,138,64,308,305,305,300,24,3,0,1,0,1,1462,1462,600,1,all,0.06747743859887123,300,10.368332862854004,20.32956314086914,0.06483347713947296,0.8166666626930237,600,10.731213569641113,20.675743103027344,0.0701214000582695,0.824999988079071
C3,44,heldout,nonblind_diagnostic,320,180,default,center_y_+0.050m,center_y,0.05,7.62939453125e-06,138,64,308,305,305,300,24,3,0,1,0,1,1462,1462,600,1,root_band,,0,,,,,0,,,,
C3,44,heldout,nonblind_diagnostic,320,180,default,center_y_+0.050m,center_y,0.05,7.62939453125e-06,138,64,308,305,305,300,24,3,0,1,0,1,1462,1462,600,1,outside_root_band,0.06747743859887123,300,10.368332862854004,20.32956314086914,0.06483347713947296,0.8166666626930237,600,10.731213569641113,20.675743103027344,0.0701214000582695,0.824999988079071
C3,44,heldout,nonblind_diagnostic,320,180,default,chord_halfwidth_-0.020m,chord_halfwidth,-0.02,1.6096786566777155e-05,139,64,308,305,305,300,24,3,0,1,0,1,1462,1462,600,1,all,0.06754792481660843,300,10.374092102050781,20.32956314086914,0.06490103155374527,0.8166666626930237,600,10.7373628616333,20.675743103027344,0.07019481807947159,0.824999988079071
C3,44,heldout,nonblind_diagnostic,320,180,default,chord_halfwidth_-0.020m,chord_halfwidth,-0.02,1.6096786566777155e-05,139,64,308,305,305,300,24,3,0,1,0,1,1462,1462,600,1,root_band,,0,,,,,0,,,,
C3,44,heldout,nonblind_diagnostic,320,180,default,chord_halfwidth_-0.020m,chord_halfwidth,-0.02,1.6096786566777155e-05,139,64,308,305,305,300,24,3,0,1,0,1,1462,1462,600,1,outside_root_band,0.06754792481660843,300,10.374092102050781,20.32956314086914,0.06490103155374527,0.8166666626930237,600,10.7373628616333,20.675743103027344,0.07019481807947159,0.824999988079071
C3,44,heldout,nonblind_diagnostic,320,180,default,chord_halfwidth_+0.020m,chord_halfwidth,0.02,7.62939453125e-06,140,64,308,305,305,300,24,3,0,1,0,1,1462,1462,600,1,all,0.06750210374593735,300,10.370341300964355,20.32956314086914,0.06485705822706223,0.8166666626930237,600,10.733368873596191,20.675743103027344,0.07014714926481247,0.824999988079071
C3,44,heldout,nonblind_diagnostic,320,180,default,chord_halfwidth_+0.020m,chord_halfwidth,0.02,7.62939453125e-06,140,64,308,305,305,300,24,3,0,1,0,1,1462,1462,600,1,root_band,,0,,,,,0,,,,
C3,44,heldout,nonblind_diagnostic,320,180,default,chord_halfwidth_+0.020m,chord_halfwidth,0.02,7.62939453125e-06,140,64,308,305,305,300,24,3,0,1,0,1,1462,1462,600,1,outside_root_band,0.06750210374593735,300,10.370341300964355,20.32956314086914,0.06485705822706223,0.8166666626930237,600,10.733368873596191,20.675743103027344,0.07014714926481247,0.824999988079071
C3,44,heldout,nonblind_diagnostic,320,180,default,chord_halfwidth_-0.050m,chord_halfwidth,-0.05,7.62939453125e-06,141,64,308,305,305,300,24,3,0,1,0,1,1462,1462,600,1,all,0.06758289784193039,300,10.376940727233887,20.32956314086914,0.0649346187710762,0.8166666626930237,600,10.740398406982422,20.675743103027344,0.07023117691278458,0.824999988079071
C3,44,heldout,nonblind_diagnostic,320,180,default,chord_halfwidth_-0.050m,chord_halfwidth,-0.05,7.62939453125e-06,141,64,308,305,305,300,24,3,0,1,0,1,1462,1462,600,1,root_band,,0,,,,,0,,,,
C3,44,heldout,nonblind_diagnostic,320,180,default,chord_halfwidth_-0.050m,chord_halfwidth,-0.05,7.62939453125e-06,141,64,308,305,305,300,24,3,0,1,0,1,1462,1462,600,1,outside_root_band,0.06758289784193039,300,10.376940727233887,20.32956314086914,0.0649346187710762,0.8166666626930237,600,10.740398406982422,20.675743103027344,0.07023117691278458,0.824999988079071
C3,44,heldout,nonblind_diagnostic,320,180,default,chord_halfwidth_+0.050m,chord_halfwidth,0.05,7.62939453125e-06,142,64,308,305,305,300,24,3,0,1,0,1,1462,1462,600,1,all,0.06746845692396164,300,10.367574691772461,20.32956314086914,0.06482475250959396,0.8166666626930237,600,10.730423927307129,20.675743103027344,0.07011216133832932,0.824999988079071
C3,44,heldout,nonblind_diagnostic,320,180,default,chord_halfwidth_+0.050m,chord_halfwidth,0.05,7.62939453125e-06,142,64,308,305,305,300,24,3,0,1,0,1,1462,1462,600,1,root_band,,0,,,,,0,,,,
C3,44,heldout,nonblind_diagnostic,320,180,default,chord_halfwidth_+0.050m,chord_halfwidth,0.05,7.62939453125e-06,142,64,308,305,305,300,24,3,0,1,0,1,1462,1462,600,1,outside_root_band,0.06746845692396164,300,10.367574691772461,20.32956314086914,0.06482475250959396,0.8166666626930237,600,10.730423927307129,20.675743103027344,0.07011216133832932,0.824999988079071
C3,45,heldout,nonblind_diagnostic,320,180,default,baseline,,0.0,4.498472662817221e-06,143,64,97,94,94,94,4,3,0,0,0,1,507,507,507,0,all,0.19271358102560043,94,20.250747680664062,22.865795135498047,0.187531977891922,1.0,507,20.873199462890625,23.33725357055664,0.19789518415927887,1.0
C3,45,heldout,nonblind_diagnostic,320,180,default,baseline,,0.0,4.498472662817221e-06,143,64,97,94,94,94,4,3,0,0,0,1,507,507,507,0,root_band,,0,,,,,0,,,,
C3,45,heldout,nonblind_diagnostic,320,180,default,baseline,,0.0,4.498472662817221e-06,143,64,97,94,94,94,4,3,0,0,0,1,507,507,507,0,outside_root_band,0.19271358102560043,94,20.250747680664062,22.865795135498047,0.187531977891922,1.0,507,20.873199462890625,23.33725357055664,0.19789518415927887,1.0
C3,45,heldout,nonblind_diagnostic,320,180,default,center_x_-0.020m,center_x,-0.02,4.2649612623790745e-06,144,64,97,94,94,94,4,3,0,0,0,1,507,507,507,0,all,0.19271866977214813,94,20.25105857849121,22.865795135498047,0.1875370442867279,1.0,507,20.873512268066406,23.33725357055664,0.19790029525756836,1.0
C3,45,heldout,nonblind_diagnostic,320,180,default,center_x_-0.020m,center_x,-0.02,4.2649612623790745e-06,144,64,97,94,94,94,4,3,0,0,0,1,507,507,507,0,root_band,,0,,,,,0,,,,
C3,45,heldout,nonblind_diagnostic,320,180,default,center_x_-0.020m,center_x,-0.02,4.2649612623790745e-06,144,64,97,94,94,94,4,3,0,0,0,1,507,507,507,0,outside_root_band,0.19271866977214813,94,20.25105857849121,22.865795135498047,0.1875370442867279,1.0,507,20.873512268066406,23.33725357055664,0.19790029525756836,1.0
C3,45,heldout,nonblind_diagnostic,320,180,default,center_x_+0.020m,center_x,0.02,4.76837158203125e-06,145,64,97,94,94,94,4,3,0,0,0,1,507,507,507,0,all,0.1927086040377617,94,20.250446319580078,22.865795135498047,0.18752703070640564,1.0,507,20.87289810180664,23.33725357055664,0.19789017736911774,1.0
C3,45,heldout,nonblind_diagnostic,320,180,default,center_x_+0.020m,center_x,0.02,4.76837158203125e-06,145,64,97,94,94,94,4,3,0,0,0,1,507,507,507,0,root_band,,0,,,,,0,,,,
C3,45,heldout,nonblind_diagnostic,320,180,default,center_x_+0.020m,center_x,0.02,4.76837158203125e-06,145,64,97,94,94,94,4,3,0,0,0,1,507,507,507,0,outside_root_band,0.1927086040377617,94,20.250446319580078,22.865795135498047,0.18752703070640564,1.0,507,20.87289810180664,23.33725357055664,0.19789017736911774,1.0
C3,45,heldout,nonblind_diagnostic,320,180,default,center_x_-0.050m,center_x,-0.05,4.2649612623790745e-06,146,64,97,94,94,94,4,3,0,0,0,1,507,507,507,0,all,0.19272633641958237,94,20.251527786254883,22.865795135498047,0.18754467368125916,1.0,507,20.873977661132812,23.33725357055664,0.19790799915790558,1.0
C3,45,heldout,nonblind_diagnostic,320,180,default,center_x_-0.050m,center_x,-0.05,4.2649612623790745e-06,146,64,97,94,94,94,4,3,0,0,0,1,507,507,507,0,root_band,,0,,,,,0,,,,
C3,45,heldout,nonblind_diagnostic,320,180,default,center_x_-0.050m,center_x,-0.05,4.2649612623790745e-06,146,64,97,94,94,94,4,3,0,0,0,1,507,507,507,0,outside_root_band,0.19272633641958237,94,20.251527786254883,22.865795135498047,0.18754467368125916,1.0,507,20.873977661132812,23.33725357055664,0.19790799915790558,1.0
C3,45,heldout,nonblind_diagnostic,320,180,default,center_x_+0.050m,center_x,0.05,3.932099843950709e-06,147,64,97,94,94,94,4,3,0,0,0,1,507,507,507,0,all,0.1927010342478752,94,20.249982833862305,22.865795135498047,0.18751950562000275,1.0,507,20.8724365234375,23.33725357055664,0.19788256287574768,1.0
C3,45,heldout,nonblind_diagnostic,320,180,default,center_x_+0.050m,center_x,0.05,3.932099843950709e-06,147,64,97,94,94,94,4,3,0,0,0,1,507,507,507,0,root_band,,0,,,,,0,,,,
C3,45,heldout,nonblind_diagnostic,320,180,default,center_x_+0.050m,center_x,0.05,3.932099843950709e-06,147,64,97,94,94,94,4,3,0,0,0,1,507,507,507,0,outside_root_band,0.1927010342478752,94,20.249982833862305,22.865795135498047,0.18751950562000275,1.0,507,20.8724365234375,23.33725357055664,0.19788256287574768,1.0
C3,45,heldout,nonblind_diagnostic,320,180,default,center_y_-0.020m,center_y,-0.02,3.932099843950709e-06,148,64,97,94,94,94,4,3,0,0,0,1,507,507,507,0,all,0.19274140149354935,94,20.252439498901367,22.865795135498047,0.18755969405174255,1.0,507,20.874893188476562,23.33725357055664,0.19792310893535614,1.0
C3,45,heldout,nonblind_diagnostic,320,180,default,center_y_-0.020m,center_y,-0.02,3.932099843950709e-06,148,64,97,94,94,94,4,3,0,0,0,1,507,507,507,0,root_band,,0,,,,,0,,,,
C3,45,heldout,nonblind_diagnostic,320,180,default,center_y_-0.020m,center_y,-0.02,3.932099843950709e-06,148,64,97,94,94,94,4,3,0,0,0,1,507,507,507,0,outside_root_band,0.19274140149354935,94,20.252439498901367,22.865795135498047,0.18755969405174255,1.0,507,20.874893188476562,23.33725357055664,0.19792310893535614,1.0
C3,45,heldout,nonblind_diagnostic,320,180,default,center_y_+0.020m,center_y,0.02,4.76837158203125e-06,149,64,97,94,94,94,4,3,0,0,0,1,507,507,507,0,all,0.1926860809326172,94,20.24907875061035,22.865795135498047,0.1875046193599701,1.0,507,20.87152862548828,23.33725357055664,0.19786754250526428,1.0
C3,45,heldout,nonblind_diagnostic,320,180,default,center_y_+0.020m,center_y,0.02,4.76837158203125e-06,149,64,97,94,94,94,4,3,0,0,0,1,507,507,507,0,root_band,,0,,,,,0,,,,
C3,45,heldout,nonblind_diagnostic,320,180,default,center_y_+0.020m,center_y,0.02,4.76837158203125e-06,149,64,97,94,94,94,4,3,0,0,0,1,507,507,507,0,outside_root_band,0.1926860809326172,94,20.24907875061035,22.865795135498047,0.1875046193599701,1.0,507,20.87152862548828,23.33725357055664,0.19786754250526428,1.0
C3,45,heldout,nonblind_diagnostic,320,180,default,center_y_-0.050m,center_y,-0.05,5.394796517066425e-06,150,64,97,94,94,94,4,3,0,0,0,1,507,507,507,0,all,0.1927829459309578,94,20.25496482849121,22.865795135498047,0.18760104477405548,1.0,507,20.87742042541504,23.33725357055664,0.1979648470878601,1.0
C3,45,heldout,nonblind_diagnostic,320,180,default,center_y_-0.050m,center_y,-0.05,5.394796517066425e-06,150,64,97,94,94,94,4,3,0,0,0,1,507,507,507,0,root_band,,0,,,,,0,,,,
C3,45,heldout,nonblind_diagnostic,320,180,default,center_y_-0.050m,center_y,-0.05,5.394796517066425e-06,150,64,97,94,94,94,4,3,0,0,0,1,507,507,507,0,outside_root_band,0.1927829459309578,94,20.25496482849121,22.865795135498047,0.18760104477405548,1.0,507,20.87742042541504,23.33725357055664,0.1979648470878601,1.0
C3,45,heldout,nonblind_diagnostic,320,180,default,center_y_+0.050m,center_y,0.05,3.932099843950709e-06,151,64,97,94,94,94,4,3,0,0,0,1,507,507,507,0,all,0.19264453649520874,94,20.246551513671875,22.865795135498047,0.18746326863765717,1.0,507,20.868999481201172,23.33725357055664,0.19782580435276031,1.0
C3,45,heldout,nonblind_diagnostic,320,180,default,center_y_+0.050m,center_y,0.05,3.932099843950709e-06,151,64,97,94,94,94,4,3,0,0,0,1,507,507,507,0,root_band,,0,,,,,0,,,,
C3,45,heldout,nonblind_diagnostic,320,180,default,center_y_+0.050m,center_y,0.05,3.932099843950709e-06,151,64,97,94,94,94,4,3,0,0,0,1,507,507,507,0,outside_root_band,0.19264453649520874,94,20.246551513671875,22.865795135498047,0.18746326863765717,1.0,507,20.868999481201172,23.33725357055664,0.19782580435276031,1.0
C3,45,heldout,nonblind_diagnostic,320,180,default,chord_halfwidth_-0.020m,chord_halfwidth,-0.02,3.932099843950709e-06,152,64,97,94,94,94,4,3,0,0,0,1,507,507,507,0,all,0.19274673610925674,94,20.252765655517578,22.865795135498047,0.18756499886512756,1.0,507,20.87521743774414,23.33725357055664,0.19792847335338593,1.0
C3,45,heldout,nonblind_diagnostic,320,180,default,chord_halfwidth_-0.020m,chord_halfwidth,-0.02,3.932099843950709e-06,152,64,97,94,94,94,4,3,0,0,0,1,507,507,507,0,root_band,,0,,,,,0,,,,
C3,45,heldout,nonblind_diagnostic,320,180,default,chord_halfwidth_-0.020m,chord_halfwidth,-0.02,3.932099843950709e-06,152,64,97,94,94,94,4,3,0,0,0,1,507,507,507,0,outside_root_band,0.19274673610925674,94,20.252765655517578,22.865795135498047,0.18756499886512756,1.0,507,20.87521743774414,23.33725357055664,0.19792847335338593,1.0
C3,45,heldout,nonblind_diagnostic,320,180,default,chord_halfwidth_+0.020m,chord_halfwidth,0.02,3.932099843950709e-06,153,64,97,94,94,94,4,3,0,0,0,1,507,507,507,0,all,0.19268078356981277,94,20.248754501342773,22.865795135498047,0.18749934434890747,1.0,507,20.871206283569336,23.33725357055664,0.19786222279071808,1.0
C3,45,heldout,nonblind_diagnostic,320,180,default,chord_halfwidth_+0.020m,chord_halfwidth,0.02,3.932099843950709e-06,153,64,97,94,94,94,4,3,0,0,0,1,507,507,507,0,root_band,,0,,,,,0,,,,
C3,45,heldout,nonblind_diagnostic,320,180,default,chord_halfwidth_+0.020m,chord_halfwidth,0.02,3.932099843950709e-06,153,64,97,94,94,94,4,3,0,0,0,1,507,507,507,0,outside_root_band,0.19268078356981277,94,20.248754501342773,22.865795135498047,0.18749934434890747,1.0,507,20.871206283569336,23.33725357055664,0.19786222279071808,1.0
C3,45,heldout,nonblind_diagnostic,320,180,default,chord_halfwidth_-0.050m,chord_halfwidth,-0.05,4.347871708887396e-06,154,64,97,94,94,94,4,3,0,0,0,1,507,507,507,0,all,0.19279695302248,94,20.255815505981445,22.865795135498047,0.18761499226093292,1.0,507,20.878271102905273,23.33725357055664,0.1979789137840271,1.0
C3,45,heldout,nonblind_diagnostic,320,180,default,chord_halfwidth_-0.050m,chord_halfwidth,-0.05,4.347871708887396e-06,154,64,97,94,94,94,4,3,0,0,0,1,507,507,507,0,root_band,,0,,,,,0,,,,
C3,45,heldout,nonblind_diagnostic,320,180,default,chord_halfwidth_-0.050m,chord_halfwidth,-0.05,4.347871708887396e-06,154,64,97,94,94,94,4,3,0,0,0,1,507,507,507,0,outside_root_band,0.19279695302248,94,20.255815505981445,22.865795135498047,0.18761499226093292,1.0,507,20.878271102905273,23.33725357055664,0.1979789137840271,1.0
C3,45,heldout,nonblind_diagnostic,320,180,default,chord_halfwidth_+0.050m,chord_halfwidth,0.05,3.932099843950709e-06,155,64,97,94,94,94,4,3,0,0,0,1,507,507,507,0,all,0.19263213127851486,94,20.24579429626465,22.865795135498047,0.18745091557502747,1.0,507,20.868244171142578,23.33725357055664,0.19781334698200226,1.0
C3,45,heldout,nonblind_diagnostic,320,180,default,chord_halfwidth_+0.050m,chord_halfwidth,0.05,3.932099843950709e-06,155,64,97,94,94,94,4,3,0,0,0,1,507,507,507,0,root_band,,0,,,,,0,,,,
C3,45,heldout,nonblind_diagnostic,320,180,default,chord_halfwidth_+0.050m,chord_halfwidth,0.05,3.932099843950709e-06,155,64,97,94,94,94,4,3,0,0,0,1,507,507,507,0,outside_root_band,0.19263213127851486,94,20.24579429626465,22.865795135498047,0.18745091557502747,1.0,507,20.868244171142578,23.33725357055664,0.19781334698200226,1.0
C1,42,fit,fit,640,360,default,baseline,,0.0,3.0517578125e-05,156,64,1420,585,585,300,12,835,0,1,0,1,1104,1104,600,1,all,0.9871651045978069,300,59.855106353759766,257.0151672363281,1.859682559967041,0.6433333158493042,600,6.986701488494873,23.851112365722656,0.11464764922857285,0.5933333039283752
C1,42,fit,fit,640,360,default,baseline,,0.0,3.0517578125e-05,156,64,1420,585,585,300,12,835,0,1,0,1,1104,1104,600,1,root_band,0.0018849289626814425,78,2.129547595977783,4.167309761047363,0.0016330283833667636,0.1666666716337204,171,2.170668363571167,4.436329364776611,0.0021368295419961214,0.2514619827270508
C1,42,fit,fit,640,360,default,baseline,,0.0,3.0517578125e-05,156,64,1420,585,585,300,12,835,0,1,0,1,1104,1104,600,1,outside_root_band,1.3360025882720947,222,80.1370620727539,303.5201110839844,2.5125105381011963,0.8108108043670654,429,8.906378746032715,28.901838302612305,0.15949463844299316,0.7296037077903748
C1,42,fit,fit,640,360,default,center_x_-0.020m,center_x,-0.02,3.0517578125e-05,157,64,1418,585,585,300,12,833,0,1,0,1,1104,1104,600,1,all,1.004360392689705,300,60.468475341796875,258.6770935058594,1.8828191757202148,0.6433333158493042,600,7.177232265472412,25.619298934936523,0.12590160965919495,0.5533333420753479
C1,42,fit,fit,640,360,default,center_x_-0.020m,center_x,-0.02,3.0517578125e-05,157,64,1418,585,585,300,12,833,0,1,0,1,1104,1104,600,1,root_band,0.00020091266924282536,78,1.6352083683013916,2.7812061309814453,0.00022853486007079482,0.10256410390138626,171,1.342772364616394,2.5756232738494873,0.0001732904784148559,0.08187134563922882
C1,42,fit,fit,640,360,default,center_x_-0.020m,center_x,-0.02,3.0517578125e-05,157,64,1418,585,585,300,12,833,0,1,0,1,1104,1104,600,1,outside_root_band,1.3601435720920563,222,81.1396255493164,305.28912353515625,2.5442700386047363,0.8333333134651184,429,9.50285530090332,30.64804458618164,0.17601710557937622,0.7412587404251099
C1,42,fit,fit,640,360,default,center_x_+0.020m,center_x,0.02,3.1456798751605675e-05,158,64,1420,587,587,300,12,833,0,1,0,1,1104,1104,600,1,all,0.9853288866579533,300,60.251277923583984,258.8232421875,1.8639495372772217,0.7599999904632568,600,7.056641578674316,22.079086303710938,0.10670823603868484,0.6816666722297668
C1,42,fit,fit,640,360,default,center_x_+0.020m,center_x,0.02,3.1456798751605675e-05,158,64,1420,587,587,300,12,833,0,1,0,1,1104,1104,600,1,root_band,0.008439561584964395,77,3.497023344039917,5.833587169647217,0.007275484036654234,0.6363636255264282,171,3.706606149673462,6.318676471710205,0.009603639133274555,0.6374269127845764
C1,42,fit,fit,640,360,default,center_x_+0.020m,center_x,0.02,3.1456798751605675e-05,158,64,1420,587,587,300,12,833,0,1,0,1,1104,1104,600,1,outside_root_band,1.3252288773655891,223,79.8480224609375,304.85125732421875,2.5050435066223145,0.8026905655860901,429,8.391969680786133,27.15183448791504,0.14541424810886383,0.6993007063865662
C1,42,fit,fit,640,360,default,center_x_-0.050m,center_x,-0.05,3.0517578125e-05,159,64,1418,584,584,300,12,834,0,1,0,1,1104,1104,600,1,all,1.0226168110966682,300,61.15998840332031,260.1504821777344,1.897379994392395,0.6933333277702332,600,8.000100135803223,28.264345169067383,0.14785362780094147,0.5849999785423279
C1,42,fit,fit,640,360,default,center_x_-0.050m,center_x,-0.05,3.0517578125e-05,159,64,1418,584,584,300,12,834,0,1,0,1,1104,1104,600,1,root_band,0.0016812470857985318,78,2.576305389404297,4.532692909240723,0.002295083599165082,0.41025641560554504,171,1.9594849348068237,4.2180256843566895,0.0010674105724319816,0.2923976480960846
C1,42,fit,fit,640,360,default,center_x_-0.050m,center_x,-0.05,3.0517578125e-05,159,64,1418,584,584,300,12,834,0,1,0,1,1104,1104,600,1,outside_root_band,1.3847916796803474,222,81.74344635009766,303.8997802734375,2.563220500946045,0.792792797088623,429,10.407896995544434,33.26021957397461,0.20636285841464996,0.7016317248344421
C1,42,fit,fit,640,360,default,center_x_+0.050m,center_x,0.05,3.0517578125e-05,160,64,1419,585,585,300,12,834,0,1,0,1,1104,1104,600,1,all,0.9751726016402245,300,60.23033905029297,256.57257080078125,1.8470900058746338,0.846666693687439,600,7.500389099121094,19.413827896118164,0.10325519740581512,0.7766666412353516
C1,42,fit,fit,640,360,default,center_x_+0.050m,center_x,0.05,3.0517578125e-05,160,64,1419,585,585,300,12,834,0,1,0,1,1104,1104,600,1,root_band,0.038558028638362885,78,5.897838592529297,8.603105545043945,0.03460729867219925,0.9230769276618958,171,6.262440204620361,9.390226364135742,0.04250875860452652,0.9239766001701355
C1,42,fit,fit,640,360,default,center_x_+0.050m,center_x,0.05,3.0517578125e-05,160,64,1419,585,585,300,12,834,0,1,0,1,1104,1104,600,1,outside_root_band,1.3056884929537773,222,79.32013702392578,303.14776611328125,2.483908176422119,0.8198198080062866,429,7.993836879730225,24.519689559936523,0.12746880948543549,0.7179487347602844
C1,42,fit,fit,640,360,default,center_y_-0.020m,center_y,-0.02,3.0517578125e-05,161,64,1422,587,587,300,12,835,0,1,0,1,1104,1104,600,1,all,0.9746160805225372,300,59.718353271484375,257.1032409667969,1.8468432426452637,0.75,600,6.9197001457214355,21.268112182617188,0.10238891839981079,0.675000011920929
C1,42,fit,fit,640,360,default,center_y_-0.020m,center_y,-0.02,3.0517578125e-05,161,64,1422,587,587,300,12,835,0,1,0,1,1104,1104,600,1,root_band,0.008989014429971576,77,3.449394464492798,6.154611587524414,0.007647909689694643,0.6103895902633667,171,3.7494449615478516,6.58574914932251,0.010330119170248508,0.6374269127845764
C1,42,fit,fit,640,360,default,center_y_-0.020m,center_y,-0.02,3.0517578125e-05,161,64,1422,587,587,300,12,835,0,1,0,1,1104,1104,600,1,outside_root_band,1.3104927837848663,223,79.14754486083984,303.02435302734375,2.4819018840789795,0.7982062697410583,429,8.183367729187012,26.350936889648438,0.13908368349075317,0.689976692199707
C1,42,fit,fit,640,360,default,center_y_+0.020m,center_y,0.02,3.0517578125e-05,162,64,1418,584,584,300,12,834,0,1,0,1,1104,1104,600,1,all,1.0040427669882774,300,60.29969787597656,259.62255859375,1.876800537109375,0.6299999952316284,600,7.344294548034668,26.43683624267578,0.13128499686717987,0.5566666722297668
C1,42,fit,fit,640,360,default,center_y_+0.020m,center_y,0.02,3.0517578125e-05,162,64,1418,584,584,300,12,834,0,1,0,1,1104,1104,600,1,root_band,0.00016558673814870417,78,1.5825905799865723,2.6567177772521973,0.0001759697188390419,0.07692307978868484,171,1.287093162536621,2.5991907119750977,0.00015520375745836645,0.08187134563922882
C1,42,fit,fit,640,360,default,center_y_+0.020m,center_y,0.02,3.0517578125e-05,162,64,1418,584,584,300,12,834,0,1,0,1,1104,1104,600,1,outside_root_band,1.359854482114315,222,80.9300308227539,303.4299011230469,2.5361554622650146,0.8243243098258972,429,9.758703231811523,31.4554386138916,0.18355350196361542,0.745920717716217
C1,42,fit,fit,640,360,default,center_y_-0.050m,center_y,-0.05,3.0517578125e-05,163,64,1424,588,588,300,12,836,0,1,0,1,1104,1104,600,1,all,0.9679955393075943,300,60.04918670654297,257.263671875,1.8415447473526,0.8399999737739563,600,7.244799613952637,17.39870262145996,0.0944463312625885,0.7850000262260437
C1,42,fit,fit,640,360,default,center_y_-0.050m,center_y,-0.05,3.0517578125e-05,163,64,1424,588,588,300,12,836,0,1,0,1,1104,1104,600,1,root_band,0.041327668353915215,77,5.773105144500732,9.246851921081543,0.03644426539540291,0.8831169009208679,171,6.298271656036377,9.612089157104492,0.04621107131242752,0.9122806787490845
C1,42,fit,fit,640,360,default,center_y_-0.050m,center_y,-0.05,3.0517578125e-05,163,64,1424,588,588,300,12,836,0,1,0,1,1104,1104,600,1,outside_root_band,1.2892518043518066,223,78.79025268554688,303.1951599121094,2.4648306369781494,0.8251121044158936,429,7.622087478637695,22.52958869934082,0.11367297172546387,0.7342657446861267
C1,42,fit,fit,640,360,default,center_y_+0.050m,center_y,0.05,3.0517578125e-05,164,64,1413,582,582,300,12,831,0,1,0,1,1104,1104,600,1,all,1.0465910732746124,300,62.12668991088867,262.8123779296875,1.9300122261047363,0.6966666579246521,600,8.506099700927734,30.320453643798828,0.16316992044448853,0.596666693687439
C1,42,fit,fit,640,360,default,center_y_+0.050m,center_y,0.05,3.0517578125e-05,164,64,1413,582,582,300,12,831,0,1,0,1,1104,1104,600,1,root_band,0.0016937146428972483,78,2.4897189140319824,4.604194641113281,0.0016929222038015723,0.38461539149284363,171,2.091508626937866,4.315237045288086,0.0016945070819929242,0.31578946113586426
C1,42,fit,fit,640,360,default,center_y_+0.050m,center_y,0.05,3.0517578125e-05,164,64,1413,582,582,300,12,831,0,1,0,1,1104,1104,600,1,outside_root_band,1.4175320714712143,222,83.08021545410156,306.2946472167969,2.607529878616333,0.8063063025474548,429,11.062963485717773,35.290771484375,0.22753426432609558,0.7086247205734253
C1,42,fit,fit,640,360,default,chord_halfwidth_-0.020m,chord_halfwidth,-0.02,3.0517578125e-05,165,64,1420,586,586,300,12,834,0,1,0,1,1104,1104,600,1,all,0.998386450111866,300,60.20003128051758,257.6044006347656,1.872548222541809,0.6466666460037231,600,7.174469947814941,25.355323791503906,0.12422467768192291,0.5600000023841858
C1,42,fit,fit,640,360,default,chord_halfwidth_-0.020m,chord_halfwidth,-0.02,3.0517578125e-05,165,64,1420,586,586,300,12,834,0,1,0,1,1104,1104,600,1,root_band,0.00036190039827488363,78,1.7082284688949585,2.968203544616699,0.0003169107367284596,0.10256410390138626,171,1.4752241373062134,2.977856159210205,0.00040689005982130766,0.09941520541906357
C1,42,fit,fit,640,360,default,chord_halfwidth_-0.020m,chord_halfwidth,-0.02,3.0517578125e-05,165,64,1420,586,586,300,12,834,0,1,0,1,1104,1104,600,1,outside_root_band,1.3519689217209816,222,80.7511978149414,304.04443359375,2.5303592681884766,0.837837815284729,429,9.446196556091309,30.383527755737305,0.17357857525348663,0.7435897588729858
C1,42,fit,fit,640,360,default,chord_halfwidth_+0.020m,chord_halfwidth,0.02,3.0517578125e-05,166,64,1418,585,585,300,12,833,0,1,0,1,1104,1104,600,1,all,0.9776711501181126,300,59.659690856933594,256.4306945800781,1.8482544422149658,0.7133333086967468,600,6.9473066329956055,22.346576690673828,0.10708785802125931,0.653333306312561
C1,42,fit,fit,640,360,default,chord_halfwidth_+0.020m,chord_halfwidth,0.02,3.0517578125e-05,166,64,1418,585,585,300,12,833,0,1,0,1,1104,1104,600,1,root_band,0.005894102388992906,79,3.0006296634674072,5.539806365966797,0.004935342352837324,0.4430379867553711,171,3.231926202774048,5.898648262023926,0.006852862425148487,0.5087719559669495
C1,42,fit,fit,640,360,default,chord_halfwidth_+0.020m,chord_halfwidth,0.02,3.0517578125e-05,166,64,1418,585,585,300,12,833,0,1,0,1,1104,1104,600,1,outside_root_band,1.3271099850535393,221,79.91338348388672,303.59661865234375,2.50717830657959,0.8099547624588013,429,8.428261756896973,27.420164108276367,0.1470416635274887,0.7109557390213013
C1,42,fit,fit,640,360,default,chord_halfwidth_-0.050m,chord_halfwidth,-0.05,3.0517578125e-05,167,64,1423,591,591,300,13,832,0,1,0,1,1104,1104,600,1,all,1.0161762908101082,300,60.806514739990234,258.97796630859375,1.8903855085372925,0.6433333158493042,600,7.73796272277832,27.61087989807129,0.1419670730829239,0.5550000071525574
C1,42,fit,fit,640,360,default,chord_halfwidth_-0.050m,chord_halfwidth,-0.05,3.0517578125e-05,167,64,1423,591,591,300,13,832,0,1,0,1,1104,1104,600,1,root_band,0.00010116239718627185,77,1.7556231021881104,3.002293825149536,0.00011570461356313899,0.10389610379934311,171,1.352213740348816,2.6604559421539307,8.66201808094047e-05,0.07017543911933899
C1,42,fit,fit,640,360,default,chord_halfwidth_-0.050m,chord_halfwidth,-0.05,3.0517578125e-05,167,64,1423,591,591,300,13,832,0,1,0,1,1104,1104,600,1,outside_root_band,1.3708003386855125,223,81.19628143310547,304.9476623535156,2.5430798530578613,0.8295964002609253,429,10.283330917358398,32.605899810791016,0.19852082431316376,0.748251736164093
C1,42,fit,fit,640,360,default,chord_halfwidth_+0.050m,chord_halfwidth,0.05,3.0517578125e-05,168,64,1415,583,583,300,12,832,0,1,0,1,1104,1104,600,1,all,0.9831813648343086,300,60.52145004272461,261.54339599609375,1.8661876916885376,0.8066666722297668,600,7.105398178100586,20.089078903198242,0.10017503798007965,0.7433333396911621
C1,42,fit,fit,640,360,default,chord_halfwidth_+0.050m,chord_halfwidth,0.05,3.0517578125e-05,168,64,1415,583,583,300,12,832,0,1,0,1,1104,1104,600,1,root_band,0.02120553608983755,78,4.544277667999268,7.542862892150879,0.018276406452059746,0.7948718070983887,171,4.94864559173584,8.095935821533203,0.024134665727615356,0.8187134265899658
C1,42,fit,fit,640,360,default,chord_halfwidth_+0.050m,chord_halfwidth,0.05,3.0517578125e-05,168,64,1415,583,583,300,12,832,0,1,0,1,1104,1104,600,1,outside_root_band,1.3229690790176392,222,80.1891098022461,305.2167663574219,2.515453338623047,0.8108108043670654,429,7.96508264541626,25.197534561157227,0.13048481941223145,0.7132866978645325
C1,43,fit,fit,640,360,default,baseline,,0.0,3.0517578125e-05,169,64,1464,677,613,300,17,787,64,1,0,1,1911,1911,600,1,all,0.605929434299469,300,8.18348217010498,15.997283935546875,0.13727223873138428,0.6633333563804626,600,36.59886932373047,143.6920928955078,1.0745866298675537,0.7300000190734863
C1,43,fit,fit,640,360,default,baseline,,0.0,3.0517578125e-05,169,64,1464,677,613,300,17,787,64,1,0,1,1911,1911,600,1,root_band,0.06528377160429955,145,5.377032279968262,11.985230445861816,0.059207066893577576,0.5310344696044922,237,5.86514139175415,12.685639381408691,0.07136047631502151,0.5907173156738281
C1,43,fit,fit,640,360,default,baseline,,0.0,3.0517578125e-05,169,64,1464,677,613,300,17,787,64,1,0,1,1911,1911,600,1,outside_root_band,0.9699432328343391,155,10.808871269226074,35.3138427734375,0.21030093729496002,0.7870967984199524,363,56.66469955444336,216.53070068359375,1.7295855283737183,0.8209366202354431
C1,43,fit,fit,640,360,default,center_x_-0.020m,center_x,-0.02,3.0517578125e-05,170,64,1463,678,616,300,17,785,62,1,0,1,1911,1911,600,1,all,0.5995639786124229,300,8.024558067321777,16.876548767089844,0.13423769176006317,0.6600000262260437,600,36.19404602050781,141.9400177001953,1.0648902654647827,0.7049999833106995
C1,43,fit,fit,640,360,default,center_x_-0.020m,center_x,-0.02,3.0517578125e-05,170,64,1463,678,616,300,17,785,62,1,0,1,1911,1911,600,1,root_band,0.06457286328077316,145,5.350167751312256,12.057489395141602,0.06002257764339447,0.5448275804519653,237,5.560094833374023,12.629905700683594,0.06912314891815186,0.5443037748336792
C1,43,fit,fit,640,360,default,center_x_-0.020m,center_x,-0.02,3.0517578125e-05,170,64,1463,678,616,300,17,785,62,1,0,1,1911,1911,600,1,outside_root_band,0.9593419283628464,155,10.526408195495605,33.464271545410156,0.20366474986076355,0.7677419185638428,363,56.19472885131836,214.6669921875,1.7150191068649292,0.8099173307418823
C1,43,fit,fit,640,360,default,center_x_+0.020m,center_x,0.02,3.0517578125e-05,171,64,1466,676,610,300,17,790,66,1,0,1,1911,1911,600,1,all,0.6069933176040649,300,8.592973709106445,16.8876953125,0.14169764518737793,0.7633333206176758,600,36.768924713134766,142.92379760742188,1.072288990020752,0.79666668176651
C1,43,fit,fit,640,360,default,center_x_+0.020m,center_x,0.02,3.0517578125e-05,171,64,1466,676,610,300,17,790,66,1,0,1,1911,1911,600,1,root_band,0.06945067644119263,145,6.028587818145752,12.22066879272461,0.06348459422588348,0.7103448510169983,237,6.524217128753662,12.83576774597168,0.07541675865650177,0.7341772317886353
C1,43,fit,fit,640,360,default,center_x_+0.020m,center_x,0.02,3.0517578125e-05,171,64,1466,676,610,300,17,790,66,1,0,1,1911,1911,600,1,outside_root_band,0.9690020978450775,155,10.991915702819824,35.5753288269043,0.21486467123031616,0.8129032254219055,363,56.515472412109375,215.6935272216797,1.7231395244598389,0.8374655842781067
C1,43,fit,fit,640,360,default,center_x_-0.050m,center_x,-0.05,3.0517578125e-05,172,64,1464,687,625,300,18,777,62,1,0,1,1911,1911,600,1,all,0.7149779498577118,300,15.248197555541992,21.33285140991211,0.3649885058403015,0.7233333587646484,600,36.34931945800781,141.81578063964844,1.064967393875122,0.7250000238418579
C1,43,fit,fit,640,360,default,center_x_-0.050m,center_x,-0.05,3.0517578125e-05,172,64,1464,687,625,300,18,777,62,1,0,1,1911,1911,600,1,root_band,0.06625853478908539,144,6.075161933898926,11.5918550491333,0.06405732035636902,0.7152777910232544,237,6.027177333831787,12.401288032531738,0.06845974922180176,0.6666666865348816
C1,43,fit,fit,640,360,default,center_x_-0.050m,center_x,-0.05,3.0517578125e-05,172,64,1464,687,625,300,18,777,62,1,0,1,1911,1911,600,1,outside_root_band,1.1791755855083466,156,23.715614318847656,37.281333923339844,0.6427711844444275,0.7307692170143127,363,56.14641189575195,214.5553436279297,1.7155799865722656,0.7630854249000549
C1,43,fit,fit,640,360,default,center_x_+0.050m,center_x,0.05,3.0517578125e-05,173,64,1468,675,605,300,17,793,70,1,0,1,1911,1911,600,1,all,0.6176886186003685,300,9.555258750915527,18.900028228759766,0.15608303248882294,0.8833333253860474,600,37.40727996826172,142.95803833007812,1.079294204711914,0.8833333253860474
C1,43,fit,fit,640,360,default,center_x_+0.050m,center_x,0.05,3.0517578125e-05,173,64,1468,675,605,300,17,793,70,1,0,1,1911,1911,600,1,root_band,0.08236516267061234,144,7.228068828582764,12.261869430541992,0.07473794370889664,0.9097222089767456,237,7.772558212280273,13.095389366149902,0.08999238163232803,0.9113923907279968
C1,43,fit,fit,640,360,default,center_x_+0.050m,center_x,0.05,3.0517578125e-05,173,64,1468,675,605,300,17,793,70,1,0,1,1911,1911,600,1,outside_root_band,0.9781863242387772,156,11.703434944152832,36.21009826660156,0.23117080330848694,0.8589743375778198,363,56.75556945800781,215.708740234375,1.7252018451690674,0.8650137782096863
C1,43,fit,fit,640,360,default,center_y_-0.020m,center_y,-0.02,3.0517578125e-05,174,64,1466,683,616,300,17,783,67,1,0,1,1911,1911,600,1,all,0.592178151011467,300,9.009930610656738,18.092037200927734,0.15387985110282898,0.746666669845581,600,35.5681266784668,134.68955993652344,1.030476450920105,0.8033333420753479
C1,43,fit,fit,640,360,default,center_y_-0.020m,center_y,-0.02,3.0517578125e-05,174,64,1466,683,616,300,17,783,67,1,0,1,1911,1911,600,1,root_band,0.07867784798145294,143,6.390645503997803,13.189833641052246,0.07263503968715668,0.6783216595649719,237,6.9224853515625,13.462936401367188,0.0847206562757492,0.746835470199585
C1,43,fit,fit,640,360,default,center_y_-0.020m,center_y,-0.02,3.0517578125e-05,174,64,1466,683,616,300,17,783,67,1,0,1,1911,1911,600,1,outside_root_band,0.9379166513681412,157,11.395651817321777,35.424007415771484,0.22787991166114807,0.808917224407196,363,54.270652770996094,207.35350036621094,1.6479533910751343,0.8402203917503357
C1,43,fit,fit,640,360,default,center_y_+0.020m,center_y,0.02,3.0517578125e-05,175,64,1464,673,613,300,18,791,60,1,0,1,1911,1911,600,1,all,0.6608584970235825,300,9.795882225036621,16.244808197021484,0.19734832644462585,0.6299999952316284,600,37.86724090576172,152.75729370117188,1.124368667602539,0.6850000023841858
C1,43,fit,fit,640,360,default,center_y_+0.020m,center_y,0.02,3.0517578125e-05,175,64,1464,673,613,300,18,791,60,1,0,1,1911,1911,600,1,root_band,0.06240661256015301,147,4.947077751159668,11.26717758178711,0.05588800087571144,0.4625850319862366,237,5.277083873748779,12.214895248413086,0.06892522424459457,0.48523205518722534
C1,43,fit,fit,640,360,default,center_y_+0.020m,center_y,0.02,3.0517578125e-05,175,64,1464,673,613,300,18,791,60,1,0,1,1911,1911,600,1,outside_root_band,1.0733604729175568,153,14.454540252685547,32.85382080078125,0.3332611918449402,0.7908496856689453,363,59.14511489868164,225.74337768554688,1.8134597539901733,0.8154270052909851
C1,43,fit,fit,640,360,default,center_y_-0.050m,center_y,-0.05,3.0517578125e-05,176,64,1467,681,613,300,17,786,68,1,0,1,1911,1911,600,1,all,0.5772052109241486,300,10.148494720458984,18.668180465698242,0.17469781637191772,0.8600000143051147,600,34.45185470581055,121.91775512695312,0.9797126054763794,0.8650000095367432
C1,43,fit,fit,640,360,default,center_y_-0.050m,center_y,-0.05,3.0517578125e-05,176,64,1467,681,613,300,17,786,68,1,0,1,1911,1911,600,1,root_band,0.11831574887037277,143,8.28822135925293,14.49787425994873,0.10975052416324615,0.8881118893623352,237,8.924155235290527,15.212748527526855,0.1268809735774994,0.8691983222961426
C1,43,fit,fit,640,360,default,center_y_-0.050m,center_y,-0.05,3.0517578125e-05,176,64,1467,681,613,300,17,786,68,1,0,1,1911,1911,600,1,outside_root_band,0.8851869329810143,157,11.842884063720703,31.8893985748291,0.23385362327098846,0.8343949317932129,363,51.11869812011719,194.1873779296875,1.53652024269104,0.8622589707374573
C1,43,fit,fit,640,360,default,center_y_+0.050m,center_y,0.05,3.0517578125e-05,177,64,1462,672,613,300,17,790,59,1,0,1,1911,1911,600,1,all,0.8907864689826965,300,20.467010498046875,19.272499084472656,0.5481353998184204,0.6800000071525574,600,41.18751525878906,170.79766845703125,1.2334375381469727,0.6899999976158142
C1,43,fit,fit,640,360,default,center_y_+0.050m,center_y,0.05,3.0517578125e-05,177,64,1462,672,613,300,17,790,59,1,0,1,1911,1911,600,1,root_band,0.07431059703230858,147,5.67395544052124,12.435942649841309,0.06675726920366287,0.6258503198623657,237,5.911862850189209,16.297561645507812,0.08186392486095428,0.5654008388519287
C1,43,fit,fit,640,360,default,center_y_+0.050m,center_y,0.05,3.0517578125e-05,177,64,1462,672,613,300,17,790,59,1,0,1,1911,1911,600,1,outside_root_band,1.4979636669158936,153,34.67994689941406,36.12480545043945,1.0106360912322998,0.7320261597633362,363,64.2187271118164,244.05780029296875,1.9852912425994873,0.7713498473167419
C1,43,fit,fit,640,360,default,chord_halfwidth_-0.020m,chord_halfwidth,-0.02,3.0517578125e-05,178,64,1466,692,630,300,17,774,62,1,0,1,1911,1911,600,1,all,0.5948012098670006,300,8.947773933410645,19.150619506835938,0.15996257960796356,0.6700000166893005,600,35.26353454589844,134.21649169921875,1.0296398401260376,0.7149999737739563
C1,43,fit,fit,640,360,default,chord_halfwidth_-0.020m,chord_halfwidth,-0.02,3.0517578125e-05,178,64,1466,692,630,300,17,774,62,1,0,1,1911,1911,600,1,root_band,0.08394400775432587,142,5.913640975952148,13.611093521118164,0.0756354033946991,0.5211267471313477,237,6.52205228805542,14.042359352111816,0.09225261211395264,0.5611814260482788
C1,43,fit,fit,640,360,default,chord_halfwidth_-0.020m,chord_halfwidth,-0.02,3.0517578125e-05,178,64,1466,692,630,300,17,774,62,1,0,1,1911,1911,600,1,outside_root_band,0.9387015476822853,158,11.674654960632324,34.51382064819336,0.23575027287006378,0.8037974834442139,363,54.02863311767578,206.87852478027344,1.6416528224945068,0.8154270052909851
C1,43,fit,fit,640,360,default,chord_halfwidth_+0.020m,chord_halfwidth,0.02,3.0517578125e-05,179,64,1465,660,595,300,17,805,65,1,0,1,1911,1911,600,1,all,0.6254590973258018,300,7.348918437957764,13.905964851379395,0.11315183341503143,0.6700000166893005,600,38.42445373535156,154.9851837158203,1.1377663612365723,0.7383333444595337
C1,43,fit,fit,640,360,default,chord_halfwidth_+0.020m,chord_halfwidth,0.02,3.0517578125e-05,179,64,1465,660,595,300,17,805,65,1,0,1,1911,1911,600,1,root_band,0.06417164020240307,147,5.212320327758789,10.680758476257324,0.05722880735993385,0.5442177057266235,237,5.684960842132568,13.130142211914062,0.07111447304487228,0.5822784900665283
C1,43,fit,fit,640,360,default,chord_halfwidth_+0.020m,chord_halfwidth,0.02,3.0517578125e-05,179,64,1465,660,595,300,17,805,65,1,0,1,1911,1911,600,1,outside_root_band,1.0005283877253532,153,9.401727676391602,31.169782638549805,0.16688178479671478,0.7908496856689453,363,59.79983139038086,227.959716796875,1.8341749906539917,0.8402203917503357
C1,43,fit,fit,640,360,default,chord_halfwidth_-0.050m,chord_halfwidth,-0.05,3.0517578125e-05,180,64,1467,705,642,300,18,762,63,1,0,1,1911,1911,600,1,all,0.6416730135679245,300,14.322466850280762,20.625951766967773,0.3332231342792511,0.7133333086967468,600,32.94510269165039,114.9704818725586,0.9501228928565979,0.7300000190734863
C1,43,fit,fit,640,360,default,chord_halfwidth_-0.050m,chord_halfwidth,-0.05,3.0517578125e-05,180,64,1467,705,642,300,18,762,63,1,0,1,1911,1911,600,1,root_band,0.1378680020570755,139,7.833794116973877,16.701818466186523,0.12754692137241364,0.6402877569198608,237,8.391351699829102,17.431245803833008,0.14818908274173737,0.6413502097129822
C1,43,fit,fit,640,360,default,chord_halfwidth_-0.050m,chord_halfwidth,-0.05,3.0517578125e-05,180,64,1467,705,642,300,18,762,63,1,0,1,1911,1911,600,1,outside_root_band,0.9922470152378082,161,19.924484252929688,30.756168365478516,0.5107945799827576,0.7763975262641907,363,48.97606658935547,187.0865478515625,1.4736994504928589,0.7878788113594055
C1,43,fit,fit,640,360,default,chord_halfwidth_+0.050m,chord_halfwidth,0.05,3.0517578125e-05,181,64,1463,633,569,300,15,830,64,1,0,1,1911,1911,600,1,all,0.7589468285441399,300,6.687468528747559,10.920902252197266,0.08478580415248871,0.7433333396911621,600,47.488494873046875,202.94825744628906,1.433107852935791,0.79666668176651
C1,43,fit,fit,640,360,default,chord_halfwidth_+0.050m,chord_halfwidth,0.05,3.0517578125e-05,181,64,1463,633,569,300,15,830,64,1,0,1,1911,1911,600,1,root_band,0.09496066346764565,155,6.539198398590088,16.015914916992188,0.08660242706537247,0.7032257914543152,237,7.038008213043213,19.37487030029297,0.10331889986991882,0.7046413421630859
C1,43,fit,fit,640,360,default,chord_halfwidth_+0.050m,chord_halfwidth,0.05,3.0517578125e-05,181,64,1463,633,569,300,15,830,64,1,0,1,1911,1911,600,1,outside_root_band,1.192080557346344,145,6.845964431762695,10.386943817138672,0.08284389972686768,0.7862069010734558,363,73.8983154296875,276.5167236328125,2.3013172149658203,0.8567492961883545
C1,44,heldout,nonblind_diagnostic,640,360,default,baseline,,0.0,3.0517578125e-05,182,64,1495,573,568,300,16,922,5,1,0,1,1925,1925,600,1,all,1.054342344403267,300,13.72282886505127,44.484275817871094,0.31017640233039856,0.75,600,58.7167854309082,226.15513610839844,1.7985082864761353,0.8116666674613953
C1,44,heldout,nonblind_diagnostic,640,360,default,baseline,,0.0,3.0517578125e-05,182,64,1495,573,568,300,16,922,5,1,0,1,1925,1925,600,1,root_band,0.08376902341842651,110,6.259860038757324,12.295679092407227,0.07417964190244675,0.6363636255264282,164,7.03248929977417,13.663613319396973,0.09335840493440628,0.7012194991111755
C1,44,heldout,nonblind_diagnostic,640,360,default,baseline,,0.0,3.0517578125e-05,182,64,1495,573,568,300,16,922,5,1,0,1,1925,1925,600,1,outside_root_band,1.443350538611412,190,18.043495178222656,60.64965057373047,0.4468061625957489,0.8157894611358643,436,78.15766143798828,275.2115478515625,2.439894914627075,0.853210985660553
C1,44,heldout,nonblind_diagnostic,640,360,default,center_x_-0.020m,center_x,-0.02,3.0517578125e-05,183,64,1494,577,571,300,16,917,6,1,0,1,1925,1925,600,1,all,1.051113411784172,300,13.754420280456543,45.077884674072266,0.31220540404319763,0.7333333492279053,600,58.3695182800293,224.78811645507812,1.7900214195251465,0.7850000262260437
C1,44,heldout,nonblind_diagnostic,640,360,default,center_x_-0.020m,center_x,-0.02,3.0517578125e-05,183,64,1494,577,571,300,16,917,6,1,0,1,1925,1925,600,1,root_band,0.08572307974100113,113,6.510892868041992,12.256491661071777,0.0800950899720192,0.6725663542747498,164,6.808028697967529,13.887840270996094,0.09135106950998306,0.6829268336296082
C1,44,heldout,nonblind_diagnostic,640,360,default,center_x_-0.020m,center_x,-0.02,3.0517578125e-05,183,64,1494,577,571,300,16,917,6,1,0,1,1925,1925,600,1,outside_root_band,1.4407176822423935,187,18.13152313232422,61.611637115478516,0.4524645507335663,0.7700534462928772,436,77.76420593261719,273.7870178222656,2.4289708137512207,0.8233944773674011
C1,44,heldout,nonblind_diagnostic,640,360,default,center_x_+0.020m,center_x,0.02,3.0517578125e-05,184,64,1497,570,566,300,16,927,4,1,0,1,1925,1925,600,1,all,1.0559203773736954,300,13.901982307434082,44.471370697021484,0.3126608431339264,0.7733333110809326,600,58.84253692626953,226.14248657226562,1.7991799116134644,0.8349999785423279
C1,44,heldout,nonblind_diagnostic,640,360,default,center_x_+0.020m,center_x,0.02,3.0517578125e-05,184,64,1497,570,566,300,16,927,4,1,0,1,1925,1925,600,1,root_band,0.08770963549613953,110,6.6037092208862305,12.348662376403809,0.07971189171075821,0.6454545259475708,164,7.320675849914551,13.486628532409668,0.09570737928152084,0.7256097793579102
C1,44,heldout,nonblind_diagnostic,640,360,default,center_x_+0.020m,center_x,0.02,3.0517578125e-05,184,64,1497,570,566,300,16,927,4,1,0,1,1925,1925,600,1,outside_root_band,1.4437307566404343,190,18.12729835510254,60.953033447265625,0.44752606749534607,0.8473684191703796,436,78.22232055664062,275.19232177734375,2.4399354457855225,0.8761467933654785
C1,44,heldout,nonblind_diagnostic,640,360,default,center_x_-0.050m,center_x,-0.05,3.0517578125e-05,185,64,1498,582,578,300,16,916,4,1,0,1,1925,1925,600,1,all,1.0513362139463425,300,13.753965377807617,44.819679260253906,0.3104800879955292,0.7333333492279053,600,58.4281120300293,225.22523498535156,1.7921923398971558,0.7666666507720947
C1,44,heldout,nonblind_diagnostic,640,360,default,center_x_-0.050m,center_x,-0.05,3.0517578125e-05,185,64,1498,582,578,300,16,916,4,1,0,1,1925,1925,600,1,root_band,0.0874321423470974,115,7.038424015045166,13.565587043762207,0.08589207381010056,0.747826099395752,164,6.910608291625977,14.221956253051758,0.08897221088409424,0.6768292784690857
C1,44,heldout,nonblind_diagnostic,640,360,default,center_x_-0.050m,center_x,-0.05,3.0517578125e-05,185,64,1498,582,578,300,16,916,4,1,0,1,1925,1925,600,1,outside_root_band,1.4414710402488708,185,17.928491592407227,60.88315200805664,0.45008885860443115,0.7243243455886841,436,77.8062515258789,274.25360107421875,2.4328532218933105,0.8004587292671204
C1,44,heldout,nonblind_diagnostic,640,360,default,center_x_+0.050m,center_x,0.05,3.0517578125e-05,186,64,1495,562,560,300,16,933,2,1,0,1,1925,1925,600,1,all,1.059055581688881,300,14.3941068649292,44.37051010131836,0.319536954164505,0.8733333349227905,600,58.99366760253906,225.71580505371094,1.7985742092132568,0.8866666555404663
C1,44,heldout,nonblind_diagnostic,640,360,default,center_x_+0.050m,center_x,0.05,3.0517578125e-05,186,64,1495,562,560,300,16,933,2,1,0,1,1925,1925,600,1,root_band,0.09194401651620865,110,7.278624534606934,12.702770233154297,0.0836295410990715,0.8636363744735718,164,7.8576979637146,13.344452857971191,0.1002584919333458,0.8719512224197388
C1,44,heldout,nonblind_diagnostic,640,360,default,center_x_+0.050m,center_x,0.05,3.0517578125e-05,186,64,1495,562,560,300,16,933,2,1,0,1,1925,1925,600,1,outside_root_band,1.4467526078224182,190,18.513593673706055,61.12364959716797,0.45611488819122314,0.878947377204895,436,78.22830963134766,274.7368469238281,2.4373903274536133,0.892201840877533
C1,44,heldout,nonblind_diagnostic,640,360,default,center_y_-0.020m,center_y,-0.02,3.0517578125e-05,187,64,1498,572,569,300,16,926,3,1,0,1,1925,1925,600,1,all,1.0261147320270538,300,14.074150085449219,42.6869010925293,0.31541627645492554,0.7833333611488342,600,57.03086853027344,217.37893676757812,1.7368131875991821,0.8416666388511658
C1,44,heldout,nonblind_diagnostic,640,360,default,center_y_-0.020m,center_y,-0.02,3.0517578125e-05,187,64,1498,572,569,300,16,926,3,1,0,1,1925,1925,600,1,root_band,0.09656305611133575,109,7.060397148132324,13.181334495544434,0.08805534988641739,0.6788991093635559,164,7.817026138305664,13.615874290466309,0.10507076233625412,0.75
C1,44,heldout,nonblind_diagnostic,640,360,default,center_y_-0.020m,center_y,-0.02,3.0517578125e-05,187,64,1498,572,569,300,16,926,3,1,0,1,1925,1925,600,1,outside_root_band,1.3978773206472397,191,18.07676124572754,59.855506896972656,0.44516679644584656,0.8429319262504578,436,75.54248809814453,266.2790222167969,2.350587844848633,0.8761467933654785
C1,44,heldout,nonblind_diagnostic,640,360,default,center_y_+0.020m,center_y,0.02,3.0517578125e-05,188,64,1494,575,568,300,16,919,7,1,0,1,1925,1925,600,1,all,1.0812774896621704,300,13.646035194396973,46.099613189697266,0.3128211498260498,0.7233333587646484,600,60.06222152709961,232.4663543701172,1.849733829498291,0.7733333110809326
C1,44,heldout,nonblind_diagnostic,640,360,default,center_y_+0.020m,center_y,0.02,3.0517578125e-05,188,64,1494,575,568,300,16,919,7,1,0,1,1925,1925,600,1,root_band,0.08289481699466705,111,5.931130886077881,13.208783149719238,0.07236357033252716,0.6036036014556885,164,6.51531457901001,16.53509521484375,0.09342606365680695,0.6341463327407837
C1,44,heldout,nonblind_diagnostic,640,360,default,center_y_+0.020m,center_y,0.02,3.0517578125e-05,188,64,1494,575,568,300,16,919,7,1,0,1,1925,1925,600,1,outside_root_band,1.482202798128128,189,18.17700958251953,62.103389739990234,0.4540422558784485,0.7936508059501648,436,80.20372009277344,281.5549011230469,2.5103633403778076,0.8256880640983582
C1,44,heldout,nonblind_diagnostic,640,360,default,center_y_-0.050m,center_y,-0.05,3.0517578125e-05,189,64,1502,567,567,300,16,935,0,1,0,1,1925,1925,600,1,all,0.998127281665802,300,14.587461471557617,40.616455078125,0.3232961893081665,0.8666666746139526,600,55.292442321777344,207.98387145996094,1.6729583740234375,0.8866666555404663
C1,44,heldout,nonblind_diagnostic,640,360,default,center_y_-0.050m,center_y,-0.05,3.0517578125e-05,189,64,1502,567,567,300,16,935,0,1,0,1,1925,1925,600,1,root_band,0.1335424892604351,106,8.683456420898438,14.692708969116211,0.1243319883942604,0.8773584961891174,164,9.386594772338867,15.216078758239746,0.1427529901266098,0.8780487775802612
C1,44,heldout,nonblind_diagnostic,640,360,default,center_y_-0.050m,center_y,-0.05,3.0517578125e-05,189,64,1502,567,567,300,16,935,0,1,0,1,1925,1925,600,1,outside_root_band,1.340274527668953,194,17.81336212158203,57.105194091796875,0.43200865387916565,0.8608247637748718,436,72.55978393554688,256.8182373046875,2.2485404014587402,0.8899082541465759
C1,44,heldout,nonblind_diagnostic,640,360,default,center_y_+0.050m,center_y,0.05,3.0517578125e-05,190,64,1491,572,567,300,16,919,5,1,0,1,1925,1925,600,1,all,1.1332118064165115,300,13.7880220413208,48.344398498535156,0.31844595074653625,0.7066666483879089,600,62.93941879272461,244.48619079589844,1.9479776620864868,0.7366666793823242
C1,44,heldout,nonblind_diagnostic,640,360,default,center_y_+0.050m,center_y,0.05,3.0517578125e-05,190,64,1491,572,567,300,16,919,5,1,0,1,1925,1925,600,1,root_band,0.09906743466854095,114,6.442629337310791,16.81208038330078,0.0862303078174591,0.6140350699424744,164,7.022683143615723,20.850780487060547,0.1119045615196228,0.5548780560493469
C1,44,heldout,nonblind_diagnostic,640,360,default,center_y_+0.050m,center_y,0.05,3.0517578125e-05,190,64,1491,572,567,300,16,919,5,1,0,1,1925,1925,600,1,outside_root_band,1.5496911257505417,186,18.290037155151367,64.00157165527344,0.4607716500759125,0.7634408473968506,436,83.9723129272461,293.7216796875,2.638610601425171,0.8050458431243896
C1,44,heldout,nonblind_diagnostic,640,360,default,chord_halfwidth_-0.020m,chord_halfwidth,-0.02,3.0517578125e-05,191,64,1496,580,574,300,16,916,6,1,0,1,1925,1925,600,1,all,1.0189258754253387,300,13.973004341125488,41.412906646728516,0.3163291811943054,0.75,600,56.46221923828125,214.8809051513672,1.721522569656372,0.8133333325386047
C1,44,heldout,nonblind_diagnostic,640,360,default,chord_halfwidth_-0.020m,chord_halfwidth,-0.02,3.0517578125e-05,191,64,1496,580,574,300,16,916,6,1,0,1,1925,1925,600,1,root_band,0.10807386040687561,111,7.280844211578369,13.873424530029297,0.09886955469846725,0.6936936974525452,164,8.035821914672852,14.269735336303711,0.11727816611528397,0.7560975551605225
C1,44,heldout,nonblind_diagnostic,640,360,default,chord_halfwidth_-0.020m,chord_halfwidth,-0.02,3.0517578125e-05,191,64,1496,580,574,300,16,916,6,1,0,1,1925,1925,600,1,outside_root_band,1.3844988197088242,189,17.9033203125,59.71205520629883,0.4440436065196991,0.7830687761306763,436,74.67764282226562,263.7452392578125,2.324954032897949,0.8348624110221863
C1,44,heldout,nonblind_diagnostic,640,360,default,chord_halfwidth_+0.020m,chord_halfwidth,0.02,3.0517578125e-05,192,64,1494,567,562,300,16,927,5,1,0,1,1925,1925,600,1,all,1.0925184786319733,300,13.73477840423584,47.389583587646484,0.3157086968421936,0.7233333587646484,600,60.71888732910156,234.97439575195312,1.869328260421753,0.7950000166893005
C1,44,heldout,nonblind_diagnostic,640,360,default,chord_halfwidth_+0.020m,chord_halfwidth,0.02,3.0517578125e-05,192,64,1494,567,562,300,16,927,5,1,0,1,1925,1925,600,1,root_band,0.08496370166540146,111,5.833323955535889,14.497313499450684,0.07464204728603363,0.522522509098053,164,6.567405700683594,17.73849105834961,0.09528535604476929,0.5914633870124817
C1,44,heldout,nonblind_diagnostic,640,360,default,chord_halfwidth_+0.020m,chord_halfwidth,0.02,3.0517578125e-05,192,64,1494,567,562,300,16,927,5,1,0,1,1925,1925,600,1,outside_root_band,1.4969580918550491,189,18.37531280517578,62.57566452026367,0.457287460565567,0.841269850730896,436,81.08778381347656,284.0914611816406,2.5366287231445312,0.8715596199035645
C1,44,heldout,nonblind_diagnostic,640,360,default,chord_halfwidth_-0.050m,chord_halfwidth,-0.05,3.0517578125e-05,193,64,1497,587,584,300,16,910,3,1,0,1,1925,1925,600,1,all,0.9828683435916901,300,14.606841087341309,39.09732437133789,0.3329833149909973,0.7566666603088379,600,53.81098175048828,200.53138732910156,1.6327533721923828,0.7900000214576721
C1,44,heldout,nonblind_diagnostic,640,360,default,chord_halfwidth_-0.050m,chord_halfwidth,-0.05,3.0517578125e-05,193,64,1497,587,584,300,16,910,3,1,0,1,1925,1925,600,1,root_band,0.1748965010046959,112,9.436643600463867,16.717731475830078,0.1604311168193817,0.75,164,10.378043174743652,17.19623374938965,0.18936188519001007,0.7560975551605225
C1,44,heldout,nonblind_diagnostic,640,360,default,chord_halfwidth_-0.050m,chord_halfwidth,-0.05,3.0517578125e-05,193,64,1497,587,584,300,16,910,3,1,0,1,1925,1925,600,1,outside_root_band,1.3057303875684738,188,17.686954498291016,56.79205322265625,0.4357803761959076,0.7606382966041565,436,70.14814758300781,249.19528198242188,2.17568039894104,0.8027523159980774
C1,44,heldout,nonblind_diagnostic,640,360,default,chord_halfwidth_+0.050m,chord_halfwidth,0.05,3.0517578125e-05,194,64,1493,558,555,300,16,935,3,1,0,1,1925,1925,600,1,all,1.1640747487545013,300,14.30088996887207,51.0625114440918,0.33234626054763794,0.7799999713897705,600,64.54768371582031,249.50816345214844,1.9958032369613647,0.8133333325386047
C1,44,heldout,nonblind_diagnostic,640,360,default,chord_halfwidth_+0.050m,chord_halfwidth,0.05,3.0517578125e-05,194,64,1493,558,555,300,16,935,3,1,0,1,1925,1925,600,1,root_band,0.1264544427394867,111,7.253992080688477,21.746477127075195,0.11640438437461853,0.6216216087341309,164,7.84108304977417,23.857423782348633,0.13650450110435486,0.5853658318519592
C1,44,heldout,nonblind_diagnostic,640,360,default,chord_halfwidth_+0.050m,chord_halfwidth,0.05,3.0517578125e-05,194,64,1493,558,555,300,16,935,3,1,0,1,1925,1925,600,1,outside_root_band,1.577170804142952,189,18.439544677734375,65.61386108398438,0.45916929841041565,0.8730158805847168,436,85.87769317626953,298.7536926269531,2.6951723098754883,0.8990825414657593
C1,45,heldout,nonblind_diagnostic,640,360,default,baseline,,0.0,3.0517578125e-05,195,64,1541,510,496,300,14,1031,14,1,0,1,1570,1570,600,1,all,1.2737606763839722,300,28.843700408935547,93.6980209350586,0.7918418645858765,0.8766666650772095,600,57.859004974365234,181.76455688476562,1.7556794881820679,0.8849999904632568
C1,45,heldout,nonblind_diagnostic,640,360,default,baseline,,0.0,3.0517578125e-05,195,64,1541,510,496,300,14,1031,14,1,0,1,1570,1570,600,1,root_band,0.10441329330205917,85,7.858699798583984,14.6683931350708,0.09931109845638275,0.8470588326454163,160,8.176031112670898,16.347055435180664,0.1095154881477356,0.8500000238418579
C1,45,heldout,nonblind_diagnostic,640,360,default,baseline,,0.0,3.0517578125e-05,195,64,1541,510,496,300,14,1031,14,1,0,1,1570,1570,600,1,outside_root_band,1.7099588513374329,215,37.14009475708008,99.93896484375,1.065632939338684,0.8883720636367798,440,75.925537109375,218.12916564941406,2.3542847633361816,0.8977272510528564
C1,45,heldout,nonblind_diagnostic,640,360,default,center_x_-0.020m,center_x,-0.02,3.0517578125e-05,196,64,1541,510,497,300,14,1031,13,1,0,1,1570,1570,600,1,all,1.2733062207698822,300,28.909423828125,93.39617156982422,0.7953070998191833,0.8733333349227905,600,57.6960334777832,180.87185668945312,1.751305341720581,0.878333330154419
C1,45,heldout,nonblind_diagnostic,640,360,default,center_x_-0.020m,center_x,-0.02,3.0517578125e-05,196,64,1541,510,497,300,14,1031,13,1,0,1,1570,1570,600,1,root_band,0.10432741791009903,86,7.780426025390625,15.34965705871582,0.10115199536085129,0.8255813717842102,160,7.993406772613525,16.601970672607422,0.10750284045934677,0.824999988079071
C1,45,heldout,nonblind_diagnostic,640,360,default,center_x_-0.020m,center_x,-0.02,3.0517578125e-05,196,64,1541,510,497,300,14,1031,13,1,0,1,1570,1570,600,1,outside_root_band,1.7116591930389404,214,37.400516510009766,99.77387237548828,1.0742666721343994,0.8925233483314514,440,75.76972198486328,217.12725830078125,2.3490517139434814,0.8977272510528564
C1,45,heldout,nonblind_diagnostic,640,360,default,center_x_+0.020m,center_x,0.02,3.0517578125e-05,197,64,1542,511,496,300,14,1031,15,1,0,1,1570,1570,600,1,all,1.2747556865215302,300,28.759119033813477,93.46514892578125,0.787810742855072,0.8866666555404663,600,58.068607330322266,182.66505432128906,1.7617006301879883,0.8899999856948853
C1,45,heldout,nonblind_diagnostic,640,360,default,center_x_+0.020m,center_x,0.02,3.0517578125e-05,197,64,1542,511,496,300,14,1031,15,1,0,1,1570,1570,600,1,root_band,0.10628041625022888,85,8.02906322479248,13.945362091064453,0.10058952867984772,0.8823529481887817,160,8.361688613891602,16.09071922302246,0.11197130382061005,0.8687499761581421
C1,45,heldout,nonblind_diagnostic,640,360,default,center_x_+0.020m,center_x,0.02,3.0517578125e-05,197,64,1542,511,496,300,14,1031,15,1,0,1,1570,1570,600,1,outside_root_band,1.7105525135993958,215,36.9547233581543,99.66023254394531,1.0595027208328247,0.8883720636367798,440,76.14384460449219,219.13751220703125,2.361602306365967,0.8977272510528564
C1,45,heldout,nonblind_diagnostic,640,360,default,center_x_-0.050m,center_x,-0.05,4.31583721365314e-05,198,64,1537,510,498,300,14,1027,12,1,0,1,1570,1570,600,1,all,1.26918825507164,300,29.137374877929688,94.08670806884766,0.803414523601532,0.8633333444595337,600,57.157470703125,177.9702911376953,1.734961986541748,0.8683333396911621
C1,45,heldout,nonblind_diagnostic,640,360,default,center_x_-0.050m,center_x,-0.05,4.31583721365314e-05,198,64,1537,510,498,300,14,1027,12,1,0,1,1570,1570,600,1,root_band,0.10374438017606735,86,7.691999435424805,16.41375732421875,0.10226520150899887,0.8023256063461304,160,7.739672660827637,16.981786727905273,0.10522355884313583,0.7875000238418579
C1,45,heldout,nonblind_diagnostic,640,360,default,center_x_-0.050m,center_x,-0.05,4.31583721365314e-05,198,64,1537,510,498,300,14,1027,12,1,0,1,1570,1570,600,1,outside_root_band,1.7063893675804138,214,37.75560760498047,100.46675109863281,1.0851846933364868,0.8878504633903503,440,75.12757110595703,213.8414306640625,2.327594041824341,0.8977272510528564
C1,45,heldout,nonblind_diagnostic,640,360,default,center_x_+0.050m,center_x,0.05,3.0517578125e-05,199,64,1545,512,497,300,14,1033,15,1,0,1,1570,1570,600,1,all,1.278753012418747,300,28.978511810302734,93.878662109375,0.7929674983024597,0.8933333158493042,600,58.19096755981445,183.63330078125,1.7645385265350342,0.9016666412353516
C1,45,heldout,nonblind_diagnostic,640,360,default,center_x_+0.050m,center_x,0.05,3.0517578125e-05,199,64,1545,512,497,300,14,1033,15,1,0,1,1570,1570,600,1,root_band,0.1096515916287899,85,8.264537811279297,13.049175262451172,0.10273585468530655,0.8941176533699036,160,8.644440650939941,15.703380584716797,0.11656732857227325,0.90625
C1,45,heldout,nonblind_diagnostic,640,360,default,center_x_+0.050m,center_x,0.05,3.0517578125e-05,199,64,1545,512,497,300,14,1033,15,1,0,1,1570,1570,600,1,outside_root_band,1.7148252725601196,215,37.16775131225586,99.56591796875,1.065849781036377,0.8930232524871826,440,76.20787811279297,219.45314025878906,2.3638007640838623,0.8999999761581421
C1,45,heldout,nonblind_diagnostic,640,360,default,center_y_-0.020m,center_y,-0.02,3.0517578125e-05,200,64,1541,513,497,300,14,1028,16,1,0,1,1570,1570,600,1,all,1.2499572932720184,300,28.693750381469727,92.03343200683594,0.7826878428459167,0.8966666460037231,600,56.81256866455078,178.02566528320312,1.7172267436981201,0.903333306312561
C1,45,heldout,nonblind_diagnostic,640,360,default,center_y_-0.020m,center_y,-0.02,3.0517578125e-05,200,64,1541,513,497,300,14,1028,16,1,0,1,1570,1570,600,1,root_band,0.11614983901381493,85,8.652687072753906,13.299351692199707,0.11163796484470367,0.9176470637321472,160,8.915959358215332,13.704900741577148,0.12066171318292618,0.9125000238418579
C1,45,heldout,nonblind_diagnostic,640,360,default,center_y_-0.020m,center_y,-0.02,3.0517578125e-05,200,64,1541,513,497,300,14,1028,16,1,0,1,1570,1570,600,1,outside_root_band,1.6728913187980652,215,36.61696243286133,97.55480194091797,1.047986626625061,0.8883720636367798,440,74.2295150756836,214.3970489501953,2.2977960109710693,0.8999999761581421
C1,45,heldout,nonblind_diagnostic,640,360,default,center_y_+0.020m,center_y,0.02,3.0517578125e-05,201,64,1540,505,495,300,14,1035,10,1,0,1,1570,1570,600,1,all,1.2995320558547974,300,29.252723693847656,95.35462188720703,0.810258150100708,0.8700000047683716,600,58.71316146850586,183.52191162109375,1.7888059616088867,0.8666666746139526
C1,45,heldout,nonblind_diagnostic,640,360,default,center_y_+0.020m,center_y,0.02,3.0517578125e-05,201,64,1540,505,495,300,14,1035,10,1,0,1,1570,1570,600,1,root_band,0.10666277632117271,86,7.401962757110596,17.15475082397461,0.10122513025999069,0.7790697813034058,160,7.72937536239624,19.156368255615234,0.11210042238235474,0.762499988079071
C1,45,heldout,nonblind_diagnostic,640,360,default,center_y_+0.020m,center_y,0.02,3.0517578125e-05,201,64,1540,505,495,300,14,1035,10,1,0,1,1570,1570,600,1,outside_root_band,1.7468568086624146,214,38.033870697021484,102.3867416381836,1.0951967239379883,0.9065420627593994,440,77.25271606445312,219.6236572265625,2.398516893386841,0.9045454263687134
C1,45,heldout,nonblind_diagnostic,640,360,default,center_y_-0.050m,center_y,-0.05,4.31583721365314e-05,202,64,1543,520,497,300,14,1023,23,1,0,1,1570,1570,600,1,all,1.2148939371109009,300,28.03561782836914,88.33679962158203,0.7590359449386597,0.8999999761581421,600,55.47213363647461,174.2874298095703,1.670751929283142,0.9049999713897705
C1,45,heldout,nonblind_diagnostic,640,360,default,center_y_-0.050m,center_y,-0.05,4.31583721365314e-05,202,64,1543,520,497,300,14,1023,23,1,0,1,1570,1570,600,1,root_band,0.15958284586668015,86,10.21923542022705,14.481010437011719,0.15689921379089355,0.930232584476471,160,10.376422882080078,15.07752799987793,0.16226647794246674,0.925000011920929
C1,45,heldout,nonblind_diagnostic,640,360,default,center_y_-0.050m,center_y,-0.05,4.31583721365314e-05,202,64,1543,520,497,300,14,1023,23,1,0,1,1570,1570,600,1,outside_root_band,1.610154151916504,214,35.195472717285156,93.97512817382812,1.0010161399841309,0.8878504633903503,440,71.87056732177734,209.6188201904297,2.219292163848877,0.8977272510528564
C1,45,heldout,nonblind_diagnostic,640,360,default,center_y_+0.050m,center_y,0.05,1.52587890625e-05,203,64,1538,498,493,300,14,1040,5,1,0,1,1570,1570,600,1,all,1.3471473455429077,300,30.057336807250977,98.17550659179688,0.8405853509902954,0.8333333134651184,600,60.55048751831055,188.16310119628906,1.85370934009552,0.8450000286102295
C1,45,heldout,nonblind_diagnostic,640,360,default,center_y_+0.050m,center_y,0.05,1.52587890625e-05,203,64,1538,498,493,300,14,1040,5,1,0,1,1570,1570,600,1,root_band,0.1324065923690796,86,7.8334126472473145,21.866065979003906,0.1279643476009369,0.6395348906517029,160,8.065866470336914,23.377838134765625,0.1368488371372223,0.6499999761581421
C1,45,heldout,nonblind_diagnostic,640,360,default,center_y_+0.050m,center_y,0.05,1.52587890625e-05,203,64,1538,498,493,300,14,1040,5,1,0,1,1570,1570,600,1,outside_root_band,1.802493929862976,214,38.98845291137695,106.02273559570312,1.1269657611846924,0.9112149477005005,440,79.63581085205078,224.13253784179688,2.4780220985412598,0.9159091114997864
C1,45,heldout,nonblind_diagnostic,640,360,default,chord_halfwidth_-0.020m,chord_halfwidth,-0.02,3.0517578125e-05,204,64,1542,518,500,300,14,1024,18,1,0,1,1570,1570,600,1,all,1.2451095283031464,300,28.76532745361328,91.50955200195312,0.7833021283149719,0.8999999761581421,600,56.53838348388672,177.71839904785156,1.7069169282913208,0.9066666960716248
C1,45,heldout,nonblind_diagnostic,640,360,default,chord_halfwidth_-0.020m,chord_halfwidth,-0.02,3.0517578125e-05,204,64,1542,518,500,300,14,1024,18,1,0,1,1570,1570,600,1,root_band,0.13013598322868347,85,9.189313888549805,13.841314315795898,0.12601999938488007,0.929411768913269,160,9.431509017944336,14.08974552154541,0.13425196707248688,0.925000011920929
C1,45,heldout,nonblind_diagnostic,640,360,default,chord_halfwidth_-0.020m,chord_halfwidth,-0.02,3.0517578125e-05,204,64,1542,518,500,300,14,1024,18,1,0,1,1570,1570,600,1,outside_root_band,1.6609763503074646,215,36.50468063354492,96.99855041503906,1.043157935142517,0.8883720636367798,440,73.66815948486328,213.0313720703125,2.278794765472412,0.8999999761581421
C1,45,heldout,nonblind_diagnostic,640,360,default,chord_halfwidth_+0.020m,chord_halfwidth,0.02,3.0517578125e-05,205,64,1540,503,494,300,14,1037,9,1,0,1,1570,1570,600,1,all,1.3093812465667725,300,29.500873565673828,96.84627532958984,0.8207050561904907,0.8433333039283752,600,58.921714782714844,183.81063842773438,1.7980574369430542,0.8533333539962769
C1,45,heldout,nonblind_diagnostic,640,360,default,chord_halfwidth_+0.020m,chord_halfwidth,0.02,3.0517578125e-05,205,64,1540,503,494,300,14,1037,9,1,0,1,1570,1570,600,1,root_band,0.11074550077319145,86,7.351174354553223,18.428674697875977,0.10601986199617386,0.7093023061752319,160,7.600109100341797,20.3386173248291,0.11547113955020905,0.706250011920929
C1,45,heldout,nonblind_diagnostic,640,360,default,chord_halfwidth_+0.020m,chord_halfwidth,0.02,3.0517578125e-05,205,64,1540,503,494,300,14,1037,9,1,0,1,1570,1570,600,1,outside_root_band,1.7589110732078552,214,38.40214920043945,103.25601959228516,1.1079150438308716,0.8971962332725525,440,77.5841064453125,219.79409790039062,2.409907102584839,0.9068182110786438
C1,45,heldout,nonblind_diagnostic,640,360,default,chord_halfwidth_-0.050m,chord_halfwidth,-0.05,3.0517578125e-05,206,64,1542,527,500,300,14,1015,27,1,0,1,1570,1570,600,1,all,1.2055512070655823,300,28.060049057006836,85.8636703491211,0.7581442594528198,0.8933333158493042,600,54.96084976196289,171.15899658203125,1.6529581546783447,0.8966666460037231
C1,45,heldout,nonblind_diagnostic,640,360,default,chord_halfwidth_-0.050m,chord_halfwidth,-0.05,3.0517578125e-05,206,64,1542,527,500,300,14,1015,27,1,0,1,1570,1570,600,1,root_band,0.21418536454439163,85,11.895179748535156,16.30632209777832,0.2112257182598114,0.929411768913269,160,12.052574157714844,16.587976455688477,0.21714501082897186,0.9312499761581421
C1,45,heldout,nonblind_diagnostic,640,360,default,chord_halfwidth_-0.050m,chord_halfwidth,-0.05,3.0517578125e-05,206,64,1542,527,500,300,14,1015,27,1,0,1,1570,1570,600,1,outside_root_band,1.5747199058532715,215,34.4508056640625,91.71853637695312,0.9743678569793701,0.8790697455406189,440,70.56387329101562,206.27267456054688,2.175071954727173,0.8840909004211426
C1,45,heldout,nonblind_diagnostic,640,360,default,chord_halfwidth_+0.050m,chord_halfwidth,0.05,3.0517578125e-05,207,64,1538,491,488,300,14,1047,3,1,0,1,1570,1570,600,1,all,1.373728096485138,300,30.45414924621582,99.50418090820312,0.8535447120666504,0.8399999737739563,600,61.767459869384766,190.85479736328125,1.8939114809036255,0.8533333539962769
C1,45,heldout,nonblind_diagnostic,640,360,default,chord_halfwidth_+0.050m,chord_halfwidth,0.05,3.0517578125e-05,207,64,1538,491,488,300,14,1047,3,1,0,1,1570,1570,600,1,root_band,0.1626790463924408,87,8.881778717041016,24.583890914916992,0.15735767781734467,0.6781609058380127,160,9.129474639892578,26.33049201965332,0.16800041496753693,0.6812499761581421
C1,45,heldout,nonblind_diagnostic,640,360,default,chord_halfwidth_+0.050m,chord_halfwidth,0.05,3.0517578125e-05,207,64,1538,491,488,300,14,1047,3,1,0,1,1570,1570,600,1,outside_root_band,1.8297091722488403,213,39.26539611816406,107.87313079833984,1.1379027366638184,0.9061033129692078,440,80.90853881835938,226.79141235351562,2.5215156078338623,0.9159091114997864
C2,42,fit,fit,640,360,default,baseline,,0.0,3.0517578125e-05,208,64,943,932,860,300,41,11,72,1,0,1,2103,2103,600,1,all,0.053423793986439705,300,5.398249626159668,12.082524299621582,0.051465850323438644,0.6266666650772095,600,5.3707170486450195,12.223647117614746,0.055381737649440765,0.5950000286102295
C2,42,fit,fit,640,360,default,baseline,,0.0,3.0517578125e-05,208,64,943,932,860,300,41,11,72,1,0,1,2103,2103,600,1,root_band,0.004343105712905526,50,3.659525156021118,4.936553001403809,0.004565669223666191,0.6800000071525574,87,3.3843348026275635,4.933513641357422,0.004120542202144861,0.5977011322975159
C2,42,fit,fit,640,360,default,baseline,,0.0,3.0517578125e-05,208,64,943,932,860,300,41,11,72,1,0,1,2103,2103,600,1,outside_root_band,0.06246051751077175,250,5.745994567871094,12.50363540649414,0.060845885425806046,0.6159999966621399,513,5.707588195800781,12.819881439208984,0.06407514959573746,0.5945419073104858
C2,42,fit,fit,640,360,default,center_x_-0.020m,center_x,-0.02,3.0517578125e-05,209,64,944,933,862,300,41,11,71,1,0,1,2103,2103,600,1,all,0.04927100986242294,300,5.065832138061523,12.006929397583008,0.047605980187654495,0.5433333516120911,600,5.026289939880371,12.668730735778809,0.05093603953719139,0.5316666960716248
C2,42,fit,fit,640,360,default,center_x_-0.020m,center_x,-0.02,3.0517578125e-05,209,64,944,933,862,300,41,11,71,1,0,1,2103,2103,600,1,root_band,0.007390033919364214,51,2.855954647064209,6.313961505889893,0.008732386864721775,0.23529411852359772,87,2.4230525493621826,6.254764080047607,0.006047680974006653,0.2068965584039688
C2,42,fit,fit,640,360,default,center_x_-0.020m,center_x,-0.02,3.0517578125e-05,209,64,944,933,862,300,41,11,71,1,0,1,2103,2103,600,1,outside_root_band,0.057058366015553474,249,5.518457412719727,12.771698951721191,0.055568043142557144,0.6064257025718689,513,5.467774868011475,12.957196235656738,0.058548688888549805,0.5867446660995483
C2,42,fit,fit,640,360,default,center_x_+0.020m,center_x,0.02,1.52587890625e-05,210,64,940,929,859,300,42,11,70,1,0,1,2103,2103,600,1,all,0.06528687849640846,300,6.077889919281006,12.610852241516113,0.06399852782487869,0.6766666769981384,600,6.003176212310791,12.903210639953613,0.06657522916793823,0.6449999809265137
C2,42,fit,fit,640,360,default,center_x_+0.020m,center_x,0.02,1.52587890625e-05,210,64,940,929,859,300,42,11,70,1,0,1,2103,2103,600,1,root_band,0.04092254117131233,51,6.639434814453125,7.966979503631592,0.04462509602308273,0.9411764740943909,87,6.234067440032959,7.772486686706543,0.03721998631954193,0.931034505367279
C2,42,fit,fit,640,360,default,center_x_+0.020m,center_x,0.02,1.52587890625e-05,210,64,940,929,859,300,42,11,70,1,0,1,2103,2103,600,1,outside_root_band,0.06976009160280228,249,5.962874889373779,13.038405418395996,0.06796658039093018,0.6224899888038635,513,5.964019775390625,13.043827056884766,0.07155360281467438,0.5964912176132202
C2,42,fit,fit,640,360,default,center_x_-0.050m,center_x,-0.05,1.52587890625e-05,211,64,949,938,866,300,41,11,72,1,0,1,2103,2103,600,1,all,0.05582169629633427,300,5.439377307891846,13.449122428894043,0.05648151412606239,0.5866666436195374,600,5.179910659790039,13.45056438446045,0.05516187846660614,0.550000011920929
C2,42,fit,fit,640,360,default,center_x_-0.050m,center_x,-0.05,1.52587890625e-05,211,64,949,938,866,300,41,11,72,1,0,1,2103,2103,600,1,root_band,0.06860539130866528,51,6.836587905883789,14.317425727844238,0.08112692087888718,0.7450980544090271,87,5.428508281707764,13.32810115814209,0.056083861738443375,0.5517241358757019
C2,42,fit,fit,640,360,default,center_x_-0.050m,center_x,-0.05,1.52587890625e-05,211,64,949,938,866,300,41,11,72,1,0,1,2103,2103,600,1,outside_root_band,0.05321958847343922,249,5.153201103210449,13.134038925170898,0.051433660089969635,0.5542168617248535,513,5.137751579284668,13.466958045959473,0.0550055168569088,0.5497075915336609
C2,42,fit,fit,640,360,default,center_x_+0.050m,center_x,0.05,3.0517578125e-05,212,64,935,924,856,300,42,11,68,1,0,1,2103,2103,600,1,all,0.09992153942584991,300,7.277187824249268,14.117877960205078,0.10031041502952576,0.6733333468437195,600,7.133878231048584,14.103253364562988,0.09953266382217407,0.6566666960716248
C2,42,fit,fit,640,360,default,center_x_+0.050m,center_x,0.05,3.0517578125e-05,212,64,935,924,856,300,42,11,68,1,0,1,2103,2103,600,1,root_band,0.19329439103603363,50,11.947600364685059,14.202917098999023,0.19835293292999268,1.0,87,11.641584396362305,13.94930362701416,0.18823584914207458,1.0
C2,42,fit,fit,640,360,default,center_x_+0.050m,center_x,0.05,3.0517578125e-05,212,64,935,924,856,300,42,11,68,1,0,1,2103,2103,600,1,outside_root_band,0.08259567245841026,250,6.343105316162109,14.083680152893066,0.08070190995931625,0.6079999804496765,513,6.36941385269165,14.10562801361084,0.08448943495750427,0.5984405279159546
C2,42,fit,fit,640,360,default,center_y_-0.020m,center_y,-0.02,3.0517578125e-05,213,64,939,928,859,300,42,11,69,1,0,1,2103,2103,600,1,all,0.06441742181777954,300,6.024672031402588,12.626562118530273,0.06302119046449661,0.6700000166893005,600,5.942255973815918,12.862054824829102,0.06581365317106247,0.6333333253860474
C2,42,fit,fit,640,360,default,center_y_-0.020m,center_y,-0.02,3.0517578125e-05,213,64,939,928,859,300,42,11,69,1,0,1,2103,2103,600,1,root_band,0.036503080278635025,50,6.328831672668457,7.804252624511719,0.039380453526973724,0.8999999761581421,87,5.856651782989502,7.801998615264893,0.033625707030296326,0.8505747318267822
C2,42,fit,fit,640,360,default,center_y_-0.020m,center_y,-0.02,3.0517578125e-05,213,64,939,928,859,300,42,11,69,1,0,1,2103,2103,600,1,outside_root_band,0.06951088085770607,250,5.963840484619141,12.967875480651855,0.06774933636188507,0.6240000128746033,513,5.9567742347717285,13.012104988098145,0.07127242535352707,0.5964912176132202
C2,42,fit,fit,640,360,default,center_y_+0.020m,center_y,0.02,3.0517578125e-05,214,64,946,935,863,300,41,11,72,1,0,1,2103,2103,600,1,all,0.049073683097958565,300,5.01063871383667,12.122305870056152,0.04732612147927284,0.5366666913032532,600,4.984495639801025,12.76406478881836,0.05082124471664429,0.5249999761581421
C2,42,fit,fit,640,360,default,center_y_+0.020m,center_y,0.02,3.0517578125e-05,214,64,946,935,863,300,41,11,72,1,0,1,2103,2103,600,1,root_band,0.004173510591499507,51,2.516625165939331,5.505262851715088,0.004746205173432827,0.19607843458652496,87,2.1035022735595703,5.354671955108643,0.003600816009566188,0.16091954708099365
C2,42,fit,fit,640,360,default,center_y_+0.020m,center_y,0.02,3.0517578125e-05,214,64,946,935,863,300,41,11,72,1,0,1,2103,2103,600,1,outside_root_band,0.05743834562599659,249,5.521461009979248,12.951101303100586,0.056047309190034866,0.6064257025718689,513,5.473085403442383,13.052178382873535,0.05882938206195831,0.5867446660995483
C2,42,fit,fit,640,360,default,center_y_-0.050m,center_y,-0.05,3.0517578125e-05,215,64,938,927,861,300,42,11,66,1,0,1,2103,2103,600,1,all,0.09407080337405205,300,7.148408889770508,13.717763900756836,0.09443771094083786,0.6866666674613953,600,6.957004070281982,13.814805030822754,0.09370389580726624,0.6549999713897705
C2,42,fit,fit,640,360,default,center_y_-0.050m,center_y,-0.05,3.0517578125e-05,215,64,938,927,861,300,42,11,66,1,0,1,2103,2103,600,1,root_band,0.15891680866479874,50,10.914168357849121,12.375506401062012,0.16471384465694427,1.0,87,10.563220024108887,12.105792999267578,0.1531197726726532,1.0
C2,42,fit,fit,640,360,default,center_y_-0.050m,center_y,-0.05,3.0517578125e-05,215,64,938,927,861,300,42,11,66,1,0,1,2103,2103,600,1,outside_root_band,0.08200500160455704,250,6.395257472991943,13.97435188293457,0.08038248866796494,0.6240000128746033,513,6.345424175262451,14.071869850158691,0.08362751454114914,0.5964912176132202
C2,42,fit,fit,640,360,default,center_y_+0.050m,center_y,0.05,3.0517578125e-05,216,64,947,936,865,300,41,11,71,1,0,1,2103,2103,600,1,all,0.05293255299329758,300,5.329941749572754,13.143836975097656,0.052800554782152176,0.5866666436195374,600,5.114712238311768,13.126115798950195,0.05306455120444298,0.5616666674613953
C2,42,fit,fit,640,360,default,center_y_+0.050m,center_y,0.05,3.0517578125e-05,216,64,947,936,865,300,41,11,71,1,0,1,2103,2103,600,1,root_band,0.04422904551029205,53,5.892695903778076,11.947957992553711,0.05224327743053436,0.7169811129570007,87,4.89144229888916,11.210771560668945,0.036214813590049744,0.6321839094161987
C2,42,fit,fit,640,360,default,center_y_+0.050m,center_y,0.05,3.0517578125e-05,216,64,947,936,865,300,41,11,71,1,0,1,2103,2103,600,1,outside_root_band,0.05442111752927303,247,5.209188938140869,13.414043426513672,0.052920129150152206,0.5587044358253479,513,5.152576923370361,13.70112419128418,0.05592210590839386,0.5497075915336609
C2,42,fit,fit,640,360,default,chord_halfwidth_-0.020m,chord_halfwidth,-0.02,3.0517578125e-05,217,64,944,933,863,300,42,11,70,1,0,1,2103,2103,600,1,all,0.05010335519909859,300,5.146095275878906,11.850320816040039,0.04822573810815811,0.5833333134651184,600,5.123166561126709,12.513294219970703,0.05198097229003906,0.5516666769981384
C2,42,fit,fit,640,360,default,chord_halfwidth_-0.020m,chord_halfwidth,-0.02,3.0517578125e-05,217,64,944,933,863,300,42,11,70,1,0,1,2103,2103,600,1,root_band,0.002285533817484975,51,2.9275896549224854,5.010893821716309,0.002615892793983221,0.47058823704719543,87,2.545135259628296,4.432658672332764,0.0019551748409867287,0.3218390941619873
C2,42,fit,fit,640,360,default,chord_halfwidth_-0.020m,chord_halfwidth,-0.02,3.0517578125e-05,217,64,944,933,863,300,42,11,70,1,0,1,2103,2103,600,1,outside_root_band,0.05901619791984558,249,5.600488185882568,12.747912406921387,0.05756751447916031,0.6064257025718689,513,5.560376167297363,12.903552055358887,0.06046488136053085,0.5906432867050171
C2,42,fit,fit,640,360,default,chord_halfwidth_+0.020m,chord_halfwidth,0.02,1.7059845049516298e-05,218,64,942,931,857,300,41,11,74,1,0,1,2103,2103,600,1,all,0.05975629761815071,300,5.788830280303955,12.380780220031738,0.058242347091436386,0.653333306312561,600,5.731996536254883,12.600492477416992,0.061270248144865036,0.6299999952316284
C2,42,fit,fit,640,360,default,chord_halfwidth_+0.020m,chord_halfwidth,0.02,1.7059845049516298e-05,218,64,942,931,857,300,41,11,74,1,0,1,2103,2103,600,1,root_band,0.0205683596432209,50,5.293076992034912,6.615912914276123,0.021869108080863953,0.8600000143051147,87,4.978728771209717,6.626110553741455,0.01926761120557785,0.8275862336158752
C2,42,fit,fit,640,360,default,chord_halfwidth_+0.020m,chord_halfwidth,0.02,1.7059845049516298e-05,218,64,942,931,857,300,41,11,74,1,0,1,2103,2103,600,1,outside_root_band,0.06695524975657463,250,5.887980937957764,12.80147647857666,0.06551699340343475,0.6119999885559082,513,5.859744071960449,12.904449462890625,0.06839350610971451,0.5964912176132202
C2,42,fit,fit,640,360,default,chord_halfwidth_-0.050m,chord_halfwidth,-0.05,3.0517578125e-05,219,64,946,935,868,300,42,11,67,1,0,1,2103,2103,600,1,all,0.050138676539063454,300,5.103094100952148,12.280826568603516,0.04908706620335579,0.5533333420753479,600,4.938411235809326,12.92460823059082,0.05119028687477112,0.5266666412353516
C2,42,fit,fit,640,360,default,chord_halfwidth_-0.050m,chord_halfwidth,-0.05,3.0517578125e-05,219,64,946,935,868,300,42,11,67,1,0,1,2103,2103,600,1,root_band,0.02154302317649126,53,3.682591676712036,9.47252082824707,0.025031382218003273,0.4150943458080292,87,2.5330638885498047,8.835573196411133,0.018054664134979248,0.27586206793785095
C2,42,fit,fit,640,360,default,chord_halfwidth_-0.050m,chord_halfwidth,-0.05,3.0517578125e-05,219,64,946,935,868,300,42,11,67,1,0,1,2103,2103,600,1,outside_root_band,0.05552929267287254,247,5.407898426055908,13.208587646484375,0.05424880608916283,0.5829959511756897,513,5.346334934234619,13.274205207824707,0.05680977925658226,0.5692007541656494
C2,42,fit,fit,640,360,default,chord_halfwidth_+0.050m,chord_halfwidth,0.05,1.7059845049516298e-05,220,64,940,929,855,300,42,11,74,1,0,1,2103,2103,600,1,all,0.07552206516265869,300,6.4844160079956055,12.962145805358887,0.07486891746520996,0.6733333468437195,600,6.392312526702881,13.236136436462402,0.07617521286010742,0.6549999713897705
C2,42,fit,fit,640,360,default,chord_halfwidth_+0.050m,chord_halfwidth,0.05,1.7059845049516298e-05,220,64,940,929,855,300,42,11,74,1,0,1,2103,2103,600,1,root_band,0.0838685855269432,49,8.508244514465332,9.711392402648926,0.08877480030059814,1.0,87,8.1405029296875,9.401501655578613,0.07896237075328827,1.0
C2,42,fit,fit,640,360,default,chord_halfwidth_+0.050m,chord_halfwidth,0.05,1.7059845049516298e-05,220,64,940,929,855,300,42,11,74,1,0,1,2103,2103,600,1,outside_root_band,0.07392837107181549,251,6.089325904846191,13.362038612365723,0.0721542090177536,0.6095617413520813,513,6.095834255218506,13.452469825744629,0.07570253312587738,0.5964912176132202
C2,43,fit,fit,640,360,default,baseline,,0.0,3.0517578125e-05,221,64,907,892,892,300,44,15,0,1,0,1,2248,2248,600,1,all,0.05557515099644661,300,5.646131992340088,12.270466804504395,0.05626647174358368,0.596666693687439,600,5.422686576843262,12.48367977142334,0.05488383024930954,0.5983333587646484
C2,43,fit,fit,640,360,default,baseline,,0.0,3.0517578125e-05,221,64,907,892,892,300,44,15,0,1,0,1,2248,2248,600,1,root_band,,0,,,,,0,,,,
C2,43,fit,fit,640,360,default,baseline,,0.0,3.0517578125e-05,221,64,907,892,892,300,44,15,0,1,0,1,2248,2248,600,1,outside_root_band,0.05557515099644661,300,5.646131992340088,12.270466804504395,0.05626647174358368,0.596666693687439,600,5.422686576843262,12.48367977142334,0.05488383024930954,0.5983333587646484
C2,43,fit,fit,640,360,default,center_x_-0.020m,center_x,-0.02,1.5728399375802837e-05,222,64,908,893,893,300,44,15,0,1,0,1,2248,2248,600,1,all,0.05187601409852505,300,5.458889007568359,12.896262168884277,0.052375055849552155,0.596666693687439,600,5.2275710105896,12.878446578979492,0.05137697234749794,0.5866666436195374
C2,43,fit,fit,640,360,default,center_x_-0.020m,center_x,-0.02,1.5728399375802837e-05,222,64,908,893,893,300,44,15,0,1,0,1,2248,2248,600,1,root_band,,0,,,,,0,,,,
C2,43,fit,fit,640,360,default,center_x_-0.020m,center_x,-0.02,1.5728399375802837e-05,222,64,908,893,893,300,44,15,0,1,0,1,2248,2248,600,1,outside_root_band,0.05187601409852505,300,5.458889007568359,12.896262168884277,0.052375055849552155,0.596666693687439,600,5.2275710105896,12.878446578979492,0.05137697234749794,0.5866666436195374
C2,43,fit,fit,640,360,default,center_x_+0.020m,center_x,0.02,3.0517578125e-05,223,64,904,889,889,300,44,15,0,1,0,1,2248,2248,600,1,all,0.06079907342791557,300,5.796665668487549,12.351740837097168,0.06117469072341919,0.6100000143051147,600,5.627683639526367,12.343611717224121,0.06042345613241196,0.6016666889190674
C2,43,fit,fit,640,360,default,center_x_+0.020m,center_x,0.02,3.0517578125e-05,223,64,904,889,889,300,44,15,0,1,0,1,2248,2248,600,1,root_band,,0,,,,,0,,,,
C2,43,fit,fit,640,360,default,center_x_+0.020m,center_x,0.02,3.0517578125e-05,223,64,904,889,889,300,44,15,0,1,0,1,2248,2248,600,1,outside_root_band,0.06079907342791557,300,5.796665668487549,12.351740837097168,0.06117469072341919,0.6100000143051147,600,5.627683639526367,12.343611717224121,0.06042345613241196,0.6016666889190674
C2,43,fit,fit,640,360,default,center_x_-0.050m,center_x,-0.05,3.0517578125e-05,224,64,910,895,895,300,44,15,0,1,0,1,2248,2248,600,1,all,0.05135801434516907,300,5.259417533874512,13.370296478271484,0.05230208858847618,0.5600000023841858,600,4.9941487312316895,13.181838035583496,0.050413940101861954,0.5550000071525574
C2,43,fit,fit,640,360,default,center_x_-0.050m,center_x,-0.05,3.0517578125e-05,224,64,910,895,895,300,44,15,0,1,0,1,2248,2248,600,1,root_band,,0,,,,,0,,,,
C2,43,fit,fit,640,360,default,center_x_-0.050m,center_x,-0.05,3.0517578125e-05,224,64,910,895,895,300,44,15,0,1,0,1,2248,2248,600,1,outside_root_band,0.05135801434516907,300,5.259417533874512,13.370296478271484,0.05230208858847618,0.5600000023841858,600,4.9941487312316895,13.181838035583496,0.050413940101861954,0.5550000071525574
C2,43,fit,fit,640,360,default,center_x_+0.050m,center_x,0.05,3.0517578125e-05,225,64,902,887,887,300,44,15,0,1,0,1,2248,2248,600,1,all,0.07003969326615334,300,6.065483093261719,13.396096229553223,0.06903025507926941,0.6100000143051147,600,5.968214511871338,13.577606201171875,0.07104913145303726,0.6133333444595337
C2,43,fit,fit,640,360,default,center_x_+0.050m,center_x,0.05,3.0517578125e-05,225,64,902,887,887,300,44,15,0,1,0,1,2248,2248,600,1,root_band,,0,,,,,0,,,,
C2,43,fit,fit,640,360,default,center_x_+0.050m,center_x,0.05,3.0517578125e-05,225,64,902,887,887,300,44,15,0,1,0,1,2248,2248,600,1,outside_root_band,0.07003969326615334,300,6.065483093261719,13.396096229553223,0.06903025507926941,0.6100000143051147,600,5.968214511871338,13.577606201171875,0.07104913145303726,0.6133333444595337
C2,43,fit,fit,640,360,default,center_y_-0.020m,center_y,-0.02,3.0517578125e-05,226,64,907,892,892,300,44,15,0,1,0,1,2248,2248,600,1,all,0.06046422943472862,300,5.802855014801025,12.131303787231445,0.06085315719246864,0.6033333539962769,600,5.596070289611816,12.368572235107422,0.0600753016769886,0.5983333587646484
C2,43,fit,fit,640,360,default,center_y_-0.020m,center_y,-0.02,3.0517578125e-05,226,64,907,892,892,300,44,15,0,1,0,1,2248,2248,600,1,root_band,,0,,,,,0,,,,
C2,43,fit,fit,640,360,default,center_y_-0.020m,center_y,-0.02,3.0517578125e-05,226,64,907,892,892,300,44,15,0,1,0,1,2248,2248,600,1,outside_root_band,0.06046422943472862,300,5.802855014801025,12.131303787231445,0.06085315719246864,0.6033333539962769,600,5.596070289611816,12.368572235107422,0.0600753016769886,0.5983333587646484
C2,43,fit,fit,640,360,default,center_y_+0.020m,center_y,0.02,3.0517578125e-05,227,64,906,891,891,300,44,15,0,1,0,1,2248,2248,600,1,all,0.051651930436491966,300,5.428500652313232,12.522826194763184,0.05122081935405731,0.6000000238418579,600,5.266749858856201,12.915096282958984,0.05208304151892662,0.5933333039283752
C2,43,fit,fit,640,360,default,center_y_+0.020m,center_y,0.02,3.0517578125e-05,227,64,906,891,891,300,44,15,0,1,0,1,2248,2248,600,1,root_band,,0,,,,,0,,,,
C2,43,fit,fit,640,360,default,center_y_+0.020m,center_y,0.02,3.0517578125e-05,227,64,906,891,891,300,44,15,0,1,0,1,2248,2248,600,1,outside_root_band,0.051651930436491966,300,5.428500652313232,12.522826194763184,0.05122081935405731,0.6000000238418579,600,5.266749858856201,12.915096282958984,0.05208304151892662,0.5933333039283752
C2,43,fit,fit,640,360,default,center_y_-0.050m,center_y,-0.05,3.0517578125e-05,228,64,907,892,892,300,44,15,0,1,0,1,2248,2248,600,1,all,0.07227687910199165,300,6.198168754577637,13.42101001739502,0.07431865483522415,0.6000000238418579,600,5.885605335235596,13.455010414123535,0.07023510336875916,0.5983333587646484
C2,43,fit,fit,640,360,default,center_y_-0.050m,center_y,-0.05,3.0517578125e-05,228,64,907,892,892,300,44,15,0,1,0,1,2248,2248,600,1,root_band,,0,,,,,0,,,,
C2,43,fit,fit,640,360,default,center_y_-0.050m,center_y,-0.05,3.0517578125e-05,228,64,907,892,892,300,44,15,0,1,0,1,2248,2248,600,1,outside_root_band,0.07227687910199165,300,6.198168754577637,13.42101001739502,0.07431865483522415,0.6000000238418579,600,5.885605335235596,13.455010414123535,0.07023510336875916,0.5983333587646484
C2,43,fit,fit,640,360,default,center_y_+0.050m,center_y,0.05,3.0517578125e-05,229,64,906,892,892,300,44,14,0,1,0,1,2248,2248,600,1,all,0.051704538986086845,300,5.246572017669678,12.665325164794922,0.05044635385274887,0.5600000023841858,600,5.110546588897705,13.3231782913208,0.05296272411942482,0.5583333373069763
C2,43,fit,fit,640,360,default,center_y_+0.050m,center_y,0.05,3.0517578125e-05,229,64,906,892,892,300,44,14,0,1,0,1,2248,2248,600,1,root_band,,0,,,,,0,,,,
C2,43,fit,fit,640,360,default,center_y_+0.050m,center_y,0.05,3.0517578125e-05,229,64,906,892,892,300,44,14,0,1,0,1,2248,2248,600,1,outside_root_band,0.051704538986086845,300,5.246572017669678,12.665325164794922,0.05044635385274887,0.5600000023841858,600,5.110546588897705,13.3231782913208,0.05296272411942482,0.5583333373069763
C2,43,fit,fit,640,360,default,chord_halfwidth_-0.020m,chord_halfwidth,-0.02,3.0517578125e-05,230,64,910,895,895,300,44,15,0,1,0,1,2248,2248,600,1,all,0.054003775119781494,300,5.540964126586914,12.824904441833496,0.05529975891113281,0.5933333039283752,600,5.284695625305176,12.830429077148438,0.052707791328430176,0.5950000286102295
C2,43,fit,fit,640,360,default,chord_halfwidth_-0.020m,chord_halfwidth,-0.02,3.0517578125e-05,230,64,910,895,895,300,44,15,0,1,0,1,2248,2248,600,1,root_band,,0,,,,,0,,,,
C2,43,fit,fit,640,360,default,chord_halfwidth_-0.020m,chord_halfwidth,-0.02,3.0517578125e-05,230,64,910,895,895,300,44,15,0,1,0,1,2248,2248,600,1,outside_root_band,0.054003775119781494,300,5.540964126586914,12.824904441833496,0.05529975891113281,0.5933333039283752,600,5.284695625305176,12.830429077148438,0.052707791328430176,0.5950000286102295
C2,43,fit,fit,640,360,default,chord_halfwidth_+0.020m,chord_halfwidth,0.02,3.0517578125e-05,231,64,904,889,889,300,44,15,0,1,0,1,2248,2248,600,1,all,0.058235906064510345,300,5.698887348175049,12.169023513793945,0.0579865388572216,0.6033333539962769,600,5.57535982131958,12.234698295593262,0.05848527327179909,0.6050000190734863
C2,43,fit,fit,640,360,default,chord_halfwidth_+0.020m,chord_halfwidth,0.02,3.0517578125e-05,231,64,904,889,889,300,44,15,0,1,0,1,2248,2248,600,1,root_band,,0,,,,,0,,,,
C2,43,fit,fit,640,360,default,chord_halfwidth_+0.020m,chord_halfwidth,0.02,3.0517578125e-05,231,64,904,889,889,300,44,15,0,1,0,1,2248,2248,600,1,outside_root_band,0.058235906064510345,300,5.698887348175049,12.169023513793945,0.0579865388572216,0.6033333539962769,600,5.57535982131958,12.234698295593262,0.05848527327179909,0.6050000190734863
C2,43,fit,fit,640,360,default,chord_halfwidth_-0.050m,chord_halfwidth,-0.05,3.0517578125e-05,232,64,915,900,900,300,44,15,0,1,0,1,2248,2248,600,1,all,0.056777285411953926,300,5.63918924331665,13.42705249786377,0.06120596453547478,0.5733333230018616,600,5.121829509735107,13.397613525390625,0.052348606288433075,0.5583333373069763
C2,43,fit,fit,640,360,default,chord_halfwidth_-0.050m,chord_halfwidth,-0.05,3.0517578125e-05,232,64,915,900,900,300,44,15,0,1,0,1,2248,2248,600,1,root_band,,0,,,,,0,,,,
C2,43,fit,fit,640,360,default,chord_halfwidth_-0.050m,chord_halfwidth,-0.05,3.0517578125e-05,232,64,915,900,900,300,44,15,0,1,0,1,2248,2248,600,1,outside_root_band,0.056777285411953926,300,5.63918924331665,13.42705249786377,0.06120596453547478,0.5733333230018616,600,5.121829509735107,13.397613525390625,0.052348606288433075,0.5583333373069763
C2,43,fit,fit,640,360,default,chord_halfwidth_+0.050m,chord_halfwidth,0.05,3.0517578125e-05,233,64,898,884,884,300,44,14,0,1,0,1,2248,2248,600,1,all,0.06460751593112946,300,5.85369348526001,12.506707191467285,0.06291039288043976,0.6000000238418579,600,5.848765850067139,12.637887954711914,0.06630463898181915,0.6050000190734863
C2,43,fit,fit,640,360,default,chord_halfwidth_+0.050m,chord_halfwidth,0.05,3.0517578125e-05,233,64,898,884,884,300,44,14,0,1,0,1,2248,2248,600,1,root_band,,0,,,,,0,,,,
C2,43,fit,fit,640,360,default,chord_halfwidth_+0.050m,chord_halfwidth,0.05,3.0517578125e-05,233,64,898,884,884,300,44,14,0,1,0,1,2248,2248,600,1,outside_root_band,0.06460751593112946,300,5.85369348526001,12.506707191467285,0.06291039288043976,0.6000000238418579,600,5.848765850067139,12.637887954711914,0.06630463898181915,0.6050000190734863
C2,44,heldout,nonblind_diagnostic,640,360,default,baseline,,0.0,3.4669210435822606e-05,234,64,998,989,989,300,45,9,0,1,0,1,2573,2573,600,1,all,0.21937530487775803,300,10.723640441894531,28.070932388305664,0.20843744277954102,0.7200000286102295,600,11.265323638916016,29.34559440612793,0.23031316697597504,0.7183333039283752
C2,44,heldout,nonblind_diagnostic,640,360,default,baseline,,0.0,3.4669210435822606e-05,234,64,998,989,989,300,45,9,0,1,0,1,2573,2573,600,1,root_band,0.5777334868907928,40,23.239498138427734,29.05425453186035,0.57464998960495,1.0,91,23.424510955810547,29.340723037719727,0.5808169841766357,1.0
C2,44,heldout,nonblind_diagnostic,640,360,default,baseline,,0.0,3.4669210435822606e-05,234,64,998,989,989,300,45,9,0,1,0,1,2573,2573,600,1,outside_root_band,0.15987322479486465,260,8.79812240600586,23.764015197753906,0.15209706127643585,0.6769230961799622,509,9.09148120880127,29.101961135864258,0.16764938831329346,0.667976438999176
C2,44,heldout,nonblind_diagnostic,640,360,default,center_x_-0.020m,center_x,-0.02,3.0517578125e-05,235,64,1000,991,991,300,45,9,0,1,0,1,2573,2573,600,1,all,0.2165113389492035,300,10.64862060546875,27.55864906311035,0.20611204206943512,0.7099999785423279,600,11.161520004272461,28.8004093170166,0.22691063582897186,0.7183333039283752
C2,44,heldout,nonblind_diagnostic,640,360,default,center_x_-0.020m,center_x,-0.02,3.0517578125e-05,235,64,1000,991,991,300,45,9,0,1,0,1,2573,2573,600,1,root_band,0.5515184700489044,39,22.407485961914062,28.340476989746094,0.5469161868095398,1.0,91,22.683624267578125,28.784427642822266,0.556120753288269,1.0
C2,44,heldout,nonblind_diagnostic,640,360,default,center_x_-0.020m,center_x,-0.02,3.0517578125e-05,235,64,1000,991,991,300,45,9,0,1,0,1,2573,2573,600,1,outside_root_band,0.16162053495645523,261,8.891548156738281,25.034948348999023,0.15518727898597717,0.6666666865348816,509,9.101577758789062,28.851970672607422,0.1680537909269333,0.667976438999176
C2,44,heldout,nonblind_diagnostic,640,360,default,center_x_+0.020m,center_x,0.02,3.197298792656511e-05,236,64,997,988,988,300,45,9,0,1,0,1,2573,2573,600,1,all,0.2228608950972557,300,10.80770492553711,28.677486419677734,0.21191449463367462,0.7166666388511658,600,11.371172904968262,29.77173614501953,0.2338072955608368,0.7200000286102295
C2,44,heldout,nonblind_diagnostic,640,360,default,center_x_+0.020m,center_x,0.02,3.197298792656511e-05,236,64,997,988,988,300,45,9,0,1,0,1,2573,2573,600,1,root_band,0.6033329963684082,40,24.024232864379883,29.643836975097656,0.600807785987854,1.0,91,24.175743103027344,29.903343200683594,0.6058582067489624,1.0
C2,44,heldout,nonblind_diagnostic,640,360,default,center_x_+0.020m,center_x,0.02,3.197298792656511e-05,236,64,997,988,988,300,45,9,0,1,0,1,2573,2573,600,1,outside_root_band,0.1596880406141281,260,8.774392127990723,24.283658981323242,0.15208476781845093,0.6730769276618958,509,9.081947326660156,29.3548583984375,0.1672913134098053,0.6699410676956177
C2,44,heldout,nonblind_diagnostic,640,360,default,center_x_-0.050m,center_x,-0.05,3.0517578125e-05,237,64,998,989,989,300,45,9,0,1,0,1,2573,2573,600,1,all,0.212245412170887,300,10.538591384887695,26.86831283569336,0.20253895223140717,0.7200000286102295,600,11.00936222076416,28.166175842285156,0.22195187211036682,0.7149999737739563
C2,44,heldout,nonblind_diagnostic,640,360,default,center_x_-0.050m,center_x,-0.05,3.0517578125e-05,237,64,998,989,989,300,45,9,0,1,0,1,2573,2573,600,1,root_band,0.515030711889267,39,21.311843872070312,27.453174591064453,0.5103947520256042,1.0,91,21.59000015258789,27.96097755432129,0.5196666717529297,1.0
C2,44,heldout,nonblind_diagnostic,640,360,default,center_x_-0.050m,center_x,-0.05,3.0517578125e-05,237,64,998,989,989,300,45,9,0,1,0,1,2573,2573,600,1,outside_root_band,0.16263167560100555,261,8.928794860839844,24.296878814697266,0.1565374881029129,0.6781609058380127,509,9.11773681640625,28.482135772705078,0.1687258630990982,0.664047122001648
C2,44,heldout,nonblind_diagnostic,640,360,default,center_x_+0.050m,center_x,0.05,3.092556289630011e-05,238,64,997,988,988,300,45,9,0,1,0,1,2573,2573,600,1,all,0.2277003973722458,300,10.937549591064453,29.39767074584961,0.21616025269031525,0.7200000286102295,600,11.533839225769043,30.505599975585938,0.23924054205417633,0.7200000286102295
C2,44,heldout,nonblind_diagnostic,640,360,default,center_x_+0.050m,center_x,0.05,3.092556289630011e-05,238,64,997,988,988,300,45,9,0,1,0,1,2573,2573,600,1,root_band,0.64278843998909,41,25.245468139648438,30.46276092529297,0.6415156126022339,1.0,91,25.321840286254883,30.75872230529785,0.644061267375946,1.0
C2,44,heldout,nonblind_diagnostic,640,360,default,center_x_+0.050m,center_x,0.05,3.092556289630011e-05,238,64,997,988,988,300,45,9,0,1,0,1,2573,2573,600,1,outside_root_band,0.15784595906734467,259,8.672590255737305,22.688119888305664,0.148826003074646,0.6756756901741028,509,9.068794250488281,29.73940086364746,0.16686591506004333,0.6699410676956177
C2,44,heldout,nonblind_diagnostic,640,360,default,center_y_-0.020m,center_y,-0.02,3.331041079945862e-05,239,64,996,987,987,300,45,9,0,1,0,1,2573,2573,600,1,all,0.2496526911854744,300,11.504270553588867,31.764623641967773,0.23601488769054413,0.7066666483879089,600,12.23752498626709,32.655601501464844,0.26329049468040466,0.7133333086967468
C2,44,heldout,nonblind_diagnostic,640,360,default,center_y_-0.020m,center_y,-0.02,3.331041079945862e-05,239,64,996,987,987,300,45,9,0,1,0,1,2573,2573,600,1,root_band,0.7291103601455688,39,27.72848129272461,32.61561584472656,0.7242826223373413,1.0,91,28.018142700195312,33.1247673034668,0.7339380979537964,1.0
C2,44,heldout,nonblind_diagnostic,640,360,default,center_y_-0.020m,center_y,-0.02,3.331041079945862e-05,239,64,996,987,987,300,45,9,0,1,0,1,2573,2573,600,1,outside_root_band,0.17110127955675125,261,9.079962730407715,27.119997024536133,0.16305531561374664,0.6628352403640747,509,9.41623592376709,31.30207061767578,0.17914724349975586,0.6620824933052063
C2,44,heldout,nonblind_diagnostic,640,360,default,center_y_+0.020m,center_y,0.02,3.057712456211448e-05,240,64,999,990,990,300,45,9,0,1,0,1,2573,2573,600,1,all,0.18906743824481964,300,9.897917747497559,24.780471801757812,0.18054497241973877,0.7233333587646484,600,10.298892974853516,26.148710250854492,0.1975899040699005,0.7233333587646484
C2,44,heldout,nonblind_diagnostic,640,360,default,center_y_+0.020m,center_y,0.02,3.057712456211448e-05,240,64,999,990,990,300,45,9,0,1,0,1,2573,2573,600,1,root_band,0.42619524896144867,40,18.750202178955078,25.394439697265625,0.42500677704811096,1.0,91,18.821510314941406,25.548717498779297,0.4273837208747864,1.0
C2,44,heldout,nonblind_diagnostic,640,360,default,center_y_+0.020m,center_y,0.02,3.057712456211448e-05,240,64,999,990,990,300,45,9,0,1,0,1,2573,2573,600,1,outside_root_band,0.1497211828827858,260,8.536027908325195,21.765085220336914,0.14293545484542847,0.6807692050933838,509,8.775203704833984,26.897554397583008,0.15650691092014313,0.673870325088501
C2,44,heldout,nonblind_diagnostic,640,360,default,center_y_-0.050m,center_y,-0.05,3.7582511140499264e-05,241,64,995,986,986,300,45,9,0,1,0,1,2573,2573,600,1,all,0.29587043821811676,300,12.753464698791504,36.914302825927734,0.2785780429840088,0.7099999785423279,600,13.704268455505371,37.90428924560547,0.31316283345222473,0.7083333134651184
C2,44,heldout,nonblind_diagnostic,640,360,default,center_y_-0.050m,center_y,-0.05,3.7582511140499264e-05,241,64,995,986,986,300,45,9,0,1,0,1,2573,2573,600,1,root_band,0.95921391248703,40,34.662940979003906,38.340885162353516,0.9554315805435181,1.0,91,34.889888763427734,38.784873962402344,0.962996244430542,1.0
C2,44,heldout,nonblind_diagnostic,640,360,default,center_y_-0.050m,center_y,-0.05,3.7582511140499264e-05,241,64,995,986,986,300,45,9,0,1,0,1,2573,2573,600,1,outside_root_band,0.18571557104587555,260,9.38277530670166,28.77202796936035,0.17444674670696259,0.6653845906257629,509,9.91666316986084,34.59381866455078,0.1969843953847885,0.6561886072158813
C2,44,heldout,nonblind_diagnostic,640,360,default,center_y_+0.050m,center_y,0.05,3.197298792656511e-05,242,64,1001,992,992,300,45,9,0,1,0,1,2573,2573,600,1,all,0.14417747408151627,300,8.600008964538574,19.55663299560547,0.13791297376155853,0.7166666388511658,600,8.858590126037598,21.286422729492188,0.150441974401474,0.721666693687439
C2,44,heldout,nonblind_diagnostic,640,360,default,center_y_+0.050m,center_y,0.05,3.197298792656511e-05,242,64,1001,992,992,300,45,9,0,1,0,1,2573,2573,600,1,root_band,0.2032015025615692,40,11.778284072875977,19.556631088256836,0.20095713436603546,1.0,91,11.90009593963623,19.84632110595703,0.20544587075710297,1.0
C2,44,heldout,nonblind_diagnostic,640,360,default,center_y_+0.050m,center_y,0.05,3.197298792656511e-05,242,64,1001,992,992,300,45,9,0,1,0,1,2573,2573,600,1,outside_root_band,0.1344110667705536,260,8.111042976379395,18.83310890197754,0.12821388244628906,0.6730769276618958,509,8.314824104309082,22.94092559814453,0.14060825109481812,0.6719056963920593
C2,44,heldout,nonblind_diagnostic,640,360,default,chord_halfwidth_-0.020m,chord_halfwidth,-0.02,3.1456798751605675e-05,243,64,999,990,990,300,45,9,0,1,0,1,2573,2573,600,1,all,0.2707476317882538,300,12.147977828979492,33.398048400878906,0.2563687264919281,0.7166666388511658,600,12.889978408813477,34.67644500732422,0.28512653708457947,0.7166666388511658
C2,44,heldout,nonblind_diagnostic,640,360,default,chord_halfwidth_-0.020m,chord_halfwidth,-0.02,3.1456798751605675e-05,243,64,999,990,990,300,45,9,0,1,0,1,2573,2573,600,1,root_band,0.8146724998950958,40,30.344749450683594,34.857444763183594,0.8114916682243347,1.0,91,30.535600662231445,35.21006774902344,0.8178533315658569,1.0
C2,44,heldout,nonblind_diagnostic,640,360,default,chord_halfwidth_-0.020m,chord_halfwidth,-0.02,3.1456798751605675e-05,243,64,999,990,990,300,45,9,0,1,0,1,2573,2573,600,1,outside_root_band,0.18042489886283875,260,9.348474502563477,26.714012145996094,0.17096516489982605,0.6730769276618958,509,9.735258102416992,32.486900329589844,0.18988463282585144,0.6660118103027344
C2,44,heldout,nonblind_diagnostic,640,360,default,chord_halfwidth_+0.020m,chord_halfwidth,0.02,3.0517578125e-05,244,64,998,989,989,300,45,9,0,1,0,1,2573,2573,600,1,all,0.16855529695749283,300,9.307055473327637,22.956254959106445,0.16086190938949585,0.7233333587646484,600,9.659056663513184,24.384492874145508,0.1762486845254898,0.721666693687439
C2,44,heldout,nonblind_diagnostic,640,360,default,chord_halfwidth_+0.020m,chord_halfwidth,0.02,3.0517578125e-05,244,64,998,989,989,300,45,9,0,1,0,1,2573,2573,600,1,root_band,0.34173259139060974,40,16.180200576782227,23.26477813720703,0.3393400311470032,1.0,91,16.32375144958496,23.48481559753418,0.3441251516342163,1.0
C2,44,heldout,nonblind_diagnostic,640,360,default,chord_halfwidth_+0.020m,chord_halfwidth,0.02,3.0517578125e-05,244,64,998,989,989,300,45,9,0,1,0,1,2573,2573,600,1,outside_root_band,0.13981956243515015,260,8.249648094177246,20.864038467407227,0.1334037184715271,0.6807692050933838,509,8.467529296875,25.49184799194336,0.1462354063987732,0.6719056963920593
C2,44,heldout,nonblind_diagnostic,640,360,default,chord_halfwidth_-0.050m,chord_halfwidth,-0.05,3.293975169071928e-05,245,64,996,987,987,300,45,9,0,1,0,1,2573,2573,600,1,all,0.34910137951374054,300,14.293112754821777,42.07554244995117,0.3297075927257538,0.7066666483879089,600,15.358148574829102,42.903175354003906,0.3684951663017273,0.7083333134651184
C2,44,heldout,nonblind_diagnostic,640,360,default,chord_halfwidth_-0.050m,chord_halfwidth,-0.05,3.293975169071928e-05,245,64,996,987,987,300,45,9,0,1,0,1,2573,2573,600,1,root_band,1.169991672039032,39,40.980743408203125,43.57548522949219,1.166024923324585,1.0,91,41.218753814697266,43.96494674682617,1.173958420753479,1.0
C2,44,heldout,nonblind_diagnostic,640,360,default,chord_halfwidth_-0.050m,chord_halfwidth,-0.05,3.293975169071928e-05,245,64,996,987,987,300,45,9,0,1,0,1,2573,2573,600,1,outside_root_band,0.21461673080921173,261,10.305304527282715,32.84517288208008,0.20474058389663696,0.6628352403640747,509,10.734739303588867,37.590110778808594,0.2244928777217865,0.6561886072158813
C2,44,heldout,nonblind_diagnostic,640,360,default,chord_halfwidth_+0.050m,chord_halfwidth,0.05,3.814697265625e-05,246,64,998,989,989,300,45,9,0,1,0,1,2573,2573,600,1,all,0.1084689311683178,300,7.341391086578369,16.181001663208008,0.10477939248085022,0.6600000262260437,600,7.406932830810547,16.895166397094727,0.11215846985578537,0.6583333611488342
C2,44,heldout,nonblind_diagnostic,640,360,default,chord_halfwidth_+0.050m,chord_halfwidth,0.05,3.814697265625e-05,246,64,998,989,989,300,45,9,0,1,0,1,2573,2573,600,1,root_band,0.08687058836221695,40,6.349717140197754,14.443802833557129,0.08387438952922821,0.574999988079071,91,6.464637756347656,14.72815227508545,0.08986678719520569,0.593406617641449
C2,44,heldout,nonblind_diagnostic,640,360,default,chord_halfwidth_+0.050m,chord_halfwidth,0.05,3.814697265625e-05,246,64,998,989,989,300,45,9,0,1,0,1,2573,2573,600,1,outside_root_band,0.11206968873739243,260,7.49395751953125,17.241474151611328,0.10799555480480194,0.6730769276618958,509,7.575397968292236,19.01540184020996,0.11614382266998291,0.6699410676956177
C2,45,heldout,nonblind_diagnostic,640,360,default,baseline,,0.0,1.9073486328125e-05,247,64,784,770,770,300,39,14,0,1,0,1,2002,2002,600,1,all,0.22078023850917816,300,10.582378387451172,28.745826721191406,0.20743043720722198,0.7233333587646484,600,11.320541381835938,29.951425552368164,0.23413003981113434,0.7266666889190674
C2,45,heldout,nonblind_diagnostic,640,360,default,baseline,,0.0,1.9073486328125e-05,247,64,784,770,770,300,39,14,0,1,0,1,2002,2002,600,1,root_band,0.5372500121593475,49,21.981708526611328,28.249542236328125,0.5327236652374268,1.0,113,22.2532901763916,28.325735092163086,0.5417763590812683,1.0
C2,45,heldout,nonblind_diagnostic,640,360,default,baseline,,0.0,1.9073486328125e-05,247,64,784,770,770,300,39,14,0,1,0,1,2002,2002,600,1,outside_root_band,0.15333649516105652,251,8.357011795043945,30.12986946105957,0.1439269781112671,0.6693227291107178,487,8.783784866333008,31.329225540161133,0.16274601221084595,0.663244366645813
C2,45,heldout,nonblind_diagnostic,640,360,default,center_x_-0.020m,center_x,-0.02,3.1456798751605675e-05,248,64,785,771,771,300,39,14,0,1,0,1,2002,2002,600,1,all,0.21458075940608978,300,10.439165115356445,28.431594848632812,0.20164825022220612,0.7333333492279053,600,11.118813514709473,29.484569549560547,0.22751326858997345,0.7266666889190674
C2,45,heldout,nonblind_diagnostic,640,360,default,center_x_-0.020m,center_x,-0.02,3.1456798751605675e-05,248,64,785,771,771,300,39,14,0,1,0,1,2002,2002,600,1,root_band,0.5102860033512115,49,21.144811630249023,27.441497802734375,0.504827082157135,1.0,113,21.472347259521484,27.735885620117188,0.5157449245452881,1.0
C2,45,heldout,nonblind_diagnostic,640,360,default,center_x_-0.020m,center_x,-0.02,3.1456798751605675e-05,248,64,785,771,771,300,39,14,0,1,0,1,2002,2002,600,1,outside_root_band,0.15154802799224854,251,8.34921646118164,29.608863830566406,0.14246195554733276,0.6812748908996582,487,8.716453552246094,30.893760681152344,0.1606341004371643,0.663244366645813
C2,45,heldout,nonblind_diagnostic,640,360,default,center_x_+0.020m,center_x,0.02,1.9073486328125e-05,249,64,786,772,772,300,39,14,0,1,0,1,2002,2002,600,1,all,0.22734815627336502,300,10.825811386108398,29.208423614501953,0.21386507153511047,0.7266666889190674,600,11.524778366088867,30.44483184814453,0.24083124101161957,0.7266666889190674
C2,45,heldout,nonblind_diagnostic,640,360,default,center_x_+0.020m,center_x,0.02,1.9073486328125e-05,249,64,786,772,772,300,39,14,0,1,0,1,2002,2002,600,1,root_band,0.5653337240219116,50,22.87665367126465,28.74335479736328,0.5625550746917725,1.0,113,23.043371200561523,28.922191619873047,0.5681123733520508,1.0
C2,45,heldout,nonblind_diagnostic,640,360,default,center_x_+0.020m,center_x,0.02,1.9073486328125e-05,249,64,786,772,772,300,39,14,0,1,0,1,2002,2002,600,1,outside_root_band,0.15450918674468994,250,8.415642738342285,30.764942169189453,0.14412710070610046,0.671999990940094,487,8.852086067199707,31.856374740600586,0.16489127278327942,0.663244366645813
C2,45,heldout,nonblind_diagnostic,640,360,default,center_x_-0.050m,center_x,-0.05,2.15791860682657e-05,250,64,785,771,771,300,39,14,0,1,0,1,2002,2002,600,1,all,0.20532859861850739,300,10.173615455627441,27.648155212402344,0.1928904801607132,0.7300000190734863,600,10.821574211120605,28.841814041137695,0.21776671707630157,0.7266666889190674
C2,45,heldout,nonblind_diagnostic,640,360,default,center_x_-0.050m,center_x,-0.05,2.15791860682657e-05,250,64,785,771,771,300,39,14,0,1,0,1,2002,2002,600,1,root_band,0.4691403657197952,48,19.82838249206543,26.43528175354004,0.4609461724758148,1.0,113,20.320035934448242,26.862911224365234,0.47733455896377563,1.0
C2,45,heldout,nonblind_diagnostic,640,360,default,center_x_-0.050m,center_x,-0.05,2.15791860682657e-05,250,64,785,771,771,300,39,14,0,1,0,1,2002,2002,600,1,outside_root_band,0.1496853530406952,252,8.334611892700195,28.939775466918945,0.14183226227760315,0.6785714030265808,487,8.617618560791016,30.16316032409668,0.15753844380378723,0.663244366645813
C2,45,heldout,nonblind_diagnostic,640,360,default,center_x_+0.050m,center_x,0.05,3.1456798751605675e-05,251,64,786,772,772,300,39,14,0,1,0,1,2002,2002,600,1,all,0.2366747260093689,300,11.084662437438965,30.19683265686035,0.2222803235054016,0.7300000190734863,600,11.83666706085205,31.166702270507812,0.2510691285133362,0.7266666889190674
C2,45,heldout,nonblind_diagnostic,640,360,default,center_x_+0.050m,center_x,0.05,3.1456798751605675e-05,251,64,786,772,772,300,39,14,0,1,0,1,2002,2002,600,1,root_band,0.6060062944889069,50,24.1109676361084,29.682199478149414,0.6036989092826843,1.0,113,24.249412536621094,29.829242706298828,0.6083136796951294,1.0
C2,45,heldout,nonblind_diagnostic,640,360,default,center_x_+0.050m,center_x,0.05,3.1456798751605675e-05,251,64,786,772,772,300,39,14,0,1,0,1,2002,2002,600,1,outside_root_band,0.15708661079406738,250,8.479402542114258,30.97994041442871,0.1459966003894806,0.6759999990463257,487,8.956503868103027,32.44924545288086,0.16817662119865417,0.663244366645813
C2,45,heldout,nonblind_diagnostic,640,360,default,center_y_-0.020m,center_y,-0.02,3.4669210435822606e-05,252,64,784,770,770,300,39,14,0,1,0,1,2002,2002,600,1,all,0.2608536407351494,300,11.688966751098633,32.092891693115234,0.24487386643886566,0.7266666889190674,600,12.580281257629395,32.971900939941406,0.2768334150314331,0.7233333587646484
C2,45,heldout,nonblind_diagnostic,640,360,default,center_y_-0.020m,center_y,-0.02,3.4669210435822606e-05,252,64,784,770,770,300,39,14,0,1,0,1,2002,2002,600,1,root_band,0.686649888753891,49,26.444211959838867,31.899160385131836,0.6814737319946289,1.0,113,26.75478172302246,31.989498138427734,0.6918260455131531,1.0
C2,45,heldout,nonblind_diagnostic,640,360,default,center_y_-0.020m,center_y,-0.02,3.4669210435822606e-05,252,64,784,770,770,300,39,14,0,1,0,1,2002,2002,600,1,outside_root_band,0.17009135335683823,251,8.808460235595703,33.20116424560547,0.15964122116565704,0.6733067631721497,487,9.291329383850098,34.27898025512695,0.1805414855480194,0.6591376066207886
C2,45,heldout,nonblind_diagnostic,640,360,default,center_y_+0.020m,center_y,0.02,3.1456798751605675e-05,253,64,785,771,771,300,39,14,0,1,0,1,2002,2002,600,1,all,0.18110432475805283,300,9.532159805297852,26.142330169677734,0.17050336301326752,0.7400000095367432,600,10.06757640838623,27.05760383605957,0.19170528650283813,0.7316666841506958
C2,45,heldout,nonblind_diagnostic,640,360,default,center_y_+0.020m,center_y,0.02,3.1456798751605675e-05,253,64,785,771,771,300,39,14,0,1,0,1,2002,2002,600,1,root_band,0.38897134363651276,50,17.596668243408203,24.484996795654297,0.386555552482605,1.0,113,17.741613388061523,24.61345100402832,0.39138713479042053,1.0
C2,45,heldout,nonblind_diagnostic,640,360,default,center_y_+0.020m,center_y,0.02,3.1456798751605675e-05,253,64,785,771,771,300,39,14,0,1,0,1,2002,2002,600,1,outside_root_band,0.13633272796869278,250,7.9192585945129395,26.91309356689453,0.1272929161787033,0.6880000233650208,487,8.286947250366211,28.285497665405273,0.14537253975868225,0.6694045066833496
C2,45,heldout,nonblind_diagnostic,640,360,default,center_y_-0.050m,center_y,-0.05,2.594274701550603e-05,254,64,783,769,769,300,39,14,0,1,0,1,2002,2002,600,1,all,0.3210252970457077,300,13.32443618774414,37.23284149169922,0.3007703125476837,0.7200000286102295,600,14.4805908203125,37.83476638793945,0.3412802815437317,0.7133333086967468
C2,45,heldout,nonblind_diagnostic,640,360,default,center_y_-0.050m,center_y,-0.05,2.594274701550603e-05,254,64,783,769,769,300,39,14,0,1,0,1,2002,2002,600,1,root_band,0.9113777875900269,49,33.193965911865234,37.23954391479492,0.9064655900001526,1.0,113,33.48869705200195,37.40153121948242,0.9162899851799011,1.0
C2,45,heldout,nonblind_diagnostic,640,360,default,center_y_-0.050m,center_y,-0.05,2.594274701550603e-05,254,64,783,769,769,300,39,14,0,1,0,1,2002,2002,600,1,outside_root_band,0.1951930895447731,251,9.44552230834961,36.519832611083984,0.18252700567245483,0.6653386354446411,487,10.070084571838379,38.829307556152344,0.20785917341709137,0.6468172669410706
C2,45,heldout,nonblind_diagnostic,640,360,default,center_y_+0.050m,center_y,0.05,3.227028719265945e-05,255,64,786,772,772,300,39,14,0,1,0,1,2002,2002,600,1,all,0.12537431344389915,300,7.917507648468018,21.53287124633789,0.11865133792161942,0.7266666889190674,600,8.19788646697998,22.805898666381836,0.1320972889661789,0.7266666889190674
C2,45,heldout,nonblind_diagnostic,640,360,default,center_y_+0.050m,center_y,0.05,3.227028719265945e-05,255,64,786,772,772,300,39,14,0,1,0,1,2002,2002,600,1,root_band,0.18134210258722305,50,10.834842681884766,18.943817138671875,0.1797868013381958,0.9599999785423279,113,10.959525108337402,19.031723022460938,0.1828974038362503,0.9734513163566589
C2,45,heldout,nonblind_diagnostic,640,360,default,center_y_+0.050m,center_y,0.05,3.227028719265945e-05,255,64,786,772,772,300,39,14,0,1,0,1,2002,2002,600,1,outside_root_band,0.11336713284254074,250,7.334041118621826,23.29658317565918,0.1064242571592331,0.6800000071525574,487,7.557096004486084,23.860233306884766,0.12031000852584839,0.6694045066833496
C2,45,heldout,nonblind_diagnostic,640,360,default,chord_halfwidth_-0.020m,chord_halfwidth,-0.02,3.075507265748456e-05,256,64,784,770,770,300,39,14,0,1,0,1,2002,2002,600,1,all,0.28301486372947693,300,12.305706024169922,34.026432037353516,0.2656041085720062,0.7233333587646484,600,13.280574798583984,34.887691497802734,0.30042561888694763,0.7200000286102295
C2,45,heldout,nonblind_diagnostic,640,360,default,chord_halfwidth_-0.020m,chord_halfwidth,-0.02,3.075507265748456e-05,256,64,784,770,770,300,39,14,0,1,0,1,2002,2002,600,1,root_band,0.7699061334133148,49,28.951282501220703,33.91731643676758,0.7650426626205444,1.0,113,29.24308967590332,33.99681854248047,0.7747696042060852,1.0
C2,45,heldout,nonblind_diagnostic,640,360,default,chord_halfwidth_-0.020m,chord_halfwidth,-0.02,3.075507265748456e-05,256,64,784,770,770,300,39,14,0,1,0,1,2002,2002,600,1,outside_root_band,0.17923317849636078,251,9.056169509887695,34.42378616333008,0.1681041568517685,0.6693227291107178,487,9.576746940612793,35.953834533691406,0.19036220014095306,0.6550307869911194
C2,45,heldout,nonblind_diagnostic,640,360,default,chord_halfwidth_+0.020m,chord_halfwidth,0.02,3.1456798751605675e-05,257,64,785,771,771,300,39,14,0,1,0,1,2002,2002,600,1,all,0.1595260128378868,300,8.92916488647461,24.42605972290039,0.1502755731344223,0.7366666793823242,600,9.383854866027832,25.36600685119629,0.16877645254135132,0.7316666841506958
C2,45,heldout,nonblind_diagnostic,640,360,default,chord_halfwidth_+0.020m,chord_halfwidth,0.02,3.1456798751605675e-05,257,64,785,771,771,300,39,14,0,1,0,1,2002,2002,600,1,root_band,0.3065939396619797,50,15.114120483398438,22.444799423217773,0.30395451188087463,1.0,113,15.272724151611328,22.577131271362305,0.3092333674430847,1.0
C2,45,heldout,nonblind_diagnostic,640,360,default,chord_halfwidth_+0.020m,chord_halfwidth,0.02,3.1456798751605675e-05,257,64,785,771,771,300,39,14,0,1,0,1,2002,2002,600,1,outside_root_band,0.1278628222644329,250,7.692174911499023,25.6450138092041,0.1195397898554802,0.6840000152587891,487,8.017444610595703,26.722057342529297,0.13618585467338562,0.6694045066833496
C2,45,heldout,nonblind_diagnostic,640,360,default,chord_halfwidth_-0.050m,chord_halfwidth,-0.05,2.288818359375e-05,258,64,784,770,770,300,39,14,0,1,0,1,2002,2002,600,1,all,0.377690926194191,300,14.930975914001465,41.85549545288086,0.35417720675468445,0.7166666388511658,600,16.263118743896484,42.65943145751953,0.4012046456336975,0.7099999785423279
C2,45,heldout,nonblind_diagnostic,640,360,default,chord_halfwidth_-0.050m,chord_halfwidth,-0.05,2.288818359375e-05,258,64,784,770,770,300,39,14,0,1,0,1,2002,2002,600,1,root_band,1.1196215152740479,49,39.43500518798828,42.45180892944336,1.1145002841949463,1.0,113,39.74228286743164,42.60586166381836,1.1247427463531494,1.0
C2,45,heldout,nonblind_diagnostic,640,360,default,chord_halfwidth_-0.050m,chord_halfwidth,-0.05,2.288818359375e-05,258,64,784,770,770,300,39,14,0,1,0,1,2002,2002,600,1,outside_root_band,0.21953383088111877,251,10.147318840026855,39.8701171875,0.205747589468956,0.6613546013832092,487,10.815183639526367,43.03623962402344,0.23332007229328156,0.6427104473114014
C2,45,heldout,nonblind_diagnostic,640,360,default,chord_halfwidth_+0.050m,chord_halfwidth,0.05,3.2428433769382536e-05,259,64,786,772,772,300,39,14,0,1,0,1,2002,2002,600,1,all,0.09047548472881317,300,6.694955825805664,17.6125545501709,0.08594077825546265,0.6700000166893005,600,6.796677589416504,19.12211036682129,0.0950101912021637,0.6633333563804626
C2,45,heldout,nonblind_diagnostic,640,360,default,chord_halfwidth_+0.050m,chord_halfwidth,0.05,3.2428433769382536e-05,259,64,786,772,772,300,39,14,0,1,0,1,2002,2002,600,1,root_band,0.07809251919388771,50,6.3954291343688965,13.918334007263184,0.07822871953248978,0.6600000262260437,113,6.2974534034729,13.990190505981445,0.07795631885528564,0.6283186078071594
C2,45,heldout,nonblind_diagnostic,640,360,default,chord_halfwidth_+0.050m,chord_halfwidth,0.05,3.2428433769382536e-05,259,64,786,772,772,300,39,14,0,1,0,1,2002,2002,600,1,outside_root_band,0.09322521835565567,250,6.754861354827881,19.23188591003418,0.08748319000005722,0.671999990940094,487,6.912512302398682,19.98291015625,0.09896724671125412,0.6714578866958618
C3,42,fit,fit,640,360,default,baseline,,0.0,3.1456798751605675e-05,260,64,235,225,225,225,5,10,0,0,0,1,622,622,600,1,all,0.0036159568117000163,225,2.8516030311584473,4.580254554748535,0.0019281526328995824,0.5022222399711609,600,3.112999677658081,4.930778980255127,0.00530376099050045,0.5566666722297668
C3,42,fit,fit,640,360,default,baseline,,0.0,3.1456798751605675e-05,260,64,235,225,225,225,5,10,0,0,0,1,622,622,600,1,root_band,,0,,,,,0,,,,
C3,42,fit,fit,640,360,default,baseline,,0.0,3.1456798751605675e-05,260,64,235,225,225,225,5,10,0,0,0,1,622,622,600,1,outside_root_band,0.0036159568117000163,225,2.8516030311584473,4.580254554748535,0.0019281526328995824,0.5022222399711609,600,3.112999677658081,4.930778980255127,0.00530376099050045,0.5566666722297668
C3,42,fit,fit,640,360,default,center_x_-0.020m,center_x,-0.02,3.1456798751605675e-05,261,64,235,225,225,225,5,10,0,0,0,1,622,622,600,1,all,0.0036191942053847015,225,2.852241277694702,4.583539962768555,0.001930790371261537,0.5066666603088379,600,3.113727331161499,4.930778980255127,0.005307598039507866,0.5566666722297668
C3,42,fit,fit,640,360,default,center_x_-0.020m,center_x,-0.02,3.1456798751605675e-05,261,64,235,225,225,225,5,10,0,0,0,1,622,622,600,1,root_band,,0,,,,,0,,,,
C3,42,fit,fit,640,360,default,center_x_-0.020m,center_x,-0.02,3.1456798751605675e-05,261,64,235,225,225,225,5,10,0,0,0,1,622,622,600,1,outside_root_band,0.0036191942053847015,225,2.852241277694702,4.583539962768555,0.001930790371261537,0.5066666603088379,600,3.113727331161499,4.930778980255127,0.005307598039507866,0.5566666722297668
C3,42,fit,fit,640,360,default,center_x_+0.020m,center_x,0.02,3.1456798751605675e-05,262,64,235,225,225,225,5,10,0,0,0,1,622,622,600,1,all,0.00361270533176139,225,2.8509628772735596,4.5802388191223145,0.0019255188526585698,0.5022222399711609,600,3.1122636795043945,4.930778980255127,0.00529989181086421,0.5566666722297668
C3,42,fit,fit,640,360,default,center_x_+0.020m,center_x,0.02,3.1456798751605675e-05,262,64,235,225,225,225,5,10,0,0,0,1,622,622,600,1,root_band,,0,,,,,0,,,,
C3,42,fit,fit,640,360,default,center_x_+0.020m,center_x,0.02,3.1456798751605675e-05,262,64,235,225,225,225,5,10,0,0,0,1,622,622,600,1,outside_root_band,0.00361270533176139,225,2.8509628772735596,4.5802388191223145,0.0019255188526585698,0.5022222399711609,600,3.1122636795043945,4.930778980255127,0.00529989181086421,0.5566666722297668
C3,42,fit,fit,640,360,default,center_x_-0.050m,center_x,-0.05,3.197298792656511e-05,263,64,235,225,225,225,5,10,0,0,0,1,622,622,600,1,all,0.0036241418565623462,225,2.8532044887542725,4.589943885803223,0.0019347964553162456,0.5066666603088379,600,3.1148359775543213,4.930778980255127,0.005313487257808447,0.5566666722297668
C3,42,fit,fit,640,360,default,center_x_-0.050m,center_x,-0.05,3.197298792656511e-05,263,64,235,225,225,225,5,10,0,0,0,1,622,622,600,1,root_band,,0,,,,,0,,,,
C3,42,fit,fit,640,360,default,center_x_-0.050m,center_x,-0.05,3.197298792656511e-05,263,64,235,225,225,225,5,10,0,0,0,1,622,622,600,1,outside_root_band,0.0036241418565623462,225,2.8532044887542725,4.589943885803223,0.0019347964553162456,0.5066666603088379,600,3.1148359775543213,4.930778980255127,0.005313487257808447,0.5566666722297668
C3,42,fit,fit,640,360,default,center_x_+0.050m,center_x,0.05,3.092556289630011e-05,264,64,235,225,225,225,5,10,0,0,0,1,622,622,600,1,all,0.003607794234994799,225,2.8499858379364014,4.5802388191223145,0.0019215295324102044,0.5022222399711609,600,3.1111466884613037,4.930778980255127,0.005294058937579393,0.5566666722297668
C3,42,fit,fit,640,360,default,center_x_+0.050m,center_x,0.05,3.092556289630011e-05,264,64,235,225,225,225,5,10,0,0,0,1,622,622,600,1,root_band,,0,,,,,0,,,,
C3,42,fit,fit,640,360,default,center_x_+0.050m,center_x,0.05,3.092556289630011e-05,264,64,235,225,225,225,5,10,0,0,0,1,622,622,600,1,outside_root_band,0.003607794234994799,225,2.8499858379364014,4.5802388191223145,0.0019215295324102044,0.5022222399711609,600,3.1111466884613037,4.930778980255127,0.005294058937579393,0.5566666722297668
C3,42,fit,fit,640,360,default,center_y_-0.020m,center_y,-0.02,3.163788642268628e-05,265,64,235,225,225,225,5,10,0,0,0,1,622,622,600,1,all,0.003611452761106193,225,2.8507163524627686,4.5802388191223145,0.0019245094154030085,0.5022222399711609,600,3.1119775772094727,4.930778980255127,0.005298396106809378,0.5566666722297668
C3,42,fit,fit,640,360,default,center_y_-0.020m,center_y,-0.02,3.163788642268628e-05,265,64,235,225,225,225,5,10,0,0,0,1,622,622,600,1,root_band,,0,,,,,0,,,,
C3,42,fit,fit,640,360,default,center_y_-0.020m,center_y,-0.02,3.163788642268628e-05,265,64,235,225,225,225,5,10,0,0,0,1,622,622,600,1,outside_root_band,0.003611452761106193,225,2.8507163524627686,4.5802388191223145,0.0019245094154030085,0.5022222399711609,600,3.1119775772094727,4.930778980255127,0.005298396106809378,0.5566666722297668
C3,42,fit,fit,640,360,default,center_y_+0.020m,center_y,0.02,3.1239203963195905e-05,266,64,235,225,225,225,5,10,0,0,0,1,622,622,600,1,all,0.003620461095124483,225,2.8524863719940186,4.585180759429932,0.0019318079575896263,0.5066666603088379,600,3.114013195037842,4.930778980255127,0.00530911423265934,0.5566666722297668
C3,42,fit,fit,640,360,default,center_y_+0.020m,center_y,0.02,3.1239203963195905e-05,266,64,235,225,225,225,5,10,0,0,0,1,622,622,600,1,root_band,,0,,,,,0,,,,
C3,42,fit,fit,640,360,default,center_y_+0.020m,center_y,0.02,3.1239203963195905e-05,266,64,235,225,225,225,5,10,0,0,0,1,622,622,600,1,outside_root_band,0.003620461095124483,225,2.8524863719940186,4.585180759429932,0.0019318079575896263,0.5066666603088379,600,3.114013195037842,4.930778980255127,0.00530911423265934,0.5566666722297668
C3,42,fit,fit,640,360,default,center_y_-0.050m,center_y,-0.05,1.52587890625e-05,267,64,235,225,225,225,5,10,0,0,0,1,622,622,600,1,all,0.0036048729671165347,225,2.8493988513946533,4.5802388191223145,0.0019191524479538202,0.5022222399711609,600,3.1104791164398193,4.930778980255127,0.005290593486279249,0.5566666722297668
C3,42,fit,fit,640,360,default,center_y_-0.050m,center_y,-0.05,1.52587890625e-05,267,64,235,225,225,225,5,10,0,0,0,1,622,622,600,1,root_band,,0,,,,,0,,,,
C3,42,fit,fit,640,360,default,center_y_-0.050m,center_y,-0.05,1.52587890625e-05,267,64,235,225,225,225,5,10,0,0,0,1,622,622,600,1,outside_root_band,0.0036048729671165347,225,2.8493988513946533,4.5802388191223145,0.0019191524479538202,0.5022222399711609,600,3.1104791164398193,4.930778980255127,0.005290593486279249,0.5566666722297668
C3,42,fit,fit,640,360,default,center_y_+0.050m,center_y,0.05,1.52587890625e-05,268,64,235,225,225,225,5,10,0,0,0,1,622,622,600,1,all,0.003627218888141215,225,2.853801727294922,4.593913555145264,0.0019372955430299044,0.5066666603088379,600,3.1155197620391846,4.930778980255127,0.005317142233252525,0.5566666722297668
C3,42,fit,fit,640,360,default,center_y_+0.050m,center_y,0.05,1.52587890625e-05,268,64,235,225,225,225,5,10,0,0,0,1,622,622,600,1,root_band,,0,,,,,0,,,,
C3,42,fit,fit,640,360,default,center_y_+0.050m,center_y,0.05,1.52587890625e-05,268,64,235,225,225,225,5,10,0,0,0,1,622,622,600,1,outside_root_band,0.003627218888141215,225,2.853801727294922,4.593913555145264,0.0019372955430299044,0.5066666603088379,600,3.1155197620391846,4.930778980255127,0.005317142233252525,0.5566666722297668
C3,42,fit,fit,640,360,default,chord_halfwidth_-0.020m,chord_halfwidth,-0.02,3.1239203963195905e-05,269,64,235,225,225,225,5,10,0,0,0,1,622,622,600,1,all,0.0036179573507979512,225,2.8519973754882812,4.5820183753967285,0.0019297793041914701,0.5022222399711609,600,3.1134495735168457,4.930778980255127,0.005306135397404432,0.5566666722297668
C3,42,fit,fit,640,360,default,chord_halfwidth_-0.020m,chord_halfwidth,-0.02,3.1239203963195905e-05,269,64,235,225,225,225,5,10,0,0,0,1,622,622,600,1,root_band,,0,,,,,0,,,,
C3,42,fit,fit,640,360,default,chord_halfwidth_-0.020m,chord_halfwidth,-0.02,3.1239203963195905e-05,269,64,235,225,225,225,5,10,0,0,0,1,622,622,600,1,outside_root_band,0.0036179573507979512,225,2.8519973754882812,4.5820183753967285,0.0019297793041914701,0.5022222399711609,600,3.1134495735168457,4.930778980255127,0.005306135397404432,0.5566666722297668
C3,42,fit,fit,640,360,default,chord_halfwidth_+0.020m,chord_halfwidth,0.02,3.170160198351368e-05,270,64,235,225,225,225,5,10,0,0,0,1,622,622,600,1,all,0.003613934852182865,225,2.8512074947357178,4.5802388191223145,0.001926523633301258,0.5022222399711609,600,3.1125407218933105,4.930778980255127,0.005301346071064472,0.5566666722297668
C3,42,fit,fit,640,360,default,chord_halfwidth_+0.020m,chord_halfwidth,0.02,3.170160198351368e-05,270,64,235,225,225,225,5,10,0,0,0,1,622,622,600,1,root_band,,0,,,,,0,,,,
C3,42,fit,fit,640,360,default,chord_halfwidth_+0.020m,chord_halfwidth,0.02,3.170160198351368e-05,270,64,235,225,225,225,5,10,0,0,0,1,622,622,600,1,outside_root_band,0.003613934852182865,225,2.8512074947357178,4.5802388191223145,0.001926523633301258,0.5022222399711609,600,3.1125407218933105,4.930778980255127,0.005301346071064472,0.5566666722297668
C3,42,fit,fit,640,360,default,chord_halfwidth_-0.050m,chord_halfwidth,-0.05,3.075507265748456e-05,271,64,235,225,225,225,5,10,0,0,0,1,622,622,600,1,all,0.0036209705285727978,225,2.8525872230529785,4.5858683586120605,0.0019322303123772144,0.5066666603088379,600,3.1141257286071777,4.930778980255127,0.005309710744768381,0.5566666722297668
C3,42,fit,fit,640,360,default,chord_halfwidth_-0.050m,chord_halfwidth,-0.05,3.075507265748456e-05,271,64,235,225,225,225,5,10,0,0,0,1,622,622,600,1,root_band,,0,,,,,0,,,,
C3,42,fit,fit,640,360,default,chord_halfwidth_-0.050m,chord_halfwidth,-0.05,3.075507265748456e-05,271,64,235,225,225,225,5,10,0,0,0,1,622,622,600,1,outside_root_band,0.0036209705285727978,225,2.8525872230529785,4.5858683586120605,0.0019322303123772144,0.5066666603088379,600,3.1141257286071777,4.930778980255127,0.005309710744768381,0.5566666722297668
C3,42,fit,fit,640,360,default,chord_halfwidth_+0.050m,chord_halfwidth,0.05,3.104938514297828e-05,272,64,235,225,225,225,5,10,0,0,0,1,622,622,600,1,all,0.0036110252258367836,225,2.8506290912628174,4.5802388191223145,0.0019241535337641835,0.5022222399711609,600,3.1118826866149902,4.930778980255127,0.005297896917909384,0.5566666722297668
C3,42,fit,fit,640,360,default,chord_halfwidth_+0.050m,chord_halfwidth,0.05,3.104938514297828e-05,272,64,235,225,225,225,5,10,0,0,0,1,622,622,600,1,root_band,,0,,,,,0,,,,
C3,42,fit,fit,640,360,default,chord_halfwidth_+0.050m,chord_halfwidth,0.05,3.104938514297828e-05,272,64,235,225,225,225,5,10,0,0,0,1,622,622,600,1,outside_root_band,0.0036110252258367836,225,2.8506290912628174,4.5802388191223145,0.0019241535337641835,0.5022222399711609,600,3.1118826866149902,4.930778980255127,0.005297896917909384,0.5566666722297668
C3,43,fit,fit,640,360,default,baseline,,0.0,3.0517578125e-05,273,64,591,582,582,300,24,9,0,1,0,1,1508,1508,600,1,all,0.008239065296947956,300,3.7086241245269775,6.102862358093262,0.008106743916869164,0.6366666555404663,600,3.6403677463531494,6.0785956382751465,0.008371386677026749,0.6183333396911621
C3,43,fit,fit,640,360,default,baseline,,0.0,3.0517578125e-05,273,64,591,582,582,300,24,9,0,1,0,1,1508,1508,600,1,root_band,,0,,,,,0,,,,
C3,43,fit,fit,640,360,default,baseline,,0.0,3.0517578125e-05,273,64,591,582,582,300,24,9,0,1,0,1,1508,1508,600,1,outside_root_band,0.008239065296947956,300,3.7086241245269775,6.102862358093262,0.008106743916869164,0.6366666555404663,600,3.6403677463531494,6.0785956382751465,0.008371386677026749,0.6183333396911621
C3,43,fit,fit,640,360,default,center_x_-0.020m,center_x,-0.02,3.0517578125e-05,274,64,591,582,582,300,24,9,0,1,0,1,1508,1508,600,1,all,0.008239059709012508,300,3.7085468769073486,6.102862358093262,0.00810673926025629,0.6366666555404663,600,3.6403000354766846,6.0785956382751465,0.008371380157768726,0.6183333396911621
C3,43,fit,fit,640,360,default,center_x_-0.020m,center_x,-0.02,3.0517578125e-05,274,64,591,582,582,300,24,9,0,1,0,1,1508,1508,600,1,root_band,,0,,,,,0,,,,
C3,43,fit,fit,640,360,default,center_x_-0.020m,center_x,-0.02,3.0517578125e-05,274,64,591,582,582,300,24,9,0,1,0,1,1508,1508,600,1,outside_root_band,0.008239059709012508,300,3.7085468769073486,6.102862358093262,0.00810673926025629,0.6366666555404663,600,3.6403000354766846,6.0785956382751465,0.008371380157768726,0.6183333396911621
C3,43,fit,fit,640,360,default,center_x_+0.020m,center_x,0.02,3.0517578125e-05,275,64,591,582,582,300,24,9,0,1,0,1,1508,1508,600,1,all,0.008239070884883404,300,3.708702564239502,6.102862358093262,0.008106748573482037,0.6366666555404663,600,3.640437126159668,6.0785956382751465,0.008371393196284771,0.6183333396911621
C3,43,fit,fit,640,360,default,center_x_+0.020m,center_x,0.02,3.0517578125e-05,275,64,591,582,582,300,24,9,0,1,0,1,1508,1508,600,1,root_band,,0,,,,,0,,,,
C3,43,fit,fit,640,360,default,center_x_+0.020m,center_x,0.02,3.0517578125e-05,275,64,591,582,582,300,24,9,0,1,0,1,1508,1508,600,1,outside_root_band,0.008239070884883404,300,3.708702564239502,6.102862358093262,0.008106748573482037,0.6366666555404663,600,3.640437126159668,6.0785956382751465,0.008371393196284771,0.6183333396911621
C3,43,fit,fit,640,360,default,center_x_-0.050m,center_x,-0.05,3.0517578125e-05,276,64,591,582,582,300,24,9,0,1,0,1,1508,1508,600,1,all,0.008239051327109337,300,3.708430767059326,6.102862358093262,0.008106732740998268,0.6366666555404663,600,3.64019775390625,6.0785956382751465,0.008371369913220406,0.6183333396911621
C3,43,fit,fit,640,360,default,center_x_-0.050m,center_x,-0.05,3.0517578125e-05,276,64,591,582,582,300,24,9,0,1,0,1,1508,1508,600,1,root_band,,0,,,,,0,,,,
C3,43,fit,fit,640,360,default,center_x_-0.050m,center_x,-0.05,3.0517578125e-05,276,64,591,582,582,300,24,9,0,1,0,1,1508,1508,600,1,outside_root_band,0.008239051327109337,300,3.708430767059326,6.102862358093262,0.008106732740998268,0.6366666555404663,600,3.64019775390625,6.0785956382751465,0.008371369913220406,0.6183333396911621
C3,43,fit,fit,640,360,default,center_x_+0.050m,center_x,0.05,3.0517578125e-05,277,64,591,582,582,300,24,9,0,1,0,1,1508,1508,600,1,all,0.008239078801125288,300,3.708820104598999,6.102862358093262,0.008106755092740059,0.6366666555404663,600,3.64054012298584,6.0785956382751465,0.008371402509510517,0.6183333396911621
C3,43,fit,fit,640,360,default,center_x_+0.050m,center_x,0.05,3.0517578125e-05,277,64,591,582,582,300,24,9,0,1,0,1,1508,1508,600,1,root_band,,0,,,,,0,,,,
C3,43,fit,fit,640,360,default,center_x_+0.050m,center_x,0.05,3.0517578125e-05,277,64,591,582,582,300,24,9,0,1,0,1,1508,1508,600,1,outside_root_band,0.008239078801125288,300,3.708820104598999,6.102862358093262,0.008106755092740059,0.6366666555404663,600,3.64054012298584,6.0785956382751465,0.008371402509510517,0.6183333396911621
C3,43,fit,fit,640,360,default,center_y_-0.020m,center_y,-0.02,3.0517578125e-05,278,64,591,582,582,300,24,9,0,1,0,1,1508,1508,600,1,all,0.008239071816205978,300,3.7087292671203613,6.102862358093262,0.008106749504804611,0.6366666555404663,600,3.640460252761841,6.0785956382751465,0.008371394127607346,0.6183333396911621
C3,43,fit,fit,640,360,default,center_y_-0.020m,center_y,-0.02,3.0517578125e-05,278,64,591,582,582,300,24,9,0,1,0,1,1508,1508,600,1,root_band,,0,,,,,0,,,,
C3,43,fit,fit,640,360,default,center_y_-0.020m,center_y,-0.02,3.0517578125e-05,278,64,591,582,582,300,24,9,0,1,0,1,1508,1508,600,1,outside_root_band,0.008239071816205978,300,3.7087292671203613,6.102862358093262,0.008106749504804611,0.6366666555404663,600,3.640460252761841,6.0785956382751465,0.008371394127607346,0.6183333396911621
C3,43,fit,fit,640,360,default,center_y_+0.020m,center_y,0.02,3.0517578125e-05,279,64,591,582,582,300,24,9,0,1,0,1,1508,1508,600,1,all,0.00823905784636736,300,3.7085208892822266,6.102862358093262,0.008106738328933716,0.6366666555404663,600,3.640277147293091,6.0785956382751465,0.008371377363801003,0.6183333396911621
C3,43,fit,fit,640,360,default,center_y_+0.020m,center_y,0.02,3.0517578125e-05,279,64,591,582,582,300,24,9,0,1,0,1,1508,1508,600,1,root_band,,0,,,,,0,,,,
C3,43,fit,fit,640,360,default,center_y_+0.020m,center_y,0.02,3.0517578125e-05,279,64,591,582,582,300,24,9,0,1,0,1,1508,1508,600,1,outside_root_band,0.00823905784636736,300,3.7085208892822266,6.102862358093262,0.008106738328933716,0.6366666555404663,600,3.640277147293091,6.0785956382751465,0.008371377363801003,0.6183333396911621
C3,43,fit,fit,640,360,default,center_y_-0.050m,center_y,-0.05,3.0517578125e-05,280,64,591,582,582,300,24,9,0,1,0,1,1508,1508,600,1,all,0.008239082992076874,300,3.708885669708252,6.102862358093262,0.008106758818030357,0.6366666555404663,600,3.6405975818634033,6.0785956382751465,0.00837140716612339,0.6183333396911621
C3,43,fit,fit,640,360,default,center_y_-0.050m,center_y,-0.05,3.0517578125e-05,280,64,591,582,582,300,24,9,0,1,0,1,1508,1508,600,1,root_band,,0,,,,,0,,,,
C3,43,fit,fit,640,360,default,center_y_-0.050m,center_y,-0.05,3.0517578125e-05,280,64,591,582,582,300,24,9,0,1,0,1,1508,1508,600,1,outside_root_band,0.008239082992076874,300,3.708885669708252,6.102862358093262,0.008106758818030357,0.6366666555404663,600,3.6405975818634033,6.0785956382751465,0.00837140716612339,0.6183333396911621
C3,43,fit,fit,640,360,default,center_y_+0.050m,center_y,0.05,3.0517578125e-05,281,64,591,582,582,300,24,9,0,1,0,1,1508,1508,600,1,all,0.008239046670496464,300,3.7083652019500732,6.102862358093262,0.00810672901570797,0.6366666555404663,600,3.640139102935791,6.0785956382751465,0.008371364325284958,0.6183333396911621
C3,43,fit,fit,640,360,default,center_y_+0.050m,center_y,0.05,3.0517578125e-05,281,64,591,582,582,300,24,9,0,1,0,1,1508,1508,600,1,root_band,,0,,,,,0,,,,
C3,43,fit,fit,640,360,default,center_y_+0.050m,center_y,0.05,3.0517578125e-05,281,64,591,582,582,300,24,9,0,1,0,1,1508,1508,600,1,outside_root_band,0.008239046670496464,300,3.7083652019500732,6.102862358093262,0.00810672901570797,0.6366666555404663,600,3.640139102935791,6.0785956382751465,0.008371364325284958,0.6183333396911621
C3,43,fit,fit,640,360,default,chord_halfwidth_-0.020m,chord_halfwidth,-0.02,3.0517578125e-05,282,64,591,582,582,300,24,9,0,1,0,1,1508,1508,600,1,all,0.008239062037318945,300,3.708578109741211,6.102862358093262,0.008106742054224014,0.6366666555404663,600,3.640327215194702,6.0785956382751465,0.008371382020413876,0.6183333396911621
C3,43,fit,fit,640,360,default,chord_halfwidth_-0.020m,chord_halfwidth,-0.02,3.0517578125e-05,282,64,591,582,582,300,24,9,0,1,0,1,1508,1508,600,1,root_band,,0,,,,,0,,,,
C3,43,fit,fit,640,360,default,chord_halfwidth_-0.020m,chord_halfwidth,-0.02,3.0517578125e-05,282,64,591,582,582,300,24,9,0,1,0,1,1508,1508,600,1,outside_root_band,0.008239062037318945,300,3.708578109741211,6.102862358093262,0.008106742054224014,0.6366666555404663,600,3.640327215194702,6.0785956382751465,0.008371382020413876,0.6183333396911621
C3,43,fit,fit,640,360,default,chord_halfwidth_+0.020m,chord_halfwidth,0.02,3.0517578125e-05,283,64,591,582,582,300,24,9,0,1,0,1,1508,1508,600,1,all,0.00823906809091568,300,3.7086710929870605,6.102862358093262,0.008106746710836887,0.6366666555404663,600,3.640408754348755,6.0785956382751465,0.008371389470994473,0.6183333396911621
C3,43,fit,fit,640,360,default,chord_halfwidth_+0.020m,chord_halfwidth,0.02,3.0517578125e-05,283,64,591,582,582,300,24,9,0,1,0,1,1508,1508,600,1,root_band,,0,,,,,0,,,,
C3,43,fit,fit,640,360,default,chord_halfwidth_+0.020m,chord_halfwidth,0.02,3.0517578125e-05,283,64,591,582,582,300,24,9,0,1,0,1,1508,1508,600,1,outside_root_band,0.00823906809091568,300,3.7086710929870605,6.102862358093262,0.008106746710836887,0.6366666555404663,600,3.640408754348755,6.0785956382751465,0.008371389470994473,0.6183333396911621
C3,43,fit,fit,640,360,default,chord_halfwidth_-0.050m,chord_halfwidth,-0.05,3.0517578125e-05,284,64,591,582,582,300,24,9,0,1,0,1,1508,1508,600,1,all,0.008239056449383497,300,3.708507537841797,6.102862358093262,0.008106737397611141,0.6366666555404663,600,3.6402647495269775,6.0785956382751465,0.008371375501155853,0.6183333396911621
C3,43,fit,fit,640,360,default,chord_halfwidth_-0.050m,chord_halfwidth,-0.05,3.0517578125e-05,284,64,591,582,582,300,24,9,0,1,0,1,1508,1508,600,1,root_band,,0,,,,,0,,,,
C3,43,fit,fit,640,360,default,chord_halfwidth_-0.050m,chord_halfwidth,-0.05,3.0517578125e-05,284,64,591,582,582,300,24,9,0,1,0,1,1508,1508,600,1,outside_root_band,0.008239056449383497,300,3.708507537841797,6.102862358093262,0.008106737397611141,0.6366666555404663,600,3.6402647495269775,6.0785956382751465,0.008371375501155853,0.6183333396911621
C3,43,fit,fit,640,360,default,chord_halfwidth_+0.050m,chord_halfwidth,0.05,3.0517578125e-05,285,64,591,582,582,300,24,9,0,1,0,1,1508,1508,600,1,all,0.00823907321318984,300,3.708739757537842,6.102862358093262,0.008106750436127186,0.6366666555404663,600,3.640470027923584,6.0785956382751465,0.008371395990252495,0.6183333396911621
C3,43,fit,fit,640,360,default,chord_halfwidth_+0.050m,chord_halfwidth,0.05,3.0517578125e-05,285,64,591,582,582,300,24,9,0,1,0,1,1508,1508,600,1,root_band,,0,,,,,0,,,,
C3,43,fit,fit,640,360,default,chord_halfwidth_+0.050m,chord_halfwidth,0.05,3.0517578125e-05,285,64,591,582,582,300,24,9,0,1,0,1,1508,1508,600,1,outside_root_band,0.00823907321318984,300,3.708739757537842,6.102862358093262,0.008106750436127186,0.6366666555404663,600,3.640470027923584,6.0785956382751465,0.008371395990252495,0.6183333396911621
C3,44,heldout,nonblind_diagnostic,640,360,default,baseline,,0.0,1.52587890625e-05,286,64,582,571,571,300,24,11,0,1,0,1,1462,1462,600,1,all,0.19246460497379303,300,10.464679718017578,20.370519638061523,0.18587176501750946,0.8233333230018616,600,10.830039024353027,20.688703536987305,0.1990574449300766,0.824999988079071
C3,44,heldout,nonblind_diagnostic,640,360,default,baseline,,0.0,1.52587890625e-05,286,64,582,571,571,300,24,11,0,1,0,1,1462,1462,600,1,root_band,,0,,,,,0,,,,
C3,44,heldout,nonblind_diagnostic,640,360,default,baseline,,0.0,1.52587890625e-05,286,64,582,571,571,300,24,11,0,1,0,1,1462,1462,600,1,outside_root_band,0.19246460497379303,300,10.464679718017578,20.370519638061523,0.18587176501750946,0.8233333230018616,600,10.830039024353027,20.688703536987305,0.1990574449300766,0.824999988079071
C3,44,heldout,nonblind_diagnostic,640,360,default,center_x_-0.020m,center_x,-0.02,3.1239203963195905e-05,287,64,582,571,571,300,24,11,0,1,0,1,1462,1462,600,1,all,0.192473903298378,300,10.464923858642578,20.370519638061523,0.1858798712491989,0.8233333230018616,600,10.830353736877441,20.688703536987305,0.19906793534755707,0.824999988079071
C3,44,heldout,nonblind_diagnostic,640,360,default,center_x_-0.020m,center_x,-0.02,3.1239203963195905e-05,287,64,582,571,571,300,24,11,0,1,0,1,1462,1462,600,1,root_band,,0,,,,,0,,,,
C3,44,heldout,nonblind_diagnostic,640,360,default,center_x_-0.020m,center_x,-0.02,3.1239203963195905e-05,287,64,582,571,571,300,24,11,0,1,0,1,1462,1462,600,1,outside_root_band,0.192473903298378,300,10.464923858642578,20.370519638061523,0.1858798712491989,0.8233333230018616,600,10.830353736877441,20.688703536987305,0.19906793534755707,0.824999988079071
C3,44,heldout,nonblind_diagnostic,640,360,default,center_x_+0.020m,center_x,0.02,3.075507265748456e-05,288,64,582,571,571,300,24,11,0,1,0,1,1462,1462,600,1,all,0.19245482981204987,300,10.464422225952148,20.370519638061523,0.1858632117509842,0.8233333230018616,600,10.829708099365234,20.688703536987305,0.19904644787311554,0.824999988079071
C3,44,heldout,nonblind_diagnostic,640,360,default,center_x_+0.020m,center_x,0.02,3.075507265748456e-05,288,64,582,571,571,300,24,11,0,1,0,1,1462,1462,600,1,root_band,,0,,,,,0,,,,
C3,44,heldout,nonblind_diagnostic,640,360,default,center_x_+0.020m,center_x,0.02,3.075507265748456e-05,288,64,582,571,571,300,24,11,0,1,0,1,1462,1462,600,1,outside_root_band,0.19245482981204987,300,10.464422225952148,20.370519638061523,0.1858632117509842,0.8233333230018616,600,10.829708099365234,20.688703536987305,0.19904644787311554,0.824999988079071
C3,44,heldout,nonblind_diagnostic,640,360,default,center_x_-0.050m,center_x,-0.05,1.52587890625e-05,289,64,582,571,571,300,24,11,0,1,0,1,1462,1462,600,1,all,0.19248788058757782,300,10.465289115905762,20.370519638061523,0.1858920454978943,0.8233333230018616,600,10.830827713012695,20.688703536987305,0.19908371567726135,0.824999988079071
C3,44,heldout,nonblind_diagnostic,640,360,default,center_x_-0.050m,center_x,-0.05,1.52587890625e-05,289,64,582,571,571,300,24,11,0,1,0,1,1462,1462,600,1,root_band,,0,,,,,0,,,,
C3,44,heldout,nonblind_diagnostic,640,360,default,center_x_-0.050m,center_x,-0.05,1.52587890625e-05,289,64,582,571,571,300,24,11,0,1,0,1,1462,1462,600,1,outside_root_band,0.19248788058757782,300,10.465289115905762,20.370519638061523,0.1858920454978943,0.8233333230018616,600,10.830827713012695,20.688703536987305,0.19908371567726135,0.824999988079071
C3,44,heldout,nonblind_diagnostic,640,360,default,center_x_+0.050m,center_x,0.05,1.52587890625e-05,290,64,582,571,571,300,24,11,0,1,0,1,1462,1462,600,1,all,0.19244108349084854,300,10.464065551757812,20.370519638061523,0.1858513504266739,0.8233333230018616,600,10.829237937927246,20.688703536987305,0.1990308165550232,0.824999988079071
C3,44,heldout,nonblind_diagnostic,640,360,default,center_x_+0.050m,center_x,0.05,1.52587890625e-05,290,64,582,571,571,300,24,11,0,1,0,1,1462,1462,600,1,root_band,,0,,,,,0,,,,
C3,44,heldout,nonblind_diagnostic,640,360,default,center_x_+0.050m,center_x,0.05,1.52587890625e-05,290,64,582,571,571,300,24,11,0,1,0,1,1462,1462,600,1,outside_root_band,0.19244108349084854,300,10.464065551757812,20.370519638061523,0.1858513504266739,0.8233333230018616,600,10.829237937927246,20.688703536987305,0.1990308165550232,0.824999988079071
C3,44,heldout,nonblind_diagnostic,640,360,default,center_y_-0.020m,center_y,-0.02,1.71661376953125e-05,291,64,582,571,571,300,24,11,0,1,0,1,1462,1462,600,1,all,0.19251742213964462,300,10.466194152832031,20.370519638061523,0.18592220544815063,0.8233333230018616,600,10.831696510314941,20.688703536987305,0.1991126388311386,0.824999988079071
C3,44,heldout,nonblind_diagnostic,640,360,default,center_y_-0.020m,center_y,-0.02,1.71661376953125e-05,291,64,582,571,571,300,24,11,0,1,0,1,1462,1462,600,1,root_band,,0,,,,,0,,,,
C3,44,heldout,nonblind_diagnostic,640,360,default,center_y_-0.020m,center_y,-0.02,1.71661376953125e-05,291,64,582,571,571,300,24,11,0,1,0,1,1462,1462,600,1,outside_root_band,0.19251742213964462,300,10.466194152832031,20.370519638061523,0.18592220544815063,0.8233333230018616,600,10.831696510314941,20.688703536987305,0.1991126388311386,0.824999988079071
C3,44,heldout,nonblind_diagnostic,640,360,default,center_y_+0.020m,center_y,0.02,3.069957529078238e-05,292,64,582,571,571,300,24,11,0,1,0,1,1462,1462,600,1,all,0.19241154938936234,300,10.463155746459961,20.370519638061523,0.185821071267128,0.8233333230018616,600,10.828373908996582,20.688703536987305,0.19900202751159668,0.824999988079071
C3,44,heldout,nonblind_diagnostic,640,360,default,center_y_+0.020m,center_y,0.02,3.069957529078238e-05,292,64,582,571,571,300,24,11,0,1,0,1,1462,1462,600,1,root_band,,0,,,,,0,,,,
C3,44,heldout,nonblind_diagnostic,640,360,default,center_y_+0.020m,center_y,0.02,3.069957529078238e-05,292,64,582,571,571,300,24,11,0,1,0,1,1462,1462,600,1,outside_root_band,0.19241154938936234,300,10.463155746459961,20.370519638061523,0.185821071267128,0.8233333230018616,600,10.828373908996582,20.688703536987305,0.19900202751159668,0.824999988079071
C3,44,heldout,nonblind_diagnostic,640,360,default,center_y_-0.050m,center_y,-0.05,1.52587890625e-05,293,64,582,571,571,300,24,11,0,1,0,1,1462,1462,600,1,all,0.19259639084339142,300,10.468459129333496,20.370519638061523,0.18599765002727509,0.8233333230018616,600,10.834173202514648,20.688703536987305,0.19919513165950775,0.824999988079071
C3,44,heldout,nonblind_diagnostic,640,360,default,center_y_-0.050m,center_y,-0.05,1.52587890625e-05,293,64,582,571,571,300,24,11,0,1,0,1,1462,1462,600,1,root_band,,0,,,,,0,,,,
C3,44,heldout,nonblind_diagnostic,640,360,default,center_y_-0.050m,center_y,-0.05,1.52587890625e-05,293,64,582,571,571,300,24,11,0,1,0,1,1462,1462,600,1,outside_root_band,0.19259639084339142,300,10.468459129333496,20.370519638061523,0.18599765002727509,0.8233333230018616,600,10.834173202514648,20.688703536987305,0.19919513165950775,0.824999988079071
C3,44,heldout,nonblind_diagnostic,640,360,default,center_y_+0.050m,center_y,0.05,1.52587890625e-05,294,64,582,571,571,300,24,11,0,1,0,1,1462,1462,600,1,all,0.19233246892690659,300,10.460887908935547,20.370519638061523,0.18574559688568115,0.8233333230018616,600,10.825887680053711,20.688703536987305,0.19891934096813202,0.824999988079071
C3,44,heldout,nonblind_diagnostic,640,360,default,center_y_+0.050m,center_y,0.05,1.52587890625e-05,294,64,582,571,571,300,24,11,0,1,0,1,1462,1462,600,1,root_band,,0,,,,,0,,,,
C3,44,heldout,nonblind_diagnostic,640,360,default,center_y_+0.050m,center_y,0.05,1.52587890625e-05,294,64,582,571,571,300,24,11,0,1,0,1,1462,1462,600,1,outside_root_band,0.19233246892690659,300,10.460887908935547,20.370519638061523,0.18574559688568115,0.8233333230018616,600,10.825887680053711,20.688703536987305,0.19891934096813202,0.824999988079071
C3,44,heldout,nonblind_diagnostic,640,360,default,chord_halfwidth_-0.020m,chord_halfwidth,-0.02,1.52587890625e-05,295,64,582,571,571,300,24,11,0,1,0,1,1462,1462,600,1,all,0.19252832978963852,300,10.466509819030762,20.370519638061523,0.1859326809644699,0.8233333230018616,600,10.832036018371582,20.688703536987305,0.19912397861480713,0.824999988079071
C3,44,heldout,nonblind_diagnostic,640,360,default,chord_halfwidth_-0.020m,chord_halfwidth,-0.02,1.52587890625e-05,295,64,582,571,571,300,24,11,0,1,0,1,1462,1462,600,1,root_band,,0,,,,,0,,,,
C3,44,heldout,nonblind_diagnostic,640,360,default,chord_halfwidth_-0.020m,chord_halfwidth,-0.02,1.52587890625e-05,295,64,582,571,571,300,24,11,0,1,0,1,1462,1462,600,1,outside_root_band,0.19252832978963852,300,10.466509819030762,20.370519638061523,0.1859326809644699,0.8233333230018616,600,10.832036018371582,20.688703536987305,0.19912397861480713,0.824999988079071
C3,44,heldout,nonblind_diagnostic,640,360,default,chord_halfwidth_+0.020m,chord_halfwidth,0.02,1.52587890625e-05,296,64,582,571,571,300,24,11,0,1,0,1,1462,1462,600,1,all,0.1924009919166565,300,10.462852478027344,20.370519638061523,0.18581092357635498,0.8233333230018616,600,10.828043937683105,20.688703536987305,0.198991060256958,0.824999988079071
C3,44,heldout,nonblind_diagnostic,640,360,default,chord_halfwidth_+0.020m,chord_halfwidth,0.02,1.52587890625e-05,296,64,582,571,571,300,24,11,0,1,0,1,1462,1462,600,1,root_band,,0,,,,,0,,,,
C3,44,heldout,nonblind_diagnostic,640,360,default,chord_halfwidth_+0.020m,chord_halfwidth,0.02,1.52587890625e-05,296,64,582,571,571,300,24,11,0,1,0,1,1462,1462,600,1,outside_root_band,0.1924009919166565,300,10.462852478027344,20.370519638061523,0.18581092357635498,0.8233333230018616,600,10.828043937683105,20.688703536987305,0.198991060256958,0.824999988079071
C3,44,heldout,nonblind_diagnostic,640,360,default,chord_halfwidth_-0.050m,chord_halfwidth,-0.05,1.71661376953125e-05,297,64,582,571,571,300,24,11,0,1,0,1,1462,1462,600,1,all,0.19262520223855972,300,10.469294548034668,20.370519638061523,0.18602539598941803,0.8233333230018616,600,10.835068702697754,20.688703536987305,0.19922500848770142,0.824999988079071
C3,44,heldout,nonblind_diagnostic,640,360,default,chord_halfwidth_-0.050m,chord_halfwidth,-0.05,1.71661376953125e-05,297,64,582,571,571,300,24,11,0,1,0,1,1462,1462,600,1,root_band,,0,,,,,0,,,,
C3,44,heldout,nonblind_diagnostic,640,360,default,chord_halfwidth_-0.050m,chord_halfwidth,-0.05,1.71661376953125e-05,297,64,582,571,571,300,24,11,0,1,0,1,1462,1462,600,1,outside_root_band,0.19262520223855972,300,10.469294548034668,20.370519638061523,0.18602539598941803,0.8233333230018616,600,10.835068702697754,20.688703536987305,0.19922500848770142,0.824999988079071
C3,44,heldout,nonblind_diagnostic,640,360,default,chord_halfwidth_+0.050m,chord_halfwidth,0.05,1.52587890625e-05,298,64,582,571,571,300,24,11,0,1,0,1,1462,1462,600,1,all,0.19230689853429794,300,10.460145950317383,20.370519638061523,0.18572095036506653,0.8233333230018616,600,10.825092315673828,20.688703536987305,0.19889284670352936,0.824999988079071
C3,44,heldout,nonblind_diagnostic,640,360,default,chord_halfwidth_+0.050m,chord_halfwidth,0.05,1.52587890625e-05,298,64,582,571,571,300,24,11,0,1,0,1,1462,1462,600,1,root_band,,0,,,,,0,,,,
C3,44,heldout,nonblind_diagnostic,640,360,default,chord_halfwidth_+0.050m,chord_halfwidth,0.05,1.52587890625e-05,298,64,582,571,571,300,24,11,0,1,0,1,1462,1462,600,1,outside_root_band,0.19230689853429794,300,10.460145950317383,20.370519638061523,0.18572095036506653,0.8233333230018616,600,10.825092315673828,20.688703536987305,0.19889284670352936,0.824999988079071
C3,45,heldout,nonblind_diagnostic,640,360,default,baseline,,0.0,7.864199687901419e-06,299,64,188,178,178,178,4,10,0,0,0,1,507,507,507,0,all,0.49059127271175385,178,20.308340072631836,22.881168365478516,0.4769446551799774,1.0,507,21.12713623046875,23.39454460144043,0.5042378902435303,1.0
C3,45,heldout,nonblind_diagnostic,640,360,default,baseline,,0.0,7.864199687901419e-06,299,64,188,178,178,178,4,10,0,0,0,1,507,507,507,0,root_band,,0,,,,,0,,,,
C3,45,heldout,nonblind_diagnostic,640,360,default,baseline,,0.0,7.864199687901419e-06,299,64,188,178,178,178,4,10,0,0,0,1,507,507,507,0,outside_root_band,0.49059127271175385,178,20.308340072631836,22.881168365478516,0.4769446551799774,1.0,507,21.12713623046875,23.39454460144043,0.5042378902435303,1.0
C3,45,heldout,nonblind_diagnostic,640,360,default,center_x_-0.020m,center_x,-0.02,8.529922524758149e-06,300,64,188,178,178,178,4,10,0,0,0,1,507,507,507,0,all,0.49060140550136566,178,20.308639526367188,22.881168365478516,0.4769546091556549,1.0,507,21.127443313598633,23.39454460144043,0.5042482018470764,1.0
C3,45,heldout,nonblind_diagnostic,640,360,default,center_x_-0.020m,center_x,-0.02,8.529922524758149e-06,300,64,188,178,178,178,4,10,0,0,0,1,507,507,507,0,root_band,,0,,,,,0,,,,
C3,45,heldout,nonblind_diagnostic,640,360,default,center_x_-0.020m,center_x,-0.02,8.529922524758149e-06,300,64,188,178,178,178,4,10,0,0,0,1,507,507,507,0,outside_root_band,0.49060140550136566,178,20.308639526367188,22.881168365478516,0.4769546091556549,1.0,507,21.127443313598633,23.39454460144043,0.5042482018470764,1.0
C3,45,heldout,nonblind_diagnostic,640,360,default,center_x_+0.020m,center_x,0.02,9.5367431640625e-06,301,64,188,178,178,178,4,10,0,0,0,1,507,507,507,0,all,0.49058109521865845,178,20.30803871154785,22.881168365478516,0.47693467140197754,1.0,507,21.12682342529297,23.39454460144043,0.5042275190353394,1.0
C3,45,heldout,nonblind_diagnostic,640,360,default,center_x_+0.020m,center_x,0.02,9.5367431640625e-06,301,64,188,178,178,178,4,10,0,0,0,1,507,507,507,0,root_band,,0,,,,,0,,,,
C3,45,heldout,nonblind_diagnostic,640,360,default,center_x_+0.020m,center_x,0.02,9.5367431640625e-06,301,64,188,178,178,178,4,10,0,0,0,1,507,507,507,0,outside_root_band,0.49058109521865845,178,20.30803871154785,22.881168365478516,0.47693467140197754,1.0,507,21.12682342529297,23.39454460144043,0.5042275190353394,1.0
C3,45,heldout,nonblind_diagnostic,640,360,default,center_x_-0.050m,center_x,-0.05,7.62939453125e-06,302,64,188,178,178,178,4,10,0,0,0,1,507,507,507,0,all,0.49061669409275055,178,20.309091567993164,22.881168365478516,0.4769696891307831,1.0,507,21.127910614013672,23.39454460144043,0.504263699054718,1.0
C3,45,heldout,nonblind_diagnostic,640,360,default,center_x_-0.050m,center_x,-0.05,7.62939453125e-06,302,64,188,178,178,178,4,10,0,0,0,1,507,507,507,0,root_band,,0,,,,,0,,,,
C3,45,heldout,nonblind_diagnostic,640,360,default,center_x_-0.050m,center_x,-0.05,7.62939453125e-06,302,64,188,178,178,178,4,10,0,0,0,1,507,507,507,0,outside_root_band,0.49061669409275055,178,20.309091567993164,22.881168365478516,0.4769696891307831,1.0,507,21.127910614013672,23.39454460144043,0.504263699054718,1.0
C3,45,heldout,nonblind_diagnostic,640,360,default,center_x_+0.050m,center_x,0.05,8.529922524758149e-06,303,64,188,178,178,178,4,10,0,0,0,1,507,507,507,0,all,0.4905661791563034,178,20.307598114013672,22.881168365478516,0.4769199788570404,1.0,507,21.126371383666992,23.39454460144043,0.5042123794555664,1.0
C3,45,heldout,nonblind_diagnostic,640,360,default,center_x_+0.050m,center_x,0.05,8.529922524758149e-06,303,64,188,178,178,178,4,10,0,0,0,1,507,507,507,0,root_band,,0,,,,,0,,,,
C3,45,heldout,nonblind_diagnostic,640,360,default,center_x_+0.050m,center_x,0.05,8.529922524758149e-06,303,64,188,178,178,178,4,10,0,0,0,1,507,507,507,0,outside_root_band,0.4905661791563034,178,20.307598114013672,22.881168365478516,0.4769199788570404,1.0,507,21.126371383666992,23.39454460144043,0.5042123794555664,1.0
C3,45,heldout,nonblind_diagnostic,640,360,default,center_y_-0.020m,center_y,-0.02,7.76234628574457e-06,304,64,188,178,178,178,4,10,0,0,0,1,507,507,507,0,all,0.4906468689441681,178,20.309982299804688,22.881168365478516,0.47699934244155884,1.0,507,21.128829956054688,23.39454460144043,0.5042943954467773,1.0
C3,45,heldout,nonblind_diagnostic,640,360,default,center_y_-0.020m,center_y,-0.02,7.76234628574457e-06,304,64,188,178,178,178,4,10,0,0,0,1,507,507,507,0,root_band,,0,,,,,0,,,,
C3,45,heldout,nonblind_diagnostic,640,360,default,center_y_-0.020m,center_y,-0.02,7.76234628574457e-06,304,64,188,178,178,178,4,10,0,0,0,1,507,507,507,0,outside_root_band,0.4906468689441681,178,20.309982299804688,22.881168365478516,0.47699934244155884,1.0,507,21.128829956054688,23.39454460144043,0.5042943954467773,1.0
C3,45,heldout,nonblind_diagnostic,640,360,default,center_y_+0.020m,center_y,0.02,7.62939453125e-06,305,64,188,178,178,178,4,10,0,0,0,1,507,507,507,0,all,0.4905363470315933,178,20.306718826293945,22.881168365478516,0.47689059376716614,1.0,507,21.12546157836914,23.39454460144043,0.5041821002960205,1.0
C3,45,heldout,nonblind_diagnostic,640,360,default,center_y_+0.020m,center_y,0.02,7.62939453125e-06,305,64,188,178,178,178,4,10,0,0,0,1,507,507,507,0,root_band,,0,,,,,0,,,,
C3,45,heldout,nonblind_diagnostic,640,360,default,center_y_+0.020m,center_y,0.02,7.62939453125e-06,305,64,188,178,178,178,4,10,0,0,0,1,507,507,507,0,outside_root_band,0.4905363470315933,178,20.306718826293945,22.881168365478516,0.47689059376716614,1.0,507,21.12546157836914,23.39454460144043,0.5041821002960205,1.0
C3,45,heldout,nonblind_diagnostic,640,360,default,center_y_-0.050m,center_y,-0.05,8.529922524758149e-06,306,64,188,178,178,178,4,10,0,0,0,1,507,507,507,0,all,0.4907297343015671,178,20.312427520751953,22.881168365478516,0.47708091139793396,1.0,507,21.131357192993164,23.39454460144043,0.5043785572052002,1.0
C3,45,heldout,nonblind_diagnostic,640,360,default,center_y_-0.050m,center_y,-0.05,8.529922524758149e-06,306,64,188,178,178,178,4,10,0,0,0,1,507,507,507,0,root_band,,0,,,,,0,,,,
C3,45,heldout,nonblind_diagnostic,640,360,default,center_y_-0.050m,center_y,-0.05,8.529922524758149e-06,306,64,188,178,178,178,4,10,0,0,0,1,507,507,507,0,outside_root_band,0.4907297343015671,178,20.312427520751953,22.881168365478516,0.47708091139793396,1.0,507,21.131357192993164,23.39454460144043,0.5043785572052002,1.0
C3,45,heldout,nonblind_diagnostic,640,360,default,center_y_+0.050m,center_y,0.05,8.529922524758149e-06,307,64,188,178,178,178,4,10,0,0,0,1,507,507,507,0,all,0.49045315384864807,178,20.304262161254883,22.881168365478516,0.47680872678756714,1.0,507,21.1229248046875,23.39454460144043,0.504097580909729,1.0
C3,45,heldout,nonblind_diagnostic,640,360,default,center_y_+0.050m,center_y,0.05,8.529922524758149e-06,307,64,188,178,178,178,4,10,0,0,0,1,507,507,507,0,root_band,,0,,,,,0,,,,
C3,45,heldout,nonblind_diagnostic,640,360,default,center_y_+0.050m,center_y,0.05,8.529922524758149e-06,307,64,188,178,178,178,4,10,0,0,0,1,507,507,507,0,outside_root_band,0.49045315384864807,178,20.304262161254883,22.881168365478516,0.47680872678756714,1.0,507,21.1229248046875,23.39454460144043,0.504097580909729,1.0
C3,45,heldout,nonblind_diagnostic,640,360,default,chord_halfwidth_-0.020m,chord_halfwidth,-0.02,7.62939453125e-06,308,64,188,178,178,178,4,10,0,0,0,1,507,507,507,0,all,0.4906574934720993,178,20.310293197631836,22.881168365478516,0.4770098626613617,1.0,507,21.129154205322266,23.39454460144043,0.5043051242828369,1.0
C3,45,heldout,nonblind_diagnostic,640,360,default,chord_halfwidth_-0.020m,chord_halfwidth,-0.02,7.62939453125e-06,308,64,188,178,178,178,4,10,0,0,0,1,507,507,507,0,root_band,,0,,,,,0,,,,
C3,45,heldout,nonblind_diagnostic,640,360,default,chord_halfwidth_-0.020m,chord_halfwidth,-0.02,7.62939453125e-06,308,64,188,178,178,178,4,10,0,0,0,1,507,507,507,0,outside_root_band,0.4906574934720993,178,20.310293197631836,22.881168365478516,0.4770098626613617,1.0,507,21.129154205322266,23.39454460144043,0.5043051242828369,1.0
C3,45,heldout,nonblind_diagnostic,640,360,default,chord_halfwidth_+0.020m,chord_halfwidth,0.02,7.62939453125e-06,309,64,188,178,178,178,4,10,0,0,0,1,507,507,507,0,all,0.49052564799785614,178,20.30640411376953,22.881168365478516,0.47688010334968567,1.0,507,21.12513542175293,23.39454460144043,0.5041711926460266,1.0
C3,45,heldout,nonblind_diagnostic,640,360,default,chord_halfwidth_+0.020m,chord_halfwidth,0.02,7.62939453125e-06,309,64,188,178,178,178,4,10,0,0,0,1,507,507,507,0,root_band,,0,,,,,0,,,,
C3,45,heldout,nonblind_diagnostic,640,360,default,chord_halfwidth_+0.020m,chord_halfwidth,0.02,7.62939453125e-06,309,64,188,178,178,178,4,10,0,0,0,1,507,507,507,0,outside_root_band,0.49052564799785614,178,20.30640411376953,22.881168365478516,0.47688010334968567,1.0,507,21.12513542175293,23.39454460144043,0.5041711926460266,1.0
C3,45,heldout,nonblind_diagnostic,640,360,default,chord_halfwidth_-0.050m,chord_halfwidth,-0.05,7.809800990798976e-06,310,64,188,178,178,178,4,10,0,0,0,1,507,507,507,0,all,0.49075768887996674,178,20.313251495361328,22.881168365478516,0.4771083891391754,1.0,507,21.1322078704834,23.39454460144043,0.5044069886207581,1.0
C3,45,heldout,nonblind_diagnostic,640,360,default,chord_halfwidth_-0.050m,chord_halfwidth,-0.05,7.809800990798976e-06,310,64,188,178,178,178,4,10,0,0,0,1,507,507,507,0,root_band,,0,,,,,0,,,,
C3,45,heldout,nonblind_diagnostic,640,360,default,chord_halfwidth_-0.050m,chord_halfwidth,-0.05,7.809800990798976e-06,310,64,188,178,178,178,4,10,0,0,0,1,507,507,507,0,outside_root_band,0.49075768887996674,178,20.313251495361328,22.881168365478516,0.4771083891391754,1.0,507,21.1322078704834,23.39454460144043,0.5044069886207581,1.0
C3,45,heldout,nonblind_diagnostic,640,360,default,chord_halfwidth_+0.050m,chord_halfwidth,0.05,9.5367431640625e-06,311,64,188,178,178,178,4,10,0,0,0,1,507,507,507,0,all,0.4904284179210663,178,20.303531646728516,22.881168365478516,0.4767844080924988,1.0,507,21.12217140197754,23.39454460144043,0.5040724277496338,1.0
C3,45,heldout,nonblind_diagnostic,640,360,default,chord_halfwidth_+0.050m,chord_halfwidth,0.05,9.5367431640625e-06,311,64,188,178,178,178,4,10,0,0,0,1,507,507,507,0,root_band,,0,,,,,0,,,,
C3,45,heldout,nonblind_diagnostic,640,360,default,chord_halfwidth_+0.050m,chord_halfwidth,0.05,9.5367431640625e-06,311,64,188,178,178,178,4,10,0,0,0,1,507,507,507,0,outside_root_band,0.4904284179210663,178,20.303531646728516,22.881168365478516,0.4767844080924988,1.0,507,21.12217140197754,23.39454460144043,0.5040724277496338,1.0
C1,42,fit,fit,160,90,default,baseline,,0.0,7.864199687901419e-06,312,64,380,157,157,157,12,223,0,0,0,1,1104,1104,600,1,all,0.21781982854008675,157,57.41740417480469,245.44271850585938,0.41923463344573975,0.662420392036438,600,7.025127410888672,23.851112365722656,0.016405023634433746,0.596666693687439
C1,42,fit,fit,160,90,default,baseline,,0.0,7.864199687901419e-06,312,64,380,157,157,157,12,223,0,0,0,1,1104,1104,600,1,root_band,0.000133793058921583,42,2.245936870574951,3.8402748107910156,0.00013403392222244292,0.2142857164144516,171,2.1706767082214355,4.436329364776611,0.00013355219562072307,0.2514619827270508
C1,42,fit,fit,160,90,default,baseline,,0.0,7.864199687901419e-06,312,64,380,157,157,157,12,223,0,0,0,1,1104,1104,600,1,outside_root_band,0.297594184987247,115,77.56697845458984,295.0327453613281,0.5722975134849548,0.8260869383811951,429,8.960118293762207,28.90185546875,0.022890856489539146,0.7342657446861267
C1,43,fit,fit,160,90,default,baseline,,0.0,7.62939453125e-06,313,64,394,189,187,187,18,205,2,0,0,1,1911,1911,600,1,all,0.16117503494024277,187,16.16403579711914,26.525449752807617,0.08031225204467773,0.7005347609519958,600,36.355979919433594,145.53074645996094,0.2420378178358078,0.7300000190734863
C1,43,fit,fit,160,90,default,baseline,,0.0,7.62939453125e-06,313,64,394,189,187,187,18,205,2,0,0,1,1911,1911,600,1,root_band,0.004368691006675363,81,5.33346700668335,11.511557579040527,0.00451928935945034,0.5432098507881165,230,5.362309455871582,11.910043716430664,0.004218092653900385,0.5782608985900879
C1,43,fit,fit,160,90,default,baseline,,0.0,7.62939453125e-06,313,64,394,189,187,187,18,205,2,0,0,1,1911,1911,600,1,outside_root_band,0.26405059546232224,106,24.44022560119629,34.82128143310547,0.13822953402996063,0.8207547068595886,370,55.622318267822266,217.15704345703125,0.38987165689468384,0.8243243098258972
C1,44,heldout,nonblind_diagnostic,160,90,default,baseline,,0.0,7.62939453125e-06,314,64,401,158,158,158,16,243,0,0,0,1,1925,1925,600,1,all,0.23641074635088444,158,13.233147621154785,41.81241989135742,0.05294092372059822,0.7278481125831604,600,59.17214584350586,228.65794372558594,0.41988056898117065,0.8116666674613953
C1,44,heldout,nonblind_diagnostic,160,90,default,baseline,,0.0,7.62939453125e-06,314,64,401,158,158,158,16,243,0,0,0,1,1925,1925,600,1,root_band,0.007821948267519474,58,6.668495178222656,14.568281173706055,0.007635554298758507,0.6206896305084229,164,7.033305644989014,13.663619041442871,0.008008342236280441,0.7012194991111755
C1,44,heldout,nonblind_diagnostic,160,90,default,baseline,,0.0,7.62939453125e-06,314,64,401,158,158,158,16,243,0,0,0,1,1925,1925,600,1,outside_root_band,0.3270115293562412,100,17.040645599365234,56.86020278930664,0.07921803742647171,0.7900000214576721,436,78.78399658203125,277.8269958496094,0.5748050212860107,0.853210985660553
C1,45,heldout,nonblind_diagnostic,160,90,default,baseline,,0.0,7.62939453125e-06,315,64,416,144,144,144,15,272,0,0,0,1,1570,1570,600,1,all,0.2833162993192673,144,31.09980010986328,98.50536346435547,0.1806979477405548,0.8819444179534912,600,56.397666931152344,172.55279541015625,0.38593465089797974,0.8899999856948853
C1,45,heldout,nonblind_diagnostic,160,90,default,baseline,,0.0,7.62939453125e-06,315,64,416,144,144,144,15,272,0,0,0,1,1570,1570,600,1,root_band,0.009360534604638815,38,7.949076175689697,14.701932907104492,0.009061874821782112,0.8421052694320679,160,8.176029205322266,16.347055435180664,0.009659194387495518,0.8500000238418579
C1,45,heldout,nonblind_diagnostic,160,90,default,baseline,,0.0,7.62939453125e-06,315,64,416,144,144,144,15,272,0,0,0,1,1570,1570,600,1,outside_root_band,0.3824949786067009,106,39.399112701416016,101.86859893798828,0.24222783744335175,0.8962264060974121,440,73.93280792236328,208.0469207763672,0.52276211977005,0.9045454263687134
C2,42,fit,fit,160,90,default,baseline,,0.0,1.52587890625e-05,316,64,279,276,276,276,42,3,0,0,0,1,2103,2103,600,1,all,0.003660782240331173,276,5.0665717124938965,11.428248405456543,0.0032562394626438618,0.5978260636329651,600,5.379910469055176,12.389399528503418,0.004065325018018484,0.5866666436195374
C2,42,fit,fit,160,90,default,baseline,,0.0,1.52587890625e-05,316,64,279,276,276,276,42,3,0,0,0,1,2103,2103,600,1,root_band,0.0005105988020659424,57,3.827979564666748,5.57466983795166,0.0007899717311374843,0.6140350699424744,87,3.001267433166504,4.89347505569458,0.00023122587299440056,0.48275861144065857
C2,42,fit,fit,160,90,default,baseline,,0.0,1.52587890625e-05,316,64,279,276,276,276,42,3,0,0,0,1,2103,2103,600,1,outside_root_band,0.004306848859414458,219,5.388944625854492,12.021981239318848,0.003898145165294409,0.5936073064804077,513,5.783306121826172,12.868486404418945,0.004715552553534508,0.6042885184288025
C2,43,fit,fit,160,90,default,baseline,,0.0,1.52587890625e-05,317,64,270,266,266,266,44,4,0,0,0,1,2248,2248,600,1,all,0.003952831961214542,266,5.302038192749023,11.791423797607422,0.003639151342213154,0.5601503849029541,600,5.504727840423584,12.747858047485352,0.004266512580215931,0.5983333587646484
C2,43,fit,fit,160,90,default,baseline,,0.0,1.52587890625e-05,317,64,270,266,266,266,44,4,0,0,0,1,2248,2248,600,1,root_band,,0,,,,,0,,,,
C2,43,fit,fit,160,90,default,baseline,,0.0,1.52587890625e-05,317,64,270,266,266,266,44,4,0,0,0,1,2248,2248,600,1,outside_root_band,0.003952831961214542,266,5.302038192749023,11.791423797607422,0.003639151342213154,0.5601503849029541,600,5.504727840423584,12.747858047485352,0.004266512580215931,0.5983333587646484
C2,44,heldout,nonblind_diagnostic,160,90,default,baseline,,0.0,1.52587890625e-05,318,64,297,294,294,294,45,3,0,0,0,1,2573,2573,600,1,all,0.026998848654329777,294,9.919116973876953,26.774797439575195,0.023807896301150322,0.6836734414100647,600,11.269601821899414,29.345685958862305,0.03018980100750923,0.7183333039283752
C2,44,heldout,nonblind_diagnostic,160,90,default,baseline,,0.0,1.52587890625e-05,318,64,297,294,294,294,45,3,0,0,0,1,2573,2573,600,1,root_band,0.07412998378276825,34,23.192794799804688,28.927209854125977,0.07320669293403625,1.0,91,23.4525146484375,29.3408145904541,0.07505327463150024,1.0
C2,44,heldout,nonblind_diagnostic,160,90,default,baseline,,0.0,1.52587890625e-05,318,64,297,294,294,294,45,3,0,0,0,1,2573,2573,600,1,outside_root_band,0.019758536480367184,260,8.183327674865723,17.003889083862305,0.01734805293381214,0.642307698726654,509,9.09151840209961,29.102052688598633,0.022169020026922226,0.667976438999176
C2,45,heldout,nonblind_diagnostic,160,90,default,baseline,,0.0,5.7220458984375e-06,319,64,237,232,232,232,39,5,0,0,0,1,2002,2002,600,1,all,0.028307155705988407,232,9.61668586730957,28.150270462036133,0.024319713935256004,0.7068965435028076,600,11.417252540588379,29.95147132873535,0.03229459747672081,0.7316666841506958
C2,45,heldout,nonblind_diagnostic,160,90,default,baseline,,0.0,5.7220458984375e-06,319,64,237,232,232,232,39,5,0,0,0,1,2002,2002,600,1,root_band,0.06661566346883774,33,22.056371688842773,28.109643936157227,0.06585290282964706,1.0,113,22.294578552246094,28.325782775878906,0.06737842410802841,1.0
C2,45,heldout,nonblind_diagnostic,160,90,default,baseline,,0.0,5.7220458984375e-06,319,64,237,232,232,232,39,5,0,0,0,1,2002,2002,600,1,outside_root_band,0.02079315111041069,199,7.553824424743652,26.9052791595459,0.017432302236557007,0.6582914590835571,487,8.893353462219238,31.32927131652832,0.024153999984264374,0.6694045066833496
C3,42,fit,fit,160,90,default,baseline,,0.0,1.9073486328125e-06,320,64,63,60,60,60,5,3,0,0,0,1,622,622,600,1,all,0.0007758314823149703,60,2.857253074645996,4.530412197113037,0.00011897196236532182,0.5166666507720947,600,3.447448492050171,5.028983116149902,0.0014326910022646189,0.5566666722297668
C3,42,fit,fit,160,90,default,baseline,,0.0,1.9073486328125e-06,320,64,63,60,60,60,5,3,0,0,0,1,622,622,600,1,root_band,,0,,,,,0,,,,
C3,42,fit,fit,160,90,default,baseline,,0.0,1.9073486328125e-06,320,64,63,60,60,60,5,3,0,0,0,1,622,622,600,1,outside_root_band,0.0007758314823149703,60,2.857253074645996,4.530412197113037,0.00011897196236532182,0.5166666507720947,600,3.447448492050171,5.028983116149902,0.0014326910022646189,0.5566666722297668
C3,43,fit,fit,160,90,default,baseline,,0.0,7.62939453125e-06,321,64,173,170,170,170,24,3,0,0,0,1,1508,1508,600,1,all,0.0006640451028943062,170,3.7677626609802246,6.055983066558838,0.0005247359513305128,0.6705882549285889,600,3.7730140686035156,6.124515056610107,0.0008033542544580996,0.6266666650772095
C3,43,fit,fit,160,90,default,baseline,,0.0,7.62939453125e-06,321,64,173,170,170,170,24,3,0,0,0,1,1508,1508,600,1,root_band,,0,,,,,0,,,,
C3,43,fit,fit,160,90,default,baseline,,0.0,7.62939453125e-06,321,64,173,170,170,170,24,3,0,0,0,1,1508,1508,600,1,outside_root_band,0.0006640451028943062,170,3.7677626609802246,6.055983066558838,0.0005247359513305128,0.6705882549285889,600,3.7730140686035156,6.124515056610107,0.0008033542544580996,0.6266666650772095
C3,44,heldout,nonblind_diagnostic,160,90,default,baseline,,0.0,3.814697265625e-06,322,64,170,165,165,165,23,5,0,0,0,1,1462,1462,600,1,all,0.018949491903185844,165,10.207852363586426,20.262889862060547,0.016776295378804207,0.8181818127632141,600,11.101570129394531,20.768245697021484,0.021122688427567482,0.824999988079071
C3,44,heldout,nonblind_diagnostic,160,90,default,baseline,,0.0,3.814697265625e-06,322,64,170,165,165,165,23,5,0,0,0,1,1462,1462,600,1,root_band,,0,,,,,0,,,,
C3,44,heldout,nonblind_diagnostic,160,90,default,baseline,,0.0,3.814697265625e-06,322,64,170,165,165,165,23,5,0,0,0,1,1462,1462,600,1,outside_root_band,0.018949491903185844,165,10.207852363586426,20.262889862060547,0.016776295378804207,0.8181818127632141,600,11.101570129394531,20.768245697021484,0.021122688427567482,0.824999988079071
C3,45,heldout,nonblind_diagnostic,160,90,default,baseline,,0.0,9.5367431640625e-07,323,64,50,47,47,47,4,3,0,0,0,1,507,507,507,0,all,0.05988309718668461,47,20.407527923583984,22.922653198242188,0.05358613654971123,1.0,507,22.04623031616211,23.483055114746094,0.06618005782365799,1.0
C3,45,heldout,nonblind_diagnostic,160,90,default,baseline,,0.0,9.5367431640625e-07,323,64,50,47,47,47,4,3,0,0,0,1,507,507,507,0,root_band,,0,,,,,0,,,,
C3,45,heldout,nonblind_diagnostic,160,90,default,baseline,,0.0,9.5367431640625e-07,323,64,50,47,47,47,4,3,0,0,0,1,507,507,507,0,outside_root_band,0.05988309718668461,47,20.407527923583984,22.922653198242188,0.05358613654971123,1.0,507,22.04623031616211,23.483055114746094,0.06618005782365799,1.0
C1,42,fit,fit,1920,1080,default,baseline,,0.0,6.103515625e-05,324,64,4085,1678,1590,300,11,2407,88,1,0,1,1104,1104,600,1,all,2.918969541788101,300,57.5506591796875,245.17910766601562,5.430457592010498,0.6866666674613953,600,7.049962520599365,23.851041793823242,0.40748149156570435,0.5916666388511658
C1,42,fit,fit,1920,1080,default,baseline,,0.0,6.103515625e-05,324,64,4085,1678,1590,300,11,2407,88,1,0,1,1104,1104,600,1,root_band,0.01661352440714836,68,2.4202396869659424,4.199296951293945,0.015463974326848984,0.22058823704719543,171,2.3943490982055664,4.436395645141602,0.01776307448744774,0.2514619827270508
C1,42,fit,fit,1920,1080,default,baseline,,0.0,6.103515625e-05,324,64,4085,1678,1590,300,11,2407,88,1,0,1,1104,1104,600,1,outside_root_band,3.7902171909809113,232,73.7095718383789,288.31024169921875,7.017610549926758,0.8232758641242981,429,8.905695915222168,28.90178680419922,0.5628238320350647,0.7272727489471436
C1,43,fit,fit,1920,1080,default,baseline,,0.0,6.103515625e-05,325,64,4221,1985,1677,300,16,2236,308,1,0,1,1911,1911,600,1,all,1.8921737968921661,300,7.811316967010498,15.535073280334473,0.4587405323982239,0.6866666674613953,600,36.537940979003906,142.8524932861328,3.3256070613861084,0.7300000190734863
C1,43,fit,fit,1920,1080,default,baseline,,0.0,6.103515625e-05,325,64,4221,1985,1677,300,16,2236,308,1,0,1,1911,1911,600,1,root_band,0.29463937878608704,142,5.8919806480407715,12.586090087890625,0.28907641768455505,0.577464759349823,237,5.89283561706543,12.685697555541992,0.300202339887619,0.5907173156738281
C1,43,fit,fit,1920,1080,default,baseline,,0.0,6.103515625e-05,325,64,4221,1985,1677,300,16,2236,308,1,0,1,1911,1911,600,1,outside_root_band,2.95604744553566,158,9.53628921508789,28.169811248779297,0.6112235188484192,0.7848101258277893,363,56.545902252197266,215.63136291503906,5.3008713722229,0.8209366202354431
C1,44,heldout,nonblind_diagnostic,1920,1080,default,baseline,,0.0,6.103515625e-05,326,64,4315,1675,1598,300,15,2640,77,1,0,1,1925,1925,600,1,all,3.295218527317047,300,14.405519485473633,46.12410354614258,1.0962368249893188,0.7733333110809326,600,58.426902770996094,224.49322509765625,5.494200229644775,0.8116666674613953
C1,44,heldout,nonblind_diagnostic,1920,1080,default,baseline,,0.0,6.103515625e-05,326,64,4315,1675,1598,300,15,2640,77,1,0,1,1925,1925,600,1,root_band,0.3732702136039734,102,6.799100399017334,12.252328872680664,0.35649505257606506,0.6960784196853638,164,7.04187536239624,13.663531303405762,0.3900453746318817,0.7012194991111755
C1,44,heldout,nonblind_diagnostic,1920,1080,default,baseline,,0.0,6.103515625e-05,326,64,4315,1675,1598,300,15,2640,77,1,0,1,1925,1925,600,1,outside_root_band,4.445713698863983,198,18.323976516723633,61.78401565551758,1.4773157835006714,0.8131313323974609,436,77.75521087646484,273.4721374511719,7.414111614227295,0.853210985660553
C1,45,heldout,nonblind_diagnostic,1920,1080,default,baseline,,0.0,6.103515625e-05,327,64,4450,1489,1399,300,13,2961,90,1,0,1,1570,1570,600,1,all,3.860015392303467,300,26.4465274810791,85.07555389404297,2.2749338150024414,0.8799999952316284,600,58.16236877441406,182.84683227539062,5.445096969604492,0.8849999904632568
C1,45,heldout,nonblind_diagnostic,1920,1080,default,baseline,,0.0,6.103515625e-05,327,64,4450,1489,1399,300,13,2961,90,1,0,1,1570,1570,600,1,root_band,0.4456716924905777,90,7.951946258544922,14.739949226379395,0.43378880620002747,0.8444444537162781,160,8.176041603088379,16.34697914123535,0.45755457878112793,0.8500000238418579
C1,45,heldout,nonblind_diagnostic,1920,1080,default,baseline,,0.0,6.103515625e-05,327,64,4450,1489,1399,300,13,2961,90,1,0,1,1570,1570,600,1,outside_root_band,5.161372423171997,210,34.372772216796875,93.77904510498047,3.063995838165283,0.8952381014823914,440,76.3392105102539,218.45066833496094,7.258749008178711,0.8977272510528564
C2,42,fit,fit,1920,1080,default,baseline,,0.0,6.103515625e-05,328,64,2703,2674,2418,300,41,29,256,1,0,1,2103,2103,600,1,all,0.2409919649362564,300,5.569953918457031,12.074971199035645,0.23902054131031036,0.6566666960716248,600,5.417396545410156,12.223584175109863,0.24296338856220245,0.6133333444595337
C2,42,fit,fit,1920,1080,default,baseline,,0.0,6.103515625e-05,328,64,2703,2674,2418,300,41,29,256,1,0,1,2103,2103,600,1,root_band,0.04478847421705723,48,3.9580414295196533,5.069993019104004,0.048969343304634094,0.8125,87,3.7220609188079834,4.93353271484375,0.04060760512948036,0.7241379022598267
C2,42,fit,fit,1920,1080,default,baseline,,0.0,6.103515625e-05,328,64,2703,2674,2418,300,41,29,256,1,0,1,2103,2103,600,1,outside_root_band,0.276250883936882,252,5.8769850730896,12.711040496826172,0.27522075176239014,0.6269841194152832,513,5.704909801483154,12.819880485534668,0.2772810161113739,0.5945419073104858
C2,43,fit,fit,1920,1080,default,baseline,,0.0,0.0001220703125,329,64,2596,2554,2554,300,44,42,0,1,0,1,2248,2248,600,1,all,0.25519417971372604,300,5.730222225189209,12.370894432067871,0.2609112560749054,0.6399999856948853,600,5.41302490234375,12.48369026184082,0.2494771033525467,0.5983333587646484
C2,43,fit,fit,1920,1080,default,baseline,,0.0,0.0001220703125,329,64,2596,2554,2554,300,44,42,0,1,0,1,2248,2248,600,1,root_band,,0,,,,,0,,,,
C2,43,fit,fit,1920,1080,default,baseline,,0.0,0.0001220703125,329,64,2596,2554,2554,300,44,42,0,1,0,1,2248,2248,600,1,outside_root_band,0.25519417971372604,300,5.730222225189209,12.370894432067871,0.2609112560749054,0.6399999856948853,600,5.41302490234375,12.48369026184082,0.2494771033525467,0.5983333587646484
C2,44,heldout,nonblind_diagnostic,1920,1080,default,baseline,,0.0,7.002853089943528e-05,330,64,2863,2837,2837,300,45,26,0,1,0,1,2573,2573,600,1,all,0.7855556309223175,300,11.040380477905273,28.93433380126953,0.7653936147689819,0.7266666889190674,600,11.265335083007812,29.34577751159668,0.8057176470756531,0.7183333039283752
C2,44,heldout,nonblind_diagnostic,1920,1080,default,baseline,,0.0,7.002853089943528e-05,330,64,2863,2837,2837,300,45,26,0,1,0,1,2573,2573,600,1,root_band,1.9302265048027039,41,23.18000030517578,28.945026397705078,1.9179999828338623,1.0,91,23.424531936645508,29.340913772583008,1.9424530267715454,1.0
C2,44,heldout,nonblind_diagnostic,1920,1080,default,baseline,,0.0,7.002853089943528e-05,330,64,2863,2837,2837,300,45,26,0,1,0,1,2573,2573,600,1,outside_root_band,0.5927122831344604,259,9.118663787841797,26.515302658081055,0.5829346179962158,0.6833977103233337,509,9.091490745544434,29.102060317993164,0.6024899482727051,0.667976438999176
C2,45,heldout,nonblind_diagnostic,1920,1080,default,baseline,,0.0,7.300437573576346e-05,331,64,2237,2203,2203,300,39,34,0,1,0,1,2002,2002,600,1,all,0.7797175645828247,300,10.809724807739258,29.032489776611328,0.7502163648605347,0.7366666793823242,600,11.300009727478027,29.951494216918945,0.8092187643051147,0.7233333587646484
C2,45,heldout,nonblind_diagnostic,1920,1080,default,baseline,,0.0,7.300437573576346e-05,331,64,2237,2203,2203,300,39,34,0,1,0,1,2002,2002,600,1,root_band,1.8091126680374146,51,21.93178939819336,28.164384841918945,1.793178915977478,1.0,113,22.25046157836914,28.325878143310547,1.825046420097351,1.0
C2,45,heldout,nonblind_diagnostic,1920,1080,default,baseline,,0.0,7.300437573576346e-05,331,64,2237,2203,2203,300,39,34,0,1,0,1,2002,2002,600,1,outside_root_band,0.5550554394721985,249,8.531712532043457,30.18743133544922,0.536597490310669,0.6827309131622314,487,8.759145736694336,31.32932472229004,0.573513388633728,0.6591376066207886
C3,42,fit,fit,1920,1080,default,baseline,,0.0,6.291359750321135e-05,332,64,694,666,666,300,5,28,0,1,0,1,622,622,600,1,all,0.023384197615087032,300,2.847090482711792,4.632284164428711,0.01755712926387787,0.503333330154419,600,3.0516254901885986,4.900115013122559,0.029211265966296196,0.5566666722297668
C3,42,fit,fit,1920,1080,default,baseline,,0.0,6.291359750321135e-05,332,64,694,666,666,300,5,28,0,1,0,1,622,622,600,1,root_band,,0,,,,,0,,,,
C3,42,fit,fit,1920,1080,default,baseline,,0.0,6.291359750321135e-05,332,64,694,666,666,300,5,28,0,1,0,1,622,622,600,1,outside_root_band,0.023384197615087032,300,2.847090482711792,4.632284164428711,0.01755712926387787,0.503333330154419,600,3.0516254901885986,4.900115013122559,0.029211265966296196,0.5566666722297668
C3,43,fit,fit,1920,1080,default,baseline,,0.0,6.103515625e-05,333,64,1699,1674,1674,300,24,25,0,1,0,1,1508,1508,600,1,all,0.06448463723063469,300,3.708317518234253,6.099781513214111,0.06426752358675003,0.6333333253860474,600,3.62906813621521,6.0697832107543945,0.06470175087451935,0.6183333396911621
C3,43,fit,fit,1920,1080,default,baseline,,0.0,6.103515625e-05,333,64,1699,1674,1674,300,24,25,0,1,0,1,1508,1508,600,1,root_band,,0,,,,,0,,,,
C3,43,fit,fit,1920,1080,default,baseline,,0.0,6.103515625e-05,333,64,1699,1674,1674,300,24,25,0,1,0,1,1508,1508,600,1,outside_root_band,0.06448463723063469,300,3.708317518234253,6.099781513214111,0.06426752358675003,0.6333333253860474,600,3.62906813621521,6.0697832107543945,0.06470175087451935,0.6183333396911621
C3,44,heldout,nonblind_diagnostic,1920,1080,default,baseline,,0.0,6.103515625e-05,334,64,1678,1646,1646,300,24,32,0,1,0,1,1462,1462,600,1,all,0.7177909910678864,300,10.558416366577148,20.430322647094727,0.7039796113967896,0.8166666626930237,600,10.787975311279297,20.6862735748291,0.7316023707389832,0.824999988079071
C3,44,heldout,nonblind_diagnostic,1920,1080,default,baseline,,0.0,6.103515625e-05,334,64,1678,1646,1646,300,24,32,0,1,0,1,1462,1462,600,1,root_band,,0,,,,,0,,,,
C3,44,heldout,nonblind_diagnostic,1920,1080,default,baseline,,0.0,6.103515625e-05,334,64,1678,1646,1646,300,24,32,0,1,0,1,1462,1462,600,1,outside_root_band,0.7177909910678864,300,10.558416366577148,20.430322647094727,0.7039796113967896,0.8166666626930237,600,10.787975311279297,20.6862735748291,0.7316023707389832,0.824999988079071
C3,45,heldout,nonblind_diagnostic,1920,1080,default,baseline,,0.0,2.75081729341764e-05,335,64,554,526,526,300,4,28,0,1,0,1,507,507,507,0,all,1.6605101823806763,300,20.272199630737305,22.86793327331543,1.6272200345993042,1.0,507,20.938003540039062,23.362871170043945,1.6938003301620483,1.0
C3,45,heldout,nonblind_diagnostic,1920,1080,default,baseline,,0.0,2.75081729341764e-05,335,64,554,526,526,300,4,28,0,1,0,1,507,507,507,0,root_band,,0,,,,,0,,,,
C3,45,heldout,nonblind_diagnostic,1920,1080,default,baseline,,0.0,2.75081729341764e-05,335,64,554,526,526,300,4,28,0,1,0,1,507,507,507,0,outside_root_band,1.6605101823806763,300,20.272199630737305,22.86793327331543,1.6272200345993042,1.0,507,20.938003540039062,23.362871170043945,1.6938003301620483,1.0
C1,42,fit,fit,640,360,expanded,baseline,,0.0,3.0517578125e-05,336,64,1420,585,585,585,12,835,0,0,0,1,1104,1104,1104,0,all,0.9828848652541637,585,59.5396614074707,258.2069091796875,1.8514431715011597,0.6427350640296936,1104,6.982940196990967,23.65558433532715,0.11432655900716782,0.5914855003356934
C1,42,fit,fit,640,360,expanded,baseline,,0.0,3.0517578125e-05,336,64,1420,585,585,585,12,835,0,0,0,1,1104,1104,1104,0,root_band,0.0018456702237017453,152,2.0170397758483887,3.979339599609375,0.0015446956967934966,0.17105263471603394,316,2.1767778396606445,4.448108673095703,0.002146644750609994,0.24367088079452515
C1,42,fit,fit,640,360,expanded,baseline,,0.0,3.0517578125e-05,336,64,1420,585,585,585,12,835,0,0,0,1,1104,1104,1104,0,outside_root_band,1.3300713002681732,433,79.73236083984375,303.5201110839844,2.5008301734924316,0.8083140850067139,788,8.910284042358398,28.83043098449707,0.1593124270439148,0.7309644818305969
C1,43,fit,fit,640,360,expanded,baseline,,0.0,3.0517578125e-05,337,64,1464,677,613,613,17,787,64,0,0,1,1911,1911,1911,0,all,0.600330613553524,613,7.799191474914551,15.77820110321045,0.13127343356609344,0.6296900510787964,1911,36.435813903808594,145.27734375,1.0693877935409546,0.7294610142707825
C1,43,fit,fit,640,360,expanded,baseline,,0.0,3.0517578125e-05,337,64,1464,677,613,613,17,787,64,0,0,1,1911,1911,1911,0,root_band,0.06468329019844532,297,5.150913238525391,11.949688911437988,0.05798069015145302,0.5218855142593384,754,5.85521936416626,12.71107292175293,0.07138589024543762,0.5941644310951233
C1,43,fit,fit,640,360,expanded,baseline,,0.0,3.0517578125e-05,337,64,1464,677,613,613,17,787,64,0,0,1,1911,1911,1911,0,outside_root_band,0.9599651843309402,316,10.28823471069336,34.307395935058594,0.20015934109687805,0.7310126423835754,1157,56.364742279052734,218.3075408935547,1.7197710275650024,0.8176317811012268
C1,44,heldout,nonblind_diagnostic,640,360,expanded,baseline,,0.0,3.0517578125e-05,338,64,1495,573,568,568,16,922,5,0,0,1,1925,1925,1925,0,all,1.0495873987674713,568,13.422266960144043,44.362220764160156,0.30596476793289185,0.716549277305603,1925,58.57023620605469,226.4500732421875,1.7932100296020508,0.8135064840316772
C1,44,heldout,nonblind_diagnostic,640,360,expanded,baseline,,0.0,3.0517578125e-05,338,64,1495,573,568,568,16,922,5,0,0,1,1925,1925,1925,0,root_band,0.08394917845726013,210,6.096552848815918,12.292242050170898,0.07439197599887848,0.6238095164299011,525,7.07114839553833,13.616015434265137,0.09350638091564178,0.7085714340209961
C1,44,heldout,nonblind_diagnostic,640,360,expanded,baseline,,0.0,3.0517578125e-05,338,64,1495,573,568,568,16,922,5,0,0,1,1925,1925,1925,0,outside_root_band,1.4362011551856995,358,17.719470977783203,60.674713134765625,0.44180357456207275,0.7709497213363647,1400,77.88239288330078,276.80169677734375,2.430598735809326,0.8528571724891663
C1,45,heldout,nonblind_diagnostic,640,360,expanded,baseline,,0.0,3.0517578125e-05,339,64,1541,510,496,496,14,1031,14,0,0,1,1570,1570,1570,0,all,1.271117925643921,496,28.708913803100586,93.48529815673828,0.7899603843688965,0.850806474685669,1570,57.75511932373047,183.51873779296875,1.7522754669189453,0.8853503465652466
C1,45,heldout,nonblind_diagnostic,640,360,expanded,baseline,,0.0,3.0517578125e-05,339,64,1541,510,496,496,14,1031,14,0,0,1,1570,1570,1570,0,root_band,0.10493267700076103,142,7.830416679382324,15.24491024017334,0.10049814730882645,0.8239436745643616,417,8.172959327697754,16.114381790161133,0.10936720669269562,0.8465228080749512
C1,45,heldout,nonblind_diagnostic,640,360,expanded,baseline,,0.0,3.0517578125e-05,339,64,1541,510,496,496,14,1031,14,0,0,1,1570,1570,1570,0,outside_root_band,1.7064912915229797,354,37.08390808105469,100.04432678222656,1.0665243864059448,0.8615819215774536,1153,75.687255859375,219.40682983398438,2.3464581966400146,0.8993929028511047
C2,42,fit,fit,640,360,expanded,baseline,,0.0,3.0517578125e-05,340,64,943,932,860,860,41,11,72,0,0,1,2103,2103,2103,0,all,0.05197571963071823,860,5.027017116546631,11.721652030944824,0.04835817590355873,0.5790697932243347,2103,5.383119106292725,12.314160346984863,0.05559326335787773,0.6053256988525391
C2,42,fit,fit,640,360,expanded,baseline,,0.0,3.0517578125e-05,340,64,943,932,860,860,41,11,72,0,0,1,2103,2103,2103,0,root_band,0.0034780922578647733,144,3.311293840408325,4.610466957092285,0.0028945363592356443,0.6388888955116272,304,3.3820173740386963,4.933891296386719,0.004061648156493902,0.6019737124443054
C2,42,fit,fit,640,360,expanded,baseline,,0.0,3.0517578125e-05,340,64,943,932,860,860,41,11,72,0,0,1,2103,2103,2103,0,outside_root_band,0.0609014630317688,716,5.3720784187316895,12.238429069519043,0.05750170350074768,0.5670391321182251,1799,5.72127103805542,12.839521408081055,0.06430122256278992,0.6058921813964844
C2,43,fit,fit,640,360,expanded,baseline,,0.0,6.103515625e-05,341,64,907,892,892,892,44,15,0,0,0,1,2248,2248,2248,0,all,0.05364038795232773,892,5.210938453674316,12.107080459594727,0.05211862549185753,0.5728699564933777,2248,5.431996822357178,12.41175365447998,0.05516215041279793,0.6032028198242188
C2,43,fit,fit,640,360,expanded,baseline,,0.0,6.103515625e-05,341,64,907,892,892,892,44,15,0,0,0,1,2248,2248,2248,0,root_band,,0,,,,,0,,,,
C2,43,fit,fit,640,360,expanded,baseline,,0.0,6.103515625e-05,341,64,907,892,892,892,44,15,0,0,0,1,2248,2248,2248,0,outside_root_band,0.05364038795232773,892,5.210938453674316,12.107080459594727,0.05211862549185753,0.5728699564933777,2248,5.431996822357178,12.41175365447998,0.05516215041279793,0.6032028198242188
C2,44,heldout,nonblind_diagnostic,640,360,expanded,baseline,,0.0,3.4669210435822606e-05,342,64,998,989,989,989,45,9,0,0,0,1,2573,2573,2573,0,all,0.21663574129343033,989,10.281397819519043,28.011028289794922,0.20307621359825134,0.6814964413642883,2573,11.263081550598145,29.359207153320312,0.23019526898860931,0.7127866148948669
C2,44,heldout,nonblind_diagnostic,640,360,expanded,baseline,,0.0,3.4669210435822606e-05,342,64,998,989,989,989,45,9,0,0,0,1,2573,2573,2573,0,root_band,0.5742499530315399,130,23.065332412719727,28.967931747436523,0.5688443779945374,1.0,387,23.389667510986328,29.355098724365234,0.5796555280685425,1.0
C2,44,heldout,nonblind_diagnostic,640,360,expanded,baseline,,0.0,3.4669210435822606e-05,342,64,998,989,989,989,45,9,0,0,0,1,2573,2573,2573,0,outside_root_band,0.15802482515573502,859,8.346692085266113,24.71597671508789,0.1477213054895401,0.6332945227622986,2186,9.116243362426758,29.34433364868164,0.16832834482192993,0.6619396209716797
C2,45,heldout,nonblind_diagnostic,640,360,expanded,baseline,,0.0,3.104938514297828e-05,343,64,784,770,770,770,39,14,0,0,0,1,2002,2002,2002,0,all,0.21862515062093735,770,10.255765914916992,28.943790435791016,0.20349083840847015,0.7064934968948364,2002,11.316031455993652,29.988889694213867,0.23375946283340454,0.730269730091095
C2,45,heldout,nonblind_diagnostic,640,360,expanded,baseline,,0.0,3.104938514297828e-05,343,64,784,770,770,770,39,14,0,0,0,1,2002,2002,2002,0,root_band,0.5347668528556824,126,21.898155212402344,27.914628982543945,0.5299384593963623,1.0,374,22.187856674194336,28.29745101928711,0.5395952463150024,1.0
C2,45,heldout,nonblind_diagnostic,640,360,expanded,baseline,,0.0,3.104938514297828e-05,343,64,784,770,770,770,39,14,0,0,0,1,2002,2002,2002,0,outside_root_band,0.15156027674674988,644,7.977906703948975,29.925586700439453,0.13962064683437347,0.649068295955658,1628,8.818450927734375,31.2957706451416,0.16349990665912628,0.6683046817779541
C3,42,fit,fit,640,360,expanded,baseline,,0.0,3.1456798751605675e-05,344,64,235,225,225,225,5,10,0,0,0,1,622,622,622,0,all,0.0035463531967252493,225,2.8397915363311768,4.580254554748535,0.0018840241245925426,0.4977777898311615,622,3.108206272125244,4.9085917472839355,0.005208682268857956,0.5562701225280762
C3,42,fit,fit,640,360,expanded,baseline,,0.0,3.1456798751605675e-05,344,64,235,225,225,225,5,10,0,0,0,1,622,622,622,0,root_band,,0,,,,,0,,,,
C3,42,fit,fit,640,360,expanded,baseline,,0.0,3.1456798751605675e-05,344,64,235,225,225,225,5,10,0,0,0,1,622,622,622,0,outside_root_band,0.0035463531967252493,225,2.8397915363311768,4.580254554748535,0.0018840241245925426,0.4977777898311615,622,3.108206272125244,4.9085917472839355,0.005208682268857956,0.5562701225280762
C3,43,fit,fit,640,360,expanded,baseline,,0.0,3.0517578125e-05,345,64,591,582,582,582,24,9,0,0,0,1,1508,1508,1508,0,all,0.007553730625659227,582,3.497967481613159,5.762396335601807,0.006755251437425613,0.6013745665550232,1508,3.653393268585205,6.066078186035156,0.008352209813892841,0.6246684193611145
C3,43,fit,fit,640,360,expanded,baseline,,0.0,3.0517578125e-05,345,64,591,582,582,582,24,9,0,0,0,1,1508,1508,1508,0,root_band,,0,,,,,0,,,,
C3,43,fit,fit,640,360,expanded,baseline,,0.0,3.0517578125e-05,345,64,591,582,582,582,24,9,0,0,0,1,1508,1508,1508,0,outside_root_band,0.007553730625659227,582,3.497967481613159,5.762396335601807,0.006755251437425613,0.6013745665550232,1508,3.653393268585205,6.066078186035156,0.008352209813892841,0.6246684193611145
C3,44,heldout,nonblind_diagnostic,640,360,expanded,baseline,,0.0,3.0517578125e-05,346,64,582,571,571,571,24,11,0,0,0,1,1462,1462,1462,0,all,0.1907663568854332,571,10.271172523498535,20.262264251708984,0.1828848272562027,0.8143607974052429,1462,10.816575050354004,20.705411911010742,0.1986478865146637,0.8255813717842102
C3,44,heldout,nonblind_diagnostic,640,360,expanded,baseline,,0.0,3.0517578125e-05,346,64,582,571,571,571,24,11,0,0,0,1,1462,1462,1462,0,root_band,,0,,,,,0,,,,
C3,44,heldout,nonblind_diagnostic,640,360,expanded,baseline,,0.0,3.0517578125e-05,346,64,582,571,571,571,24,11,0,0,0,1,1462,1462,1462,0,outside_root_band,0.1907663568854332,571,10.271172523498535,20.262264251708984,0.1828848272562027,0.8143607974052429,1462,10.816575050354004,20.705411911010742,0.1986478865146637,0.8255813717842102
C3,45,heldout,nonblind_diagnostic,640,360,expanded,baseline,,0.0,7.864199687901419e-06,347,64,188,178,178,178,4,10,0,0,0,1,507,507,507,0,all,0.49059127271175385,178,20.308340072631836,22.881168365478516,0.4769446551799774,1.0,507,21.12713623046875,23.39454460144043,0.5042378902435303,1.0
C3,45,heldout,nonblind_diagnostic,640,360,expanded,baseline,,0.0,7.864199687901419e-06,347,64,188,178,178,178,4,10,0,0,0,1,507,507,507,0,root_band,,0,,,,,0,,,,
C3,45,heldout,nonblind_diagnostic,640,360,expanded,baseline,,0.0,7.864199687901419e-06,347,64,188,178,178,178,4,10,0,0,0,1,507,507,507,0,outside_root_band,0.49059127271175385,178,20.308340072631836,22.881168365478516,0.4769446551799774,1.0,507,21.12713623046875,23.39454460144043,0.5042378902435303,1.0
C1,42,fit,fit,1920,1080,expanded,baseline,,0.0,6.823938019806519e-05,348,64,4085,1678,1590,1590,11,2407,88,0,0,1,1104,1104,1104,0,all,2.8954004794359207,1590,57.03032684326172,244.6986846923828,5.384396076202393,0.6710692048072815,1104,7.040757179260254,23.655513763427734,0.40640488266944885,0.5905796885490417
C1,42,fit,fit,1920,1080,expanded,baseline,,0.0,6.823938019806519e-05,348,64,4085,1678,1590,1590,11,2407,88,0,0,1,1104,1104,1104,0,root_band,0.01604277640581131,360,2.2786624431610107,4.1835856437683105,0.014388715848326683,0.21388888359069824,316,2.3821723461151123,4.448188781738281,0.017696836963295937,0.24367088079452515
C1,42,fit,fit,1920,1080,expanded,baseline,,0.0,6.823938019806519e-05,348,64,4085,1678,1590,1590,11,2407,88,0,0,1,1104,1104,1104,0,outside_root_band,3.7591941952705383,1230,73.05520629882812,287.94964599609375,6.956105709075928,0.8048780560493469,788,8.908920288085938,28.830387115478516,0.5622826814651489,0.7296954393386841
C1,43,fit,fit,1920,1080,expanded,baseline,,0.0,6.103515625e-05,349,64,4221,1985,1677,1677,16,2236,308,0,0,1,1911,1911,1911,0,all,1.8743671476840973,1677,7.454660415649414,15.336663246154785,0.43856412172317505,0.6475849747657776,1911,36.37602233886719,144.43692016601562,3.3101701736450195,0.7294610142707825
C1,43,fit,fit,1920,1080,expanded,baseline,,0.0,6.103515625e-05,349,64,4221,1985,1677,1677,16,2236,308,0,0,1,1911,1911,1911,0,root_band,0.2882123738527298,796,5.569892406463623,12.422918319702148,0.27622190117836,0.5628140568733215,754,5.885370254516602,12.711136817932129,0.3002028465270996,0.5941644310951233
C1,43,fit,fit,1920,1080,expanded,baseline,,0.0,6.103515625e-05,349,64,4221,1985,1677,1677,16,2236,308,0,0,1,1911,1911,1911,0,outside_root_band,2.928482860326767,881,9.157583236694336,27.656259536743164,0.5852434039115906,0.7241770625114441,1157,56.246334075927734,217.40756225585938,5.271722316741943,0.8176317811012268
C1,44,heldout,nonblind_diagnostic,1920,1080,expanded,baseline,,0.0,8.63167442730628e-05,350,64,4315,1675,1598,1598,15,2640,77,0,0,1,1925,1925,1925,0,all,3.2790367603302,1598,14.089675903320312,46.03107833862305,1.0793061256408691,0.7396745681762695,1925,58.2806510925293,224.78787231445312,5.478767395019531,0.8135064840316772
C1,44,heldout,nonblind_diagnostic,1920,1080,expanded,baseline,,0.0,8.63167442730628e-05,350,64,4315,1675,1598,1598,15,2640,77,0,0,1,1925,1925,1925,0,root_band,0.37413863837718964,549,6.629178524017334,12.656063079833984,0.35699617862701416,0.6757741570472717,525,7.077831268310547,13.615995407104492,0.3912810981273651,0.7085714340209961
C1,44,heldout,nonblind_diagnostic,1920,1080,expanded,baseline,,0.0,8.63167442730628e-05,350,64,4315,1675,1598,1598,15,2640,77,0,0,1,1925,1925,1925,0,outside_root_band,4.421952784061432,1049,17.994171142578125,61.77044677734375,1.4573312997817993,0.7731172442436218,1400,77.48170471191406,275.0616455078125,7.3865742683410645,0.8528571724891663
C1,45,heldout,nonblind_diagnostic,1920,1080,expanded,baseline,,0.0,8.63167442730628e-05,351,64,4450,1489,1399,1399,13,2961,90,0,0,1,1570,1570,1570,0,all,3.841652750968933,1399,26.10818862915039,84.79019927978516,2.2480881214141846,0.8484631776809692,1570,58.0620231628418,184.57594299316406,5.435217380523682,0.8853503465652466
C1,45,heldout,nonblind_diagnostic,1920,1080,expanded,baseline,,0.0,8.63167442730628e-05,351,64,4450,1489,1399,1399,13,2961,90,0,0,1,1570,1570,1570,0,root_band,0.44300676882267,420,7.858500957489014,15.463132858276367,0.42852795124053955,0.8357142806053162,417,8.172971725463867,16.11432647705078,0.4574855864048004,0.8465228080749512
C1,45,heldout,nonblind_diagnostic,1920,1080,expanded,baseline,,0.0,8.63167442730628e-05,351,64,4450,1489,1399,1399,13,2961,90,0,0,1,1570,1570,1570,0,outside_root_band,5.132093787193298,979,33.937469482421875,93.42754364013672,3.028696298599243,0.8539325594902039,1153,76.10515594482422,219.7205810546875,7.2354912757873535,0.8993929028511047
C2,42,fit,fit,1920,1080,expanded,baseline,,0.0,0.0001220703125,352,64,2703,2674,2418,2418,41,29,256,0,0,1,2103,2103,2103,0,all,0.23368588089942932,2418,5.185349941253662,11.835012435913086,0.22351202368736267,0.6033912301063538,2103,5.428669452667236,12.314136505126953,0.24385973811149597,0.6229196190834045
C2,42,fit,fit,1920,1080,expanded,baseline,,0.0,0.0001220703125,352,64,2703,2674,2418,2418,41,29,256,0,0,1,2103,2103,2103,0,root_band,0.03534869756549597,386,3.547884225845337,4.628902435302734,0.029541270807385445,0.712435245513916,304,3.722083330154419,4.934537410736084,0.04115612432360649,0.7269737124443054
C2,42,fit,fit,1920,1080,expanded,baseline,,0.0,0.0001220703125,352,64,2703,2674,2418,2418,41,29,256,0,0,1,2103,2103,2103,0,outside_root_band,0.2692360430955887,2032,5.496403694152832,12.478408813476562,0.26035887002944946,0.5826771855354309,1799,5.717052936553955,12.83951473236084,0.2781132161617279,0.6053363084793091
C2,43,fit,fit,1920,1080,expanded,baseline,,0.0,0.0001220703125,353,64,2596,2554,2554,2554,44,42,0,0,0,1,2248,2248,2248,0,all,0.24900347739458084,2554,5.355498790740967,12.345868110656738,0.2470153421163559,0.5920125246047974,2248,5.423930644989014,12.411703109741211,0.2509916126728058,0.6032028198242188
C2,43,fit,fit,1920,1080,expanded,baseline,,0.0,0.0001220703125,353,64,2596,2554,2554,2554,44,42,0,0,0,1,2248,2248,2248,0,root_band,,0,,,,,0,,,,
C2,43,fit,fit,1920,1080,expanded,baseline,,0.0,0.0001220703125,353,64,2596,2554,2554,2554,44,42,0,0,0,1,2248,2248,2248,0,outside_root_band,0.24900347739458084,2554,5.355498790740967,12.345868110656738,0.2470153421163559,0.5920125246047974,2248,5.423930644989014,12.411703109741211,0.2509916126728058,0.6032028198242188
C2,44,heldout,nonblind_diagnostic,1920,1080,expanded,baseline,,0.0,0.0001220703125,354,64,2863,2837,2837,2837,45,26,0,0,0,1,2573,2573,2573,0,all,0.7726404666900635,2837,10.559090614318848,28.508073806762695,0.7398015260696411,0.6951004862785339,2573,11.262911796569824,29.359336853027344,0.8054794073104858,0.7127866148948669
C2,44,heldout,nonblind_diagnostic,1920,1080,expanded,baseline,,0.0,0.0001220703125,354,64,2863,2837,2837,2837,45,26,0,0,0,1,2573,2573,2573,0,root_band,1.9243093132972717,388,23.097719192504883,28.95575714111328,1.9097718000411987,1.0,387,23.38846778869629,29.355243682861328,1.9388468265533447,1.0
C2,44,heldout,nonblind_diagnostic,1920,1080,expanded,baseline,,0.0,0.0001220703125,354,64,2863,2837,2837,2837,45,26,0,0,0,1,2573,2573,2573,0,outside_root_band,0.5796368718147278,2449,8.57257080078125,26.53769302368164,0.5544408559799194,0.6467946171760559,2186,9.116254806518555,29.344390869140625,0.6048328876495361,0.6619396209716797
C2,45,heldout,nonblind_diagnostic,1920,1080,expanded,baseline,,0.0,7.300437573576346e-05,355,64,2237,2203,2203,2203,39,34,0,0,0,1,2002,2002,2002,0,all,0.7713858485221863,2203,10.517142295837402,29.28605079650879,0.7343489527702332,0.711756706237793,2002,11.298949241638184,29.988969802856445,0.8084227442741394,0.7277722358703613
C2,45,heldout,nonblind_diagnostic,1920,1080,expanded,baseline,,0.0,7.300437573576346e-05,355,64,2237,2203,2203,2203,39,34,0,0,0,1,2002,2002,2002,0,root_band,1.803169071674347,375,21.877052307128906,27.94302749633789,1.7877050638198853,1.0,374,22.186330795288086,28.29752540588379,1.8186330795288086,1.0
C2,45,heldout,nonblind_diagnostic,1920,1080,expanded,baseline,,0.0,7.300437573576346e-05,355,64,2237,2203,2203,2203,39,34,0,0,0,1,2002,2002,2002,0,outside_root_band,0.5473042726516724,1828,8.18674373626709,30.166406631469727,0.5182610750198364,0.6526257991790771,1628,8.797794342041016,31.295852661132812,0.5763474702835083,0.6652334332466125
C3,42,fit,fit,1920,1080,expanded,baseline,,0.0,6.291359750321135e-05,356,64,694,666,666,666,5,28,0,0,0,1,622,622,622,0,all,0.02308169472962618,666,2.8400354385375977,4.6098198890686035,0.017152758315205574,0.5030030012130737,622,3.0490031242370605,4.891757965087891,0.029010631144046783,0.5562701225280762
C3,42,fit,fit,1920,1080,expanded,baseline,,0.0,6.291359750321135e-05,356,64,694,666,666,666,5,28,0,0,0,1,622,622,622,0,root_band,,0,,,,,0,,,,
C3,42,fit,fit,1920,1080,expanded,baseline,,0.0,6.291359750321135e-05,356,64,694,666,666,666,5,28,0,0,0,1,622,622,622,0,outside_root_band,0.02308169472962618,666,2.8400354385375977,4.6098198890686035,0.017152758315205574,0.5030030012130737,622,3.0490031242370605,4.891757965087891,0.029010631144046783,0.5562701225280762
C3,43,fit,fit,1920,1080,expanded,baseline,,0.0,0.0001220703125,357,64,1699,1674,1674,1674,24,25,0,0,0,1,1508,1508,1508,0,all,0.059593068435788155,1674,3.5004031658172607,5.787177085876465,0.05455298349261284,0.5931899547576904,1508,3.643491268157959,6.057180881500244,0.06463315337896347,0.6246684193611145
C3,43,fit,fit,1920,1080,expanded,baseline,,0.0,0.0001220703125,357,64,1699,1674,1674,1674,24,25,0,0,0,1,1508,1508,1508,0,root_band,,0,,,,,0,,,,
C3,43,fit,fit,1920,1080,expanded,baseline,,0.0,0.0001220703125,357,64,1699,1674,1674,1674,24,25,0,0,0,1,1508,1508,1508,0,outside_root_band,0.059593068435788155,1674,3.5004031658172607,5.787177085876465,0.05455298349261284,0.5931899547576904,1508,3.643491268157959,6.057180881500244,0.06463315337896347,0.6246684193611145
C3,44,heldout,nonblind_diagnostic,1920,1080,expanded,baseline,,0.0,6.291359750321135e-05,358,64,1678,1646,1646,1646,24,32,0,0,0,1,1462,1462,1462,0,all,0.7119651138782501,1646,10.384239196777344,20.275876998901367,0.693338930606842,0.8177399635314941,1462,10.77626895904541,20.690757751464844,0.7305912971496582,0.8255813717842102
C3,44,heldout,nonblind_diagnostic,1920,1080,expanded,baseline,,0.0,6.291359750321135e-05,358,64,1678,1646,1646,1646,24,32,0,0,0,1,1462,1462,1462,0,root_band,,0,,,,,0,,,,
C3,44,heldout,nonblind_diagnostic,1920,1080,expanded,baseline,,0.0,6.291359750321135e-05,358,64,1678,1646,1646,1646,24,32,0,0,0,1,1462,1462,1462,0,outside_root_band,0.7119651138782501,1646,10.384239196777344,20.275876998901367,0.693338930606842,0.8177399635314941,1462,10.77626895904541,20.690757751464844,0.7305912971496582,0.8255813717842102
C3,45,heldout,nonblind_diagnostic,1920,1080,expanded,baseline,,0.0,3.0517578125e-05,359,64,554,526,526,526,4,28,0,0,0,1,507,507,507,0,all,1.660869061946869,526,20.27937889099121,22.899194717407227,1.6279377937316895,1.0,507,20.938003540039062,23.362871170043945,1.6938003301620483,1.0
C3,45,heldout,nonblind_diagnostic,1920,1080,expanded,baseline,,0.0,3.0517578125e-05,359,64,554,526,526,526,4,28,0,0,0,1,507,507,507,0,root_band,,0,,,,,0,,,,
C3,45,heldout,nonblind_diagnostic,1920,1080,expanded,baseline,,0.0,3.0517578125e-05,359,64,554,526,526,526,4,28,0,0,0,1,507,507,507,0,outside_root_band,1.660869061946869,526,20.27937889099121,22.899194717407227,1.6279377937316895,1.0,507,20.938003540039062,23.362871170043945,1.6938003301620483,1.0
