record_index,baseline_record_index,width,height,camera_id,frame_id,split,mode,amplitude_m,any_detected_branch_change,silhouette_edge_set_changed,silhouette_edge_count,candidate_samples_before_mask,candidate_samples_after_mask,candidate_samples_after_visibility,candidate_count,candidate_segment_count,candidate_mask_rejected,candidate_self_hidden_rejected,candidate_sampling_truncated,candidate_segments_truncated,independent_candidate_mask,observed_source_count,observed_inside_count,observed_count,observed_sampling_truncated,region,image_loss,nearest_original_edge_changed_count,deadband_active_changed_count,c2o_count,c2o_mean_native_px,c2o_p90_native_px,c2o_robust_mean,c2o_beyond_deadband_fraction,o2c_count,o2c_mean_native_px,o2c_p90_native_px,o2c_robust_mean,o2c_beyond_deadband_fraction
0,0,640,360,C1,42,fit,baseline,0.0,False,False,64,1420,585,585,300,12,835,0,1,0,1,1104,1104,600,1,all,0.9871651045978069,0,0,300,59.855106353759766,257.0151672363281,1.859682559967041,0.6433333158493042,600,6.986701488494873,23.851112365722656,0.11464764922857285,0.5933333039283752
0,0,640,360,C1,42,fit,baseline,0.0,False,False,64,1420,585,585,300,12,835,0,1,0,1,1104,1104,171,1,root_band,0.0018849289626814425,0,0,78,2.129547595977783,4.167309761047363,0.0016330283833667636,0.1666666716337204,171,2.170668363571167,4.436329364776611,0.0021368295419961214,0.2514619827270508
0,0,640,360,C1,42,fit,baseline,0.0,False,False,64,1420,585,585,300,12,835,0,1,0,1,1104,1104,429,1,outside_root_band,1.3360025882720947,0,0,222,80.1370620727539,303.5201110839844,2.5125105381011963,0.8108108043670654,429,8.906378746032715,28.901838302612305,0.15949463844299316,0.7296037077903748
1,0,640,360,C1,42,fit,X,-0.005,True,False,64,1419,585,585,300,12,834,0,1,0,1,1104,1104,600,1,all,0.9907900243997574,6,22,300,59.95929718017578,257.3102722167969,1.8643943071365356,0.6333333253860474,600,7.004190444946289,24.29353141784668,0.11718574166297913,0.5733333230018616
1,0,640,360,C1,42,fit,X,-0.005,True,False,64,1419,585,585,300,12,834,0,1,0,1,1104,1104,171,1,root_band,0.0011901843245141208,4,11,78,1.9265992641448975,3.6169116497039795,0.0010609154123812914,0.12820513546466827,171,1.8591753244400024,3.9701614379882812,0.0013194532366469502,0.1871345043182373
1,0,640,360,C1,42,fit,X,-0.005,True,False,64,1419,585,585,300,12,834,0,1,0,1,1104,1104,429,1,outside_root_band,1.341224581003189,2,11,222,80.34916687011719,303.78533935546875,2.5190789699554443,0.8108108043670654,429,9.055000305175781,29.338762283325195,0.16337019205093384,0.7272727489471436
2,0,640,360,C1,42,fit,Y,-0.005,True,False,64,1420,586,586,300,12,834,0,1,0,1,1104,1104,600,1,all,0.9837118163704872,6,27,300,59.816253662109375,257.0357666015625,1.8562943935394287,0.6766666769981384,600,6.947141647338867,23.205106735229492,0.11112923920154572,0.6183333396911621
2,0,640,360,C1,42,fit,Y,-0.005,True,False,64,1420,586,586,300,12,834,0,1,0,1,1104,1104,171,1,root_band,0.00296836846973747,4,18,78,2.4538755416870117,4.551488399505615,0.0025890166871249676,0.26923078298568726,171,2.542285442352295,4.989694595336914,0.0033477202523499727,0.35672515630722046
2,0,640,360,C1,42,fit,Y,-0.005,True,False,64,1420,586,586,300,12,834,0,1,0,1,1104,1104,429,1,outside_root_band,1.3308435529470444,2,9,222,79.9706039428711,303.5443420410156,2.507596015930176,0.8198198080062866,429,8.702922821044922,28.263879776000977,0.15409108996391296,0.7226107120513916
3,0,640,360,C1,42,fit,A,-0.005,True,False,64,1419,586,586,300,12,833,0,1,0,1,1104,1104,600,1,all,0.9893345236778259,3,20,300,59.90684509277344,257.1620788574219,1.8618042469024658,0.6499999761581421,600,7.015122413635254,24.227170944213867,0.11686480045318604,0.5766666531562805
3,0,640,360,C1,42,fit,A,-0.005,True,False,64,1419,586,586,300,12,833,0,1,0,1,1104,1104,171,1,root_band,0.001344268035609275,3,10,78,2.0129072666168213,3.7491276264190674,0.001183698303066194,0.1538461595773697,171,1.935319423675537,4.071385860443115,0.0015048377681523561,0.19298245012760162
3,0,640,360,C1,42,fit,A,-0.005,True,False,64,1419,586,586,300,12,833,0,1,0,1,1104,1104,429,1,outside_root_band,1.339191511273384,0,10,222,80.24796295166016,303.65087890625,2.515535593032837,0.8243243098258972,429,9.039938926696777,29.272253036499023,0.16284742951393127,0.7296037077903748
4,0,640,360,C1,42,fit,B,-0.005,True,False,64,1419,586,586,300,12,833,0,1,0,1,1104,1104,600,1,all,0.9911834076046944,4,25,300,59.93557357788086,257.18408203125,1.8634916543960571,0.653333306312561,600,7.045538425445557,24.563634872436523,0.1188751608133316,0.5716666579246521
4,0,640,360,C1,42,fit,B,-0.005,True,False,64,1419,586,586,300,12,833,0,1,0,1,1104,1104,171,1,root_band,0.0009907446219585836,4,12,78,1.893257737159729,3.4285857677459717,0.0008786687394604087,0.14102564752101898,171,1.7690895795822144,3.7596917152404785,0.0011028205044567585,0.1812865436077118
4,0,640,360,C1,42,fit,B,-0.005,True,False,64,1419,586,586,300,12,833,0,1,0,1,1104,1104,429,1,outside_root_band,1.341871127486229,0,13,222,80.32882690429688,303.66802978515625,2.517922878265381,0.8333333134651184,429,9.148738861083984,29.60363006591797,0.16581937670707703,0.7272727489471436
5,0,640,360,C1,42,fit,C,-0.005,True,False,64,1420,585,585,300,12,835,0,1,0,1,1104,1104,600,1,all,0.9854580350220203,2,16,300,59.84074783325195,256.99365234375,1.8581042289733887,0.6600000262260437,600,6.971074104309082,23.514684677124023,0.11281184107065201,0.6033333539962769
5,0,640,360,C1,42,fit,C,-0.005,True,False,64,1420,585,585,300,12,835,0,1,0,1,1104,1104,171,1,root_band,0.0024489006027579308,2,10,78,2.3072564601898193,4.443206310272217,0.0021138025913387537,0.24358974397182465,171,2.3823118209838867,4.748037815093994,0.002783998614177108,0.30994153022766113
5,0,640,360,C1,42,fit,C,-0.005,True,False,64,1420,585,585,300,12,835,0,1,0,1,1104,1104,429,1,outside_root_band,1.3334389850497246,0,6,222,80.05521392822266,303.5032958984375,2.51020884513855,0.8063063025474548,429,8.800161361694336,28.570486068725586,0.15666912496089935,0.7202796936035156
6,0,640,360,C1,42,fit,X,0.005,True,False,64,1419,585,585,300,12,834,0,1,0,1,1104,1104,600,1,all,0.9840521775186062,6,23,300,59.80088424682617,256.72021484375,1.8557900190353394,0.6700000166893005,600,6.985266208648682,23.408489227294922,0.11231433600187302,0.6116666793823242
6,0,640,360,C1,42,fit,X,0.005,True,False,64,1419,585,585,300,12,834,0,1,0,1,1104,1104,171,1,root_band,0.0028696514200419188,4,15,78,2.4262239933013916,4.64702844619751,0.0024535958655178547,0.25641027092933655,171,2.5259366035461426,4.903246879577637,0.003285706974565983,0.3391812741756439
6,0,640,360,C1,42,fit,X,0.005,True,False,64,1419,585,585,300,12,834,0,1,0,1,1104,1104,429,1,outside_root_band,1.3313677981495857,2,8,222,79.95954895019531,303.2549743652344,2.506962299346924,0.815315306186676,429,8.762761116027832,28.464717864990234,0.15577329695224762,0.7202796936035156
7,0,640,360,C1,42,fit,Y,0.005,True,False,64,1418,584,584,300,12,834,0,1,0,1,1104,1104,600,1,all,0.992613673210144,4,23,300,60.055049896240234,259.6768798828125,1.866790533065796,0.653333306312561,600,7.0451765060424805,24.497299194335938,0.11843681335449219,0.574999988079071
7,0,640,360,C1,42,fit,Y,0.005,True,False,64,1418,584,584,300,12,834,0,1,0,1,1104,1104,171,1,root_band,0.0012440970167517662,4,11,78,1.9458297491073608,3.7630443572998047,0.0011898746015504003,0.1538461595773697,171,1.8437588214874268,3.9083011150360107,0.0012983194319531322,0.1871345043182373
7,0,640,360,C1,42,fit,Y,0.005,True,False,64,1418,584,584,300,12,834,0,1,0,1,1104,1104,429,1,outside_root_band,1.343700110912323,0,12,222,80.4718017578125,303.4965515136719,2.5222718715667725,0.8288288116455078,429,9.118468284606934,29.540000915527344,0.16512835025787354,0.7296037077903748
8,0,640,360,C1,42,fit,A,0.005,True,False,64,1419,585,585,300,12,834,0,1,0,1,1104,1104,600,1,all,0.9846228659152985,2,21,300,59.799468994140625,256.86859130859375,1.8566890954971313,0.6633333563804626,600,6.967007637023926,23.475061416625977,0.11255663633346558,0.6050000190734863
8,0,640,360,C1,42,fit,A,0.005,True,False,64,1419,585,585,300,12,834,0,1,0,1,1104,1104,171,1,root_band,0.00258826045319438,2,11,78,2.3303794860839844,4.524805545806885,0.0022238525561988354,0.24358974397182465,171,2.423261880874634,4.801623344421387,0.0029526683501899242,0.31578946113586426
8,0,640,360,C1,42,fit,A,0.005,True,False,64,1419,585,585,300,12,834,0,1,0,1,1104,1104,429,1,outside_root_band,1.3322513923048973,0,10,222,79.99131774902344,303.38958740234375,2.5082578659057617,0.8108108043670654,429,8.778151512145996,28.53146743774414,0.1562449187040329,0.7202796936035156
9,0,640,360,C1,42,fit,B,0.005,True,False,64,1419,585,585,300,12,834,0,1,0,1,1104,1104,600,1,all,0.9829980581998825,6,31,300,59.790733337402344,256.8473205566406,1.8551743030548096,0.6766666769981384,600,6.957261085510254,23.138639450073242,0.11082181334495544,0.625
9,0,640,360,C1,42,fit,B,0.005,True,False,64,1419,585,585,300,12,834,0,1,0,1,1104,1104,171,1,root_band,0.003302672994323075,5,20,78,2.5264196395874023,4.8049139976501465,0.002827552380040288,0.29487180709838867,171,2.6465535163879395,5.113370895385742,0.0037777936086058617,0.3684210479259491
9,0,640,360,C1,42,fit,B,0.005,True,False,64,1419,585,585,300,12,834,0,1,0,1,1104,1104,429,1,outside_root_band,1.3297443985939026,1,11,222,79.91062927246094,303.3728942871094,2.5059990882873535,0.8108108043670654,429,8.675514221191406,28.20012664794922,0.15348970890045166,0.7272727489471436
10,0,640,360,C1,42,fit,C,0.005,True,False,64,1420,585,585,300,12,835,0,1,0,1,1104,1104,600,1,all,0.988941453397274,3,16,300,59.87440490722656,257.0369567871094,1.861315131187439,0.6466666460037231,600,7.007499694824219,24.187519073486328,0.11656777560710907,0.5766666531562805
10,0,640,360,C1,42,fit,C,0.005,True,False,64,1420,585,585,300,12,835,0,1,0,1,1104,1104,171,1,root_band,0.001425420749001205,3,9,78,1.9672123193740845,3.8911852836608887,0.0012376646045595407,0.1538461595773697,171,1.9697080850601196,4.124595642089844,0.0016131768934428692,0.19883041083812714
10,0,640,360,C1,42,fit,C,0.005,True,False,64,1420,585,585,300,12,835,0,1,0,1,1104,1104,429,1,outside_root_band,1.3386224657297134,0,7,222,80.22017669677734,303.53717041015625,2.5148561000823975,0.8198198080062866,429,9.015570640563965,29.233173370361328,0.16238883137702942,0.7272727489471436
11,0,640,360,C1,42,fit,X,-0.01,True,False,64,1419,585,585,300,12,834,0,1,0,1,1104,1104,600,1,all,0.9945737943053246,14,41,300,60.08208084106445,257.6053161621094,1.869234561920166,0.6399999856948853,600,7.048356056213379,24.73567771911621,0.1199130266904831,0.5649999976158142
11,0,640,360,C1,42,fit,X,-0.01,True,False,64,1419,585,585,300,12,834,0,1,0,1,1104,1104,171,1,root_band,0.0007086486148182303,12,20,78,1.791426420211792,3.1872763633728027,0.0006574923172593117,0.12820513546466827,171,1.6404255628585815,3.504693031311035,0.0007598049123771489,0.13450291752815247
11,0,640,360,C1,42,fit,X,-0.01,True,False,64,1419,585,585,300,12,834,0,1,0,1,1104,1104,429,1,outside_root_band,1.3465847373008728,2,21,222,80.56257629394531,304.0505065917969,2.525761842727661,0.8198198080062866,429,9.203964233398438,29.775423049926758,0.16740763187408447,0.7365967631340027
12,0,640,360,C1,42,fit,Y,-0.01,True,False,64,1421,586,586,300,12,835,0,1,0,1,1104,1104,600,1,all,0.9809872806072235,11,56,300,59.809471130371094,257.0573425292969,1.8540724515914917,0.699999988079071,600,6.922468662261963,22.559314727783203,0.10790210962295532,0.6433333158493042
12,0,640,360,C1,42,fit,Y,-0.01,True,False,64,1421,586,586,300,12,835,0,1,0,1,1104,1104,171,1,root_band,0.004469165927730501,9,36,78,2.7636537551879883,5.077994346618652,0.003889878513291478,0.38461539149284363,171,2.9347522258758545,5.542513847351074,0.005048453342169523,0.46198830008506775
12,0,640,360,C1,42,fit,Y,-0.01,True,False,64,1421,586,586,300,12,835,0,1,0,1,1104,1104,429,1,outside_root_band,1.3265181481838226,2,20,222,79.85260009765625,303.5692138671875,2.504136562347412,0.8108108043670654,429,8.511977195739746,27.626089096069336,0.14889973402023315,0.7156177163124084
13,0,640,360,C1,42,fit,A,-0.01,True,False,64,1419,585,585,300,12,834,0,1,0,1,1104,1104,600,1,all,0.9929138161242008,5,30,300,60.0222053527832,257.3091735839844,1.8666263818740845,0.6399999856948853,600,7.0560622215271,24.6032772064209,0.11920125037431717,0.5733333230018616
13,0,640,360,C1,42,fit,A,-0.01,True,False,64,1419,585,585,300,12,834,0,1,0,1,1104,1104,171,1,root_band,0.0009195180900860578,4,12,78,1.823477029800415,3.461423635482788,0.0008185359765775502,0.12820513546466827,171,1.741526484489441,3.7066378593444824,0.0010205002035945654,0.1812865436077118
13,0,640,360,C1,42,fit,A,-0.01,True,False,64,1419,585,585,300,12,834,0,1,0,1,1104,1104,429,1,outside_root_band,1.3442445173859596,1,18,222,80.47039794921875,303.78179931640625,2.5221807956695557,0.8198198080062866,429,9.174442291259766,29.642711639404297,0.1663082391023636,0.7296037077903748
14,0,640,360,C1,42,fit,B,-0.01,True,False,64,1419,585,585,300,12,834,0,1,0,1,1104,1104,600,1,all,0.9968275912106037,17,55,300,60.09925842285156,257.35406494140625,1.8701810836791992,0.6433333158493042,600,7.143498420715332,25.276193618774414,0.12347409874200821,0.5583333373069763
14,0,640,360,C1,42,fit,B,-0.01,True,False,64,1419,585,585,300,12,834,0,1,0,1,1104,1104,171,1,root_band,0.00045015303476247936,16,24,78,1.6387524604797363,3.1616766452789307,0.0004046520625706762,0.12820513546466827,171,1.5025010108947754,3.086866617202759,0.0004956540069542825,0.1111111119389534
14,0,640,360,C1,42,fit,B,-0.01,True,False,64,1419,585,585,300,12,834,0,1,0,1,1104,1104,429,1,outside_root_band,1.3498114347457886,1,31,222,80.63943481445312,303.8167724609375,2.5271294116973877,0.8243243098258972,429,9.392007827758789,30.305500030517578,0.17249345779418945,0.7365967631340027
15,0,640,360,C1,42,fit,C,-0.01,True,False,64,1420,586,586,300,12,834,0,1,0,1,1104,1104,600,1,all,0.9833523593842983,7,29,300,59.809627532958984,256.9722900390625,1.8556402921676636,0.6766666769981384,600,6.961301326751709,23.17820167541504,0.11106442660093307,0.621666669845581
15,0,640,360,C1,42,fit,C,-0.01,True,False,64,1420,586,586,300,12,834,0,1,0,1,1104,1104,171,1,root_band,0.003167285001836717,5,19,78,2.508732557296753,4.641454696655273,0.002758877584710717,0.26923078298568726,171,2.60554575920105,5.059634685516357,0.003575692418962717,0.3625730872154236
15,0,640,360,C1,42,fit,C,-0.01,True,False,64,1420,586,586,300,12,834,0,1,0,1,1104,1104,429,1,outside_root_band,1.3302810862660408,2,10,222,79.94237518310547,303.4865417480469,2.506652593612671,0.8198198080062866,429,8.697510719299316,28.239051818847656,0.1539095789194107,0.7249417304992676
16,0,640,360,C1,42,fit,X,0.01,True,False,64,1420,587,587,300,12,833,0,1,0,1,1104,1104,600,1,all,0.9912190064787865,13,51,300,60.353729248046875,259.408935546875,1.8722349405288696,0.7066666483879089,600,6.9969706535339355,22.96559715270996,0.11020307242870331,0.6416666507720947
16,0,640,360,C1,42,fit,X,0.01,True,False,64,1420,587,587,300,12,833,0,1,0,1,1104,1104,171,1,root_band,0.004261178895831108,11,34,77,2.7646267414093018,4.795531272888184,0.0036674696020781994,0.4025973975658417,171,2.9065496921539307,5.387326240539551,0.004854888189584017,0.4502924084663391
16,0,640,360,C1,42,fit,X,0.01,True,False,64,1420,587,587,300,12,833,0,1,0,1,1104,1104,429,1,outside_root_band,1.33481515198946,2,17,223,80.23875427246094,305.378662109375,2.517435312271118,0.8116592168807983,429,8.62741756439209,28.027324676513672,0.15219499170780182,0.7179487347602844
17,0,640,360,C1,42,fit,Y,0.01,True,False,64,1418,584,584,300,12,834,0,1,0,1,1104,1104,600,1,all,0.9960484430193901,11,46,300,60.11643600463867,259.65789794921875,1.86961829662323,0.6499999761581421,600,7.1280517578125,25.143627166748047,0.12247858941555023,0.5666666626930237
17,0,640,360,C1,42,fit,Y,0.01,True,False,64,1418,584,584,300,12,834,0,1,0,1,1104,1104,171,1,root_band,0.0007208391325548291,10,18,78,1.7690768241882324,3.209014892578125,0.0007062237127684057,0.12820513546466827,171,1.6005996465682983,3.3574442863464355,0.0007354545523412526,0.1461988240480423
17,0,640,360,C1,42,fit,Y,0.01,True,False,64,1418,584,584,300,12,834,0,1,0,1,1104,1104,429,1,outside_root_band,1.348634272813797,1,28,222,80.61685180664062,303.47369384765625,2.5262629985809326,0.8333333134651184,429,9.331300735473633,30.178298950195312,0.17100554704666138,0.7342657446861267
18,0,640,360,C1,42,fit,A,0.01,True,False,64,1419,584,584,300,12,835,0,1,0,1,1104,1104,600,1,all,0.9841018989682198,6,38,300,59.881690979003906,259.4059143066406,1.8576072454452515,0.6733333468437195,600,6.954343318939209,23.098905563354492,0.11059655249118805,0.6200000047683716
18,0,640,360,C1,42,fit,A,0.01,True,False,64,1419,584,584,300,12,835,0,1,0,1,1104,1104,171,1,root_band,0.0036715614842250943,5,20,78,2.600742816925049,4.979095458984375,0.0033546399790793657,0.26923078298568726,171,2.6876425743103027,5.167065620422363,0.003988482989370823,0.3684210479259491
18,0,640,360,C1,42,fit,A,0.01,True,False,64,1419,584,584,300,12,835,0,1,0,1,1104,1104,429,1,outside_root_band,1.3310961574316025,1,18,222,80.0074234008789,303.25927734375,2.509101629257202,0.815315306186676,429,8.655055046081543,28.161014556884766,0.1530906856060028,0.7202796936035156
19,0,640,360,C1,42,fit,B,0.01,True,False,64,1419,585,585,300,12,834,0,1,0,1,1104,1104,600,1,all,0.979203250259161,13,70,300,59.74251937866211,256.6804504394531,1.8509712219238281,0.7133333086967468,600,6.948885917663574,22.42609977722168,0.10743527859449387,0.6499999761581421
19,0,640,360,C1,42,fit,B,0.01,True,False,64,1419,585,585,300,12,834,0,1,0,1,1104,1104,171,1,root_band,0.005431062309071422,12,43,78,2.9593234062194824,5.411989212036133,0.004616739694029093,0.44871795177459717,171,3.1494197845458984,5.7905120849609375,0.0062453849241137505,0.5029239654541016
19,0,640,360,C1,42,fit,B,0.01,True,False,64,1419,585,585,300,12,834,0,1,0,1,1104,1104,429,1,outside_root_band,1.323730118572712,1,27,222,79.693359375,303.2264099121094,2.499690532684326,0.8063063025474548,429,8.463358879089355,27.49837875366211,0.14776970446109772,0.7086247205734253
20,0,640,360,C1,42,fit,C,0.01,True,False,64,1419,585,585,300,12,834,0,1,0,1,1104,1104,600,1,all,0.9907831586897373,4,24,300,59.90210723876953,257.0589904785156,1.862999439239502,0.6433333158493042,600,7.037240982055664,24.523893356323242,0.11856687813997269,0.5733333230018616
20,0,640,360,C1,42,fit,C,0.01,True,False,64,1419,585,585,300,12,834,0,1,0,1,1104,1104,171,1,root_band,0.001052232866641134,4,11,78,1.834749698638916,3.6012890338897705,0.0009141340851783752,0.14102564752101898,171,1.7989444732666016,3.8165740966796875,0.0011903316481038928,0.1871345043182373
20,0,640,360,C1,42,fit,C,0.01,True,False,64,1419,585,585,300,12,834,0,1,0,1,1104,1104,429,1,outside_root_band,1.341299556195736,0,13,222,80.30414581298828,303.5543518066406,2.5172457695007324,0.8198198080062866,429,9.125232696533203,29.564451217651367,0.16535334289073944,0.7272727489471436
21,0,640,360,C1,42,fit,X,-0.02,True,False,64,1418,585,585,300,12,833,0,1,0,1,1104,1104,600,1,all,1.004360392689705,28,68,300,60.468475341796875,258.6770935058594,1.8828191757202148,0.6433333158493042,600,7.177232265472412,25.619298934936523,0.12590160965919495,0.5533333420753479
21,0,640,360,C1,42,fit,X,-0.02,True,False,64,1418,585,585,300,12,833,0,1,0,1,1104,1104,171,1,root_band,0.00020091266924282536,26,29,78,1.6352083683013916,2.7812061309814453,0.00022853486007079482,0.10256410390138626,171,1.342772364616394,2.5756232738494873,0.0001732904784148559,0.08187134563922882
21,0,640,360,C1,42,fit,X,-0.02,True,False,64,1418,585,585,300,12,833,0,1,0,1,1104,1104,429,1,outside_root_band,1.3601435720920563,2,39,222,81.1396255493164,305.28912353515625,2.5442700386047363,0.8333333134651184,429,9.50285530090332,30.64804458618164,0.17601710557937622,0.7412587404251099
22,0,640,360,C1,42,fit,Y,-0.02,True,False,64,1422,587,587,300,12,835,0,1,0,1,1104,1104,600,1,all,0.9746160805225372,18,105,300,59.718353271484375,257.1032409667969,1.8468432426452637,0.75,600,6.9197001457214355,21.268112182617188,0.10238891839981079,0.675000011920929
22,0,640,360,C1,42,fit,Y,-0.02,True,False,64,1422,587,587,300,12,835,0,1,0,1,1104,1104,171,1,root_band,0.008989014429971576,16,66,77,3.449394464492798,6.154611587524414,0.007647909689694643,0.6103895902633667,171,3.7494449615478516,6.58574914932251,0.010330119170248508,0.6374269127845764
22,0,640,360,C1,42,fit,Y,-0.02,True,False,64,1422,587,587,300,12,835,0,1,0,1,1104,1104,429,1,outside_root_band,1.3104927837848663,2,39,223,79.14754486083984,303.02435302734375,2.4819018840789795,0.7982062697410583,429,8.183367729187012,26.350936889648438,0.13908368349075317,0.689976692199707
23,0,640,360,C1,42,fit,A,-0.02,True,False,64,1420,586,586,300,12,834,0,1,0,1,1104,1104,600,1,all,0.998386450111866,19,64,300,60.20003128051758,257.6044006347656,1.872548222541809,0.6466666460037231,600,7.174469947814941,25.355323791503906,0.12422467768192291,0.5600000023841858
23,0,640,360,C1,42,fit,A,-0.02,True,False,64,1420,586,586,300,12,834,0,1,0,1,1104,1104,171,1,root_band,0.00036190039827488363,17,26,78,1.7082284688949585,2.968203544616699,0.0003169107367284596,0.10256410390138626,171,1.4752241373062134,2.977856159210205,0.00040689005982130766,0.09941520541906357
23,0,640,360,C1,42,fit,A,-0.02,True,False,64,1420,586,586,300,12,834,0,1,0,1,1104,1104,429,1,outside_root_band,1.3519689217209816,2,38,222,80.7511978149414,304.04443359375,2.5303592681884766,0.837837815284729,429,9.446196556091309,30.383527755737305,0.17357857525348663,0.7435897588729858
24,0,640,360,C1,42,fit,B,-0.02,True,False,64,1419,586,586,300,12,833,0,1,0,1,1104,1104,600,1,all,1.0070126205682755,29,93,300,60.41889953613281,257.6971130371094,1.8803048133850098,0.6333333253860474,600,7.419150352478027,26.701099395751953,0.13372042775154114,0.5483333468437195
24,0,640,360,C1,42,fit,B,-0.02,True,False,64,1419,586,586,300,12,833,0,1,0,1,1104,1104,171,1,root_band,5.207123467698693e-05,27,38,78,1.5991283655166626,2.80189847946167,6.982051854720339e-05,0.08974359184503555,171,1.2412363290786743,2.5572848320007324,3.4321950806770474e-05,0.05263157933950424
24,0,640,360,C1,42,fit,B,-0.02,True,False,64,1419,586,586,300,12,833,0,1,0,1,1104,1104,429,1,outside_root_band,1.3639678806066513,2,55,222,81.08531188964844,304.1164855957031,2.5409278869628906,0.8243243098258972,429,9.881675720214844,31.70915412902832,0.187007874250412,0.745920717716217
25,0,640,360,C1,42,fit,C,-0.02,True,False,64,1420,585,585,300,12,835,0,1,0,1,1104,1104,600,1,all,0.9811316058039665,14,66,300,59.84524154663086,256.9302978515625,1.8544124364852905,0.7166666388511658,600,6.954615116119385,22.505189895629883,0.10785077512264252,0.653333306312561
25,0,640,360,C1,42,fit,C,-0.02,True,False,64,1420,585,585,300,12,835,0,1,0,1,1104,1104,171,1,root_band,0.004960105288773775,12,43,78,2.889751672744751,5.157865047454834,0.004239972215145826,0.44871795177459717,171,3.0673828125,5.6824631690979,0.005680238362401724,0.5029239654541016
25,0,640,360,C1,42,fit,C,-0.02,True,False,64,1420,585,585,300,12,835,0,1,0,1,1104,1104,429,1,outside_root_band,1.3265246525406837,2,23,222,79.85662841796875,303.45355224609375,2.5044732093811035,0.8108108043670654,429,8.504072189331055,27.576091766357422,0.14857609570026398,0.7132866978645325
26,0,640,360,C1,42,fit,X,0.02,True,False,64,1420,587,587,300,12,833,0,1,0,1,1104,1104,600,1,all,0.9853288866579533,20,95,300,60.251277923583984,258.8232421875,1.8639495372772217,0.7599999904632568,600,7.056641578674316,22.079086303710938,0.10670823603868484,0.6816666722297668
26,0,640,360,C1,42,fit,X,0.02,True,False,64,1420,587,587,300,12,833,0,1,0,1,1104,1104,171,1,root_band,0.008439561584964395,18,66,77,3.497023344039917,5.833587169647217,0.007275484036654234,0.6363636255264282,171,3.706606149673462,6.318676471710205,0.009603639133274555,0.6374269127845764
26,0,640,360,C1,42,fit,X,0.02,True,False,64,1420,587,587,300,12,833,0,1,0,1,1104,1104,429,1,outside_root_band,1.3252288773655891,2,29,223,79.8480224609375,304.85125732421875,2.5050435066223145,0.8026905655860901,429,8.391969680786133,27.15183448791504,0.14541424810886383,0.6993007063865662
27,0,640,360,C1,42,fit,Y,0.02,True,False,64,1418,584,584,300,12,834,0,1,0,1,1104,1104,600,1,all,1.0040427669882774,26,82,300,60.29969787597656,259.62255859375,1.876800537109375,0.6299999952316284,600,7.344294548034668,26.43683624267578,0.13128499686717987,0.5566666722297668
27,0,640,360,C1,42,fit,Y,0.02,True,False,64,1418,584,584,300,12,834,0,1,0,1,1104,1104,171,1,root_band,0.00016558673814870417,25,29,78,1.5825905799865723,2.6567177772521973,0.0001759697188390419,0.07692307978868484,171,1.287093162536621,2.5991907119750977,0.00015520375745836645,0.08187134563922882
27,0,640,360,C1,42,fit,Y,0.02,True,False,64,1418,584,584,300,12,834,0,1,0,1,1104,1104,429,1,outside_root_band,1.359854482114315,1,53,222,80.9300308227539,303.4299011230469,2.5361554622650146,0.8243243098258972,429,9.758703231811523,31.4554386138916,0.18355350196361542,0.745920717716217
28,0,640,360,C1,42,fit,A,0.02,True,False,64,1418,585,585,300,12,833,0,1,0,1,1104,1104,600,1,all,0.9776711501181126,13,78,300,59.659690856933594,256.4306945800781,1.8482544422149658,0.7133333086967468,600,6.9473066329956055,22.346576690673828,0.10708785802125931,0.653333306312561
28,0,640,360,C1,42,fit,A,0.02,True,False,64,1418,585,585,300,12,833,0,1,0,1,1104,1104,171,1,root_band,0.005894102388992906,12,44,79,3.0006296634674072,5.539806365966797,0.004935342352837324,0.4430379867553711,171,3.231926202774048,5.898648262023926,0.006852862425148487,0.5087719559669495
28,0,640,360,C1,42,fit,A,0.02,True,False,64,1418,585,585,300,12,833,0,1,0,1,1104,1104,429,1,outside_root_band,1.3271099850535393,1,34,221,79.91338348388672,303.59661865234375,2.50717830657959,0.8099547624588013,429,8.428261756896973,27.420164108276367,0.1470416635274887,0.7109557390213013
29,0,640,360,C1,42,fit,B,0.02,True,False,64,1419,585,585,300,12,834,0,1,0,1,1104,1104,600,1,all,0.9728542380034924,19,128,300,59.68903350830078,256.3499450683594,1.8435893058776855,0.7733333110809326,600,7.004614353179932,21.001018524169922,0.10211917012929916,0.6966666579246521
29,0,640,360,C1,42,fit,B,0.02,True,False,64,1419,585,585,300,12,834,0,1,0,1,1104,1104,171,1,root_band,0.012503801379352808,18,81,79,3.8323261737823486,6.605876445770264,0.01050439104437828,0.7088607549667358,171,4.203908443450928,7.145636558532715,0.014503211714327335,0.7251461744308472
29,0,640,360,C1,42,fit,B,0.02,True,False,64,1419,585,585,300,12,834,0,1,0,1,1104,1104,429,1,outside_root_band,1.3179489523172379,1,47,221,79.65592193603516,303.533203125,2.498854875564575,0.7963801026344299,429,8.120979309082031,26.095043182373047,0.1370430290699005,0.6853147149085999
30,0,640,360,C1,42,fit,C,0.02,True,False,64,1419,585,585,300,12,834,0,1,0,1,1104,1104,600,1,all,0.9946594908833504,17,52,300,59.978485107421875,257.1036682128906,1.8665226697921753,0.6466666460037231,600,7.119622707366943,25.196578979492188,0.12279631197452545,0.5566666722297668
30,0,640,360,C1,42,fit,C,0.02,True,False,64,1419,585,585,300,12,834,0,1,0,1,1104,1104,171,1,root_band,0.0005325662059476599,16,22,78,1.6457973718643188,3.278543472290039,0.00046672651660628617,0.12820513546466827,171,1.5367902517318726,3.2162556648254395,0.0005984058952890337,0.12280701845884323
30,0,640,360,C1,42,fit,C,0.02,True,False,64,1419,585,585,300,12,834,0,1,0,1,1104,1104,429,1,outside_root_band,1.3468341007828712,1,30,222,80.47374725341797,303.58917236328125,2.5221636295318604,0.8288288116455078,429,9.344947814941406,30.22688102722168,0.17150457203388214,0.7296037077903748
31,0,640,360,C1,42,fit,X,-0.05,True,False,64,1418,584,584,300,12,834,0,1,0,1,1104,1104,600,1,all,1.0226168110966682,34,171,300,61.15998840332031,260.1504821777344,1.897379994392395,0.6933333277702332,600,8.000100135803223,28.264345169067383,0.14785362780094147,0.5849999785423279
31,0,640,360,C1,42,fit,X,-0.05,True,False,64,1418,584,584,300,12,834,0,1,0,1,1104,1104,171,1,root_band,0.0016812470857985318,29,93,78,2.576305389404297,4.532692909240723,0.002295083599165082,0.41025641560554504,171,1.9594849348068237,4.2180256843566895,0.0010674105724319816,0.2923976480960846
31,0,640,360,C1,42,fit,X,-0.05,True,False,64,1418,584,584,300,12,834,0,1,0,1,1104,1104,429,1,outside_root_band,1.3847916796803474,5,78,222,81.74344635009766,303.8997802734375,2.563220500946045,0.792792797088623,429,10.407896995544434,33.26021957397461,0.20636285841464996,0.7016317248344421
32,0,640,360,C1,42,fit,Y,-0.05,True,False,64,1424,588,588,300,12,836,0,1,0,1,1104,1104,600,1,all,0.9679955393075943,22,207,300,60.04918670654297,257.263671875,1.8415447473526,0.8399999737739563,600,7.244799613952637,17.39870262145996,0.0944463312625885,0.7850000262260437
32,0,640,360,C1,42,fit,Y,-0.05,True,False,64,1424,588,588,300,12,836,0,1,0,1,1104,1104,171,1,root_band,0.041327668353915215,18,113,77,5.773105144500732,9.246851921081543,0.03644426539540291,0.8831169009208679,171,6.298271656036377,9.612089157104492,0.04621107131242752,0.9122806787490845
32,0,640,360,C1,42,fit,Y,-0.05,True,False,64,1424,588,588,300,12,836,0,1,0,1,1104,1104,429,1,outside_root_band,1.2892518043518066,4,94,223,78.79025268554688,303.1951599121094,2.4648306369781494,0.8251121044158936,429,7.622087478637695,22.52958869934082,0.11367297172546387,0.7342657446861267
33,0,640,360,C1,42,fit,A,-0.05,True,False,64,1423,591,591,300,13,832,0,1,0,1,1104,1104,600,1,all,1.0161762908101082,29,127,300,60.806514739990234,258.97796630859375,1.8903855085372925,0.6433333158493042,600,7.73796272277832,27.61087989807129,0.1419670730829239,0.5550000071525574
33,0,640,360,C1,42,fit,A,-0.05,True,False,64,1423,591,591,300,13,832,0,1,0,1,1104,1104,171,1,root_band,0.00010116239718627185,27,55,77,1.7556231021881104,3.002293825149536,0.00011570461356313899,0.10389610379934311,171,1.352213740348816,2.6604559421539307,8.66201808094047e-05,0.07017543911933899
33,0,640,360,C1,42,fit,A,-0.05,True,False,64,1423,591,591,300,13,832,0,1,0,1,1104,1104,429,1,outside_root_band,1.3708003386855125,2,72,223,81.19628143310547,304.9476623535156,2.5430798530578613,0.8295964002609253,429,10.283330917358398,32.605899810791016,0.19852082431316376,0.748251736164093
34,0,640,360,C1,42,fit,B,-0.05,True,False,64,1421,587,587,300,12,834,0,1,0,1,1104,1104,600,1,all,1.045657329261303,30,211,300,61.98419952392578,259.23077392578125,1.918765902519226,0.7333333492279053,600,9.035114288330078,30.975814819335938,0.17254875600337982,0.625
34,0,640,360,C1,42,fit,B,-0.05,True,False,64,1421,587,587,300,12,834,0,1,0,1,1104,1104,171,1,root_band,0.005870013264939189,27,105,77,3.4328057765960693,5.25807523727417,0.005699367728084326,0.5974025726318359,171,3.151867389678955,5.600970268249512,0.006040658801794052,0.5146198868751526
34,0,640,360,C1,42,fit,B,-0.05,True,False,64,1421,587,587,300,12,834,0,1,0,1,1104,1104,429,1,outside_root_band,1.40912514179945,3,106,223,82.20149230957031,305.1431884765625,2.579331159591675,0.7802690863609314,429,11.380184173583984,35.920982360839844,0.23891912400722504,0.6689976453781128
35,0,640,360,C1,42,fit,C,-0.05,True,False,64,1421,586,586,300,12,835,0,1,0,1,1104,1104,600,1,all,0.9739478453993797,19,139,300,59.9036750793457,256.8096008300781,1.8471903800964355,0.7799999713897705,600,7.051883697509766,20.485515594482422,0.10070531070232391,0.7083333134651184
35,0,640,360,C1,42,fit,C,-0.05,True,False,64,1421,586,586,300,12,835,0,1,0,1,1104,1104,171,1,root_band,0.015668579377233982,17,88,78,4.217014312744141,7.0626959800720215,0.01377810537815094,0.7435897588729858,171,4.537468910217285,7.510018348693848,0.017559053376317024,0.7660818696022034
35,0,640,360,C1,42,fit,C,-0.05,True,False,64,1421,586,586,300,12,835,0,1,0,1,1104,1104,429,1,outside_root_band,1.3126049190759659,2,51,222,79.46924591064453,303.35833740234375,2.4913623332977295,0.792792797088623,429,8.054132461547852,25.586084365844727,0.13384750485420227,0.6853147149085999
36,0,640,360,C1,42,fit,X,0.05,True,False,64,1419,585,585,300,12,834,0,1,0,1,1104,1104,600,1,all,0.9751726016402245,29,186,300,60.23033905029297,256.57257080078125,1.8470900058746338,0.846666693687439,600,7.500389099121094,19.413827896118164,0.10325519740581512,0.7766666412353516
36,0,640,360,C1,42,fit,X,0.05,True,False,64,1419,585,585,300,12,834,0,1,0,1,1104,1104,171,1,root_band,0.038558028638362885,23,115,78,5.897838592529297,8.603105545043945,0.03460729867219925,0.9230769276618958,171,6.262440204620361,9.390226364135742,0.04250875860452652,0.9239766001701355
36,0,640,360,C1,42,fit,X,0.05,True,False,64,1419,585,585,300,12,834,0,1,0,1,1104,1104,429,1,outside_root_band,1.3056884929537773,6,71,222,79.32013702392578,303.14776611328125,2.483908176422119,0.8198198080062866,429,7.993836879730225,24.519689559936523,0.12746880948543549,0.7179487347602844
37,0,640,360,C1,42,fit,Y,0.05,True,False,64,1413,582,582,300,12,831,0,1,0,1,1104,1104,600,1,all,1.0465910732746124,34,202,300,62.12668991088867,262.8123779296875,1.9300122261047363,0.6966666579246521,600,8.506099700927734,30.320453643798828,0.16316992044448853,0.596666693687439
37,0,640,360,C1,42,fit,Y,0.05,True,False,64,1413,582,582,300,12,831,0,1,0,1,1104,1104,171,1,root_band,0.0016937146428972483,29,97,78,2.4897189140319824,4.604194641113281,0.0016929222038015723,0.38461539149284363,171,2.091508626937866,4.315237045288086,0.0016945070819929242,0.31578946113586426
37,0,640,360,C1,42,fit,Y,0.05,True,False,64,1413,582,582,300,12,831,0,1,0,1,1104,1104,429,1,outside_root_band,1.4175320714712143,5,105,222,83.08021545410156,306.2946472167969,2.607529878616333,0.8063063025474548,429,11.062963485717773,35.290771484375,0.22753426432609558,0.7086247205734253
38,0,640,360,C1,42,fit,A,0.05,True,False,64,1415,583,583,300,12,832,0,1,0,1,1104,1104,600,1,all,0.9831813648343086,20,182,300,60.52145004272461,261.54339599609375,1.8661876916885376,0.8066666722297668,600,7.105398178100586,20.089078903198242,0.10017503798007965,0.7433333396911621
38,0,640,360,C1,42,fit,A,0.05,True,False,64,1415,583,583,300,12,832,0,1,0,1,1104,1104,171,1,root_band,0.02120553608983755,19,97,78,4.544277667999268,7.542862892150879,0.018276406452059746,0.7948718070983887,171,4.94864559173584,8.095935821533203,0.024134665727615356,0.8187134265899658
38,0,640,360,C1,42,fit,A,0.05,True,False,64,1415,583,583,300,12,832,0,1,0,1,1104,1104,429,1,outside_root_band,1.3229690790176392,1,85,222,80.1891098022461,305.2167663574219,2.515453338623047,0.8108108043670654,429,7.96508264541626,25.197534561157227,0.13048481941223145,0.7132866978645325
39,0,640,360,C1,42,fit,B,0.05,True,False,64,1418,585,582,300,12,833,3,1,0,1,1104,1104,600,1,all,0.9841404445469379,20,217,300,61.04744338989258,261.36895751953125,1.8683992624282837,0.8866666555404663,600,7.616824626922607,16.725696563720703,0.0998816266655922,0.82833331823349
39,0,640,360,C1,42,fit,B,0.05,True,False,64,1418,585,582,300,12,833,3,1,0,1,1104,1104,171,1,root_band,0.06594103388488293,18,123,77,6.998830318450928,10.620981216430664,0.059235695749521255,0.9740259647369385,171,7.510499954223633,11.142236709594727,0.0726463720202446,0.9707602262496948
39,0,640,360,C1,42,fit,B,0.05,True,False,64,1418,585,582,300,12,833,3,1,0,1,1104,1104,429,1,outside_root_band,1.301912821829319,2,94,223,79.7099609375,304.4765319824219,2.4930880069732666,0.8565022349357605,429,7.659207344055176,21.885759353637695,0.1107376366853714,0.7715617418289185
40,0,640,360,C1,42,fit,C,0.05,True,False,64,1418,584,584,300,12,834,0,1,0,1,1104,1104,600,1,all,1.0097617357969284,29,111,300,60.484989166259766,259.9212341308594,1.8823063373565674,0.6366666555404663,600,7.498510837554932,27.213918685913086,0.13721713423728943,0.5416666865348816
40,0,640,360,C1,42,fit,C,0.05,True,False,64,1418,584,584,300,12,834,0,1,0,1,1104,1104,171,1,root_band,5.458798477775417e-05,28,43,78,1.6403257846832275,3.0461225509643555,8.758038165979087e-05,0.12820513546466827,171,1.2010502815246582,2.5011942386627197,2.1595587895717472e-05,0.05847953259944916
40,0,640,360,C1,42,fit,C,0.05,True,False,64,1418,584,584,300,12,834,0,1,0,1,1104,1104,429,1,outside_root_band,1.3677649050951004,1,68,222,81.16014862060547,303.6973571777344,2.543626308441162,0.815315306186676,429,10.008686065673828,32.213016510009766,0.1919035017490387,0.7342657446861267
41,41,640,360,C1,43,fit,baseline,0.0,False,False,64,1464,677,613,300,17,787,64,1,0,1,1911,1911,600,1,all,0.605929434299469,0,0,300,8.18348217010498,15.997283935546875,0.13727223873138428,0.6633333563804626,600,36.59886932373047,143.6920928955078,1.0745866298675537,0.7300000190734863
41,41,640,360,C1,43,fit,baseline,0.0,False,False,64,1464,677,613,300,17,787,64,1,0,1,1911,1911,237,1,root_band,0.06528377160429955,0,0,145,5.377032279968262,11.985230445861816,0.059207066893577576,0.5310344696044922,237,5.86514139175415,12.685639381408691,0.07136047631502151,0.5907173156738281
41,41,640,360,C1,43,fit,baseline,0.0,False,False,64,1464,677,613,300,17,787,64,1,0,1,1911,1911,363,1,outside_root_band,0.9699432328343391,0,0,155,10.808871269226074,35.3138427734375,0.21030093729496002,0.7870967984199524,363,56.66469955444336,216.53070068359375,1.7295855283737183,0.8209366202354431
42,41,640,360,C1,43,fit,X,-0.005,True,False,64,1464,678,614,300,17,786,64,1,0,1,1911,1911,600,1,all,0.6037157401442528,8,8,300,8.11743450164795,16.43299674987793,0.1353648155927658,0.6566666960716248,600,36.485618591308594,143.25279235839844,1.0720666646957397,0.7166666388511658
42,41,640,360,C1,43,fit,X,-0.005,True,False,64,1464,678,614,300,17,786,64,1,0,1,1911,1911,237,1,root_band,0.06512047909200191,7,3,146,5.383179187774658,11.948529243469238,0.059551041573286057,0.5136986374855042,237,5.760639190673828,12.635374069213867,0.07068991661071777,0.5780590772628784
42,41,640,360,C1,43,fit,X,-0.005,True,False,64,1464,678,614,300,17,786,64,1,0,1,1911,1911,363,1,outside_root_band,0.9665490910410881,1,5,154,10.709650039672852,35.00889587402344,0.20724020898342133,0.7922077775001526,363,56.545738220214844,216.06385803222656,1.7258579730987549,0.8071625232696533
43,41,640,360,C1,43,fit,Y,-0.005,True,False,64,1465,680,616,300,17,785,64,1,0,1,1911,1911,600,1,all,0.6001590043306351,1,15,300,8.351059913635254,16.766494750976562,0.14066293835639954,0.6899999976158142,600,36.21443557739258,140.80714416503906,1.0596550703048706,0.7483333349227905
43,41,640,360,C1,43,fit,Y,-0.005,True,False,64,1465,680,616,300,17,785,64,1,0,1,1911,1911,237,1,root_band,0.06808844208717346,0,11,145,5.647695064544678,12.297503471374512,0.0625942125916481,0.5793103575706482,237,6.082432270050049,12.985380172729492,0.07358267158269882,0.6202531456947327
43,41,640,360,C1,43,fit,Y,-0.005,True,False,64,1465,680,616,300,17,785,64,1,0,1,1911,1911,363,1,outside_root_band,0.958574689924717,1,4,155,10.88001537322998,35.63796615600586,0.2136950045824051,0.7935484051704407,363,55.887393951416016,213.5590362548828,1.7034543752670288,0.8319559097290039
44,41,640,360,C1,43,fit,A,-0.005,True,False,64,1465,682,618,300,17,783,64,1,0,1,1911,1911,600,1,all,0.5990574881434441,4,13,300,8.220365524291992,16.718151092529297,0.13822875916957855,0.6666666865348816,600,36.16973114013672,140.80364990234375,1.0598862171173096,0.7283333539962769
44,41,640,360,C1,43,fit,A,-0.005,True,False,64,1465,682,618,300,17,783,64,1,0,1,1911,1911,237,1,root_band,0.0682467520236969,4,7,145,5.4967145919799805,12.192919731140137,0.061754509806632996,0.5379310250282288,237,5.9946370124816895,13.139119148254395,0.0747389942407608,0.5864979028701782
44,41,640,360,C1,43,fit,A,-0.005,True,False,64,1465,682,618,300,17,783,64,1,0,1,1911,1911,363,1,outside_root_band,0.9564254134893417,0,6,155,10.768298149108887,34.238216400146484,0.20976921916007996,0.7870967984199524,363,55.87083435058594,213.59756469726562,1.7030816078186035,0.8209366202354431
45,41,640,360,C1,43,fit,B,-0.005,True,False,64,1465,682,618,300,17,783,64,1,0,1,1911,1911,600,1,all,0.5992323085665703,7,15,300,8.186376571655273,16.619503021240234,0.13814423978328705,0.6700000166893005,600,36.1522331237793,140.92396545410156,1.0603203773498535,0.721666693687439
45,41,640,360,C1,43,fit,B,-0.005,True,False,64,1465,682,618,300,17,783,64,1,0,1,1911,1911,237,1,root_band,0.06691516004502773,7,7,145,5.398292541503906,12.170828819274902,0.06051129475235939,0.5379310250282288,237,5.882570743560791,12.996611595153809,0.07331902533769608,0.5780590772628784
45,41,640,360,C1,43,fit,B,-0.005,True,False,64,1465,682,618,300,17,783,64,1,0,1,1911,1911,363,1,outside_root_band,0.9577474668622017,0,8,155,10.794584274291992,34.59657669067383,0.21076859533786774,0.7935484051704407,363,55.915069580078125,213.67181396484375,1.7047263383865356,0.8154270052909851
46,41,640,360,C1,43,fit,C,-0.005,True,False,64,1464,677,613,300,17,787,64,1,0,1,1911,1911,600,1,all,0.6054429784417152,0,9,300,8.210192680358887,16.099811553955078,0.13681073486804962,0.6766666769981384,600,36.61832046508789,143.57357788085938,1.0740752220153809,0.7416666746139526
46,41,640,360,C1,43,fit,C,-0.005,True,False,64,1464,677,613,300,17,787,64,1,0,1,1911,1911,237,1,root_band,0.0662281010299921,0,7,146,5.472247123718262,11.924561500549316,0.059920232743024826,0.5547945499420166,237,5.981197357177734,12.78481674194336,0.07253596931695938,0.6118143200874329
46,41,640,360,C1,43,fit,C,-0.005,True,False,64,1464,677,613,300,17,787,64,1,0,1,1911,1911,363,1,outside_root_band,0.9688398391008377,0,2,154,10.805907249450684,35.07212448120117,0.20970693230628967,0.7922077775001526,363,56.62106704711914,216.4570770263672,1.7279727458953857,0.8264462947845459
47,41,640,360,C1,43,fit,X,0.005,True,False,64,1464,677,613,300,17,787,64,1,0,1,1911,1911,600,1,all,0.6068959608674049,1,9,300,8.201319694519043,16.04688835144043,0.13662107288837433,0.6899999976158142,600,36.7187614440918,144.1322021484375,1.0771708488464355,0.7416666746139526
47,41,640,360,C1,43,fit,X,0.005,True,False,64,1464,677,613,300,17,787,64,1,0,1,1911,1911,237,1,root_band,0.06569041311740875,1,7,146,5.441629886627197,11.958399772644043,0.05925010144710541,0.5616438388824463,237,5.985212802886963,12.736059188842773,0.0721307247877121,0.6118143200874329
47,41,640,360,C1,43,fit,X,0.005,True,False,64,1464,677,613,300,17,787,64,1,0,1,1911,1911,363,1,outside_root_band,0.9716635569930077,0,2,154,10.817646980285645,35.2752571105957,0.2099727839231491,0.8116883039474487,363,56.78446578979492,216.99815368652344,1.7333543300628662,0.8264462947845459
48,41,640,360,C1,43,fit,Y,0.005,True,False,64,1464,675,611,300,17,789,64,1,0,1,1911,1911,600,1,all,0.6102227196097374,7,16,300,7.933971881866455,15.995768547058105,0.13050608336925507,0.6633333563804626,600,36.99785614013672,146.5852813720703,1.0899393558502197,0.7099999785423279
48,41,640,360,C1,43,fit,Y,0.005,True,False,64,1464,675,611,300,17,789,64,1,0,1,1911,1911,237,1,root_band,0.06452384404838085,7,10,146,5.297296047210693,11.999547958374023,0.05921635404229164,0.5,237,5.674644470214844,12.565407752990723,0.06983133405447006,0.5569620132446289
48,41,640,360,C1,43,fit,Y,0.005,True,False,64,1464,675,611,300,17,789,64,1,0,1,1911,1911,363,1,outside_root_band,0.9770263507962227,0,6,154,10.433675765991211,33.64460372924805,0.1980924755334854,0.8181818127632141,363,57.448551177978516,219.50619506835938,1.75596022605896,0.8099173307418823
49,41,640,360,C1,43,fit,A,0.005,True,False,64,1464,672,608,300,17,792,64,1,0,1,1911,1911,600,1,all,0.6093521118164062,0,18,300,7.894577980041504,15.517794609069824,0.12868082523345947,0.6633333563804626,600,37.045188903808594,146.59744262695312,1.090023398399353,0.7300000190734863
49,41,640,360,C1,43,fit,A,0.005,True,False,64,1464,672,608,300,17,792,64,1,0,1,1911,1911,237,1,root_band,0.063263900578022,0,15,145,5.326242446899414,11.778144836425781,0.05714143067598343,0.5310344696044922,237,5.766770839691162,12.356776237487793,0.06938637048006058,0.5780590772628784
49,41,640,360,C1,43,fit,A,0.005,True,False,64,1464,672,608,300,17,792,64,1,0,1,1911,1911,363,1,outside_root_band,0.9759972542524338,0,3,155,10.297211647033691,33.79476547241211,0.19560477137565613,0.7870967984199524,363,57.466636657714844,219.47909545898438,1.7563897371292114,0.8292011022567749
50,41,640,360,C1,43,fit,B,0.005,True,False,64,1464,673,608,300,17,791,65,1,0,1,1911,1911,600,1,all,0.6100418865680695,1,18,300,8.002406120300293,15.74625301361084,0.130720317363739,0.6733333468437195,600,37.06632614135742,146.47984313964844,1.0893634557724,0.7400000095367432
50,41,640,360,C1,43,fit,B,0.005,True,False,64,1464,673,608,300,17,791,65,1,0,1,1911,1911,237,1,root_band,0.06304177083075047,1,15,144,5.362657070159912,11.685492515563965,0.05592015013098717,0.5486111044883728,237,5.886008262634277,12.555006980895996,0.07016339153051376,0.6033755540847778
50,41,640,360,C1,43,fit,B,0.005,True,False,64,1464,673,608,300,17,791,65,1,0,1,1911,1911,363,1,outside_root_band,0.9772791713476181,0,3,156,10.439095497131348,34.1341552734375,0.199766606092453,0.7884615659713745,363,57.423728942871094,219.40548706054688,1.7547917366027832,0.8292011022567749
51,41,640,360,C1,43,fit,C,0.005,True,False,64,1464,678,614,300,17,786,64,1,0,1,1911,1911,600,1,all,0.6051527783274651,5,8,300,8.100445747375488,16.43402099609375,0.13512514531612396,0.653333306312561,600,36.582847595214844,143.81143188476562,1.0751804113388062,0.7200000286102295
51,41,640,360,C1,43,fit,C,0.005,True,False,64,1464,678,614,300,17,786,64,1,0,1,1911,1911,237,1,root_band,0.06468796357512474,5,4,146,5.35136604309082,11.905082702636719,0.059009864926338196,0.5205479264259338,237,5.75740385055542,12.654622077941895,0.07036606222391129,0.5738396644592285
51,41,640,360,C1,43,fit,C,0.005,True,False,64,1464,678,614,300,17,786,64,1,0,1,1911,1911,363,1,outside_root_band,0.9692513346672058,0,4,154,10.706714630126953,35.20392608642578,0.20728635787963867,0.7792207598686218,363,56.70854568481445,216.60494995117188,1.731216311454773,0.8154270052909851
52,41,640,360,C1,43,fit,X,-0.01,True,False,64,1464,679,615,300,17,785,64,1,0,1,1911,1911,600,1,all,0.6039510667324066,14,18,300,8.182966232299805,17.192150115966797,0.1383005976676941,0.6600000262260437,600,36.3764533996582,142.81434631347656,1.0696015357971191,0.7099999785423279
52,41,640,360,C1,43,fit,X,-0.01,True,False,64,1464,679,615,300,17,785,64,1,0,1,1911,1911,237,1,root_band,0.06398700550198555,12,8,144,5.279484272003174,11.827346801757812,0.05786675959825516,0.5208333134651184,237,5.66587495803833,12.627008438110352,0.07010725140571594,0.5569620132446289
52,41,640,360,C1,43,fit,X,-0.01,True,False,64,1464,679,615,300,17,785,64,1,0,1,1911,1911,363,1,outside_root_band,0.9673555716872215,2,10,156,10.863103866577148,35.51395034790039,0.21254722774028778,0.7884615659713745,363,56.42715835571289,215.59762573242188,1.7221639156341553,0.8099173307418823
53,41,640,360,C1,43,fit,Y,-0.01,True,False,64,1465,682,617,300,17,783,65,1,0,1,1911,1911,600,1,all,0.5951089784502983,3,29,300,8.571730613708496,17.183055877685547,0.14505372941493988,0.70333331823349,600,35.850460052490234,137.9309539794922,1.0451642274856567,0.7649999856948853
53,41,640,360,C1,43,fit,Y,-0.01,True,False,64,1465,682,617,300,17,783,65,1,0,1,1911,1911,237,1,root_band,0.0707133375108242,2,21,144,5.871065139770508,12.293961524963379,0.06487933546304703,0.5972222089767456,237,6.338995456695557,13.096024513244629,0.07654733955860138,0.6540084481239319
53,41,640,360,C1,43,fit,Y,-0.01,True,False,64,1465,682,617,300,17,783,65,1,0,1,1911,1911,363,1,outside_root_band,0.9483140110969543,1,8,156,11.064653396606445,35.6559944152832,0.21906089782714844,0.8012820482254028,363,55.1182861328125,210.5913543701172,1.6775671243667603,0.8374655842781067
54,41,640,360,C1,43,fit,A,-0.01,True,False,64,1465,687,623,300,17,778,64,1,0,1,1911,1911,600,1,all,0.5972595289349556,8,22,300,8.57820987701416,17.248804092407227,0.14862002432346344,0.6766666769981384,600,35.75382614135742,137.93199157714844,1.0458990335464478,0.7233333587646484
54,41,640,360,C1,43,fit,A,-0.01,True,False,64,1465,687,623,300,17,778,64,1,0,1,1911,1911,237,1,root_band,0.07320499792695045,7,12,143,5.709904193878174,12.599448204040527,0.06693770736455917,0.5384615659713745,237,6.144394397735596,13.405431747436523,0.07947228848934174,0.5822784900665283
54,41,640,360,C1,43,fit,A,-0.01,True,False,64,1465,687,623,300,17,778,64,1,0,1,1911,1911,363,1,outside_root_band,0.949945293366909,1,10,157,11.190742492675781,35.020843505859375,0.2230185717344284,0.8025477528572083,363,55.08559799194336,210.67941284179688,1.6768720149993896,0.8154270052909851
55,41,640,360,C1,43,fit,B,-0.01,True,False,64,1465,686,624,300,17,779,62,1,0,1,1911,1911,600,1,all,0.5955471694469452,13,30,300,8.39348030090332,17.22612762451172,0.14455074071884155,0.6633333563804626,600,35.724952697753906,138.1752166748047,1.0465435981750488,0.7233333587646484
55,41,640,360,C1,43,fit,B,-0.01,True,False,64,1465,686,624,300,17,779,62,1,0,1,1911,1911,237,1,root_band,0.07013733312487602,13,13,144,5.535641193389893,12.477783203125,0.06428024172782898,0.5277777910232544,237,5.935418128967285,13.15589714050293,0.07599442452192307,0.5696202516555786
55,41,640,360,C1,43,fit,B,-0.01,True,False,64,1465,686,624,300,17,779,62,1,0,1,1911,1911,363,1,outside_root_band,0.9494272172451019,0,17,156,11.031484603881836,35.012935638427734,0.2186465859413147,0.7884615659713745,363,55.17432403564453,210.8283233642578,1.6802078485488892,0.8236914873123169
56,41,640,360,C1,43,fit,C,-0.01,True,False,64,1465,680,616,300,17,785,64,1,0,1,1911,1911,600,1,all,0.6007564812898636,1,16,300,8.365525245666504,16.78044319152832,0.1409032642841339,0.6899999976158142,600,36.25102615356445,140.93605041503906,1.0606096982955933,0.75
56,41,640,360,C1,43,fit,C,-0.01,True,False,64,1465,680,616,300,17,785,64,1,0,1,1911,1911,237,1,root_band,0.06836282461881638,1,12,145,5.667304515838623,12.3069486618042,0.06282486766576767,0.5793103575706482,237,6.1077117919921875,12.996611595153809,0.07390078157186508,0.6244725584983826
56,41,640,360,C1,43,fit,C,-0.01,True,False,64,1465,680,616,300,17,785,64,1,0,1,1911,1911,363,1,outside_root_band,0.9593844562768936,0,4,155,10.889669418334961,35.68370056152344,0.21394434571266174,0.7935484051704407,363,55.931373596191406,213.684814453125,1.7048245668411255,0.8319559097290039
57,41,640,360,C1,43,fit,X,0.01,True,False,64,1466,677,612,300,17,789,65,1,0,1,1911,1911,600,1,all,0.6082131564617157,5,19,300,8.277912139892578,16.08193016052246,0.1365916132926941,0.7133333086967468,600,36.854244232177734,144.5731964111328,1.0798346996307373,0.7549999952316284
57,41,640,360,C1,43,fit,X,0.01,True,False,64,1466,677,612,300,17,789,65,1,0,1,1911,1911,237,1,root_band,0.06700295954942703,5,14,145,5.647184371948242,12.032094955444336,0.06097104400396347,0.5931034684181213,237,6.142395973205566,12.786676406860352,0.0730348750948906,0.6413502097129822
57,41,640,360,C1,43,fit,X,0.01,True,False,64,1466,677,612,300,17,789,65,1,0,1,1911,1911,363,1,outside_root_band,0.9722501039505005,0,5,155,10.73891830444336,35.00858688354492,0.20733344554901123,0.8258064389228821,363,56.905784606933594,217.4662322998047,1.7371667623519897,0.8292011022567749
58,41,640,360,C1,43,fit,Y,0.01,True,False,64,1464,676,612,300,17,788,64,1,0,1,1911,1911,600,1,all,0.6111514046788216,12,31,300,7.840703964233398,16.104045867919922,0.12989677488803864,0.6499999761581421,600,37.01046371459961,146.95204162597656,1.0924060344696045,0.7049999833106995
58,41,640,360,C1,43,fit,Y,0.01,True,False,64,1464,676,612,300,17,788,64,1,0,1,1911,1911,237,1,root_band,0.062058350071311,12,18,145,5.037971496582031,11.593305587768555,0.05517194792628288,0.48965516686439514,237,5.505311012268066,12.302485466003418,0.06894475221633911,0.5316455960273743
58,41,640,360,C1,43,fit,Y,0.01,True,False,64,1464,676,612,300,17,788,64,1,0,1,1911,1911,363,1,outside_root_band,0.9802083522081375,0,13,155,10.462614059448242,33.40887451171875,0.19980064034461975,0.800000011920929,363,57.57994079589844,219.78158569335938,1.7606160640716553,0.8181818127632141
59,41,640,360,C1,43,fit,A,0.01,True,False,64,1463,669,604,300,17,794,65,1,0,1,1911,1911,600,1,all,0.6149010099470615,2,32,300,7.705233097076416,15.33096981048584,0.12363851815462112,0.6600000262260437,600,37.50740051269531,149.51947021484375,1.106163501739502,0.7333333492279053
59,41,640,360,C1,43,fit,A,0.01,True,False,64,1463,669,604,300,17,794,65,1,0,1,1911,1911,237,1,root_band,0.062402889132499695,2,27,145,5.248527526855469,11.518770217895508,0.05607958137989044,0.5379310250282288,237,5.694461345672607,12.041032791137695,0.06872619688510895,0.5864979028701782
59,41,640,360,C1,43,fit,A,0.01,True,False,64,1463,669,604,300,17,794,65,1,0,1,1911,1911,363,1,outside_root_band,0.9851687923073769,0,5,155,10.003440856933594,32.37904357910156,0.18683882057666779,0.774193525314331,363,58.277835845947266,222.44253540039062,1.783498764038086,0.8292011022567749
60,41,640,360,C1,43,fit,B,0.01,True,False,64,1464,670,604,300,17,794,66,1,0,1,1911,1911,600,1,all,0.61033795773983,5,40,300,7.983546257019043,15.737286567687988,0.1293487250804901,0.6866666674613953,600,37.164058685302734,146.74044799804688,1.09132719039917,0.7566666603088379
60,41,640,360,C1,43,fit,B,0.01,True,False,64,1464,670,604,300,17,794,66,1,0,1,1911,1911,237,1,root_band,0.06468087621033192,5,33,145,5.547701358795166,11.707193374633789,0.05958368256688118,0.5793103575706482,237,5.962709426879883,12.281828880310059,0.06977806985378265,0.6371307969093323
60,41,640,360,C1,43,fit,B,0.01,True,False,64,1464,670,604,300,17,794,66,1,0,1,1911,1911,363,1,outside_root_band,0.9764508828520775,0,7,155,10.26224136352539,34.14813232421875,0.1946127861738205,0.7870967984199524,363,57.535194396972656,219.5795440673828,1.7582889795303345,0.8347107172012329
61,41,640,360,C1,43,fit,C,0.01,True,False,64,1464,675,611,300,17,789,64,1,0,1,1911,1911,600,1,all,0.6096659526228905,8,17,300,7.924920558929443,15.999287605285645,0.13033871352672577,0.6566666960716248,600,36.96265411376953,146.45529174804688,1.0889931917190552,0.7116666436195374
61,41,640,360,C1,43,fit,C,0.01,True,False,64,1464,675,611,300,17,789,64,1,0,1,1911,1911,237,1,root_band,0.06429580599069595,8,10,146,5.289015293121338,11.978368759155273,0.05904631316661835,0.5,237,5.6534833908081055,12.555006980895996,0.06954529881477356,0.5569620132446289
61,41,640,360,C1,43,fit,C,0.01,True,False,64,1464,675,611,300,17,789,64,1,0,1,1911,1911,363,1,outside_root_band,0.976255439221859,0,7,154,10.423896789550781,33.62042999267578,0.19792763888835907,0.8051947951316833,363,57.40418243408203,219.37930297851562,1.7545832395553589,0.8126721978187561
62,41,640,360,C1,43,fit,X,-0.02,True,False,64,1463,678,616,300,17,785,62,1,0,1,1911,1911,600,1,all,0.5995639786124229,15,39,300,8.024558067321777,16.876548767089844,0.13423769176006317,0.6600000262260437,600,36.19404602050781,141.9400177001953,1.0648902654647827,0.7049999833106995
62,41,640,360,C1,43,fit,X,-0.02,True,False,64,1463,678,616,300,17,785,62,1,0,1,1911,1911,237,1,root_band,0.06457286328077316,13,17,145,5.350167751312256,12.057489395141602,0.06002257764339447,0.5448275804519653,237,5.560094833374023,12.629905700683594,0.06912314891815186,0.5443037748336792
62,41,640,360,C1,43,fit,X,-0.02,True,False,64,1463,678,616,300,17,785,62,1,0,1,1911,1911,363,1,outside_root_band,0.9593419283628464,2,22,155,10.526408195495605,33.464271545410156,0.20366474986076355,0.7677419185638428,363,56.19472885131836,214.6669921875,1.7150191068649292,0.8099173307418823
63,41,640,360,C1,43,fit,Y,-0.02,True,False,64,1466,683,616,300,17,783,67,1,0,1,1911,1911,600,1,all,0.592178151011467,11,60,300,9.009930610656738,18.092037200927734,0.15387985110282898,0.746666669845581,600,35.5681266784668,134.68955993652344,1.030476450920105,0.8033333420753479
63,41,640,360,C1,43,fit,Y,-0.02,True,False,64,1466,683,616,300,17,783,67,1,0,1,1911,1911,237,1,root_band,0.07867784798145294,7,47,143,6.390645503997803,13.189833641052246,0.07263503968715668,0.6783216595649719,237,6.9224853515625,13.462936401367188,0.0847206562757492,0.746835470199585
63,41,640,360,C1,43,fit,Y,-0.02,True,False,64,1466,683,616,300,17,783,67,1,0,1,1911,1911,363,1,outside_root_band,0.9379166513681412,4,13,157,11.395651817321777,35.424007415771484,0.22787991166114807,0.808917224407196,363,54.270652770996094,207.35350036621094,1.6479533910751343,0.8402203917503357
64,41,640,360,C1,43,fit,A,-0.02,True,False,64,1466,692,630,300,17,774,62,1,0,1,1911,1911,600,1,all,0.5948012098670006,97,47,300,8.947773933410645,19.150619506835938,0.15996257960796356,0.6700000166893005,600,35.26353454589844,134.21649169921875,1.0296398401260376,0.7149999737739563
64,41,640,360,C1,43,fit,A,-0.02,True,False,64,1466,692,630,300,17,774,62,1,0,1,1911,1911,237,1,root_band,0.08394400775432587,12,25,142,5.913640975952148,13.611093521118164,0.0756354033946991,0.5211267471313477,237,6.52205228805542,14.042359352111816,0.09225261211395264,0.5611814260482788
64,41,640,360,C1,43,fit,A,-0.02,True,False,64,1466,692,630,300,17,774,62,1,0,1,1911,1911,363,1,outside_root_band,0.9387015476822853,85,22,158,11.674654960632324,34.51382064819336,0.23575027287006378,0.8037974834442139,363,54.02863311767578,206.87852478027344,1.6416528224945068,0.8154270052909851
65,41,640,360,C1,43,fit,B,-0.02,True,False,64,1466,696,634,300,18,770,62,1,0,1,1911,1911,600,1,all,0.6330591365695,15,64,300,11.141098022460938,21.508512496948242,0.2332388013601303,0.6766666769981384,600,35.335411071777344,135.1995086669922,1.0328794717788696,0.7200000286102295
65,41,640,360,C1,43,fit,B,-0.02,True,False,64,1466,696,634,300,18,770,62,1,0,1,1911,1911,237,1,root_band,0.07673177495598793,13,32,141,5.85439395904541,12.945074081420898,0.07030077278614044,0.567375898361206,237,6.226464748382568,13.510618209838867,0.08316277712583542,0.5907173156738281
65,41,640,360,C1,43,fit,B,-0.02,True,False,64,1466,696,634,300,18,770,62,1,0,1,1911,1911,363,1,outside_root_band,1.0153367817401886,2,32,159,15.829307556152344,35.04275131225586,0.3777310252189636,0.7735849022865295,363,54.34042739868164,207.85047912597656,1.6529425382614136,0.8044077157974243
66,41,640,360,C1,43,fit,C,-0.02,True,False,64,1465,682,617,300,17,783,65,1,0,1,1911,1911,600,1,all,0.5963378921151161,5,31,300,8.607922554016113,17.226303100585938,0.14558859169483185,0.70333331823349,600,35.92891311645508,138.187255859375,1.0470871925354004,0.7716666460037231
66,41,640,360,C1,43,fit,C,-0.02,True,False,64,1465,682,617,300,17,783,65,1,0,1,1911,1911,237,1,root_band,0.07132725417613983,5,23,144,5.923896789550781,12.344482421875,0.06542503833770752,0.5972222089767456,237,6.402161121368408,13.156150817871094,0.07722947001457214,0.6708860993385315
66,41,640,360,C1,43,fit,C,-0.02,True,False,64,1465,682,617,300,17,783,65,1,0,1,1911,1911,363,1,outside_root_band,0.949942983686924,0,8,156,11.08548641204834,35.74446487426758,0.21958573162555695,0.8012820482254028,363,55.20671081542969,210.84129333496094,1.680300235748291,0.8374655842781067
67,41,640,360,C1,43,fit,X,0.02,True,False,64,1466,676,610,300,17,790,66,1,0,1,1911,1911,600,1,all,0.6069933176040649,13,44,300,8.592973709106445,16.8876953125,0.14169764518737793,0.7633333206176758,600,36.768924713134766,142.92379760742188,1.072288990020752,0.79666668176651
67,41,640,360,C1,43,fit,X,0.02,True,False,64,1466,676,610,300,17,790,66,1,0,1,1911,1911,237,1,root_band,0.06945067644119263,11,36,145,6.028587818145752,12.22066879272461,0.06348459422588348,0.7103448510169983,237,6.524217128753662,12.83576774597168,0.07541675865650177,0.7341772317886353
67,41,640,360,C1,43,fit,X,0.02,True,False,64,1466,676,610,300,17,790,66,1,0,1,1911,1911,363,1,outside_root_band,0.9690020978450775,2,8,155,10.991915702819824,35.5753288269043,0.21486467123031616,0.8129032254219055,363,56.515472412109375,215.6935272216797,1.7231395244598389,0.8374655842781067
68,41,640,360,C1,43,fit,Y,0.02,True,False,64,1464,673,613,300,18,791,60,1,0,1,1911,1911,600,1,all,0.6608584970235825,16,63,300,9.795882225036621,16.244808197021484,0.19734832644462585,0.6299999952316284,600,37.86724090576172,152.75729370117188,1.124368667602539,0.6850000023841858
68,41,640,360,C1,43,fit,Y,0.02,True,False,64,1464,673,613,300,18,791,60,1,0,1,1911,1911,237,1,root_band,0.06240661256015301,13,35,147,4.947077751159668,11.26717758178711,0.05588800087571144,0.4625850319862366,237,5.277083873748779,12.214895248413086,0.06892522424459457,0.48523205518722534
68,41,640,360,C1,43,fit,Y,0.02,True,False,64,1464,673,613,300,18,791,60,1,0,1,1911,1911,363,1,outside_root_band,1.0733604729175568,3,28,153,14.454540252685547,32.85382080078125,0.3332611918449402,0.7908496856689453,363,59.14511489868164,225.74337768554688,1.8134597539901733,0.8154270052909851
69,41,640,360,C1,43,fit,A,0.02,True,False,64,1465,660,595,300,17,805,65,1,0,1,1911,1911,600,1,all,0.6254590973258018,8,67,300,7.348918437957764,13.905964851379395,0.11315183341503143,0.6700000166893005,600,38.42445373535156,154.9851837158203,1.1377663612365723,0.7383333444595337
69,41,640,360,C1,43,fit,A,0.02,True,False,64,1465,660,595,300,17,805,65,1,0,1,1911,1911,237,1,root_band,0.06417164020240307,6,56,147,5.212320327758789,10.680758476257324,0.05722880735993385,0.5442177057266235,237,5.684960842132568,13.130142211914062,0.07111447304487228,0.5822784900665283
69,41,640,360,C1,43,fit,A,0.02,True,False,64,1465,660,595,300,17,805,65,1,0,1,1911,1911,363,1,outside_root_band,1.0005283877253532,2,11,153,9.401727676391602,31.169782638549805,0.16688178479671478,0.7908496856689453,363,59.79983139038086,227.959716796875,1.8341749906539917,0.8402203917503357
70,41,640,360,C1,43,fit,B,0.02,True,False,64,1465,662,595,300,17,803,67,1,0,1,1911,1911,600,1,all,0.6203787922859192,11,82,300,7.826963424682617,14.473358154296875,0.11942076683044434,0.753333330154419,600,38.16838836669922,152.01217651367188,1.121336817741394,0.7933333516120911
70,41,640,360,C1,43,fit,B,0.02,True,False,64,1465,662,595,300,17,803,67,1,0,1,1911,1911,237,1,root_band,0.06625453196465969,9,70,147,5.816024303436279,11.281743049621582,0.06077086552977562,0.7074829936027527,237,6.203915596008301,12.119414329528809,0.07173819839954376,0.7172995805740356
70,41,640,360,C1,43,fit,B,0.02,True,False,64,1465,662,595,300,17,803,67,1,0,1,1911,1911,363,1,outside_root_band,0.9911913350224495,2,12,153,9.759042739868164,31.528120040893555,0.17577065527439117,0.7973856329917908,363,59.037757873535156,224.9963836669922,1.8066120147705078,0.8429751992225647
71,41,640,360,C1,43,fit,C,0.02,True,False,64,1464,676,612,300,17,788,64,1,0,1,1911,1911,600,1,all,0.6100765019655228,13,34,300,7.829412937164307,16.336719512939453,0.1296253502368927,0.6499999761581421,600,36.941165924072266,146.691650390625,1.0905276536941528,0.70333331823349
71,41,640,360,C1,43,fit,C,0.02,True,False,64,1464,676,612,300,17,788,64,1,0,1,1911,1911,237,1,root_band,0.0616286750882864,13,19,145,5.031010150909424,11.564266204833984,0.05486219748854637,0.48965516686439514,237,5.465883255004883,12.282246589660645,0.06839515268802643,0.5274261832237244
71,41,640,360,C1,43,fit,C,0.02,True,False,64,1464,676,612,300,17,788,64,1,0,1,1911,1911,363,1,outside_root_band,0.9787176847457886,0,15,155,10.447272300720215,33.38618087768555,0.19956505298614502,0.800000011920929,363,57.491146087646484,219.52735900878906,1.7578703165054321,0.8181818127632141
72,41,640,360,C1,43,fit,X,-0.05,True,False,64,1464,687,625,300,18,777,62,1,0,1,1911,1911,600,1,all,0.7149779498577118,21,113,300,15.248197555541992,21.33285140991211,0.3649885058403015,0.7233333587646484,600,36.34931945800781,141.81578063964844,1.064967393875122,0.7250000238418579
72,41,640,360,C1,43,fit,X,-0.05,True,False,64,1464,687,625,300,18,777,62,1,0,1,1911,1911,237,1,root_band,0.06625853478908539,15,66,144,6.075161933898926,11.5918550491333,0.06405732035636902,0.7152777910232544,237,6.027177333831787,12.401288032531738,0.06845974922180176,0.6666666865348816
72,41,640,360,C1,43,fit,X,-0.05,True,False,64,1464,687,625,300,18,777,62,1,0,1,1911,1911,363,1,outside_root_band,1.1791755855083466,6,47,156,23.715614318847656,37.281333923339844,0.6427711844444275,0.7307692170143127,363,56.14641189575195,214.5553436279297,1.7155799865722656,0.7630854249000549
73,41,640,360,C1,43,fit,Y,-0.05,True,False,64,1467,681,613,300,17,786,68,1,0,1,1911,1911,600,1,all,0.5772052109241486,109,119,300,10.148494720458984,18.668180465698242,0.17469781637191772,0.8600000143051147,600,34.45185470581055,121.91775512695312,0.9797126054763794,0.8650000095367432
73,41,640,360,C1,43,fit,Y,-0.05,True,False,64,1467,681,613,300,17,786,68,1,0,1,1911,1911,237,1,root_band,0.11831574887037277,9,86,143,8.28822135925293,14.49787425994873,0.10975052416324615,0.8881118893623352,237,8.924155235290527,15.212748527526855,0.1268809735774994,0.8691983222961426
73,41,640,360,C1,43,fit,Y,-0.05,True,False,64,1467,681,613,300,17,786,68,1,0,1,1911,1911,363,1,outside_root_band,0.8851869329810143,100,33,157,11.842884063720703,31.8893985748291,0.23385362327098846,0.8343949317932129,363,51.11869812011719,194.1873779296875,1.53652024269104,0.8622589707374573
74,41,640,360,C1,43,fit,A,-0.05,True,False,64,1467,705,642,300,18,762,63,1,0,1,1911,1911,600,1,all,0.6416730135679245,112,106,300,14.322466850280762,20.625951766967773,0.3332231342792511,0.7133333086967468,600,32.94510269165039,114.9704818725586,0.9501228928565979,0.7300000190734863
74,41,640,360,C1,43,fit,A,-0.05,True,False,64,1467,705,642,300,18,762,63,1,0,1,1911,1911,237,1,root_band,0.1378680020570755,12,60,139,7.833794116973877,16.701818466186523,0.12754692137241364,0.6402877569198608,237,8.391351699829102,17.431245803833008,0.14818908274173737,0.6413502097129822
74,41,640,360,C1,43,fit,A,-0.05,True,False,64,1467,705,642,300,18,762,63,1,0,1,1911,1911,363,1,outside_root_band,0.9922470152378082,100,46,161,19.924484252929688,30.756168365478516,0.5107945799827576,0.7763975262641907,363,48.97606658935547,187.0865478515625,1.4736994504928589,0.7878788113594055
75,41,640,360,C1,43,fit,B,-0.05,True,False,64,1465,717,656,300,18,748,61,1,0,1,1911,1911,600,1,all,0.8123996257781982,111,152,300,23.420936584472656,28.737152099609375,0.6259173154830933,0.7666666507720947,600,34.66990280151367,126.14031219482422,0.9988819360733032,0.7699999809265137
75,41,640,360,C1,43,fit,B,-0.05,True,False,64,1465,717,656,300,18,748,61,1,0,1,1911,1911,237,1,root_band,0.11169913783669472,13,90,138,7.857070446014404,14.734963417053223,0.10398659855127335,0.804347813129425,237,8.324247360229492,15.407193183898926,0.11941167712211609,0.7932489514350891
75,41,640,360,C1,43,fit,B,-0.05,True,False,64,1465,717,656,300,18,748,61,1,0,1,1911,1911,363,1,outside_root_band,1.3218032121658325,98,62,162,36.679039001464844,36.113460540771484,1.0705249309539795,0.7345678806304932,363,51.870792388916016,198.6317138671875,1.5730814933776855,0.7548209428787231
76,41,640,360,C1,43,fit,C,-0.05,True,False,64,1466,683,616,300,17,783,67,1,0,1,1911,1911,600,1,all,0.5957312136888504,12,85,300,9.264389991760254,17.830968856811523,0.15658190846443176,0.800000011920929,600,35.84341049194336,134.95628356933594,1.034880518913269,0.8349999785423279
76,41,640,360,C1,43,fit,C,-0.05,True,False,64,1466,683,616,300,17,783,67,1,0,1,1911,1911,237,1,root_band,0.08572965487837791,9,67,143,6.874514579772949,13.384723663330078,0.07926908880472183,0.7902097702026367,237,7.424088954925537,13.90473747253418,0.092190220952034,0.8227847814559937
76,41,640,360,C1,43,fit,C,-0.05,True,False,64,1466,683,616,300,17,783,67,1,0,1,1911,1911,363,1,outside_root_band,0.9386782571673393,3,18,157,11.441158294677734,35.03755569458008,0.22700057923793793,0.808917224407196,363,54.39817428588867,207.7029571533203,1.6503559350967407,0.8429751992225647
77,41,640,360,C1,43,fit,X,0.05,True,False,64,1468,675,605,300,17,793,70,1,0,1,1911,1911,600,1,all,0.6176886186003685,25,100,300,9.555258750915527,18.900028228759766,0.15608303248882294,0.8833333253860474,600,37.40727996826172,142.95803833007812,1.079294204711914,0.8833333253860474
77,41,640,360,C1,43,fit,X,0.05,True,False,64,1468,675,605,300,17,793,70,1,0,1,1911,1911,237,1,root_band,0.08236516267061234,16,78,144,7.228068828582764,12.261869430541992,0.07473794370889664,0.9097222089767456,237,7.772558212280273,13.095389366149902,0.08999238163232803,0.9113923907279968
77,41,640,360,C1,43,fit,X,0.05,True,False,64,1468,675,605,300,17,793,70,1,0,1,1911,1911,363,1,outside_root_band,0.9781863242387772,9,22,156,11.703434944152832,36.21009826660156,0.23117080330848694,0.8589743375778198,363,56.75556945800781,215.708740234375,1.7252018451690674,0.8650137782096863
78,41,640,360,C1,43,fit,Y,0.05,True,False,64,1462,672,613,300,17,790,59,1,0,1,1911,1911,600,1,all,0.8907864689826965,127,180,300,20.467010498046875,19.272499084472656,0.5481353998184204,0.6800000071525574,600,41.18751525878906,170.79766845703125,1.2334375381469727,0.6899999976158142
78,41,640,360,C1,43,fit,Y,0.05,True,False,64,1462,672,613,300,17,790,59,1,0,1,1911,1911,237,1,root_band,0.07431059703230858,16,120,147,5.67395544052124,12.435942649841309,0.06675726920366287,0.6258503198623657,237,5.911862850189209,16.297561645507812,0.08186392486095428,0.5654008388519287
78,41,640,360,C1,43,fit,Y,0.05,True,False,64,1462,672,613,300,17,790,59,1,0,1,1911,1911,363,1,outside_root_band,1.4979636669158936,111,60,153,34.67994689941406,36.12480545043945,1.0106360912322998,0.7320261597633362,363,64.2187271118164,244.05780029296875,1.9852912425994873,0.7713498473167419
79,41,640,360,C1,43,fit,A,0.05,True,False,64,1463,633,569,300,15,830,64,1,0,1,1911,1911,600,1,all,0.7589468285441399,125,148,300,6.687468528747559,10.920902252197266,0.08478580415248871,0.7433333396911621,600,47.488494873046875,202.94825744628906,1.433107852935791,0.79666668176651
79,41,640,360,C1,43,fit,A,0.05,True,False,64,1463,633,569,300,15,830,64,1,0,1,1911,1911,237,1,root_band,0.09496066346764565,10,115,155,6.539198398590088,16.015914916992188,0.08660242706537247,0.7032257914543152,237,7.038008213043213,19.37487030029297,0.10331889986991882,0.7046413421630859
79,41,640,360,C1,43,fit,A,0.05,True,False,64,1463,633,569,300,15,830,64,1,0,1,1911,1911,363,1,outside_root_band,1.192080557346344,115,33,145,6.845964431762695,10.386943817138672,0.08284389972686768,0.7862069010734558,363,73.8983154296875,276.5167236328125,2.3013172149658203,0.8567492961883545
80,41,640,360,C1,43,fit,B,0.05,True,False,64,1464,640,570,300,17,824,70,1,0,1,1911,1911,600,1,all,0.658600464463234,14,178,300,7.965305328369141,12.72318172454834,0.11236122250556946,0.8333333134651184,600,40.93574142456055,163.8267059326172,1.2048397064208984,0.8333333134651184
80,41,640,360,C1,43,fit,B,0.05,True,False,64,1464,640,570,300,17,824,70,1,0,1,1911,1911,237,1,root_band,0.09528454765677452,9,143,153,7.211207389831543,13.025716781616211,0.08856406062841415,0.8169934749603271,237,7.506231307983398,15.905416488647461,0.10200503468513489,0.7721518874168396
80,41,640,360,C1,43,fit,B,0.05,True,False,64,1464,640,570,300,17,824,70,1,0,1,1911,1911,363,1,outside_root_band,1.0310009270906448,5,35,147,8.750181198120117,12.501852035522461,0.13712969422340393,0.8503401279449463,363,62.761619567871094,236.9495086669922,1.9248721599578857,0.8732782602310181
81,41,640,360,C1,43,fit,C,0.05,True,False,64,1463,674,614,300,18,789,60,1,0,1,1911,1911,600,1,all,0.7022828757762909,15,94,300,11.953813552856445,17.500932693481445,0.26809579133987427,0.6499999761581421,600,38.20948791503906,155.01112365722656,1.1364699602127075,0.6866666674613953
81,41,640,360,C1,43,fit,C,0.05,True,False,64,1463,674,614,300,18,789,60,1,0,1,1911,1911,237,1,root_band,0.06304098106920719,13,57,147,5.107641220092773,11.084101676940918,0.05760001018643379,0.523809552192688,237,5.256041526794434,12.43817138671875,0.06848195195198059,0.5105485320091248
81,41,640,360,C1,43,fit,C,0.05,True,False,64,1463,674,614,300,18,789,60,1,0,1,1911,1911,363,1,outside_root_band,1.1520440876483917,2,37,153,18.531509399414062,33.566261291503906,0.4703368544578552,0.7712418437004089,363,59.724552154541016,228.08468627929688,1.8337513208389282,0.8016529083251953
82,82,640,360,C1,44,nonblind_diagnostic,baseline,0.0,False,False,64,1495,573,568,300,16,922,5,1,0,1,1925,1925,600,1,all,1.054342344403267,0,0,300,13.72282886505127,44.484275817871094,0.31017640233039856,0.75,600,58.7167854309082,226.15513610839844,1.7985082864761353,0.8116666674613953
82,82,640,360,C1,44,nonblind_diagnostic,baseline,0.0,False,False,64,1495,573,568,300,16,922,5,1,0,1,1925,1925,164,1,root_band,0.08376902341842651,0,0,110,6.259860038757324,12.295679092407227,0.07417964190244675,0.6363636255264282,164,7.03248929977417,13.663613319396973,0.09335840493440628,0.7012194991111755
82,82,640,360,C1,44,nonblind_diagnostic,baseline,0.0,False,False,64,1495,573,568,300,16,922,5,1,0,1,1925,1925,436,1,outside_root_band,1.443350538611412,0,0,190,18.043495178222656,60.64965057373047,0.4468061625957489,0.8157894611358643,436,78.15766143798828,275.2115478515625,2.439894914627075,0.853210985660553
83,82,640,360,C1,44,nonblind_diagnostic,X,-0.005,True,False,64,1496,575,570,300,16,921,5,1,0,1,1925,1925,600,1,all,1.0530065596103668,2,2,300,13.673449516296387,44.66179275512695,0.3096548914909363,0.7366666793823242,600,58.623680114746094,225.81271362304688,1.7963582277297974,0.8083333373069763
83,82,640,360,C1,44,nonblind_diagnostic,X,-0.005,True,False,64,1496,575,570,300,16,921,5,1,0,1,1925,1925,164,1,root_band,0.0834973007440567,2,0,111,6.236672401428223,11.998839378356934,0.07416864484548569,0.6396396160125732,164,6.955351829528809,13.719778060913086,0.09282595664262772,0.7012194991111755
83,82,640,360,C1,44,nonblind_diagnostic,X,-0.005,True,False,64,1496,575,570,300,16,921,5,1,0,1,1925,1925,436,1,outside_root_band,1.442546397447586,0,2,189,18.041080474853516,60.94852066040039,0.447956383228302,0.7936508059501648,436,78.05854797363281,274.8548278808594,2.43713641166687,0.8486238718032837
84,82,640,360,C1,44,nonblind_diagnostic,Y,-0.005,True,False,64,1497,573,569,300,16,924,4,1,0,1,1925,1925,600,1,all,1.0457042157649994,2,10,300,13.830680847167969,44.12965393066406,0.3123939633369446,0.7566666603088379,600,58.17967987060547,223.3341064453125,1.7790144681930542,0.8216666579246521
84,82,640,360,C1,44,nonblind_diagnostic,Y,-0.005,True,False,64,1497,573,569,300,16,924,4,1,0,1,1925,1925,164,1,root_band,0.08646600693464279,2,7,111,6.439214706420898,12.405716896057129,0.07780177146196365,0.6396396160125732,164,7.216378688812256,13.192704200744629,0.09513024240732193,0.7195122241973877
84,82,640,360,C1,44,nonblind_diagnostic,Y,-0.005,True,False,64,1497,573,569,300,16,924,4,1,0,1,1925,1925,436,1,outside_root_band,1.4312864542007446,0,3,189,18.171701431274414,60.87113571166992,0.45017027854919434,0.8253968358039856,436,77.34935760498047,272.3236083984375,2.412402629852295,0.8600917458534241
85,82,640,360,C1,44,nonblind_diagnostic,A,-0.005,True,False,64,1497,574,569,300,16,923,5,1,0,1,1925,1925,600,1,all,1.0451130419969559,1,11,300,13.794559478759766,43.82396697998047,0.31181421875953674,0.7566666603088379,600,58.13654708862305,223.3307342529297,1.778411865234375,0.8166666626930237
85,82,640,360,C1,44,nonblind_diagnostic,A,-0.005,True,False,64,1497,574,569,300,16,923,5,1,0,1,1925,1925,164,1,root_band,0.08798639476299286,1,9,111,6.473416805267334,12.48269271850586,0.07912752032279968,0.6666666865348816,164,7.240116596221924,13.245784759521484,0.09684526920318604,0.7317073345184326
85,82,640,360,C1,44,nonblind_diagnostic,A,-0.005,True,False,64,1497,574,569,300,16,923,5,1,0,1,1925,1925,436,1,outside_root_band,1.4296996295452118,0,2,189,18.094276428222656,60.577392578125,0.4484714865684509,0.8095238208770752,436,77.28106689453125,272.3415832519531,2.4109277725219727,0.8486238718032837
86,82,640,360,C1,44,nonblind_diagnostic,B,-0.005,True,False,64,1497,577,570,300,16,920,7,1,0,1,1925,1925,600,1,all,1.045897364616394,1,12,300,13.744089126586914,44.182498931884766,0.31156814098358154,0.7366666793823242,600,58.166748046875,223.44154357910156,1.7802265882492065,0.8116666674613953
86,82,640,360,C1,44,nonblind_diagnostic,B,-0.005,True,False,64,1497,577,570,300,16,920,7,1,0,1,1925,1925,164,1,root_band,0.08704807236790657,1,7,111,6.4136481285095215,12.42754077911377,0.07860434800386429,0.6576576828956604,164,7.138284206390381,13.22321891784668,0.09549179673194885,0.7195122241973877
86,82,640,360,C1,44,nonblind_diagnostic,B,-0.005,True,False,64,1497,577,570,300,16,920,7,1,0,1,1925,1925,436,1,outside_root_band,1.4311611950397491,0,5,189,18.049266815185547,60.9275016784668,0.44838815927505493,0.7830687761306763,436,77.3609390258789,272.42864990234375,2.4139342308044434,0.8463302850723267
87,82,640,360,C1,44,nonblind_diagnostic,C,-0.005,True,False,64,1497,574,569,300,16,923,5,1,0,1,1925,1925,600,1,all,1.0478787422180176,2,6,300,13.851165771484375,44.540958404541016,0.31373512744903564,0.746666669845581,600,58.249019622802734,223.5527801513672,1.7820223569869995,0.8149999976158142
87,82,640,360,C1,44,nonblind_diagnostic,C,-0.005,True,False,64,1497,574,569,300,16,923,5,1,0,1,1925,1925,164,1,root_band,0.08561784401535988,2,4,111,6.368182182312012,12.476635932922363,0.07690459489822388,0.630630612373352,164,7.132683753967285,13.402185440063477,0.09433109313249588,0.7012194991111755
87,82,640,360,C1,44,nonblind_diagnostic,C,-0.005,True,False,64,1497,574,569,300,16,923,5,1,0,1,1925,1925,436,1,outside_root_band,1.434833899140358,0,2,189,18.245933532714844,61.277469635009766,0.45282605290412903,0.8148148059844971,436,77.47624969482422,272.5160827636719,2.416841745376587,0.857798159122467
88,82,640,360,C1,44,nonblind_diagnostic,X,0.005,True,False,64,1496,573,568,300,16,923,5,1,0,1,1925,1925,600,1,all,1.055171713232994,3,4,300,13.733497619628906,44.30567169189453,0.3096641004085541,0.746666669845581,600,58.81129455566406,226.4980010986328,1.800679326057434,0.8183333277702332
88,82,640,360,C1,44,nonblind_diagnostic,X,0.005,True,False,64,1496,573,568,300,16,923,5,1,0,1,1925,1925,164,1,root_band,0.08410466089844704,2,1,110,6.294772624969482,12.217829704284668,0.07429622858762741,0.6272727251052856,164,7.113338947296143,13.607285499572754,0.09391309320926666,0.707317054271698
88,82,640,360,C1,44,nonblind_diagnostic,X,0.005,True,False,64,1496,573,568,300,16,923,5,1,0,1,1925,1925,436,1,outside_root_band,1.444301798939705,1,3,190,18.040132522583008,60.51332473754883,0.4459296762943268,0.8157894611358643,436,78.25732421875,275.5686340332031,2.442673921585083,0.8600917458534241
89,82,640,360,C1,44,nonblind_diagnostic,Y,0.005,True,False,64,1495,575,568,300,16,920,7,1,0,1,1925,1925,600,1,all,1.05825075507164,2,8,300,13.75642204284668,45.221763610839844,0.31286507844924927,0.7433333396911621,600,58.820491790771484,226.4833526611328,1.8036364316940308,0.8016666769981384
89,82,640,360,C1,44,nonblind_diagnostic,Y,0.005,True,False,64,1495,575,568,300,16,920,7,1,0,1,1925,1925,164,1,root_band,0.08266695216298103,1,4,110,6.127640724182129,12.02280044555664,0.0730043575167656,0.6272727251052856,164,6.862847805023193,14.381000518798828,0.09232954680919647,0.6890243887901306
89,82,640,360,C1,44,nonblind_diagnostic,Y,0.005,True,False,64,1495,575,568,300,16,920,7,1,0,1,1925,1925,436,1,outside_root_band,1.4495355635881424,1,4,190,18.173084259033203,61.39311218261719,0.4517318308353424,0.8105263113975525,436,78.36419677734375,275.49066162109375,2.4473392963409424,0.8440366983413696
90,82,640,360,C1,44,nonblind_diagnostic,A,0.005,True,False,64,1495,573,568,300,16,922,5,1,0,1,1925,1925,600,1,all,1.0590935796499252,2,10,300,13.790033340454102,45.54261779785156,0.313696950674057,0.7366666793823242,600,58.866371154785156,226.4864044189453,1.8044902086257935,0.8050000071525574
90,82,640,360,C1,44,nonblind_diagnostic,A,0.005,True,False,64,1495,573,568,300,16,922,5,1,0,1,1925,1925,164,1,root_band,0.0819505974650383,2,6,110,6.08345365524292,11.857772827148438,0.07234805077314377,0.5909090638160706,164,6.849989891052246,14.682003021240234,0.09155314415693283,0.6768292784690857
90,82,640,360,C1,44,nonblind_diagnostic,A,0.005,True,False,64,1495,573,568,300,16,922,5,1,0,1,1925,1925,436,1,outside_root_band,1.4511155486106873,0,4,190,18.25173568725586,61.696529388427734,0.4534252882003784,0.821052610874176,436,78.43216705322266,275.4725341796875,2.448805809020996,0.853210985660553
91,82,640,360,C1,44,nonblind_diagnostic,B,0.005,True,False,64,1495,571,567,300,16,924,4,1,0,1,1925,1925,600,1,all,1.057604968547821,5,11,300,13.79201602935791,45.189571380615234,0.31278443336486816,0.746666669845581,600,58.8338737487793,226.3754425048828,1.802425503730774,0.8133333325386047
91,82,640,360,C1,44,nonblind_diagnostic,B,0.005,True,False,64,1495,571,567,300,16,924,4,1,0,1,1925,1925,164,1,root_band,0.08278114721179008,5,4,110,6.172760486602783,12.332473754882812,0.07359007000923157,0.6090909242630005,164,6.942610263824463,14.342423439025879,0.0919722244143486,0.6890243887901306
91,82,640,360,C1,44,nonblind_diagnostic,B,0.005,True,False,64,1495,571,567,300,16,924,4,1,0,1,1925,1925,436,1,outside_root_band,1.4485362023115158,0,7,190,18.20316505432129,61.34736251831055,0.451265424489975,0.8263157606124878,436,78.35260772705078,275.38507080078125,2.4458069801330566,0.8600917458534241
92,82,640,360,C1,44,nonblind_diagnostic,C,0.005,True,False,64,1495,573,568,300,16,922,5,1,0,1,1925,1925,600,1,all,1.055894449353218,1,3,300,13.731460571289062,44.836883544921875,0.31131890416145325,0.746666669845581,600,58.747711181640625,226.26504516601562,1.800469994544983,0.8066666722297668
92,82,640,360,C1,44,nonblind_diagnostic,C,0.005,True,False,64,1495,573,568,300,16,922,5,1,0,1,1925,1925,164,1,root_band,0.08299283310770988,1,2,110,6.187258243560791,12.108455657958984,0.07341320812702179,0.6363636255264282,164,6.934141635894775,14.003045082092285,0.09257245808839798,0.6890243887901306
92,82,640,360,C1,44,nonblind_diagnostic,C,0.005,True,False,64,1495,573,568,300,16,922,5,1,0,1,1925,1925,436,1,outside_root_band,1.4459719806909561,0,1,190,18.099153518676758,60.99858093261719,0.4490537941455841,0.8105263113975525,436,78.23722076416016,275.2980651855469,2.442890167236328,0.8509174585342407
93,82,640,360,C1,44,nonblind_diagnostic,X,-0.01,True,False,64,1496,577,570,300,16,919,7,1,0,1,1925,1925,600,1,all,1.0522744208574295,7,7,300,13.679452896118164,44.8216438293457,0.3103215992450714,0.7333333492279053,600,58.53513717651367,225.4706268310547,1.7942272424697876,0.8033333420753479
93,82,640,360,C1,44,nonblind_diagnostic,X,-0.01,True,False,64,1496,577,570,300,16,919,7,1,0,1,1925,1925,164,1,root_band,0.0832633525133133,7,1,111,6.2383294105529785,11.959171295166016,0.074211984872818,0.6396396160125732,164,6.893015384674072,13.775840759277344,0.0923147201538086,0.6951219439506531
93,82,640,360,C1,44,nonblind_diagnostic,X,-0.01,True,False,64,1496,577,570,300,16,919,7,1,0,1,1925,1925,436,1,outside_root_band,1.4416927099227905,0,6,189,18.04963493347168,61.088401794433594,0.4489891529083252,0.7883597612380981,436,77.96015930175781,274.4983825683594,2.434396266937256,0.8440366983413696
94,82,640,360,C1,44,nonblind_diagnostic,Y,-0.01,True,False,64,1498,573,569,300,16,925,4,1,0,1,1925,1925,600,1,all,1.0372848361730576,9,20,300,13.946223258972168,43.62561798095703,0.3146992623806,0.7599999904632568,600,57.64775848388672,220.5194549560547,1.7598704099655151,0.82833331823349
94,82,640,360,C1,44,nonblind_diagnostic,Y,-0.01,True,False,64,1498,573,569,300,16,925,4,1,0,1,1925,1925,164,1,root_band,0.08831826224923134,9,12,109,6.559646129608154,12.534198760986328,0.07896614074707031,0.6513761281967163,164,7.40397310256958,13.256326675415039,0.09767038375139236,0.7378048896789551
94,82,640,360,C1,44,nonblind_diagnostic,Y,-0.01,True,False,64,1498,573,569,300,16,925,4,1,0,1,1925,1925,436,1,outside_root_band,1.4171646684408188,0,8,191,18.161602020263672,60.60933303833008,0.44922754168510437,0.8219895362854004,436,76.54679107666016,269.4396057128906,2.385101795196533,0.8623853325843811
95,82,640,360,C1,44,nonblind_diagnostic,A,-0.01,True,False,64,1496,578,571,300,16,918,7,1,0,1,1925,1925,600,1,all,1.035567745566368,1,23,300,13.840774536132812,43.00077819824219,0.3122304379940033,0.746666669845581,600,57.56900405883789,220.51025390625,1.758905053138733,0.8166666626930237
95,82,640,360,C1,44,nonblind_diagnostic,A,-0.01,True,False,64,1496,578,571,300,16,918,7,1,0,1,1925,1925,164,1,root_band,0.09387769177556038,1,16,111,6.79079532623291,13.052641868591309,0.08568263053894043,0.684684693813324,164,7.481655120849609,13.596373558044434,0.10207275301218033,0.75
95,82,640,360,C1,44,nonblind_diagnostic,A,-0.01,True,False,64,1496,578,571,300,16,918,7,1,0,1,1925,1925,436,1,outside_root_band,1.413699671626091,0,7,189,17.981239318847656,60.3140983581543,0.44528231024742126,0.7830687761306763,436,76.4092025756836,269.4739685058594,2.3821170330047607,0.8417431116104126
96,82,640,360,C1,44,nonblind_diagnostic,B,-0.01,True,False,64,1496,577,570,300,16,919,7,1,0,1,1925,1925,600,1,all,1.0432479828596115,8,22,300,13.702746391296387,43.46561050415039,0.30974552035331726,0.7400000095367432,600,58.061737060546875,223.2204132080078,1.7767504453659058,0.8083333373069763
96,82,640,360,C1,44,nonblind_diagnostic,B,-0.01,True,False,64,1496,577,570,300,16,919,7,1,0,1,1925,1925,164,1,root_band,0.08975296095013618,7,12,111,6.563928127288818,12.660988807678223,0.0811118558049202,0.6756756901741028,164,7.269872665405273,13.297889709472656,0.09839406609535217,0.7378048896789551
96,82,640,360,C1,44,nonblind_diagnostic,B,-0.01,True,False,64,1496,577,570,300,16,919,7,1,0,1,1925,1925,436,1,outside_root_band,1.4260406494140625,1,10,189,17.895383834838867,60.22734832763672,0.44402241706848145,0.7777777910232544,436,77.16693878173828,272.25494384765625,2.4080588817596436,0.8348624110221863
97,82,640,360,C1,44,nonblind_diagnostic,C,-0.01,True,False,64,1497,572,569,300,16,925,3,1,0,1,1925,1925,600,1,all,1.0464379787445068,5,12,300,13.846124649047852,44.182498931884766,0.31271398067474365,0.7566666603088379,600,58.2197151184082,223.44151306152344,1.78016197681427,0.824999988079071
97,82,640,360,C1,44,nonblind_diagnostic,C,-0.01,True,False,64,1497,572,569,300,16,925,3,1,0,1,1925,1925,164,1,root_band,0.0867198146879673,5,7,111,6.450023174285889,12.42754077911377,0.07794759422540665,0.6396396160125732,164,7.237441539764404,13.223245620727539,0.09549203515052795,0.7195122241973877
97,82,640,360,C1,44,nonblind_diagnostic,C,-0.01,True,False,64,1497,572,569,300,16,925,3,1,0,1,1925,1925,436,1,outside_root_band,1.4322189688682556,0,5,189,18.189865112304688,60.927433013916016,0.45059263706207275,0.8253968358039856,436,77.39653015136719,272.42864990234375,2.4138453006744385,0.8646789193153381
98,82,640,360,C1,44,nonblind_diagnostic,X,0.01,True,False,64,1496,571,566,300,16,925,5,1,0,1,1925,1925,600,1,all,1.0511472821235657,10,9,300,13.875700950622559,44.71591567993164,0.31404805183410645,0.753333330154419,600,58.46348190307617,224.34475708007812,1.788246512413025,0.8233333230018616
98,82,640,360,C1,44,nonblind_diagnostic,X,0.01,True,False,64,1496,571,566,300,16,925,5,1,0,1,1925,1925,164,1,root_band,0.08673789352178574,8,3,110,6.472107887268066,12.221491813659668,0.0789862871170044,0.6272727251052856,164,7.179941654205322,13.550926208496094,0.09448949992656708,0.707317054271698
98,82,640,360,C1,44,nonblind_diagnostic,X,0.01,True,False,64,1496,571,566,300,16,925,5,1,0,1,1925,1925,436,1,outside_root_band,1.4377421438694,2,6,190,18.161991119384766,61.290462493896484,0.4501364827156067,0.8263157606124878,436,77.75363159179688,273.3135986328125,2.4253478050231934,0.8669725060462952
99,82,640,360,C1,44,nonblind_diagnostic,Y,0.01,True,False,64,1495,575,568,300,16,920,7,1,0,1,1925,1925,600,1,all,1.0673898309469223,4,21,300,13.65226936340332,45.2969856262207,0.3111130893230438,0.7333333492279053,600,59.37051773071289,229.30860900878906,1.8236665725708008,0.79666668176651
99,82,640,360,C1,44,nonblind_diagnostic,Y,0.01,True,False,64,1495,575,568,300,16,920,7,1,0,1,1925,1925,164,1,root_band,0.08333500102162361,3,10,111,6.089945316314697,12.552719116210938,0.074649877846241,0.6036036014556885,164,6.711991310119629,15.098705291748047,0.09202012419700623,0.6646341681480408
99,82,640,360,C1,44,nonblind_diagnostic,Y,0.01,True,False,64,1495,575,568,300,16,920,7,1,0,1,1925,1925,436,1,outside_root_band,1.4625042378902435,1,11,189,18.09363555908203,61.398799896240234,0.44998830556869507,0.8095238208770752,436,79.17784118652344,278.3814392089844,2.475020170211792,0.8463302850723267
100,82,640,360,C1,44,nonblind_diagnostic,A,0.01,True,False,64,1495,570,565,300,16,925,5,1,0,1,1925,1925,600,1,all,1.0700678676366806,5,26,300,13.761282920837402,45.93701934814453,0.3145473897457123,0.7366666793823242,600,59.46375274658203,229.31219482421875,1.825588345527649,0.8050000071525574
100,82,640,360,C1,44,nonblind_diagnostic,A,0.01,True,False,64,1495,570,565,300,16,925,5,1,0,1,1925,1925,164,1,root_band,0.08352667838335037,5,15,110,6.0664591789245605,13.668079376220703,0.07571515440940857,0.5727272629737854,164,6.693915367126465,15.700610160827637,0.09133820235729218,0.6463414430618286
100,82,640,360,C1,44,nonblind_diagnostic,A,0.01,True,False,64,1495,570,565,300,16,925,5,1,0,1,1925,1925,436,1,outside_root_band,1.4653698801994324,0,11,190,18.21617889404297,61.81981658935547,0.45281875133514404,0.8315789699554443,436,79.31295776367188,278.34344482421875,2.4779210090637207,0.8646789193153381
101,82,640,360,C1,44,nonblind_diagnostic,B,0.01,True,False,64,1495,569,564,300,16,926,5,1,0,1,1925,1925,600,1,all,1.0668248534202576,9,24,300,13.752862930297852,45.86763381958008,0.31240057945251465,0.7400000095367432,600,59.38996124267578,229.09231567382812,1.8212491273880005,0.8149999976158142
101,82,640,360,C1,44,nonblind_diagnostic,B,0.01,True,False,64,1495,569,564,300,16,926,5,1,0,1,1925,1925,164,1,root_band,0.08155275881290436,9,10,109,6.043147563934326,12.054571151733398,0.07179365307092667,0.5779816508293152,164,6.846108913421631,15.021478652954102,0.09131186455488205,0.6646341681480408
101,82,640,360,C1,44,nonblind_diagnostic,B,0.01,True,False,64,1495,569,564,300,16,926,5,1,0,1,1925,1925,436,1,outside_root_band,1.460834950208664,0,14,191,18.152647018432617,60.94089126586914,0.44971030950546265,0.8324607610702515,436,79.15415954589844,278.1697692871094,2.4719595909118652,0.8715596199035645
102,82,640,360,C1,44,nonblind_diagnostic,C,0.01,True,False,64,1495,575,568,300,16,920,7,1,0,1,1925,1925,600,1,all,1.0575098395347595,1,11,300,13.742423057556152,45.18966293334961,0.31252920627593994,0.7400000095367432,600,58.7807502746582,226.3754119873047,1.802490472793579,0.800000011920929
102,82,640,360,C1,44,nonblind_diagnostic,C,0.01,True,False,64,1495,575,568,300,16,920,7,1,0,1,1925,1925,164,1,root_band,0.08239419758319855,1,4,110,6.120629787445068,11.99835205078125,0.07281547039747238,0.6272727251052856,164,6.8427414894104,14.34252643585205,0.09197292476892471,0.6890243887901306
102,82,640,360,C1,44,nonblind_diagnostic,C,0.01,True,False,64,1495,575,568,300,16,920,7,1,0,1,1925,1925,436,1,outside_root_band,1.4486033767461777,0,7,190,18.155038833618164,61.347442626953125,0.4513108432292938,0.8052631616592407,436,78.31705474853516,275.38507080078125,2.4458959102630615,0.8417431116104126
103,82,640,360,C1,44,nonblind_diagnostic,X,-0.02,True,False,64,1494,577,571,300,16,917,6,1,0,1,1925,1925,600,1,all,1.051113411784172,10,18,300,13.754420280456543,45.077884674072266,0.31220540404319763,0.7333333492279053,600,58.3695182800293,224.78811645507812,1.7900214195251465,0.7850000262260437
103,82,640,360,C1,44,nonblind_diagnostic,X,-0.02,True,False,64,1494,577,571,300,16,917,6,1,0,1,1925,1925,164,1,root_band,0.08572307974100113,9,3,113,6.510892868041992,12.256491661071777,0.0800950899720192,0.6725663542747498,164,6.808028697967529,13.887840270996094,0.09135106950998306,0.6829268336296082
103,82,640,360,C1,44,nonblind_diagnostic,X,-0.02,True,False,64,1494,577,571,300,16,917,6,1,0,1,1925,1925,436,1,outside_root_band,1.4407176822423935,1,15,187,18.13152313232422,61.611637115478516,0.4524645507335663,0.7700534462928772,436,77.76420593261719,273.7870178222656,2.4289708137512207,0.8233944773674011
104,82,640,360,C1,44,nonblind_diagnostic,Y,-0.02,True,False,64,1498,572,569,300,16,926,3,1,0,1,1925,1925,600,1,all,1.0261147320270538,11,34,300,14.074150085449219,42.6869010925293,0.31541627645492554,0.7833333611488342,600,57.03086853027344,217.37893676757812,1.7368131875991821,0.8416666388511658
104,82,640,360,C1,44,nonblind_diagnostic,Y,-0.02,True,False,64,1498,572,569,300,16,926,3,1,0,1,1925,1925,164,1,root_band,0.09656305611133575,11,18,109,7.060397148132324,13.181334495544434,0.08805534988641739,0.6788991093635559,164,7.817026138305664,13.615874290466309,0.10507076233625412,0.75
104,82,640,360,C1,44,nonblind_diagnostic,Y,-0.02,True,False,64,1498,572,569,300,16,926,3,1,0,1,1925,1925,436,1,outside_root_band,1.3978773206472397,0,16,191,18.07676124572754,59.855506896972656,0.44516679644584656,0.8429319262504578,436,75.54248809814453,266.2790222167969,2.350587844848633,0.8761467933654785
105,82,640,360,C1,44,nonblind_diagnostic,A,-0.02,True,False,64,1496,580,574,300,16,916,6,1,0,1,1925,1925,600,1,all,1.0189258754253387,9,37,300,13.973004341125488,41.412906646728516,0.3163291811943054,0.75,600,56.46221923828125,214.8809051513672,1.721522569656372,0.8133333325386047
105,82,640,360,C1,44,nonblind_diagnostic,A,-0.02,True,False,64,1496,580,574,300,16,916,6,1,0,1,1925,1925,164,1,root_band,0.10807386040687561,8,23,111,7.280844211578369,13.873424530029297,0.09886955469846725,0.6936936974525452,164,8.035821914672852,14.269735336303711,0.11727816611528397,0.7560975551605225
105,82,640,360,C1,44,nonblind_diagnostic,A,-0.02,True,False,64,1496,580,574,300,16,916,6,1,0,1,1925,1925,436,1,outside_root_band,1.3844988197088242,1,14,189,17.9033203125,59.71205520629883,0.4440436065196991,0.7830687761306763,436,74.67764282226562,263.7452392578125,2.324954032897949,0.8348624110221863
106,82,640,360,C1,44,nonblind_diagnostic,B,-0.02,True,False,64,1495,580,575,300,16,915,5,1,0,1,1925,1925,600,1,all,1.0281797498464584,9,41,300,13.916943550109863,42.2844123840332,0.3147389590740204,0.75,600,57.02069091796875,217.80580139160156,1.7416205406188965,0.79666668176651
106,82,640,360,C1,44,nonblind_diagnostic,B,-0.02,True,False,64,1495,580,575,300,16,915,5,1,0,1,1925,1925,164,1,root_band,0.09649553894996643,8,18,111,6.984392166137695,13.105659484863281,0.08649978786706924,0.7117117047309875,164,7.657898902893066,13.666315078735352,0.10649129003286362,0.75
106,82,640,360,C1,44,nonblind_diagnostic,B,-0.02,True,False,64,1495,580,575,300,16,915,5,1,0,1,1925,1925,436,1,outside_root_band,1.4027267396450043,1,23,189,17.988441467285156,60.234397888183594,0.4487842917442322,0.7724867463111877,436,75.5883560180664,266.69622802734375,2.3566691875457764,0.8142201900482178
107,82,640,360,C1,44,nonblind_diagnostic,C,-0.02,True,False,64,1497,571,567,300,16,926,4,1,0,1,1925,1925,600,1,all,1.0439226627349854,8,23,300,13.861788749694824,43.46561050415039,0.3112201690673828,0.7566666603088379,600,58.16010284423828,223.2202606201172,1.776625156402588,0.8299999833106995
107,82,640,360,C1,44,nonblind_diagnostic,C,-0.02,True,False,64,1497,571,567,300,16,926,4,1,0,1,1925,1925,164,1,root_band,0.09030715376138687,8,12,110,6.699799537658691,12.814465522766113,0.08221763372421265,0.6545454263687134,164,7.441189289093018,13.298060417175293,0.0983966737985611,0.7378048896789551
107,82,640,360,C1,44,nonblind_diagnostic,C,-0.02,True,False,64,1497,571,567,300,16,926,4,1,0,1,1925,1925,436,1,outside_root_band,1.425843060016632,0,11,190,18.008201599121094,60.07027053833008,0.44380056858062744,0.8157894611358643,436,77.23786163330078,272.2547912597656,2.4078855514526367,0.8646789193153381
108,82,640,360,C1,44,nonblind_diagnostic,X,0.02,True,False,64,1497,570,566,300,16,927,4,1,0,1,1925,1925,600,1,all,1.0559203773736954,14,18,300,13.901982307434082,44.471370697021484,0.3126608431339264,0.7733333110809326,600,58.84253692626953,226.14248657226562,1.7991799116134644,0.8349999785423279
108,82,640,360,C1,44,nonblind_diagnostic,X,0.02,True,False,64,1497,570,566,300,16,927,4,1,0,1,1925,1925,164,1,root_band,0.08770963549613953,11,6,110,6.6037092208862305,12.348662376403809,0.07971189171075821,0.6454545259475708,164,7.320675849914551,13.486628532409668,0.09570737928152084,0.7256097793579102
108,82,640,360,C1,44,nonblind_diagnostic,X,0.02,True,False,64,1497,570,566,300,16,927,4,1,0,1,1925,1925,436,1,outside_root_band,1.4437307566404343,3,12,190,18.12729835510254,60.953033447265625,0.44752606749534607,0.8473684191703796,436,78.22232055664062,275.19232177734375,2.4399354457855225,0.8761467933654785
109,82,640,360,C1,44,nonblind_diagnostic,Y,0.02,True,False,64,1494,575,568,300,16,919,7,1,0,1,1925,1925,600,1,all,1.0812774896621704,8,43,300,13.646035194396973,46.099613189697266,0.3128211498260498,0.7233333587646484,600,60.06222152709961,232.4663543701172,1.849733829498291,0.7733333110809326
109,82,640,360,C1,44,nonblind_diagnostic,Y,0.02,True,False,64,1494,575,568,300,16,919,7,1,0,1,1925,1925,164,1,root_band,0.08289481699466705,7,21,111,5.931130886077881,13.208783149719238,0.07236357033252716,0.6036036014556885,164,6.51531457901001,16.53509521484375,0.09342606365680695,0.6341463327407837
109,82,640,360,C1,44,nonblind_diagnostic,Y,0.02,True,False,64,1494,575,568,300,16,919,7,1,0,1,1925,1925,436,1,outside_root_band,1.482202798128128,1,22,189,18.17700958251953,62.103389739990234,0.4540422558784485,0.7936508059501648,436,80.20372009277344,281.5549011230469,2.5103633403778076,0.8256880640983582
110,82,640,360,C1,44,nonblind_diagnostic,A,0.02,True,False,64,1494,567,562,300,16,927,5,1,0,1,1925,1925,600,1,all,1.0925184786319733,10,48,300,13.73477840423584,47.389583587646484,0.3157086968421936,0.7233333587646484,600,60.71888732910156,234.97439575195312,1.869328260421753,0.7950000166893005
110,82,640,360,C1,44,nonblind_diagnostic,A,0.02,True,False,64,1494,567,562,300,16,927,5,1,0,1,1925,1925,164,1,root_band,0.08496370166540146,10,32,111,5.833323955535889,14.497313499450684,0.07464204728603363,0.522522509098053,164,6.567405700683594,17.73849105834961,0.09528535604476929,0.5914633870124817
110,82,640,360,C1,44,nonblind_diagnostic,A,0.02,True,False,64,1494,567,562,300,16,927,5,1,0,1,1925,1925,436,1,outside_root_band,1.4969580918550491,0,16,189,18.37531280517578,62.57566452026367,0.457287460565567,0.841269850730896,436,81.08778381347656,284.0914611816406,2.5366287231445312,0.8715596199035645
111,82,640,360,C1,44,nonblind_diagnostic,B,0.02,True,False,64,1495,564,562,300,16,931,2,1,0,1,1925,1925,600,1,all,1.0794587433338165,10,43,300,13.821880340576172,46.642913818359375,0.31399017572402954,0.7566666603088379,600,60.088462829589844,232.03199768066406,1.8449273109436035,0.8166666626930237
111,82,640,360,C1,44,nonblind_diagnostic,B,0.02,True,False,64,1495,564,562,300,16,931,2,1,0,1,1925,1925,164,1,root_band,0.08372802659869194,10,20,111,6.151180744171143,13.870579719543457,0.07542458921670914,0.5945945978164673,164,6.738158226013184,16.379985809326172,0.09203146398067474,0.6280487775802612
111,82,640,360,C1,44,nonblind_diagnostic,B,0.02,True,False,64,1495,564,562,300,16,931,2,1,0,1,1925,1925,436,1,outside_root_band,1.4791869223117828,0,23,189,18.326894760131836,61.88826370239258,0.45410019159317017,0.8518518805503845,436,80.156005859375,281.12969970703125,2.5042736530303955,0.8876146674156189
112,82,640,360,C1,44,nonblind_diagnostic,C,0.02,True,False,64,1495,575,568,300,16,920,7,1,0,1,1925,1925,600,1,all,1.0659261345863342,8,23,300,13.626463890075684,45.23172378540039,0.31047797203063965,0.7300000190734863,600,59.291507720947266,229.0922393798828,1.8213742971420288,0.7933333516120911
112,82,640,360,C1,44,nonblind_diagnostic,C,0.02,True,False,64,1495,575,568,300,16,920,7,1,0,1,1925,1925,164,1,root_band,0.08281892538070679,7,10,111,6.078534126281738,12.530600547790527,0.07432279735803604,0.6036036014556885,164,6.67427921295166,15.021733283996582,0.09131505340337753,0.6646341681480408
112,82,640,360,C1,44,nonblind_diagnostic,C,0.02,True,False,64,1495,575,568,300,16,920,7,1,0,1,1925,1925,436,1,outside_root_band,1.4606514275074005,1,13,189,18.05937385559082,61.29572296142578,0.44917231798171997,0.8042327761650085,436,79.08331298828125,278.1697082519531,2.472130537033081,0.8417431116104126
113,82,640,360,C1,44,nonblind_diagnostic,X,-0.05,True,False,64,1498,582,578,300,16,916,4,1,0,1,1925,1925,600,1,all,1.0513362139463425,14,43,300,13.753965377807617,44.819679260253906,0.3104800879955292,0.7333333492279053,600,58.4281120300293,225.22523498535156,1.7921923398971558,0.7666666507720947
113,82,640,360,C1,44,nonblind_diagnostic,X,-0.05,True,False,64,1498,582,578,300,16,916,4,1,0,1,1925,1925,164,1,root_band,0.0874321423470974,9,12,115,7.038424015045166,13.565587043762207,0.08589207381010056,0.747826099395752,164,6.910608291625977,14.221956253051758,0.08897221088409424,0.6768292784690857
113,82,640,360,C1,44,nonblind_diagnostic,X,-0.05,True,False,64,1498,582,578,300,16,916,4,1,0,1,1925,1925,436,1,outside_root_band,1.4414710402488708,5,31,185,17.928491592407227,60.88315200805664,0.45008885860443115,0.7243243455886841,436,77.8062515258789,274.25360107421875,2.4328532218933105,0.8004587292671204
114,82,640,360,C1,44,nonblind_diagnostic,Y,-0.05,True,False,64,1502,567,567,300,16,935,0,1,0,1,1925,1925,600,1,all,0.998127281665802,13,77,300,14.587461471557617,40.616455078125,0.3232961893081665,0.8666666746139526,600,55.292442321777344,207.98387145996094,1.6729583740234375,0.8866666555404663
114,82,640,360,C1,44,nonblind_diagnostic,Y,-0.05,True,False,64,1502,567,567,300,16,935,0,1,0,1,1925,1925,164,1,root_band,0.1335424892604351,12,47,106,8.683456420898438,14.692708969116211,0.1243319883942604,0.8773584961891174,164,9.386594772338867,15.216078758239746,0.1427529901266098,0.8780487775802612
114,82,640,360,C1,44,nonblind_diagnostic,Y,-0.05,True,False,64,1502,567,567,300,16,935,0,1,0,1,1925,1925,436,1,outside_root_band,1.340274527668953,1,30,194,17.81336212158203,57.105194091796875,0.43200865387916565,0.8608247637748718,436,72.55978393554688,256.8182373046875,2.2485404014587402,0.8899082541465759
115,82,640,360,C1,44,nonblind_diagnostic,A,-0.05,True,False,64,1497,587,584,300,16,910,3,1,0,1,1925,1925,600,1,all,0.9828683435916901,10,65,300,14.606841087341309,39.09732437133789,0.3329833149909973,0.7566666603088379,600,53.81098175048828,200.53138732910156,1.6327533721923828,0.7900000214576721
115,82,640,360,C1,44,nonblind_diagnostic,A,-0.05,True,False,64,1497,587,584,300,16,910,3,1,0,1,1925,1925,164,1,root_band,0.1748965010046959,8,29,112,9.436643600463867,16.717731475830078,0.1604311168193817,0.75,164,10.378043174743652,17.19623374938965,0.18936188519001007,0.7560975551605225
115,82,640,360,C1,44,nonblind_diagnostic,A,-0.05,True,False,64,1497,587,584,300,16,910,3,1,0,1,1925,1925,436,1,outside_root_band,1.3057303875684738,2,36,188,17.686954498291016,56.79205322265625,0.4357803761959076,0.7606382966041565,436,70.14814758300781,249.19528198242188,2.17568039894104,0.8027523159980774
116,82,640,360,C1,44,nonblind_diagnostic,B,-0.05,True,False,64,1496,586,584,300,16,910,2,1,0,1,1925,1925,600,1,all,1.0034656375646591,9,74,300,14.407958030700684,39.75296401977539,0.3225564658641815,0.7900000214576721,600,55.40956115722656,209.03843688964844,1.6843748092651367,0.8016666769981384
116,82,640,360,C1,44,nonblind_diagnostic,B,-0.05,True,False,64,1496,586,584,300,16,910,2,1,0,1,1925,1925,164,1,root_band,0.13614319264888763,7,36,114,8.855246543884277,14.90555191040039,0.12678392231464386,0.8508771657943726,164,9.387735366821289,15.39510726928711,0.1455024629831314,0.8109756112098694
116,82,640,360,C1,44,nonblind_diagnostic,B,-0.05,True,False,64,1496,586,584,300,16,910,2,1,0,1,1925,1925,436,1,outside_root_band,1.3528814017772675,2,38,186,17.811237335205078,58.12482833862305,0.4425460696220398,0.7526881694793701,436,72.72052001953125,257.84783935546875,2.263216733932495,0.7981651425361633
117,82,640,360,C1,44,nonblind_diagnostic,C,-0.05,True,False,64,1498,568,567,300,16,930,1,1,0,1,1925,1925,600,1,all,1.0274441689252853,11,50,300,14.196856498718262,42.125091552734375,0.31637510657310486,0.8166666626930237,600,57.14306640625,217.58067321777344,1.7385132312774658,0.8616666793823242
117,82,640,360,C1,44,nonblind_diagnostic,C,-0.05,True,False,64,1498,568,567,300,16,930,1,1,0,1,1925,1925,164,1,root_band,0.10319685190916061,11,27,109,7.425539493560791,13.357269287109375,0.09479375928640366,0.7614678740501404,164,8.151585578918457,13.9638671875,0.11159994453191757,0.792682945728302
117,82,640,360,C1,44,nonblind_diagnostic,C,-0.05,True,False,64,1498,568,567,300,16,930,1,1,0,1,1925,1925,436,1,outside_root_band,1.3966494798660278,0,23,191,18.061115264892578,59.387779235839844,0.4428272247314453,0.8481675386428833,436,75.57106018066406,266.520263671875,2.3504717350006104,0.8876146674156189
118,82,640,360,C1,44,nonblind_diagnostic,X,0.05,True,False,64,1495,562,560,300,16,933,2,1,0,1,1925,1925,600,1,all,1.059055581688881,22,55,300,14.3941068649292,44.37051010131836,0.319536954164505,0.8733333349227905,600,58.99366760253906,225.71580505371094,1.7985742092132568,0.8866666555404663
118,82,640,360,C1,44,nonblind_diagnostic,X,0.05,True,False,64,1495,562,560,300,16,933,2,1,0,1,1925,1925,164,1,root_band,0.09194401651620865,16,32,110,7.278624534606934,12.702770233154297,0.0836295410990715,0.8636363744735718,164,7.8576979637146,13.344452857971191,0.1002584919333458,0.8719512224197388
118,82,640,360,C1,44,nonblind_diagnostic,X,0.05,True,False,64,1495,562,560,300,16,933,2,1,0,1,1925,1925,436,1,outside_root_band,1.4467526078224182,6,23,190,18.513593673706055,61.12364959716797,0.45611488819122314,0.878947377204895,436,78.22830963134766,274.7368469238281,2.4373903274536133,0.892201840877533
119,82,640,360,C1,44,nonblind_diagnostic,Y,0.05,True,False,64,1491,572,567,300,16,919,5,1,0,1,1925,1925,600,1,all,1.1332118064165115,9,109,300,13.7880220413208,48.344398498535156,0.31844595074653625,0.7066666483879089,600,62.93941879272461,244.48619079589844,1.9479776620864868,0.7366666793823242
119,82,640,360,C1,44,nonblind_diagnostic,Y,0.05,True,False,64,1491,572,567,300,16,919,5,1,0,1,1925,1925,164,1,root_band,0.09906743466854095,7,66,114,6.442629337310791,16.81208038330078,0.0862303078174591,0.6140350699424744,164,7.022683143615723,20.850780487060547,0.1119045615196228,0.5548780560493469
119,82,640,360,C1,44,nonblind_diagnostic,Y,0.05,True,False,64,1491,572,567,300,16,919,5,1,0,1,1925,1925,436,1,outside_root_band,1.5496911257505417,2,43,186,18.290037155151367,64.00157165527344,0.4607716500759125,0.7634408473968506,436,83.9723129272461,293.7216796875,2.638610601425171,0.8050458431243896
120,82,640,360,C1,44,nonblind_diagnostic,A,0.05,True,False,64,1493,558,555,300,16,935,3,1,0,1,1925,1925,600,1,all,1.1640747487545013,12,105,300,14.30088996887207,51.0625114440918,0.33234626054763794,0.7799999713897705,600,64.54768371582031,249.50816345214844,1.9958032369613647,0.8133333325386047
120,82,640,360,C1,44,nonblind_diagnostic,A,0.05,True,False,64,1493,558,555,300,16,935,3,1,0,1,1925,1925,164,1,root_band,0.1264544427394867,11,67,111,7.253992080688477,21.746477127075195,0.11640438437461853,0.6216216087341309,164,7.84108304977417,23.857423782348633,0.13650450110435486,0.5853658318519592
120,82,640,360,C1,44,nonblind_diagnostic,A,0.05,True,False,64,1493,558,555,300,16,935,3,1,0,1,1925,1925,436,1,outside_root_band,1.577170804142952,1,38,189,18.439544677734375,65.61386108398438,0.45916929841041565,0.8730158805847168,436,85.87769317626953,298.7536926269531,2.6951723098754883,0.8990825414657593
121,82,640,360,C1,44,nonblind_diagnostic,B,0.05,True,False,64,1495,554,554,300,16,941,0,1,0,1,1925,1925,600,1,all,1.1242921501398087,11,127,300,14.3362455368042,49.41987991333008,0.32726386189460754,0.8133333325386047,600,62.43205642700195,240.86573791503906,1.9213204383850098,0.8433333039283752
121,82,640,360,C1,44,nonblind_diagnostic,B,0.05,True,False,64,1495,554,554,300,16,941,0,1,0,1,1925,1925,164,1,root_band,0.10173438489437103,11,91,108,6.86531925201416,18.39699935913086,0.09415124356746674,0.7037037014961243,164,7.237027645111084,20.458200454711914,0.10931752622127533,0.6951219439506531
121,82,640,360,C1,44,nonblind_diagnostic,B,0.05,True,False,64,1495,554,554,300,16,941,0,1,0,1,1925,1925,436,1,outside_root_band,1.5306445360183716,0,36,192,18.538639068603516,64.2074203491211,0.4583897590637207,0.875,436,83.19348907470703,290.01959228515625,2.6028993129730225,0.8990825414657593
122,82,640,360,C1,44,nonblind_diagnostic,C,0.05,True,False,64,1494,575,569,300,16,919,6,1,0,1,1925,1925,600,1,all,1.0824786722660065,8,57,300,13.696295738220215,46.68793487548828,0.31504398584365845,0.7099999785423279,600,60.03760528564453,232.25051879882812,1.8499133586883545,0.7599999904632568
122,82,640,360,C1,44,nonblind_diagnostic,C,0.05,True,False,64,1494,575,569,300,16,919,6,1,0,1,1925,1925,164,1,root_band,0.0830567292869091,7,26,112,5.946589946746826,13.686576843261719,0.07273704558610916,0.6428571343421936,164,6.500013828277588,17.0601806640625,0.09337641298770905,0.6158536672592163
122,82,640,360,C1,44,nonblind_diagnostic,C,0.05,True,False,64,1494,575,569,300,16,919,6,1,0,1,1925,1925,436,1,outside_root_band,1.4850131422281265,1,31,188,18.313142776489258,62.76371383666992,0.4593971073627472,0.75,436,80.17559814453125,281.3027648925781,2.510629177093506,0.8142201900482178
123,123,640,360,C1,45,nonblind_diagnostic,baseline,0.0,False,False,64,1541,510,496,300,14,1031,14,1,0,1,1570,1570,600,1,all,1.2737606763839722,0,0,300,28.843700408935547,93.6980209350586,0.7918418645858765,0.8766666650772095,600,57.859004974365234,181.76455688476562,1.7556794881820679,0.8849999904632568
123,123,640,360,C1,45,nonblind_diagnostic,baseline,0.0,False,False,64,1541,510,496,300,14,1031,14,1,0,1,1570,1570,160,1,root_band,0.10441329330205917,0,0,85,7.858699798583984,14.6683931350708,0.09931109845638275,0.8470588326454163,160,8.176031112670898,16.347055435180664,0.1095154881477356,0.8500000238418579
123,123,640,360,C1,45,nonblind_diagnostic,baseline,0.0,False,False,64,1541,510,496,300,14,1031,14,1,0,1,1570,1570,440,1,outside_root_band,1.7099588513374329,0,0,215,37.14009475708008,99.93896484375,1.065632939338684,0.8883720636367798,440,75.925537109375,218.12916564941406,2.3542847633361816,0.8977272510528564
124,123,640,360,C1,45,nonblind_diagnostic,X,-0.005,True,False,64,1540,509,496,300,14,1031,13,1,0,1,1570,1570,600,1,all,1.2736347019672394,2,1,300,28.877113342285156,93.75804901123047,0.7929647564888,0.8766666650772095,600,57.80998992919922,181.54061889648438,1.7543046474456787,0.8833333253860474
124,123,640,360,C1,45,nonblind_diagnostic,X,-0.005,True,False,64,1540,509,496,300,14,1031,13,1,0,1,1570,1570,160,1,root_band,0.1042238250374794,0,1,85,7.860601902008057,14.874393463134766,0.09947655349969864,0.8470588326454163,160,8.129728317260742,16.410837173461914,0.10897109657526016,0.84375
124,123,640,360,C1,45,nonblind_diagnostic,X,-0.005,True,False,64,1540,509,496,300,14,1031,13,1,0,1,1570,1570,440,1,outside_root_band,1.709871232509613,2,0,215,37.185970306396484,99.99993896484375,1.0671344995498657,0.8883720636367798,440,75.87554168701172,217.87806701660156,2.3526079654693604,0.8977272510528564
125,123,640,360,C1,45,nonblind_diagnostic,Y,-0.005,True,False,64,1542,511,496,300,14,1031,15,1,0,1,1570,1570,600,1,all,1.2672110497951508,5,5,300,28.703237533569336,93.00173950195312,0.785885751247406,0.8799999952316284,600,57.67743682861328,181.32911682128906,1.7485363483428955,0.8899999856948853
125,123,640,360,C1,45,nonblind_diagnostic,Y,-0.005,True,False,64,1542,511,496,300,14,1031,15,1,0,1,1570,1570,160,1,root_band,0.10591790080070496,0,5,85,8.043067932128906,14.017382621765137,0.10090655088424683,0.8705882430076599,160,8.34200382232666,15.64526653289795,0.11092925071716309,0.8687499761581421
125,123,640,360,C1,45,nonblind_diagnostic,Y,-0.005,True,False,64,1542,511,496,300,14,1031,15,1,0,1,1570,1570,440,1,outside_root_band,1.700360655784607,5,0,215,36.871212005615234,99.20125579833984,1.0566914081573486,0.8837209343910217,440,75.61759948730469,217.75941467285156,2.3440299034118652,0.8977272510528564
126,123,640,360,C1,45,nonblind_diagnostic,A,-0.005,True,False,64,1542,511,496,300,14,1031,15,1,0,1,1570,1570,600,1,all,1.265368789434433,0,10,300,28.667085647583008,92.7525863647461,0.7840731739997864,0.8833333253860474,600,57.63905334472656,181.26026916503906,1.7466644048690796,0.8916666507720947
126,123,640,360,C1,45,nonblind_diagnostic,A,-0.005,True,False,64,1542,511,496,300,14,1031,15,1,0,1,1570,1570,160,1,root_band,0.10754157602787018,0,10,85,8.148303031921387,13.694679260253906,0.10245637595653534,0.8705882430076599,160,8.453770637512207,15.349534034729004,0.11262677609920502,0.875
126,123,640,360,C1,45,nonblind_diagnostic,A,-0.005,True,False,64,1542,511,496,300,14,1031,15,1,0,1,1570,1570,440,1,outside_root_band,1.69720458984375,0,0,215,36.77916717529297,98.99373626708984,1.0535495281219482,0.8883720636367798,440,75.52461242675781,217.7200164794922,2.3408596515655518,0.8977272510528564
127,123,640,360,C1,45,nonblind_diagnostic,B,-0.005,True,False,64,1542,511,496,300,14,1031,15,1,0,1,1570,1570,600,1,all,1.268145114183426,2,5,300,28.725614547729492,93.06771850585938,0.786600649356842,0.8833333253860474,600,57.714195251464844,181.42799377441406,1.7496895790100098,0.8899999856948853
127,123,640,360,C1,45,nonblind_diagnostic,B,-0.005,True,False,64,1542,511,496,300,14,1031,15,1,0,1,1570,1570,160,1,root_band,0.10627234727144241,0,5,85,8.048352241516113,14.01884651184082,0.10118021070957184,0.8705882430076599,160,8.357074737548828,15.681987762451172,0.11136448383331299,0.8687499761581421
127,123,640,360,C1,45,nonblind_diagnostic,B,-0.005,True,False,64,1542,511,496,300,14,1031,15,1,0,1,1570,1570,440,1,outside_root_band,1.701512634754181,2,0,215,36.90034484863281,99.31934356689453,1.057580828666687,0.8883720636367798,440,75.66223907470703,217.85604858398438,2.345444440841675,0.8977272510528564
128,123,640,360,C1,45,nonblind_diagnostic,C,-0.005,True,False,64,1542,511,496,300,14,1031,15,1,0,1,1570,1570,600,1,all,1.2710318863391876,6,2,300,28.780986785888672,93.38287353515625,0.7891129851341248,0.8733333349227905,600,57.794288635253906,181.5961456298828,1.7529507875442505,0.8883333206176758
128,123,640,360,C1,45,nonblind_diagnostic,C,-0.005,True,False,64,1542,511,496,300,14,1031,15,1,0,1,1570,1570,160,1,root_band,0.10523084923624992,0,2,85,7.951419353485107,14.343486785888672,0.10013318806886673,0.8470588326454163,160,8.264693260192871,16.01455307006836,0.11032851040363312,0.862500011920929
128,123,640,360,C1,45,nonblind_diagnostic,C,-0.005,True,False,64,1542,511,496,300,14,1031,15,1,0,1,1570,1570,440,1,outside_root_band,1.7058840990066528,6,0,215,37.015926361083984,99.60711669921875,1.0615003108978271,0.8837209343910217,440,75.80503845214844,217.9925079345703,2.3502678871154785,0.8977272510528564
129,123,640,360,C1,45,nonblind_diagnostic,X,0.005,True,False,64,1542,511,496,300,14,1031,15,1,0,1,1570,1570,600,1,all,1.2741197049617767,8,1,300,28.813922882080078,93.6395034790039,0.7907580733299255,0.8733333349227905,600,57.920654296875,181.98898315429688,1.757481336593628,0.8866666555404663
129,123,640,360,C1,45,nonblind_diagnostic,X,0.005,True,False,64,1542,511,496,300,14,1031,15,1,0,1,1570,1570,160,1,root_band,0.10478366911411285,0,1,85,7.875415325164795,14.477412223815918,0.09948013722896576,0.8470588326454163,160,8.222482681274414,16.283113479614258,0.11008720099925995,0.856249988079071
129,123,640,360,C1,45,nonblind_diagnostic,X,0.005,True,False,64,1542,511,496,300,14,1031,15,1,0,1,1570,1570,440,1,outside_root_band,1.7102937698364258,8,0,215,37.09193420410156,99.87312316894531,1.064054012298584,0.8837209343910217,440,75.99271392822266,218.38070678710938,2.3565335273742676,0.8977272510528564
130,123,640,360,C1,45,nonblind_diagnostic,Y,0.005,True,False,64,1541,508,495,300,14,1033,13,1,0,1,1570,1570,600,1,all,1.2775020897388458,37,7,300,28.763105392456055,93.81292724609375,0.7906209826469421,0.8633333444595337,600,58.08488082885742,182.20167541503906,1.7643831968307495,0.8799999952316284
130,123,640,360,C1,45,nonblind_diagnostic,Y,0.005,True,False,64,1541,508,495,300,14,1033,13,1,0,1,1570,1570,160,1,root_band,0.10593888536095619,0,6,86,7.8240838050842285,15.993573188781738,0.10291356593370438,0.8023256063461304,160,8.02597427368164,17.0489559173584,0.10896420478820801,0.824999988079071
130,123,640,360,C1,45,nonblind_diagnostic,Y,0.005,True,False,64,1541,508,495,300,14,1033,13,1,0,1,1570,1570,440,1,outside_root_band,1.716671347618103,37,1,214,37.17784881591797,100.19805908203125,1.0669891834259033,0.8878504633903503,440,76.28812408447266,218.50057983398438,2.3663535118103027,0.8999999761581421
131,123,640,360,C1,45,nonblind_diagnostic,A,0.005,True,False,64,1541,508,495,300,14,1033,13,1,0,1,1570,1570,600,1,all,1.2795153856277466,38,11,300,28.805339813232422,94.06430053710938,0.7927398681640625,0.8633333444595337,600,58.12042236328125,182.27175903320312,1.7662909030914307,0.8766666650772095
131,123,640,360,C1,45,nonblind_diagnostic,A,0.005,True,False,64,1541,508,495,300,14,1033,13,1,0,1,1570,1570,160,1,root_band,0.10543103888630867,0,10,86,7.7436909675598145,16.313867568969727,0.10248849540948868,0.8139534592628479,160,7.9330058097839355,17.34466552734375,0.10837358236312866,0.8125
131,123,640,360,C1,45,nonblind_diagnostic,A,0.005,True,False,64,1541,508,495,300,14,1033,13,1,0,1,1570,1570,440,1,outside_root_band,1.719650149345398,38,1,214,37.26936721801758,100.42861938476562,1.0701305866241455,0.8831775784492493,440,76.37036895751953,218.5411834716797,2.3691697120666504,0.8999999761581421
132,123,640,360,C1,45,nonblind_diagnostic,B,0.005,True,False,64,1541,508,495,300,14,1033,13,1,0,1,1570,1570,600,1,all,1.276459276676178,38,7,300,28.740732192993164,93.74832916259766,0.7899022102355957,0.8600000143051147,600,58.04133605957031,182.10244750976562,1.7630163431167603,0.8799999952316284
132,123,640,360,C1,45,nonblind_diagnostic,B,0.005,True,False,64,1541,508,495,300,14,1033,13,1,0,1,1570,1570,160,1,root_band,0.10558198392391205,0,6,86,7.8192291259765625,15.986847877502441,0.10262039303779602,0.8023256063461304,160,8.009953498840332,17.01211166381836,0.10854357481002808,0.824999988079071
132,123,640,360,C1,45,nonblind_diagnostic,B,0.005,True,False,64,1541,508,495,300,14,1033,13,1,0,1,1570,1570,440,1,outside_root_band,1.7153710722923279,38,1,214,37.1484375,100.11349487304688,1.0660995244979858,0.8831775784492493,440,76.23457336425781,218.40362548828125,2.36464262008667,0.8999999761581421
133,123,640,360,C1,45,nonblind_diagnostic,C,0.005,True,False,64,1541,509,496,300,14,1032,13,1,0,1,1570,1570,600,1,all,1.2767318785190582,2,2,300,28.905906677246094,94.01319122314453,0.7945687174797058,0.8733333349227905,600,57.93751525878906,181.9333038330078,1.7588950395584106,0.8816666603088379
133,123,640,360,C1,45,nonblind_diagnostic,C,0.005,True,False,64,1541,509,496,300,14,1032,13,1,0,1,1570,1570,160,1,root_band,0.10381720215082169,0,2,85,7.77108907699585,14.993725776672363,0.09871216118335724,0.8352941274642944,160,8.090532302856445,16.679584503173828,0.10892224311828613,0.8374999761581421
133,123,640,360,C1,45,nonblind_diagnostic,C,0.005,True,False,64,1541,509,496,300,14,1032,13,1,0,1,1570,1570,440,1,outside_root_band,1.7142799496650696,2,0,215,37.261531829833984,100.26448822021484,1.0696748495101929,0.8883720636367798,440,76.06370544433594,218.26620483398438,2.3588850498199463,0.8977272510528564
134,123,640,360,C1,45,nonblind_diagnostic,X,-0.01,True,False,64,1540,510,497,300,14,1030,13,1,0,1,1570,1570,600,1,all,1.2765556275844574,5,2,300,29.09773063659668,93.81941986083984,0.800167977809906,0.8799999952316284,600,57.76120376586914,181.3172607421875,1.7529432773590088,0.8816666603088379
134,123,640,360,C1,45,nonblind_diagnostic,X,-0.01,True,False,64,1540,510,497,300,14,1030,13,1,0,1,1570,1570,160,1,root_band,0.1068713515996933,1,2,86,8.061019897460938,15.746506690979004,0.10528670996427536,0.8488371968269348,160,8.083661079406738,16.474685668945312,0.10845599323511124,0.8374999761581421
134,123,640,360,C1,45,nonblind_diagnostic,X,-0.01,True,False,64,1540,510,497,300,14,1030,13,1,0,1,1570,1570,440,1,outside_root_band,1.7151790261268616,4,0,214,37.55173873901367,100.11642456054688,1.0794192552566528,0.8925233483314514,440,75.82575988769531,217.62745666503906,2.3509387969970703,0.8977272510528564
135,123,640,360,C1,45,nonblind_diagnostic,Y,-0.01,True,False,64,1541,511,496,300,14,1030,15,1,0,1,1570,1570,600,1,all,1.2607444524765015,3,14,300,28.566987991333008,92.3056869506836,0.7802616357803345,0.8866666555404663,600,57.4870491027832,180.89532470703125,1.7412272691726685,0.8949999809265137
135,123,640,360,C1,45,nonblind_diagnostic,Y,-0.01,True,False,64,1541,511,496,300,14,1030,15,1,0,1,1570,1570,160,1,root_band,0.10831184312701225,0,14,85,8.233878135681152,13.521486282348633,0.10338352620601654,0.8941176533699036,160,8.52120304107666,14.943815231323242,0.11324016004800797,0.887499988079071
135,123,640,360,C1,45,nonblind_diagnostic,Y,-0.01,True,False,64,1541,511,496,300,14,1030,15,1,0,1,1570,1570,440,1,outside_root_band,1.6905436515808105,3,0,215,36.60565948486328,98.47003173828125,1.0478646755218506,0.8837209343910217,440,75.29280853271484,217.39132690429688,2.3332226276397705,0.8977272510528564
136,123,640,360,C1,45,nonblind_diagnostic,A,-0.01,True,False,64,1541,514,498,300,14,1027,16,1,0,1,1570,1570,600,1,all,1.2585870325565338,13,21,300,28.87853240966797,92.938232421875,0.7894259095191956,0.8999999761581421,600,57.11182403564453,178.75743103027344,1.727748155593872,0.903333306312561
136,123,640,360,C1,45,nonblind_diagnostic,A,-0.01,True,False,64,1541,514,498,300,14,1027,16,1,0,1,1570,1570,160,1,root_band,0.11515230312943459,0,18,86,8.608513832092285,13.583684921264648,0.11250194162130356,0.9186046719551086,160,8.755406379699707,14.352130889892578,0.11780266463756561,0.9125000238418579
136,123,640,360,C1,45,nonblind_diagnostic,A,-0.01,True,False,64,1541,514,498,300,14,1027,16,1,0,1,1570,1570,440,1,outside_root_band,1.6873217821121216,13,3,214,37.02442932128906,98.5078353881836,1.0614607334136963,0.8925233483314514,440,74.69598388671875,215.0552215576172,2.313182830810547,0.8999999761581421
137,123,640,360,C1,45,nonblind_diagnostic,B,-0.01,True,False,64,1541,512,498,300,14,1029,14,1,0,1,1570,1570,600,1,all,1.2639214992523193,40,13,300,28.98868179321289,93.02833557128906,0.7939281463623047,0.8933333158493042,600,57.27180099487305,179.09678649902344,1.733914852142334,0.8966666460037231
137,123,640,360,C1,45,nonblind_diagnostic,B,-0.01,True,False,64,1541,512,498,300,14,1029,14,1,0,1,1570,1570,160,1,root_band,0.10943940281867981,0,13,85,8.265229225158691,13.533892631530762,0.1047595888376236,0.8941176533699036,160,8.55084228515625,15.01706600189209,0.11411921679973602,0.893750011920929
137,123,640,360,C1,45,nonblind_diagnostic,B,-0.01,True,False,64,1541,512,498,300,14,1029,14,1,0,1,1570,1570,440,1,outside_root_band,1.6946608424186707,40,0,215,37.181678771972656,98.77047729492188,1.0663901567459106,0.8930232524871826,440,74.98851013183594,215.33006286621094,2.3229315280914307,0.8977272510528564
138,123,640,360,C1,45,nonblind_diagnostic,C,-0.01,True,False,64,1542,511,496,300,14,1031,15,1,0,1,1570,1570,600,1,all,1.268192619085312,5,5,300,28.721525192260742,93.06763458251953,0.786517322063446,0.8799999952316284,600,57.7181282043457,181.4279327392578,1.7498679161071777,0.8899999856948853
138,123,640,360,C1,45,nonblind_diagnostic,C,-0.01,True,False,64,1542,511,496,300,14,1031,15,1,0,1,1570,1570,160,1,root_band,0.10627222433686256,0,5,85,8.048332214355469,14.01884651184082,0.10117998719215393,0.8705882430076599,160,8.35706901550293,15.682028770446777,0.1113644614815712,0.8687499761581421
138,123,640,360,C1,45,nonblind_diagnostic,C,-0.01,True,False,64,1542,511,496,300,14,1031,15,1,0,1,1570,1570,440,1,outside_root_band,1.7015761733055115,5,0,215,36.89464569091797,99.2812271118164,1.0574647188186646,0.8837209343910217,440,75.6676025390625,217.8560028076172,2.3456876277923584,0.8977272510528564
139,123,640,360,C1,45,nonblind_diagnostic,X,0.01,True,False,64,1542,511,496,300,14,1031,15,1,0,1,1570,1570,600,1,all,1.2743253409862518,10,2,300,28.793148040771484,93.5822525024414,0.7897772192955017,0.8766666650772095,600,57.96980667114258,182.2137908935547,1.758873462677002,0.8883333206176758
139,123,640,360,C1,45,nonblind_diagnostic,X,0.01,True,False,64,1542,511,496,300,14,1031,15,1,0,1,1570,1570,160,1,root_band,0.10524869710206985,1,2,85,7.91719913482666,14.301996231079102,0.09981133043766022,0.8588235378265381,160,8.2689790725708,16.218975067138672,0.11068606376647949,0.862500011920929
139,123,640,360,C1,45,nonblind_diagnostic,X,0.01,True,False,64,1542,511,496,300,14,1031,15,1,0,1,1570,1570,440,1,outside_root_band,1.7103843092918396,9,0,215,37.04642868041992,99.81465911865234,1.0625544786453247,0.8837209343910217,440,76.04283142089844,218.63250732421875,2.3582141399383545,0.8977272510528564
140,123,640,360,C1,45,nonblind_diagnostic,Y,0.01,True,False,64,1541,508,496,300,14,1033,12,1,0,1,1570,1570,600,1,all,1.2882551550865173,38,18,300,29.136688232421875,94.50955963134766,0.8042076826095581,0.8733333349227905,600,58.28611373901367,182.64015197753906,1.7723026275634766,0.871666669845581
140,123,640,360,C1,45,nonblind_diagnostic,Y,0.01,True,False,64,1541,508,496,300,14,1033,12,1,0,1,1570,1570,160,1,root_band,0.10570656135678291,0,15,86,7.68621826171875,16.240808486938477,0.10217024385929108,0.8023256063461304,160,7.897450923919678,17.751232147216797,0.10924287885427475,0.793749988079071
140,123,640,360,C1,45,nonblind_diagnostic,Y,0.01,True,False,64,1541,508,496,300,14,1033,12,1,0,1,1570,1570,440,1,outside_root_band,1.7316933274269104,38,3,214,37.7569694519043,100.89827728271484,1.0863348245620728,0.9018691778182983,440,76.60926818847656,218.87335205078125,2.377051830291748,0.8999999761581421
141,123,640,360,C1,45,nonblind_diagnostic,A,0.01,True,False,64,1541,506,495,300,14,1035,11,1,0,1,1570,1570,600,1,all,1.2889581620693207,38,25,300,29.009525299072266,95.01210021972656,0.8015113472938538,0.8633333444595337,600,58.36616134643555,182.78201293945312,1.7764049768447876,0.8733333349227905
141,123,640,360,C1,45,nonblind_diagnostic,A,0.01,True,False,64,1541,506,495,300,14,1035,11,1,0,1,1570,1570,160,1,root_band,0.10616880655288696,0,19,86,7.567746162414551,17.296554565429688,0.10326528549194336,0.7790697813034058,160,7.744195461273193,18.342470169067383,0.10907232761383057,0.78125
141,123,640,360,C1,45,nonblind_diagnostic,A,0.01,True,False,64,1541,506,495,300,14,1035,11,1,0,1,1570,1570,440,1,outside_root_band,1.7324112057685852,38,6,214,37.626312255859375,101.35911560058594,1.082114815711975,0.8971962332725525,440,76.77413940429688,218.95616149902344,2.3827075958251953,0.9068182110786438
142,123,640,360,C1,45,nonblind_diagnostic,B,0.01,True,False,64,1541,508,495,300,14,1033,13,1,0,1,1570,1570,600,1,all,1.282557725906372,38,17,300,28.867677688598633,94.3801040649414,0.7955467700958252,0.8566666841506958,600,58.19865417480469,182.44143676757812,1.769568681716919,0.8700000047683716
142,123,640,360,C1,45,nonblind_diagnostic,B,0.01,True,False,64,1541,508,495,300,14,1033,13,1,0,1,1570,1570,160,1,root_band,0.10548563301563263,0,14,86,7.675650119781494,16.64121437072754,0.10256007313728333,0.7790697813034058,160,7.864313125610352,17.67731285095215,0.10841119289398193,0.7875000238418579
142,123,640,360,C1,45,nonblind_diagnostic,B,0.01,True,False,64,1541,508,495,300,14,1033,13,1,0,1,1570,1570,440,1,outside_root_band,1.7238314151763916,38,3,214,37.384098052978516,100.73112487792969,1.0740365982055664,0.8878504633903503,440,76.50204467773438,218.67910766601562,2.373626232147217,0.8999999761581421
143,123,640,360,C1,45,nonblind_diagnostic,C,0.01,True,False,64,1541,508,495,300,14,1033,13,1,0,1,1570,1570,600,1,all,1.2765329778194427,37,7,300,28.745229721069336,93.74823760986328,0.7899948954582214,0.8633333444595337,600,58.04438781738281,182.10232543945312,1.763071060180664,0.8799999952316284
143,123,640,360,C1,45,nonblind_diagnostic,C,0.01,True,False,64,1541,508,495,300,14,1033,13,1,0,1,1570,1570,160,1,root_band,0.10558232292532921,0,6,86,7.8192362785339355,15.986893653869629,0.10262075811624527,0.8023256063461304,160,8.009958267211914,17.01211166381836,0.10854388773441315,0.824999988079071
143,123,640,360,C1,45,nonblind_diagnostic,C,0.01,True,False,64,1541,508,495,300,14,1033,13,1,0,1,1570,1570,440,1,outside_root_band,1.7154733538627625,37,1,214,37.15473556518555,100.12806701660156,1.0662294626235962,0.8878504633903503,440,76.23872375488281,218.40350341796875,2.3647172451019287,0.8999999761581421
144,123,640,360,C1,45,nonblind_diagnostic,X,-0.02,True,False,64,1541,510,497,300,14,1031,13,1,0,1,1570,1570,600,1,all,1.2733062207698822,44,4,300,28.909423828125,93.39617156982422,0.7953070998191833,0.8733333349227905,600,57.6960334777832,180.87185668945312,1.751305341720581,0.878333330154419
144,123,640,360,C1,45,nonblind_diagnostic,X,-0.02,True,False,64,1541,510,497,300,14,1031,13,1,0,1,1570,1570,160,1,root_band,0.10432741791009903,1,4,86,7.780426025390625,15.34965705871582,0.10115199536085129,0.8255813717842102,160,7.993406772613525,16.601970672607422,0.10750284045934677,0.824999988079071
144,123,640,360,C1,45,nonblind_diagnostic,X,-0.02,True,False,64,1541,510,497,300,14,1031,13,1,0,1,1570,1570,440,1,outside_root_band,1.7116591930389404,43,0,214,37.400516510009766,99.77387237548828,1.0742666721343994,0.8925233483314514,440,75.76972198486328,217.12725830078125,2.3490517139434814,0.8977272510528564
145,123,640,360,C1,45,nonblind_diagnostic,Y,-0.02,True,False,64,1541,513,497,300,14,1028,16,1,0,1,1570,1570,600,1,all,1.2499572932720184,19,25,300,28.693750381469727,92.03343200683594,0.7826878428459167,0.8966666460037231,600,56.81256866455078,178.02566528320312,1.7172267436981201,0.903333306312561
145,123,640,360,C1,45,nonblind_diagnostic,Y,-0.02,True,False,64,1541,513,497,300,14,1028,16,1,0,1,1570,1570,160,1,root_band,0.11614983901381493,0,22,85,8.652687072753906,13.299351692199707,0.11163796484470367,0.9176470637321472,160,8.915959358215332,13.704900741577148,0.12066171318292618,0.9125000238418579
145,123,640,360,C1,45,nonblind_diagnostic,Y,-0.02,True,False,64,1541,513,497,300,14,1028,16,1,0,1,1570,1570,440,1,outside_root_band,1.6728913187980652,19,3,215,36.61696243286133,97.55480194091797,1.047986626625061,0.8883720636367798,440,74.2295150756836,214.3970489501953,2.2977960109710693,0.8999999761581421
146,123,640,360,C1,45,nonblind_diagnostic,A,-0.02,True,False,64,1542,518,500,300,14,1024,18,1,0,1,1570,1570,600,1,all,1.2451095283031464,26,33,300,28.76532745361328,91.50955200195312,0.7833021283149719,0.8999999761581421,600,56.53838348388672,177.71839904785156,1.7069169282913208,0.9066666960716248
146,123,640,360,C1,45,nonblind_diagnostic,A,-0.02,True,False,64,1542,518,500,300,14,1024,18,1,0,1,1570,1570,160,1,root_band,0.13013598322868347,0,28,85,9.189313888549805,13.841314315795898,0.12601999938488007,0.929411768913269,160,9.431509017944336,14.08974552154541,0.13425196707248688,0.925000011920929
146,123,640,360,C1,45,nonblind_diagnostic,A,-0.02,True,False,64,1542,518,500,300,14,1024,18,1,0,1,1570,1570,440,1,outside_root_band,1.6609763503074646,26,5,215,36.50468063354492,96.99855041503906,1.043157935142517,0.8883720636367798,440,73.66815948486328,213.0313720703125,2.278794765472412,0.8999999761581421
147,123,640,360,C1,45,nonblind_diagnostic,B,-0.02,True,False,64,1541,515,499,300,14,1026,16,1,0,1,1570,1570,600,1,all,1.2534724473953247,4,25,300,28.784587860107422,92.31156921386719,0.7849850654602051,0.903333306312561,600,56.96174240112305,178.418701171875,1.7219598293304443,0.903333306312561
147,123,640,360,C1,45,nonblind_diagnostic,B,-0.02,True,False,64,1541,515,499,300,14,1026,16,1,0,1,1570,1570,160,1,root_band,0.1199391558766365,0,22,86,8.838655471801758,13.449149131774902,0.11744149029254913,0.930232584476471,160,8.97205638885498,13.843429565429688,0.12243682146072388,0.9125000238418579
147,123,640,360,C1,45,nonblind_diagnostic,B,-0.02,True,False,64,1541,515,499,300,14,1026,16,1,0,1,1570,1570,440,1,outside_root_band,1.678427278995514,4,3,214,36.80024337768555,97.89940643310547,1.0532501935958862,0.8925233483314514,440,74.41253662109375,214.78111267089844,2.3036043643951416,0.8999999761581421
148,123,640,360,C1,45,nonblind_diagnostic,C,-0.02,True,False,64,1542,511,496,300,14,1031,15,1,0,1,1570,1570,600,1,all,1.262710839509964,3,13,300,28.605178833007812,92.4367904663086,0.781531035900116,0.8866666555404663,600,57.568233489990234,181.09228515625,1.743890643119812,0.8966666460037231
148,123,640,360,C1,45,nonblind_diagnostic,C,-0.02,True,False,64,1542,511,496,300,14,1031,15,1,0,1,1570,1570,160,1,root_band,0.1090453676879406,0,13,85,8.250646591186523,13.534103393554688,0.10396885871887207,0.8941176533699036,160,8.550902366638184,15.017197608947754,0.11412187665700912,0.893750011920929
148,123,640,360,C1,45,nonblind_diagnostic,C,-0.02,True,False,64,1542,511,496,300,14,1031,15,1,0,1,1570,1570,440,1,outside_root_band,1.6929690837860107,3,0,215,36.65231704711914,98.62882232666016,1.0494043827056885,0.8837209343910217,440,75.39271545410156,217.5838165283203,2.336533784866333,0.8977272510528564
149,123,640,360,C1,45,nonblind_diagnostic,X,0.02,True,False,64,1542,511,496,300,14,1031,15,1,0,1,1570,1570,600,1,all,1.2747556865215302,11,3,300,28.759119033813477,93.46514892578125,0.787810742855072,0.8866666555404663,600,58.068607330322266,182.66505432128906,1.7617006301879883,0.8899999856948853
149,123,640,360,C1,45,nonblind_diagnostic,X,0.02,True,False,64,1542,511,496,300,14,1031,15,1,0,1,1570,1570,160,1,root_band,0.10628041625022888,1,3,85,8.02906322479248,13.945362091064453,0.10058952867984772,0.8823529481887817,160,8.361688613891602,16.09071922302246,0.11197130382061005,0.8687499761581421
149,123,640,360,C1,45,nonblind_diagnostic,X,0.02,True,False,64,1542,511,496,300,14,1031,15,1,0,1,1570,1570,440,1,outside_root_band,1.7105525135993958,10,0,215,36.9547233581543,99.66023254394531,1.0595027208328247,0.8883720636367798,440,76.14384460449219,219.13751220703125,2.361602306365967,0.8977272510528564
150,123,640,360,C1,45,nonblind_diagnostic,Y,0.02,True,False,64,1540,505,495,300,14,1035,10,1,0,1,1570,1570,600,1,all,1.2995320558547974,38,35,300,29.252723693847656,95.35462188720703,0.810258150100708,0.8700000047683716,600,58.71316146850586,183.52191162109375,1.7888059616088867,0.8666666746139526
150,123,640,360,C1,45,nonblind_diagnostic,Y,0.02,True,False,64,1540,505,495,300,14,1035,10,1,0,1,1570,1570,160,1,root_band,0.10666277632117271,0,26,86,7.401962757110596,17.15475082397461,0.10122513025999069,0.7790697813034058,160,7.72937536239624,19.156368255615234,0.11210042238235474,0.762499988079071
150,123,640,360,C1,45,nonblind_diagnostic,Y,0.02,True,False,64,1540,505,495,300,14,1035,10,1,0,1,1570,1570,440,1,outside_root_band,1.7468568086624146,38,9,214,38.033870697021484,102.3867416381836,1.0951967239379883,0.9065420627593994,440,77.25271606445312,219.6236572265625,2.398516893386841,0.9045454263687134
151,123,640,360,C1,45,nonblind_diagnostic,A,0.02,True,False,64,1540,503,494,300,14,1037,9,1,0,1,1570,1570,600,1,all,1.3093812465667725,38,55,300,29.500873565673828,96.84627532958984,0.8207050561904907,0.8433333039283752,600,58.921714782714844,183.81063842773438,1.7980574369430542,0.8533333539962769
151,123,640,360,C1,45,nonblind_diagnostic,A,0.02,True,False,64,1540,503,494,300,14,1037,9,1,0,1,1570,1570,160,1,root_band,0.11074550077319145,0,43,86,7.351174354553223,18.428674697875977,0.10601986199617386,0.7093023061752319,160,7.600109100341797,20.3386173248291,0.11547113955020905,0.706250011920929
151,123,640,360,C1,45,nonblind_diagnostic,A,0.02,True,False,64,1540,503,494,300,14,1037,9,1,0,1,1570,1570,440,1,outside_root_band,1.7589110732078552,38,12,214,38.40214920043945,103.25601959228516,1.1079150438308716,0.8971962332725525,440,77.5841064453125,219.79409790039062,2.409907102584839,0.9068182110786438
152,123,640,360,C1,45,nonblind_diagnostic,B,0.02,True,False,64,1541,505,494,300,14,1036,11,1,0,1,1570,1570,600,1,all,1.2957448661327362,38,34,300,29.170635223388672,96.16702270507812,0.808148205280304,0.8633333444595337,600,58.537559509277344,183.1230926513672,1.7833415269851685,0.8650000095367432
152,123,640,360,C1,45,nonblind_diagnostic,B,0.02,True,False,64,1541,505,494,300,14,1036,11,1,0,1,1570,1570,160,1,root_band,0.10810908675193787,0,27,87,7.5160346031188965,17.790489196777344,0.10572528839111328,0.7586206793785095,160,7.661706447601318,19.007965087890625,0.11049288511276245,0.7562500238418579
152,123,640,360,C1,45,nonblind_diagnostic,B,0.02,True,False,64,1541,505,494,300,14,1036,11,1,0,1,1570,1570,440,1,outside_root_band,1.7433515787124634,38,7,213,38.01547622680664,102.06509399414062,1.0950534343719482,0.9061033129692078,440,77.0378646850586,219.23379516601562,2.3916497230529785,0.9045454263687134
153,123,640,360,C1,45,nonblind_diagnostic,C,0.02,True,False,64,1541,509,496,300,14,1032,13,1,0,1,1570,1570,600,1,all,1.2863155007362366,37,17,300,29.096317291259766,94.37974548339844,0.8029516935348511,0.8700000047683716,600,58.20478057861328,182.44110107421875,1.769679307937622,0.8700000047683716
153,123,640,360,C1,45,nonblind_diagnostic,C,0.02,True,False,64,1541,509,496,300,14,1032,13,1,0,1,1570,1570,160,1,root_band,0.10499610751867294,0,14,86,7.65960693359375,16.225994110107422,0.10157737135887146,0.7906976938247681,160,7.8644328117370605,17.677448272705078,0.10841484367847443,0.7875000238418579
153,123,640,360,C1,45,nonblind_diagnostic,C,0.02,True,False,64,1541,509,496,300,14,1032,13,1,0,1,1570,1570,440,1,outside_root_band,1.7292938828468323,37,3,214,37.71107482910156,100.75749969482422,1.0848122835159302,0.9018691778182983,440,76.51036071777344,218.67884826660156,2.3737754821777344,0.8999999761581421
154,123,640,360,C1,45,nonblind_diagnostic,X,-0.05,True,False,64,1537,510,498,300,14,1027,12,1,0,1,1570,1570,600,1,all,1.26918825507164,50,12,300,29.137374877929688,94.08670806884766,0.803414523601532,0.8633333444595337,600,57.157470703125,177.9702911376953,1.734961986541748,0.8683333396911621
154,123,640,360,C1,45,nonblind_diagnostic,X,-0.05,True,False,64,1537,510,498,300,14,1027,12,1,0,1,1570,1570,160,1,root_band,0.10374438017606735,2,12,86,7.691999435424805,16.41375732421875,0.10226520150899887,0.8023256063461304,160,7.739672660827637,16.981786727905273,0.10522355884313583,0.7875000238418579
154,123,640,360,C1,45,nonblind_diagnostic,X,-0.05,True,False,64,1537,510,498,300,14,1027,12,1,0,1,1570,1570,440,1,outside_root_band,1.7063893675804138,48,0,214,37.75560760498047,100.46675109863281,1.0851846933364868,0.8878504633903503,440,75.12757110595703,213.8414306640625,2.327594041824341,0.8977272510528564
155,123,640,360,C1,45,nonblind_diagnostic,Y,-0.05,True,False,64,1543,520,497,300,14,1023,23,1,0,1,1570,1570,600,1,all,1.2148939371109009,50,44,300,28.03561782836914,88.33679962158203,0.7590359449386597,0.8999999761581421,600,55.47213363647461,174.2874298095703,1.670751929283142,0.9049999713897705
155,123,640,360,C1,45,nonblind_diagnostic,Y,-0.05,True,False,64,1543,520,497,300,14,1023,23,1,0,1,1570,1570,160,1,root_band,0.15958284586668015,1,36,86,10.21923542022705,14.481010437011719,0.15689921379089355,0.930232584476471,160,10.376422882080078,15.07752799987793,0.16226647794246674,0.925000011920929
155,123,640,360,C1,45,nonblind_diagnostic,Y,-0.05,True,False,64,1543,520,497,300,14,1023,23,1,0,1,1570,1570,440,1,outside_root_band,1.610154151916504,49,8,214,35.195472717285156,93.97512817382812,1.0010161399841309,0.8878504633903503,440,71.87056732177734,209.6188201904297,2.219292163848877,0.8977272510528564
156,123,640,360,C1,45,nonblind_diagnostic,A,-0.05,True,False,64,1542,527,500,300,14,1015,27,1,0,1,1570,1570,600,1,all,1.2055512070655823,58,53,300,28.060049057006836,85.8636703491211,0.7581442594528198,0.8933333158493042,600,54.96084976196289,171.15899658203125,1.6529581546783447,0.8966666460037231
156,123,640,360,C1,45,nonblind_diagnostic,A,-0.05,True,False,64,1542,527,500,300,14,1015,27,1,0,1,1570,1570,160,1,root_band,0.21418536454439163,0,35,85,11.895179748535156,16.30632209777832,0.2112257182598114,0.929411768913269,160,12.052574157714844,16.587976455688477,0.21714501082897186,0.9312499761581421
156,123,640,360,C1,45,nonblind_diagnostic,A,-0.05,True,False,64,1542,527,500,300,14,1015,27,1,0,1,1570,1570,440,1,outside_root_band,1.5747199058532715,58,18,215,34.4508056640625,91.71853637695312,0.9743678569793701,0.8790697455406189,440,70.56387329101562,206.27267456054688,2.175071954727173,0.8840909004211426
157,123,640,360,C1,45,nonblind_diagnostic,B,-0.05,True,False,64,1541,525,503,300,15,1016,22,1,0,1,1570,1570,600,1,all,1.232162892818451,43,43,300,28.83832359313965,88.93516540527344,0.784845232963562,0.8933333158493042,600,55.749961853027344,174.26376342773438,1.6794805526733398,0.9066666960716248
157,123,640,360,C1,45,nonblind_diagnostic,B,-0.05,True,False,64,1541,525,503,300,15,1016,22,1,0,1,1570,1570,160,1,root_band,0.16314546763896942,0,36,85,10.322688102722168,14.66051197052002,0.1600738912820816,0.9176470637321472,160,10.49488639831543,15.25188159942627,0.16621704399585724,0.925000011920929
157,123,640,360,C1,45,nonblind_diagnostic,B,-0.05,True,False,64,1541,525,503,300,15,1016,22,1,0,1,1570,1570,440,1,outside_root_band,1.6308029294013977,43,7,215,36.1584587097168,94.49933624267578,1.0318478345870972,0.8837209343910217,440,72.20635223388672,209.3795928955078,2.2297580242156982,0.8999999761581421
158,123,640,360,C1,45,nonblind_diagnostic,C,-0.05,True,False,64,1543,515,497,300,14,1028,18,1,0,1,1570,1570,600,1,all,1.2492240965366364,28,30,300,28.65780258178711,91.68251037597656,0.7808981537818909,0.8933333158493042,600,56.839725494384766,178.07940673828125,1.7175500392913818,0.9049999713897705
158,123,640,360,C1,45,nonblind_diagnostic,C,-0.05,True,False,64,1543,515,497,300,14,1028,18,1,0,1,1570,1570,160,1,root_band,0.12319405004382133,0,25,85,8.915285110473633,13.546011924743652,0.11841113120317459,0.9176470637321472,160,9.198469161987305,14.055030822753906,0.12797696888446808,0.918749988079071
158,123,640,360,C1,45,nonblind_diagnostic,C,-0.05,True,False,64,1543,515,497,300,14,1028,18,1,0,1,1570,1570,440,1,outside_root_band,1.6691941022872925,28,5,215,36.462982177734375,97.1957015991211,1.042811632156372,0.8837209343910217,440,74.16381072998047,214.50674438476562,2.295576572418213,0.8999999761581421
159,123,640,360,C1,45,nonblind_diagnostic,X,0.05,True,False,64,1545,512,497,300,14,1033,15,1,0,1,1570,1570,600,1,all,1.278753012418747,35,12,300,28.978511810302734,93.878662109375,0.7929674983024597,0.8933333158493042,600,58.19096755981445,183.63330078125,1.7645385265350342,0.9016666412353516
159,123,640,360,C1,45,nonblind_diagnostic,X,0.05,True,False,64,1545,512,497,300,14,1033,15,1,0,1,1570,1570,160,1,root_band,0.1096515916287899,3,11,85,8.264537811279297,13.049175262451172,0.10273585468530655,0.8941176533699036,160,8.644440650939941,15.703380584716797,0.11656732857227325,0.90625
159,123,640,360,C1,45,nonblind_diagnostic,X,0.05,True,False,64,1545,512,497,300,14,1033,15,1,0,1,1570,1570,440,1,outside_root_band,1.7148252725601196,32,1,215,37.16775131225586,99.56591796875,1.065849781036377,0.8930232524871826,440,76.20787811279297,219.45314025878906,2.3638007640838623,0.8999999761581421
160,123,640,360,C1,45,nonblind_diagnostic,Y,0.05,True,False,64,1538,498,493,300,14,1040,5,1,0,1,1570,1570,600,1,all,1.3471473455429077,40,102,300,30.057336807250977,98.17550659179688,0.8405853509902954,0.8333333134651184,600,60.55048751831055,188.16310119628906,1.85370934009552,0.8450000286102295
160,123,640,360,C1,45,nonblind_diagnostic,Y,0.05,True,False,64,1538,498,493,300,14,1040,5,1,0,1,1570,1570,160,1,root_band,0.1324065923690796,1,80,86,7.8334126472473145,21.866065979003906,0.1279643476009369,0.6395348906517029,160,8.065866470336914,23.377838134765625,0.1368488371372223,0.6499999761581421
160,123,640,360,C1,45,nonblind_diagnostic,Y,0.05,True,False,64,1538,498,493,300,14,1040,5,1,0,1,1570,1570,440,1,outside_root_band,1.802493929862976,39,22,214,38.98845291137695,106.02273559570312,1.1269657611846924,0.9112149477005005,440,79.63581085205078,224.13253784179688,2.4780220985412598,0.9159091114997864
161,123,640,360,C1,45,nonblind_diagnostic,A,0.05,True,False,64,1538,491,488,300,14,1047,3,1,0,1,1570,1570,600,1,all,1.373728096485138,47,105,300,30.45414924621582,99.50418090820312,0.8535447120666504,0.8399999737739563,600,61.767459869384766,190.85479736328125,1.8939114809036255,0.8533333539962769
161,123,640,360,C1,45,nonblind_diagnostic,A,0.05,True,False,64,1538,491,488,300,14,1047,3,1,0,1,1570,1570,160,1,root_band,0.1626790463924408,0,75,87,8.881778717041016,24.583890914916992,0.15735767781734467,0.6781609058380127,160,9.129474639892578,26.33049201965332,0.16800041496753693,0.6812499761581421
161,123,640,360,C1,45,nonblind_diagnostic,A,0.05,True,False,64,1538,491,488,300,14,1047,3,1,0,1,1570,1570,440,1,outside_root_band,1.8297091722488403,47,30,213,39.26539611816406,107.87313079833984,1.1379027366638184,0.9061033129692078,440,80.90853881835938,226.79141235351562,2.5215156078338623,0.9159091114997864
162,123,640,360,C1,45,nonblind_diagnostic,B,0.05,True,False,64,1540,496,491,300,14,1044,5,1,0,1,1570,1570,600,1,all,1.3329849243164062,40,103,300,29.90530776977539,98.81319427490234,0.8366577625274658,0.8266666531562805,600,59.78986358642578,185.19650268554688,1.8293120861053467,0.8399999737739563
162,123,640,360,C1,45,nonblind_diagnostic,B,0.05,True,False,64,1540,496,491,300,14,1044,5,1,0,1,1570,1570,160,1,root_band,0.12799973785877228,0,82,86,7.64847469329834,21.05124282836914,0.1230122447013855,0.6395348906517029,160,7.904045104980469,23.00200653076172,0.13298723101615906,0.637499988079071
162,123,640,360,C1,45,nonblind_diagnostic,B,0.05,True,False,64,1540,496,491,300,14,1044,5,1,0,1,1570,1570,440,1,outside_root_band,1.7848036885261536,40,21,214,38.849647521972656,104.96772766113281,1.1234499216079712,0.9018691778182983,440,78.65743255615234,220.92596435546875,2.446157455444336,0.9136363863945007
163,123,640,360,C1,45,nonblind_diagnostic,C,0.05,True,False,64,1540,504,495,300,14,1036,9,1,0,1,1570,1570,600,1,all,1.3024684488773346,37,41,300,29.325828552246094,95.71343231201172,0.8141247630119324,0.8566666841506958,600,58.73681640625,183.463623046875,1.7908121347427368,0.8600000143051147
163,123,640,360,C1,45,nonblind_diagnostic,C,0.05,True,False,64,1540,504,495,300,14,1036,9,1,0,1,1570,1570,160,1,root_band,0.10745847970247269,0,32,86,7.28665828704834,17.773155212402344,0.10225659608840942,0.7325581312179565,160,7.615209102630615,19.674156188964844,0.11266036331653595,0.737500011920929
163,123,640,360,C1,45,nonblind_diagnostic,C,0.05,True,False,64,1540,504,495,300,14,1036,9,1,0,1,1570,1570,440,1,outside_root_band,1.7506258487701416,37,9,214,38.18268585205078,102.71027374267578,1.1002025604248047,0.9065420627593994,440,77.32649230957031,219.51123046875,2.4010491371154785,0.9045454263687134
164,164,640,360,C2,42,fit,baseline,0.0,False,False,64,943,932,860,300,41,11,72,1,0,1,2103,2103,600,1,all,0.053423793986439705,0,0,300,5.398249626159668,12.082524299621582,0.051465850323438644,0.6266666650772095,600,5.3707170486450195,12.223647117614746,0.055381737649440765,0.5950000286102295
164,164,640,360,C2,42,fit,baseline,0.0,False,False,64,943,932,860,300,41,11,72,1,0,1,2103,2103,87,1,root_band,0.004343105712905526,0,0,50,3.659525156021118,4.936553001403809,0.004565669223666191,0.6800000071525574,87,3.3843348026275635,4.933513641357422,0.004120542202144861,0.5977011322975159
164,164,640,360,C2,42,fit,baseline,0.0,False,False,64,943,932,860,300,41,11,72,1,0,1,2103,2103,513,1,outside_root_band,0.06246051751077175,0,0,250,5.745994567871094,12.50363540649414,0.060845885425806046,0.6159999966621399,513,5.707588195800781,12.819881439208984,0.06407514959573746,0.5945419073104858
165,164,640,360,C2,42,fit,X,-0.005,True,False,64,943,932,860,300,41,11,72,1,0,1,2103,2103,600,1,all,0.05164346285164356,2,16,300,5.271778106689453,11.880289077758789,0.04963245242834091,0.6233333349227905,600,5.253106594085693,12.335724830627441,0.05365447327494621,0.5983333587646484
165,164,640,360,C2,42,fit,X,-0.005,True,False,64,943,932,860,300,41,11,72,1,0,1,2103,2103,87,1,root_band,0.0016620887909084558,2,12,50,3.214017391204834,4.329426288604736,0.0016821037279441953,0.6399999856948853,87,2.936041831970215,4.2301154136657715,0.0016420738538727164,0.6206896305084229
165,164,640,360,C2,42,fit,X,-0.005,True,False,64,943,932,860,300,41,11,72,1,0,1,2103,2103,513,1,outside_root_band,0.060848912224173546,0,4,250,5.683330535888672,12.613154411315918,0.05922252684831619,0.6200000047683716,513,5.646058082580566,12.851054191589355,0.0624752976000309,0.5945419073104858
166,164,640,360,C2,42,fit,Y,-0.005,True,False,64,942,931,860,300,42,11,71,1,0,1,2103,2103,600,1,all,0.05549982562661171,4,12,300,5.549510955810547,12.16603946685791,0.05356651172041893,0.6466666460037231,600,5.496711730957031,12.320143699645996,0.05743313953280449,0.6083333492279053
166,164,640,360,C2,42,fit,Y,-0.005,True,False,64,942,931,860,300,42,11,71,1,0,1,2103,2103,87,1,root_band,0.008829320315271616,4,12,50,4.276391506195068,5.601074695587158,0.00916801206767559,0.7799999713897705,87,3.8936476707458496,5.653963565826416,0.008490628562867641,0.6896551847457886
166,164,640,360,C2,42,fit,Y,-0.005,True,False,64,942,931,860,300,42,11,71,1,0,1,2103,2103,513,1,outside_root_band,0.06408977136015892,0,0,250,5.804135322570801,12.60230541229248,0.06244621425867081,0.6200000047683716,513,5.768576145172119,12.7791748046875,0.06573332846164703,0.5945419073104858
167,164,640,360,C2,42,fit,A,-0.005,True,False,64,943,932,860,300,41,11,72,1,0,1,2103,2103,600,1,all,0.05231930501759052,1,10,300,5.312314987182617,11.878629684448242,0.05035129562020302,0.6333333253860474,600,5.294855117797852,12.297772407531738,0.05428731441497803,0.5916666388511658
167,164,640,360,C2,42,fit,A,-0.005,True,False,64,943,932,860,300,41,11,72,1,0,1,2103,2103,87,1,root_band,0.0024558048462495208,1,8,50,3.3215181827545166,4.487913131713867,0.002566202078014612,0.699999988079071,87,3.0808584690093994,4.500725269317627,0.0023454076144844294,0.5977011322975159
167,164,640,360,C2,42,fit,A,-0.005,True,False,64,943,932,860,300,41,11,72,1,0,1,2103,2103,513,1,outside_root_band,0.0615022499114275,0,2,250,5.710474491119385,12.577858924865723,0.059908319264650345,0.6200000047683716,513,5.670328140258789,12.840743064880371,0.06309618055820465,0.5906432867050171
168,164,640,360,C2,42,fit,B,-0.005,True,False,64,943,932,862,300,42,11,70,1,0,1,2103,2103,600,1,all,0.05135771445930004,1,16,300,5.241290092468262,11.810327529907227,0.049377236515283585,0.6166666746139526,600,5.22838830947876,12.371908187866211,0.0533381924033165,0.5983333587646484
168,164,640,360,C2,42,fit,B,-0.005,True,False,64,943,932,862,300,42,11,70,1,0,1,2103,2103,87,1,root_band,0.0014991066418588161,1,12,51,3.1058602333068848,4.285268306732178,0.0017184833995997906,0.6274510025978088,87,2.8431859016418457,4.145434856414795,0.0012797298841178417,0.6206896305084229
168,164,640,360,C2,42,fit,B,-0.005,True,False,64,943,932,862,300,42,11,70,1,0,1,2103,2103,513,1,outside_root_band,0.06065274402499199,0,4,249,5.6786675453186035,12.616596221923828,0.059138666838407516,0.6144578456878662,513,5.632896423339844,12.86154556274414,0.06216682121157646,0.5945419073104858
169,164,640,360,C2,42,fit,C,-0.005,True,False,64,942,931,860,300,42,11,71,1,0,1,2103,2103,600,1,all,0.05466422438621521,4,9,300,5.4903411865234375,12.083112716674805,0.0527149960398674,0.6433333158493042,600,5.446828365325928,12.324993133544922,0.05661345273256302,0.6000000238418579
169,164,640,360,C2,42,fit,C,-0.005,True,False,64,942,931,860,300,42,11,71,1,0,1,2103,2103,87,1,root_band,0.006830475991591811,4,9,50,4.029824256896973,5.367419242858887,0.007086106110364199,0.7599999904632568,87,3.6875081062316895,5.358839511871338,0.006574845872819424,0.6321839094161987
169,164,640,360,C2,42,fit,C,-0.005,True,False,64,942,931,860,300,42,11,71,1,0,1,2103,2103,513,1,outside_root_band,0.0634701605886221,0,0,250,5.782444477081299,12.42945671081543,0.06184077635407448,0.6200000047683716,513,5.745193004608154,12.79906177520752,0.06509954482316971,0.5945419073104858
170,164,640,360,C2,42,fit,X,0.005,True,False,64,942,931,860,300,42,11,71,1,0,1,2103,2103,600,1,all,0.05560500733554363,3,12,300,5.538766860961914,12.153377532958984,0.05373005568981171,0.6366666555404663,600,5.501129627227783,12.331582069396973,0.05747995898127556,0.6083333492279053
170,164,640,360,C2,42,fit,X,0.005,True,False,64,942,931,860,300,42,11,71,1,0,1,2103,2103,87,1,root_band,0.008919693529605865,3,12,50,4.189059734344482,5.620046138763428,0.009415358304977417,0.7200000286102295,87,3.91485595703125,5.64076566696167,0.008424028754234314,0.6896551847457886
170,164,640,360,C2,42,fit,X,0.005,True,False,64,942,931,860,300,42,11,71,1,0,1,2103,2103,513,1,outside_root_band,0.06419619172811508,0,0,250,5.808708190917969,12.483611106872559,0.0625929981470108,0.6200000047683716,513,5.77014684677124,12.788736343383789,0.06579938530921936,0.5945419073104858
171,164,640,360,C2,42,fit,Y,0.005,True,False,64,943,932,860,300,41,11,72,1,0,1,2103,2103,600,1,all,0.051737627014517784,1,15,300,5.26632022857666,11.898575782775879,0.04978145658969879,0.6299999952316284,600,5.251564025878906,12.358134269714355,0.05369379743933678,0.596666693687439
171,164,640,360,C2,42,fit,Y,0.005,True,False,64,943,932,860,300,41,11,72,1,0,1,2103,2103,87,1,root_band,0.0016489863628521562,1,11,50,3.1498162746429443,4.257937431335449,0.0017734691500663757,0.6800000071525574,87,2.9167449474334717,4.212159156799316,0.0015245035756379366,0.6091954112052917
171,164,640,360,C2,42,fit,Y,0.005,True,False,64,943,932,860,300,41,11,72,1,0,1,2103,2103,513,1,outside_root_band,0.060962138697505,0,4,250,5.689620494842529,12.639362335205078,0.059383053332567215,0.6200000047683716,513,5.647527694702148,12.860673904418945,0.06254122406244278,0.5945419073104858
172,164,640,360,C2,42,fit,A,0.005,True,False,64,942,931,860,300,42,11,71,1,0,1,2103,2103,600,1,all,0.05466584116220474,3,10,300,5.491105556488037,12.082955360412598,0.05272095277905464,0.6433333158493042,600,5.446578025817871,12.32479190826416,0.05661072954535484,0.6016666889190674
172,164,640,360,C2,42,fit,A,0.005,True,False,64,942,931,860,300,42,11,71,1,0,1,2103,2103,87,1,root_band,0.006843457464128733,3,10,50,4.0350799560546875,5.367218971252441,0.007126076612621546,0.7599999904632568,87,3.6868889331817627,5.358642101287842,0.00656083831563592,0.6436781883239746
172,164,640,360,C2,42,fit,A,0.005,True,False,64,942,931,860,300,42,11,71,1,0,1,2103,2103,513,1,outside_root_band,0.06346932798624039,0,0,250,5.782310962677002,12.429609298706055,0.06183993071317673,0.6200000047683716,513,5.745004653930664,12.79909610748291,0.06509872525930405,0.5945419073104858
173,164,640,360,C2,42,fit,B,0.005,True,False,64,942,931,859,300,42,11,72,1,0,1,2103,2103,600,1,all,0.05599489249289036,2,12,300,5.556459903717041,12.171229362487793,0.053997911512851715,0.6499999761581421,600,5.5327348709106445,12.352547645568848,0.057991873472929,0.6083333492279053
173,164,640,360,C2,42,fit,B,0.005,True,False,64,942,931,859,300,42,11,72,1,0,1,2103,2103,87,1,root_band,0.010516514535993338,2,12,50,4.402480602264404,5.902077674865723,0.01122645940631628,0.7799999713897705,87,4.054244041442871,5.805150032043457,0.009806569665670395,0.6896551847457886
173,164,640,360,C2,42,fit,B,0.005,True,False,64,942,931,859,300,42,11,72,1,0,1,2103,2103,513,1,outside_root_band,0.0643579252064228,0,0,250,5.787255764007568,12.568826675415039,0.06255219876766205,0.6240000128746033,513,5.783473014831543,12.77838134765625,0.06616365164518356,0.5945419073104858
174,164,640,360,C2,42,fit,C,0.005,True,False,64,943,932,860,300,41,11,72,1,0,1,2103,2103,600,1,all,0.052320126444101334,1,9,300,5.312508583068848,11.878578186035156,0.05035577714443207,0.6299999952316284,600,5.294214725494385,12.297696113586426,0.0542844757437706,0.5899999737739563
174,164,640,360,C2,42,fit,C,0.005,True,False,64,943,932,860,300,41,11,72,1,0,1,2103,2103,87,1,root_band,0.002456141635775566,1,7,50,3.3230745792388916,4.488057613372803,0.0025901144836097956,0.6800000071525574,87,3.0772104263305664,4.500858306884766,0.0023221687879413366,0.5862069129943848
174,164,640,360,C2,42,fit,C,0.005,True,False,64,943,932,860,300,41,11,72,1,0,1,2103,2103,513,1,outside_root_band,0.061502858996391296,0,2,250,5.710394859313965,12.577777862548828,0.0599089115858078,0.6200000047683716,513,5.6701979637146,12.840700149536133,0.06309680640697479,0.5906432867050171
175,164,640,360,C2,42,fit,X,-0.01,True,False,64,943,932,860,300,41,11,72,1,0,1,2103,2103,600,1,all,0.05037979036569595,5,34,300,5.192804336547852,11.904735565185547,0.04840003326535225,0.6066666841506958,600,5.161571979522705,12.442231178283691,0.05235954746603966,0.5816666483879089
175,164,640,360,C2,42,fit,X,-0.01,True,False,64,943,932,860,300,41,11,72,1,0,1,2103,2103,87,1,root_band,0.0014960896223783493,5,28,50,3.041682243347168,4.124294281005859,0.0016650276957079768,0.5600000023841858,87,2.6603403091430664,4.057884693145752,0.0013271515490487218,0.5287356376647949
175,164,640,360,C2,42,fit,X,-0.01,True,False,64,943,932,860,300,41,11,72,1,0,1,2103,2103,513,1,outside_root_band,0.05938059836626053,0,6,250,5.623028755187988,12.724013328552246,0.05774703249335289,0.6159999966621399,513,5.585757255554199,12.882160186767578,0.06101416423916817,0.5906432867050171
176,164,640,360,C2,42,fit,Y,-0.01,True,False,64,941,930,859,300,42,11,71,1,0,1,2103,2103,600,1,all,0.057907840237021446,3,21,300,5.6530537605285645,12.226456642150879,0.05598316341638565,0.6499999761581421,600,5.632357120513916,12.46646499633789,0.05983251705765724,0.6200000047683716
176,164,640,360,C2,42,fit,Y,-0.01,True,False,64,941,930,859,300,42,11,71,1,0,1,2103,2103,87,1,root_band,0.015499718487262726,3,18,50,4.743660926818848,6.439123153686523,0.016340887174010277,0.7799999713897705,87,4.46489953994751,6.3388800621032715,0.014658549800515175,0.7586206793785095
176,164,640,360,C2,42,fit,Y,-0.01,True,False,64,941,930,859,300,42,11,71,1,0,1,2103,2103,513,1,outside_root_band,0.06570260226726532,0,3,250,5.834932327270508,12.603836059570312,0.06391160935163498,0.6240000128746033,513,5.830347061157227,12.851054191589355,0.06749359518289566,0.5964912176132202
177,164,640,360,C2,42,fit,A,-0.01,True,False,64,943,932,862,300,42,11,70,1,0,1,2103,2103,600,1,all,0.051368093118071556,2,17,300,5.246234893798828,11.810345649719238,0.049387574195861816,0.6200000047683716,600,5.229905128479004,12.372053146362305,0.053348612040281296,0.6000000238418579
177,164,640,360,C2,42,fit,A,-0.01,True,False,64,943,932,862,300,42,11,70,1,0,1,2103,2103,87,1,root_band,0.0015669890563003719,2,13,51,3.134549617767334,4.285039901733398,0.0017805923707783222,0.6470588445663452,87,2.8528053760528564,4.145272731781006,0.0013533857418224216,0.6321839094161987
177,164,640,360,C2,42,fit,A,-0.01,True,False,64,943,932,862,300,42,11,70,1,0,1,2103,2103,513,1,outside_root_band,0.06065245717763901,0,4,249,5.678750038146973,12.616596221923828,0.059138402342796326,0.6144578456878662,513,5.633039474487305,12.861588478088379,0.06216651201248169,0.5945419073104858
178,164,640,360,C2,42,fit,B,-0.01,True,False,64,944,933,861,300,41,11,72,1,0,1,2103,2103,600,1,all,0.05012531578540802,6,50,300,5.191770553588867,12.277238845825195,0.04832897707819939,0.5833333134651184,600,5.11690092086792,12.512802124023438,0.05192165449261665,0.5516666769981384
178,164,640,360,C2,42,fit,B,-0.01,True,False,64,944,933,861,300,41,11,72,1,0,1,2103,2103,87,1,root_band,0.001824143051635474,6,44,51,3.0014455318450928,4.5545148849487305,0.002110949018970132,0.3921568691730499,87,2.5033085346221924,4.170618534088135,0.001537337084300816,0.3218390941619873
178,164,640,360,C2,42,fit,B,-0.01,True,False,64,944,933,861,300,41,11,72,1,0,1,2103,2103,513,1,outside_root_band,0.059130843728780746,0,6,249,5.640391826629639,12.743972778320312,0.05779532343149185,0.6224899888038635,513,5.5601420402526855,12.903348922729492,0.06046636402606964,0.5906432867050171
179,164,640,360,C2,42,fit,C,-0.01,True,False,64,942,931,860,300,42,11,71,1,0,1,2103,2103,600,1,all,0.05607333220541477,3,12,300,5.580612659454346,12.205049514770508,0.054165974259376526,0.6466666460037231,600,5.528576374053955,12.352473258972168,0.05798069015145302,0.6083333492279053
179,164,640,360,C2,42,fit,C,-0.01,True,False,64,942,931,860,300,42,11,71,1,0,1,2103,2103,87,1,root_band,0.010161669924855232,3,12,50,4.387911796569824,5.784550666809082,0.010606573894619942,0.7799999713897705,87,4.024154186248779,5.805694580078125,0.009716765955090523,0.6896551847457886
179,164,640,360,C2,42,fit,C,-0.01,True,False,64,942,931,860,300,42,11,71,1,0,1,2103,2103,513,1,outside_root_band,0.06452182307839394,0,0,250,5.819153308868408,12.649778366088867,0.0628778487443924,0.6200000047683716,513,5.783711910247803,12.778176307678223,0.06616579741239548,0.5945419073104858
180,164,640,360,C2,42,fit,X,0.01,True,False,64,942,931,860,300,42,11,71,1,0,1,2103,2103,600,1,all,0.05822687782347202,4,26,300,5.695838451385498,12.25479507446289,0.05649850144982338,0.653333306312561,600,5.648043632507324,12.484562873840332,0.059955254197120667,0.625
180,164,640,360,C2,42,fit,X,0.01,True,False,64,942,931,860,300,42,11,71,1,0,1,2103,2103,87,1,root_band,0.01584172761067748,4,23,50,4.828042507171631,6.451897144317627,0.016972670331597328,0.8399999737739563,87,4.553021430969238,6.290160655975342,0.014710784889757633,0.7931034564971924
180,164,640,360,C2,42,fit,X,0.01,True,False,64,942,931,860,300,42,11,71,1,0,1,2103,2103,513,1,outside_root_band,0.06601597741246223,0,3,250,5.8693976402282715,12.684333801269531,0.06440366059541702,0.6159999966621399,513,5.833749294281006,12.87230110168457,0.06762829422950745,0.5964912176132202
181,164,640,360,C2,42,fit,Y,0.01,True,False,64,944,933,861,300,41,11,72,1,0,1,2103,2103,600,1,all,0.05055498518049717,3,32,300,5.217029571533203,12.272238731384277,0.048706572502851486,0.6000000238418579,600,5.151950359344482,12.480697631835938,0.05240339785814285,0.57833331823349
181,164,640,360,C2,42,fit,Y,0.01,True,False,64,944,933,861,300,41,11,72,1,0,1,2103,2103,87,1,root_band,0.0009424917807336897,3,26,51,3.013012647628784,3.9253664016723633,0.0010411858092993498,0.5098039507865906,87,2.5763611793518066,3.8624613285064697,0.0008437977521680295,0.5057471394538879
181,164,640,360,C2,42,fit,Y,0.01,True,False,64,944,933,861,300,41,11,72,1,0,1,2103,2103,513,1,outside_root_band,0.0598083958029747,0,6,249,5.668454170227051,12.7266206741333,0.058469366282224655,0.6184738874435425,513,5.588746547698975,12.901497840881348,0.06114742532372475,0.5906432867050171
182,164,640,360,C2,42,fit,A,0.01,True,False,64,942,931,859,300,42,11,72,1,0,1,2103,2103,600,1,all,0.056001946330070496,2,13,300,5.553980827331543,12.171031951904297,0.05400995910167694,0.6466666460037231,600,5.533328056335449,12.352561950683594,0.05799393355846405,0.6066666841506958
182,164,640,360,C2,42,fit,A,0.01,True,False,64,942,931,859,300,42,11,72,1,0,1,2103,2103,87,1,root_band,0.010562881361693144,2,13,50,4.38834285736084,5.901899814605713,0.011301622726023197,0.7599999904632568,87,4.059361934661865,5.80497407913208,0.00982413999736309,0.6781609058380127
182,164,640,360,C2,42,fit,A,0.01,True,False,64,942,931,859,300,42,11,72,1,0,1,2103,2103,513,1,outside_root_band,0.06435735151171684,0,0,250,5.787108898162842,12.568882942199707,0.06255162507295609,0.6240000128746033,513,5.783298969268799,12.778389930725098,0.0661630779504776,0.5945419073104858
183,164,640,360,C2,42,fit,B,0.01,True,False,64,941,930,859,300,42,11,71,1,0,1,2103,2103,600,1,all,0.059324998408555984,5,25,300,5.737654209136963,12.316061019897461,0.057486776262521744,0.6600000262260437,600,5.710704803466797,12.60128402709961,0.061163220554590225,0.6266666650772095
183,164,640,360,C2,42,fit,B,0.01,True,False,64,941,930,859,300,42,11,71,1,0,1,2103,2103,87,1,root_band,0.019784451462328434,5,22,50,5.1046142578125,6.739901065826416,0.021056056022644043,0.8399999737739563,87,4.82949686050415,6.634756565093994,0.018512846902012825,0.8045976758003235
183,164,640,360,C2,42,fit,B,0.01,True,False,64,941,930,859,300,42,11,71,1,0,1,2103,2103,513,1,outside_root_band,0.06658462435007095,0,3,250,5.864262580871582,12.735507011413574,0.06477291882038116,0.6240000128746033,513,5.860150337219238,12.905073165893555,0.06839632987976074,0.5964912176132202
184,164,640,360,C2,42,fit,C,0.01,True,False,64,943,932,860,300,41,11,72,1,0,1,2103,2103,600,1,all,0.05137264169752598,1,16,300,5.241248607635498,11.900127410888672,0.049414895474910736,0.6233333349227905,600,5.226933479309082,12.371602058410645,0.05333038792014122,0.5983333587646484
184,164,640,360,C2,42,fit,C,0.01,True,False,64,943,932,860,300,41,11,72,1,0,1,2103,2103,87,1,root_band,0.0013210322940722108,1,12,50,3.072313070297241,4.1297688484191895,0.0014244848862290382,0.6399999856948853,87,2.833665132522583,4.116053104400635,0.0012175797019153833,0.6206896305084229
184,164,640,360,C2,42,fit,C,0.01,True,False,64,943,932,860,300,41,11,72,1,0,1,2103,2103,513,1,outside_root_band,0.060590606182813644,0,4,250,5.675036430358887,12.65192699432373,0.05901297926902771,0.6200000047683716,513,5.632809162139893,12.861459732055664,0.06216823309659958,0.5945419073104858
185,164,640,360,C2,42,fit,X,-0.02,True,False,64,944,933,862,300,41,11,71,1,0,1,2103,2103,600,1,all,0.04927100986242294,17,76,300,5.065832138061523,12.006929397583008,0.047605980187654495,0.5433333516120911,600,5.026289939880371,12.668730735778809,0.05093603953719139,0.5316666960716248
185,164,640,360,C2,42,fit,X,-0.02,True,False,64,944,933,862,300,41,11,71,1,0,1,2103,2103,87,1,root_band,0.007390033919364214,16,66,51,2.855954647064209,6.313961505889893,0.008732386864721775,0.23529411852359772,87,2.4230525493621826,6.254764080047607,0.006047680974006653,0.2068965584039688
185,164,640,360,C2,42,fit,X,-0.02,True,False,64,944,933,862,300,41,11,71,1,0,1,2103,2103,513,1,outside_root_band,0.057058366015553474,1,10,249,5.518457412719727,12.771698951721191,0.055568043142557144,0.6064257025718689,513,5.467774868011475,12.957196235656738,0.058548688888549805,0.5867446660995483
186,164,640,360,C2,42,fit,Y,-0.02,True,False,64,939,928,859,300,42,11,69,1,0,1,2103,2103,600,1,all,0.06441742181777954,7,33,300,6.024672031402588,12.626562118530273,0.06302119046449661,0.6700000166893005,600,5.942255973815918,12.862054824829102,0.06581365317106247,0.6333333253860474
186,164,640,360,C2,42,fit,Y,-0.02,True,False,64,939,928,859,300,42,11,69,1,0,1,2103,2103,87,1,root_band,0.036503080278635025,6,28,50,6.328831672668457,7.804252624511719,0.039380453526973724,0.8999999761581421,87,5.856651782989502,7.801998615264893,0.033625707030296326,0.8505747318267822
186,164,640,360,C2,42,fit,Y,-0.02,True,False,64,939,928,859,300,42,11,69,1,0,1,2103,2103,513,1,outside_root_band,0.06951088085770607,1,5,250,5.963840484619141,12.967875480651855,0.06774933636188507,0.6240000128746033,513,5.9567742347717285,13.012104988098145,0.07127242535352707,0.5964912176132202
187,164,640,360,C2,42,fit,A,-0.02,True,False,64,944,933,863,300,42,11,70,1,0,1,2103,2103,600,1,all,0.05010335519909859,6,50,300,5.146095275878906,11.850320816040039,0.04822573810815811,0.5833333134651184,600,5.123166561126709,12.513294219970703,0.05198097229003906,0.5516666769981384
187,164,640,360,C2,42,fit,A,-0.02,True,False,64,944,933,863,300,42,11,70,1,0,1,2103,2103,87,1,root_band,0.002285533817484975,6,44,51,2.9275896549224854,5.010893821716309,0.002615892793983221,0.47058823704719543,87,2.545135259628296,4.432658672332764,0.0019551748409867287,0.3218390941619873
187,164,640,360,C2,42,fit,A,-0.02,True,False,64,944,933,863,300,42,11,70,1,0,1,2103,2103,513,1,outside_root_band,0.05901619791984558,0,6,249,5.600488185882568,12.747912406921387,0.05756751447916031,0.6064257025718689,513,5.560376167297363,12.903552055358887,0.06046488136053085,0.5906432867050171
188,164,640,360,C2,42,fit,B,-0.02,True,False,64,946,935,864,300,41,11,71,1,0,1,2103,2103,600,1,all,0.04896163009107113,17,80,300,5.028709888458252,12.072867393493652,0.04733439162373543,0.5566666722297668,600,4.9496588706970215,12.835055351257324,0.05058886855840683,0.528333306312561
188,164,640,360,C2,42,fit,B,-0.02,True,False,64,946,935,864,300,41,11,71,1,0,1,2103,2103,87,1,root_band,0.01005930034443736,16,67,52,2.956573247909546,6.943348407745361,0.01191637385636568,0.3076923191547394,87,2.1970374584198,6.850513458251953,0.00820222683250904,0.19540229439735413
188,164,640,360,C2,42,fit,B,-0.02,True,False,64,946,935,864,300,41,11,71,1,0,1,2103,2103,513,1,outside_root_band,0.056268997490406036,1,13,248,5.46319055557251,12.996465682983398,0.05476075038313866,0.6088709831237793,513,5.416477203369141,13.108824729919434,0.057777244597673416,0.5847952961921692
189,164,640,360,C2,42,fit,C,-0.02,True,False,64,941,930,860,300,42,11,70,1,0,1,2103,2103,600,1,all,0.05933721922338009,5,26,300,5.750725746154785,12.298002243041992,0.05755475535988808,0.6566666960716248,600,5.699091911315918,12.60368537902832,0.0611196830868721,0.625
189,164,640,360,C2,42,fit,C,-0.02,True,False,64,941,930,860,300,42,11,70,1,0,1,2103,2103,87,1,root_band,0.019102864898741245,5,23,50,5.0363240242004395,6.61096715927124,0.020039444789290428,0.8600000143051147,87,4.745938777923584,6.668950080871582,0.018166285008192062,0.7931034564971924
189,164,640,360,C2,42,fit,C,-0.02,True,False,64,941,930,860,300,42,11,70,1,0,1,2103,2103,513,1,outside_root_band,0.06673099473118782,0,3,250,5.893606185913086,12.731154441833496,0.06505781412124634,0.6159999966621399,513,5.8607378005981445,12.906423568725586,0.0684041753411293,0.5964912176132202
190,164,640,360,C2,42,fit,X,0.02,True,False,64,940,929,859,300,42,11,70,1,0,1,2103,2103,600,1,all,0.06528687849640846,8,36,300,6.077889919281006,12.610852241516113,0.06399852782487869,0.6766666769981384,600,6.003176212310791,12.903210639953613,0.06657522916793823,0.6449999809265137
190,164,640,360,C2,42,fit,X,0.02,True,False,64,940,929,859,300,42,11,70,1,0,1,2103,2103,87,1,root_band,0.04092254117131233,7,31,51,6.639434814453125,7.966979503631592,0.04462509602308273,0.9411764740943909,87,6.234067440032959,7.772486686706543,0.03721998631954193,0.931034505367279
190,164,640,360,C2,42,fit,X,0.02,True,False,64,940,929,859,300,42,11,70,1,0,1,2103,2103,513,1,outside_root_band,0.06976009160280228,1,5,249,5.962874889373779,13.038405418395996,0.06796658039093018,0.6224899888038635,513,5.964019775390625,13.043827056884766,0.07155360281467438,0.5964912176132202
191,164,640,360,C2,42,fit,Y,0.02,True,False,64,946,935,863,300,41,11,72,1,0,1,2103,2103,600,1,all,0.049073683097958565,14,74,300,5.01063871383667,12.122305870056152,0.04732612147927284,0.5366666913032532,600,4.984495639801025,12.76406478881836,0.05082124471664429,0.5249999761581421
191,164,640,360,C2,42,fit,Y,0.02,True,False,64,946,935,863,300,41,11,72,1,0,1,2103,2103,87,1,root_band,0.004173510591499507,13,64,51,2.516625165939331,5.505262851715088,0.004746205173432827,0.19607843458652496,87,2.1035022735595703,5.354671955108643,0.003600816009566188,0.16091954708099365
191,164,640,360,C2,42,fit,Y,0.02,True,False,64,946,935,863,300,41,11,72,1,0,1,2103,2103,513,1,outside_root_band,0.05743834562599659,1,10,249,5.521461009979248,12.951101303100586,0.056047309190034866,0.6064257025718689,513,5.473085403442383,13.052178382873535,0.05882938206195831,0.5867446660995483
192,164,640,360,C2,42,fit,A,0.02,True,False,64,942,931,857,300,41,11,74,1,0,1,2103,2103,600,1,all,0.05975629761815071,1,25,300,5.788830280303955,12.380780220031738,0.058242347091436386,0.653333306312561,600,5.731996536254883,12.600492477416992,0.061270248144865036,0.6299999952316284
192,164,640,360,C2,42,fit,A,0.02,True,False,64,942,931,857,300,41,11,74,1,0,1,2103,2103,87,1,root_band,0.0205683596432209,1,22,50,5.293076992034912,6.615912914276123,0.021869108080863953,0.8600000143051147,87,4.978728771209717,6.626110553741455,0.01926761120557785,0.8275862336158752
192,164,640,360,C2,42,fit,A,0.02,True,False,64,942,931,857,300,41,11,74,1,0,1,2103,2103,513,1,outside_root_band,0.06695524975657463,0,3,250,5.887980937957764,12.80147647857666,0.06551699340343475,0.6119999885559082,513,5.859744071960449,12.904449462890625,0.06839350610971451,0.5964912176132202
193,164,640,360,C2,42,fit,B,0.02,True,False,64,940,929,858,300,42,11,71,1,0,1,2103,2103,600,1,all,0.06869034096598625,7,38,300,6.197813987731934,12.712089538574219,0.0676623061299324,0.6700000166893005,600,6.133260726928711,12.89772891998291,0.0697183758020401,0.6483333110809326
193,164,640,360,C2,42,fit,B,0.02,True,False,64,940,929,858,300,42,11,71,1,0,1,2103,2103,87,1,root_band,0.053008049726486206,6,33,50,7.176833152770996,8.565814018249512,0.05686580762267113,0.9599999785423279,87,6.814468860626221,8.422343254089355,0.049150291830301285,0.954023003578186
193,164,640,360,C2,42,fit,B,0.02,True,False,64,940,929,858,300,42,11,71,1,0,1,2103,2103,513,1,outside_root_band,0.0715140663087368,1,5,250,6.002009868621826,12.963764190673828,0.06982161104679108,0.6119999885559082,513,6.017734527587891,13.273078918457031,0.07320652157068253,0.5964912176132202
194,164,640,360,C2,42,fit,C,0.02,True,False,64,944,933,861,300,41,11,72,1,0,1,2103,2103,600,1,all,0.050053756684064865,5,50,300,5.187722206115723,12.2767333984375,0.048235226422548294,0.5799999833106995,600,5.110159873962402,12.51115894317627,0.051872286945581436,0.5516666769981384
194,164,640,360,C2,42,fit,C,0.02,True,False,64,944,933,861,300,41,11,72,1,0,1,2103,2103,87,1,root_band,0.0013579495716840029,5,44,51,2.9771876335144043,4.121862411499023,0.0015419241972267628,0.37254902720451355,87,2.457392930984497,3.951539993286133,0.001173974946141243,0.3218390941619873
194,164,640,360,C2,42,fit,C,0.02,True,False,64,944,933,861,300,41,11,72,1,0,1,2103,2103,513,1,outside_root_band,0.059134576469659805,0,6,249,5.640482425689697,12.74247932434082,0.05779891461133957,0.6224899888038635,513,5.560044765472412,12.902862548828125,0.06047023832798004,0.5906432867050171
195,164,640,360,C2,42,fit,X,-0.05,True,False,64,949,938,866,300,41,11,72,1,0,1,2103,2103,600,1,all,0.05582169629633427,15,109,300,5.439377307891846,13.449122428894043,0.05648151412606239,0.5866666436195374,600,5.179910659790039,13.45056438446045,0.05516187846660614,0.550000011920929
195,164,640,360,C2,42,fit,X,-0.05,True,False,64,949,938,866,300,41,11,72,1,0,1,2103,2103,87,1,root_band,0.06860539130866528,12,74,51,6.836587905883789,14.317425727844238,0.08112692087888718,0.7450980544090271,87,5.428508281707764,13.32810115814209,0.056083861738443375,0.5517241358757019
195,164,640,360,C2,42,fit,X,-0.05,True,False,64,949,938,866,300,41,11,72,1,0,1,2103,2103,513,1,outside_root_band,0.05321958847343922,3,35,249,5.153201103210449,13.134038925170898,0.051433660089969635,0.5542168617248535,513,5.137751579284668,13.466958045959473,0.0550055168569088,0.5497075915336609
196,164,640,360,C2,42,fit,Y,-0.05,True,False,64,938,927,861,300,42,11,66,1,0,1,2103,2103,600,1,all,0.09407080337405205,13,46,300,7.148408889770508,13.717763900756836,0.09443771094083786,0.6866666674613953,600,6.957004070281982,13.814805030822754,0.09370389580726624,0.6549999713897705
196,164,640,360,C2,42,fit,Y,-0.05,True,False,64,938,927,861,300,42,11,66,1,0,1,2103,2103,87,1,root_band,0.15891680866479874,11,35,50,10.914168357849121,12.375506401062012,0.16471384465694427,1.0,87,10.563220024108887,12.105792999267578,0.1531197726726532,1.0
196,164,640,360,C2,42,fit,Y,-0.05,True,False,64,938,927,861,300,42,11,66,1,0,1,2103,2103,513,1,outside_root_band,0.08200500160455704,2,11,250,6.395257472991943,13.97435188293457,0.08038248866796494,0.6240000128746033,513,6.345424175262451,14.071869850158691,0.08362751454114914,0.5964912176132202
197,164,640,360,C2,42,fit,A,-0.05,True,False,64,946,935,868,300,42,11,67,1,0,1,2103,2103,600,1,all,0.050138676539063454,16,95,300,5.103094100952148,12.280826568603516,0.04908706620335579,0.5533333420753479,600,4.938411235809326,12.92460823059082,0.05119028687477112,0.5266666412353516
197,164,640,360,C2,42,fit,A,-0.05,True,False,64,946,935,868,300,42,11,67,1,0,1,2103,2103,87,1,root_band,0.02154302317649126,15,74,53,3.682591676712036,9.47252082824707,0.025031382218003273,0.4150943458080292,87,2.5330638885498047,8.835573196411133,0.018054664134979248,0.27586206793785095
197,164,640,360,C2,42,fit,A,-0.05,True,False,64,946,935,868,300,42,11,67,1,0,1,2103,2103,513,1,outside_root_band,0.05552929267287254,1,21,247,5.407898426055908,13.208587646484375,0.05424880608916283,0.5829959511756897,513,5.346334934234619,13.274205207824707,0.05680977925658226,0.5692007541656494
198,164,640,360,C2,42,fit,B,-0.05,True,False,64,948,937,870,300,42,11,67,1,0,1,2103,2103,600,1,all,0.0606756005436182,16,90,300,5.73200798034668,13.773560523986816,0.06261777132749557,0.6399999856948853,600,5.376683712005615,13.8865966796875,0.05873342975974083,0.5950000286102295
198,164,640,360,C2,42,fit,B,-0.05,True,False,64,948,937,870,300,42,11,67,1,0,1,2103,2103,87,1,root_band,0.09437433630228043,14,36,54,8.447942733764648,15.901579856872559,0.11056312173604965,1.0,87,7.185391902923584,14.927319526672363,0.0781855508685112,0.9885057210922241
198,164,640,360,C2,42,fit,B,-0.05,True,False,64,948,937,870,300,42,11,67,1,0,1,2103,2103,513,1,outside_root_band,0.0537638645619154,2,54,246,5.135826587677002,13.406112670898438,0.05209318920969963,0.5609756112098694,513,5.069943904876709,13.837870597839355,0.055434539914131165,0.528265118598938
199,164,640,360,C2,42,fit,C,-0.05,True,False,64,938,927,858,300,42,11,69,1,0,1,2103,2103,600,1,all,0.07401587069034576,8,42,300,6.4016947746276855,12.907939910888672,0.07330581545829773,0.6800000071525574,600,6.320402145385742,13.229959487915039,0.0747259259223938,0.6549999713897705
199,164,640,360,C2,42,fit,C,-0.05,True,False,64,938,927,858,300,42,11,69,1,0,1,2103,2103,87,1,root_band,0.07347992807626724,7,35,50,8.008570671081543,9.530730247497559,0.07843974977731705,1.0,87,7.621216297149658,9.283979415893555,0.06852010637521744,1.0
199,164,640,360,C2,42,fit,C,-0.05,True,False,64,938,927,858,300,42,11,69,1,0,1,2103,2103,513,1,outside_root_band,0.07402869686484337,1,7,250,6.080319404602051,13.345633506774902,0.07227902114391327,0.6159999966621399,513,6.099795818328857,13.452073097229004,0.07577837258577347,0.5964912176132202
200,164,640,360,C2,42,fit,X,0.05,True,False,64,935,924,856,300,42,11,68,1,0,1,2103,2103,600,1,all,0.09992153942584991,20,45,300,7.277187824249268,14.117877960205078,0.10031041502952576,0.6733333468437195,600,7.133878231048584,14.103253364562988,0.09953266382217407,0.6566666960716248
200,164,640,360,C2,42,fit,X,0.05,True,False,64,935,924,856,300,42,11,68,1,0,1,2103,2103,87,1,root_band,0.19329439103603363,16,35,50,11.947600364685059,14.202917098999023,0.19835293292999268,1.0,87,11.641584396362305,13.94930362701416,0.18823584914207458,1.0
200,164,640,360,C2,42,fit,X,0.05,True,False,64,935,924,856,300,42,11,68,1,0,1,2103,2103,513,1,outside_root_band,0.08259567245841026,4,10,250,6.343105316162109,14.083680152893066,0.08070190995931625,0.6079999804496765,513,6.36941385269165,14.10562801361084,0.08448943495750427,0.5984405279159546
201,164,640,360,C2,42,fit,Y,0.05,True,False,64,947,936,865,300,41,11,71,1,0,1,2103,2103,600,1,all,0.05293255299329758,20,106,300,5.329941749572754,13.143836975097656,0.052800554782152176,0.5866666436195374,600,5.114712238311768,13.126115798950195,0.05306455120444298,0.5616666674613953
201,164,640,360,C2,42,fit,Y,0.05,True,False,64,947,936,865,300,41,11,71,1,0,1,2103,2103,87,1,root_band,0.04422904551029205,16,67,53,5.892695903778076,11.947957992553711,0.05224327743053436,0.7169811129570007,87,4.89144229888916,11.210771560668945,0.036214813590049744,0.6321839094161987
201,164,640,360,C2,42,fit,Y,0.05,True,False,64,947,936,865,300,41,11,71,1,0,1,2103,2103,513,1,outside_root_band,0.05442111752927303,4,39,247,5.209188938140869,13.414043426513672,0.052920129150152206,0.5587044358253479,513,5.152576923370361,13.70112419128418,0.05592210590839386,0.5497075915336609
202,164,640,360,C2,42,fit,A,0.05,True,False,64,940,929,855,300,42,11,74,1,0,1,2103,2103,600,1,all,0.07552206516265869,6,42,300,6.4844160079956055,12.962145805358887,0.07486891746520996,0.6733333468437195,600,6.392312526702881,13.236136436462402,0.07617521286010742,0.6549999713897705
202,164,640,360,C2,42,fit,A,0.05,True,False,64,940,929,855,300,42,11,74,1,0,1,2103,2103,87,1,root_band,0.0838685855269432,5,35,49,8.508244514465332,9.711392402648926,0.08877480030059814,1.0,87,8.1405029296875,9.401501655578613,0.07896237075328827,1.0
202,164,640,360,C2,42,fit,A,0.05,True,False,64,940,929,855,300,42,11,74,1,0,1,2103,2103,513,1,outside_root_band,0.07392837107181549,1,7,251,6.089325904846191,13.362038612365723,0.0721542090177536,0.6095617413520813,513,6.095834255218506,13.452469825744629,0.07570253312587738,0.5964912176132202
203,164,640,360,C2,42,fit,B,0.05,True,False,64,939,928,858,300,42,11,70,1,0,1,2103,2103,600,1,all,0.11057676002383232,12,49,300,7.612682819366455,14.795486450195312,0.11133313179016113,0.6766666769981384,600,7.447503089904785,14.68549919128418,0.10982038825750351,0.6566666960716248
203,164,640,360,C2,42,fit,B,0.05,True,False,64,939,928,858,300,42,11,70,1,0,1,2103,2103,87,1,root_band,0.2394304946064949,10,35,49,13.336791038513184,15.056941032409668,0.24455973505973816,1.0,87,13.029038429260254,14.73906135559082,0.23430125415325165,1.0
203,164,640,360,C2,42,fit,B,0.05,True,False,64,939,928,858,300,42,11,70,1,0,1,2103,2103,513,1,outside_root_band,0.08701718226075172,2,14,251,6.4952263832092285,14.445539474487305,0.08532477170228958,0.613545835018158,513,6.500926971435547,14.671062469482422,0.08870959281921387,0.5984405279159546
204,164,640,360,C2,42,fit,C,0.05,True,False,64,947,936,864,300,41,11,72,1,0,1,2103,2103,600,1,all,0.04861564002931118,17,90,300,5.001864433288574,12.254986763000488,0.04706054553389549,0.5600000023841858,600,4.881659507751465,12.920511245727539,0.05017073452472687,0.5216666460037231
204,164,640,360,C2,42,fit,C,0.05,True,False,64,947,936,864,300,41,11,72,1,0,1,2103,2103,87,1,root_band,0.012978937476873398,16,70,52,3.112461805343628,7.801601886749268,0.014965944923460484,0.36538460850715637,87,2.1407623291015625,7.534642696380615,0.010991930030286312,0.2298850566148758
204,164,640,360,C2,42,fit,C,0.05,True,False,64,947,936,864,300,41,11,72,1,0,1,2103,2103,513,1,outside_root_band,0.05530257895588875,1,20,248,5.3980302810668945,13.050371170043945,0.05379005894064903,0.600806474685669,513,5.346490383148193,13.262706756591797,0.056815098971128464,0.5711501240730286
205,205,640,360,C2,43,fit,baseline,0.0,False,False,64,907,892,892,300,44,15,0,1,0,1,2248,2248,600,1,all,0.05557515099644661,0,0,300,5.646131992340088,12.270466804504395,0.05626647174358368,0.596666693687439,600,5.422686576843262,12.48367977142334,0.05488383024930954,0.5983333587646484
205,205,640,360,C2,43,fit,baseline,0.0,False,False,64,907,892,892,300,44,15,0,1,0,1,2248,2248,0,1,root_band,,0,0,0,,,,,0,,,,
205,205,640,360,C2,43,fit,baseline,0.0,False,False,64,907,892,892,300,44,15,0,1,0,1,2248,2248,600,1,outside_root_band,0.05557515099644661,0,0,300,5.646131992340088,12.270466804504395,0.05626647174358368,0.596666693687439,600,5.422686576843262,12.48367977142334,0.05488383024930954,0.5983333587646484
206,205,640,360,C2,43,fit,X,-0.005,True,False,64,908,893,893,300,44,15,0,1,0,1,2248,2248,600,1,all,0.05406995117664337,1,2,300,5.584240436553955,12.435344696044922,0.05441895127296448,0.6000000238418579,600,5.370126724243164,12.62222957611084,0.053720951080322266,0.5983333587646484
206,205,640,360,C2,43,fit,X,-0.005,True,False,64,908,893,893,300,44,15,0,1,0,1,2248,2248,0,1,root_band,,0,0,0,,,,,0,,,,
206,205,640,360,C2,43,fit,X,-0.005,True,False,64,908,893,893,300,44,15,0,1,0,1,2248,2248,600,1,outside_root_band,0.05406995117664337,1,2,300,5.584240436553955,12.435344696044922,0.05441895127296448,0.6000000238418579,600,5.370126724243164,12.62222957611084,0.053720951080322266,0.5983333587646484
207,205,640,360,C2,43,fit,Y,-0.005,True,False,64,908,893,893,300,44,15,0,1,0,1,2248,2248,600,1,all,0.0571264773607254,1,4,300,5.717054843902588,12.352527618408203,0.058311183005571365,0.6033333539962769,600,5.462333679199219,12.334909439086914,0.05594177171587944,0.6016666889190674
207,205,640,360,C2,43,fit,Y,-0.005,True,False,64,908,893,893,300,44,15,0,1,0,1,2248,2248,0,1,root_band,,0,0,0,,,,,0,,,,
207,205,640,360,C2,43,fit,Y,-0.005,True,False,64,908,893,893,300,44,15,0,1,0,1,2248,2248,600,1,outside_root_band,0.0571264773607254,1,4,300,5.717054843902588,12.352527618408203,0.058311183005571365,0.6033333539962769,600,5.462333679199219,12.334909439086914,0.05594177171587944,0.6016666889190674
208,205,640,360,C2,43,fit,A,-0.005,True,False,64,909,894,894,300,44,15,0,1,0,1,2248,2248,600,1,all,0.055019060149788857,0,3,300,5.636526107788086,12.784392356872559,0.0558820515871048,0.6033333539962769,600,5.385246276855469,12.574139595031738,0.054156068712472916,0.6000000238418579
208,205,640,360,C2,43,fit,A,-0.005,True,False,64,909,894,894,300,44,15,0,1,0,1,2248,2248,0,1,root_band,,0,0,0,,,,,0,,,,
208,205,640,360,C2,43,fit,A,-0.005,True,False,64,909,894,894,300,44,15,0,1,0,1,2248,2248,600,1,outside_root_band,0.055019060149788857,0,3,300,5.636526107788086,12.784392356872559,0.0558820515871048,0.6033333539962769,600,5.385246276855469,12.574139595031738,0.054156068712472916,0.6000000238418579
209,205,640,360,C2,43,fit,B,-0.005,True,False,64,908,893,893,300,44,15,0,1,0,1,2248,2248,600,1,all,0.05489455163478851,0,5,300,5.631076812744141,12.674418449401855,0.056214313954114914,0.6000000238418579,600,5.358798980712891,12.662144660949707,0.05357478931546211,0.6000000238418579
209,205,640,360,C2,43,fit,B,-0.005,True,False,64,908,893,893,300,44,15,0,1,0,1,2248,2248,0,1,root_band,,0,0,0,,,,,0,,,,
209,205,640,360,C2,43,fit,B,-0.005,True,False,64,908,893,893,300,44,15,0,1,0,1,2248,2248,600,1,outside_root_band,0.05489455163478851,0,5,300,5.631076812744141,12.674418449401855,0.056214313954114914,0.6000000238418579,600,5.358798980712891,12.662144660949707,0.05357478931546211,0.6000000238418579
210,205,640,360,C2,43,fit,C,-0.005,True,False,64,907,892,892,300,44,15,0,1,0,1,2248,2248,600,1,all,0.056272342801094055,1,3,300,5.673861980438232,12.348764419555664,0.05699189007282257,0.6000000238418579,600,5.4485087394714355,12.393302917480469,0.05555279552936554,0.6033333539962769
210,205,640,360,C2,43,fit,C,-0.005,True,False,64,907,892,892,300,44,15,0,1,0,1,2248,2248,0,1,root_band,,0,0,0,,,,,0,,,,
210,205,640,360,C2,43,fit,C,-0.005,True,False,64,907,892,892,300,44,15,0,1,0,1,2248,2248,600,1,outside_root_band,0.056272342801094055,1,3,300,5.673861980438232,12.348764419555664,0.05699189007282257,0.6000000238418579,600,5.4485087394714355,12.393302917480469,0.05555279552936554,0.6033333539962769
211,205,640,360,C2,43,fit,X,0.005,True,False,64,905,890,890,300,44,15,0,1,0,1,2248,2248,600,1,all,0.05692361295223236,0,3,300,5.676856517791748,12.233396530151367,0.05773958936333656,0.6033333539962769,600,5.472658634185791,12.368857383728027,0.05610763654112816,0.6000000238418579
211,205,640,360,C2,43,fit,X,0.005,True,False,64,905,890,890,300,44,15,0,1,0,1,2248,2248,0,1,root_band,,0,0,0,,,,,0,,,,
211,205,640,360,C2,43,fit,X,0.005,True,False,64,905,890,890,300,44,15,0,1,0,1,2248,2248,600,1,outside_root_band,0.05692361295223236,0,3,300,5.676856517791748,12.233396530151367,0.05773958936333656,0.6033333539962769,600,5.472658634185791,12.368857383728027,0.05610763654112816,0.6000000238418579
212,205,640,360,C2,43,fit,Y,0.005,True,False,64,907,892,892,300,44,15,0,1,0,1,2248,2248,600,1,all,0.05445385165512562,0,6,300,5.603514194488525,12.409562110900879,0.05501546710729599,0.6033333539962769,600,5.3809123039245605,12.645210266113281,0.053892236202955246,0.6050000190734863
212,205,640,360,C2,43,fit,Y,0.005,True,False,64,907,892,892,300,44,15,0,1,0,1,2248,2248,0,1,root_band,,0,0,0,,,,,0,,,,
212,205,640,360,C2,43,fit,Y,0.005,True,False,64,907,892,892,300,44,15,0,1,0,1,2248,2248,600,1,outside_root_band,0.05445385165512562,0,6,300,5.603514194488525,12.409562110900879,0.05501546710729599,0.6033333539962769,600,5.3809123039245605,12.645210266113281,0.053892236202955246,0.6050000190734863
213,205,640,360,C2,43,fit,A,0.005,True,False,64,906,891,891,300,44,15,0,1,0,1,2248,2248,600,1,all,0.05596908554434776,1,6,300,5.659523010253906,12.22624397277832,0.056314487010240555,0.6133333444595337,600,5.458768367767334,12.393463134765625,0.05562368407845497,0.6050000190734863
213,205,640,360,C2,43,fit,A,0.005,True,False,64,906,891,891,300,44,15,0,1,0,1,2248,2248,0,1,root_band,,0,0,0,,,,,0,,,,
213,205,640,360,C2,43,fit,A,0.005,True,False,64,906,891,891,300,44,15,0,1,0,1,2248,2248,600,1,outside_root_band,0.05596908554434776,1,6,300,5.659523010253906,12.22624397277832,0.056314487010240555,0.6133333444595337,600,5.458768367767334,12.393463134765625,0.05562368407845497,0.6050000190734863
214,205,640,360,C2,43,fit,B,0.005,True,False,64,907,892,892,300,44,15,0,1,0,1,2248,2248,600,1,all,0.05677207373082638,1,6,300,5.691465854644775,12.116518020629883,0.05722608044743538,0.6033333539962769,600,5.48444128036499,12.330343246459961,0.05631806701421738,0.6050000190734863
214,205,640,360,C2,43,fit,B,0.005,True,False,64,907,892,892,300,44,15,0,1,0,1,2248,2248,0,1,root_band,,0,0,0,,,,,0,,,,
214,205,640,360,C2,43,fit,B,0.005,True,False,64,907,892,892,300,44,15,0,1,0,1,2248,2248,600,1,outside_root_band,0.05677207373082638,1,6,300,5.691465854644775,12.116518020629883,0.05722608044743538,0.6033333539962769,600,5.48444128036499,12.330343246459961,0.05631806701421738,0.6050000190734863
215,205,640,360,C2,43,fit,C,0.005,True,False,64,908,893,893,300,44,15,0,1,0,1,2248,2248,600,1,all,0.05444321595132351,0,1,300,5.600274562835693,12.368861198425293,0.05469875410199165,0.6033333539962769,600,5.394007205963135,12.573979377746582,0.054187677800655365,0.6000000238418579
215,205,640,360,C2,43,fit,C,0.005,True,False,64,908,893,893,300,44,15,0,1,0,1,2248,2248,0,1,root_band,,0,0,0,,,,,0,,,,
215,205,640,360,C2,43,fit,C,0.005,True,False,64,908,893,893,300,44,15,0,1,0,1,2248,2248,600,1,outside_root_band,0.05444321595132351,0,1,300,5.600274562835693,12.368861198425293,0.05469875410199165,0.6033333539962769,600,5.394007205963135,12.573979377746582,0.054187677800655365,0.6000000238418579
216,205,640,360,C2,43,fit,X,-0.01,True,False,64,908,893,893,300,44,15,0,1,0,1,2248,2248,600,1,all,0.05319426394999027,1,4,300,5.542350769042969,12.587634086608887,0.0536072812974453,0.596666693687439,600,5.320852279663086,12.752720832824707,0.05278124660253525,0.5983333587646484
216,205,640,360,C2,43,fit,X,-0.01,True,False,64,908,893,893,300,44,15,0,1,0,1,2248,2248,0,1,root_band,,0,0,0,,,,,0,,,,
216,205,640,360,C2,43,fit,X,-0.01,True,False,64,908,893,893,300,44,15,0,1,0,1,2248,2248,600,1,outside_root_band,0.05319426394999027,1,4,300,5.542350769042969,12.587634086608887,0.0536072812974453,0.596666693687439,600,5.320852279663086,12.752720832824707,0.05278124660253525,0.5983333587646484
217,205,640,360,C2,43,fit,Y,-0.01,True,False,64,907,892,892,300,44,15,0,1,0,1,2248,2248,600,1,all,0.05788493901491165,1,6,300,5.722270965576172,12.201539993286133,0.05852867290377617,0.596666693687439,600,5.506985664367676,12.235325813293457,0.057241205126047134,0.6016666889190674
217,205,640,360,C2,43,fit,Y,-0.01,True,False,64,907,892,892,300,44,15,0,1,0,1,2248,2248,0,1,root_band,,0,0,0,,,,,0,,,,
217,205,640,360,C2,43,fit,Y,-0.01,True,False,64,907,892,892,300,44,15,0,1,0,1,2248,2248,600,1,outside_root_band,0.05788493901491165,1,6,300,5.722270965576172,12.201539993286133,0.05852867290377617,0.596666693687439,600,5.506985664367676,12.235325813293457,0.057241205126047134,0.6016666889190674
218,205,640,360,C2,43,fit,A,-0.01,True,False,64,907,892,892,300,44,15,0,1,0,1,2248,2248,600,1,all,0.055275293067097664,0,11,300,5.6529364585876465,12.826945304870605,0.056950606405735016,0.596666693687439,600,5.351566314697266,12.662249565124512,0.05359997972846031,0.5933333039283752
218,205,640,360,C2,43,fit,A,-0.01,True,False,64,907,892,892,300,44,15,0,1,0,1,2248,2248,0,1,root_band,,0,0,0,,,,,0,,,,
218,205,640,360,C2,43,fit,A,-0.01,True,False,64,907,892,892,300,44,15,0,1,0,1,2248,2248,600,1,outside_root_band,0.055275293067097664,0,11,300,5.6529364585876465,12.826945304870605,0.056950606405735016,0.596666693687439,600,5.351566314697266,12.662249565124512,0.05359997972846031,0.5933333039283752
219,205,640,360,C2,43,fit,B,-0.01,True,False,64,909,894,894,300,44,15,0,1,0,1,2248,2248,600,1,all,0.05362236127257347,1,7,300,5.569695949554443,12.876237869262695,0.05472901090979576,0.6033333539962769,600,5.297065734863281,12.830141067504883,0.05251571163535118,0.6000000238418579
219,205,640,360,C2,43,fit,B,-0.01,True,False,64,909,894,894,300,44,15,0,1,0,1,2248,2248,0,1,root_band,,0,0,0,,,,,0,,,,
219,205,640,360,C2,43,fit,B,-0.01,True,False,64,909,894,894,300,44,15,0,1,0,1,2248,2248,600,1,outside_root_band,0.05362236127257347,1,7,300,5.569695949554443,12.876237869262695,0.05472901090979576,0.6033333539962769,600,5.297065734863281,12.830141067504883,0.05251571163535118,0.6000000238418579
220,205,640,360,C2,43,fit,C,-0.01,True,False,64,908,893,893,300,44,15,0,1,0,1,2248,2248,600,1,all,0.05743669159710407,1,4,300,5.727859973907471,12.335698127746582,0.058605410158634186,0.6033333539962769,600,5.474928379058838,12.329922676086426,0.05626797303557396,0.6016666889190674
220,205,640,360,C2,43,fit,C,-0.01,True,False,64,908,893,893,300,44,15,0,1,0,1,2248,2248,0,1,root_band,,0,0,0,,,,,0,,,,
220,205,640,360,C2,43,fit,C,-0.01,True,False,64,908,893,893,300,44,15,0,1,0,1,2248,2248,600,1,outside_root_band,0.05743669159710407,1,4,300,5.727859973907471,12.335698127746582,0.058605410158634186,0.6033333539962769,600,5.474928379058838,12.329922676086426,0.05626797303557396,0.6016666889190674
221,205,640,360,C2,43,fit,X,0.01,True,False,64,905,890,890,300,44,15,0,1,0,1,2248,2248,600,1,all,0.05818573944270611,1,3,300,5.720698356628418,12.122238159179688,0.05892084911465645,0.6066666841506958,600,5.523396015167236,12.274018287658691,0.05745062977075577,0.6000000238418579
221,205,640,360,C2,43,fit,X,0.01,True,False,64,905,890,890,300,44,15,0,1,0,1,2248,2248,0,1,root_band,,0,0,0,,,,,0,,,,
221,205,640,360,C2,43,fit,X,0.01,True,False,64,905,890,890,300,44,15,0,1,0,1,2248,2248,600,1,outside_root_band,0.05818573944270611,1,3,300,5.720698356628418,12.122238159179688,0.05892084911465645,0.6066666841506958,600,5.523396015167236,12.274018287658691,0.05745062977075577,0.6000000238418579
222,205,640,360,C2,43,fit,Y,0.01,True,False,64,907,892,892,300,44,15,0,1,0,1,2248,2248,600,1,all,0.05284249782562256,1,8,300,5.516294002532959,12.430985450744629,0.052602220326662064,0.6000000238418579,600,5.339772701263428,12.797782897949219,0.053082775324583054,0.6016666889190674
222,205,640,360,C2,43,fit,Y,0.01,True,False,64,907,892,892,300,44,15,0,1,0,1,2248,2248,0,1,root_band,,0,0,0,,,,,0,,,,
222,205,640,360,C2,43,fit,Y,0.01,True,False,64,907,892,892,300,44,15,0,1,0,1,2248,2248,600,1,outside_root_band,0.05284249782562256,1,8,300,5.516294002532959,12.430985450744629,0.052602220326662064,0.6000000238418579,600,5.339772701263428,12.797782897949219,0.053082775324583054,0.6016666889190674
223,205,640,360,C2,43,fit,A,0.01,True,False,64,906,891,891,300,44,15,0,1,0,1,2248,2248,600,1,all,0.05650302767753601,1,7,300,5.674959182739258,12.139763832092285,0.05655348300933838,0.6100000143051147,600,5.495368480682373,12.330500602722168,0.05645257234573364,0.6033333539962769
223,205,640,360,C2,43,fit,A,0.01,True,False,64,906,891,891,300,44,15,0,1,0,1,2248,2248,0,1,root_band,,0,0,0,,,,,0,,,,
223,205,640,360,C2,43,fit,A,0.01,True,False,64,906,891,891,300,44,15,0,1,0,1,2248,2248,600,1,outside_root_band,0.05650302767753601,1,7,300,5.674959182739258,12.139763832092285,0.05655348300933838,0.6100000143051147,600,5.495368480682373,12.330500602722168,0.05645257234573364,0.6033333539962769
224,205,640,360,C2,43,fit,B,0.01,True,False,64,905,890,890,300,44,15,0,1,0,1,2248,2248,600,1,all,0.0583886094391346,1,7,300,5.723701000213623,12.4816312789917,0.05873392894864082,0.6066666841506958,600,5.550755977630615,12.234546661376953,0.05804328992962837,0.6033333539962769
224,205,640,360,C2,43,fit,B,0.01,True,False,64,905,890,890,300,44,15,0,1,0,1,2248,2248,0,1,root_band,,0,0,0,,,,,0,,,,
224,205,640,360,C2,43,fit,B,0.01,True,False,64,905,890,890,300,44,15,0,1,0,1,2248,2248,600,1,outside_root_band,0.0583886094391346,1,7,300,5.723701000213623,12.4816312789917,0.05873392894864082,0.6066666841506958,600,5.550755977630615,12.234546661376953,0.05804328992962837,0.6033333539962769
225,205,640,360,C2,43,fit,C,0.01,True,False,64,907,892,892,300,44,15,0,1,0,1,2248,2248,600,1,all,0.05420241318643093,0,7,300,5.592778205871582,12.430038452148438,0.05477849394083023,0.6000000238418579,600,5.36838436126709,12.66173267364502,0.05362633243203163,0.6033333539962769
225,205,640,360,C2,43,fit,C,0.01,True,False,64,907,892,892,300,44,15,0,1,0,1,2248,2248,0,1,root_band,,0,0,0,,,,,0,,,,
225,205,640,360,C2,43,fit,C,0.01,True,False,64,907,892,892,300,44,15,0,1,0,1,2248,2248,600,1,outside_root_band,0.05420241318643093,0,7,300,5.592778205871582,12.430038452148438,0.05477849394083023,0.6000000238418579,600,5.36838436126709,12.66173267364502,0.05362633243203163,0.6033333539962769
226,205,640,360,C2,43,fit,X,-0.02,True,False,64,908,893,893,300,44,15,0,1,0,1,2248,2248,600,1,all,0.05187601409852505,1,11,300,5.458889007568359,12.896262168884277,0.052375055849552155,0.596666693687439,600,5.2275710105896,12.878446578979492,0.05137697234749794,0.5866666436195374
226,205,640,360,C2,43,fit,X,-0.02,True,False,64,908,893,893,300,44,15,0,1,0,1,2248,2248,0,1,root_band,,0,0,0,,,,,0,,,,
226,205,640,360,C2,43,fit,X,-0.02,True,False,64,908,893,893,300,44,15,0,1,0,1,2248,2248,600,1,outside_root_band,0.05187601409852505,1,11,300,5.458889007568359,12.896262168884277,0.052375055849552155,0.596666693687439,600,5.2275710105896,12.878446578979492,0.05137697234749794,0.5866666436195374
227,205,640,360,C2,43,fit,Y,-0.02,True,False,64,907,892,892,300,44,15,0,1,0,1,2248,2248,600,1,all,0.06046422943472862,1,14,300,5.802855014801025,12.131303787231445,0.06085315719246864,0.6033333539962769,600,5.596070289611816,12.368572235107422,0.0600753016769886,0.5983333587646484
227,205,640,360,C2,43,fit,Y,-0.02,True,False,64,907,892,892,300,44,15,0,1,0,1,2248,2248,0,1,root_band,,0,0,0,,,,,0,,,,
227,205,640,360,C2,43,fit,Y,-0.02,True,False,64,907,892,892,300,44,15,0,1,0,1,2248,2248,600,1,outside_root_band,0.06046422943472862,1,14,300,5.802855014801025,12.131303787231445,0.06085315719246864,0.6033333539962769,600,5.596070289611816,12.368572235107422,0.0600753016769886,0.5983333587646484
228,205,640,360,C2,43,fit,A,-0.02,True,False,64,910,895,895,300,44,15,0,1,0,1,2248,2248,600,1,all,0.054003775119781494,1,14,300,5.540964126586914,12.824904441833496,0.05529975891113281,0.5933333039283752,600,5.284695625305176,12.830429077148438,0.052707791328430176,0.5950000286102295
228,205,640,360,C2,43,fit,A,-0.02,True,False,64,910,895,895,300,44,15,0,1,0,1,2248,2248,0,1,root_band,,0,0,0,,,,,0,,,,
228,205,640,360,C2,43,fit,A,-0.02,True,False,64,910,895,895,300,44,15,0,1,0,1,2248,2248,600,1,outside_root_band,0.054003775119781494,1,14,300,5.540964126586914,12.824904441833496,0.05529975891113281,0.5933333039283752,600,5.284695625305176,12.830429077148438,0.052707791328430176,0.5950000286102295
229,205,640,360,C2,43,fit,B,-0.02,True,False,64,910,895,895,300,44,15,0,1,0,1,2248,2248,600,1,all,0.0525012519210577,2,23,300,5.436611652374268,12.969243049621582,0.053778331726789474,0.5833333134651184,600,5.1821064949035645,12.949771881103516,0.05122417211532593,0.5833333134651184
229,205,640,360,C2,43,fit,B,-0.02,True,False,64,910,895,895,300,44,15,0,1,0,1,2248,2248,0,1,root_band,,0,0,0,,,,,0,,,,
229,205,640,360,C2,43,fit,B,-0.02,True,False,64,910,895,895,300,44,15,0,1,0,1,2248,2248,600,1,outside_root_band,0.0525012519210577,2,23,300,5.436611652374268,12.969243049621582,0.053778331726789474,0.5833333134651184,600,5.1821064949035645,12.949771881103516,0.05122417211532593,0.5833333134651184
230,205,640,360,C2,43,fit,C,-0.02,True,False,64,907,892,892,300,44,15,0,1,0,1,2248,2248,600,1,all,0.058532921597361565,1,6,300,5.743967056274414,12.166844367980957,0.05912167206406593,0.596666693687439,600,5.532586097717285,12.234132766723633,0.057944171130657196,0.6016666889190674
230,205,640,360,C2,43,fit,C,-0.02,True,False,64,907,892,892,300,44,15,0,1,0,1,2248,2248,0,1,root_band,,0,0,0,,,,,0,,,,
230,205,640,360,C2,43,fit,C,-0.02,True,False,64,907,892,892,300,44,15,0,1,0,1,2248,2248,600,1,outside_root_band,0.058532921597361565,1,6,300,5.743967056274414,12.166844367980957,0.05912167206406593,0.596666693687439,600,5.532586097717285,12.234132766723633,0.057944171130657196,0.6016666889190674
231,205,640,360,C2,43,fit,X,0.02,True,False,64,904,889,889,300,44,15,0,1,0,1,2248,2248,600,1,all,0.06079907342791557,3,6,300,5.796665668487549,12.351740837097168,0.06117469072341919,0.6100000143051147,600,5.627683639526367,12.343611717224121,0.06042345613241196,0.6016666889190674
231,205,640,360,C2,43,fit,X,0.02,True,False,64,904,889,889,300,44,15,0,1,0,1,2248,2248,0,1,root_band,,0,0,0,,,,,0,,,,
231,205,640,360,C2,43,fit,X,0.02,True,False,64,904,889,889,300,44,15,0,1,0,1,2248,2248,600,1,outside_root_band,0.06079907342791557,3,6,300,5.796665668487549,12.351740837097168,0.06117469072341919,0.6100000143051147,600,5.627683639526367,12.343611717224121,0.06042345613241196,0.6016666889190674
232,205,640,360,C2,43,fit,Y,0.02,True,False,64,906,891,891,300,44,15,0,1,0,1,2248,2248,600,1,all,0.051651930436491966,2,21,300,5.428500652313232,12.522826194763184,0.05122081935405731,0.6000000238418579,600,5.266749858856201,12.915096282958984,0.05208304151892662,0.5933333039283752
232,205,640,360,C2,43,fit,Y,0.02,True,False,64,906,891,891,300,44,15,0,1,0,1,2248,2248,0,1,root_band,,0,0,0,,,,,0,,,,
232,205,640,360,C2,43,fit,Y,0.02,True,False,64,906,891,891,300,44,15,0,1,0,1,2248,2248,600,1,outside_root_band,0.051651930436491966,2,21,300,5.428500652313232,12.522826194763184,0.05122081935405731,0.6000000238418579,600,5.266749858856201,12.915096282958984,0.05208304151892662,0.5933333039283752
233,205,640,360,C2,43,fit,A,0.02,True,False,64,904,889,889,300,44,15,0,1,0,1,2248,2248,600,1,all,0.058235906064510345,1,12,300,5.698887348175049,12.169023513793945,0.0579865388572216,0.6033333539962769,600,5.57535982131958,12.234698295593262,0.05848527327179909,0.6050000190734863
233,205,640,360,C2,43,fit,A,0.02,True,False,64,904,889,889,300,44,15,0,1,0,1,2248,2248,0,1,root_band,,0,0,0,,,,,0,,,,
233,205,640,360,C2,43,fit,A,0.02,True,False,64,904,889,889,300,44,15,0,1,0,1,2248,2248,600,1,outside_root_band,0.058235906064510345,1,12,300,5.698887348175049,12.169023513793945,0.0579865388572216,0.6033333539962769,600,5.57535982131958,12.234698295593262,0.05848527327179909,0.6050000190734863
234,205,640,360,C2,43,fit,B,0.02,True,False,64,903,888,888,300,44,15,0,1,0,1,2248,2248,600,1,all,0.06114182434976101,1,17,300,5.797348499298096,12.220047950744629,0.06045264005661011,0.6166666746139526,600,5.684832572937012,12.449790954589844,0.06183100864291191,0.6066666841506958
234,205,640,360,C2,43,fit,B,0.02,True,False,64,903,888,888,300,44,15,0,1,0,1,2248,2248,0,1,root_band,,0,0,0,,,,,0,,,,
234,205,640,360,C2,43,fit,B,0.02,True,False,64,903,888,888,300,44,15,0,1,0,1,2248,2248,600,1,outside_root_band,0.06114182434976101,1,17,300,5.797348499298096,12.220047950744629,0.06045264005661011,0.6166666746139526,600,5.684832572937012,12.449790954589844,0.06183100864291191,0.6066666841506958
235,205,640,360,C2,43,fit,C,0.02,True,False,64,907,892,892,300,44,15,0,1,0,1,2248,2248,600,1,all,0.052412763237953186,1,8,300,5.494839191436768,12.435256004333496,0.05220451205968857,0.6000000238418579,600,5.315547943115234,12.828600883483887,0.052621014416217804,0.6016666889190674
235,205,640,360,C2,43,fit,C,0.02,True,False,64,907,892,892,300,44,15,0,1,0,1,2248,2248,0,1,root_band,,0,0,0,,,,,0,,,,
235,205,640,360,C2,43,fit,C,0.02,True,False,64,907,892,892,300,44,15,0,1,0,1,2248,2248,600,1,outside_root_band,0.052412763237953186,1,8,300,5.494839191436768,12.435256004333496,0.05220451205968857,0.6000000238418579,600,5.315547943115234,12.828600883483887,0.052621014416217804,0.6016666889190674
236,205,640,360,C2,43,fit,X,-0.05,True,False,64,910,895,895,300,44,15,0,1,0,1,2248,2248,600,1,all,0.05135801434516907,3,44,300,5.259417533874512,13.370296478271484,0.05230208858847618,0.5600000023841858,600,4.9941487312316895,13.181838035583496,0.050413940101861954,0.5550000071525574
236,205,640,360,C2,43,fit,X,-0.05,True,False,64,910,895,895,300,44,15,0,1,0,1,2248,2248,0,1,root_band,,0,0,0,,,,,0,,,,
236,205,640,360,C2,43,fit,X,-0.05,True,False,64,910,895,895,300,44,15,0,1,0,1,2248,2248,600,1,outside_root_band,0.05135801434516907,3,44,300,5.259417533874512,13.370296478271484,0.05230208858847618,0.5600000023841858,600,4.9941487312316895,13.181838035583496,0.050413940101861954,0.5550000071525574
237,205,640,360,C2,43,fit,Y,-0.05,True,False,64,907,892,892,300,44,15,0,1,0,1,2248,2248,600,1,all,0.07227687910199165,2,34,300,6.198168754577637,13.42101001739502,0.07431865483522415,0.6000000238418579,600,5.885605335235596,13.455010414123535,0.07023510336875916,0.5983333587646484
237,205,640,360,C2,43,fit,Y,-0.05,True,False,64,907,892,892,300,44,15,0,1,0,1,2248,2248,0,1,root_band,,0,0,0,,,,,0,,,,
237,205,640,360,C2,43,fit,Y,-0.05,True,False,64,907,892,892,300,44,15,0,1,0,1,2248,2248,600,1,outside_root_band,0.07227687910199165,2,34,300,6.198168754577637,13.42101001739502,0.07431865483522415,0.6000000238418579,600,5.885605335235596,13.455010414123535,0.07023510336875916,0.5983333587646484
238,205,640,360,C2,43,fit,A,-0.05,True,False,64,915,900,900,300,44,15,0,1,0,1,2248,2248,600,1,all,0.056777285411953926,2,50,300,5.63918924331665,13.42705249786377,0.06120596453547478,0.5733333230018616,600,5.121829509735107,13.397613525390625,0.052348606288433075,0.5583333373069763
238,205,640,360,C2,43,fit,A,-0.05,True,False,64,915,900,900,300,44,15,0,1,0,1,2248,2248,0,1,root_band,,0,0,0,,,,,0,,,,
238,205,640,360,C2,43,fit,A,-0.05,True,False,64,915,900,900,300,44,15,0,1,0,1,2248,2248,600,1,outside_root_band,0.056777285411953926,2,50,300,5.63918924331665,13.42705249786377,0.06120596453547478,0.5733333230018616,600,5.121829509735107,13.397613525390625,0.052348606288433075,0.5583333373069763
239,205,640,360,C2,43,fit,B,-0.05,True,False,64,915,900,900,300,44,15,0,1,0,1,2248,2248,600,1,all,0.05487356707453728,3,67,300,5.398118495941162,13.720033645629883,0.05758263170719147,0.5433333516120911,600,4.9652605056762695,13.510174751281738,0.05216450244188309,0.5366666913032532
239,205,640,360,C2,43,fit,B,-0.05,True,False,64,915,900,900,300,44,15,0,1,0,1,2248,2248,0,1,root_band,,0,0,0,,,,,0,,,,
239,205,640,360,C2,43,fit,B,-0.05,True,False,64,915,900,900,300,44,15,0,1,0,1,2248,2248,600,1,outside_root_band,0.05487356707453728,3,67,300,5.398118495941162,13.720033645629883,0.05758263170719147,0.5433333516120911,600,4.9652605056762695,13.510174751281738,0.05216450244188309,0.5366666913032532
240,205,640,360,C2,43,fit,C,-0.05,True,False,64,905,890,890,300,44,15,0,1,0,1,2248,2248,600,1,all,0.06416116654872894,1,19,300,5.900408744812012,12.671985626220703,0.06457884609699249,0.6000000238418579,600,5.710901260375977,12.65453052520752,0.0637434870004654,0.6000000238418579
240,205,640,360,C2,43,fit,C,-0.05,True,False,64,905,890,890,300,44,15,0,1,0,1,2248,2248,0,1,root_band,,0,0,0,,,,,0,,,,
240,205,640,360,C2,43,fit,C,-0.05,True,False,64,905,890,890,300,44,15,0,1,0,1,2248,2248,600,1,outside_root_band,0.06416116654872894,1,19,300,5.900408744812012,12.671985626220703,0.06457884609699249,0.6000000238418579,600,5.710901260375977,12.65453052520752,0.0637434870004654,0.6000000238418579
241,205,640,360,C2,43,fit,X,0.05,True,False,64,902,887,887,300,44,15,0,1,0,1,2248,2248,600,1,all,0.07003969326615334,4,19,300,6.065483093261719,13.396096229553223,0.06903025507926941,0.6100000143051147,600,5.968214511871338,13.577606201171875,0.07104913145303726,0.6133333444595337
241,205,640,360,C2,43,fit,X,0.05,True,False,64,902,887,887,300,44,15,0,1,0,1,2248,2248,0,1,root_band,,0,0,0,,,,,0,,,,
241,205,640,360,C2,43,fit,X,0.05,True,False,64,902,887,887,300,44,15,0,1,0,1,2248,2248,600,1,outside_root_band,0.07003969326615334,4,19,300,6.065483093261719,13.396096229553223,0.06903025507926941,0.6100000143051147,600,5.968214511871338,13.577606201171875,0.07104913145303726,0.6133333444595337
242,205,640,360,C2,43,fit,Y,0.05,True,False,64,906,892,892,300,44,14,0,1,0,1,2248,2248,600,1,all,0.051704538986086845,4,58,300,5.246572017669678,12.665325164794922,0.05044635385274887,0.5600000023841858,600,5.110546588897705,13.3231782913208,0.05296272411942482,0.5583333373069763
242,205,640,360,C2,43,fit,Y,0.05,True,False,64,906,892,892,300,44,14,0,1,0,1,2248,2248,0,1,root_band,,0,0,0,,,,,0,,,,
242,205,640,360,C2,43,fit,Y,0.05,True,False,64,906,892,892,300,44,14,0,1,0,1,2248,2248,600,1,outside_root_band,0.051704538986086845,4,58,300,5.246572017669678,12.665325164794922,0.05044635385274887,0.5600000023841858,600,5.110546588897705,13.3231782913208,0.05296272411942482,0.5583333373069763
243,205,640,360,C2,43,fit,A,0.05,True,False,64,898,884,884,300,44,14,0,1,0,1,2248,2248,600,1,all,0.06460751593112946,1,34,300,5.85369348526001,12.506707191467285,0.06291039288043976,0.6000000238418579,600,5.848765850067139,12.637887954711914,0.06630463898181915,0.6050000190734863
243,205,640,360,C2,43,fit,A,0.05,True,False,64,898,884,884,300,44,14,0,1,0,1,2248,2248,0,1,root_band,,0,0,0,,,,,0,,,,
243,205,640,360,C2,43,fit,A,0.05,True,False,64,898,884,884,300,44,14,0,1,0,1,2248,2248,600,1,outside_root_band,0.06460751593112946,1,34,300,5.85369348526001,12.506707191467285,0.06291039288043976,0.6000000238418579,600,5.848765850067139,12.637887954711914,0.06630463898181915,0.6050000190734863
244,205,640,360,C2,43,fit,B,0.05,True,False,64,897,883,883,300,44,14,0,1,0,1,2248,2248,600,1,all,0.072602778673172,2,33,300,6.061862468719482,13.782637596130371,0.06988462060689926,0.6000000238418579,600,6.120955467224121,13.873759269714355,0.07532093673944473,0.6100000143051147
244,205,640,360,C2,43,fit,B,0.05,True,False,64,897,883,883,300,44,14,0,1,0,1,2248,2248,0,1,root_band,,0,0,0,,,,,0,,,,
244,205,640,360,C2,43,fit,B,0.05,True,False,64,897,883,883,300,44,14,0,1,0,1,2248,2248,600,1,outside_root_band,0.072602778673172,2,33,300,6.061862468719482,13.782637596130371,0.06988462060689926,0.6000000238418579,600,6.120955467224121,13.873759269714355,0.07532093673944473,0.6100000143051147
245,205,640,360,C2,43,fit,C,0.05,True,False,64,907,892,892,300,44,15,0,1,0,1,2248,2248,600,1,all,0.050864389166235924,2,34,300,5.348770618438721,12.55593204498291,0.05052444711327553,0.5799999833106995,600,5.172150135040283,13.03051471710205,0.05120433121919632,0.57833331823349
245,205,640,360,C2,43,fit,C,0.05,True,False,64,907,892,892,300,44,15,0,1,0,1,2248,2248,0,1,root_band,,0,0,0,,,,,0,,,,
245,205,640,360,C2,43,fit,C,0.05,True,False,64,907,892,892,300,44,15,0,1,0,1,2248,2248,600,1,outside_root_band,0.050864389166235924,2,34,300,5.348770618438721,12.55593204498291,0.05052444711327553,0.5799999833106995,600,5.172150135040283,13.03051471710205,0.05120433121919632,0.57833331823349
246,246,640,360,C2,44,nonblind_diagnostic,baseline,0.0,False,False,64,998,989,989,300,45,9,0,1,0,1,2573,2573,600,1,all,0.21937530487775803,0,0,300,10.723640441894531,28.070932388305664,0.20843744277954102,0.7200000286102295,600,11.265323638916016,29.34559440612793,0.23031316697597504,0.7183333039283752
246,246,640,360,C2,44,nonblind_diagnostic,baseline,0.0,False,False,64,998,989,989,300,45,9,0,1,0,1,2573,2573,91,1,root_band,0.5777334868907928,0,0,40,23.239498138427734,29.05425453186035,0.57464998960495,1.0,91,23.424510955810547,29.340723037719727,0.5808169841766357,1.0
246,246,640,360,C2,44,nonblind_diagnostic,baseline,0.0,False,False,64,998,989,989,300,45,9,0,1,0,1,2573,2573,509,1,outside_root_band,0.15987322479486465,0,0,260,8.79812240600586,23.764015197753906,0.15209706127643585,0.6769230961799622,509,9.09148120880127,29.101961135864258,0.16764938831329346,0.667976438999176
247,246,640,360,C2,44,nonblind_diagnostic,X,-0.005,True,False,64,998,989,989,300,45,9,0,1,0,1,2573,2573,600,1,all,0.21853898465633392,1,0,300,10.700386047363281,27.886568069458008,0.20762422680854797,0.7233333587646484,600,11.239156723022461,29.213546752929688,0.22945374250411987,0.7183333039283752
247,246,640,360,C2,44,nonblind_diagnostic,X,-0.005,True,False,64,998,989,989,300,45,9,0,1,0,1,2573,2573,91,1,root_band,0.5707648396492004,0,0,40,23.00766372680664,28.850807189941406,0.5669220685958862,1.0,91,23.23822784423828,29.20111083984375,0.5746076107025146,1.0
247,246,640,360,C2,44,nonblind_diagnostic,X,-0.005,True,False,64,998,989,989,300,45,9,0,1,0,1,2573,2573,509,1,outside_root_band,0.1600470319390297,1,0,260,8.806958198547363,23.82416343688965,0.1523476243019104,0.6807692050933838,509,9.093939781188965,29.039257049560547,0.167746439576149,0.667976438999176
248,246,640,360,C2,44,nonblind_diagnostic,Y,-0.005,True,False,64,998,989,989,300,45,9,0,1,0,1,2573,2573,600,1,all,0.22704719752073288,1,3,300,10.933645248413086,28.980693817138672,0.21555903553962708,0.7200000286102295,600,11.508074760437012,30.160259246826172,0.23853535950183868,0.7166666388511658
248,246,640,360,C2,44,nonblind_diagnostic,Y,-0.005,True,False,64,998,989,989,300,45,9,0,1,0,1,2573,2573,91,1,root_band,0.6157550513744354,0,0,40,24.3714656829834,29.974170684814453,0.6123822331428528,1.0,91,24.573835372924805,30.287612915039062,0.6191278696060181,1.0
248,246,640,360,C2,44,nonblind_diagnostic,Y,-0.005,True,False,64,998,989,989,300,45,9,0,1,0,1,2573,2573,509,1,outside_root_band,0.1625007912516594,1,3,260,8.866287231445312,24.26421546936035,0.1545092761516571,0.6769230961799622,509,9.172151565551758,29.652477264404297,0.17049230635166168,0.6660118103027344
249,246,640,360,C2,44,nonblind_diagnostic,A,-0.005,True,False,64,998,989,989,300,45,9,0,1,0,1,2573,2573,600,1,all,0.23221325129270554,0,3,300,11.079863548278809,29.277908325195312,0.22047366201877594,0.7166666388511658,600,11.670140266418457,30.675065994262695,0.24395284056663513,0.7166666388511658
249,246,640,360,C2,44,nonblind_diagnostic,A,-0.005,True,False,64,998,989,989,300,45,9,0,1,0,1,2573,2573,91,1,root_band,0.6368607878684998,0,0,40,25.010164260864258,30.503942489624023,0.6336721181869507,1.0,91,25.201486587524414,30.806987762451172,0.6400494575500488,1.0
249,246,640,360,C2,44,nonblind_diagnostic,A,-0.005,True,False,64,998,989,989,300,45,9,0,1,0,1,2573,2573,509,1,outside_root_band,0.16502129286527634,0,3,260,8.936741828918457,24.497337341308594,0.1569046676158905,0.6730769276618958,509,9.250980377197266,29.946901321411133,0.17313791811466217,0.6660118103027344
250,246,640,360,C2,44,nonblind_diagnostic,B,-0.005,True,False,64,998,989,989,300,45,9,0,1,0,1,2573,2573,600,1,all,0.2282664105296135,0,3,300,10.97156810760498,28.987829208374023,0.21679997444152832,0.7200000286102295,600,11.545125961303711,30.191104888916016,0.23973284661769867,0.7166666388511658
250,246,640,360,C2,44,nonblind_diagnostic,B,-0.005,True,False,64,998,989,989,300,45,9,0,1,0,1,2573,2573,91,1,root_band,0.6171510815620422,0,0,40,24.41983985900879,30.020736694335938,0.6139947175979614,1.0,91,24.609222412109375,30.31828498840332,0.620307445526123,1.0
250,246,640,360,C2,44,nonblind_diagnostic,B,-0.005,True,False,64,998,989,989,300,45,9,0,1,0,1,2573,2573,509,1,outside_root_band,0.16369303315877914,0,3,260,8.902604103088379,24.252653121948242,0.15569308400154114,0.6769230961799622,509,9.209501266479492,29.665225982666016,0.17169298231601715,0.6660118103027344
251,246,640,360,C2,44,nonblind_diagnostic,C,-0.005,True,False,64,998,989,989,300,45,9,0,1,0,1,2573,2573,600,1,all,0.22331541776657104,1,1,300,10.831843376159668,28.546920776367188,0.2121044248342514,0.7200000286102295,600,11.389707565307617,29.697057723999023,0.23452641069889069,0.7166666388511658
251,246,640,360,C2,44,nonblind_diagnostic,C,-0.005,True,False,64,998,989,989,300,45,9,0,1,0,1,2573,2573,91,1,root_band,0.597440779209137,0,0,40,23.829587936401367,29.537534713745117,0.5943195223808289,1.0,91,24.016862869262695,29.829505920410156,0.6005620360374451,1.0
251,246,640,360,C2,44,nonblind_diagnostic,C,-0.005,True,False,64,998,989,989,300,45,9,0,1,0,1,2573,2573,509,1,outside_root_band,0.16119398176670074,1,1,260,8.832189559936523,24.00809097290039,0.15330208837985992,0.6769230961799622,509,9.132201194763184,29.383581161499023,0.16908587515354156,0.6660118103027344
252,246,640,360,C2,44,nonblind_diagnostic,X,0.005,False,False,64,998,989,989,300,45,9,0,1,0,1,2573,2573,600,1,all,0.22026479244232178,0,0,300,10.748929977416992,28.279186248779297,0.2093515545129776,0.7166666388511658,600,11.291601181030273,29.456411361694336,0.23117803037166595,0.7183333039283752
252,246,640,360,C2,44,nonblind_diagnostic,X,0.005,False,False,64,998,989,989,300,45,9,0,1,0,1,2573,2573,91,1,root_band,0.5850794613361359,0,0,40,23.49342918395996,29.281021118164062,0.5831142663955688,1.0,91,23.611339569091797,29.480886459350586,0.5870446562767029,1.0
252,246,640,360,C2,44,nonblind_diagnostic,X,0.005,False,False,64,998,989,989,300,45,9,0,1,0,1,2573,2573,509,1,outside_root_band,0.15970255434513092,0,0,260,8.788238525390625,23.71281623840332,0.15184959769248962,0.6730769276618958,509,9.089055061340332,29.16493797302246,0.16755551099777222,0.667976438999176
253,246,640,360,C2,44,nonblind_diagnostic,Y,0.005,True,False,64,998,989,989,300,45,9,0,1,0,1,2573,2573,600,1,all,0.2117292657494545,0,3,300,10.51427173614502,27.15653419494629,0.20135192573070526,0.7266666889190674,600,11.023473739624023,28.489757537841797,0.22210660576820374,0.7200000286102295
253,246,640,360,C2,44,nonblind_diagnostic,Y,0.005,True,False,64,998,989,989,300,45,9,0,1,0,1,2573,2573,91,1,root_band,0.5397482216358185,0,0,40,22.110265731811523,28.136215209960938,0.5370088815689087,1.0,91,22.274625778198242,28.393508911132812,0.5424875617027283,1.0
253,246,640,360,C2,44,nonblind_diagnostic,Y,0.005,True,False,64,998,989,989,300,45,9,0,1,0,1,2573,2573,509,1,outside_root_band,0.15727034211158752,0,3,260,8.73027229309082,23.26395606994629,0.14971239864826202,0.6846153736114502,509,9.011971473693848,28.55130386352539,0.16482828557491302,0.6699410676956177
254,246,640,360,C2,44,nonblind_diagnostic,A,0.005,True,False,64,998,989,989,300,45,9,0,1,0,1,2573,2573,600,1,all,0.20658765733242035,1,4,300,10.367963790893555,26.729360580444336,0.19645430147647858,0.7266666889190674,600,10.862555503845215,28.060823440551758,0.21672101318836212,0.721666693687439
254,246,640,360,C2,44,nonblind_diagnostic,A,0.005,True,False,64,998,989,989,300,45,9,0,1,0,1,2573,2573,91,1,root_band,0.5186644792556763,0,0,40,21.471454620361328,27.605735778808594,0.5157151222229004,1.0,91,21.64841651916504,27.87561798095703,0.5216138362884521,1.0
254,246,640,360,C2,44,nonblind_diagnostic,A,0.005,True,False,64,998,989,989,300,45,9,0,1,0,1,2573,2573,509,1,outside_root_band,0.15477446466684341,1,4,260,8.659732818603516,23.03384017944336,0.14733725786209106,0.6846153736114502,509,8.934239387512207,28.258066177368164,0.16221167147159576,0.6719056963920593
255,246,640,360,C2,44,nonblind_diagnostic,B,0.005,True,False,64,998,989,989,300,45,9,0,1,0,1,2573,2573,600,1,all,0.21051287651062012,1,3,300,10.475990295410156,27.109954833984375,0.20010623335838318,0.7233333587646484,600,10.986701011657715,28.4761962890625,0.22091951966285706,0.7200000286102295
255,246,640,360,C2,44,nonblind_diagnostic,B,0.005,True,False,64,998,989,989,300,45,9,0,1,0,1,2573,2573,91,1,root_band,0.5383493602275848,0,0,40,22.060546875,28.088592529296875,0.535351574420929,1.0,91,22.240413665771484,28.364017486572266,0.5413471460342407,1.0
255,246,640,360,C2,44,nonblind_diagnostic,B,0.005,True,False,64,998,989,989,300,45,9,0,1,0,1,2573,2573,509,1,outside_root_band,0.1560814380645752,1,3,260,8.693750381469727,23.276968002319336,0.1485300213098526,0.6807692050933838,509,8.974740028381348,28.539398193359375,0.1636328548192978,0.6699410676956177
256,246,640,360,C2,44,nonblind_diagnostic,C,0.005,True,False,64,998,989,989,300,45,9,0,1,0,1,2573,2573,600,1,all,0.2154427319765091,0,1,300,10.615473747253418,27.595258712768555,0.204778790473938,0.7233333587646484,600,11.141159057617188,28.868215560913086,0.2261066734790802,0.7166666388511658
256,246,640,360,C2,44,nonblind_diagnostic,C,0.005,True,False,64,998,989,989,300,45,9,0,1,0,1,2573,2573,91,1,root_band,0.5580374002456665,0,0,40,22.64984893798828,28.57137107849121,0.5549949407577515,1.0,91,22.832395553588867,28.852325439453125,0.5610798597335815,1.0
256,246,640,360,C2,44,nonblind_diagnostic,C,0.005,True,False,64,998,989,989,300,45,9,0,1,0,1,2573,2573,509,1,outside_root_band,0.1585594341158867,0,1,260,8.764030456542969,23.520305633544922,0.15089936554431915,0.6807692050933838,509,9.05097770690918,28.82066535949707,0.16621950268745422,0.6660118103027344
257,246,640,360,C2,44,nonblind_diagnostic,X,-0.01,True,False,64,997,988,988,300,45,9,0,1,0,1,2573,2573,600,1,all,0.21773596107959747,3,0,300,10.653576850891113,27.900175094604492,0.20687130093574524,0.7133333086967468,600,11.213147163391113,29.077499389648438,0.2286006212234497,0.7183333039283752
257,246,640,360,C2,44,nonblind_diagnostic,X,-0.01,True,False,64,997,988,988,300,45,9,0,1,0,1,2573,2573,91,1,root_band,0.5630547106266022,1,0,39,22.730615615844727,28.55917739868164,0.5576872229576111,1.0,91,23.05266571044922,29.06184959411621,0.5684221982955933,1.0
257,246,640,360,C2,44,nonblind_diagnostic,X,-0.01,True,False,64,997,988,988,300,45,9,0,1,0,1,2573,2573,509,1,outside_root_band,0.16114859282970428,2,0,261,8.84896183013916,24.742820739746094,0.15445053577423096,0.6704980731010437,509,9.096455574035645,28.97666358947754,0.1678466498851776,0.667976438999176
258,246,640,360,C2,44,nonblind_diagnostic,Y,-0.01,True,False,64,998,989,989,300,45,9,0,1,0,1,2573,2573,600,1,all,0.23474238067865372,1,3,300,11.144235610961914,29.65570640563965,0.22271232306957245,0.7200000286102295,600,11.751335144042969,30.982234954833984,0.24677243828773499,0.7166666388511658
258,246,640,360,C2,44,nonblind_diagnostic,Y,-0.01,True,False,64,998,989,989,300,45,9,0,1,0,1,2573,2573,91,1,root_band,0.6538036465644836,0,0,40,25.50571632385254,30.895524978637695,0.650190532207489,1.0,91,25.722503662109375,31.233800888061523,0.6574167609214783,1.0
258,246,640,360,C2,44,nonblind_diagnostic,Y,-0.01,True,False,64,998,989,989,300,45,9,0,1,0,1,2573,2573,509,1,outside_root_band,0.16515154391527176,1,3,260,8.93477725982666,24.764476776123047,0.15694645047187805,0.6769230961799622,509,9.25354290008545,30.202590942382812,0.17335663735866547,0.6660118103027344
259,246,640,360,C2,44,nonblind_diagnostic,A,-0.01,True,False,64,998,989,989,300,45,9,0,1,0,1,2573,2573,600,1,all,0.2450960949063301,0,4,300,11.43714714050293,30.773197174072266,0.2325565665960312,0.7166666388511658,600,12.075797080993652,31.857616424560547,0.25763562321662903,0.7149999737739563
259,246,640,360,C2,44,nonblind_diagnostic,A,-0.01,True,False,64,998,989,989,300,45,9,0,1,0,1,2573,2573,91,1,root_band,0.6960241794586182,0,0,40,26.782546997070312,31.95435333251953,0.6927515268325806,1.0,91,26.978904724121094,32.27388000488281,0.6992968320846558,1.0
259,246,640,360,C2,44,nonblind_diagnostic,A,-0.01,True,False,64,998,989,989,300,45,9,0,1,0,1,2573,2573,509,1,outside_root_band,0.17021594941616058,0,4,260,9.076314926147461,25.23354148864746,0.16175732016563416,0.6730769276618958,509,9.411389350891113,30.792699813842773,0.178674578666687,0.664047122001648
260,246,640,360,C2,44,nonblind_diagnostic,B,-0.01,True,False,64,999,990,990,300,45,9,0,1,0,1,2573,2573,600,1,all,0.2370743826031685,0,3,300,11.215829849243164,29.764509201049805,0.22497400641441345,0.7200000286102295,600,11.825702667236328,31.013408660888672,0.24917475879192352,0.7166666388511658
260,246,640,360,C2,44,nonblind_diagnostic,B,-0.01,True,False,64,999,990,990,300,45,9,0,1,0,1,2573,2573,91,1,root_band,0.6568425595760345,0,0,40,25.616485595703125,30.98764419555664,0.6538829207420349,1.0,91,25.7940673828125,31.296159744262695,0.6598021984100342,1.0
260,246,640,360,C2,44,nonblind_diagnostic,B,-0.01,True,False,64,999,990,990,300,45,9,0,1,0,1,2573,2573,509,1,outside_root_band,0.16737500578165054,0,3,260,9.000343322753906,24.74274444580078,0.15898804366588593,0.6769230961799622,509,9.328412055969238,30.229076385498047,0.17576196789741516,0.6660118103027344
261,246,640,360,C2,44,nonblind_diagnostic,C,-0.01,True,False,64,998,989,989,300,45,9,0,1,0,1,2573,2573,600,1,all,0.2272627055644989,1,3,300,10.940131187438965,28.988109588623047,0.21577949821949005,0.7200000286102295,600,11.514777183532715,30.191299438476562,0.23874591290950775,0.7166666388511658
261,246,640,360,C2,44,nonblind_diagnostic,C,-0.01,True,False,64,998,989,989,300,45,9,0,1,0,1,2573,2573,91,1,root_band,0.6171534955501556,0,0,40,24.419918060302734,30.0210018157959,0.613997220993042,1.0,91,24.609289169311523,30.318477630615234,0.6203097701072693,1.0
261,246,640,360,C2,44,nonblind_diagnostic,C,-0.01,True,False,64,998,989,989,300,45,9,0,1,0,1,2573,2573,509,1,outside_root_band,0.16252221167087555,1,3,260,8.866317749023438,24.25292205810547,0.15451523661613464,0.6769230961799622,509,9.173714637756348,29.66550636291504,0.17052918672561646,0.6660118103027344
262,246,640,360,C2,44,nonblind_diagnostic,X,0.01,True,False,64,999,990,990,300,45,9,0,1,0,1,2573,2573,600,1,all,0.22083429992198944,1,0,300,10.760844230651855,28.308792114257812,0.20962071418762207,0.7200000286102295,600,11.317985534667969,29.528419494628906,0.2320478856563568,0.7183333039283752
262,246,640,360,C2,44,nonblind_diagnostic,X,0.01,True,False,64,999,990,990,300,45,9,0,1,0,1,2573,2573,91,1,root_band,0.5894716382026672,0,0,40,23.56962776184082,29.239757537841797,0.5856543779373169,1.0,91,23.798667907714844,29.62131690979004,0.5932888984680176,1.0
262,246,640,360,C2,44,nonblind_diagnostic,X,0.01,True,False,64,999,990,990,300,45,9,0,1,0,1,2573,2573,509,1,outside_root_band,0.15961696207523346,1,0,260,8.790261268615723,24.45318603515625,0.15176939964294434,0.6769230961799622,509,9.086665153503418,29.228092193603516,0.16746452450752258,0.667976438999176
263,246,640,360,C2,44,nonblind_diagnostic,Y,0.01,True,False,64,999,990,990,300,45,9,0,1,0,1,2573,2573,600,1,all,0.20413585007190704,0,4,300,10.307637214660645,26.20896339416504,0.19435487687587738,0.7200000286102295,600,10.781527519226074,27.689233779907227,0.2139168232679367,0.721666693687439
263,246,640,360,C2,44,nonblind_diagnostic,Y,0.01,True,False,64,999,990,990,300,45,9,0,1,0,1,2573,2573,91,1,root_band,0.5020846128463745,0,0,40,21.0008544921875,27.22013282775879,0.5000284910202026,1.0,91,21.12421989440918,27.445772171020508,0.5041407346725464,1.0
263,246,640,360,C2,44,nonblind_diagnostic,Y,0.01,True,False,64,999,990,990,300,45,9,0,1,0,1,2573,2573,509,1,outside_root_band,0.1546791046857834,0,4,260,8.662527084350586,22.764127731323242,0.147328183054924,0.6769230961799622,509,8.932442665100098,28.00031852722168,0.16203002631664276,0.6719056963920593
264,246,640,360,C2,44,nonblind_diagnostic,A,0.01,True,False,64,998,989,989,300,45,9,0,1,0,1,2573,2573,600,1,all,0.1938486099243164,1,6,300,10.01319694519043,25.856605529785156,0.18452101945877075,0.7266666889190674,600,10.460651397705078,26.80694580078125,0.20317620038986206,0.721666693687439
264,246,640,360,C2,44,nonblind_diagnostic,A,0.01,True,False,64,998,989,989,300,45,9,0,1,0,1,2573,2573,91,1,root_band,0.4596147984266281,0,0,40,19.70416259765625,26.157716751098633,0.4568054676055908,1.0,91,19.872726440429688,26.41109275817871,0.4624241292476654,1.0
264,246,640,360,C2,44,nonblind_diagnostic,A,0.01,True,False,64,998,989,989,300,45,9,0,1,0,1,2573,2573,509,1,outside_root_band,0.14972922950983047,1,6,260,8.522278785705566,22.306915283203125,0.14263111352920532,0.6846153736114502,509,8.777944564819336,27.415077209472656,0.15682734549045563,0.6719056963920593
265,246,640,360,C2,44,nonblind_diagnostic,B,0.01,True,False,64,998,989,989,300,45,9,0,1,0,1,2573,2573,600,1,all,0.20167839527130127,1,4,300,10.228926658630371,26.43865203857422,0.1918061375617981,0.7266666889190674,600,10.70822525024414,27.66339874267578,0.21155065298080444,0.721666693687439
265,246,640,360,C2,44,nonblind_diagnostic,B,0.01,True,False,64,998,989,989,300,45,9,0,1,0,1,2573,2573,91,1,root_band,0.4989872872829437,0,0,40,20.88262176513672,27.123281478881836,0.49608737230300903,1.0,91,21.056617736816406,27.38759994506836,0.5018872022628784,1.0
265,246,640,360,C2,44,nonblind_diagnostic,B,0.01,True,False,64,998,989,989,300,45,9,0,1,0,1,2573,2573,509,1,outside_root_band,0.15231866389513016,1,4,260,8.589898109436035,22.79150390625,0.1449936181306839,0.6846153736114502,509,8.858120918273926,27.97732162475586,0.15964370965957642,0.6719056963920593
266,246,640,360,C2,44,nonblind_diagnostic,C,0.01,True,False,64,998,989,989,300,45,9,0,1,0,1,2573,2573,600,1,all,0.21151671558618546,0,3,300,10.507421493530273,27.11004638671875,0.20112666487693787,0.7233333587646484,600,11.01705265045166,28.476455688476562,0.22190676629543304,0.7200000286102295
266,246,640,360,C2,44,nonblind_diagnostic,C,0.01,True,False,64,998,989,989,300,45,9,0,1,0,1,2573,2573,91,1,root_band,0.5383511781692505,0,0,40,22.06060028076172,28.08868408203125,0.5353533625602722,1.0,91,22.24047088623047,28.36411476135254,0.5413489937782288,1.0
266,246,640,360,C2,44,nonblind_diagnostic,C,0.01,True,False,64,998,989,989,300,45,9,0,1,0,1,2573,2573,509,1,outside_root_band,0.15725170820951462,0,3,260,8.730009078979492,23.2772159576416,0.14970718324184418,0.6807692050933838,509,9.010507583618164,28.539655685424805,0.16479623317718506,0.6699410676956177
267,246,640,360,C2,44,nonblind_diagnostic,X,-0.02,True,False,64,1000,991,991,300,45,9,0,1,0,1,2573,2573,600,1,all,0.2165113389492035,3,0,300,10.64862060546875,27.55864906311035,0.20611204206943512,0.7099999785423279,600,11.161520004272461,28.8004093170166,0.22691063582897186,0.7183333039283752
267,246,640,360,C2,44,nonblind_diagnostic,X,-0.02,True,False,64,1000,991,991,300,45,9,0,1,0,1,2573,2573,91,1,root_band,0.5515184700489044,1,0,39,22.407485961914062,28.340476989746094,0.5469161868095398,1.0,91,22.683624267578125,28.784427642822266,0.556120753288269,1.0
267,246,640,360,C2,44,nonblind_diagnostic,X,-0.02,True,False,64,1000,991,991,300,45,9,0,1,0,1,2573,2573,509,1,outside_root_band,0.16162053495645523,2,0,261,8.891548156738281,25.034948348999023,0.15518727898597717,0.6666666865348816,509,9.101577758789062,28.851970672607422,0.1680537909269333,0.667976438999176
268,246,640,360,C2,44,nonblind_diagnostic,Y,-0.02,True,False,64,996,987,987,300,45,9,0,1,0,1,2573,2573,600,1,all,0.2496526911854744,1,7,300,11.504270553588867,31.764623641967773,0.23601488769054413,0.7066666483879089,600,12.23752498626709,32.655601501464844,0.26329049468040466,0.7133333086967468
268,246,640,360,C2,44,nonblind_diagnostic,Y,-0.02,True,False,64,996,987,987,300,45,9,0,1,0,1,2573,2573,91,1,root_band,0.7291103601455688,0,0,39,27.72848129272461,32.61561584472656,0.7242826223373413,1.0,91,28.018142700195312,33.1247673034668,0.7339380979537964,1.0
268,246,640,360,C2,44,nonblind_diagnostic,Y,-0.02,True,False,64,996,987,987,300,45,9,0,1,0,1,2573,2573,509,1,outside_root_band,0.17110127955675125,1,7,261,9.079962730407715,27.119997024536133,0.16305531561374664,0.6628352403640747,509,9.41623592376709,31.30207061767578,0.17914724349975586,0.6620824933052063
269,246,640,360,C2,44,nonblind_diagnostic,A,-0.02,True,False,64,999,990,990,300,45,9,0,1,0,1,2573,2573,600,1,all,0.2707476317882538,0,9,300,12.147977828979492,33.398048400878906,0.2563687264919281,0.7166666388511658,600,12.889978408813477,34.67644500732422,0.28512653708457947,0.7166666388511658
269,246,640,360,C2,44,nonblind_diagnostic,A,-0.02,True,False,64,999,990,990,300,45,9,0,1,0,1,2573,2573,91,1,root_band,0.8146724998950958,0,0,40,30.344749450683594,34.857444763183594,0.8114916682243347,1.0,91,30.535600662231445,35.21006774902344,0.8178533315658569,1.0
269,246,640,360,C2,44,nonblind_diagnostic,A,-0.02,True,False,64,999,990,990,300,45,9,0,1,0,1,2573,2573,509,1,outside_root_band,0.18042489886283875,0,9,260,9.348474502563477,26.714012145996094,0.17096516489982605,0.6730769276618958,509,9.735258102416992,32.486900329589844,0.18988463282585144,0.6660118103027344
270,246,640,360,C2,44,nonblind_diagnostic,B,-0.02,True,False,64,999,990,990,300,45,9,0,1,0,1,2573,2573,600,1,all,0.25495144724845886,0,5,300,11.71508502960205,31.764863967895508,0.2417753040790558,0.7233333587646484,600,12.387385368347168,32.783111572265625,0.26812759041786194,0.7166666388511658
270,246,640,360,C2,44,nonblind_diagnostic,B,-0.02,True,False,64,999,990,990,300,45,9,0,1,0,1,2573,2573,91,1,root_band,0.7357559502124786,0,0,40,27.980375289916992,32.92285919189453,0.7326792478561401,1.0,91,28.164979934692383,33.2534065246582,0.7388326525688171,1.0
270,246,640,360,C2,44,nonblind_diagnostic,B,-0.02,True,False,64,999,990,990,300,45,9,0,1,0,1,2573,2573,509,1,outside_root_band,0.17511285096406937,0,5,260,9.212732315063477,25.727327346801758,0.16625162959098816,0.6807692050933838,509,9.56663703918457,31.358505249023438,0.18397407233715057,0.6660118103027344
271,246,640,360,C2,44,nonblind_diagnostic,C,-0.02,True,False,64,998,989,989,300,45,9,0,1,0,1,2573,2573,600,1,all,0.23517796397209167,1,3,300,11.157217025756836,29.76533317565918,0.22315266728401184,0.7166666388511658,600,11.76503849029541,31.014406204223633,0.2472032606601715,0.7166666388511658
271,246,640,360,C2,44,nonblind_diagnostic,C,-0.02,True,False,64,998,989,989,300,45,9,0,1,0,1,2573,2573,91,1,root_band,0.6566005945205688,0,0,40,25.601457595825195,30.98847198486328,0.6533819437026978,1.0,91,25.794578552246094,31.297000885009766,0.6598192453384399,1.0
271,246,640,360,C2,44,nonblind_diagnostic,C,-0.02,True,False,64,998,989,989,300,45,9,0,1,0,1,2573,2573,509,1,outside_root_band,0.16519925743341446,1,3,260,8.935025215148926,24.74371910095215,0.1569635272026062,0.6730769276618958,509,9.25681209564209,30.230100631713867,0.17343498766422272,0.6660118103027344
272,246,640,360,C2,44,nonblind_diagnostic,X,0.02,True,False,64,997,988,988,300,45,9,0,1,0,1,2573,2573,600,1,all,0.2228608950972557,2,1,300,10.80770492553711,28.677486419677734,0.21191449463367462,0.7166666388511658,600,11.371172904968262,29.77173614501953,0.2338072955608368,0.7200000286102295
272,246,640,360,C2,44,nonblind_diagnostic,X,0.02,True,False,64,997,988,988,300,45,9,0,1,0,1,2573,2573,91,1,root_band,0.6033329963684082,1,0,40,24.024232864379883,29.643836975097656,0.600807785987854,1.0,91,24.175743103027344,29.903343200683594,0.6058582067489624,1.0
272,246,640,360,C2,44,nonblind_diagnostic,X,0.02,True,False,64,997,988,988,300,45,9,0,1,0,1,2573,2573,509,1,outside_root_band,0.1596880406141281,1,1,260,8.774392127990723,24.283658981323242,0.15208476781845093,0.6730769276618958,509,9.081947326660156,29.3548583984375,0.1672913134098053,0.6699410676956177
273,246,640,360,C2,44,nonblind_diagnostic,Y,0.02,True,False,64,999,990,990,300,45,9,0,1,0,1,2573,2573,600,1,all,0.18906743824481964,0,7,300,9.897917747497559,24.780471801757812,0.18054497241973877,0.7233333587646484,600,10.298892974853516,26.148710250854492,0.1975899040699005,0.7233333587646484
273,246,640,360,C2,44,nonblind_diagnostic,Y,0.02,True,False,64,999,990,990,300,45,9,0,1,0,1,2573,2573,91,1,root_band,0.42619524896144867,0,0,40,18.750202178955078,25.394439697265625,0.42500677704811096,1.0,91,18.821510314941406,25.548717498779297,0.4273837208747864,1.0
273,246,640,360,C2,44,nonblind_diagnostic,Y,0.02,True,False,64,999,990,990,300,45,9,0,1,0,1,2573,2573,509,1,outside_root_band,0.1497211828827858,0,7,260,8.536027908325195,21.765085220336914,0.14293545484542847,0.6807692050933838,509,8.775203704833984,26.897554397583008,0.15650691092014313,0.673870325088501
274,246,640,360,C2,44,nonblind_diagnostic,A,0.02,True,False,64,998,989,989,300,45,9,0,1,0,1,2573,2573,600,1,all,0.16855529695749283,1,8,300,9.307055473327637,22.956254959106445,0.16086190938949585,0.7233333587646484,600,9.659056663513184,24.384492874145508,0.1762486845254898,0.721666693687439
274,246,640,360,C2,44,nonblind_diagnostic,A,0.02,True,False,64,998,989,989,300,45,9,0,1,0,1,2573,2573,91,1,root_band,0.34173259139060974,0,0,40,16.180200576782227,23.26477813720703,0.3393400311470032,1.0,91,16.32375144958496,23.48481559753418,0.3441251516342163,1.0
274,246,640,360,C2,44,nonblind_diagnostic,A,0.02,True,False,64,998,989,989,300,45,9,0,1,0,1,2573,2573,509,1,outside_root_band,0.13981956243515015,1,8,260,8.249648094177246,20.864038467407227,0.1334037184715271,0.6807692050933838,509,8.467529296875,25.49184799194336,0.1462354063987732,0.6719056963920593
275,246,640,360,C2,44,nonblind_diagnostic,B,0.02,True,False,64,997,988,988,300,45,9,0,1,0,1,2573,2573,600,1,all,0.18388096243143082,1,6,300,9.704750061035156,24.910991668701172,0.17486748099327087,0.7200000286102295,600,10.153308868408203,26.04595375061035,0.19289444386959076,0.721666693687439
275,246,640,360,C2,44,nonblind_diagnostic,B,0.02,True,False,64,997,988,988,300,45,9,0,1,0,1,2573,2573,91,1,root_band,0.41998036205768585,0,0,40,18.50860595703125,25.19425392150879,0.41695356369018555,1.0,91,18.690216064453125,25.43646240234375,0.42300716042518616,1.0
275,246,640,360,C2,44,nonblind_diagnostic,B,0.02,True,False,64,997,988,988,300,45,9,0,1,0,1,2573,2573,509,1,outside_root_band,0.1446889564394951,1,6,260,8.350310325622559,21.825716018676758,0.13762347400188446,0.6769230961799622,509,8.627063751220703,26.855010986328125,0.1517544388771057,0.6719056963920593
276,246,640,360,C2,44,nonblind_diagnostic,C,0.02,True,False,64,999,990,990,300,45,9,0,1,0,1,2573,2573,600,1,all,0.20371948927640915,0,4,300,10.293936729431152,26.114978790283203,0.1939125657081604,0.7200000286102295,600,10.768983840942383,27.664405822753906,0.2135264128446579,0.721666693687439
276,246,640,360,C2,44,nonblind_diagnostic,C,0.02,True,False,64,999,990,990,300,45,9,0,1,0,1,2573,2573,91,1,root_band,0.4992964267730713,0,0,40,20.900590896606445,27.124116897583008,0.4966863989830017,1.0,91,21.057191848754883,27.38844108581543,0.5019064545631409,1.0
276,246,640,360,C2,44,nonblind_diagnostic,C,0.02,True,False,64,999,990,990,300,45,9,0,1,0,1,2573,2573,509,1,outside_root_band,0.15465061366558075,0,4,260,8.662142753601074,22.79245376586914,0.14733196794986725,0.6769230961799622,509,8.92963695526123,27.97832679748535,0.16196925938129425,0.6719056963920593
277,246,640,360,C2,44,nonblind_diagnostic,X,-0.05,True,False,64,998,989,989,300,45,9,0,1,0,1,2573,2573,600,1,all,0.212245412170887,8,2,300,10.538591384887695,26.86831283569336,0.20253895223140717,0.7200000286102295,600,11.00936222076416,28.166175842285156,0.22195187211036682,0.7149999737739563
277,246,640,360,C2,44,nonblind_diagnostic,X,-0.05,True,False,64,998,989,989,300,45,9,0,1,0,1,2573,2573,91,1,root_band,0.515030711889267,2,0,39,21.311843872070312,27.453174591064453,0.5103947520256042,1.0,91,21.59000015258789,27.96097755432129,0.5196666717529297,1.0
277,246,640,360,C2,44,nonblind_diagnostic,X,-0.05,True,False,64,998,989,989,300,45,9,0,1,0,1,2573,2573,509,1,outside_root_band,0.16263167560100555,6,2,261,8.928794860839844,24.296878814697266,0.1565374881029129,0.6781609058380127,509,9.11773681640625,28.482135772705078,0.1687258630990982,0.664047122001648
278,246,640,360,C2,44,nonblind_diagnostic,Y,-0.05,True,False,64,995,986,986,300,45,9,0,1,0,1,2573,2573,600,1,all,0.29587043821811676,3,16,300,12.753464698791504,36.914302825927734,0.2785780429840088,0.7099999785423279,600,13.704268455505371,37.90428924560547,0.31316283345222473,0.7083333134651184
278,246,640,360,C2,44,nonblind_diagnostic,Y,-0.05,True,False,64,995,986,986,300,45,9,0,1,0,1,2573,2573,91,1,root_band,0.95921391248703,0,0,40,34.662940979003906,38.340885162353516,0.9554315805435181,1.0,91,34.889888763427734,38.784873962402344,0.962996244430542,1.0
278,246,640,360,C2,44,nonblind_diagnostic,Y,-0.05,True,False,64,995,986,986,300,45,9,0,1,0,1,2573,2573,509,1,outside_root_band,0.18571557104587555,3,16,260,9.38277530670166,28.77202796936035,0.17444674670696259,0.6653845906257629,509,9.91666316986084,34.59381866455078,0.1969843953847885,0.6561886072158813
279,246,640,360,C2,44,nonblind_diagnostic,A,-0.05,True,False,64,996,987,987,300,45,9,0,1,0,1,2573,2573,600,1,all,0.34910137951374054,0,20,300,14.293112754821777,42.07554244995117,0.3297075927257538,0.7066666483879089,600,15.358148574829102,42.903175354003906,0.3684951663017273,0.7083333134651184
279,246,640,360,C2,44,nonblind_diagnostic,A,-0.05,True,False,64,996,987,987,300,45,9,0,1,0,1,2573,2573,91,1,root_band,1.169991672039032,0,0,39,40.980743408203125,43.57548522949219,1.166024923324585,1.0,91,41.218753814697266,43.96494674682617,1.173958420753479,1.0
279,246,640,360,C2,44,nonblind_diagnostic,A,-0.05,True,False,64,996,987,987,300,45,9,0,1,0,1,2573,2573,509,1,outside_root_band,0.21461673080921173,0,20,261,10.305304527282715,32.84517288208008,0.20474058389663696,0.6628352403640747,509,10.734739303588867,37.590110778808594,0.2244928777217865,0.6561886072158813
280,246,640,360,C2,44,nonblind_diagnostic,B,-0.05,True,False,64,1001,991,991,300,45,10,0,1,0,1,2573,2573,600,1,all,0.3090186268091202,0,15,300,13.20226001739502,37.0820198059082,0.2925484776496887,0.6966666579246521,600,14.086572647094727,38.26416778564453,0.32548877596855164,0.7099999785423279
280,246,640,360,C2,44,nonblind_diagnostic,B,-0.05,True,False,64,1001,991,991,300,45,10,0,1,0,1,2573,2573,91,1,root_band,0.9730418622493744,0,0,40,35.096282958984375,38.74059295654297,0.9698761105537415,1.0,91,35.286224365234375,39.13690948486328,0.9762076139450073,1.0
280,246,640,360,C2,44,nonblind_diagnostic,B,-0.05,True,False,64,1001,991,991,300,45,10,0,1,0,1,2573,2573,509,1,outside_root_band,0.1987481191754341,0,15,260,9.833948135375977,27.85968589782715,0.18834419548511505,0.6499999761581421,509,10.296456336975098,34.76019287109375,0.20915204286575317,0.658153235912323
281,246,640,360,C2,44,nonblind_diagnostic,C,-0.05,True,False,64,997,988,988,300,45,9,0,1,0,1,2573,2573,600,1,all,0.25903356075286865,1,7,300,11.789546012878418,32.45266342163086,0.24533814191818237,0.7133333086967468,600,12.517803192138672,33.70106506347656,0.27272897958755493,0.7133333086967468
281,246,640,360,C2,44,nonblind_diagnostic,C,-0.05,True,False,64,997,988,988,300,45,9,0,1,0,1,2573,2573,91,1,root_band,0.7748794555664062,0,0,40,29.138153076171875,33.89677047729492,0.771271824836731,1.0,91,29.354612350463867,34.23829650878906,0.7784870862960815,1.0
281,246,640,360,C2,44,nonblind_diagnostic,C,-0.05,True,False,64,997,988,988,300,45,9,0,1,0,1,2573,2573,509,1,outside_root_band,0.17336692661046982,1,7,260,9.120529174804688,26.228086471557617,0.16442528367042542,0.6692307591438293,509,9.507685661315918,31.930761337280273,0.18230856955051422,0.6620824933052063
282,246,640,360,C2,44,nonblind_diagnostic,X,0.05,True,False,64,997,988,988,300,45,9,0,1,0,1,2573,2573,600,1,all,0.2277003973722458,7,1,300,10.937549591064453,29.39767074584961,0.21616025269031525,0.7200000286102295,600,11.533839225769043,30.505599975585938,0.23924054205417633,0.7200000286102295
282,246,640,360,C2,44,nonblind_diagnostic,X,0.05,True,False,64,997,988,988,300,45,9,0,1,0,1,2573,2573,91,1,root_band,0.64278843998909,3,0,41,25.245468139648438,30.46276092529297,0.6415156126022339,1.0,91,25.321840286254883,30.75872230529785,0.644061267375946,1.0
282,246,640,360,C2,44,nonblind_diagnostic,X,0.05,True,False,64,997,988,988,300,45,9,0,1,0,1,2573,2573,509,1,outside_root_band,0.15784595906734467,4,1,259,8.672590255737305,22.688119888305664,0.148826003074646,0.6756756901741028,509,9.068794250488281,29.73940086364746,0.16686591506004333,0.6699410676956177
283,246,640,360,C2,44,nonblind_diagnostic,Y,0.05,True,False,64,1001,992,992,300,45,9,0,1,0,1,2573,2573,600,1,all,0.14417747408151627,2,14,300,8.600008964538574,19.55663299560547,0.13791297376155853,0.7166666388511658,600,8.858590126037598,21.286422729492188,0.150441974401474,0.721666693687439
283,246,640,360,C2,44,nonblind_diagnostic,Y,0.05,True,False,64,1001,992,992,300,45,9,0,1,0,1,2573,2573,91,1,root_band,0.2032015025615692,1,0,40,11.778284072875977,19.556631088256836,0.20095713436603546,1.0,91,11.90009593963623,19.84632110595703,0.20544587075710297,1.0
283,246,640,360,C2,44,nonblind_diagnostic,Y,0.05,True,False,64,1001,992,992,300,45,9,0,1,0,1,2573,2573,509,1,outside_root_band,0.1344110667705536,1,14,260,8.111042976379395,18.83310890197754,0.12821388244628906,0.6730769276618958,509,8.314824104309082,22.94092559814453,0.14060825109481812,0.6719056963920593
284,246,640,360,C2,44,nonblind_diagnostic,A,0.05,True,False,64,998,989,989,300,45,9,0,1,0,1,2573,2573,600,1,all,0.1084689311683178,1,58,300,7.341391086578369,16.181001663208008,0.10477939248085022,0.6600000262260437,600,7.406932830810547,16.895166397094727,0.11215846985578537,0.6583333611488342
284,246,640,360,C2,44,nonblind_diagnostic,A,0.05,True,False,64,998,989,989,300,45,9,0,1,0,1,2573,2573,91,1,root_band,0.08687058836221695,0,37,40,6.349717140197754,14.443802833557129,0.08387438952922821,0.574999988079071,91,6.464637756347656,14.72815227508545,0.08986678719520569,0.593406617641449
284,246,640,360,C2,44,nonblind_diagnostic,A,0.05,True,False,64,998,989,989,300,45,9,0,1,0,1,2573,2573,509,1,outside_root_band,0.11206968873739243,1,21,260,7.49395751953125,17.241474151611328,0.10799555480480194,0.6730769276618958,509,7.575397968292236,19.01540184020996,0.11614382266998291,0.6699410676956177
285,246,640,360,C2,44,nonblind_diagnostic,B,0.05,True,False,64,996,987,987,300,45,9,0,1,0,1,2573,2573,600,1,all,0.1331297978758812,1,14,300,8.221818923950195,19.3051700592041,0.126944437623024,0.7166666388511658,600,8.501887321472168,21.060670852661133,0.1393151581287384,0.721666693687439
285,246,640,360,C2,44,nonblind_diagnostic,B,0.05,True,False,64,996,987,987,300,45,9,0,1,0,1,2573,2573,91,1,root_band,0.19517995417118073,0,0,40,11.480582237243652,19.305166244506836,0.19270442426204681,1.0,91,11.600921630859375,19.595815658569336,0.19765548408031464,1.0
285,246,640,360,C2,44,nonblind_diagnostic,B,0.05,True,False,64,996,987,987,300,45,9,0,1,0,1,2573,2573,509,1,outside_root_band,0.12285624071955681,1,14,260,7.720470905303955,19.047510147094727,0.11682752519845963,0.6730769276618958,509,7.947836399078369,22.77373504638672,0.128884956240654,0.6719056963920593
286,246,640,360,C2,44,nonblind_diagnostic,C,0.05,True,False,64,999,990,990,300,45,9,0,1,0,1,2573,2573,600,1,all,0.18055574595928192,0,8,300,9.659850120544434,23.939573287963867,0.17256298661231995,0.7200000286102295,600,10.028271675109863,25.12489891052246,0.1885485053062439,0.721666693687439
286,246,640,360,C2,44,nonblind_diagnostic,C,0.05,True,False,64,999,990,990,300,45,9,0,1,0,1,2573,2573,91,1,root_band,0.38144031167030334,0,0,40,17.37533187866211,24.23580551147461,0.3791777491569519,1.0,91,17.511083602905273,24.46685028076172,0.3837028741836548,1.0
286,246,640,360,C2,44,nonblind_diagnostic,C,0.05,True,False,64,999,990,990,300,45,9,0,1,0,1,2573,2573,509,1,outside_root_band,0.1472172737121582,0,8,260,8.472853660583496,21.351560592651367,0.1407761126756668,0.6769230961799622,509,8.690478324890137,26.262916564941406,0.1536584347486496,0.6719056963920593
287,287,640,360,C2,45,nonblind_diagnostic,baseline,0.0,False,False,64,784,770,770,300,39,14,0,1,0,1,2002,2002,600,1,all,0.22078023850917816,0,0,300,10.582378387451172,28.745826721191406,0.20743043720722198,0.7233333587646484,600,11.320541381835938,29.951425552368164,0.23413003981113434,0.7266666889190674
287,287,640,360,C2,45,nonblind_diagnostic,baseline,0.0,False,False,64,784,770,770,300,39,14,0,1,0,1,2002,2002,113,1,root_band,0.5372500121593475,0,0,49,21.981708526611328,28.249542236328125,0.5327236652374268,1.0,113,22.2532901763916,28.325735092163086,0.5417763590812683,1.0
287,287,640,360,C2,45,nonblind_diagnostic,baseline,0.0,False,False,64,784,770,770,300,39,14,0,1,0,1,2002,2002,487,1,outside_root_band,0.15333649516105652,0,0,251,8.357011795043945,30.12986946105957,0.1439269781112671,0.6693227291107178,487,8.783784866333008,31.329225540161133,0.16274601221084595,0.663244366645813
288,287,640,360,C2,45,nonblind_diagnostic,X,-0.005,True,False,64,784,770,770,300,39,14,0,1,0,1,2002,2002,600,1,all,0.21920344233512878,1,0,300,10.536057472229004,28.688318252563477,0.20594081282615662,0.7233333587646484,600,11.269816398620605,29.81969451904297,0.23246607184410095,0.7266666889190674
288,287,640,360,C2,45,nonblind_diagnostic,X,-0.005,True,False,64,784,770,770,300,39,14,0,1,0,1,2002,2002,113,1,root_band,0.5301755368709564,0,0,49,21.753673553466797,28.08083152770996,0.5251224040985107,1.0,113,22.056861877441406,28.177711486816406,0.5352286696434021,1.0
288,287,640,360,C2,45,nonblind_diagnostic,X,-0.005,True,False,64,784,770,770,300,39,14,0,1,0,1,2002,2002,487,1,outside_root_band,0.1529228389263153,1,0,251,8.34616470336914,29.995235443115234,0.14363044500350952,0.6693227291107178,487,8.766868591308594,31.20425033569336,0.1622152328491211,0.663244366645813
289,287,640,360,C2,45,nonblind_diagnostic,Y,-0.005,True,False,64,784,770,770,300,39,14,0,1,0,1,2002,2002,600,1,all,0.23077932000160217,0,1,300,10.858651161193848,29.55545997619629,0.21677668392658234,0.7233333587646484,600,11.635293006896973,30.756811141967773,0.244781956076622,0.7283333539962769
289,287,640,360,C2,45,nonblind_diagnostic,Y,-0.005,True,False,64,784,770,770,300,39,14,0,1,0,1,2002,2002,113,1,root_band,0.5746592283248901,0,0,49,23.099998474121094,29.180307388305664,0.5699999332427979,1.0,113,23.379554748535156,29.252513885498047,0.5793185234069824,1.0
289,287,640,360,C2,45,nonblind_diagnostic,Y,-0.005,True,False,64,784,770,770,300,39,14,0,1,0,1,2002,2002,487,1,outside_root_band,0.15748963505029678,0,1,251,8.468905448913574,30.984712600708008,0.14782077074050903,0.6693227291107178,487,8.910238265991211,32.1483154296875,0.16715849936008453,0.6652977466583252
290,287,640,360,C2,45,nonblind_diagnostic,A,-0.005,True,False,64,784,770,770,300,39,14,0,1,0,1,2002,2002,600,1,all,0.23626691102981567,0,2,300,11.011427879333496,30.04735565185547,0.2219071388244629,0.7233333587646484,600,11.808961868286133,31.241683959960938,0.25062668323516846,0.7266666889190674
290,287,640,360,C2,45,nonblind_diagnostic,A,-0.005,True,False,64,784,770,770,300,39,14,0,1,0,1,2002,2002,113,1,root_band,0.5953924655914307,0,0,49,23.72356414794922,29.66385841369629,0.5907854437828064,1.0,113,23.999984741210938,29.76486587524414,0.5999994874000549,1.0
290,287,640,360,C2,45,nonblind_diagnostic,A,-0.005,True,False,64,784,770,770,300,39,14,0,1,0,1,2002,2002,487,1,outside_root_band,0.15972786396741867,0,2,251,8.529776573181152,31.445201873779297,0.14989501237869263,0.6693227291107178,487,8.980243682861328,32.57334899902344,0.16956071555614471,0.663244366645813
291,287,640,360,C2,45,nonblind_diagnostic,B,-0.005,True,False,64,784,770,770,300,39,14,0,1,0,1,2002,2002,600,1,all,0.2310996726155281,0,1,300,10.86825942993164,29.58406639099121,0.2170766144990921,0.7233333587646484,600,11.64608097076416,30.78831672668457,0.2451227307319641,0.7283333539962769
291,287,640,360,C2,45,nonblind_diagnostic,B,-0.005,True,False,64,784,770,770,300,39,14,0,1,0,1,2002,2002,113,1,root_band,0.5760099589824677,0,0,49,23.142831802368164,29.192304611206055,0.5714277029037476,1.0,113,23.41776466369629,29.285207748413086,0.5805922150611877,1.0
291,287,640,360,C2,45,nonblind_diagnostic,B,-0.005,True,False,64,784,770,770,300,39,14,0,1,0,1,2002,2002,487,1,outside_root_band,0.15759166330099106,0,1,251,8.472026824951172,31.006755828857422,0.1479005217552185,0.6693227291107178,487,8.914664268493652,32.1786003112793,0.1672828048467636,0.6652977466583252
292,287,640,360,C2,45,nonblind_diagnostic,C,-0.005,False,False,64,784,770,770,300,39,14,0,1,0,1,2002,2002,600,1,all,0.22593650221824646,0,0,300,10.725211143493652,29.120744705200195,0.2122499942779541,0.7233333587646484,600,11.483173370361328,30.334896087646484,0.23962301015853882,0.7266666889190674
292,287,640,360,C2,45,nonblind_diagnostic,C,-0.005,False,False,64,784,770,770,300,39,14,0,1,0,1,2002,2002,113,1,root_band,0.55662602186203,0,0,49,22.562110900878906,28.7208251953125,0.5520704388618469,1.0,113,22.835447311401367,28.80542755126953,0.5611816048622131,1.0
292,287,640,360,C2,45,nonblind_diagnostic,C,-0.005,False,False,64,784,770,770,300,39,14,0,1,0,1,2002,2002,487,1,outside_root_band,0.1554606854915619,0,0,251,8.414421081542969,30.568279266357422,0.14591054618358612,0.6693227291107178,487,8.849072456359863,31.75389862060547,0.16501082479953766,0.663244366645813
293,287,640,360,C2,45,nonblind_diagnostic,X,0.005,True,False,64,785,771,771,300,39,14,0,1,0,1,2002,2002,600,1,all,0.22251944243907928,0,0,300,10.679278373718262,29.004318237304688,0.20924313366413116,0.7333333492279053,600,11.371315956115723,30.067697525024414,0.2357957512140274,0.7266666889190674
293,287,640,360,C2,45,nonblind_diagnostic,X,0.005,True,False,64,785,771,771,300,39,14,0,1,0,1,2002,2002,113,1,root_band,0.5455556511878967,0,0,50,22.283645629882812,28.314109802246094,0.5427882075309753,1.0,113,22.449691772460938,28.474233627319336,0.5483230948448181,1.0
293,287,640,360,C2,45,nonblind_diagnostic,X,0.005,True,False,64,785,771,771,300,39,14,0,1,0,1,2002,2002,487,1,outside_root_band,0.1529066264629364,0,0,250,8.358404159545898,30.311887741088867,0.14253412187099457,0.6800000071525574,487,8.800766944885254,31.4604434967041,0.16327913105487823,0.663244366645813
294,287,640,360,C2,45,nonblind_diagnostic,Y,0.005,True,False,64,785,771,771,300,39,14,0,1,0,1,2002,2002,600,1,all,0.21095669269561768,0,0,300,10.357318878173828,28.133371353149414,0.19842131435871124,0.7333333492279053,600,11.006279945373535,29.19808578491211,0.2234920710325241,0.7266666889190674
294,287,640,360,C2,45,nonblind_diagnostic,Y,0.005,True,False,64,785,771,771,300,39,14,0,1,0,1,2002,2002,113,1,root_band,0.501166507601738,0,0,50,20.944107055664062,27.23029136657715,0.4981369078159332,1.0,113,21.12588119506836,27.398479461669922,0.5041961073875427,1.0
294,287,640,360,C2,45,nonblind_diagnostic,Y,0.005,True,False,64,785,771,771,300,39,14,0,1,0,1,2002,2002,487,1,outside_root_band,0.1484188362956047,0,0,250,8.239960670471191,29.300275802612305,0.13847817480564117,0.6800000071525574,487,8.658199310302734,30.596036911010742,0.15835949778556824,0.663244366645813
295,287,640,360,C2,45,nonblind_diagnostic,A,0.005,True,False,64,784,770,770,300,39,14,0,1,0,1,2002,2002,600,1,all,0.20535346865653992,0,1,300,10.155282974243164,27.66756820678711,0.1930142194032669,0.7266666889190674,600,10.833944320678711,28.844491958618164,0.21769271790981293,0.7283333539962769
295,287,640,360,C2,45,nonblind_diagnostic,A,0.005,True,False,64,784,770,770,300,39,14,0,1,0,1,2002,2002,113,1,root_band,0.4791521728038788,0,0,49,20.24176025390625,26.837448120117188,0.4747253656387329,1.0,113,20.507369995117188,26.887550354003906,0.48357897996902466,1.0
295,287,640,360,C2,45,nonblind_diagnostic,A,0.005,True,False,64,784,770,770,300,39,14,0,1,0,1,2002,2002,487,1,outside_root_band,0.14700858294963837,0,1,251,8.186210632324219,28.88873291015625,0.13801880180835724,0.6733067631721497,487,8.58939266204834,30.18333625793457,0.1559983640909195,0.6652977466583252
296,287,640,360,C2,45,nonblind_diagnostic,B,0.005,False,False,64,784,770,770,300,39,14,0,1,0,1,2002,2002,600,1,all,0.21048962324857712,0,0,300,10.297441482543945,28.106754302978516,0.197813481092453,0.7266666889190674,600,10.995918273925781,29.182485580444336,0.22316576540470123,0.7266666889190674
296,287,640,360,C2,45,nonblind_diagnostic,B,0.005,False,False,64,784,770,770,300,39,14,0,1,0,1,2002,2002,113,1,root_band,0.49851444363594055,0,0,49,20.821575164794922,27.307939529418945,0.494052529335022,1.0,113,21.089290618896484,27.366920471191406,0.5029763579368591,1.0
296,287,640,360,C2,45,nonblind_diagnostic,B,0.005,False,False,64,784,770,770,300,39,14,0,1,0,1,2002,2002,487,1,outside_root_band,0.14911124110221863,0,0,251,8.242927551269531,29.281740188598633,0.1399819552898407,0.6733067631721497,487,8.653924942016602,30.57253074645996,0.15824052691459656,0.663244366645813
297,287,640,360,C2,45,nonblind_diagnostic,C,0.005,False,False,64,784,770,770,300,39,14,0,1,0,1,2002,2002,600,1,all,0.2156318500638008,0,0,300,10.439806938171387,28.444950103759766,0.20261898636817932,0.7233333587646484,600,11.158134460449219,29.513856887817383,0.2286447137594223,0.7266666889190674
297,287,640,360,C2,45,nonblind_diagnostic,C,0.005,False,False,64,784,770,770,300,39,14,0,1,0,1,2002,2002,113,1,root_band,0.5178815424442291,0,0,49,21.401626586914062,27.77865219116211,0.5133875608444214,1.0,113,21.6712646484375,27.8463191986084,0.5223755240440369,1.0
297,287,640,360,C2,45,nonblind_diagnostic,C,0.005,False,False,64,784,770,770,300,39,14,0,1,0,1,2002,2002,487,1,outside_root_band,0.15122027695178986,0,0,251,8.299850463867188,29.7253475189209,0.14195100963115692,0.6693227291107178,487,8.718744277954102,30.949329376220703,0.1604895442724228,0.663244366645813
298,287,640,360,C2,45,nonblind_diagnostic,X,-0.01,True,False,64,784,770,770,300,39,14,0,1,0,1,2002,2002,600,1,all,0.2176126465201378,2,0,300,10.488669395446777,28.641220092773438,0.2044171839952469,0.7233333587646484,600,11.21927261352539,29.68549346923828,0.2308081090450287,0.7266666889190674
298,287,640,360,C2,45,nonblind_diagnostic,X,-0.01,True,False,64,784,770,770,300,39,14,0,1,0,1,2002,2002,113,1,root_band,0.5231294333934784,1,0,49,21.52655029296875,27.826934814453125,0.5175516605377197,1.0,113,21.861215591430664,28.029985427856445,0.5287072062492371,1.0
298,287,640,360,C2,45,nonblind_diagnostic,X,-0.01,True,False,64,784,770,770,300,39,14,0,1,0,1,2002,2002,487,1,outside_root_band,0.15248653292655945,1,0,251,8.333863258361816,29.96482276916504,0.14328734576702118,0.6693227291107178,487,8.749991416931152,31.107410430908203,0.16168572008609772,0.663244366645813
299,287,640,360,C2,45,nonblind_diagnostic,Y,-0.01,True,False,64,784,770,770,300,39,14,0,1,0,1,2002,2002,600,1,all,0.24079378694295883,1,3,300,11.135316848754883,30.415603637695312,0.22613637149333954,0.7266666889190674,600,11.950155258178711,31.57632064819336,0.2554512023925781,0.7250000238418579
299,287,640,360,C2,45,nonblind_diagnostic,Y,-0.01,True,False,64,784,770,770,300,39,14,0,1,0,1,2002,2002,113,1,root_band,0.6120348572731018,0,0,49,24.21685028076172,30.104507446289062,0.6072283983230591,1.0,113,24.505239486694336,30.178770065307617,0.6168413162231445,1.0
299,287,640,360,C2,45,nonblind_diagnostic,Y,-0.01,True,False,64,784,770,770,300,39,14,0,1,0,1,2002,2002,487,1,outside_root_band,0.1616683453321457,1,3,251,8.581552505493164,31.8398380279541,0.15173989534378052,0.6733067631721497,487,9.03696346282959,32.87985610961914,0.17159679532051086,0.6611909866333008
300,287,640,360,C2,45,nonblind_diagnostic,A,-0.01,True,False,64,784,770,770,300,39,14,0,1,0,1,2002,2002,600,1,all,0.2517995685338974,0,6,300,11.441621780395508,31.41444969177246,0.2364233434200287,0.7300000190734863,600,12.297916412353516,32.22319793701172,0.2671757936477661,0.7266666889190674
300,287,640,360,C2,45,nonblind_diagnostic,A,-0.01,True,False,64,784,770,770,300,39,14,0,1,0,1,2002,2002,113,1,root_band,0.6535349488258362,0,0,49,25.464977264404297,31.08000373840332,0.6488326191902161,1.0,113,25.747119903564453,31.18623161315918,0.6582372784614563,1.0
300,287,640,360,C2,45,nonblind_diagnostic,A,-0.01,True,False,64,784,770,770,300,39,14,0,1,0,1,2002,2002,487,1,outside_root_band,0.16617492586374283,0,6,251,8.703994750976562,32.6185188293457,0.15591317415237427,0.6772908568382263,487,9.177260398864746,33.58187484741211,0.1764366775751114,0.663244366645813
301,287,640,360,C2,45,nonblind_diagnostic,B,-0.01,True,False,64,784,770,770,300,39,14,0,1,0,1,2002,2002,600,1,all,0.24144107103347778,0,3,300,11.15471363067627,30.511306762695312,0.2267419397830963,0.7266666889190674,600,11.9719820022583,31.611207962036133,0.25614020228385925,0.7250000238418579
301,287,640,360,C2,45,nonblind_diagnostic,B,-0.01,True,False,64,784,770,770,300,39,14,0,1,0,1,2002,2002,113,1,root_band,0.6147739887237549,0,0,49,24.303997039794922,30.135986328125,0.610133171081543,1.0,113,24.582443237304688,30.24502944946289,0.6194148063659668,1.0
301,287,640,360,C2,45,nonblind_diagnostic,B,-0.01,True,False,64,784,770,770,300,39,14,0,1,0,1,2002,2002,487,1,outside_root_band,0.16187257319688797,0,3,251,8.587721824645996,31.884281158447266,0.1518966257572174,0.6733067631721497,487,9.045941352844238,32.912906646728516,0.17184852063655853,0.6611909866333008
302,287,640,360,C2,45,nonblind_diagnostic,C,-0.01,True,False,64,784,770,770,300,39,14,0,1,0,1,2002,2002,600,1,all,0.23110145330429077,0,1,300,10.868305206298828,29.584247589111328,0.21707826852798462,0.7233333587646484,600,11.646134376525879,30.788551330566406,0.24512463808059692,0.7283333539962769
302,287,640,360,C2,45,nonblind_diagnostic,C,-0.01,True,False,64,784,770,770,300,39,14,0,1,0,1,2002,2002,113,1,root_band,0.5760126411914825,0,0,49,23.142908096313477,29.192489624023438,0.5714303851127625,1.0,113,23.4178466796875,29.285398483276367,0.5805948972702026,1.0
302,287,640,360,C2,45,nonblind_diagnostic,C,-0.01,True,False,64,784,770,770,300,39,14,0,1,0,1,2002,2002,487,1,outside_root_band,0.157593235373497,0,1,251,8.472067832946777,31.00702476501465,0.1479019671678543,0.6693227291107178,487,8.914710998535156,32.178836822509766,0.1672845035791397,0.6652977466583252
303,287,640,360,C2,45,nonblind_diagnostic,X,0.01,True,False,64,785,771,771,300,39,14,0,1,0,1,2002,2002,600,1,all,0.224099799990654,0,0,300,10.725351333618164,29.027185440063477,0.21072901785373688,0.7333333492279053,600,11.42236042022705,30.162425994873047,0.2374705821275711,0.7266666889190674
303,287,640,360,C2,45,nonblind_diagnostic,X,0.01,True,False,64,785,771,771,300,39,14,0,1,0,1,2002,2002,113,1,root_band,0.5526692271232605,0,0,50,22.51296615600586,28.504165649414062,0.5504322648048401,1.0,113,22.64718246459961,28.62316131591797,0.5549061894416809,1.0
303,287,640,360,C2,45,nonblind_diagnostic,X,0.01,True,False,64,785,771,771,300,39,14,0,1,0,1,2002,2002,487,1,outside_root_band,0.15330171585083008,0,0,250,8.367827415466309,30.35886001586914,0.142788365483284,0.6800000071525574,487,8.817832946777344,31.59209632873535,0.16381506621837616,0.663244366645813
304,287,640,360,C2,45,nonblind_diagnostic,Y,0.01,True,False,64,785,771,771,300,39,14,0,1,0,1,2002,2002,600,1,all,0.20098582655191422,0,2,300,10.081515312194824,27.384403228759766,0.18909527361392975,0.7400000095367432,600,10.692780494689941,28.473655700683594,0.21287637948989868,0.7266666889190674
304,287,640,360,C2,45,nonblind_diagnostic,Y,0.01,True,False,64,785,771,771,300,39,14,0,1,0,1,2002,2002,113,1,root_band,0.463791623711586,0,0,50,19.829143524169922,26.313865661621094,0.460971474647522,1.0,113,19.99835205078125,26.47063636779785,0.46661177277565,1.0
304,287,640,360,C2,45,nonblind_diagnostic,Y,0.01,True,False,64,785,771,771,300,39,14,0,1,0,1,2002,2002,487,1,outside_root_band,0.1443607285618782,0,2,250,8.131989479064941,28.537349700927734,0.13472001254558563,0.6880000233650208,487,8.533580780029297,29.8129825592041,0.15400144457817078,0.663244366645813
305,287,640,360,C2,45,nonblind_diagnostic,A,0.01,True,False,64,785,771,771,300,39,14,0,1,0,1,2002,2002,600,1,all,0.19009913504123688,0,5,300,9.777406692504883,26.795167922973633,0.1788872927427292,0.7400000095367432,600,10.349055290222168,27.60216522216797,0.20131097733974457,0.7283333539962769
305,287,640,360,C2,45,nonblind_diagnostic,A,0.01,True,False,64,785,771,771,300,39,14,0,1,0,1,2002,2002,113,1,root_band,0.4224056601524353,0,0,50,18.58296775817871,25.2946834564209,0.41943228244781494,1.0,113,18.761371612548828,25.44993782043457,0.42537903785705566,1.0
305,287,640,360,C2,45,nonblind_diagnostic,A,0.01,True,False,64,785,771,771,300,39,14,0,1,0,1,2002,2002,487,1,outside_root_band,0.1400490626692772,0,5,250,8.016294479370117,27.610107421875,0.13077829778194427,0.6880000233650208,487,8.397122383117676,28.9156436920166,0.1493198275566101,0.6652977466583252
306,287,640,360,C2,45,nonblind_diagnostic,B,0.01,True,False,64,785,771,771,300,39,14,0,1,0,1,2002,2002,600,1,all,0.2003573402762413,0,2,300,10.062094688415527,27.380849838256836,0.18848925828933716,0.7400000095367432,600,10.672091484069824,28.417850494384766,0.21222542226314545,0.7266666889190674
306,287,640,360,C2,45,nonblind_diagnostic,B,0.01,True,False,64,785,771,771,300,39,14,0,1,0,1,2002,2002,113,1,root_band,0.46110616624355316,0,0,50,19.741281509399414,26.245634078979492,0.458042711019516,1.0,113,19.92508888244629,26.40850257873535,0.46416962146759033,1.0
306,287,640,360,C2,45,nonblind_diagnostic,B,0.01,True,False,64,785,771,771,300,39,14,0,1,0,1,2002,2002,487,1,outside_root_band,0.1441723182797432,0,2,250,8.126255989074707,28.462339401245117,0.13457855582237244,0.6880000233650208,487,8.525094032287598,29.755184173583984,0.15376608073711395,0.663244366645813
307,287,640,360,C2,45,nonblind_diagnostic,C,0.01,False,False,64,784,770,770,300,39,14,0,1,0,1,2002,2002,600,1,all,0.2104908600449562,0,0,300,10.297472953796387,28.106901168823242,0.19781465828418732,0.7266666889190674,600,10.995952606201172,29.18267059326172,0.2231670618057251,0.7266666889190674
307,287,640,360,C2,45,nonblind_diagnostic,C,0.01,False,False,64,784,770,770,300,39,14,0,1,0,1,2002,2002,113,1,root_band,0.4985158294439316,0,0,49,20.821617126464844,27.308082580566406,0.4940539300441742,1.0,113,21.089332580566406,27.367046356201172,0.502977728843689,1.0
307,287,640,360,C2,45,nonblind_diagnostic,C,0.01,False,False,64,784,770,770,300,39,14,0,1,0,1,2002,2002,487,1,outside_root_band,0.14911244809627533,0,0,251,8.242958068847656,29.281923294067383,0.13998310267925262,0.6733067631721497,487,8.653956413269043,30.57269287109375,0.15824179351329803,0.663244366645813
308,287,640,360,C2,45,nonblind_diagnostic,X,-0.02,True,False,64,785,771,771,300,39,14,0,1,0,1,2002,2002,600,1,all,0.21458075940608978,2,0,300,10.439165115356445,28.431594848632812,0.20164825022220612,0.7333333492279053,600,11.118813514709473,29.484569549560547,0.22751326858997345,0.7266666889190674
308,287,640,360,C2,45,nonblind_diagnostic,X,-0.02,True,False,64,785,771,771,300,39,14,0,1,0,1,2002,2002,113,1,root_band,0.5102860033512115,1,0,49,21.144811630249023,27.441497802734375,0.504827082157135,1.0,113,21.472347259521484,27.735885620117188,0.5157449245452881,1.0
308,287,640,360,C2,45,nonblind_diagnostic,X,-0.02,True,False,64,785,771,771,300,39,14,0,1,0,1,2002,2002,487,1,outside_root_band,0.15154802799224854,1,0,251,8.34921646118164,29.608863830566406,0.14246195554733276,0.6812748908996582,487,8.716453552246094,30.893760681152344,0.1606341004371643,0.663244366645813
309,287,640,360,C2,45,nonblind_diagnostic,Y,-0.02,True,False,64,784,770,770,300,39,14,0,1,0,1,2002,2002,600,1,all,0.2608536407351494,1,8,300,11.688966751098633,32.092891693115234,0.24487386643886566,0.7266666889190674,600,12.580281257629395,32.971900939941406,0.2768334150314331,0.7233333587646484
309,287,640,360,C2,45,nonblind_diagnostic,Y,-0.02,True,False,64,784,770,770,300,39,14,0,1,0,1,2002,2002,113,1,root_band,0.686649888753891,0,0,49,26.444211959838867,31.899160385131836,0.6814737319946289,1.0,113,26.75478172302246,31.989498138427734,0.6918260455131531,1.0
309,287,640,360,C2,45,nonblind_diagnostic,Y,-0.02,True,False,64,784,770,770,300,39,14,0,1,0,1,2002,2002,487,1,outside_root_band,0.17009135335683823,1,8,251,8.808460235595703,33.20116424560547,0.15964122116565704,0.6733067631721497,487,9.291329383850098,34.27898025512695,0.1805414855480194,0.6591376066207886
310,287,640,360,C2,45,nonblind_diagnostic,A,-0.02,True,False,64,784,770,770,300,39,14,0,1,0,1,2002,2002,600,1,all,0.28301486372947693,1,10,300,12.305706024169922,34.026432037353516,0.2656041085720062,0.7233333587646484,600,13.280574798583984,34.887691497802734,0.30042561888694763,0.7200000286102295
310,287,640,360,C2,45,nonblind_diagnostic,A,-0.02,True,False,64,784,770,770,300,39,14,0,1,0,1,2002,2002,113,1,root_band,0.7699061334133148,0,0,49,28.951282501220703,33.91731643676758,0.7650426626205444,1.0,113,29.24308967590332,33.99681854248047,0.7747696042060852,1.0
310,287,640,360,C2,45,nonblind_diagnostic,A,-0.02,True,False,64,784,770,770,300,39,14,0,1,0,1,2002,2002,487,1,outside_root_band,0.17923317849636078,1,10,251,9.056169509887695,34.42378616333008,0.1681041568517685,0.6693227291107178,487,9.576746940612793,35.953834533691406,0.19036220014095306,0.6550307869911194
311,287,640,360,C2,45,nonblind_diagnostic,B,-0.02,True,False,64,784,770,770,300,39,14,0,1,0,1,2002,2002,600,1,all,0.2621977627277374,0,8,300,11.72967529296875,32.28237533569336,0.2461450695991516,0.7300000190734863,600,12.625154495239258,33.07419967651367,0.27825045585632324,0.7233333587646484
311,287,640,360,C2,45,nonblind_diagnostic,B,-0.02,True,False,64,784,770,770,300,39,14,0,1,0,1,2002,2002,113,1,root_band,0.6923452019691467,0,0,49,26.627737045288086,32.026222229003906,0.6875912547111511,1.0,113,26.912973403930664,32.123931884765625,0.6970991492271423,1.0
311,287,640,360,C2,45,nonblind_diagnostic,B,-0.02,True,False,64,784,770,770,300,39,14,0,1,0,1,2002,2002,487,1,outside_root_band,0.17051507532596588,0,8,251,8.8212890625,33.2210693359375,0.1599663496017456,0.6772908568382263,487,9.309911727905273,34.40718078613281,0.18106380105018616,0.6591376066207886
312,287,640,360,C2,45,nonblind_diagnostic,C,-0.02,True,False,64,784,770,770,300,39,14,0,1,0,1,2002,2002,600,1,all,0.24144992977380753,0,3,300,11.154949188232422,30.51214599609375,0.2267502397298813,0.7266666889190674,600,11.972247123718262,31.612266540527344,0.25614961981773376,0.7250000238418579
312,287,640,360,C2,45,nonblind_diagnostic,C,-0.02,True,False,64,784,770,770,300,39,14,0,1,0,1,2002,2002,113,1,root_band,0.6147922277450562,0,0,49,24.304540634155273,30.136816024780273,0.6101513504981995,1.0,113,24.582990646362305,30.245826721191406,0.6194331049919128,1.0
312,287,640,360,C2,45,nonblind_diagnostic,C,-0.02,True,False,64,784,770,770,300,39,14,0,1,0,1,2002,2002,487,1,outside_root_band,0.16187947243452072,0,3,251,8.587898254394531,31.88515853881836,0.15190303325653076,0.6733067631721497,487,9.046140670776367,32.913936614990234,0.17185591161251068,0.6611909866333008
313,287,640,360,C2,45,nonblind_diagnostic,X,0.02,True,False,64,786,772,772,300,39,14,0,1,0,1,2002,2002,600,1,all,0.22734815627336502,3,0,300,10.825811386108398,29.208423614501953,0.21386507153511047,0.7266666889190674,600,11.524778366088867,30.44483184814453,0.24083124101161957,0.7266666889190674
313,287,640,360,C2,45,nonblind_diagnostic,X,0.02,True,False,64,786,772,772,300,39,14,0,1,0,1,2002,2002,113,1,root_band,0.5653337240219116,1,0,50,22.87665367126465,28.74335479736328,0.5625550746917725,1.0,113,23.043371200561523,28.922191619873047,0.5681123733520508,1.0
313,287,640,360,C2,45,nonblind_diagnostic,X,0.02,True,False,64,786,772,772,300,39,14,0,1,0,1,2002,2002,487,1,outside_root_band,0.15450918674468994,2,0,250,8.415642738342285,30.764942169189453,0.14412710070610046,0.671999990940094,487,8.852086067199707,31.856374740600586,0.16489127278327942,0.663244366645813
314,287,640,360,C2,45,nonblind_diagnostic,Y,0.02,True,False,64,785,771,771,300,39,14,0,1,0,1,2002,2002,600,1,all,0.18110432475805283,0,7,300,9.532159805297852,26.142330169677734,0.17050336301326752,0.7400000095367432,600,10.06757640838623,27.05760383605957,0.19170528650283813,0.7316666841506958
314,287,640,360,C2,45,nonblind_diagnostic,Y,0.02,True,False,64,785,771,771,300,39,14,0,1,0,1,2002,2002,113,1,root_band,0.38897134363651276,0,0,50,17.596668243408203,24.484996795654297,0.386555552482605,1.0,113,17.741613388061523,24.61345100402832,0.39138713479042053,1.0
314,287,640,360,C2,45,nonblind_diagnostic,Y,0.02,True,False,64,785,771,771,300,39,14,0,1,0,1,2002,2002,487,1,outside_root_band,0.13633272796869278,0,7,250,7.9192585945129395,26.91309356689453,0.1272929161787033,0.6880000233650208,487,8.286947250366211,28.285497665405273,0.14537253975868225,0.6694045066833496
315,287,640,360,C2,45,nonblind_diagnostic,A,0.02,True,False,64,785,771,771,300,39,14,0,1,0,1,2002,2002,600,1,all,0.1595260128378868,0,11,300,8.92916488647461,24.42605972290039,0.1502755731344223,0.7366666793823242,600,9.383854866027832,25.36600685119629,0.16877645254135132,0.7316666841506958
315,287,640,360,C2,45,nonblind_diagnostic,A,0.02,True,False,64,785,771,771,300,39,14,0,1,0,1,2002,2002,113,1,root_band,0.3065939396619797,0,0,50,15.114120483398438,22.444799423217773,0.30395451188087463,1.0,113,15.272724151611328,22.577131271362305,0.3092333674430847,1.0
315,287,640,360,C2,45,nonblind_diagnostic,A,0.02,True,False,64,785,771,771,300,39,14,0,1,0,1,2002,2002,487,1,outside_root_band,0.1278628222644329,0,11,250,7.692174911499023,25.6450138092041,0.1195397898554802,0.6840000152587891,487,8.017444610595703,26.722057342529297,0.13618585467338562,0.6694045066833496
316,287,640,360,C2,45,nonblind_diagnostic,B,0.02,True,False,64,785,771,771,300,39,14,0,1,0,1,2002,2002,600,1,all,0.179883673787117,0,7,300,9.494444847106934,26.128297805786133,0.1693275421857834,0.7400000095367432,600,10.027389526367188,27.009334564208984,0.19043980538845062,0.7316666841506958
316,287,640,360,C2,45,nonblind_diagnostic,B,0.02,True,False,64,785,771,771,300,39,14,0,1,0,1,2002,2002,113,1,root_band,0.3837616443634033,0,0,50,17.426746368408203,24.345481872558594,0.3808915615081787,1.0,113,17.59895133972168,24.493122100830078,0.38663172721862793,1.0
316,287,640,360,C2,45,nonblind_diagnostic,B,0.02,True,False,64,785,771,771,300,39,14,0,1,0,1,2002,2002,487,1,outside_root_band,0.13596579432487488,0,7,250,7.907986164093018,26.81473731994629,0.12701474130153656,0.6880000233650208,487,8.270539283752441,28.196739196777344,0.1449168473482132,0.6694045066833496
317,287,640,360,C2,45,nonblind_diagnostic,C,0.02,True,False,64,785,771,771,300,39,14,0,1,0,1,2002,2002,600,1,all,0.20036623626947403,0,2,300,10.062329292297363,27.381959915161133,0.18849758803844452,0.7400000095367432,600,10.672355651855469,28.41884994506836,0.21223488450050354,0.7266666889190674
317,287,640,360,C2,45,nonblind_diagnostic,C,0.02,True,False,64,785,771,771,300,39,14,0,1,0,1,2002,2002,113,1,root_band,0.46112434566020966,0,0,50,19.741830825805664,26.246503829956055,0.45806097984313965,1.0,113,19.92563247680664,26.40934181213379,0.46418771147727966,1.0
317,287,640,360,C2,45,nonblind_diagnostic,C,0.02,True,False,64,785,771,771,300,39,14,0,1,0,1,2002,2002,487,1,outside_root_band,0.14417923986911774,0,2,250,8.126429557800293,28.463315963745117,0.1345849186182022,0.6880000233650208,487,8.52529239654541,29.756168365478516,0.15377356112003326,0.663244366645813
318,287,640,360,C2,45,nonblind_diagnostic,X,-0.05,True,False,64,785,771,771,300,39,14,0,1,0,1,2002,2002,600,1,all,0.20532859861850739,6,0,300,10.173615455627441,27.648155212402344,0.1928904801607132,0.7300000190734863,600,10.821574211120605,28.841814041137695,0.21776671707630157,0.7266666889190674
318,287,640,360,C2,45,nonblind_diagnostic,X,-0.05,True,False,64,785,771,771,300,39,14,0,1,0,1,2002,2002,113,1,root_band,0.4691403657197952,3,0,48,19.82838249206543,26.43528175354004,0.4609461724758148,1.0,113,20.320035934448242,26.862911224365234,0.47733455896377563,1.0
318,287,640,360,C2,45,nonblind_diagnostic,X,-0.05,True,False,64,785,771,771,300,39,14,0,1,0,1,2002,2002,487,1,outside_root_band,0.1496853530406952,3,0,252,8.334611892700195,28.939775466918945,0.14183226227760315,0.6785714030265808,487,8.617618560791016,30.16316032409668,0.15753844380378723,0.663244366645813
319,287,640,360,C2,45,nonblind_diagnostic,Y,-0.05,True,False,64,783,769,769,300,39,14,0,1,0,1,2002,2002,600,1,all,0.3210252970457077,3,20,300,13.32443618774414,37.23284149169922,0.3007703125476837,0.7200000286102295,600,14.4805908203125,37.83476638793945,0.3412802815437317,0.7133333086967468
319,287,640,360,C2,45,nonblind_diagnostic,Y,-0.05,True,False,64,783,769,769,300,39,14,0,1,0,1,2002,2002,113,1,root_band,0.9113777875900269,1,0,49,33.193965911865234,37.23954391479492,0.9064655900001526,1.0,113,33.48869705200195,37.40153121948242,0.9162899851799011,1.0
319,287,640,360,C2,45,nonblind_diagnostic,Y,-0.05,True,False,64,783,769,769,300,39,14,0,1,0,1,2002,2002,487,1,outside_root_band,0.1951930895447731,2,20,251,9.44552230834961,36.519832611083984,0.18252700567245483,0.6653386354446411,487,10.070084571838379,38.829307556152344,0.20785917341709137,0.6468172669410706
320,287,640,360,C2,45,nonblind_diagnostic,A,-0.05,True,False,64,784,770,770,300,39,14,0,1,0,1,2002,2002,600,1,all,0.377690926194191,2,26,300,14.930975914001465,41.85549545288086,0.35417720675468445,0.7166666388511658,600,16.263118743896484,42.65943145751953,0.4012046456336975,0.7099999785423279
320,287,640,360,C2,45,nonblind_diagnostic,A,-0.05,True,False,64,784,770,770,300,39,14,0,1,0,1,2002,2002,113,1,root_band,1.1196215152740479,0,0,49,39.43500518798828,42.45180892944336,1.1145002841949463,1.0,113,39.74228286743164,42.60586166381836,1.1247427463531494,1.0
320,287,640,360,C2,45,nonblind_diagnostic,A,-0.05,True,False,64,784,770,770,300,39,14,0,1,0,1,2002,2002,487,1,outside_root_band,0.21953383088111877,2,26,251,10.147318840026855,39.8701171875,0.205747589468956,0.6613546013832092,487,10.815183639526367,43.03623962402344,0.23332007229328156,0.6427104473114014
321,287,640,360,C2,45,nonblind_diagnostic,B,-0.05,True,False,64,784,770,770,300,39,14,0,1,0,1,2002,2002,600,1,all,0.3249957114458084,1,19,300,13.466833114624023,37.701202392578125,0.3048672676086426,0.7166666388511658,600,14.601274490356445,38.19917678833008,0.34512415528297424,0.7116666436195374
321,287,640,360,C2,45,nonblind_diagnostic,B,-0.05,True,False,64,784,770,770,300,39,14,0,1,0,1,2002,2002,113,1,root_band,0.9253974258899689,0,0,49,33.611534118652344,37.71700668334961,0.9203845262527466,1.0,113,33.91231155395508,37.76852798461914,0.9304103255271912,1.0
321,287,640,360,C2,45,nonblind_diagnostic,B,-0.05,True,False,64,784,770,770,300,39,14,0,1,0,1,2002,2002,487,1,outside_root_band,0.1970125287771225,1,19,251,9.534201622009277,36.84779739379883,0.18470652401447296,0.6613546013832092,487,10.120482444763184,39.14607238769531,0.20931853353977203,0.6447638869285583
322,287,640,360,C2,45,nonblind_diagnostic,C,-0.05,True,False,64,784,770,770,300,39,14,0,1,0,1,2002,2002,600,1,all,0.272668793797493,0,9,300,12.01943302154541,33.082618713378906,0.2559336721897125,0.7266666889190674,600,12.954706192016602,33.99314880371094,0.28940391540527344,0.721666693687439
322,287,640,360,C2,45,nonblind_diagnostic,C,-0.05,True,False,64,784,770,770,300,39,14,0,1,0,1,2002,2002,113,1,root_band,0.7312682569026947,0,0,49,27.79374122619629,32.978153228759766,0.7264580130577087,1.0,113,28.082353591918945,33.06718063354492,0.7360785007476807,1.0
322,287,640,360,C2,45,nonblind_diagnostic,C,-0.05,True,False,64,784,770,770,300,39,14,0,1,0,1,2002,2002,487,1,outside_root_band,0.17491953074932098,0,9,251,8.939985275268555,33.830284118652344,0.16407831013202667,0.6733067631721497,487,9.444594383239746,35.23903274536133,0.1857607513666153,0.6570841670036316
323,287,640,360,C2,45,nonblind_diagnostic,X,0.05,True,False,64,786,772,772,300,39,14,0,1,0,1,2002,2002,600,1,all,0.2366747260093689,8,0,300,11.084662437438965,30.19683265686035,0.2222803235054016,0.7300000190734863,600,11.83666706085205,31.166702270507812,0.2510691285133362,0.7266666889190674
323,287,640,360,C2,45,nonblind_diagnostic,X,0.05,True,False,64,786,772,772,300,39,14,0,1,0,1,2002,2002,113,1,root_band,0.6060062944889069,3,0,50,24.1109676361084,29.682199478149414,0.6036989092826843,1.0,113,24.249412536621094,29.829242706298828,0.6083136796951294,1.0
323,287,640,360,C2,45,nonblind_diagnostic,X,0.05,True,False,64,786,772,772,300,39,14,0,1,0,1,2002,2002,487,1,outside_root_band,0.15708661079406738,5,0,250,8.479402542114258,30.97994041442871,0.1459966003894806,0.6759999990463257,487,8.956503868103027,32.44924545288086,0.16817662119865417,0.663244366645813
324,287,640,360,C2,45,nonblind_diagnostic,Y,0.05,True,False,64,786,772,772,300,39,14,0,1,0,1,2002,2002,600,1,all,0.12537431344389915,0,24,300,7.917507648468018,21.53287124633789,0.11865133792161942,0.7266666889190674,600,8.19788646697998,22.805898666381836,0.1320972889661789,0.7266666889190674
324,287,640,360,C2,45,nonblind_diagnostic,Y,0.05,True,False,64,786,772,772,300,39,14,0,1,0,1,2002,2002,113,1,root_band,0.18134210258722305,0,3,50,10.834842681884766,18.943817138671875,0.1797868013381958,0.9599999785423279,113,10.959525108337402,19.031723022460938,0.1828974038362503,0.9734513163566589
324,287,640,360,C2,45,nonblind_diagnostic,Y,0.05,True,False,64,786,772,772,300,39,14,0,1,0,1,2002,2002,487,1,outside_root_band,0.11336713284254074,0,21,250,7.334041118621826,23.29658317565918,0.1064242571592331,0.6800000071525574,487,7.557096004486084,23.860233306884766,0.12031000852584839,0.6694045066833496
325,287,640,360,C2,45,nonblind_diagnostic,A,0.05,True,False,64,786,772,772,300,39,14,0,1,0,1,2002,2002,600,1,all,0.09047548472881317,0,70,300,6.694955825805664,17.6125545501709,0.08594077825546265,0.6700000166893005,600,6.796677589416504,19.12211036682129,0.0950101912021637,0.6633333563804626
325,287,640,360,C2,45,nonblind_diagnostic,A,0.05,True,False,64,786,772,772,300,39,14,0,1,0,1,2002,2002,113,1,root_band,0.07809251919388771,0,42,50,6.3954291343688965,13.918334007263184,0.07822871953248978,0.6600000262260437,113,6.2974534034729,13.990190505981445,0.07795631885528564,0.6283186078071594
325,287,640,360,C2,45,nonblind_diagnostic,A,0.05,True,False,64,786,772,772,300,39,14,0,1,0,1,2002,2002,487,1,outside_root_band,0.09322521835565567,0,28,250,6.754861354827881,19.23188591003418,0.08748319000005722,0.671999990940094,487,6.912512302398682,19.98291015625,0.09896724671125412,0.6714578866958618
326,287,640,360,C2,45,nonblind_diagnostic,B,0.05,True,False,64,785,771,771,300,39,14,0,1,0,1,2002,2002,600,1,all,0.12308067455887794,0,24,300,7.807240962982178,21.266387939453125,0.11634502559900284,0.7266666889190674,600,8.106209754943848,22.713743209838867,0.12981632351875305,0.7266666889190674
326,287,640,360,C2,45,nonblind_diagnostic,B,0.05,True,False,64,785,771,771,300,39,14,0,1,0,1,2002,2002,113,1,root_band,0.17406461387872696,0,5,50,10.517738342285156,18.657756805419922,0.17279352247714996,0.9399999976158142,113,10.632930755615234,18.761051177978516,0.17533570528030396,0.9557521939277649
326,287,640,360,C2,45,nonblind_diagnostic,B,0.05,True,False,64,785,771,771,300,39,14,0,1,0,1,2002,2002,487,1,outside_root_band,0.11215482279658318,0,19,250,7.265140533447266,22.867197036743164,0.1050553098320961,0.6840000152587891,487,7.519926071166992,23.689956665039062,0.11925433576107025,0.673511266708374
327,287,640,360,C2,45,nonblind_diagnostic,C,0.05,True,False,64,785,771,771,300,39,14,0,1,0,1,2002,2002,600,1,all,0.16974224150180817,0,11,300,9.213257789611816,25.30249786376953,0.1598360389471054,0.7366666793823242,600,9.707293510437012,26.224241256713867,0.17964844405651093,0.7316666841506958
327,287,640,360,C2,45,nonblind_diagnostic,C,0.05,True,False,64,785,771,771,300,39,14,0,1,0,1,2002,2002,113,1,root_band,0.3452419340610504,0,0,50,16.274559020996094,23.401535034179688,0.34248533844947815,1.0,113,16.439952850341797,23.541460037231445,0.3479985296726227,1.0
327,287,640,360,C2,45,nonblind_diagnostic,C,0.05,True,False,64,785,771,771,300,39,14,0,1,0,1,2002,2002,487,1,outside_root_band,0.13194593414664268,0,11,250,7.800998210906982,26.241989135742188,0.12330617755651474,0.6840000152587891,487,8.145095825195312,27.49639892578125,0.14058569073677063,0.6694045066833496
328,328,640,360,C3,42,fit,baseline,0.0,False,False,64,235,225,225,225,5,10,0,0,0,1,622,622,600,1,all,0.0036159568117000163,0,0,225,2.8516030311584473,4.580254554748535,0.0019281526328995824,0.5022222399711609,600,3.112999677658081,4.930778980255127,0.00530376099050045,0.5566666722297668
328,328,640,360,C3,42,fit,baseline,0.0,False,False,64,235,225,225,225,5,10,0,0,0,1,622,622,0,1,root_band,,0,0,0,,,,,0,,,,
328,328,640,360,C3,42,fit,baseline,0.0,False,False,64,235,225,225,225,5,10,0,0,0,1,622,622,600,1,outside_root_band,0.0036159568117000163,0,0,225,2.8516030311584473,4.580254554748535,0.0019281526328995824,0.5022222399711609,600,3.112999677658081,4.930778980255127,0.00530376099050045,0.5566666722297668
329,328,640,360,C3,42,fit,X,-0.005,False,False,64,235,225,225,225,5,10,0,0,0,1,622,622,600,1,all,0.0036167719517834485,0,0,225,2.85176682472229,4.580995559692383,0.001928828307427466,0.5022222399711609,600,3.1131813526153564,4.930778980255127,0.005304715596139431,0.5566666722297668
329,328,640,360,C3,42,fit,X,-0.005,False,False,64,235,225,225,225,5,10,0,0,0,1,622,622,0,1,root_band,,0,0,0,,,,,0,,,,
329,328,640,360,C3,42,fit,X,-0.005,False,False,64,235,225,225,225,5,10,0,0,0,1,622,622,600,1,outside_root_band,0.0036167719517834485,0,0,225,2.85176682472229,4.580995559692383,0.001928828307427466,0.5022222399711609,600,3.1131813526153564,4.930778980255127,0.005304715596139431,0.5566666722297668
330,328,640,360,C3,42,fit,Y,-0.005,False,False,64,235,225,225,225,5,10,0,0,0,1,622,622,600,1,all,0.0036148513318039477,0,0,225,2.851388692855835,4.5802388191223145,0.0019272641511633992,0.5022222399711609,600,3.112748146057129,4.930778980255127,0.005302438512444496,0.5566666722297668
330,328,640,360,C3,42,fit,Y,-0.005,False,False,64,235,225,225,225,5,10,0,0,0,1,622,622,0,1,root_band,,0,0,0,,,,,0,,,,
330,328,640,360,C3,42,fit,Y,-0.005,False,False,64,235,225,225,225,5,10,0,0,0,1,622,622,600,1,outside_root_band,0.0036148513318039477,0,0,225,2.851388692855835,4.5802388191223145,0.0019272641511633992,0.5022222399711609,600,3.112748146057129,4.930778980255127,0.005302438512444496,0.5566666722297668
331,328,640,360,C3,42,fit,A,-0.005,False,False,64,235,225,225,225,5,10,0,0,0,1,622,622,600,1,all,0.003616460890043527,0,0,225,2.85170316696167,4.580712795257568,0.0019285689340904355,0.5022222399711609,600,3.113112211227417,4.930778980255127,0.005304352845996618,0.5566666722297668
331,328,640,360,C3,42,fit,A,-0.005,False,False,64,235,225,225,225,5,10,0,0,0,1,622,622,0,1,root_band,,0,0,0,,,,,0,,,,
331,328,640,360,C3,42,fit,A,-0.005,False,False,64,235,225,225,225,5,10,0,0,0,1,622,622,600,1,outside_root_band,0.003616460890043527,0,0,225,2.85170316696167,4.580712795257568,0.0019285689340904355,0.5022222399711609,600,3.113112211227417,4.930778980255127,0.005304352845996618,0.5566666722297668
332,328,640,360,C3,42,fit,B,-0.005,False,False,64,235,225,225,225,5,10,0,0,0,1,622,622,600,1,all,0.0036169264931231737,0,0,225,2.8517966270446777,4.581101417541504,0.0019289483316242695,0.5022222399711609,600,3.1132171154022217,4.930778980255127,0.005304904654622078,0.5566666722297668
332,328,640,360,C3,42,fit,B,-0.005,False,False,64,235,225,225,225,5,10,0,0,0,1,622,622,0,1,root_band,,0,0,0,,,,,0,,,,
332,328,640,360,C3,42,fit,B,-0.005,False,False,64,235,225,225,225,5,10,0,0,0,1,622,622,600,1,outside_root_band,0.0036169264931231737,0,0,225,2.8517966270446777,4.581101417541504,0.0019289483316242695,0.5022222399711609,600,3.1132171154022217,4.930778980255127,0.005304904654622078,0.5566666722297668
333,328,640,360,C3,42,fit,C,-0.005,False,False,64,235,225,225,225,5,10,0,0,0,1,622,622,600,1,all,0.0036154657718725502,0,0,225,2.8515093326568604,4.5802388191223145,0.001927764737047255,0.5022222399711609,600,3.112886905670166,4.930778980255127,0.0053031668066978455,0.5566666722297668
333,328,640,360,C3,42,fit,C,-0.005,False,False,64,235,225,225,225,5,10,0,0,0,1,622,622,0,1,root_band,,0,0,0,,,,,0,,,,
333,328,640,360,C3,42,fit,C,-0.005,False,False,64,235,225,225,225,5,10,0,0,0,1,622,622,600,1,outside_root_band,0.0036154657718725502,0,0,225,2.8515093326568604,4.5802388191223145,0.001927764737047255,0.5022222399711609,600,3.112886905670166,4.930778980255127,0.0053031668066978455,0.5566666722297668
334,328,640,360,C3,42,fit,X,0.005,False,False,64,235,225,225,225,5,10,0,0,0,1,622,622,600,1,all,0.003615151799749583,0,0,225,2.851445198059082,4.5802388191223145,0.0019275009399279952,0.5022222399711609,600,3.1128175258636475,4.930778980255127,0.005302802659571171,0.5566666722297668
334,328,640,360,C3,42,fit,X,0.005,False,False,64,235,225,225,225,5,10,0,0,0,1,622,622,0,1,root_band,,0,0,0,,,,,0,,,,
334,328,640,360,C3,42,fit,X,0.005,False,False,64,235,225,225,225,5,10,0,0,0,1,622,622,600,1,outside_root_band,0.003615151799749583,0,0,225,2.851445198059082,4.5802388191223145,0.0019275009399279952,0.5022222399711609,600,3.1128175258636475,4.930778980255127,0.005302802659571171,0.5566666722297668
335,328,640,360,C3,42,fit,Y,0.005,True,True,64,235,225,225,225,5,10,0,0,0,1,622,622,600,1,all,0.003617074282374233,0,0,225,2.8518247604370117,4.581242084503174,0.0019290664931759238,0.5022222399711609,600,3.113250732421875,4.930778980255127,0.005305082071572542,0.5566666722297668
335,328,640,360,C3,42,fit,Y,0.005,True,True,64,235,225,225,225,5,10,0,0,0,1,622,622,0,1,root_band,,0,0,0,,,,,0,,,,
335,328,640,360,C3,42,fit,Y,0.005,True,True,64,235,225,225,225,5,10,0,0,0,1,622,622,600,1,outside_root_band,0.003617074282374233,0,0,225,2.8518247604370117,4.581242084503174,0.0019290664931759238,0.5022222399711609,600,3.113250732421875,4.930778980255127,0.005305082071572542,0.5566666722297668
336,328,640,360,C3,42,fit,A,0.005,True,True,64,235,225,225,225,5,10,0,0,0,1,622,622,600,1,all,0.0036154657718725502,0,0,225,2.8515093326568604,4.5802388191223145,0.001927764737047255,0.5022222399711609,600,3.112886905670166,4.930778980255127,0.0053031668066978455,0.5566666722297668
336,328,640,360,C3,42,fit,A,0.005,True,True,64,235,225,225,225,5,10,0,0,0,1,622,622,0,1,root_band,,0,0,0,,,,,0,,,,
336,328,640,360,C3,42,fit,A,0.005,True,True,64,235,225,225,225,5,10,0,0,0,1,622,622,600,1,outside_root_band,0.0036154657718725502,0,0,225,2.8515093326568604,4.5802388191223145,0.001927764737047255,0.5022222399711609,600,3.112886905670166,4.930778980255127,0.0053031668066978455,0.5566666722297668
337,328,640,360,C3,42,fit,B,0.005,True,True,64,235,225,225,225,5,10,0,0,0,1,622,622,600,1,all,0.003614963323343545,0,0,225,2.8514087200164795,4.5802388191223145,0.0019273521611467004,0.5022222399711609,600,3.1127753257751465,4.930778980255127,0.00530257448554039,0.5566666722297668
337,328,640,360,C3,42,fit,B,0.005,True,True,64,235,225,225,225,5,10,0,0,0,1,622,622,0,1,root_band,,0,0,0,,,,,0,,,,
337,328,640,360,C3,42,fit,B,0.005,True,True,64,235,225,225,225,5,10,0,0,0,1,622,622,600,1,outside_root_band,0.003614963323343545,0,0,225,2.8514087200164795,4.5802388191223145,0.0019273521611467004,0.5022222399711609,600,3.1127753257751465,4.930778980255127,0.00530257448554039,0.5566666722297668
338,328,640,360,C3,42,fit,C,0.005,False,False,64,235,225,225,225,5,10,0,0,0,1,622,622,600,1,all,0.003616460890043527,0,0,225,2.85170316696167,4.580712795257568,0.0019285689340904355,0.5022222399711609,600,3.113112211227417,4.930778980255127,0.005304352845996618,0.5566666722297668
338,328,640,360,C3,42,fit,C,0.005,False,False,64,235,225,225,225,5,10,0,0,0,1,622,622,0,1,root_band,,0,0,0,,,,,0,,,,
338,328,640,360,C3,42,fit,C,0.005,False,False,64,235,225,225,225,5,10,0,0,0,1,622,622,600,1,outside_root_band,0.003616460890043527,0,0,225,2.85170316696167,4.580712795257568,0.0019285689340904355,0.5022222399711609,600,3.113112211227417,4.930778980255127,0.005304352845996618,0.5566666722297668
339,328,640,360,C3,42,fit,X,-0.01,False,False,64,235,225,225,225,5,10,0,0,0,1,622,622,600,1,all,0.00361757940845564,0,0,225,2.8519253730773926,4.581700801849365,0.0019294839585199952,0.5022222399711609,600,3.113363027572632,4.930778980255127,0.005305674858391285,0.5566666722297668
339,328,640,360,C3,42,fit,X,-0.01,False,False,64,235,225,225,225,5,10,0,0,0,1,622,622,0,1,root_band,,0,0,0,,,,,0,,,,
339,328,640,360,C3,42,fit,X,-0.01,False,False,64,235,225,225,225,5,10,0,0,0,1,622,622,600,1,outside_root_band,0.00361757940845564,0,0,225,2.8519253730773926,4.581700801849365,0.0019294839585199952,0.5022222399711609,600,3.113363027572632,4.930778980255127,0.005305674858391285,0.5566666722297668
340,328,640,360,C3,42,fit,Y,-0.01,False,False,64,235,225,225,225,5,10,0,0,0,1,622,622,600,1,all,0.0036137099959887564,0,0,225,2.8511648178100586,4.5802388191223145,0.0019263463327661157,0.5022222399711609,600,3.1124889850616455,4.930778980255127,0.005301073659211397,0.5566666722297668
340,328,640,360,C3,42,fit,Y,-0.01,False,False,64,235,225,225,225,5,10,0,0,0,1,622,622,0,1,root_band,,0,0,0,,,,,0,,,,
340,328,640,360,C3,42,fit,Y,-0.01,False,False,64,235,225,225,225,5,10,0,0,0,1,622,622,600,1,outside_root_band,0.0036137099959887564,0,0,225,2.8511648178100586,4.5802388191223145,0.0019263463327661157,0.5022222399711609,600,3.1124889850616455,4.930778980255127,0.005301073659211397,0.5566666722297668
341,328,640,360,C3,42,fit,A,-0.01,False,False,64,235,225,225,225,5,10,0,0,0,1,622,622,600,1,all,0.0036169264931231737,0,0,225,2.8517966270446777,4.581101417541504,0.0019289483316242695,0.5022222399711609,600,3.1132171154022217,4.930778980255127,0.005304904654622078,0.5566666722297668
341,328,640,360,C3,42,fit,A,-0.01,False,False,64,235,225,225,225,5,10,0,0,0,1,622,622,0,1,root_band,,0,0,0,,,,,0,,,,
341,328,640,360,C3,42,fit,A,-0.01,False,False,64,235,225,225,225,5,10,0,0,0,1,622,622,600,1,outside_root_band,0.0036169264931231737,0,0,225,2.8517966270446777,4.581101417541504,0.0019289483316242695,0.5022222399711609,600,3.1132171154022217,4.930778980255127,0.005304904654622078,0.5566666722297668
342,328,640,360,C3,42,fit,B,-0.01,False,False,64,235,225,225,225,5,10,0,0,0,1,622,622,600,1,all,0.0036179207381792367,0,0,225,2.8519904613494873,4.5819830894470215,0.0019297517137601972,0.5022222399711609,600,3.1134417057037354,4.930778980255127,0.005306089762598276,0.5566666722297668
342,328,640,360,C3,42,fit,B,-0.01,False,False,64,235,225,225,225,5,10,0,0,0,1,622,622,0,1,root_band,,0,0,0,,,,,0,,,,
342,328,640,360,C3,42,fit,B,-0.01,False,False,64,235,225,225,225,5,10,0,0,0,1,622,622,600,1,outside_root_band,0.0036179207381792367,0,0,225,2.8519904613494873,4.5819830894470215,0.0019297517137601972,0.5022222399711609,600,3.1134417057037354,4.930778980255127,0.005306089762598276,0.5566666722297668
343,328,640,360,C3,42,fit,C,-0.01,False,False,64,235,225,225,225,5,10,0,0,0,1,622,622,600,1,all,0.003614963323343545,0,0,225,2.8514087200164795,4.5802388191223145,0.0019273521611467004,0.5022222399711609,600,3.1127753257751465,4.930778980255127,0.00530257448554039,0.5566666722297668
343,328,640,360,C3,42,fit,C,-0.01,False,False,64,235,225,225,225,5,10,0,0,0,1,622,622,0,1,root_band,,0,0,0,,,,,0,,,,
343,328,640,360,C3,42,fit,C,-0.01,False,False,64,235,225,225,225,5,10,0,0,0,1,622,622,600,1,outside_root_band,0.003614963323343545,0,0,225,2.8514087200164795,4.5802388191223145,0.0019273521611467004,0.5022222399711609,600,3.1127753257751465,4.930778980255127,0.00530257448554039,0.5566666722297668
344,328,640,360,C3,42,fit,X,0.01,False,False,64,235,225,225,225,5,10,0,0,0,1,622,622,600,1,all,0.0036143474862910807,0,0,225,2.851287603378296,4.5802388191223145,0.0019268497126176953,0.5022222399711609,600,3.112635612487793,4.930778980255127,0.005301845259964466,0.5566666722297668
344,328,640,360,C3,42,fit,X,0.01,False,False,64,235,225,225,225,5,10,0,0,0,1,622,622,0,1,root_band,,0,0,0,,,,,0,,,,
344,328,640,360,C3,42,fit,X,0.01,False,False,64,235,225,225,225,5,10,0,0,0,1,622,622,600,1,outside_root_band,0.0036143474862910807,0,0,225,2.851287603378296,4.5802388191223145,0.0019268497126176953,0.5022222399711609,600,3.112635612487793,4.930778980255127,0.005301845259964466,0.5566666722297668
345,328,640,360,C3,42,fit,Y,0.01,True,True,64,235,225,225,225,5,10,0,0,0,1,622,622,600,1,all,0.003618186106905341,0,0,225,2.8520407676696777,4.582217216491699,0.0019299620762467384,0.5022222399711609,600,3.1135013103485107,4.930778980255127,0.005306410137563944,0.5566666722297668
345,328,640,360,C3,42,fit,Y,0.01,True,True,64,235,225,225,225,5,10,0,0,0,1,622,622,0,1,root_band,,0,0,0,,,,,0,,,,
345,328,640,360,C3,42,fit,Y,0.01,True,True,64,235,225,225,225,5,10,0,0,0,1,622,622,600,1,outside_root_band,0.003618186106905341,0,0,225,2.8520407676696777,4.582217216491699,0.0019299620762467384,0.5022222399711609,600,3.1135013103485107,4.930778980255127,0.005306410137563944,0.5566666722297668
346,328,640,360,C3,42,fit,A,0.01,True,True,64,235,225,225,225,5,10,0,0,0,1,622,622,600,1,all,0.003614963323343545,0,0,225,2.8514087200164795,4.5802388191223145,0.0019273521611467004,0.5022222399711609,600,3.1127753257751465,4.930778980255127,0.00530257448554039,0.5566666722297668
346,328,640,360,C3,42,fit,A,0.01,True,True,64,235,225,225,225,5,10,0,0,0,1,622,622,0,1,root_band,,0,0,0,,,,,0,,,,
346,328,640,360,C3,42,fit,A,0.01,True,True,64,235,225,225,225,5,10,0,0,0,1,622,622,600,1,outside_root_band,0.003614963323343545,0,0,225,2.8514087200164795,4.5802388191223145,0.0019273521611467004,0.5022222399711609,600,3.1127753257751465,4.930778980255127,0.00530257448554039,0.5566666722297668
347,328,640,360,C3,42,fit,B,0.01,True,True,64,235,225,225,225,5,10,0,0,0,1,622,622,600,1,all,0.003613934852182865,0,0,225,2.8512074947357178,4.5802388191223145,0.001926523633301258,0.5022222399711609,600,3.1125407218933105,4.930778980255127,0.005301346071064472,0.5566666722297668
347,328,640,360,C3,42,fit,B,0.01,True,True,64,235,225,225,225,5,10,0,0,0,1,622,622,0,1,root_band,,0,0,0,,,,,0,,,,
347,328,640,360,C3,42,fit,B,0.01,True,True,64,235,225,225,225,5,10,0,0,0,1,622,622,600,1,outside_root_band,0.003613934852182865,0,0,225,2.8512074947357178,4.5802388191223145,0.001926523633301258,0.5022222399711609,600,3.1125407218933105,4.930778980255127,0.005301346071064472,0.5566666722297668
348,328,640,360,C3,42,fit,C,0.01,True,True,64,235,225,225,225,5,10,0,0,0,1,622,622,600,1,all,0.0036169264931231737,0,0,225,2.8517966270446777,4.581101417541504,0.0019289483316242695,0.5022222399711609,600,3.1132171154022217,4.930778980255127,0.005304904654622078,0.5566666722297668
348,328,640,360,C3,42,fit,C,0.01,True,True,64,235,225,225,225,5,10,0,0,0,1,622,622,0,1,root_band,,0,0,0,,,,,0,,,,
348,328,640,360,C3,42,fit,C,0.01,True,True,64,235,225,225,225,5,10,0,0,0,1,622,622,600,1,outside_root_band,0.0036169264931231737,0,0,225,2.8517966270446777,4.581101417541504,0.0019289483316242695,0.5022222399711609,600,3.1132171154022217,4.930778980255127,0.005304904654622078,0.5566666722297668
349,328,640,360,C3,42,fit,X,-0.02,False,False,64,235,225,225,225,5,10,0,0,0,1,622,622,600,1,all,0.0036191942053847015,0,0,225,2.852241277694702,4.583539962768555,0.001930790371261537,0.5066666603088379,600,3.113727331161499,4.930778980255127,0.005307598039507866,0.5566666722297668
349,328,640,360,C3,42,fit,X,-0.02,False,False,64,235,225,225,225,5,10,0,0,0,1,622,622,0,1,root_band,,0,0,0,,,,,0,,,,
349,328,640,360,C3,42,fit,X,-0.02,False,False,64,235,225,225,225,5,10,0,0,0,1,622,622,600,1,outside_root_band,0.0036191942053847015,0,0,225,2.852241277694702,4.583539962768555,0.001930790371261537,0.5066666603088379,600,3.113727331161499,4.930778980255127,0.005307598039507866,0.5566666722297668
350,328,640,360,C3,42,fit,Y,-0.02,False,False,64,235,225,225,225,5,10,0,0,0,1,622,622,600,1,all,0.003611452761106193,0,0,225,2.8507163524627686,4.5802388191223145,0.0019245094154030085,0.5022222399711609,600,3.1119775772094727,4.930778980255127,0.005298396106809378,0.5566666722297668
350,328,640,360,C3,42,fit,Y,-0.02,False,False,64,235,225,225,225,5,10,0,0,0,1,622,622,0,1,root_band,,0,0,0,,,,,0,,,,
350,328,640,360,C3,42,fit,Y,-0.02,False,False,64,235,225,225,225,5,10,0,0,0,1,622,622,600,1,outside_root_band,0.003611452761106193,0,0,225,2.8507163524627686,4.5802388191223145,0.0019245094154030085,0.5022222399711609,600,3.1119775772094727,4.930778980255127,0.005298396106809378,0.5566666722297668
351,328,640,360,C3,42,fit,A,-0.02,False,False,64,235,225,225,225,5,10,0,0,0,1,622,622,600,1,all,0.0036179573507979512,0,0,225,2.8519973754882812,4.5820183753967285,0.0019297793041914701,0.5022222399711609,600,3.1134495735168457,4.930778980255127,0.005306135397404432,0.5566666722297668
351,328,640,360,C3,42,fit,A,-0.02,False,False,64,235,225,225,225,5,10,0,0,0,1,622,622,0,1,root_band,,0,0,0,,,,,0,,,,
351,328,640,360,C3,42,fit,A,-0.02,False,False,64,235,225,225,225,5,10,0,0,0,1,622,622,600,1,outside_root_band,0.0036179573507979512,0,0,225,2.8519973754882812,4.5820183753967285,0.0019297793041914701,0.5022222399711609,600,3.1134495735168457,4.930778980255127,0.005306135397404432,0.5566666722297668
352,328,640,360,C3,42,fit,B,-0.02,False,False,64,235,225,225,225,5,10,0,0,0,1,622,622,600,1,all,0.003619966737460345,0,0,225,2.8523919582366943,4.584545612335205,0.001931416685692966,0.5066666603088379,600,3.1139001846313477,4.930778980255127,0.005308516789227724,0.5566666722297668
352,328,640,360,C3,42,fit,B,-0.02,False,False,64,235,225,225,225,5,10,0,0,0,1,622,622,0,1,root_band,,0,0,0,,,,,0,,,,
352,328,640,360,C3,42,fit,B,-0.02,False,False,64,235,225,225,225,5,10,0,0,0,1,622,622,600,1,outside_root_band,0.003619966737460345,0,0,225,2.8523919582366943,4.584545612335205,0.001931416685692966,0.5066666603088379,600,3.1139001846313477,4.930778980255127,0.005308516789227724,0.5566666722297668
353,328,640,360,C3,42,fit,C,-0.02,False,False,64,235,225,225,225,5,10,0,0,0,1,622,622,600,1,all,0.003613934852182865,0,0,225,2.8512074947357178,4.5802388191223145,0.001926523633301258,0.5022222399711609,600,3.1125407218933105,4.930778980255127,0.005301346071064472,0.5566666722297668
353,328,640,360,C3,42,fit,C,-0.02,False,False,64,235,225,225,225,5,10,0,0,0,1,622,622,0,1,root_band,,0,0,0,,,,,0,,,,
353,328,640,360,C3,42,fit,C,-0.02,False,False,64,235,225,225,225,5,10,0,0,0,1,622,622,600,1,outside_root_band,0.003613934852182865,0,0,225,2.8512074947357178,4.5802388191223145,0.001926523633301258,0.5022222399711609,600,3.1125407218933105,4.930778980255127,0.005301346071064472,0.5566666722297668
354,328,640,360,C3,42,fit,X,0.02,False,False,64,235,225,225,225,5,10,0,0,0,1,622,622,600,1,all,0.00361270533176139,0,0,225,2.8509628772735596,4.5802388191223145,0.0019255188526585698,0.5022222399711609,600,3.1122636795043945,4.930778980255127,0.00529989181086421,0.5566666722297668
354,328,640,360,C3,42,fit,X,0.02,False,False,64,235,225,225,225,5,10,0,0,0,1,622,622,0,1,root_band,,0,0,0,,,,,0,,,,
354,328,640,360,C3,42,fit,X,0.02,False,False,64,235,225,225,225,5,10,0,0,0,1,622,622,600,1,outside_root_band,0.00361270533176139,0,0,225,2.8509628772735596,4.5802388191223145,0.0019255188526585698,0.5022222399711609,600,3.1122636795043945,4.930778980255127,0.00529989181086421,0.5566666722297668
355,328,640,360,C3,42,fit,Y,0.02,True,True,64,235,225,225,225,5,10,0,0,0,1,622,622,600,1,all,0.003620461095124483,0,0,225,2.8524863719940186,4.585180759429932,0.0019318079575896263,0.5066666603088379,600,3.114013195037842,4.930778980255127,0.00530911423265934,0.5566666722297668
355,328,640,360,C3,42,fit,Y,0.02,True,True,64,235,225,225,225,5,10,0,0,0,1,622,622,0,1,root_band,,0,0,0,,,,,0,,,,
355,328,640,360,C3,42,fit,Y,0.02,True,True,64,235,225,225,225,5,10,0,0,0,1,622,622,600,1,outside_root_band,0.003620461095124483,0,0,225,2.8524863719940186,4.585180759429932,0.0019318079575896263,0.5066666603088379,600,3.114013195037842,4.930778980255127,0.00530911423265934,0.5566666722297668
356,328,640,360,C3,42,fit,A,0.02,True,True,64,235,225,225,225,5,10,0,0,0,1,622,622,600,1,all,0.003613934852182865,0,0,225,2.8512074947357178,4.5802388191223145,0.001926523633301258,0.5022222399711609,600,3.1125407218933105,4.930778980255127,0.005301346071064472,0.5566666722297668
356,328,640,360,C3,42,fit,A,0.02,True,True,64,235,225,225,225,5,10,0,0,0,1,622,622,0,1,root_band,,0,0,0,,,,,0,,,,
356,328,640,360,C3,42,fit,A,0.02,True,True,64,235,225,225,225,5,10,0,0,0,1,622,622,600,1,outside_root_band,0.003613934852182865,0,0,225,2.8512074947357178,4.5802388191223145,0.001926523633301258,0.5022222399711609,600,3.1125407218933105,4.930778980255127,0.005301346071064472,0.5566666722297668
357,328,640,360,C3,42,fit,B,0.02,True,True,64,235,225,225,225,5,10,0,0,0,1,622,622,600,1,all,0.0036120159784331918,0,0,225,2.8508260250091553,4.5802388191223145,0.0019249578472226858,0.5022222399711609,600,3.112107276916504,4.930778980255127,0.005299074109643698,0.5566666722297668
357,328,640,360,C3,42,fit,B,0.02,True,True,64,235,225,225,225,5,10,0,0,0,1,622,622,0,1,root_band,,0,0,0,,,,,0,,,,
357,328,640,360,C3,42,fit,B,0.02,True,True,64,235,225,225,225,5,10,0,0,0,1,622,622,600,1,outside_root_band,0.0036120159784331918,0,0,225,2.8508260250091553,4.5802388191223145,0.0019249578472226858,0.5022222399711609,600,3.112107276916504,4.930778980255127,0.005299074109643698,0.5566666722297668
358,328,640,360,C3,42,fit,C,0.02,True,True,64,235,225,225,225,5,10,0,0,0,1,622,622,600,1,all,0.0036179207381792367,0,0,225,2.8519904613494873,4.5819830894470215,0.0019297517137601972,0.5022222399711609,600,3.1134417057037354,4.930778980255127,0.005306089762598276,0.5566666722297668
358,328,640,360,C3,42,fit,C,0.02,True,True,64,235,225,225,225,5,10,0,0,0,1,622,622,0,1,root_band,,0,0,0,,,,,0,,,,
358,328,640,360,C3,42,fit,C,0.02,True,True,64,235,225,225,225,5,10,0,0,0,1,622,622,600,1,outside_root_band,0.0036179207381792367,0,0,225,2.8519904613494873,4.5819830894470215,0.0019297517137601972,0.5022222399711609,600,3.1134417057037354,4.930778980255127,0.005306089762598276,0.5566666722297668
359,328,640,360,C3,42,fit,X,-0.05,False,False,64,235,225,225,225,5,10,0,0,0,1,622,622,600,1,all,0.0036241418565623462,0,0,225,2.8532044887542725,4.589943885803223,0.0019347964553162456,0.5066666603088379,600,3.1148359775543213,4.930778980255127,0.005313487257808447,0.5566666722297668
359,328,640,360,C3,42,fit,X,-0.05,False,False,64,235,225,225,225,5,10,0,0,0,1,622,622,0,1,root_band,,0,0,0,,,,,0,,,,
359,328,640,360,C3,42,fit,X,-0.05,False,False,64,235,225,225,225,5,10,0,0,0,1,622,622,600,1,outside_root_band,0.0036241418565623462,0,0,225,2.8532044887542725,4.589943885803223,0.0019347964553162456,0.5066666603088379,600,3.1148359775543213,4.930778980255127,0.005313487257808447,0.5566666722297668
360,328,640,360,C3,42,fit,Y,-0.05,False,False,64,235,225,225,225,5,10,0,0,0,1,622,622,600,1,all,0.0036048729671165347,0,0,225,2.8493988513946533,4.5802388191223145,0.0019191524479538202,0.5022222399711609,600,3.1104791164398193,4.930778980255127,0.005290593486279249,0.5566666722297668
360,328,640,360,C3,42,fit,Y,-0.05,False,False,64,235,225,225,225,5,10,0,0,0,1,622,622,0,1,root_band,,0,0,0,,,,,0,,,,
360,328,640,360,C3,42,fit,Y,-0.05,False,False,64,235,225,225,225,5,10,0,0,0,1,622,622,600,1,outside_root_band,0.0036048729671165347,0,0,225,2.8493988513946533,4.5802388191223145,0.0019191524479538202,0.5022222399711609,600,3.1104791164398193,4.930778980255127,0.005290593486279249,0.5566666722297668
361,328,640,360,C3,42,fit,A,-0.05,False,False,64,235,225,225,225,5,10,0,0,0,1,622,622,600,1,all,0.0036209705285727978,0,0,225,2.8525872230529785,4.5858683586120605,0.0019322303123772144,0.5066666603088379,600,3.1141257286071777,4.930778980255127,0.005309710744768381,0.5566666722297668
361,328,640,360,C3,42,fit,A,-0.05,False,False,64,235,225,225,225,5,10,0,0,0,1,622,622,0,1,root_band,,0,0,0,,,,,0,,,,
361,328,640,360,C3,42,fit,A,-0.05,False,False,64,235,225,225,225,5,10,0,0,0,1,622,622,600,1,outside_root_band,0.0036209705285727978,0,0,225,2.8525872230529785,4.5858683586120605,0.0019322303123772144,0.5066666603088379,600,3.1141257286071777,4.930778980255127,0.005309710744768381,0.5566666722297668
362,328,640,360,C3,42,fit,B,-0.05,False,False,64,235,225,225,225,5,10,0,0,0,1,622,622,600,1,all,0.0036260559572838247,0,0,225,2.853578567504883,4.592431545257568,0.001936360145919025,0.5066666603088379,600,3.115260601043701,4.930778980255127,0.005315751768648624,0.5566666722297668
362,328,640,360,C3,42,fit,B,-0.05,False,False,64,235,225,225,225,5,10,0,0,0,1,622,622,0,1,root_band,,0,0,0,,,,,0,,,,
362,328,640,360,C3,42,fit,B,-0.05,False,False,64,235,225,225,225,5,10,0,0,0,1,622,622,600,1,outside_root_band,0.0036260559572838247,0,0,225,2.853578567504883,4.592431545257568,0.001936360145919025,0.5066666603088379,600,3.115260601043701,4.930778980255127,0.005315751768648624,0.5566666722297668
363,328,640,360,C3,42,fit,C,-0.05,False,False,64,235,225,225,225,5,10,0,0,0,1,622,622,600,1,all,0.003610951534938067,0,0,225,2.8506152629852295,4.5802388191223145,0.001924096024595201,0.5022222399711609,600,3.1118645668029785,4.930778980255127,0.005297807045280933,0.5566666722297668
363,328,640,360,C3,42,fit,C,-0.05,False,False,64,235,225,225,225,5,10,0,0,0,1,622,622,0,1,root_band,,0,0,0,,,,,0,,,,
363,328,640,360,C3,42,fit,C,-0.05,False,False,64,235,225,225,225,5,10,0,0,0,1,622,622,600,1,outside_root_band,0.003610951534938067,0,0,225,2.8506152629852295,4.5802388191223145,0.001924096024595201,0.5022222399711609,600,3.1118645668029785,4.930778980255127,0.005297807045280933,0.5566666722297668
364,328,640,360,C3,42,fit,X,0.05,False,False,64,235,225,225,225,5,10,0,0,0,1,622,622,600,1,all,0.003607794234994799,0,0,225,2.8499858379364014,4.5802388191223145,0.0019215295324102044,0.5022222399711609,600,3.1111466884613037,4.930778980255127,0.005294058937579393,0.5566666722297668
364,328,640,360,C3,42,fit,X,0.05,False,False,64,235,225,225,225,5,10,0,0,0,1,622,622,0,1,root_band,,0,0,0,,,,,0,,,,
364,328,640,360,C3,42,fit,X,0.05,False,False,64,235,225,225,225,5,10,0,0,0,1,622,622,600,1,outside_root_band,0.003607794234994799,0,0,225,2.8499858379364014,4.5802388191223145,0.0019215295324102044,0.5022222399711609,600,3.1111466884613037,4.930778980255127,0.005294058937579393,0.5566666722297668
365,328,640,360,C3,42,fit,Y,0.05,True,True,64,235,225,225,225,5,10,0,0,0,1,622,622,600,1,all,0.003627218888141215,0,0,225,2.853801727294922,4.593913555145264,0.0019372955430299044,0.5066666603088379,600,3.1155197620391846,4.930778980255127,0.005317142233252525,0.5566666722297668
365,328,640,360,C3,42,fit,Y,0.05,True,True,64,235,225,225,225,5,10,0,0,0,1,622,622,0,1,root_band,,0,0,0,,,,,0,,,,
365,328,640,360,C3,42,fit,Y,0.05,True,True,64,235,225,225,225,5,10,0,0,0,1,622,622,600,1,outside_root_band,0.003627218888141215,0,0,225,2.853801727294922,4.593913555145264,0.0019372955430299044,0.5066666603088379,600,3.1155197620391846,4.930778980255127,0.005317142233252525,0.5566666722297668
366,328,640,360,C3,42,fit,A,0.05,True,True,64,235,225,225,225,5,10,0,0,0,1,622,622,600,1,all,0.0036110252258367836,0,0,225,2.8506290912628174,4.5802388191223145,0.0019241535337641835,0.5022222399711609,600,3.1118826866149902,4.930778980255127,0.005297896917909384,0.5566666722297668
366,328,640,360,C3,42,fit,A,0.05,True,True,64,235,225,225,225,5,10,0,0,0,1,622,622,0,1,root_band,,0,0,0,,,,,0,,,,
366,328,640,360,C3,42,fit,A,0.05,True,True,64,235,225,225,225,5,10,0,0,0,1,622,622,600,1,outside_root_band,0.0036110252258367836,0,0,225,2.8506290912628174,4.5802388191223145,0.0019241535337641835,0.5022222399711609,600,3.1118826866149902,4.930778980255127,0.005297896917909384,0.5566666722297668
367,328,640,360,C3,42,fit,B,0.05,True,True,64,235,225,225,225,5,10,0,0,0,1,622,622,600,1,all,0.003606191836297512,0,0,225,2.8496603965759277,4.5802388191223145,0.0019202143885195255,0.5022222399711609,600,3.1107823848724365,4.930778980255127,0.005292169284075499,0.5566666722297668
367,328,640,360,C3,42,fit,B,0.05,True,True,64,235,225,225,225,5,10,0,0,0,1,622,622,0,1,root_band,,0,0,0,,,,,0,,,,
367,328,640,360,C3,42,fit,B,0.05,True,True,64,235,225,225,225,5,10,0,0,0,1,622,622,600,1,outside_root_band,0.003606191836297512,0,0,225,2.8496603965759277,4.5802388191223145,0.0019202143885195255,0.5022222399711609,600,3.1107823848724365,4.930778980255127,0.005292169284075499,0.5566666722297668
368,328,640,360,C3,42,fit,C,0.05,True,True,64,235,225,225,225,5,10,0,0,0,1,622,622,600,1,all,0.0036208920064382255,0,0,225,2.852571964263916,4.585762977600098,0.0019321631407365203,0.5066666603088379,600,3.1141090393066406,4.930778980255127,0.005309620872139931,0.5566666722297668
368,328,640,360,C3,42,fit,C,0.05,True,True,64,235,225,225,225,5,10,0,0,0,1,622,622,0,1,root_band,,0,0,0,,,,,0,,,,
368,328,640,360,C3,42,fit,C,0.05,True,True,64,235,225,225,225,5,10,0,0,0,1,622,622,600,1,outside_root_band,0.0036208920064382255,0,0,225,2.852571964263916,4.585762977600098,0.0019321631407365203,0.5066666603088379,600,3.1141090393066406,4.930778980255127,0.005309620872139931,0.5566666722297668
369,369,640,360,C3,43,fit,baseline,0.0,False,False,64,591,582,582,300,24,9,0,1,0,1,1508,1508,600,1,all,0.008239065296947956,0,0,300,3.7086241245269775,6.102862358093262,0.008106743916869164,0.6366666555404663,600,3.6403677463531494,6.0785956382751465,0.008371386677026749,0.6183333396911621
369,369,640,360,C3,43,fit,baseline,0.0,False,False,64,591,582,582,300,24,9,0,1,0,1,1508,1508,0,1,root_band,,0,0,0,,,,,0,,,,
369,369,640,360,C3,43,fit,baseline,0.0,False,False,64,591,582,582,300,24,9,0,1,0,1,1508,1508,600,1,outside_root_band,0.008239065296947956,0,0,300,3.7086241245269775,6.102862358093262,0.008106743916869164,0.6366666555404663,600,3.6403677463531494,6.0785956382751465,0.008371386677026749,0.6183333396911621
370,369,640,360,C3,43,fit,X,-0.005,False,False,64,591,582,582,300,24,9,0,1,0,1,1508,1508,600,1,all,0.008239064365625381,0,0,300,3.7086052894592285,6.102862358093262,0.008106743916869164,0.6366666555404663,600,3.6403515338897705,6.0785956382751465,0.0083713848143816,0.6183333396911621
370,369,640,360,C3,43,fit,X,-0.005,False,False,64,591,582,582,300,24,9,0,1,0,1,1508,1508,0,1,root_band,,0,0,0,,,,,0,,,,
370,369,640,360,C3,43,fit,X,-0.005,False,False,64,591,582,582,300,24,9,0,1,0,1,1508,1508,600,1,outside_root_band,0.008239064365625381,0,0,300,3.7086052894592285,6.102862358093262,0.008106743916869164,0.6366666555404663,600,3.6403515338897705,6.0785956382751465,0.0083713848143816,0.6183333396911621
371,369,640,360,C3,43,fit,Y,-0.005,False,False,64,591,582,582,300,24,9,0,1,0,1,1508,1508,600,1,all,0.008239066693931818,0,0,300,3.708650588989258,6.102862358093262,0.008106744848191738,0.6366666555404663,600,3.6403908729553223,6.0785956382751465,0.008371388539671898,0.6183333396911621
371,369,640,360,C3,43,fit,Y,-0.005,False,False,64,591,582,582,300,24,9,0,1,0,1,1508,1508,0,1,root_band,,0,0,0,,,,,0,,,,
371,369,640,360,C3,43,fit,Y,-0.005,False,False,64,591,582,582,300,24,9,0,1,0,1,1508,1508,600,1,outside_root_band,0.008239066693931818,0,0,300,3.708650588989258,6.102862358093262,0.008106744848191738,0.6366666555404663,600,3.6403908729553223,6.0785956382751465,0.008371388539671898,0.6183333396911621
372,369,640,360,C3,43,fit,A,-0.005,False,False,64,591,582,582,300,24,9,0,1,0,1,1508,1508,600,1,all,0.008239064365625381,0,0,300,3.7086126804351807,6.102862358093262,0.008106743916869164,0.6366666555404663,600,3.6403584480285645,6.0785956382751465,0.0083713848143816,0.6183333396911621
372,369,640,360,C3,43,fit,A,-0.005,False,False,64,591,582,582,300,24,9,0,1,0,1,1508,1508,0,1,root_band,,0,0,0,,,,,0,,,,
372,369,640,360,C3,43,fit,A,-0.005,False,False,64,591,582,582,300,24,9,0,1,0,1,1508,1508,600,1,outside_root_band,0.008239064365625381,0,0,300,3.7086126804351807,6.102862358093262,0.008106743916869164,0.6366666555404663,600,3.6403584480285645,6.0785956382751465,0.0083713848143816,0.6183333396911621
373,369,640,360,C3,43,fit,B,-0.005,False,False,64,591,582,582,300,24,9,0,1,0,1,1508,1508,600,1,all,0.008239063434302807,0,0,300,3.708601713180542,6.102862358093262,0.008106742985546589,0.6366666555404663,600,3.640347957611084,6.0785956382751465,0.008371383883059025,0.6183333396911621
373,369,640,360,C3,43,fit,B,-0.005,False,False,64,591,582,582,300,24,9,0,1,0,1,1508,1508,0,1,root_band,,0,0,0,,,,,0,,,,
373,369,640,360,C3,43,fit,B,-0.005,False,False,64,591,582,582,300,24,9,0,1,0,1,1508,1508,600,1,outside_root_band,0.008239063434302807,0,0,300,3.708601713180542,6.102862358093262,0.008106742985546589,0.6366666555404663,600,3.640347957611084,6.0785956382751465,0.008371383883059025,0.6183333396911621
374,369,640,360,C3,43,fit,C,-0.005,False,False,64,591,582,582,300,24,9,0,1,0,1,1508,1508,600,1,all,0.00823906622827053,0,0,300,3.7086355686187744,6.102862358093262,0.008106744848191738,0.6366666555404663,600,3.640378475189209,6.0785956382751465,0.008371387608349323,0.6183333396911621
374,369,640,360,C3,43,fit,C,-0.005,False,False,64,591,582,582,300,24,9,0,1,0,1,1508,1508,0,1,root_band,,0,0,0,,,,,0,,,,
374,369,640,360,C3,43,fit,C,-0.005,False,False,64,591,582,582,300,24,9,0,1,0,1,1508,1508,600,1,outside_root_band,0.00823906622827053,0,0,300,3.7086355686187744,6.102862358093262,0.008106744848191738,0.6366666555404663,600,3.640378475189209,6.0785956382751465,0.008371387608349323,0.6183333396911621
375,369,640,360,C3,43,fit,X,0.005,False,False,64,591,582,582,300,24,9,0,1,0,1,1508,1508,600,1,all,0.008239066693931818,0,0,300,3.708644151687622,6.102862358093262,0.008106744848191738,0.6366666555404663,600,3.640385150909424,6.0785956382751465,0.008371388539671898,0.6183333396911621
375,369,640,360,C3,43,fit,X,0.005,False,False,64,591,582,582,300,24,9,0,1,0,1,1508,1508,0,1,root_band,,0,0,0,,,,,0,,,,
375,369,640,360,C3,43,fit,X,0.005,False,False,64,591,582,582,300,24,9,0,1,0,1,1508,1508,600,1,outside_root_band,0.008239066693931818,0,0,300,3.708644151687622,6.102862358093262,0.008106744848191738,0.6366666555404663,600,3.640385150909424,6.0785956382751465,0.008371388539671898,0.6183333396911621
376,369,640,360,C3,43,fit,Y,0.005,False,False,64,591,582,582,300,24,9,0,1,0,1,1508,1508,600,1,all,0.008239063434302807,0,0,300,3.7085983753204346,6.102862358093262,0.008106742985546589,0.6366666555404663,600,3.640345573425293,6.0785956382751465,0.008371383883059025,0.6183333396911621
376,369,640,360,C3,43,fit,Y,0.005,False,False,64,591,582,582,300,24,9,0,1,0,1,1508,1508,0,1,root_band,,0,0,0,,,,,0,,,,
376,369,640,360,C3,43,fit,Y,0.005,False,False,64,591,582,582,300,24,9,0,1,0,1,1508,1508,600,1,outside_root_band,0.008239063434302807,0,0,300,3.7085983753204346,6.102862358093262,0.008106742985546589,0.6366666555404663,600,3.640345573425293,6.0785956382751465,0.008371383883059025,0.6183333396911621
377,369,640,360,C3,43,fit,A,0.005,False,False,64,591,582,582,300,24,9,0,1,0,1,1508,1508,600,1,all,0.00823906622827053,0,0,300,3.7086355686187744,6.102862358093262,0.008106744848191738,0.6366666555404663,600,3.640378475189209,6.0785956382751465,0.008371387608349323,0.6183333396911621
377,369,640,360,C3,43,fit,A,0.005,False,False,64,591,582,582,300,24,9,0,1,0,1,1508,1508,0,1,root_band,,0,0,0,,,,,0,,,,
377,369,640,360,C3,43,fit,A,0.005,False,False,64,591,582,582,300,24,9,0,1,0,1,1508,1508,600,1,outside_root_band,0.00823906622827053,0,0,300,3.7086355686187744,6.102862358093262,0.008106744848191738,0.6366666555404663,600,3.640378475189209,6.0785956382751465,0.008371387608349323,0.6183333396911621
378,369,640,360,C3,43,fit,B,0.005,False,False,64,591,582,582,300,24,9,0,1,0,1,1508,1508,600,1,all,0.008239066693931818,0,0,300,3.708648204803467,6.102862358093262,0.008106744848191738,0.6366666555404663,600,3.6403887271881104,6.0785956382751465,0.008371388539671898,0.6183333396911621
378,369,640,360,C3,43,fit,B,0.005,False,False,64,591,582,582,300,24,9,0,1,0,1,1508,1508,0,1,root_band,,0,0,0,,,,,0,,,,
378,369,640,360,C3,43,fit,B,0.005,False,False,64,591,582,582,300,24,9,0,1,0,1,1508,1508,600,1,outside_root_band,0.008239066693931818,0,0,300,3.708648204803467,6.102862358093262,0.008106744848191738,0.6366666555404663,600,3.6403887271881104,6.0785956382751465,0.008371388539671898,0.6183333396911621
379,369,640,360,C3,43,fit,C,0.005,False,False,64,591,582,582,300,24,9,0,1,0,1,1508,1508,600,1,all,0.008239064365625381,0,0,300,3.7086126804351807,6.102862358093262,0.008106743916869164,0.6366666555404663,600,3.6403584480285645,6.0785956382751465,0.0083713848143816,0.6183333396911621
379,369,640,360,C3,43,fit,C,0.005,False,False,64,591,582,582,300,24,9,0,1,0,1,1508,1508,0,1,root_band,,0,0,0,,,,,0,,,,
379,369,640,360,C3,43,fit,C,0.005,False,False,64,591,582,582,300,24,9,0,1,0,1,1508,1508,600,1,outside_root_band,0.008239064365625381,0,0,300,3.7086126804351807,6.102862358093262,0.008106743916869164,0.6366666555404663,600,3.6403584480285645,6.0785956382751465,0.0083713848143816,0.6183333396911621
380,369,640,360,C3,43,fit,X,-0.01,False,False,64,591,582,582,300,24,9,0,1,0,1,1508,1508,600,1,all,0.008239062502980232,0,0,300,3.7085859775543213,6.102862358093262,0.008106742054224014,0.6366666555404663,600,3.640333652496338,6.0785956382751465,0.00837138295173645,0.6183333396911621
380,369,640,360,C3,43,fit,X,-0.01,False,False,64,591,582,582,300,24,9,0,1,0,1,1508,1508,0,1,root_band,,0,0,0,,,,,0,,,,
380,369,640,360,C3,43,fit,X,-0.01,False,False,64,591,582,582,300,24,9,0,1,0,1,1508,1508,600,1,outside_root_band,0.008239062502980232,0,0,300,3.7085859775543213,6.102862358093262,0.008106742054224014,0.6366666555404663,600,3.640333652496338,6.0785956382751465,0.00837138295173645,0.6183333396911621
381,369,640,360,C3,43,fit,Y,-0.01,False,False,64,591,582,582,300,24,9,0,1,0,1,1508,1508,600,1,all,0.008239068556576967,0,0,300,3.708677053451538,6.102862358093262,0.008106746710836887,0.6366666555404663,600,3.640414237976074,6.0785956382751465,0.008371390402317047,0.6183333396911621
381,369,640,360,C3,43,fit,Y,-0.01,False,False,64,591,582,582,300,24,9,0,1,0,1,1508,1508,0,1,root_band,,0,0,0,,,,,0,,,,
381,369,640,360,C3,43,fit,Y,-0.01,False,False,64,591,582,582,300,24,9,0,1,0,1,1508,1508,600,1,outside_root_band,0.008239068556576967,0,0,300,3.708677053451538,6.102862358093262,0.008106746710836887,0.6366666555404663,600,3.640414237976074,6.0785956382751465,0.008371390402317047,0.6183333396911621
382,369,640,360,C3,43,fit,A,-0.01,False,False,64,591,582,582,300,24,9,0,1,0,1,1508,1508,600,1,all,0.008239063434302807,0,0,300,3.708601713180542,6.102862358093262,0.008106742985546589,0.6366666555404663,600,3.640347719192505,6.0785956382751465,0.008371383883059025,0.6183333396911621
382,369,640,360,C3,43,fit,A,-0.01,False,False,64,591,582,582,300,24,9,0,1,0,1,1508,1508,0,1,root_band,,0,0,0,,,,,0,,,,
382,369,640,360,C3,43,fit,A,-0.01,False,False,64,591,582,582,300,24,9,0,1,0,1,1508,1508,600,1,outside_root_band,0.008239063434302807,0,0,300,3.708601713180542,6.102862358093262,0.008106742985546589,0.6366666555404663,600,3.640347719192505,6.0785956382751465,0.008371383883059025,0.6183333396911621
383,369,640,360,C3,43,fit,B,-0.01,False,False,64,591,582,582,300,24,9,0,1,0,1,1508,1508,600,1,all,0.008239062037318945,0,0,300,3.708578109741211,6.102862358093262,0.008106742054224014,0.6366666555404663,600,3.640327215194702,6.0785956382751465,0.008371382020413876,0.6183333396911621
383,369,640,360,C3,43,fit,B,-0.01,False,False,64,591,582,582,300,24,9,0,1,0,1,1508,1508,0,1,root_band,,0,0,0,,,,,0,,,,
383,369,640,360,C3,43,fit,B,-0.01,False,False,64,591,582,582,300,24,9,0,1,0,1,1508,1508,600,1,outside_root_band,0.008239062037318945,0,0,300,3.708578109741211,6.102862358093262,0.008106742054224014,0.6366666555404663,600,3.640327215194702,6.0785956382751465,0.008371382020413876,0.6183333396911621
384,369,640,360,C3,43,fit,C,-0.01,False,False,64,591,582,582,300,24,9,0,1,0,1,1508,1508,600,1,all,0.008239066693931818,0,0,300,3.708648204803467,6.102862358093262,0.008106744848191738,0.6366666555404663,600,3.6403887271881104,6.0785956382751465,0.008371388539671898,0.6183333396911621
384,369,640,360,C3,43,fit,C,-0.01,False,False,64,591,582,582,300,24,9,0,1,0,1,1508,1508,0,1,root_band,,0,0,0,,,,,0,,,,
384,369,640,360,C3,43,fit,C,-0.01,False,False,64,591,582,582,300,24,9,0,1,0,1,1508,1508,600,1,outside_root_band,0.008239066693931818,0,0,300,3.708648204803467,6.102862358093262,0.008106744848191738,0.6366666555404663,600,3.6403887271881104,6.0785956382751465,0.008371388539671898,0.6183333396911621
385,369,640,360,C3,43,fit,X,0.01,False,False,64,591,582,582,300,24,9,0,1,0,1,1508,1508,600,1,all,0.008239067159593105,0,0,300,3.70866322517395,6.102862358093262,0.008106745779514313,0.6366666555404663,600,3.640402317047119,6.0785956382751465,0.008371388539671898,0.6183333396911621
385,369,640,360,C3,43,fit,X,0.01,False,False,64,591,582,582,300,24,9,0,1,0,1,1508,1508,0,1,root_band,,0,0,0,,,,,0,,,,
385,369,640,360,C3,43,fit,X,0.01,False,False,64,591,582,582,300,24,9,0,1,0,1,1508,1508,600,1,outside_root_band,0.008239067159593105,0,0,300,3.70866322517395,6.102862358093262,0.008106745779514313,0.6366666555404663,600,3.640402317047119,6.0785956382751465,0.008371388539671898,0.6183333396911621
386,369,640,360,C3,43,fit,Y,0.01,False,False,64,591,582,582,300,24,9,0,1,0,1,1508,1508,600,1,all,0.008239061571657658,0,0,300,3.7085726261138916,6.102862358093262,0.00810674112290144,0.6366666555404663,600,3.640322685241699,6.0785956382751465,0.008371382020413876,0.6183333396911621
386,369,640,360,C3,43,fit,Y,0.01,False,False,64,591,582,582,300,24,9,0,1,0,1,1508,1508,0,1,root_band,,0,0,0,,,,,0,,,,
386,369,640,360,C3,43,fit,Y,0.01,False,False,64,591,582,582,300,24,9,0,1,0,1,1508,1508,600,1,outside_root_band,0.008239061571657658,0,0,300,3.7085726261138916,6.102862358093262,0.00810674112290144,0.6366666555404663,600,3.640322685241699,6.0785956382751465,0.008371382020413876,0.6183333396911621
387,369,640,360,C3,43,fit,A,0.01,False,False,64,591,582,582,300,24,9,0,1,0,1,1508,1508,600,1,all,0.008239066693931818,0,0,300,3.708648204803467,6.102862358093262,0.008106744848191738,0.6366666555404663,600,3.6403887271881104,6.0785956382751465,0.008371388539671898,0.6183333396911621
387,369,640,360,C3,43,fit,A,0.01,False,False,64,591,582,582,300,24,9,0,1,0,1,1508,1508,0,1,root_band,,0,0,0,,,,,0,,,,
387,369,640,360,C3,43,fit,A,0.01,False,False,64,591,582,582,300,24,9,0,1,0,1,1508,1508,600,1,outside_root_band,0.008239066693931818,0,0,300,3.708648204803467,6.102862358093262,0.008106744848191738,0.6366666555404663,600,3.6403887271881104,6.0785956382751465,0.008371388539671898,0.6183333396911621
388,369,640,360,C3,43,fit,B,0.01,False,False,64,591,582,582,300,24,9,0,1,0,1,1508,1508,600,1,all,0.00823906809091568,0,0,300,3.7086710929870605,6.102862358093262,0.008106746710836887,0.6366666555404663,600,3.640408754348755,6.0785956382751465,0.008371389470994473,0.6183333396911621
388,369,640,360,C3,43,fit,B,0.01,False,False,64,591,582,582,300,24,9,0,1,0,1,1508,1508,0,1,root_band,,0,0,0,,,,,0,,,,
388,369,640,360,C3,43,fit,B,0.01,False,False,64,591,582,582,300,24,9,0,1,0,1,1508,1508,600,1,outside_root_band,0.00823906809091568,0,0,300,3.7086710929870605,6.102862358093262,0.008106746710836887,0.6366666555404663,600,3.640408754348755,6.0785956382751465,0.008371389470994473,0.6183333396911621
389,369,640,360,C3,43,fit,C,0.01,False,False,64,591,582,582,300,24,9,0,1,0,1,1508,1508,600,1,all,0.008239063434302807,0,0,300,3.708601713180542,6.102862358093262,0.008106742985546589,0.6366666555404663,600,3.640347957611084,6.0785956382751465,0.008371383883059025,0.6183333396911621
389,369,640,360,C3,43,fit,C,0.01,False,False,64,591,582,582,300,24,9,0,1,0,1,1508,1508,0,1,root_band,,0,0,0,,,,,0,,,,
389,369,640,360,C3,43,fit,C,0.01,False,False,64,591,582,582,300,24,9,0,1,0,1,1508,1508,600,1,outside_root_band,0.008239063434302807,0,0,300,3.708601713180542,6.102862358093262,0.008106742985546589,0.6366666555404663,600,3.640347957611084,6.0785956382751465,0.008371383883059025,0.6183333396911621
390,369,640,360,C3,43,fit,X,-0.02,False,False,64,591,582,582,300,24,9,0,1,0,1,1508,1508,600,1,all,0.008239059709012508,0,0,300,3.7085468769073486,6.102862358093262,0.00810673926025629,0.6366666555404663,600,3.6403000354766846,6.0785956382751465,0.008371380157768726,0.6183333396911621
390,369,640,360,C3,43,fit,X,-0.02,False,False,64,591,582,582,300,24,9,0,1,0,1,1508,1508,0,1,root_band,,0,0,0,,,,,0,,,,
390,369,640,360,C3,43,fit,X,-0.02,False,False,64,591,582,582,300,24,9,0,1,0,1,1508,1508,600,1,outside_root_band,0.008239059709012508,0,0,300,3.7085468769073486,6.102862358093262,0.00810673926025629,0.6366666555404663,600,3.6403000354766846,6.0785956382751465,0.008371380157768726,0.6183333396911621
391,369,640,360,C3,43,fit,Y,-0.02,False,False,64,591,582,582,300,24,9,0,1,0,1,1508,1508,600,1,all,0.008239071816205978,0,0,300,3.7087292671203613,6.102862358093262,0.008106749504804611,0.6366666555404663,600,3.640460252761841,6.0785956382751465,0.008371394127607346,0.6183333396911621
391,369,640,360,C3,43,fit,Y,-0.02,False,False,64,591,582,582,300,24,9,0,1,0,1,1508,1508,0,1,root_band,,0,0,0,,,,,0,,,,
391,369,640,360,C3,43,fit,Y,-0.02,False,False,64,591,582,582,300,24,9,0,1,0,1,1508,1508,600,1,outside_root_band,0.008239071816205978,0,0,300,3.7087292671203613,6.102862358093262,0.008106749504804611,0.6366666555404663,600,3.640460252761841,6.0785956382751465,0.008371394127607346,0.6183333396911621
392,369,640,360,C3,43,fit,A,-0.02,False,False,64,591,582,582,300,24,9,0,1,0,1,1508,1508,600,1,all,0.008239062037318945,0,0,300,3.708578109741211,6.102862358093262,0.008106742054224014,0.6366666555404663,600,3.640327215194702,6.0785956382751465,0.008371382020413876,0.6183333396911621
392,369,640,360,C3,43,fit,A,-0.02,False,False,64,591,582,582,300,24,9,0,1,0,1,1508,1508,0,1,root_band,,0,0,0,,,,,0,,,,
392,369,640,360,C3,43,fit,A,-0.02,False,False,64,591,582,582,300,24,9,0,1,0,1,1508,1508,600,1,outside_root_band,0.008239062037318945,0,0,300,3.708578109741211,6.102862358093262,0.008106742054224014,0.6366666555404663,600,3.640327215194702,6.0785956382751465,0.008371382020413876,0.6183333396911621
393,369,640,360,C3,43,fit,B,-0.02,False,False,64,591,582,582,300,24,9,0,1,0,1,1508,1508,600,1,all,0.008239058312028646,0,0,300,3.708531618118286,6.102862358093262,0.008106738328933716,0.6366666555404663,600,3.6402862071990967,6.0785956382751465,0.008371378295123577,0.6183333396911621
393,369,640,360,C3,43,fit,B,-0.02,False,False,64,591,582,582,300,24,9,0,1,0,1,1508,1508,0,1,root_band,,0,0,0,,,,,0,,,,
393,369,640,360,C3,43,fit,B,-0.02,False,False,64,591,582,582,300,24,9,0,1,0,1,1508,1508,600,1,outside_root_band,0.008239058312028646,0,0,300,3.708531618118286,6.102862358093262,0.008106738328933716,0.6366666555404663,600,3.6402862071990967,6.0785956382751465,0.008371378295123577,0.6183333396911621
394,369,640,360,C3,43,fit,C,-0.02,False,False,64,591,582,582,300,24,9,0,1,0,1,1508,1508,600,1,all,0.00823906809091568,0,0,300,3.7086710929870605,6.102862358093262,0.008106746710836887,0.6366666555404663,600,3.640408754348755,6.0785956382751465,0.008371389470994473,0.6183333396911621
394,369,640,360,C3,43,fit,C,-0.02,False,False,64,591,582,582,300,24,9,0,1,0,1,1508,1508,0,1,root_band,,0,0,0,,,,,0,,,,
394,369,640,360,C3,43,fit,C,-0.02,False,False,64,591,582,582,300,24,9,0,1,0,1,1508,1508,600,1,outside_root_band,0.00823906809091568,0,0,300,3.7086710929870605,6.102862358093262,0.008106746710836887,0.6366666555404663,600,3.640408754348755,6.0785956382751465,0.008371389470994473,0.6183333396911621
395,369,640,360,C3,43,fit,X,0.02,False,False,64,591,582,582,300,24,9,0,1,0,1,1508,1508,600,1,all,0.008239070884883404,0,0,300,3.708702564239502,6.102862358093262,0.008106748573482037,0.6366666555404663,600,3.640437126159668,6.0785956382751465,0.008371393196284771,0.6183333396911621
395,369,640,360,C3,43,fit,X,0.02,False,False,64,591,582,582,300,24,9,0,1,0,1,1508,1508,0,1,root_band,,0,0,0,,,,,0,,,,
395,369,640,360,C3,43,fit,X,0.02,False,False,64,591,582,582,300,24,9,0,1,0,1,1508,1508,600,1,outside_root_band,0.008239070884883404,0,0,300,3.708702564239502,6.102862358093262,0.008106748573482037,0.6366666555404663,600,3.640437126159668,6.0785956382751465,0.008371393196284771,0.6183333396911621
396,369,640,360,C3,43,fit,Y,0.02,False,False,64,591,582,582,300,24,9,0,1,0,1,1508,1508,600,1,all,0.00823905784636736,0,0,300,3.7085208892822266,6.102862358093262,0.008106738328933716,0.6366666555404663,600,3.640277147293091,6.0785956382751465,0.008371377363801003,0.6183333396911621
396,369,640,360,C3,43,fit,Y,0.02,False,False,64,591,582,582,300,24,9,0,1,0,1,1508,1508,0,1,root_band,,0,0,0,,,,,0,,,,
396,369,640,360,C3,43,fit,Y,0.02,False,False,64,591,582,582,300,24,9,0,1,0,1,1508,1508,600,1,outside_root_band,0.00823905784636736,0,0,300,3.7085208892822266,6.102862358093262,0.008106738328933716,0.6366666555404663,600,3.640277147293091,6.0785956382751465,0.008371377363801003,0.6183333396911621
397,369,640,360,C3,43,fit,A,0.02,False,False,64,591,582,582,300,24,9,0,1,0,1,1508,1508,600,1,all,0.00823906809091568,0,0,300,3.7086710929870605,6.102862358093262,0.008106746710836887,0.6366666555404663,600,3.640408754348755,6.0785956382751465,0.008371389470994473,0.6183333396911621
397,369,640,360,C3,43,fit,A,0.02,False,False,64,591,582,582,300,24,9,0,1,0,1,1508,1508,0,1,root_band,,0,0,0,,,,,0,,,,
397,369,640,360,C3,43,fit,A,0.02,False,False,64,591,582,582,300,24,9,0,1,0,1,1508,1508,600,1,outside_root_band,0.00823906809091568,0,0,300,3.7086710929870605,6.102862358093262,0.008106746710836887,0.6366666555404663,600,3.640408754348755,6.0785956382751465,0.008371389470994473,0.6183333396911621
398,369,640,360,C3,43,fit,B,0.02,False,False,64,591,582,582,300,24,9,0,1,0,1,1508,1508,600,1,all,0.008239071816205978,0,0,300,3.708716869354248,6.102862358093262,0.008106749504804611,0.6366666555404663,600,3.6404500007629395,6.0785956382751465,0.008371394127607346,0.6183333396911621
398,369,640,360,C3,43,fit,B,0.02,False,False,64,591,582,582,300,24,9,0,1,0,1,1508,1508,0,1,root_band,,0,0,0,,,,,0,,,,
398,369,640,360,C3,43,fit,B,0.02,False,False,64,591,582,582,300,24,9,0,1,0,1,1508,1508,600,1,outside_root_band,0.008239071816205978,0,0,300,3.708716869354248,6.102862358093262,0.008106749504804611,0.6366666555404663,600,3.6404500007629395,6.0785956382751465,0.008371394127607346,0.6183333396911621
399,369,640,360,C3,43,fit,C,0.02,False,False,64,591,582,582,300,24,9,0,1,0,1,1508,1508,600,1,all,0.008239062037318945,0,0,300,3.7085788249969482,6.102862358093262,0.008106742054224014,0.6366666555404663,600,3.6403276920318604,6.0785956382751465,0.008371382020413876,0.6183333396911621
399,369,640,360,C3,43,fit,C,0.02,False,False,64,591,582,582,300,24,9,0,1,0,1,1508,1508,0,1,root_band,,0,0,0,,,,,0,,,,
399,369,640,360,C3,43,fit,C,0.02,False,False,64,591,582,582,300,24,9,0,1,0,1,1508,1508,600,1,outside_root_band,0.008239062037318945,0,0,300,3.7085788249969482,6.102862358093262,0.008106742054224014,0.6366666555404663,600,3.6403276920318604,6.0785956382751465,0.008371382020413876,0.6183333396911621
400,369,640,360,C3,43,fit,X,-0.05,False,False,64,591,582,582,300,24,9,0,1,0,1,1508,1508,600,1,all,0.008239051327109337,0,0,300,3.708430767059326,6.102862358093262,0.008106732740998268,0.6366666555404663,600,3.64019775390625,6.0785956382751465,0.008371369913220406,0.6183333396911621
400,369,640,360,C3,43,fit,X,-0.05,False,False,64,591,582,582,300,24,9,0,1,0,1,1508,1508,0,1,root_band,,0,0,0,,,,,0,,,,
400,369,640,360,C3,43,fit,X,-0.05,False,False,64,591,582,582,300,24,9,0,1,0,1,1508,1508,600,1,outside_root_band,0.008239051327109337,0,0,300,3.708430767059326,6.102862358093262,0.008106732740998268,0.6366666555404663,600,3.64019775390625,6.0785956382751465,0.008371369913220406,0.6183333396911621
401,369,640,360,C3,43,fit,Y,-0.05,False,False,64,591,582,582,300,24,9,0,1,0,1,1508,1508,600,1,all,0.008239082992076874,0,0,300,3.708885669708252,6.102862358093262,0.008106758818030357,0.6366666555404663,600,3.6405975818634033,6.0785956382751465,0.00837140716612339,0.6183333396911621
401,369,640,360,C3,43,fit,Y,-0.05,False,False,64,591,582,582,300,24,9,0,1,0,1,1508,1508,0,1,root_band,,0,0,0,,,,,0,,,,
401,369,640,360,C3,43,fit,Y,-0.05,False,False,64,591,582,582,300,24,9,0,1,0,1,1508,1508,600,1,outside_root_band,0.008239082992076874,0,0,300,3.708885669708252,6.102862358093262,0.008106758818030357,0.6366666555404663,600,3.6405975818634033,6.0785956382751465,0.00837140716612339,0.6183333396911621
402,369,640,360,C3,43,fit,A,-0.05,False,False,64,591,582,582,300,24,9,0,1,0,1,1508,1508,600,1,all,0.008239056449383497,0,0,300,3.708507537841797,6.102862358093262,0.008106737397611141,0.6366666555404663,600,3.6402647495269775,6.0785956382751465,0.008371375501155853,0.6183333396911621
402,369,640,360,C3,43,fit,A,-0.05,False,False,64,591,582,582,300,24,9,0,1,0,1,1508,1508,0,1,root_band,,0,0,0,,,,,0,,,,
402,369,640,360,C3,43,fit,A,-0.05,False,False,64,591,582,582,300,24,9,0,1,0,1,1508,1508,600,1,outside_root_band,0.008239056449383497,0,0,300,3.708507537841797,6.102862358093262,0.008106737397611141,0.6366666555404663,600,3.6402647495269775,6.0785956382751465,0.008371375501155853,0.6183333396911621
403,369,640,360,C3,43,fit,B,-0.05,False,False,64,591,582,582,300,24,9,0,1,0,1,1508,1508,600,1,all,0.008239048533141613,0,0,300,3.708390235900879,6.102862358093262,0.008106730878353119,0.6366666555404663,600,3.6401612758636475,6.0785956382751465,0.008371366187930107,0.6183333396911621
403,369,640,360,C3,43,fit,B,-0.05,False,False,64,591,582,582,300,24,9,0,1,0,1,1508,1508,0,1,root_band,,0,0,0,,,,,0,,,,
403,369,640,360,C3,43,fit,B,-0.05,False,False,64,591,582,582,300,24,9,0,1,0,1,1508,1508,600,1,outside_root_band,0.008239048533141613,0,0,300,3.708390235900879,6.102862358093262,0.008106730878353119,0.6366666555404663,600,3.6401612758636475,6.0785956382751465,0.008371366187930107,0.6183333396911621
404,369,640,360,C3,43,fit,C,-0.05,False,False,64,591,582,582,300,24,9,0,1,0,1,1508,1508,600,1,all,0.00823907321318984,0,0,300,3.7087419033050537,6.102862358093262,0.008106750436127186,0.6366666555404663,600,3.6404716968536377,6.0785956382751465,0.008371395990252495,0.6183333396911621
404,369,640,360,C3,43,fit,C,-0.05,False,False,64,591,582,582,300,24,9,0,1,0,1,1508,1508,0,1,root_band,,0,0,0,,,,,0,,,,
404,369,640,360,C3,43,fit,C,-0.05,False,False,64,591,582,582,300,24,9,0,1,0,1,1508,1508,600,1,outside_root_band,0.00823907321318984,0,0,300,3.7087419033050537,6.102862358093262,0.008106750436127186,0.6366666555404663,600,3.6404716968536377,6.0785956382751465,0.008371395990252495,0.6183333396911621
405,369,640,360,C3,43,fit,X,0.05,False,False,64,591,582,582,300,24,9,0,1,0,1,1508,1508,600,1,all,0.008239078801125288,0,0,300,3.708820104598999,6.102862358093262,0.008106755092740059,0.6366666555404663,600,3.64054012298584,6.0785956382751465,0.008371402509510517,0.6183333396911621
405,369,640,360,C3,43,fit,X,0.05,False,False,64,591,582,582,300,24,9,0,1,0,1,1508,1508,0,1,root_band,,0,0,0,,,,,0,,,,
405,369,640,360,C3,43,fit,X,0.05,False,False,64,591,582,582,300,24,9,0,1,0,1,1508,1508,600,1,outside_root_band,0.008239078801125288,0,0,300,3.708820104598999,6.102862358093262,0.008106755092740059,0.6366666555404663,600,3.64054012298584,6.0785956382751465,0.008371402509510517,0.6183333396911621
406,369,640,360,C3,43,fit,Y,0.05,False,False,64,591,582,582,300,24,9,0,1,0,1,1508,1508,600,1,all,0.008239046670496464,0,0,300,3.7083652019500732,6.102862358093262,0.00810672901570797,0.6366666555404663,600,3.640139102935791,6.0785956382751465,0.008371364325284958,0.6183333396911621
406,369,640,360,C3,43,fit,Y,0.05,False,False,64,591,582,582,300,24,9,0,1,0,1,1508,1508,0,1,root_band,,0,0,0,,,,,0,,,,
406,369,640,360,C3,43,fit,Y,0.05,False,False,64,591,582,582,300,24,9,0,1,0,1,1508,1508,600,1,outside_root_band,0.008239046670496464,0,0,300,3.7083652019500732,6.102862358093262,0.00810672901570797,0.6366666555404663,600,3.640139102935791,6.0785956382751465,0.008371364325284958,0.6183333396911621
407,369,640,360,C3,43,fit,A,0.05,False,False,64,591,582,582,300,24,9,0,1,0,1,1508,1508,600,1,all,0.00823907321318984,0,0,300,3.708739757537842,6.102862358093262,0.008106750436127186,0.6366666555404663,600,3.640470027923584,6.0785956382751465,0.008371395990252495,0.6183333396911621
407,369,640,360,C3,43,fit,A,0.05,False,False,64,591,582,582,300,24,9,0,1,0,1,1508,1508,0,1,root_band,,0,0,0,,,,,0,,,,
407,369,640,360,C3,43,fit,A,0.05,False,False,64,591,582,582,300,24,9,0,1,0,1,1508,1508,600,1,outside_root_band,0.00823907321318984,0,0,300,3.708739757537842,6.102862358093262,0.008106750436127186,0.6366666555404663,600,3.640470027923584,6.0785956382751465,0.008371395990252495,0.6183333396911621
408,369,640,360,C3,43,fit,B,0.05,False,False,64,591,582,582,300,24,9,0,1,0,1,1508,1508,600,1,all,0.008239081129431725,0,0,300,3.708855628967285,6.102862358093262,0.008106756955385208,0.6366666555404663,600,3.640570878982544,6.0785956382751465,0.008371405303478241,0.6183333396911621
408,369,640,360,C3,43,fit,B,0.05,False,False,64,591,582,582,300,24,9,0,1,0,1,1508,1508,0,1,root_band,,0,0,0,,,,,0,,,,
408,369,640,360,C3,43,fit,B,0.05,False,False,64,591,582,582,300,24,9,0,1,0,1,1508,1508,600,1,outside_root_band,0.008239081129431725,0,0,300,3.708855628967285,6.102862358093262,0.008106756955385208,0.6366666555404663,600,3.640570878982544,6.0785956382751465,0.008371405303478241,0.6183333396911621
409,369,640,360,C3,43,fit,C,0.05,False,False,64,591,582,582,300,24,9,0,1,0,1,1508,1508,600,1,all,0.008239056915044785,0,0,300,3.708509683609009,6.102862358093262,0.008106737397611141,0.6366666555404663,600,3.6402671337127686,6.0785956382751465,0.008371376432478428,0.6183333396911621
409,369,640,360,C3,43,fit,C,0.05,False,False,64,591,582,582,300,24,9,0,1,0,1,1508,1508,0,1,root_band,,0,0,0,,,,,0,,,,
409,369,640,360,C3,43,fit,C,0.05,False,False,64,591,582,582,300,24,9,0,1,0,1,1508,1508,600,1,outside_root_band,0.008239056915044785,0,0,300,3.708509683609009,6.102862358093262,0.008106737397611141,0.6366666555404663,600,3.6402671337127686,6.0785956382751465,0.008371376432478428,0.6183333396911621
410,410,640,360,C3,44,nonblind_diagnostic,baseline,0.0,False,False,64,582,571,571,300,24,11,0,1,0,1,1462,1462,600,1,all,0.19246460497379303,0,0,300,10.464679718017578,20.370519638061523,0.18587176501750946,0.8233333230018616,600,10.830039024353027,20.688703536987305,0.1990574449300766,0.824999988079071
410,410,640,360,C3,44,nonblind_diagnostic,baseline,0.0,False,False,64,582,571,571,300,24,11,0,1,0,1,1462,1462,0,1,root_band,,0,0,0,,,,,0,,,,
410,410,640,360,C3,44,nonblind_diagnostic,baseline,0.0,False,False,64,582,571,571,300,24,11,0,1,0,1,1462,1462,600,1,outside_root_band,0.19246460497379303,0,0,300,10.464679718017578,20.370519638061523,0.18587176501750946,0.8233333230018616,600,10.830039024353027,20.688703536987305,0.1990574449300766,0.824999988079071
411,410,640,360,C3,44,nonblind_diagnostic,X,-0.005,False,False,64,582,571,571,300,24,11,0,1,0,1,1462,1462,600,1,all,0.19246693700551987,0,0,300,10.464739799499512,20.370519638061523,0.18587376177310944,0.8233333230018616,600,10.830118179321289,20.688703536987305,0.1990601122379303,0.824999988079071
411,410,640,360,C3,44,nonblind_diagnostic,X,-0.005,False,False,64,582,571,571,300,24,11,0,1,0,1,1462,1462,0,1,root_band,,0,0,0,,,,,0,,,,
411,410,640,360,C3,44,nonblind_diagnostic,X,-0.005,False,False,64,582,571,571,300,24,11,0,1,0,1,1462,1462,600,1,outside_root_band,0.19246693700551987,0,0,300,10.464739799499512,20.370519638061523,0.18587376177310944,0.8233333230018616,600,10.830118179321289,20.688703536987305,0.1990601122379303,0.824999988079071
412,410,640,360,C3,44,nonblind_diagnostic,Y,-0.005,False,False,64,582,571,571,300,24,11,0,1,0,1,1462,1462,600,1,all,0.19247762113809586,0,0,300,10.46505355834961,20.370519638061523,0.18588417768478394,0.8233333230018616,600,10.830446243286133,20.688703536987305,0.19907106459140778,0.824999988079071
412,410,640,360,C3,44,nonblind_diagnostic,Y,-0.005,False,False,64,582,571,571,300,24,11,0,1,0,1,1462,1462,0,1,root_band,,0,0,0,,,,,0,,,,
412,410,640,360,C3,44,nonblind_diagnostic,Y,-0.005,False,False,64,582,571,571,300,24,11,0,1,0,1,1462,1462,600,1,outside_root_band,0.19247762113809586,0,0,300,10.46505355834961,20.370519638061523,0.18588417768478394,0.8233333230018616,600,10.830446243286133,20.688703536987305,0.19907106459140778,0.824999988079071
413,410,640,360,C3,44,nonblind_diagnostic,A,-0.005,False,False,64,582,571,571,300,24,11,0,1,0,1,1462,1462,600,1,all,0.19248009473085403,0,0,300,10.465124130249023,20.370519638061523,0.18588656187057495,0.8233333230018616,600,10.830524444580078,20.688703536987305,0.19907362759113312,0.824999988079071
413,410,640,360,C3,44,nonblind_diagnostic,A,-0.005,False,False,64,582,571,571,300,24,11,0,1,0,1,1462,1462,0,1,root_band,,0,0,0,,,,,0,,,,
413,410,640,360,C3,44,nonblind_diagnostic,A,-0.005,False,False,64,582,571,571,300,24,11,0,1,0,1,1462,1462,600,1,outside_root_band,0.19248009473085403,0,0,300,10.465124130249023,20.370519638061523,0.18588656187057495,0.8233333230018616,600,10.830524444580078,20.688703536987305,0.19907362759113312,0.824999988079071
414,410,640,360,C3,44,nonblind_diagnostic,B,-0.005,False,False,64,582,571,571,300,24,11,0,1,0,1,1462,1462,600,1,all,0.19247469305992126,0,0,300,10.464969635009766,20.370519638061523,0.18588139116764069,0.8233333230018616,600,10.83035659790039,20.688703536987305,0.19906799495220184,0.824999988079071
414,410,640,360,C3,44,nonblind_diagnostic,B,-0.005,False,False,64,582,571,571,300,24,11,0,1,0,1,1462,1462,0,1,root_band,,0,0,0,,,,,0,,,,
414,410,640,360,C3,44,nonblind_diagnostic,B,-0.005,False,False,64,582,571,571,300,24,11,0,1,0,1,1462,1462,600,1,outside_root_band,0.19247469305992126,0,0,300,10.464969635009766,20.370519638061523,0.18588139116764069,0.8233333230018616,600,10.83035659790039,20.688703536987305,0.19906799495220184,0.824999988079071
415,410,640,360,C3,44,nonblind_diagnostic,C,-0.005,False,False,64,582,571,571,300,24,11,0,1,0,1,1462,1462,600,1,all,0.19246964156627655,0,0,300,10.464824676513672,20.370519638061523,0.18587654829025269,0.8233333230018616,600,10.83019733428955,20.688703536987305,0.19906273484230042,0.824999988079071
415,410,640,360,C3,44,nonblind_diagnostic,C,-0.005,False,False,64,582,571,571,300,24,11,0,1,0,1,1462,1462,0,1,root_band,,0,0,0,,,,,0,,,,
415,410,640,360,C3,44,nonblind_diagnostic,C,-0.005,False,False,64,582,571,571,300,24,11,0,1,0,1,1462,1462,600,1,outside_root_band,0.19246964156627655,0,0,300,10.464824676513672,20.370519638061523,0.18587654829025269,0.8233333230018616,600,10.83019733428955,20.688703536987305,0.19906273484230042,0.824999988079071
416,410,640,360,C3,44,nonblind_diagnostic,X,0.005,False,False,64,582,571,571,300,24,11,0,1,0,1,1462,1462,600,1,all,0.19246208667755127,0,0,300,10.464613914489746,20.370519638061523,0.18586952984333038,0.8233333230018616,600,10.829954147338867,20.688703536987305,0.19905464351177216,0.824999988079071
416,410,640,360,C3,44,nonblind_diagnostic,X,0.005,False,False,64,582,571,571,300,24,11,0,1,0,1,1462,1462,0,1,root_band,,0,0,0,,,,,0,,,,
416,410,640,360,C3,44,nonblind_diagnostic,X,0.005,False,False,64,582,571,571,300,24,11,0,1,0,1,1462,1462,600,1,outside_root_band,0.19246208667755127,0,0,300,10.464613914489746,20.370519638061523,0.18586952984333038,0.8233333230018616,600,10.829954147338867,20.688703536987305,0.19905464351177216,0.824999988079071
417,410,640,360,C3,44,nonblind_diagnostic,Y,0.005,False,False,64,582,571,571,300,24,11,0,1,0,1,1462,1462,600,1,all,0.19245140254497528,0,0,300,10.464301109313965,20.370519638061523,0.18585917353630066,0.8233333230018616,600,10.82962417602539,20.688703536987305,0.1990436315536499,0.824999988079071
417,410,640,360,C3,44,nonblind_diagnostic,Y,0.005,False,False,64,582,571,571,300,24,11,0,1,0,1,1462,1462,0,1,root_band,,0,0,0,,,,,0,,,,
417,410,640,360,C3,44,nonblind_diagnostic,Y,0.005,False,False,64,582,571,571,300,24,11,0,1,0,1,1462,1462,600,1,outside_root_band,0.19245140254497528,0,0,300,10.464301109313965,20.370519638061523,0.18585917353630066,0.8233333230018616,600,10.82962417602539,20.688703536987305,0.1990436315536499,0.824999988079071
418,410,640,360,C3,44,nonblind_diagnostic,A,0.005,False,False,64,582,571,571,300,24,11,0,1,0,1,1462,1462,600,1,all,0.19244834035634995,0,0,300,10.464212417602539,20.370519638061523,0.1858561784029007,0.8233333230018616,600,10.829529762268066,20.688703536987305,0.1990405023097992,0.824999988079071
418,410,640,360,C3,44,nonblind_diagnostic,A,0.005,False,False,64,582,571,571,300,24,11,0,1,0,1,1462,1462,0,1,root_band,,0,0,0,,,,,0,,,,
418,410,640,360,C3,44,nonblind_diagnostic,A,0.005,False,False,64,582,571,571,300,24,11,0,1,0,1,1462,1462,600,1,outside_root_band,0.19244834035634995,0,0,300,10.464212417602539,20.370519638061523,0.1858561784029007,0.8233333230018616,600,10.829529762268066,20.688703536987305,0.1990405023097992,0.824999988079071
419,410,640,360,C3,44,nonblind_diagnostic,B,0.005,False,False,64,582,571,571,300,24,11,0,1,0,1,1462,1462,600,1,all,0.1924535483121872,0,0,300,10.464361190795898,20.370519638061523,0.18586118519306183,0.8233333230018616,600,10.829691886901855,20.688703536987305,0.19904591143131256,0.824999988079071
419,410,640,360,C3,44,nonblind_diagnostic,B,0.005,False,False,64,582,571,571,300,24,11,0,1,0,1,1462,1462,0,1,root_band,,0,0,0,,,,,0,,,,
419,410,640,360,C3,44,nonblind_diagnostic,B,0.005,False,False,64,582,571,571,300,24,11,0,1,0,1,1462,1462,600,1,outside_root_band,0.1924535483121872,0,0,300,10.464361190795898,20.370519638061523,0.18586118519306183,0.8233333230018616,600,10.829691886901855,20.688703536987305,0.19904591143131256,0.824999988079071
420,410,640,360,C3,44,nonblind_diagnostic,C,0.005,False,False,64,582,571,571,300,24,11,0,1,0,1,1462,1462,600,1,all,0.19245918840169907,0,0,300,10.464523315429688,20.370519638061523,0.1858665645122528,0.8233333230018616,600,10.829867362976074,20.688703536987305,0.19905181229114532,0.824999988079071
420,410,640,360,C3,44,nonblind_diagnostic,C,0.005,False,False,64,582,571,571,300,24,11,0,1,0,1,1462,1462,0,1,root_band,,0,0,0,,,,,0,,,,
420,410,640,360,C3,44,nonblind_diagnostic,C,0.005,False,False,64,582,571,571,300,24,11,0,1,0,1,1462,1462,600,1,outside_root_band,0.19245918840169907,0,0,300,10.464523315429688,20.370519638061523,0.1858665645122528,0.8233333230018616,600,10.829867362976074,20.688703536987305,0.19905181229114532,0.824999988079071
421,410,640,360,C3,44,nonblind_diagnostic,X,-0.01,False,False,64,582,571,571,300,24,11,0,1,0,1,1462,1462,600,1,all,0.19246920943260193,0,0,300,10.464799880981445,20.370519638061523,0.18587574362754822,0.8233333230018616,600,10.830195426940918,20.688703536987305,0.19906267523765564,0.824999988079071
421,410,640,360,C3,44,nonblind_diagnostic,X,-0.01,False,False,64,582,571,571,300,24,11,0,1,0,1,1462,1462,0,1,root_band,,0,0,0,,,,,0,,,,
421,410,640,360,C3,44,nonblind_diagnostic,X,-0.01,False,False,64,582,571,571,300,24,11,0,1,0,1,1462,1462,600,1,outside_root_band,0.19246920943260193,0,0,300,10.464799880981445,20.370519638061523,0.18587574362754822,0.8233333230018616,600,10.830195426940918,20.688703536987305,0.19906267523765564,0.824999988079071
422,410,640,360,C3,44,nonblind_diagnostic,Y,-0.01,False,False,64,582,571,571,300,24,11,0,1,0,1,1462,1462,600,1,all,0.19249103218317032,0,0,300,10.465437889099121,20.370519638061523,0.18589700758457184,0.8233333230018616,600,10.830865859985352,20.688703536987305,0.1990850567817688,0.824999988079071
422,410,640,360,C3,44,nonblind_diagnostic,Y,-0.01,False,False,64,582,571,571,300,24,11,0,1,0,1,1462,1462,0,1,root_band,,0,0,0,,,,,0,,,,
422,410,640,360,C3,44,nonblind_diagnostic,Y,-0.01,False,False,64,582,571,571,300,24,11,0,1,0,1,1462,1462,600,1,outside_root_band,0.19249103218317032,0,0,300,10.465437889099121,20.370519638061523,0.18589700758457184,0.8233333230018616,600,10.830865859985352,20.688703536987305,0.1990850567817688,0.824999988079071
423,410,640,360,C3,44,nonblind_diagnostic,A,-0.01,False,False,64,582,571,571,300,24,11,0,1,0,1,1462,1462,600,1,all,0.19249644875526428,0,0,300,10.465595245361328,20.370519638061523,0.1859022080898285,0.8233333230018616,600,10.831037521362305,20.688703536987305,0.19909068942070007,0.824999988079071
423,410,640,360,C3,44,nonblind_diagnostic,A,-0.01,False,False,64,582,571,571,300,24,11,0,1,0,1,1462,1462,0,1,root_band,,0,0,0,,,,,0,,,,
423,410,640,360,C3,44,nonblind_diagnostic,A,-0.01,False,False,64,582,571,571,300,24,11,0,1,0,1,1462,1462,600,1,outside_root_band,0.19249644875526428,0,0,300,10.465595245361328,20.370519638061523,0.1859022080898285,0.8233333230018616,600,10.831037521362305,20.688703536987305,0.19909068942070007,0.824999988079071
424,410,640,360,C3,44,nonblind_diagnostic,B,-0.01,False,False,64,582,571,571,300,24,11,0,1,0,1,1462,1462,600,1,all,0.19248560070991516,0,0,300,10.465282440185547,20.370519638061523,0.18589182198047638,0.8233333230018616,600,10.830697059631348,20.688703536987305,0.19907937943935394,0.824999988079071
424,410,640,360,C3,44,nonblind_diagnostic,B,-0.01,False,False,64,582,571,571,300,24,11,0,1,0,1,1462,1462,0,1,root_band,,0,0,0,,,,,0,,,,
424,410,640,360,C3,44,nonblind_diagnostic,B,-0.01,False,False,64,582,571,571,300,24,11,0,1,0,1,1462,1462,600,1,outside_root_band,0.19248560070991516,0,0,300,10.465282440185547,20.370519638061523,0.18589182198047638,0.8233333230018616,600,10.830697059631348,20.688703536987305,0.19907937943935394,0.824999988079071
425,410,640,360,C3,44,nonblind_diagnostic,C,-0.01,False,False,64,582,571,571,300,24,11,0,1,0,1,1462,1462,600,1,all,0.19247517734766006,0,0,300,10.464983940124512,20.370519638061523,0.1858818382024765,0.8233333230018616,600,10.830370903015137,20.688703536987305,0.19906851649284363,0.824999988079071
425,410,640,360,C3,44,nonblind_diagnostic,C,-0.01,False,False,64,582,571,571,300,24,11,0,1,0,1,1462,1462,0,1,root_band,,0,0,0,,,,,0,,,,
425,410,640,360,C3,44,nonblind_diagnostic,C,-0.01,False,False,64,582,571,571,300,24,11,0,1,0,1,1462,1462,600,1,outside_root_band,0.19247517734766006,0,0,300,10.464983940124512,20.370519638061523,0.1858818382024765,0.8233333230018616,600,10.830370903015137,20.688703536987305,0.19906851649284363,0.824999988079071
426,410,640,360,C3,44,nonblind_diagnostic,X,0.01,False,False,64,582,571,571,300,24,11,0,1,0,1,1462,1462,600,1,all,0.1924598589539528,0,0,300,10.464554786682129,20.370519638061523,0.18586760759353638,0.8233333230018616,600,10.829877853393555,20.688703536987305,0.1990521103143692,0.824999988079071
426,410,640,360,C3,44,nonblind_diagnostic,X,0.01,False,False,64,582,571,571,300,24,11,0,1,0,1,1462,1462,0,1,root_band,,0,0,0,,,,,0,,,,
426,410,640,360,C3,44,nonblind_diagnostic,X,0.01,False,False,64,582,571,571,300,24,11,0,1,0,1,1462,1462,600,1,outside_root_band,0.1924598589539528,0,0,300,10.464554786682129,20.370519638061523,0.18586760759353638,0.8233333230018616,600,10.829877853393555,20.688703536987305,0.1990521103143692,0.824999988079071
427,410,640,360,C3,44,nonblind_diagnostic,Y,0.01,False,False,64,582,571,571,300,24,11,0,1,0,1,1462,1462,600,1,all,0.19243798404932022,0,0,300,10.463916778564453,20.370519638061523,0.18584632873535156,0.8233333230018616,600,10.829203605651855,20.688703536987305,0.19902963936328888,0.824999988079071
427,410,640,360,C3,44,nonblind_diagnostic,Y,0.01,False,False,64,582,571,571,300,24,11,0,1,0,1,1462,1462,0,1,root_band,,0,0,0,,,,,0,,,,
427,410,640,360,C3,44,nonblind_diagnostic,Y,0.01,False,False,64,582,571,571,300,24,11,0,1,0,1,1462,1462,600,1,outside_root_band,0.19243798404932022,0,0,300,10.463916778564453,20.370519638061523,0.18584632873535156,0.8233333230018616,600,10.829203605651855,20.688703536987305,0.19902963936328888,0.824999988079071
428,410,640,360,C3,44,nonblind_diagnostic,A,0.01,False,False,64,582,571,571,300,24,11,0,1,0,1,1462,1462,600,1,all,0.1924326792359352,0,0,300,10.463762283325195,20.370519638061523,0.18584121763706207,0.8233333230018616,600,10.8290376663208,20.688703536987305,0.19902414083480835,0.824999988079071
428,410,640,360,C3,44,nonblind_diagnostic,A,0.01,False,False,64,582,571,571,300,24,11,0,1,0,1,1462,1462,0,1,root_band,,0,0,0,,,,,0,,,,
428,410,640,360,C3,44,nonblind_diagnostic,A,0.01,False,False,64,582,571,571,300,24,11,0,1,0,1,1462,1462,600,1,outside_root_band,0.1924326792359352,0,0,300,10.463762283325195,20.370519638061523,0.18584121763706207,0.8233333230018616,600,10.8290376663208,20.688703536987305,0.19902414083480835,0.824999988079071
429,410,640,360,C3,44,nonblind_diagnostic,B,0.01,False,False,64,582,571,571,300,24,11,0,1,0,1,1462,1462,600,1,all,0.1924433410167694,0,0,300,10.464069366455078,20.370519638061523,0.18585141003131866,0.8233333230018616,600,10.82937240600586,20.688703536987305,0.19903527200222015,0.824999988079071
429,410,640,360,C3,44,nonblind_diagnostic,B,0.01,False,False,64,582,571,571,300,24,11,0,1,0,1,1462,1462,0,1,root_band,,0,0,0,,,,,0,,,,
429,410,640,360,C3,44,nonblind_diagnostic,B,0.01,False,False,64,582,571,571,300,24,11,0,1,0,1,1462,1462,600,1,outside_root_band,0.1924433410167694,0,0,300,10.464069366455078,20.370519638061523,0.18585141003131866,0.8233333230018616,600,10.82937240600586,20.688703536987305,0.19903527200222015,0.824999988079071
430,410,640,360,C3,44,nonblind_diagnostic,C,0.01,False,False,64,582,571,571,300,24,11,0,1,0,1,1462,1462,600,1,all,0.19245390594005585,0,0,300,10.464371681213379,20.370519638061523,0.1858615130186081,0.8233333230018616,600,10.829703330993652,20.688703536987305,0.1990462988615036,0.824999988079071
430,410,640,360,C3,44,nonblind_diagnostic,C,0.01,False,False,64,582,571,571,300,24,11,0,1,0,1,1462,1462,0,1,root_band,,0,0,0,,,,,0,,,,
430,410,640,360,C3,44,nonblind_diagnostic,C,0.01,False,False,64,582,571,571,300,24,11,0,1,0,1,1462,1462,600,1,outside_root_band,0.19245390594005585,0,0,300,10.464371681213379,20.370519638061523,0.1858615130186081,0.8233333230018616,600,10.829703330993652,20.688703536987305,0.1990462988615036,0.824999988079071
431,410,640,360,C3,44,nonblind_diagnostic,X,-0.02,False,False,64,582,571,571,300,24,11,0,1,0,1,1462,1462,600,1,all,0.192473903298378,0,0,300,10.464923858642578,20.370519638061523,0.1858798712491989,0.8233333230018616,600,10.830353736877441,20.688703536987305,0.19906793534755707,0.824999988079071
431,410,640,360,C3,44,nonblind_diagnostic,X,-0.02,False,False,64,582,571,571,300,24,11,0,1,0,1,1462,1462,0,1,root_band,,0,0,0,,,,,0,,,,
431,410,640,360,C3,44,nonblind_diagnostic,X,-0.02,False,False,64,582,571,571,300,24,11,0,1,0,1,1462,1462,600,1,outside_root_band,0.192473903298378,0,0,300,10.464923858642578,20.370519638061523,0.1858798712491989,0.8233333230018616,600,10.830353736877441,20.688703536987305,0.19906793534755707,0.824999988079071
432,410,640,360,C3,44,nonblind_diagnostic,Y,-0.02,False,False,64,582,571,571,300,24,11,0,1,0,1,1462,1462,600,1,all,0.19251742213964462,0,0,300,10.466194152832031,20.370519638061523,0.18592220544815063,0.8233333230018616,600,10.831696510314941,20.688703536987305,0.1991126388311386,0.824999988079071
432,410,640,360,C3,44,nonblind_diagnostic,Y,-0.02,False,False,64,582,571,571,300,24,11,0,1,0,1,1462,1462,0,1,root_band,,0,0,0,,,,,0,,,,
432,410,640,360,C3,44,nonblind_diagnostic,Y,-0.02,False,False,64,582,571,571,300,24,11,0,1,0,1,1462,1462,600,1,outside_root_band,0.19251742213964462,0,0,300,10.466194152832031,20.370519638061523,0.18592220544815063,0.8233333230018616,600,10.831696510314941,20.688703536987305,0.1991126388311386,0.824999988079071
433,410,640,360,C3,44,nonblind_diagnostic,A,-0.02,False,False,64,582,571,571,300,24,11,0,1,0,1,1462,1462,600,1,all,0.19252832978963852,0,0,300,10.466509819030762,20.370519638061523,0.1859326809644699,0.8233333230018616,600,10.832036018371582,20.688703536987305,0.19912397861480713,0.824999988079071
433,410,640,360,C3,44,nonblind_diagnostic,A,-0.02,False,False,64,582,571,571,300,24,11,0,1,0,1,1462,1462,0,1,root_band,,0,0,0,,,,,0,,,,
433,410,640,360,C3,44,nonblind_diagnostic,A,-0.02,False,False,64,582,571,571,300,24,11,0,1,0,1,1462,1462,600,1,outside_root_band,0.19252832978963852,0,0,300,10.466509819030762,20.370519638061523,0.1859326809644699,0.8233333230018616,600,10.832036018371582,20.688703536987305,0.19912397861480713,0.824999988079071
434,410,640,360,C3,44,nonblind_diagnostic,B,-0.02,False,False,64,582,571,571,300,24,11,0,1,0,1,1462,1462,600,1,all,0.19250693917274475,0,0,300,10.465895652770996,20.370519638061523,0.18591225147247314,0.8233333230018616,600,10.831363677978516,20.688703536987305,0.19910162687301636,0.824999988079071
434,410,640,360,C3,44,nonblind_diagnostic,B,-0.02,False,False,64,582,571,571,300,24,11,0,1,0,1,1462,1462,0,1,root_band,,0,0,0,,,,,0,,,,
434,410,640,360,C3,44,nonblind_diagnostic,B,-0.02,False,False,64,582,571,571,300,24,11,0,1,0,1,1462,1462,600,1,outside_root_band,0.19250693917274475,0,0,300,10.465895652770996,20.370519638061523,0.18591225147247314,0.8233333230018616,600,10.831363677978516,20.688703536987305,0.19910162687301636,0.824999988079071
435,410,640,360,C3,44,nonblind_diagnostic,C,-0.02,False,False,64,582,571,571,300,24,11,0,1,0,1,1462,1462,600,1,all,0.19248560070991516,0,0,300,10.465282440185547,20.370519638061523,0.18589182198047638,0.8233333230018616,600,10.830697059631348,20.688703536987305,0.19907937943935394,0.824999988079071
435,410,640,360,C3,44,nonblind_diagnostic,C,-0.02,False,False,64,582,571,571,300,24,11,0,1,0,1,1462,1462,0,1,root_band,,0,0,0,,,,,0,,,,
435,410,640,360,C3,44,nonblind_diagnostic,C,-0.02,False,False,64,582,571,571,300,24,11,0,1,0,1,1462,1462,600,1,outside_root_band,0.19248560070991516,0,0,300,10.465282440185547,20.370519638061523,0.18589182198047638,0.8233333230018616,600,10.830697059631348,20.688703536987305,0.19907937943935394,0.824999988079071
436,410,640,360,C3,44,nonblind_diagnostic,X,0.02,False,False,64,582,571,571,300,24,11,0,1,0,1,1462,1462,600,1,all,0.19245482981204987,0,0,300,10.464422225952148,20.370519638061523,0.1858632117509842,0.8233333230018616,600,10.829708099365234,20.688703536987305,0.19904644787311554,0.824999988079071
436,410,640,360,C3,44,nonblind_diagnostic,X,0.02,False,False,64,582,571,571,300,24,11,0,1,0,1,1462,1462,0,1,root_band,,0,0,0,,,,,0,,,,
436,410,640,360,C3,44,nonblind_diagnostic,X,0.02,False,False,64,582,571,571,300,24,11,0,1,0,1,1462,1462,600,1,outside_root_band,0.19245482981204987,0,0,300,10.464422225952148,20.370519638061523,0.1858632117509842,0.8233333230018616,600,10.829708099365234,20.688703536987305,0.19904644787311554,0.824999988079071
437,410,640,360,C3,44,nonblind_diagnostic,Y,0.02,False,False,64,582,571,571,300,24,11,0,1,0,1,1462,1462,600,1,all,0.19241154938936234,0,0,300,10.463155746459961,20.370519638061523,0.185821071267128,0.8233333230018616,600,10.828373908996582,20.688703536987305,0.19900202751159668,0.824999988079071
437,410,640,360,C3,44,nonblind_diagnostic,Y,0.02,False,False,64,582,571,571,300,24,11,0,1,0,1,1462,1462,0,1,root_band,,0,0,0,,,,,0,,,,
437,410,640,360,C3,44,nonblind_diagnostic,Y,0.02,False,False,64,582,571,571,300,24,11,0,1,0,1,1462,1462,600,1,outside_root_band,0.19241154938936234,0,0,300,10.463155746459961,20.370519638061523,0.185821071267128,0.8233333230018616,600,10.828373908996582,20.688703536987305,0.19900202751159668,0.824999988079071
438,410,640,360,C3,44,nonblind_diagnostic,A,0.02,False,False,64,582,571,571,300,24,11,0,1,0,1,1462,1462,600,1,all,0.1924009919166565,0,0,300,10.462852478027344,20.370519638061523,0.18581092357635498,0.8233333230018616,600,10.828043937683105,20.688703536987305,0.198991060256958,0.824999988079071
438,410,640,360,C3,44,nonblind_diagnostic,A,0.02,False,False,64,582,571,571,300,24,11,0,1,0,1,1462,1462,0,1,root_band,,0,0,0,,,,,0,,,,
438,410,640,360,C3,44,nonblind_diagnostic,A,0.02,False,False,64,582,571,571,300,24,11,0,1,0,1,1462,1462,600,1,outside_root_band,0.1924009919166565,0,0,300,10.462852478027344,20.370519638061523,0.18581092357635498,0.8233333230018616,600,10.828043937683105,20.688703536987305,0.198991060256958,0.824999988079071
439,410,640,360,C3,44,nonblind_diagnostic,B,0.02,False,False,64,582,571,571,300,24,11,0,1,0,1,1462,1462,600,1,all,0.192422017455101,0,0,300,10.463456153869629,20.370519638061523,0.18583102524280548,0.8233333230018616,600,10.828702926635742,20.688703536987305,0.19901300966739655,0.824999988079071
439,410,640,360,C3,44,nonblind_diagnostic,B,0.02,False,False,64,582,571,571,300,24,11,0,1,0,1,1462,1462,0,1,root_band,,0,0,0,,,,,0,,,,
439,410,640,360,C3,44,nonblind_diagnostic,B,0.02,False,False,64,582,571,571,300,24,11,0,1,0,1,1462,1462,600,1,outside_root_band,0.192422017455101,0,0,300,10.463456153869629,20.370519638061523,0.18583102524280548,0.8233333230018616,600,10.828702926635742,20.688703536987305,0.19901300966739655,0.824999988079071
440,410,640,360,C3,44,nonblind_diagnostic,C,0.02,False,False,64,582,571,571,300,24,11,0,1,0,1,1462,1462,600,1,all,0.19244356453418732,0,0,300,10.46407413482666,20.370519638061523,0.18585161864757538,0.8233333230018616,600,10.829379081726074,20.688703536987305,0.19903551042079926,0.824999988079071
440,410,640,360,C3,44,nonblind_diagnostic,C,0.02,False,False,64,582,571,571,300,24,11,0,1,0,1,1462,1462,0,1,root_band,,0,0,0,,,,,0,,,,
440,410,640,360,C3,44,nonblind_diagnostic,C,0.02,False,False,64,582,571,571,300,24,11,0,1,0,1,1462,1462,600,1,outside_root_band,0.19244356453418732,0,0,300,10.46407413482666,20.370519638061523,0.18585161864757538,0.8233333230018616,600,10.829379081726074,20.688703536987305,0.19903551042079926,0.824999988079071
441,410,640,360,C3,44,nonblind_diagnostic,X,-0.05,False,False,64,582,571,571,300,24,11,0,1,0,1,1462,1462,600,1,all,0.19248788058757782,0,0,300,10.465289115905762,20.370519638061523,0.1858920454978943,0.8233333230018616,600,10.830827713012695,20.688703536987305,0.19908371567726135,0.824999988079071
441,410,640,360,C3,44,nonblind_diagnostic,X,-0.05,False,False,64,582,571,571,300,24,11,0,1,0,1,1462,1462,0,1,root_band,,0,0,0,,,,,0,,,,
441,410,640,360,C3,44,nonblind_diagnostic,X,-0.05,False,False,64,582,571,571,300,24,11,0,1,0,1,1462,1462,600,1,outside_root_band,0.19248788058757782,0,0,300,10.465289115905762,20.370519638061523,0.1858920454978943,0.8233333230018616,600,10.830827713012695,20.688703536987305,0.19908371567726135,0.824999988079071
442,410,640,360,C3,44,nonblind_diagnostic,Y,-0.05,False,False,64,582,571,571,300,24,11,0,1,0,1,1462,1462,600,1,all,0.19259639084339142,0,0,300,10.468459129333496,20.370519638061523,0.18599765002727509,0.8233333230018616,600,10.834173202514648,20.688703536987305,0.19919513165950775,0.824999988079071
442,410,640,360,C3,44,nonblind_diagnostic,Y,-0.05,False,False,64,582,571,571,300,24,11,0,1,0,1,1462,1462,0,1,root_band,,0,0,0,,,,,0,,,,
442,410,640,360,C3,44,nonblind_diagnostic,Y,-0.05,False,False,64,582,571,571,300,24,11,0,1,0,1,1462,1462,600,1,outside_root_band,0.19259639084339142,0,0,300,10.468459129333496,20.370519638061523,0.18599765002727509,0.8233333230018616,600,10.834173202514648,20.688703536987305,0.19919513165950775,0.824999988079071
443,410,640,360,C3,44,nonblind_diagnostic,A,-0.05,False,False,64,582,571,571,300,24,11,0,1,0,1,1462,1462,600,1,all,0.19262520223855972,0,0,300,10.469294548034668,20.370519638061523,0.18602539598941803,0.8233333230018616,600,10.835068702697754,20.688703536987305,0.19922500848770142,0.824999988079071
443,410,640,360,C3,44,nonblind_diagnostic,A,-0.05,False,False,64,582,571,571,300,24,11,0,1,0,1,1462,1462,0,1,root_band,,0,0,0,,,,,0,,,,
443,410,640,360,C3,44,nonblind_diagnostic,A,-0.05,False,False,64,582,571,571,300,24,11,0,1,0,1,1462,1462,600,1,outside_root_band,0.19262520223855972,0,0,300,10.469294548034668,20.370519638061523,0.18602539598941803,0.8233333230018616,600,10.835068702697754,20.688703536987305,0.19922500848770142,0.824999988079071
444,410,640,360,C3,44,nonblind_diagnostic,B,-0.05,False,False,64,582,571,571,300,24,11,0,1,0,1,1462,1462,600,1,all,0.19257143139839172,0,0,300,10.467748641967773,20.370519638061523,0.1859739124774933,0.8233333230018616,600,10.833386421203613,20.688703536987305,0.19916895031929016,0.824999988079071
444,410,640,360,C3,44,nonblind_diagnostic,B,-0.05,False,False,64,582,571,571,300,24,11,0,1,0,1,1462,1462,0,1,root_band,,0,0,0,,,,,0,,,,
444,410,640,360,C3,44,nonblind_diagnostic,B,-0.05,False,False,64,582,571,571,300,24,11,0,1,0,1,1462,1462,600,1,outside_root_band,0.19257143139839172,0,0,300,10.467748641967773,20.370519638061523,0.1859739124774933,0.8233333230018616,600,10.833386421203613,20.688703536987305,0.19916895031929016,0.824999988079071
445,410,640,360,C3,44,nonblind_diagnostic,C,-0.05,False,False,64,582,571,571,300,24,11,0,1,0,1,1462,1462,600,1,all,0.1925179362297058,0,0,300,10.466211318969727,20.370519638061523,0.1859227567911148,0.8233333230018616,600,10.831709861755371,20.688703536987305,0.19911311566829681,0.824999988079071
445,410,640,360,C3,44,nonblind_diagnostic,C,-0.05,False,False,64,582,571,571,300,24,11,0,1,0,1,1462,1462,0,1,root_band,,0,0,0,,,,,0,,,,
445,410,640,360,C3,44,nonblind_diagnostic,C,-0.05,False,False,64,582,571,571,300,24,11,0,1,0,1,1462,1462,600,1,outside_root_band,0.1925179362297058,0,0,300,10.466211318969727,20.370519638061523,0.1859227567911148,0.8233333230018616,600,10.831709861755371,20.688703536987305,0.19911311566829681,0.824999988079071
446,410,640,360,C3,44,nonblind_diagnostic,X,0.05,False,False,64,582,571,571,300,24,11,0,1,0,1,1462,1462,600,1,all,0.19244108349084854,0,0,300,10.464065551757812,20.370519638061523,0.1858513504266739,0.8233333230018616,600,10.829237937927246,20.688703536987305,0.1990308165550232,0.824999988079071
446,410,640,360,C3,44,nonblind_diagnostic,X,0.05,False,False,64,582,571,571,300,24,11,0,1,0,1,1462,1462,0,1,root_band,,0,0,0,,,,,0,,,,
446,410,640,360,C3,44,nonblind_diagnostic,X,0.05,False,False,64,582,571,571,300,24,11,0,1,0,1,1462,1462,600,1,outside_root_band,0.19244108349084854,0,0,300,10.464065551757812,20.370519638061523,0.1858513504266739,0.8233333230018616,600,10.829237937927246,20.688703536987305,0.1990308165550232,0.824999988079071
447,410,640,360,C3,44,nonblind_diagnostic,Y,0.05,False,False,64,582,571,571,300,24,11,0,1,0,1,1462,1462,600,1,all,0.19233246892690659,0,0,300,10.460887908935547,20.370519638061523,0.18574559688568115,0.8233333230018616,600,10.825887680053711,20.688703536987305,0.19891934096813202,0.824999988079071
447,410,640,360,C3,44,nonblind_diagnostic,Y,0.05,False,False,64,582,571,571,300,24,11,0,1,0,1,1462,1462,0,1,root_band,,0,0,0,,,,,0,,,,
447,410,640,360,C3,44,nonblind_diagnostic,Y,0.05,False,False,64,582,571,571,300,24,11,0,1,0,1,1462,1462,600,1,outside_root_band,0.19233246892690659,0,0,300,10.460887908935547,20.370519638061523,0.18574559688568115,0.8233333230018616,600,10.825887680053711,20.688703536987305,0.19891934096813202,0.824999988079071
448,410,640,360,C3,44,nonblind_diagnostic,A,0.05,False,False,64,582,571,571,300,24,11,0,1,0,1,1462,1462,600,1,all,0.19230689853429794,0,0,300,10.460145950317383,20.370519638061523,0.18572095036506653,0.8233333230018616,600,10.825092315673828,20.688703536987305,0.19889284670352936,0.824999988079071
448,410,640,360,C3,44,nonblind_diagnostic,A,0.05,False,False,64,582,571,571,300,24,11,0,1,0,1,1462,1462,0,1,root_band,,0,0,0,,,,,0,,,,
448,410,640,360,C3,44,nonblind_diagnostic,A,0.05,False,False,64,582,571,571,300,24,11,0,1,0,1,1462,1462,600,1,outside_root_band,0.19230689853429794,0,0,300,10.460145950317383,20.370519638061523,0.18572095036506653,0.8233333230018616,600,10.825092315673828,20.688703536987305,0.19889284670352936,0.824999988079071
449,410,640,360,C3,44,nonblind_diagnostic,B,0.05,False,False,64,582,571,571,300,24,11,0,1,0,1,1462,1462,600,1,all,0.1923595815896988,0,0,300,10.461662292480469,20.370519638061523,0.18577133119106293,0.8233333230018616,600,10.82674503326416,20.688703536987305,0.19894783198833466,0.824999988079071
449,410,640,360,C3,44,nonblind_diagnostic,B,0.05,False,False,64,582,571,571,300,24,11,0,1,0,1,1462,1462,0,1,root_band,,0,0,0,,,,,0,,,,
449,410,640,360,C3,44,nonblind_diagnostic,B,0.05,False,False,64,582,571,571,300,24,11,0,1,0,1,1462,1462,600,1,outside_root_band,0.1923595815896988,0,0,300,10.461662292480469,20.370519638061523,0.18577133119106293,0.8233333230018616,600,10.82674503326416,20.688703536987305,0.19894783198833466,0.824999988079071
450,410,640,360,C3,44,nonblind_diagnostic,C,0.05,False,False,64,582,571,571,300,24,11,0,1,0,1,1462,1462,600,1,all,0.1924121230840683,0,0,300,10.463172912597656,20.370519638061523,0.18582157790660858,0.8233333230018616,600,10.82839298248291,20.688703536987305,0.19900266826152802,0.824999988079071
450,410,640,360,C3,44,nonblind_diagnostic,C,0.05,False,False,64,582,571,571,300,24,11,0,1,0,1,1462,1462,0,1,root_band,,0,0,0,,,,,0,,,,
450,410,640,360,C3,44,nonblind_diagnostic,C,0.05,False,False,64,582,571,571,300,24,11,0,1,0,1,1462,1462,600,1,outside_root_band,0.1924121230840683,0,0,300,10.463172912597656,20.370519638061523,0.18582157790660858,0.8233333230018616,600,10.82839298248291,20.688703536987305,0.19900266826152802,0.824999988079071
451,451,640,360,C3,45,nonblind_diagnostic,baseline,0.0,False,False,64,188,178,178,178,4,10,0,0,0,1,507,507,507,0,all,0.49059127271175385,0,0,178,20.308340072631836,22.881168365478516,0.4769446551799774,1.0,507,21.12713623046875,23.39454460144043,0.5042378902435303,1.0
451,451,640,360,C3,45,nonblind_diagnostic,baseline,0.0,False,False,64,188,178,178,178,4,10,0,0,0,1,507,507,0,0,root_band,,0,0,0,,,,,0,,,,
451,451,640,360,C3,45,nonblind_diagnostic,baseline,0.0,False,False,64,188,178,178,178,4,10,0,0,0,1,507,507,507,0,outside_root_band,0.49059127271175385,0,0,178,20.308340072631836,22.881168365478516,0.4769446551799774,1.0,507,21.12713623046875,23.39454460144043,0.5042378902435303,1.0
452,451,640,360,C3,45,nonblind_diagnostic,X,-0.005,False,False,64,188,178,178,178,4,10,0,0,0,1,507,507,507,0,all,0.4905937612056732,0,0,178,20.308414459228516,22.881168365478516,0.4769471287727356,1.0,507,21.127212524414062,23.39454460144043,0.5042403936386108,1.0
452,451,640,360,C3,45,nonblind_diagnostic,X,-0.005,False,False,64,188,178,178,178,4,10,0,0,0,1,507,507,0,0,root_band,,0,0,0,,,,,0,,,,
452,451,640,360,C3,45,nonblind_diagnostic,X,-0.005,False,False,64,188,178,178,178,4,10,0,0,0,1,507,507,507,0,outside_root_band,0.4905937612056732,0,0,178,20.308414459228516,22.881168365478516,0.4769471287727356,1.0,507,21.127212524414062,23.39454460144043,0.5042403936386108,1.0
453,451,640,360,C3,45,nonblind_diagnostic,Y,-0.005,False,False,64,188,178,178,178,4,10,0,0,0,1,507,507,507,0,all,0.49060511589050293,0,0,178,20.308748245239258,22.881168365478516,0.4769582748413086,1.0,507,21.127559661865234,23.39454460144043,0.5042519569396973,1.0
453,451,640,360,C3,45,nonblind_diagnostic,Y,-0.005,False,False,64,188,178,178,178,4,10,0,0,0,1,507,507,0,0,root_band,,0,0,0,,,,,0,,,,
453,451,640,360,C3,45,nonblind_diagnostic,Y,-0.005,False,False,64,188,178,178,178,4,10,0,0,0,1,507,507,507,0,outside_root_band,0.49060511589050293,0,0,178,20.308748245239258,22.881168365478516,0.4769582748413086,1.0,507,21.127559661865234,23.39454460144043,0.5042519569396973,1.0
454,451,640,360,C3,45,nonblind_diagnostic,A,-0.005,False,False,64,188,178,178,178,4,10,0,0,0,1,507,507,507,0,all,0.4906075447797775,0,0,178,20.308818817138672,22.881168365478516,0.4769606292247772,1.0,507,21.12763214111328,23.39454460144043,0.5042544603347778,1.0
454,451,640,360,C3,45,nonblind_diagnostic,A,-0.005,False,False,64,188,178,178,178,4,10,0,0,0,1,507,507,0,0,root_band,,0,0,0,,,,,0,,,,
454,451,640,360,C3,45,nonblind_diagnostic,A,-0.005,False,False,64,188,178,178,178,4,10,0,0,0,1,507,507,507,0,outside_root_band,0.4906075447797775,0,0,178,20.308818817138672,22.881168365478516,0.4769606292247772,1.0,507,21.12763214111328,23.39454460144043,0.5042544603347778,1.0
455,451,640,360,C3,45,nonblind_diagnostic,B,-0.005,False,False,64,188,178,178,178,4,10,0,0,0,1,507,507,507,0,all,0.4906020015478134,0,0,178,20.308656692504883,22.881168365478516,0.47695520520210266,1.0,507,21.127464294433594,23.39454460144043,0.5042487978935242,1.0
455,451,640,360,C3,45,nonblind_diagnostic,B,-0.005,False,False,64,188,178,178,178,4,10,0,0,0,1,507,507,0,0,root_band,,0,0,0,,,,,0,,,,
455,451,640,360,C3,45,nonblind_diagnostic,B,-0.005,False,False,64,188,178,178,178,4,10,0,0,0,1,507,507,507,0,outside_root_band,0.4906020015478134,0,0,178,20.308656692504883,22.881168365478516,0.47695520520210266,1.0,507,21.127464294433594,23.39454460144043,0.5042487978935242,1.0
456,451,640,360,C3,45,nonblind_diagnostic,C,-0.005,False,False,64,188,178,178,178,4,10,0,0,0,1,507,507,507,0,all,0.4905969053506851,0,0,178,20.308507919311523,22.881168365478516,0.47695019841194153,1.0,507,21.127307891845703,23.39454460144043,0.5042436122894287,1.0
456,451,640,360,C3,45,nonblind_diagnostic,C,-0.005,False,False,64,188,178,178,178,4,10,0,0,0,1,507,507,0,0,root_band,,0,0,0,,,,,0,,,,
456,451,640,360,C3,45,nonblind_diagnostic,C,-0.005,False,False,64,188,178,178,178,4,10,0,0,0,1,507,507,507,0,outside_root_band,0.4905969053506851,0,0,178,20.308507919311523,22.881168365478516,0.47695019841194153,1.0,507,21.127307891845703,23.39454460144043,0.5042436122894287,1.0
457,451,640,360,C3,45,nonblind_diagnostic,X,0.005,False,False,64,188,178,178,178,4,10,0,0,0,1,507,507,507,0,all,0.49058854579925537,0,0,178,20.308259963989258,22.881168365478516,0.4769420027732849,1.0,507,21.127052307128906,23.39454460144043,0.5042350888252258,1.0
457,451,640,360,C3,45,nonblind_diagnostic,X,0.005,False,False,64,188,178,178,178,4,10,0,0,0,1,507,507,0,0,root_band,,0,0,0,,,,,0,,,,
457,451,640,360,C3,45,nonblind_diagnostic,X,0.005,False,False,64,188,178,178,178,4,10,0,0,0,1,507,507,507,0,outside_root_band,0.49058854579925537,0,0,178,20.308259963989258,22.881168365478516,0.4769420027732849,1.0,507,21.127052307128906,23.39454460144043,0.5042350888252258,1.0
458,451,640,360,C3,45,nonblind_diagnostic,Y,0.005,False,False,64,188,178,178,178,4,10,0,0,0,1,507,507,507,0,all,0.4905775785446167,0,0,178,20.307931900024414,22.881168365478516,0.4769311547279358,1.0,507,21.126720428466797,23.39454460144043,0.5042240023612976,1.0
458,451,640,360,C3,45,nonblind_diagnostic,Y,0.005,False,False,64,188,178,178,178,4,10,0,0,0,1,507,507,0,0,root_band,,0,0,0,,,,,0,,,,
458,451,640,360,C3,45,nonblind_diagnostic,Y,0.005,False,False,64,188,178,178,178,4,10,0,0,0,1,507,507,507,0,outside_root_band,0.4905775785446167,0,0,178,20.307931900024414,22.881168365478516,0.4769311547279358,1.0,507,21.126720428466797,23.39454460144043,0.5042240023612976,1.0
459,451,640,360,C3,45,nonblind_diagnostic,A,0.005,False,False,64,188,178,178,178,4,10,0,0,0,1,507,507,507,0,all,0.49057455360889435,0,0,178,20.307844161987305,22.881168365478516,0.4769282042980194,1.0,507,21.126625061035156,23.39454460144043,0.5042209029197693,1.0
459,451,640,360,C3,45,nonblind_diagnostic,A,0.005,False,False,64,188,178,178,178,4,10,0,0,0,1,507,507,0,0,root_band,,0,0,0,,,,,0,,,,
459,451,640,360,C3,45,nonblind_diagnostic,A,0.005,False,False,64,188,178,178,178,4,10,0,0,0,1,507,507,507,0,outside_root_band,0.49057455360889435,0,0,178,20.307844161987305,22.881168365478516,0.4769282042980194,1.0,507,21.126625061035156,23.39454460144043,0.5042209029197693,1.0
460,451,640,360,C3,45,nonblind_diagnostic,B,0.005,False,False,64,188,178,178,178,4,10,0,0,0,1,507,507,507,0,all,0.4905804693698883,0,0,178,20.308019638061523,22.881168365478516,0.476934015750885,1.0,507,21.126806259155273,23.39454460144043,0.5042269229888916,1.0
460,451,640,360,C3,45,nonblind_diagnostic,B,0.005,False,False,64,188,178,178,178,4,10,0,0,0,1,507,507,0,0,root_band,,0,0,0,,,,,0,,,,
460,451,640,360,C3,45,nonblind_diagnostic,B,0.005,False,False,64,188,178,178,178,4,10,0,0,0,1,507,507,507,0,outside_root_band,0.4905804693698883,0,0,178,20.308019638061523,22.881168365478516,0.476934015750885,1.0,507,21.126806259155273,23.39454460144043,0.5042269229888916,1.0
461,451,640,360,C3,45,nonblind_diagnostic,C,0.005,False,False,64,188,178,178,178,4,10,0,0,0,1,507,507,507,0,all,0.4905857741832733,0,0,178,20.308176040649414,22.881168365478516,0.47693926095962524,1.0,507,21.12696647644043,23.39454460144043,0.5042322874069214,1.0
461,451,640,360,C3,45,nonblind_diagnostic,C,0.005,False,False,64,188,178,178,178,4,10,0,0,0,1,507,507,0,0,root_band,,0,0,0,,,,,0,,,,
461,451,640,360,C3,45,nonblind_diagnostic,C,0.005,False,False,64,188,178,178,178,4,10,0,0,0,1,507,507,507,0,outside_root_band,0.4905857741832733,0,0,178,20.308176040649414,22.881168365478516,0.47693926095962524,1.0,507,21.12696647644043,23.39454460144043,0.5042322874069214,1.0
462,451,640,360,C3,45,nonblind_diagnostic,X,-0.01,False,False,64,188,178,178,178,4,10,0,0,0,1,507,507,507,0,all,0.49059632420539856,0,0,178,20.308488845825195,22.881168365478516,0.47694963216781616,1.0,507,21.127288818359375,23.39454460144043,0.504243016242981,1.0
462,451,640,360,C3,45,nonblind_diagnostic,X,-0.01,False,False,64,188,178,178,178,4,10,0,0,0,1,507,507,0,0,root_band,,0,0,0,,,,,0,,,,
462,451,640,360,C3,45,nonblind_diagnostic,X,-0.01,False,False,64,188,178,178,178,4,10,0,0,0,1,507,507,507,0,outside_root_band,0.49059632420539856,0,0,178,20.308488845825195,22.881168365478516,0.47694963216781616,1.0,507,21.127288818359375,23.39454460144043,0.504243016242981,1.0
463,451,640,360,C3,45,nonblind_diagnostic,Y,-0.01,False,False,64,188,178,178,178,4,10,0,0,0,1,507,507,507,0,all,0.4906190484762192,0,0,178,20.30915641784668,22.881168365478516,0.4769720137119293,1.0,507,21.127981185913086,23.39454460144043,0.504266083240509,1.0
463,451,640,360,C3,45,nonblind_diagnostic,Y,-0.01,False,False,64,188,178,178,178,4,10,0,0,0,1,507,507,0,0,root_band,,0,0,0,,,,,0,,,,
463,451,640,360,C3,45,nonblind_diagnostic,Y,-0.01,False,False,64,188,178,178,178,4,10,0,0,0,1,507,507,507,0,outside_root_band,0.4906190484762192,0,0,178,20.30915641784668,22.881168365478516,0.4769720137119293,1.0,507,21.127981185913086,23.39454460144043,0.504266083240509,1.0
464,451,640,360,C3,45,nonblind_diagnostic,A,-0.01,False,False,64,188,178,178,178,4,10,0,0,0,1,507,507,507,0,all,0.4906245172023773,0,0,178,20.3093204498291,22.881168365478516,0.4769774079322815,1.0,507,21.128150939941406,23.39454460144043,0.5042716264724731,1.0
464,451,640,360,C3,45,nonblind_diagnostic,A,-0.01,False,False,64,188,178,178,178,4,10,0,0,0,1,507,507,0,0,root_band,,0,0,0,,,,,0,,,,
464,451,640,360,C3,45,nonblind_diagnostic,A,-0.01,False,False,64,188,178,178,178,4,10,0,0,0,1,507,507,507,0,outside_root_band,0.4906245172023773,0,0,178,20.3093204498291,22.881168365478516,0.4769774079322815,1.0,507,21.128150939941406,23.39454460144043,0.5042716264724731,1.0
465,451,640,360,C3,45,nonblind_diagnostic,B,-0.01,False,False,64,188,178,178,178,4,10,0,0,0,1,507,507,507,0,all,0.4906134158372879,0,0,178,20.308992385864258,22.881168365478516,0.4769664704799652,1.0,507,21.127809524536133,23.39454460144043,0.5042603611946106,1.0
465,451,640,360,C3,45,nonblind_diagnostic,B,-0.01,False,False,64,188,178,178,178,4,10,0,0,0,1,507,507,0,0,root_band,,0,0,0,,,,,0,,,,
465,451,640,360,C3,45,nonblind_diagnostic,B,-0.01,False,False,64,188,178,178,178,4,10,0,0,0,1,507,507,507,0,outside_root_band,0.4906134158372879,0,0,178,20.308992385864258,22.881168365478516,0.4769664704799652,1.0,507,21.127809524536133,23.39454460144043,0.5042603611946106,1.0
466,451,640,360,C3,45,nonblind_diagnostic,C,-0.01,False,False,64,188,178,178,178,4,10,0,0,0,1,507,507,507,0,all,0.4906025677919388,0,0,178,20.308673858642578,22.881168365478516,0.4769558012485504,1.0,507,21.127479553222656,23.39454460144043,0.5042493343353271,1.0
466,451,640,360,C3,45,nonblind_diagnostic,C,-0.01,False,False,64,188,178,178,178,4,10,0,0,0,1,507,507,0,0,root_band,,0,0,0,,,,,0,,,,
466,451,640,360,C3,45,nonblind_diagnostic,C,-0.01,False,False,64,188,178,178,178,4,10,0,0,0,1,507,507,507,0,outside_root_band,0.4906025677919388,0,0,178,20.308673858642578,22.881168365478516,0.4769558012485504,1.0,507,21.127479553222656,23.39454460144043,0.5042493343353271,1.0
467,451,640,360,C3,45,nonblind_diagnostic,X,0.01,False,False,64,188,178,178,178,4,10,0,0,0,1,507,507,507,0,all,0.4905862957239151,0,0,178,20.308189392089844,22.881168365478516,0.47693976759910583,1.0,507,21.126983642578125,23.39454460144043,0.5042328238487244,1.0
467,451,640,360,C3,45,nonblind_diagnostic,X,0.01,False,False,64,188,178,178,178,4,10,0,0,0,1,507,507,0,0,root_band,,0,0,0,,,,,0,,,,
467,451,640,360,C3,45,nonblind_diagnostic,X,0.01,False,False,64,188,178,178,178,4,10,0,0,0,1,507,507,507,0,outside_root_band,0.4905862957239151,0,0,178,20.308189392089844,22.881168365478516,0.47693976759910583,1.0,507,21.126983642578125,23.39454460144043,0.5042328238487244,1.0
468,451,640,360,C3,45,nonblind_diagnostic,Y,0.01,False,False,64,188,178,178,178,4,10,0,0,0,1,507,507,507,0,all,0.4905640035867691,0,0,178,20.30753517150879,22.881168365478516,0.4769178330898285,1.0,507,21.126304626464844,23.39454460144043,0.5042101740837097,1.0
468,451,640,360,C3,45,nonblind_diagnostic,Y,0.01,False,False,64,188,178,178,178,4,10,0,0,0,1,507,507,0,0,root_band,,0,0,0,,,,,0,,,,
468,451,640,360,C3,45,nonblind_diagnostic,Y,0.01,False,False,64,188,178,178,178,4,10,0,0,0,1,507,507,507,0,outside_root_band,0.4905640035867691,0,0,178,20.30753517150879,22.881168365478516,0.4769178330898285,1.0,507,21.126304626464844,23.39454460144043,0.5042101740837097,1.0
469,451,640,360,C3,45,nonblind_diagnostic,A,0.01,False,False,64,188,178,178,178,4,10,0,0,0,1,507,507,507,0,all,0.4905584007501602,0,0,178,20.307369232177734,22.881168365478516,0.47691234946250916,1.0,507,21.126131057739258,23.39454460144043,0.5042044520378113,1.0
469,451,640,360,C3,45,nonblind_diagnostic,A,0.01,False,False,64,188,178,178,178,4,10,0,0,0,1,507,507,0,0,root_band,,0,0,0,,,,,0,,,,
469,451,640,360,C3,45,nonblind_diagnostic,A,0.01,False,False,64,188,178,178,178,4,10,0,0,0,1,507,507,507,0,outside_root_band,0.4905584007501602,0,0,178,20.307369232177734,22.881168365478516,0.47691234946250916,1.0,507,21.126131057739258,23.39454460144043,0.5042044520378113,1.0
470,451,640,360,C3,45,nonblind_diagnostic,B,0.01,False,False,64,188,178,178,178,4,10,0,0,0,1,507,507,507,0,all,0.49056921899318695,0,0,178,20.307689666748047,22.881168365478516,0.4769229590892792,1.0,507,21.126462936401367,23.39454460144043,0.5042154788970947,1.0
470,451,640,360,C3,45,nonblind_diagnostic,B,0.01,False,False,64,188,178,178,178,4,10,0,0,0,1,507,507,0,0,root_band,,0,0,0,,,,,0,,,,
470,451,640,360,C3,45,nonblind_diagnostic,B,0.01,False,False,64,188,178,178,178,4,10,0,0,0,1,507,507,507,0,outside_root_band,0.49056921899318695,0,0,178,20.307689666748047,22.881168365478516,0.4769229590892792,1.0,507,21.126462936401367,23.39454460144043,0.5042154788970947,1.0
471,451,640,360,C3,45,nonblind_diagnostic,C,0.01,False,False,64,188,178,178,178,4,10,0,0,0,1,507,507,507,0,all,0.490580677986145,0,0,178,20.308025360107422,22.881168365478516,0.47693419456481934,1.0,507,21.126811981201172,23.39454460144043,0.5042271614074707,1.0
471,451,640,360,C3,45,nonblind_diagnostic,C,0.01,False,False,64,188,178,178,178,4,10,0,0,0,1,507,507,0,0,root_band,,0,0,0,,,,,0,,,,
471,451,640,360,C3,45,nonblind_diagnostic,C,0.01,False,False,64,188,178,178,178,4,10,0,0,0,1,507,507,507,0,outside_root_band,0.490580677986145,0,0,178,20.308025360107422,22.881168365478516,0.47693419456481934,1.0,507,21.126811981201172,23.39454460144043,0.5042271614074707,1.0
472,451,640,360,C3,45,nonblind_diagnostic,X,-0.02,False,False,64,188,178,178,178,4,10,0,0,0,1,507,507,507,0,all,0.49060140550136566,0,0,178,20.308639526367188,22.881168365478516,0.4769546091556549,1.0,507,21.127443313598633,23.39454460144043,0.5042482018470764,1.0
472,451,640,360,C3,45,nonblind_diagnostic,X,-0.02,False,False,64,188,178,178,178,4,10,0,0,0,1,507,507,0,0,root_band,,0,0,0,,,,,0,,,,
472,451,640,360,C3,45,nonblind_diagnostic,X,-0.02,False,False,64,188,178,178,178,4,10,0,0,0,1,507,507,507,0,outside_root_band,0.49060140550136566,0,0,178,20.308639526367188,22.881168365478516,0.4769546091556549,1.0,507,21.127443313598633,23.39454460144043,0.5042482018470764,1.0
473,451,640,360,C3,45,nonblind_diagnostic,Y,-0.02,False,False,64,188,178,178,178,4,10,0,0,0,1,507,507,507,0,all,0.4906468689441681,0,0,178,20.309982299804688,22.881168365478516,0.47699934244155884,1.0,507,21.128829956054688,23.39454460144043,0.5042943954467773,1.0
473,451,640,360,C3,45,nonblind_diagnostic,Y,-0.02,False,False,64,188,178,178,178,4,10,0,0,0,1,507,507,0,0,root_band,,0,0,0,,,,,0,,,,
473,451,640,360,C3,45,nonblind_diagnostic,Y,-0.02,False,False,64,188,178,178,178,4,10,0,0,0,1,507,507,507,0,outside_root_band,0.4906468689441681,0,0,178,20.309982299804688,22.881168365478516,0.47699934244155884,1.0,507,21.128829956054688,23.39454460144043,0.5042943954467773,1.0
474,451,640,360,C3,45,nonblind_diagnostic,A,-0.02,False,False,64,188,178,178,178,4,10,0,0,0,1,507,507,507,0,all,0.4906574934720993,0,0,178,20.310293197631836,22.881168365478516,0.4770098626613617,1.0,507,21.129154205322266,23.39454460144043,0.5043051242828369,1.0
474,451,640,360,C3,45,nonblind_diagnostic,A,-0.02,False,False,64,188,178,178,178,4,10,0,0,0,1,507,507,0,0,root_band,,0,0,0,,,,,0,,,,
474,451,640,360,C3,45,nonblind_diagnostic,A,-0.02,False,False,64,188,178,178,178,4,10,0,0,0,1,507,507,507,0,outside_root_band,0.4906574934720993,0,0,178,20.310293197631836,22.881168365478516,0.4770098626613617,1.0,507,21.129154205322266,23.39454460144043,0.5043051242828369,1.0
475,451,640,360,C3,45,nonblind_diagnostic,B,-0.02,False,False,64,188,178,178,178,4,10,0,0,0,1,507,507,507,0,all,0.49063561856746674,0,0,178,20.309650421142578,22.881168365478516,0.476988285779953,1.0,507,21.128488540649414,23.39454460144043,0.5042829513549805,1.0
475,451,640,360,C3,45,nonblind_diagnostic,B,-0.02,False,False,64,188,178,178,178,4,10,0,0,0,1,507,507,0,0,root_band,,0,0,0,,,,,0,,,,
475,451,640,360,C3,45,nonblind_diagnostic,B,-0.02,False,False,64,188,178,178,178,4,10,0,0,0,1,507,507,507,0,outside_root_band,0.49063561856746674,0,0,178,20.309650421142578,22.881168365478516,0.476988285779953,1.0,507,21.128488540649414,23.39454460144043,0.5042829513549805,1.0
476,451,640,360,C3,45,nonblind_diagnostic,C,-0.02,False,False,64,188,178,178,178,4,10,0,0,0,1,507,507,507,0,all,0.4906134158372879,0,0,178,20.308992385864258,22.881168365478516,0.4769664704799652,1.0,507,21.127809524536133,23.39454460144043,0.5042603611946106,1.0
476,451,640,360,C3,45,nonblind_diagnostic,C,-0.02,False,False,64,188,178,178,178,4,10,0,0,0,1,507,507,0,0,root_band,,0,0,0,,,,,0,,,,
476,451,640,360,C3,45,nonblind_diagnostic,C,-0.02,False,False,64,188,178,178,178,4,10,0,0,0,1,507,507,507,0,outside_root_band,0.4906134158372879,0,0,178,20.308992385864258,22.881168365478516,0.4769664704799652,1.0,507,21.127809524536133,23.39454460144043,0.5042603611946106,1.0
477,451,640,360,C3,45,nonblind_diagnostic,X,0.02,False,False,64,188,178,178,178,4,10,0,0,0,1,507,507,507,0,all,0.49058109521865845,0,0,178,20.30803871154785,22.881168365478516,0.47693467140197754,1.0,507,21.12682342529297,23.39454460144043,0.5042275190353394,1.0
477,451,640,360,C3,45,nonblind_diagnostic,X,0.02,False,False,64,188,178,178,178,4,10,0,0,0,1,507,507,0,0,root_band,,0,0,0,,,,,0,,,,
477,451,640,360,C3,45,nonblind_diagnostic,X,0.02,False,False,64,188,178,178,178,4,10,0,0,0,1,507,507,507,0,outside_root_band,0.49058109521865845,0,0,178,20.30803871154785,22.881168365478516,0.47693467140197754,1.0,507,21.12682342529297,23.39454460144043,0.5042275190353394,1.0
478,451,640,360,C3,45,nonblind_diagnostic,Y,0.02,False,False,64,188,178,178,178,4,10,0,0,0,1,507,507,507,0,all,0.4905363470315933,0,0,178,20.306718826293945,22.881168365478516,0.47689059376716614,1.0,507,21.12546157836914,23.39454460144043,0.5041821002960205,1.0
478,451,640,360,C3,45,nonblind_diagnostic,Y,0.02,False,False,64,188,178,178,178,4,10,0,0,0,1,507,507,0,0,root_band,,0,0,0,,,,,0,,,,
478,451,640,360,C3,45,nonblind_diagnostic,Y,0.02,False,False,64,188,178,178,178,4,10,0,0,0,1,507,507,507,0,outside_root_band,0.4905363470315933,0,0,178,20.306718826293945,22.881168365478516,0.47689059376716614,1.0,507,21.12546157836914,23.39454460144043,0.5041821002960205,1.0
479,451,640,360,C3,45,nonblind_diagnostic,A,0.02,False,False,64,188,178,178,178,4,10,0,0,0,1,507,507,507,0,all,0.49052564799785614,0,0,178,20.30640411376953,22.881168365478516,0.47688010334968567,1.0,507,21.12513542175293,23.39454460144043,0.5041711926460266,1.0
479,451,640,360,C3,45,nonblind_diagnostic,A,0.02,False,False,64,188,178,178,178,4,10,0,0,0,1,507,507,0,0,root_band,,0,0,0,,,,,0,,,,
479,451,640,360,C3,45,nonblind_diagnostic,A,0.02,False,False,64,188,178,178,178,4,10,0,0,0,1,507,507,507,0,outside_root_band,0.49052564799785614,0,0,178,20.30640411376953,22.881168365478516,0.47688010334968567,1.0,507,21.12513542175293,23.39454460144043,0.5041711926460266,1.0
480,451,640,360,C3,45,nonblind_diagnostic,B,0.02,False,False,64,188,178,178,178,4,10,0,0,0,1,507,507,507,0,all,0.49054744839668274,0,0,178,20.307048797607422,22.881168365478516,0.4769015908241272,1.0,507,21.12579917907715,23.39454460144043,0.5041933059692383,1.0
480,451,640,360,C3,45,nonblind_diagnostic,B,0.02,False,False,64,188,178,178,178,4,10,0,0,0,1,507,507,0,0,root_band,,0,0,0,,,,,0,,,,
480,451,640,360,C3,45,nonblind_diagnostic,B,0.02,False,False,64,188,178,178,178,4,10,0,0,0,1,507,507,507,0,outside_root_band,0.49054744839668274,0,0,178,20.307048797607422,22.881168365478516,0.4769015908241272,1.0,507,21.12579917907715,23.39454460144043,0.5041933059692383,1.0
481,451,640,360,C3,45,nonblind_diagnostic,C,0.02,False,False,64,188,178,178,178,4,10,0,0,0,1,507,507,507,0,all,0.49056950211524963,0,0,178,20.307695388793945,22.881168365478516,0.47692322731018066,1.0,507,21.1264705657959,23.39454460144043,0.5042157769203186,1.0
481,451,640,360,C3,45,nonblind_diagnostic,C,0.02,False,False,64,188,178,178,178,4,10,0,0,0,1,507,507,0,0,root_band,,0,0,0,,,,,0,,,,
481,451,640,360,C3,45,nonblind_diagnostic,C,0.02,False,False,64,188,178,178,178,4,10,0,0,0,1,507,507,507,0,outside_root_band,0.49056950211524963,0,0,178,20.307695388793945,22.881168365478516,0.47692322731018066,1.0,507,21.1264705657959,23.39454460144043,0.5042157769203186,1.0
482,451,640,360,C3,45,nonblind_diagnostic,X,-0.05,False,False,64,188,178,178,178,4,10,0,0,0,1,507,507,507,0,all,0.49061669409275055,0,0,178,20.309091567993164,22.881168365478516,0.4769696891307831,1.0,507,21.127910614013672,23.39454460144043,0.504263699054718,1.0
482,451,640,360,C3,45,nonblind_diagnostic,X,-0.05,False,False,64,188,178,178,178,4,10,0,0,0,1,507,507,0,0,root_band,,0,0,0,,,,,0,,,,
482,451,640,360,C3,45,nonblind_diagnostic,X,-0.05,False,False,64,188,178,178,178,4,10,0,0,0,1,507,507,507,0,outside_root_band,0.49061669409275055,0,0,178,20.309091567993164,22.881168365478516,0.4769696891307831,1.0,507,21.127910614013672,23.39454460144043,0.504263699054718,1.0
483,451,640,360,C3,45,nonblind_diagnostic,Y,-0.05,False,False,64,188,178,178,178,4,10,0,0,0,1,507,507,507,0,all,0.4907297343015671,0,0,178,20.312427520751953,22.881168365478516,0.47708091139793396,1.0,507,21.131357192993164,23.39454460144043,0.5043785572052002,1.0
483,451,640,360,C3,45,nonblind_diagnostic,Y,-0.05,False,False,64,188,178,178,178,4,10,0,0,0,1,507,507,0,0,root_band,,0,0,0,,,,,0,,,,
483,451,640,360,C3,45,nonblind_diagnostic,Y,-0.05,False,False,64,188,178,178,178,4,10,0,0,0,1,507,507,507,0,outside_root_band,0.4907297343015671,0,0,178,20.312427520751953,22.881168365478516,0.47708091139793396,1.0,507,21.131357192993164,23.39454460144043,0.5043785572052002,1.0
484,451,640,360,C3,45,nonblind_diagnostic,A,-0.05,False,False,64,188,178,178,178,4,10,0,0,0,1,507,507,507,0,all,0.49075768887996674,0,0,178,20.313251495361328,22.881168365478516,0.4771083891391754,1.0,507,21.1322078704834,23.39454460144043,0.5044069886207581,1.0
484,451,640,360,C3,45,nonblind_diagnostic,A,-0.05,False,False,64,188,178,178,178,4,10,0,0,0,1,507,507,0,0,root_band,,0,0,0,,,,,0,,,,
484,451,640,360,C3,45,nonblind_diagnostic,A,-0.05,False,False,64,188,178,178,178,4,10,0,0,0,1,507,507,507,0,outside_root_band,0.49075768887996674,0,0,178,20.313251495361328,22.881168365478516,0.4771083891391754,1.0,507,21.1322078704834,23.39454460144043,0.5044069886207581,1.0
485,451,640,360,C3,45,nonblind_diagnostic,B,-0.05,False,False,64,188,178,178,178,4,10,0,0,0,1,507,507,507,0,all,0.4907020628452301,0,0,178,20.311609268188477,22.881168365478516,0.477053701877594,1.0,507,21.130512237548828,23.39454460144043,0.5043504238128662,1.0
485,451,640,360,C3,45,nonblind_diagnostic,B,-0.05,False,False,64,188,178,178,178,4,10,0,0,0,1,507,507,0,0,root_band,,0,0,0,,,,,0,,,,
485,451,640,360,C3,45,nonblind_diagnostic,B,-0.05,False,False,64,188,178,178,178,4,10,0,0,0,1,507,507,507,0,outside_root_band,0.4907020628452301,0,0,178,20.311609268188477,22.881168365478516,0.477053701877594,1.0,507,21.130512237548828,23.39454460144043,0.5043504238128662,1.0
486,451,640,360,C3,45,nonblind_diagnostic,C,-0.05,False,False,64,188,178,178,178,4,10,0,0,0,1,507,507,507,0,all,0.49064695835113525,0,0,178,20.30998420715332,22.881168365478516,0.4769994616508484,1.0,507,21.12883186340332,23.39454460144043,0.5042944550514221,1.0
486,451,640,360,C3,45,nonblind_diagnostic,C,-0.05,False,False,64,188,178,178,178,4,10,0,0,0,1,507,507,0,0,root_band,,0,0,0,,,,,0,,,,
486,451,640,360,C3,45,nonblind_diagnostic,C,-0.05,False,False,64,188,178,178,178,4,10,0,0,0,1,507,507,507,0,outside_root_band,0.49064695835113525,0,0,178,20.30998420715332,22.881168365478516,0.4769994616508484,1.0,507,21.12883186340332,23.39454460144043,0.5042944550514221,1.0
487,451,640,360,C3,45,nonblind_diagnostic,X,0.05,False,False,64,188,178,178,178,4,10,0,0,0,1,507,507,507,0,all,0.4905661791563034,0,0,178,20.307598114013672,22.881168365478516,0.4769199788570404,1.0,507,21.126371383666992,23.39454460144043,0.5042123794555664,1.0
487,451,640,360,C3,45,nonblind_diagnostic,X,0.05,False,False,64,188,178,178,178,4,10,0,0,0,1,507,507,0,0,root_band,,0,0,0,,,,,0,,,,
487,451,640,360,C3,45,nonblind_diagnostic,X,0.05,False,False,64,188,178,178,178,4,10,0,0,0,1,507,507,507,0,outside_root_band,0.4905661791563034,0,0,178,20.307598114013672,22.881168365478516,0.4769199788570404,1.0,507,21.126371383666992,23.39454460144043,0.5042123794555664,1.0
488,451,640,360,C3,45,nonblind_diagnostic,Y,0.05,False,False,64,188,178,178,178,4,10,0,0,0,1,507,507,507,0,all,0.49045315384864807,0,0,178,20.304262161254883,22.881168365478516,0.47680872678756714,1.0,507,21.1229248046875,23.39454460144043,0.504097580909729,1.0
488,451,640,360,C3,45,nonblind_diagnostic,Y,0.05,False,False,64,188,178,178,178,4,10,0,0,0,1,507,507,0,0,root_band,,0,0,0,,,,,0,,,,
488,451,640,360,C3,45,nonblind_diagnostic,Y,0.05,False,False,64,188,178,178,178,4,10,0,0,0,1,507,507,507,0,outside_root_band,0.49045315384864807,0,0,178,20.304262161254883,22.881168365478516,0.47680872678756714,1.0,507,21.1229248046875,23.39454460144043,0.504097580909729,1.0
489,451,640,360,C3,45,nonblind_diagnostic,A,0.05,False,False,64,188,178,178,178,4,10,0,0,0,1,507,507,507,0,all,0.4904284179210663,0,0,178,20.303531646728516,22.881168365478516,0.4767844080924988,1.0,507,21.12217140197754,23.39454460144043,0.5040724277496338,1.0
489,451,640,360,C3,45,nonblind_diagnostic,A,0.05,False,False,64,188,178,178,178,4,10,0,0,0,1,507,507,0,0,root_band,,0,0,0,,,,,0,,,,
489,451,640,360,C3,45,nonblind_diagnostic,A,0.05,False,False,64,188,178,178,178,4,10,0,0,0,1,507,507,507,0,outside_root_band,0.4904284179210663,0,0,178,20.303531646728516,22.881168365478516,0.4767844080924988,1.0,507,21.12217140197754,23.39454460144043,0.5040724277496338,1.0
490,451,640,360,C3,45,nonblind_diagnostic,B,0.05,True,True,63,188,178,178,178,4,10,0,0,0,1,507,507,507,0,all,0.4904824197292328,0,0,178,20.30512809753418,22.881168365478516,0.4768375754356384,1.0,507,21.123817443847656,23.39454460144043,0.5041272640228271,1.0
490,451,640,360,C3,45,nonblind_diagnostic,B,0.05,True,True,63,188,178,178,178,4,10,0,0,0,1,507,507,0,0,root_band,,0,0,0,,,,,0,,,,
490,451,640,360,C3,45,nonblind_diagnostic,B,0.05,True,True,63,188,178,178,178,4,10,0,0,0,1,507,507,507,0,outside_root_band,0.4904824197292328,0,0,178,20.30512809753418,22.881168365478516,0.4768375754356384,1.0,507,21.123817443847656,23.39454460144043,0.5041272640228271,1.0
491,451,640,360,C3,45,nonblind_diagnostic,C,0.05,False,False,64,188,178,178,178,4,10,0,0,0,1,507,507,507,0,all,0.49053697288036346,0,0,178,20.306737899780273,22.881168365478516,0.47689124941825867,1.0,507,21.125478744506836,23.39454460144043,0.5041826963424683,1.0
491,451,640,360,C3,45,nonblind_diagnostic,C,0.05,False,False,64,188,178,178,178,4,10,0,0,0,1,507,507,0,0,root_band,,0,0,0,,,,,0,,,,
491,451,640,360,C3,45,nonblind_diagnostic,C,0.05,False,False,64,188,178,178,178,4,10,0,0,0,1,507,507,507,0,outside_root_band,0.49053697288036346,0,0,178,20.306737899780273,22.881168365478516,0.47689124941825867,1.0,507,21.125478744506836,23.39454460144043,0.5041826963424683,1.0
492,492,320,180,C1,42,fit,baseline,0.0,False,False,64,725,300,300,300,12,425,0,0,0,1,1104,1104,600,1,all,0.4715257827192545,0,0,300,58.937862396240234,254.03573608398438,0.895530104637146,0.6633333563804626,600,6.986240386962891,23.851112365722656,0.04752146080136299,0.5916666388511658
492,492,320,180,C1,42,fit,baseline,0.0,False,False,64,725,300,300,300,12,425,0,0,0,1,1104,1104,171,1,root_band,0.00048638347652740777,0,0,78,2.1885101795196533,4.002206325531006,0.00043853477109223604,0.19230769574642181,171,2.1706960201263428,4.436351776123047,0.0005342321819625795,0.2514619827270508
492,492,320,180,C1,42,fit,baseline,0.0,False,False,64,725,300,300,300,12,425,0,0,0,1,1104,1104,429,1,outside_root_band,0.6381361857056618,0,0,222,78.87682342529297,300.537841796875,1.210021734237671,0.8288288116455078,429,8.905721664428711,28.901838302612305,0.06625063717365265,0.7272727489471436
493,492,320,180,C1,42,fit,X,-0.005,True,False,64,725,300,300,300,12,425,0,0,0,1,1104,1104,600,1,all,0.47326073981821537,6,22,300,59.03567886352539,254.33273315429688,0.8977927565574646,0.653333306312561,600,7.003708362579346,24.29353141784668,0.04872872307896614,0.5716666579246521
493,492,320,180,C1,42,fit,X,-0.005,True,False,64,725,300,300,300,12,425,0,0,0,1,1104,1104,171,1,root_band,0.0003029451036127284,4,11,78,1.946856141090393,3.5931003093719482,0.0002760352799668908,0.14102564752101898,171,1.859161138534546,3.970139265060425,0.000329854927258566,0.1871345043182373
493,492,320,180,C1,42,fit,X,-0.005,True,False,64,725,300,300,300,12,425,0,0,0,1,1104,1104,429,1,outside_root_band,0.6405785083770752,2,11,222,79.09391021728516,300.80487060546875,1.2131364345550537,0.8333333134651184,429,9.054330825805664,29.338762283325195,0.06802058219909668,0.7249417304992676
494,492,320,180,C1,42,fit,Y,-0.005,True,False,64,725,301,301,300,12,424,0,1,0,1,1104,1104,600,1,all,0.4704858288168907,6,27,300,58.97526168823242,254.05599975585938,0.8951525688171387,0.6733333468437195,600,6.946686744689941,23.205129623413086,0.04581908881664276,0.6166666746139526
494,492,320,180,C1,42,fit,Y,-0.005,True,False,64,725,301,301,300,12,424,0,1,0,1,1104,1104,171,1,root_band,0.0007357975118793547,4,18,77,2.4193363189697266,4.410930633544922,0.0006346841109916568,0.2467532455921173,171,2.5422658920288086,4.989672660827637,0.0008369109127670527,0.35672515630722046
494,492,320,180,C1,42,fit,Y,-0.005,True,False,64,725,301,301,300,12,424,0,1,0,1,1104,1104,429,1,outside_root_band,0.6338854879140854,2,9,223,78.5035400390625,299.96539306640625,1.20402193069458,0.8206278085708618,429,8.702295303344727,28.263879776000977,0.0637490451335907,0.7202796936035156
495,492,320,180,C1,42,fit,A,-0.005,True,False,64,726,301,301,300,12,425,0,1,0,1,1104,1104,600,1,all,0.47318541444838047,3,19,300,59.0696907043457,254.18373107910156,0.897809624671936,0.6566666960716248,600,7.014660358428955,24.227170944213867,0.048561204224824905,0.5766666531562805
495,492,320,180,C1,42,fit,A,-0.005,True,False,64,726,301,301,300,12,425,0,1,0,1,1104,1104,171,1,root_band,0.0003399221459403634,3,10,77,1.9889793395996094,3.509953737258911,0.0003036348498426378,0.1428571492433548,171,1.9353196620941162,4.071385860443115,0.00037620944203808904,0.19298245012760162
495,492,320,180,C1,42,fit,A,-0.005,True,False,64,726,301,301,300,12,425,0,1,0,1,1104,1104,429,1,outside_root_band,0.637739397585392,0,9,223,78.77916717529297,300.0733337402344,1.2077109813690186,0.834080696105957,429,9.03929328918457,29.272253036499023,0.06776781380176544,0.7296037077903748
496,492,320,180,C1,42,fit,B,-0.005,True,False,64,725,301,301,300,12,424,0,1,0,1,1104,1104,600,1,all,0.4740589540451765,4,25,300,59.10049819946289,254.20606994628906,0.8986151218414307,0.653333306312561,600,7.045070648193359,24.56363296508789,0.04950278624892235,0.5699999928474426
496,492,320,180,C1,42,fit,B,-0.005,True,False,64,725,301,301,300,12,424,0,1,0,1,1104,1104,171,1,root_band,0.0002542002621339634,4,12,77,1.8760621547698975,3.191664457321167,0.00023268689983524382,0.11688311398029327,171,1.769099235534668,3.759713888168335,0.000275713624432683,0.1812865436077118
496,492,320,180,C1,42,fit,B,-0.005,True,False,64,725,301,301,300,12,424,0,1,0,1,1104,1104,429,1,outside_root_band,0.6389718391001225,0,13,223,78.85960388183594,300.0907897949219,1.2088189125061035,0.8385650515556335,429,9.148079872131348,29.603618621826172,0.06912476569414139,0.7249417304992676
497,492,320,180,C1,42,fit,C,-0.005,True,False,64,725,300,300,300,12,425,0,0,0,1,1104,1104,600,1,all,0.4706985801458359,2,16,300,58.91916275024414,254.0138397216797,0.8947643041610718,0.6633333563804626,600,6.970614910125732,23.514684677124023,0.046632856130599976,0.6016666889190674
497,492,320,180,C1,42,fit,C,-0.005,True,False,64,725,300,300,300,12,425,0,0,0,1,1104,1104,171,1,root_band,0.0006291089812293649,2,10,78,2.341657876968384,4.3180413246154785,0.0005622185999527574,0.23076923191547394,171,2.3822994232177734,4.748037815093994,0.0006959993625059724,0.30994153022766113
497,492,320,180,C1,42,fit,C,-0.005,True,False,64,725,300,300,300,12,425,0,0,0,1,1104,1104,429,1,outside_root_band,0.6369432993233204,0,6,222,78.79773712158203,300.520751953125,1.208943247795105,0.815315306186676,429,8.799524307250977,28.570480346679688,0.0649433508515358,0.7179487347602844
498,492,320,180,C1,42,fit,X,0.005,True,False,64,725,300,300,300,12,425,0,0,0,1,1104,1104,600,1,all,0.4698386862874031,6,23,300,58.8602409362793,253.7388153076172,0.8933048248291016,0.6766666769981384,600,6.984808444976807,23.408470153808594,0.04637254774570465,0.6100000143051147
498,492,320,180,C1,42,fit,X,0.005,True,False,64,725,300,300,300,12,425,0,0,0,1,1104,1104,171,1,root_band,0.0007472430588677526,4,15,78,2.505025625228882,4.427706241607666,0.0006730874883942306,0.26923078298568726,171,2.5259149074554443,4.903224945068359,0.0008213986293412745,0.3391812741756439
498,492,320,180,C1,42,fit,X,0.005,True,False,64,725,300,300,300,12,425,0,0,0,1,1104,1104,429,1,outside_root_band,0.6357308030128479,2,8,222,78.66073608398438,300.27081298828125,1.2069323062896729,0.8198198080062866,429,8.762129783630371,28.464691162109375,0.06452929973602295,0.7179487347602844
499,492,320,180,C1,42,fit,Y,0.005,True,False,64,725,300,300,300,12,425,0,0,0,1,1104,1104,600,1,all,0.4730419982224703,4,23,300,58.97812271118164,254.01641845703125,0.8967761397361755,0.653333306312561,600,7.044711589813232,24.49729347229004,0.04930785670876503,0.5733333230018616
499,492,320,180,C1,42,fit,Y,0.005,True,False,64,725,300,300,300,12,425,0,0,0,1,1104,1104,171,1,root_band,0.0003052326646866277,4,11,78,1.9678316116333008,3.4302279949188232,0.00028589219436980784,0.14102564752101898,171,1.843748688697815,3.9082789421081543,0.00032457313500344753,0.1871345043182373
499,492,320,180,C1,42,fit,Y,0.005,True,False,64,725,300,300,300,12,425,0,0,0,1,1104,1104,429,1,outside_root_band,0.6402958743274212,0,12,222,79.00875854492188,300.5144348144531,1.211759090423584,0.8333333134651184,429,9.117822647094727,29.539995193481445,0.06883265823125839,0.7272727489471436
500,492,320,180,C1,42,fit,A,0.005,True,False,64,725,300,300,300,12,425,0,0,0,1,1104,1104,600,1,all,0.4703073762357235,2,21,300,58.8796501159668,253.88809204101562,0.8940960764884949,0.6666666865348816,600,6.9665422439575195,23.475061416625977,0.04651867598295212,0.6033333539962769
500,492,320,180,C1,42,fit,A,0.005,True,False,64,725,300,300,300,12,425,0,0,0,1,1104,1104,171,1,root_band,0.0006681826780550182,2,11,78,2.3828516006469727,4.34208345413208,0.0005982120055705309,0.24358974397182465,171,2.423253297805786,4.801600456237793,0.0007381533505395055,0.31578946113586426
500,492,320,180,C1,42,fit,A,0.005,True,False,64,725,300,300,300,12,425,0,0,0,1,1104,1104,429,1,outside_root_band,0.6363972276449203,0,10,222,78.7298812866211,300.4063415527344,1.2080276012420654,0.815315306186676,429,8.777503967285156,28.531465530395508,0.06476685404777527,0.7179487347602844
501,492,320,180,C1,42,fit,B,0.005,True,False,64,725,300,300,300,12,425,0,0,0,1,1104,1104,600,1,all,0.46950672939419746,6,31,300,58.86725616455078,253.86643981933594,0.8933531641960144,0.6800000071525574,600,6.956783771514893,23.138643264770508,0.045660294592380524,0.6233333349227905
501,492,320,180,C1,42,fit,B,0.005,True,False,64,725,300,300,300,12,425,0,0,0,1,1104,1104,171,1,root_band,0.0008482324774377048,5,20,78,2.551473379135132,4.6579742431640625,0.0007520347717218101,0.28205129504203796,171,2.6465396881103516,5.113348960876465,0.0009444301831535995,0.3684210479259491
501,492,320,180,C1,42,fit,B,0.005,True,False,64,725,300,300,300,12,425,0,0,0,1,1104,1104,429,1,outside_root_band,0.6352268569171429,1,11,222,78.65388488769531,300.389404296875,1.2069696187973022,0.8198198080062866,429,8.674853324890137,28.200143814086914,0.06348409503698349,0.7249417304992676
502,492,320,180,C1,42,fit,C,0.005,True,False,64,725,300,300,300,12,425,0,0,0,1,1104,1104,600,1,all,0.4723743870854378,3,16,300,58.9614143371582,254.05789184570312,0.8963132500648499,0.6600000262260437,600,7.007038593292236,24.187541961669922,0.048435524106025696,0.574999988079071
502,492,320,180,C1,42,fit,C,0.005,True,False,64,725,300,300,300,12,425,0,0,0,1,1104,1104,171,1,root_band,0.0003711633471539244,3,9,78,2.0502007007598877,3.684983968734741,0.0003390230122022331,0.1794871836900711,171,1.969718098640442,4.124595642089844,0.00040330368210561574,0.19883041083812714
502,492,320,180,C1,42,fit,C,0.005,True,False,64,725,300,300,300,12,425,0,0,0,1,1104,1104,429,1,outside_root_band,0.639348179101944,0,7,222,78.9572525024414,300.5551452636719,1.2111151218414307,0.8288288116455078,429,9.014922142028809,29.233196258544922,0.06758123636245728,0.7249417304992676
503,492,320,180,C1,42,fit,X,-0.01,True,False,64,726,301,301,300,12,425,0,1,0,1,1104,1104,600,1,all,0.47504277527332306,14,41,300,59.15568161010742,254.62986755371094,0.9000949859619141,0.6499999761581421,600,7.047868728637695,24.73567771911621,0.049990564584732056,0.5633333325386047
503,492,320,180,C1,42,fit,X,-0.01,True,False,64,726,301,301,300,12,425,0,1,0,1,1104,1104,171,1,root_band,0.00017588561604497954,12,20,77,1.7696533203125,3.1872339248657227,0.00016183056868612766,0.11688311398029327,171,1.640413761138916,3.504650831222534,0.00018994066340383142,0.13450291752815247
503,492,320,180,C1,42,fit,X,-0.01,True,False,64,726,301,301,300,12,425,0,1,0,1,1104,1104,429,1,outside_root_band,0.6403376534581184,2,21,223,78.97059631347656,300.47625732421875,1.2108341455459595,0.834080696105957,429,9.203287124633789,29.775423049926758,0.0698411613702774,0.7342657446861267
504,492,320,180,C1,42,fit,Y,-0.01,True,False,64,726,301,301,300,12,425,0,1,0,1,1104,1104,600,1,all,0.4691165052354336,11,55,300,58.96243667602539,254.07720947265625,0.8940268754959106,0.70333331823349,600,6.922001838684082,22.559314727783203,0.04420613497495651,0.6433333158493042
504,492,320,180,C1,42,fit,Y,-0.01,True,False,64,726,301,301,300,12,425,0,1,0,1,1104,1104,171,1,root_band,0.0011013603652827442,9,36,77,2.7276227474212646,4.892988681793213,0.0009406036697328091,0.3896103799343109,171,2.934755563735962,5.542513847351074,0.0012621170608326793,0.46198830008506775
504,492,320,180,C1,42,fit,Y,-0.01,True,False,64,726,301,301,300,12,425,0,1,0,1,1104,1104,429,1,outside_root_band,0.6318627782166004,2,19,223,78.37984466552734,299.9901428222656,1.202401876449585,0.8116592168807983,429,8.511323928833008,27.626089096069336,0.061323679983615875,0.7156177163124084
505,492,320,180,C1,42,fit,A,-0.01,True,False,64,726,301,301,300,12,425,0,1,0,1,1104,1104,600,1,all,0.47446927055716515,5,29,300,59.14597702026367,254.33193969726562,0.899302065372467,0.653333306312561,600,7.05561637878418,24.603300094604492,0.04963647574186325,0.5733333230018616
505,492,320,180,C1,42,fit,A,-0.01,True,False,64,726,301,301,300,12,425,0,1,0,1,1104,1104,171,1,root_band,0.00023394375602947548,4,12,77,1.8514256477355957,3.1700284481048584,0.0002127564075635746,0.11688311398029327,171,1.7415344715118408,3.7066378593444824,0.00025513110449537635,0.1812865436077118
505,492,320,180,C1,42,fit,A,-0.01,True,False,64,726,301,301,300,12,425,0,1,0,1,1104,1104,429,1,outside_root_band,0.6395349428057671,1,17,223,78.9292984008789,300.2054443359375,1.2097499370574951,0.8385650515556335,429,9.173816680908203,29.642711639404297,0.069319948554039,0.7296037077903748
506,492,320,180,C1,42,fit,B,-0.01,True,False,64,726,301,301,300,12,425,0,1,0,1,1104,1104,600,1,all,0.4762835931032896,17,54,300,59.22541046142578,254.37753295898438,0.9009700417518616,0.6499999761581421,600,7.143037796020508,25.276193618774414,0.051597144454717636,0.5583333373069763
506,492,320,180,C1,42,fit,B,-0.01,True,False,64,726,301,301,300,12,425,0,1,0,1,1104,1104,171,1,root_band,0.00012115856225136667,16,24,77,1.688982367515564,2.949326515197754,0.00011840111983474344,0.10389610379934311,171,1.5024981498718262,3.086866617202759,0.0001239160046679899,0.1111111119389534
506,492,320,180,C1,42,fit,B,-0.01,True,False,64,726,301,301,300,12,425,0,1,0,1,1104,1104,429,1,outside_root_band,0.6420705206692219,1,30,223,79.09225463867188,300.2410888671875,1.212026596069336,0.8385650515556335,429,9.391365051269531,30.305500030517578,0.07211444526910782,0.7365967631340027
507,492,320,180,C1,42,fit,C,-0.01,True,False,64,725,301,301,300,12,424,0,1,0,1,1104,1104,600,1,all,0.4702985640615225,7,29,300,58.96839904785156,253.9921112060547,0.8948264718055725,0.6766666769981384,600,6.960842132568359,23.17820167541504,0.04577065631747246,0.6200000047683716
507,492,320,180,C1,42,fit,C,-0.01,True,False,64,725,301,301,300,12,424,0,1,0,1,1104,1104,171,1,root_band,0.0007851262635085732,5,19,77,2.475663900375366,4.495219707489014,0.0006763453129678965,0.25974026322364807,171,2.6055405139923096,5.05961275100708,0.0008939072140492499,0.3625730872154236
507,492,320,180,C1,42,fit,C,-0.01,True,False,64,725,301,301,300,12,424,0,1,0,1,1104,1104,429,1,outside_root_band,0.6336137615144253,2,10,223,78.47484588623047,299.90716552734375,1.203568935394287,0.8206278085708618,429,8.696870803833008,28.239051818847656,0.06365858763456345,0.7226107120513916
508,492,320,180,C1,42,fit,X,0.01,True,False,64,725,301,301,300,12,424,0,1,0,1,1104,1104,600,1,all,0.4801129326224327,13,51,300,60.23086166381836,259.40899658203125,0.9149393439292908,0.7099999785423279,600,6.996540546417236,22.9655818939209,0.045286521315574646,0.6399999856948853
508,492,320,180,C1,42,fit,X,0.01,True,False,64,725,301,301,300,12,424,0,1,0,1,1104,1104,171,1,root_band,0.0010556376073509455,11,34,77,2.7862422466278076,4.8265485763549805,0.0008975343080237508,0.41558441519737244,171,2.9065747261047363,5.3873491287231445,0.0012137409066781402,0.4502924084663391
508,492,320,180,C1,42,fit,X,0.01,True,False,64,725,301,301,300,12,424,0,1,0,1,1104,1104,429,1,outside_root_band,0.6467021405696869,2,17,223,80.06599426269531,305.3786315917969,1.2305502891540527,0.8116592168807983,429,8.626805305480957,28.027324676513672,0.06285399198532104,0.7156177163124084
509,492,320,180,C1,42,fit,Y,0.01,True,False,64,725,300,300,300,12,425,0,0,0,1,1104,1104,600,1,all,0.47462253645062447,11,46,300,59.02568817138672,253.99815368652344,0.8980712890625,0.6433333158493042,600,7.127590656280518,25.143627166748047,0.05117378383874893,0.5649999976158142
509,492,320,180,C1,42,fit,Y,0.01,True,False,64,725,300,300,300,12,425,0,0,0,1,1104,1104,171,1,root_band,0.00017812215810408816,10,18,78,1.765794038772583,3.123976707458496,0.0001723808964015916,0.12820513546466827,171,1.6005949974060059,3.3574471473693848,0.00018386341980658472,0.1461988240480423
509,492,320,180,C1,42,fit,Y,0.01,True,False,64,725,300,300,300,12,425,0,0,0,1,1104,1104,429,1,outside_root_band,0.6425238475203514,1,28,222,79.14402770996094,300.4917297363281,1.213549256324768,0.8243243098258972,429,9.330657005310059,30.178295135498047,0.07149843871593475,0.7319347262382507
510,492,320,180,C1,42,fit,A,0.01,True,False,64,725,300,300,300,12,425,0,0,0,1,1104,1104,600,1,all,0.46912235394120216,6,39,300,58.829490661621094,253.74070739746094,0.8926907181739807,0.6800000071525574,600,6.953862190246582,23.0988826751709,0.045553989708423615,0.6200000047683716
510,492,320,180,C1,42,fit,A,0.01,True,False,64,725,300,300,300,12,425,0,0,0,1,1104,1104,171,1,root_band,0.0008978080295491964,5,20,78,2.5961008071899414,4.688802719116211,0.0007985263946466148,0.29487180709838867,171,2.687631845474243,5.167020797729492,0.000997089664451778,0.3684210479259491
510,492,320,180,C1,42,fit,A,0.01,True,False,64,725,300,300,300,12,425,0,0,0,1,1104,1104,429,1,outside_root_band,0.6346862874925137,1,19,222,78.58717346191406,300.2750244140625,1.206058144569397,0.815315306186676,429,8.654387474060059,28.160991668701172,0.06331443041563034,0.7202796936035156
511,492,320,180,C1,42,fit,B,0.01,True,False,64,725,300,300,300,12,425,0,0,0,1,1104,1104,600,1,all,0.46760003082454205,13,70,300,58.819061279296875,253.69821166992188,0.8912707567214966,0.7200000286102295,600,6.948415279388428,22.42609977722168,0.04392930492758751,0.6483333110809326
511,492,320,180,C1,42,fit,B,0.01,True,False,64,725,300,300,300,12,425,0,0,0,1,1104,1104,171,1,root_band,0.0013871536939404905,12,43,78,2.9589099884033203,5.302353858947754,0.0012129659298807383,0.4743589758872986,171,3.149421215057373,5.7905120849609375,0.0015613414580002427,0.5029239654541016
511,492,320,180,C1,42,fit,B,0.01,True,False,64,725,300,300,300,12,425,0,0,0,1,1104,1104,429,1,outside_root_band,0.6324055138975382,1,27,222,78.44560241699219,300.24169921875,1.203993797302246,0.8063063025474548,429,8.462698936462402,27.498395919799805,0.060817230492830276,0.7062937021255493
512,492,320,180,C1,42,fit,C,0.01,True,False,64,725,300,300,300,12,425,0,0,0,1,1104,1104,600,1,all,0.47324372455477715,4,24,300,58.99011993408203,254.08023071289062,0.8971138596534729,0.653333306312561,600,7.036773681640625,24.52389907836914,0.04937358945608139,0.5716666579246521
512,492,320,180,C1,42,fit,C,0.01,True,False,64,725,300,300,300,12,425,0,0,0,1,1104,1104,171,1,root_band,0.000279329891782254,4,11,78,1.9286850690841675,3.369234561920166,0.0002610604278743267,0.12820513546466827,171,1.798965573310852,3.816636085510254,0.00029759935569018126,0.1871345043182373
512,492,320,180,C1,42,fit,C,0.01,True,False,64,725,300,300,300,12,425,0,0,0,1,1104,1104,429,1,outside_root_band,0.6405797973275185,0,13,222,79.03872680664062,300.5725402832031,1.2122242450714111,0.837837815284729,429,9.124571800231934,29.564434051513672,0.0689353495836258,0.7249417304992676
513,492,320,180,C1,42,fit,X,-0.02,True,False,64,726,301,301,300,12,425,0,1,0,1,1104,1104,600,1,all,0.47873622737824917,28,68,300,59.43994903564453,255.22427368164062,0.904802680015564,0.6466666460037231,600,7.176710605621338,25.619298934936523,0.05266977474093437,0.5516666769981384
513,492,320,180,C1,42,fit,X,-0.02,True,False,64,726,301,301,300,12,425,0,1,0,1,1104,1104,171,1,root_band,5.120057721796911e-05,26,29,77,1.6573553085327148,3.019587516784668,5.907766899326816e-05,0.11688311398029327,171,1.3427718877792358,2.5756232738494873,4.332348544267006e-05,0.08187134563922882
513,492,320,180,C1,42,fit,X,-0.02,True,False,64,726,301,301,300,12,425,0,1,0,1,1104,1104,429,1,outside_root_band,0.6454248875379562,2,39,223,79.39177703857422,301.0111389160156,1.2172030210494995,0.8295964002609253,429,9.502126693725586,30.64804458618164,0.07364675402641296,0.7389277219772339
514,492,320,180,C1,42,fit,Y,-0.02,True,False,64,726,301,301,300,12,425,0,1,0,1,1104,1104,600,1,all,0.46662546321749687,18,104,300,58.97786331176758,254.12252807617188,0.8919844627380371,0.75,600,6.91923713684082,21.268112182617188,0.041266463696956635,0.675000011920929
514,492,320,180,C1,42,fit,Y,-0.02,True,False,64,726,301,301,300,12,425,0,1,0,1,1104,1104,171,1,root_band,0.0022604619152843952,16,66,77,3.4518985748291016,5.89176607131958,0.0019383993931114674,0.6103895902633667,171,3.749446392059326,6.585728645324707,0.002582524437457323,0.6374269127845764
514,492,320,180,C1,42,fit,Y,-0.02,True,False,64,726,301,301,300,12,425,0,1,0,1,1104,1104,429,1,outside_root_band,0.627997936680913,2,38,223,78.15050506591797,300.04156494140625,1.1993099451065063,0.7982062697410583,429,8.182720184326172,26.350936889648438,0.056685928255319595,0.689976692199707
515,492,320,180,C1,42,fit,A,-0.02,True,False,64,726,301,301,300,12,425,0,1,0,1,1104,1104,600,1,all,0.4771289639174938,19,63,300,59.32325744628906,254.62939453125,0.9023669362068176,0.653333306312561,600,7.174015045166016,25.355323791503906,0.05189099162817001,0.5600000023841858
515,492,320,180,C1,42,fit,A,-0.02,True,False,64,726,301,301,300,12,425,0,1,0,1,1104,1104,171,1,root_band,9.671452426118776e-05,17,26,77,1.6671334505081177,2.9205360412597656,9.170839621219784e-05,0.10389610379934311,171,1.4752100706100464,2.9778337478637695,0.00010172065231017768,0.09941520541906357
515,492,320,180,C1,42,fit,A,-0.02,True,False,64,726,301,301,300,12,425,0,1,0,1,1104,1104,429,1,outside_root_band,0.6432246305048466,2,37,223,79.23141479492188,300.4704284667969,1.2139149904251099,0.8430493474006653,429,9.44556713104248,30.383527755737305,0.07253427058458328,0.7435897588729858
516,492,320,180,C1,42,fit,B,-0.02,True,False,64,726,301,301,300,12,425,0,1,0,1,1104,1104,600,1,all,0.48101373575627804,29,92,300,59.558902740478516,254.72360229492188,0.9059180617332458,0.6399999856948853,600,7.418688774108887,26.701126098632812,0.056109409779310226,0.5483333468437195
516,492,320,180,C1,42,fit,B,-0.02,True,False,64,726,301,301,300,12,425,0,1,0,1,1104,1104,171,1,root_band,1.8770522729028016e-05,27,38,77,1.626706838607788,2.7826952934265137,2.896131445595529e-05,0.07792207598686218,171,1.2412304878234863,2.5572640895843506,8.579731002100743e-06,0.05263157933950424
516,492,320,180,C1,42,fit,B,-0.02,True,False,64,726,301,301,300,12,425,0,1,0,1,1104,1104,429,1,outside_root_band,0.6485925763845444,2,54,223,79.5624008178711,300.5438537597656,1.2187138795852661,0.834080696105957,429,9.881032943725586,31.70915985107422,0.07847127318382263,0.745920717716217
517,492,320,180,C1,42,fit,C,-0.02,True,False,64,726,301,301,300,12,425,0,1,0,1,1104,1104,600,1,all,0.4687579181045294,14,65,300,58.95304870605469,253.94940185546875,0.8933857083320618,0.7133333086967468,600,6.954148292541504,22.505189895629883,0.044130127876996994,0.653333306312561
517,492,320,180,C1,42,fit,C,-0.02,True,False,64,726,301,301,300,12,425,0,1,0,1,1104,1104,171,1,root_band,0.001235371280927211,12,43,77,2.842575788497925,5.062359809875488,0.0010507293045520782,0.4285714328289032,171,3.0673599243164062,5.682418346405029,0.0014200132573023438,0.5029239654541016
517,492,320,180,C1,42,fit,C,-0.02,True,False,64,726,301,301,300,12,425,0,1,0,1,1104,1104,429,1,outside_root_band,0.6313279010355473,2,22,223,78.32750701904297,299.8735656738281,1.2015013694763184,0.8116592168807983,429,8.503427505493164,27.576095581054688,0.061154432594776154,0.7132866978645325
518,492,320,180,C1,42,fit,X,0.02,True,False,64,725,302,302,300,12,423,0,1,0,1,1104,1104,600,1,all,0.4767152890563011,20,95,300,60.07773971557617,258.8232421875,0.9101113080978394,0.7566666603088379,600,7.05621862411499,22.0791072845459,0.04331927001476288,0.6800000071525574
518,492,320,180,C1,42,fit,X,0.02,True,False,64,725,302,302,300,12,423,0,1,0,1,1104,1104,171,1,root_band,0.0021723974496126175,18,66,78,3.5026605129241943,6.023998260498047,0.0019439246971160173,0.6410256624221802,171,3.7065861225128174,6.3186540603637695,0.0024008702021092176,0.6374269127845764
518,492,320,180,C1,42,fit,X,0.02,True,False,64,725,302,302,300,12,423,0,1,0,1,1104,1104,429,1,outside_root_band,0.6444131527096033,2,29,222,79.9554672241211,305.4492492675781,1.2291969060897827,0.7972972989082336,429,8.391386985778809,27.151853561401367,0.059629399329423904,0.6969696879386902
519,492,320,180,C1,42,fit,Y,0.02,True,False,64,724,300,300,300,12,424,0,0,0,1,1104,1104,600,1,all,0.4779788814485073,26,83,300,59.18421936035156,253.9644012451172,0.9008204340934753,0.6299999952316284,600,7.343815326690674,26.43683624267578,0.055137328803539276,0.5566666722297668
519,492,320,180,C1,42,fit,Y,0.02,True,False,64,724,300,300,300,12,424,0,0,0,1,1104,1104,171,1,root_band,4.310475924285129e-05,25,29,78,1.600101113319397,2.6315460205078125,4.740857912111096e-05,0.08974359184503555,171,1.287085771560669,2.5991907119750977,3.8800939364591613e-05,0.08187134563922882
519,492,320,180,C1,42,fit,Y,0.02,True,False,64,724,300,300,300,12,424,0,0,0,1,1104,1104,429,1,outside_root_band,0.6472039185464382,1,54,222,79.4164810180664,300.4483337402344,1.2173081636428833,0.8198198080062866,429,9.758033752441406,31.455415725708008,0.07709967344999313,0.745920717716217
520,492,320,180,C1,42,fit,A,0.02,True,False,64,725,302,302,300,12,423,0,1,0,1,1104,1104,600,1,all,0.4780662041157484,13,79,300,60.08228302001953,259.4146728515625,0.912387490272522,0.7200000286102295,600,6.946815490722656,22.346553802490234,0.04374491795897484,0.653333306312561
520,492,320,180,C1,42,fit,A,0.02,True,False,64,725,302,302,300,12,423,0,1,0,1,1104,1104,171,1,root_band,0.001523551472928375,12,44,79,3.0382440090179443,5.384052276611328,0.0013339135330170393,0.49367088079452515,171,3.2319083213806152,5.898648262023926,0.0017131894128397107,0.5087719559669495
520,492,320,180,C1,42,fit,A,0.02,True,False,64,725,302,302,300,12,423,0,1,0,1,1104,1104,429,1,outside_root_band,0.6492785159498453,1,35,221,80.47358703613281,306.58294677734375,1.2380582094192505,0.8009049892425537,429,8.427581787109375,27.420141220092773,0.06049882248044014,0.7109557390213013
521,492,320,180,C1,42,fit,B,0.02,True,False,64,725,301,301,300,12,424,0,1,0,1,1104,1104,600,1,all,0.46414018981158733,19,129,300,58.758296966552734,253.3647918701172,0.887386679649353,0.7733333110809326,600,7.004123687744141,21.001014709472656,0.04089369997382164,0.6966666579246521
521,492,320,180,C1,42,fit,B,0.02,True,False,64,725,301,301,300,12,424,0,1,0,1,1104,1104,171,1,root_band,0.003135087201371789,18,81,78,3.805128574371338,6.509998798370361,0.0026441796217113733,0.7179487347602844,171,4.20389986038208,7.145658493041992,0.0036259947810322046,0.7251461744308472
521,492,320,180,C1,42,fit,B,0.02,True,False,64,725,301,301,300,12,424,0,1,0,1,1104,1104,429,1,outside_root_band,0.6269954219460487,1,48,222,78.06616973876953,299.94854736328125,1.1982421875,0.792792797088623,429,8.120295524597168,26.095020294189453,0.05574865639209747,0.6853147149085999
522,492,320,180,C1,42,fit,C,0.02,True,False,64,725,300,300,300,12,425,0,0,0,1,1104,1104,600,1,all,0.4750423077493906,17,52,300,59.05949020385742,254.125732421875,0.8987636566162109,0.6433333158493042,600,7.1191534996032715,25.196582794189453,0.05132095888257027,0.5550000071525574
522,492,320,180,C1,42,fit,C,0.02,True,False,64,725,300,300,300,12,425,0,0,0,1,1104,1104,171,1,root_band,0.0001497101184213534,16,22,78,1.725801944732666,3.2511208057403564,0.00014981848653405905,0.11538461595773697,171,1.5367895364761353,3.216236114501953,0.00014960175030864775,0.12280701845884323
522,492,320,180,C1,42,fit,C,0.02,True,False,64,725,300,300,300,12,425,0,0,0,1,1104,1104,429,1,outside_root_band,0.6431053057312965,1,30,222,79.20376586914062,300.6080017089844,1.214492678642273,0.8288288116455078,429,9.344291687011719,30.22688102722168,0.07171793282032013,0.7272727489471436
523,492,320,180,C1,42,fit,X,-0.05,True,False,64,725,301,301,300,12,424,0,1,0,1,1104,1104,600,1,all,0.49093717336654663,34,171,300,60.65935134887695,257.00921630859375,0.9199613332748413,0.6899999976158142,600,7.999526500701904,28.264345169067383,0.06191301345825195,0.5833333134651184
523,492,320,180,C1,42,fit,X,-0.05,True,False,64,725,301,301,300,12,424,0,1,0,1,1104,1104,171,1,root_band,0.00044756649003829807,29,93,77,2.665743827819824,4.601312160491943,0.0006282678805291653,0.4285714328289032,171,1.9594985246658325,4.2180256843566895,0.0002668650995474309,0.2923976480960846
523,492,320,180,C1,42,fit,X,-0.05,True,False,64,725,301,301,300,12,424,0,1,0,1,1104,1104,429,1,outside_root_band,0.661942295730114,5,78,223,80.68404388427734,302.61614990234375,1.2373993396759033,0.7802690863609314,429,10.40709114074707,33.26021957397461,0.08648525178432465,0.6993007063865662
524,492,320,180,C1,42,fit,Y,-0.05,True,False,64,729,303,303,300,12,426,0,1,0,1,1104,1104,600,1,all,0.45826505869627,22,206,300,58.89344024658203,254.28176879882812,0.8814494609832764,0.8433333039283752,600,7.244318962097168,17.39870262145996,0.03508065640926361,0.7850000262260437
524,492,320,180,C1,42,fit,Y,-0.05,True,False,64,729,303,303,300,12,426,0,1,0,1,1104,1104,171,1,root_band,0.010552651714533567,18,113,77,5.7866106033325195,9.41480827331543,0.009347110986709595,0.8961039185523987,171,6.298260688781738,9.612089157104492,0.01175819244235754,0.9122806787490845
524,492,320,180,C1,42,fit,Y,-0.05,True,False,64,729,303,303,300,12,426,0,1,0,1,1104,1104,429,1,outside_root_band,0.613477973267436,4,93,223,77.23077392578125,300.2121276855469,1.1825789213180542,0.8251121044158936,429,7.621417999267578,22.52958869934082,0.044377025216817856,0.7342657446861267
525,492,320,180,C1,42,fit,A,-0.05,True,False,64,729,305,305,300,13,424,0,1,0,1,1104,1104,600,1,all,0.4805239047855139,29,126,300,59.422576904296875,250.18695068359375,0.9015867114067078,0.6499999761581421,600,7.737523555755615,27.610836029052734,0.05946109816431999,0.5550000071525574
525,492,320,180,C1,42,fit,A,-0.05,True,False,64,729,305,305,300,13,424,0,1,0,1,1104,1104,171,1,root_band,3.386658863746561e-05,27,55,77,1.8319072723388672,3.214388608932495,4.607756272889674e-05,0.15584415197372437,171,1.3522084951400757,2.6604766845703125,2.1655614546034485e-05,0.07017543911933899
525,492,320,180,C1,42,fit,A,-0.05,True,False,64,729,305,305,300,13,424,0,1,0,1,1104,1104,429,1,outside_root_band,0.6480174139142036,2,71,223,79.30815124511719,301.2708435058594,1.212881088256836,0.8206278085708618,429,10.282718658447266,32.60587692260742,0.08315373957157135,0.748251736164093
526,492,320,180,C1,42,fit,B,-0.05,True,False,64,727,302,302,300,12,425,0,1,0,1,1104,1104,600,1,all,0.4972538501024246,30,210,300,61.057437896728516,255.78684997558594,0.9221398830413818,0.7333333492279053,600,9.034677505493164,30.975814819335938,0.07236781716346741,0.625
526,492,320,180,C1,42,fit,B,-0.05,True,False,64,727,302,302,300,12,425,0,1,0,1,1104,1104,171,1,root_band,0.0015290681039914489,27,105,78,3.4554836750030518,5.435701370239258,0.0015479690628126264,0.5897436141967773,171,3.1518802642822266,5.600992679595947,0.0015101671451702714,0.5146198868751526
526,492,320,180,C1,42,fit,B,-0.05,True,False,64,727,302,302,300,12,425,0,1,0,1,1104,1104,429,1,outside_root_band,0.6731015332043171,3,105,222,81.29596710205078,302.06414794921875,1.2455912828445435,0.7837837934494019,429,11.379568099975586,35.920982360839844,0.10061178356409073,0.6689976453781128
527,492,320,180,C1,42,fit,C,-0.05,True,False,64,726,301,301,300,12,425,0,1,0,1,1104,1104,600,1,all,0.46478223614394665,19,138,300,59.00481033325195,253.8268585205078,0.889620840549469,0.7733333110809326,600,7.05142879486084,20.48551368713379,0.0399436317384243,0.7083333134651184
527,492,320,180,C1,42,fit,C,-0.05,True,False,64,726,301,301,300,12,425,0,1,0,1,1104,1104,171,1,root_band,0.0038635306991636753,17,88,77,4.161678314208984,6.778717517852783,0.003335567656904459,0.7402597665786743,171,4.537464618682861,7.509997844696045,0.004391493741422892,0.7660818696022034
527,492,320,180,C1,42,fit,C,-0.05,True,False,64,726,301,301,300,12,425,0,1,0,1,1104,1104,429,1,outside_root_band,0.624881299212575,2,50,223,77.94168090820312,299.7767333984375,1.1956478357315063,0.7847533822059631,429,8.053497314453125,25.586078643798828,0.05411476269364357,0.6853147149085999
528,492,320,180,C1,42,fit,X,0.05,True,False,64,726,303,303,300,12,423,0,1,0,1,1104,1104,600,1,all,0.46414070203900337,29,186,300,59.3139762878418,256.0818176269531,0.8888656497001648,0.8366666436195374,600,7.500021457672119,19.41382598876953,0.03941575437784195,0.7749999761581421
528,492,320,180,C1,42,fit,X,0.05,True,False,64,726,303,303,300,12,423,0,1,0,1,1104,1104,171,1,root_band,0.009733278304338455,23,115,78,5.8100690841674805,8.682412147521973,0.008661489002406597,0.9230769276618958,171,6.262440204620361,9.390247344970703,0.010805067606270313,0.9239766001701355
528,492,320,180,C1,42,fit,X,0.05,True,False,64,726,303,303,300,12,423,0,1,0,1,1104,1104,429,1,outside_root_band,0.6244732849299908,6,71,222,78.11265563964844,302.4327392578125,1.1981265544891357,0.8063063025474548,429,7.993322372436523,24.519695281982422,0.050820015370845795,0.7156177163124084
529,492,320,180,C1,42,fit,Y,0.05,True,False,64,723,300,300,300,12,423,0,0,0,1,1104,1104,600,1,all,0.501348577439785,34,203,300,61.473968505859375,259.8367614746094,0.9338453412055969,0.6933333277702332,600,8.505629539489746,30.320453643798828,0.06885181367397308,0.596666693687439
529,492,320,180,C1,42,fit,Y,0.05,True,False,64,723,300,300,300,12,423,0,0,0,1,1104,1104,171,1,root_band,0.00044617592357099056,29,97,78,2.544628620147705,4.656183242797852,0.0004687250475399196,0.41025641560554504,171,2.091510772705078,4.315237045288086,0.0004236267996020615,0.31578946113586426
529,492,320,180,C1,42,fit,Y,0.05,True,False,64,723,300,300,300,12,423,0,0,0,1,1104,1104,429,1,outside_root_band,0.6789579354226589,5,106,222,82.17886352539062,306.2946472167969,1.2617884874343872,0.792792797088623,429,11.062305450439453,35.290771484375,0.09612738341093063,0.7086247205734253
530,492,320,180,C1,42,fit,A,0.05,True,False,64,724,300,300,300,12,424,0,0,0,1,1104,1104,600,1,all,0.4725825637578964,20,183,300,60.01286697387695,258.5530090332031,0.9057973027229309,0.79666668176651,600,7.104893207550049,20.089101791381836,0.03936782479286194,0.7433333396911621
530,492,320,180,C1,42,fit,A,0.05,True,False,64,724,300,300,300,12,424,0,0,0,1,1104,1104,171,1,root_band,0.005405431380495429,19,97,79,4.532238006591797,7.594869136810303,0.00475684180855751,0.7721518874168396,171,4.948647975921631,8.095935821533203,0.006054020952433348,0.8187134265899658
530,492,320,180,C1,42,fit,A,0.05,True,False,64,724,300,300,300,12,424,0,0,0,1,1104,1104,429,1,outside_root_band,0.6402676701545715,1,86,221,79.8453140258789,305.8152160644531,1.227888584136963,0.8054298758506775,429,7.964376926422119,25.19755744934082,0.052646756172180176,0.7132866978645325
531,492,320,180,C1,42,fit,B,0.05,True,False,64,725,301,301,300,12,424,0,1,0,1,1104,1104,600,1,all,0.46912217512726784,21,217,300,60.3720703125,258.37591552734375,0.9022565484046936,0.8666666746139526,600,7.606437683105469,16.725698471069336,0.03598780184984207,0.8266666531562805
531,492,320,180,C1,42,fit,B,0.05,True,False,64,725,301,301,300,12,424,0,1,0,1,1104,1104,171,1,root_band,0.016895681153982878,19,122,78,6.7938551902771,10.379364013671875,0.014734066091477871,0.9487179517745972,171,7.4757771492004395,11.142215728759766,0.019057296216487885,0.9649122953414917
531,492,320,180,C1,42,fit,B,0.05,True,False,64,725,301,301,300,12,424,0,1,0,1,1104,1104,429,1,outside_root_band,0.6284125633537769,2,95,222,79.19684600830078,305.0753479003906,1.214088797569275,0.837837815284729,429,7.658519268035889,21.885778427124023,0.04273632913827896,0.7715617418289185
532,492,320,180,C1,42,fit,C,0.05,True,False,64,724,300,300,300,12,424,0,0,0,1,1104,1104,600,1,all,0.4808921553194523,29,112,300,59.418907165527344,254.26734924316406,0.9040809869766235,0.6399999856948853,600,7.498039245605469,27.213918685913086,0.057703323662281036,0.5416666865348816
532,492,320,180,C1,42,fit,C,0.05,True,False,64,724,300,300,300,12,424,0,0,0,1,1104,1104,171,1,root_band,1.839439187278913e-05,28,43,78,1.6744184494018555,3.0543904304504395,3.138983447570354e-05,0.1538461595773697,171,1.2010513544082642,2.5011942386627197,5.39894926987472e-06,0.05847953259944916
532,492,320,180,C1,42,fit,C,0.05,True,False,64,724,300,300,300,12,424,0,0,0,1,1104,1104,429,1,outside_root_band,0.6512108892202377,1,69,222,79.70750427246094,300.7178649902344,1.2217199802398682,0.8108108043670654,429,10.008028030395508,32.2130241394043,0.0807017982006073,0.7342657446861267
533,533,320,180,C1,43,fit,baseline,0.0,False,False,64,752,347,325,300,17,405,22,1,0,1,1911,1911,600,1,all,0.28992000222206116,0,0,300,8.530200958251953,23.303443908691406,0.059593021869659424,0.6633333563804626,600,36.81296157836914,145.980712890625,0.5202469825744629,0.7300000190734863
533,533,320,180,C1,43,fit,baseline,0.0,False,False,64,752,347,325,300,17,405,22,1,0,1,1911,1911,237,1,root_band,0.020634585991501808,0,0,142,5.3757004737854,12.038311958312988,0.018468448892235756,0.5352112650871277,237,5.86513614654541,12.685704231262207,0.02280072309076786,0.5907173156738281
533,533,320,180,C1,43,fit,baseline,0.0,False,False,64,752,347,325,300,17,405,22,1,0,1,1911,1911,363,1,outside_root_band,0.47078945860266685,0,0,158,11.36526107788086,34.397056579589844,0.09655307978391647,0.7784810066223145,363,57.0185661315918,218.97593688964844,0.8450258374214172,0.8209366202354431
534,533,320,180,C1,43,fit,X,-0.005,True,False,64,752,347,325,300,17,405,22,1,0,1,1911,1911,600,1,all,0.28942583315074444,8,8,300,8.507372856140137,23.536869049072266,0.05981316789984703,0.653333306312561,600,36.69771194458008,145.53695678710938,0.5190384984016418,0.7166666388511658
534,533,320,180,C1,43,fit,X,-0.005,True,False,64,752,347,325,300,17,405,22,1,0,1,1911,1911,237,1,root_band,0.020551028661429882,7,3,142,5.310434818267822,12.098002433776855,0.018457982689142227,0.5211267471313477,237,5.7606377601623535,12.635284423828125,0.022644074633717537,0.5780590772628784
534,533,320,180,C1,43,fit,X,-0.005,True,False,64,752,347,325,300,17,405,22,1,0,1,1911,1911,363,1,outside_root_band,0.4700556546449661,1,5,158,11.380570411682129,34.569862365722656,0.09698048233985901,0.7721518874168396,363,56.896305084228516,218.5059051513672,0.8431308269500732,0.8071625232696533
535,533,320,180,C1,43,fit,Y,-0.005,True,False,64,752,349,326,300,17,403,23,1,0,1,1911,1911,600,1,all,0.2847144193947315,9,17,300,8.904324531555176,25.372392654418945,0.06304136663675308,0.6966666579246521,600,36.081363677978516,140.6876678466797,0.50638747215271,0.7516666650772095
535,533,320,180,C1,43,fit,Y,-0.005,True,False,64,752,349,326,300,17,403,23,1,0,1,1911,1911,237,1,root_band,0.02075043600052595,0,11,141,5.590888023376465,12.28465747833252,0.018440721556544304,0.588652491569519,237,6.082448959350586,12.985407829284668,0.0230601504445076,0.6202531456947327
535,533,320,180,C1,43,fit,Y,-0.005,True,False,64,752,349,326,300,17,403,23,1,0,1,1911,1911,363,1,outside_root_band,0.4622706174850464,9,6,159,11.842653274536133,35.46792984008789,0.10259288549423218,0.7924528121948242,363,55.66743850708008,213.43077087402344,0.8219483494758606,0.8374655842781067
536,533,320,180,C1,43,fit,A,-0.005,True,False,64,752,350,327,300,17,402,23,1,0,1,1911,1911,600,1,all,0.285250186920166,12,13,300,8.944642066955566,26.165119171142578,0.06417125463485718,0.6800000071525574,600,36.02229690551758,140.68411254882812,0.5063291192054749,0.7283333539962769
536,533,320,180,C1,43,fit,A,-0.005,True,False,64,752,350,327,300,17,402,23,1,0,1,1911,1911,237,1,root_band,0.02089471835643053,4,7,141,5.512531757354736,12.288345336914062,0.018509913235902786,0.5531914830207825,237,5.994633674621582,13.139119148254395,0.023279523476958275,0.5864979028701782
536,533,320,180,C1,43,fit,A,-0.005,True,False,64,752,350,327,300,17,402,23,1,0,1,1911,1911,363,1,outside_root_band,0.46318594738841057,8,6,159,11.988211631774902,35.39143371582031,0.10466339439153671,0.7924528121948242,363,55.62713623046875,213.46929931640625,0.8217085003852844,0.8209366202354431
537,533,320,180,C1,43,fit,B,-0.005,True,False,64,752,351,329,300,17,401,22,1,0,1,1911,1911,600,1,all,0.284562174230814,7,15,300,8.773984909057617,26.297420501708984,0.06262142211198807,0.6800000071525574,600,35.98923873901367,140.80459594726562,0.5065029263496399,0.721666693687439
537,533,320,180,C1,43,fit,B,-0.005,True,False,64,752,351,329,300,17,401,22,1,0,1,1911,1911,237,1,root_band,0.0207920353859663,7,7,140,5.426066875457764,12.306678771972656,0.018555153161287308,0.550000011920929,237,5.882566452026367,12.996575355529785,0.023028917610645294,0.5780590772628784
537,533,320,180,C1,43,fit,B,-0.005,True,False,64,752,351,329,300,17,401,22,1,0,1,1911,1911,363,1,outside_root_band,0.4616694375872612,0,8,160,11.703414916992188,34.588897705078125,0.10117940604686737,0.793749988079071,363,55.64566421508789,213.5436553955078,0.822159469127655,0.8154270052909851
538,533,320,180,C1,43,fit,C,-0.005,True,False,64,752,349,327,300,17,403,22,1,0,1,1911,1911,600,1,all,0.29036931321024895,92,9,300,8.931632995605469,26.624685287475586,0.06396903842687607,0.6766666769981384,600,36.6510124206543,144.6947021484375,0.5167695879936218,0.7416666746139526
538,533,320,180,C1,43,fit,C,-0.005,True,False,64,752,349,327,300,17,403,22,1,0,1,1911,1911,237,1,root_band,0.02053364086896181,0,7,141,5.485443592071533,12.0906343460083,0.01811203360557556,0.5460993051528931,237,5.981188774108887,12.784762382507324,0.02295524813234806,0.6118143200874329
538,533,320,180,C1,43,fit,C,-0.005,True,False,64,752,349,327,300,17,403,22,1,0,1,1911,1911,363,1,outside_root_band,0.47190600633621216,92,2,159,11.987686157226562,35.906410217285156,0.10463470220565796,0.7924528121948242,363,56.67512512207031,217.50697326660156,0.8391773104667664,0.8264462947845459
539,533,320,180,C1,43,fit,X,0.005,True,False,64,752,349,327,300,17,403,22,1,0,1,1911,1911,600,1,all,0.291348434984684,93,9,300,8.939558982849121,26.814411163330078,0.06416548788547516,0.6833333373069763,600,36.75856018066406,145.29165649414062,0.5185313820838928,0.7416666746139526
539,533,320,180,C1,43,fit,X,0.005,True,False,64,752,349,327,300,17,403,22,1,0,1,1911,1911,237,1,root_band,0.020486267283558846,1,7,141,5.465588092803955,11.933579444885254,0.017989639192819595,0.5602836608886719,237,5.985219478607178,12.736059188842773,0.022982895374298096,0.6118143200874329
539,533,320,180,C1,43,fit,X,0.005,True,False,64,752,349,327,300,17,403,22,1,0,1,1911,1911,363,1,outside_root_band,0.47359267622232437,92,2,159,12.02025032043457,36.12800598144531,0.10511387884616852,0.7924528121948242,363,56.850242614746094,218.08616638183594,0.8420714735984802,0.8264462947845459
540,533,320,180,C1,43,fit,Y,0.005,True,False,64,752,348,326,300,17,404,22,1,0,1,1911,1911,600,1,all,0.2908458672463894,7,16,300,8.497512817382812,23.878406524658203,0.06001042574644089,0.6600000262260437,600,36.8156852722168,146.34422302246094,0.5216813087463379,0.7099999785423279
540,533,320,180,C1,43,fit,Y,0.005,True,False,64,752,348,326,300,17,404,22,1,0,1,1911,1911,237,1,root_band,0.020389966666698456,7,10,141,5.21865701675415,11.470250129699707,0.017998771741986275,0.5248227119445801,237,5.674650192260742,12.565407752990723,0.022781161591410637,0.5569620132446289
540,533,320,180,C1,43,fit,Y,0.005,True,False,64,752,348,326,300,17,404,22,1,0,1,1911,1911,363,1,outside_root_band,0.47233782708644867,0,6,159,11.405179023742676,35.14915084838867,0.0972660481929779,0.7798742055892944,363,57.147438049316406,219.24879455566406,0.8474096059799194,0.8099173307418823
541,533,320,180,C1,43,fit,A,0.005,True,False,64,752,346,324,300,17,406,22,1,0,1,1911,1911,600,1,all,0.2906046472489834,0,18,300,8.48254680633545,24.21409034729004,0.05935578793287277,0.6600000262260437,600,36.86444854736328,146.35618591308594,0.521853506565094,0.7300000190734863
541,533,320,180,C1,43,fit,A,0.005,True,False,64,752,346,324,300,17,406,22,1,0,1,1911,1911,237,1,root_band,0.02012593112885952,0,15,142,5.268374443054199,11.551766395568848,0.017432285472750664,0.51408451795578,237,5.766750335693359,12.356813430786133,0.022819576784968376,0.5780590772628784
541,533,320,180,C1,43,fit,A,0.005,True,False,64,752,346,324,300,17,406,22,1,0,1,1911,1911,363,1,outside_root_band,0.47235143929719925,0,3,158,11.371233940124512,35.14623260498047,0.09703387320041656,0.7911392450332642,363,57.167911529541016,219.22132873535156,0.8476690053939819,0.8292011022567749
542,533,320,180,C1,43,fit,B,0.005,True,False,64,752,346,324,300,17,406,22,1,0,1,1911,1911,600,1,all,0.2911367230117321,1,20,300,8.655630111694336,25.686538696289062,0.06090273708105087,0.6833333373069763,600,36.90196228027344,146.238037109375,0.5213707089424133,0.7433333396911621
542,533,320,180,C1,43,fit,B,0.005,True,False,64,752,346,324,300,17,406,22,1,0,1,1911,1911,237,1,root_band,0.020169172435998917,1,15,142,5.37999963760376,11.558218002319336,0.01751032844185829,0.5563380122184753,237,5.886008262634277,12.555006980895996,0.02282801643013954,0.6033755540847778
542,533,320,180,C1,43,fit,B,0.005,True,False,64,752,346,324,300,17,406,22,1,0,1,1911,1911,363,1,outside_root_band,0.47338322177529335,0,5,158,11.599550247192383,35.101593017578125,0.09990096837282181,0.797468364238739,363,57.15204620361328,219.14735412597656,0.8468654751777649,0.8347107172012329
543,533,320,180,C1,43,fit,C,0.005,True,False,64,752,347,325,300,17,405,22,1,0,1,1911,1911,600,1,all,0.29034448601305485,5,8,300,8.505451202392578,23.64377212524414,0.059968847781419754,0.6600000262260437,600,36.79631805419922,146.09706115722656,0.5207201242446899,0.7200000286102295
543,533,320,180,C1,43,fit,C,0.005,True,False,64,752,347,325,300,17,405,22,1,0,1,1911,1911,237,1,root_band,0.0205315500497818,5,4,142,5.281870365142822,11.970224380493164,0.018355557695031166,0.5281690359115601,237,5.7573957443237305,12.654622077941895,0.022707542404532433,0.5738396644592285
543,533,320,180,C1,43,fit,C,0.005,True,False,64,752,347,325,300,17,405,22,1,0,1,1911,1911,363,1,outside_root_band,0.47161850705742836,0,4,158,11.402593612670898,34.78569030761719,0.09736812859773636,0.7784810066223145,363,57.0614013671875,219.0486297607422,0.8458688855171204,0.8154270052909851
544,533,320,180,C1,43,fit,X,-0.01,True,False,64,752,348,326,300,17,404,22,1,0,1,1911,1911,600,1,all,0.28872007690370083,13,18,300,8.507646560668945,23.65666389465332,0.059593211859464645,0.653333306312561,600,36.58668518066406,145.09373474121094,0.517846941947937,0.7099999785423279
544,533,320,180,C1,43,fit,X,-0.01,True,False,64,752,348,326,300,17,404,22,1,0,1,1911,1911,237,1,root_band,0.020306545309722424,12,8,141,5.2903733253479,11.685946464538574,0.01810298301279545,0.5390070676803589,237,5.665873050689697,12.62695598602295,0.0225101076066494,0.5569620132446289
544,533,320,180,C1,43,fit,X,-0.01,True,False,64,752,348,326,300,17,404,22,1,0,1,1911,1911,363,1,outside_root_band,0.4688175097107887,1,10,159,11.360698699951172,34.67399978637695,0.09638644754886627,0.7547169923782349,363,56.774654388427734,218.0361785888672,0.8412485718727112,0.8099173307418823
545,533,320,180,C1,43,fit,Y,-0.01,True,False,64,752,350,327,300,17,402,23,1,0,1,1911,1911,600,1,all,0.28534912317991257,11,31,300,9.204946517944336,26.30229377746582,0.06555186212062836,0.7133333086967468,600,36.104244232177734,140.31915283203125,0.5051463842391968,0.7683333158493042
545,533,320,180,C1,43,fit,Y,-0.01,True,False,64,752,350,327,300,17,402,23,1,0,1,1911,1911,237,1,root_band,0.02122791949659586,2,21,141,5.818758010864258,12.444263458251953,0.01887720637023449,0.6028369069099426,237,6.339008808135986,13.095970153808594,0.02357863262295723,0.6540084481239319
545,533,320,180,C1,43,fit,Y,-0.01,True,False,64,752,350,327,300,17,402,23,1,0,1,1911,1911,363,1,outside_root_band,0.46325045824050903,9,10,159,12.207791328430176,35.47943115234375,0.10694259405136108,0.8113207817077637,363,55.53774642944336,213.157470703125,0.819558322429657,0.8429751992225647
546,533,320,180,C1,43,fit,A,-0.01,True,False,64,752,352,329,300,17,400,23,1,0,1,1911,1911,600,1,all,0.28372789546847343,16,22,300,8.84033203125,25.101163864135742,0.06227519363164902,0.6733333468437195,600,35.99260711669922,140.3163604736328,0.5051805973052979,0.7233333587646484
546,533,320,180,C1,43,fit,A,-0.01,True,False,64,752,352,329,300,17,400,23,1,0,1,1911,1911,237,1,root_band,0.021990141831338406,7,12,140,5.6619648933410645,12.56475830078125,0.01970040425658226,0.5428571701049805,237,6.144383430480957,13.405431747436523,0.02427987940609455,0.5822784900665283
546,533,320,180,C1,43,fit,A,-0.01,True,False,64,752,352,329,300,17,400,23,1,0,1,1911,1911,363,1,outside_root_band,0.45934266224503517,9,10,160,11.6214017868042,34.09627914428711,0.09952814131975174,0.7875000238418579,363,55.48029327392578,213.23757934570312,0.8191571831703186,0.8154270052909851
547,533,320,180,C1,43,fit,B,-0.01,True,False,64,752,352,329,300,17,400,23,1,0,1,1911,1911,600,1,all,0.28439701348543167,21,30,300,8.815560340881348,25.81601905822754,0.06288893520832062,0.6633333563804626,600,35.9626350402832,140.55279541015625,0.5059050917625427,0.7233333587646484
547,533,320,180,C1,43,fit,B,-0.01,True,False,64,752,352,329,300,17,400,23,1,0,1,1911,1911,237,1,root_band,0.021260547451674938,13,13,140,5.501717567443848,12.529223442077637,0.01901191845536232,0.5357142686843872,237,5.935412883758545,13.155951499938965,0.023509176447987556,0.5696202516555786
547,533,320,180,C1,43,fit,B,-0.01,True,False,64,752,352,329,300,17,400,23,1,0,1,1911,1911,363,1,outside_root_band,0.461069542914629,8,17,160,11.715171813964844,34.875946044921875,0.10128132253885269,0.7749999761581421,363,55.56718826293945,213.3830108642578,0.8208577632904053,0.8236914873123169
548,533,320,180,C1,43,fit,C,-0.01,True,False,64,752,349,326,300,17,403,23,1,0,1,1911,1911,600,1,all,0.285003487020731,9,18,300,8.92121410369873,25.39468765258789,0.0631607249379158,0.699999988079071,600,36.11872482299805,140.81643676757812,0.5068462491035461,0.753333330154419
548,533,320,180,C1,43,fit,C,-0.01,True,False,64,752,349,326,300,17,403,23,1,0,1,1911,1911,237,1,root_band,0.020842229947447777,1,12,141,5.611170768737793,12.306719779968262,0.018510064110159874,0.5957446694374084,237,6.10771369934082,12.996611595153809,0.02317439578473568,0.6244725584983826
548,533,320,180,C1,43,fit,C,-0.01,True,False,64,752,349,326,300,17,403,23,1,0,1,1911,1911,363,1,outside_root_band,0.46269429847598076,8,6,159,11.856536865234375,35.51899719238281,0.10275658220052719,0.7924528121948242,363,55.71269226074219,213.55638122558594,0.8226320147514343,0.8374655842781067
549,533,320,180,C1,43,fit,X,0.01,True,False,64,754,348,326,300,17,406,22,1,0,1,1911,1911,600,1,all,0.2912277840077877,98,21,300,8.8912353515625,25.764039993286133,0.06257366389036179,0.6966666579246521,600,36.919803619384766,145.76324462890625,0.5198819041252136,0.7583333253860474
549,533,320,180,C1,43,fit,X,0.01,True,False,64,754,348,326,300,17,406,22,1,0,1,1911,1911,237,1,root_band,0.020760013721883297,5,14,141,5.601415634155273,11.910398483276367,0.018320972099900246,0.5815602540969849,237,6.1423749923706055,12.786639213562012,0.02319905534386635,0.6413502097129822
549,533,320,180,C1,43,fit,X,0.01,True,False,64,754,348,326,300,17,406,22,1,0,1,1911,1911,363,1,outside_root_band,0.4729895368218422,93,7,159,11.80862045288086,35.097591400146484,0.10181660950183868,0.7987421154975891,363,57.01416015625,218.58709716796875,0.8441624641418457,0.8347107172012329
550,533,320,180,C1,43,fit,Y,0.01,True,False,64,752,346,325,300,17,406,21,1,0,1,1911,1911,600,1,all,0.29582326114177704,111,31,300,8.287617683410645,23.06629180908203,0.0585344135761261,0.6299999952316284,600,37.421653747558594,150.59605407714844,0.533112108707428,0.7049999833106995
550,533,320,180,C1,43,fit,Y,0.01,True,False,64,752,346,325,300,17,406,21,1,0,1,1911,1911,237,1,root_band,0.020705721341073513,12,18,142,5.073545455932617,11.778088569641113,0.01842779852449894,0.48591548204421997,237,5.505324840545654,12.302485466003418,0.022983644157648087,0.5316455960273743
550,533,320,180,C1,43,fit,Y,0.01,True,False,64,752,346,325,300,17,406,21,1,0,1,1911,1911,363,1,outside_root_band,0.48037542402744293,99,13,158,11.176215171813965,34.85650634765625,0.09457960724830627,0.7594936490058899,363,58.25959396362305,223.51808166503906,0.8661712408065796,0.8181818127632141
551,533,320,180,C1,43,fit,A,0.01,True,False,64,751,343,321,300,17,408,22,1,0,1,1911,1911,600,1,all,0.29744511283934116,3,34,300,8.329298973083496,22.510589599609375,0.05812113359570503,0.6766666769981384,600,37.72865676879883,151.70933532714844,0.5367690920829773,0.7366666793823242
551,533,320,180,C1,43,fit,A,0.01,True,False,64,751,343,321,300,17,408,22,1,0,1,1911,1911,237,1,root_band,0.020947669632732868,2,27,142,5.218257427215576,11.339920043945312,0.018598556518554688,0.5352112650871277,237,5.694469928741455,12.041032791137695,0.02329678274691105,0.5864979028701782
551,533,320,180,C1,43,fit,A,0.01,True,False,64,751,343,321,300,17,408,22,1,0,1,1911,1911,363,1,outside_root_band,0.4828263893723488,1,7,158,11.125297546386719,35.47743225097656,0.09364141523838043,0.8037974834442139,363,58.6435432434082,224.77333068847656,0.8720113635063171,0.8347107172012329
552,533,320,180,C1,43,fit,B,0.01,True,False,64,752,345,323,300,17,407,22,1,0,1,1911,1911,600,1,all,0.29158881679177284,6,42,300,8.669610977172852,24.55544090270996,0.06058783084154129,0.6933333277702332,600,37.00263977050781,146.49880981445312,0.5225898027420044,0.7599999904632568
552,533,320,180,C1,43,fit,B,0.01,True,False,64,752,345,323,300,17,407,22,1,0,1,1911,1911,237,1,root_band,0.020543931052088737,5,33,141,5.448797702789307,11.104692459106445,0.017969883978366852,0.5815602540969849,237,5.962710857391357,12.281828880310059,0.023117978125810623,0.6371307969093323
552,533,320,180,C1,43,fit,B,0.01,True,False,64,752,345,323,300,17,407,22,1,0,1,1911,1911,363,1,outside_root_band,0.4735361635684967,1,9,159,11.525803565979004,35.72607421875,0.09838110208511353,0.7924528121948242,363,57.26837921142578,219.3212127685547,0.8486912250518799,0.8402203917503357
553,533,320,180,C1,43,fit,C,0.01,True,False,64,752,348,326,300,17,404,22,1,0,1,1911,1911,600,1,all,0.2905664015561342,8,17,300,8.486178398132324,23.873319625854492,0.059910330921411514,0.6633333563804626,600,36.780372619628906,146.21429443359375,0.5212224721908569,0.7116666436195374
553,533,320,180,C1,43,fit,C,0.01,True,False,64,752,348,326,300,17,404,22,1,0,1,1911,1911,237,1,root_band,0.02030809596180916,8,10,141,5.208439350128174,11.446303367614746,0.01794256828725338,0.5319148898124695,237,5.653495788574219,12.555006980895996,0.022673623636364937,0.5569620132446289
553,533,320,180,C1,43,fit,C,0.01,True,False,64,752,348,326,300,17,404,22,1,0,1,1911,1911,363,1,outside_root_band,0.47192421182990074,0,7,159,11.392853736877441,35.10037612915039,0.09712701290845871,0.7798742055892944,363,57.10288619995117,219.1219482421875,0.8467214107513428,0.8126721978187561
554,533,320,180,C1,43,fit,X,-0.02,True,False,64,751,349,328,300,17,402,21,1,0,1,1911,1911,600,1,all,0.28877448849380016,22,39,300,8.702496528625488,26.58893585205078,0.06231236085295677,0.6666666865348816,600,36.38310623168945,144.2100830078125,0.5152366161346436,0.7049999833106995
554,533,320,180,C1,43,fit,X,-0.02,True,False,64,751,349,328,300,17,402,21,1,0,1,1911,1911,237,1,root_band,0.01994762197136879,13,17,139,5.253175735473633,11.619100570678711,0.017605645582079887,0.5395683646202087,237,5.5600972175598145,12.629905700683594,0.022289598360657692,0.5443037748336792
554,533,320,180,C1,43,fit,X,-0.02,True,False,64,751,349,328,300,17,402,21,1,0,1,1911,1911,363,1,outside_root_band,0.46899402886629105,9,22,161,11.680481910705566,35.28776550292969,0.10091008245944977,0.7763975262641907,363,56.50721740722656,217.098876953125,0.8370779752731323,0.8099173307418823
555,533,320,180,C1,43,fit,Y,-0.02,True,False,64,753,352,329,300,17,401,23,1,0,1,1911,1911,600,1,all,0.278876181691885,16,63,300,9.528096199035645,25.796249389648438,0.06711312383413315,0.753333330154419,600,35.473731994628906,134.6896514892578,0.49063923954963684,0.8083333373069763
555,533,320,180,C1,43,fit,Y,-0.02,True,False,64,753,352,329,300,17,401,23,1,0,1,1911,1911,237,1,root_band,0.023217635229229927,7,47,140,6.349595546722412,12.878442764282227,0.020973363891243935,0.6857143044471741,237,6.922482490539551,13.462936401367188,0.02546190656721592,0.746835470199585
555,533,320,180,C1,43,fit,Y,-0.02,True,False,64,753,352,329,300,17,401,23,1,0,1,1911,1911,363,1,outside_root_band,0.4509177505970001,9,16,160,12.309286117553711,34.558135986328125,0.10748541355133057,0.8125,363,54.1146354675293,207.3535919189453,0.7943500876426697,0.8484848737716675
556,533,320,180,C1,43,fit,A,-0.02,True,False,64,753,356,333,300,17,397,23,1,0,1,1911,1911,600,1,all,0.27670715749263763,113,47,300,9.289006233215332,25.25541877746582,0.06789642572402954,0.6566666960716248,600,34.88419723510742,132.52908325195312,0.4855178892612457,0.7149999737739563
556,533,320,180,C1,43,fit,A,-0.02,True,False,64,753,356,333,300,17,397,23,1,0,1,1911,1911,237,1,root_band,0.025448822416365147,12,25,138,6.000239372253418,13.668871879577637,0.023019134998321533,0.5289855003356934,237,6.522069931030273,14.04239559173584,0.02787850983440876,0.5611814260482788
556,533,320,180,C1,43,fit,A,-0.02,True,False,64,753,356,333,300,17,397,23,1,0,1,1911,1911,363,1,outside_root_band,0.44521626457571983,101,22,162,12.090548515319824,34.387229919433594,0.10612522810697556,0.7654321193695068,363,53.401615142822266,205.05191040039062,0.7843073010444641,0.8154270052909851
557,533,320,180,C1,43,fit,B,-0.02,True,False,64,753,357,334,300,17,396,23,1,0,1,1911,1911,600,1,all,0.27994341030716896,22,64,300,9.307576179504395,26.1175537109375,0.06776697188615799,0.6899999976158142,600,35.20792770385742,135.1995086669922,0.49211984872817993,0.7200000286102295
557,533,320,180,C1,43,fit,B,-0.02,True,False,64,753,357,334,300,17,396,23,1,0,1,1911,1911,237,1,root_band,0.022747800685465336,13,32,138,5.840120792388916,12.8534574508667,0.020283224061131477,0.5869565010070801,237,6.226466178894043,13.510618209838867,0.025212377309799194,0.5907173156738281
557,533,320,180,C1,43,fit,B,-0.02,True,False,64,753,357,334,300,17,396,23,1,0,1,1911,1911,363,1,outside_root_band,0.45258815959095955,9,32,162,12.261334419250488,34.58634948730469,0.10821608453989029,0.7777777910232544,363,54.12971115112305,207.85047912597656,0.7969602346420288,0.8044077157974243
558,533,320,180,C1,43,fit,C,-0.02,True,False,64,752,350,327,300,17,402,23,1,0,1,1911,1911,600,1,all,0.28594015911221504,13,33,300,9.239484786987305,26.404850006103516,0.0658104196190834,0.7133333086967468,600,36.18471908569336,140.5764617919922,0.5060698986053467,0.7749999761581421
558,533,320,180,C1,43,fit,C,-0.02,True,False,64,752,350,327,300,17,402,23,1,0,1,1911,1911,237,1,root_band,0.021428775042295456,5,23,141,5.862224578857422,12.506210327148438,0.019039178267121315,0.6028369069099426,237,6.402184009552002,13.156150817871094,0.023818371817469597,0.6708860993385315
558,533,320,180,C1,43,fit,C,-0.02,True,False,64,752,350,327,300,17,402,23,1,0,1,1911,1911,363,1,outside_root_band,0.4641075134277344,8,10,159,12.234413146972656,35.56172180175781,0.10728681087493896,0.8113207817077637,363,55.629512786865234,213.40841674804688,0.8209282159805298,0.8429751992225647
559,533,320,180,C1,43,fit,X,0.02,True,False,64,753,347,325,300,17,406,22,1,0,1,1911,1911,600,1,all,0.28843041881918907,13,48,300,9.150362014770508,26.638660430908203,0.06417768448591232,0.75,600,36.6763916015625,142.80360412597656,0.5126831531524658,0.8033333420753479
559,533,320,180,C1,43,fit,X,0.02,True,False,64,753,347,325,300,17,406,22,1,0,1,1911,1911,237,1,root_band,0.021313604898750782,12,36,143,5.934436798095703,12.249585151672363,0.018849432468414307,0.6783216595649719,237,6.524065017700195,12.83576774597168,0.023777777329087257,0.7341772317886353
559,533,320,180,C1,43,fit,X,0.02,True,False,64,753,347,325,300,17,406,22,1,0,1,1911,1911,363,1,outside_root_band,0.4686748720705509,1,12,157,12.079519271850586,35.675262451171875,0.10546392947435379,0.8152866363525391,363,56.36262512207031,215.56463623046875,0.831885814666748,0.8484848737716675
560,533,320,180,C1,43,fit,Y,0.02,True,False,64,752,345,324,300,17,407,21,1,0,1,1911,1911,600,1,all,0.29839237965643406,21,63,300,8.12704849243164,23.330066680908203,0.057511914521455765,0.6333333253860474,600,37.65854263305664,152.3937225341797,0.5392728447914124,0.6850000023841858
560,533,320,180,C1,43,fit,Y,0.02,True,False,64,752,345,324,300,17,407,21,1,0,1,1911,1911,237,1,root_band,0.020995598286390305,13,35,142,4.900588035583496,11.303589820861816,0.017995698377490044,0.47887325286865234,237,5.277065277099609,12.214895248413086,0.023995498195290565,0.48523205518722534
560,533,320,180,C1,43,fit,Y,0.02,True,False,64,752,345,324,300,17,407,21,1,0,1,1911,1911,363,1,outside_root_band,0.4843600280582905,8,28,158,11.026779174804688,35.47957992553711,0.09302649646997452,0.7721518874168396,363,58.80017852783203,225.3566131591797,0.8756935596466064,0.8154270052909851
561,533,320,180,C1,43,fit,A,0.02,True,False,64,753,339,318,300,17,414,21,1,0,1,1911,1911,600,1,all,0.3038679789751768,14,69,300,7.974791049957275,21.061586380004883,0.05374845489859581,0.6800000071525574,600,38.69746017456055,157.5018310546875,0.5539875030517578,0.7416666746139526
561,533,320,180,C1,43,fit,A,0.02,True,False,64,753,339,318,300,17,414,21,1,0,1,1911,1911,237,1,root_band,0.022591651417315006,6,56,145,5.19008731842041,10.503195762634277,0.019673766568303108,0.5517241358757019,237,5.684963703155518,13.130142211914062,0.025509536266326904,0.5822784900665283
561,533,320,180,C1,43,fit,A,0.02,True,False,64,753,339,318,300,17,414,21,1,0,1,1911,1911,363,1,outside_root_band,0.49232588335871696,8,13,155,10.57983684539795,34.1383056640625,0.08562477678060532,0.800000011920929,363,60.251075744628906,230.6298065185547,0.8990269899368286,0.8457300066947937
562,533,320,180,C1,43,fit,B,0.02,True,False,64,752,340,318,300,17,412,22,1,0,1,1911,1911,600,1,all,0.2980044614523649,10,88,300,8.493544578552246,22.030820846557617,0.05681416019797325,0.753333330154419,600,38.13090515136719,152.01214599609375,0.5391947627067566,0.8033333420753479
562,533,320,180,C1,43,fit,B,0.02,True,False,64,752,340,318,300,17,412,22,1,0,1,1911,1911,237,1,root_band,0.021841630339622498,9,70,145,5.645117282867432,10.80327320098877,0.019140424206852913,0.6758620738983154,237,6.203902721405029,12.119414329528809,0.024542836472392082,0.7172995805740356
562,533,320,180,C1,43,fit,B,0.02,True,False,64,752,340,318,300,17,412,22,1,0,1,1911,1911,363,1,outside_root_band,0.4836322031915188,1,18,155,11.158204078674316,35.28512191772461,0.09205733984708786,0.8258064389228821,363,58.97580337524414,224.9963836669922,0.8752070665359497,0.8595041036605835
563,533,320,180,C1,43,fit,C,0.02,True,False,64,752,347,326,300,17,405,21,1,0,1,1911,1911,600,1,all,0.29188751615583897,20,34,300,8.540634155273438,26.386260986328125,0.0618126280605793,0.6333333253860474,600,36.73802947998047,146.45123291015625,0.5219624042510986,0.70333331823349
563,533,320,180,C1,43,fit,C,0.02,True,False,64,752,347,326,300,17,405,21,1,0,1,1911,1911,237,1,root_band,0.020430898293852806,13,19,140,5.076925277709961,11.132315635681152,0.018089348450303078,0.4928571283817291,237,5.465875625610352,12.28215503692627,0.022772448137402534,0.5274261832237244
563,533,320,180,C1,43,fit,C,0.02,True,False,64,752,347,326,300,17,405,21,1,0,1,1911,1911,363,1,outside_root_band,0.47397513315081596,7,15,160,11.571379661560059,35.81019973754883,0.10007049888372421,0.7562500238418579,363,57.15538787841797,219.27032470703125,0.8478797674179077,0.8181818127632141
564,533,320,180,C1,43,fit,X,-0.05,True,False,64,751,349,328,300,17,402,21,1,0,1,1911,1911,600,1,all,0.2855217568576336,26,113,300,8.968361854553223,26.39324188232422,0.06232830137014389,0.7233333587646484,600,36.14931106567383,141.57896423339844,0.5087152123451233,0.7250000238418579
564,533,320,180,C1,43,fit,X,-0.05,True,False,64,751,349,328,300,17,402,21,1,0,1,1911,1911,237,1,root_band,0.020511816255748272,15,66,139,5.885527610778809,11.430447578430176,0.018808357417583466,0.6978417038917542,237,6.027194023132324,12.401235580444336,0.02221527509391308,0.6666666865348816
564,533,320,180,C1,43,fit,X,-0.05,True,False,64,751,349,328,300,17,402,21,1,0,1,1911,1911,363,1,outside_root_band,0.4631244167685509,11,47,161,11.629939079284668,34.53499984741211,0.09990142285823822,0.7453415989875793,363,55.81581497192383,214.30111694335938,0.8263474106788635,0.7630854249000549
565,533,320,180,C1,43,fit,Y,-0.05,True,False,64,753,350,327,300,17,403,23,1,0,1,1911,1911,600,1,all,0.26986130326986313,117,118,300,10.389633178710938,22.05387306213379,0.06942565739154816,0.8533333539962769,600,34.88656234741211,124.3802490234375,0.4702969491481781,0.8633333444595337
565,533,320,180,C1,43,fit,Y,-0.05,True,False,64,753,350,327,300,17,403,23,1,0,1,1911,1911,237,1,root_band,0.0363235492259264,10,85,141,8.301640510559082,14.251879692077637,0.033751074224710464,0.8652482032775879,237,8.942473411560059,15.212743759155273,0.038896024227142334,0.8649789094924927
565,533,320,180,C1,43,fit,Y,-0.05,True,False,64,753,350,327,300,17,403,23,1,0,1,1911,1911,363,1,outside_root_band,0.42650847136974335,107,33,159,12.241250038146973,31.07872772216797,0.10106161236763,0.8427672982215881,363,51.82526779174805,196.88014221191406,0.7519553303718567,0.8622589707374573
566,533,320,180,C1,43,fit,A,-0.05,True,False,64,752,360,337,300,17,392,23,1,0,1,1911,1911,600,1,all,0.2631111405789852,118,106,300,9.946073532104492,20.801937103271484,0.07263752073049545,0.70333331823349,600,33.17290496826172,117.40494537353516,0.453584760427475,0.7300000190734863
566,533,320,180,C1,43,fit,A,-0.05,True,False,64,752,360,337,300,17,392,23,1,0,1,1911,1911,237,1,root_band,0.04748402535915375,12,60,136,7.821638107299805,16.773942947387695,0.04374551773071289,0.6323529481887817,237,8.391349792480469,17.431245803833008,0.051222532987594604,0.6413502097129822
566,533,320,180,C1,43,fit,A,-0.05,True,False,64,752,360,337,300,17,392,23,1,0,1,1911,1911,363,1,outside_root_band,0.4064403846859932,106,46,164,11.70780086517334,28.731170654296875,0.09659673273563385,0.7621951103210449,363,49.35259246826172,189.77037048339844,0.7162840366363525,0.7878788113594055
567,533,320,180,C1,43,fit,B,-0.05,True,False,64,752,361,339,300,17,391,22,1,0,1,1911,1911,600,1,all,0.2751820832490921,111,152,300,10.223100662231445,23.45936393737793,0.07204899191856384,0.7666666507720947,600,34.91801834106445,128.62257385253906,0.47831517457962036,0.7699999809265137
567,533,320,180,C1,43,fit,B,-0.05,True,False,64,752,361,339,300,17,391,22,1,0,1,1911,1911,237,1,root_band,0.034364523366093636,13,90,136,7.827557563781738,14.488506317138672,0.031495943665504456,0.8161764740943909,237,8.324247360229492,15.407190322875977,0.037233103066682816,0.7932489514350891
567,533,320,180,C1,43,fit,B,-0.05,True,False,64,752,361,339,300,17,391,22,1,0,1,1911,1911,363,1,outside_root_band,0.43598635494709015,98,62,164,12.209648132324219,31.41017723083496,0.10567834973335266,0.7256097793579102,363,52.28090286254883,201.32762145996094,0.7662943601608276,0.7548209428787231
568,533,320,180,C1,43,fit,C,-0.05,True,False,64,753,351,328,300,17,402,23,1,0,1,1911,1911,600,1,all,0.28013087436556816,18,90,300,9.77481746673584,25.189329147338867,0.06770601123571396,0.8166666626930237,600,35.79290771484375,134.95619201660156,0.49255573749542236,0.8433333039283752
568,533,320,180,C1,43,fit,C,-0.05,True,False,64,753,351,328,300,17,402,23,1,0,1,1911,1911,237,1,root_band,0.02485488448292017,9,67,139,6.733482360839844,13.220564842224121,0.022106925025582314,0.798561155796051,237,7.424094200134277,13.90473747253418,0.027602843940258026,0.8227847814559937
568,533,320,180,C1,43,fit,C,-0.05,True,False,64,753,351,328,300,17,402,23,1,0,1,1911,1911,363,1,outside_root_band,0.45159710943698883,9,23,161,12.400566101074219,34.44598388671875,0.10707417130470276,0.8322981595993042,363,54.314701080322266,207.70289611816406,0.7961200475692749,0.8567492961883545
569,533,320,180,C1,43,fit,X,0.05,True,False,64,754,347,324,300,17,407,23,1,0,1,1911,1911,600,1,all,0.2944813445210457,30,98,300,9.868368148803711,26.245738983154297,0.06615276634693146,0.8600000143051147,600,37.792877197265625,145.4440460205078,0.5228099226951599,0.8799999952316284
569,533,320,180,C1,43,fit,X,0.05,True,False,64,754,347,324,300,17,407,23,1,0,1,1911,1911,237,1,root_band,0.024134703911840916,18,76,141,7.060836315155029,11.87645435333252,0.020859111100435257,0.8865247964859009,237,7.729152202606201,13.095389366149902,0.027410296723246574,0.902953565120697
569,533,320,180,C1,43,fit,X,0.05,True,False,64,754,347,324,300,17,407,23,1,0,1,1911,1911,363,1,outside_root_band,0.4762857221066952,12,22,159,12.358065605163574,34.98628234863281,0.10631882399320602,0.8364779949188232,363,57.421268463134766,218.36920166015625,0.8462526202201843,0.8650137782096863
570,533,320,180,C1,43,fit,Y,0.05,True,False,64,752,339,318,300,17,413,21,1,0,1,1911,1911,600,1,all,0.32040225341916084,24,180,300,7.636598587036133,19.272502899169922,0.048736490309238434,0.6600000262260437,600,40.835060119628906,169.6019287109375,0.5920680165290833,0.6899999976158142
570,533,320,180,C1,43,fit,Y,0.05,True,False,64,752,339,318,300,17,413,21,1,0,1,1911,1911,237,1,root_band,0.027707870118319988,16,120,145,5.579963207244873,11.516670227050781,0.024046270176768303,0.6000000238418579,237,5.911859035491943,16.297561645507812,0.031369470059871674,0.5654008388519287
570,533,320,180,C1,43,fit,Y,0.05,True,False,64,752,339,318,300,17,413,21,1,0,1,1911,1911,363,1,outside_root_band,0.5149889029562473,8,60,155,9.560548782348633,33.901451110839844,0.07183379679918289,0.7161290049552917,363,63.636165618896484,242.9361114501953,0.9581440091133118,0.7713498473167419
571,533,320,180,C1,43,fit,A,0.05,True,False,64,752,326,305,300,17,426,21,1,0,1,1911,1911,600,1,all,0.32923560589551926,19,153,300,7.509067058563232,15.423903465270996,0.04506896436214447,0.753333330154419,600,42.460697174072266,175.25978088378906,0.613402247428894,0.8050000071525574
571,533,320,180,C1,43,fit,A,0.05,True,False,64,752,326,305,300,17,426,21,1,0,1,1911,1911,237,1,root_band,0.035930437967181206,11,115,152,6.340935707092285,15.183152198791504,0.031536903232336044,0.6907894611358643,237,7.03444766998291,19.374805450439453,0.04032397270202637,0.7046413421630859
571,533,320,180,C1,43,fit,A,0.05,True,False,64,752,326,305,300,17,426,21,1,0,1,1911,1911,363,1,outside_root_band,0.5232637580484152,8,38,148,8.708768844604492,18.910703659057617,0.05896676704287529,0.8175675868988037,363,65.5902328491211,248.55496215820312,0.9875607490539551,0.8705233931541443
572,533,320,180,C1,43,fit,B,0.05,True,False,64,752,329,308,300,17,423,21,1,0,1,1911,1911,600,1,all,0.31822533532977104,22,175,300,8.713963508605957,20.33378791809082,0.05503632873296738,0.8033333420753479,600,40.96012496948242,163.8267364501953,0.5814143419265747,0.82833331823349
572,533,320,180,C1,43,fit,B,0.05,True,False,64,752,329,308,300,17,423,21,1,0,1,1911,1911,237,1,root_band,0.03309238236397505,12,140,147,6.975485801696777,12.852826118469238,0.029624493792653084,0.7755101919174194,237,7.506196022033691,15.905416488647461,0.03656027093529701,0.7594936490058899
572,533,320,180,C1,43,fit,B,0.05,True,False,64,752,329,308,300,17,423,21,1,0,1,1911,1911,363,1,outside_root_band,0.5082985758781433,10,35,153,10.384265899658203,35.3380126953125,0.07945162057876587,0.8300653696060181,363,62.80194091796875,236.9495086669922,0.9371455311775208,0.8732782602310181
573,533,320,180,C1,43,fit,C,0.05,True,False,64,751,344,323,300,17,407,21,1,0,1,1911,1911,600,1,all,0.30237919464707375,113,94,300,7.994166374206543,21.549728393554688,0.0553707554936409,0.6499999761581421,600,38.230224609375,156.0691680908203,0.5493876338005066,0.6866666674613953
573,533,320,180,C1,43,fit,C,0.05,True,False,64,751,344,323,300,17,407,21,1,0,1,1911,1911,237,1,root_band,0.021385557018220425,13,57,142,4.910613059997559,10.921415328979492,0.01850135065615177,0.5211267471313477,237,5.256053924560547,12.438074111938477,0.024269763380289078,0.5105485320091248
573,533,320,180,C1,43,fit,C,0.05,True,False,64,751,344,323,300,17,407,21,1,0,1,1911,1911,363,1,outside_root_band,0.49036990478634834,100,37,158,10.765460968017578,34.43302917480469,0.0885065570473671,0.7658227682113647,363,59.75881576538086,229.06326293945312,0.8922332525253296,0.8016529083251953
574,574,320,180,C1,44,nonblind_diagnostic,baseline,0.0,False,False,64,766,290,290,290,16,476,0,0,0,1,1925,1925,600,1,all,0.5072794109582901,0,0,290,13.495071411132812,43.82231903076172,0.13364586234092712,0.7413793206214905,600,59.16721725463867,228.65794372558594,0.8809129595756531,0.8116666674613953
574,574,320,180,C1,44,nonblind_diagnostic,baseline,0.0,False,False,64,766,290,290,290,16,476,0,0,0,1,1925,1925,164,1,root_band,0.027532070875167847,0,0,103,6.366617202758789,12.336806297302246,0.024929841980338097,0.6213592290878296,164,7.065269470214844,13.663613319396973,0.030134299769997597,0.7012194991111755
574,574,320,180,C1,44,nonblind_diagnostic,baseline,0.0,False,False,64,766,290,290,290,16,476,0,0,0,1,1925,1925,436,1,outside_root_band,0.69722880423069,0,0,187,17.421438217163086,58.64936828613281,0.19352689385414124,0.8074866533279419,436,78.76521301269531,277.8269958496094,1.2009307146072388,0.853210985660553
575,574,320,180,C1,44,nonblind_diagnostic,X,-0.005,True,False,64,768,293,293,293,16,475,0,0,0,1,1925,1925,600,1,all,0.506319485604763,3,2,293,13.405092239379883,43.6014289855957,0.13277404010295868,0.744027316570282,600,59.07267379760742,228.3124237060547,0.8798649311065674,0.8083333373069763
575,574,320,180,C1,44,nonblind_diagnostic,X,-0.005,True,False,64,768,293,293,293,16,475,0,0,0,1,1925,1925,164,1,root_band,0.02743397932499647,3,0,106,6.3189239501953125,12.343512535095215,0.02483469806611538,0.6415094137191772,164,6.986347675323486,13.7197847366333,0.030033260583877563,0.7012194991111755
575,574,320,180,C1,44,nonblind_diagnostic,X,-0.005,True,False,64,768,293,293,293,16,475,0,0,0,1,1925,1925,436,1,outside_root_band,0.6967426091432571,0,2,187,17.421850204467773,58.744415283203125,0.19395890831947327,0.8021390438079834,436,78.66477966308594,277.4676818847656,1.199526309967041,0.8486238718032837
576,574,320,180,C1,44,nonblind_diagnostic,Y,-0.005,True,False,64,767,291,291,291,16,476,0,0,0,1,1925,1925,600,1,all,0.4997546002268791,2,10,291,13.709877014160156,44.05253601074219,0.13601474463939667,0.7594501972198486,600,58.18457794189453,223.33401489257812,0.8634944558143616,0.8216666579246521
576,574,320,180,C1,44,nonblind_diagnostic,Y,-0.005,True,False,64,767,291,291,291,16,476,0,0,0,1,1925,1925,164,1,root_band,0.027524786069989204,2,7,103,6.4959259033203125,12.566606521606445,0.024970591068267822,0.6407766938209534,164,7.236605644226074,13.192704200744629,0.030078981071710587,0.7195122241973877
576,574,320,180,C1,44,nonblind_diagnostic,Y,-0.005,True,False,64,767,291,291,291,16,476,0,0,0,1,1925,1925,436,1,outside_root_band,0.6869168803095818,0,3,188,17.662200927734375,59.31846237182617,0.19685278832912445,0.8244680762290955,436,77.3484878540039,272.3235168457031,1.176980972290039,0.8600917458534241
577,574,320,180,C1,44,nonblind_diagnostic,A,-0.005,True,False,64,767,293,293,293,16,474,0,0,0,1,1925,1925,600,1,all,0.49882156401872635,2,11,293,13.616752624511719,43.53009796142578,0.13464517891407013,0.7576791644096375,600,58.14356231689453,223.330810546875,0.8629979491233826,0.8166666626930237
577,574,320,180,C1,44,nonblind_diagnostic,A,-0.005,True,False,64,767,293,293,293,16,474,0,0,0,1,1925,1925,164,1,root_band,0.027589933015406132,2,9,105,6.512140274047852,12.689976692199707,0.02482171356678009,0.6761904954910278,164,7.267977237701416,13.245718955993652,0.030358152464032173,0.7317073345184326
577,574,320,180,C1,44,nonblind_diagnostic,A,-0.005,True,False,64,767,293,293,293,16,474,0,0,0,1,1925,1925,436,1,outside_root_band,0.6860877051949501,0,2,188,17.584753036499023,59.019264221191406,0.19598276913166046,0.8031914830207825,436,77.28024291992188,272.3416442871094,1.1761926412582397,0.8486238718032837
578,574,320,180,C1,44,nonblind_diagnostic,B,-0.005,True,False,64,767,293,293,293,16,474,0,0,0,1,1925,1925,600,1,all,0.499688521027565,2,12,293,13.627470016479492,43.88715362548828,0.13530650734901428,0.744027316570282,600,58.174888610839844,223.44154357910156,0.8640705347061157,0.8116666674613953
578,574,320,180,C1,44,nonblind_diagnostic,B,-0.005,True,False,64,767,293,293,293,16,474,0,0,0,1,1925,1925,164,1,root_band,0.02744570653885603,2,7,105,6.448582649230957,12.511202812194824,0.024676574394106865,0.6571428775787354,164,7.170340061187744,13.22321891784668,0.030214838683605194,0.7195122241973877
578,574,320,180,C1,44,nonblind_diagnostic,B,-0.005,True,False,64,767,293,293,293,16,474,0,0,0,1,1925,1925,436,1,outside_root_band,0.6874085441231728,0,5,188,17.63695526123047,59.36980056762695,0.19709451496601105,0.792553186416626,436,77.3600845336914,272.42864990234375,1.1777225732803345,0.8463302850723267
579,574,320,180,C1,44,nonblind_diagnostic,C,-0.005,True,False,64,767,292,292,292,16,475,0,0,0,1,1925,1925,600,1,all,0.50077173858881,3,6,292,13.688957214355469,44.35498046875,0.1363966017961502,0.7465753555297852,600,58.25300598144531,223.5527801513672,0.8651468753814697,0.8149999976158142
579,574,320,180,C1,44,nonblind_diagnostic,C,-0.005,True,False,64,767,292,292,292,16,475,0,0,0,1,1925,1925,164,1,root_band,0.027431940659880638,3,4,104,6.37876558303833,12.358400344848633,0.024722693488001823,0.625,164,7.149518013000488,13.402247428894043,0.030141187831759453,0.7012194991111755
579,574,320,180,C1,44,nonblind_diagnostic,C,-0.005,True,False,64,767,292,292,292,16,475,0,0,0,1,1925,1925,436,1,outside_root_band,0.6887026056647301,0,2,188,17.732892990112305,59.72031021118164,0.19817368686199188,0.813829779624939,436,77.47540283203125,272.5160827636719,1.1792315244674683,0.857798159122467
580,574,320,180,C1,44,nonblind_diagnostic,X,0.005,True,False,64,766,290,290,290,16,476,0,0,0,1,1925,1925,600,1,all,0.5076671913266182,3,4,290,13.519229888916016,43.64582061767578,0.13336630165576935,0.751724123954773,600,59.25881576538086,229.00379943847656,0.881968080997467,0.8183333277702332
580,574,320,180,C1,44,nonblind_diagnostic,X,0.005,True,False,64,766,290,290,290,16,476,0,0,0,1,1925,1925,164,1,root_band,0.027561801485717297,2,1,103,6.4342122077941895,12.370057106018066,0.024881647899746895,0.6310679316520691,164,7.131929397583008,13.607285499572754,0.0302419550716877,0.707317054271698
580,574,320,180,C1,44,nonblind_diagnostic,X,0.005,True,False,64,766,290,290,290,16,476,0,0,0,1,1925,1925,436,1,outside_root_band,0.6977310180664062,1,3,187,17.421672821044922,58.5578498840332,0.19311988353729248,0.8181818127632141,436,78.86618041992188,278.1866149902344,1.20234215259552,0.8600917458534241
581,574,320,180,C1,44,nonblind_diagnostic,Y,0.005,True,False,64,766,292,292,292,16,474,0,0,0,1,1925,1925,600,1,all,0.5090532377362251,4,8,292,13.46718692779541,44.30144119262695,0.13436748087406158,0.7465753555297852,600,59.26885986328125,228.98223876953125,0.8837389945983887,0.8016666769981384
581,574,320,180,C1,44,nonblind_diagnostic,Y,0.005,True,False,64,766,292,292,292,16,474,0,0,0,1,1925,1925,164,1,root_band,0.027586374431848526,3,4,105,6.211930751800537,12.219557762145996,0.02471976727247238,0.6285714507102966,164,6.891229152679443,14.381000518798828,0.03045298159122467,0.6890243887901306
581,574,320,180,C1,44,nonblind_diagnostic,Y,0.005,True,False,64,766,292,292,292,16,474,0,0,0,1,1925,1925,436,1,outside_root_band,0.7003171369433403,1,4,187,17.540992736816406,59.40856170654297,0.19593439996242523,0.8128342032432556,436,78.97052764892578,278.10333251953125,1.2046998739242554,0.8440366983413696
582,574,320,180,C1,44,nonblind_diagnostic,A,0.005,True,False,64,766,290,290,290,16,476,0,0,0,1,1925,1925,600,1,all,0.5100831463932991,2,10,290,13.557121276855469,44.87916946411133,0.13584376871585846,0.7413793206214905,600,59.31301498413086,228.98306274414062,0.8843225240707397,0.8050000071525574
582,574,320,180,C1,44,nonblind_diagnostic,A,0.005,True,False,64,766,290,290,290,16,476,0,0,0,1,1925,1925,164,1,root_band,0.02783274929970503,2,6,103,6.184836387634277,12.481980323791504,0.02516287937760353,0.5922330021858215,164,6.874251365661621,14.681954383850098,0.030502619221806526,0.6768292784690857
582,574,320,180,C1,44,nonblind_diagnostic,A,0.005,True,False,64,766,290,290,290,16,476,0,0,0,1,1925,1925,436,1,outside_root_band,0.7011454626917839,0,4,187,17.617788314819336,59.703975677490234,0.19680701196193695,0.8235294222831726,436,79.0376968383789,278.08349609375,1.2054839134216309,0.853210985660553
583,574,320,180,C1,44,nonblind_diagnostic,B,0.005,True,False,64,766,290,290,290,16,476,0,0,0,1,1925,1925,600,1,all,0.5091223940253258,5,11,290,13.54874038696289,44.52678680419922,0.13508377969264984,0.7551724314689636,600,59.278900146484375,228.87423706054688,0.8831610083580017,0.8133333325386047
583,574,320,180,C1,44,nonblind_diagnostic,B,0.005,True,False,64,766,290,290,290,16,476,0,0,0,1,1925,1925,164,1,root_band,0.027673794887959957,5,4,103,6.252742767333984,12.253490447998047,0.025030815973877907,0.6116504669189453,164,6.959031105041504,14.3424654006958,0.030316773802042007,0.6890243887901306
583,574,320,180,C1,44,nonblind_diagnostic,B,0.005,True,False,64,766,290,290,290,16,476,0,0,0,1,1925,1925,436,1,outside_root_band,0.6998284235596657,0,7,187,17.5673885345459,59.3524055480957,0.19570119678974152,0.8342245817184448,436,78.95885467529297,277.9975891113281,1.2039556503295898,0.8600917458534241
584,574,320,180,C1,44,nonblind_diagnostic,C,0.005,True,False,64,766,292,292,292,16,474,0,0,0,1,1925,1925,600,1,all,0.5077560320496559,3,3,292,13.439397811889648,43.9198112487793,0.13347764313220978,0.7465753555297852,600,59.19548034667969,228.76593017578125,0.882034420967102,0.8066666722297668
584,574,320,180,C1,44,nonblind_diagnostic,C,0.005,True,False,64,766,292,292,292,16,474,0,0,0,1,1925,1925,164,1,root_band,0.027383141219615936,3,2,105,6.257693767547607,12.134356498718262,0.02457289770245552,0.6285714507102966,164,6.958759307861328,14.003045082092285,0.030193384736776352,0.6890243887901306
584,574,320,180,C1,44,nonblind_diagnostic,C,0.005,True,False,64,766,292,292,292,16,474,0,0,0,1,1925,1925,436,1,outside_root_band,0.6985395476222038,0,1,187,17.471906661987305,59.0009880065918,0.19462738931179047,0.8128342032432556,436,78.8441390991211,277.9121398925781,1.2024517059326172,0.8509174585342407
585,574,320,180,C1,44,nonblind_diagnostic,X,-0.01,True,False,64,768,294,294,294,16,474,0,0,0,1,1925,1925,600,1,all,0.5057440772652626,9,8,294,13.38342571258545,43.626007080078125,0.1326642781496048,0.7414966225624084,600,58.982784271240234,227.96751403808594,0.8788238763809204,0.8050000071525574
585,574,320,180,C1,44,nonblind_diagnostic,X,-0.01,True,False,64,768,294,294,294,16,474,0,0,0,1,1925,1925,164,1,root_band,0.027373372577130795,9,2,107,6.327640533447266,12.285233497619629,0.024808166548609734,0.644859790802002,164,6.922367095947266,13.775840759277344,0.029938578605651855,0.7012194991111755
585,574,320,180,C1,44,nonblind_diagnostic,X,-0.01,True,False,64,768,294,294,294,16,474,0,0,0,1,1925,1925,436,1,outside_root_band,0.6962540820240974,0,6,187,17.420692443847656,58.84285354614258,0.19437874853610992,0.7967914342880249,436,78.56514739990234,277.10888671875,1.198129415512085,0.8440366983413696
586,574,320,180,C1,44,nonblind_diagnostic,Y,-0.01,True,False,64,768,292,292,292,16,476,0,0,0,1,1925,1925,600,1,all,0.4975526034832001,8,20,292,13.682539939880371,43.17699432373047,0.13428467512130737,0.7705479264259338,600,58.08220291137695,223.00579833984375,0.8608205318450928,0.82833331823349
586,574,320,180,C1,44,nonblind_diagnostic,Y,-0.01,True,False,64,768,292,292,292,16,476,0,0,0,1,1925,1925,164,1,root_band,0.027911397628486156,8,12,104,6.706744194030762,12.57274055480957,0.025520440191030502,0.6730769276618958,164,7.408964157104492,13.256372451782227,0.03030235506594181,0.7378048896789551
586,574,320,180,C1,44,nonblind_diagnostic,Y,-0.01,True,False,64,768,292,292,292,16,476,0,0,0,1,1925,1925,436,1,outside_root_band,0.6838347092270851,0,8,188,17.541492462158203,58.56660842895508,0.19445212185382843,0.8244680762290955,436,77.14278411865234,272.0450439453125,1.1732172966003418,0.8623853325843811
587,574,320,180,C1,44,nonblind_diagnostic,A,-0.01,True,False,64,766,293,293,293,16,473,0,0,0,1,1925,1925,600,1,all,0.49639110267162323,2,23,293,13.57426929473877,42.45774459838867,0.1328435242176056,0.7508532404899597,600,58.01197052001953,223.00108337402344,0.8599386811256409,0.8166666626930237
587,574,320,180,C1,44,nonblind_diagnostic,A,-0.01,True,False,64,766,293,293,293,16,473,0,0,0,1,1925,1925,164,1,root_band,0.028437107801437378,2,16,105,6.7487030029296875,12.981840133666992,0.02565048262476921,0.6761904954910278,164,7.513726234436035,13.596373558044434,0.031223732978105545,0.75
587,574,320,180,C1,44,nonblind_diagnostic,A,-0.01,True,False,64,766,293,293,293,16,473,0,0,0,1,1925,1925,436,1,outside_root_band,0.682184599339962,0,7,188,17.38641929626465,57.9677734375,0.1927119940519333,0.792553186416626,436,77.00672912597656,272.082763671875,1.1716572046279907,0.8417431116104126
588,574,320,180,C1,44,nonblind_diagnostic,B,-0.01,True,False,64,766,294,294,294,16,472,0,0,0,1,1925,1925,600,1,all,0.49779340624809265,9,24,294,13.570962905883789,43.064762115478516,0.13361495733261108,0.7517006993293762,600,58.070068359375,223.2204132080078,0.8619718551635742,0.8116666674613953
588,574,320,180,C1,44,nonblind_diagnostic,B,-0.01,True,False,64,766,294,294,294,16,472,0,0,0,1,1925,1925,164,1,root_band,0.027728533372282982,8,14,106,6.617753982543945,12.59341049194336,0.024883702397346497,0.698113203048706,164,7.302572727203369,13.297889709472656,0.030573364347219467,0.75
588,574,320,180,C1,44,nonblind_diagnostic,B,-0.01,True,False,64,766,294,294,294,16,472,0,0,0,1,1925,1925,436,1,outside_root_band,0.6848102733492851,1,10,188,17.49138641357422,58.668697357177734,0.1949208825826645,0.7819148898124695,436,77.16609954833984,272.25494384765625,1.1746996641159058,0.8348624110221863
589,574,320,180,C1,44,nonblind_diagnostic,C,-0.01,True,False,64,767,291,291,291,16,476,0,0,0,1,1925,1925,600,1,all,0.5001169964671135,5,12,291,13.727926254272461,44.106834411621094,0.13618002831935883,0.7594501972198486,600,58.22372817993164,223.44142150878906,0.8640539646148682,0.824999988079071
589,574,320,180,C1,44,nonblind_diagnostic,C,-0.01,True,False,64,767,291,291,291,16,476,0,0,0,1,1925,1925,164,1,root_band,0.0276345768943429,5,7,103,6.5121378898620605,12.58753776550293,0.025054091587662697,0.6407766938209534,164,7.254464149475098,13.223245620727539,0.030215062201023102,0.7195122241973877
589,574,320,180,C1,44,nonblind_diagnostic,C,-0.01,True,False,64,767,291,291,291,16,476,0,0,0,1,1925,1925,436,1,outside_root_band,0.6873813420534134,0,5,188,17.681257247924805,59.36970901489258,0.1970628798007965,0.8244680762290955,436,77.39563751220703,272.42852783203125,1.1776998043060303,0.8646789193153381
590,574,320,180,C1,44,nonblind_diagnostic,X,0.01,True,False,64,766,291,291,291,16,475,0,0,0,1,1925,1925,600,1,all,0.5026613771915436,9,9,291,13.78222370147705,44.65338897705078,0.13700491189956665,0.7663230299949646,600,58.46380615234375,224.3447723388672,0.8683178424835205,0.8233333230018616
590,574,320,180,C1,44,nonblind_diagnostic,X,0.01,True,False,64,766,291,291,291,16,475,0,0,0,1,1925,1925,164,1,root_band,0.027593611739575863,7,3,103,6.486812114715576,12.38708782196045,0.02483113668859005,0.6310679316520691,164,7.183238983154297,13.551030158996582,0.030356086790561676,0.707317054271698
590,574,320,180,C1,44,nonblind_diagnostic,X,0.01,True,False,64,766,291,291,291,16,475,0,0,0,1,1925,1925,436,1,outside_root_band,0.6909880340099335,2,6,188,17.779178619384766,59.85310363769531,0.19846183061599731,0.8404255509376526,436,77.75282287597656,273.3136291503906,1.1835142374038696,0.8669725060462952
591,574,320,180,C1,44,nonblind_diagnostic,Y,0.01,True,False,64,766,293,293,293,16,473,0,0,0,1,1925,1925,600,1,all,0.5111359655857086,6,22,293,13.485223770141602,44.8949089050293,0.13562071323394775,0.7303754091262817,600,59.37860870361328,229.30860900878906,0.8866512179374695,0.7983333468437195
591,574,320,180,C1,44,nonblind_diagnostic,Y,0.01,True,False,64,766,293,293,293,16,473,0,0,0,1,1925,1925,164,1,root_band,0.027975852601230145,5,11,106,6.118176460266113,12.46684741973877,0.02492864988744259,0.6226415038108826,164,6.743907928466797,15.098679542541504,0.0310230553150177,0.6707317233085632
591,574,320,180,C1,44,nonblind_diagnostic,Y,0.01,True,False,64,766,293,293,293,16,473,0,0,0,1,1925,1925,436,1,outside_root_band,0.7034294232726097,1,11,187,17.661197662353516,60.16808319091797,0.1983659714460373,0.7914438247680664,436,79.1769790649414,278.3814392089844,1.2084928750991821,0.8463302850723267
592,574,320,180,C1,44,nonblind_diagnostic,A,0.01,True,False,64,766,290,290,290,16,476,0,0,0,1,1925,1925,600,1,all,0.5130779892206192,5,26,290,13.632380485534668,45.93701934814453,0.1382392942905426,0.7448275685310364,600,59.46744155883789,229.31219482421875,0.8879166841506958,0.8050000071525574
592,574,320,180,C1,44,nonblind_diagnostic,A,0.01,True,False,64,766,290,290,290,16,476,0,0,0,1,1925,1925,164,1,root_band,0.02864431869238615,5,15,103,6.039867401123047,13.428488731384277,0.02586926706135273,0.582524299621582,164,6.709661483764648,15.700610160827637,0.03141937032341957,0.6463414430618286
592,574,320,180,C1,44,nonblind_diagnostic,A,0.01,True,False,64,766,290,290,290,16,476,0,0,0,1,1925,1925,436,1,outside_root_band,0.7051091641187668,0,11,187,17.814353942871094,60.75868606567383,0.20013293623924255,0.8342245817184448,436,79.3121109008789,278.34344482421875,1.210085391998291,0.8646789193153381
593,574,320,180,C1,44,nonblind_diagnostic,B,0.01,True,False,64,766,289,289,289,16,477,0,0,0,1,1925,1925,600,1,all,0.511292353272438,9,24,289,13.654080390930176,45.34585952758789,0.13708767294883728,0.7612456679344177,600,59.391876220703125,229.09231567382812,0.8854970335960388,0.8149999976158142
593,574,320,180,C1,44,nonblind_diagnostic,B,0.01,True,False,64,766,289,289,289,16,477,0,0,0,1,1925,1925,164,1,root_band,0.028173081576824188,9,10,102,6.212589740753174,12.877076148986816,0.025596287101507187,0.5980392098426819,164,6.855434894561768,15.021540641784668,0.03074987605214119,0.6646341681480408
593,574,320,180,C1,44,nonblind_diagnostic,B,0.01,True,False,64,766,289,289,289,16,477,0,0,0,1,1925,1925,436,1,outside_root_band,0.7024541720747948,0,14,187,17.71307373046875,60.05551528930664,0.1979011744260788,0.8502673506736755,436,79.1532974243164,278.1697692871094,1.2070071697235107,0.8715596199035645
594,574,320,180,C1,44,nonblind_diagnostic,C,0.01,True,False,64,766,292,292,292,16,474,0,0,0,1,1925,1925,600,1,all,0.5086958408355713,3,11,292,13.450475692749023,44.271453857421875,0.13421452045440674,0.7397260069847107,600,59.22915267944336,228.87420654296875,0.8831771612167358,0.800000011920929
594,574,320,180,C1,44,nonblind_diagnostic,C,0.01,True,False,64,766,292,292,292,16,474,0,0,0,1,1925,1925,164,1,root_band,0.02748490497469902,3,4,105,6.197690963745117,12.180617332458496,0.024652903899550438,0.6285714507102966,164,6.871593952178955,14.34252643585205,0.030316906049847603,0.6890243887901306
594,574,320,180,C1,44,nonblind_diagnostic,C,0.01,True,False,64,766,292,292,292,16,474,0,0,0,1,1925,1925,436,1,outside_root_band,0.6998554989695549,0,7,187,17.52289581298828,59.35234832763672,0.19573305547237396,0.8021390438079834,436,78.92327880859375,277.9975891113281,1.2039779424667358,0.8417431116104126
595,574,320,180,C1,44,nonblind_diagnostic,X,-0.02,True,False,64,766,294,294,294,16,472,0,0,0,1,1925,1925,600,1,all,0.5050590336322784,12,19,294,13.421751022338867,43.97632598876953,0.1333569884300232,0.7278911471366882,600,58.81318283081055,227.27911376953125,0.8767610788345337,0.7866666913032532
595,574,320,180,C1,44,nonblind_diagnostic,X,-0.02,True,False,64,766,294,294,294,16,472,0,0,0,1,1925,1925,164,1,root_band,0.027450603432953358,11,4,107,6.420309066772461,12.08913803100586,0.025132305920124054,0.663551390171051,164,6.82961368560791,13.887840270996094,0.02976890094578266,0.6890243887901306
595,574,320,180,C1,44,nonblind_diagnostic,X,-0.02,True,False,64,766,294,294,294,16,472,0,0,0,1,1925,1925,436,1,outside_root_band,0.6953184083104134,1,15,187,17.42792320251465,59.05011749267578,0.19528235495090485,0.7647058963775635,436,78.36663818359375,276.392578125,1.1953544616699219,0.8233944773674011
596,574,320,180,C1,44,nonblind_diagnostic,Y,-0.02,True,False,64,769,291,291,291,16,478,0,0,0,1,1925,1925,600,1,all,0.4889010563492775,9,35,291,13.998190879821777,42.56897735595703,0.13646645843982697,0.800687313079834,600,57.03856658935547,217.37893676757812,0.841335654258728,0.8433333039283752
596,574,320,180,C1,44,nonblind_diagnostic,Y,-0.02,True,False,64,769,291,291,291,16,478,0,0,0,1,1925,1925,164,1,root_band,0.02956071589142084,9,19,102,7.218993663787842,13.287059783935547,0.027460245415568352,0.686274528503418,164,7.847421646118164,13.615874290466309,0.03166118636727333,0.7560975551605225
596,574,320,180,C1,44,nonblind_diagnostic,Y,-0.02,True,False,64,769,291,291,291,16,478,0,0,0,1,1925,1925,436,1,outside_root_band,0.6705936267971992,0,16,189,17.65680503845215,58.6046142578125,0.19529522955417633,0.8624338507652283,436,75.5416488647461,266.2790222167969,1.1458920240402222,0.8761467933654785
597,574,320,180,C1,44,nonblind_diagnostic,A,-0.02,True,False,64,767,295,295,295,16,472,0,0,0,1,1925,1925,600,1,all,0.4866013526916504,10,39,295,13.730918884277344,40.98646545410156,0.13324880599975586,0.7457627058029175,600,56.897911071777344,217.3590087890625,0.8399538993835449,0.8166666626930237
597,574,320,180,C1,44,nonblind_diagnostic,A,-0.02,True,False,64,767,295,295,295,16,472,0,0,0,1,1925,1925,164,1,root_band,0.031953683122992516,9,25,106,7.293362617492676,13.650435447692871,0.02887846529483795,0.6886792182922363,164,8.067482948303223,14.26970386505127,0.03502890095114708,0.7682926654815674
597,574,320,180,C1,44,nonblind_diagnostic,A,-0.02,True,False,64,767,295,295,295,16,472,0,0,0,1,1925,1925,436,1,outside_root_band,0.6672541722655296,1,14,189,17.341398239135742,57.42786407470703,0.1917845457792282,0.7777777910232544,436,75.26531982421875,266.3470764160156,1.142723798751831,0.8348624110221863
598,574,320,180,C1,44,nonblind_diagnostic,B,-0.02,True,False,64,767,297,297,297,16,470,0,0,0,1,1925,1925,600,1,all,0.4890652373433113,12,41,297,13.735474586486816,42.262168884277344,0.13451208174228668,0.7508417367935181,600,57.02072525024414,217.80580139160156,0.8436183929443359,0.79666668176651
598,574,320,180,C1,44,nonblind_diagnostic,B,-0.02,True,False,64,767,297,297,297,16,470,0,0,0,1,1925,1925,164,1,root_band,0.02932166587561369,11,18,108,7.050609588623047,13.124585151672363,0.02646113745868206,0.7314814925193787,164,7.66017484664917,13.666315078735352,0.03218219429254532,0.75
598,574,320,180,C1,44,nonblind_diagnostic,B,-0.02,True,False,64,767,297,297,297,16,470,0,0,0,1,1925,1925,436,1,outside_root_band,0.672546461224556,1,23,189,17.55539894104004,58.827392578125,0.19625547528266907,0.761904776096344,436,75.5875244140625,266.69622802734375,1.1488374471664429,0.8142201900482178
599,574,320,180,C1,44,nonblind_diagnostic,C,-0.02,True,False,64,767,290,290,290,16,477,0,0,0,1,1925,1925,600,1,all,0.4986458942294121,9,23,290,13.76523208618164,43.465702056884766,0.13535116612911224,0.7827585935592651,600,58.162261962890625,223.22027587890625,0.8619406223297119,0.8299999833106995
599,574,320,180,C1,44,nonblind_diagnostic,C,-0.02,True,False,64,767,290,290,290,16,477,0,0,0,1,1925,1925,164,1,root_band,0.02812165766954422,9,12,102,6.737340450286865,12.665453910827637,0.025669150054454803,0.6764705777168274,164,7.451223850250244,13.298135757446289,0.030574165284633636,0.7378048896789551
599,574,320,180,C1,44,nonblind_diagnostic,C,-0.02,True,False,64,767,290,290,290,16,477,0,0,0,1,1925,1925,436,1,outside_root_band,0.6847580596804619,0,11,188,17.578237533569336,58.668697357177734,0.19485948979854584,0.8404255509376526,436,77.23704528808594,272.25482177734375,1.174656629562378,0.8646789193153381
600,574,320,180,C1,44,nonblind_diagnostic,X,0.02,True,False,64,767,290,290,290,16,477,0,0,0,1,1925,1925,600,1,all,0.5066473856568336,13,18,290,13.827326774597168,44.471370697021484,0.136393740773201,0.7793103456497192,600,59.03945541381836,227.2419891357422,0.8769010305404663,0.8349999785423279
600,574,320,180,C1,44,nonblind_diagnostic,X,0.02,True,False,64,767,290,290,290,16,477,0,0,0,1,1925,1925,164,1,root_band,0.027789775282144547,10,6,102,6.654114723205566,12.404409408569336,0.02497618831694126,0.656862735748291,164,7.334137916564941,13.486641883850098,0.03060336224734783,0.7256097793579102
600,574,320,180,C1,44,nonblind_diagnostic,X,0.02,True,False,64,767,290,290,290,16,477,0,0,0,1,1925,1925,436,1,outside_root_band,0.6960384622216225,3,12,188,17.719175338745117,59.410003662109375,0.1968436986207962,0.8457446694374084,436,78.48824310302734,276.34197998046875,1.1952332258224487,0.8761467933654785
601,574,320,180,C1,44,nonblind_diagnostic,Y,0.02,True,False,64,765,292,292,292,16,473,0,0,0,1,1925,1925,600,1,all,0.5214358642697334,10,45,292,13.355681419372559,45.12652587890625,0.1352749615907669,0.7089040875434875,600,60.519344329833984,234.9770965576172,0.9075967669487,0.7766666412353516
601,574,320,180,C1,44,nonblind_diagnostic,Y,0.02,True,False,64,765,292,292,292,16,473,0,0,0,1,1925,1925,164,1,root_band,0.02958516962826252,9,23,106,6.032833576202393,13.869624137878418,0.026298414915800095,0.6037735939025879,164,6.54812479019165,16.53509521484375,0.032871924340724945,0.6463414430618286
601,574,320,180,C1,44,nonblind_diagnostic,Y,0.02,True,False,64,765,292,292,292,16,473,0,0,0,1,1925,1925,436,1,outside_root_band,0.717000812292099,1,22,186,17.528915405273438,60.32186508178711,0.19737988710403442,0.7688171863555908,436,80.82044219970703,284.17449951171875,1.2366217374801636,0.8256880640983582
602,574,320,180,C1,44,nonblind_diagnostic,A,0.02,True,False,64,765,288,288,288,16,477,0,0,0,1,1925,1925,600,1,all,0.5252067819237709,9,48,288,13.633613586425781,46.94899368286133,0.1399952918291092,0.7291666865348816,600,60.720787048339844,234.97439575195312,0.9104182720184326,0.7950000166893005
602,574,320,180,C1,44,nonblind_diagnostic,A,0.02,True,False,64,765,288,288,288,16,477,0,0,0,1,1925,1925,164,1,root_band,0.0318150008097291,9,32,102,5.97659158706665,15.558677673339844,0.028880300000309944,0.5196078419685364,164,6.576706886291504,17.73849105834961,0.034749701619148254,0.5914633870124817
602,574,320,180,C1,44,nonblind_diagnostic,A,0.02,True,False,64,765,288,288,288,16,477,0,0,0,1,1925,1925,436,1,outside_root_band,0.7203637734055519,0,16,186,17.832624435424805,61.52346420288086,0.20092935860157013,0.8440860509872437,436,81.08689880371094,284.0914611816406,1.2397981882095337,0.8715596199035645
603,574,320,180,C1,44,nonblind_diagnostic,B,0.02,True,False,64,766,287,287,287,16,479,0,0,0,1,1925,1925,600,1,all,0.5210883989930153,9,44,287,13.617668151855469,45.67646789550781,0.13688869774341583,0.7804877758026123,600,60.5463752746582,234.54217529296875,0.9052881002426147,0.8183333277702332
603,574,320,180,C1,44,nonblind_diagnostic,B,0.02,True,False,64,766,287,287,287,16,479,0,0,0,1,1925,1925,164,1,root_band,0.029729600064456463,9,21,101,6.211621284484863,14.334105491638184,0.027122093364596367,0.6237623691558838,164,6.775156021118164,16.38001251220703,0.03233710676431656,0.6341463327407837
603,574,320,180,C1,44,nonblind_diagnostic,B,0.02,True,False,64,766,287,287,287,16,479,0,0,0,1,1925,1925,436,1,outside_root_band,0.7150694653391838,0,23,186,17.639230728149414,60.118289947509766,0.19649313390254974,0.8655914068222046,436,80.77225494384766,283.74859619140625,1.2336457967758179,0.8876146674156189
604,574,320,180,C1,44,nonblind_diagnostic,C,0.02,True,False,64,766,293,293,293,16,473,0,0,0,1,1925,1925,600,1,all,0.510425291955471,10,24,293,13.456868171691895,44.83308410644531,0.13532231748104095,0.7303754091262817,600,59.29903030395508,229.0922393798828,0.8855282664299011,0.7950000166893005
604,574,320,180,C1,44,nonblind_diagnostic,C,0.02,True,False,64,766,293,293,293,16,473,0,0,0,1,1925,1925,164,1,root_band,0.027782144956290722,9,11,106,6.101922988891602,12.407244682312012,0.024813270196318626,0.6226415038108826,164,6.704070568084717,15.02163028717041,0.030751019716262817,0.6707317233085632
604,574,320,180,C1,44,nonblind_diagnostic,C,0.02,True,False,64,766,293,293,293,16,473,0,0,0,1,1925,1925,436,1,outside_root_band,0.7025068923830986,1,13,187,17.6259822845459,60.055423736572266,0.19796381890773773,0.7914438247680664,436,79.08245086669922,278.1697082519531,1.2070499658584595,0.8417431116104126
605,574,320,180,C1,44,nonblind_diagnostic,X,-0.05,True,False,64,769,300,300,300,16,469,0,0,0,1,1925,1925,600,1,all,0.5023065432906151,17,43,300,13.531908988952637,44.162315368652344,0.13391487300395966,0.7400000095367432,600,58.427364349365234,225.2252197265625,0.8706982135772705,0.7666666507720947
605,574,320,180,C1,44,nonblind_diagnostic,X,-0.05,True,False,64,769,300,300,300,16,469,0,0,0,1,1925,1925,164,1,root_band,0.02874524239450693,12,12,111,6.978174209594727,14.081897735595703,0.028092706575989723,0.7387387156486511,164,6.910608291625977,14.2218656539917,0.02939777821302414,0.6768292784690857
605,574,320,180,C1,44,nonblind_diagnostic,X,-0.05,True,False,64,769,300,300,300,16,469,0,0,0,1,1925,1925,436,1,outside_root_band,0.6916075497865677,5,31,189,17.380924224853516,59.35663986206055,0.19606438279151917,0.7407407164573669,436,77.80522155761719,274.2535705566406,1.1871507167816162,0.8004587292671204
606,574,320,180,C1,44,nonblind_diagnostic,Y,-0.05,True,False,64,771,289,289,289,16,482,0,0,0,1,1925,1925,600,1,all,0.4751872271299362,13,79,289,14.462002754211426,38.57072067260742,0.13619813323020935,0.8685120940208435,600,55.7371711730957,210.45167541503906,0.8141763210296631,0.8899999856948853
606,574,320,180,C1,44,nonblind_diagnostic,Y,-0.05,True,False,64,771,289,289,289,16,482,0,0,0,1,1925,1925,164,1,root_band,0.04162001051008701,12,49,99,9.049724578857422,14.83160400390625,0.03973831981420517,0.8989899158477783,164,9.476346969604492,15.216078758239746,0.04350170120596886,0.8902438879013062
606,574,320,180,C1,44,nonblind_diagnostic,Y,-0.05,True,False,64,771,289,289,289,16,482,0,0,0,1,1925,1925,436,1,outside_root_band,0.6452609598636627,1,30,190,17.282081604003906,55.473167419433594,0.1864587664604187,0.8526315689086914,436,73.13803100585938,259.41436767578125,1.1040631532669067,0.8899082541465759
607,574,320,180,C1,44,nonblind_diagnostic,A,-0.05,True,False,64,767,301,301,300,16,466,0,1,0,1,1925,1925,600,1,all,0.4625650495290756,13,65,300,14.3536958694458,37.446563720703125,0.13920173048973083,0.746666669845581,600,53.81055450439453,200.53140258789062,0.7859283685684204,0.7900000214576721
607,574,320,180,C1,44,nonblind_diagnostic,A,-0.05,True,False,64,767,301,301,300,16,466,0,1,0,1,1925,1925,164,1,root_band,0.057895321398973465,11,29,108,9.397337913513184,16.720237731933594,0.052438490092754364,0.75,164,10.378457069396973,17.19623374938965,0.06335215270519257,0.7560975551605225
607,574,320,180,C1,44,nonblind_diagnostic,A,-0.05,True,False,64,767,301,301,300,16,466,0,1,0,1,1925,1925,436,1,outside_root_band,0.6228645518422127,2,36,192,17.141647338867188,55.30762481689453,0.18800605833530426,0.7447916865348816,436,70.14739227294922,249.19529724121094,1.057723045349121,0.8027523159980774
608,574,320,180,C1,44,nonblind_diagnostic,B,-0.05,True,False,64,766,302,302,300,16,464,0,1,0,1,1925,1925,600,1,all,0.47697195410728455,12,74,300,14.130702018737793,38.44900131225586,0.13423871994018555,0.7833333611488342,600,55.83053970336914,211.5076141357422,0.8197051882743835,0.8016666769981384
608,574,320,180,C1,44,nonblind_diagnostic,B,-0.05,True,False,64,766,302,302,300,16,464,0,1,0,1,1925,1925,164,1,root_band,0.042140454053878784,10,36,111,9.00804615020752,15.135241508483887,0.03972283750772476,0.8828828930854797,164,9.38771915435791,15.39510726928711,0.044558070600032806,0.8109756112098694
608,574,320,180,C1,44,nonblind_diagnostic,B,-0.05,True,False,64,766,302,302,300,16,464,0,1,0,1,1925,1925,436,1,outside_root_band,0.6505111530423164,2,38,189,17.139245986938477,56.182342529296875,0.18974806368350983,0.7248677015304565,436,73.29985809326172,260.4456787109375,1.111274242401123,0.7981651425361633
609,574,320,180,C1,44,nonblind_diagnostic,C,-0.05,True,False,64,768,289,289,289,16,479,0,0,0,1,1925,1925,600,1,all,0.4892957881093025,10,51,289,14.1476469039917,42.00926208496094,0.13687188923358917,0.8269895911216736,600,57.15214920043945,217.5807647705078,0.8417196869850159,0.8633333444595337
609,574,320,180,C1,44,nonblind_diagnostic,C,-0.05,True,False,64,768,289,289,289,16,479,0,0,0,1,1925,1925,164,1,root_band,0.031212197616696358,10,28,100,7.565959453582764,13.497820854187012,0.028954334557056427,0.7599999904632568,164,8.186915397644043,13.9638671875,0.03347006067633629,0.7987805008888245
609,574,320,180,C1,44,nonblind_diagnostic,C,-0.05,True,False,64,768,289,289,289,16,479,0,0,0,1,1925,1925,436,1,outside_root_band,0.6698556318879128,0,23,189,17.630022048950195,58.12693405151367,0.19397111237049103,0.8624338507652283,436,75.57026672363281,266.5203552246094,1.1457401514053345,0.8876146674156189
610,574,320,180,C1,44,nonblind_diagnostic,X,0.05,True,False,64,766,285,285,285,16,481,0,0,0,1,1925,1925,600,1,all,0.5103509053587914,22,57,285,14.207442283630371,43.91250228881836,0.13717947900295258,0.8771929740905762,600,59.652809143066406,229.31639099121094,0.8835223317146301,0.8899999856948853
610,574,320,180,C1,44,nonblind_diagnostic,X,0.05,True,False,64,766,285,285,285,16,481,0,0,0,1,1925,1925,164,1,root_band,0.02879447676241398,16,34,99,7.377927780151367,12.582026481628418,0.025826603174209595,0.868686854839325,164,7.944156646728516,13.344438552856445,0.03176235035061836,0.8841463327407837
610,574,320,180,C1,44,nonblind_diagnostic,X,0.05,True,False,64,766,285,285,285,16,481,0,0,0,1,1925,1925,436,1,outside_root_band,0.7001784965395927,6,23,186,17.84250831604004,59.09390640258789,0.19644795358181,0.8817204236984253,436,79.10284423828125,278.4998779296875,1.2039090394973755,0.892201840877533
611,574,320,180,C1,44,nonblind_diagnostic,Y,0.05,True,False,64,764,294,294,294,16,470,0,0,0,1,1925,1925,600,1,all,0.5482673570513725,12,110,294,13.502371788024902,47.364566802978516,0.13876186311244965,0.704081654548645,600,63.40404510498047,247.018798828125,0.9577728509902954,0.7383333444595337
611,574,320,180,C1,44,nonblind_diagnostic,Y,0.05,True,False,64,764,294,294,294,16,470,0,0,0,1,1925,1925,164,1,root_band,0.039638180285692215,10,67,111,6.80930757522583,17.23541259765625,0.03598203882575035,0.6396396160125732,164,7.028835773468018,20.85074806213379,0.04329432174563408,0.5609756112098694
611,574,320,180,C1,44,nonblind_diagnostic,Y,0.05,True,False,64,764,294,294,294,16,470,0,0,0,1,1925,1925,436,1,outside_root_band,0.7514273077249527,2,43,183,17.56209945678711,61.95775604248047,0.20110371708869934,0.7431694269180298,436,84.6093978881836,296.3543701171875,1.301750898361206,0.8050458431243896
612,574,320,180,C1,44,nonblind_diagnostic,A,0.05,True,False,64,765,284,284,284,16,481,0,0,0,1,1925,1925,600,1,all,0.5647552013397217,10,106,284,14.052807807922363,50.56218719482422,0.1472274661064148,0.7711267471313477,600,65.02590942382812,252.0414276123047,0.9822829365730286,0.8149999976158142
612,574,320,180,C1,44,nonblind_diagnostic,A,0.05,True,False,64,765,284,284,284,16,481,0,0,0,1,1925,1925,164,1,root_band,0.05029931664466858,9,68,101,7.2082600593566895,21.746477127075195,0.046142421662807465,0.5841584205627441,164,7.881632328033447,23.8574161529541,0.054456211626529694,0.5914633870124817
612,574,320,180,C1,44,nonblind_diagnostic,A,0.05,True,False,64,765,284,284,284,16,481,0,0,0,1,1925,1925,436,1,outside_root_band,0.7671497911214828,1,38,183,17.830398559570312,63.55009460449219,0.20301756262779236,0.874316930770874,436,86.52054595947266,301.3844909667969,1.3312820196151733,0.8990825414657593
613,574,320,180,C1,44,nonblind_diagnostic,B,0.05,True,False,64,766,282,282,282,16,484,0,0,0,1,1925,1925,600,1,all,0.5418014749884605,11,130,282,14.312539100646973,49.22510528564453,0.14678917825222015,0.8226950168609619,600,62.45840835571289,240.8656463623047,0.9368137717247009,0.8483333587646484
613,574,320,180,C1,44,nonblind_diagnostic,B,0.05,True,False,64,766,282,282,282,16,484,0,0,0,1,1925,1925,164,1,root_band,0.039703529328107834,11,94,97,6.996347427368164,18.629289627075195,0.03710554167628288,0.7113401889801025,164,7.3358964920043945,20.458105087280273,0.042301516979932785,0.7134146094322205
613,574,320,180,C1,44,nonblind_diagnostic,B,0.05,True,False,64,766,282,282,282,16,484,0,0,0,1,1925,1925,436,1,outside_root_band,0.7387902736663818,0,36,185,18.14859390258789,62.821929931640625,0.2042989730834961,0.8810811042785645,436,83.19255828857422,290.0195007324219,1.2732815742492676,0.8990825414657593
614,574,320,180,C1,44,nonblind_diagnostic,C,0.05,True,False,64,765,295,295,295,16,470,0,0,0,1,1925,1925,600,1,all,0.5216789320111275,11,57,295,13.348926544189453,45.31245803833008,0.1354639083147049,0.698305070400238,600,60.484535217285156,234.75672912597656,0.90789395570755,0.7599999904632568
614,574,320,180,C1,44,nonblind_diagnostic,C,0.05,True,False,64,765,295,295,295,16,470,0,0,0,1,1925,1925,164,1,root_band,0.0303646270185709,10,26,109,6.155600070953369,14.06343936920166,0.027291473001241684,0.6146789193153381,164,6.500319004058838,17.0601806640625,0.033437781035900116,0.6158536672592163
614,574,320,180,C1,44,nonblind_diagnostic,C,0.05,True,False,64,765,295,295,295,16,470,0,0,0,1,1925,1925,436,1,outside_root_band,0.7178365588188171,1,31,186,17.56436538696289,60.82035827636719,0.19885528087615967,0.7473118305206299,436,80.79052734375,283.91876220703125,1.2368178367614746,0.8142201900482178
615,615,320,180,C1,45,nonblind_diagnostic,baseline,0.0,False,False,64,789,260,259,259,14,529,1,0,0,1,1570,1570,600,1,all,0.6028404533863068,0,0,259,29.707752227783203,98.8326644897461,0.38342171907424927,0.8687258958816528,600,56.36777114868164,172.55276489257812,0.8222591876983643,0.8833333253860474
615,615,320,180,C1,45,nonblind_diagnostic,baseline,0.0,False,False,64,789,260,259,259,14,529,1,0,0,1,1570,1570,160,1,root_band,0.03390278294682503,0,0,72,7.84573221206665,14.389669418334961,0.031849589198827744,0.8472222089767456,160,8.176013946533203,16.347055435180664,0.03595597669482231,0.8500000238418579
615,615,320,180,C1,45,nonblind_diagnostic,baseline,0.0,False,False,64,789,260,259,259,14,529,1,0,0,1,1570,1570,440,1,outside_root_band,0.8134869933128357,0,0,187,38.125213623046875,102.27262878417969,0.5187864303588867,0.8770053386688232,440,73.89203643798828,208.04690551757812,1.1081875562667847,0.8954545259475708
616,615,320,180,C1,45,nonblind_diagnostic,X,-0.005,True,False,64,789,260,259,259,14,529,1,0,0,1,1570,1570,600,1,all,0.6028425842523575,2,1,259,29.747676849365234,98.91767120361328,0.3840204179286957,0.8725868463516235,600,56.32109069824219,172.33607482910156,0.8216647505760193,0.8816666603088379
616,615,320,180,C1,45,nonblind_diagnostic,X,-0.005,True,False,64,789,260,259,259,14,529,1,0,0,1,1570,1570,160,1,root_band,0.03396398946642876,0,1,72,7.867883205413818,14.567605972290039,0.03205186501145363,0.8472222089767456,160,8.129730224609375,16.410903930664062,0.035876113921403885,0.84375
616,615,320,180,C1,45,nonblind_diagnostic,X,-0.005,True,False,64,789,260,259,259,14,529,1,0,0,1,1570,1570,440,1,outside_root_band,0.8134718835353851,2,0,187,38.17197799682617,102.3432846069336,0.5195377469062805,0.8823529481887817,440,73.84521484375,207.79847717285156,1.1074060201644897,0.8954545259475708
617,615,320,180,C1,45,nonblind_diagnostic,Y,-0.005,True,False,64,789,261,260,260,14,528,1,0,0,1,1570,1570,600,1,all,0.6001995354890823,74,5,260,29.876501083374023,98.16513061523438,0.38506874442100525,0.8692307472229004,600,56.00526809692383,171.38449096679688,0.8153303265571594,0.8883333206176758
617,615,320,180,C1,45,nonblind_diagnostic,Y,-0.005,True,False,64,789,261,260,260,14,528,1,0,0,1,1570,1570,160,1,root_band,0.033687083050608635,0,5,72,8.040841102600098,13.725265502929688,0.03173137083649635,0.8611111044883728,160,8.342000007629395,15.64526653289795,0.03564279526472092,0.8687499761581421
617,615,320,180,C1,45,nonblind_diagnostic,Y,-0.005,True,False,64,789,261,260,260,14,528,1,0,0,1,1570,1570,440,1,outside_root_band,0.809621274471283,74,0,188,38.23909378051758,102.42675018310547,0.5203894376754761,0.8723404407501221,440,73.33735656738281,206.36843872070312,1.0988531112670898,0.8954545259475708
618,615,320,180,C1,45,nonblind_diagnostic,A,-0.005,True,False,64,789,261,260,260,14,528,1,0,0,1,1570,1570,600,1,all,0.5990737080574036,73,10,260,29.836830139160156,97.95799255371094,0.383888304233551,0.8769230842590332,600,55.971981048583984,171.3005828857422,0.8142591118812561,0.8899999856948853
618,615,320,180,C1,45,nonblind_diagnostic,A,-0.005,True,False,64,789,261,260,260,14,528,1,0,0,1,1570,1570,160,1,root_band,0.033877843990921974,0,10,72,8.145252227783203,13.419571876525879,0.03191264346241951,0.8611111044883728,160,8.453776359558105,15.349577903747559,0.03584304451942444,0.875
618,615,320,180,C1,45,nonblind_diagnostic,A,-0.005,True,False,64,789,261,260,260,14,528,1,0,0,1,1570,1570,440,1,outside_root_band,0.8080034852027893,73,0,188,38.14424133300781,102.19235229492188,0.5186874866485596,0.8829787373542786,440,73.25133514404297,206.3172149658203,1.097319483757019,0.8954545259475708
619,615,320,180,C1,45,nonblind_diagnostic,B,-0.005,True,False,64,789,261,260,260,14,528,1,0,0,1,1570,1570,600,1,all,0.6007069498300552,73,5,260,29.900619506835938,98.2840805053711,0.3854426443576813,0.8769230842590332,600,56.04768371582031,171.48284912109375,0.8159712553024292,0.8883333206176758
619,615,320,180,C1,45,nonblind_diagnostic,B,-0.005,True,False,64,789,261,260,260,14,528,1,0,0,1,1570,1570,160,1,root_band,0.03380898758769035,0,5,72,8.041749000549316,13.73412036895752,0.03181537240743637,0.8611111044883728,160,8.357065200805664,15.682028770446777,0.035802602767944336,0.8687499761581421
619,615,320,180,C1,45,nonblind_diagnostic,B,-0.005,True,False,64,789,261,260,260,14,528,1,0,0,1,1570,1570,440,1,outside_root_band,0.8102715909481049,73,0,188,38.272098541259766,102.50377655029297,0.5208743214607239,0.8829787373542786,440,73.38972473144531,206.46470642089844,1.0996688604354858,0.8954545259475708
620,615,320,180,C1,45,nonblind_diagnostic,C,-0.005,True,False,64,789,261,260,260,14,528,1,0,0,1,1570,1570,600,1,all,0.602340042591095,74,2,260,29.959827423095703,98.56581115722656,0.38697415590286255,0.8653846383094788,600,56.12224197387695,171.6654815673828,0.8177059292793274,0.8866666555404663
620,615,320,180,C1,45,nonblind_diagnostic,C,-0.005,True,False,64,789,261,260,260,14,528,1,0,0,1,1570,1570,160,1,root_band,0.03381779231131077,0,2,72,7.941361427307129,14.061781883239746,0.031794603914022446,0.8472222089767456,160,8.264693260192871,16.01455307006836,0.03584098070859909,0.862500011920929
620,615,320,180,C1,45,nonblind_diagnostic,C,-0.005,True,False,64,789,261,260,260,14,528,1,0,0,1,1570,1570,440,1,outside_root_band,0.8125104308128357,74,0,188,38.392433166503906,102.80538940429688,0.5230003595352173,0.8723404407501221,440,73.52499389648438,206.61260986328125,1.102020502090454,0.8954545259475708
621,615,320,180,C1,45,nonblind_diagnostic,X,0.005,True,False,64,789,260,259,259,14,529,1,0,0,1,1570,1570,600,1,all,0.60286083817482,0,1,259,29.67510986328125,98.74891662597656,0.38286256790161133,0.8610038757324219,600,56.414703369140625,172.77001953125,0.8228591084480286,0.8849999904632568
621,615,320,180,C1,45,nonblind_diagnostic,X,0.005,True,False,64,789,260,259,259,14,529,1,0,0,1,1570,1570,160,1,root_band,0.033892061561346054,0,1,72,7.844906330108643,14.227638244628906,0.03174005448818207,0.8472222089767456,160,8.222477912902832,16.283113479614258,0.03604406863451004,0.856249988079071
621,615,320,180,C1,45,nonblind_diagnostic,X,0.005,True,False,64,789,260,259,259,14,529,1,0,0,1,1570,1570,440,1,outside_root_band,0.8135138750076294,0,0,187,38.080318450927734,102.20306396484375,0.5180541276931763,0.866310179233551,440,73.93914031982422,208.29576110839844,1.1089736223220825,0.8954545259475708
622,615,320,180,C1,45,nonblind_diagnostic,Y,0.005,True,False,64,789,260,259,259,14,529,1,0,0,1,1570,1570,600,1,all,0.6067520529031754,0,7,259,29.861665725708008,99.56407928466797,0.3870004117488861,0.8610038757324219,600,56.56840896606445,173.02667236328125,0.8265036940574646,0.878333330154419
622,615,320,180,C1,45,nonblind_diagnostic,Y,0.005,True,False,64,789,260,259,259,14,529,1,0,0,1,1570,1570,160,1,root_band,0.03442135825753212,0,6,72,7.67266845703125,15.057710647583008,0.032274212688207626,0.8194444179534912,160,8.026001930236816,17.048999786376953,0.03656850382685661,0.824999988079071
622,615,320,180,C1,45,nonblind_diagnostic,Y,0.005,True,False,64,789,260,259,259,14,529,1,0,0,1,1570,1570,440,1,outside_root_band,0.8186662197113037,0,1,187,38.40502166748047,102.95315551757812,0.523579478263855,0.8770053386688232,440,74.22018432617188,208.44728088378906,1.1137529611587524,0.8977272510528564
623,615,320,180,C1,45,nonblind_diagnostic,A,0.005,True,False,64,789,259,259,259,14,530,0,0,0,1,1570,1570,600,1,all,0.608054518699646,0,11,259,29.908008575439453,99.76734924316406,0.3882873058319092,0.8532818555831909,600,56.61481475830078,173.16439819335938,0.8278217315673828,0.875
623,615,320,180,C1,45,nonblind_diagnostic,A,0.005,True,False,64,789,259,259,259,14,530,0,0,0,1,1570,1570,160,1,root_band,0.034601958468556404,0,10,72,7.594164848327637,15.374591827392578,0.03245913237333298,0.8194444179534912,160,7.932997703552246,17.344621658325195,0.03674478456377983,0.8125
623,615,320,180,C1,45,nonblind_diagnostic,A,0.005,True,False,64,789,259,259,259,14,530,0,0,0,1,1570,1570,440,1,outside_root_band,0.8203884065151215,0,1,187,38.49943542480469,103.19583892822266,0.5252906680107117,0.866310179233551,440,74.31729125976562,208.56211853027344,1.1154861450195312,0.8977272510528564
624,615,320,180,C1,45,nonblind_diagnostic,B,0.005,True,False,64,789,260,259,259,14,529,1,0,0,1,1570,1570,600,1,all,0.6063085049390793,0,7,259,29.837581634521484,99.43940734863281,0.3866265118122101,0.8532818555831909,600,56.53333282470703,172.9794158935547,0.8259904980659485,0.878333330154419
624,615,320,180,C1,45,nonblind_diagnostic,B,0.005,True,False,64,789,260,259,259,14,529,1,0,0,1,1570,1570,160,1,root_band,0.03429749049246311,0,6,72,7.671640396118164,15.046039581298828,0.032184820622205734,0.8194444179534912,160,8.00993824005127,17.012067794799805,0.03641016036272049,0.824999988079071
624,615,320,180,C1,45,nonblind_diagnostic,B,0.005,True,False,64,789,260,259,259,14,529,1,0,0,1,1570,1570,440,1,outside_root_band,0.8181033730506897,0,1,187,38.37206268310547,102.88800048828125,0.5230960845947266,0.866310179233551,440,74.17820739746094,208.41253662109375,1.1131106615066528,0.8977272510528564
625,615,320,180,C1,45,nonblind_diagnostic,C,0.005,True,False,64,789,260,259,259,14,529,1,0,0,1,1570,1570,600,1,all,0.6045403182506561,0,2,259,29.7745418548584,99.16051483154297,0.38503605127334595,0.8610038757324219,600,56.446861267089844,172.737060546875,0.8240445852279663,0.8799999952316284
625,615,320,180,C1,45,nonblind_diagnostic,C,0.005,True,False,64,789,260,259,259,14,529,1,0,0,1,1570,1570,160,1,root_band,0.034063827246427536,0,2,72,7.755657196044922,14.71779727935791,0.031981006264686584,0.8194444179534912,160,8.09052848815918,16.679584503173828,0.03614664822816849,0.8374999761581421
625,615,320,180,C1,45,nonblind_diagnostic,C,0.005,True,False,64,789,260,259,259,14,529,1,0,0,1,1570,1570,440,1,outside_root_band,0.8157623708248138,0,0,187,38.252403259277344,102.58035278320312,0.5209717154502869,0.8770053386688232,440,74.03097534179688,208.19583129882812,1.1105530261993408,0.8954545259475708
626,615,320,180,C1,45,nonblind_diagnostic,X,-0.01,True,False,64,789,260,259,259,14,529,1,0,0,1,1570,1570,600,1,all,0.6028522998094559,5,2,259,29.780851364135742,99.00392150878906,0.3846297562122345,0.8725868463516235,600,56.27459716796875,172.11993408203125,0.8210748434066772,0.8799999952316284
626,615,320,180,C1,45,nonblind_diagnostic,X,-0.01,True,False,64,789,260,259,259,14,529,1,0,0,1,1570,1570,160,1,root_band,0.034042736515402794,1,2,72,7.863584995269775,14.760930061340332,0.03228093311190605,0.8472222089767456,160,8.08365535736084,16.474685668945312,0.035804539918899536,0.8374999761581421
626,615,320,180,C1,45,nonblind_diagnostic,X,-0.01,True,False,64,789,260,259,259,14,529,1,0,0,1,1570,1570,440,1,outside_root_band,0.8134605884552002,4,0,187,38.219581604003906,102.41190338134766,0.5202934741973877,0.8823529481887817,440,73.79857635498047,207.55052185058594,1.1066277027130127,0.8954545259475708
627,615,320,180,C1,45,nonblind_diagnostic,Y,-0.01,True,False,64,789,261,260,260,14,528,1,0,0,1,1570,1570,600,1,all,0.5964777916669846,74,14,260,29.731122970581055,97.43866729736328,0.3816624581813812,0.8769230842590332,600,55.8141975402832,170.92222595214844,0.8112931251525879,0.8933333158493042
627,615,320,180,C1,45,nonblind_diagnostic,Y,-0.01,True,False,64,789,261,260,260,14,528,1,0,0,1,1570,1570,160,1,root_band,0.033782944083213806,0,14,72,8.248822212219238,13.130348205566406,0.031922899186611176,0.875,160,8.521194458007812,14.94385814666748,0.03564298897981644,0.887499988079071
627,615,320,180,C1,45,nonblind_diagnostic,Y,-0.01,True,False,64,789,261,260,260,14,528,1,0,0,1,1570,1570,440,1,outside_root_band,0.8044764697551727,74,0,188,37.9583854675293,101.72513580322266,0.5156052708625793,0.8776595592498779,440,73.01164245605469,205.97776794433594,1.0933476686477661,0.8954545259475708
628,615,320,180,C1,45,nonblind_diagnostic,A,-0.01,True,False,64,789,262,261,261,14,527,1,0,0,1,1570,1570,600,1,all,0.5969829708337784,73,21,261,29.979400634765625,97.5667953491211,0.38469329476356506,0.8927202820777893,600,55.750789642333984,170.7554931640625,0.8092726469039917,0.9016666412353516
628,615,320,180,C1,45,nonblind_diagnostic,A,-0.01,True,False,64,789,262,261,261,14,527,1,0,0,1,1570,1570,160,1,root_band,0.0345666017383337,0,18,72,8.469597816467285,12.958931922912598,0.032681092619895935,0.9166666865348816,160,8.755389213562012,14.352130889892578,0.03645211085677147,0.9125000238418579
628,615,320,180,C1,45,nonblind_diagnostic,A,-0.01,True,False,64,789,262,261,261,14,527,1,0,0,1,1570,1570,440,1,outside_root_band,0.8045457601547241,73,3,189,38.17361068725586,101.44054412841797,0.5187932252883911,0.8835979104042053,440,72.84001922607422,205.8763885498047,1.0902982950210571,0.8977272510528564
629,615,320,180,C1,45,nonblind_diagnostic,B,-0.01,True,False,64,789,261,260,260,14,528,1,0,0,1,1570,1570,600,1,all,0.5974889397621155,73,13,260,29.779191970825195,97.67633056640625,0.3824061155319214,0.8846153616905212,600,55.89865493774414,171.118408203125,0.8125717639923096,0.8949999809265137
629,615,320,180,C1,45,nonblind_diagnostic,B,-0.01,True,False,64,789,261,260,260,14,528,1,0,0,1,1570,1570,160,1,root_band,0.03402576968073845,0,13,72,8.250895500183105,13.14382266998291,0.032087817788124084,0.875,160,8.550840377807617,15.01706600189209,0.035963721573352814,0.893750011920929
629,615,320,180,C1,45,nonblind_diagnostic,B,-0.01,True,False,64,789,261,260,260,14,528,1,0,0,1,1570,1570,440,1,outside_root_band,0.8057726919651031,73,0,188,38.024070739746094,101.89051055908203,0.5165706276893616,0.8882978558540344,440,73.11603546142578,206.16981506347656,1.0949747562408447,0.8954545259475708
630,615,320,180,C1,45,nonblind_diagnostic,C,-0.01,True,False,64,789,261,260,260,14,528,1,0,0,1,1570,1570,600,1,all,0.6006820499897003,74,5,260,29.895111083984375,98.23936462402344,0.3853951692581177,0.8692307472229004,600,56.045326232910156,171.48277282714844,0.815968930721283,0.8883333206176758
630,615,320,180,C1,45,nonblind_diagnostic,C,-0.01,True,False,64,789,261,260,260,14,528,1,0,0,1,1570,1570,160,1,root_band,0.03380904160439968,0,5,72,8.041754722595215,13.73412036895752,0.03181542456150055,0.8611111044883728,160,8.35706901550293,15.682028770446777,0.03580265864729881,0.8687499761581421
630,615,320,180,C1,45,nonblind_diagnostic,C,-0.01,True,False,64,789,261,260,260,14,528,1,0,0,1,1570,1570,440,1,outside_root_band,0.8102372586727142,74,0,188,38.26447677612305,102.49372863769531,0.520808756351471,0.8723404407501221,440,73.38650512695312,206.46466064453125,1.0996657609939575,0.8954545259475708
631,615,320,180,C1,45,nonblind_diagnostic,X,0.01,True,False,64,789,261,260,260,14,528,1,0,0,1,1570,1570,600,1,all,0.6040427386760712,77,2,260,29.97004508972168,98.73200988769531,0.3874770402908325,0.8615384697914124,600,56.29045867919922,172.25381469726562,0.8206084370613098,0.8866666555404663
631,615,320,180,C1,45,nonblind_diagnostic,X,0.01,True,False,64,789,261,260,260,14,528,1,0,0,1,1570,1570,160,1,root_band,0.03391016274690628,1,2,72,7.875560760498047,14.063690185546875,0.03168020769953728,0.8472222089767456,160,8.268978118896484,16.21904182434082,0.036140117794275284,0.862500011920929
631,615,320,180,C1,45,nonblind_diagnostic,X,0.01,True,False,64,789,261,260,260,14,528,1,0,0,1,1570,1570,440,1,outside_root_band,0.8148046731948853,76,0,188,38.431758880615234,102.96926879882812,0.5237396955490112,0.8670212626457214,440,73.75281524658203,207.2300262451172,1.1058696508407593,0.8954545259475708
632,615,320,180,C1,45,nonblind_diagnostic,Y,0.01,True,False,64,789,259,259,259,14,530,0,0,0,1,1570,1570,600,1,all,0.6107544898986816,0,18,259,30.024490356445312,100.29566192626953,0.39066970348358154,0.8571428656578064,600,56.775020599365234,173.50222778320312,0.8308392763137817,0.8700000047683716
632,615,320,180,C1,45,nonblind_diagnostic,Y,0.01,True,False,64,789,259,259,259,14,530,0,0,0,1,1570,1570,160,1,root_band,0.03522254899144173,0,15,72,7.530936241149902,15.729049682617188,0.03298022225499153,0.7916666865348816,160,7.897443771362305,17.751232147216797,0.03746487572789192,0.793749988079071
632,615,320,180,C1,45,nonblind_diagnostic,Y,0.01,True,False,64,789,259,259,259,14,530,0,0,0,1,1570,1570,440,1,outside_root_band,0.8238644301891327,0,3,187,38.68511199951172,103.63398742675781,0.5283897519111633,0.8823529481887817,440,74.54867553710938,208.8493194580078,1.119339108467102,0.8977272510528564
633,615,320,180,C1,45,nonblind_diagnostic,A,0.01,True,False,64,789,259,259,259,14,530,0,0,0,1,1570,1570,600,1,all,0.6134671568870544,0,25,259,30.126482009887695,100.70201873779297,0.3933529853820801,0.84555983543396,600,56.87668991088867,173.7783660888672,0.8335813283920288,0.871666669845581
633,615,320,180,C1,45,nonblind_diagnostic,A,0.01,True,False,64,789,259,259,259,14,530,0,0,0,1,1570,1570,160,1,root_band,0.03591948561370373,0,19,72,7.406197547912598,16.361366271972656,0.03368407115340233,0.7638888955116272,160,7.744195938110352,18.342470169067383,0.03815490007400513,0.78125
633,615,320,180,C1,45,nonblind_diagnostic,A,0.01,True,False,64,789,259,259,259,14,530,0,0,0,1,1570,1570,440,1,outside_root_band,0.8273312151432037,0,6,187,38.87439727783203,104.11874389648438,0.53183513879776,0.8770053386688232,440,74.74304962158203,209.07980346679688,1.1228272914886475,0.9045454263687134
634,615,320,180,C1,45,nonblind_diagnostic,B,0.01,True,False,64,789,259,259,259,14,530,0,0,0,1,1570,1570,600,1,all,0.6098677068948746,0,17,259,29.974836349487305,100.0462417602539,0.38992348313331604,0.8494208455085754,600,56.70454025268555,173.4071502685547,0.8298119306564331,0.8683333396911621
634,615,320,180,C1,45,nonblind_diagnostic,B,0.01,True,False,64,789,259,259,259,14,530,0,0,0,1,1570,1570,160,1,root_band,0.03497551567852497,0,14,72,7.523245811462402,15.703360557556152,0.03280224651098251,0.7916666865348816,160,7.864314556121826,17.677274703979492,0.03714878484606743,0.7875000238418579
634,615,320,180,C1,45,nonblind_diagnostic,B,0.01,True,False,64,789,259,259,259,14,530,0,0,0,1,1570,1570,440,1,outside_root_band,0.8227388858795166,0,3,187,38.61929702758789,103.50330352783203,0.527424693107605,0.8716577291488647,440,74.46461486816406,208.779296875,1.1180530786514282,0.8977272510528564
635,615,320,180,C1,45,nonblind_diagnostic,C,0.01,True,False,64,789,260,259,259,14,529,1,0,0,1,1570,1570,600,1,all,0.6062630712985992,0,7,259,29.843074798583984,99.48814392089844,0.38667362928390503,0.8610038757324219,600,56.52726745605469,172.92149353027344,0.8258525133132935,0.878333330154419
635,615,320,180,C1,45,nonblind_diagnostic,C,0.01,True,False,64,789,260,259,259,14,529,1,0,0,1,1570,1570,160,1,root_band,0.034297794103622437,0,6,72,7.671656131744385,15.046131134033203,0.03218511492013931,0.8194444179534912,160,8.0099515914917,17.012157440185547,0.03641047328710556,0.824999988079071
635,615,320,180,C1,45,nonblind_diagnostic,C,0.01,True,False,64,789,260,259,259,14,529,1,0,0,1,1570,1570,440,1,outside_root_band,0.8180417716503143,0,1,187,38.37966537475586,102.88800048828125,0.5231612324714661,0.8770053386688232,440,74.169921875,208.34490966796875,1.1129223108291626,0.8977272510528564
636,615,320,180,C1,45,nonblind_diagnostic,X,-0.02,True,False,64,789,261,260,260,14,528,1,0,0,1,1570,1570,600,1,all,0.6033152639865875,6,4,260,29.885587692260742,99.17990112304688,0.3867219090461731,0.8653846383094788,600,56.18252944946289,171.68917846679688,0.819908618927002,0.8766666650772095
636,615,320,180,C1,45,nonblind_diagnostic,X,-0.02,True,False,64,789,261,260,260,14,528,1,0,0,1,1570,1570,160,1,root_band,0.0341582465916872,1,4,72,7.764588832855225,15.165607452392578,0.032632239162921906,0.8194444179534912,160,7.993419647216797,16.601926803588867,0.0356842540204525,0.824999988079071
636,615,320,180,C1,45,nonblind_diagnostic,X,-0.02,True,False,64,789,261,260,260,14,528,1,0,0,1,1570,1570,440,1,outside_root_band,0.8137059211730957,5,0,188,38.357452392578125,102.39353942871094,0.5223307609558105,0.8829787373542786,440,73.7058334350586,207.05577087402344,1.1050810813903809,0.8954545259475708
637,615,320,180,C1,45,nonblind_diagnostic,Y,-0.02,True,False,64,790,263,261,261,14,527,2,0,0,1,1570,1570,600,1,all,0.5919151902198792,74,25,261,29.761001586914062,96.6753921508789,0.38030707836151123,0.8812260627746582,600,55.443424224853516,170.00193786621094,0.8035233020782471,0.9016666412353516
637,615,320,180,C1,45,nonblind_diagnostic,Y,-0.02,True,False,64,790,263,261,261,14,527,2,0,0,1,1570,1570,160,1,root_band,0.03495005704462528,0,22,72,8.674187660217285,13.251030921936035,0.033259131014347076,0.9166666865348816,160,8.915932655334473,13.704895973205566,0.03664098307490349,0.9125000238418579
637,615,320,180,C1,45,nonblind_diagnostic,Y,-0.02,True,False,64,790,263,261,261,14,527,2,0,0,1,1570,1570,440,1,outside_root_band,0.7974528074264526,74,3,189,37.794071197509766,100.4950180053711,0.5125159025192261,0.8677248954772949,440,72.36251068115234,205.2008514404297,1.0823897123336792,0.8977272510528564
638,615,320,180,C1,45,nonblind_diagnostic,A,-0.02,True,False,64,790,264,262,262,14,526,2,0,0,1,1570,1570,600,1,all,0.5858995318412781,90,33,262,29.93254280090332,96.43679809570312,0.3813323378562927,0.8931297659873962,600,54.75852584838867,166.0076904296875,0.7904667258262634,0.9049999713897705
638,615,320,180,C1,45,nonblind_diagnostic,A,-0.02,True,False,64,790,264,262,262,14,526,2,0,0,1,1570,1570,160,1,root_band,0.03829427622258663,0,28,72,9.180951118469238,13.831670761108398,0.03656775876879692,0.9305555820465088,160,9.431509017944336,14.08974552154541,0.04002079367637634,0.925000011920929
638,615,320,180,C1,45,nonblind_diagnostic,A,-0.02,True,False,64,790,264,262,262,14,526,2,0,0,1,1570,1570,440,1,outside_root_band,0.7876680791378021,90,5,190,37.79629898071289,100.14562225341797,0.5119799971580505,0.878947377204895,440,71.24107360839844,200.71441650390625,1.0633561611175537,0.8977272510528564
639,615,320,180,C1,45,nonblind_diagnostic,B,-0.02,True,False,64,789,264,262,262,14,525,2,0,0,1,1570,1570,600,1,all,0.5944364666938782,71,25,262,29.929676055908203,96.89266967773438,0.3827986717224121,0.8893129825592041,600,55.61087417602539,170.3931884765625,0.8060742616653442,0.9016666412353516
639,615,320,180,C1,45,nonblind_diagnostic,B,-0.02,True,False,64,789,264,262,262,14,525,2,0,0,1,1570,1570,160,1,root_band,0.03545541875064373,0,22,72,8.696998596191406,13.326608657836914,0.03362341225147247,0.9166666865348816,160,8.972061157226562,13.843429565429688,0.03728742524981499,0.9125000238418579
639,615,320,180,C1,45,nonblind_diagnostic,B,-0.02,True,False,64,789,264,262,262,14,525,2,0,0,1,1570,1570,440,1,outside_root_band,0.800375372171402,71,3,190,37.97574234008789,100.79475402832031,0.5151177048683167,0.878947377204895,440,72.5704345703125,205.583740234375,1.0856330394744873,0.8977272510528564
640,615,320,180,C1,45,nonblind_diagnostic,C,-0.02,True,False,64,789,261,260,260,14,528,1,0,0,1,1570,1570,600,1,all,0.5974390357732773,74,13,260,29.76812171936035,97.58599853515625,0.38231030106544495,0.8769230842590332,600,55.893985748291016,171.1180877685547,0.8125677704811096,0.8949999809265137
640,615,320,180,C1,45,nonblind_diagnostic,C,-0.02,True,False,64,789,261,260,260,14,528,1,0,0,1,1570,1570,160,1,root_band,0.034026721492409706,0,13,72,8.2509765625,13.143937110900879,0.032088764011859894,0.875,160,8.550923347473145,15.017175674438477,0.03596467897295952,0.893750011920929
640,615,320,180,C1,45,nonblind_diagnostic,C,-0.02,True,False,64,789,261,260,260,14,528,1,0,0,1,1570,1570,440,1,outside_root_band,0.8057033121585846,74,0,188,38.00872802734375,101.8700942993164,0.5164377093315125,0.8776595592498779,440,73.10964965820312,206.16957092285156,1.0949689149856567,0.8954545259475708
641,615,320,180,C1,45,nonblind_diagnostic,X,0.02,True,False,64,789,261,260,260,14,528,1,0,0,1,1570,1570,600,1,all,0.6040803045034409,79,3,260,29.939250946044922,98.5770263671875,0.3863939940929413,0.8730769157409668,600,56.38105010986328,172.661376953125,0.8217666149139404,0.8883333206176758
641,615,320,180,C1,45,nonblind_diagnostic,X,0.02,True,False,64,789,261,260,260,14,528,1,0,0,1,1570,1570,160,1,root_band,0.03396976925432682,1,3,72,7.995984077453613,13.63172721862793,0.03158186003565788,0.875,160,8.361669540405273,16.090675354003906,0.03635767847299576,0.8687499761581421
641,615,320,180,C1,45,nonblind_diagnostic,X,0.02,True,False,64,789,261,260,260,14,528,1,0,0,1,1570,1570,440,1,outside_root_band,0.8148247003555298,78,0,188,38.343055725097656,102.8259506225586,0.5222795009613037,0.8723404407501221,440,73.8426513671875,207.7009735107422,1.1073698997497559,0.8954545259475708
642,615,320,180,C1,45,nonblind_diagnostic,Y,0.02,True,False,64,789,258,258,258,14,531,0,0,0,1,1570,1570,600,1,all,0.6141265332698822,0,36,258,29.786224365234375,100.40579986572266,0.38848620653152466,0.8604651093482971,600,57.21284103393555,174.45823669433594,0.8397668600082397,0.8666666746139526
642,615,320,180,C1,45,nonblind_diagnostic,Y,0.02,True,False,64,789,258,258,258,14,531,0,0,0,1,1570,1570,160,1,root_band,0.03759147971868515,0,26,72,7.359673976898193,17.04484748840332,0.035137757658958435,0.7638888955116272,160,7.729373931884766,19.156373977661133,0.040045201778411865,0.762499988079071
642,615,320,180,C1,45,nonblind_diagnostic,Y,0.02,True,False,64,789,258,258,258,14,531,0,0,0,1,1570,1570,440,1,outside_root_band,0.8279204666614532,0,10,186,38.467464447021484,104.3628921508789,0.5252662301063538,0.897849440574646,440,75.20682525634766,209.65838623046875,1.1305747032165527,0.9045454263687134
643,615,320,180,C1,45,nonblind_diagnostic,A,0.02,True,False,64,788,256,256,256,14,532,0,0,0,1,1570,1570,600,1,all,0.6216929107904434,0,56,256,29.639419555664062,100.35406494140625,0.3880772888660431,0.83984375,600,58.04458236694336,178.51588439941406,0.8553085327148438,0.8533333539962769
643,615,320,180,C1,45,nonblind_diagnostic,A,0.02,True,False,64,788,256,256,256,14,532,0,0,0,1,1570,1570,160,1,root_band,0.04019876755774021,0,43,72,7.2522711753845215,18.335407257080078,0.037755805999040604,0.7222222089767456,160,7.600093364715576,20.338571548461914,0.04264172911643982,0.706250011920929
643,615,320,180,C1,45,nonblind_diagnostic,A,0.02,True,False,64,788,256,256,256,14,532,0,0,0,1,1570,1570,440,1,outside_root_band,0.8379916548728943,0,13,184,38.39960479736328,104.88496398925781,0.5251595973968506,0.885869562625885,440,76.38803100585938,214.19761657714844,1.150823712348938,0.9068182110786438
644,615,320,180,C1,45,nonblind_diagnostic,B,0.02,True,False,64,789,258,258,258,14,531,0,0,0,1,1570,1570,600,1,all,0.6146248579025269,0,35,258,29.951866149902344,101.08855438232422,0.3915451169013977,0.8488371968269348,600,57.07095718383789,174.26498413085938,0.837704598903656,0.8650000095367432
644,615,320,180,C1,45,nonblind_diagnostic,B,0.02,True,False,64,789,258,258,258,14,531,0,0,0,1,1570,1570,160,1,root_band,0.037112459540367126,0,27,72,7.317066669464111,17.02018165588379,0.03481002897024155,0.75,160,7.6616926193237305,19.00798225402832,0.039414890110492706,0.7562500238418579
644,615,320,180,C1,45,nonblind_diagnostic,B,0.02,True,False,64,789,258,258,258,14,531,0,0,0,1,1570,1570,440,1,outside_root_band,0.8288139402866364,0,8,186,38.71372604370117,104.124755859375,0.5296360850334167,0.8870967626571655,440,75.0379638671875,209.5154571533203,1.127991795539856,0.9045454263687134
645,615,320,180,C1,45,nonblind_diagnostic,C,0.02,True,False,64,789,259,259,259,14,530,0,0,0,1,1570,1570,600,1,all,0.6097752153873444,0,17,259,29.9857234954834,100.14269256591797,0.3900159001350403,0.8571428656578064,600,56.692317962646484,173.29110717773438,0.8295345306396484,0.8683333396911621
645,615,320,180,C1,45,nonblind_diagnostic,C,0.02,True,False,64,789,259,259,259,14,530,0,0,0,1,1570,1570,160,1,root_band,0.03497661277651787,0,14,72,7.5233473777771,15.703505516052246,0.032803282141685486,0.7916666865348816,160,7.864426136016846,17.677448272705078,0.03714994341135025,0.7875000238418579
645,615,320,180,C1,45,nonblind_diagnostic,C,0.02,True,False,64,789,259,259,259,14,530,0,0,0,1,1570,1570,440,1,outside_root_band,0.8226133286952972,0,3,187,38.63433837890625,103.5027084350586,0.5275523066520691,0.8823529481887817,440,74.44791412353516,208.6438751220703,1.1176743507385254,0.8977272510528564
646,615,320,180,C1,45,nonblind_diagnostic,X,-0.05,True,False,64,786,259,259,259,14,527,0,0,0,1,1570,1570,600,1,all,0.6016893535852432,12,12,259,29.824827194213867,99.5673828125,0.3868683874607086,0.8610038757324219,600,55.913970947265625,170.4100341796875,0.8165103197097778,0.8666666746139526
646,615,320,180,C1,45,nonblind_diagnostic,X,-0.05,True,False,64,786,259,259,259,14,527,0,0,0,1,1570,1570,160,1,root_band,0.0348520427942276,2,12,72,7.5862812995910645,16.376802444458008,0.034210652112960815,0.7777777910232544,160,7.739669322967529,16.981786727905273,0.035493433475494385,0.7875000238418579
646,615,320,180,C1,45,nonblind_diagnostic,X,-0.05,True,False,64,786,259,259,259,14,527,0,0,0,1,1570,1570,440,1,outside_root_band,0.8115837574005127,10,0,187,38.38726043701172,102.80866241455078,0.5226510763168335,0.893048107624054,440,73.43189239501953,205.5820770263672,1.100516438484192,0.8954545259475708
647,615,320,180,C1,45,nonblind_diagnostic,Y,-0.05,True,False,64,790,266,262,262,14,524,4,0,0,1,1570,1570,600,1,all,0.5727904289960861,94,44,262,29.526823043823242,93.71253967285156,0.3724457919597626,0.8893129825592041,600,53.835330963134766,163.56639099121094,0.7731350660324097,0.903333306312561
647,615,320,180,C1,45,nonblind_diagnostic,Y,-0.05,True,False,64,790,266,262,262,14,524,4,0,0,1,1570,1570,160,1,root_band,0.04688774421811104,1,36,72,10.180008888244629,14.366659164428711,0.04545610398054123,0.9305555820465088,160,10.376415252685547,15.077482223510742,0.04831938445568085,0.925000011920929
647,615,320,180,C1,45,nonblind_diagnostic,Y,-0.05,True,False,64,790,266,262,262,14,524,4,0,0,1,1570,1570,440,1,outside_root_band,0.7665310353040695,93,8,190,36.858245849609375,97.14347076416016,0.49635764956474304,0.8736842274665833,440,69.63855743408203,198.5822296142578,1.036704421043396,0.8954545259475708
648,615,320,180,C1,45,nonblind_diagnostic,A,-0.05,True,False,64,789,269,263,263,14,520,6,0,0,1,1570,1570,600,1,all,0.5660343766212463,95,53,263,29.14798355102539,90.7813949584961,0.36368077993392944,0.8935361504554749,600,53.67567443847656,162.7233428955078,0.7683879733085632,0.8949999809265137
648,615,320,180,C1,45,nonblind_diagnostic,A,-0.05,True,False,64,789,269,263,263,14,520,6,0,0,1,1570,1570,160,1,root_band,0.06928211078047752,0,35,72,11.894371032714844,16.209806442260742,0.06797268986701965,0.9305555820465088,160,12.052583694458008,16.58797836303711,0.0705915316939354,0.9312499761581421
648,615,320,180,C1,45,nonblind_diagnostic,A,-0.05,True,False,64,789,269,263,263,14,520,6,0,0,1,1570,1570,440,1,outside_root_band,0.7486420124769211,95,18,191,35.65196228027344,94.62970733642578,0.4751518666744232,0.8795811533927917,440,68.81134033203125,198.07907104492188,1.022132158279419,0.8818181753158569
649,615,320,180,C1,45,nonblind_diagnostic,B,-0.05,True,False,64,789,267,263,263,14,522,4,0,0,1,1570,1570,600,1,all,0.5766036808490753,93,43,263,29.63094139099121,94.00404357910156,0.3734871745109558,0.8935361504554749,600,54.26028823852539,164.53199768066406,0.7797201871871948,0.9049999713897705
649,615,320,180,C1,45,nonblind_diagnostic,B,-0.05,True,False,64,789,267,263,263,14,522,4,0,0,1,1570,1570,160,1,root_band,0.04839395545423031,0,36,72,10.290976524353027,14.446695327758789,0.04685094952583313,0.9305555820465088,160,10.494852066040039,15.2518310546875,0.04993696138262749,0.925000011920929
649,615,320,180,C1,45,nonblind_diagnostic,B,-0.05,True,False,64,789,267,263,263,14,522,4,0,0,1,1570,1570,440,1,outside_root_band,0.7708564698696136,93,7,191,36.9213981628418,97.81551361083984,0.49661701917648315,0.8795811533927917,440,70.17499542236328,199.5276641845703,1.0450959205627441,0.8977272510528564
650,615,320,180,C1,45,nonblind_diagnostic,C,-0.05,True,False,64,790,264,262,262,14,526,2,0,0,1,1570,1570,600,1,all,0.5886128693819046,92,30,262,30.028409957885742,96.93594360351562,0.3838408291339874,0.8816794157028198,600,54.88461685180664,166.37530517578125,0.7933849096298218,0.903333306312561
650,615,320,180,C1,45,nonblind_diagnostic,C,-0.05,True,False,64,790,264,262,262,14,526,2,0,0,1,1570,1570,160,1,root_band,0.03670379891991615,0,25,72,8.933442115783691,13.549241065979004,0.03492458537220955,0.9166666865348816,160,9.198456764221191,14.055030822753906,0.03848301246762276,0.918749988079071
650,615,320,180,C1,45,nonblind_diagnostic,C,-0.05,True,False,64,790,264,262,262,14,526,2,0,0,1,1570,1570,440,1,outside_root_band,0.791978269815445,92,5,190,38.02229309082031,100.60625457763672,0.5160617232322693,0.8684210777282715,440,71.49776458740234,201.01072692871094,1.0678948163986206,0.8977272510528564
651,615,320,180,C1,45,nonblind_diagnostic,X,0.05,True,False,64,791,262,261,261,14,529,1,0,0,1,1570,1570,600,1,all,0.6068926453590393,88,12,261,30.140052795410156,98.96246337890625,0.3884263038635254,0.8812260627746582,600,56.657562255859375,173.89605712890625,0.8253589868545532,0.8999999761581421
651,615,320,180,C1,45,nonblind_diagnostic,X,0.05,True,False,64,791,262,261,261,14,529,1,0,0,1,1570,1570,160,1,root_band,0.0342025812715292,3,11,72,8.241137504577637,12.664813995361328,0.031176742166280746,0.8888888955116272,160,8.644442558288574,15.703420639038086,0.03722842037677765,0.90625
651,615,320,180,C1,45,nonblind_diagnostic,X,0.05,True,False,64,791,262,261,261,14,529,1,0,0,1,1570,1570,440,1,outside_root_band,0.8182366490364075,85,1,189,38.48249435424805,102.56474304199219,0.5245213508605957,0.8783068656921387,440,74.11687469482422,209.12351989746094,1.1119519472122192,0.8977272510528564
652,615,320,180,C1,45,nonblind_diagnostic,Y,0.05,True,False,64,788,254,254,254,14,534,0,0,0,1,1570,1570,600,1,all,0.6392799466848373,1,103,254,29.7260684967041,100.45694732666016,0.39080843329429626,0.8267716765403748,600,59.92461013793945,184.35377502441406,0.8877514600753784,0.8450000286102295
652,615,320,180,C1,45,nonblind_diagnostic,Y,0.05,True,False,64,788,254,254,254,14,534,0,0,0,1,1570,1570,160,1,root_band,0.050011346116662025,1,80,72,7.689903736114502,20.949655532836914,0.04676422104239464,0.6527777910232544,160,8.065872192382812,23.37779426574707,0.05325847119092941,0.6499999761581421
652,615,320,180,C1,45,nonblind_diagnostic,Y,0.05,True,False,64,788,254,254,254,14,534,0,0,0,1,1570,1570,440,1,outside_root_band,0.8590586483478546,0,23,182,38.443668365478516,106.2978515625,0.5269138216972351,0.8956043720245361,440,78.78231811523438,220.23204040527344,1.1912034749984741,0.9159091114997864
653,615,320,180,C1,45,nonblind_diagnostic,A,0.05,True,False,64,788,251,251,251,14,537,0,0,0,1,1570,1570,600,1,all,0.6552959829568863,2,106,251,29.93781280517578,100.99979400634766,0.39531031250953674,0.8286852836608887,600,61.55909729003906,189.4927215576172,0.9152816534042358,0.8533333539962769
653,615,320,180,C1,45,nonblind_diagnostic,A,0.05,True,False,64,788,251,251,251,14,537,0,0,0,1,1570,1570,160,1,root_band,0.06395135447382927,0,75,72,8.759194374084473,24.14796257019043,0.060805439949035645,0.6805555820465088,160,9.129467964172363,26.330488204956055,0.0670972689986229,0.6812499761581421
653,615,320,180,C1,45,nonblind_diagnostic,A,0.05,True,False,64,788,251,251,251,14,537,0,0,0,1,1570,1570,440,1,outside_root_band,0.8767861127853394,2,31,179,38.45658874511719,108.1842041015625,0.5298597812652588,0.8882681727409363,440,80.6244125366211,225.68907165527344,1.22371244430542,0.9159091114997864
654,615,320,180,C1,45,nonblind_diagnostic,B,0.05,True,False,64,788,254,254,254,14,534,0,0,0,1,1570,1570,600,1,all,0.6348886936903,1,104,254,30.0318660736084,101.86067962646484,0.39692988991737366,0.8149606585502625,600,58.98757553100586,180.3677520751953,0.8728474974632263,0.8399999737739563
654,615,320,180,C1,45,nonblind_diagnostic,B,0.05,True,False,64,788,254,254,254,14,534,0,0,0,1,1570,1570,160,1,root_band,0.048868875950574875,0,82,72,7.536895751953125,20.90631675720215,0.04613490402698517,0.6388888955116272,160,7.904058456420898,23.00200653076172,0.05160284787416458,0.637499988079071
654,615,320,180,C1,45,nonblind_diagnostic,B,0.05,True,False,64,788,254,254,254,14,534,0,0,0,1,1570,1570,440,1,outside_root_band,0.8535939455032349,1,22,182,38.930973052978516,106.74735260009766,0.5357059240341187,0.8846153616905212,440,77.56340026855469,215.83731079101562,1.171481966972351,0.9136363863945007
655,615,320,180,C1,45,nonblind_diagnostic,C,0.05,True,False,64,788,258,258,258,14,530,0,0,0,1,1570,1570,600,1,all,0.6159249544143677,0,42,258,29.87135124206543,100.77679443359375,0.39077645540237427,0.856589138507843,600,57.23825454711914,174.4058074951172,0.8410734534263611,0.8600000143051147
655,615,320,180,C1,45,nonblind_diagnostic,C,0.05,True,False,64,788,258,258,258,14,530,0,0,0,1,1570,1570,160,1,root_band,0.03854866698384285,0,32,72,7.266054630279541,17.680267333984375,0.03617657721042633,0.75,160,7.6152024269104,19.674150466918945,0.04092075675725937,0.737500011920929
655,615,320,180,C1,45,nonblind_diagnostic,C,0.05,True,False,64,788,258,258,258,14,530,0,0,0,1,1570,1570,440,1,outside_root_band,0.8300396203994751,0,10,186,38.621788024902344,104.71749877929688,0.5280410051345825,0.897849440574646,440,75.28298950195312,209.54708862304688,1.1320382356643677,0.9045454263687134
656,656,320,180,C2,42,fit,baseline,0.0,False,False,64,504,501,493,300,42,3,8,1,0,1,2103,2103,600,1,all,0.014642099849879742,0,0,300,5.136188507080078,11.578646659851074,0.01333651877939701,0.6133333444595337,600,5.308316230773926,12.223651885986328,0.015947680920362473,0.5766666531562805
656,656,320,180,C2,42,fit,baseline,0.0,False,False,64,504,501,493,300,42,3,8,1,0,1,2103,2103,87,1,root_band,0.0010745315812528133,0,0,63,3.499742269515991,5.105645656585693,0.0012500477023422718,0.60317462682724,87,2.969747543334961,4.893457412719727,0.0008990154601633549,0.4712643623352051
656,656,320,180,C2,42,fit,baseline,0.0,False,False,64,504,501,493,300,42,3,8,1,0,1,2103,2103,513,1,outside_root_band,0.01752458605915308,0,0,237,5.571193695068359,12.299560546875,0.016549378633499146,0.6160337328910828,513,5.704915523529053,12.819914817810059,0.018499793484807014,0.5945419073104858
657,656,320,180,C2,42,fit,X,-0.005,True,False,64,504,501,493,300,42,3,8,1,0,1,2103,2103,600,1,all,0.01429561385884881,9,14,300,5.076859474182129,11.496552467346191,0.01305948756635189,0.6133333444595337,600,5.23193883895874,12.335687637329102,0.01553174015134573,0.5933333039283752
657,656,320,180,C2,42,fit,X,-0.005,True,False,64,504,501,493,300,42,3,8,1,0,1,2103,2103,87,1,root_band,0.0008122861036099494,9,10,63,3.4189155101776123,4.6872358322143555,0.0012439778074622154,0.6349206566810608,87,2.8058249950408936,4.230116844177246,0.0003805943997576833,0.5862069129943848
657,656,320,180,C2,42,fit,X,-0.005,True,False,64,504,501,493,300,42,3,8,1,0,1,2103,2103,513,1,outside_root_band,0.017150775529444218,0,4,237,5.517579078674316,12.439209938049316,0.016200318932533264,0.607594907283783,513,5.643385887145996,12.85106086730957,0.01810123212635517,0.5945419073104858
658,656,320,180,C2,42,fit,Y,-0.005,True,False,64,503,500,492,300,42,3,8,1,0,1,2103,2103,600,1,all,0.015113422647118568,7,5,300,5.215602874755859,11.784006118774414,0.01378672942519188,0.6000000238418579,600,5.38465690612793,12.320143699645996,0.016440115869045258,0.5816666483879089
658,656,320,180,C2,42,fit,Y,-0.005,True,False,64,503,500,492,300,42,3,8,1,0,1,2103,2103,87,1,root_band,0.0018327144789509475,7,5,62,3.672290325164795,5.6251912117004395,0.0018695509061217308,0.5645161271095276,87,3.1365039348602295,5.580517768859863,0.0017958780517801642,0.5057471394538879
658,656,320,180,C2,42,fit,Y,-0.005,True,False,64,503,500,492,300,42,3,8,1,0,1,2103,2103,513,1,outside_root_band,0.017907421104609966,0,0,238,5.617643356323242,12.476922035217285,0.016891200095415115,0.6092436909675598,513,5.765921592712402,12.7791748046875,0.018923642113804817,0.5945419073104858
659,656,320,180,C2,42,fit,A,-0.005,True,False,64,504,501,493,300,42,3,8,1,0,1,2103,2103,600,1,all,0.014411509037017822,4,8,300,5.095231056213379,11.480964660644531,0.013137266039848328,0.6166666746139526,600,5.259075164794922,12.297776222229004,0.015685752034187317,0.5833333134651184
659,656,320,180,C2,42,fit,A,-0.005,True,False,64,504,501,493,300,42,3,8,1,0,1,2103,2103,87,1,root_band,0.0008391437586396933,4,6,63,3.4341583251953125,4.751771450042725,0.0011524326400831342,0.6349206566810608,87,2.8496291637420654,4.479135036468506,0.0005258548771962523,0.540229856967926
659,656,320,180,C2,42,fit,A,-0.005,True,False,64,504,501,493,300,42,3,8,1,0,1,2103,2103,513,1,outside_root_band,0.017289917916059494,0,2,237,5.5367817878723145,12.376235961914062,0.016323108226060867,0.6118143200874329,513,5.667694568634033,12.840751647949219,0.01825672760605812,0.5906432867050171
660,656,320,180,C2,42,fit,B,-0.005,True,False,64,504,501,494,300,42,3,7,1,0,1,2103,2103,600,1,all,0.01429212186485529,10,14,300,5.085851192474365,11.505622863769531,0.013121395371854305,0.6233333349227905,600,5.2119622230529785,12.371908187866211,0.015462848357856274,0.5933333039283752
660,656,320,180,C2,42,fit,B,-0.005,True,False,64,504,501,494,300,42,3,7,1,0,1,2103,2103,87,1,root_band,0.0008874677732819691,10,10,63,3.4214138984680176,4.605739116668701,0.0014745562803000212,0.6507936716079712,87,2.7455949783325195,4.145411968231201,0.0003003792662639171,0.5862069129943848
660,656,320,180,C2,42,fit,B,-0.005,True,False,64,504,501,494,300,42,3,7,1,0,1,2103,2103,513,1,outside_root_band,0.017125826328992844,0,4,237,5.528295993804932,12.56995677947998,0.016217390075325966,0.6160337328910828,513,5.630235195159912,12.86154556274414,0.01803426258265972,0.5945419073104858
661,656,320,180,C2,42,fit,C,-0.005,True,False,64,503,500,492,300,42,3,8,1,0,1,2103,2103,600,1,all,0.014922149013727903,5,3,300,5.178707599639893,11.763899803161621,0.013597139157354832,0.6100000143051147,600,5.354054927825928,12.324993133544922,0.016247158870100975,0.57833331823349
661,656,320,180,C2,42,fit,C,-0.005,True,False,64,503,500,492,300,42,3,8,1,0,1,2103,2103,87,1,root_band,0.0014771236455999315,5,3,62,3.585796594619751,5.428372859954834,0.001544981962069869,0.6129032373428345,87,3.0634512901306152,5.312458515167236,0.001409265329129994,0.48275861144065857
661,656,320,180,C2,42,fit,C,-0.005,True,False,64,503,500,492,300,42,3,8,1,0,1,2103,2103,513,1,outside_root_band,0.0177501505240798,0,0,238,5.593667984008789,12.336722373962402,0.016736775636672974,0.6092436909675598,513,5.742520809173584,12.79906177520752,0.018763525411486626,0.5945419073104858
662,656,320,180,C2,42,fit,X,0.005,True,False,64,503,500,492,300,42,3,8,1,0,1,2103,2103,600,1,all,0.015119056683033705,9,5,300,5.214861869812012,11.761784553527832,0.013776515610516071,0.6066666841506958,600,5.382299423217773,12.331582069396973,0.016461597755551338,0.5816666483879089
662,656,320,180,C2,42,fit,X,0.005,True,False,64,503,500,492,300,42,3,8,1,0,1,2103,2103,87,1,root_band,0.0017809157143346965,9,5,62,3.686018228530884,5.626669406890869,0.0017982447752729058,0.6129032373428345,87,3.111196517944336,5.56864595413208,0.0017635866533964872,0.5057471394538879
662,656,320,180,C2,42,fit,X,0.005,True,False,64,503,500,492,300,42,3,8,1,0,1,2103,2103,513,1,outside_root_band,0.017925573512911797,0,0,238,5.613131999969482,12.404815673828125,0.01689690537750721,0.605042040348053,513,5.767457008361816,12.788736343383789,0.018954241648316383,0.5945419073104858
663,656,320,180,C2,42,fit,Y,0.005,True,False,64,504,501,493,300,42,3,8,1,0,1,2103,2103,600,1,all,0.014300959650427103,7,12,300,5.073766231536865,11.433032989501953,0.013047353364527225,0.6166666746139526,600,5.2285308837890625,12.358129501342773,0.01555456593632698,0.5899999737739563
663,656,320,180,C2,42,fit,Y,0.005,True,False,64,504,501,493,300,42,3,8,1,0,1,2103,2103,87,1,root_band,0.0007581711834063753,7,8,63,3.4138171672821045,4.644794940948486,0.0011643606703728437,0.6507936716079712,87,2.773935556411743,4.212149143218994,0.00035198169643990695,0.5632184147834778
663,656,320,180,C2,42,fit,Y,0.005,True,False,64,504,501,493,300,42,3,8,1,0,1,2103,2103,513,1,outside_root_band,0.017169452272355556,0,4,237,5.515017986297607,12.434464454650879,0.016206122934818268,0.607594907283783,513,5.644806861877441,12.8606595993042,0.018132781609892845,0.5945419073104858
664,656,320,180,C2,42,fit,A,0.005,True,False,64,503,500,492,300,42,3,8,1,0,1,2103,2103,600,1,all,0.014921951107680798,5,3,300,5.181041717529297,11.763911247253418,0.01359681598842144,0.6100000143051147,600,5.352949142456055,12.324787139892578,0.016247086226940155,0.57833331823349
664,656,320,180,C2,42,fit,A,0.005,True,False,64,503,500,492,300,42,3,8,1,0,1,2103,2103,87,1,root_band,0.0014769231202080846,5,3,62,3.598273515701294,5.376587390899658,0.0015440776478499174,0.6129032373428345,87,3.057197093963623,5.312254428863525,0.0014097685925662518,0.48275861144065857
664,656,320,180,C2,42,fit,A,0.005,True,False,64,503,500,492,300,42,3,8,1,0,1,2103,2103,513,1,outside_root_band,0.01774998102337122,0,0,238,5.593359470367432,12.336607933044434,0.016736606135964394,0.6092436909675598,513,5.742286205291748,12.799121856689453,0.018763355910778046,0.5945419073104858
665,656,320,180,C2,42,fit,B,0.005,True,False,64,503,500,491,300,42,3,9,1,0,1,2103,2103,600,1,all,0.015355936251580715,10,5,300,5.258327007293701,11.949909210205078,0.014130551367998123,0.5933333039283752,600,5.402219772338867,12.352547645568848,0.016581321135163307,0.5816666483879089
665,656,320,180,C2,42,fit,B,0.005,True,False,64,503,500,491,300,42,3,9,1,0,1,2103,2103,87,1,root_band,0.0020498110679909587,10,5,62,3.7535414695739746,5.753269672393799,0.00206125620752573,0.5645161271095276,87,3.170069456100464,5.739677906036377,0.0020383659284561872,0.5057471394538879
665,656,320,180,C2,42,fit,B,0.005,True,False,64,503,500,491,300,42,3,9,1,0,1,2103,2103,513,1,outside_root_band,0.018161159940063953,0,0,238,5.650330066680908,12.506719589233398,0.017274651676416397,0.6008403301239014,513,5.780771255493164,12.77834701538086,0.01904766820371151,0.5945419073104858
666,656,320,180,C2,42,fit,C,0.005,True,False,64,504,501,493,300,42,3,8,1,0,1,2103,2103,600,1,all,0.014408950693905354,4,7,300,5.096518516540527,11.481220245361328,0.0131329745054245,0.6166666746139526,600,5.258001327514648,12.297658920288086,0.015684926882386208,0.5816666483879089
666,656,320,180,C2,42,fit,C,0.005,True,False,64,504,501,493,300,42,3,8,1,0,1,2103,2103,87,1,root_band,0.0008257737499661744,4,5,63,3.4409825801849365,4.751907825469971,0.0011317986063659191,0.6349206566810608,87,2.843292474746704,4.479314804077148,0.0005197488935664296,0.5287356376647949
666,656,320,180,C2,42,fit,C,0.005,True,False,64,504,501,493,300,42,3,8,1,0,1,2103,2103,513,1,outside_root_band,0.01728997938334942,0,2,237,5.536597728729248,12.37610149383545,0.016323160380125046,0.6118143200874329,513,5.667513370513916,12.84070873260498,0.01825679838657379,0.5906432867050171
667,656,320,180,C2,42,fit,X,-0.01,True,False,64,504,501,494,300,42,3,7,1,0,1,2103,2103,600,1,all,0.01418284885585308,17,26,300,5.093265056610107,11.501240730285645,0.013134692795574665,0.6233333349227905,600,5.152281284332275,12.442231178283691,0.015231004916131496,0.5766666531562805
667,656,320,180,C2,42,fit,X,-0.01,True,False,64,504,501,494,300,42,3,7,1,0,1,2103,2103,87,1,root_band,0.001310426669078879,17,20,63,3.599367380142212,5.5968337059021,0.0022918167524039745,0.6507936716079712,87,2.6119518280029297,4.057880401611328,0.0003290365857537836,0.49425286054611206
667,656,320,180,C2,42,fit,X,-0.01,True,False,64,504,501,494,300,42,3,7,1,0,1,2103,2103,513,1,outside_root_band,0.016887607984244823,0,6,237,5.490377426147461,12.634177207946777,0.016016975045204163,0.6160337328910828,513,5.583097457885742,12.88219928741455,0.017758240923285484,0.5906432867050171
668,656,320,180,C2,42,fit,Y,-0.01,True,False,64,503,500,491,300,42,3,9,1,0,1,2103,2103,600,1,all,0.01579916663467884,12,9,300,5.333660125732422,11.901938438415527,0.014568965882062912,0.6033333539962769,600,5.48112154006958,12.46646499633789,0.01702936738729477,0.5849999785423279
668,656,320,180,C2,42,fit,Y,-0.01,True,False,64,503,500,491,300,42,3,9,1,0,1,2103,2103,87,1,root_band,0.0029645072063431144,12,6,62,3.949355363845825,6.288115501403809,0.002903284737840295,0.6290322542190552,87,3.43735671043396,6.299912452697754,0.003025729674845934,0.517241358757019
668,656,320,180,C2,42,fit,Y,-0.01,True,False,64,503,500,491,300,42,3,9,1,0,1,2103,2103,513,1,outside_root_band,0.018506089225411415,0,3,238,5.694277763366699,12.718804359436035,0.017607925459742546,0.5966386795043945,513,5.827724933624268,12.851054191589355,0.019404252991080284,0.5964912176132202
669,656,320,180,C2,42,fit,A,-0.01,True,False,64,504,501,494,300,42,3,7,1,0,1,2103,2103,600,1,all,0.014298140536993742,11,15,300,5.088085174560547,11.505741119384766,0.013130785897374153,0.6200000047683716,600,5.213883876800537,12.372053146362305,0.01546549517661333,0.5950000286102295
669,656,320,180,C2,42,fit,A,-0.01,True,False,64,504,501,494,300,42,3,7,1,0,1,2103,2103,87,1,root_band,0.0009191137360176072,11,11,63,3.431278705596924,4.648697376251221,0.0015193677973002195,0.6349206566810608,87,2.757721424102783,4.145247936248779,0.00031885967473499477,0.5977011322975159
669,656,320,180,C2,42,fit,A,-0.01,True,False,64,504,501,494,300,42,3,7,1,0,1,2103,2103,513,1,outside_root_band,0.017125792801380157,0,4,237,5.528501987457275,12.570002555847168,0.016217363998293877,0.6160337328910828,513,5.63042688369751,12.861588478088379,0.01803422160446644,0.5945419073104858
670,656,320,180,C2,42,fit,B,-0.01,True,False,64,504,501,494,300,42,3,7,1,0,1,2103,2103,600,1,all,0.014110771007835865,19,40,300,5.061225891113281,11.649351119995117,0.013073509559035301,0.6033333539962769,600,5.111295700073242,12.512802124023438,0.015148032456636429,0.550000011920929
670,656,320,180,C2,42,fit,B,-0.01,True,False,64,504,501,494,300,42,3,7,1,0,1,2103,2103,87,1,root_band,0.0014742800121894106,19,34,63,3.5615711212158203,5.872800350189209,0.002564256079494953,0.5555555820465088,87,2.4801950454711914,4.1706037521362305,0.0003843039448838681,0.3103448152542114
670,656,320,180,C2,42,fit,B,-0.01,True,False,64,504,501,494,300,42,3,7,1,0,1,2103,2103,513,1,outside_root_band,0.016759464517235756,0,6,237,5.45986795425415,12.648802757263184,0.01586710847914219,0.6160337328910828,513,5.5575056076049805,12.903348922729492,0.017651820555329323,0.5906432867050171
671,656,320,180,C2,42,fit,C,-0.01,True,False,64,503,500,492,300,42,3,8,1,0,1,2103,2103,600,1,all,0.01525146421045065,9,5,300,5.237017631530762,11.86025333404541,0.013921389356255531,0.6033333539962769,600,5.403332233428955,12.352473258972168,0.016581539064645767,0.5816666483879089
671,656,320,180,C2,42,fit,C,-0.01,True,False,64,503,500,492,300,42,3,8,1,0,1,2103,2103,87,1,root_band,0.002067953930236399,9,5,62,3.7256548404693604,5.769494533538818,0.002098820637911558,0.5645161271095276,87,3.1760852336883545,5.7401323318481445,0.00203708722256124,0.5057471394538879
671,656,320,180,C2,42,fit,C,-0.01,True,False,64,503,500,492,300,42,3,8,1,0,1,2103,2103,513,1,outside_root_band,0.018024679273366928,0,0,238,5.630733966827393,12.504293441772461,0.017001217231154442,0.6134454011917114,513,5.781052112579346,12.778246879577637,0.019048141315579414,0.5945419073104858
672,656,320,180,C2,42,fit,X,0.01,True,False,64,503,500,491,300,42,3,9,1,0,1,2103,2103,600,1,all,0.01584918051958084,13,11,300,5.358331680297852,11.982507705688477,0.014628661796450615,0.6100000143051147,600,5.483991622924805,12.484601020812988,0.017069699242711067,0.5883333086967468
672,656,320,180,C2,42,fit,X,0.01,True,False,64,503,500,491,300,42,3,9,1,0,1,2103,2103,87,1,root_band,0.0030764981638640165,13,8,62,4.075366973876953,6.3655900955200195,0.003207859583199024,0.6451612710952759,87,3.437469244003296,6.279141902923584,0.002945136744529009,0.540229856967926
672,656,320,180,C2,42,fit,X,0.01,True,False,64,503,500,491,300,42,3,9,1,0,1,2103,2103,513,1,outside_root_band,0.018534459173679352,0,3,238,5.692549705505371,12.611549377441406,0.017603827640414238,0.6008403301239014,513,5.831061840057373,12.872328758239746,0.019465090706944466,0.5964912176132202
673,656,320,180,C2,42,fit,Y,0.01,True,False,64,504,501,494,300,42,3,7,1,0,1,2103,2103,600,1,all,0.014155112206935883,17,24,300,5.052735328674316,11.619312286376953,0.013041122816503048,0.6200000047683716,600,5.143069267272949,12.480738639831543,0.015269101597368717,0.5733333230018616
673,656,320,180,C2,42,fit,Y,0.01,True,False,64,504,501,494,300,42,3,7,1,0,1,2103,2103,87,1,root_band,0.0010208672465523705,17,18,63,3.423424243927002,5.012131214141846,0.0018327730940654874,0.6349206566810608,87,2.5312509536743164,3.86246395111084,0.0002089613990392536,0.4712643623352051
673,656,320,180,C2,42,fit,Y,0.01,True,False,64,504,501,494,300,42,3,7,1,0,1,2103,2103,513,1,outside_root_band,0.016921858303248882,0,6,237,5.485843658447266,12.631582260131836,0.016020556911826134,0.6160337328910828,513,5.5860090255737305,12.90142822265625,0.01782315969467163,0.5906432867050171
674,656,320,180,C2,42,fit,A,0.01,True,False,64,503,500,491,300,42,3,9,1,0,1,2103,2103,600,1,all,0.015356645919382572,10,5,300,5.261320114135742,11.949708938598633,0.014132075011730194,0.596666693687439,600,5.401190757751465,12.352524757385254,0.01658121682703495,0.5816666483879089
674,656,320,180,C2,42,fit,A,0.01,True,False,64,503,500,491,300,42,3,9,1,0,1,2103,2103,87,1,root_band,0.0020539852557703853,10,5,62,3.7692155838012695,5.7531538009643555,0.0020692700054496527,0.5806451439857483,87,3.164348602294922,5.73952579498291,0.002038700506091118,0.5057471394538879
674,656,320,180,C2,42,fit,A,0.01,True,False,64,503,500,491,300,42,3,9,1,0,1,2103,2103,513,1,outside_root_band,0.01816098764538765,0,0,238,5.650019645690918,12.506650924682617,0.017274484038352966,0.6008403301239014,513,5.780538082122803,12.778389930725098,0.019047491252422333,0.5945419073104858
675,656,320,180,C2,42,fit,B,0.01,True,False,64,503,500,490,300,42,3,10,1,0,1,2103,2103,600,1,all,0.01605756999924779,15,12,300,5.433684825897217,12.031336784362793,0.014758731238543987,0.6133333444595337,600,5.540119171142578,12.60128402709961,0.01735640875995159,0.5899999737739563
675,656,320,180,C2,42,fit,B,0.01,True,False,64,503,500,490,300,42,3,10,1,0,1,2103,2103,87,1,root_band,0.003783410764299333,15,9,61,4.252918720245361,6.656693935394287,0.003899109549820423,0.6393442749977112,87,3.6691675186157227,6.6014018058776855,0.003667711978778243,0.5517241358757019
675,656,320,180,C2,42,fit,B,0.01,True,False,64,503,500,490,300,42,3,10,1,0,1,2103,2103,513,1,outside_root_band,0.01860416028648615,0,3,239,5.735052108764648,12.604070663452148,0.01753043569624424,0.6066945791244507,513,5.857416152954102,12.905054092407227,0.019677884876728058,0.5964912176132202
676,656,320,180,C2,42,fit,C,0.01,True,False,64,504,501,493,300,42,3,8,1,0,1,2103,2103,600,1,all,0.014224660582840443,10,14,300,5.061919212341309,11.447714805603027,0.012988544069230556,0.6233333349227905,600,5.209920406341553,12.371602058410645,0.015460777096450329,0.5933333039283752
676,656,320,180,C2,42,fit,C,0.01,True,False,64,504,501,493,300,42,3,8,1,0,1,2103,2103,87,1,root_band,0.0007523110107285902,10,10,63,3.4056131839752197,4.60072660446167,0.0012198305921629071,0.682539701461792,87,2.7323174476623535,4.116032600402832,0.00028479142929427326,0.5862069129943848
676,656,320,180,C2,42,fit,C,0.01,True,False,64,504,501,493,300,42,3,8,1,0,1,2103,2103,513,1,outside_root_band,0.017075709998607635,0,4,237,5.502203464508057,12.452825546264648,0.01611693762242794,0.607594907283783,513,5.630098342895508,12.861451148986816,0.01803448237478733,0.5945419073104858
677,656,320,180,C2,42,fit,X,-0.02,True,False,64,504,501,495,300,42,3,6,1,0,1,2103,2103,600,1,all,0.014254358597099781,25,65,300,5.106060028076172,11.879242897033691,0.013551956973969936,0.5733333230018616,600,5.024022102355957,12.668693542480469,0.014956760220229626,0.5316666960716248
677,656,320,180,C2,42,fit,X,-0.02,True,False,64,504,501,495,300,42,3,6,1,0,1,2103,2103,87,1,root_band,0.0040968297980725765,24,55,64,4.1550469398498535,7.832712650299072,0.006681733299046755,0.46875,87,2.4230575561523438,6.254771709442139,0.0015119262970983982,0.2068965584039688
677,656,320,180,C2,42,fit,X,-0.02,True,False,64,504,501,495,300,42,3,6,1,0,1,2103,2103,513,1,outside_root_band,0.01632597390562296,1,10,236,5.363961696624756,12.710043907165527,0.015415068715810776,0.6016949415206909,513,5.465121269226074,12.957155227661133,0.017236879095435143,0.5867446660995483
678,656,320,180,C2,42,fit,Y,-0.02,True,False,64,502,499,489,300,42,3,10,1,0,1,2103,2103,600,1,all,0.017315609380602837,18,14,300,5.67279052734375,12.383060455322266,0.016128139570355415,0.6299999952316284,600,5.753671646118164,12.862054824829102,0.018503079190850258,0.5899999737739563
678,656,320,180,C2,42,fit,Y,-0.02,True,False,64,502,499,489,300,42,3,10,1,0,1,2103,2103,87,1,root_band,0.006700943224132061,17,9,61,5.071706771850586,7.682598114013672,0.006886138115078211,0.6721311211585999,87,4.571160793304443,7.716343402862549,0.006515748333185911,0.5517241358757019
678,656,320,180,C2,42,fit,Y,-0.02,True,False,64,502,499,489,300,42,3,10,1,0,1,2103,2103,513,1,outside_root_band,0.019511496648192406,1,5,239,5.826205253601074,12.784392356872559,0.018486976623535156,0.6192468404769897,513,5.954215049743652,13.01212215423584,0.020536016672849655,0.5964912176132202
679,656,320,180,C2,42,fit,A,-0.02,True,False,64,504,501,496,300,42,3,5,1,0,1,2103,2103,600,1,all,0.0140845887362957,19,40,300,5.064721584320068,11.681619644165039,0.013006099499762058,0.5933333039283752,600,5.117999076843262,12.513294219970703,0.015163077972829342,0.550000011920929
679,656,320,180,C2,42,fit,A,-0.02,True,False,64,504,501,496,300,42,3,5,1,0,1,2103,2103,87,1,root_band,0.0017523843853268772,19,34,64,3.684527635574341,6.341243267059326,0.0030159978196024895,0.53125,87,2.5244665145874023,4.432659149169922,0.000488770951051265,0.3103448152542114
679,656,320,180,C2,42,fit,A,-0.02,True,False,64,504,501,496,300,42,3,5,1,0,1,2103,2103,513,1,outside_root_band,0.016683490946888924,0,6,236,5.439011573791504,12.60329818725586,0.015715278685092926,0.6101694703102112,513,5.557837963104248,12.903517723083496,0.01765170320868492,0.5906432867050171
680,656,320,180,C2,42,fit,B,-0.02,True,False,64,505,502,497,300,42,3,5,1,0,1,2103,2103,600,1,all,0.01433493010699749,25,69,300,5.111640453338623,11.95972728729248,0.013722985982894897,0.5899999737739563,600,4.947447776794434,12.835055351257324,0.014946874231100082,0.528333306312561
680,656,320,180,C2,42,fit,B,-0.02,True,False,64,505,502,497,300,42,3,5,1,0,1,2103,2103,87,1,root_band,0.004871163633652031,24,56,65,4.3374457359313965,8.372357368469238,0.007691776845604181,0.5230769515037537,87,2.197023391723633,6.85050630569458,0.0020505504216998816,0.19540229439735413
680,656,320,180,C2,42,fit,B,-0.02,True,False,64,505,502,497,300,42,3,5,1,0,1,2103,2103,513,1,outside_root_band,0.01626258110627532,1,13,235,5.325779438018799,12.838895797729492,0.015391192398965359,0.6085106134414673,513,5.413893699645996,13.108824729919434,0.01713396981358528,0.5847952961921692
681,656,320,180,C2,42,fit,C,-0.02,True,False,64,503,500,491,300,42,3,9,1,0,1,2103,2103,600,1,all,0.016142637468874454,14,12,300,5.404512405395508,11.972686767578125,0.014925520867109299,0.6066666841506958,600,5.538304328918457,12.603690147399902,0.01735975407063961,0.5899999737739563
681,656,320,180,C2,42,fit,C,-0.02,True,False,64,503,500,491,300,42,3,9,1,0,1,2103,2103,87,1,root_band,0.003673826577141881,14,9,62,4.189207077026367,6.652042865753174,0.003669092198833823,0.6451612710952759,87,3.652545213699341,6.603396892547607,0.0036785609554499388,0.5517241358757019
681,656,320,180,C2,42,fit,C,-0.02,True,False,64,503,500,491,300,42,3,9,1,0,1,2103,2103,513,1,outside_root_band,0.0187689121812582,0,3,238,5.721104621887207,12.713093757629395,0.0178578682243824,0.5966386795043945,513,5.85811185836792,12.906423568725586,0.019679956138134003,0.5964912176132202
682,656,320,180,C2,42,fit,X,0.02,True,False,64,503,500,490,300,42,3,10,1,0,1,2103,2103,600,1,all,0.017458412796258926,20,20,300,5.74424409866333,12.28174877166748,0.01630878634750843,0.6333333253860474,600,5.786819934844971,12.903210639953613,0.018608039245009422,0.596666693687439
682,656,320,180,C2,42,fit,X,0.02,True,False,64,503,500,490,300,42,3,10,1,0,1,2103,2103,87,1,root_band,0.007226722547784448,19,15,61,5.421261310577393,7.779163360595703,0.007929746992886066,0.7213114500045776,87,4.757932662963867,7.620499134063721,0.006523698102682829,0.5977011322975159
682,656,320,180,C2,42,fit,X,0.02,True,False,64,503,500,490,300,42,3,10,1,0,1,2103,2103,513,1,outside_root_band,0.019552401266992092,1,5,239,5.82667875289917,12.713785171508789,0.01844736933708191,0.6108786463737488,513,5.96130895614624,13.043861389160156,0.020657433196902275,0.5964912176132202
683,656,320,180,C2,42,fit,Y,0.02,True,False,64,505,502,496,300,42,3,6,1,0,1,2103,2103,600,1,all,0.014039087574928999,25,63,300,5.00930643081665,11.919302940368652,0.013091876171529293,0.5733333230018616,600,4.982098579406738,12.76406478881836,0.014986298978328705,0.5249999761581421
683,656,320,180,C2,42,fit,Y,0.02,True,False,64,505,502,496,300,42,3,6,1,0,1,2103,2103,87,1,root_band,0.002568452066043392,24,53,64,3.704439878463745,6.906655311584473,0.004236701875925064,0.4375,87,2.103497266769409,5.354669570922852,0.0009002022561617196,0.16091954708099365
683,656,320,180,C2,42,fit,Y,0.02,True,False,64,505,502,496,300,42,3,6,1,0,1,2103,2103,513,1,outside_root_band,0.016434224788099527,1,10,236,5.363168239593506,12.773099899291992,0.015493280254304409,0.6101694703102112,513,5.470282554626465,13.052178382873535,0.017375169321894646,0.5867446660995483
684,656,320,180,C2,42,fit,A,0.02,True,False,64,504,501,491,300,42,3,10,1,0,1,2103,2103,600,1,all,0.01615723269060254,15,12,300,5.424659729003906,11.969412803649902,0.014958887360990047,0.6066666841506958,600,5.543587684631348,12.600488662719727,0.017355578020215034,0.5899999737739563
684,656,320,180,C2,42,fit,A,0.02,True,False,64,504,501,491,300,42,3,10,1,0,1,2103,2103,87,1,root_band,0.00375316571444273,15,9,62,4.292396545410156,6.652270317077637,0.003840397344902158,0.6451612710952759,87,3.696000337600708,6.600681781768799,0.003665934083983302,0.5517241358757019
684,656,320,180,C2,42,fit,A,0.02,True,False,64,504,501,491,300,42,3,10,1,0,1,2103,2103,513,1,outside_root_band,0.018766257911920547,0,3,238,5.719619274139404,12.713693618774414,0.01785529963672161,0.5966386795043945,513,5.856921195983887,12.904458045959473,0.019677216187119484,0.5964912176132202
685,656,320,180,C2,42,fit,B,0.02,True,False,64,503,500,488,300,42,3,12,1,0,1,2103,2103,600,1,all,0.018401682376861572,20,30,300,5.883386135101318,12.622764587402344,0.017402730882167816,0.6499999761581421,600,5.927249908447266,12.897749900817871,0.01940063387155533,0.6166666746139526
685,656,320,180,C2,42,fit,B,0.02,True,False,64,503,500,488,300,42,3,12,1,0,1,2103,2103,87,1,root_band,0.009703278541564941,19,25,60,6.024355888366699,8.512877464294434,0.01052112691104412,0.8500000238418579,87,5.410070419311523,8.357277870178223,0.008885430172085762,0.7356321811676025
685,656,320,180,C2,42,fit,B,0.02,True,False,64,503,500,488,300,42,3,12,1,0,1,2103,2103,513,1,outside_root_band,0.02015352062880993,1,5,240,5.848144054412842,12.787796974182129,0.019123131409287453,0.6000000238418579,513,6.014959335327148,13.273078918457031,0.021183909848332405,0.5964912176132202
686,656,320,180,C2,42,fit,C,0.02,True,False,64,504,501,494,300,42,3,7,1,0,1,2103,2103,600,1,all,0.014085558243095875,19,40,300,5.0480804443359375,11.647388458251953,0.013036136515438557,0.6066666841506958,600,5.104741096496582,12.51115894317627,0.015134979970753193,0.550000011920929
686,656,320,180,C2,42,fit,C,0.02,True,False,64,504,501,494,300,42,3,7,1,0,1,2103,2103,87,1,root_band,0.001339571230346337,19,34,63,3.499812126159668,5.52841329574585,0.0023856721818447113,0.5714285969734192,87,2.436150312423706,3.9515419006347656,0.0002934702788479626,0.3103448152542114
686,656,320,180,C2,42,fit,C,0.02,True,False,64,504,501,494,300,42,3,7,1,0,1,2103,2103,513,1,outside_root_band,0.016759617254137993,0,6,237,5.459644794464111,12.647956848144531,0.01586727239191532,0.6160337328910828,513,5.557308673858643,12.902828216552734,0.017651962116360664,0.5906432867050171
687,656,320,180,C2,42,fit,X,-0.05,True,False,64,505,502,500,300,42,3,2,1,0,1,2103,2103,600,1,all,0.019201758317649364,27,116,300,5.939209938049316,14.26329231262207,0.02161288820207119,0.6233333349227905,600,5.177683353424072,13.45056438446045,0.01679062843322754,0.550000011920929
687,656,320,180,C2,42,fit,X,-0.05,True,False,64,505,502,500,300,42,3,2,1,0,1,2103,2103,87,1,root_band,0.03084670379757881,24,81,66,9.07986831665039,16.03015899658203,0.04507632553577423,0.8181818127632141,87,5.428502082824707,13.328104019165039,0.016617082059383392,0.5517241358757019
687,656,320,180,C2,42,fit,X,-0.05,True,False,64,505,502,500,300,42,3,2,1,0,1,2103,2103,513,1,outside_root_band,0.01590752601623535,3,35,234,5.0533833503723145,13.07987117767334,0.014994991943240166,0.5683760643005371,513,5.1351470947265625,13.466958045959473,0.016820060089230537,0.5497075915336609
688,656,320,180,C2,42,fit,Y,-0.05,True,False,64,500,497,485,300,42,3,12,1,0,1,2103,2103,600,1,all,0.025842612609267235,21,56,300,6.8793230056762695,13.404407501220703,0.025478076189756393,0.7066666483879089,600,6.760866165161133,13.782980918884277,0.026207149028778076,0.653333306312561
688,656,320,180,C2,42,fit,Y,-0.05,True,False,64,500,497,485,300,42,3,12,1,0,1,2103,2103,87,1,root_band,0.03418557532131672,19,45,59,9.751145362854004,12.383042335510254,0.03658769652247429,0.9830508232116699,87,9.224594116210938,11.936585426330566,0.03178345412015915,0.9885057210922241
688,656,320,180,C2,42,fit,Y,-0.05,True,False,64,500,497,485,300,42,3,12,1,0,1,2103,2103,513,1,outside_root_band,0.02400987781584263,2,11,241,6.176261901855469,13.71008014678955,0.022758297622203827,0.6390041708946228,513,6.343040943145752,14.071869850158691,0.02526145800948143,0.5964912176132202
689,656,320,180,C2,42,fit,A,-0.05,True,False,64,506,503,501,300,42,3,2,1,0,1,2103,2103,600,1,all,0.015139529947191477,25,84,300,5.274895191192627,12.280829429626465,0.01508029643446207,0.596666693687439,600,4.936437129974365,12.924651145935059,0.015198763459920883,0.5266666412353516
689,656,320,180,C2,42,fit,A,-0.05,True,False,64,506,503,501,300,42,3,2,1,0,1,2103,2103,87,1,root_band,0.00955980853177607,24,63,67,5.337467193603516,10.623144149780273,0.014510705135762691,0.5970149040222168,87,2.5330593585968018,8.835566520690918,0.00460891192778945,0.27586206793785095
689,656,320,180,C2,42,fit,A,-0.05,True,False,64,506,503,501,300,42,3,2,1,0,1,2103,2103,513,1,outside_root_band,0.0161193935200572,1,21,233,5.256902694702148,12.910861015319824,0.015244083479046822,0.5965664982795715,513,5.344027519226074,13.274205207824707,0.01699470356106758,0.5692007541656494
690,656,320,180,C2,42,fit,B,-0.05,True,False,64,507,504,502,300,42,3,2,1,0,1,2103,2103,600,1,all,0.021511320024728775,26,101,300,6.263255596160889,14.476874351501465,0.024781208485364914,0.6466666460037231,600,5.3746018409729,13.886553764343262,0.018241431564092636,0.5950000286102295
690,656,320,180,C2,42,fit,B,-0.05,True,False,64,507,504,502,300,42,3,2,1,0,1,2103,2103,87,1,root_band,0.04084125813096762,24,47,67,10.564604759216309,17.354135513305664,0.057462770491838455,0.9850746393203735,87,7.185392379760742,14.927327156066895,0.02421974577009678,0.9885057210922241
690,656,320,180,C2,42,fit,B,-0.05,True,False,64,507,504,502,300,42,3,2,1,0,1,2103,2103,513,1,outside_root_band,0.016305535100400448,2,54,233,5.026387691497803,13.299792289733887,0.015383506193757057,0.54935622215271,513,5.067509174346924,13.837870597839355,0.01722756400704384,0.528265118598938
691,656,320,180,C2,42,fit,C,-0.05,True,False,64,502,499,489,300,42,3,10,1,0,1,2103,2103,600,1,all,0.01970551908016205,22,41,300,6.1086578369140625,12.655263900756836,0.018765168264508247,0.6700000166893005,600,6.09969425201416,13.229959487915039,0.02064586989581585,0.6349999904632568
691,656,320,180,C2,42,fit,C,-0.05,True,False,64,502,499,489,300,42,3,10,1,0,1,2103,2103,87,1,root_band,0.013276623096317053,21,34,61,6.709887504577637,9.392465591430664,0.014358008280396461,0.868852436542511,87,6.11414909362793,9.235197067260742,0.012195237912237644,0.8620689511299133
691,656,320,180,C2,42,fit,C,-0.05,True,False,64,502,499,489,300,42,3,10,1,0,1,2103,2103,513,1,outside_root_band,0.020984511822462082,1,7,239,5.955206394195557,13.126214027404785,0.019890006631612778,0.6192468404769897,513,6.097243309020996,13.452057838439941,0.022079017013311386,0.5964912176132202
692,656,320,180,C2,42,fit,X,0.05,True,False,64,500,497,484,300,42,3,13,1,0,1,2103,2103,600,1,all,0.027569174766540527,24,56,300,7.0931782722473145,13.838863372802734,0.027618974447250366,0.6933333277702332,600,6.913946628570557,13.906769752502441,0.02751937508583069,0.6566666960716248
692,656,320,180,C2,42,fit,X,0.05,True,False,64,500,497,484,300,42,3,13,1,0,1,2103,2103,87,1,root_band,0.04287830553948879,20,46,59,10.897262573242188,13.795414924621582,0.04697887599468231,1.0,87,10.14104175567627,12.423917770385742,0.03877773508429527,1.0
692,656,320,180,C2,42,fit,X,0.05,True,False,64,500,497,484,300,42,3,13,1,0,1,2103,2103,513,1,outside_root_band,0.02424473874270916,4,10,241,6.161888122558594,13.837162971496582,0.02287941426038742,0.6182572841644287,513,6.3666605949401855,14.105607986450195,0.0256100632250309,0.5984405279159546
693,656,320,180,C2,42,fit,Y,0.05,True,False,64,506,503,500,300,42,3,3,1,0,1,2103,2103,600,1,all,0.017442707903683186,28,117,300,5.708497047424316,13.251729965209961,0.018698809668421745,0.6200000047683716,600,5.11216402053833,13.126115798950195,0.016186606138944626,0.5616666674613953
693,656,320,180,C2,42,fit,Y,0.05,True,False,64,506,503,500,300,42,3,3,1,0,1,2103,2103,87,1,root_band,0.01982588367536664,24,78,67,7.798726558685303,13.304146766662598,0.02971850521862507,0.8059701323509216,87,4.891453742980957,11.210779190063477,0.009933262132108212,0.6321839094161987
693,656,320,180,C2,42,fit,Y,0.05,True,False,64,506,503,500,300,42,3,3,1,0,1,2103,2103,513,1,outside_root_band,0.01638858485966921,4,39,233,5.1074442863464355,13.21939468383789,0.01553005538880825,0.5665236115455627,513,5.149593830108643,13.70112419128418,0.017247114330530167,0.5497075915336609
694,656,320,180,C2,42,fit,A,0.05,True,False,64,503,500,487,300,42,3,13,1,0,1,2103,2103,600,1,all,0.01993679441511631,21,41,300,6.147193908691406,12.764845848083496,0.01909429021179676,0.6633333563804626,600,6.153279781341553,13.236140251159668,0.02077929861843586,0.6349999904632568
694,656,320,180,C2,42,fit,A,0.05,True,False,64,503,500,487,300,42,3,13,1,0,1,2103,2103,87,1,root_band,0.01466769864782691,20,34,60,7.0980353355407715,9.597275733947754,0.01606207713484764,0.8999999761581421,87,6.510010242462158,9.217079162597656,0.013273320160806179,0.8620689511299133
694,656,320,180,C2,42,fit,A,0.05,True,False,64,503,500,487,300,42,3,13,1,0,1,2103,2103,513,1,outside_root_band,0.020952293649315834,1,7,240,5.909482955932617,13.076714515686035,0.019852343946695328,0.6041666865348816,513,6.092782974243164,13.452495574951172,0.02205224335193634,0.5964912176132202
695,656,320,180,C2,42,fit,B,0.05,True,False,64,501,498,483,300,42,3,15,1,0,1,2103,2103,600,1,all,0.03189005143940449,23,60,300,7.452182769775391,14.486394882202148,0.03231722488999367,0.6899999976158142,600,7.232834815979004,14.289862632751465,0.03146287798881531,0.6566666960716248
695,656,320,180,C2,42,fit,B,0.05,True,False,64,501,498,483,300,42,3,15,1,0,1,2103,2103,87,1,root_band,0.05890145152807236,21,46,58,12.253629684448242,14.832399368286133,0.06330093741416931,1.0,87,11.565793991088867,13.792034149169922,0.0545019656419754,1.0
695,656,320,180,C2,42,fit,B,0.05,True,False,64,501,498,483,300,42,3,15,1,0,1,2103,2103,513,1,outside_root_band,0.026223519816994667,2,14,242,6.301423072814941,14.283506393432617,0.02489137463271618,0.6157024502754211,513,6.49800443649292,14.671062469482422,0.027555665001273155,0.5984405279159546
696,656,320,180,C2,42,fit,C,0.05,True,False,64,506,503,498,300,42,3,5,1,0,1,2103,2103,600,1,all,0.014599965885281563,25,79,300,5.149499893188477,12.10380744934082,0.014277661219239235,0.5799999833106995,600,4.879268646240234,12.920483589172363,0.01492227055132389,0.5216666460037231
696,656,320,180,C2,42,fit,C,0.05,True,False,64,506,503,498,300,42,3,5,1,0,1,2103,2103,87,1,root_band,0.006752924062311649,24,59,65,4.8149003982543945,9.024025917053223,0.010757449083030224,0.5384615659713745,87,2.1407668590545654,7.534651756286621,0.002748399041593075,0.2298850566148758
696,656,320,180,C2,42,fit,C,0.05,True,False,64,506,503,498,300,42,3,5,1,0,1,2103,2103,513,1,outside_root_band,0.016119092237204313,1,20,235,5.242048263549805,12.854365348815918,0.015251337550580502,0.5914893746376038,513,5.343692302703857,13.26269817352295,0.016986846923828125,0.5711501240730286
697,697,320,180,C2,43,fit,baseline,0.0,False,False,64,485,481,481,300,44,4,0,1,0,1,2248,2248,600,1,all,0.016367368400096893,0,0,300,5.602815628051758,12.369647026062012,0.016884155571460724,0.6033333539962769,600,5.4128098487854,12.48367691040039,0.015850581228733063,0.5983333587646484
697,697,320,180,C2,43,fit,baseline,0.0,False,False,64,485,481,481,300,44,4,0,1,0,1,2248,2248,0,1,root_band,,0,0,0,,,,,0,,,,
697,697,320,180,C2,43,fit,baseline,0.0,False,False,64,485,481,481,300,44,4,0,1,0,1,2248,2248,600,1,outside_root_band,0.016367368400096893,0,0,300,5.602815628051758,12.369647026062012,0.016884155571460724,0.6033333539962769,600,5.4128098487854,12.48367691040039,0.015850581228733063,0.5983333587646484
698,697,320,180,C2,43,fit,X,-0.005,True,False,64,485,481,481,300,44,4,0,1,0,1,2248,2248,600,1,all,0.01616430003196001,1,2,300,5.557026386260986,12.444226264953613,0.016694659367203712,0.6033333539962769,600,5.363359451293945,12.6222505569458,0.01563394069671631,0.5983333587646484
698,697,320,180,C2,43,fit,X,-0.005,True,False,64,485,481,481,300,44,4,0,1,0,1,2248,2248,0,1,root_band,,0,0,0,,,,,0,,,,
698,697,320,180,C2,43,fit,X,-0.005,True,False,64,485,481,481,300,44,4,0,1,0,1,2248,2248,600,1,outside_root_band,0.01616430003196001,1,2,300,5.557026386260986,12.444226264953613,0.016694659367203712,0.6033333539962769,600,5.363359451293945,12.6222505569458,0.01563394069671631,0.5983333587646484
699,697,320,180,C2,43,fit,Y,-0.005,True,False,64,485,481,481,300,44,4,0,1,0,1,2248,2248,600,1,all,0.0166589617729187,1,4,300,5.651295185089111,12.326960563659668,0.017251472920179367,0.6066666841506958,600,5.452733039855957,12.321439743041992,0.016066450625658035,0.6016666889190674
699,697,320,180,C2,43,fit,Y,-0.005,True,False,64,485,481,481,300,44,4,0,1,0,1,2248,2248,0,1,root_band,,0,0,0,,,,,0,,,,
699,697,320,180,C2,43,fit,Y,-0.005,True,False,64,485,481,481,300,44,4,0,1,0,1,2248,2248,600,1,outside_root_band,0.0166589617729187,1,4,300,5.651295185089111,12.326960563659668,0.017251472920179367,0.6066666841506958,600,5.452733039855957,12.321439743041992,0.016066450625658035,0.6016666889190674
700,697,320,180,C2,43,fit,A,-0.005,True,False,64,485,481,481,300,44,4,0,1,0,1,2248,2248,600,1,all,0.016395851969718933,0,3,300,5.592385768890381,12.420451164245605,0.01706910878419876,0.6000000238418579,600,5.37824821472168,12.574139595031738,0.015722595155239105,0.6000000238418579
700,697,320,180,C2,43,fit,A,-0.005,True,False,64,485,481,481,300,44,4,0,1,0,1,2248,2248,0,1,root_band,,0,0,0,,,,,0,,,,
700,697,320,180,C2,43,fit,A,-0.005,True,False,64,485,481,481,300,44,4,0,1,0,1,2248,2248,600,1,outside_root_band,0.016395851969718933,0,3,300,5.592385768890381,12.420451164245605,0.01706910878419876,0.6000000238418579,600,5.37824821472168,12.574139595031738,0.015722595155239105,0.6000000238418579
701,697,320,180,C2,43,fit,B,-0.005,True,False,64,485,481,481,300,44,4,0,1,0,1,2248,2248,600,1,all,0.01625007251277566,0,5,300,5.563097953796387,12.515259742736816,0.016887003555893898,0.6000000238418579,600,5.351622104644775,12.6621675491333,0.015613141469657421,0.6000000238418579
701,697,320,180,C2,43,fit,B,-0.005,True,False,64,485,481,481,300,44,4,0,1,0,1,2248,2248,0,1,root_band,,0,0,0,,,,,0,,,,
701,697,320,180,C2,43,fit,B,-0.005,True,False,64,485,481,481,300,44,4,0,1,0,1,2248,2248,600,1,outside_root_band,0.01625007251277566,0,5,300,5.563097953796387,12.515259742736816,0.016887003555893898,0.6000000238418579,600,5.351622104644775,12.6621675491333,0.015613141469657421,0.6000000238418579
702,697,320,180,C2,43,fit,C,-0.005,True,False,64,485,481,481,300,44,4,0,1,0,1,2248,2248,600,1,all,0.016542735509574413,1,3,300,5.632749080657959,12.346850395202637,0.017095081508159637,0.6033333539962769,600,5.43873929977417,12.393281936645508,0.01599038951098919,0.6033333539962769
702,697,320,180,C2,43,fit,C,-0.005,True,False,64,485,481,481,300,44,4,0,1,0,1,2248,2248,0,1,root_band,,0,0,0,,,,,0,,,,
702,697,320,180,C2,43,fit,C,-0.005,True,False,64,485,481,481,300,44,4,0,1,0,1,2248,2248,600,1,outside_root_band,0.016542735509574413,1,3,300,5.632749080657959,12.346850395202637,0.017095081508159637,0.6033333539962769,600,5.43873929977417,12.393281936645508,0.01599038951098919,0.6033333539962769
703,697,320,180,C2,43,fit,X,0.005,True,False,64,484,480,480,300,44,4,0,1,0,1,2248,2248,600,1,all,0.016718121245503426,0,3,300,5.644302845001221,12.280180931091309,0.017321692779660225,0.5933333039283752,600,5.462419509887695,12.344982147216797,0.016114549711346626,0.6000000238418579
703,697,320,180,C2,43,fit,X,0.005,True,False,64,484,480,480,300,44,4,0,1,0,1,2248,2248,0,1,root_band,,0,0,0,,,,,0,,,,
703,697,320,180,C2,43,fit,X,0.005,True,False,64,484,480,480,300,44,4,0,1,0,1,2248,2248,600,1,outside_root_band,0.016718121245503426,0,3,300,5.644302845001221,12.280180931091309,0.017321692779660225,0.5933333039283752,600,5.462419509887695,12.344982147216797,0.016114549711346626,0.6000000238418579
704,697,320,180,C2,43,fit,Y,0.005,True,False,64,485,481,481,300,44,4,0,1,0,1,2248,2248,600,1,all,0.01612719427794218,0,6,300,5.5545334815979,12.501248359680176,0.01656886748969555,0.596666693687439,600,5.373723030090332,12.645210266113281,0.015685521066188812,0.6050000190734863
704,697,320,180,C2,43,fit,Y,0.005,True,False,64,485,481,481,300,44,4,0,1,0,1,2248,2248,0,1,root_band,,0,0,0,,,,,0,,,,
704,697,320,180,C2,43,fit,Y,0.005,True,False,64,485,481,481,300,44,4,0,1,0,1,2248,2248,600,1,outside_root_band,0.01612719427794218,0,6,300,5.5545334815979,12.501248359680176,0.01656886748969555,0.596666693687439,600,5.373723030090332,12.645210266113281,0.015685521066188812,0.6050000190734863
705,697,320,180,C2,43,fit,A,0.005,True,False,64,485,481,481,300,44,4,0,1,0,1,2248,2248,600,1,all,0.016369543969631195,1,6,300,5.612228870391846,12.346940040588379,0.016731590032577515,0.6033333539962769,600,5.4489970207214355,12.393387794494629,0.016007497906684875,0.6050000190734863
705,697,320,180,C2,43,fit,A,0.005,True,False,64,485,481,481,300,44,4,0,1,0,1,2248,2248,0,1,root_band,,0,0,0,,,,,0,,,,
705,697,320,180,C2,43,fit,A,0.005,True,False,64,485,481,481,300,44,4,0,1,0,1,2248,2248,600,1,outside_root_band,0.016369543969631195,1,6,300,5.612228870391846,12.346940040588379,0.016731590032577515,0.6033333539962769,600,5.4489970207214355,12.393387794494629,0.016007497906684875,0.6050000190734863
706,697,320,180,C2,43,fit,B,0.005,True,False,64,485,481,481,300,44,4,0,1,0,1,2248,2248,600,1,all,0.01655375398695469,1,6,300,5.6420087814331055,12.326740264892578,0.016947882249951363,0.6033333539962769,600,5.4747633934021,12.309369087219238,0.016159625723958015,0.6050000190734863
706,697,320,180,C2,43,fit,B,0.005,True,False,64,485,481,481,300,44,4,0,1,0,1,2248,2248,0,1,root_band,,0,0,0,,,,,0,,,,
706,697,320,180,C2,43,fit,B,0.005,True,False,64,485,481,481,300,44,4,0,1,0,1,2248,2248,600,1,outside_root_band,0.01655375398695469,1,6,300,5.6420087814331055,12.326740264892578,0.016947882249951363,0.6033333539962769,600,5.4747633934021,12.309369087219238,0.016159625723958015,0.6050000190734863
707,697,320,180,C2,43,fit,C,0.005,True,False,64,485,481,481,300,44,4,0,1,0,1,2248,2248,600,1,all,0.01620863564312458,0,1,300,5.572414398193359,12.420276641845703,0.016688525676727295,0.596666693687439,600,5.387019634246826,12.573979377746582,0.015728745609521866,0.6000000238418579
707,697,320,180,C2,43,fit,C,0.005,True,False,64,485,481,481,300,44,4,0,1,0,1,2248,2248,0,1,root_band,,0,0,0,,,,,0,,,,
707,697,320,180,C2,43,fit,C,0.005,True,False,64,485,481,481,300,44,4,0,1,0,1,2248,2248,600,1,outside_root_band,0.01620863564312458,0,1,300,5.572414398193359,12.420276641845703,0.016688525676727295,0.596666693687439,600,5.387019634246826,12.573979377746582,0.015728745609521866,0.6000000238418579
708,697,320,180,C2,43,fit,X,-0.01,True,False,64,485,481,481,300,44,4,0,1,0,1,2248,2248,600,1,all,0.016011382918804884,1,5,300,5.513047218322754,12.564778327941895,0.01655890978872776,0.596666693687439,600,5.314247131347656,12.752720832824707,0.015463856048882008,0.596666693687439
708,697,320,180,C2,43,fit,X,-0.01,True,False,64,485,481,481,300,44,4,0,1,0,1,2248,2248,0,1,root_band,,0,0,0,,,,,0,,,,
708,697,320,180,C2,43,fit,X,-0.01,True,False,64,485,481,481,300,44,4,0,1,0,1,2248,2248,600,1,outside_root_band,0.016011382918804884,1,5,300,5.513047218322754,12.564778327941895,0.01655890978872776,0.596666693687439,600,5.314247131347656,12.752720832824707,0.015463856048882008,0.596666693687439
709,697,320,180,C2,43,fit,Y,-0.01,True,False,64,484,480,480,300,44,4,0,1,0,1,2248,2248,600,1,all,0.017568315379321575,1,6,300,5.748149394989014,12.322586059570312,0.01877303421497345,0.596666693687439,600,5.497489929199219,12.227474212646484,0.0163635965436697,0.6016666889190674
709,697,320,180,C2,43,fit,Y,-0.01,True,False,64,484,480,480,300,44,4,0,1,0,1,2248,2248,0,1,root_band,,0,0,0,,,,,0,,,,
709,697,320,180,C2,43,fit,Y,-0.01,True,False,64,484,480,480,300,44,4,0,1,0,1,2248,2248,600,1,outside_root_band,0.017568315379321575,1,6,300,5.748149394989014,12.322586059570312,0.01877303421497345,0.596666693687439,600,5.497489929199219,12.227474212646484,0.0163635965436697,0.6016666889190674
710,697,320,180,C2,43,fit,A,-0.01,True,False,64,485,481,481,300,44,4,0,1,0,1,2248,2248,600,1,all,0.016601538751274347,0,11,300,5.603484153747559,12.676478385925293,0.017579272389411926,0.6000000238418579,600,5.344391345977783,12.662293434143066,0.015623805113136768,0.5933333039283752
710,697,320,180,C2,43,fit,A,-0.01,True,False,64,485,481,481,300,44,4,0,1,0,1,2248,2248,0,1,root_band,,0,0,0,,,,,0,,,,
710,697,320,180,C2,43,fit,A,-0.01,True,False,64,485,481,481,300,44,4,0,1,0,1,2248,2248,600,1,outside_root_band,0.016601538751274347,0,11,300,5.603484153747559,12.676478385925293,0.017579272389411926,0.6000000238418579,600,5.344391345977783,12.662293434143066,0.015623805113136768,0.5933333039283752
711,697,320,180,C2,43,fit,B,-0.01,True,False,64,486,482,482,300,44,4,0,1,0,1,2248,2248,600,1,all,0.016476445831358433,1,8,300,5.502132415771484,12.858247756958008,0.017511779442429543,0.5899999737739563,600,5.290270805358887,12.830140113830566,0.015441112220287323,0.5983333587646484
711,697,320,180,C2,43,fit,B,-0.01,True,False,64,486,482,482,300,44,4,0,1,0,1,2248,2248,0,1,root_band,,0,0,0,,,,,0,,,,
711,697,320,180,C2,43,fit,B,-0.01,True,False,64,486,482,482,300,44,4,0,1,0,1,2248,2248,600,1,outside_root_band,0.016476445831358433,1,8,300,5.502132415771484,12.858247756958008,0.017511779442429543,0.5899999737739563,600,5.290270805358887,12.830140113830566,0.015441112220287323,0.5983333587646484
712,697,320,180,C2,43,fit,C,-0.01,True,False,64,485,481,481,300,44,4,0,1,0,1,2248,2248,600,1,all,0.016734751872718334,1,4,300,5.66239595413208,12.326632499694824,0.017321456223726273,0.6066666841506958,600,5.46524715423584,12.309203147888184,0.016148047521710396,0.6016666889190674
712,697,320,180,C2,43,fit,C,-0.01,True,False,64,485,481,481,300,44,4,0,1,0,1,2248,2248,0,1,root_band,,0,0,0,,,,,0,,,,
712,697,320,180,C2,43,fit,C,-0.01,True,False,64,485,481,481,300,44,4,0,1,0,1,2248,2248,600,1,outside_root_band,0.016734751872718334,1,4,300,5.66239595413208,12.326632499694824,0.017321456223726273,0.6066666841506958,600,5.46524715423584,12.309203147888184,0.016148047521710396,0.6016666889190674
713,697,320,180,C2,43,fit,X,0.01,True,False,64,484,480,480,300,44,4,0,1,0,1,2248,2248,600,1,all,0.017007915303111076,1,3,300,5.6850199699401855,12.252562522888184,0.017589477822184563,0.5899999737739563,600,5.512726306915283,12.248703002929688,0.01642635278403759,0.6000000238418579
713,697,320,180,C2,43,fit,X,0.01,True,False,64,484,480,480,300,44,4,0,1,0,1,2248,2248,0,1,root_band,,0,0,0,,,,,0,,,,
713,697,320,180,C2,43,fit,X,0.01,True,False,64,484,480,480,300,44,4,0,1,0,1,2248,2248,600,1,outside_root_band,0.017007915303111076,1,3,300,5.6850199699401855,12.252562522888184,0.017589477822184563,0.5899999737739563,600,5.512726306915283,12.248703002929688,0.01642635278403759,0.6000000238418579
714,697,320,180,C2,43,fit,Y,0.01,True,False,64,486,482,482,300,44,4,0,1,0,1,2248,2248,600,1,all,0.016136209946125746,1,9,300,5.474414348602295,12.457060813903809,0.0167080070823431,0.5899999737739563,600,5.332653045654297,12.797782897949219,0.01556441280990839,0.6000000238418579
714,697,320,180,C2,43,fit,Y,0.01,True,False,64,486,482,482,300,44,4,0,1,0,1,2248,2248,0,1,root_band,,0,0,0,,,,,0,,,,
714,697,320,180,C2,43,fit,Y,0.01,True,False,64,486,482,482,300,44,4,0,1,0,1,2248,2248,600,1,outside_root_band,0.016136209946125746,1,9,300,5.474414348602295,12.457060813903809,0.0167080070823431,0.5899999737739563,600,5.332653045654297,12.797782897949219,0.01556441280990839,0.6000000238418579
715,697,320,180,C2,43,fit,A,0.01,True,False,64,484,480,480,300,44,4,0,1,0,1,2248,2248,600,1,all,0.01652733888477087,1,7,300,5.628530025482178,12.304078102111816,0.016861403360962868,0.6066666841506958,600,5.48569393157959,12.309403419494629,0.016193274408578873,0.6033333539962769
715,697,320,180,C2,43,fit,A,0.01,True,False,64,484,480,480,300,44,4,0,1,0,1,2248,2248,0,1,root_band,,0,0,0,,,,,0,,,,
715,697,320,180,C2,43,fit,A,0.01,True,False,64,484,480,480,300,44,4,0,1,0,1,2248,2248,600,1,outside_root_band,0.01652733888477087,1,7,300,5.628530025482178,12.304078102111816,0.016861403360962868,0.6066666841506958,600,5.48569393157959,12.309403419494629,0.016193274408578873,0.6033333539962769
716,697,320,180,C2,43,fit,B,0.01,True,False,64,484,480,480,300,44,4,0,1,0,1,2248,2248,600,1,all,0.017302468419075012,1,7,300,5.718101978302002,12.251114845275879,0.018031688407063484,0.5933333039283752,600,5.541154861450195,12.196699142456055,0.01657324843108654,0.6033333539962769
716,697,320,180,C2,43,fit,B,0.01,True,False,64,484,480,480,300,44,4,0,1,0,1,2248,2248,0,1,root_band,,0,0,0,,,,,0,,,,
716,697,320,180,C2,43,fit,B,0.01,True,False,64,484,480,480,300,44,4,0,1,0,1,2248,2248,600,1,outside_root_band,0.017302468419075012,1,7,300,5.718101978302002,12.251114845275879,0.018031688407063484,0.5933333039283752,600,5.541154861450195,12.196699142456055,0.01657324843108654,0.6033333539962769
717,697,320,180,C2,43,fit,C,0.01,True,False,64,485,481,481,300,44,4,0,1,0,1,2248,2248,600,1,all,0.016069096513092518,0,7,300,5.542788982391357,12.514795303344727,0.016513517126441002,0.596666693687439,600,5.361213207244873,12.661735534667969,0.015624675899744034,0.6033333539962769
717,697,320,180,C2,43,fit,C,0.01,True,False,64,485,481,481,300,44,4,0,1,0,1,2248,2248,0,1,root_band,,0,0,0,,,,,0,,,,
717,697,320,180,C2,43,fit,C,0.01,True,False,64,485,481,481,300,44,4,0,1,0,1,2248,2248,600,1,outside_root_band,0.016069096513092518,0,7,300,5.542788982391357,12.514795303344727,0.016513517126441002,0.596666693687439,600,5.361213207244873,12.661735534667969,0.015624675899744034,0.6033333539962769
718,697,320,180,C2,43,fit,X,-0.02,True,False,64,485,481,481,300,44,4,0,1,0,1,2248,2248,600,1,all,0.015831061638891697,1,11,300,5.432735443115234,12.8073091506958,0.016405807808041573,0.5899999737739563,600,5.2222065925598145,12.878497123718262,0.015256315469741821,0.5866666436195374
718,697,320,180,C2,43,fit,X,-0.02,True,False,64,485,481,481,300,44,4,0,1,0,1,2248,2248,0,1,root_band,,0,0,0,,,,,0,,,,
718,697,320,180,C2,43,fit,X,-0.02,True,False,64,485,481,481,300,44,4,0,1,0,1,2248,2248,600,1,outside_root_band,0.015831061638891697,1,11,300,5.432735443115234,12.8073091506958,0.016405807808041573,0.5899999737739563,600,5.2222065925598145,12.878497123718262,0.015256315469741821,0.5866666436195374
719,697,320,180,C2,43,fit,Y,-0.02,True,False,64,485,481,481,300,44,4,0,1,0,1,2248,2248,600,1,all,0.018393080681562424,1,14,300,5.870006084442139,12.250382423400879,0.019727863371372223,0.596666693687439,600,5.58290958404541,12.266644477844238,0.017058297991752625,0.5983333587646484
719,697,320,180,C2,43,fit,Y,-0.02,True,False,64,485,481,481,300,44,4,0,1,0,1,2248,2248,0,1,root_band,,0,0,0,,,,,0,,,,
719,697,320,180,C2,43,fit,Y,-0.02,True,False,64,485,481,481,300,44,4,0,1,0,1,2248,2248,600,1,outside_root_band,0.018393080681562424,1,14,300,5.870006084442139,12.250382423400879,0.019727863371372223,0.596666693687439,600,5.58290958404541,12.266644477844238,0.017058297991752625,0.5983333587646484
720,697,320,180,C2,43,fit,A,-0.02,True,False,64,486,482,482,300,44,4,0,1,0,1,2248,2248,600,1,all,0.017287826631218195,1,15,300,5.613180160522461,12.709792137145996,0.01906823180615902,0.5866666436195374,600,5.277900695800781,12.830409049987793,0.01550742145627737,0.5933333039283752
720,697,320,180,C2,43,fit,A,-0.02,True,False,64,486,482,482,300,44,4,0,1,0,1,2248,2248,0,1,root_band,,0,0,0,,,,,0,,,,
720,697,320,180,C2,43,fit,A,-0.02,True,False,64,486,482,482,300,44,4,0,1,0,1,2248,2248,600,1,outside_root_band,0.017287826631218195,1,15,300,5.613180160522461,12.709792137145996,0.01906823180615902,0.5866666436195374,600,5.277900695800781,12.830409049987793,0.01550742145627737,0.5933333039283752
721,697,320,180,C2,43,fit,B,-0.02,True,False,64,486,482,482,300,44,4,0,1,0,1,2248,2248,600,1,all,0.01681880233809352,2,24,300,5.487584114074707,12.98009204864502,0.01831907592713833,0.5833333134651184,600,5.177948474884033,12.949771881103516,0.01531852874904871,0.5816666483879089
721,697,320,180,C2,43,fit,B,-0.02,True,False,64,486,482,482,300,44,4,0,1,0,1,2248,2248,0,1,root_band,,0,0,0,,,,,0,,,,
721,697,320,180,C2,43,fit,B,-0.02,True,False,64,486,482,482,300,44,4,0,1,0,1,2248,2248,600,1,outside_root_band,0.01681880233809352,2,24,300,5.487584114074707,12.98009204864502,0.01831907592713833,0.5833333134651184,600,5.177948474884033,12.949771881103516,0.01531852874904871,0.5816666483879089
722,697,320,180,C2,43,fit,C,-0.02,True,False,64,484,480,480,300,44,4,0,1,0,1,2248,2248,600,1,all,0.017737068235874176,1,6,300,5.770118713378906,12.318770408630371,0.018923215568065643,0.596666693687439,600,5.522993087768555,12.195165634155273,0.01655092090368271,0.6016666889190674
722,697,320,180,C2,43,fit,C,-0.02,True,False,64,484,480,480,300,44,4,0,1,0,1,2248,2248,0,1,root_band,,0,0,0,,,,,0,,,,
722,697,320,180,C2,43,fit,C,-0.02,True,False,64,484,480,480,300,44,4,0,1,0,1,2248,2248,600,1,outside_root_band,0.017737068235874176,1,6,300,5.770118713378906,12.318770408630371,0.018923215568065643,0.596666693687439,600,5.522993087768555,12.195165634155273,0.01655092090368271,0.6016666889190674
723,697,320,180,C2,43,fit,X,0.02,True,False,64,483,479,479,300,44,4,0,1,0,1,2248,2248,600,1,all,0.018122470006346703,3,6,300,5.8185224533081055,12.271958351135254,0.018997816368937492,0.5933333039283752,600,5.620548248291016,12.343611717224121,0.017247123643755913,0.6016666889190674
723,697,320,180,C2,43,fit,X,0.02,True,False,64,483,479,479,300,44,4,0,1,0,1,2248,2248,0,1,root_band,,0,0,0,,,,,0,,,,
723,697,320,180,C2,43,fit,X,0.02,True,False,64,483,479,479,300,44,4,0,1,0,1,2248,2248,600,1,outside_root_band,0.018122470006346703,3,6,300,5.8185224533081055,12.271958351135254,0.018997816368937492,0.5933333039283752,600,5.620548248291016,12.343611717224121,0.017247123643755913,0.6016666889190674
724,697,320,180,C2,43,fit,Y,0.02,True,False,64,485,481,481,300,44,4,0,1,0,1,2248,2248,600,1,all,0.016025536693632603,2,21,300,5.472280025482178,13.017866134643555,0.01656142994761467,0.6000000238418579,600,5.26226806640625,12.915149688720703,0.015489643439650536,0.5933333039283752
724,697,320,180,C2,43,fit,Y,0.02,True,False,64,485,481,481,300,44,4,0,1,0,1,2248,2248,0,1,root_band,,0,0,0,,,,,0,,,,
724,697,320,180,C2,43,fit,Y,0.02,True,False,64,485,481,481,300,44,4,0,1,0,1,2248,2248,600,1,outside_root_band,0.016025536693632603,2,21,300,5.472280025482178,13.017866134643555,0.01656142994761467,0.6000000238418579,600,5.26226806640625,12.915149688720703,0.015489643439650536,0.5933333039283752
725,697,320,180,C2,43,fit,A,0.02,True,False,64,483,479,479,300,44,4,0,1,0,1,2248,2248,600,1,all,0.01686429511755705,1,12,300,5.665017127990723,12.23807430267334,0.017044672742486,0.596666693687439,600,5.565759181976318,12.19723129272461,0.016683917492628098,0.6050000190734863
725,697,320,180,C2,43,fit,A,0.02,True,False,64,483,479,479,300,44,4,0,1,0,1,2248,2248,0,1,root_band,,0,0,0,,,,,0,,,,
725,697,320,180,C2,43,fit,A,0.02,True,False,64,483,479,479,300,44,4,0,1,0,1,2248,2248,600,1,outside_root_band,0.01686429511755705,1,12,300,5.665017127990723,12.23807430267334,0.017044672742486,0.596666693687439,600,5.565759181976318,12.19723129272461,0.016683917492628098,0.6050000190734863
726,697,320,180,C2,43,fit,B,0.02,True,False,64,483,479,479,300,44,4,0,1,0,1,2248,2248,600,1,all,0.017846249975264072,1,17,300,5.781929969787598,12.193120002746582,0.018132219091057777,0.596666693687439,600,5.671329021453857,12.28952693939209,0.017560280859470367,0.6066666841506958
726,697,320,180,C2,43,fit,B,0.02,True,False,64,483,479,479,300,44,4,0,1,0,1,2248,2248,0,1,root_band,,0,0,0,,,,,0,,,,
726,697,320,180,C2,43,fit,B,0.02,True,False,64,483,479,479,300,44,4,0,1,0,1,2248,2248,600,1,outside_root_band,0.017846249975264072,1,17,300,5.781929969787598,12.193120002746582,0.018132219091057777,0.596666693687439,600,5.671329021453857,12.28952693939209,0.017560280859470367,0.6066666841506958
727,697,320,180,C2,43,fit,C,0.02,True,False,64,486,482,482,300,44,4,0,1,0,1,2248,2248,600,1,all,0.016042879316955805,1,9,300,5.453185558319092,12.460644721984863,0.016621990129351616,0.5866666436195374,600,5.308753967285156,12.828603744506836,0.015463768504559994,0.6000000238418579
727,697,320,180,C2,43,fit,C,0.02,True,False,64,486,482,482,300,44,4,0,1,0,1,2248,2248,0,1,root_band,,0,0,0,,,,,0,,,,
727,697,320,180,C2,43,fit,C,0.02,True,False,64,486,482,482,300,44,4,0,1,0,1,2248,2248,600,1,outside_root_band,0.016042879316955805,1,9,300,5.453185558319092,12.460644721984863,0.016621990129351616,0.5866666436195374,600,5.308753967285156,12.828603744506836,0.015463768504559994,0.6000000238418579
728,697,320,180,C2,43,fit,X,-0.05,True,False,64,486,482,482,300,44,4,0,1,0,1,2248,2248,600,1,all,0.01625892985612154,3,44,300,5.206050872802734,13.046963691711426,0.01705697551369667,0.5400000214576721,600,4.994145393371582,13.181818008422852,0.01546088419854641,0.5550000071525574
728,697,320,180,C2,43,fit,X,-0.05,True,False,64,486,482,482,300,44,4,0,1,0,1,2248,2248,0,1,root_band,,0,0,0,,,,,0,,,,
728,697,320,180,C2,43,fit,X,-0.05,True,False,64,486,482,482,300,44,4,0,1,0,1,2248,2248,600,1,outside_root_band,0.01625892985612154,3,44,300,5.206050872802734,13.046963691711426,0.01705697551369667,0.5400000214576721,600,4.994145393371582,13.181818008422852,0.01546088419854641,0.5550000071525574
729,697,320,180,C2,43,fit,Y,-0.05,True,False,64,484,480,480,300,44,4,0,1,0,1,2248,2248,600,1,all,0.02305952925235033,2,34,300,6.2791218757629395,13.364461898803711,0.02557319402694702,0.5833333134651184,600,5.871517181396484,13.371895790100098,0.02054586447775364,0.5983333587646484
729,697,320,180,C2,43,fit,Y,-0.05,True,False,64,484,480,480,300,44,4,0,1,0,1,2248,2248,0,1,root_band,,0,0,0,,,,,0,,,,
729,697,320,180,C2,43,fit,Y,-0.05,True,False,64,484,480,480,300,44,4,0,1,0,1,2248,2248,600,1,outside_root_band,0.02305952925235033,2,34,300,6.2791218757629395,13.364461898803711,0.02557319402694702,0.5833333134651184,600,5.871517181396484,13.371895790100098,0.02054586447775364,0.5983333587646484
730,697,320,180,C2,43,fit,A,-0.05,True,False,64,489,485,485,300,44,4,0,1,0,1,2248,2248,600,1,all,0.019619339145720005,2,50,300,5.737240791320801,13.438334465026855,0.023375079035758972,0.5666666626930237,600,5.117713451385498,13.397613525390625,0.015863599255681038,0.5583333373069763
730,697,320,180,C2,43,fit,A,-0.05,True,False,64,489,485,485,300,44,4,0,1,0,1,2248,2248,0,1,root_band,,0,0,0,,,,,0,,,,
730,697,320,180,C2,43,fit,A,-0.05,True,False,64,489,485,485,300,44,4,0,1,0,1,2248,2248,600,1,outside_root_band,0.019619339145720005,2,50,300,5.737240791320801,13.438334465026855,0.023375079035758972,0.5666666626930237,600,5.117713451385498,13.397613525390625,0.015863599255681038,0.5583333373069763
731,697,320,180,C2,43,fit,B,-0.05,True,False,64,489,485,485,300,44,4,0,1,0,1,2248,2248,600,1,all,0.018442446365952492,3,67,300,5.427649974822998,13.74168586730957,0.02067745476961136,0.5366666913032532,600,4.965270042419434,13.51017951965332,0.016207437962293625,0.5366666913032532
731,697,320,180,C2,43,fit,B,-0.05,True,False,64,489,485,485,300,44,4,0,1,0,1,2248,2248,0,1,root_band,,0,0,0,,,,,0,,,,
731,697,320,180,C2,43,fit,B,-0.05,True,False,64,489,485,485,300,44,4,0,1,0,1,2248,2248,600,1,outside_root_band,0.018442446365952492,3,67,300,5.427649974822998,13.74168586730957,0.02067745476961136,0.5366666913032532,600,4.965270042419434,13.51017951965332,0.016207437962293625,0.5366666913032532
732,697,320,180,C2,43,fit,C,-0.05,True,False,64,483,479,479,300,44,4,0,1,0,1,2248,2248,600,1,all,0.01911846734583378,1,19,300,5.906675338745117,12.63973331451416,0.02004588395357132,0.5899999737739563,600,5.698099613189697,12.65453052520752,0.018191050738096237,0.6000000238418579
732,697,320,180,C2,43,fit,C,-0.05,True,False,64,483,479,479,300,44,4,0,1,0,1,2248,2248,0,1,root_band,,0,0,0,,,,,0,,,,
732,697,320,180,C2,43,fit,C,-0.05,True,False,64,483,479,479,300,44,4,0,1,0,1,2248,2248,600,1,outside_root_band,0.01911846734583378,1,19,300,5.906675338745117,12.63973331451416,0.02004588395357132,0.5899999737739563,600,5.698099613189697,12.65453052520752,0.018191050738096237,0.6000000238418579
733,697,320,180,C2,43,fit,X,0.05,True,False,64,483,479,479,300,44,4,0,1,0,1,2248,2248,600,1,all,0.021302844397723675,4,19,300,6.0658793449401855,13.400919914245605,0.021800100803375244,0.5866666436195374,600,5.949349403381348,13.536879539489746,0.020805587992072105,0.6133333444595337
733,697,320,180,C2,43,fit,X,0.05,True,False,64,483,479,479,300,44,4,0,1,0,1,2248,2248,0,1,root_band,,0,0,0,,,,,0,,,,
733,697,320,180,C2,43,fit,X,0.05,True,False,64,483,479,479,300,44,4,0,1,0,1,2248,2248,600,1,outside_root_band,0.021302844397723675,4,19,300,6.0658793449401855,13.400919914245605,0.021800100803375244,0.5866666436195374,600,5.949349403381348,13.536879539489746,0.020805587992072105,0.6133333444595337
734,697,320,180,C2,43,fit,Y,0.05,True,False,64,486,482,482,300,44,4,0,1,0,1,2248,2248,600,1,all,0.016061547212302685,4,58,300,5.19297456741333,12.737537384033203,0.015874067321419716,0.5566666722297668,600,5.110538005828857,13.323163032531738,0.016249027103185654,0.5583333373069763
734,697,320,180,C2,43,fit,Y,0.05,True,False,64,486,482,482,300,44,4,0,1,0,1,2248,2248,0,1,root_band,,0,0,0,,,,,0,,,,
734,697,320,180,C2,43,fit,Y,0.05,True,False,64,486,482,482,300,44,4,0,1,0,1,2248,2248,600,1,outside_root_band,0.016061547212302685,4,58,300,5.19297456741333,12.737537384033203,0.015874067321419716,0.5566666722297668,600,5.110538005828857,13.323163032531738,0.016249027103185654,0.5583333373069763
735,697,320,180,C2,43,fit,A,0.05,True,False,64,480,476,476,300,44,4,0,1,0,1,2248,2248,600,1,all,0.01828656904399395,1,34,300,5.82432746887207,12.509419441223145,0.017756814137101173,0.5933333039283752,600,5.835935592651367,12.63788890838623,0.018816323950886726,0.6050000190734863
735,697,320,180,C2,43,fit,A,0.05,True,False,64,480,476,476,300,44,4,0,1,0,1,2248,2248,0,1,root_band,,0,0,0,,,,,0,,,,
735,697,320,180,C2,43,fit,A,0.05,True,False,64,480,476,476,300,44,4,0,1,0,1,2248,2248,600,1,outside_root_band,0.01828656904399395,1,34,300,5.82432746887207,12.509419441223145,0.017756814137101173,0.5933333039283752,600,5.835935592651367,12.63788890838623,0.018816323950886726,0.6050000190734863
736,697,320,180,C2,43,fit,B,0.05,True,False,64,480,476,476,300,44,4,0,1,0,1,2248,2248,600,1,all,0.021846959367394447,2,33,300,6.075204849243164,13.82570743560791,0.02129150740802288,0.6000000238418579,600,6.098292350769043,13.826887130737305,0.022402411326766014,0.6100000143051147
736,697,320,180,C2,43,fit,B,0.05,True,False,64,480,476,476,300,44,4,0,1,0,1,2248,2248,0,1,root_band,,0,0,0,,,,,0,,,,
736,697,320,180,C2,43,fit,B,0.05,True,False,64,480,476,476,300,44,4,0,1,0,1,2248,2248,600,1,outside_root_band,0.021846959367394447,2,33,300,6.075204849243164,13.82570743560791,0.02129150740802288,0.6000000238418579,600,6.098292350769043,13.826887130737305,0.022402411326766014,0.6100000143051147
737,697,320,180,C2,43,fit,C,0.05,True,False,64,486,482,482,300,44,4,0,1,0,1,2248,2248,600,1,all,0.015378950163722038,2,34,300,5.253213882446289,12.52601432800293,0.015363181009888649,0.5766666531562805,600,5.168031692504883,13.030532836914062,0.015394719317555428,0.57833331823349
737,697,320,180,C2,43,fit,C,0.05,True,False,64,486,482,482,300,44,4,0,1,0,1,2248,2248,0,1,root_band,,0,0,0,,,,,0,,,,
737,697,320,180,C2,43,fit,C,0.05,True,False,64,486,482,482,300,44,4,0,1,0,1,2248,2248,600,1,outside_root_band,0.015378950163722038,2,34,300,5.253213882446289,12.52601432800293,0.015363181009888649,0.5766666531562805,600,5.168031692504883,13.030532836914062,0.015394719317555428,0.57833331823349
738,738,320,180,C2,44,nonblind_diagnostic,baseline,0.0,False,False,64,531,528,528,300,45,3,0,1,0,1,2573,2573,600,1,all,0.08587141335010529,0,0,300,10.364133834838867,27.50844955444336,0.0792151689529419,0.7066666483879089,600,11.2653169631958,29.34568977355957,0.09252765774726868,0.7183333039283752
738,738,320,180,C2,44,nonblind_diagnostic,baseline,0.0,False,False,64,531,528,528,300,45,3,0,1,0,1,2573,2573,91,1,root_band,0.23918767273426056,0,0,38,23.278100967407227,29.028121948242188,0.2379683405160904,1.0,91,23.424419403076172,29.340816497802734,0.24040700495243073,1.0
738,738,320,180,C2,44,nonblind_diagnostic,baseline,0.0,False,False,64,531,528,528,300,45,3,0,1,0,1,2573,2573,509,1,outside_root_band,0.061139702796936035,0,0,262,8.491116523742676,20.484821319580078,0.056189894676208496,0.6641221642494202,509,9.0914888381958,29.102052688598633,0.06608951091766357,0.667976438999176
739,738,320,180,C2,44,nonblind_diagnostic,X,-0.005,True,False,64,531,528,528,300,45,3,0,1,0,1,2573,2573,600,1,all,0.0854608528316021,1,0,300,10.345023155212402,27.367807388305664,0.07885574549436569,0.7066666483879089,600,11.23914623260498,29.213546752929688,0.0920659601688385,0.7183333039283752
739,738,320,180,C2,44,nonblind_diagnostic,X,-0.005,True,False,64,531,528,528,300,45,3,0,1,0,1,2573,2573,91,1,root_band,0.235861673951149,0,0,38,23.06523895263672,28.874719619750977,0.23442062735557556,1.0,91,23.238161087036133,29.201112747192383,0.2373027205467224,1.0
739,738,320,180,C2,44,nonblind_diagnostic,X,-0.005,True,False,64,531,528,528,300,45,3,0,1,0,1,2573,2573,509,1,outside_root_band,0.061196571215987206,1,0,262,8.500105857849121,20.533184051513672,0.05629289522767067,0.6641221642494202,509,9.093938827514648,29.0391788482666,0.06610024720430374,0.667976438999176
740,738,320,180,C2,44,nonblind_diagnostic,Y,-0.005,True,False,64,531,528,528,300,45,3,0,1,0,1,2573,2573,600,1,all,0.08962571620941162,1,3,300,10.561338424682617,28.374191284179688,0.08259546011686325,0.7066666483879089,600,11.508055686950684,30.16025733947754,0.09665597230195999,0.7166666388511658
740,738,320,180,C2,44,nonblind_diagnostic,Y,-0.005,True,False,64,531,528,528,300,45,3,0,1,0,1,2573,2573,91,1,root_band,0.2582470625638962,0,0,38,24.41594696044922,29.957433700561523,0.25693246722221375,1.0,91,24.573699951171875,30.287609100341797,0.2595616579055786,1.0
740,738,320,180,C2,44,nonblind_diagnostic,Y,-0.005,True,False,64,531,528,528,300,45,3,0,1,0,1,2573,2573,509,1,outside_root_band,0.06242066062986851,1,3,262,8.551892280578613,20.960826873779297,0.05730993673205376,0.6641221642494202,509,9.172154426574707,29.652477264404297,0.06753138452768326,0.6660118103027344
741,738,320,180,C2,44,nonblind_diagnostic,A,-0.005,True,False,64,531,528,528,300,45,3,0,1,0,1,2573,2573,600,1,all,0.0920766107738018,0,3,300,10.700858116149902,28.67565155029297,0.08486367017030716,0.7066666483879089,600,11.67012882232666,30.67506980895996,0.09928955137729645,0.7166666388511658
741,738,320,180,C2,44,nonblind_diagnostic,A,-0.005,True,False,64,531,528,528,300,45,3,0,1,0,1,2573,2573,91,1,root_band,0.26874348521232605,0,0,38,25.047874450683594,30.4758243560791,0.2674645781517029,1.0,91,25.201343536376953,30.806991577148438,0.2700223922729492,1.0
741,738,320,180,C2,44,nonblind_diagnostic,A,-0.005,True,False,64,531,528,528,300,45,3,0,1,0,1,2573,2573,509,1,outside_root_band,0.06357258558273315,0,3,262,8.619993209838867,21.185239791870117,0.05837956815958023,0.6641221642494202,509,9.250993728637695,29.946918487548828,0.06876560300588608,0.6660118103027344
742,738,320,180,C2,44,nonblind_diagnostic,B,-0.005,True,False,64,531,528,528,300,45,3,0,1,0,1,2573,2573,600,1,all,0.09014951437711716,0,3,300,10.599441528320312,28.379905700683594,0.08312869817018509,0.7066666483879089,600,11.545119285583496,30.191184997558594,0.09717033058404922,0.7166666388511658
742,738,320,180,C2,44,nonblind_diagnostic,B,-0.005,True,False,64,531,528,528,300,45,3,0,1,0,1,2573,2573,91,1,root_band,0.25889164209365845,0,0,38,24.457862854003906,29.993288040161133,0.2576310932636261,1.0,91,24.609128952026367,30.31829071044922,0.2601521909236908,1.0
742,738,320,180,C2,44,nonblind_diagnostic,B,-0.005,True,False,64,531,528,528,300,45,3,0,1,0,1,2573,2573,509,1,outside_root_band,0.06292565912008286,0,3,262,8.589441299438477,20.951501846313477,0.057819195091724396,0.6641221642494202,509,9.20950984954834,29.665225982666016,0.06803212314844131,0.6660118103027344
743,738,320,180,C2,44,nonblind_diagnostic,C,-0.005,True,False,64,531,528,528,300,45,3,0,1,0,1,2573,2573,600,1,all,0.0877959355711937,1,1,300,10.465435981750488,27.993183135986328,0.08094818890094757,0.7066666483879089,600,11.389688491821289,29.697057723999023,0.09464368224143982,0.7166666388511658
743,738,320,180,C2,44,nonblind_diagnostic,C,-0.005,True,False,64,531,528,528,300,45,3,0,1,0,1,2573,2573,91,1,root_band,0.24903756380081177,0,0,38,23.867809295654297,29.51056671142578,0.24779683351516724,1.0,91,24.01669692993164,29.829505920410156,0.2502782940864563,1.0
743,738,320,180,C2,44,nonblind_diagnostic,C,-0.005,True,False,64,531,528,528,300,45,3,0,1,0,1,2573,2573,509,1,outside_root_band,0.06178389489650726,1,1,262,8.52157974243164,20.718069076538086,0.05674877017736435,0.6641221642494202,509,9.132207870483398,29.383588790893555,0.06681901961565018,0.6660118103027344
744,738,320,180,C2,44,nonblind_diagnostic,X,0.005,True,False,64,532,529,529,300,45,3,0,1,0,1,2573,2573,600,1,all,0.08645036816596985,0,0,300,10.444741249084473,27.77629852294922,0.07990796118974686,0.7099999785423279,600,11.291587829589844,29.456491470336914,0.09299277514219284,0.7183333039283752
744,738,320,180,C2,44,nonblind_diagnostic,X,0.005,True,False,64,532,529,529,300,45,3,0,1,0,1,2573,2573,91,1,root_band,0.24134862422943115,0,0,38,23.350643157958984,29.090543746948242,0.239177405834198,1.0,91,23.611186981201172,29.480886459350586,0.2435198426246643,1.0
744,738,320,180,C2,44,nonblind_diagnostic,X,0.005,True,False,64,532,529,529,300,45,3,0,1,0,1,2573,2573,509,1,outside_root_band,0.06144453026354313,0,0,262,8.572891235351562,20.993221282958984,0.056807804852724075,0.6679389476776123,509,9.089065551757812,29.165027618408203,0.06608125567436218,0.667976438999176
745,738,320,180,C2,44,nonblind_diagnostic,Y,0.005,True,False,64,532,529,529,300,45,3,0,1,0,1,2573,2573,600,1,all,0.08224507048726082,0,3,300,10.223396301269531,26.92433738708496,0.07608148455619812,0.7166666388511658,600,11.023456573486328,28.489667892456055,0.08840865641832352,0.7200000286102295
745,738,320,180,C2,44,nonblind_diagnostic,Y,0.005,True,False,64,532,529,529,300,45,3,0,1,0,1,2573,2573,91,1,root_band,0.21878682076931,0,0,38,21.97991180419922,27.956012725830078,0.2163318544626236,1.0,91,22.274507522583008,28.393417358398438,0.2212417870759964,1.0
745,738,320,180,C2,44,nonblind_diagnostic,Y,0.005,True,False,64,532,529,529,300,45,3,0,1,0,1,2573,2573,509,1,outside_root_band,0.060200160369277,0,3,262,8.5182523727417,20.511220932006836,0.05573982372879982,0.6755725145339966,509,9.01197338104248,28.55123519897461,0.06466049700975418,0.6699410676956177
746,738,320,180,C2,44,nonblind_diagnostic,A,0.005,True,False,64,531,528,528,300,45,3,0,1,0,1,2573,2573,600,1,all,0.07969290763139725,1,4,300,10.028682708740234,26.00735092163086,0.07359371334314346,0.7099999785423279,600,10.862558364868164,28.060834884643555,0.08579210191965103,0.721666693687439
746,738,320,180,C2,44,nonblind_diagnostic,A,0.005,True,False,64,531,528,528,300,45,3,0,1,0,1,2573,2573,91,1,root_band,0.209661602973938,0,0,38,21.51100730895996,27.581703186035156,0.20851679146289825,1.0,91,21.64838409423828,27.875709533691406,0.21080641448497772,1.0
746,738,320,180,C2,44,nonblind_diagnostic,A,0.005,True,False,64,531,528,528,300,45,3,0,1,0,1,2573,2573,509,1,outside_root_band,0.05873326025903225,1,4,262,8.363306999206543,19.787389755249023,0.05402471497654915,0.6679389476776123,509,8.934246063232422,28.258136749267578,0.06344180554151535,0.6719056963920593
747,738,320,180,C2,44,nonblind_diagnostic,B,0.005,True,False,64,531,528,528,300,45,3,0,1,0,1,2573,2573,600,1,all,0.0816093347966671,1,3,300,10.129595756530762,26.5145206451416,0.07531852275133133,0.7099999785423279,600,10.98669147491455,28.4761962890625,0.08790014684200287,0.7200000286102295
747,738,320,180,C2,44,nonblind_diagnostic,B,0.005,True,False,64,531,528,528,300,45,3,0,1,0,1,2573,2573,91,1,root_band,0.21950162947177887,0,0,38,22.099851608276367,28.063793182373047,0.21833086013793945,1.0,91,22.240345001220703,28.364017486572266,0.2206723988056183,1.0
747,738,320,180,C2,44,nonblind_diagnostic,B,0.005,True,False,64,531,528,528,300,45,3,0,1,0,1,2573,2573,509,1,outside_root_band,0.05936956778168678,1,3,262,8.393451690673828,20.01958656311035,0.054576270282268524,0.6679389476776123,509,8.974742889404297,28.539398193359375,0.06416286528110504,0.6699410676956177
748,738,320,180,C2,44,nonblind_diagnostic,C,0.005,True,False,64,531,528,528,300,45,3,0,1,0,1,2573,2573,600,1,all,0.0839507132768631,0,1,300,10.263010025024414,27.021697998046875,0.07748617976903915,0.7066666483879089,600,11.141144752502441,28.868215560913086,0.09041524678468704,0.7166666388511658
748,738,320,180,C2,44,nonblind_diagnostic,C,0.005,True,False,64,531,528,528,300,45,3,0,1,0,1,2573,2573,91,1,root_band,0.22934196889400482,0,0,38,22.688756942749023,28.545839309692383,0.22814597189426422,1.0,91,22.832277297973633,28.852325439453125,0.23053796589374542,1.0
748,738,320,180,C2,44,nonblind_diagnostic,C,0.005,True,False,64,531,528,528,300,45,3,0,1,0,1,2573,2573,509,1,outside_root_band,0.060499295592308044,0,1,262,8.460801124572754,20.252071380615234,0.0556347519159317,0.6641221642494202,509,9.050982475280762,28.82066535949707,0.06536383926868439,0.6660118103027344
749,738,320,180,C2,44,nonblind_diagnostic,X,-0.01,True,False,64,531,528,528,300,45,3,0,1,0,1,2573,2573,600,1,all,0.08504503592848778,2,0,300,10.325820922851562,27.23493003845215,0.07848187536001205,0.7066666483879089,600,11.213122367858887,29.077503204345703,0.0916081964969635,0.7183333039283752
749,738,320,180,C2,44,nonblind_diagnostic,X,-0.01,True,False,64,531,528,528,300,45,3,0,1,0,1,2573,2573,91,1,root_band,0.23246855288743973,0,0,38,22.843706130981445,28.745386123657227,0.23072844743728638,1.0,91,23.05251693725586,29.06185531616211,0.23420865833759308,1.0
749,738,320,180,C2,44,nonblind_diagnostic,X,-0.01,True,False,64,531,528,528,300,45,3,0,1,0,1,2573,2573,509,1,outside_root_band,0.06125706247985363,2,0,262,8.51025104522705,20.591032028198242,0.05640031024813652,0.6641221642494202,509,9.096451759338379,28.976642608642578,0.06611381471157074,0.667976438999176
750,738,320,180,C2,44,nonblind_diagnostic,Y,-0.01,True,False,64,531,528,528,300,45,3,0,1,0,1,2573,2573,600,1,all,0.09338781982660294,1,3,300,10.75857925415039,28.95992660522461,0.08598250895738602,0.7066666483879089,600,11.751311302185059,30.982234954833984,0.10079313069581985,0.7166666388511658
750,738,320,180,C2,44,nonblind_diagnostic,Y,-0.01,True,False,64,531,528,528,300,45,3,0,1,0,1,2573,2573,91,1,root_band,0.2772887945175171,0,0,38,25.552318572998047,30.887760162353516,0.27587202191352844,1.0,91,25.722332000732422,31.233800888061523,0.27870556712150574,1.0
750,738,320,180,C2,44,nonblind_diagnostic,Y,-0.01,True,False,64,531,528,528,300,45,3,0,1,0,1,2573,2573,509,1,outside_root_band,0.06371344067156315,1,3,262,8.612921714782715,21.436969757080078,0.05844127759337425,0.6641221642494202,509,9.253543853759766,30.202590942382812,0.06898560374975204,0.6660118103027344
751,738,320,180,C2,44,nonblind_diagnostic,A,-0.01,True,False,64,531,528,528,300,45,3,0,1,0,1,2573,2573,600,1,all,0.09830187261104584,0,4,300,11.038530349731445,30.036314010620117,0.09052951633930206,0.7099999785423279,600,12.075772285461426,31.857616424560547,0.10607422888278961,0.7149999737739563
751,738,320,180,C2,44,nonblind_diagnostic,A,-0.01,True,False,64,531,528,528,300,45,3,0,1,0,1,2573,2573,91,1,root_band,0.2983049750328064,0,0,38,26.817886352539062,31.924564361572266,0.2969648241996765,1.0,91,26.978708267211914,32.27388000488281,0.2996451258659363,1.0
751,738,320,180,C2,44,nonblind_diagnostic,A,-0.01,True,False,64,531,528,528,300,45,3,0,1,0,1,2573,2573,509,1,outside_root_band,0.06602788344025612,0,4,262,8.749920845031738,21.888151168823242,0.06058851629495621,0.6679389476776123,509,9.411396026611328,30.792699813842773,0.07146725058555603,0.664047122001648
752,738,320,180,C2,44,nonblind_diagnostic,B,-0.01,True,False,64,531,528,528,300,45,3,0,1,0,1,2573,2573,600,1,all,0.09443996474146843,0,3,300,10.835260391235352,29.00454330444336,0.08705408871173859,0.7066666483879089,600,11.825675964355469,31.013408660888672,0.10182584077119827,0.7166666388511658
752,738,320,180,C2,44,nonblind_diagnostic,B,-0.01,True,False,64,531,528,528,300,45,3,0,1,0,1,2573,2573,91,1,root_band,0.27860012650489807,0,0,38,25.63813018798828,30.9588680267334,0.27730220556259155,1.0,91,25.793880462646484,31.296159744262695,0.2798980474472046,1.0
752,738,320,180,C2,44,nonblind_diagnostic,B,-0.01,True,False,64,531,528,528,300,45,3,0,1,0,1,2573,2573,509,1,outside_root_band,0.06472530402243137,0,3,262,8.688278198242188,21.4195613861084,0.059460852295160294,0.6641221642494202,509,9.328413009643555,30.229076385498047,0.06998975574970245,0.6660118103027344
753,738,320,180,C2,44,nonblind_diagnostic,C,-0.01,True,False,64,531,528,528,300,45,3,0,1,0,1,2573,2573,600,1,all,0.0897243320941925,1,3,300,10.566910743713379,28.380163192749023,0.0826852023601532,0.7066666483879089,600,11.514747619628906,30.191293716430664,0.09676346182823181,0.7166666388511658
753,738,320,180,C2,44,nonblind_diagnostic,C,-0.01,True,False,64,531,528,528,300,45,3,0,1,0,1,2573,2573,91,1,root_band,0.2588908523321152,0,0,38,24.45781707763672,29.993408203125,0.25763025879859924,1.0,91,24.609085083007812,30.318479537963867,0.2601514458656311,1.0
753,738,320,180,C2,44,nonblind_diagnostic,C,-0.01,True,False,64,531,528,528,300,45,3,0,1,0,1,2573,2573,509,1,outside_root_band,0.062432073056697845,1,3,262,8.552199363708496,20.951791763305664,0.057311490178108215,0.6641221642494202,509,9.173715591430664,29.66550636291504,0.06755265593528748,0.6660118103027344
754,738,320,180,C2,44,nonblind_diagnostic,X,0.01,True,False,64,532,529,529,300,45,3,0,1,0,1,2573,2573,600,1,all,0.0868714228272438,1,0,300,10.464750289916992,27.997272491455078,0.08028177171945572,0.7099999785423279,600,11.317955017089844,29.52832794189453,0.09346107393503189,0.7183333039283752
754,738,320,180,C2,44,nonblind_diagnostic,X,0.01,True,False,64,532,529,529,300,45,3,0,1,0,1,2573,2573,91,1,root_band,0.24476562440395355,0,0,38,23.573331832885742,29.217105865478516,0.24288885295391083,1.0,91,23.798540115356445,29.62122344970703,0.24664239585399628,1.0
754,738,320,180,C2,44,nonblind_diagnostic,X,0.01,True,False,64,532,529,529,300,45,3,0,1,0,1,2573,2573,509,1,outside_root_band,0.061386287212371826,1,0,262,8.563507080078125,20.997459411621094,0.0566975399851799,0.6679389476776123,509,9.086651802062988,29.228004455566406,0.06607503443956375,0.667976438999176
755,738,320,180,C2,44,nonblind_diagnostic,Y,0.01,True,False,64,532,529,529,300,45,3,0,1,0,1,2573,2573,600,1,all,0.07847880944609642,0,4,300,10.023457527160645,26.149580001831055,0.07265686243772507,0.7166666388511658,600,10.781516075134277,27.689233779907227,0.08430075645446777,0.721666693687439
755,738,320,180,C2,44,nonblind_diagnostic,Y,0.01,True,False,64,532,529,529,300,45,3,0,1,0,1,2573,2573,91,1,root_band,0.19969437271356583,0,0,38,20.839181900024414,27.024240493774414,0.19731973111629486,1.0,91,21.1241397857666,27.445772171020508,0.2020690143108368,1.0
755,738,320,180,C2,44,nonblind_diagnostic,Y,0.01,True,False,64,532,529,529,300,45,3,0,1,0,1,2573,2573,509,1,outside_root_band,0.05891095660626888,0,4,262,8.454764366149902,20.023963928222656,0.05457599088549614,0.6755725145339966,509,8.932442665100098,28.00031852722168,0.06324592232704163,0.6719056963920593
756,738,320,180,C2,44,nonblind_diagnostic,A,0.01,True,False,64,532,529,529,300,45,3,0,1,0,1,2573,2573,600,1,all,0.0735987201333046,1,6,300,9.744086265563965,25.192222595214844,0.06811244040727615,0.7166666388511658,600,10.460641860961914,26.80694580078125,0.07908499985933304,0.721666693687439
756,738,320,180,C2,44,nonblind_diagnostic,A,0.01,True,False,64,532,529,529,300,45,3,0,1,0,1,2573,2573,91,1,root_band,0.1786544770002365,0,0,38,19.564279556274414,25.95568084716797,0.17608551681041718,1.0,91,19.872676849365234,26.411100387573242,0.18122343719005585,1.0
756,738,320,180,C2,44,nonblind_diagnostic,A,0.01,True,False,64,532,529,529,300,45,3,0,1,0,1,2573,2573,509,1,outside_root_band,0.05663836747407913,1,6,262,8.319783210754395,19.550491333007812,0.05245223268866539,0.6755725145339966,509,8.777938842773438,27.415077209472656,0.060824502259492874,0.6719056963920593
757,738,320,180,C2,44,nonblind_diagnostic,B,0.01,True,False,64,531,528,528,300,45,3,0,1,0,1,2573,2573,600,1,all,0.07736162096261978,1,4,300,9.89531421661377,25.500459671020508,0.07143563032150269,0.7099999785423279,600,10.70821762084961,27.66339874267578,0.08328761160373688,0.721666693687439
757,738,320,180,C2,44,nonblind_diagnostic,B,0.01,True,False,64,531,528,528,300,45,3,0,1,0,1,2573,2573,91,1,root_band,0.1998252272605896,0,0,38,20.922481536865234,27.100017547607422,0.19870801270008087,1.0,91,21.05654525756836,27.38759994506836,0.20094244182109833,1.0
757,738,320,180,C2,44,nonblind_diagnostic,B,0.01,True,False,64,531,528,528,300,45,3,0,1,0,1,2573,2573,509,1,outside_root_band,0.05761467292904854,1,4,262,8.295953750610352,19.555931091308594,0.05297628045082092,0.6679389476776123,509,8.858124732971191,27.97732162475586,0.062253065407276154,0.6719056963920593
758,738,320,180,C2,44,nonblind_diagnostic,C,0.01,True,False,64,531,528,528,300,45,3,0,1,0,1,2573,2573,600,1,all,0.08203445747494698,0,3,300,10.162096977233887,26.514616012573242,0.0757618397474289,0.7099999785423279,600,11.017045974731445,28.476455688476562,0.08830707520246506,0.7200000286102295
758,738,320,180,C2,44,nonblind_diagnostic,C,0.01,True,False,64,531,528,528,300,45,3,0,1,0,1,2573,2573,91,1,root_band,0.2195022851228714,0,0,38,22.099885940551758,28.06388282775879,0.2183314561843872,1.0,91,22.240385055541992,28.36411476135254,0.2206731140613556,1.0
758,738,320,180,C2,44,nonblind_diagnostic,C,0.01,True,False,64,531,528,528,300,45,3,0,1,0,1,2573,2573,509,1,outside_root_band,0.05986311472952366,0,3,262,8.430662155151367,20.023887634277344,0.055083807557821274,0.6679389476776123,509,9.010517120361328,28.539655685424805,0.06464242190122604,0.6699410676956177
759,738,320,180,C2,44,nonblind_diagnostic,X,-0.02,True,False,64,533,530,530,300,45,3,0,1,0,1,2573,2573,600,1,all,0.08480178937315941,3,0,300,10.373900413513184,27.341705322265625,0.07889911532402039,0.699999988079071,600,11.161499977111816,28.800317764282227,0.09070446342229843,0.7183333039283752
759,738,320,180,C2,44,nonblind_diagnostic,X,-0.02,True,False,64,533,530,530,300,45,3,0,1,0,1,2573,2573,91,1,root_band,0.22553250938653946,1,0,38,22.38045310974121,28.316631317138672,0.22300757467746735,1.0,91,22.68344497680664,28.78433609008789,0.22805744409561157,1.0
759,738,320,180,C2,44,nonblind_diagnostic,X,-0.02,True,False,64,533,530,530,300,45,3,0,1,0,1,2573,2573,509,1,outside_root_band,0.062073057517409325,2,0,262,8.632490158081055,21.115724563598633,0.05799788609147072,0.6564885377883911,509,9.101584434509277,28.851993560791016,0.06614822894334793,0.667976438999176
760,738,320,180,C2,44,nonblind_diagnostic,Y,-0.02,True,False,64,530,527,527,300,45,3,0,1,0,1,2573,2573,600,1,all,0.10142321139574051,1,7,300,11.251946449279785,30.94890022277832,0.09375371038913727,0.7066666483879089,600,12.237483024597168,32.65559387207031,0.10909271240234375,0.7133333086967468
760,738,320,180,C2,44,nonblind_diagnostic,Y,-0.02,True,False,64,530,527,527,300,45,3,0,1,0,1,2573,2573,91,1,root_band,0.31521719694137573,0,0,38,27.80823516845703,32.75121307373047,0.31347060203552246,1.0,91,28.0178279876709,33.12477111816406,0.316963791847229,1.0
760,738,320,180,C2,44,nonblind_diagnostic,Y,-0.02,True,False,64,530,527,527,300,45,3,0,1,0,1,2573,2573,509,1,outside_root_band,0.06690775044262409,1,7,262,8.850652694702148,22.489688873291016,0.06188638135790825,0.6641221642494202,509,9.416241645812988,31.30207061767578,0.07192911952733994,0.6620824933052063
761,738,320,180,C2,44,nonblind_diagnostic,A,-0.02,True,False,64,531,528,528,300,45,3,0,1,0,1,2573,2573,600,1,all,0.11081648990511894,0,9,300,11.71884822845459,32.846317291259766,0.10192409157752991,0.70333331823349,600,12.889942169189453,34.6765251159668,0.11970888823270798,0.7166666388511658
761,738,320,180,C2,44,nonblind_diagnostic,A,-0.02,True,False,64,531,528,528,300,45,3,0,1,0,1,2573,2573,91,1,root_band,0.35747115314006805,0,0,38,30.361223220825195,34.843448638916016,0.35602042078971863,1.0,91,30.535314559936523,35.210060119628906,0.3589218854904175,1.0
761,738,320,180,C2,44,nonblind_diagnostic,A,-0.02,True,False,64,531,528,528,300,45,3,0,1,0,1,2573,2573,509,1,outside_root_band,0.0710061751306057,0,9,262,9.014991760253906,23.2672061920166,0.06507042050361633,0.6603053212165833,509,9.735267639160156,32.486900329589844,0.07694192975759506,0.6660118103027344
762,738,320,180,C2,44,nonblind_diagnostic,B,-0.02,True,False,64,531,528,528,300,45,3,0,1,0,1,2573,2573,600,1,all,0.10306055098772049,0,5,300,11.309239387512207,31.069726943969727,0.0949440747499466,0.7099999785423279,600,12.387351989746094,32.78310775756836,0.11117702722549438,0.7166666388511658
762,738,320,180,C2,44,nonblind_diagnostic,B,-0.02,True,False,64,531,528,528,300,45,3,0,1,0,1,2573,2573,91,1,root_band,0.3180311918258667,0,0,38,27.99899673461914,32.89200973510742,0.3166499435901642,1.0,91,28.164745330810547,33.2534065246582,0.3194124400615692,1.0
762,738,320,180,C2,44,nonblind_diagnostic,B,-0.02,True,False,64,531,528,528,300,45,3,0,1,0,1,2573,2573,509,1,outside_root_band,0.06836826726794243,0,5,262,8.888586044311523,22.35970115661621,0.06278825551271439,0.6679389476776123,509,9.566637992858887,31.358505249023438,0.07394827902317047,0.6660118103027344
763,738,320,180,C2,44,nonblind_diagnostic,C,-0.02,True,False,64,531,528,528,300,45,3,0,1,0,1,2573,2573,600,1,all,0.09358948841691017,1,3,300,10.769804000854492,29.00527000427246,0.08616511523723602,0.7066666483879089,600,11.76501178741455,31.014406204223633,0.10101386159658432,0.7166666388511658
763,738,320,180,C2,44,nonblind_diagnostic,C,-0.02,True,False,64,531,528,528,300,45,3,0,1,0,1,2573,2573,91,1,root_band,0.27860888838768005,0,0,38,25.63865852355957,30.95969009399414,0.27731096744537354,1.0,91,25.794410705566406,31.297000885009766,0.2799068093299866,1.0
763,738,320,180,C2,44,nonblind_diagnostic,C,-0.02,True,False,64,531,528,528,300,45,3,0,1,0,1,2573,2573,509,1,outside_root_band,0.06373634934425354,1,3,262,8.613253593444824,21.420543670654297,0.05844166874885559,0.6641221642494202,509,9.25680923461914,30.230083465576172,0.06903102993965149,0.6660118103027344
764,738,320,180,C2,44,nonblind_diagnostic,X,0.02,True,False,64,531,528,528,300,45,3,0,1,0,1,2573,2573,600,1,all,0.08793492987751961,2,1,300,10.52008056640625,28.138761520385742,0.081459179520607,0.7133333086967468,600,11.371147155761719,29.77173614501953,0.09441068023443222,0.7200000286102295
764,738,320,180,C2,44,nonblind_diagnostic,X,0.02,True,False,64,531,528,528,300,45,3,0,1,0,1,2573,2573,91,1,root_band,0.25129201263189316,1,0,38,23.979480743408203,29.56857681274414,0.2496580332517624,1.0,91,24.175554275512695,29.903343200683594,0.2529259920120239,1.0
764,738,320,180,C2,44,nonblind_diagnostic,X,0.02,True,False,64,531,528,528,300,45,3,0,1,0,1,2573,2573,509,1,outside_root_band,0.06156746670603752,1,1,262,8.567955017089844,21.03497314453125,0.05706392228603363,0.6717557311058044,509,9.081950187683105,29.3548583984375,0.06607101112604141,0.6699410676956177
765,738,320,180,C2,44,nonblind_diagnostic,Y,0.02,True,False,64,532,529,529,300,45,3,0,1,0,1,2573,2573,600,1,all,0.07102681323885918,0,7,300,9.624815940856934,24.242576599121094,0.0658932775259018,0.7166666388511658,600,10.298872947692871,26.148624420166016,0.07616034895181656,0.7233333587646484
765,738,320,180,C2,44,nonblind_diagnostic,Y,0.02,True,False,64,532,529,529,300,45,3,0,1,0,1,2573,2573,91,1,root_band,0.16180109977722168,0,0,38,18.557432174682617,25.16698455810547,0.15962804853916168,1.0,91,18.821399688720703,25.548627853393555,0.16397415101528168,1.0
765,738,320,180,C2,44,nonblind_diagnostic,Y,0.02,True,False,64,532,529,529,300,45,3,0,1,0,1,2573,2573,509,1,outside_root_band,0.056379493325948715,0,7,262,8.329246520996094,19.049531936645508,0.052298154681921005,0.6755725145339966,509,8.775199890136719,26.897558212280273,0.060460831969976425,0.673870325088501
766,738,320,180,C2,44,nonblind_diagnostic,A,0.02,True,False,64,532,529,529,300,45,3,0,1,0,1,2573,2573,600,1,all,0.06184401735663414,1,8,300,9.067737579345703,22.92999839782715,0.05735359340906143,0.7133333086967468,600,9.659056663513184,24.384492874145508,0.06633444130420685,0.721666693687439
766,738,320,180,C2,44,nonblind_diagnostic,A,0.02,True,False,64,532,529,529,300,45,3,0,1,0,1,2573,2573,91,1,root_band,0.12353412434458733,0,0,38,16.015485763549805,23.027223587036133,0.12118137627840042,1.0,91,16.323755264282227,23.48481559753418,0.12588687241077423,1.0
766,738,320,180,C2,44,nonblind_diagnostic,A,0.02,True,False,64,532,529,529,300,45,3,0,1,0,1,2573,2573,509,1,outside_root_band,0.051891835406422615,1,8,262,8.060049057006836,18.1382999420166,0.04809613153338432,0.6717557311058044,509,8.467529296875,25.49184799194336,0.05568753927946091,0.6719056963920593
767,738,320,180,C2,44,nonblind_diagnostic,B,0.02,True,False,64,531,528,528,300,45,3,0,1,0,1,2573,2573,600,1,all,0.06887383759021759,1,6,300,9.417699813842773,24.05306625366211,0.06358273327350616,0.7066666483879089,600,10.153295516967773,26.045860290527344,0.07416494190692902,0.721666693687439
767,738,320,180,C2,44,nonblind_diagnostic,B,0.02,True,False,64,531,528,528,300,45,3,0,1,0,1,2573,2573,91,1,root_band,0.15908760577440262,0,0,38,18.352317810058594,24.96717071533203,0.15631186962127686,1.0,91,18.690174102783203,25.43636703491211,0.16186334192752838,1.0
767,738,320,180,C2,44,nonblind_diagnostic,B,0.02,True,False,64,531,528,528,300,45,3,0,1,0,1,2573,2573,509,1,outside_root_band,0.05430976301431656,1,6,262,8.121840476989746,19.071138381958008,0.05013347044587135,0.6641221642494202,509,8.627057075500488,26.855010986328125,0.058486055582761765,0.6719056963920593
768,738,320,180,C2,44,nonblind_diagnostic,C,0.02,True,False,64,531,528,528,300,45,3,0,1,0,1,2573,2573,600,1,all,0.07821430265903473,0,4,300,9.960768699645996,25.501201629638672,0.07232604175806046,0.7099999785423279,600,10.768975257873535,27.664405822753906,0.084102563560009,0.721666693687439
768,738,320,180,C2,44,nonblind_diagnostic,C,0.02,True,False,64,531,528,528,300,45,3,0,1,0,1,2573,2573,91,1,root_band,0.19983485341072083,0,0,38,20.92305564880371,27.10086441040039,0.1987176388502121,1.0,91,21.0571231842041,27.388437271118164,0.20095206797122955,1.0
768,738,320,180,C2,44,nonblind_diagnostic,C,0.02,True,False,64,531,528,528,300,45,3,0,1,0,1,2573,2573,509,1,outside_root_band,0.05860321410000324,0,4,262,8.370818138122559,19.656007766723633,0.05399444326758385,0.6679389476776123,509,8.929641723632812,27.978328704833984,0.06321198493242264,0.6719056963920593
769,738,320,180,C2,44,nonblind_diagnostic,X,-0.05,True,False,64,532,529,529,300,45,3,0,1,0,1,2573,2573,600,1,all,0.08218234777450562,8,2,300,10.24245548248291,26.62423324584961,0.07629023492336273,0.7099999785423279,600,11.009345054626465,28.166095733642578,0.0880744606256485,0.7149999737739563
769,738,320,180,C2,44,nonblind_diagnostic,X,-0.05,True,False,64,532,529,529,300,45,3,0,1,0,1,2573,2573,91,1,root_band,0.20721160620450974,2,0,38,21.275484085083008,27.480121612548828,0.20459140837192535,1.0,91,21.589908599853516,27.96097755432129,0.20983180403709412,1.0
769,738,320,180,C2,44,nonblind_diagnostic,X,-0.05,True,False,64,532,529,529,300,45,3,0,1,0,1,2573,2573,509,1,outside_root_band,0.06199405714869499,6,2,262,8.642245292663574,21.8299617767334,0.05768166482448578,0.6679389476776123,509,9.117731094360352,28.48210906982422,0.0663064494729042,0.664047122001648
770,738,320,180,C2,44,nonblind_diagnostic,Y,-0.05,True,False,64,530,527,527,300,45,3,0,1,0,1,2573,2573,600,1,all,0.12432374432682991,3,16,300,12.45944595336914,36.28998947143555,0.11447615176439285,0.699999988079071,600,13.704200744628906,37.90428924560547,0.13417133688926697,0.7083333134651184
770,738,320,180,C2,44,nonblind_diagnostic,Y,-0.05,True,False,64,530,527,527,300,45,3,0,1,0,1,2573,2573,91,1,root_band,0.4293211102485657,0,0,38,34.629066467285156,38.32271957397461,0.427151083946228,1.0,91,34.889469146728516,38.784873962402344,0.4314911365509033,1.0
770,738,320,180,C2,44,nonblind_diagnostic,Y,-0.05,True,False,64,530,527,527,300,45,3,0,1,0,1,2573,2573,509,1,outside_root_band,0.07507112994790077,3,16,262,9.24400520324707,25.35755157470703,0.06912633776664734,0.6564885377883911,509,9.916657447814941,34.593727111816406,0.0810159221291542,0.6561886072158813
771,738,320,180,C2,44,nonblind_diagnostic,A,-0.05,True,False,64,530,527,527,300,45,3,0,1,0,1,2573,2573,600,1,all,0.14904799312353134,0,20,300,13.83525276184082,41.90085220336914,0.13702154159545898,0.6966666579246521,600,15.35802936553955,42.903175354003906,0.1610744446516037,0.7083333134651184
771,738,320,180,C2,44,nonblind_diagnostic,A,-0.05,True,False,64,530,527,527,300,45,3,0,1,0,1,2573,2573,91,1,root_band,0.5352358520030975,0,0,38,41.01029968261719,43.61920166015625,0.5335049629211426,1.0,91,41.2180061340332,43.96494674682617,0.5369667410850525,1.0
771,738,320,180,C2,44,nonblind_diagnostic,A,-0.05,True,False,64,530,527,527,300,45,3,0,1,0,1,2573,2573,509,1,outside_root_band,0.08669400215148926,0,20,262,9.893835067749023,27.472185134887695,0.07951630651950836,0.652671754360199,509,10.734734535217285,37.590023040771484,0.09387169778347015,0.6561886072158813
772,738,320,180,C2,44,nonblind_diagnostic,B,-0.05,True,False,64,532,529,529,300,45,3,0,1,0,1,2573,2573,600,1,all,0.12938259541988373,0,15,300,12.808324813842773,36.80405044555664,0.11924153566360474,0.699999988079071,600,14.086524963378906,38.26417922973633,0.13952365517616272,0.7099999785423279
772,738,320,180,C2,44,nonblind_diagnostic,B,-0.05,True,False,64,532,529,529,300,45,3,0,1,0,1,2573,2573,91,1,root_band,0.43682338297367096,0,0,38,35.13296890258789,38.705177307128906,0.4355495274066925,1.0,91,35.285831451416016,39.13690948486328,0.4380972385406494,1.0
772,738,320,180,C2,44,nonblind_diagnostic,B,-0.05,True,False,64,532,529,529,300,45,3,0,1,0,1,2573,2573,509,1,outside_root_band,0.07975445315241814,0,15,262,9.570399284362793,25.136743545532227,0.07336480170488358,0.6564885377883911,509,10.296473503112793,34.760284423828125,0.0861441045999527,0.658153235912323
773,738,320,180,C2,44,nonblind_diagnostic,C,-0.05,True,False,64,530,527,527,300,45,3,0,1,0,1,2573,2573,600,1,all,0.10577204078435898,1,7,300,11.480374336242676,32.07844543457031,0.09769285470247269,0.70333331823349,600,12.517748832702637,33.7010612487793,0.11385122686624527,0.7133333086967468
773,738,320,180,C2,44,nonblind_diagnostic,C,-0.05,True,False,64,530,527,527,300,45,3,0,1,0,1,2573,2573,91,1,root_band,0.33770856261253357,0,0,38,29.170700073242188,33.8717041015625,0.33617839217185974,1.0,91,29.354320526123047,34.23829650878906,0.3392387330532074,1.0
773,738,320,180,C2,44,nonblind_diagnostic,C,-0.05,True,False,64,530,527,527,300,45,3,0,1,0,1,2573,2573,509,1,outside_root_band,0.06832969188690186,1,7,262,8.91460132598877,22.938936233520508,0.06310336291790009,0.6603053212165833,509,9.507672309875488,31.93075180053711,0.07355602085590363,0.6620824933052063
774,738,320,180,C2,44,nonblind_diagnostic,X,0.05,True,False,64,530,527,527,300,45,3,0,1,0,1,2573,2573,600,1,all,0.09021467342972755,7,1,300,10.580042839050293,28.845138549804688,0.0830758586525917,0.7066666483879089,600,11.533823013305664,30.505599975585938,0.0973534882068634,0.7200000286102295
774,738,320,180,C2,44,nonblind_diagnostic,X,0.05,True,False,64,530,527,527,300,45,3,0,1,0,1,2573,2573,91,1,root_band,0.27171215415000916,3,0,39,25.28375816345215,30.61494255065918,0.2713959515094757,1.0,91,25.321701049804688,30.758811950683594,0.2720283567905426,1.0
774,738,320,180,C2,44,nonblind_diagnostic,X,0.05,True,False,64,530,527,527,300,45,3,0,1,0,1,2573,2573,509,1,outside_root_band,0.06053042970597744,4,1,261,8.3829345703125,20.150997161865234,0.05493606999516487,0.6628352403640747,509,9.06879997253418,29.739471435546875,0.06612478941679001,0.6699410676956177
775,738,320,180,C2,44,nonblind_diagnostic,Y,0.05,True,False,64,533,530,530,300,45,3,0,1,0,1,2573,2573,600,1,all,0.052704159170389175,2,14,300,8.486717224121094,19.510562896728516,0.050015632063150406,0.7066666483879089,600,8.858597755432129,21.286422729492188,0.055392686277627945,0.721666693687439
775,738,320,180,C2,44,nonblind_diagnostic,Y,0.05,True,False,64,533,530,530,300,45,3,0,1,0,1,2573,2573,91,1,root_band,0.0705130510032177,1,0,38,11.74406623840332,19.53034210205078,0.069342240691185,1.0,91,11.90009880065918,19.84632110595703,0.0716838613152504,1.0
775,738,320,180,C2,44,nonblind_diagnostic,Y,0.05,True,False,64,533,530,530,300,45,3,0,1,0,1,2573,2573,509,1,outside_root_band,0.049846332520246506,1,14,262,8.014277458190918,19.23002815246582,0.047212544828653336,0.6641221642494202,509,8.314831733703613,22.94092559814453,0.052480120211839676,0.6719056963920593
776,738,320,180,C2,44,nonblind_diagnostic,A,0.05,True,False,64,531,528,528,300,45,3,0,1,0,1,2573,2573,600,1,all,0.03676086477935314,1,58,300,7.153351783752441,16.031604766845703,0.03440312296152115,0.6600000262260437,600,7.406913757324219,16.895153045654297,0.039118606597185135,0.6583333611488342
776,738,320,180,C2,44,nonblind_diagnostic,A,0.05,True,False,64,531,528,528,300,45,3,0,1,0,1,2573,2573,91,1,root_band,0.026939645409584045,0,37,38,6.424951076507568,14.293190002441406,0.025894535705447197,0.6052631735801697,91,6.464600086212158,14.728065490722656,0.027984755113720894,0.593406617641449
776,738,320,180,C2,44,nonblind_diagnostic,A,0.05,True,False,64,531,528,528,300,45,3,0,1,0,1,2573,2573,509,1,outside_root_band,0.03837316855788231,1,21,262,7.258998870849609,16.398710250854492,0.03563719242811203,0.6679389476776123,509,7.57538366317749,19.015310287475586,0.04110914468765259,0.6699410676956177
777,738,320,180,C2,44,nonblind_diagnostic,B,0.05,True,False,64,531,528,528,300,45,3,0,1,0,1,2573,2573,600,1,all,0.04740131460130215,1,14,300,8.026259422302246,19.059690475463867,0.04397568479180336,0.7166666388511658,600,8.501874923706055,21.060579299926758,0.050826944410800934,0.721666693687439
777,738,320,180,C2,44,nonblind_diagnostic,B,0.05,True,False,64,531,528,528,300,45,3,0,1,0,1,2573,2573,91,1,root_band,0.06680066883563995,0,0,38,11.293802261352539,19.14216423034668,0.06485813856124878,1.0,91,11.600910186767578,19.59572982788086,0.06874319911003113,1.0
777,738,320,180,C2,44,nonblind_diagnostic,B,0.05,True,False,64,531,528,528,300,45,3,0,1,0,1,2573,2573,509,1,outside_root_band,0.04428538493812084,1,14,262,7.552340984344482,16.353668212890625,0.040946926921606064,0.6755725145339966,509,7.947823524475098,22.773651123046875,0.04762384295463562,0.6719056963920593
778,738,320,180,C2,44,nonblind_diagnostic,C,0.05,True,False,64,532,529,529,300,45,3,0,1,0,1,2573,2573,600,1,all,0.06703433953225613,0,8,300,9.397777557373047,23.570816040039062,0.06224217638373375,0.7166666388511658,600,10.028285026550293,25.124990463256836,0.0718265026807785,0.721666693687439
778,738,320,180,C2,44,nonblind_diagnostic,C,0.05,True,False,64,532,529,529,300,45,3,0,1,0,1,2573,2573,91,1,root_band,0.14096414297819138,0,0,38,17.201580047607422,24.009658813476562,0.13849903643131256,1.0,91,17.511125564575195,24.466947555541992,0.1434292495250702,1.0
778,738,320,180,C2,44,nonblind_diagnostic,C,0.05,True,False,64,532,529,529,300,45,3,0,1,0,1,2573,2573,509,1,outside_root_band,0.05510362423956394,0,8,262,8.265928268432617,18.638683319091797,0.05118202045559883,0.6755725145339966,509,8.690488815307617,26.262943267822266,0.05902522802352905,0.6719056963920593
779,779,320,180,C2,45,nonblind_diagnostic,baseline,0.0,False,False,64,420,417,417,300,40,3,0,1,0,1,2002,2002,600,1,all,0.08816782012581825,0,0,300,10.126404762268066,28.266387939453125,0.07975023984909058,0.7099999785423279,600,11.294133186340332,29.95147132873535,0.09658540040254593,0.721666693687439
779,779,320,180,C2,45,nonblind_diagnostic,baseline,0.0,False,False,64,420,417,417,300,40,3,0,1,0,1,2002,2002,113,1,root_band,0.2178875282406807,0,0,46,21.895700454711914,27.99660301208496,0.21492835879325867,1.0,113,22.25080108642578,28.325782775878906,0.22084669768810272,1.0
779,779,320,180,C2,45,nonblind_diagnostic,baseline,0.0,False,False,64,420,417,417,300,40,3,0,1,0,1,2002,2002,487,1,outside_root_band,0.06151093915104866,0,0,254,7.994958400726318,29.531570434570312,0.05526917427778244,0.6574802994728088,487,8.751826286315918,31.32927131652832,0.06775270402431488,0.6570841670036316
780,779,320,180,C2,45,nonblind_diagnostic,X,-0.005,True,False,64,420,417,417,300,40,3,0,1,0,1,2002,2002,600,1,all,0.08738712593913078,2,0,300,10.081595420837402,28.195518493652344,0.0790165364742279,0.7099999785423279,600,11.243430137634277,29.81968879699707,0.09575771540403366,0.721666693687439
780,779,320,180,C2,45,nonblind_diagnostic,X,-0.005,True,False,64,420,417,417,300,40,3,0,1,0,1,2002,2002,113,1,root_band,0.21432822197675705,1,0,46,21.66489028930664,27.818492889404297,0.21108150482177734,1.0,113,22.054494857788086,28.177711486816406,0.21757493913173676,1.0
780,779,320,180,C2,45,nonblind_diagnostic,X,-0.005,True,False,64,420,417,417,300,40,3,0,1,0,1,2002,2002,487,1,outside_root_band,0.061295678839087486,1,0,254,7.9838337898254395,29.48409080505371,0.0550992451608181,0.6574802994728088,487,8.734906196594238,31.20425033569336,0.06749211251735687,0.6570841670036316
781,779,320,180,C2,45,nonblind_diagnostic,Y,-0.005,True,False,64,420,417,417,300,40,3,0,1,0,1,2002,2002,600,1,all,0.09299725294113159,0,1,300,10.38603401184082,29.101810455322266,0.08411679416894913,0.7099999785423279,600,11.60890007019043,30.756811141967773,0.10187771171331406,0.7233333587646484
781,779,320,180,C2,45,nonblind_diagnostic,Y,-0.005,True,False,64,420,417,417,300,40,3,0,1,0,1,2002,2002,113,1,root_band,0.23662272840738297,0,0,46,23.017578125,28.907451629638672,0.2336263209581375,1.0,113,23.377145767211914,29.252513885498047,0.23961913585662842,1.0
781,779,320,180,C2,45,nonblind_diagnostic,Y,-0.005,True,False,64,420,417,417,300,40,3,0,1,0,1,2002,2002,487,1,outside_root_band,0.06347871199250221,0,1,254,8.098430633544922,30.09836196899414,0.0570402592420578,0.6574802994728088,487,8.878280639648438,32.1483154296875,0.06991716474294662,0.6591376066207886
782,779,320,180,C2,45,nonblind_diagnostic,A,-0.005,True,False,64,420,417,417,300,40,3,0,1,0,1,2002,2002,600,1,all,0.09564941003918648,0,2,300,10.529740333557129,29.59820556640625,0.08651898801326752,0.7099999785423279,600,11.782602310180664,31.241731643676758,0.10477983206510544,0.721666693687439
782,779,320,180,C2,45,nonblind_diagnostic,A,-0.005,True,False,64,420,417,417,300,40,3,0,1,0,1,2002,2002,113,1,root_band,0.24700243771076202,0,0,46,23.64263343811035,29.424631118774414,0.24404388666152954,1.0,113,23.997657775878906,29.764911651611328,0.2499609887599945,1.0
782,779,320,180,C2,45,nonblind_diagnostic,A,-0.005,True,False,64,420,417,417,300,40,3,0,1,0,1,2002,2002,487,1,outside_root_band,0.06454193405807018,0,2,254,8.154962539672852,30.398025512695312,0.05799085274338722,0.6574802994728088,487,8.948307037353516,32.57339096069336,0.07109301537275314,0.6570841670036316
783,779,320,180,C2,45,nonblind_diagnostic,B,-0.005,True,False,64,420,417,417,300,40,3,0,1,0,1,2002,2002,600,1,all,0.09315302595496178,0,1,300,10.395169258117676,29.135086059570312,0.08426062017679214,0.7099999785423279,600,11.619684219360352,30.78835105895996,0.10204543173313141,0.7233333587646484
783,779,320,180,C2,45,nonblind_diagnostic,B,-0.005,True,False,64,420,417,417,300,40,3,0,1,0,1,2002,2002,113,1,root_band,0.23729633539915085,0,0,46,23.060182571411133,28.94857406616211,0.23433639109134674,1.0,113,23.415376663208008,29.28520393371582,0.24025627970695496,1.0
783,779,320,180,C2,45,nonblind_diagnostic,B,-0.005,True,False,64,420,417,417,300,40,3,0,1,0,1,2002,2002,487,1,outside_root_band,0.06352876499295235,0,1,254,8.101506233215332,30.109119415283203,0.057081542909145355,0.6574802994728088,487,8.882696151733398,32.1786003112793,0.06997598707675934,0.6591376066207886
784,779,320,180,C2,45,nonblind_diagnostic,C,-0.005,False,False,64,420,417,417,300,40,3,0,1,0,1,2002,2002,600,1,all,0.09065890312194824,0,0,300,10.260708808898926,28.659687042236328,0.08200400322675705,0.7099999785423279,600,11.456780433654785,30.334901809692383,0.09931380301713943,0.721666693687439
784,779,320,180,C2,45,nonblind_diagnostic,C,-0.005,False,False,64,420,417,417,300,40,3,0,1,0,1,2002,2002,113,1,root_band,0.2275901585817337,0,0,46,22.477792739868164,28.4725284576416,0.22462989389896393,1.0,113,22.833023071289062,28.80542755126953,0.23055042326450348,1.0
784,779,320,180,C2,45,nonblind_diagnostic,C,-0.005,False,False,64,420,417,417,300,40,3,0,1,0,1,2002,2002,487,1,outside_root_band,0.06251835078001022,0,0,254,8.048165321350098,29.820335388183594,0.05617411434650421,0.6574802994728088,487,8.817118644714355,31.7539005279541,0.06886258721351624,0.6570841670036316
785,779,320,180,C2,45,nonblind_diagnostic,X,0.005,False,False,64,420,417,417,300,40,3,0,1,0,1,2002,2002,600,1,all,0.0889412984251976,0,0,300,10.16981315612793,28.35008430480957,0.08046690374612808,0.7133333086967468,600,11.344989776611328,30.067703247070312,0.09741569310426712,0.721666693687439
785,779,320,180,C2,45,nonblind_diagnostic,X,0.005,False,False,64,420,417,417,300,40,3,0,1,0,1,2002,2002,113,1,root_band,0.22139546275138855,0,0,46,22.119815826416016,28.198505401611328,0.21866360306739807,1.0,113,22.4476375579834,28.47426414489746,0.22412732243537903,1.0
785,779,320,180,C2,45,nonblind_diagnostic,X,0.005,False,False,64,420,417,417,300,40,3,0,1,0,1,2002,2002,487,1,outside_root_band,0.06172679550945759,0,0,254,8.005640029907227,29.58817481994629,0.05543915554881096,0.6614173054695129,487,8.76881217956543,31.460472106933594,0.06801443547010422,0.6570841670036316
786,779,320,180,C2,45,nonblind_diagnostic,Y,0.005,False,False,64,420,417,417,300,40,3,0,1,0,1,2002,2002,600,1,all,0.08335017785429955,0,0,300,9.867575645446777,27.69017791748047,0.07539750635623932,0.7133333086967468,600,10.97994613647461,29.198043823242188,0.09130284935235977,0.721666693687439
786,779,320,180,C2,45,nonblind_diagnostic,Y,0.005,False,False,64,420,417,417,300,40,3,0,1,0,1,2002,2002,113,1,root_band,0.19915872067213058,0,0,46,20.774951934814453,27.087343215942383,0.19625262916088104,1.0,113,21.123798370361328,27.398433685302734,0.20206481218338013,1.0
786,779,320,180,C2,45,nonblind_diagnostic,Y,0.005,False,False,64,420,417,417,300,40,3,0,1,0,1,2002,2002,487,1,outside_root_band,0.059556396678090096,0,0,254,7.892223358154297,28.964881896972656,0.053510356694459915,0.6614173054695129,487,8.626238822937012,30.595991134643555,0.06560243666172028,0.6570841670036316
787,779,320,180,C2,45,nonblind_diagnostic,A,0.005,True,False,64,420,417,417,300,40,3,0,1,0,1,2002,2002,600,1,all,0.08072194829583168,0,1,300,9.724762916564941,27.207687377929688,0.07301631569862366,0.7200000286102295,600,10.807502746582031,28.844449996948242,0.0884275808930397,0.7233333587646484
787,779,320,180,C2,45,nonblind_diagnostic,A,0.005,True,False,64,420,417,417,300,40,3,0,1,0,1,2002,2002,113,1,root_band,0.18882395327091217,0,0,46,20.150617599487305,26.569725036621094,0.18587961792945862,1.0,113,20.50472068786621,26.88749885559082,0.19176828861236572,1.0
787,779,320,180,C2,45,nonblind_diagnostic,A,0.005,True,False,64,420,417,417,300,40,3,0,1,0,1,2002,2002,487,1,outside_root_band,0.05851282365620136,0,1,254,7.836616516113281,28.631031036376953,0.05257650837302208,0.6692913174629211,487,8.557428359985352,30.18328857421875,0.06444913893938065,0.6591376066207886
788,779,320,180,C2,45,nonblind_diagnostic,B,0.005,False,False,64,420,417,417,300,40,3,0,1,0,1,2002,2002,600,1,all,0.083197932690382,0,0,300,9.858464241027832,27.651329040527344,0.07525459676980972,0.7166666388511658,600,10.969499588012695,29.182485580444336,0.09114126861095428,0.721666693687439
788,779,320,180,C2,45,nonblind_diagnostic,B,0.005,False,False,64,420,417,417,300,40,3,0,1,0,1,2002,2002,113,1,root_band,0.19849427044391632,0,0,46,20.732175827026367,27.045337677001953,0.1955403834581375,1.0,113,21.08677101135254,27.366954803466797,0.20144815742969513,1.0
788,779,320,180,C2,45,nonblind_diagnostic,B,0.005,False,False,64,420,417,417,300,40,3,0,1,0,1,2002,2002,487,1,outside_root_band,0.05950850434601307,0,0,254,7.8892083168029785,28.954771041870117,0.05347055569291115,0.665354311466217,487,8.62195873260498,30.572532653808594,0.06554645299911499,0.6570841670036316
789,779,320,180,C2,45,nonblind_diagnostic,C,0.005,False,False,64,420,417,417,300,40,3,0,1,0,1,2002,2002,600,1,all,0.0856807716190815,0,0,300,9.99233341217041,27.970598220825195,0.07750024646520615,0.7099999785423279,600,11.13171672821045,29.513856887817383,0.09386129677295685,0.721666693687439
789,779,320,180,C2,45,nonblind_diagnostic,C,0.005,False,False,64,420,417,417,300,40,3,0,1,0,1,2002,2002,113,1,root_band,0.20818815380334854,0,0,46,21.3138370513916,27.52089500427246,0.20523065328598022,1.0,113,21.668739318847656,27.8463191986084,0.21114565432071686,1.0
789,779,320,180,C2,45,nonblind_diagnostic,C,0.005,False,False,64,420,417,417,300,40,3,0,1,0,1,2002,2002,487,1,outside_root_band,0.060507720336318016,0,0,254,7.941982746124268,29.24307632446289,0.054367970675230026,0.6574802994728088,487,8.686783790588379,30.949329376220703,0.066647469997406,0.6570841670036316
790,779,320,180,C2,45,nonblind_diagnostic,X,-0.01,True,False,64,420,417,417,300,40,3,0,1,0,1,2002,2002,600,1,all,0.08661447837948799,2,0,300,10.037351608276367,28.13484764099121,0.0782959833741188,0.7099999785423279,600,11.192899703979492,29.68549346923828,0.09493297338485718,0.721666693687439
790,779,320,180,C2,45,nonblind_diagnostic,X,-0.01,True,False,64,420,417,417,300,40,3,0,1,0,1,2002,2002,113,1,root_band,0.21076082438230515,1,0,46,21.43234634399414,27.664587020874023,0.20720577239990234,1.0,113,21.858951568603516,28.029985427856445,0.21431587636470795,1.0
790,779,320,180,C2,45,nonblind_diagnostic,X,-0.01,True,False,64,420,417,417,300,40,3,0,1,0,1,2002,2002,487,1,outside_root_band,0.061091167852282524,1,0,254,7.973690986633301,29.445831298828125,0.05495011433959007,0.6574802994728088,487,8.718026161193848,31.107410430908203,0.06723222136497498,0.6570841670036316
791,779,320,180,C2,45,nonblind_diagnostic,Y,-0.01,True,False,64,420,417,417,300,40,3,0,1,0,1,2002,2002,600,1,all,0.09783434495329857,1,3,300,10.646036148071289,29.99944496154785,0.08848965913057327,0.7099999785423279,600,11.923788070678711,31.57632064819336,0.10717903077602386,0.7200000286102295
791,779,320,180,C2,45,nonblind_diagnostic,Y,-0.01,True,False,64,420,417,417,300,40,3,0,1,0,1,2002,2002,113,1,root_band,0.2553402781486511,0,0,46,24.137874603271484,29.819847106933594,0.25229790806770325,1.0,113,24.502958297729492,30.178770065307617,0.258382648229599,1.0
791,779,320,180,C2,45,nonblind_diagnostic,Y,-0.01,True,False,64,420,417,417,300,40,3,0,1,0,1,2002,2002,487,1,outside_root_band,0.0654592216014862,1,3,254,8.202631950378418,30.6653995513916,0.0588236078619957,0.6574802994728088,487,9.005006790161133,32.87985610961914,0.07209483534097672,0.6550307869911194
792,779,320,180,C2,45,nonblind_diagnostic,A,-0.01,True,False,64,420,417,417,300,40,3,0,1,0,1,2002,2002,600,1,all,0.10315539315342903,0,6,300,10.934475898742676,30.907684326171875,0.09330976754426956,0.7133333086967468,600,12.271551132202148,32.223243713378906,0.1130010187625885,0.721666693687439
792,779,320,180,C2,45,nonblind_diagnostic,A,-0.01,True,False,64,420,417,417,300,40,3,0,1,0,1,2002,2002,113,1,root_band,0.276129812002182,0,0,46,25.39073371887207,30.85356330871582,0.27317893505096436,1.0,113,25.744842529296875,31.186233520507812,0.27908068895339966,1.0
792,779,320,180,C2,45,nonblind_diagnostic,A,-0.01,True,False,64,420,417,417,300,40,3,0,1,0,1,2002,2002,487,1,outside_root_band,0.0676000528037548,0,6,254,8.316412925720215,31.265501022338867,0.06073503941297531,0.6614173054695129,487,9.145303726196289,33.5819206237793,0.0744650661945343,0.6570841670036316
793,779,320,180,C2,45,nonblind_diagnostic,B,-0.01,True,False,64,420,417,417,300,40,3,0,1,0,1,2002,2002,600,1,all,0.09814967587590218,0,3,300,10.664521217346191,30.05591583251953,0.08878079056739807,0.7099999785423279,600,11.945610046386719,31.61125373840332,0.10751856118440628,0.7200000286102295
793,779,320,180,C2,45,nonblind_diagnostic,B,-0.01,True,False,64,420,417,417,300,40,3,0,1,0,1,2002,2002,113,1,root_band,0.25671276450157166,0,0,46,24.22541046142578,29.901094436645508,0.25375688076019287,1.0,113,24.58011817932129,30.245071411132812,0.25966864824295044,1.0
793,779,320,180,C2,45,nonblind_diagnostic,B,-0.01,True,False,64,420,417,417,300,40,3,0,1,0,1,2002,2002,487,1,outside_root_band,0.06555899232625961,0,3,254,8.208610534667969,30.687379837036133,0.058903224766254425,0.6574802994728088,487,9.01399040222168,32.912933349609375,0.0722147598862648,0.6550307869911194
794,779,320,180,C2,45,nonblind_diagnostic,C,-0.01,True,False,64,420,417,417,300,40,3,0,1,0,1,2002,2002,600,1,all,0.09315384924411774,0,1,300,10.395212173461914,29.135272979736328,0.08426136523485184,0.7099999785423279,600,11.619735717773438,30.788543701171875,0.10204633325338364,0.7233333587646484
794,779,320,180,C2,45,nonblind_diagnostic,C,-0.01,True,False,64,420,417,417,300,40,3,0,1,0,1,2002,2002,113,1,root_band,0.23729707300662994,0,0,46,23.060226440429688,28.94875717163086,0.23433710634708405,1.0,113,23.41541862487793,29.285396575927734,0.24025703966617584,1.0
794,779,320,180,C2,45,nonblind_diagnostic,C,-0.01,True,False,64,420,417,417,300,40,3,0,1,0,1,2002,2002,487,1,outside_root_band,0.06352960877120495,0,1,254,8.10154914855957,30.10939598083496,0.05708229914307594,0.6574802994728088,487,8.882749557495117,32.1788330078125,0.06997691839933395,0.6591376066207886
795,779,320,180,C2,45,nonblind_diagnostic,X,0.01,True,False,64,421,418,418,300,40,3,0,1,0,1,2002,2002,600,1,all,0.08977686613798141,0,0,300,10.193785667419434,28.7816219329834,0.08130626380443573,0.7099999785423279,600,11.3959379196167,30.16238021850586,0.0982474684715271,0.721666693687439
795,779,320,180,C2,45,nonblind_diagnostic,X,0.01,True,False,64,421,418,418,300,40,3,0,1,0,1,2002,2002,113,1,root_band,0.2247646227478981,0,0,47,22.327133178710938,28.417648315429688,0.22211889922618866,1.0,113,22.64461898803711,28.62311553955078,0.22741034626960754,1.0
795,779,320,180,C2,45,nonblind_diagnostic,X,0.01,True,False,64,421,418,418,300,40,3,0,1,0,1,2002,2002,487,1,outside_root_band,0.06171241216361523,0,0,253,7.939764976501465,29.722665786743164,0.05514739081263542,0.6561264991760254,487,8.78587532043457,31.592050552368164,0.06827743351459503,0.6570841670036316
796,779,320,180,C2,45,nonblind_diagnostic,Y,0.01,True,False,64,420,417,417,300,40,3,0,1,0,1,2002,2002,600,1,all,0.07855959236621857,0,2,300,9.60952377319336,26.857023239135742,0.07107416540384293,0.7200000286102295,600,10.666422843933105,28.473644256591797,0.08604501932859421,0.721666693687439
796,779,320,180,C2,45,nonblind_diagnostic,Y,0.01,True,False,64,420,417,417,300,40,3,0,1,0,1,2002,2002,113,1,root_band,0.18052095919847488,0,0,46,19.654926300048828,26.179964065551758,0.17769448459148407,1.0,113,19.99615478515625,26.47063636779785,0.1833474338054657,1.0
796,779,320,180,C2,45,nonblind_diagnostic,Y,0.01,True,False,64,420,417,417,300,40,3,0,1,0,1,2002,2002,487,1,outside_root_band,0.057616325095295906,0,2,254,7.790278434753418,28.30902671813965,0.05176498368382454,0.6692913174629211,487,8.501618385314941,29.81300926208496,0.06346766650676727,0.6570841670036316
797,779,320,180,C2,45,nonblind_diagnostic,A,0.01,True,False,64,420,417,417,300,40,3,0,1,0,1,2002,2002,600,1,all,0.07339802011847496,0,5,300,9.324228286743164,25.947629928588867,0.06640581786632538,0.7200000286102295,600,10.3226900100708,27.60216522216797,0.08039022237062454,0.7233333587646484
797,779,320,180,C2,45,nonblind_diagnostic,A,0.01,True,False,64,420,417,417,300,40,3,0,1,0,1,2002,2002,113,1,root_band,0.1603042259812355,0,0,46,18.40744400024414,25.14385414123535,0.15744556486606598,1.0,113,18.75908851623535,25.44994354248047,0.16316288709640503,1.0
797,779,320,180,C2,45,nonblind_diagnostic,A,0.01,True,False,64,420,417,417,300,40,3,0,1,0,1,2002,2002,487,1,outside_root_band,0.05555127374827862,0,5,254,7.679237365722656,27.447635650634766,0.04991829767823219,0.6692913174629211,487,8.365168571472168,28.9156494140625,0.06118424981832504,0.6591376066207886
798,779,320,180,C2,45,nonblind_diagnostic,B,0.01,True,False,64,420,417,417,300,40,3,0,1,0,1,2002,2002,600,1,all,0.0782601349055767,0,2,300,9.591090202331543,26.764551162719727,0.070792555809021,0.7200000286102295,600,10.645758628845215,28.417856216430664,0.08572771400213242,0.721666693687439
798,779,320,180,C2,45,nonblind_diagnostic,B,0.01,True,False,64,420,417,417,300,40,3,0,1,0,1,2002,2002,113,1,root_band,0.17921224981546402,0,0,46,19.569561004638672,26.094566345214844,0.17628681659698486,1.0,113,19.922945022583008,26.40850257873535,0.18213768303394318,1.0
798,779,320,180,C2,45,nonblind_diagnostic,B,0.01,True,False,64,420,417,417,300,40,3,0,1,0,1,2002,2002,487,1,outside_root_band,0.05752236396074295,0,2,254,7.783966541290283,28.23667335510254,0.051687292754650116,0.6692913174629211,487,8.493146896362305,29.755184173583984,0.06335743516683578,0.6570841670036316
799,779,320,180,C2,45,nonblind_diagnostic,C,0.01,False,False,64,420,417,417,300,40,3,0,1,0,1,2002,2002,600,1,all,0.08319864049553871,0,0,300,9.858499526977539,27.651472091674805,0.07525523751974106,0.7166666388511658,600,10.969542503356934,29.182716369628906,0.09114204347133636,0.721666693687439
799,779,320,180,C2,45,nonblind_diagnostic,C,0.01,False,False,64,420,417,417,300,40,3,0,1,0,1,2002,2002,113,1,root_band,0.19849517196416855,0,0,46,20.73222541809082,27.04547882080078,0.19554126262664795,1.0,113,21.08683204650879,27.36709213256836,0.20144908130168915,1.0
799,779,320,180,C2,45,nonblind_diagnostic,C,0.01,False,False,64,420,417,417,300,40,3,0,1,0,1,2002,2002,487,1,outside_root_band,0.059509171172976494,0,0,254,7.889242649078369,28.9549617767334,0.0534711517393589,0.665354311466217,487,8.622000694274902,30.572736740112305,0.06554719060659409,0.6570841670036316
800,779,320,180,C2,45,nonblind_diagnostic,X,-0.02,True,False,64,420,417,417,300,40,3,0,1,0,1,2002,2002,600,1,all,0.08526611328125,3,0,300,9.97294807434082,27.90074920654297,0.07723827660083771,0.7099999785423279,600,11.092480659484863,29.484575271606445,0.09329394996166229,0.721666693687439
800,779,320,180,C2,45,nonblind_diagnostic,X,-0.02,True,False,64,420,417,417,300,40,3,0,1,0,1,2002,2002,113,1,root_band,0.2048540711402893,2,0,46,21.11221694946289,27.377227783203125,0.20187091827392578,1.0,113,21.470216751098633,27.735889434814453,0.20783722400665283,1.0
800,779,320,180,C2,45,nonblind_diagnostic,X,-0.02,True,False,64,420,417,417,300,40,3,0,1,0,1,2002,2002,487,1,outside_root_band,0.060691576451063156,1,0,254,7.9555983543396,29.226049423217773,0.05466700345277786,0.6574802994728088,487,8.684502601623535,30.893760681152344,0.06671614944934845,0.6570841670036316
801,779,320,180,C2,45,nonblind_diagnostic,Y,-0.02,True,False,64,420,417,417,300,40,3,0,1,0,1,2002,2002,600,1,all,0.10752730816602707,1,8,300,11.166789054870605,31.733352661132812,0.09725061058998108,0.70333331823349,600,12.553939819335938,32.971900939941406,0.11780400574207306,0.7183333039283752
801,779,320,180,C2,45,nonblind_diagnostic,Y,-0.02,True,False,64,420,417,417,300,40,3,0,1,0,1,2002,2002,113,1,root_band,0.2927207499742508,0,0,46,26.373842239379883,31.648591995239258,0.2895640730857849,1.0,113,26.752643585205078,31.989498138427734,0.2958774268627167,1.0
801,779,320,180,C2,45,nonblind_diagnostic,Y,-0.02,True,False,64,420,417,417,300,40,3,0,1,0,1,2002,2002,487,1,outside_root_band,0.06945366226136684,1,8,254,8.412755012512207,31.799760818481445,0.06242219731211662,0.6496062874794006,487,9.259374618530273,34.27898025512695,0.07648512721061707,0.6529774069786072
802,779,320,180,C2,45,nonblind_diagnostic,A,-0.02,True,False,64,420,417,417,300,40,3,0,1,0,1,2002,2002,600,1,all,0.11823984980583191,1,10,300,11.747697830200195,33.69777297973633,0.10695664584636688,0.70333331823349,600,13.254220962524414,34.88765335083008,0.12952305376529694,0.7149999737739563
802,779,320,180,C2,45,nonblind_diagnostic,A,-0.02,True,False,64,420,417,417,300,40,3,0,1,0,1,2002,2002,113,1,root_band,0.3343849331140518,0,0,46,28.88530731201172,33.714237213134766,0.33142179250717163,1.0,113,29.24088478088379,33.996826171875,0.337348073720932,1.0
802,779,320,180,C2,45,nonblind_diagnostic,A,-0.02,True,False,64,420,417,417,300,40,3,0,1,0,1,2002,2002,487,1,outside_root_band,0.07380315288901329,1,10,254,8.644037246704102,33.00373077392578,0.06630547344684601,0.6496062874794006,487,9.544790267944336,35.953861236572266,0.08130083233118057,0.6488706469535828
803,779,320,180,C2,45,nonblind_diagnostic,B,-0.02,True,False,64,420,417,417,300,40,3,0,1,0,1,2002,2002,600,1,all,0.10817835479974747,0,8,300,11.205309867858887,31.855266571044922,0.0978536605834961,0.7133333086967468,600,12.598783493041992,33.07419967651367,0.11850304901599884,0.7183333039283752
803,779,320,180,C2,45,nonblind_diagnostic,B,-0.02,True,False,64,420,417,417,300,40,3,0,1,0,1,2002,2002,113,1,root_band,0.29555483162403107,0,0,46,26.55586051940918,31.807836532592773,0.2925976812839508,1.0,113,26.910715103149414,32.123931884765625,0.29851198196411133,1.0
803,779,320,180,C2,45,nonblind_diagnostic,B,-0.02,True,False,64,420,417,417,300,40,3,0,1,0,1,2002,2002,487,1,outside_root_band,0.06966006383299828,0,8,254,8.425288200378418,31.845806121826172,0.06258504837751389,0.6614173054695129,487,9.277942657470703,34.40718078613281,0.07673507928848267,0.6529774069786072
804,779,320,180,C2,45,nonblind_diagnostic,C,-0.02,True,False,64,420,417,417,300,40,3,0,1,0,1,2002,2002,600,1,all,0.09815371409058571,0,3,300,10.664729118347168,30.056730270385742,0.08878444135189056,0.7099999785423279,600,11.945860862731934,31.612260818481445,0.10752298682928085,0.7200000286102295
804,779,320,180,C2,45,nonblind_diagnostic,C,-0.02,True,False,64,420,417,417,300,40,3,0,1,0,1,2002,2002,113,1,root_band,0.25672096014022827,0,0,46,24.22589683532715,29.901878356933594,0.2537650167942047,1.0,113,24.580612182617188,30.245820999145508,0.25967690348625183,1.0
804,779,320,180,C2,45,nonblind_diagnostic,C,-0.02,True,False,64,420,417,417,300,40,3,0,1,0,1,2002,2002,487,1,outside_root_band,0.06556217558681965,0,3,254,8.208768844604492,30.68842124938965,0.05890606716275215,0.6574802994728088,487,9.01418399810791,32.913963317871094,0.07221828401088715,0.6550307869911194
805,779,320,180,C2,45,nonblind_diagnostic,X,0.02,True,False,64,421,418,418,300,40,3,0,1,0,1,2002,2002,600,1,all,0.0913337953388691,3,0,300,10.279237747192383,28.877025604248047,0.082746721804142,0.7133333086967468,600,11.498425483703613,30.44483184814453,0.09992086887359619,0.721666693687439
805,779,320,180,C2,45,nonblind_diagnostic,X,0.02,True,False,64,421,418,418,300,40,3,0,1,0,1,2002,2002,113,1,root_band,0.23193538188934326,1,0,47,22.791114807128906,28.835111618041992,0.22985193133354187,1.0,113,23.041128158569336,28.922191619873047,0.23401883244514465,1.0
805,779,320,180,C2,45,nonblind_diagnostic,X,0.02,True,False,64,421,418,418,300,40,3,0,1,0,1,2002,2002,487,1,outside_root_band,0.06211231276392937,2,0,253,7.954897403717041,29.826576232910156,0.05541888624429703,0.6600790619850159,487,8.820138931274414,31.856374740600586,0.0688057392835617,0.6570841670036316
806,779,320,180,C2,45,nonblind_diagnostic,Y,0.02,True,False,64,420,417,417,300,40,3,0,1,0,1,2002,2002,600,1,all,0.06924793869256973,0,7,300,9.095940589904785,25.345043182373047,0.06269171088933945,0.7200000286102295,600,10.04116153717041,27.05760383605957,0.07580416649580002,0.7266666889190674
806,779,320,180,C2,45,nonblind_diagnostic,Y,0.02,True,False,64,420,417,417,300,40,3,0,1,0,1,2002,2002,113,1,root_band,0.14460910111665726,0,0,46,17.415632247924805,24.3714656829834,0.14205507934093475,1.0,113,17.739072799682617,24.613449096679688,0.14716312289237976,1.0
806,779,320,180,C2,45,nonblind_diagnostic,Y,0.02,True,False,64,420,417,417,300,40,3,0,1,0,1,2002,2002,487,1,outside_root_band,0.05378267727792263,0,7,254,7.5892252922058105,26.809194564819336,0.04831881448626518,0.6692913174629211,487,8.254993438720703,28.285499572753906,0.05924654006958008,0.663244366645813
807,779,320,180,C2,45,nonblind_diagnostic,A,0.02,True,False,64,420,417,417,300,40,3,0,1,0,1,2002,2002,600,1,all,0.059845663607120514,0,11,300,8.530346870422363,23.5645694732666,0.054210975766181946,0.7200000286102295,600,9.357396125793457,25.366052627563477,0.06548035144805908,0.7266666889190674
807,779,320,180,C2,45,nonblind_diagnostic,A,0.02,True,False,64,420,417,417,300,40,3,0,1,0,1,2002,2002,113,1,root_band,0.10913902148604393,0,0,46,14.926338195800781,22.295562744140625,0.10667215287685394,1.0,113,15.269883155822754,22.57717514038086,0.11160589009523392,1.0
807,779,320,180,C2,45,nonblind_diagnostic,A,0.02,True,False,64,420,417,417,300,40,3,0,1,0,1,2002,2002,487,1,outside_root_band,0.04974391870200634,0,11,254,7.372017860412598,24.918338775634766,0.044710129499435425,0.6692913174629211,487,7.985504627227783,26.72209930419922,0.054777707904577255,0.663244366645813
808,779,320,180,C2,45,nonblind_diagnostic,B,0.02,True,False,64,420,417,417,300,40,3,0,1,0,1,2002,2002,600,1,all,0.0686951894313097,0,7,300,9.059002876281738,25.340179443359375,0.06216901168227196,0.7200000286102295,600,10.000993728637695,27.00930404663086,0.07522136718034744,0.7266666889190674
808,779,320,180,C2,45,nonblind_diagnostic,B,0.02,True,False,64,420,417,417,300,40,3,0,1,0,1,2002,2002,113,1,root_band,0.14222359657287598,0,0,46,17.2464656829834,24.19500160217285,0.13946501910686493,1.0,113,17.596515655517578,24.493122100830078,0.14498217403888702,1.0
808,779,320,180,C2,45,nonblind_diagnostic,B,0.02,True,False,64,420,417,417,300,40,3,0,1,0,1,2002,2002,487,1,outside_root_band,0.05360255017876625,0,7,254,7.576235294342041,26.666650772094727,0.048170529305934906,0.6692913174629211,487,8.2385835647583,28.19672203063965,0.059034571051597595,0.663244366645813
809,779,320,180,C2,45,nonblind_diagnostic,C,0.02,True,False,64,420,417,417,300,40,3,0,1,0,1,2002,2002,600,1,all,0.07826429232954979,0,2,300,9.591301918029785,26.765443801879883,0.07079634070396423,0.7200000286102295,600,10.646007537841797,28.41884422302246,0.08573224395513535,0.721666693687439
809,779,320,180,C2,45,nonblind_diagnostic,C,0.02,True,False,64,420,417,417,300,40,3,0,1,0,1,2002,2002,113,1,root_band,0.1792212799191475,0,0,46,19.570104598999023,26.095436096191406,0.17629586160182953,1.0,113,19.923484802246094,26.40934181213379,0.18214669823646545,1.0
809,779,320,180,C2,45,nonblind_diagnostic,C,0.02,True,False,64,420,417,417,300,40,3,0,1,0,1,2002,2002,487,1,outside_root_band,0.057525524869561195,0,2,254,7.784117221832275,28.23765754699707,0.051690127700567245,0.6692913174629211,487,8.493327140808105,29.756168365478516,0.06336092203855515,0.6570841670036316
810,779,320,180,C2,45,nonblind_diagnostic,X,-0.05,True,False,64,420,417,417,300,40,3,0,1,0,1,2002,2002,600,1,all,0.08103727176785469,5,0,300,9.755390167236328,27.637998580932617,0.0736156702041626,0.7133333086967468,600,10.795214653015137,28.841812133789062,0.08845887333154678,0.721666693687439
810,779,320,180,C2,45,nonblind_diagnostic,X,-0.05,True,False,64,420,417,417,300,40,3,0,1,0,1,2002,2002,113,1,root_band,0.18422725051641464,2,0,45,19.777193069458008,26.089736938476562,0.17974089086055756,1.0,113,20.317811965942383,26.862911224365234,0.18871361017227173,1.0
810,779,320,180,C2,45,nonblind_diagnostic,X,-0.05,True,False,64,420,417,417,300,40,3,0,1,0,1,2002,2002,487,1,outside_root_band,0.060042090713977814,3,0,255,7.986837863922119,28.78743553161621,0.05488769710063934,0.6627451181411743,487,8.585658073425293,30.16316032409668,0.06519648432731628,0.6570841670036316
811,779,320,180,C2,45,nonblind_diagnostic,Y,-0.05,True,False,64,420,417,417,300,40,3,0,1,0,1,2002,2002,600,1,all,0.13680372014641762,3,20,300,12.742524147033691,36.5769157409668,0.12376696616411209,0.70333331823349,600,14.454239845275879,37.83476257324219,0.14984047412872314,0.7083333134651184
811,779,320,180,C2,45,nonblind_diagnostic,Y,-0.05,True,False,64,420,417,417,300,40,3,0,1,0,1,2002,2002,113,1,root_band,0.40480196475982666,1,0,46,33.0897216796875,37.15974807739258,0.40149539709091187,1.0,113,33.48651123046875,37.40153121948242,0.40810853242874146,1.0
811,779,320,180,C2,45,nonblind_diagnostic,Y,-0.05,True,False,64,420,417,417,300,40,3,0,1,0,1,2002,2002,487,1,outside_root_band,0.08169173821806908,2,20,254,9.057599067687988,35.2058219909668,0.07346969097852707,0.6496062874794006,487,10.038127899169922,38.829307556152344,0.08991378545761108,0.6406570672988892
812,779,320,180,C2,45,nonblind_diagnostic,A,-0.05,True,False,64,420,417,417,300,40,3,0,1,0,1,2002,2002,600,1,all,0.16401023417711258,2,26,300,14.212292671203613,41.341861724853516,0.14838284254074097,0.699999988079071,600,16.23680877685547,42.65943145751953,0.1796376258134842,0.7049999833106995
812,779,320,180,C2,45,nonblind_diagnostic,A,-0.05,True,False,64,420,417,417,300,40,3,0,1,0,1,2002,2002,113,1,root_band,0.5094202756881714,0,0,46,39.39009475708008,42.31761932373047,0.5065016746520996,1.0,113,39.74032974243164,42.605865478515625,0.5123388767242432,1.0
812,779,320,180,C2,45,nonblind_diagnostic,A,-0.05,True,False,64,420,417,417,300,40,3,0,1,0,1,2002,2002,487,1,outside_root_band,0.09298334270715714,2,26,254,9.652532577514648,38.24357223510742,0.08352667838335037,0.6456692814826965,487,10.783219337463379,43.03623962402344,0.1024400070309639,0.6365503072738647
813,779,320,180,C2,45,nonblind_diagnostic,B,-0.05,True,False,64,420,417,417,300,40,3,0,1,0,1,2002,2002,600,1,all,0.13853469491004944,1,19,300,12.840605735778809,36.88321304321289,0.12532378733158112,0.699999988079071,600,14.574950218200684,38.19917678833008,0.15174560248851776,0.7066666483879089
813,779,320,180,C2,45,nonblind_diagnostic,B,-0.05,True,False,64,420,417,417,300,40,3,0,1,0,1,2002,2002,113,1,root_band,0.4122204929590225,0,0,46,33.55619812011719,37.54148483276367,0.4092699885368347,1.0,113,33.91025924682617,37.76852798461914,0.4151709973812103,1.0
813,779,320,180,C2,45,nonblind_diagnostic,B,-0.05,True,False,64,420,417,417,300,40,3,0,1,0,1,2002,2002,487,1,outside_root_band,0.08226136118173599,1,19,254,9.088964462280273,35.336944580078125,0.07390046864748001,0.6456692814826965,487,10.088523864746094,39.14607238769531,0.09062225371599197,0.638603687286377
814,779,320,180,C2,45,nonblind_diagnostic,C,-0.05,True,False,64,420,417,417,300,40,3,0,1,0,1,2002,2002,600,1,all,0.11323846131563187,0,9,300,11.478057861328125,32.744842529296875,0.10243160277605057,0.70333331823349,600,12.928351402282715,33.99314880371094,0.12404531985521317,0.7166666388511658
814,779,320,180,C2,45,nonblind_diagnostic,C,-0.05,True,False,64,420,417,417,300,40,3,0,1,0,1,2002,2002,113,1,root_band,0.3150392323732376,0,0,46,27.724567413330078,32.76756286621094,0.3120761513710022,1.0,113,28.080141067504883,33.06718444824219,0.318002313375473,1.0
814,779,320,180,C2,45,nonblind_diagnostic,C,-0.05,True,False,64,420,417,417,300,40,3,0,1,0,1,2002,2002,487,1,outside_root_band,0.07175270095467567,0,9,254,8.535776138305664,32.43276596069336,0.06446447968482971,0.6496062874794006,487,9.412639617919922,35.239036560058594,0.07904092222452164,0.650924026966095
815,779,320,180,C2,45,nonblind_diagnostic,X,0.05,True,False,64,422,419,419,300,40,3,0,1,0,1,2002,2002,600,1,all,0.09612789005041122,8,0,300,10.566081047058105,29.776578903198242,0.0872405394911766,0.7099999785423279,600,11.81031322479248,31.166664123535156,0.10501524060964584,0.721666693687439
815,779,320,180,C2,45,nonblind_diagnostic,X,0.05,True,False,64,422,419,419,300,40,3,0,1,0,1,2002,2002,113,1,root_band,0.25227245688438416,3,0,47,24.025470733642578,29.6778564453125,0.2504245340824127,1.0,113,24.247220993041992,29.829242706298828,0.2541203796863556,1.0
815,779,320,180,C2,45,nonblind_diagnostic,X,0.05,True,False,64,422,419,419,300,40,3,0,1,0,1,2002,2002,487,1,outside_root_band,0.06367184035480022,5,0,253,8.065720558166504,29.733644485473633,0.05692572519183159,0.6561264991760254,487,8.924540519714355,32.449222564697266,0.07041795551776886,0.6570841670036316
816,779,320,180,C2,45,nonblind_diagnostic,Y,0.05,True,False,64,421,418,418,300,40,3,0,1,0,1,2002,2002,600,1,all,0.045789504423737526,0,25,300,7.527655124664307,20.894287109375,0.04160722345113754,0.7066666483879089,600,8.170768737792969,22.805858612060547,0.04997178539633751,0.7200000286102295
816,779,320,180,C2,45,nonblind_diagnostic,Y,0.05,True,False,64,421,418,418,300,40,3,0,1,0,1,2002,2002,113,1,root_band,0.06158468313515186,0,4,47,10.726229667663574,19.012510299682617,0.060384754091501236,0.957446813583374,113,10.953277587890625,19.031713485717773,0.06278461217880249,0.9646017551422119
816,779,320,180,C2,45,nonblind_diagnostic,Y,0.05,True,False,64,421,418,418,300,40,3,0,1,0,1,2002,2002,487,1,outside_root_band,0.04255884699523449,0,21,253,6.93345308303833,22.59455680847168,0.038118910044431686,0.6600790619850159,487,7.525135517120361,23.860187530517578,0.04699878394603729,0.663244366645813
817,779,320,180,C2,45,nonblind_diagnostic,A,0.05,True,False,64,421,418,418,300,40,3,0,1,0,1,2002,2002,600,1,all,0.03136225324124098,0,70,300,6.387463092803955,17.016845703125,0.02860310859978199,0.653333306312561,600,6.770445346832275,19.122114181518555,0.034121397882699966,0.6583333611488342
817,779,320,180,C2,45,nonblind_diagnostic,A,0.05,True,False,64,421,418,418,300,40,3,0,1,0,1,2002,2002,113,1,root_band,0.022830460220575333,0,42,47,6.217470645904541,13.757152557373047,0.022269248962402344,0.6170212626457214,113,6.29593563079834,13.990188598632812,0.02339167147874832,0.6283186078071594
817,779,320,180,C2,45,nonblind_diagnostic,A,0.05,True,False,64,421,418,418,300,40,3,0,1,0,1,2002,2002,487,1,outside_root_band,0.03319540061056614,0,28,253,6.419044017791748,18.58896255493164,0.02977975457906723,0.6600790619850159,487,6.880548477172852,19.982873916625977,0.03661104664206505,0.6652977466583252
818,779,320,180,C2,45,nonblind_diagnostic,B,0.05,True,False,64,420,417,417,300,40,3,0,1,0,1,2002,2002,600,1,all,0.04494127631187439,0,24,300,7.484314441680908,20.58918571472168,0.040838807821273804,0.70333331823349,600,8.07904052734375,22.7137451171875,0.049043744802474976,0.721666693687439
818,779,320,180,C2,45,nonblind_diagnostic,B,0.05,True,False,64,420,417,417,300,40,3,0,1,0,1,2002,2002,113,1,root_band,0.058184944093227386,0,5,46,10.320561408996582,18.507883071899414,0.056481122970581055,0.9347826242446899,113,10.626415252685547,18.761051177978516,0.05988876521587372,0.9557521939277649
818,779,320,180,C2,45,nonblind_diagnostic,B,0.05,True,False,64,420,417,417,300,40,3,0,1,0,1,2002,2002,487,1,outside_root_band,0.04226664453744888,0,19,254,6.970663547515869,22.332794189453125,0.03800594434142113,0.6614173054695129,487,7.487967014312744,23.689956665039062,0.04652734473347664,0.6673511266708374
819,779,320,180,C2,45,nonblind_diagnostic,C,0.05,True,False,64,420,417,417,300,40,3,0,1,0,1,2002,2002,600,1,all,0.0641988217830658,0,11,300,8.795883178710938,24.47258949279785,0.05812302976846695,0.7166666388511658,600,9.680858612060547,26.224241256713867,0.07027461379766464,0.7266666889190674
819,779,320,180,C2,45,nonblind_diagnostic,C,0.05,True,False,64,420,417,417,300,40,3,0,1,0,1,2002,2002,113,1,root_band,0.1251918151974678,0,0,46,16.08988380432129,23.251585006713867,0.12256455421447754,1.0,113,16.437313079833984,23.541460037231445,0.12781907618045807,1.0
819,779,320,180,C2,45,nonblind_diagnostic,C,0.05,True,False,64,420,417,417,300,40,3,0,1,0,1,2002,2002,487,1,outside_root_band,0.051687464118003845,0,11,254,7.474922180175781,25.791053771972656,0.046452514827251434,0.665354311466217,487,8.113140106201172,27.49639892578125,0.056922413408756256,0.663244366645813
820,820,320,180,C3,42,fit,baseline,0.0,False,False,64,121,118,118,118,5,3,0,0,0,1,622,622,600,1,all,0.0006522117473650724,0,0,118,2.8538801670074463,4.589550495147705,0.00048372556921094656,0.508474588394165,600,3.034227132797241,4.889878273010254,0.0008206979255191982,0.5566666722297668
820,820,320,180,C3,42,fit,baseline,0.0,False,False,64,121,118,118,118,5,3,0,0,0,1,622,622,0,1,root_band,,0,0,0,,,,,0,,,,
820,820,320,180,C3,42,fit,baseline,0.0,False,False,64,121,118,118,118,5,3,0,0,0,1,622,622,600,1,outside_root_band,0.0006522117473650724,0,0,118,2.8538801670074463,4.589550495147705,0.00048372556921094656,0.508474588394165,600,3.034227132797241,4.889878273010254,0.0008206979255191982,0.5566666722297668
821,820,320,180,C3,42,fit,X,-0.005,False,False,64,121,118,118,118,5,3,0,0,0,1,622,622,600,1,all,0.0006524209020426497,0,0,118,2.8540399074554443,4.589550495147705,0.0004839125613216311,0.508474588394165,600,3.0344066619873047,4.889878273010254,0.0008209292427636683,0.5566666722297668
821,820,320,180,C3,42,fit,X,-0.005,False,False,64,121,118,118,118,5,3,0,0,0,1,622,622,0,1,root_band,,0,0,0,,,,,0,,,,
821,820,320,180,C3,42,fit,X,-0.005,False,False,64,121,118,118,118,5,3,0,0,0,1,622,622,600,1,outside_root_band,0.0006524209020426497,0,0,118,2.8540399074554443,4.589550495147705,0.0004839125613216311,0.508474588394165,600,3.0344066619873047,4.889878273010254,0.0008209292427636683,0.5566666722297668
822,820,320,180,C3,42,fit,Y,-0.005,False,False,64,121,118,118,118,5,3,0,0,0,1,622,622,600,1,all,0.0006519323505926877,0,0,118,2.8536670207977295,4.589550495147705,0.000483476382214576,0.508474588394165,600,3.0339860916137695,4.889878273010254,0.0008203883189707994,0.5566666722297668
822,820,320,180,C3,42,fit,Y,-0.005,False,False,64,121,118,118,118,5,3,0,0,0,1,622,622,0,1,root_band,,0,0,0,,,,,0,,,,
822,820,320,180,C3,42,fit,Y,-0.005,False,False,64,121,118,118,118,5,3,0,0,0,1,622,622,600,1,outside_root_band,0.0006519323505926877,0,0,118,2.8536670207977295,4.589550495147705,0.000483476382214576,0.508474588394165,600,3.0339860916137695,4.889878273010254,0.0008203883189707994,0.5566666722297668
823,820,320,180,C3,42,fit,A,-0.005,False,False,64,121,118,118,118,5,3,0,0,0,1,622,622,600,1,all,0.0006523400079458952,0,0,118,2.8539764881134033,4.589550495147705,0.0004838384338654578,0.508474588394165,600,3.0343379974365234,4.889878273010254,0.0008208415820263326,0.5566666722297668
823,820,320,180,C3,42,fit,A,-0.005,False,False,64,121,118,118,118,5,3,0,0,0,1,622,622,0,1,root_band,,0,0,0,,,,,0,,,,
823,820,320,180,C3,42,fit,A,-0.005,False,False,64,121,118,118,118,5,3,0,0,0,1,622,622,600,1,outside_root_band,0.0006523400079458952,0,0,118,2.8539764881134033,4.589550495147705,0.0004838384338654578,0.508474588394165,600,3.0343379974365234,4.889878273010254,0.0008208415820263326,0.5566666722297668
824,820,320,180,C3,42,fit,B,-0.005,False,False,64,121,118,118,118,5,3,0,0,0,1,622,622,600,1,all,0.0006524717027787119,0,0,118,2.854078531265259,4.589550495147705,0.00048395805060863495,0.508474588394165,600,3.034449577331543,4.889878273010254,0.0008209853549487889,0.5566666722297668
824,820,320,180,C3,42,fit,B,-0.005,False,False,64,121,118,118,118,5,3,0,0,0,1,622,622,0,1,root_band,,0,0,0,,,,,0,,,,
824,820,320,180,C3,42,fit,B,-0.005,False,False,64,121,118,118,118,5,3,0,0,0,1,622,622,600,1,outside_root_band,0.0006524717027787119,0,0,118,2.854078531265259,4.589550495147705,0.00048395805060863495,0.508474588394165,600,3.034449577331543,4.889878273010254,0.0008209853549487889,0.5566666722297668
825,820,320,180,C3,42,fit,C,-0.005,False,False,64,121,118,118,118,5,3,0,0,0,1,622,622,600,1,all,0.0006520901370095089,0,0,118,2.8537838459014893,4.589550495147705,0.0004836144798900932,0.508474588394165,600,3.034123420715332,4.889878273010254,0.0008205657941289246,0.5566666722297668
825,820,320,180,C3,42,fit,C,-0.005,False,False,64,121,118,118,118,5,3,0,0,0,1,622,622,0,1,root_band,,0,0,0,,,,,0,,,,
825,820,320,180,C3,42,fit,C,-0.005,False,False,64,121,118,118,118,5,3,0,0,0,1,622,622,600,1,outside_root_band,0.0006520901370095089,0,0,118,2.8537838459014893,4.589550495147705,0.0004836144798900932,0.508474588394165,600,3.034123420715332,4.889878273010254,0.0008205657941289246,0.5566666722297668
826,820,320,180,C3,42,fit,X,0.005,False,False,64,121,118,118,118,5,3,0,0,0,1,622,622,600,1,all,0.0006520025053760037,0,0,118,2.853719472885132,4.589550495147705,0.0004835387517232448,0.508474588394165,600,3.0340464115142822,4.889878273010254,0.0008204662590287626,0.5566666722297668
826,820,320,180,C3,42,fit,X,0.005,False,False,64,121,118,118,118,5,3,0,0,0,1,622,622,0,1,root_band,,0,0,0,,,,,0,,,,
826,820,320,180,C3,42,fit,X,0.005,False,False,64,121,118,118,118,5,3,0,0,0,1,622,622,600,1,outside_root_band,0.0006520025053760037,0,0,118,2.853719472885132,4.589550495147705,0.0004835387517232448,0.508474588394165,600,3.0340464115142822,4.889878273010254,0.0008204662590287626,0.5566666722297668
827,820,320,180,C3,42,fit,Y,0.005,True,True,64,121,118,118,118,5,3,0,0,0,1,622,622,600,1,all,0.0006525107310153544,0,0,118,2.8541083335876465,4.589550495147705,0.00048399210209026933,0.508474588394165,600,3.0344834327697754,4.889878273010254,0.0008210293599404395,0.5566666722297668
827,820,320,180,C3,42,fit,Y,0.005,True,True,64,121,118,118,118,5,3,0,0,0,1,622,622,0,1,root_band,,0,0,0,,,,,0,,,,
827,820,320,180,C3,42,fit,Y,0.005,True,True,64,121,118,118,118,5,3,0,0,0,1,622,622,600,1,outside_root_band,0.0006525107310153544,0,0,118,2.8541083335876465,4.589550495147705,0.00048399210209026933,0.508474588394165,600,3.0344834327697754,4.889878273010254,0.0008210293599404395,0.5566666722297668
828,820,320,180,C3,42,fit,A,0.005,True,True,64,121,118,118,118,5,3,0,0,0,1,622,622,600,1,all,0.0006520901370095089,0,0,118,2.8537838459014893,4.589550495147705,0.0004836144798900932,0.508474588394165,600,3.034123420715332,4.889878273010254,0.0008205657941289246,0.5566666722297668
828,820,320,180,C3,42,fit,A,0.005,True,True,64,121,118,118,118,5,3,0,0,0,1,622,622,0,1,root_band,,0,0,0,,,,,0,,,,
828,820,320,180,C3,42,fit,A,0.005,True,True,64,121,118,118,118,5,3,0,0,0,1,622,622,600,1,outside_root_band,0.0006520901370095089,0,0,118,2.8537838459014893,4.589550495147705,0.0004836144798900932,0.508474588394165,600,3.034123420715332,4.889878273010254,0.0008205657941289246,0.5566666722297668
829,820,320,180,C3,42,fit,B,0.005,True,True,64,121,118,118,118,5,3,0,0,0,1,622,622,600,1,all,0.0006519516609841958,0,0,118,2.8536808490753174,4.589550495147705,0.00048349236021749675,0.508474588394165,600,3.034003257751465,4.889878273010254,0.0008204109617508948,0.5566666722297668
829,820,320,180,C3,42,fit,B,0.005,True,True,64,121,118,118,118,5,3,0,0,0,1,622,622,0,1,root_band,,0,0,0,,,,,0,,,,
829,820,320,180,C3,42,fit,B,0.005,True,True,64,121,118,118,118,5,3,0,0,0,1,622,622,600,1,outside_root_band,0.0006519516609841958,0,0,118,2.8536808490753174,4.589550495147705,0.00048349236021749675,0.508474588394165,600,3.034003257751465,4.889878273010254,0.0008204109617508948,0.5566666722297668
830,820,320,180,C3,42,fit,C,0.005,False,False,64,121,118,118,118,5,3,0,0,0,1,622,622,600,1,all,0.0006523400079458952,0,0,118,2.8539764881134033,4.589550495147705,0.0004838384338654578,0.508474588394165,600,3.0343379974365234,4.889878273010254,0.0008208415820263326,0.5566666722297668
830,820,320,180,C3,42,fit,C,0.005,False,False,64,121,118,118,118,5,3,0,0,0,1,622,622,0,1,root_band,,0,0,0,,,,,0,,,,
830,820,320,180,C3,42,fit,C,0.005,False,False,64,121,118,118,118,5,3,0,0,0,1,622,622,600,1,outside_root_band,0.0006523400079458952,0,0,118,2.8539764881134033,4.589550495147705,0.0004838384338654578,0.508474588394165,600,3.0343379974365234,4.889878273010254,0.0008208415820263326,0.5566666722297668
831,820,320,180,C3,42,fit,X,-0.01,False,False,64,121,118,118,118,5,3,0,0,0,1,622,622,600,1,all,0.000652648537652567,0,0,118,2.85421085357666,4.589550495147705,0.000484112068079412,0.508474588394165,600,3.034604072570801,4.889878273010254,0.0008211850072257221,0.5566666722297668
831,820,320,180,C3,42,fit,X,-0.01,False,False,64,121,118,118,118,5,3,0,0,0,1,622,622,0,1,root_band,,0,0,0,,,,,0,,,,
831,820,320,180,C3,42,fit,X,-0.01,False,False,64,121,118,118,118,5,3,0,0,0,1,622,622,600,1,outside_root_band,0.000652648537652567,0,0,118,2.85421085357666,4.589550495147705,0.000484112068079412,0.508474588394165,600,3.034604072570801,4.889878273010254,0.0008211850072257221,0.5566666722297668
832,820,320,180,C3,42,fit,Y,-0.01,False,False,64,121,118,118,118,5,3,0,0,0,1,622,622,600,1,all,0.0006516346038552001,0,0,118,2.8534390926361084,4.589550495147705,0.0004832108097616583,0.508474588394165,600,3.0337281227111816,4.889878273010254,0.0008200583979487419,0.5566666722297668
832,820,320,180,C3,42,fit,Y,-0.01,False,False,64,121,118,118,118,5,3,0,0,0,1,622,622,0,1,root_band,,0,0,0,,,,,0,,,,
832,820,320,180,C3,42,fit,Y,-0.01,False,False,64,121,118,118,118,5,3,0,0,0,1,622,622,600,1,outside_root_band,0.0006516346038552001,0,0,118,2.8534390926361084,4.589550495147705,0.0004832108097616583,0.508474588394165,600,3.0337281227111816,4.889878273010254,0.0008200583979487419,0.5566666722297668
833,820,320,180,C3,42,fit,A,-0.01,False,False,64,121,118,118,118,5,3,0,0,0,1,622,622,600,1,all,0.0006524811906274408,0,0,118,2.854085683822632,4.589550495147705,0.0004839664907194674,0.508474588394165,600,3.0344581604003906,4.889878273010254,0.0008209958905354142,0.5566666722297668
833,820,320,180,C3,42,fit,A,-0.01,False,False,64,121,118,118,118,5,3,0,0,0,1,622,622,0,1,root_band,,0,0,0,,,,,0,,,,
833,820,320,180,C3,42,fit,A,-0.01,False,False,64,121,118,118,118,5,3,0,0,0,1,622,622,600,1,outside_root_band,0.0006524811906274408,0,0,118,2.854085683822632,4.589550495147705,0.0004839664907194674,0.508474588394165,600,3.0344581604003906,4.889878273010254,0.0008209958905354142,0.5566666722297668
834,820,320,180,C3,42,fit,B,-0.01,False,False,64,121,118,118,118,5,3,0,0,0,1,622,622,600,1,all,0.0006527413497678936,0,0,118,2.85428524017334,4.589550495147705,0.00048419844824820757,0.508474588394165,600,3.034681558609009,4.889878273010254,0.0008212842512875795,0.5566666722297668
834,820,320,180,C3,42,fit,B,-0.01,False,False,64,121,118,118,118,5,3,0,0,0,1,622,622,0,1,root_band,,0,0,0,,,,,0,,,,
834,820,320,180,C3,42,fit,B,-0.01,False,False,64,121,118,118,118,5,3,0,0,0,1,622,622,600,1,outside_root_band,0.0006527413497678936,0,0,118,2.85428524017334,4.589550495147705,0.00048419844824820757,0.508474588394165,600,3.034681558609009,4.889878273010254,0.0008212842512875795,0.5566666722297668
835,820,320,180,C3,42,fit,C,-0.01,False,False,64,121,118,118,118,5,3,0,0,0,1,622,622,600,1,all,0.0006519415910588577,0,0,118,2.853672981262207,4.589550495147705,0.00048348374548368156,0.508474588394165,600,3.0339949131011963,4.889878273010254,0.0008203994366340339,0.5566666722297668
835,820,320,180,C3,42,fit,C,-0.01,False,False,64,121,118,118,118,5,3,0,0,0,1,622,622,0,1,root_band,,0,0,0,,,,,0,,,,
835,820,320,180,C3,42,fit,C,-0.01,False,False,64,121,118,118,118,5,3,0,0,0,1,622,622,600,1,outside_root_band,0.0006519415910588577,0,0,118,2.853672981262207,4.589550495147705,0.00048348374548368156,0.508474588394165,600,3.0339949131011963,4.889878273010254,0.0008203994366340339,0.5566666722297668
836,820,320,180,C3,42,fit,X,0.01,False,False,64,121,118,118,118,5,3,0,0,0,1,622,622,600,1,all,0.0006517914589494467,0,0,118,2.8535563945770264,4.589550495147705,0.00048334861639887094,0.508474588394165,600,3.0338659286499023,4.889878273010254,0.0008202343015000224,0.5566666722297668
836,820,320,180,C3,42,fit,X,0.01,False,False,64,121,118,118,118,5,3,0,0,0,1,622,622,0,1,root_band,,0,0,0,,,,,0,,,,
836,820,320,180,C3,42,fit,X,0.01,False,False,64,121,118,118,118,5,3,0,0,0,1,622,622,600,1,outside_root_band,0.0006517914589494467,0,0,118,2.8535563945770264,4.589550495147705,0.00048334861639887094,0.508474588394165,600,3.0338659286499023,4.889878273010254,0.0008202343015000224,0.5566666722297668
837,820,320,180,C3,42,fit,Y,0.01,True,True,64,121,118,118,118,5,3,0,0,0,1,622,622,600,1,all,0.0006528002413688228,0,0,118,2.8543288707733154,4.589550495147705,0.00048424999113194644,0.508474588394165,600,3.0347330570220947,4.889878273010254,0.0008213504916056991,0.5566666722297668
837,820,320,180,C3,42,fit,Y,0.01,True,True,64,121,118,118,118,5,3,0,0,0,1,622,622,0,1,root_band,,0,0,0,,,,,0,,,,
837,820,320,180,C3,42,fit,Y,0.01,True,True,64,121,118,118,118,5,3,0,0,0,1,622,622,600,1,outside_root_band,0.0006528002413688228,0,0,118,2.8543288707733154,4.589550495147705,0.00048424999113194644,0.508474588394165,600,3.0347330570220947,4.889878273010254,0.0008213504916056991,0.5566666722297668
838,820,320,180,C3,42,fit,A,0.01,True,True,64,121,118,118,118,5,3,0,0,0,1,622,622,600,1,all,0.0006519415910588577,0,0,118,2.853672981262207,4.589550495147705,0.00048348374548368156,0.508474588394165,600,3.0339949131011963,4.889878273010254,0.0008203994366340339,0.5566666722297668
838,820,320,180,C3,42,fit,A,0.01,True,True,64,121,118,118,118,5,3,0,0,0,1,622,622,0,1,root_band,,0,0,0,,,,,0,,,,
838,820,320,180,C3,42,fit,A,0.01,True,True,64,121,118,118,118,5,3,0,0,0,1,622,622,600,1,outside_root_band,0.0006519415910588577,0,0,118,2.853672981262207,4.589550495147705,0.00048348374548368156,0.508474588394165,600,3.0339949131011963,4.889878273010254,0.0008203994366340339,0.5566666722297668
839,820,320,180,C3,42,fit,B,0.01,True,True,64,121,118,118,118,5,3,0,0,0,1,622,622,600,1,all,0.0006516944122267887,0,0,118,2.853483200073242,4.589550495147705,0.00048326447722502053,0.508474588394165,600,3.0337796211242676,4.889878273010254,0.0008201243472285569,0.5566666722297668
839,820,320,180,C3,42,fit,B,0.01,True,True,64,121,118,118,118,5,3,0,0,0,1,622,622,0,1,root_band,,0,0,0,,,,,0,,,,
839,820,320,180,C3,42,fit,B,0.01,True,True,64,121,118,118,118,5,3,0,0,0,1,622,622,600,1,outside_root_band,0.0006516944122267887,0,0,118,2.853483200073242,4.589550495147705,0.00048326447722502053,0.508474588394165,600,3.0337796211242676,4.889878273010254,0.0008201243472285569,0.5566666722297668
840,820,320,180,C3,42,fit,C,0.01,True,True,64,121,118,118,118,5,3,0,0,0,1,622,622,600,1,all,0.0006524717027787119,0,0,118,2.854078531265259,4.589550495147705,0.00048395805060863495,0.508474588394165,600,3.034449577331543,4.889878273010254,0.0008209853549487889,0.5566666722297668
840,820,320,180,C3,42,fit,C,0.01,True,True,64,121,118,118,118,5,3,0,0,0,1,622,622,0,1,root_band,,0,0,0,,,,,0,,,,
840,820,320,180,C3,42,fit,C,0.01,True,True,64,121,118,118,118,5,3,0,0,0,1,622,622,600,1,outside_root_band,0.0006524717027787119,0,0,118,2.854078531265259,4.589550495147705,0.00048395805060863495,0.508474588394165,600,3.034449577331543,4.889878273010254,0.0008209853549487889,0.5566666722297668
841,820,320,180,C3,42,fit,X,-0.02,False,False,64,121,118,118,118,5,3,0,0,0,1,622,622,600,1,all,0.0006530713872052729,0,0,118,2.8545355796813965,4.589550495147705,0.0004844925133511424,0.508474588394165,600,3.0349652767181396,4.889878273010254,0.0008216502610594034,0.5566666722297668
841,820,320,180,C3,42,fit,X,-0.02,False,False,64,121,118,118,118,5,3,0,0,0,1,622,622,0,1,root_band,,0,0,0,,,,,0,,,,
841,820,320,180,C3,42,fit,X,-0.02,False,False,64,121,118,118,118,5,3,0,0,0,1,622,622,600,1,outside_root_band,0.0006530713872052729,0,0,118,2.8545355796813965,4.589550495147705,0.0004844925133511424,0.508474588394165,600,3.0349652767181396,4.889878273010254,0.0008216502610594034,0.5566666722297668
842,820,320,180,C3,42,fit,Y,-0.02,False,False,64,121,118,118,118,5,3,0,0,0,1,622,622,600,1,all,0.0006510396488010883,0,0,118,2.852982759475708,4.589550495147705,0.0004826811491511762,0.508474588394165,600,3.033212900161743,4.889878273010254,0.0008193981484510005,0.5566666722297668
842,820,320,180,C3,42,fit,Y,-0.02,False,False,64,121,118,118,118,5,3,0,0,0,1,622,622,0,1,root_band,,0,0,0,,,,,0,,,,
842,820,320,180,C3,42,fit,Y,-0.02,False,False,64,121,118,118,118,5,3,0,0,0,1,622,622,600,1,outside_root_band,0.0006510396488010883,0,0,118,2.852982759475708,4.589550495147705,0.0004826811491511762,0.508474588394165,600,3.033212900161743,4.889878273010254,0.0008193981484510005,0.5566666722297668
843,820,320,180,C3,42,fit,A,-0.02,False,False,64,121,118,118,118,5,3,0,0,0,1,622,622,600,1,all,0.0006527413497678936,0,0,118,2.85428524017334,4.589550495147705,0.00048419844824820757,0.508474588394165,600,3.034681558609009,4.889878273010254,0.0008212842512875795,0.5566666722297668
843,820,320,180,C3,42,fit,A,-0.02,False,False,64,121,118,118,118,5,3,0,0,0,1,622,622,0,1,root_band,,0,0,0,,,,,0,,,,
843,820,320,180,C3,42,fit,A,-0.02,False,False,64,121,118,118,118,5,3,0,0,0,1,622,622,600,1,outside_root_band,0.0006527413497678936,0,0,118,2.85428524017334,4.589550495147705,0.00048419844824820757,0.508474588394165,600,3.034681558609009,4.889878273010254,0.0008212842512875795,0.5566666722297668
844,820,320,180,C3,42,fit,B,-0.02,False,False,64,121,118,118,118,5,3,0,0,0,1,622,622,600,1,all,0.0006532690458698198,0,0,118,2.8546829223632812,4.589550495147705,0.0004846651281695813,0.508474588394165,600,3.0351364612579346,4.889878273010254,0.0008218729635700583,0.5566666722297668
844,820,320,180,C3,42,fit,B,-0.02,False,False,64,121,118,118,118,5,3,0,0,0,1,622,622,0,1,root_band,,0,0,0,,,,,0,,,,
844,820,320,180,C3,42,fit,B,-0.02,False,False,64,121,118,118,118,5,3,0,0,0,1,622,622,600,1,outside_root_band,0.0006532690458698198,0,0,118,2.8546829223632812,4.589550495147705,0.0004846651281695813,0.508474588394165,600,3.0351364612579346,4.889878273010254,0.0008218729635700583,0.5566666722297668
845,820,320,180,C3,42,fit,C,-0.02,False,False,64,121,118,118,118,5,3,0,0,0,1,622,622,600,1,all,0.0006516944122267887,0,0,118,2.853483200073242,4.589550495147705,0.00048326447722502053,0.508474588394165,600,3.0337796211242676,4.889878273010254,0.0008201243472285569,0.5566666722297668
845,820,320,180,C3,42,fit,C,-0.02,False,False,64,121,118,118,118,5,3,0,0,0,1,622,622,0,1,root_band,,0,0,0,,,,,0,,,,
845,820,320,180,C3,42,fit,C,-0.02,False,False,64,121,118,118,118,5,3,0,0,0,1,622,622,600,1,outside_root_band,0.0006516944122267887,0,0,118,2.853483200073242,4.589550495147705,0.00048326447722502053,0.508474588394165,600,3.0337796211242676,4.889878273010254,0.0008201243472285569,0.5566666722297668
846,820,320,180,C3,42,fit,X,0.02,False,False,64,121,118,118,118,5,3,0,0,0,1,622,622,600,1,all,0.0006513558619190007,0,0,118,2.853224515914917,4.589550495147705,0.0004829616518691182,0.508474588394165,600,3.0334882736206055,4.889878273010254,0.0008197500719688833,0.5566666722297668
846,820,320,180,C3,42,fit,X,0.02,False,False,64,121,118,118,118,5,3,0,0,0,1,622,622,0,1,root_band,,0,0,0,,,,,0,,,,
846,820,320,180,C3,42,fit,X,0.02,False,False,64,121,118,118,118,5,3,0,0,0,1,622,622,600,1,outside_root_band,0.0006513558619190007,0,0,118,2.853224515914917,4.589550495147705,0.0004829616518691182,0.508474588394165,600,3.0334882736206055,4.889878273010254,0.0008197500719688833,0.5566666722297668
847,820,320,180,C3,42,fit,Y,0.02,True,True,64,121,118,118,118,5,3,0,0,0,1,622,622,600,1,all,0.0006533818086609244,0,0,118,2.854771614074707,4.589550495147705,0.0004847689997404814,0.508474588394165,600,3.0352306365966797,4.889878273010254,0.0008219946175813675,0.5566666722297668
847,820,320,180,C3,42,fit,Y,0.02,True,True,64,121,118,118,118,5,3,0,0,0,1,622,622,0,1,root_band,,0,0,0,,,,,0,,,,
847,820,320,180,C3,42,fit,Y,0.02,True,True,64,121,118,118,118,5,3,0,0,0,1,622,622,600,1,outside_root_band,0.0006533818086609244,0,0,118,2.854771614074707,4.589550495147705,0.0004847689997404814,0.508474588394165,600,3.0352306365966797,4.889878273010254,0.0008219946175813675,0.5566666722297668
848,820,320,180,C3,42,fit,A,0.02,True,True,64,121,118,118,118,5,3,0,0,0,1,622,622,600,1,all,0.0006516944122267887,0,0,118,2.853483200073242,4.589550495147705,0.00048326447722502053,0.508474588394165,600,3.0337796211242676,4.889878273010254,0.0008201243472285569,0.5566666722297668
848,820,320,180,C3,42,fit,A,0.02,True,True,64,121,118,118,118,5,3,0,0,0,1,622,622,0,1,root_band,,0,0,0,,,,,0,,,,
848,820,320,180,C3,42,fit,A,0.02,True,True,64,121,118,118,118,5,3,0,0,0,1,622,622,600,1,outside_root_band,0.0006516944122267887,0,0,118,2.853483200073242,4.589550495147705,0.00048326447722502053,0.508474588394165,600,3.0337796211242676,4.889878273010254,0.0008201243472285569,0.5566666722297668
849,820,320,180,C3,42,fit,B,0.02,True,True,64,121,118,118,118,5,3,0,0,0,1,622,622,600,1,all,0.0006511869578389451,0,0,118,2.853092908859253,4.589550495147705,0.0004828104574698955,0.508474588394165,600,3.0333423614501953,4.889878273010254,0.0008195634582079947,0.5566666722297668
849,820,320,180,C3,42,fit,B,0.02,True,True,64,121,118,118,118,5,3,0,0,0,1,622,622,0,1,root_band,,0,0,0,,,,,0,,,,
849,820,320,180,C3,42,fit,B,0.02,True,True,64,121,118,118,118,5,3,0,0,0,1,622,622,600,1,outside_root_band,0.0006511869578389451,0,0,118,2.853092908859253,4.589550495147705,0.0004828104574698955,0.508474588394165,600,3.0333423614501953,4.889878273010254,0.0008195634582079947,0.5566666722297668
850,820,320,180,C3,42,fit,C,0.02,True,True,64,121,118,118,118,5,3,0,0,0,1,622,622,600,1,all,0.0006527312070829794,0,0,118,2.8542773723602295,4.589550495147705,0.00048418898950330913,0.508474588394165,600,3.034672975540161,4.889878273010254,0.0008212734246626496,0.5566666722297668
850,820,320,180,C3,42,fit,C,0.02,True,True,64,121,118,118,118,5,3,0,0,0,1,622,622,0,1,root_band,,0,0,0,,,,,0,,,,
850,820,320,180,C3,42,fit,C,0.02,True,True,64,121,118,118,118,5,3,0,0,0,1,622,622,600,1,outside_root_band,0.0006527312070829794,0,0,118,2.8542773723602295,4.589550495147705,0.00048418898950330913,0.508474588394165,600,3.034672975540161,4.889878273010254,0.0008212734246626496,0.5566666722297668
851,820,320,180,C3,42,fit,X,-0.05,False,False,64,121,118,118,118,5,3,0,0,0,1,622,622,600,1,all,0.0006543661147588864,0,0,118,2.85551381111145,4.589550495147705,0.00048564482131041586,0.508474588394165,600,3.0360724925994873,4.889878273010254,0.0008230874082073569,0.5566666722297668
851,820,320,180,C3,42,fit,X,-0.05,False,False,64,121,118,118,118,5,3,0,0,0,1,622,622,0,1,root_band,,0,0,0,,,,,0,,,,
851,820,320,180,C3,42,fit,X,-0.05,False,False,64,121,118,118,118,5,3,0,0,0,1,622,622,600,1,outside_root_band,0.0006543661147588864,0,0,118,2.85551381111145,4.589550495147705,0.00048564482131041586,0.508474588394165,600,3.0360724925994873,4.889878273010254,0.0008230874082073569,0.5566666722297668
852,820,320,180,C3,42,fit,Y,-0.05,False,False,64,121,118,118,118,5,3,0,0,0,1,622,622,600,1,all,0.0006493178225355223,0,0,118,2.851656675338745,4.589550495147705,0.00048114798846654594,0.508474588394165,600,3.031710147857666,4.887505531311035,0.0008174876566044986,0.5566666722297668
852,820,320,180,C3,42,fit,Y,-0.05,False,False,64,121,118,118,118,5,3,0,0,0,1,622,622,0,1,root_band,,0,0,0,,,,,0,,,,
852,820,320,180,C3,42,fit,Y,-0.05,False,False,64,121,118,118,118,5,3,0,0,0,1,622,622,600,1,outside_root_band,0.0006493178225355223,0,0,118,2.851656675338745,4.589550495147705,0.00048114798846654594,0.508474588394165,600,3.031710147857666,4.887505531311035,0.0008174876566044986,0.5566666722297668
853,820,320,180,C3,42,fit,A,-0.05,False,False,64,121,118,118,118,5,3,0,0,0,1,622,622,600,1,all,0.0006535405700560659,0,0,118,2.8548903465270996,4.589550495147705,0.00048490846529603004,0.508474588394165,600,3.035367488861084,4.889878273010254,0.0008221726748161018,0.5566666722297668
853,820,320,180,C3,42,fit,A,-0.05,False,False,64,121,118,118,118,5,3,0,0,0,1,622,622,0,1,root_band,,0,0,0,,,,,0,,,,
853,820,320,180,C3,42,fit,A,-0.05,False,False,64,121,118,118,118,5,3,0,0,0,1,622,622,600,1,outside_root_band,0.0006535405700560659,0,0,118,2.8548903465270996,4.589550495147705,0.00048490846529603004,0.508474588394165,600,3.035367488861084,4.889878273010254,0.0008221726748161018,0.5566666722297668
854,820,320,180,C3,42,fit,B,-0.05,False,False,64,121,118,118,118,5,3,0,0,0,1,622,622,600,1,all,0.000654862989904359,0,0,118,2.855894088745117,4.589550495147705,0.00048609019722789526,0.508474588394165,600,3.0364930629730225,4.889878273010254,0.0008236357825808227,0.5566666722297668
854,820,320,180,C3,42,fit,B,-0.05,False,False,64,121,118,118,118,5,3,0,0,0,1,622,622,0,1,root_band,,0,0,0,,,,,0,,,,
854,820,320,180,C3,42,fit,B,-0.05,False,False,64,121,118,118,118,5,3,0,0,0,1,622,622,600,1,outside_root_band,0.000654862989904359,0,0,118,2.855894088745117,4.589550495147705,0.00048609019722789526,0.508474588394165,600,3.0364930629730225,4.889878273010254,0.0008236357825808227,0.5566666722297668
855,820,320,180,C3,42,fit,C,-0.05,False,False,64,121,118,118,118,5,3,0,0,0,1,622,622,600,1,all,0.0006509094673674554,0,0,118,2.852879762649536,4.589550495147705,0.0004825630458071828,0.508474588394165,600,3.0331015586853027,4.889878273010254,0.0008192558889277279,0.5566666722297668
855,820,320,180,C3,42,fit,C,-0.05,False,False,64,121,118,118,118,5,3,0,0,0,1,622,622,0,1,root_band,,0,0,0,,,,,0,,,,
855,820,320,180,C3,42,fit,C,-0.05,False,False,64,121,118,118,118,5,3,0,0,0,1,622,622,600,1,outside_root_band,0.0006509094673674554,0,0,118,2.852879762649536,4.589550495147705,0.0004825630458071828,0.508474588394165,600,3.0331015586853027,4.889878273010254,0.0008192558889277279,0.5566666722297668
856,820,320,180,C3,42,fit,X,0.05,False,False,64,121,118,118,118,5,3,0,0,0,1,622,622,600,1,all,0.00065009412355721,0,0,118,2.852254629135132,4.589550495147705,0.0004818403394892812,0.508474588394165,600,3.032388210296631,4.887505531311035,0.0008183479076251388,0.5566666722297668
856,820,320,180,C3,42,fit,X,0.05,False,False,64,121,118,118,118,5,3,0,0,0,1,622,622,0,1,root_band,,0,0,0,,,,,0,,,,
856,820,320,180,C3,42,fit,X,0.05,False,False,64,121,118,118,118,5,3,0,0,0,1,622,622,600,1,outside_root_band,0.00065009412355721,0,0,118,2.852254629135132,4.589550495147705,0.0004818403394892812,0.508474588394165,600,3.032388210296631,4.887505531311035,0.0008183479076251388,0.5566666722297668
857,820,320,180,C3,42,fit,Y,0.05,True,True,64,121,118,118,118,5,3,0,0,0,1,622,622,600,1,all,0.0006551669794134796,0,0,118,2.856123208999634,4.589550495147705,0.00048636121209710836,0.508474588394165,600,3.0367512702941895,4.889878273010254,0.0008239727467298508,0.5566666722297668
857,820,320,180,C3,42,fit,Y,0.05,True,True,64,121,118,118,118,5,3,0,0,0,1,622,622,0,1,root_band,,0,0,0,,,,,0,,,,
857,820,320,180,C3,42,fit,Y,0.05,True,True,64,121,118,118,118,5,3,0,0,0,1,622,622,600,1,outside_root_band,0.0006551669794134796,0,0,118,2.856123208999634,4.589550495147705,0.00048636121209710836,0.508474588394165,600,3.0367512702941895,4.889878273010254,0.0008239727467298508,0.5566666722297668
858,820,320,180,C3,42,fit,A,0.05,True,True,64,121,118,118,118,5,3,0,0,0,1,622,622,600,1,all,0.0006509317754535004,0,0,118,2.8528990745544434,4.589550495147705,0.00048258560127578676,0.508474588394165,600,3.033118724822998,4.889878273010254,0.0008192779496312141,0.5566666722297668
858,820,320,180,C3,42,fit,A,0.05,True,True,64,121,118,118,118,5,3,0,0,0,1,622,622,0,1,root_band,,0,0,0,,,,,0,,,,
858,820,320,180,C3,42,fit,A,0.05,True,True,64,121,118,118,118,5,3,0,0,0,1,622,622,600,1,outside_root_band,0.0006509317754535004,0,0,118,2.8528990745544434,4.589550495147705,0.00048258560127578676,0.508474588394165,600,3.033118724822998,4.889878273010254,0.0008192779496312141,0.5566666722297668
859,820,320,180,C3,42,fit,B,0.05,True,True,64,121,118,118,118,5,3,0,0,0,1,622,622,600,1,all,0.000649659865302965,0,0,118,2.851917266845703,4.589550495147705,0.00048145122127607465,0.508474588394165,600,3.0320119857788086,4.887505531311035,0.0008178685093298554,0.5566666722297668
859,820,320,180,C3,42,fit,B,0.05,True,True,64,121,118,118,118,5,3,0,0,0,1,622,622,0,1,root_band,,0,0,0,,,,,0,,,,
859,820,320,180,C3,42,fit,B,0.05,True,True,64,121,118,118,118,5,3,0,0,0,1,622,622,600,1,outside_root_band,0.000649659865302965,0,0,118,2.851917266845703,4.589550495147705,0.00048145122127607465,0.508474588394165,600,3.0320119857788086,4.887505531311035,0.0008178685093298554,0.5566666722297668
860,820,320,180,C3,42,fit,C,0.05,True,True,64,121,118,118,118,5,3,0,0,0,1,622,622,600,1,all,0.0006535105349030346,0,0,118,2.854867458343506,4.589550495147705,0.00048488215543329716,0.508474588394165,600,3.035342216491699,4.889878273010254,0.000822138914372772,0.5566666722297668
860,820,320,180,C3,42,fit,C,0.05,True,True,64,121,118,118,118,5,3,0,0,0,1,622,622,0,1,root_band,,0,0,0,,,,,0,,,,
860,820,320,180,C3,42,fit,C,0.05,True,True,64,121,118,118,118,5,3,0,0,0,1,622,622,600,1,outside_root_band,0.0006535105349030346,0,0,118,2.854867458343506,4.589550495147705,0.00048488215543329716,0.508474588394165,600,3.035342216491699,4.889878273010254,0.000822138914372772,0.5566666722297668
861,861,320,180,C3,43,fit,baseline,0.0,False,False,64,312,309,309,300,24,3,0,1,0,1,1508,1508,600,1,all,0.0020766831003129482,0,0,300,3.756950855255127,6.126995086669922,0.002102052327245474,0.6600000262260437,600,3.629331588745117,6.069852352142334,0.0020513138733804226,0.6183333396911621
861,861,320,180,C3,43,fit,baseline,0.0,False,False,64,312,309,309,300,24,3,0,1,0,1,1508,1508,0,1,root_band,,0,0,0,,,,,0,,,,
861,861,320,180,C3,43,fit,baseline,0.0,False,False,64,312,309,309,300,24,3,0,1,0,1,1508,1508,600,1,outside_root_band,0.0020766831003129482,0,0,300,3.756950855255127,6.126995086669922,0.002102052327245474,0.6600000262260437,600,3.629331588745117,6.069852352142334,0.0020513138733804226,0.6183333396911621
862,861,320,180,C3,43,fit,X,-0.005,False,False,64,312,309,309,300,24,3,0,1,0,1,1508,1508,600,1,all,0.002076682634651661,0,0,300,3.756943941116333,6.126995086669922,0.0021020518615841866,0.6600000262260437,600,3.6293156147003174,6.069852352142334,0.0020513134077191353,0.6183333396911621
862,861,320,180,C3,43,fit,X,-0.005,False,False,64,312,309,309,300,24,3,0,1,0,1,1508,1508,0,1,root_band,,0,0,0,,,,,0,,,,
862,861,320,180,C3,43,fit,X,-0.005,False,False,64,312,309,309,300,24,3,0,1,0,1,1508,1508,600,1,outside_root_band,0.002076682634651661,0,0,300,3.756943941116333,6.126995086669922,0.0021020518615841866,0.6600000262260437,600,3.6293156147003174,6.069852352142334,0.0020513134077191353,0.6183333396911621
863,861,320,180,C3,43,fit,Y,-0.005,False,False,64,312,309,309,300,24,3,0,1,0,1,1508,1508,600,1,all,0.0020766836823895574,0,0,300,3.7569611072540283,6.126995086669922,0.002102052792906761,0.6600000262260437,600,3.629354238510132,6.069852352142334,0.0020513145718723536,0.6183333396911621
863,861,320,180,C3,43,fit,Y,-0.005,False,False,64,312,309,309,300,24,3,0,1,0,1,1508,1508,0,1,root_band,,0,0,0,,,,,0,,,,
863,861,320,180,C3,43,fit,Y,-0.005,False,False,64,312,309,309,300,24,3,0,1,0,1,1508,1508,600,1,outside_root_band,0.0020766836823895574,0,0,300,3.7569611072540283,6.126995086669922,0.002102052792906761,0.6600000262260437,600,3.629354238510132,6.069852352142334,0.0020513145718723536,0.6183333396911621
864,861,320,180,C3,43,fit,A,-0.005,False,False,64,312,309,309,300,24,3,0,1,0,1,1508,1508,600,1,all,0.0020766828674823046,0,0,300,3.7569468021392822,6.126995086669922,0.00210205209441483,0.6600000262260437,600,3.6293222904205322,6.069852352142334,0.002051313640549779,0.6183333396911621
864,861,320,180,C3,43,fit,A,-0.005,False,False,64,312,309,309,300,24,3,0,1,0,1,1508,1508,0,1,root_band,,0,0,0,,,,,0,,,,
864,861,320,180,C3,43,fit,A,-0.005,False,False,64,312,309,309,300,24,3,0,1,0,1,1508,1508,600,1,outside_root_band,0.0020766828674823046,0,0,300,3.7569468021392822,6.126995086669922,0.00210205209441483,0.6600000262260437,600,3.6293222904205322,6.069852352142334,0.002051313640549779,0.6183333396911621
865,861,320,180,C3,43,fit,B,-0.005,False,False,64,312,309,309,300,24,3,0,1,0,1,1508,1508,600,1,all,0.002076682634651661,0,0,300,3.7569422721862793,6.126995086669922,0.0021020518615841866,0.6600000262260437,600,3.62931227684021,6.069852352142334,0.0020513134077191353,0.6183333396911621
865,861,320,180,C3,43,fit,B,-0.005,False,False,64,312,309,309,300,24,3,0,1,0,1,1508,1508,0,1,root_band,,0,0,0,,,,,0,,,,
865,861,320,180,C3,43,fit,B,-0.005,False,False,64,312,309,309,300,24,3,0,1,0,1,1508,1508,600,1,outside_root_band,0.002076682634651661,0,0,300,3.7569422721862793,6.126995086669922,0.0021020518615841866,0.6600000262260437,600,3.62931227684021,6.069852352142334,0.0020513134077191353,0.6183333396911621
866,861,320,180,C3,43,fit,C,-0.005,False,False,64,312,309,309,300,24,3,0,1,0,1,1508,1508,600,1,all,0.002076683333143592,0,0,300,3.75695538520813,6.126995086669922,0.002102052327245474,0.6600000262260437,600,3.6293420791625977,6.069852352142334,0.00205131433904171,0.6183333396911621
866,861,320,180,C3,43,fit,C,-0.005,False,False,64,312,309,309,300,24,3,0,1,0,1,1508,1508,0,1,root_band,,0,0,0,,,,,0,,,,
866,861,320,180,C3,43,fit,C,-0.005,False,False,64,312,309,309,300,24,3,0,1,0,1,1508,1508,600,1,outside_root_band,0.002076683333143592,0,0,300,3.75695538520813,6.126995086669922,0.002102052327245474,0.6600000262260437,600,3.6293420791625977,6.069852352142334,0.00205131433904171,0.6183333396911621
867,861,320,180,C3,43,fit,X,0.005,False,False,64,312,309,309,300,24,3,0,1,0,1,1508,1508,600,1,all,0.0020766835659742355,0,0,300,3.7569587230682373,6.126995086669922,0.002102052792906761,0.6600000262260437,600,3.6293487548828125,6.069852352142334,0.00205131433904171,0.6183333396911621
867,861,320,180,C3,43,fit,X,0.005,False,False,64,312,309,309,300,24,3,0,1,0,1,1508,1508,0,1,root_band,,0,0,0,,,,,0,,,,
867,861,320,180,C3,43,fit,X,0.005,False,False,64,312,309,309,300,24,3,0,1,0,1,1508,1508,600,1,outside_root_band,0.0020766835659742355,0,0,300,3.7569587230682373,6.126995086669922,0.002102052792906761,0.6600000262260437,600,3.6293487548828125,6.069852352142334,0.00205131433904171,0.6183333396911621
868,861,320,180,C3,43,fit,Y,0.005,False,False,64,312,309,309,300,24,3,0,1,0,1,1508,1508,600,1,all,0.002076682634651661,0,0,300,3.756941556930542,6.126995086669922,0.0021020518615841866,0.6600000262260437,600,3.629309892654419,6.069852352142334,0.0020513134077191353,0.6183333396911621
868,861,320,180,C3,43,fit,Y,0.005,False,False,64,312,309,309,300,24,3,0,1,0,1,1508,1508,0,1,root_band,,0,0,0,,,,,0,,,,
868,861,320,180,C3,43,fit,Y,0.005,False,False,64,312,309,309,300,24,3,0,1,0,1,1508,1508,600,1,outside_root_band,0.002076682634651661,0,0,300,3.756941556930542,6.126995086669922,0.0021020518615841866,0.6600000262260437,600,3.629309892654419,6.069852352142334,0.0020513134077191353,0.6183333396911621
869,861,320,180,C3,43,fit,A,0.005,False,False,64,312,309,309,300,24,3,0,1,0,1,1508,1508,600,1,all,0.002076683333143592,0,0,300,3.75695538520813,6.126995086669922,0.002102052327245474,0.6600000262260437,600,3.6293420791625977,6.069852352142334,0.00205131433904171,0.6183333396911621
869,861,320,180,C3,43,fit,A,0.005,False,False,64,312,309,309,300,24,3,0,1,0,1,1508,1508,0,1,root_band,,0,0,0,,,,,0,,,,
869,861,320,180,C3,43,fit,A,0.005,False,False,64,312,309,309,300,24,3,0,1,0,1,1508,1508,600,1,outside_root_band,0.002076683333143592,0,0,300,3.75695538520813,6.126995086669922,0.002102052327245474,0.6600000262260437,600,3.6293420791625977,6.069852352142334,0.00205131433904171,0.6183333396911621
870,861,320,180,C3,43,fit,B,0.005,False,False,64,312,309,309,300,24,3,0,1,0,1,1508,1508,600,1,all,0.0020766835659742355,0,0,300,3.7569596767425537,6.126995086669922,0.0021020525600761175,0.6600000262260437,600,3.62935209274292,6.069852352142334,0.0020513145718723536,0.6183333396911621
870,861,320,180,C3,43,fit,B,0.005,False,False,64,312,309,309,300,24,3,0,1,0,1,1508,1508,0,1,root_band,,0,0,0,,,,,0,,,,
870,861,320,180,C3,43,fit,B,0.005,False,False,64,312,309,309,300,24,3,0,1,0,1,1508,1508,600,1,outside_root_band,0.0020766835659742355,0,0,300,3.7569596767425537,6.126995086669922,0.0021020525600761175,0.6600000262260437,600,3.62935209274292,6.069852352142334,0.0020513145718723536,0.6183333396911621
871,861,320,180,C3,43,fit,C,0.005,False,False,64,312,309,309,300,24,3,0,1,0,1,1508,1508,600,1,all,0.0020766828674823046,0,0,300,3.7569468021392822,6.126995086669922,0.00210205209441483,0.6600000262260437,600,3.6293222904205322,6.069852352142334,0.002051313640549779,0.6183333396911621
871,861,320,180,C3,43,fit,C,0.005,False,False,64,312,309,309,300,24,3,0,1,0,1,1508,1508,0,1,root_band,,0,0,0,,,,,0,,,,
871,861,320,180,C3,43,fit,C,0.005,False,False,64,312,309,309,300,24,3,0,1,0,1,1508,1508,600,1,outside_root_band,0.0020766828674823046,0,0,300,3.7569468021392822,6.126995086669922,0.00210205209441483,0.6600000262260437,600,3.6293222904205322,6.069852352142334,0.002051313640549779,0.6183333396911621
872,861,320,180,C3,43,fit,X,-0.01,False,False,64,312,309,309,300,24,3,0,1,0,1,1508,1508,600,1,all,0.002076682518236339,0,0,300,3.756936550140381,6.126995086669922,0.0021020518615841866,0.6600000262260437,600,3.629298686981201,6.069852352142334,0.0020513131748884916,0.6183333396911621
872,861,320,180,C3,43,fit,X,-0.01,False,False,64,312,309,309,300,24,3,0,1,0,1,1508,1508,0,1,root_band,,0,0,0,,,,,0,,,,
872,861,320,180,C3,43,fit,X,-0.01,False,False,64,312,309,309,300,24,3,0,1,0,1,1508,1508,600,1,outside_root_band,0.002076682518236339,0,0,300,3.756936550140381,6.126995086669922,0.0021020518615841866,0.6600000262260437,600,3.629298686981201,6.069852352142334,0.0020513131748884916,0.6183333396911621
873,861,320,180,C3,43,fit,Y,-0.01,False,False,64,312,309,309,300,24,3,0,1,0,1,1508,1508,600,1,all,0.0020766841480508447,0,0,300,3.7569704055786133,6.126995086669922,0.0021020532585680485,0.6600000262260437,600,3.62937593460083,6.069852352142334,0.002051315037533641,0.6183333396911621
873,861,320,180,C3,43,fit,Y,-0.01,False,False,64,312,309,309,300,24,3,0,1,0,1,1508,1508,0,1,root_band,,0,0,0,,,,,0,,,,
873,861,320,180,C3,43,fit,Y,-0.01,False,False,64,312,309,309,300,24,3,0,1,0,1,1508,1508,600,1,outside_root_band,0.0020766841480508447,0,0,300,3.7569704055786133,6.126995086669922,0.0021020532585680485,0.6600000262260437,600,3.62937593460083,6.069852352142334,0.002051315037533641,0.6183333396911621
874,861,320,180,C3,43,fit,A,-0.01,False,False,64,312,309,309,300,24,3,0,1,0,1,1508,1508,600,1,all,0.002076682634651661,0,0,300,3.7569422721862793,6.126995086669922,0.0021020518615841866,0.6600000262260437,600,3.62931227684021,6.069852352142334,0.0020513134077191353,0.6183333396911621
874,861,320,180,C3,43,fit,A,-0.01,False,False,64,312,309,309,300,24,3,0,1,0,1,1508,1508,0,1,root_band,,0,0,0,,,,,0,,,,
874,861,320,180,C3,43,fit,A,-0.01,False,False,64,312,309,309,300,24,3,0,1,0,1,1508,1508,600,1,outside_root_band,0.002076682634651661,0,0,300,3.7569422721862793,6.126995086669922,0.0021020518615841866,0.6600000262260437,600,3.62931227684021,6.069852352142334,0.0020513134077191353,0.6183333396911621
875,861,320,180,C3,43,fit,B,-0.01,False,False,64,312,309,309,300,24,3,0,1,0,1,1508,1508,600,1,all,0.0020766822854056954,0,0,300,3.7569339275360107,6.126995086669922,0.002102051628753543,0.6600000262260437,600,3.6292920112609863,6.069852352142334,0.002051312942057848,0.6183333396911621
875,861,320,180,C3,43,fit,B,-0.01,False,False,64,312,309,309,300,24,3,0,1,0,1,1508,1508,0,1,root_band,,0,0,0,,,,,0,,,,
875,861,320,180,C3,43,fit,B,-0.01,False,False,64,312,309,309,300,24,3,0,1,0,1,1508,1508,600,1,outside_root_band,0.0020766822854056954,0,0,300,3.7569339275360107,6.126995086669922,0.002102051628753543,0.6600000262260437,600,3.6292920112609863,6.069852352142334,0.002051312942057848,0.6183333396911621
876,861,320,180,C3,43,fit,C,-0.01,False,False,64,312,309,309,300,24,3,0,1,0,1,1508,1508,600,1,all,0.0020766836823895574,0,0,300,3.7569596767425537,6.126995086669922,0.002102052792906761,0.6600000262260437,600,3.62935209274292,6.069852352142334,0.0020513145718723536,0.6183333396911621
876,861,320,180,C3,43,fit,C,-0.01,False,False,64,312,309,309,300,24,3,0,1,0,1,1508,1508,0,1,root_band,,0,0,0,,,,,0,,,,
876,861,320,180,C3,43,fit,C,-0.01,False,False,64,312,309,309,300,24,3,0,1,0,1,1508,1508,600,1,outside_root_band,0.0020766836823895574,0,0,300,3.7569596767425537,6.126995086669922,0.002102052792906761,0.6600000262260437,600,3.62935209274292,6.069852352142334,0.0020513145718723536,0.6183333396911621
877,861,320,180,C3,43,fit,X,0.01,False,False,64,312,309,309,300,24,3,0,1,0,1,1508,1508,600,1,all,0.002076683798804879,0,0,300,3.756965160369873,6.126995086669922,0.002102052792906761,0.6600000262260437,600,3.6293652057647705,6.069852352142334,0.002051314804702997,0.6183333396911621
877,861,320,180,C3,43,fit,X,0.01,False,False,64,312,309,309,300,24,3,0,1,0,1,1508,1508,0,1,root_band,,0,0,0,,,,,0,,,,
877,861,320,180,C3,43,fit,X,0.01,False,False,64,312,309,309,300,24,3,0,1,0,1,1508,1508,600,1,outside_root_band,0.002076683798804879,0,0,300,3.756965160369873,6.126995086669922,0.002102052792906761,0.6600000262260437,600,3.6293652057647705,6.069852352142334,0.002051314804702997,0.6183333396911621
878,861,320,180,C3,43,fit,Y,0.01,False,False,64,312,309,309,300,24,3,0,1,0,1,1508,1508,600,1,all,0.0020766821689903736,0,0,300,3.756931781768799,6.126995086669922,0.002102051628753543,0.6600000262260437,600,3.6292872428894043,6.069852352142334,0.0020513127092272043,0.6183333396911621
878,861,320,180,C3,43,fit,Y,0.01,False,False,64,312,309,309,300,24,3,0,1,0,1,1508,1508,0,1,root_band,,0,0,0,,,,,0,,,,
878,861,320,180,C3,43,fit,Y,0.01,False,False,64,312,309,309,300,24,3,0,1,0,1,1508,1508,600,1,outside_root_band,0.0020766821689903736,0,0,300,3.756931781768799,6.126995086669922,0.002102051628753543,0.6600000262260437,600,3.6292872428894043,6.069852352142334,0.0020513127092272043,0.6183333396911621
879,861,320,180,C3,43,fit,A,0.01,False,False,64,312,309,309,300,24,3,0,1,0,1,1508,1508,600,1,all,0.0020766836823895574,0,0,300,3.7569596767425537,6.126995086669922,0.002102052792906761,0.6600000262260437,600,3.62935209274292,6.069852352142334,0.0020513145718723536,0.6183333396911621
879,861,320,180,C3,43,fit,A,0.01,False,False,64,312,309,309,300,24,3,0,1,0,1,1508,1508,0,1,root_band,,0,0,0,,,,,0,,,,
879,861,320,180,C3,43,fit,A,0.01,False,False,64,312,309,309,300,24,3,0,1,0,1,1508,1508,600,1,outside_root_band,0.0020766836823895574,0,0,300,3.7569596767425537,6.126995086669922,0.002102052792906761,0.6600000262260437,600,3.62935209274292,6.069852352142334,0.0020513145718723536,0.6183333396911621
880,861,320,180,C3,43,fit,B,0.01,False,False,64,312,309,309,300,24,3,0,1,0,1,1508,1508,600,1,all,0.002076683798804879,0,0,300,3.7569680213928223,6.126995086669922,0.002102052792906761,0.6600000262260437,600,3.629370927810669,6.069852352142334,0.002051314804702997,0.6183333396911621
880,861,320,180,C3,43,fit,B,0.01,False,False,64,312,309,309,300,24,3,0,1,0,1,1508,1508,0,1,root_band,,0,0,0,,,,,0,,,,
880,861,320,180,C3,43,fit,B,0.01,False,False,64,312,309,309,300,24,3,0,1,0,1,1508,1508,600,1,outside_root_band,0.002076683798804879,0,0,300,3.7569680213928223,6.126995086669922,0.002102052792906761,0.6600000262260437,600,3.629370927810669,6.069852352142334,0.002051314804702997,0.6183333396911621
881,861,320,180,C3,43,fit,C,0.01,False,False,64,312,309,309,300,24,3,0,1,0,1,1508,1508,600,1,all,0.002076682634651661,0,0,300,3.7569422721862793,6.126995086669922,0.0021020518615841866,0.6600000262260437,600,3.62931227684021,6.069852352142334,0.0020513134077191353,0.6183333396911621
881,861,320,180,C3,43,fit,C,0.01,False,False,64,312,309,309,300,24,3,0,1,0,1,1508,1508,0,1,root_band,,0,0,0,,,,,0,,,,
881,861,320,180,C3,43,fit,C,0.01,False,False,64,312,309,309,300,24,3,0,1,0,1,1508,1508,600,1,outside_root_band,0.002076682634651661,0,0,300,3.7569422721862793,6.126995086669922,0.0021020518615841866,0.6600000262260437,600,3.62931227684021,6.069852352142334,0.0020513134077191353,0.6183333396911621
882,861,320,180,C3,43,fit,X,-0.02,False,False,64,312,309,309,300,24,3,0,1,0,1,1508,1508,600,1,all,0.0020766817033290863,0,0,300,3.7569217681884766,6.126995086669922,0.0021020511630922556,0.6600000262260437,600,3.629265785217285,6.069852352142334,0.002051312243565917,0.6183333396911621
882,861,320,180,C3,43,fit,X,-0.02,False,False,64,312,309,309,300,24,3,0,1,0,1,1508,1508,0,1,root_band,,0,0,0,,,,,0,,,,
882,861,320,180,C3,43,fit,X,-0.02,False,False,64,312,309,309,300,24,3,0,1,0,1,1508,1508,600,1,outside_root_band,0.0020766817033290863,0,0,300,3.7569217681884766,6.126995086669922,0.0021020511630922556,0.6600000262260437,600,3.629265785217285,6.069852352142334,0.002051312243565917,0.6183333396911621
883,861,320,180,C3,43,fit,Y,-0.02,False,False,64,312,309,309,300,24,3,0,1,0,1,1508,1508,600,1,all,0.0020766849629580975,0,0,300,3.7569894790649414,6.126995086669922,0.002102053724229336,0.6600000262260437,600,3.629420757293701,6.069852352142334,0.002051316201686859,0.6183333396911621
883,861,320,180,C3,43,fit,Y,-0.02,False,False,64,312,309,309,300,24,3,0,1,0,1,1508,1508,0,1,root_band,,0,0,0,,,,,0,,,,
883,861,320,180,C3,43,fit,Y,-0.02,False,False,64,312,309,309,300,24,3,0,1,0,1,1508,1508,600,1,outside_root_band,0.0020766849629580975,0,0,300,3.7569894790649414,6.126995086669922,0.002102053724229336,0.6600000262260437,600,3.629420757293701,6.069852352142334,0.002051316201686859,0.6183333396911621
884,861,320,180,C3,43,fit,A,-0.02,False,False,64,312,309,309,300,24,3,0,1,0,1,1508,1508,600,1,all,0.0020766822854056954,0,0,300,3.7569339275360107,6.126995086669922,0.002102051628753543,0.6600000262260437,600,3.629291534423828,6.069852352142334,0.002051312942057848,0.6183333396911621
884,861,320,180,C3,43,fit,A,-0.02,False,False,64,312,309,309,300,24,3,0,1,0,1,1508,1508,0,1,root_band,,0,0,0,,,,,0,,,,
884,861,320,180,C3,43,fit,A,-0.02,False,False,64,312,309,309,300,24,3,0,1,0,1,1508,1508,600,1,outside_root_band,0.0020766822854056954,0,0,300,3.7569339275360107,6.126995086669922,0.002102051628753543,0.6600000262260437,600,3.629291534423828,6.069852352142334,0.002051312942057848,0.6183333396911621
885,861,320,180,C3,43,fit,B,-0.02,False,False,64,312,309,309,300,24,3,0,1,0,1,1508,1508,600,1,all,0.0020766815869137645,0,0,300,3.7569165229797363,6.126995086669922,0.002102050930261612,0.6600000262260437,600,3.6292521953582764,6.069852352142334,0.002051312243565917,0.6183333396911621
885,861,320,180,C3,43,fit,B,-0.02,False,False,64,312,309,309,300,24,3,0,1,0,1,1508,1508,0,1,root_band,,0,0,0,,,,,0,,,,
885,861,320,180,C3,43,fit,B,-0.02,False,False,64,312,309,309,300,24,3,0,1,0,1,1508,1508,600,1,outside_root_band,0.0020766815869137645,0,0,300,3.7569165229797363,6.126995086669922,0.002102050930261612,0.6600000262260437,600,3.6292521953582764,6.069852352142334,0.002051312243565917,0.6183333396911621
886,861,320,180,C3,43,fit,C,-0.02,False,False,64,312,309,309,300,24,3,0,1,0,1,1508,1508,600,1,all,0.002076683915220201,0,0,300,3.7569680213928223,6.126995086669922,0.002102053025737405,0.6600000262260437,600,3.629371404647827,6.069852352142334,0.002051314804702997,0.6183333396911621
886,861,320,180,C3,43,fit,C,-0.02,False,False,64,312,309,309,300,24,3,0,1,0,1,1508,1508,0,1,root_band,,0,0,0,,,,,0,,,,
886,861,320,180,C3,43,fit,C,-0.02,False,False,64,312,309,309,300,24,3,0,1,0,1,1508,1508,600,1,outside_root_band,0.002076683915220201,0,0,300,3.7569680213928223,6.126995086669922,0.002102053025737405,0.6600000262260437,600,3.629371404647827,6.069852352142334,0.002051314804702997,0.6183333396911621
887,861,320,180,C3,43,fit,X,0.02,False,False,64,312,309,309,300,24,3,0,1,0,1,1508,1508,600,1,all,0.002076684613712132,0,0,300,3.7569797039031982,6.126995086669922,0.002102053491398692,0.6600000262260437,600,3.6293981075286865,6.069852352142334,0.002051315736025572,0.6183333396911621
887,861,320,180,C3,43,fit,X,0.02,False,False,64,312,309,309,300,24,3,0,1,0,1,1508,1508,0,1,root_band,,0,0,0,,,,,0,,,,
887,861,320,180,C3,43,fit,X,0.02,False,False,64,312,309,309,300,24,3,0,1,0,1,1508,1508,600,1,outside_root_band,0.002076684613712132,0,0,300,3.7569797039031982,6.126995086669922,0.002102053491398692,0.6600000262260437,600,3.6293981075286865,6.069852352142334,0.002051315736025572,0.6183333396911621
888,861,320,180,C3,43,fit,Y,0.02,False,False,64,312,309,309,300,24,3,0,1,0,1,1508,1508,600,1,all,0.002076681354083121,0,0,300,3.75691294670105,6.126995086669922,0.0021020506974309683,0.6600000262260437,600,3.6292428970336914,6.069852352142334,0.0020513120107352734,0.6183333396911621
888,861,320,180,C3,43,fit,Y,0.02,False,False,64,312,309,309,300,24,3,0,1,0,1,1508,1508,0,1,root_band,,0,0,0,,,,,0,,,,
888,861,320,180,C3,43,fit,Y,0.02,False,False,64,312,309,309,300,24,3,0,1,0,1,1508,1508,600,1,outside_root_band,0.002076681354083121,0,0,300,3.75691294670105,6.126995086669922,0.0021020506974309683,0.6600000262260437,600,3.6292428970336914,6.069852352142334,0.0020513120107352734,0.6183333396911621
889,861,320,180,C3,43,fit,A,0.02,False,False,64,312,309,309,300,24,3,0,1,0,1,1508,1508,600,1,all,0.002076683798804879,0,0,300,3.7569680213928223,6.126995086669922,0.002102052792906761,0.6600000262260437,600,3.629370927810669,6.069852352142334,0.002051314804702997,0.6183333396911621
889,861,320,180,C3,43,fit,A,0.02,False,False,64,312,309,309,300,24,3,0,1,0,1,1508,1508,0,1,root_band,,0,0,0,,,,,0,,,,
889,861,320,180,C3,43,fit,A,0.02,False,False,64,312,309,309,300,24,3,0,1,0,1,1508,1508,600,1,outside_root_band,0.002076683798804879,0,0,300,3.7569680213928223,6.126995086669922,0.002102052792906761,0.6600000262260437,600,3.629370927810669,6.069852352142334,0.002051314804702997,0.6183333396911621
890,861,320,180,C3,43,fit,B,0.02,False,False,64,312,309,309,300,24,3,0,1,0,1,1508,1508,600,1,all,0.002076684730127454,0,0,300,3.7569851875305176,6.126995086669922,0.002102053491398692,0.6600000262260437,600,3.629410743713379,6.069852352142334,0.0020513159688562155,0.6183333396911621
890,861,320,180,C3,43,fit,B,0.02,False,False,64,312,309,309,300,24,3,0,1,0,1,1508,1508,0,1,root_band,,0,0,0,,,,,0,,,,
890,861,320,180,C3,43,fit,B,0.02,False,False,64,312,309,309,300,24,3,0,1,0,1,1508,1508,600,1,outside_root_band,0.002076684730127454,0,0,300,3.7569851875305176,6.126995086669922,0.002102053491398692,0.6600000262260437,600,3.629410743713379,6.069852352142334,0.0020513159688562155,0.6183333396911621
891,861,320,180,C3,43,fit,C,0.02,False,False,64,312,309,309,300,24,3,0,1,0,1,1508,1508,600,1,all,0.0020766822854056954,0,0,300,3.7569339275360107,6.126995086669922,0.002102051628753543,0.6600000262260437,600,3.6292927265167236,6.069852352142334,0.002051312942057848,0.6183333396911621
891,861,320,180,C3,43,fit,C,0.02,False,False,64,312,309,309,300,24,3,0,1,0,1,1508,1508,0,1,root_band,,0,0,0,,,,,0,,,,
891,861,320,180,C3,43,fit,C,0.02,False,False,64,312,309,309,300,24,3,0,1,0,1,1508,1508,600,1,outside_root_band,0.0020766822854056954,0,0,300,3.7569339275360107,6.126995086669922,0.002102051628753543,0.6600000262260437,600,3.6292927265167236,6.069852352142334,0.002051312942057848,0.6183333396911621
892,861,320,180,C3,43,fit,X,-0.05,False,False,64,312,309,309,300,24,3,0,1,0,1,1508,1508,600,1,all,0.0020766796078532934,0,0,300,3.756880044937134,6.126995086669922,0.0021020493004471064,0.6600000262260437,600,3.6291663646698,6.069852352142334,0.0020513099152594805,0.6183333396911621
892,861,320,180,C3,43,fit,X,-0.05,False,False,64,312,309,309,300,24,3,0,1,0,1,1508,1508,0,1,root_band,,0,0,0,,,,,0,,,,
892,861,320,180,C3,43,fit,X,-0.05,False,False,64,312,309,309,300,24,3,0,1,0,1,1508,1508,600,1,outside_root_band,0.0020766796078532934,0,0,300,3.756880044937134,6.126995086669922,0.0021020493004471064,0.6600000262260437,600,3.6291663646698,6.069852352142334,0.0020513099152594805,0.6183333396911621
893,861,320,180,C3,43,fit,Y,-0.05,False,False,64,312,309,309,300,24,3,0,1,0,1,1508,1508,600,1,all,0.0020766876405104995,0,0,300,3.7570481300354004,6.126995086669922,0.0021020560525357723,0.6600000262260437,600,3.62955379486084,6.069852352142334,0.0020513192284852266,0.6183333396911621
893,861,320,180,C3,43,fit,Y,-0.05,False,False,64,312,309,309,300,24,3,0,1,0,1,1508,1508,0,1,root_band,,0,0,0,,,,,0,,,,
893,861,320,180,C3,43,fit,Y,-0.05,False,False,64,312,309,309,300,24,3,0,1,0,1,1508,1508,600,1,outside_root_band,0.0020766876405104995,0,0,300,3.7570481300354004,6.126995086669922,0.0021020560525357723,0.6600000262260437,600,3.62955379486084,6.069852352142334,0.0020513192284852266,0.6183333396911621
894,861,320,180,C3,43,fit,A,-0.05,False,False,64,312,309,309,300,24,3,0,1,0,1,1508,1508,600,1,all,0.0020766810048371553,0,0,300,3.7569081783294678,6.126995086669922,0.0021020506974309683,0.6600000262260437,600,3.629232168197632,6.069852352142334,0.0020513113122433424,0.6183333396911621
894,861,320,180,C3,43,fit,A,-0.05,False,False,64,312,309,309,300,24,3,0,1,0,1,1508,1508,0,1,root_band,,0,0,0,,,,,0,,,,
894,861,320,180,C3,43,fit,A,-0.05,False,False,64,312,309,309,300,24,3,0,1,0,1,1508,1508,600,1,outside_root_band,0.0020766810048371553,0,0,300,3.7569081783294678,6.126995086669922,0.0021020506974309683,0.6600000262260437,600,3.629232168197632,6.069852352142334,0.0020513113122433424,0.6183333396911621
895,861,320,180,C3,43,fit,B,-0.05,False,False,64,312,309,309,300,24,3,0,1,0,1,1508,1508,600,1,all,0.002076679142192006,0,0,300,3.7568650245666504,6.126995086669922,0.0021020490676164627,0.6600000262260437,600,3.629132032394409,6.069852352142334,0.0020513092167675495,0.6183333396911621
895,861,320,180,C3,43,fit,B,-0.05,False,False,64,312,309,309,300,24,3,0,1,0,1,1508,1508,0,1,root_band,,0,0,0,,,,,0,,,,
895,861,320,180,C3,43,fit,B,-0.05,False,False,64,312,309,309,300,24,3,0,1,0,1,1508,1508,600,1,outside_root_band,0.002076679142192006,0,0,300,3.7568650245666504,6.126995086669922,0.0021020490676164627,0.6600000262260437,600,3.629132032394409,6.069852352142334,0.0020513092167675495,0.6183333396911621
896,861,320,180,C3,43,fit,C,-0.05,False,False,64,312,309,309,300,24,3,0,1,0,1,1508,1508,600,1,all,0.002076685195788741,0,0,300,3.7569944858551025,6.126995086669922,0.0021020539570599794,0.6600000262260437,600,3.629432201385498,6.069852352142334,0.002051316434517503,0.6183333396911621
896,861,320,180,C3,43,fit,C,-0.05,False,False,64,312,309,309,300,24,3,0,1,0,1,1508,1508,0,1,root_band,,0,0,0,,,,,0,,,,
896,861,320,180,C3,43,fit,C,-0.05,False,False,64,312,309,309,300,24,3,0,1,0,1,1508,1508,600,1,outside_root_band,0.002076685195788741,0,0,300,3.7569944858551025,6.126995086669922,0.0021020539570599794,0.6600000262260437,600,3.629432201385498,6.069852352142334,0.002051316434517503,0.6183333396911621
897,861,320,180,C3,43,fit,X,0.05,False,False,64,312,309,309,300,24,3,0,1,0,1,1508,1508,600,1,all,0.002076686592772603,0,0,300,3.757023334503174,6.126995086669922,0.0021020551212131977,0.6600000262260437,600,3.62949800491333,6.069852352142334,0.0020513180643320084,0.6183333396911621
897,861,320,180,C3,43,fit,X,0.05,False,False,64,312,309,309,300,24,3,0,1,0,1,1508,1508,0,1,root_band,,0,0,0,,,,,0,,,,
897,861,320,180,C3,43,fit,X,0.05,False,False,64,312,309,309,300,24,3,0,1,0,1,1508,1508,600,1,outside_root_band,0.002076686592772603,0,0,300,3.757023334503174,6.126995086669922,0.0021020551212131977,0.6600000262260437,600,3.62949800491333,6.069852352142334,0.0020513180643320084,0.6183333396911621
898,861,320,180,C3,43,fit,Y,0.05,False,False,64,312,309,309,300,24,3,0,1,0,1,1508,1508,600,1,all,0.002076678560115397,0,0,300,3.7568557262420654,6.126995086669922,0.0021020486019551754,0.6600000262260437,600,3.629110336303711,6.069852352142334,0.0020513085182756186,0.6183333396911621
898,861,320,180,C3,43,fit,Y,0.05,False,False,64,312,309,309,300,24,3,0,1,0,1,1508,1508,0,1,root_band,,0,0,0,,,,,0,,,,
898,861,320,180,C3,43,fit,Y,0.05,False,False,64,312,309,309,300,24,3,0,1,0,1,1508,1508,600,1,outside_root_band,0.002076678560115397,0,0,300,3.7568557262420654,6.126995086669922,0.0021020486019551754,0.6600000262260437,600,3.629110336303711,6.069852352142334,0.0020513085182756186,0.6183333396911621
899,861,320,180,C3,43,fit,A,0.05,False,False,64,312,309,309,300,24,3,0,1,0,1,1508,1508,600,1,all,0.0020766850793734193,0,0,300,3.7569937705993652,6.126995086669922,0.0021020539570599794,0.6600000262260437,600,3.629430055618286,6.069852352142334,0.002051316201686859,0.6183333396911621
899,861,320,180,C3,43,fit,A,0.05,False,False,64,312,309,309,300,24,3,0,1,0,1,1508,1508,0,1,root_band,,0,0,0,,,,,0,,,,
899,861,320,180,C3,43,fit,A,0.05,False,False,64,312,309,309,300,24,3,0,1,0,1,1508,1508,600,1,outside_root_band,0.0020766850793734193,0,0,300,3.7569937705993652,6.126995086669922,0.0021020539570599794,0.6600000262260437,600,3.629430055618286,6.069852352142334,0.002051316201686859,0.6183333396911621
900,861,320,180,C3,43,fit,B,0.05,False,False,64,312,309,309,300,24,3,0,1,0,1,1508,1508,600,1,all,0.002076687291264534,0,0,300,3.7570362091064453,6.126995086669922,0.0021020558197051287,0.6600000262260437,600,3.629528045654297,6.069852352142334,0.0020513187628239393,0.6183333396911621
900,861,320,180,C3,43,fit,B,0.05,False,False,64,312,309,309,300,24,3,0,1,0,1,1508,1508,0,1,root_band,,0,0,0,,,,,0,,,,
900,861,320,180,C3,43,fit,B,0.05,False,False,64,312,309,309,300,24,3,0,1,0,1,1508,1508,600,1,outside_root_band,0.002076687291264534,0,0,300,3.7570362091064453,6.126995086669922,0.0021020558197051287,0.6600000262260437,600,3.629528045654297,6.069852352142334,0.0020513187628239393,0.6183333396911621
901,861,320,180,C3,43,fit,C,0.05,False,False,64,312,309,309,300,24,3,0,1,0,1,1508,1508,600,1,all,0.0020766810048371553,0,0,300,3.756908893585205,6.126995086669922,0.0021020506974309683,0.6600000262260437,600,3.6292335987091064,6.069852352142334,0.0020513113122433424,0.6183333396911621
901,861,320,180,C3,43,fit,C,0.05,False,False,64,312,309,309,300,24,3,0,1,0,1,1508,1508,0,1,root_band,,0,0,0,,,,,0,,,,
901,861,320,180,C3,43,fit,C,0.05,False,False,64,312,309,309,300,24,3,0,1,0,1,1508,1508,600,1,outside_root_band,0.0020766810048371553,0,0,300,3.756908893585205,6.126995086669922,0.0021020506974309683,0.6600000262260437,600,3.6292335987091064,6.069852352142334,0.0020513113122433424,0.6183333396911621
902,902,320,180,C3,44,nonblind_diagnostic,baseline,0.0,False,False,64,308,305,305,300,24,3,0,1,0,1,1462,1462,600,1,all,0.0675249770283699,0,0,300,10.372214317321777,20.32956314086914,0.06487900763750076,0.8166666626930237,600,10.73536491394043,20.675743103027344,0.07017094641923904,0.824999988079071
902,902,320,180,C3,44,nonblind_diagnostic,baseline,0.0,False,False,64,308,305,305,300,24,3,0,1,0,1,1462,1462,0,1,root_band,,0,0,0,,,,,0,,,,
902,902,320,180,C3,44,nonblind_diagnostic,baseline,0.0,False,False,64,308,305,305,300,24,3,0,1,0,1,1462,1462,600,1,outside_root_band,0.0675249770283699,0,0,300,10.372214317321777,20.32956314086914,0.06487900763750076,0.8166666626930237,600,10.73536491394043,20.675743103027344,0.07017094641923904,0.824999988079071
903,902,320,180,C3,44,nonblind_diagnostic,X,-0.005,False,False,64,308,305,305,300,24,3,0,1,0,1,1462,1462,600,1,all,0.06752580404281616,0,0,300,10.372276306152344,20.32956314086914,0.06487971544265747,0.8166666626930237,600,10.735444068908691,20.675743103027344,0.07017189264297485,0.824999988079071
903,902,320,180,C3,44,nonblind_diagnostic,X,-0.005,False,False,64,308,305,305,300,24,3,0,1,0,1,1462,1462,0,1,root_band,,0,0,0,,,,,0,,,,
903,902,320,180,C3,44,nonblind_diagnostic,X,-0.005,False,False,64,308,305,305,300,24,3,0,1,0,1,1462,1462,600,1,outside_root_band,0.06752580404281616,0,0,300,10.372276306152344,20.32956314086914,0.06487971544265747,0.8166666626930237,600,10.735444068908691,20.675743103027344,0.07017189264297485,0.824999988079071
904,902,320,180,C3,44,nonblind_diagnostic,Y,-0.005,False,False,64,308,305,305,300,24,3,0,1,0,1,1462,1462,600,1,all,0.06752965971827507,0,0,300,10.372597694396973,20.32956314086914,0.06488348543643951,0.8166666626930237,600,10.735772132873535,20.675743103027344,0.07017583400011063,0.824999988079071
904,902,320,180,C3,44,nonblind_diagnostic,Y,-0.005,False,False,64,308,305,305,300,24,3,0,1,0,1,1462,1462,0,1,root_band,,0,0,0,,,,,0,,,,
904,902,320,180,C3,44,nonblind_diagnostic,Y,-0.005,False,False,64,308,305,305,300,24,3,0,1,0,1,1462,1462,600,1,outside_root_band,0.06752965971827507,0,0,300,10.372597694396973,20.32956314086914,0.06488348543643951,0.8166666626930237,600,10.735772132873535,20.675743103027344,0.07017583400011063,0.824999988079071
905,902,320,180,C3,44,nonblind_diagnostic,A,-0.005,False,False,64,308,305,305,300,24,3,0,1,0,1,1462,1462,600,1,all,0.06753043830394745,0,0,300,10.372663497924805,20.32956314086914,0.064884252846241,0.8166666626930237,600,10.73584270477295,20.675743103027344,0.0701766237616539,0.824999988079071
905,902,320,180,C3,44,nonblind_diagnostic,A,-0.005,False,False,64,308,305,305,300,24,3,0,1,0,1,1462,1462,0,1,root_band,,0,0,0,,,,,0,,,,
905,902,320,180,C3,44,nonblind_diagnostic,A,-0.005,False,False,64,308,305,305,300,24,3,0,1,0,1,1462,1462,600,1,outside_root_band,0.06753043830394745,0,0,300,10.372663497924805,20.32956314086914,0.064884252846241,0.8166666626930237,600,10.73584270477295,20.675743103027344,0.0701766237616539,0.824999988079071
906,902,320,180,C3,44,nonblind_diagnostic,B,-0.005,False,False,64,308,305,305,300,24,3,0,1,0,1,1462,1462,600,1,all,0.06752859055995941,0,0,300,10.372511863708496,20.32956314086914,0.06488247960805893,0.8166666626930237,600,10.73568058013916,20.675743103027344,0.0701747015118599,0.824999988079071
906,902,320,180,C3,44,nonblind_diagnostic,B,-0.005,False,False,64,308,305,305,300,24,3,0,1,0,1,1462,1462,0,1,root_band,,0,0,0,,,,,0,,,,
906,902,320,180,C3,44,nonblind_diagnostic,B,-0.005,False,False,64,308,305,305,300,24,3,0,1,0,1,1462,1462,600,1,outside_root_band,0.06752859055995941,0,0,300,10.372511863708496,20.32956314086914,0.06488247960805893,0.8166666626930237,600,10.73568058013916,20.675743103027344,0.0701747015118599,0.824999988079071
907,902,320,180,C3,44,nonblind_diagnostic,C,-0.005,False,False,64,308,305,305,300,24,3,0,1,0,1,1462,1462,600,1,all,0.06752686575055122,0,0,300,10.372369766235352,20.32956314086914,0.06488081812858582,0.8166666626930237,600,10.735529899597168,20.675743103027344,0.07017291337251663,0.824999988079071
907,902,320,180,C3,44,nonblind_diagnostic,C,-0.005,False,False,64,308,305,305,300,24,3,0,1,0,1,1462,1462,0,1,root_band,,0,0,0,,,,,0,,,,
907,902,320,180,C3,44,nonblind_diagnostic,C,-0.005,False,False,64,308,305,305,300,24,3,0,1,0,1,1462,1462,600,1,outside_root_band,0.06752686575055122,0,0,300,10.372369766235352,20.32956314086914,0.06488081812858582,0.8166666626930237,600,10.735529899597168,20.675743103027344,0.07017291337251663,0.824999988079071
908,902,320,180,C3,44,nonblind_diagnostic,X,0.005,False,False,64,308,305,305,300,24,3,0,1,0,1,1462,1462,600,1,all,0.06752406805753708,0,0,300,10.372146606445312,20.32956314086914,0.06487822532653809,0.8166666626930237,600,10.735279083251953,20.675743103027344,0.07016991078853607,0.824999988079071
908,902,320,180,C3,44,nonblind_diagnostic,X,0.005,False,False,64,308,305,305,300,24,3,0,1,0,1,1462,1462,0,1,root_band,,0,0,0,,,,,0,,,,
908,902,320,180,C3,44,nonblind_diagnostic,X,0.005,False,False,64,308,305,305,300,24,3,0,1,0,1,1462,1462,600,1,outside_root_band,0.06752406805753708,0,0,300,10.372146606445312,20.32956314086914,0.06487822532653809,0.8166666626930237,600,10.735279083251953,20.675743103027344,0.07016991078853607,0.824999988079071
909,902,320,180,C3,44,nonblind_diagnostic,Y,0.005,False,False,64,308,305,305,300,24,3,0,1,0,1,1462,1462,600,1,all,0.0675201304256916,0,0,300,10.371820449829102,20.32956314086914,0.06487436592578888,0.8166666626930237,600,10.734943389892578,20.675743103027344,0.07016589492559433,0.824999988079071
909,902,320,180,C3,44,nonblind_diagnostic,Y,0.005,False,False,64,308,305,305,300,24,3,0,1,0,1,1462,1462,0,1,root_band,,0,0,0,,,,,0,,,,
909,902,320,180,C3,44,nonblind_diagnostic,Y,0.005,False,False,64,308,305,305,300,24,3,0,1,0,1,1462,1462,600,1,outside_root_band,0.0675201304256916,0,0,300,10.371820449829102,20.32956314086914,0.06487436592578888,0.8166666626930237,600,10.734943389892578,20.675743103027344,0.07016589492559433,0.824999988079071
910,902,320,180,C3,44,nonblind_diagnostic,A,0.005,False,False,64,308,305,305,300,24,3,0,1,0,1,1462,1462,600,1,all,0.06751904264092445,0,0,300,10.37173080444336,20.32956314086914,0.06487330794334412,0.8166666626930237,600,10.734848022460938,20.675743103027344,0.07016477733850479,0.824999988079071
910,902,320,180,C3,44,nonblind_diagnostic,A,0.005,False,False,64,308,305,305,300,24,3,0,1,0,1,1462,1462,0,1,root_band,,0,0,0,,,,,0,,,,
910,902,320,180,C3,44,nonblind_diagnostic,A,0.005,False,False,64,308,305,305,300,24,3,0,1,0,1,1462,1462,600,1,outside_root_band,0.06751904264092445,0,0,300,10.37173080444336,20.32956314086914,0.06487330794334412,0.8166666626930237,600,10.734848022460938,20.675743103027344,0.07016477733850479,0.824999988079071
911,902,320,180,C3,44,nonblind_diagnostic,B,0.005,False,False,64,308,305,305,300,24,3,0,1,0,1,1462,1462,600,1,all,0.06752106919884682,0,0,300,10.371894836425781,20.32956314086914,0.06487525999546051,0.8166666626930237,600,10.735025405883789,20.675743103027344,0.07016687840223312,0.824999988079071
911,902,320,180,C3,44,nonblind_diagnostic,B,0.005,False,False,64,308,305,305,300,24,3,0,1,0,1,1462,1462,0,1,root_band,,0,0,0,,,,,0,,,,
911,902,320,180,C3,44,nonblind_diagnostic,B,0.005,False,False,64,308,305,305,300,24,3,0,1,0,1,1462,1462,600,1,outside_root_band,0.06752106919884682,0,0,300,10.371894836425781,20.32956314086914,0.06487525999546051,0.8166666626930237,600,10.735025405883789,20.675743103027344,0.07016687840223312,0.824999988079071
912,902,320,180,C3,44,nonblind_diagnostic,C,0.005,False,False,64,308,305,305,300,24,3,0,1,0,1,1462,1462,600,1,all,0.06752302125096321,0,0,300,10.372055053710938,20.32956314086914,0.06487713009119034,0.8166666626930237,600,10.73519515991211,20.675743103027344,0.07016891241073608,0.824999988079071
912,902,320,180,C3,44,nonblind_diagnostic,C,0.005,False,False,64,308,305,305,300,24,3,0,1,0,1,1462,1462,0,1,root_band,,0,0,0,,,,,0,,,,
912,902,320,180,C3,44,nonblind_diagnostic,C,0.005,False,False,64,308,305,305,300,24,3,0,1,0,1,1462,1462,600,1,outside_root_band,0.06752302125096321,0,0,300,10.372055053710938,20.32956314086914,0.06487713009119034,0.8166666626930237,600,10.73519515991211,20.675743103027344,0.07016891241073608,0.824999988079071
913,902,320,180,C3,44,nonblind_diagnostic,X,-0.01,False,False,64,308,305,305,300,24,3,0,1,0,1,1462,1462,600,1,all,0.06752662733197212,0,0,300,10.372337341308594,20.32956314086914,0.06488040834665298,0.8166666626930237,600,10.735522270202637,20.675743103027344,0.07017284631729126,0.824999988079071
913,902,320,180,C3,44,nonblind_diagnostic,X,-0.01,False,False,64,308,305,305,300,24,3,0,1,0,1,1462,1462,0,1,root_band,,0,0,0,,,,,0,,,,
913,902,320,180,C3,44,nonblind_diagnostic,X,-0.01,False,False,64,308,305,305,300,24,3,0,1,0,1,1462,1462,600,1,outside_root_band,0.06752662733197212,0,0,300,10.372337341308594,20.32956314086914,0.06488040834665298,0.8166666626930237,600,10.735522270202637,20.675743103027344,0.07017284631729126,0.824999988079071
914,902,320,180,C3,44,nonblind_diagnostic,Y,-0.01,False,False,64,308,305,305,300,24,3,0,1,0,1,1462,1462,600,1,all,0.06753451004624367,0,0,300,10.372990608215332,20.32956314086914,0.06488814204931259,0.8166666626930237,600,10.73619556427002,20.675743103027344,0.07018087804317474,0.824999988079071
914,902,320,180,C3,44,nonblind_diagnostic,Y,-0.01,False,False,64,308,305,305,300,24,3,0,1,0,1,1462,1462,0,1,root_band,,0,0,0,,,,,0,,,,
914,902,320,180,C3,44,nonblind_diagnostic,Y,-0.01,False,False,64,308,305,305,300,24,3,0,1,0,1,1462,1462,600,1,outside_root_band,0.06753451004624367,0,0,300,10.372990608215332,20.32956314086914,0.06488814204931259,0.8166666626930237,600,10.73619556427002,20.675743103027344,0.07018087804317474,0.824999988079071
915,902,320,180,C3,44,nonblind_diagnostic,A,-0.01,False,False,64,308,305,305,300,24,3,0,1,0,1,1462,1462,600,1,all,0.06753652915358543,0,0,300,10.373159408569336,20.32956314086914,0.06489010155200958,0.8166666626930237,600,10.736369132995605,20.675743103027344,0.07018295675516129,0.824999988079071
915,902,320,180,C3,44,nonblind_diagnostic,A,-0.01,False,False,64,308,305,305,300,24,3,0,1,0,1,1462,1462,0,1,root_band,,0,0,0,,,,,0,,,,
915,902,320,180,C3,44,nonblind_diagnostic,A,-0.01,False,False,64,308,305,305,300,24,3,0,1,0,1,1462,1462,600,1,outside_root_band,0.06753652915358543,0,0,300,10.373159408569336,20.32956314086914,0.06489010155200958,0.8166666626930237,600,10.736369132995605,20.675743103027344,0.07018295675516129,0.824999988079071
916,902,320,180,C3,44,nonblind_diagnostic,B,-0.01,False,False,64,308,305,305,300,24,3,0,1,0,1,1462,1462,600,1,all,0.06753252819180489,0,0,300,10.372834205627441,20.32956314086914,0.06488625705242157,0.8166666626930237,600,10.736023902893066,20.675743103027344,0.0701787993311882,0.824999988079071
916,902,320,180,C3,44,nonblind_diagnostic,B,-0.01,False,False,64,308,305,305,300,24,3,0,1,0,1,1462,1462,0,1,root_band,,0,0,0,,,,,0,,,,
916,902,320,180,C3,44,nonblind_diagnostic,B,-0.01,False,False,64,308,305,305,300,24,3,0,1,0,1,1462,1462,600,1,outside_root_band,0.06753252819180489,0,0,300,10.372834205627441,20.32956314086914,0.06488625705242157,0.8166666626930237,600,10.736023902893066,20.675743103027344,0.0701787993311882,0.824999988079071
917,902,320,180,C3,44,nonblind_diagnostic,C,-0.01,False,False,64,308,305,305,300,24,3,0,1,0,1,1462,1462,600,1,all,0.06752868741750717,0,0,300,10.372518539428711,20.32956314086914,0.06488256901502609,0.8166666626930237,600,10.735688209533691,20.675743103027344,0.07017480581998825,0.824999988079071
917,902,320,180,C3,44,nonblind_diagnostic,C,-0.01,False,False,64,308,305,305,300,24,3,0,1,0,1,1462,1462,0,1,root_band,,0,0,0,,,,,0,,,,
917,902,320,180,C3,44,nonblind_diagnostic,C,-0.01,False,False,64,308,305,305,300,24,3,0,1,0,1,1462,1462,600,1,outside_root_band,0.06752868741750717,0,0,300,10.372518539428711,20.32956314086914,0.06488256901502609,0.8166666626930237,600,10.735688209533691,20.675743103027344,0.07017480581998825,0.824999988079071
918,902,320,180,C3,44,nonblind_diagnostic,X,0.01,False,False,64,308,305,305,300,24,3,0,1,0,1,1462,1462,600,1,all,0.0675232745707035,0,0,300,10.372088432312012,20.32956314086914,0.06487754732370377,0.8166666626930237,600,10.735201835632324,20.675743103027344,0.07016900181770325,0.824999988079071
918,902,320,180,C3,44,nonblind_diagnostic,X,0.01,False,False,64,308,305,305,300,24,3,0,1,0,1,1462,1462,0,1,root_band,,0,0,0,,,,,0,,,,
918,902,320,180,C3,44,nonblind_diagnostic,X,0.01,False,False,64,308,305,305,300,24,3,0,1,0,1,1462,1462,600,1,outside_root_band,0.0675232745707035,0,0,300,10.372088432312012,20.32956314086914,0.06487754732370377,0.8166666626930237,600,10.735201835632324,20.675743103027344,0.07016900181770325,0.824999988079071
919,902,320,180,C3,44,nonblind_diagnostic,Y,0.01,False,False,64,308,305,305,300,24,3,0,1,0,1,1462,1462,600,1,all,0.06751539185643196,0,0,300,10.371434211730957,20.32956314086914,0.06486982852220535,0.8166666626930237,600,10.734530448913574,20.675743103027344,0.07016095519065857,0.824999988079071
919,902,320,180,C3,44,nonblind_diagnostic,Y,0.01,False,False,64,308,305,305,300,24,3,0,1,0,1,1462,1462,0,1,root_band,,0,0,0,,,,,0,,,,
919,902,320,180,C3,44,nonblind_diagnostic,Y,0.01,False,False,64,308,305,305,300,24,3,0,1,0,1,1462,1462,600,1,outside_root_band,0.06751539185643196,0,0,300,10.371434211730957,20.32956314086914,0.06486982852220535,0.8166666626930237,600,10.734530448913574,20.675743103027344,0.07016095519065857,0.824999988079071
920,902,320,180,C3,44,nonblind_diagnostic,A,0.01,False,False,64,308,305,305,300,24,3,0,1,0,1,1462,1462,600,1,all,0.06751348450779915,0,0,300,10.3712739944458,20.32956314086914,0.06486797332763672,0.8166666626930237,600,10.734363555908203,20.675743103027344,0.07015899568796158,0.824999988079071
920,902,320,180,C3,44,nonblind_diagnostic,A,0.01,False,False,64,308,305,305,300,24,3,0,1,0,1,1462,1462,0,1,root_band,,0,0,0,,,,,0,,,,
920,902,320,180,C3,44,nonblind_diagnostic,A,0.01,False,False,64,308,305,305,300,24,3,0,1,0,1,1462,1462,600,1,outside_root_band,0.06751348450779915,0,0,300,10.3712739944458,20.32956314086914,0.06486797332763672,0.8166666626930237,600,10.734363555908203,20.675743103027344,0.07015899568796158,0.824999988079071
921,902,320,180,C3,44,nonblind_diagnostic,B,0.01,False,False,64,308,305,305,300,24,3,0,1,0,1,1462,1462,600,1,all,0.0675172284245491,0,0,300,10.37158203125,20.32956314086914,0.06487157195806503,0.8166666626930237,600,10.734689712524414,20.675743103027344,0.07016288489103317,0.824999988079071
921,902,320,180,C3,44,nonblind_diagnostic,B,0.01,False,False,64,308,305,305,300,24,3,0,1,0,1,1462,1462,0,1,root_band,,0,0,0,,,,,0,,,,
921,902,320,180,C3,44,nonblind_diagnostic,B,0.01,False,False,64,308,305,305,300,24,3,0,1,0,1,1462,1462,600,1,outside_root_band,0.0675172284245491,0,0,300,10.37158203125,20.32956314086914,0.06487157195806503,0.8166666626930237,600,10.734689712524414,20.675743103027344,0.07016288489103317,0.824999988079071
922,902,320,180,C3,44,nonblind_diagnostic,C,0.01,False,False,64,308,305,305,300,24,3,0,1,0,1,1462,1462,600,1,all,0.06752121821045876,0,0,300,10.371906280517578,20.32956314086914,0.06487540155649185,0.8166666626930237,600,10.73503589630127,20.675743103027344,0.07016703486442566,0.824999988079071
922,902,320,180,C3,44,nonblind_diagnostic,C,0.01,False,False,64,308,305,305,300,24,3,0,1,0,1,1462,1462,0,1,root_band,,0,0,0,,,,,0,,,,
922,902,320,180,C3,44,nonblind_diagnostic,C,0.01,False,False,64,308,305,305,300,24,3,0,1,0,1,1462,1462,600,1,outside_root_band,0.06752121821045876,0,0,300,10.371906280517578,20.32956314086914,0.06487540155649185,0.8166666626930237,600,10.73503589630127,20.675743103027344,0.07016703486442566,0.824999988079071
923,902,320,180,C3,44,nonblind_diagnostic,X,-0.02,False,False,64,308,305,305,300,24,3,0,1,0,1,1462,1462,600,1,all,0.06752829626202583,0,0,300,10.37246322631836,20.32956314086914,0.06488185375928879,0.8166666626930237,600,10.73568344116211,20.675743103027344,0.07017473876476288,0.824999988079071
923,902,320,180,C3,44,nonblind_diagnostic,X,-0.02,False,False,64,308,305,305,300,24,3,0,1,0,1,1462,1462,0,1,root_band,,0,0,0,,,,,0,,,,
923,902,320,180,C3,44,nonblind_diagnostic,X,-0.02,False,False,64,308,305,305,300,24,3,0,1,0,1,1462,1462,600,1,outside_root_band,0.06752829626202583,0,0,300,10.37246322631836,20.32956314086914,0.06488185375928879,0.8166666626930237,600,10.73568344116211,20.675743103027344,0.07017473876476288,0.824999988079071
924,902,320,180,C3,44,nonblind_diagnostic,Y,-0.02,False,False,64,308,305,305,300,24,3,0,1,0,1,1462,1462,600,1,all,0.06754394620656967,0,0,300,10.373759269714355,20.32956314086914,0.06489717215299606,0.8166666626930237,600,10.737015724182129,20.675743103027344,0.07019072026014328,0.824999988079071
924,902,320,180,C3,44,nonblind_diagnostic,Y,-0.02,False,False,64,308,305,305,300,24,3,0,1,0,1,1462,1462,0,1,root_band,,0,0,0,,,,,0,,,,
924,902,320,180,C3,44,nonblind_diagnostic,Y,-0.02,False,False,64,308,305,305,300,24,3,0,1,0,1,1462,1462,600,1,outside_root_band,0.06754394620656967,0,0,300,10.373759269714355,20.32956314086914,0.06489717215299606,0.8166666626930237,600,10.737015724182129,20.675743103027344,0.07019072026014328,0.824999988079071
925,902,320,180,C3,44,nonblind_diagnostic,A,-0.02,False,False,64,308,305,305,300,24,3,0,1,0,1,1462,1462,600,1,all,0.06754792481660843,0,0,300,10.374092102050781,20.32956314086914,0.06490103155374527,0.8166666626930237,600,10.7373628616333,20.675743103027344,0.07019481807947159,0.824999988079071
925,902,320,180,C3,44,nonblind_diagnostic,A,-0.02,False,False,64,308,305,305,300,24,3,0,1,0,1,1462,1462,0,1,root_band,,0,0,0,,,,,0,,,,
925,902,320,180,C3,44,nonblind_diagnostic,A,-0.02,False,False,64,308,305,305,300,24,3,0,1,0,1,1462,1462,600,1,outside_root_band,0.06754792481660843,0,0,300,10.374092102050781,20.32956314086914,0.06490103155374527,0.8166666626930237,600,10.7373628616333,20.675743103027344,0.07019481807947159,0.824999988079071
926,902,320,180,C3,44,nonblind_diagnostic,B,-0.02,False,False,64,308,305,305,300,24,3,0,1,0,1,1462,1462,600,1,all,0.06754010543227196,0,0,300,10.373453140258789,20.32956314086914,0.06489352881908417,0.8166666626930237,600,10.73668384552002,20.675743103027344,0.07018668204545975,0.824999988079071
926,902,320,180,C3,44,nonblind_diagnostic,B,-0.02,False,False,64,308,305,305,300,24,3,0,1,0,1,1462,1462,0,1,root_band,,0,0,0,,,,,0,,,,
926,902,320,180,C3,44,nonblind_diagnostic,B,-0.02,False,False,64,308,305,305,300,24,3,0,1,0,1,1462,1462,600,1,outside_root_band,0.06754010543227196,0,0,300,10.373453140258789,20.32956314086914,0.06489352881908417,0.8166666626930237,600,10.73668384552002,20.675743103027344,0.07018668204545975,0.824999988079071
927,902,320,180,C3,44,nonblind_diagnostic,C,-0.02,False,False,64,308,305,305,300,24,3,0,1,0,1,1462,1462,600,1,all,0.06753252819180489,0,0,300,10.372834205627441,20.32956314086914,0.06488625705242157,0.8166666626930237,600,10.736023902893066,20.675743103027344,0.0701787993311882,0.824999988079071
927,902,320,180,C3,44,nonblind_diagnostic,C,-0.02,False,False,64,308,305,305,300,24,3,0,1,0,1,1462,1462,0,1,root_band,,0,0,0,,,,,0,,,,
927,902,320,180,C3,44,nonblind_diagnostic,C,-0.02,False,False,64,308,305,305,300,24,3,0,1,0,1,1462,1462,600,1,outside_root_band,0.06753252819180489,0,0,300,10.372834205627441,20.32956314086914,0.06488625705242157,0.8166666626930237,600,10.736023902893066,20.675743103027344,0.0701787993311882,0.824999988079071
928,902,320,180,C3,44,nonblind_diagnostic,X,0.02,False,False,64,308,305,305,300,24,3,0,1,0,1,1462,1462,600,1,all,0.06752149015665054,0,0,300,10.371954917907715,20.32956314086914,0.0648760050535202,0.8166666626930237,600,10.735033988952637,20.675743103027344,0.07016697525978088,0.824999988079071
928,902,320,180,C3,44,nonblind_diagnostic,X,0.02,False,False,64,308,305,305,300,24,3,0,1,0,1,1462,1462,0,1,root_band,,0,0,0,,,,,0,,,,
928,902,320,180,C3,44,nonblind_diagnostic,X,0.02,False,False,64,308,305,305,300,24,3,0,1,0,1,1462,1462,600,1,outside_root_band,0.06752149015665054,0,0,300,10.371954917907715,20.32956314086914,0.0648760050535202,0.8166666626930237,600,10.735033988952637,20.675743103027344,0.07016697525978088,0.824999988079071
929,902,320,180,C3,44,nonblind_diagnostic,Y,0.02,False,False,64,308,305,305,300,24,3,0,1,0,1,1462,1462,600,1,all,0.0675058662891388,0,0,300,10.370657920837402,20.32956314086914,0.06486070156097412,0.8166666626930237,600,10.733698844909668,20.675743103027344,0.07015103101730347,0.824999988079071
929,902,320,180,C3,44,nonblind_diagnostic,Y,0.02,False,False,64,308,305,305,300,24,3,0,1,0,1,1462,1462,0,1,root_band,,0,0,0,,,,,0,,,,
929,902,320,180,C3,44,nonblind_diagnostic,Y,0.02,False,False,64,308,305,305,300,24,3,0,1,0,1,1462,1462,600,1,outside_root_band,0.0675058662891388,0,0,300,10.370657920837402,20.32956314086914,0.06486070156097412,0.8166666626930237,600,10.733698844909668,20.675743103027344,0.07015103101730347,0.824999988079071
930,902,320,180,C3,44,nonblind_diagnostic,A,0.02,False,False,64,308,305,305,300,24,3,0,1,0,1,1462,1462,600,1,all,0.06750210374593735,0,0,300,10.370341300964355,20.32956314086914,0.06485705822706223,0.8166666626930237,600,10.733368873596191,20.675743103027344,0.07014714926481247,0.824999988079071
930,902,320,180,C3,44,nonblind_diagnostic,A,0.02,False,False,64,308,305,305,300,24,3,0,1,0,1,1462,1462,0,1,root_band,,0,0,0,,,,,0,,,,
930,902,320,180,C3,44,nonblind_diagnostic,A,0.02,False,False,64,308,305,305,300,24,3,0,1,0,1,1462,1462,600,1,outside_root_band,0.06750210374593735,0,0,300,10.370341300964355,20.32956314086914,0.06485705822706223,0.8166666626930237,600,10.733368873596191,20.675743103027344,0.07014714926481247,0.824999988079071
931,902,320,180,C3,44,nonblind_diagnostic,B,0.02,False,False,64,308,305,305,300,24,3,0,1,0,1,1462,1462,600,1,all,0.06750964373350143,0,0,300,10.370959281921387,20.32956314086914,0.06486428529024124,0.8166666626930237,600,10.734028816223145,20.675743103027344,0.07015500217676163,0.824999988079071
931,902,320,180,C3,44,nonblind_diagnostic,B,0.02,False,False,64,308,305,305,300,24,3,0,1,0,1,1462,1462,0,1,root_band,,0,0,0,,,,,0,,,,
931,902,320,180,C3,44,nonblind_diagnostic,B,0.02,False,False,64,308,305,305,300,24,3,0,1,0,1,1462,1462,600,1,outside_root_band,0.06750964373350143,0,0,300,10.370959281921387,20.32956314086914,0.06486428529024124,0.8166666626930237,600,10.734028816223145,20.675743103027344,0.07015500217676163,0.824999988079071
932,902,320,180,C3,44,nonblind_diagnostic,C,0.02,False,False,64,308,305,305,300,24,3,0,1,0,1,1462,1462,600,1,all,0.06751732528209686,0,0,300,10.371588706970215,20.32956314086914,0.0648716613650322,0.8166666626930237,600,10.734699249267578,20.675743103027344,0.07016298919916153,0.824999988079071
932,902,320,180,C3,44,nonblind_diagnostic,C,0.02,False,False,64,308,305,305,300,24,3,0,1,0,1,1462,1462,0,1,root_band,,0,0,0,,,,,0,,,,
932,902,320,180,C3,44,nonblind_diagnostic,C,0.02,False,False,64,308,305,305,300,24,3,0,1,0,1,1462,1462,600,1,outside_root_band,0.06751732528209686,0,0,300,10.371588706970215,20.32956314086914,0.0648716613650322,0.8166666626930237,600,10.734699249267578,20.675743103027344,0.07016298919916153,0.824999988079071
933,902,320,180,C3,44,nonblind_diagnostic,X,-0.05,False,False,64,308,305,305,300,24,3,0,1,0,1,1462,1462,600,1,all,0.06753329187631607,0,0,300,10.372836112976074,20.32956314086914,0.06488616019487381,0.8166666626930237,600,10.736159324645996,20.675743103027344,0.07018042355775833,0.824999988079071
933,902,320,180,C3,44,nonblind_diagnostic,X,-0.05,False,False,64,308,305,305,300,24,3,0,1,0,1,1462,1462,0,1,root_band,,0,0,0,,,,,0,,,,
933,902,320,180,C3,44,nonblind_diagnostic,X,-0.05,False,False,64,308,305,305,300,24,3,0,1,0,1,1462,1462,600,1,outside_root_band,0.06753329187631607,0,0,300,10.372836112976074,20.32956314086914,0.06488616019487381,0.8166666626930237,600,10.736159324645996,20.675743103027344,0.07018042355775833,0.824999988079071
934,902,320,180,C3,44,nonblind_diagnostic,Y,-0.05,False,False,64,308,305,305,300,24,3,0,1,0,1,1462,1462,600,1,all,0.06757256016135216,0,0,300,10.376082420349121,20.32956314086914,0.06492458283901215,0.8166666626930237,600,10.739501953125,20.675743103027344,0.07022053748369217,0.824999988079071
934,902,320,180,C3,44,nonblind_diagnostic,Y,-0.05,False,False,64,308,305,305,300,24,3,0,1,0,1,1462,1462,0,1,root_band,,0,0,0,,,,,0,,,,
934,902,320,180,C3,44,nonblind_diagnostic,Y,-0.05,False,False,64,308,305,305,300,24,3,0,1,0,1,1462,1462,600,1,outside_root_band,0.06757256016135216,0,0,300,10.376082420349121,20.32956314086914,0.06492458283901215,0.8166666626930237,600,10.739501953125,20.675743103027344,0.07022053748369217,0.824999988079071
935,902,320,180,C3,44,nonblind_diagnostic,A,-0.05,False,False,64,308,305,305,300,24,3,0,1,0,1,1462,1462,600,1,all,0.06758289784193039,0,0,300,10.376940727233887,20.32956314086914,0.0649346187710762,0.8166666626930237,600,10.740398406982422,20.675743103027344,0.07023117691278458,0.824999988079071
935,902,320,180,C3,44,nonblind_diagnostic,A,-0.05,False,False,64,308,305,305,300,24,3,0,1,0,1,1462,1462,0,1,root_band,,0,0,0,,,,,0,,,,
935,902,320,180,C3,44,nonblind_diagnostic,A,-0.05,False,False,64,308,305,305,300,24,3,0,1,0,1,1462,1462,600,1,outside_root_band,0.06758289784193039,0,0,300,10.376940727233887,20.32956314086914,0.0649346187710762,0.8166666626930237,600,10.740398406982422,20.675743103027344,0.07023117691278458,0.824999988079071
936,902,320,180,C3,44,nonblind_diagnostic,B,-0.05,False,False,64,308,305,305,300,24,3,0,1,0,1,1462,1462,600,1,all,0.06756347045302391,0,0,300,10.375359535217285,20.32956314086914,0.0649159625172615,0.8166666626930237,600,10.738712310791016,20.675743103027344,0.07021097838878632,0.824999988079071
936,902,320,180,C3,44,nonblind_diagnostic,B,-0.05,False,False,64,308,305,305,300,24,3,0,1,0,1,1462,1462,0,1,root_band,,0,0,0,,,,,0,,,,
936,902,320,180,C3,44,nonblind_diagnostic,B,-0.05,False,False,64,308,305,305,300,24,3,0,1,0,1,1462,1462,600,1,outside_root_band,0.06756347045302391,0,0,300,10.375359535217285,20.32956314086914,0.0649159625172615,0.8166666626930237,600,10.738712310791016,20.675743103027344,0.07021097838878632,0.824999988079071
937,902,320,180,C3,44,nonblind_diagnostic,C,-0.05,False,False,64,308,305,305,300,24,3,0,1,0,1,1462,1462,600,1,all,0.06754417344927788,0,0,300,10.373785018920898,20.32956314086914,0.06489743292331696,0.8166666626930237,600,10.73703670501709,20.675743103027344,0.0701909139752388,0.824999988079071
937,902,320,180,C3,44,nonblind_diagnostic,C,-0.05,False,False,64,308,305,305,300,24,3,0,1,0,1,1462,1462,0,1,root_band,,0,0,0,,,,,0,,,,
937,902,320,180,C3,44,nonblind_diagnostic,C,-0.05,False,False,64,308,305,305,300,24,3,0,1,0,1,1462,1462,600,1,outside_root_band,0.06754417344927788,0,0,300,10.373785018920898,20.32956314086914,0.06489743292331696,0.8166666626930237,600,10.73703670501709,20.675743103027344,0.0701909139752388,0.824999988079071
938,902,320,180,C3,44,nonblind_diagnostic,X,0.05,False,False,64,308,305,305,300,24,3,0,1,0,1,1462,1462,600,1,all,0.06751656904816628,0,0,300,10.371588706970215,20.32956314086914,0.06487181037664413,0.8166666626930237,600,10.73455810546875,20.675743103027344,0.07016132771968842,0.824999988079071
938,902,320,180,C3,44,nonblind_diagnostic,X,0.05,False,False,64,308,305,305,300,24,3,0,1,0,1,1462,1462,0,1,root_band,,0,0,0,,,,,0,,,,
938,902,320,180,C3,44,nonblind_diagnostic,X,0.05,False,False,64,308,305,305,300,24,3,0,1,0,1,1462,1462,600,1,outside_root_band,0.06751656904816628,0,0,300,10.371588706970215,20.32956314086914,0.06487181037664413,0.8166666626930237,600,10.73455810546875,20.675743103027344,0.07016132771968842,0.824999988079071
939,902,320,180,C3,44,nonblind_diagnostic,Y,0.05,False,False,64,308,305,305,300,24,3,0,1,0,1,1462,1462,600,1,all,0.06747743859887123,0,0,300,10.368332862854004,20.32956314086914,0.06483347713947296,0.8166666626930237,600,10.731213569641113,20.675743103027344,0.0701214000582695,0.824999988079071
939,902,320,180,C3,44,nonblind_diagnostic,Y,0.05,False,False,64,308,305,305,300,24,3,0,1,0,1,1462,1462,0,1,root_band,,0,0,0,,,,,0,,,,
939,902,320,180,C3,44,nonblind_diagnostic,Y,0.05,False,False,64,308,305,305,300,24,3,0,1,0,1,1462,1462,600,1,outside_root_band,0.06747743859887123,0,0,300,10.368332862854004,20.32956314086914,0.06483347713947296,0.8166666626930237,600,10.731213569641113,20.675743103027344,0.0701214000582695,0.824999988079071
940,902,320,180,C3,44,nonblind_diagnostic,A,0.05,False,False,64,308,305,305,300,24,3,0,1,0,1,1462,1462,600,1,all,0.06746845692396164,0,0,300,10.367574691772461,20.32956314086914,0.06482475250959396,0.8166666626930237,600,10.730423927307129,20.675743103027344,0.07011216133832932,0.824999988079071
940,902,320,180,C3,44,nonblind_diagnostic,A,0.05,False,False,64,308,305,305,300,24,3,0,1,0,1,1462,1462,0,1,root_band,,0,0,0,,,,,0,,,,
940,902,320,180,C3,44,nonblind_diagnostic,A,0.05,False,False,64,308,305,305,300,24,3,0,1,0,1,1462,1462,600,1,outside_root_band,0.06746845692396164,0,0,300,10.367574691772461,20.32956314086914,0.06482475250959396,0.8166666626930237,600,10.730423927307129,20.675743103027344,0.07011216133832932,0.824999988079071
941,902,320,180,C3,44,nonblind_diagnostic,B,0.05,False,False,64,308,305,305,300,24,3,0,1,0,1,1462,1462,600,1,all,0.06748724728822708,0,0,300,10.369120597839355,20.32956314086914,0.06484278291463852,0.8166666626930237,600,10.732069969177246,20.675743103027344,0.07013171166181564,0.824999988079071
941,902,320,180,C3,44,nonblind_diagnostic,B,0.05,False,False,64,308,305,305,300,24,3,0,1,0,1,1462,1462,0,1,root_band,,0,0,0,,,,,0,,,,
941,902,320,180,C3,44,nonblind_diagnostic,B,0.05,False,False,64,308,305,305,300,24,3,0,1,0,1,1462,1462,600,1,outside_root_band,0.06748724728822708,0,0,300,10.369120597839355,20.32956314086914,0.06484278291463852,0.8166666626930237,600,10.732069969177246,20.675743103027344,0.07013171166181564,0.824999988079071
942,902,320,180,C3,44,nonblind_diagnostic,C,0.05,False,False,64,308,305,305,300,24,3,0,1,0,1,1462,1462,600,1,all,0.0675061009824276,0,0,300,10.370668411254883,20.32956314086914,0.06486088782548904,0.8166666626930237,600,10.733717918395996,20.675743103027344,0.07015131413936615,0.824999988079071
942,902,320,180,C3,44,nonblind_diagnostic,C,0.05,False,False,64,308,305,305,300,24,3,0,1,0,1,1462,1462,0,1,root_band,,0,0,0,,,,,0,,,,
942,902,320,180,C3,44,nonblind_diagnostic,C,0.05,False,False,64,308,305,305,300,24,3,0,1,0,1,1462,1462,600,1,outside_root_band,0.0675061009824276,0,0,300,10.370668411254883,20.32956314086914,0.06486088782548904,0.8166666626930237,600,10.733717918395996,20.675743103027344,0.07015131413936615,0.824999988079071
943,943,320,180,C3,45,nonblind_diagnostic,baseline,0.0,False,False,64,97,94,94,94,4,3,0,0,0,1,507,507,507,0,all,0.19271358102560043,0,0,94,20.250747680664062,22.865795135498047,0.187531977891922,1.0,507,20.873199462890625,23.33725357055664,0.19789518415927887,1.0
943,943,320,180,C3,45,nonblind_diagnostic,baseline,0.0,False,False,64,97,94,94,94,4,3,0,0,0,1,507,507,0,0,root_band,,0,0,0,,,,,0,,,,
943,943,320,180,C3,45,nonblind_diagnostic,baseline,0.0,False,False,64,97,94,94,94,4,3,0,0,0,1,507,507,507,0,outside_root_band,0.19271358102560043,0,0,94,20.250747680664062,22.865795135498047,0.187531977891922,1.0,507,20.873199462890625,23.33725357055664,0.19789518415927887,1.0
944,943,320,180,C3,45,nonblind_diagnostic,X,-0.005,False,False,64,97,94,94,94,4,3,0,0,0,1,507,507,507,0,all,0.1927148997783661,0,0,94,20.250829696655273,22.865795135498047,0.18753331899642944,1.0,507,20.873279571533203,23.33725357055664,0.19789648056030273,1.0
944,943,320,180,C3,45,nonblind_diagnostic,X,-0.005,False,False,64,97,94,94,94,4,3,0,0,0,1,507,507,0,0,root_band,,0,0,0,,,,,0,,,,
944,943,320,180,C3,45,nonblind_diagnostic,X,-0.005,False,False,64,97,94,94,94,4,3,0,0,0,1,507,507,507,0,outside_root_band,0.1927148997783661,0,0,94,20.250829696655273,22.865795135498047,0.18753331899642944,1.0,507,20.873279571533203,23.33725357055664,0.19789648056030273,1.0
945,943,320,180,C3,45,nonblind_diagnostic,Y,-0.005,False,False,64,97,94,94,94,4,3,0,0,0,1,507,507,507,0,all,0.19272061437368393,0,0,94,20.251174926757812,22.865795135498047,0.1875389963388443,1.0,507,20.873628616333008,23.33725357055664,0.19790223240852356,1.0
945,943,320,180,C3,45,nonblind_diagnostic,Y,-0.005,False,False,64,97,94,94,94,4,3,0,0,0,1,507,507,0,0,root_band,,0,0,0,,,,,0,,,,
945,943,320,180,C3,45,nonblind_diagnostic,Y,-0.005,False,False,64,97,94,94,94,4,3,0,0,0,1,507,507,507,0,outside_root_band,0.19272061437368393,0,0,94,20.251174926757812,22.865795135498047,0.1875389963388443,1.0,507,20.873628616333008,23.33725357055664,0.19790223240852356,1.0
946,943,320,180,C3,45,nonblind_diagnostic,A,-0.005,False,False,64,97,94,94,94,4,3,0,0,0,1,507,507,507,0,all,0.19272174686193466,0,0,94,20.251245498657227,22.865795135498047,0.18754012882709503,1.0,507,20.87369728088379,23.33725357055664,0.1979033648967743,1.0
946,943,320,180,C3,45,nonblind_diagnostic,A,-0.005,False,False,64,97,94,94,94,4,3,0,0,0,1,507,507,0,0,root_band,,0,0,0,,,,,0,,,,
946,943,320,180,C3,45,nonblind_diagnostic,A,-0.005,False,False,64,97,94,94,94,4,3,0,0,0,1,507,507,507,0,outside_root_band,0.19272174686193466,0,0,94,20.251245498657227,22.865795135498047,0.18754012882709503,1.0,507,20.87369728088379,23.33725357055664,0.1979033648967743,1.0
947,943,320,180,C3,45,nonblind_diagnostic,B,-0.005,False,False,64,97,94,94,94,4,3,0,0,0,1,507,507,507,0,all,0.1927190124988556,0,0,94,20.251081466674805,22.865795135498047,0.18753740191459656,1.0,507,20.873531341552734,23.33725357055664,0.19790062308311462,1.0
947,943,320,180,C3,45,nonblind_diagnostic,B,-0.005,False,False,64,97,94,94,94,4,3,0,0,0,1,507,507,0,0,root_band,,0,0,0,,,,,0,,,,
947,943,320,180,C3,45,nonblind_diagnostic,B,-0.005,False,False,64,97,94,94,94,4,3,0,0,0,1,507,507,507,0,outside_root_band,0.1927190124988556,0,0,94,20.251081466674805,22.865795135498047,0.18753740191459656,1.0,507,20.873531341552734,23.33725357055664,0.19790062308311462,1.0
948,943,320,180,C3,45,nonblind_diagnostic,C,-0.005,False,False,64,97,94,94,94,4,3,0,0,0,1,507,507,507,0,all,0.19271646440029144,0,0,94,20.250925064086914,22.865795135498047,0.1875348538160324,1.0,507,20.873376846313477,23.33725357055664,0.19789807498455048,1.0
948,943,320,180,C3,45,nonblind_diagnostic,C,-0.005,False,False,64,97,94,94,94,4,3,0,0,0,1,507,507,0,0,root_band,,0,0,0,,,,,0,,,,
948,943,320,180,C3,45,nonblind_diagnostic,C,-0.005,False,False,64,97,94,94,94,4,3,0,0,0,1,507,507,507,0,outside_root_band,0.19271646440029144,0,0,94,20.250925064086914,22.865795135498047,0.1875348538160324,1.0,507,20.873376846313477,23.33725357055664,0.19789807498455048,1.0
949,943,320,180,C3,45,nonblind_diagnostic,X,0.005,False,False,64,97,94,94,94,4,3,0,0,0,1,507,507,507,0,all,0.19271226227283478,0,0,94,20.250669479370117,22.865795135498047,0.18753069639205933,1.0,507,20.873119354248047,23.33725357055664,0.19789382815361023,1.0
949,943,320,180,C3,45,nonblind_diagnostic,X,0.005,False,False,64,97,94,94,94,4,3,0,0,0,1,507,507,0,0,root_band,,0,0,0,,,,,0,,,,
949,943,320,180,C3,45,nonblind_diagnostic,X,0.005,False,False,64,97,94,94,94,4,3,0,0,0,1,507,507,507,0,outside_root_band,0.19271226227283478,0,0,94,20.250669479370117,22.865795135498047,0.18753069639205933,1.0,507,20.873119354248047,23.33725357055664,0.19789382815361023,1.0
950,943,320,180,C3,45,nonblind_diagnostic,Y,0.005,False,False,64,97,94,94,94,4,3,0,0,0,1,507,507,507,0,all,0.19270679354667664,0,0,94,20.250337600708008,22.865795135498047,0.18752524256706238,1.0,507,20.872787475585938,23.33725357055664,0.1978883445262909,1.0
950,943,320,180,C3,45,nonblind_diagnostic,Y,0.005,False,False,64,97,94,94,94,4,3,0,0,0,1,507,507,0,0,root_band,,0,0,0,,,,,0,,,,
950,943,320,180,C3,45,nonblind_diagnostic,Y,0.005,False,False,64,97,94,94,94,4,3,0,0,0,1,507,507,507,0,outside_root_band,0.19270679354667664,0,0,94,20.250337600708008,22.865795135498047,0.18752524256706238,1.0,507,20.872787475585938,23.33725357055664,0.1978883445262909,1.0
951,943,320,180,C3,45,nonblind_diagnostic,A,0.005,False,False,64,97,94,94,94,4,3,0,0,0,1,507,507,507,0,all,0.19270526617765427,0,0,94,20.250246047973633,22.865795135498047,0.1875237226486206,1.0,507,20.872695922851562,23.33725357055664,0.19788680970668793,1.0
951,943,320,180,C3,45,nonblind_diagnostic,A,0.005,False,False,64,97,94,94,94,4,3,0,0,0,1,507,507,0,0,root_band,,0,0,0,,,,,0,,,,
951,943,320,180,C3,45,nonblind_diagnostic,A,0.005,False,False,64,97,94,94,94,4,3,0,0,0,1,507,507,507,0,outside_root_band,0.19270526617765427,0,0,94,20.250246047973633,22.865795135498047,0.1875237226486206,1.0,507,20.872695922851562,23.33725357055664,0.19788680970668793,1.0
952,943,320,180,C3,45,nonblind_diagnostic,B,0.005,False,False,64,97,94,94,94,4,3,0,0,0,1,507,507,507,0,all,0.19270820170640945,0,0,94,20.25042152404785,22.865795135498047,0.1875266432762146,1.0,507,20.872873306274414,23.33725357055664,0.1978897601366043,1.0
952,943,320,180,C3,45,nonblind_diagnostic,B,0.005,False,False,64,97,94,94,94,4,3,0,0,0,1,507,507,0,0,root_band,,0,0,0,,,,,0,,,,
952,943,320,180,C3,45,nonblind_diagnostic,B,0.005,False,False,64,97,94,94,94,4,3,0,0,0,1,507,507,507,0,outside_root_band,0.19270820170640945,0,0,94,20.25042152404785,22.865795135498047,0.1875266432762146,1.0,507,20.872873306274414,23.33725357055664,0.1978897601366043,1.0
953,943,320,180,C3,45,nonblind_diagnostic,C,0.005,False,False,64,97,94,94,94,4,3,0,0,0,1,507,507,507,0,all,0.19271090626716614,0,0,94,20.250587463378906,22.865795135498047,0.18752934038639069,1.0,507,20.873035430908203,23.33725357055664,0.1978924721479416,1.0
953,943,320,180,C3,45,nonblind_diagnostic,C,0.005,False,False,64,97,94,94,94,4,3,0,0,0,1,507,507,0,0,root_band,,0,0,0,,,,,0,,,,
953,943,320,180,C3,45,nonblind_diagnostic,C,0.005,False,False,64,97,94,94,94,4,3,0,0,0,1,507,507,507,0,outside_root_band,0.19271090626716614,0,0,94,20.250587463378906,22.865795135498047,0.18752934038639069,1.0,507,20.873035430908203,23.33725357055664,0.1978924721479416,1.0
954,943,320,180,C3,45,nonblind_diagnostic,X,-0.01,False,False,64,97,94,94,94,4,3,0,0,0,1,507,507,507,0,all,0.19271615147590637,0,0,94,20.250904083251953,22.865795135498047,0.18753454089164734,1.0,507,20.87335777282715,23.33725357055664,0.1978977620601654,1.0
954,943,320,180,C3,45,nonblind_diagnostic,X,-0.01,False,False,64,97,94,94,94,4,3,0,0,0,1,507,507,0,0,root_band,,0,0,0,,,,,0,,,,
954,943,320,180,C3,45,nonblind_diagnostic,X,-0.01,False,False,64,97,94,94,94,4,3,0,0,0,1,507,507,507,0,outside_root_band,0.19271615147590637,0,0,94,20.250904083251953,22.865795135498047,0.18753454089164734,1.0,507,20.87335777282715,23.33725357055664,0.1978977620601654,1.0
955,943,320,180,C3,45,nonblind_diagnostic,Y,-0.01,False,False,64,97,94,94,94,4,3,0,0,0,1,507,507,507,0,all,0.1927274689078331,0,0,94,20.25159454345703,22.865795135498047,0.18754582107067108,1.0,507,20.87404441833496,23.33725357055664,0.19790911674499512,1.0
955,943,320,180,C3,45,nonblind_diagnostic,Y,-0.01,False,False,64,97,94,94,94,4,3,0,0,0,1,507,507,0,0,root_band,,0,0,0,,,,,0,,,,
955,943,320,180,C3,45,nonblind_diagnostic,Y,-0.01,False,False,64,97,94,94,94,4,3,0,0,0,1,507,507,507,0,outside_root_band,0.1927274689078331,0,0,94,20.25159454345703,22.865795135498047,0.18754582107067108,1.0,507,20.87404441833496,23.33725357055664,0.19790911674499512,1.0
956,943,320,180,C3,45,nonblind_diagnostic,A,-0.01,False,False,64,97,94,94,94,4,3,0,0,0,1,507,507,507,0,all,0.19273021072149277,0,0,94,20.251760482788086,22.865795135498047,0.18754853308200836,1.0,507,20.874210357666016,23.33725357055664,0.19791188836097717,1.0
956,943,320,180,C3,45,nonblind_diagnostic,A,-0.01,False,False,64,97,94,94,94,4,3,0,0,0,1,507,507,0,0,root_band,,0,0,0,,,,,0,,,,
956,943,320,180,C3,45,nonblind_diagnostic,A,-0.01,False,False,64,97,94,94,94,4,3,0,0,0,1,507,507,507,0,outside_root_band,0.19273021072149277,0,0,94,20.251760482788086,22.865795135498047,0.18754853308200836,1.0,507,20.874210357666016,23.33725357055664,0.19791188836097717,1.0
957,943,320,180,C3,45,nonblind_diagnostic,B,-0.01,False,False,64,97,94,94,94,4,3,0,0,0,1,507,507,507,0,all,0.19272468984127045,0,0,94,20.25142478942871,22.865795135498047,0.18754306435585022,1.0,507,20.87387466430664,23.33725357055664,0.19790631532669067,1.0
957,943,320,180,C3,45,nonblind_diagnostic,B,-0.01,False,False,64,97,94,94,94,4,3,0,0,0,1,507,507,0,0,root_band,,0,0,0,,,,,0,,,,
957,943,320,180,C3,45,nonblind_diagnostic,B,-0.01,False,False,64,97,94,94,94,4,3,0,0,0,1,507,507,507,0,outside_root_band,0.19272468984127045,0,0,94,20.25142478942871,22.865795135498047,0.18754306435585022,1.0,507,20.87387466430664,23.33725357055664,0.19790631532669067,1.0
958,943,320,180,C3,45,nonblind_diagnostic,C,-0.01,False,False,64,97,94,94,94,4,3,0,0,0,1,507,507,507,0,all,0.19271931052207947,0,0,94,20.2510986328125,22.865795135498047,0.18753769993782043,1.0,507,20.87354850769043,23.33725357055664,0.1979009211063385,1.0
958,943,320,180,C3,45,nonblind_diagnostic,C,-0.01,False,False,64,97,94,94,94,4,3,0,0,0,1,507,507,0,0,root_band,,0,0,0,,,,,0,,,,
958,943,320,180,C3,45,nonblind_diagnostic,C,-0.01,False,False,64,97,94,94,94,4,3,0,0,0,1,507,507,507,0,outside_root_band,0.19271931052207947,0,0,94,20.2510986328125,22.865795135498047,0.18753769993782043,1.0,507,20.87354850769043,23.33725357055664,0.1979009211063385,1.0
959,943,320,180,C3,45,nonblind_diagnostic,X,0.01,False,False,64,97,94,94,94,4,3,0,0,0,1,507,507,507,0,all,0.19271108508110046,0,0,94,20.25059700012207,22.865795135498047,0.18752950429916382,1.0,507,20.873048782348633,23.33725357055664,0.1978926658630371,1.0
959,943,320,180,C3,45,nonblind_diagnostic,X,0.01,False,False,64,97,94,94,94,4,3,0,0,0,1,507,507,0,0,root_band,,0,0,0,,,,,0,,,,
959,943,320,180,C3,45,nonblind_diagnostic,X,0.01,False,False,64,97,94,94,94,4,3,0,0,0,1,507,507,507,0,outside_root_band,0.19271108508110046,0,0,94,20.25059700012207,22.865795135498047,0.18752950429916382,1.0,507,20.873048782348633,23.33725357055664,0.1978926658630371,1.0
960,943,320,180,C3,45,nonblind_diagnostic,Y,0.01,False,False,64,97,94,94,94,4,3,0,0,0,1,507,507,507,0,all,0.19269994646310806,0,0,94,20.249919891357422,22.865795135498047,0.1875184178352356,1.0,507,20.872371673583984,23.33725357055664,0.19788147509098053,1.0
960,943,320,180,C3,45,nonblind_diagnostic,Y,0.01,False,False,64,97,94,94,94,4,3,0,0,0,1,507,507,0,0,root_band,,0,0,0,,,,,0,,,,
960,943,320,180,C3,45,nonblind_diagnostic,Y,0.01,False,False,64,97,94,94,94,4,3,0,0,0,1,507,507,507,0,outside_root_band,0.19269994646310806,0,0,94,20.249919891357422,22.865795135498047,0.1875184178352356,1.0,507,20.872371673583984,23.33725357055664,0.19788147509098053,1.0
961,943,320,180,C3,45,nonblind_diagnostic,A,0.01,False,False,64,97,94,94,94,4,3,0,0,0,1,507,507,507,0,all,0.19269711524248123,0,0,94,20.2497501373291,22.865795135498047,0.18751560151576996,1.0,507,20.8721981048584,23.33725357055664,0.1978786289691925,1.0
961,943,320,180,C3,45,nonblind_diagnostic,A,0.01,False,False,64,97,94,94,94,4,3,0,0,0,1,507,507,0,0,root_band,,0,0,0,,,,,0,,,,
961,943,320,180,C3,45,nonblind_diagnostic,A,0.01,False,False,64,97,94,94,94,4,3,0,0,0,1,507,507,507,0,outside_root_band,0.19269711524248123,0,0,94,20.2497501373291,22.865795135498047,0.18751560151576996,1.0,507,20.8721981048584,23.33725357055664,0.1978786289691925,1.0
962,943,320,180,C3,45,nonblind_diagnostic,B,0.01,False,False,64,97,94,94,94,4,3,0,0,0,1,507,507,507,0,all,0.19270257651805878,0,0,94,20.250080108642578,22.865795135498047,0.1875210553407669,1.0,507,20.87253189086914,23.33725357055664,0.19788409769535065,1.0
962,943,320,180,C3,45,nonblind_diagnostic,B,0.01,False,False,64,97,94,94,94,4,3,0,0,0,1,507,507,0,0,root_band,,0,0,0,,,,,0,,,,
962,943,320,180,C3,45,nonblind_diagnostic,B,0.01,False,False,64,97,94,94,94,4,3,0,0,0,1,507,507,507,0,outside_root_band,0.19270257651805878,0,0,94,20.250080108642578,22.865795135498047,0.1875210553407669,1.0,507,20.87253189086914,23.33725357055664,0.19788409769535065,1.0
963,943,320,180,C3,45,nonblind_diagnostic,C,0.01,False,False,64,97,94,94,94,4,3,0,0,0,1,507,507,507,0,all,0.1927083507180214,0,0,94,20.250431060791016,22.865795135498047,0.18752677738666534,1.0,507,20.872880935668945,23.33725357055664,0.19788992404937744,1.0
963,943,320,180,C3,45,nonblind_diagnostic,C,0.01,False,False,64,97,94,94,94,4,3,0,0,0,1,507,507,0,0,root_band,,0,0,0,,,,,0,,,,
963,943,320,180,C3,45,nonblind_diagnostic,C,0.01,False,False,64,97,94,94,94,4,3,0,0,0,1,507,507,507,0,outside_root_band,0.1927083507180214,0,0,94,20.250431060791016,22.865795135498047,0.18752677738666534,1.0,507,20.872880935668945,23.33725357055664,0.19788992404937744,1.0
964,943,320,180,C3,45,nonblind_diagnostic,X,-0.02,False,False,64,97,94,94,94,4,3,0,0,0,1,507,507,507,0,all,0.19271866977214813,0,0,94,20.25105857849121,22.865795135498047,0.1875370442867279,1.0,507,20.873512268066406,23.33725357055664,0.19790029525756836,1.0
964,943,320,180,C3,45,nonblind_diagnostic,X,-0.02,False,False,64,97,94,94,94,4,3,0,0,0,1,507,507,0,0,root_band,,0,0,0,,,,,0,,,,
964,943,320,180,C3,45,nonblind_diagnostic,X,-0.02,False,False,64,97,94,94,94,4,3,0,0,0,1,507,507,507,0,outside_root_band,0.19271866977214813,0,0,94,20.25105857849121,22.865795135498047,0.1875370442867279,1.0,507,20.873512268066406,23.33725357055664,0.19790029525756836,1.0
965,943,320,180,C3,45,nonblind_diagnostic,Y,-0.02,False,False,64,97,94,94,94,4,3,0,0,0,1,507,507,507,0,all,0.19274140149354935,0,0,94,20.252439498901367,22.865795135498047,0.18755969405174255,1.0,507,20.874893188476562,23.33725357055664,0.19792310893535614,1.0
965,943,320,180,C3,45,nonblind_diagnostic,Y,-0.02,False,False,64,97,94,94,94,4,3,0,0,0,1,507,507,0,0,root_band,,0,0,0,,,,,0,,,,
965,943,320,180,C3,45,nonblind_diagnostic,Y,-0.02,False,False,64,97,94,94,94,4,3,0,0,0,1,507,507,507,0,outside_root_band,0.19274140149354935,0,0,94,20.252439498901367,22.865795135498047,0.18755969405174255,1.0,507,20.874893188476562,23.33725357055664,0.19792310893535614,1.0
966,943,320,180,C3,45,nonblind_diagnostic,A,-0.02,False,False,64,97,94,94,94,4,3,0,0,0,1,507,507,507,0,all,0.19274673610925674,0,0,94,20.252765655517578,22.865795135498047,0.18756499886512756,1.0,507,20.87521743774414,23.33725357055664,0.19792847335338593,1.0
966,943,320,180,C3,45,nonblind_diagnostic,A,-0.02,False,False,64,97,94,94,94,4,3,0,0,0,1,507,507,0,0,root_band,,0,0,0,,,,,0,,,,
966,943,320,180,C3,45,nonblind_diagnostic,A,-0.02,False,False,64,97,94,94,94,4,3,0,0,0,1,507,507,507,0,outside_root_band,0.19274673610925674,0,0,94,20.252765655517578,22.865795135498047,0.18756499886512756,1.0,507,20.87521743774414,23.33725357055664,0.19792847335338593,1.0
967,943,320,180,C3,45,nonblind_diagnostic,B,-0.02,False,False,64,97,94,94,94,4,3,0,0,0,1,507,507,507,0,all,0.19273577630519867,0,0,94,20.252099990844727,22.865795135498047,0.18755409121513367,1.0,507,20.87455177307129,23.33725357055664,0.19791746139526367,1.0
967,943,320,180,C3,45,nonblind_diagnostic,B,-0.02,False,False,64,97,94,94,94,4,3,0,0,0,1,507,507,0,0,root_band,,0,0,0,,,,,0,,,,
967,943,320,180,C3,45,nonblind_diagnostic,B,-0.02,False,False,64,97,94,94,94,4,3,0,0,0,1,507,507,507,0,outside_root_band,0.19273577630519867,0,0,94,20.252099990844727,22.865795135498047,0.18755409121513367,1.0,507,20.87455177307129,23.33725357055664,0.19791746139526367,1.0
968,943,320,180,C3,45,nonblind_diagnostic,C,-0.02,False,False,64,97,94,94,94,4,3,0,0,0,1,507,507,507,0,all,0.19272468984127045,0,0,94,20.25142478942871,22.865795135498047,0.18754306435585022,1.0,507,20.87387466430664,23.33725357055664,0.19790631532669067,1.0
968,943,320,180,C3,45,nonblind_diagnostic,C,-0.02,False,False,64,97,94,94,94,4,3,0,0,0,1,507,507,0,0,root_band,,0,0,0,,,,,0,,,,
968,943,320,180,C3,45,nonblind_diagnostic,C,-0.02,False,False,64,97,94,94,94,4,3,0,0,0,1,507,507,507,0,outside_root_band,0.19272468984127045,0,0,94,20.25142478942871,22.865795135498047,0.18754306435585022,1.0,507,20.87387466430664,23.33725357055664,0.19790631532669067,1.0
969,943,320,180,C3,45,nonblind_diagnostic,X,0.02,False,False,64,97,94,94,94,4,3,0,0,0,1,507,507,507,0,all,0.1927086040377617,0,0,94,20.250446319580078,22.865795135498047,0.18752703070640564,1.0,507,20.87289810180664,23.33725357055664,0.19789017736911774,1.0
969,943,320,180,C3,45,nonblind_diagnostic,X,0.02,False,False,64,97,94,94,94,4,3,0,0,0,1,507,507,0,0,root_band,,0,0,0,,,,,0,,,,
969,943,320,180,C3,45,nonblind_diagnostic,X,0.02,False,False,64,97,94,94,94,4,3,0,0,0,1,507,507,507,0,outside_root_band,0.1927086040377617,0,0,94,20.250446319580078,22.865795135498047,0.18752703070640564,1.0,507,20.87289810180664,23.33725357055664,0.19789017736911774,1.0
970,943,320,180,C3,45,nonblind_diagnostic,Y,0.02,False,False,64,97,94,94,94,4,3,0,0,0,1,507,507,507,0,all,0.1926860809326172,0,0,94,20.24907875061035,22.865795135498047,0.1875046193599701,1.0,507,20.87152862548828,23.33725357055664,0.19786754250526428,1.0
970,943,320,180,C3,45,nonblind_diagnostic,Y,0.02,False,False,64,97,94,94,94,4,3,0,0,0,1,507,507,0,0,root_band,,0,0,0,,,,,0,,,,
970,943,320,180,C3,45,nonblind_diagnostic,Y,0.02,False,False,64,97,94,94,94,4,3,0,0,0,1,507,507,507,0,outside_root_band,0.1926860809326172,0,0,94,20.24907875061035,22.865795135498047,0.1875046193599701,1.0,507,20.87152862548828,23.33725357055664,0.19786754250526428,1.0
971,943,320,180,C3,45,nonblind_diagnostic,A,0.02,False,False,64,97,94,94,94,4,3,0,0,0,1,507,507,507,0,all,0.19268078356981277,0,0,94,20.248754501342773,22.865795135498047,0.18749934434890747,1.0,507,20.871206283569336,23.33725357055664,0.19786222279071808,1.0
971,943,320,180,C3,45,nonblind_diagnostic,A,0.02,False,False,64,97,94,94,94,4,3,0,0,0,1,507,507,0,0,root_band,,0,0,0,,,,,0,,,,
971,943,320,180,C3,45,nonblind_diagnostic,A,0.02,False,False,64,97,94,94,94,4,3,0,0,0,1,507,507,507,0,outside_root_band,0.19268078356981277,0,0,94,20.248754501342773,22.865795135498047,0.18749934434890747,1.0,507,20.871206283569336,23.33725357055664,0.19786222279071808,1.0
972,943,320,180,C3,45,nonblind_diagnostic,B,0.02,False,False,64,97,94,94,94,4,3,0,0,0,1,507,507,507,0,all,0.1926916316151619,0,0,94,20.249414443969727,22.865795135498047,0.187510147690773,1.0,507,20.871864318847656,23.33725357055664,0.19787311553955078,1.0
972,943,320,180,C3,45,nonblind_diagnostic,B,0.02,False,False,64,97,94,94,94,4,3,0,0,0,1,507,507,0,0,root_band,,0,0,0,,,,,0,,,,
972,943,320,180,C3,45,nonblind_diagnostic,B,0.02,False,False,64,97,94,94,94,4,3,0,0,0,1,507,507,507,0,outside_root_band,0.1926916316151619,0,0,94,20.249414443969727,22.865795135498047,0.187510147690773,1.0,507,20.871864318847656,23.33725357055664,0.19787311553955078,1.0
973,943,320,180,C3,45,nonblind_diagnostic,C,0.02,False,False,64,97,94,94,94,4,3,0,0,0,1,507,507,507,0,all,0.19270268082618713,0,0,94,20.250085830688477,22.865795135498047,0.18752114474773407,1.0,507,20.87253761291504,23.33725357055664,0.1978842169046402,1.0
973,943,320,180,C3,45,nonblind_diagnostic,C,0.02,False,False,64,97,94,94,94,4,3,0,0,0,1,507,507,0,0,root_band,,0,0,0,,,,,0,,,,
973,943,320,180,C3,45,nonblind_diagnostic,C,0.02,False,False,64,97,94,94,94,4,3,0,0,0,1,507,507,507,0,outside_root_band,0.19270268082618713,0,0,94,20.250085830688477,22.865795135498047,0.18752114474773407,1.0,507,20.87253761291504,23.33725357055664,0.1978842169046402,1.0
974,943,320,180,C3,45,nonblind_diagnostic,X,-0.05,False,False,64,97,94,94,94,4,3,0,0,0,1,507,507,507,0,all,0.19272633641958237,0,0,94,20.251527786254883,22.865795135498047,0.18754467368125916,1.0,507,20.873977661132812,23.33725357055664,0.19790799915790558,1.0
974,943,320,180,C3,45,nonblind_diagnostic,X,-0.05,False,False,64,97,94,94,94,4,3,0,0,0,1,507,507,0,0,root_band,,0,0,0,,,,,0,,,,
974,943,320,180,C3,45,nonblind_diagnostic,X,-0.05,False,False,64,97,94,94,94,4,3,0,0,0,1,507,507,507,0,outside_root_band,0.19272633641958237,0,0,94,20.251527786254883,22.865795135498047,0.18754467368125916,1.0,507,20.873977661132812,23.33725357055664,0.19790799915790558,1.0
975,943,320,180,C3,45,nonblind_diagnostic,Y,-0.05,False,False,64,97,94,94,94,4,3,0,0,0,1,507,507,507,0,all,0.1927829459309578,0,0,94,20.25496482849121,22.865795135498047,0.18760104477405548,1.0,507,20.87742042541504,23.33725357055664,0.1979648470878601,1.0
975,943,320,180,C3,45,nonblind_diagnostic,Y,-0.05,False,False,64,97,94,94,94,4,3,0,0,0,1,507,507,0,0,root_band,,0,0,0,,,,,0,,,,
975,943,320,180,C3,45,nonblind_diagnostic,Y,-0.05,False,False,64,97,94,94,94,4,3,0,0,0,1,507,507,507,0,outside_root_band,0.1927829459309578,0,0,94,20.25496482849121,22.865795135498047,0.18760104477405548,1.0,507,20.87742042541504,23.33725357055664,0.1979648470878601,1.0
976,943,320,180,C3,45,nonblind_diagnostic,A,-0.05,False,False,64,97,94,94,94,4,3,0,0,0,1,507,507,507,0,all,0.19279695302248,0,0,94,20.255815505981445,22.865795135498047,0.18761499226093292,1.0,507,20.878271102905273,23.33725357055664,0.1979789137840271,1.0
976,943,320,180,C3,45,nonblind_diagnostic,A,-0.05,False,False,64,97,94,94,94,4,3,0,0,0,1,507,507,0,0,root_band,,0,0,0,,,,,0,,,,
976,943,320,180,C3,45,nonblind_diagnostic,A,-0.05,False,False,64,97,94,94,94,4,3,0,0,0,1,507,507,507,0,outside_root_band,0.19279695302248,0,0,94,20.255815505981445,22.865795135498047,0.18761499226093292,1.0,507,20.878271102905273,23.33725357055664,0.1979789137840271,1.0
977,943,320,180,C3,45,nonblind_diagnostic,B,-0.05,False,False,64,97,94,94,94,4,3,0,0,0,1,507,507,507,0,all,0.1927691102027893,0,0,94,20.254125595092773,22.865795135498047,0.18758727610111237,1.0,507,20.876577377319336,23.33725357055664,0.19795094430446625,1.0
977,943,320,180,C3,45,nonblind_diagnostic,B,-0.05,False,False,64,97,94,94,94,4,3,0,0,0,1,507,507,0,0,root_band,,0,0,0,,,,,0,,,,
977,943,320,180,C3,45,nonblind_diagnostic,B,-0.05,False,False,64,97,94,94,94,4,3,0,0,0,1,507,507,507,0,outside_root_band,0.1927691102027893,0,0,94,20.254125595092773,22.865795135498047,0.18758727610111237,1.0,507,20.876577377319336,23.33725357055664,0.19795094430446625,1.0
978,943,320,180,C3,45,nonblind_diagnostic,C,-0.05,False,False,64,97,94,94,94,4,3,0,0,0,1,507,507,507,0,all,0.19274146854877472,0,0,94,20.252443313598633,22.865795135498047,0.18755973875522614,1.0,507,20.874895095825195,23.33725357055664,0.1979231983423233,1.0
978,943,320,180,C3,45,nonblind_diagnostic,C,-0.05,False,False,64,97,94,94,94,4,3,0,0,0,1,507,507,0,0,root_band,,0,0,0,,,,,0,,,,
978,943,320,180,C3,45,nonblind_diagnostic,C,-0.05,False,False,64,97,94,94,94,4,3,0,0,0,1,507,507,507,0,outside_root_band,0.19274146854877472,0,0,94,20.252443313598633,22.865795135498047,0.18755973875522614,1.0,507,20.874895095825195,23.33725357055664,0.1979231983423233,1.0
979,943,320,180,C3,45,nonblind_diagnostic,X,0.05,False,False,64,97,94,94,94,4,3,0,0,0,1,507,507,507,0,all,0.1927010342478752,0,0,94,20.249982833862305,22.865795135498047,0.18751950562000275,1.0,507,20.8724365234375,23.33725357055664,0.19788256287574768,1.0
979,943,320,180,C3,45,nonblind_diagnostic,X,0.05,False,False,64,97,94,94,94,4,3,0,0,0,1,507,507,0,0,root_band,,0,0,0,,,,,0,,,,
979,943,320,180,C3,45,nonblind_diagnostic,X,0.05,False,False,64,97,94,94,94,4,3,0,0,0,1,507,507,507,0,outside_root_band,0.1927010342478752,0,0,94,20.249982833862305,22.865795135498047,0.18751950562000275,1.0,507,20.8724365234375,23.33725357055664,0.19788256287574768,1.0
980,943,320,180,C3,45,nonblind_diagnostic,Y,0.05,False,False,64,97,94,94,94,4,3,0,0,0,1,507,507,507,0,all,0.19264453649520874,0,0,94,20.246551513671875,22.865795135498047,0.18746326863765717,1.0,507,20.868999481201172,23.33725357055664,0.19782580435276031,1.0
980,943,320,180,C3,45,nonblind_diagnostic,Y,0.05,False,False,64,97,94,94,94,4,3,0,0,0,1,507,507,0,0,root_band,,0,0,0,,,,,0,,,,
980,943,320,180,C3,45,nonblind_diagnostic,Y,0.05,False,False,64,97,94,94,94,4,3,0,0,0,1,507,507,507,0,outside_root_band,0.19264453649520874,0,0,94,20.246551513671875,22.865795135498047,0.18746326863765717,1.0,507,20.868999481201172,23.33725357055664,0.19782580435276031,1.0
981,943,320,180,C3,45,nonblind_diagnostic,A,0.05,False,False,64,97,94,94,94,4,3,0,0,0,1,507,507,507,0,all,0.19263213127851486,0,0,94,20.24579429626465,22.865795135498047,0.18745091557502747,1.0,507,20.868244171142578,23.33725357055664,0.19781334698200226,1.0
981,943,320,180,C3,45,nonblind_diagnostic,A,0.05,False,False,64,97,94,94,94,4,3,0,0,0,1,507,507,0,0,root_band,,0,0,0,,,,,0,,,,
981,943,320,180,C3,45,nonblind_diagnostic,A,0.05,False,False,64,97,94,94,94,4,3,0,0,0,1,507,507,507,0,outside_root_band,0.19263213127851486,0,0,94,20.24579429626465,22.865795135498047,0.18745091557502747,1.0,507,20.868244171142578,23.33725357055664,0.19781334698200226,1.0
982,943,320,180,C3,45,nonblind_diagnostic,B,0.05,True,True,63,97,94,94,94,4,3,0,0,0,1,507,507,507,0,all,0.1926591917872429,0,0,94,20.2474422454834,22.865795135498047,0.18747784197330475,1.0,507,20.869892120361328,23.33725357055664,0.19784054160118103,1.0
982,943,320,180,C3,45,nonblind_diagnostic,B,0.05,True,True,63,97,94,94,94,4,3,0,0,0,1,507,507,0,0,root_band,,0,0,0,,,,,0,,,,
982,943,320,180,C3,45,nonblind_diagnostic,B,0.05,True,True,63,97,94,94,94,4,3,0,0,0,1,507,507,507,0,outside_root_band,0.1926591917872429,0,0,94,20.2474422454834,22.865795135498047,0.18747784197330475,1.0,507,20.869892120361328,23.33725357055664,0.19784054160118103,1.0
983,943,320,180,C3,45,nonblind_diagnostic,C,0.05,False,False,64,97,94,94,94,4,3,0,0,0,1,507,507,507,0,all,0.19268645346164703,0,0,94,20.249099731445312,22.865795135498047,0.18750499188899994,1.0,507,20.871549606323242,23.33725357055664,0.19786791503429413,1.0
983,943,320,180,C3,45,nonblind_diagnostic,C,0.05,False,False,64,97,94,94,94,4,3,0,0,0,1,507,507,0,0,root_band,,0,0,0,,,,,0,,,,
983,943,320,180,C3,45,nonblind_diagnostic,C,0.05,False,False,64,97,94,94,94,4,3,0,0,0,1,507,507,507,0,outside_root_band,0.19268645346164703,0,0,94,20.249099731445312,22.865795135498047,0.18750499188899994,1.0,507,20.871549606323242,23.33725357055664,0.19786791503429413,1.0
