frame_id,video_pts,video_time_s,sim_time_s,exposure_start_s,exposure_end_s,turbine_id,rpm,rpm_valid,rpm_reason,center_sample_kind,source_left_index,source_right_index,alpha,clearance_b1_m,clearance_b1_valid,clearance_b1_reason,clearance_b2_m,clearance_b2_valid,clearance_b2_reason,clearance_b3_m,clearance_b3_valid,clearance_b3_reason
0,0,0.0,117.03333333333333,117.02083333333333,117.04583333333333,T1,10.914560633333334,True,valid,interpolated,1,2,0.33333333333314386,44.71613784249683,True,valid,58.10244750102436,True,valid,,False,no_tower_section_at_tip_height
1,1,0.06666666666666667,117.1,117.08749999999999,117.1125,T1,10.9206676,True,valid,source,4,4,0.0,41.42404261482597,True,valid,59.391399464812224,True,valid,,False,no_tower_section_at_tip_height
2,2,0.13333333333333333,117.16666666666667,117.15416666666667,117.17916666666667,T1,10.932045,True,valid,interpolated,6,7,0.6666666666668561,37.90767164208655,True,valid,60.33159244570821,True,valid,,False,no_tower_section_at_tip_height
3,3,0.2,117.23333333333333,117.22083333333333,117.24583333333334,T1,10.935358366666666,True,valid,interpolated,9,10,0.33333333333352283,34.200125817357986,True,valid,60.918185291585104,True,valid,,False,no_tower_section_at_tip_height
4,4,0.26666666666666666,117.3,117.2875,117.3125,T1,10.9456596,True,valid,source,12,12,0.0,30.336824176972097,True,valid,,False,no_tower_section_at_tip_height,,False,no_tower_section_at_tip_height
5,5,0.3333333333333333,117.36666666666666,117.35416666666666,117.37916666666666,T1,10.9544897,True,valid,interpolated,14,15,0.6666666666664772,26.327744470832492,True,valid,,False,no_tower_section_at_tip_height,,False,no_tower_section_at_tip_height
6,6,0.4,117.43333333333334,117.42083333333333,117.44583333333334,T1,10.961259833333333,True,valid,interpolated,17,18,0.33333333333352283,22.245554715647827,True,valid,,False,no_tower_section_at_tip_height,,False,no_tower_section_at_tip_height
7,7,0.4666666666666667,117.5,117.4875,117.5125,T1,10.9682035,True,valid,source,20,20,0.0,18.200693077158704,True,valid,,False,no_tower_section_at_tip_height,,False,no_tower_section_at_tip_height
8,8,0.5333333333333333,117.56666666666666,117.55416666666666,117.57916666666667,T1,10.972363766666666,True,valid,interpolated,22,23,0.6666666666664772,14.311885483989135,True,valid,,False,no_tower_section_at_tip_height,,False,no_tower_section_at_tip_height
9,9,0.6,117.63333333333334,117.62083333333334,117.64583333333334,T1,10.982184400000001,True,valid,interpolated,25,26,0.33333333333352283,10.881021503902135,True,valid,,False,no_tower_section_at_tip_height,,False,no_tower_section_at_tip_height
10,10,0.6666666666666666,117.7,117.6875,117.7125,T1,10.9961338,True,valid,source,28,28,0.0,8.422029248386941,True,valid,,False,no_tower_section_at_tip_height,,False,no_tower_section_at_tip_height
11,11,0.7333333333333333,117.76666666666667,117.75416666666666,117.77916666666667,T1,11.0111475,True,valid,interpolated,30,31,0.6666666666664772,7.74380186646281,True,valid,,False,no_tower_section_at_tip_height,,False,no_tower_section_at_tip_height
12,12,0.8,117.83333333333333,117.82083333333333,117.84583333333333,T1,11.024776766666665,True,valid,interpolated,33,34,0.33333333333314386,9.137666716027166,True,valid,,False,no_tower_section_at_tip_height,,False,no_tower_section_at_tip_height
13,13,0.8666666666666667,117.9,117.8875,117.91250000000001,T1,11.0397186,True,valid,source,36,36,0.0,11.969205800392356,True,valid,,False,no_tower_section_at_tip_height,,False,no_tower_section_at_tip_height
14,14,0.9333333333333333,117.96666666666667,117.95416666666667,117.97916666666667,T1,11.052322700000001,True,valid,interpolated,38,39,0.6666666666668561,15.559890949119856,True,valid,,False,no_tower_section_at_tip_height,,False,no_tower_section_at_tip_height
15,15,1.0,118.03333333333333,118.02083333333333,118.04583333333333,T1,11.0643965,True,valid,interpolated,41,42,0.33333333333314386,19.486358758595244,True,valid,,False,no_tower_section_at_tip_height,,False,no_tower_section_at_tip_height
16,16,1.0666666666666667,118.1,118.08749999999999,118.1125,T1,11.0740814,True,valid,source,44,44,0.0,23.552661915541574,True,valid,,False,no_tower_section_at_tip_height,,False,no_tower_section_at_tip_height
17,17,1.1333333333333333,118.16666666666667,118.15416666666667,118.17916666666667,T1,11.086451833333333,True,valid,interpolated,46,47,0.6666666666668561,27.625283323525377,True,valid,,False,no_tower_section_at_tip_height,,False,no_tower_section_at_tip_height
18,18,1.2,118.23333333333333,118.22083333333333,118.24583333333334,T1,11.100037266666668,True,valid,interpolated,49,50,0.33333333333352283,31.59956461857569,True,valid,,False,no_tower_section_at_tip_height,,False,no_tower_section_at_tip_height
19,19,1.2666666666666666,118.3,118.2875,118.3125,T1,11.1169548,True,valid,source,52,52,0.0,35.45229648698694,True,valid,,False,no_tower_section_at_tip_height,60.78342337065628,True,valid
20,20,1.3333333333333333,118.36666666666666,118.35416666666666,118.37916666666666,T1,11.135021533333333,True,valid,interpolated,54,55,0.6666666666664772,39.14613350535733,True,valid,,False,no_tower_section_at_tip_height,60.01980839140928,True,valid
21,21,1.4,118.43333333333334,118.42083333333333,118.44583333333334,T1,11.150960900000001,True,valid,interpolated,57,58,0.33333333333352283,42.64619808442591,True,valid,,False,no_tower_section_at_tip_height,58.88943467141372,True,valid
22,22,1.4666666666666666,118.5,118.4875,118.5125,T1,11.1752453,True,valid,source,60,60,0.0,45.9188741263231,True,valid,,False,no_tower_section_at_tip_height,57.39788058474941,True,valid
23,23,1.5333333333333334,118.56666666666666,118.55416666666666,118.57916666666667,T1,11.197098066666666,True,valid,interpolated,62,63,0.6666666666664772,48.931613171502676,True,valid,,False,no_tower_section_at_tip_height,55.5457188917834,True,valid
24,24,1.6,118.63333333333334,118.62083333333334,118.64583333333334,T1,11.216492333333335,True,valid,interpolated,65,66,0.33333333333352283,51.65540606748191,True,valid,,False,no_tower_section_at_tip_height,53.343332443662824,True,valid
25,25,1.6666666666666667,118.7,118.6875,118.7125,T1,11.2363873,True,valid,source,68,68,0.0,54.07060143556445,True,valid,,False,no_tower_section_at_tip_height,50.80773989608257,True,valid
26,26,1.7333333333333334,118.76666666666667,118.75416666666666,118.77916666666667,T1,11.263457599999999,True,valid,interpolated,70,71,0.6666666666664772,56.15819127628443,True,valid,,False,no_tower_section_at_tip_height,47.95394390987258,True,valid
27,27,1.8,118.83333333333333,118.82083333333333,118.84583333333333,T1,11.297789566666664,True,valid,interpolated,73,74,0.33333333333314386,57.89748915414365,True,valid,,False,no_tower_section_at_tip_height,44.80216417111532,True,valid
28,28,1.8666666666666667,118.9,118.8875,118.91250000000001,T1,11.3388767,True,valid,source,76,76,0.0,59.27376918389752,True,valid,,False,no_tower_section_at_tip_height,41.378431875473254,True,valid
29,29,1.9333333333333333,118.96666666666667,118.95416666666667,118.97916666666667,T1,11.381470666666669,True,valid,interpolated,78,79,0.6666666666668561,60.275546488209635,True,valid,,False,no_tower_section_at_tip_height,37.70320173694066,True,valid
30,30,2.0,119.03333333333333,119.02083333333333,119.04583333333333,T1,11.416233366666665,True,valid,interpolated,81,82,0.33333333333314386,60.893759945506865,True,valid,,False,no_tower_section_at_tip_height,33.80407270511817,True,valid
31,31,2.066666666666667,119.1,119.08749999999999,119.1125,T1,11.4553614,True,valid,source,84,84,0.0,,False,no_tower_section_at_tip_height,,False,no_tower_section_at_tip_height,29.719049050625284,True,valid
32,32,2.1333333333333333,119.16666666666667,119.15416666666667,119.17916666666667,T1,11.49702486666667,True,valid,interpolated,86,87,0.6666666666668561,,False,no_tower_section_at_tip_height,,False,no_tower_section_at_tip_height,25.496676320996098,True,valid
33,33,2.2,119.23333333333333,119.22083333333333,119.24583333333334,T1,11.538158733333336,True,valid,interpolated,89,90,0.33333333333352283,,False,no_tower_section_at_tip_height,,False,no_tower_section_at_tip_height,21.215174171122193,True,valid
34,34,2.2666666666666666,119.3,119.2875,119.3125,T1,11.5746889,True,valid,source,92,92,0.0,,False,no_tower_section_at_tip_height,,False,no_tower_section_at_tip_height,17.033602589018127,True,valid
35,35,2.3333333333333335,119.36666666666666,119.35416666666666,119.37916666666666,T1,11.60626313333333,True,valid,interpolated,94,95,0.6666666666664772,,False,no_tower_section_at_tip_height,,False,no_tower_section_at_tip_height,13.085916266806501,True,valid
36,36,2.4,119.43333333333334,119.42083333333333,119.44583333333334,T1,11.646184933333336,True,valid,interpolated,97,98,0.33333333333352283,,False,no_tower_section_at_tip_height,,False,no_tower_section_at_tip_height,9.793562655266808,True,valid
37,37,2.466666666666667,119.5,119.4875,119.5125,T1,11.6895857,True,valid,source,100,100,0.0,,False,no_tower_section_at_tip_height,,False,no_tower_section_at_tip_height,7.9497117961286,True,valid
38,38,2.533333333333333,119.56666666666666,119.55416666666666,119.57916666666667,T1,11.74147163333333,True,valid,interpolated,102,103,0.6666666666664772,,False,no_tower_section_at_tip_height,,False,no_tower_section_at_tip_height,8.353128908284178,True,valid
39,39,2.6,119.63333333333334,119.62083333333334,119.64583333333334,T1,11.781145400000003,True,valid,interpolated,105,106,0.33333333333352283,,False,no_tower_section_at_tip_height,,False,no_tower_section_at_tip_height,10.772186920883842,True,valid
40,40,2.6666666666666665,119.7,119.6875,119.7125,T1,11.8179865,True,valid,source,108,108,0.0,,False,no_tower_section_at_tip_height,,False,no_tower_section_at_tip_height,14.36301494067319,True,valid
41,41,2.7333333333333334,119.76666666666667,119.75416666666666,119.77916666666667,T1,11.8464727,True,valid,interpolated,110,111,0.6666666666664772,,False,no_tower_section_at_tip_height,,False,no_tower_section_at_tip_height,18.490422485479545,True,valid
42,42,2.8,119.83333333333333,119.82083333333333,119.84583333333333,T1,11.870440766666665,True,valid,interpolated,113,114,0.33333333333314386,,False,no_tower_section_at_tip_height,,False,no_tower_section_at_tip_height,22.78084955843964,True,valid
43,43,2.8666666666666667,119.9,119.8875,119.91250000000001,T1,11.8918819,True,valid,source,116,116,0.0,,False,no_tower_section_at_tip_height,,False,no_tower_section_at_tip_height,27.13729923966575,True,valid
44,44,2.933333333333333,119.96666666666667,119.95416666666667,119.97916666666667,T1,11.909661933333336,True,valid,interpolated,118,119,0.6666666666668561,,False,no_tower_section_at_tip_height,,False,no_tower_section_at_tip_height,31.44074880026471,True,valid
45,45,3.0,120.03333333333333,120.02083333333333,120.04583333333333,T1,11.9303004,True,valid,interpolated,121,122,0.33333333333314386,,False,no_tower_section_at_tip_height,60.87446967621932,True,valid,35.592540261554966,True,valid
46,46,3.066666666666667,120.1,120.08749999999999,120.1125,T1,11.9490471,True,valid,source,124,124,0.0,,False,no_tower_section_at_tip_height,60.09230380163884,True,valid,39.55152515875991,True,valid
47,47,3.1333333333333333,120.16666666666667,120.15416666666667,120.17916666666667,T1,11.968674333333334,True,valid,interpolated,126,127,0.6666666666668561,,False,no_tower_section_at_tip_height,58.89766712097535,True,valid,43.27894250178194,True,valid
48,48,3.2,120.23333333333333,120.22083333333333,120.24583333333334,T1,11.982931766666667,True,valid,interpolated,129,130,0.33333333333352283,,False,no_tower_section_at_tip_height,57.30172702772406,True,valid,46.735074103721395,True,valid
49,49,3.2666666666666666,120.3,120.2875,120.3125,T1,11.9929571,True,valid,source,132,132,0.0,,False,no_tower_section_at_tip_height,55.31484099621194,True,valid,49.88248334623788,True,valid
50,50,3.3333333333333335,120.36666666666666,120.35416666666666,120.37916666666666,T1,11.998250666666667,True,valid,interpolated,134,135,0.6666666666664772,,False,no_tower_section_at_tip_height,52.949024843739906,True,valid,52.69120683367094,True,valid
51,51,3.4,120.43333333333334,120.42083333333333,120.44583333333334,T1,12.000347799999998,True,valid,interpolated,137,138,0.33333333333352283,,False,no_tower_section_at_tip_height,50.22467432570251,True,valid,55.13892150521244,True,valid
52,52,3.466666666666667,120.5,120.4875,120.5125,T1,11.9999657,True,valid,source,140,140,0.0,,False,no_tower_section_at_tip_height,47.160592080470565,True,valid,57.2103524119063,True,valid
53,53,3.533333333333333,120.56666666666666,120.55416666666666,120.57916666666667,T1,11.996360766666667,True,valid,interpolated,142,143,0.6666666666664772,,False,no_tower_section_at_tip_height,43.78433859699466,True,valid,58.888463219776305,True,valid
54,54,3.6,120.63333333333334,120.62083333333334,120.64583333333334,T1,11.999506933333333,True,valid,interpolated,145,146,0.33333333333352283,,False,no_tower_section_at_tip_height,40.13458239132587,True,valid,60.15487974104927,True,valid
55,55,3.6666666666666665,120.7,120.6875,120.7125,T1,12.002738,True,valid,source,148,148,0.0,,False,no_tower_section_at_tip_height,36.263216705933445,True,valid,60.99340605650581,True,valid
56,56,3.7333333333333334,120.76666666666667,120.75416666666666,120.77916666666667,T1,12.0041043,True,valid,interpolated,150,151,0.6666666666664772,,False,no_tower_section_at_tip_height,32.21849176743456,True,valid,,False,no_tower_section_at_tip_height
57,57,3.8,120.83333333333333,120.82083333333333,120.84583333333333,T1,12.000942833333333,True,valid,interpolated,153,154,0.33333333333314386,,False,no_tower_section_at_tip_height,28.069726053539203,True,valid,,False,no_tower_section_at_tip_height
58,58,3.8666666666666667,120.9,120.8875,120.91250000000001,T1,11.9956036,True,valid,source,156,156,0.0,,False,no_tower_section_at_tip_height,23.926972590877284,True,valid,,False,no_tower_section_at_tip_height
59,59,3.933333333333333,120.96666666666667,120.95416666666667,120.97916666666667,T1,11.987284033333333,True,valid,interpolated,158,159,0.6666666666668561,,False,no_tower_section_at_tip_height,19.897286615370124,True,valid,,False,no_tower_section_at_tip_height
60,60,4.0,121.03333333333333,121.02083333333333,121.04583333333333,T1,11.972006766666667,True,valid,interpolated,161,162,0.33333333333314386,,False,no_tower_section_at_tip_height,16.147604267218085,True,valid,,False,no_tower_section_at_tip_height
61,61,4.066666666666666,121.1,121.08749999999999,121.1125,T1,11.958066,True,valid,source,164,164,0.0,,False,no_tower_section_at_tip_height,13.03102089428366,True,valid,,False,no_tower_section_at_tip_height
62,62,4.133333333333334,121.16666666666667,121.15416666666667,121.17916666666667,T1,11.939874633333332,True,valid,interpolated,166,167,0.6666666666668561,,False,no_tower_section_at_tip_height,11.123187589332211,True,valid,,False,no_tower_section_at_tip_height
63,63,4.2,121.23333333333333,121.22083333333333,121.24583333333334,T1,11.927766833333331,True,valid,interpolated,169,170,0.33333333333352283,,False,no_tower_section_at_tip_height,10.950470847221736,True,valid,,False,no_tower_section_at_tip_height
64,64,4.266666666666667,121.3,121.2875,121.3125,T1,11.9167681,True,valid,source,172,172,0.0,,False,no_tower_section_at_tip_height,12.648598848938352,True,valid,,False,no_tower_section_at_tip_height
65,65,4.333333333333333,121.36666666666666,121.35416666666666,121.37916666666666,T1,11.904464066666668,True,valid,interpolated,174,175,0.6666666666664772,,False,no_tower_section_at_tip_height,15.635774689617609,True,valid,,False,no_tower_section_at_tip_height
66,66,4.4,121.43333333333334,121.42083333333333,121.44583333333334,T1,11.889432899999997,True,valid,interpolated,177,178,0.33333333333352283,,False,no_tower_section_at_tip_height,19.309096903453845,True,valid,,False,no_tower_section_at_tip_height
67,67,4.466666666666667,121.5,121.4875,121.5125,T1,11.8731747,True,valid,source,180,180,0.0,,False,no_tower_section_at_tip_height,23.329095821870176,True,valid,,False,no_tower_section_at_tip_height
68,68,4.533333333333333,121.56666666666666,121.55416666666666,121.57916666666667,T1,11.844258633333336,True,valid,interpolated,182,183,0.6666666666664772,,False,no_tower_section_at_tip_height,27.43084372733105,True,valid,,False,no_tower_section_at_tip_height
69,69,4.6,121.63333333333334,121.62083333333334,121.64583333333334,T1,11.811272299999997,True,valid,interpolated,185,186,0.33333333333352283,,False,no_tower_section_at_tip_height,31.54471077210206,True,valid,,False,no_tower_section_at_tip_height
70,70,4.666666666666667,121.7,121.6875,121.7125,T1,11.7852001,True,valid,source,188,188,0.0,61.22220124634217,True,valid,35.56661374815893,True,valid,,False,no_tower_section_at_tip_height
71,71,4.733333333333333,121.76666666666667,121.75416666666666,121.77916666666667,T1,11.763098733333335,True,valid,interpolated,190,191,0.6666666666664772,60.52999481116799,True,valid,39.41570686050739,True,valid,,False,no_tower_section_at_tip_height
72,72,4.8,121.83333333333333,121.82083333333333,121.84583333333333,T1,11.745066966666666,True,valid,interpolated,193,194,0.33333333333314386,59.44051378033834,True,valid,43.038717003158204,True,valid,,False,no_tower_section_at_tip_height
73,73,4.866666666666666,121.9,121.8875,121.91250000000001,T1,11.7254953,True,valid,source,196,196,0.0,57.95990713667552,True,valid,46.41192186053895,True,valid,,False,no_tower_section_at_tip_height
74,74,4.933333333333334,121.96666666666667,121.95416666666667,121.97916666666667,T1,11.701852166666665,True,valid,interpolated,198,199,0.6666666666668561,56.09646251069146,True,valid,49.499282528348765,True,valid,,False,no_tower_section_at_tip_height
75,75,5.0,122.03333333333333,122.02083333333333,122.04583333333333,T1,11.681317333333336,True,valid,interpolated,201,202,0.33333333333314386,53.87000380509422,True,valid,52.275712708445496,True,valid,,False,no_tower_section_at_tip_height
76,76,5.066666666666666,122.1,122.08749999999999,122.1125,T1,11.6598768,True,valid,source,204,204,0.0,51.309442058050735,True,valid,54.72015938742403,True,valid,,False,no_tower_section_at_tip_height
77,77,5.133333333333334,122.16666666666667,122.15416666666667,122.17916666666667,T1,11.633600266666665,True,valid,interpolated,206,207,0.6666666666668561,48.44447620816116,True,valid,56.811312044602815,True,valid,,False,no_tower_section_at_tip_height
78,78,5.2,122.23333333333333,122.22083333333333,122.24583333333334,T1,11.603836366666663,True,valid,interpolated,209,210,0.33333333333352283,45.29553077067267,True,valid,58.5324226655728,True,valid,,False,no_tower_section_at_tip_height
79,79,5.266666666666667,122.3,122.2875,122.3125,T1,11.5720472,True,valid,source,212,212,0.0,41.88103858257377,True,valid,59.873069974646036,True,valid,,False,no_tower_section_at_tip_height
80,80,5.333333333333333,122.36666666666666,122.35416666666666,122.37916666666666,T1,11.544624300000002,True,valid,interpolated,214,215,0.6666666666664772,38.22799904568857,True,valid,60.82268047333003,True,valid,,False,no_tower_section_at_tip_height
81,81,5.4,122.43333333333334,122.42083333333333,122.44583333333334,T1,11.522083266666664,True,valid,interpolated,217,218,0.33333333333352283,34.36244791625424,True,valid,61.37133054649849,True,valid,,False,no_tower_section_at_tip_height
82,82,5.466666666666667,122.5,122.4875,122.5125,T1,11.5017347,True,valid,source,220,220,0.0,30.365516225567095,True,valid,,False,no_tower_section_at_tip_height,,False,no_tower_section_at_tip_height
83,83,5.533333333333333,122.56666666666666,122.55416666666666,122.57916666666667,T1,11.479600600000001,True,valid,interpolated,222,223,0.6666666666664772,26.332297734822617,True,valid,,False,no_tower_section_at_tip_height,,False,no_tower_section_at_tip_height
84,84,5.6,122.63333333333334,122.62083333333334,122.64583333333334,T1,11.456955866666666,True,valid,interpolated,225,226,0.33333333333352283,22.387632128192436,True,valid,,False,no_tower_section_at_tip_height,,False,no_tower_section_at_tip_height
85,85,5.666666666666667,122.7,122.6875,122.7125,T1,11.4338188,True,valid,source,228,228,0.0,18.607884600192758,True,valid,,False,no_tower_section_at_tip_height,,False,no_tower_section_at_tip_height
86,86,5.733333333333333,122.76666666666667,122.75416666666666,122.77916666666667,T1,11.403166800000003,True,valid,interpolated,230,231,0.6666666666664772,15.262141650765395,True,valid,,False,no_tower_section_at_tip_height,,False,no_tower_section_at_tip_height
87,87,5.8,122.83333333333333,122.82083333333333,122.84583333333333,T1,11.37440426666667,True,valid,interpolated,233,234,0.33333333333314386,12.638212335831337,True,valid,,False,no_tower_section_at_tip_height,,False,no_tower_section_at_tip_height
88,88,5.866666666666666,122.9,122.8875,122.91250000000001,T1,11.3423929,True,valid,source,236,236,0.0,11.232318862199406,True,valid,,False,no_tower_section_at_tip_height,,False,no_tower_section_at_tip_height
89,89,5.933333333333334,122.96666666666667,122.95416666666667,122.97916666666667,T1,11.3168364,True,valid,interpolated,238,239,0.6666666666668561,11.502344616100201,True,valid,,False,no_tower_section_at_tip_height,,False,no_tower_section_at_tip_height
90,90,6.0,123.03333333333333,123.02083333333333,123.04583333333333,T1,11.298605633333334,True,valid,interpolated,241,242,0.33333333333314386,13.327390468779114,True,valid,,False,no_tower_section_at_tip_height,,False,no_tower_section_at_tip_height
91,91,6.066666666666666,123.1,123.08749999999999,123.1125,T1,11.2797623,True,valid,source,244,244,0.0,16.23289645651772,True,valid,,False,no_tower_section_at_tip_height,,False,no_tower_section_at_tip_height
92,92,6.133333333333334,123.16666666666667,123.15416666666667,123.17916666666667,T1,11.2627233,True,valid,interpolated,246,247,0.6666666666668561,19.714066856197352,True,valid,,False,no_tower_section_at_tip_height,,False,no_tower_section_at_tip_height
93,93,6.2,123.23333333333333,123.22083333333333,123.24583333333334,T1,11.241623233333332,True,valid,interpolated,249,250,0.33333333333352283,23.511031482099046,True,valid,,False,no_tower_section_at_tip_height,,False,no_tower_section_at_tip_height
94,94,6.266666666666667,123.3,123.2875,123.3125,T1,11.216794,True,valid,source,252,252,0.0,27.37221080651639,True,valid,,False,no_tower_section_at_tip_height,,False,no_tower_section_at_tip_height
95,95,6.333333333333333,123.36666666666666,123.35416666666666,123.37916666666666,T1,11.188885966666668,True,valid,interpolated,254,255,0.6666666666664772,31.242276155067316,True,valid,,False,no_tower_section_at_tip_height,,False,no_tower_section_at_tip_height
96,96,6.4,123.43333333333334,123.42083333333333,123.44583333333334,T1,11.161249499999998,True,valid,interpolated,257,258,0.33333333333352283,35.04215131865526,True,valid,,False,no_tower_section_at_tip_height,61.257013513618766,True,valid
97,97,6.466666666666667,123.5,123.4875,123.5125,T1,11.1371288,True,valid,source,260,260,0.0,38.702896534958164,True,valid,,False,no_tower_section_at_tip_height,60.661297670531056,True,valid
98,98,6.533333333333333,123.56666666666666,123.55416666666666,123.57916666666667,T1,11.116019266666669,True,valid,interpolated,262,263,0.6666666666664772,42.1616662495348,True,valid,,False,no_tower_section_at_tip_height,59.70642334469658,True,valid
99,99,6.6,123.63333333333334,123.62083333333334,123.64583333333334,T1,11.09740923333333,True,valid,interpolated,265,266,0.33333333333352283,45.411865462777236,True,valid,,False,no_tower_section_at_tip_height,58.39578241793466,True,valid
100,100,6.666666666666667,123.7,123.6875,123.7125,T1,11.077261,True,valid,source,268,268,0.0,48.42275500862256,True,valid,,False,no_tower_section_at_tip_height,56.739385039589614,True,valid
101,101,6.733333333333333,123.76666666666667,123.75416666666666,123.77916666666667,T1,11.067036333333334,True,valid,interpolated,270,271,0.6666666666664772,51.1659184688291,True,valid,,False,no_tower_section_at_tip_height,54.74757747732424,True,valid
102,102,6.8,123.83333333333333,123.82083333333333,123.84583333333333,T1,11.050451933333335,True,valid,interpolated,273,274,0.33333333333314386,53.617034364835234,True,valid,,False,no_tower_section_at_tip_height,52.44555017034287,True,valid
103,103,6.866666666666666,123.9,123.8875,123.91250000000001,T1,11.0290251,True,valid,source,276,276,0.0,55.75846585499084,True,valid,,False,no_tower_section_at_tip_height,49.858262981688235,True,valid
104,104,6.933333333333334,123.96666666666667,123.95416666666667,123.97916666666667,T1,11.003778433333332,True,valid,interpolated,278,279,0.6666666666668561,57.576582802384316,True,valid,,False,no_tower_section_at_tip_height,47.00549144186055,True,valid
105,105,7.0,124.03333333333333,124.02083333333333,124.04583333333333,T1,10.975472800000002,True,valid,interpolated,281,282,0.33333333333314386,59.058611516396105,True,valid,,False,no_tower_section_at_tip_height,43.907617766183215,True,valid
106,106,7.066666666666666,124.1,124.08749999999999,124.1125,T1,10.951829,True,valid,source,284,284,0.0,60.192745347545774,True,valid,,False,no_tower_section_at_tip_height,40.59007990275183,True,valid
107,107,7.133333333333334,124.16666666666667,124.15416666666667,124.17916666666667,T1,10.934004766666666,True,valid,interpolated,286,287,0.6666666666668561,60.96991700403503,True,valid,,False,no_tower_section_at_tip_height,37.068411329731994,True,valid
108,108,7.2,124.23333333333333,124.22083333333333,124.24583333333334,T1,10.918413833333332,True,valid,interpolated,289,290,0.33333333333352283,61.38525653129581,True,valid,,False,no_tower_section_at_tip_height,33.35735175589526,True,valid
109,109,7.266666666666667,124.3,124.2875,124.3125,T1,10.9046907,True,valid,source,292,292,0.0,,False,no_tower_section_at_tip_height,,False,no_tower_section_at_tip_height,29.53168070188391,True,valid
110,110,7.333333333333333,124.36666666666666,124.35416666666666,124.37916666666666,T1,10.892547933333335,True,valid,interpolated,294,295,0.6666666666664772,,False,no_tower_section_at_tip_height,,False,no_tower_section_at_tip_height,25.656341029584997,True,valid
111,111,7.4,124.43333333333334,124.42083333333333,124.44583333333334,T1,10.878827699999999,True,valid,interpolated,297,298,0.33333333333352283,,False,no_tower_section_at_tip_height,,False,no_tower_section_at_tip_height,21.808227845061946,True,valid
112,112,7.466666666666667,124.5,124.4875,124.5125,T1,10.8631411,True,valid,source,300,300,0.0,,False,no_tower_section_at_tip_height,,False,no_tower_section_at_tip_height,18.05589390624229,True,valid
113,113,7.533333333333333,124.56666666666666,124.55416666666666,124.57916666666667,T1,10.843060133333335,True,valid,interpolated,302,303,0.6666666666664772,,False,no_tower_section_at_tip_height,,False,no_tower_section_at_tip_height,14.673031104218346,True,valid
114,114,7.6,124.63333333333334,124.62083333333334,124.64583333333334,T1,10.826537433333332,True,valid,interpolated,305,306,0.33333333333352283,,False,no_tower_section_at_tip_height,,False,no_tower_section_at_tip_height,11.93634264866342,True,valid
115,115,7.666666666666667,124.7,124.6875,124.7125,T1,10.8141794,True,valid,source,308,308,0.0,,False,no_tower_section_at_tip_height,,False,no_tower_section_at_tip_height,10.323127481019975,True,valid
116,116,7.733333333333333,124.76666666666667,124.75416666666666,124.77916666666667,T1,10.805878033333334,True,valid,interpolated,310,311,0.6666666666664772,,False,no_tower_section_at_tip_height,,False,no_tower_section_at_tip_height,10.330122673183363,True,valid
117,117,7.8,124.83333333333333,124.82083333333333,124.84583333333333,T1,10.802470166666666,True,valid,interpolated,313,314,0.33333333333314386,,False,no_tower_section_at_tip_height,,False,no_tower_section_at_tip_height,11.940253673623078,True,valid
118,118,7.866666666666666,124.9,124.8875,124.91250000000001,T1,10.8056431,True,valid,source,316,316,0.0,,False,no_tower_section_at_tip_height,,False,no_tower_section_at_tip_height,14.67418209753599,True,valid
119,119,7.933333333333334,124.96666666666667,124.95416666666667,124.97916666666667,T1,10.806893333333333,True,valid,interpolated,318,319,0.6666666666668561,,False,no_tower_section_at_tip_height,,False,no_tower_section_at_tip_height,18.022901288432738,True,valid
120,120,8.0,125.03333333333333,125.02083333333333,125.04583333333333,T1,10.805670433333333,True,valid,interpolated,321,322,0.33333333333314386,,False,no_tower_section_at_tip_height,,False,no_tower_section_at_tip_height,21.7044888055513,True,valid
121,121,8.066666666666666,125.1,125.08749999999999,125.1125,T1,10.8041077,True,valid,source,324,324,0.0,,False,no_tower_section_at_tip_height,,False,no_tower_section_at_tip_height,25.48586780778168,True,valid
122,122,8.133333333333333,125.16666666666667,125.15416666666667,125.17916666666667,T1,10.797938666666667,True,valid,interpolated,326,327,0.6666666666668561,,False,no_tower_section_at_tip_height,,False,no_tower_section_at_tip_height,29.296982754462906,True,valid
123,123,8.2,125.23333333333333,125.22083333333333,125.24583333333334,T1,10.800730366666667,True,valid,interpolated,329,330,0.33333333333352283,,False,no_tower_section_at_tip_height,61.30615414304232,True,valid,33.06117175945188,True,valid
124,124,8.266666666666667,125.3,125.2875,125.3125,T1,10.8092165,True,valid,source,332,332,0.0,,False,no_tower_section_at_tip_height,60.848722662304745,True,valid,36.71044201772596,True,valid
125,125,8.333333333333334,125.36666666666667,125.35416666666667,125.37916666666668,T1,10.816590600000001,True,valid,interpolated,334,335,0.6666666666670457,,False,no_tower_section_at_tip_height,60.03991124449947,True,valid,40.20699797513414,True,valid
126,126,8.4,125.43333333333334,125.42083333333333,125.44583333333334,T1,10.831797266666667,True,valid,interpolated,337,338,0.33333333333352283,,False,no_tower_section_at_tip_height,58.888843840675015,True,valid,43.524426304983656,True,valid
127,127,8.466666666666667,125.5,125.4875,125.5125,T1,10.8465481,True,valid,source,340,340,0.0,,False,no_tower_section_at_tip_height,57.401164151627896,True,valid,46.630343386153434,True,valid
128,128,8.533333333333333,125.56666666666666,125.55416666666666,125.57916666666667,T1,10.863249466666666,True,valid,interpolated,342,343,0.6666666666664772,,False,no_tower_section_at_tip_height,55.58401441109389,True,valid,49.4946845315069,True,valid
129,129,8.6,125.63333333333333,125.62083333333332,125.64583333333333,T1,10.877963999999997,True,valid,interpolated,345,346,0.3333333333329544,,False,no_tower_section_at_tip_height,53.45737930446569,True,valid,52.089981605397995,True,valid
130,130,8.666666666666666,125.7,125.6875,125.7125,T1,10.8846598,True,valid,source,348,348,0.0,,False,no_tower_section_at_tip_height,51.04607031664699,True,valid,54.3937004380073,True,valid
131,131,8.733333333333333,125.76666666666667,125.75416666666666,125.77916666666667,T1,10.893818199999998,True,valid,interpolated,350,351,0.6666666666664772,,False,no_tower_section_at_tip_height,48.358527038866576,True,valid,56.388389547594436,True,valid
132,132,8.8,125.83333333333333,125.82083333333333,125.84583333333333,T1,10.9075718,True,valid,interpolated,353,354,0.33333333333314386,,False,no_tower_section_at_tip_height,45.39981751060174,True,valid,58.06010123573981,True,valid
133,133,8.866666666666667,125.9,125.8875,125.91250000000001,T1,10.9209089,True,valid,source,356,356,0.0,,False,no_tower_section_at_tip_height,42.19640275367614,True,valid,59.396589965791165,True,valid
134,134,8.933333333333334,125.96666666666667,125.95416666666667,125.97916666666667,T1,10.941427566666668,True,valid,interpolated,358,359,0.6666666666668561,,False,no_tower_section_at_tip_height,38.78016030098331,True,valid,60.38720298686665,True,valid
135,135,9.0,126.03333333333333,126.02083333333333,126.04583333333333,T1,10.963734666666664,True,valid,interpolated,361,362,0.33333333333314386,,False,no_tower_section_at_tip_height,35.182731971006866,True,valid,61.02264012275328,True,valid
136,136,9.066666666666666,126.1,126.08749999999999,126.1125,T1,10.9802523,True,valid,source,364,364,0.0,,False,no_tower_section_at_tip_height,31.424081549321905,True,valid,,False,no_tower_section_at_tip_height
137,137,9.133333333333333,126.16666666666667,126.15416666666667,126.17916666666667,T1,10.994024933333336,True,valid,interpolated,366,367,0.6666666666668561,,False,no_tower_section_at_tip_height,27.53160030382013,True,valid,,False,no_tower_section_at_tip_height
138,138,9.2,126.23333333333333,126.22083333333333,126.24583333333334,T1,11.010592466666669,True,valid,interpolated,369,370,0.33333333333352283,,False,no_tower_section_at_tip_height,23.621358367329563,True,valid,,False,no_tower_section_at_tip_height
139,139,9.266666666666667,126.3,126.2875,126.3125,T1,11.0256834,True,valid,source,372,372,0.0,,False,no_tower_section_at_tip_height,19.80463000607958,True,valid,,False,no_tower_section_at_tip_height
140,140,9.333333333333334,126.36666666666667,126.35416666666667,126.37916666666668,T1,11.041456866666667,True,valid,interpolated,374,375,0.6666666666670457,,False,no_tower_section_at_tip_height,16.16477368536716,True,valid,,False,no_tower_section_at_tip_height
141,141,9.4,126.43333333333334,126.42083333333333,126.44583333333334,T1,11.0540438,True,valid,interpolated,377,378,0.33333333333352283,,False,no_tower_section_at_tip_height,13.018622764017831,True,valid,,False,no_tower_section_at_tip_height
142,142,9.466666666666667,126.5,126.4875,126.5125,T1,11.0625916,True,valid,source,380,380,0.0,,False,no_tower_section_at_tip_height,10.776335002684323,True,valid,,False,no_tower_section_at_tip_height
143,143,9.533333333333333,126.56666666666666,126.55416666666666,126.57916666666667,T1,11.072703666666666,True,valid,interpolated,382,383,0.6666666666664772,,False,no_tower_section_at_tip_height,10.034766281439644,True,valid,,False,no_tower_section_at_tip_height
144,144,9.6,126.63333333333333,126.62083333333332,126.64583333333333,T1,11.089739833333331,True,valid,interpolated,385,386,0.3333333333329544,,False,no_tower_section_at_tip_height,11.003667053377894,True,valid,,False,no_tower_section_at_tip_height
145,145,9.666666666666666,126.7,126.6875,126.7125,T1,11.1036959,True,valid,source,388,388,0.0,,False,no_tower_section_at_tip_height,13.38744473580792,True,valid,,False,no_tower_section_at_tip_height
146,146,9.733333333333333,126.76666666666667,126.75416666666666,126.77916666666667,T1,11.1142041,True,valid,interpolated,390,391,0.6666666666664772,,False,no_tower_section_at_tip_height,16.60631568286382,True,valid,,False,no_tower_section_at_tip_height
147,147,9.8,126.83333333333333,126.82083333333333,126.84583333333333,T1,11.115038866666666,True,valid,interpolated,393,394,0.33333333333314386,,False,no_tower_section_at_tip_height,20.273523521928862,True,valid,,False,no_tower_section_at_tip_height
148,148,9.866666666666667,126.9,126.8875,126.91250000000001,T1,11.1177206,True,valid,source,396,396,0.0,,False,no_tower_section_at_tip_height,24.151890590831822,True,valid,,False,no_tower_section_at_tip_height
149,149,9.933333333333334,126.96666666666667,126.95416666666667,126.97916666666667,T1,11.118928933333333,True,valid,interpolated,398,399,0.6666666666668561,,False,no_tower_section_at_tip_height,28.09592833577299,True,valid,,False,no_tower_section_at_tip_height
150,150,10.0,127.03333333333333,127.02083333333333,127.04583333333333,T1,11.120829266666666,True,valid,interpolated,401,402,0.33333333333314386,,False,no_tower_section_at_tip_height,32.00538288418887,True,valid,,False,no_tower_section_at_tip_height
151,151,10.066666666666666,127.1,127.08749999999999,127.1125,T1,11.1154709,True,valid,source,404,404,0.0,61.03033628932434,True,valid,35.80519504617925,True,valid,,False,no_tower_section_at_tip_height
152,152,10.133333333333333,127.16666666666667,127.15416666666667,127.17916666666667,T1,11.108308466666665,True,valid,interpolated,406,407,0.6666666666668561,60.34368723793487,True,valid,39.443773414733016,True,valid,,False,no_tower_section_at_tip_height
153,153,10.2,127.23333333333333,127.22083333333333,127.24583333333334,T1,11.100242299999998,True,valid,interpolated,409,410,0.33333333333352283,59.310097063609845,True,valid,42.88171895913738,True,valid,,False,no_tower_section_at_tip_height
154,154,10.266666666666667,127.3,127.2875,127.3125,T1,11.0892649,True,valid,source,412,412,0.0,57.93541742862622,True,valid,46.09152815075635,True,valid,,False,no_tower_section_at_tip_height
155,155,10.333333333333334,127.36666666666667,127.35416666666667,127.37916666666668,T1,11.078802133333332,True,valid,interpolated,414,415,0.6666666666670457,56.22879189558064,True,valid,49.04823010933165,True,valid,,False,no_tower_section_at_tip_height
156,156,10.4,127.43333333333334,127.42083333333333,127.44583333333334,T1,11.065800366666666,True,valid,interpolated,417,418,0.33333333333352283,54.203255575455216,True,valid,51.73212180566736,True,valid,,False,no_tower_section_at_tip_height
157,157,10.466666666666667,127.5,127.4875,127.5125,T1,11.0535135,True,valid,source,420,420,0.0,51.87619635489452,True,valid,54.12044273869387,True,valid,,False,no_tower_section_at_tip_height
158,158,10.533333333333333,127.56666666666666,127.55416666666666,127.57916666666667,T1,11.037112566666668,True,valid,interpolated,422,423,0.6666666666664772,49.26396329019932,True,valid,56.19219796554797,True,valid,,False,no_tower_section_at_tip_height
159,159,10.6,127.63333333333333,127.62083333333332,127.64583333333333,T1,11.018800733333336,True,valid,interpolated,425,426,0.3333333333329544,46.37639843340228,True,valid,57.936839621317645,True,valid,,False,no_tower_section_at_tip_height
160,160,10.666666666666666,127.7,127.6875,127.7125,T1,10.9965324,True,valid,source,428,428,0.0,43.23634887709189,True,valid,59.34321218232633,True,valid,,False,no_tower_section_at_tip_height
161,161,10.733333333333333,127.76666666666667,127.75416666666666,127.77916666666667,T1,10.980499866666669,True,valid,interpolated,430,431,0.6666666666664772,39.87059406286937,True,valid,60.394362897145314,True,valid,,False,no_tower_section_at_tip_height
162,162,10.8,127.83333333333333,127.82083333333333,127.84583333333333,T1,10.965790433333334,True,valid,interpolated,433,434,0.33333333333314386,36.31728988918743,True,valid,61.07962812365384,True,valid,,False,no_tower_section_at_tip_height
163,163,10.866666666666667,127.9,127.8875,127.91250000000001,T1,10.9559793,True,valid,source,436,436,0.0,32.60123209650546,True,valid,,False,no_tower_section_at_tip_height,,False,no_tower_section_at_tip_height
164,164,10.933333333333334,127.96666666666667,127.95416666666667,127.97916666666667,T1,10.944574666666666,True,valid,interpolated,438,439,0.6666666666668561,28.783951683092024,True,valid,,False,no_tower_section_at_tip_height,,False,no_tower_section_at_tip_height
165,165,11.0,128.03333333333333,128.02083333333334,128.04583333333332,T1,10.933005966666668,True,valid,interpolated,441,442,0.3333333333329544,24.93476494554891,True,valid,,False,no_tower_section_at_tip_height,,False,no_tower_section_at_tip_height
166,166,11.066666666666666,128.1,128.0875,128.11249999999998,T1,10.9219093,True,valid,source,444,444,0.0,21.143935916035606,True,valid,,False,no_tower_section_at_tip_height,,False,no_tower_section_at_tip_height
167,167,11.133333333333333,128.16666666666666,128.15416666666667,128.17916666666665,T1,10.912539500000003,True,valid,interpolated,446,447,0.6666666666659088,17.49940983434755,True,valid,,False,no_tower_section_at_tip_height,,False,no_tower_section_at_tip_height
168,168,11.2,128.23333333333332,128.22083333333333,128.2458333333333,T1,10.901991866666668,True,valid,interpolated,449,450,0.3333333333329544,14.278199072752145,True,valid,,False,no_tower_section_at_tip_height,,False,no_tower_section_at_tip_height
169,169,11.266666666666667,128.3,128.28750000000002,128.3125,T1,10.8907595,True,valid,source,452,452,0.0,11.803491923312109,True,valid,,False,no_tower_section_at_tip_height,,False,no_tower_section_at_tip_height
170,170,11.333333333333334,128.36666666666667,128.35416666666669,128.37916666666666,T1,10.881653799999999,True,valid,interpolated,454,455,0.6666666666670457,10.561620620054887,True,valid,,False,no_tower_section_at_tip_height,,False,no_tower_section_at_tip_height
171,171,11.4,128.43333333333334,128.42083333333335,128.44583333333333,T1,10.8717422,True,valid,interpolated,457,458,0.3333333333333333,10.950462588359311,True,valid,,False,no_tower_section_at_tip_height,,False,no_tower_section_at_tip_height
172,172,11.466666666666667,128.5,128.4875,128.5125,T1,10.8626566,True,valid,source,460,460,0.0,12.802357531486978,True,valid,,False,no_tower_section_at_tip_height,,False,no_tower_section_at_tip_height
173,173,11.533333333333333,128.56666666666666,128.55416666666667,128.57916666666665,T1,10.854439766666665,True,valid,interpolated,462,463,0.6666666666666666,15.687545670890852,True,valid,,False,no_tower_section_at_tip_height,,False,no_tower_section_at_tip_height
174,174,11.6,128.63333333333333,128.62083333333334,128.64583333333331,T1,10.841001200000001,True,valid,interpolated,465,466,0.3333333333329544,19.137632837501272,True,valid,,False,no_tower_section_at_tip_height,,False,no_tower_section_at_tip_height
175,175,11.666666666666666,128.7,128.6875,128.71249999999998,T1,10.8299694,True,valid,source,468,468,0.0,22.88767357898095,True,valid,,False,no_tower_section_at_tip_height,,False,no_tower_section_at_tip_height
176,176,11.733333333333333,128.76666666666668,128.7541666666667,128.77916666666667,T1,10.8247849,True,valid,interpolated,470,471,0.6666666666670457,26.730536146377585,True,valid,,False,no_tower_section_at_tip_height,,False,no_tower_section_at_tip_height
177,177,11.8,128.83333333333334,128.82083333333335,128.84583333333333,T1,10.81236203333333,True,valid,interpolated,473,474,0.33333333333409126,30.558982960210088,True,valid,,False,no_tower_section_at_tip_height,,False,no_tower_section_at_tip_height
178,178,11.866666666666667,128.9,128.88750000000002,128.9125,T1,10.7969847,True,valid,source,476,476,0.0,34.2977774515588,True,valid,,False,no_tower_section_at_tip_height,61.27912931393,True,valid
179,179,11.933333333333334,128.96666666666667,128.95416666666668,128.97916666666666,T1,10.773414599999995,True,valid,interpolated,478,479,0.6666666666670457,37.89498326964581,True,valid,,False,no_tower_section_at_tip_height,60.754078284533485,True,valid
180,180,12.0,129.03333333333333,129.02083333333334,129.04583333333332,T1,10.755447733333334,True,valid,interpolated,481,482,0.3333333333329544,41.31497895765392,True,valid,,False,no_tower_section_at_tip_height,59.887742395343146,True,valid
181,181,12.066666666666666,129.1,129.0875,129.11249999999998,T1,10.7458963,True,valid,source,484,484,0.0,44.53452857241298,True,valid,,False,no_tower_section_at_tip_height,58.68929265014564,True,valid
182,182,12.133333333333333,129.16666666666666,129.15416666666667,129.17916666666665,T1,10.733384133333336,True,valid,interpolated,486,487,0.6666666666659088,47.526658680660574,True,valid,,False,no_tower_section_at_tip_height,57.163300631580945,True,valid
183,183,12.2,129.23333333333332,129.22083333333333,129.2458333333333,T1,10.716167733333336,True,valid,interpolated,489,490,0.3333333333329544,50.266684346228075,True,valid,,False,no_tower_section_at_tip_height,55.334730588746254,True,valid
184,184,12.266666666666667,129.3,129.28750000000002,129.3125,T1,10.6945009,True,valid,source,492,492,0.0,52.73965262022115,True,valid,,False,no_tower_section_at_tip_height,53.21285357692719,True,valid
185,185,12.333333333333334,129.36666666666667,129.35416666666669,129.37916666666666,T1,10.676067966666663,True,valid,interpolated,494,495,0.6666666666670457,54.930010488264124,True,valid,,False,no_tower_section_at_tip_height,50.80555958012012,True,valid
186,186,12.4,129.43333333333334,129.42083333333335,129.44583333333333,T1,10.654785166666667,True,valid,interpolated,497,498,0.3333333333333333,56.823668750619,True,valid,,False,no_tower_section_at_tip_height,48.13220432218398,True,valid
187,187,12.466666666666667,129.5,129.4875,129.5125,T1,10.6413946,True,valid,source,500,500,0.0,58.40398257123193,True,valid,,False,no_tower_section_at_tip_height,45.22116622137646,True,valid
188,188,12.533333333333333,129.56666666666666,129.55416666666667,129.57916666666665,T1,10.6245804,True,valid,interpolated,502,503,0.6666666666666666,59.6576260158213,True,valid,,False,no_tower_section_at_tip_height,42.09804898222829,True,valid
189,189,12.6,129.63333333333333,129.62083333333334,129.64583333333331,T1,10.616081866666667,True,valid,interpolated,505,506,0.3333333333329544,60.575781673455246,True,valid,,False,no_tower_section_at_tip_height,38.79339893969798,True,valid
190,190,12.666666666666666,129.7,129.6875,129.71249999999998,T1,10.6094837,True,valid,source,508,508,0.0,61.15338951588592,True,valid,,False,no_tower_section_at_tip_height,35.33879620964249,True,valid
191,191,12.733333333333333,129.76666666666668,129.7541666666667,129.77916666666667,T1,10.606546366666667,True,valid,interpolated,510,511,0.6666666666670457,,False,no_tower_section_at_tip_height,,False,no_tower_section_at_tip_height,31.729462446217354,True,valid
192,192,12.8,129.83333333333334,129.82083333333335,129.84583333333333,T1,10.603174499999998,True,valid,interpolated,513,514,0.33333333333409126,,False,no_tower_section_at_tip_height,,False,no_tower_section_at_tip_height,28.025273624822884,True,valid
193,193,12.866666666666667,129.9,129.88750000000002,129.9125,T1,10.6024437,True,valid,source,516,516,0.0,,False,no_tower_section_at_tip_height,,False,no_tower_section_at_tip_height,24.2766184599458,True,valid
194,194,12.933333333333334,129.96666666666667,129.95416666666668,129.97916666666666,T1,10.599328366666667,True,valid,interpolated,518,519,0.6666666666670457,,False,no_tower_section_at_tip_height,,False,no_tower_section_at_tip_height,20.559660524573214,True,valid
195,195,13.0,130.03333333333333,130.02083333333334,130.04583333333332,T1,10.5958786,True,valid,interpolated,521,522,0.3333333333329544,,False,no_tower_section_at_tip_height,,False,no_tower_section_at_tip_height,16.956374898975504,True,valid
196,196,13.066666666666666,130.1,130.0875,130.11249999999998,T1,10.5909405,True,valid,source,524,524,0.0,,False,no_tower_section_at_tip_height,,False,no_tower_section_at_tip_height,13.746029081533246,True,valid
197,197,13.133333333333333,130.16666666666666,130.15416666666667,130.17916666666665,T1,10.594146066666662,True,valid,interpolated,526,527,0.6666666666659088,,False,no_tower_section_at_tip_height,,False,no_tower_section_at_tip_height,11.240593334304043,True,valid
198,198,13.2,130.23333333333332,130.22083333333333,130.2458333333333,T1,10.608676899999997,True,valid,interpolated,529,530,0.3333333333329544,,False,no_tower_section_at_tip_height,,False,no_tower_section_at_tip_height,9.967562625507995,True,valid
199,199,13.266666666666667,130.3,130.28750000000002,130.3125,T1,10.6250381,True,valid,source,532,532,0.0,,False,no_tower_section_at_tip_height,,False,no_tower_section_at_tip_height,10.332840368281246,True,valid
200,200,13.333333333333334,130.36666666666667,130.35416666666669,130.37916666666666,T1,10.64269606666667,True,valid,interpolated,534,535,0.6666666666670457,,False,no_tower_section_at_tip_height,,False,no_tower_section_at_tip_height,12.172846076861159,True,valid
201,201,13.4,130.43333333333334,130.42083333333335,130.44583333333333,T1,10.653818433333335,True,valid,interpolated,537,538,0.3333333333333333,,False,no_tower_section_at_tip_height,,False,no_tower_section_at_tip_height,15.043108505605392,True,valid
202,202,13.466666666666667,130.5,130.4875,130.5125,T1,10.6669683,True,valid,source,540,540,0.0,,False,no_tower_section_at_tip_height,,False,no_tower_section_at_tip_height,18.465173672669867,True,valid
203,203,13.533333333333333,130.56666666666666,130.55416666666667,130.57916666666665,T1,10.678281133333334,True,valid,interpolated,542,543,0.6666666666666666,,False,no_tower_section_at_tip_height,,False,no_tower_section_at_tip_height,22.1562800225937,True,valid
204,204,13.6,130.63333333333333,130.62083333333334,130.64583333333331,T1,10.691486333333332,True,valid,interpolated,545,546,0.3333333333329544,,False,no_tower_section_at_tip_height,,False,no_tower_section_at_tip_height,25.95010271909269,True,valid
205,205,13.666666666666666,130.7,130.6875,130.71249999999998,T1,10.6991348,True,valid,source,548,548,0.0,,False,no_tower_section_at_tip_height,,False,no_tower_section_at_tip_height,29.761490417185268,True,valid
206,206,13.733333333333333,130.76666666666668,130.7541666666667,130.77916666666667,T1,10.707661333333334,True,valid,interpolated,550,551,0.6666666666670457,,False,no_tower_section_at_tip_height,61.22636794961905,True,valid,33.51582855777709,True,valid
207,207,13.8,130.83333333333334,130.82083333333335,130.84583333333333,T1,10.72094916666667,True,valid,interpolated,553,554,0.33333333333409126,,False,no_tower_section_at_tip_height,60.74767400191842,True,valid,37.14174894157703,True,valid
208,208,13.866666666666667,130.9,130.88750000000002,130.9125,T1,10.733737,True,valid,source,556,556,0.0,,False,no_tower_section_at_tip_height,59.93245330591248,True,valid,40.615073982459755,True,valid
209,209,13.933333333333334,130.96666666666667,130.95416666666668,130.97916666666666,T1,10.748298300000002,True,valid,interpolated,558,559,0.6666666666670457,,False,no_tower_section_at_tip_height,58.7882793995183,True,valid,43.900156350574434,True,valid
210,210,14.0,131.03333333333333,131.02083333333334,131.04583333333332,T1,10.757815966666666,True,valid,interpolated,561,562,0.3333333333329544,,False,no_tower_section_at_tip_height,57.318189300061455,True,valid,46.96118154196269,True,valid
211,211,14.066666666666666,131.1,131.0875,131.11249999999998,T1,10.761055,True,valid,source,564,564,0.0,,False,no_tower_section_at_tip_height,55.533489662280175,True,valid,49.771672726139414,True,valid
212,212,14.133333333333333,131.16666666666666,131.15416666666667,131.17916666666665,T1,10.762320833333334,True,valid,interpolated,566,567,0.6666666666659088,,False,no_tower_section_at_tip_height,53.44983695619181,True,valid,52.3163044015742,True,valid
213,213,14.2,131.23333333333332,131.22083333333333,131.2458333333333,T1,10.760079066666666,True,valid,interpolated,569,570,0.3333333333329544,,False,no_tower_section_at_tip_height,51.074551106848496,True,valid,54.57638663052272,True,valid
214,214,14.266666666666667,131.3,131.28750000000002,131.3125,T1,10.7606621,True,valid,source,572,572,0.0,,False,no_tower_section_at_tip_height,48.41867577063314,True,valid,56.53131895267463,True,valid
215,215,14.333333333333334,131.36666666666667,131.35416666666669,131.37916666666666,T1,10.764616000000002,True,valid,interpolated,574,575,0.6666666666670457,,False,no_tower_section_at_tip_height,45.49684876773306,True,valid,58.16614933561376,True,valid
216,216,14.4,131.43333333333334,131.42083333333335,131.44583333333333,T1,10.771089533333335,True,valid,interpolated,577,578,0.3333333333333333,,False,no_tower_section_at_tip_height,42.33249712170888,True,valid,59.47301943305284,True,valid
217,217,14.466666666666667,131.5,131.4875,131.5125,T1,10.7775717,True,valid,source,580,580,0.0,,False,no_tower_section_at_tip_height,38.95615252543288,True,valid,60.44451544131743,True,valid
218,218,14.533333333333333,131.56666666666666,131.55416666666667,131.57916666666665,T1,10.776562666666667,True,valid,interpolated,582,583,0.6666666666666666,,False,no_tower_section_at_tip_height,35.40864560452518,True,valid,61.07202078459294,True,valid
219,219,14.6,131.63333333333333,131.62083333333334,131.64583333333331,T1,10.778423933333332,True,valid,interpolated,585,586,0.3333333333329544,,False,no_tower_section_at_tip_height,31.717231991384782,True,valid,,False,no_tower_section_at_tip_height
220,220,14.666666666666666,131.7,131.6875,131.71249999999998,T1,10.7820835,True,valid,source,588,588,0.0,,False,no_tower_section_at_tip_height,27.93385892309537,True,valid,,False,no_tower_section_at_tip_height
221,221,14.733333333333333,131.76666666666668,131.7541666666667,131.77916666666667,T1,10.7795013,True,valid,interpolated,590,591,0.6666666666670457,,False,no_tower_section_at_tip_height,24.115033827753646,True,valid,,False,no_tower_section_at_tip_height
222,222,14.8,131.83333333333334,131.82083333333335,131.84583333333333,T1,10.779659266666666,True,valid,interpolated,593,594,0.33333333333409126,,False,no_tower_section_at_tip_height,20.339730743949072,True,valid,,False,no_tower_section_at_tip_height
223,223,14.866666666666667,131.9,131.88750000000002,131.9125,T1,10.7772341,True,valid,source,596,596,0.0,,False,no_tower_section_at_tip_height,16.670298054776538,True,valid,,False,no_tower_section_at_tip_height
224,224,14.933333333333334,131.96666666666667,131.95416666666668,131.97916666666666,T1,10.777084,True,valid,interpolated,598,599,0.6666666666670457,,False,no_tower_section_at_tip_height,13.393250581795176,True,valid,,False,no_tower_section_at_tip_height
225,225,15.0,132.03333333333333,132.02083333333334,132.04583333333332,T1,10.78666083333333,True,valid,interpolated,601,602,0.3333333333329544,,False,no_tower_section_at_tip_height,10.855199198403604,True,valid,,False,no_tower_section_at_tip_height
226,226,15.066666666666666,132.1,132.0875,132.11249999999998,T1,10.796257,True,valid,source,604,604,0.0,,False,no_tower_section_at_tip_height,9.611761042987514,True,valid,,False,no_tower_section_at_tip_height
227,227,15.133333333333333,132.16666666666666,132.15416666666667,132.17916666666665,T1,10.800831466666665,True,valid,interpolated,606,607,0.6666666666659088,,False,no_tower_section_at_tip_height,10.074939373886782,True,valid,,False,no_tower_section_at_tip_height
228,228,15.2,132.23333333333332,132.22083333333333,132.2458333333333,T1,10.803394333333333,True,valid,interpolated,609,610,0.3333333333329544,,False,no_tower_section_at_tip_height,12.09903507780183,True,valid,,False,no_tower_section_at_tip_height
229,229,15.266666666666667,132.3,132.28750000000002,132.3125,T1,10.7998362,True,valid,source,612,612,0.0,,False,no_tower_section_at_tip_height,15.14917544030304,True,valid,,False,no_tower_section_at_tip_height
230,230,15.333333333333334,132.36666666666667,132.35416666666669,132.37916666666666,T1,10.802458466666668,True,valid,interpolated,614,615,0.6666666666670457,,False,no_tower_section_at_tip_height,18.74917981207942,True,valid,,False,no_tower_section_at_tip_height
231,231,15.4,132.43333333333334,132.42083333333335,132.44583333333333,T1,10.809941633333334,True,valid,interpolated,617,618,0.3333333333333333,,False,no_tower_section_at_tip_height,22.55770233966976,True,valid,,False,no_tower_section_at_tip_height
232,232,15.466666666666667,132.5,132.4875,132.5125,T1,10.8138256,True,valid,source,620,620,0.0,,False,no_tower_section_at_tip_height,26.456159022896077,True,valid,,False,no_tower_section_at_tip_height
233,233,15.533333333333333,132.56666666666666,132.55416666666667,132.57916666666665,T1,10.816653533333334,True,valid,interpolated,622,623,0.6666666666666666,,False,no_tower_section_at_tip_height,30.335500699812968,True,valid,,False,no_tower_section_at_tip_height
234,234,15.6,132.63333333333333,132.62083333333334,132.64583333333331,T1,10.821651099999999,True,valid,interpolated,625,626,0.3333333333329544,61.17443046241193,True,valid,34.11755197297937,True,valid,,False,no_tower_section_at_tip_height
235,235,15.666666666666666,132.7,132.6875,132.71249999999998,T1,10.8278933,True,valid,source,628,628,0.0,60.61174444194746,True,valid,37.74273771976691,True,valid,,False,no_tower_section_at_tip_height
236,236,15.733333333333333,132.76666666666668,132.7541666666667,132.77916666666667,T1,10.8402481,True,valid,interpolated,630,631,0.6666666666670457,59.709154364996294,True,valid,41.199239042511806,True,valid,,False,no_tower_section_at_tip_height
237,237,15.8,132.83333333333334,132.82083333333335,132.84583333333333,T1,10.849950433333333,True,valid,interpolated,633,634,0.33333333333409126,58.47418146419767,True,valid,44.45345430099701,True,valid,,False,no_tower_section_at_tip_height
238,238,15.866666666666667,132.9,132.88750000000002,132.9125,T1,10.8573942,True,valid,source,636,636,0.0,56.91005529426664,True,valid,47.47783741181857,True,valid,,False,no_tower_section_at_tip_height
239,239,15.933333333333334,132.96666666666667,132.95416666666668,132.97916666666666,T1,10.864210433333334,True,valid,interpolated,638,639,0.6666666666670457,55.02284460756299,True,valid,50.25377845542678,True,valid,,False,no_tower_section_at_tip_height
240,240,16.0,133.03333333333333,133.02083333333334,133.04583333333332,T1,10.871446633333331,True,valid,interpolated,641,642,0.3333333333329544,52.82332154945718,True,valid,52.759216237566584,True,valid,,False,no_tower_section_at_tip_height
241,241,16.066666666666666,133.1,133.0875,133.11249999999998,T1,10.8843203,True,valid,source,644,644,0.0,50.32464947907437,True,valid,54.97043398994311,True,valid,,False,no_tower_section_at_tip_height
242,242,16.133333333333333,133.16666666666666,133.15416666666667,133.17916666666665,T1,10.89932123333333,True,valid,interpolated,646,647,0.6666666666659088,47.54390248637594,True,valid,56.86833741010936,True,valid,,False,no_tower_section_at_tip_height
243,243,16.2,133.23333333333335,133.22083333333336,133.24583333333334,T1,10.914556500000003,True,valid,interpolated,649,650,0.33333333333409126,44.50183307299505,True,valid,58.442525977331954,True,valid,,False,no_tower_section_at_tip_height
244,244,16.266666666666666,133.3,133.28750000000002,133.3125,T1,10.9248209,True,valid,source,652,652,0.0,41.221710761659274,True,valid,59.680259331683814,True,valid,,False,no_tower_section_at_tip_height
245,245,16.333333333333332,133.36666666666667,133.35416666666669,133.37916666666666,T1,10.937935500000002,True,valid,interpolated,654,655,0.6666666666670457,37.73020051482067,True,valid,60.56439738362974,True,valid,,False,no_tower_section_at_tip_height
246,246,16.4,133.43333333333334,133.42083333333335,133.44583333333333,T1,10.9523376,True,valid,interpolated,657,658,0.3333333333333333,34.06671376006226,True,valid,61.083520132196824,True,valid,,False,no_tower_section_at_tip_height
247,247,16.466666666666665,133.5,133.4875,133.5125,T1,10.966939,True,valid,source,660,660,0.0,30.252759063549014,True,valid,,False,no_tower_section_at_tip_height,,False,no_tower_section_at_tip_height
248,248,16.533333333333335,133.56666666666666,133.55416666666667,133.57916666666665,T1,10.979551299999999,True,valid,interpolated,662,663,0.6666666666666666,26.341259247574115,True,valid,,False,no_tower_section_at_tip_height,,False,no_tower_section_at_tip_height
249,249,16.6,133.63333333333333,133.62083333333334,133.64583333333331,T1,10.989389133333331,True,valid,interpolated,665,666,0.3333333333329544,22.41906746721941,True,valid,,False,no_tower_section_at_tip_height,,False,no_tower_section_at_tip_height
250,250,16.666666666666668,133.7,133.6875,133.71249999999998,T1,10.9979916,True,valid,source,668,668,0.0,18.584081329064738,True,valid,,False,no_tower_section_at_tip_height,,False,no_tower_section_at_tip_height
251,251,16.733333333333334,133.76666666666665,133.75416666666666,133.77916666666664,T1,11.009286233333329,True,valid,interpolated,670,671,0.6666666666659088,14.954369234147494,True,valid,,False,no_tower_section_at_tip_height,,False,no_tower_section_at_tip_height
252,252,16.8,133.83333333333334,133.82083333333335,133.84583333333333,T1,11.024078700000004,True,valid,interpolated,673,674,0.33333333333409126,11.879749361476915,True,valid,,False,no_tower_section_at_tip_height,,False,no_tower_section_at_tip_height
253,253,16.866666666666667,133.9,133.88750000000002,133.9125,T1,11.0378771,True,valid,source,676,676,0.0,9.86818411916492,True,valid,,False,no_tower_section_at_tip_height,,False,no_tower_section_at_tip_height
254,254,16.933333333333334,133.96666666666667,133.95416666666668,133.97916666666666,T1,11.052934633333335,True,valid,interpolated,678,679,0.6666666666670457,9.458749869448535,True,valid,,False,no_tower_section_at_tip_height,,False,no_tower_section_at_tip_height
255,255,17.0,134.03333333333333,134.02083333333334,134.04583333333332,T1,11.0616706,True,valid,interpolated,681,682,0.3333333333329544,10.888572734604551,True,valid,,False,no_tower_section_at_tip_height,,False,no_tower_section_at_tip_height
256,256,17.066666666666666,134.1,134.0875,134.11249999999998,T1,11.0740404,True,valid,source,684,684,0.0,13.637364909640056,True,valid,,False,no_tower_section_at_tip_height,,False,no_tower_section_at_tip_height
257,257,17.133333333333333,134.16666666666666,134.15416666666667,134.17916666666665,T1,11.0802056,True,valid,interpolated,686,687,0.6666666666659088,17.11175991726247,True,valid,,False,no_tower_section_at_tip_height,,False,no_tower_section_at_tip_height
258,258,17.2,134.23333333333335,134.22083333333336,134.24583333333334,T1,11.08905156666667,True,valid,interpolated,689,690,0.33333333333409126,20.972819855717457,True,valid,,False,no_tower_section_at_tip_height,,False,no_tower_section_at_tip_height
259,259,17.266666666666666,134.3,134.28750000000002,134.3125,T1,11.1031837,True,valid,source,692,692,0.0,24.9458298694827,True,valid,,False,no_tower_section_at_tip_height,,False,no_tower_section_at_tip_height
260,260,17.333333333333332,134.36666666666667,134.35416666666669,134.37916666666666,T1,11.109551766666666,True,valid,interpolated,694,695,0.6666666666670457,28.932279058022115,True,valid,,False,no_tower_section_at_tip_height,,False,no_tower_section_at_tip_height
261,261,17.4,134.43333333333334,134.42083333333335,134.44583333333333,T1,11.112684900000001,True,valid,interpolated,697,698,0.3333333333333333,32.849894330326784,True,valid,,False,no_tower_section_at_tip_height,61.250114137318995,True,valid
262,262,17.466666666666665,134.5,134.4875,134.5125,T1,11.1156521,True,valid,source,700,700,0.0,36.63334718502857,True,valid,,False,no_tower_section_at_tip_height,60.79673191517277,True,valid
263,263,17.533333333333335,134.56666666666666,134.55416666666667,134.57916666666665,T1,11.121603933333333,True,valid,interpolated,702,703,0.6666666666666666,40.24833718550732,True,valid,,False,no_tower_section_at_tip_height,59.98562984933908,True,valid
264,264,17.6,134.63333333333333,134.62083333333334,134.64583333333331,T1,11.128594099999999,True,valid,interpolated,705,706,0.3333333333329544,43.660982863825616,True,valid,,False,no_tower_section_at_tip_height,58.82741630085394,True,valid
265,265,17.666666666666668,134.7,134.6875,134.71249999999998,T1,11.1335745,True,valid,source,708,708,0.0,46.83436813804916,True,valid,,False,no_tower_section_at_tip_height,57.32991203704285,True,valid
266,266,17.733333333333334,134.76666666666665,134.75416666666666,134.77916666666664,T1,11.133018833333333,True,valid,interpolated,710,711,0.6666666666659088,49.74522347827807,True,valid,,False,no_tower_section_at_tip_height,55.4918772726685,True,valid
267,267,17.8,134.83333333333334,134.82083333333335,134.84583333333333,T1,11.128649999999999,True,valid,interpolated,713,714,0.33333333333409126,52.37450836357016,True,valid,,False,no_tower_section_at_tip_height,53.323292158078345,True,valid
268,268,17.866666666666667,134.9,134.88750000000002,134.9125,T1,11.1280327,True,valid,source,716,716,0.0,54.695273699728304,True,valid,,False,no_tower_section_at_tip_height,50.84775338217528,True,valid
269,269,17.933333333333334,134.96666666666667,134.95416666666668,134.97916666666666,T1,11.130350433333334,True,valid,interpolated,718,719,0.6666666666670457,56.6862477268481,True,valid,,False,no_tower_section_at_tip_height,48.0918582314393,True,valid
270,270,18.0,135.03333333333333,135.02083333333334,135.04583333333332,T1,11.13875263333333,True,valid,interpolated,721,722,0.3333333333329544,58.33555601922863,True,valid,,False,no_tower_section_at_tip_height,45.085043781238056,True,valid
271,271,18.066666666666666,135.1,135.0875,135.11249999999998,T1,11.1395817,True,valid,source,724,724,0.0,59.62944073949295,True,valid,,False,no_tower_section_at_tip_height,41.84901474375121,True,valid
272,272,18.133333333333333,135.16666666666666,135.15416666666667,135.17916666666665,T1,11.132717733333333,True,valid,interpolated,726,727,0.6666666666659088,60.5595177152509,True,valid,,False,no_tower_section_at_tip_height,38.3985413165269,True,valid
273,273,18.2,135.23333333333335,135.22083333333336,135.24583333333334,T1,11.12958973333333,True,valid,interpolated,729,730,0.33333333333409126,61.113661196423,True,valid,,False,no_tower_section_at_tip_height,34.7896741830213,True,valid
274,274,18.266666666666666,135.3,135.28750000000002,135.3125,T1,11.1281528,True,valid,source,732,732,0.0,,False,no_tower_section_at_tip_height,,False,no_tower_section_at_tip_height,31.018919540144392,True,valid
275,275,18.333333333333332,135.36666666666667,135.35416666666669,135.37916666666666,T1,11.130664166666666,True,valid,interpolated,734,735,0.6666666666670457,,False,no_tower_section_at_tip_height,,False,no_tower_section_at_tip_height,27.145435108492645,True,valid
276,276,18.4,135.43333333333334,135.42083333333335,135.44583333333333,T1,11.123828233333334,True,valid,interpolated,737,738,0.3333333333333333,,False,no_tower_section_at_tip_height,,False,no_tower_section_at_tip_height,23.25789363659468,True,valid
277,277,18.466666666666665,135.5,135.4875,135.5125,T1,11.1150923,True,valid,source,740,740,0.0,,False,no_tower_section_at_tip_height,,False,no_tower_section_at_tip_height,19.459034372955287,True,valid
278,278,18.533333333333335,135.56666666666666,135.55416666666667,135.57916666666665,T1,11.102116266666666,True,valid,interpolated,742,743,0.6666666666666666,,False,no_tower_section_at_tip_height,,False,no_tower_section_at_tip_height,15.917166116652291,True,valid
279,279,18.6,135.63333333333333,135.62083333333334,135.64583333333331,T1,11.098657933333334,True,valid,interpolated,745,746,0.3333333333329544,,False,no_tower_section_at_tip_height,,False,no_tower_section_at_tip_height,12.887831645758721,True,valid
280,280,18.666666666666668,135.7,135.6875,135.71249999999998,T1,11.0861721,True,valid,source,748,748,0.0,,False,no_tower_section_at_tip_height,,False,no_tower_section_at_tip_height,10.86119470571404,True,valid
281,281,18.733333333333334,135.76666666666665,135.75416666666666,135.77916666666664,T1,11.078773833333335,True,valid,interpolated,750,751,0.6666666666659088,,False,no_tower_section_at_tip_height,,False,no_tower_section_at_tip_height,10.326742779372069,True,valid
282,282,18.8,135.83333333333334,135.82083333333335,135.84583333333333,T1,11.065590566666662,True,valid,interpolated,753,754,0.33333333333409126,,False,no_tower_section_at_tip_height,,False,no_tower_section_at_tip_height,11.538318323701523,True,valid
283,283,18.866666666666667,135.9,135.88750000000002,135.9125,T1,11.0600567,True,valid,source,756,756,0.0,,False,no_tower_section_at_tip_height,,False,no_tower_section_at_tip_height,14.094519226447582,True,valid
284,284,18.933333333333334,135.96666666666667,135.95416666666668,135.97916666666666,T1,11.052165366666665,True,valid,interpolated,758,759,0.6666666666670457,,False,no_tower_section_at_tip_height,,False,no_tower_section_at_tip_height,17.42532874821109,True,valid
285,285,19.0,136.03333333333333,136.02083333333334,136.04583333333332,T1,11.044898333333332,True,valid,interpolated,761,762,0.3333333333329544,,False,no_tower_section_at_tip_height,,False,no_tower_section_at_tip_height,21.17132876291727,True,valid
286,286,19.066666666666666,136.1,136.0875,136.11249999999998,T1,11.0378637,True,valid,source,764,764,0.0,,False,no_tower_section_at_tip_height,,False,no_tower_section_at_tip_height,25.038882251047944,True,valid
287,287,19.133333333333333,136.16666666666666,136.15416666666667,136.17916666666665,T1,11.027653700000002,True,valid,interpolated,766,767,0.6666666666659088,,False,no_tower_section_at_tip_height,,False,no_tower_section_at_tip_height,28.954784078909427,True,valid
288,288,19.2,136.23333333333335,136.22083333333336,136.24583333333334,T1,11.021646499999997,True,valid,interpolated,769,770,0.33333333333409126,,False,no_tower_section_at_tip_height,61.3323993784757,True,valid,32.8254941789504,True,valid
289,289,19.266666666666666,136.3,136.28750000000002,136.3125,T1,11.0118074,True,valid,source,772,772,0.0,,False,no_tower_section_at_tip_height,60.894248871946644,True,valid,36.571419018717044,True,valid
290,290,19.333333333333332,136.36666666666667,136.35416666666669,136.37916666666666,T1,11.0015726,True,valid,interpolated,774,775,0.6666666666670457,,False,no_tower_section_at_tip_height,60.09186135354673,True,valid,40.14340579313413,True,valid
291,291,19.4,136.43333333333334,136.42083333333335,136.44583333333333,T1,10.996262533333335,True,valid,interpolated,777,778,0.3333333333333333,,False,no_tower_section_at_tip_height,58.940849172450704,True,valid,43.52308570918128,True,valid
292,292,19.466666666666665,136.5,136.4875,136.5125,T1,10.9945869,True,valid,source,780,780,0.0,,False,no_tower_section_at_tip_height,57.45426634142912,True,valid,46.675782900980195,True,valid
293,293,19.533333333333335,136.56666666666666,136.55416666666667,136.57916666666665,T1,10.987928066666667,True,valid,interpolated,782,783,0.6666666666666666,,False,no_tower_section_at_tip_height,55.645481703862416,True,valid,49.56727283832329,True,valid
294,294,19.6,136.63333333333333,136.62083333333334,136.64583333333331,T1,10.980907766666668,True,valid,interpolated,785,786,0.3333333333329544,,False,no_tower_section_at_tip_height,53.527119455753514,True,valid,52.17571720912123,True,valid
295,295,19.666666666666668,136.7,136.6875,136.71249999999998,T1,10.9727325,True,valid,source,788,788,0.0,,False,no_tower_section_at_tip_height,51.112247603282185,True,valid,54.48528995923085,True,valid
296,296,19.733333333333334,136.76666666666665,136.75416666666666,136.77916666666664,T1,10.968190866666667,True,valid,interpolated,790,791,0.6666666666659088,,False,no_tower_section_at_tip_height,48.41671354088601,True,valid,56.477995316115916,True,valid
297,297,19.8,136.83333333333334,136.82083333333335,136.84583333333333,T1,10.964839599999998,True,valid,interpolated,793,794,0.33333333333409126,,False,no_tower_section_at_tip_height,45.45812625304615,True,valid,58.14058895082763,True,valid
298,298,19.866666666666667,136.9,136.88750000000002,136.9125,T1,10.9593477,True,valid,source,796,796,0.0,,False,no_tower_section_at_tip_height,42.252883030993175,True,valid,59.464760143195676,True,valid
299,299,19.933333333333334,136.96666666666667,136.95416666666668,136.97916666666666,T1,10.953131666666664,True,valid,interpolated,798,799,0.6666666666670457,,False,no_tower_section_at_tip_height,38.835695752554635,True,valid,60.442500160329,True,valid
300,300,20.0,137.03333333333333,137.02083333333334,137.04583333333332,T1,10.945605266666668,True,valid,interpolated,801,802,0.3333333333329544,,False,no_tower_section_at_tip_height,35.24785768788815,True,valid,61.06352440492161,True,valid
301,301,20.066666666666666,137.1,137.0875,137.11249999999998,T1,10.9436331,True,valid,source,804,804,0.0,,False,no_tower_section_at_tip_height,31.509533727653643,True,valid,,False,no_tower_section_at_tip_height
302,302,20.133333333333333,137.16666666666666,137.15416666666667,137.17916666666665,T1,10.945020333333334,True,valid,interpolated,806,807,0.6666666666659088,,False,no_tower_section_at_tip_height,27.666216712182667,True,valid,,False,no_tower_section_at_tip_height
303,303,20.2,137.23333333333335,137.22083333333336,137.24583333333334,T1,10.940975833333331,True,valid,interpolated,809,810,0.33333333333409126,,False,no_tower_section_at_tip_height,23.798607242988492,True,valid,,False,no_tower_section_at_tip_height
304,304,20.266666666666666,137.3,137.28750000000002,137.3125,T1,10.9341831,True,valid,source,812,812,0.0,,False,no_tower_section_at_tip_height,20.012298034390035,True,valid,,False,no_tower_section_at_tip_height
305,305,20.333333333333332,137.36666666666667,137.35416666666669,137.37916666666666,T1,10.926030466666665,True,valid,interpolated,814,815,0.6666666666670457,,False,no_tower_section_at_tip_height,16.39539199778114,True,valid,,False,no_tower_section_at_tip_height
306,306,20.4,137.43333333333334,137.42083333333335,137.44583333333333,T1,10.920408866666667,True,valid,interpolated,817,818,0.3333333333333333,,False,no_tower_section_at_tip_height,13.239919434887643,True,valid,,False,no_tower_section_at_tip_height
307,307,20.466666666666665,137.5,137.4875,137.5125,T1,10.9161949,True,valid,source,820,820,0.0,,False,no_tower_section_at_tip_height,10.92467667747572,True,valid,,False,no_tower_section_at_tip_height
308,308,20.533333333333335,137.56666666666666,137.55416666666667,137.57916666666665,T1,10.9085493,True,valid,interpolated,822,823,0.6666666666666666,,False,no_tower_section_at_tip_height,10.01024257043386,True,valid,,False,no_tower_section_at_tip_height
309,309,20.6,137.63333333333333,137.62083333333334,137.64583333333331,T1,10.8968824,True,valid,interpolated,825,826,0.3333333333329544,,False,no_tower_section_at_tip_height,10.747808324634581,True,valid,,False,no_tower_section_at_tip_height
310,310,20.666666666666668,137.7,137.6875,137.71249999999998,T1,10.8894873,True,valid,source,828,828,0.0,,False,no_tower_section_at_tip_height,12.938172158445987,True,valid,,False,no_tower_section_at_tip_height
311,311,20.733333333333334,137.76666666666665,137.75416666666666,137.77916666666664,T1,10.885769233333335,True,valid,interpolated,830,831,0.6666666666659088,,False,no_tower_section_at_tip_height,16.045132240246588,True,valid,,False,no_tower_section_at_tip_height
312,312,20.8,137.83333333333334,137.82083333333335,137.84583333333333,T1,10.883701933333333,True,valid,interpolated,833,834,0.33333333333409126,,False,no_tower_section_at_tip_height,19.65555972758419,True,valid,,False,no_tower_section_at_tip_height
313,313,20.866666666666667,137.9,137.88750000000002,137.9125,T1,10.8816366,True,valid,source,836,836,0.0,,False,no_tower_section_at_tip_height,23.464023046866334,True,valid,,False,no_tower_section_at_tip_height
314,314,20.933333333333334,137.96666666666667,137.95416666666668,137.97916666666666,T1,10.879414833333334,True,valid,interpolated,838,839,0.6666666666670457,,False,no_tower_section_at_tip_height,27.354774378026086,True,valid,,False,no_tower_section_at_tip_height
315,315,21.0,138.03333333333333,138.02083333333334,138.04583333333332,T1,10.875122733333335,True,valid,interpolated,841,842,0.3333333333329544,,False,no_tower_section_at_tip_height,31.217963005780685,True,valid,,False,no_tower_section_at_tip_height
316,316,21.066666666666666,138.1,138.0875,138.11249999999998,T1,10.8711863,True,valid,source,844,844,0.0,61.057825423405944,True,valid,34.98203991087784,True,valid,,False,no_tower_section_at_tip_height
317,317,21.133333333333333,138.16666666666666,138.15416666666667,138.17916666666665,T1,10.867040000000003,True,valid,interpolated,846,847,0.6666666666659088,60.412268193783625,True,valid,38.58044441765892,True,valid,,False,no_tower_section_at_tip_height
318,318,21.2,138.23333333333335,138.22083333333336,138.24583333333334,T1,10.863925333333334,True,valid,interpolated,849,850,0.33333333333409126,59.41134962113777,True,valid,42.00901076820759,True,valid,,False,no_tower_section_at_tip_height
319,319,21.266666666666666,138.3,138.28750000000002,138.3125,T1,10.8642931,True,valid,source,852,852,0.0,58.076869160985176,True,valid,45.223566523707994,True,valid,,False,no_tower_section_at_tip_height
320,320,21.333333333333332,138.36666666666667,138.35416666666669,138.37916666666666,T1,10.8633054,True,valid,interpolated,854,855,0.6666666666670457,56.42268222362143,True,valid,48.19637740102849,True,valid,,False,no_tower_section_at_tip_height
321,321,21.4,138.43333333333334,138.42083333333335,138.44583333333333,T1,10.865881600000002,True,valid,interpolated,857,858,0.3333333333333333,54.45739930366745,True,valid,50.90681338437661,True,valid,,False,no_tower_section_at_tip_height
322,322,21.466666666666665,138.5,138.4875,138.5125,T1,10.8636484,True,valid,source,860,860,0.0,52.19192671813805,True,valid,53.339920183008104,True,valid,,False,no_tower_section_at_tip_height
323,323,21.533333333333335,138.56666666666666,138.55416666666667,138.57916666666665,T1,10.862535466666666,True,valid,interpolated,862,863,0.6666666666666666,49.64224703508139,True,valid,55.47330004357673,True,valid,,False,no_tower_section_at_tip_height
324,324,21.6,138.63333333333333,138.62083333333334,138.64583333333331,T1,10.86513743333333,True,valid,interpolated,865,866,0.3333333333329544,46.83134035470828,True,valid,57.29033279231782,True,valid,,False,no_tower_section_at_tip_height
325,325,21.666666666666668,138.7,138.6875,138.71249999999998,T1,10.8739138,True,valid,source,868,868,0.0,43.78074174579911,True,valid,58.780895853965745,True,valid,,False,no_tower_section_at_tip_height
326,326,21.733333333333334,138.76666666666665,138.75416666666666,138.77916666666664,T1,10.871325500000001,True,valid,interpolated,870,871,0.6666666666659088,40.52260009706386,True,valid,59.93509530290587,True,valid,,False,no_tower_section_at_tip_height
327,327,21.8,138.83333333333334,138.82083333333335,138.84583333333333,T1,10.868361766666665,True,valid,interpolated,873,874,0.33333333333409126,37.07514526875671,True,valid,60.742247735216864,True,valid,,False,no_tower_section_at_tip_height
328,328,21.866666666666667,138.9,138.88750000000002,138.9125,T1,10.8632355,True,valid,source,876,876,0.0,33.47527133724427,True,valid,61.19190722682712,True,valid,,False,no_tower_section_at_tip_height
329,329,21.933333333333334,138.96666666666667,138.95416666666668,138.97916666666666,T1,10.865427933333335,True,valid,interpolated,878,879,0.6666666666670457,29.73502053457922,True,valid,,False,no_tower_section_at_tip_height,,False,no_tower_section_at_tip_height
330,330,22.0,139.03333333333333,139.02083333333334,139.04583333333332,T1,10.8729909,True,valid,interpolated,881,882,0.3333333333329544,25.9249886932481,True,valid,,False,no_tower_section_at_tip_height,,False,no_tower_section_at_tip_height
331,331,22.066666666666666,139.1,139.0875,139.11249999999998,T1,10.8796425,True,valid,source,884,884,0.0,22.108730448194333,True,valid,,False,no_tower_section_at_tip_height,,False,no_tower_section_at_tip_height
332,332,22.133333333333333,139.16666666666666,139.15416666666667,139.17916666666665,T1,10.877108533333335,True,valid,interpolated,886,887,0.6666666666659088,18.372063097222043,True,valid,,False,no_tower_section_at_tip_height,,False,no_tower_section_at_tip_height
333,333,22.2,139.23333333333335,139.22083333333336,139.24583333333334,T1,10.872304633333332,True,valid,interpolated,889,890,0.33333333333409126,14.899614281877692,True,valid,,False,no_tower_section_at_tip_height,,False,no_tower_section_at_tip_height
334,334,22.266666666666666,139.3,139.28750000000002,139.3125,T1,10.8734369,True,valid,source,892,892,0.0,11.983444126557073,True,valid,,False,no_tower_section_at_tip_height,,False,no_tower_section_at_tip_height
335,335,22.333333333333332,139.36666666666667,139.35416666666669,139.37916666666666,T1,10.8744281,True,valid,interpolated,894,895,0.6666666666670457,10.129301106723034,True,valid,,False,no_tower_section_at_tip_height,,False,no_tower_section_at_tip_height
336,336,22.4,139.43333333333334,139.42083333333335,139.44583333333333,T1,10.8713528,True,valid,interpolated,897,898,0.3333333333333333,9.826562603608899,True,valid,,False,no_tower_section_at_tip_height,,False,no_tower_section_at_tip_height
337,337,22.466666666666665,139.5,139.4875,139.5125,T1,10.8679981,True,valid,source,900,900,0.0,11.249620802668188,True,valid,,False,no_tower_section_at_tip_height,,False,no_tower_section_at_tip_height
338,338,22.533333333333335,139.56666666666666,139.55416666666667,139.57916666666665,T1,10.865377766666667,True,valid,interpolated,902,903,0.6666666666666666,13.90169858753411,True,valid,,False,no_tower_section_at_tip_height,,False,no_tower_section_at_tip_height
339,339,22.6,139.63333333333333,139.62083333333334,139.64583333333331,T1,10.868271833333331,True,valid,interpolated,905,906,0.3333333333329544,17.258343237078655,True,valid,,False,no_tower_section_at_tip_height,,False,no_tower_section_at_tip_height
340,340,22.666666666666668,139.7,139.6875,139.71249999999998,T1,10.87673,True,valid,source,908,908,0.0,20.993352593741992,True,valid,,False,no_tower_section_at_tip_height,,False,no_tower_section_at_tip_height
341,341,22.733333333333334,139.76666666666665,139.75416666666666,139.77916666666664,T1,10.883272499999999,True,valid,interpolated,910,911,0.6666666666659088,24.85435525308424,True,valid,,False,no_tower_section_at_tip_height,,False,no_tower_section_at_tip_height
342,342,22.8,139.83333333333334,139.82083333333335,139.84583333333333,T1,10.888685200000001,True,valid,interpolated,913,914,0.33333333333409126,28.74968202846337,True,valid,,False,no_tower_section_at_tip_height,,False,no_tower_section_at_tip_height
343,343,22.866666666666667,139.9,139.88750000000002,139.9125,T1,10.895627,True,valid,source,916,916,0.0,32.59536643691206,True,valid,,False,no_tower_section_at_tip_height,61.200676745723996,True,valid
344,344,22.933333333333334,139.96666666666667,139.95416666666668,139.97916666666666,T1,10.902954100000002,True,valid,interpolated,918,919,0.6666666666670457,36.30781285106845,True,valid,,False,no_tower_section_at_tip_height,60.753709175038075,True,valid
345,345,23.0,140.03333333333333,140.02083333333334,140.04583333333332,T1,10.914604799999996,True,valid,interpolated,921,922,0.3333333333329544,39.86710965062734,True,valid,,False,no_tower_section_at_tip_height,59.95146546838205,True,valid
346,346,23.066666666666666,140.1,140.0875,140.11249999999998,T1,10.9297094,True,valid,source,924,924,0.0,43.24209917490156,True,valid,,False,no_tower_section_at_tip_height,58.80200755064685,True,valid
347,347,23.133333333333333,140.16666666666666,140.15416666666667,140.17916666666665,T1,10.945355699999995,True,valid,interpolated,926,927,0.6666666666659088,46.400411029408474,True,valid,,False,no_tower_section_at_tip_height,57.31751427256881,True,valid
348,348,23.2,140.23333333333335,140.22083333333336,140.24583333333334,T1,10.963843666666671,True,valid,interpolated,929,930,0.33333333333409126,49.3099985897934,True,valid,,False,no_tower_section_at_tip_height,55.50964435975831,True,valid
349,349,23.266666666666666,140.3,140.28750000000002,140.3125,T1,10.9848309,True,valid,source,932,932,0.0,51.94453267109131,True,valid,,False,no_tower_section_at_tip_height,53.386941477878615,True,valid
350,350,23.333333333333332,140.36666666666667,140.35416666666669,140.37916666666666,T1,11.006279666666671,True,valid,interpolated,934,935,0.6666666666670457,54.283090500114604,True,valid,,False,no_tower_section_at_tip_height,50.9595994339267,True,valid
351,351,23.4,140.43333333333334,140.42083333333335,140.44583333333333,T1,11.027331366666667,True,valid,interpolated,937,938,0.3333333333333333,56.305711987859674,True,valid,,False,no_tower_section_at_tip_height,48.24534487332935,True,valid
352,352,23.466666666666665,140.5,140.4875,140.5125,T1,11.0546112,True,valid,source,940,940,0.0,57.99598751335052,True,valid,,False,no_tower_section_at_tip_height,45.26046042867212,True,valid
353,353,23.533333333333335,140.56666666666666,140.55416666666667,140.57916666666665,T1,11.0801366,True,valid,interpolated,942,943,0.6666666666666666,59.34088260998571,True,valid,,False,no_tower_section_at_tip_height,42.02540900174254,True,valid
354,354,23.6,140.63333333333333,140.62083333333334,140.64583333333331,T1,11.107134199999996,True,valid,interpolated,945,946,0.3333333333329544,60.32847801907706,True,valid,,False,no_tower_section_at_tip_height,38.569896058043064,True,valid
355,355,23.666666666666668,140.7,140.6875,140.71249999999998,T1,11.1304216,True,valid,source,948,948,0.0,60.945950566303374,True,valid,,False,no_tower_section_at_tip_height,34.92661956138625,True,valid
356,356,23.733333333333334,140.76666666666665,140.75416666666666,140.77916666666664,T1,11.157147099999992,True,valid,interpolated,950,951,0.6666666666659088,,False,no_tower_section_at_tip_height,,False,no_tower_section_at_tip_height,31.1203761798626,True,valid
357,357,23.8,140.83333333333334,140.82083333333335,140.84583333333333,T1,11.186747533333342,True,valid,interpolated,953,954,0.33333333333409126,,False,no_tower_section_at_tip_height,,False,no_tower_section_at_tip_height,27.16956949079637,True,valid
358,358,23.866666666666667,140.9,140.88750000000002,140.9125,T1,11.2181749,True,valid,source,956,956,0.0,,False,no_tower_section_at_tip_height,,False,no_tower_section_at_tip_height,23.16536388196879,True,valid
359,359,23.933333333333334,140.96666666666667,140.95416666666668,140.97916666666666,T1,11.248413700000004,True,valid,interpolated,958,959,0.6666666666670457,,False,no_tower_section_at_tip_height,,False,no_tower_section_at_tip_height,19.222407718465398,True,valid
360,360,24.0,141.03333333333333,141.02083333333334,141.04583333333332,T1,11.271451299999997,True,valid,interpolated,961,962,0.3333333333329544,,False,no_tower_section_at_tip_height,,False,no_tower_section_at_tip_height,15.437986267991205,True,valid
361,361,24.066666666666666,141.1,141.0875,141.11249999999998,T1,11.2939148,True,valid,source,964,964,0.0,,False,no_tower_section_at_tip_height,,False,no_tower_section_at_tip_height,12.160569966125365,True,valid
362,362,24.133333333333333,141.16666666666666,141.15416666666667,141.17916666666665,T1,11.321211199999992,True,valid,interpolated,966,967,0.6666666666659088,,False,no_tower_section_at_tip_height,,False,no_tower_section_at_tip_height,9.905825194114891,True,valid
363,363,24.2,141.23333333333335,141.22083333333336,141.24583333333334,T1,11.351113966666675,True,valid,interpolated,969,970,0.33333333333409126,,False,no_tower_section_at_tip_height,,False,no_tower_section_at_tip_height,9.330683939578009,True,valid
364,364,24.266666666666666,141.3,141.28750000000002,141.3125,T1,11.378479,True,valid,source,972,972,0.0,,False,no_tower_section_at_tip_height,,False,no_tower_section_at_tip_height,10.714943845283408,True,valid
365,365,24.333333333333332,141.36666666666667,141.35416666666669,141.37916666666666,T1,11.409435900000005,True,valid,interpolated,974,975,0.6666666666670457,,False,no_tower_section_at_tip_height,,False,no_tower_section_at_tip_height,13.555625568446517,True,valid
366,366,24.4,141.43333333333334,141.42083333333335,141.44583333333333,T1,11.443897866666667,True,valid,interpolated,977,978,0.3333333333333333,,False,no_tower_section_at_tip_height,,False,no_tower_section_at_tip_height,17.151844648950867,True,valid
367,367,24.466666666666665,141.5,141.4875,141.5125,T1,11.4727736,True,valid,source,980,980,0.0,,False,no_tower_section_at_tip_height,,False,no_tower_section_at_tip_height,21.134324067235234,True,valid
368,368,24.533333333333335,141.56666666666666,141.55416666666667,141.57916666666665,T1,11.509220466666665,True,valid,interpolated,982,983,0.6666666666666666,,False,no_tower_section_at_tip_height,,False,no_tower_section_at_tip_height,25.242249670404465,True,valid
369,369,24.6,141.63333333333333,141.62083333333334,141.64583333333331,T1,11.529820799999996,True,valid,interpolated,985,986,0.3333333333329544,,False,no_tower_section_at_tip_height,,False,no_tower_section_at_tip_height,29.378937233483704,True,valid
370,370,24.666666666666668,141.7,141.6875,141.71249999999998,T1,11.5549707,True,valid,source,988,988,0.0,,False,no_tower_section_at_tip_height,61.02345986911728,True,valid,33.447429072210085,True,valid
371,371,24.733333333333334,141.76666666666665,141.75416666666666,141.77916666666664,T1,11.577768299999992,True,valid,interpolated,990,991,0.6666666666659088,,False,no_tower_section_at_tip_height,60.4499597566722,True,valid,37.364457979193396,True,valid
372,372,24.8,141.83333333333334,141.82083333333335,141.84583333333333,T1,11.605629266666675,True,valid,interpolated,993,994,0.33333333333409126,,False,no_tower_section_at_tip_height,59.493882004833274,True,valid,41.09805145942906,True,valid
373,373,24.866666666666667,141.9,141.88750000000002,141.9125,T1,11.6286364,True,valid,source,996,996,0.0,,False,no_tower_section_at_tip_height,58.17293253636288,True,valid,44.60680762296454,True,valid
374,374,24.933333333333334,141.96666666666667,141.95416666666668,141.97916666666666,T1,11.655504233333337,True,valid,interpolated,998,999,0.6666666666670457,,False,no_tower_section_at_tip_height,56.49607584006916,True,valid,47.849003759287505,True,valid
375,375,25.0,142.03333333333333,142.02083333333334,142.04583333333332,T1,11.674223599999998,True,valid,interpolated,1001,1002,0.3333333333329544,,False,no_tower_section_at_tip_height,54.472689791051565,True,valid,50.795522227785554,True,valid
376,376,25.066666666666666,142.1,142.0875,142.11249999999998,T1,11.6897802,True,valid,source,1004,1004,0.0,,False,no_tower_section_at_tip_height,52.1198699237109,True,valid,53.42744500446599,True,valid
377,377,25.133333333333333,142.16666666666666,142.15416666666667,142.17916666666665,T1,11.700391766666664,True,valid,interpolated,1006,1007,0.6666666666659088,,False,no_tower_section_at_tip_height,49.457591855125614,True,valid,55.72089802374901,True,valid
378,378,25.2,142.23333333333335,142.22083333333336,142.24583333333334,T1,11.706684433333335,True,valid,interpolated,1009,1010,0.33333333333409126,,False,no_tower_section_at_tip_height,46.50477961392786,True,valid,57.65117089652355,True,valid
379,379,25.266666666666666,142.3,142.28750000000002,142.3125,T1,11.7124395,True,valid,source,1012,1012,0.0,,False,no_tower_section_at_tip_height,43.29381876407626,True,valid,59.200027757846755,True,valid
380,380,25.333333333333332,142.36666666666667,142.35416666666669,142.37916666666666,T1,11.710255333333333,True,valid,interpolated,1014,1015,0.6666666666670457,,False,no_tower_section_at_tip_height,39.85691344810772,True,valid,60.35086218590423,True,valid
381,381,25.4,142.43333333333334,142.42083333333335,142.44583333333333,T1,11.711676933333335,True,valid,interpolated,1017,1018,0.3333333333333333,,False,no_tower_section_at_tip_height,36.21430594708445,True,valid,61.090223651532526,True,valid
382,382,25.466666666666665,142.5,142.4875,142.5125,T1,11.7057076,True,valid,source,1020,1020,0.0,,False,no_tower_section_at_tip_height,32.38844761806816,True,valid,,False,no_tower_section_at_tip_height
383,383,25.533333333333335,142.56666666666666,142.55416666666667,142.57916666666665,T1,11.704859066666666,True,valid,interpolated,1022,1023,0.6666666666666666,,False,no_tower_section_at_tip_height,28.45840614242947,True,valid,,False,no_tower_section_at_tip_height
384,384,25.6,142.63333333333333,142.62083333333334,142.64583333333331,T1,11.6992083,True,valid,interpolated,1025,1026,0.3333333333329544,,False,no_tower_section_at_tip_height,24.524988110996873,True,valid,,False,no_tower_section_at_tip_height
385,385,25.666666666666668,142.7,142.6875,142.71249999999998,T1,11.6926489,True,valid,source,1028,1028,0.0,,False,no_tower_section_at_tip_height,20.681765916531578,True,valid,,False,no_tower_section_at_tip_height
386,386,25.733333333333334,142.76666666666665,142.75416666666666,142.77916666666664,T1,11.680244733333339,True,valid,interpolated,1030,1031,0.6666666666659088,,False,no_tower_section_at_tip_height,17.15293695278336,True,valid,,False,no_tower_section_at_tip_height
387,387,25.8,142.83333333333334,142.82083333333335,142.84583333333333,T1,11.663586633333328,True,valid,interpolated,1033,1034,0.33333333333409126,,False,no_tower_section_at_tip_height,14.163621212257778,True,valid,,False,no_tower_section_at_tip_height
388,388,25.866666666666667,142.9,142.88750000000002,142.9125,T1,11.6447134,True,valid,source,1036,1036,0.0,,False,no_tower_section_at_tip_height,12.240254960614724,True,valid,,False,no_tower_section_at_tip_height
389,389,25.933333333333334,142.96666666666667,142.95416666666668,142.97916666666666,T1,11.626265866666664,True,valid,interpolated,1038,1039,0.6666666666670457,,False,no_tower_section_at_tip_height,11.836296552404146,True,valid,,False,no_tower_section_at_tip_height
390,390,26.0,143.03333333333333,143.02083333333334,143.04583333333332,T1,11.6118056,True,valid,interpolated,1041,1042,0.3333333333329544,,False,no_tower_section_at_tip_height,13.115357488437763,True,valid,,False,no_tower_section_at_tip_height
391,391,26.066666666666666,143.1,143.0875,143.11249999999998,T1,11.5972567,True,valid,source,1044,1044,0.0,,False,no_tower_section_at_tip_height,15.70003835009357,True,valid,,False,no_tower_section_at_tip_height
392,392,26.133333333333333,143.16666666666666,143.15416666666667,143.17916666666665,T1,11.584778166666672,True,valid,interpolated,1046,1047,0.6666666666659088,,False,no_tower_section_at_tip_height,19.075761651046154,True,valid,,False,no_tower_section_at_tip_height
393,393,26.2,143.23333333333335,143.22083333333336,143.24583333333334,T1,11.569961499999994,True,valid,interpolated,1049,1050,0.33333333333409126,,False,no_tower_section_at_tip_height,22.87980103885709,True,valid,,False,no_tower_section_at_tip_height
394,394,26.266666666666666,143.3,143.28750000000002,143.3125,T1,11.5546103,True,valid,source,1052,1052,0.0,,False,no_tower_section_at_tip_height,26.824455349939075,True,valid,,False,no_tower_section_at_tip_height
395,395,26.333333333333332,143.36666666666667,143.35416666666669,143.37916666666666,T1,11.535343499999998,True,valid,interpolated,1054,1055,0.6666666666670457,,False,no_tower_section_at_tip_height,30.81672609098408,True,valid,,False,no_tower_section_at_tip_height
396,396,26.4,143.43333333333334,143.42083333333335,143.44583333333333,T1,11.5183328,True,valid,interpolated,1057,1058,0.3333333333333333,61.25183980440496,True,valid,34.745469819268436,True,valid,,False,no_tower_section_at_tip_height
397,397,26.466666666666665,143.5,143.4875,143.5125,T1,11.4974947,True,valid,source,1060,1060,0.0,60.65631692677627,True,valid,38.538186972887374,True,valid,,False,no_tower_section_at_tip_height
398,398,26.533333333333335,143.56666666666666,143.55416666666667,143.57916666666665,T1,11.475924466666667,True,valid,interpolated,1062,1063,0.6666666666666666,59.68762107324161,True,valid,42.12664904881444,True,valid,,False,no_tower_section_at_tip_height
399,399,26.6,143.63333333333333,143.62083333333334,143.64583333333331,T1,11.454358700000004,True,valid,interpolated,1065,1066,0.3333333333329544,58.354643694481176,True,valid,45.491508631026036,True,valid,,False,no_tower_section_at_tip_height
400,400,26.666666666666668,143.7,143.6875,143.71249999999998,T1,11.433383,True,valid,source,1068,1068,0.0,56.66308573630593,True,valid,48.595384792496226,True,valid,,False,no_tower_section_at_tip_height
401,401,26.733333333333334,143.76666666666665,143.75416666666666,143.77916666666664,T1,11.41176223333334,True,valid,interpolated,1070,1071,0.6666666666659088,54.63409779555368,True,valid,51.40679649816421,True,valid,,False,no_tower_section_at_tip_height
402,402,26.8,143.83333333333334,143.82083333333335,143.84583333333333,T1,11.389079433333325,True,valid,interpolated,1073,1074,0.33333333333409126,52.29785653016485,True,valid,53.90605644102297,True,valid,,False,no_tower_section_at_tip_height
403,403,26.866666666666667,143.9,143.88750000000002,143.9125,T1,11.3637686,True,valid,source,1076,1076,0.0,49.67172792854349,True,valid,56.0769764218966,True,valid,,False,no_tower_section_at_tip_height
404,404,26.933333333333334,143.96666666666667,143.95416666666668,143.97916666666666,T1,11.334360733333328,True,valid,interpolated,1078,1079,0.6666666666670457,46.76388208003271,True,valid,57.9014630746281,True,valid,,False,no_tower_section_at_tip_height
405,405,27.0,144.03333333333333,144.02083333333334,144.04583333333332,T1,11.305210133333336,True,valid,interpolated,1081,1082,0.3333333333329544,43.596598251214076,True,valid,59.36454456755381,True,valid,,False,no_tower_section_at_tip_height
406,406,27.066666666666666,144.1,144.0875,144.11249999999998,T1,11.2768717,True,valid,source,1084,1084,0.0,40.204285698774534,True,valid,60.45505199634641,True,valid,,False,no_tower_section_at_tip_height
407,407,27.133333333333333,144.16666666666666,144.15416666666667,144.17916666666665,T1,11.248594266666675,True,valid,interpolated,1086,1087,0.6666666666659088,36.60147489042537,True,valid,61.16700972308842,True,valid,,False,no_tower_section_at_tip_height
408,408,27.2,144.23333333333335,144.22083333333336,144.24583333333334,T1,11.218742966666657,True,valid,interpolated,1089,1090,0.33333333333409126,32.86112998133581,True,valid,,False,no_tower_section_at_tip_height,,False,no_tower_section_at_tip_height
409,409,27.266666666666666,144.3,144.28750000000002,144.3125,T1,11.1915522,True,valid,source,1092,1092,0.0,29.035599776517426,True,valid,,False,no_tower_section_at_tip_height,,False,no_tower_section_at_tip_height
410,410,27.333333333333332,144.36666666666667,144.35416666666669,144.37916666666666,T1,11.16565543333333,True,valid,interpolated,1094,1095,0.6666666666670457,25.203426745015477,True,valid,,False,no_tower_section_at_tip_height,,False,no_tower_section_at_tip_height
411,411,27.4,144.43333333333334,144.42083333333335,144.44583333333333,T1,11.141415266666668,True,valid,interpolated,1097,1098,0.3333333333333333,21.437151863785306,True,valid,,False,no_tower_section_at_tip_height,,False,no_tower_section_at_tip_height
412,412,27.466666666666665,144.5,144.4875,144.5125,T1,11.118907,True,valid,source,1100,1100,0.0,17.90372910516523,True,valid,,False,no_tower_section_at_tip_height,,False,no_tower_section_at_tip_height
413,413,27.533333333333335,144.56666666666666,144.55416666666667,144.57916666666665,T1,11.0883891,True,valid,interpolated,1102,1103,0.6666666666666666,14.822863942846412,True,valid,,False,no_tower_section_at_tip_height,,False,no_tower_section_at_tip_height
414,414,27.6,144.63333333333333,144.62083333333334,144.64583333333331,T1,11.06015366666667,True,valid,interpolated,1105,1106,0.3333333333329544,12.588379369123048,True,valid,,False,no_tower_section_at_tip_height,,False,no_tower_section_at_tip_height
415,415,27.666666666666668,144.7,144.6875,144.71249999999998,T1,11.0316114,True,valid,source,1108,1108,0.0,11.631095618939922,True,valid,,False,no_tower_section_at_tip_height,,False,no_tower_section_at_tip_height
416,416,27.733333333333334,144.76666666666665,144.75416666666666,144.77916666666664,T1,11.006638866666673,True,valid,interpolated,1110,1111,0.6666666666659088,12.173623275623449,True,valid,,False,no_tower_section_at_tip_height,,False,no_tower_section_at_tip_height
417,417,27.8,144.83333333333334,144.82083333333335,144.84583333333333,T1,10.981983833333326,True,valid,interpolated,1113,1114,0.33333333333409126,14.109218183267764,True,valid,,False,no_tower_section_at_tip_height,,False,no_tower_section_at_tip_height
418,418,27.866666666666667,144.9,144.88750000000002,144.9125,T1,10.9593401,True,valid,source,1116,1116,0.0,17.01415638203663,True,valid,,False,no_tower_section_at_tip_height,,False,no_tower_section_at_tip_height
419,419,27.933333333333334,144.96666666666667,144.95416666666668,144.97916666666666,T1,10.940345166666665,True,valid,interpolated,1118,1119,0.6666666666670457,20.42783465899452,True,valid,,False,no_tower_section_at_tip_height,,False,no_tower_section_at_tip_height
420,420,28.0,145.03333333333333,145.02083333333334,145.04583333333332,T1,10.922569266666668,True,valid,interpolated,1121,1122,0.3333333333329544,24.115356948757317,True,valid,,False,no_tower_section_at_tip_height,,False,no_tower_section_at_tip_height
421,421,28.066666666666666,145.1,145.0875,145.11249999999998,T1,10.9064856,True,valid,source,1124,1124,0.0,27.88753650521243,True,valid,,False,no_tower_section_at_tip_height,,False,no_tower_section_at_tip_height
422,422,28.133333333333333,145.16666666666666,145.15416666666667,145.17916666666665,T1,10.890858000000003,True,valid,interpolated,1126,1127,0.6666666666659088,31.65629234830874,True,valid,,False,no_tower_section_at_tip_height,,False,no_tower_section_at_tip_height
423,423,28.2,145.23333333333335,145.22083333333336,145.24583333333334,T1,10.879589399999995,True,valid,interpolated,1129,1130,0.33333333333409126,35.34017014193167,True,valid,,False,no_tower_section_at_tip_height,61.16680718657689,True,valid
424,424,28.266666666666666,145.3,145.28750000000002,145.3125,T1,10.8648109,True,valid,source,1132,1132,0.0,38.89052991273061,True,valid,,False,no_tower_section_at_tip_height,60.540169680287995,True,valid
425,425,28.333333333333332,145.36666666666667,145.35416666666669,145.37916666666666,T1,10.852670966666665,True,valid,interpolated,1134,1135,0.6666666666670457,42.269157043519705,True,valid,,False,no_tower_section_at_tip_height,59.57959935612957,True,valid
426,426,28.4,145.43333333333334,145.42083333333335,145.44583333333333,T1,10.840960166666667,True,valid,interpolated,1137,1138,0.3333333333333333,45.44816550551952,True,valid,,False,no_tower_section_at_tip_height,58.292507617327246,True,valid
427,427,28.466666666666665,145.5,145.4875,145.5125,T1,10.8243761,True,valid,source,1140,1140,0.0,48.39453153792777,True,valid,,False,no_tower_section_at_tip_height,56.685041147286974,True,valid
428,428,28.533333333333335,145.56666666666666,145.55416666666667,145.57916666666665,T1,10.8095897,True,valid,interpolated,1142,1143,0.6666666666666666,51.0858466835319,True,valid,,False,no_tower_section_at_tip_height,54.76528146124182,True,valid
429,429,28.6,145.63333333333333,145.62083333333334,145.64583333333331,T1,10.793533933333336,True,valid,interpolated,1145,1146,0.3333333333329544,53.50270996932132,True,valid,,False,no_tower_section_at_tip_height,52.54902152278306,True,valid
430,430,28.666666666666668,145.7,145.6875,145.71249999999998,T1,10.780221,True,valid,source,1148,1148,0.0,55.6241708035572,True,valid,,False,no_tower_section_at_tip_height,50.057935907655136,True,valid
431,431,28.733333333333334,145.76666666666665,145.75416666666666,145.77916666666664,T1,10.76934176666667,True,valid,interpolated,1150,1151,0.6666666666659088,57.43474818669008,True,valid,,False,no_tower_section_at_tip_height,47.306549348255345,True,valid
432,432,28.8,145.83333333333334,145.82083333333335,145.84583333333333,T1,10.754927666666664,True,valid,interpolated,1153,1154,0.33333333333409126,58.919112203528734,True,valid,,False,no_tower_section_at_tip_height,44.31827357755504,True,valid
433,433,28.866666666666667,145.9,145.88750000000002,145.9125,T1,10.7439775,True,valid,source,1156,1156,0.0,60.0669625667293,True,valid,,False,no_tower_section_at_tip_height,41.115058343820984,True,valid
434,434,28.933333333333334,145.96666666666667,145.95416666666668,145.97916666666666,T1,10.72536243333333,True,valid,interpolated,1158,1159,0.6666666666670457,60.871928700926155,True,valid,,False,no_tower_section_at_tip_height,37.71591160403823,True,valid
435,435,29.0,146.03333333333333,146.02083333333334,146.04583333333332,T1,10.710093800000003,True,valid,interpolated,1161,1162,0.3333333333329544,61.328819362004666,True,valid,,False,no_tower_section_at_tip_height,34.13328504920476,True,valid
436,436,29.066666666666666,146.1,146.0875,146.11249999999998,T1,10.6964531,True,valid,source,1164,1164,0.0,,False,no_tower_section_at_tip_height,,False,no_tower_section_at_tip_height,30.43164483938175,True,valid
437,437,29.133333333333333,146.16666666666666,146.15416666666667,146.17916666666665,T1,10.682610200000003,True,valid,interpolated,1166,1167,0.6666666666659088,,False,no_tower_section_at_tip_height,,False,no_tower_section_at_tip_height,26.682617068066275,True,valid
438,438,29.2,146.23333333333335,146.22083333333336,146.24583333333334,T1,10.671333966666664,True,valid,interpolated,1169,1170,0.33333333333409126,,False,no_tower_section_at_tip_height,,False,no_tower_section_at_tip_height,22.97385197556111,True,valid
439,439,29.266666666666666,146.3,146.28750000000002,146.3125,T1,10.6618929,True,valid,source,1172,1172,0.0,,False,no_tower_section_at_tip_height,,False,no_tower_section_at_tip_height,19.366347934880363,True,valid
440,440,29.333333333333332,146.36666666666667,146.35416666666669,146.37916666666666,T1,10.6571824,True,valid,interpolated,1174,1175,0.6666666666670457,,False,no_tower_section_at_tip_height,,False,no_tower_section_at_tip_height,16.050387734423687,True,valid
441,441,29.4,146.43333333333334,146.42083333333335,146.44583333333333,T1,10.650002133333334,True,valid,interpolated,1177,1178,0.3333333333333333,,False,no_tower_section_at_tip_height,,False,no_tower_section_at_tip_height,13.205305671294791,True,valid
442,442,29.466666666666665,146.5,146.4875,146.5125,T1,10.6446667,True,valid,source,1180,1180,0.0,,False,no_tower_section_at_tip_height,,False,no_tower_section_at_tip_height,11.272630292139729,True,valid
443,443,29.533333333333335,146.56666666666666,146.55416666666667,146.57916666666665,T1,10.640756,True,valid,interpolated,1182,1183,0.6666666666666666,,False,no_tower_section_at_tip_height,,False,no_tower_section_at_tip_height,10.662729405704173,True,valid
444,444,29.6,146.63333333333333,146.62083333333334,146.64583333333331,T1,10.641388566666667,True,valid,interpolated,1185,1186,0.3333333333329544,,False,no_tower_section_at_tip_height,,False,no_tower_section_at_tip_height,11.590764600878833,True,valid
445,445,29.666666666666668,146.7,146.6875,146.71249999999998,T1,10.6404305,True,valid,source,1188,1188,0.0,,False,no_tower_section_at_tip_height,,False,no_tower_section_at_tip_height,13.80755333941035,True,valid
446,446,29.733333333333334,146.76666666666665,146.75416666666666,146.77916666666664,T1,10.640460633333333,True,valid,interpolated,1190,1191,0.6666666666659088,,False,no_tower_section_at_tip_height,,False,no_tower_section_at_tip_height,16.845325393071892,True,valid
447,447,29.8,146.83333333333334,146.82083333333335,146.84583333333333,T1,10.644685433333335,True,valid,interpolated,1193,1194,0.33333333333409126,,False,no_tower_section_at_tip_height,,False,no_tower_section_at_tip_height,20.35130957736817,True,valid
448,448,29.866666666666667,146.9,146.88750000000002,146.9125,T1,10.6533833,True,valid,source,1196,1196,0.0,,False,no_tower_section_at_tip_height,,False,no_tower_section_at_tip_height,24.043877721348995,True,valid
449,449,29.933333333333334,146.96666666666667,146.95416666666668,146.97916666666666,T1,10.669833533333335,True,valid,interpolated,1198,1199,0.6666666666670457,,False,no_tower_section_at_tip_height,,False,no_tower_section_at_tip_height,27.813186074466568,True,valid
450,450,30.0,147.03333333333333,147.02083333333334,147.04583333333332,T1,10.683495499999998,True,valid,interpolated,1201,1202,0.3333333333329544,,False,no_tower_section_at_tip_height,,False,no_tower_section_at_tip_height,31.568870150136487,True,valid
451,451,30.066666666666666,147.1,147.0875,147.11249999999998,T1,10.6918116,True,valid,source,1204,1204,0.0,,False,no_tower_section_at_tip_height,61.12896265079325,True,valid,35.239979823131485,True,valid
452,452,30.133333333333333,147.16666666666666,147.15416666666667,147.17916666666665,T1,10.693850499999998,True,valid,interpolated,1206,1207,0.6666666666659088,,False,no_tower_section_at_tip_height,60.50990029529081,True,valid,38.76464978627018,True,valid
453,453,30.2,147.23333333333335,147.22083333333336,147.24583333333334,T1,10.699083333333334,True,valid,interpolated,1209,1210,0.33333333333409126,,False,no_tower_section_at_tip_height,59.565281779617536,True,valid,42.11801552348071,True,valid
454,454,30.266666666666666,147.3,147.28750000000002,147.3125,T1,10.7053165,True,valid,source,1212,1212,0.0,,False,no_tower_section_at_tip_height,58.29822575527987,True,valid,45.27069647467629,True,valid
455,455,30.333333333333332,147.36666666666667,147.35416666666669,147.37916666666666,T1,10.709301933333334,True,valid,interpolated,1214,1215,0.6666666666670457,,False,no_tower_section_at_tip_height,56.71253558702874,True,valid,48.19496827221381,True,valid
456,456,30.4,147.43333333333334,147.42083333333335,147.44583333333333,T1,10.709011366666665,True,valid,interpolated,1217,1218,0.3333333333333333,,False,no_tower_section_at_tip_height,54.81774100629083,True,valid,50.87467402604469,True,valid
457,457,30.466666666666665,147.5,147.4875,147.5125,T1,10.714386,True,valid,source,1220,1220,0.0,,False,no_tower_section_at_tip_height,52.62973263528068,True,valid,53.28801475766899,True,valid
458,458,30.533333333333335,147.56666666666666,147.55416666666667,147.57916666666665,T1,10.720438633333334,True,valid,interpolated,1222,1223,0.6666666666666666,,False,no_tower_section_at_tip_height,50.15820498943807,True,valid,55.41425162592952,True,valid
459,459,30.6,147.63333333333333,147.62083333333334,147.64583333333331,T1,10.7298482,True,valid,interpolated,1225,1226,0.3333333333329544,,False,no_tower_section_at_tip_height,47.415252417834616,True,valid,57.23622013929028,True,valid
460,460,30.666666666666668,147.7,147.6875,147.71249999999998,T1,10.7279911,True,valid,source,1228,1228,0.0,,False,no_tower_section_at_tip_height,44.42344742388921,True,valid,58.74092178663735,True,valid
461,461,30.733333333333334,147.76666666666665,147.75416666666666,147.77916666666664,T1,10.72044686666667,True,valid,interpolated,1230,1231,0.6666666666659088,,False,no_tower_section_at_tip_height,41.201069572577545,True,valid,59.91909634533766,True,valid
462,462,30.8,147.83333333333334,147.82083333333335,147.84583333333333,T1,10.713308966666665,True,valid,interpolated,1233,1234,0.33333333333409126,,False,no_tower_section_at_tip_height,37.77241089645471,True,valid,60.7598022816447,True,valid
463,463,30.866666666666667,147.9,147.88750000000002,147.9125,T1,10.708889,True,valid,source,1236,1236,0.0,,False,no_tower_section_at_tip_height,34.15407625959148,True,valid,61.25593172863658,True,valid
464,464,30.933333333333334,147.96666666666667,147.95416666666668,147.97916666666666,T1,10.699715933333332,True,valid,interpolated,1238,1239,0.6666666666670457,,False,no_tower_section_at_tip_height,30.38578064052602,True,valid,,False,no_tower_section_at_tip_height
465,465,31.0,148.03333333333333,148.02083333333334,148.04583333333332,T1,10.699327133333332,True,valid,interpolated,1241,1242,0.3333333333329544,,False,no_tower_section_at_tip_height,26.544475968486395,True,valid,,False,no_tower_section_at_tip_height
466,466,31.066666666666666,148.1,148.0875,148.11249999999998,T1,10.6982927,True,valid,source,1244,1244,0.0,,False,no_tower_section_at_tip_height,22.715577126831086,True,valid,,False,no_tower_section_at_tip_height
467,467,31.133333333333333,148.16666666666666,148.15416666666667,148.17916666666665,T1,10.703369166666665,True,valid,interpolated,1246,1247,0.6666666666659088,,False,no_tower_section_at_tip_height,18.985748860647732,True,valid,,False,no_tower_section_at_tip_height
468,468,31.2,148.23333333333335,148.22083333333336,148.24583333333334,T1,10.7063233,True,valid,interpolated,1249,1250,0.33333333333409126,,False,no_tower_section_at_tip_height,15.497361887174506,True,valid,,False,no_tower_section_at_tip_height
469,469,31.266666666666666,148.3,148.28750000000002,148.3125,T1,10.7022676,True,valid,source,1252,1252,0.0,,False,no_tower_section_at_tip_height,12.518241378556453,True,valid,,False,no_tower_section_at_tip_height
470,470,31.333333333333332,148.36666666666667,148.35416666666669,148.37916666666666,T1,10.694973966666666,True,valid,interpolated,1254,1255,0.6666666666670457,,False,no_tower_section_at_tip_height,10.485359811222883,True,valid,,False,no_tower_section_at_tip_height
471,471,31.4,148.43333333333334,148.42083333333335,148.44583333333333,T1,10.689496366666667,True,valid,interpolated,1257,1258,0.3333333333333333,,False,no_tower_section_at_tip_height,9.891785590538289,True,valid,,False,no_tower_section_at_tip_height
472,472,31.466666666666665,148.5,148.4875,148.5125,T1,10.6871662,True,valid,source,1260,1260,0.0,,False,no_tower_section_at_tip_height,10.935395442664365,True,valid,,False,no_tower_section_at_tip_height
473,473,31.533333333333335,148.56666666666666,148.55416666666667,148.57916666666665,T1,10.6858209,True,valid,interpolated,1262,1263,0.6666666666666666,,False,no_tower_section_at_tip_height,13.27926525695433,True,valid,,False,no_tower_section_at_tip_height
474,474,31.6,148.63333333333333,148.62083333333334,148.64583333333331,T1,10.691072799999999,True,valid,interpolated,1265,1266,0.3333333333329544,,False,no_tower_section_at_tip_height,16.401550074890913,True,valid,,False,no_tower_section_at_tip_height
475,475,31.666666666666668,148.7,148.6875,148.71249999999998,T1,10.6962585,True,valid,source,1268,1268,0.0,,False,no_tower_section_at_tip_height,19.96781223765892,True,valid,,False,no_tower_section_at_tip_height
476,476,31.733333333333334,148.76666666666665,148.75416666666666,148.77916666666664,T1,10.709453266666662,True,valid,interpolated,1270,1271,0.6666666666659088,,False,no_tower_section_at_tip_height,23.697006442907302,True,valid,,False,no_tower_section_at_tip_height
477,477,31.8,148.83333333333334,148.82083333333335,148.84583333333333,T1,10.723972333333336,True,valid,interpolated,1273,1274,0.33333333333409126,,False,no_tower_section_at_tip_height,27.510071037665824,True,valid,,False,no_tower_section_at_tip_height
478,478,31.866666666666667,148.9,148.88750000000002,148.9125,T1,10.7333078,True,valid,source,1276,1276,0.0,,False,no_tower_section_at_tip_height,31.31027336919884,True,valid,,False,no_tower_section_at_tip_height
479,479,31.933333333333334,148.96666666666667,148.95416666666668,148.97916666666666,T1,10.734691633333334,True,valid,interpolated,1278,1279,0.6666666666670457,61.14416871902872,True,valid,35.0199321328742,True,valid,,False,no_tower_section_at_tip_height
480,480,32.0,149.03333333333333,149.02083333333334,149.04583333333332,T1,10.736587199999999,True,valid,interpolated,1281,1282,0.3333333333329544,60.521338061256024,True,valid,38.579733369607226,True,valid,,False,no_tower_section_at_tip_height
481,481,32.06666666666667,149.1,149.0875,149.11249999999998,T1,10.7412271,True,valid,source,1284,1284,0.0,59.55408344229367,True,valid,41.97082778436381,True,valid,,False,no_tower_section_at_tip_height
482,482,32.13333333333333,149.16666666666666,149.15416666666667,149.17916666666665,T1,10.755982066666661,True,valid,interpolated,1286,1287,0.6666666666659088,58.256416638035724,True,valid,45.1595967725913,True,valid,,False,no_tower_section_at_tip_height
483,483,32.2,149.23333333333335,149.22083333333336,149.24583333333334,T1,10.775623300000005,True,valid,interpolated,1289,1290,0.33333333333409126,56.63530134278256,True,valid,48.11724750626708,True,valid,,False,no_tower_section_at_tip_height
484,484,32.266666666666666,149.3,149.28750000000002,149.3125,T1,10.798233,True,valid,source,1292,1292,0.0,54.68709120577041,True,valid,50.81962995344634,True,valid,,False,no_tower_section_at_tip_height
485,485,32.333333333333336,149.36666666666667,149.35416666666669,149.37916666666666,T1,10.824356700000003,True,valid,interpolated,1294,1295,0.6666666666670457,52.41179359711001,True,valid,53.246700492847815,True,valid,,False,no_tower_section_at_tip_height
486,486,32.4,149.43333333333334,149.42083333333335,149.44583333333333,T1,10.843846633333333,True,valid,interpolated,1297,1298,0.3333333333333333,49.8221181805229,True,valid,55.38106868124043,True,valid,,False,no_tower_section_at_tip_height
487,487,32.46666666666667,149.5,149.4875,149.5125,T1,10.8637285,True,valid,source,1300,1300,0.0,46.937290275263514,True,valid,57.205263822150044,True,valid,,False,no_tower_section_at_tip_height
488,488,32.53333333333333,149.56666666666666,149.55416666666667,149.57916666666665,T1,10.881244,True,valid,interpolated,1302,1303,0.6666666666666666,43.787856514052855,True,valid,58.70369582962215,True,valid,,False,no_tower_section_at_tip_height
489,489,32.6,149.63333333333333,149.62083333333334,149.64583333333331,T1,10.898949666666663,True,valid,interpolated,1305,1306,0.3333333333329544,40.4075419063398,True,valid,59.86622968553731,True,valid,,False,no_tower_section_at_tip_height
490,490,32.666666666666664,149.7,149.6875,149.71249999999998,T1,10.9174414,True,valid,source,1308,1308,0.0,36.82304225948134,True,valid,60.68677366796537,True,valid,,False,no_tower_section_at_tip_height
491,491,32.733333333333334,149.76666666666665,149.75416666666666,149.77916666666664,T1,10.944004366666658,True,valid,interpolated,1310,1311,0.6666666666659088,33.053124231949965,True,valid,61.15851685034909,True,valid,,False,no_tower_section_at_tip_height
492,492,32.8,149.83333333333334,149.82083333333335,149.84583333333333,T1,10.974057200000008,True,valid,interpolated,1313,1314,0.33333333333409126,29.125134604084558,True,valid,,False,no_tower_section_at_tip_height,,False,no_tower_section_at_tip_height
493,493,32.86666666666667,149.9,149.88750000000002,149.9125,T1,11.0025053,True,valid,source,1316,1316,0.0,25.087386204324467,True,valid,,False,no_tower_section_at_tip_height,,False,no_tower_section_at_tip_height
494,494,32.93333333333333,149.96666666666667,149.95416666666668,149.97916666666666,T1,11.035443333333337,True,valid,interpolated,1318,1319,0.6666666666670457,21.036017212608904,True,valid,,False,no_tower_section_at_tip_height,,False,no_tower_section_at_tip_height
495,495,33.0,150.03333333333333,150.02083333333334,150.04583333333332,T1,11.059130066666665,True,valid,interpolated,1321,1322,0.3333333333329544,17.106652560513258,True,valid,,False,no_tower_section_at_tip_height,,False,no_tower_section_at_tip_height
496,496,33.06666666666667,150.1,150.0875,150.11249999999998,T1,11.0757694,True,valid,source,1324,1324,0.0,13.455055464109304,True,valid,,False,no_tower_section_at_tip_height,,False,no_tower_section_at_tip_height
497,497,33.13333333333333,150.16666666666666,150.15416666666667,150.17916666666665,T1,11.09551273333333,True,valid,interpolated,1326,1327,0.6666666666659088,10.479594205854639,True,valid,,False,no_tower_section_at_tip_height,,False,no_tower_section_at_tip_height
498,498,33.2,150.23333333333335,150.22083333333336,150.24583333333334,T1,11.106978733333337,True,valid,interpolated,1329,1330,0.33333333333409126,8.768255635778623,True,valid,,False,no_tower_section_at_tip_height,,False,no_tower_section_at_tip_height
499,499,33.266666666666666,150.3,150.28750000000002,150.3125,T1,11.1239281,True,valid,source,1332,1332,0.0,8.983513561629433,True,valid,,False,no_tower_section_at_tip_height,,False,no_tower_section_at_tip_height
500,500,33.333333333333336,150.36666666666667,150.35416666666669,150.37916666666666,T1,11.150968266666672,True,valid,interpolated,1334,1335,0.6666666666670457,11.009784936071181,True,valid,,False,no_tower_section_at_tip_height,,False,no_tower_section_at_tip_height
501,501,33.4,150.43333333333334,150.42083333333335,150.44583333333333,T1,11.180849433333334,True,valid,interpolated,1337,1338,0.3333333333333333,14.197089898171491,True,valid,,False,no_tower_section_at_tip_height,,False,no_tower_section_at_tip_height
502,502,33.46666666666667,150.5,150.4875,150.5125,T1,11.200428,True,valid,source,1340,1340,0.0,17.962323152271424,True,valid,,False,no_tower_section_at_tip_height,,False,no_tower_section_at_tip_height
503,503,33.53333333333333,150.56666666666666,150.55416666666667,150.57916666666665,T1,11.214446366666667,True,valid,interpolated,1342,1343,0.6666666666666666,21.955878889287987,True,valid,,False,no_tower_section_at_tip_height,,False,no_tower_section_at_tip_height
504,504,33.6,150.63333333333333,150.62083333333334,150.64583333333331,T1,11.226035466666662,True,valid,interpolated,1345,1346,0.3333333333329544,26.014306038161177,True,valid,,False,no_tower_section_at_tip_height,,False,no_tower_section_at_tip_height
505,505,33.666666666666664,150.7,150.6875,150.71249999999998,T1,11.242671,True,valid,source,1348,1348,0.0,30.04938744885796,True,valid,,False,no_tower_section_at_tip_height,,False,no_tower_section_at_tip_height
506,506,33.733333333333334,150.76666666666665,150.75416666666666,150.77916666666664,T1,11.251334533333331,True,valid,interpolated,1350,1351,0.6666666666659088,33.98827536980464,True,valid,,False,no_tower_section_at_tip_height,61.15097106442946,True,valid
507,507,33.8,150.83333333333334,150.82083333333335,150.84583333333333,T1,11.257658033333332,True,valid,interpolated,1353,1354,0.33333333333409126,37.76800369450876,True,valid,,False,no_tower_section_at_tip_height,60.591923453869505,True,valid
508,508,33.86666666666667,150.9,150.88750000000002,150.9125,T1,11.2586641,True,valid,source,1356,1356,0.0,41.36068122868224,True,valid,,False,no_tower_section_at_tip_height,59.672507434172644,True,valid
509,509,33.93333333333333,150.96666666666667,150.95416666666668,150.97916666666666,T1,11.268148066666669,True,valid,interpolated,1358,1359,0.6666666666670457,44.73935954683403,True,valid,,False,no_tower_section_at_tip_height,58.40603747686862,True,valid
510,510,34.0,151.03333333333333,151.02083333333334,151.04583333333332,T1,11.280983599999997,True,valid,interpolated,1361,1362,0.3333333333329544,47.86919658020049,True,valid,,False,no_tower_section_at_tip_height,56.79250486910836,True,valid
511,511,34.06666666666667,151.1,151.0875,151.11249999999998,T1,11.2921619,True,valid,source,1364,1364,0.0,50.72331668707029,True,valid,,False,no_tower_section_at_tip_height,54.833746553303286,True,valid
512,512,34.13333333333333,151.16666666666666,151.15416666666667,151.17916666666665,T1,11.294532766666666,True,valid,interpolated,1366,1367,0.6666666666659088,53.27862007392333,True,valid,,False,no_tower_section_at_tip_height,52.545258299173476,True,valid
513,513,34.2,151.23333333333335,151.22083333333336,151.24583333333334,T1,11.292345366666668,True,valid,interpolated,1369,1370,0.33333333333409126,55.516328229973396,True,valid,,False,no_tower_section_at_tip_height,49.94160232239442,True,valid
514,514,34.266666666666666,151.3,151.28750000000002,151.3125,T1,11.2927303,True,valid,source,1372,1372,0.0,57.417346226551714,True,valid,,False,no_tower_section_at_tip_height,47.03380819457702,True,valid
515,515,34.333333333333336,151.36666666666667,151.35416666666669,151.37916666666666,T1,11.288636533333332,True,valid,interpolated,1374,1375,0.6666666666670457,58.96349596583458,True,valid,,False,no_tower_section_at_tip_height,43.85048059283309,True,valid
516,516,34.4,151.43333333333334,151.42083333333335,151.44583333333333,T1,11.283482266666667,True,valid,interpolated,1377,1378,0.3333333333333333,60.141758438761244,True,valid,,False,no_tower_section_at_tip_height,40.43075438838214,True,valid
517,517,34.46666666666667,151.5,151.4875,151.5125,T1,11.2770863,True,valid,source,1380,1380,0.0,60.944546631372155,True,valid,,False,no_tower_section_at_tip_height,36.80590568279854,True,valid
518,518,34.53333333333333,151.56666666666666,151.55416666666667,151.57916666666665,T1,11.276540099999998,True,valid,interpolated,1382,1383,0.6666666666666666,61.368926404136836,True,valid,,False,no_tower_section_at_tip_height,32.99143649204365,True,valid
519,519,34.6,151.63333333333333,151.62083333333334,151.64583333333331,T1,11.272214566666667,True,valid,interpolated,1385,1386,0.3333333333329544,,False,no_tower_section_at_tip_height,,False,no_tower_section_at_tip_height,29.056591277657887,True,valid
520,520,34.666666666666664,151.7,151.6875,151.71249999999998,T1,11.2650146,True,valid,source,1388,1388,0.0,,False,no_tower_section_at_tip_height,,False,no_tower_section_at_tip_height,25.085776511777432,True,valid
521,521,34.733333333333334,151.76666666666665,151.75416666666666,151.77916666666664,T1,11.259191500000002,True,valid,interpolated,1390,1391,0.6666666666659088,,False,no_tower_section_at_tip_height,,False,no_tower_section_at_tip_height,21.1984067447848,True,valid
522,522,34.8,151.83333333333334,151.82083333333335,151.84583333333333,T1,11.247182866666662,True,valid,interpolated,1393,1394,0.33333333333409126,,False,no_tower_section_at_tip_height,,False,no_tower_section_at_tip_height,17.482789034392436,True,valid
523,523,34.86666666666667,151.9,151.88750000000002,151.9125,T1,11.2384024,True,valid,source,1396,1396,0.0,,False,no_tower_section_at_tip_height,,False,no_tower_section_at_tip_height,14.216336975891505,True,valid
524,524,34.93333333333333,151.96666666666667,151.95416666666668,151.97916666666666,T1,11.222091366666664,True,valid,interpolated,1398,1399,0.6666666666670457,,False,no_tower_section_at_tip_height,,False,no_tower_section_at_tip_height,11.72821488156527,True,valid
525,525,35.0,152.03333333333333,152.02083333333334,152.04583333333332,T1,11.2018464,True,valid,interpolated,1401,1402,0.3333333333329544,,False,no_tower_section_at_tip_height,,False,no_tower_section_at_tip_height,10.552255858537404,True,valid
526,526,35.06666666666667,152.1,152.0875,152.11249999999998,T1,11.181529,True,valid,source,1404,1404,0.0,,False,no_tower_section_at_tip_height,,False,no_tower_section_at_tip_height,11.060969163163627,True,valid
527,527,35.13333333333333,152.16666666666666,152.15416666666667,152.17916666666665,T1,11.167223300000003,True,valid,interpolated,1406,1407,0.6666666666659088,,False,no_tower_section_at_tip_height,,False,no_tower_section_at_tip_height,13.095452838436259,True,valid
528,528,35.2,152.23333333333335,152.22083333333336,152.24583333333334,T1,11.155778599999994,True,valid,interpolated,1409,1410,0.33333333333409126,,False,no_tower_section_at_tip_height,,False,no_tower_section_at_tip_height,16.168090811732355,True,valid
529,529,35.266666666666666,152.3,152.28750000000002,152.3125,T1,11.1425409,True,valid,source,1412,1412,0.0,,False,no_tower_section_at_tip_height,,False,no_tower_section_at_tip_height,19.778096486184346,True,valid
530,530,35.333333333333336,152.36666666666667,152.35416666666669,152.37916666666666,T1,11.128083233333331,True,valid,interpolated,1414,1415,0.6666666666670457,,False,no_tower_section_at_tip_height,,False,no_tower_section_at_tip_height,23.62830005562611,True,valid
531,531,35.4,152.43333333333334,152.42083333333335,152.44583333333333,T1,11.106863,True,valid,interpolated,1417,1418,0.3333333333333333,,False,no_tower_section_at_tip_height,,False,no_tower_section_at_tip_height,27.543228196135818,True,valid
532,532,35.46666666666667,152.5,152.4875,152.5125,T1,11.087142,True,valid,source,1420,1420,0.0,,False,no_tower_section_at_tip_height,,False,no_tower_section_at_tip_height,31.43640127348701,True,valid
533,533,35.53333333333333,152.56666666666666,152.55416666666667,152.57916666666665,T1,11.065443666666667,True,valid,interpolated,1422,1423,0.6666666666666666,,False,no_tower_section_at_tip_height,61.19941598261279,True,valid,35.23370261002677,True,valid
534,534,35.6,152.63333333333333,152.62083333333334,152.64583333333331,T1,11.04393736666667,True,valid,interpolated,1425,1426,0.3333333333329544,,False,no_tower_section_at_tip_height,60.57628137600873,True,valid,38.87145283938275,True,valid
535,535,35.666666666666664,152.7,152.6875,152.71249999999998,T1,11.0221186,True,valid,source,1428,1428,0.0,,False,no_tower_section_at_tip_height,59.599379683722965,True,valid,42.32193305444862,True,valid
536,536,35.733333333333334,152.76666666666665,152.75416666666666,152.77916666666664,T1,11.001683533333338,True,valid,interpolated,1430,1431,0.6666666666659088,,False,no_tower_section_at_tip_height,58.28627811716018,True,valid,45.548423907973074,True,valid
537,537,35.8,152.83333333333334,152.82083333333335,152.84583333333333,T1,10.986065899999994,True,valid,interpolated,1433,1434,0.33333333333409126,,False,no_tower_section_at_tip_height,56.64416771400327,True,valid,48.5241926505518,True,valid
538,538,35.86666666666667,152.9,152.88750000000002,152.9125,T1,10.9687824,True,valid,source,1436,1436,0.0,,False,no_tower_section_at_tip_height,54.679271619296884,True,valid,51.2309732899958,True,valid
539,539,35.93333333333333,152.96666666666667,152.95416666666668,152.97916666666666,T1,10.947255099999996,True,valid,interpolated,1438,1439,0.6666666666670457,,False,no_tower_section_at_tip_height,52.403067576213196,True,valid,53.64930823019284,True,valid
540,540,36.0,153.03333333333333,153.02083333333334,153.04583333333332,T1,10.928737333333334,True,valid,interpolated,1441,1442,0.3333333333329544,,False,no_tower_section_at_tip_height,49.82176681807686,True,valid,55.763054946221665,True,valid
541,541,36.06666666666667,153.1,153.0875,153.11249999999998,T1,10.9054213,True,valid,source,1444,1444,0.0,,False,no_tower_section_at_tip_height,46.958918784400346,True,valid,57.559727619708745,True,valid
542,542,36.13333333333333,153.16666666666666,153.15416666666667,153.17916666666665,T1,10.878493333333338,True,valid,interpolated,1446,1447,0.6666666666659088,,False,no_tower_section_at_tip_height,43.84837188345155,True,valid,59.03116329754735,True,valid
543,543,36.2,153.23333333333335,153.22083333333336,153.24583333333334,T1,10.85951866666666,True,valid,interpolated,1449,1450,0.33333333333409126,,False,no_tower_section_at_tip_height,40.54712291904296,True,valid,60.16138440192133,True,valid
544,544,36.266666666666666,153.3,153.28750000000002,153.3125,T1,10.8359985,True,valid,source,1452,1452,0.0,,False,no_tower_section_at_tip_height,37.05835613196125,True,valid,60.94554567819008,True,valid
545,545,36.333333333333336,153.36666666666667,153.35416666666669,153.37916666666666,T1,10.813204433333329,True,valid,interpolated,1454,1455,0.6666666666670457,,False,no_tower_section_at_tip_height,33.38187164805836,True,valid,61.37632047754563,True,valid
546,546,36.4,153.43333333333334,153.42083333333335,153.44583333333333,T1,10.784124666666667,True,valid,interpolated,1457,1458,0.3333333333333333,,False,no_tower_section_at_tip_height,29.58110964163337,True,valid,,False,no_tower_section_at_tip_height
547,547,36.46666666666667,153.5,153.4875,153.5125,T1,10.7664108,True,valid,source,1460,1460,0.0,,False,no_tower_section_at_tip_height,25.73828444941254,True,valid,,False,no_tower_section_at_tip_height
548,548,36.53333333333333,153.56666666666666,153.55416666666667,153.57916666666665,T1,10.7459812,True,valid,interpolated,1462,1463,0.6666666666666666,,False,no_tower_section_at_tip_height,21.967931358850088,True,valid,,False,no_tower_section_at_tip_height
549,549,36.6,153.63333333333333,153.62083333333334,153.64583333333331,T1,10.729575133333336,True,valid,interpolated,1465,1466,0.3333333333329544,,False,no_tower_section_at_tip_height,18.331699837867003,True,valid,,False,no_tower_section_at_tip_height
550,550,36.666666666666664,153.7,153.6875,153.71249999999998,T1,10.6999626,True,valid,source,1468,1468,0.0,,False,no_tower_section_at_tip_height,15.031155688685338,True,valid,,False,no_tower_section_at_tip_height
551,551,36.733333333333334,153.76666666666665,153.75416666666666,153.77916666666664,T1,10.669310900000006,True,valid,interpolated,1470,1471,0.6666666666659088,,False,no_tower_section_at_tip_height,12.287192478642643,True,valid,,False,no_tower_section_at_tip_height
552,552,36.8,153.83333333333334,153.82083333333335,153.84583333333333,T1,10.645343466666661,True,valid,interpolated,1473,1474,0.33333333333409126,,False,no_tower_section_at_tip_height,10.56020771353123,True,valid,,False,no_tower_section_at_tip_height
553,553,36.86666666666667,153.9,153.88750000000002,153.9125,T1,10.6319618,True,valid,source,1476,1476,0.0,,False,no_tower_section_at_tip_height,10.292616543219152,True,valid,,False,no_tower_section_at_tip_height
554,554,36.93333333333333,153.96666666666667,153.95416666666668,153.97916666666666,T1,10.621665633333333,True,valid,interpolated,1478,1479,0.6666666666670457,,False,no_tower_section_at_tip_height,11.60663027134247,True,valid,,False,no_tower_section_at_tip_height
555,555,37.0,154.03333333333333,154.02083333333334,154.04583333333332,T1,10.608677866666667,True,valid,interpolated,1481,1482,0.3333333333329544,,False,no_tower_section_at_tip_height,14.082119025948478,True,valid,,False,no_tower_section_at_tip_height
556,556,37.06666666666667,154.1,154.0875,154.11249999999998,T1,10.5957022,True,valid,source,1484,1484,0.0,,False,no_tower_section_at_tip_height,17.24619243212079,True,valid,,False,no_tower_section_at_tip_height
557,557,37.13333333333333,154.16666666666666,154.15416666666667,154.17916666666665,T1,10.581601100000004,True,valid,interpolated,1486,1487,0.6666666666659088,,False,no_tower_section_at_tip_height,20.815977568707805,True,valid,,False,no_tower_section_at_tip_height
558,558,37.2,154.23333333333335,154.22083333333336,154.24583333333334,T1,10.576039333333332,True,valid,interpolated,1489,1490,0.33333333333409126,,False,no_tower_section_at_tip_height,24.518136162614688,True,valid,,False,no_tower_section_at_tip_height
559,559,37.266666666666666,154.3,154.28750000000002,154.3125,T1,10.5693846,True,valid,source,1492,1492,0.0,,False,no_tower_section_at_tip_height,28.26987867293029,True,valid,,False,no_tower_section_at_tip_height
560,560,37.333333333333336,154.36666666666667,154.35416666666669,154.37916666666666,T1,10.564994833333333,True,valid,interpolated,1494,1495,0.6666666666670457,,False,no_tower_section_at_tip_height,31.985962602030334,True,valid,,False,no_tower_section_at_tip_height
561,561,37.4,154.43333333333334,154.42083333333335,154.44583333333333,T1,10.560876233333335,True,valid,interpolated,1497,1498,0.3333333333333333,61.084974882248716,True,valid,35.607068019728814,True,valid,,False,no_tower_section_at_tip_height
562,562,37.46666666666667,154.5,154.4875,154.5125,T1,10.5596991,True,valid,source,1500,1500,0.0,60.4420846669395,True,valid,39.08825185567371,True,valid,,False,no_tower_section_at_tip_height
563,563,37.53333333333333,154.56666666666666,154.55416666666667,154.57916666666665,T1,10.563407900000001,True,valid,interpolated,1502,1503,0.6666666666666666,59.47656498054083,True,valid,42.397263646049154,True,valid,,False,no_tower_section_at_tip_height
564,564,37.6,154.63333333333333,154.62083333333334,154.64583333333331,T1,10.568287833333333,True,valid,interpolated,1505,1506,0.3333333333329544,58.196555596142076,True,valid,45.503522536165775,True,valid,,False,no_tower_section_at_tip_height
565,565,37.666666666666664,154.7,154.6875,154.71249999999998,T1,10.5732412,True,valid,source,1508,1508,0.0,56.61030246429554,True,valid,48.38404686924393,True,valid,,False,no_tower_section_at_tip_height
566,566,37.733333333333334,154.76666666666665,154.75416666666666,154.77916666666664,T1,10.5784445,True,valid,interpolated,1510,1511,0.6666666666659088,54.720067544894334,True,valid,51.01186291769439,True,valid,,False,no_tower_section_at_tip_height
567,567,37.8,154.83333333333334,154.82083333333335,154.84583333333333,T1,10.5783046,True,valid,interpolated,1513,1514,0.33333333333409126,52.530254435458396,True,valid,53.36455162186381,True,valid,,False,no_tower_section_at_tip_height
568,568,37.86666666666667,154.9,154.88750000000002,154.9125,T1,10.5788488,True,valid,source,1516,1516,0.0,50.04662589587264,True,valid,55.43438335177138,True,valid,,False,no_tower_section_at_tip_height
569,569,37.93333333333333,154.96666666666667,154.95416666666668,154.97916666666666,T1,10.57376,True,valid,interpolated,1518,1519,0.6666666666670457,47.286338954337175,True,valid,57.2164529892538,True,valid,,False,no_tower_section_at_tip_height
570,570,38.0,155.03333333333333,155.02083333333334,155.04583333333332,T1,10.574632299999998,True,valid,interpolated,1521,1522,0.3333333333329544,44.281734086599734,True,valid,58.69486111712948,True,valid,,False,no_tower_section_at_tip_height
571,571,38.06666666666667,155.1,155.0875,155.11249999999998,T1,10.5831671,True,valid,source,1524,1524,0.0,41.064058465080194,True,valid,59.854818546612606,True,valid,,False,no_tower_section_at_tip_height
572,572,38.13333333333333,155.16666666666666,155.15416666666667,155.17916666666665,T1,10.588114399999998,True,valid,interpolated,1526,1527,0.6666666666659088,37.66028397249196,True,valid,60.6880659345898,True,valid,,False,no_tower_section_at_tip_height
573,573,38.2,155.23333333333335,155.22083333333336,155.24583333333334,T1,10.590500533333334,True,valid,interpolated,1529,1530,0.33333333333409126,34.09807322814433,True,valid,61.18669936340603,True,valid,,False,no_tower_section_at_tip_height
574,574,38.266666666666666,155.3,155.28750000000002,155.3125,T1,10.5900116,True,valid,source,1532,1532,0.0,30.3897067107572,True,valid,,False,no_tower_section_at_tip_height,,False,no_tower_section_at_tip_height
575,575,38.333333333333336,155.36666666666667,155.35416666666669,155.37916666666666,T1,10.589484500000001,True,valid,interpolated,1534,1535,0.6666666666670457,26.60523169758994,True,valid,,False,no_tower_section_at_tip_height,,False,no_tower_section_at_tip_height
576,576,38.4,155.43333333333334,155.42083333333335,155.44583333333333,T1,10.592988333333334,True,valid,interpolated,1537,1538,0.3333333333333333,22.82527699273246,True,valid,,False,no_tower_section_at_tip_height,,False,no_tower_section_at_tip_height
577,577,38.46666666666667,155.5,155.4875,155.5125,T1,10.5923777,True,valid,source,1540,1540,0.0,19.149590371048454,True,valid,,False,no_tower_section_at_tip_height,,False,no_tower_section_at_tip_height
578,578,38.53333333333333,155.56666666666666,155.55416666666667,155.57916666666665,T1,10.585768366666667,True,valid,interpolated,1542,1543,0.6666666666666666,15.677475220185825,True,valid,,False,no_tower_section_at_tip_height,,False,no_tower_section_at_tip_height
579,579,38.6,155.63333333333333,155.62083333333334,155.64583333333331,T1,10.580891566666665,True,valid,interpolated,1545,1546,0.3333333333329544,12.66837526850592,True,valid,,False,no_tower_section_at_tip_height,,False,no_tower_section_at_tip_height
580,580,38.666666666666664,155.7,155.6875,155.71249999999998,T1,10.5792189,True,valid,source,1548,1548,0.0,10.507411437545766,True,valid,,False,no_tower_section_at_tip_height,,False,no_tower_section_at_tip_height
581,581,38.733333333333334,155.76666666666665,155.75416666666666,155.77916666666664,T1,10.58832073333333,True,valid,interpolated,1550,1551,0.6666666666659088,9.720345083213898,True,valid,,False,no_tower_section_at_tip_height,,False,no_tower_section_at_tip_height
582,582,38.8,155.83333333333334,155.82083333333335,155.84583333333333,T1,10.600500100000001,True,valid,interpolated,1553,1554,0.33333333333409126,10.519584380895601,True,valid,,False,no_tower_section_at_tip_height,,False,no_tower_section_at_tip_height
583,583,38.86666666666667,155.9,155.88750000000002,155.9125,T1,10.6060095,True,valid,source,1556,1556,0.0,12.691566449759875,True,valid,,False,no_tower_section_at_tip_height,,False,no_tower_section_at_tip_height
584,584,38.93333333333333,155.96666666666667,155.95416666666668,155.97916666666666,T1,10.608735733333333,True,valid,interpolated,1558,1559,0.6666666666670457,15.722640805625808,True,valid,,False,no_tower_section_at_tip_height,,False,no_tower_section_at_tip_height
585,585,39.0,156.03333333333333,156.02083333333334,156.04583333333332,T1,10.608626066666666,True,valid,interpolated,1561,1562,0.3333333333329544,19.242834199732076,True,valid,,False,no_tower_section_at_tip_height,,False,no_tower_section_at_tip_height
586,586,39.06666666666667,156.1,156.0875,156.11249999999998,T1,10.6104317,True,valid,source,1564,1564,0.0,22.944489632195427,True,valid,,False,no_tower_section_at_tip_height,,False,no_tower_section_at_tip_height
587,587,39.13333333333333,156.16666666666666,156.15416666666667,156.17916666666665,T1,10.618822766666664,True,valid,interpolated,1566,1567,0.6666666666659088,26.745583546753423,True,valid,,False,no_tower_section_at_tip_height,,False,no_tower_section_at_tip_height
588,588,39.2,156.23333333333335,156.22083333333336,156.24583333333334,T1,10.62466206666667,True,valid,interpolated,1569,1570,0.33333333333409126,30.53846245692566,True,valid,,False,no_tower_section_at_tip_height,,False,no_tower_section_at_tip_height
589,589,39.266666666666666,156.3,156.28750000000002,156.3125,T1,10.6344194,True,valid,source,1572,1572,0.0,34.22713724381991,True,valid,,False,no_tower_section_at_tip_height,61.12403180793105,True,valid
590,590,39.333333333333336,156.36666666666667,156.35416666666669,156.37916666666666,T1,10.646242133333335,True,valid,interpolated,1574,1575,0.6666666666670457,37.784747737292136,True,valid,,False,no_tower_section_at_tip_height,60.56768028852502,True,valid
591,591,39.4,156.43333333333334,156.42083333333335,156.44583333333333,T1,10.662055633333335,True,valid,interpolated,1577,1578,0.3333333333333333,41.18191901832795,True,valid,,False,no_tower_section_at_tip_height,59.67527079833679,True,valid
592,592,39.46666666666667,156.5,156.4875,156.5125,T1,10.6777248,True,valid,source,1580,1580,0.0,44.387530118183015,True,valid,,False,no_tower_section_at_tip_height,58.45173419204993,True,valid
593,593,39.53333333333333,156.56666666666666,156.55416666666667,156.57916666666665,T1,10.6944774,True,valid,interpolated,1582,1583,0.6666666666666666,47.37394403635655,True,valid,,False,no_tower_section_at_tip_height,56.909739439757054,True,valid
594,594,39.6,156.63333333333333,156.62083333333334,156.64583333333331,T1,10.707863166666664,True,valid,interpolated,1585,1586,0.3333333333329544,50.118632065040124,True,valid,,False,no_tower_section_at_tip_height,55.05476753079752,True,valid
595,595,39.666666666666664,156.7,156.6875,156.71249999999998,T1,10.7194767,True,valid,source,1588,1588,0.0,52.600157351026425,True,valid,,False,no_tower_section_at_tip_height,52.887208059534494,True,valid
596,596,39.733333333333334,156.76666666666665,156.75416666666666,156.77916666666664,T1,10.728883766666664,True,valid,interpolated,1590,1591,0.6666666666659088,54.80065037055826,True,valid,,False,no_tower_section_at_tip_height,50.411937777576924,True,valid
597,597,39.8,156.83333333333334,156.82083333333335,156.84583333333333,T1,10.74102746666667,True,valid,interpolated,1593,1594,0.33333333333409126,56.69869668776646,True,valid,,False,no_tower_section_at_tip_height,47.64702798123746,True,valid
598,598,39.86666666666667,156.9,156.88750000000002,156.9125,T1,10.7613068,True,valid,source,1596,1596,0.0,58.278861701217515,True,valid,,False,no_tower_section_at_tip_height,44.61644911655268,True,valid
599,599,39.93333333333333,156.96666666666667,156.95416666666668,156.97916666666666,T1,10.781770700000003,True,valid,interpolated,1598,1599,0.6666666666670457,59.531214258766006,True,valid,,False,no_tower_section_at_tip_height,41.346764842006586,True,valid
600,600,40.0,157.03333333333333,157.02083333333334,157.04583333333332,T1,10.80271813333333,True,valid,interpolated,1601,1602,0.3333333333329544,60.44460499096562,True,valid,,False,no_tower_section_at_tip_height,37.86410366059752,True,valid
601,601,40.06666666666667,157.1,157.0875,157.11249999999998,T1,10.8215494,True,valid,source,1604,1604,0.0,61.013472622213804,True,valid,,False,no_tower_section_at_tip_height,34.20010582378367,True,valid
602,602,40.13333333333333,157.16666666666666,157.15416666666667,157.17916666666665,T1,10.835632666666662,True,valid,interpolated,1606,1607,0.6666666666659088,,False,no_tower_section_at_tip_height,,False,no_tower_section_at_tip_height,30.385251168073182,True,valid
603,603,40.2,157.23333333333335,157.22083333333336,157.24583333333334,T1,10.85295326666667,True,valid,interpolated,1609,1610,0.33333333333409126,,False,no_tower_section_at_tip_height,,False,no_tower_section_at_tip_height,26.441449948741802,True,valid
604,604,40.266666666666666,157.3,157.28750000000002,157.3125,T1,10.8705635,True,valid,source,1612,1612,0.0,,False,no_tower_section_at_tip_height,,False,no_tower_section_at_tip_height,22.46810954662546,True,valid
605,605,40.333333333333336,157.36666666666667,157.35416666666669,157.37916666666666,T1,10.891550700000003,True,valid,interpolated,1614,1615,0.6666666666670457,,False,no_tower_section_at_tip_height,,False,no_tower_section_at_tip_height,18.58304564037274,True,valid
606,606,40.4,157.43333333333334,157.42083333333335,157.44583333333333,T1,10.908865,True,valid,interpolated,1617,1618,0.3333333333333333,,False,no_tower_section_at_tip_height,,False,no_tower_section_at_tip_height,14.857856809694981,True,valid
607,607,40.46666666666667,157.5,157.4875,157.5125,T1,10.9358702,True,valid,source,1620,1620,0.0,,False,no_tower_section_at_tip_height,,False,no_tower_section_at_tip_height,11.565431941878398,True,valid
608,608,40.53333333333333,157.56666666666666,157.55416666666667,157.57916666666665,T1,10.959068299999998,True,valid,interpolated,1622,1623,0.6666666666666666,,False,no_tower_section_at_tip_height,,False,no_tower_section_at_tip_height,9.170246059107885,True,valid
609,609,40.6,157.63333333333333,157.62083333333334,157.64583333333331,T1,10.989984166666659,True,valid,interpolated,1625,1626,0.3333333333329544,,False,no_tower_section_at_tip_height,,False,no_tower_section_at_tip_height,8.404463668957439,True,valid
610,610,40.666666666666664,157.7,157.6875,157.71249999999998,T1,11.0265913,True,valid,source,1628,1628,0.0,,False,no_tower_section_at_tip_height,,False,no_tower_section_at_tip_height,9.59441842470603,True,valid
611,611,40.733333333333334,157.76666666666665,157.75416666666666,157.77916666666664,T1,11.045955033333328,True,valid,interpolated,1630,1631,0.6666666666659088,,False,no_tower_section_at_tip_height,,False,no_tower_section_at_tip_height,12.28912841185468,True,valid
612,612,40.8,157.83333333333334,157.82083333333335,157.84583333333333,T1,11.065019600000007,True,valid,interpolated,1633,1634,0.33333333333409126,,False,no_tower_section_at_tip_height,,False,no_tower_section_at_tip_height,15.789122844816978,True,valid
613,613,40.86666666666667,157.9,157.88750000000002,157.9125,T1,11.0833178,True,valid,source,1636,1636,0.0,,False,no_tower_section_at_tip_height,,False,no_tower_section_at_tip_height,19.689813099368287,True,valid
614,614,40.93333333333333,157.96666666666667,157.95416666666668,157.97916666666666,T1,11.098560633333337,True,valid,interpolated,1638,1639,0.6666666666670457,,False,no_tower_section_at_tip_height,,False,no_tower_section_at_tip_height,23.752313707249378,True,valid
615,615,41.0,158.03333333333333,158.02083333333334,158.04583333333332,T1,11.12852126666666,True,valid,interpolated,1641,1642,0.3333333333329544,,False,no_tower_section_at_tip_height,,False,no_tower_section_at_tip_height,27.849423410992053,True,valid
616,616,41.06666666666667,158.1,158.0875,158.11249999999998,T1,11.1615057,True,valid,source,1644,1644,0.0,,False,no_tower_section_at_tip_height,61.17957297168446,True,valid,31.870217132653245,True,valid
617,617,41.13333333333333,158.16666666666666,158.15416666666667,158.17916666666665,T1,11.188356433333325,True,valid,interpolated,1646,1647,0.6666666666659088,,False,no_tower_section_at_tip_height,60.79435653757426,True,valid,35.746450918095555,True,valid
618,618,41.2,158.23333333333335,158.22083333333336,158.24583333333334,T1,11.210289333333339,True,valid,interpolated,1649,1650,0.33333333333409126,,False,no_tower_section_at_tip_height,60.04352730319477,True,valid,39.453781649057476,True,valid
619,619,41.266666666666666,158.3,158.28750000000002,158.3125,T1,11.2267227,True,valid,source,1652,1652,0.0,,False,no_tower_section_at_tip_height,58.934765850877945,True,valid,42.95655070583616,True,valid
620,620,41.333333333333336,158.36666666666667,158.35416666666669,158.37916666666666,T1,11.239630400000003,True,valid,interpolated,1654,1655,0.6666666666670457,,False,no_tower_section_at_tip_height,57.483073087323845,True,valid,46.220813524361276,True,valid
621,621,41.4,158.43333333333334,158.42083333333335,158.44583333333333,T1,11.249819433333334,True,valid,interpolated,1657,1658,0.3333333333333333,,False,no_tower_section_at_tip_height,55.6971767395735,True,valid,49.22134351720432,True,valid
622,622,41.46666666666667,158.5,158.4875,158.5125,T1,11.2532654,True,valid,source,1660,1660,0.0,,False,no_tower_section_at_tip_height,53.576892553530165,True,valid,51.93587805823508,True,valid
623,623,41.53333333333333,158.56666666666666,158.55416666666667,158.57916666666665,T1,11.256605133333334,True,valid,interpolated,1662,1663,0.6666666666666666,,False,no_tower_section_at_tip_height,51.1277308233651,True,valid,54.34419003850995,True,valid
624,624,41.6,158.63333333333333,158.62083333333334,158.64583333333331,T1,11.256869966666667,True,valid,interpolated,1665,1666,0.3333333333329544,,False,no_tower_section_at_tip_height,48.37270111199847,True,valid,56.422505698787695,True,valid
625,625,41.666666666666664,158.7,158.6875,158.71249999999998,T1,11.2628546,True,valid,source,1668,1668,0.0,,False,no_tower_section_at_tip_height,45.33903141002013,True,valid,58.14889661957656,True,valid
626,626,41.733333333333334,158.76666666666665,158.75416666666666,158.77916666666664,T1,11.2716347,True,valid,interpolated,1670,1671,0.6666666666659088,,False,no_tower_section_at_tip_height,42.05533867839928,True,valid,59.51199118380336,True,valid
627,627,41.8,158.83333333333334,158.82083333333335,158.84583333333333,T1,11.273392366666668,True,valid,interpolated,1673,1674,0.33333333333409126,,False,no_tower_section_at_tip_height,38.55410970148611,True,valid,60.50785962583491,True,valid
628,628,41.86666666666667,158.9,158.88750000000002,158.9125,T1,11.2732439,True,valid,source,1676,1676,0.0,,False,no_tower_section_at_tip_height,34.85387236722758,True,valid,61.130405604478426,True,valid
629,629,41.93333333333333,158.96666666666667,158.95416666666668,158.97916666666666,T1,11.257650099999996,True,valid,interpolated,1678,1679,0.6666666666670457,,False,no_tower_section_at_tip_height,30.960900880868206,True,valid,,False,no_tower_section_at_tip_height
630,630,42.0,159.03333333333333,159.02083333333334,159.04583333333332,T1,11.246404666666667,True,valid,interpolated,1681,1682,0.3333333333329544,,False,no_tower_section_at_tip_height,26.974655221074393,True,valid,,False,no_tower_section_at_tip_height
631,631,42.06666666666667,159.1,159.0875,159.11249999999998,T1,11.2348804,True,valid,source,1684,1684,0.0,,False,no_tower_section_at_tip_height,22.986750024948854,True,valid,,False,no_tower_section_at_tip_height
632,632,42.13333333333333,159.16666666666666,159.15416666666667,159.17916666666665,T1,11.221767100000001,True,valid,interpolated,1686,1687,0.6666666666659088,,False,no_tower_section_at_tip_height,19.09075997374435,True,valid,,False,no_tower_section_at_tip_height
633,633,42.2,159.23333333333335,159.22083333333336,159.24583333333334,T1,11.215671566666662,True,valid,interpolated,1689,1690,0.33333333333409126,,False,no_tower_section_at_tip_height,15.467973692308831,True,valid,,False,no_tower_section_at_tip_height
634,634,42.266666666666666,159.3,159.28750000000002,159.3125,T1,11.2074299,True,valid,source,1692,1692,0.0,,False,no_tower_section_at_tip_height,12.389575901496102,True,valid,,False,no_tower_section_at_tip_height
635,635,42.333333333333336,159.36666666666667,159.35416666666669,159.37916666666666,T1,11.196755366666665,True,valid,interpolated,1694,1695,0.6666666666670457,,False,no_tower_section_at_tip_height,10.385479050330822,True,valid,,False,no_tower_section_at_tip_height
636,636,42.4,159.43333333333334,159.42083333333335,159.44583333333333,T1,11.183292066666667,True,valid,interpolated,1697,1698,0.3333333333333333,,False,no_tower_section_at_tip_height,9.980450582420696,True,valid,,False,no_tower_section_at_tip_height
637,637,42.46666666666667,159.5,159.4875,159.5125,T1,11.1806173,True,valid,source,1700,1700,0.0,,False,no_tower_section_at_tip_height,11.354379745183058,True,valid,,False,no_tower_section_at_tip_height
638,638,42.53333333333333,159.56666666666666,159.55416666666667,159.57916666666665,T1,11.164733866666666,True,valid,interpolated,1702,1703,0.6666666666666666,,False,no_tower_section_at_tip_height,14.004102658115908,True,valid,,False,no_tower_section_at_tip_height
639,639,42.6,159.63333333333333,159.62083333333334,159.64583333333331,T1,11.147978466666668,True,valid,interpolated,1705,1706,0.3333333333329544,,False,no_tower_section_at_tip_height,17.393785660687833,True,valid,,False,no_tower_section_at_tip_height
640,640,42.666666666666664,159.7,159.6875,159.71249999999998,T1,11.1216278,True,valid,source,1708,1708,0.0,,False,no_tower_section_at_tip_height,21.200630273541446,True,valid,,False,no_tower_section_at_tip_height
641,641,42.733333333333334,159.76666666666665,159.75416666666666,159.77916666666664,T1,11.100577000000005,True,valid,interpolated,1710,1711,0.6666666666659088,,False,no_tower_section_at_tip_height,25.155477618819877,True,valid,,False,no_tower_section_at_tip_height
642,642,42.8,159.83333333333334,159.82083333333335,159.84583333333333,T1,11.084656999999996,True,valid,interpolated,1713,1714,0.33333333333409126,,False,no_tower_section_at_tip_height,29.146841280454467,True,valid,,False,no_tower_section_at_tip_height
643,643,42.86666666666667,159.9,159.88750000000002,159.9125,T1,11.0752258,True,valid,source,1716,1716,0.0,61.38066066028436,True,valid,33.078685276972486,True,valid,,False,no_tower_section_at_tip_height
644,644,42.93333333333333,159.96666666666667,159.95416666666668,159.97916666666666,T1,11.05947493333333,True,valid,interpolated,1718,1719,0.6666666666670457,60.950858764871434,True,valid,36.85487754362643,True,valid,,False,no_tower_section_at_tip_height
645,645,43.0,160.03333333333333,160.02083333333334,160.04583333333332,T1,11.041373566666667,True,valid,interpolated,1721,1722,0.3333333333329544,60.1629555216177,True,valid,40.437765821013606,True,valid,,False,no_tower_section_at_tip_height
646,646,43.06666666666667,160.1,160.0875,160.11249999999998,T1,11.0204659,True,valid,source,1724,1724,0.0,59.02450752491463,True,valid,43.800612000462884,True,valid,,False,no_tower_section_at_tip_height
647,647,43.13333333333333,160.16666666666666,160.15416666666667,160.17916666666665,T1,10.997968666666672,True,valid,interpolated,1726,1727,0.6666666666659088,57.54217279484226,True,valid,46.92667707256477,True,valid,,False,no_tower_section_at_tip_height
648,648,43.2,160.23333333333335,160.22083333333336,160.24583333333334,T1,10.973991699999992,True,valid,interpolated,1729,1730,0.33333333333409126,55.726443152488415,True,valid,49.79153719537627,True,valid,,False,no_tower_section_at_tip_height
649,649,43.266666666666666,160.3,160.28750000000002,160.3125,T1,10.9443035,True,valid,source,1732,1732,0.0,53.585964572699226,True,valid,52.37004778114465,True,valid,,False,no_tower_section_at_tip_height
650,650,43.333333333333336,160.36666666666667,160.35416666666669,160.37916666666666,T1,10.915334099999995,True,valid,interpolated,1734,1735,0.6666666666670457,51.13305924557894,True,valid,54.6480682750895,True,valid,,False,no_tower_section_at_tip_height
651,651,43.4,160.43333333333334,160.42083333333335,160.44583333333333,T1,10.888042166666667,True,valid,interpolated,1737,1738,0.3333333333333333,48.39504849508098,True,valid,56.61573401308356,True,valid,,False,no_tower_section_at_tip_height
652,652,43.46666666666667,160.5,160.4875,160.5125,T1,10.8662758,True,valid,source,1740,1740,0.0,45.398216175142856,True,valid,58.258630127198025,True,valid,,False,no_tower_section_at_tip_height
653,653,43.53333333333333,160.56666666666666,160.55416666666667,160.57916666666665,T1,10.846121166666666,True,valid,interpolated,1742,1743,0.6666666666666666,42.16397005352371,True,valid,59.56356250176295,True,valid,,False,no_tower_section_at_tip_height
654,654,43.6,160.63333333333333,160.62083333333334,160.64583333333331,T1,10.827786433333335,True,valid,interpolated,1745,1746,0.3333333333329544,38.72304460974803,True,valid,60.523654001166506,True,valid,,False,no_tower_section_at_tip_height
655,655,43.666666666666664,160.7,160.6875,160.71249999999998,T1,10.8056288,True,valid,source,1748,1748,0.0,35.11355107695698,True,valid,61.13516282017936,True,valid,,False,no_tower_section_at_tip_height
656,656,43.733333333333334,160.76666666666665,160.75416666666666,160.77916666666664,T1,10.782631200000006,True,valid,interpolated,1750,1751,0.6666666666659088,31.359192303604335,True,valid,,False,no_tower_section_at_tip_height,,False,no_tower_section_at_tip_height
657,657,43.8,160.83333333333334,160.82083333333335,160.84583333333333,T1,10.758320533333325,True,valid,interpolated,1753,1754,0.33333333333409126,27.50191391613573,True,valid,,False,no_tower_section_at_tip_height,,False,no_tower_section_at_tip_height
658,658,43.86666666666667,160.9,160.88750000000002,160.9125,T1,10.7345562,True,valid,source,1756,1756,0.0,23.60928174511068,True,valid,,False,no_tower_section_at_tip_height,,False,no_tower_section_at_tip_height
659,659,43.93333333333333,160.96666666666667,160.95416666666668,160.97916666666666,T1,10.711548466666663,True,valid,interpolated,1758,1759,0.6666666666670457,19.779252353582287,True,valid,,False,no_tower_section_at_tip_height,,False,no_tower_section_at_tip_height
660,660,44.0,161.03333333333333,161.02083333333334,161.04583333333332,T1,10.690722500000001,True,valid,interpolated,1761,1762,0.3333333333329544,16.093346849262225,True,valid,,False,no_tower_section_at_tip_height,,False,no_tower_section_at_tip_height
661,661,44.06666666666667,161.1,161.0875,161.11249999999998,T1,10.6780043,True,valid,source,1764,1764,0.0,12.838489958147173,True,valid,,False,no_tower_section_at_tip_height,,False,no_tower_section_at_tip_height
662,662,44.13333333333333,161.16666666666666,161.15416666666667,161.17916666666665,T1,10.668960900000002,True,valid,interpolated,1766,1767,0.6666666666659088,10.366130310192334,True,valid,,False,no_tower_section_at_tip_height,,False,no_tower_section_at_tip_height
663,663,44.2,161.23333333333335,161.22083333333336,161.24583333333334,T1,10.663962366666665,True,valid,interpolated,1769,1770,0.33333333333409126,9.244436139809164,True,valid,,False,no_tower_section_at_tip_height,,False,no_tower_section_at_tip_height
664,664,44.266666666666666,161.3,161.28750000000002,161.3125,T1,10.6562681,True,valid,source,1772,1772,0.0,9.848825905532754,True,valid,,False,no_tower_section_at_tip_height,,False,no_tower_section_at_tip_height
665,665,44.333333333333336,161.36666666666667,161.35416666666669,161.37916666666666,T1,10.647818899999999,True,valid,interpolated,1774,1775,0.6666666666670457,11.945049235177999,True,valid,,False,no_tower_section_at_tip_height,,False,no_tower_section_at_tip_height
666,666,44.4,161.43333333333334,161.42083333333335,161.44583333333333,T1,10.634707133333334,True,valid,interpolated,1777,1778,0.3333333333333333,14.9762710791604,True,valid,,False,no_tower_section_at_tip_height,,False,no_tower_section_at_tip_height
667,667,44.46666666666667,161.5,161.4875,161.5125,T1,10.6195698,True,valid,source,1780,1780,0.0,18.516698565990577,True,valid,,False,no_tower_section_at_tip_height,,False,no_tower_section_at_tip_height
668,668,44.53333333333333,161.56666666666666,161.55416666666667,161.57916666666665,T1,10.609042466666669,True,valid,interpolated,1782,1783,0.6666666666666666,22.259666736937007,True,valid,,False,no_tower_section_at_tip_height,,False,no_tower_section_at_tip_height
669,669,44.6,161.63333333333333,161.62083333333334,161.64583333333331,T1,10.6016191,True,valid,interpolated,1785,1786,0.3333333333329544,26.09625557003366,True,valid,,False,no_tower_section_at_tip_height,,False,no_tower_section_at_tip_height
670,670,44.666666666666664,161.7,161.6875,161.71249999999998,T1,10.6033659,True,valid,source,1788,1788,0.0,29.91611599596835,True,valid,,False,no_tower_section_at_tip_height,,False,no_tower_section_at_tip_height
671,671,44.733333333333334,161.76666666666665,161.75416666666666,161.77916666666664,T1,10.6072168,True,valid,interpolated,1790,1791,0.6666666666659088,33.641084981880596,True,valid,,False,no_tower_section_at_tip_height,61.29393657609104,True,valid
672,672,44.8,161.83333333333334,161.82083333333335,161.84583333333333,T1,10.6057828,True,valid,interpolated,1793,1794,0.33333333333409126,37.20849519092133,True,valid,,False,no_tower_section_at_tip_height,60.812111540064244,True,valid
673,673,44.86666666666667,161.9,161.88750000000002,161.9125,T1,10.605464,True,valid,source,1796,1796,0.0,40.61408974461976,True,valid,,False,no_tower_section_at_tip_height,59.994179284420426,True,valid
674,674,44.93333333333333,161.96666666666667,161.95416666666668,161.97916666666666,T1,10.598792066666665,True,valid,interpolated,1798,1799,0.6666666666670457,43.83302009875968,True,valid,,False,no_tower_section_at_tip_height,58.846053329980684,True,valid
675,675,45.0,162.03333333333333,162.02083333333334,162.04583333333332,T1,10.5942809,True,valid,interpolated,1801,1802,0.3333333333329544,46.840310218657706,True,valid,,False,no_tower_section_at_tip_height,57.3801617702447,True,valid
676,676,45.06666666666667,162.1,162.0875,162.11249999999998,T1,10.5918083,True,valid,source,1804,1804,0.0,49.60814421390591,True,valid,,False,no_tower_section_at_tip_height,55.60987577256183,True,valid
677,677,45.13333333333333,162.16666666666666,162.15416666666667,162.17916666666665,T1,10.586331366666668,True,valid,interpolated,1806,1807,0.6666666666659088,52.117981194590556,True,valid,,False,no_tower_section_at_tip_height,53.53479893212591,True,valid
678,678,45.2,162.23333333333335,162.22083333333336,162.24583333333334,T1,10.5851078,True,valid,interpolated,1809,1810,0.33333333333409126,54.34857361043683,True,valid,,False,no_tower_section_at_tip_height,51.1760921421032,True,valid
679,679,45.266666666666666,162.3,162.28750000000002,162.3125,T1,10.5872841,True,valid,source,1812,1812,0.0,56.29073946621828,True,valid,,False,no_tower_section_at_tip_height,48.54633239741553,True,valid
680,680,45.333333333333336,162.36666666666667,162.35416666666669,162.37916666666666,T1,10.592574466666665,True,valid,interpolated,1814,1815,0.6666666666670457,57.9280705720871,True,valid,,False,no_tower_section_at_tip_height,45.6641994905957,True,valid
681,681,45.4,162.43333333333334,162.42083333333335,162.44583333333333,T1,10.5948712,True,valid,interpolated,1817,1818,0.3333333333333333,59.24950083218147,True,valid,,False,no_tower_section_at_tip_height,42.55323288222841,True,valid
682,682,45.46666666666667,162.5,162.4875,162.5125,T1,10.5986509,True,valid,source,1820,1820,0.0,60.24874575877533,True,valid,,False,no_tower_section_at_tip_height,39.235397396989654,True,valid
683,683,45.53333333333333,162.56666666666666,162.55416666666667,162.57916666666665,T1,10.595327966666668,True,valid,interpolated,1822,1823,0.6666666666666666,60.91952391163031,True,valid,,False,no_tower_section_at_tip_height,35.73237252912013,True,valid
684,684,45.6,162.63333333333333,162.62083333333334,162.64583333333331,T1,10.598415066666666,True,valid,interpolated,1825,1826,0.3333333333329544,,False,no_tower_section_at_tip_height,,False,no_tower_section_at_tip_height,32.065637991012416,True,valid
685,685,45.666666666666664,162.7,162.6875,162.71249999999998,T1,10.5976439,True,valid,source,1828,1828,0.0,,False,no_tower_section_at_tip_height,,False,no_tower_section_at_tip_height,28.251375710292642,True,valid
686,686,45.733333333333334,162.76666666666665,162.75416666666666,162.77916666666664,T1,10.603125566666664,True,valid,interpolated,1830,1831,0.6666666666659088,,False,no_tower_section_at_tip_height,,False,no_tower_section_at_tip_height,24.36260886390972,True,valid
687,687,45.8,162.83333333333334,162.82083333333335,162.84583333333333,T1,10.608276400000003,True,valid,interpolated,1833,1834,0.33333333333409126,,False,no_tower_section_at_tip_height,,False,no_tower_section_at_tip_height,20.488199167969444,True,valid
688,688,45.86666666666667,162.9,162.88750000000002,162.9125,T1,10.6209612,True,valid,source,1836,1836,0.0,,False,no_tower_section_at_tip_height,,False,no_tower_section_at_tip_height,16.727447860410123,True,valid
689,689,45.93333333333333,162.96666666666667,162.95416666666668,162.97916666666666,T1,10.630601600000002,True,valid,interpolated,1838,1839,0.6666666666670457,,False,no_tower_section_at_tip_height,,False,no_tower_section_at_tip_height,13.256151820985288,True,valid
690,690,46.0,163.03333333333333,163.02083333333334,163.04583333333332,T1,10.637328766666666,True,valid,interpolated,1841,1842,0.3333333333329544,,False,no_tower_section_at_tip_height,,False,no_tower_section_at_tip_height,10.419588084053258,True,valid
691,691,46.06666666666667,163.1,163.0875,163.11249999999998,T1,10.6461458,True,valid,source,1844,1844,0.0,,False,no_tower_section_at_tip_height,,False,no_tower_section_at_tip_height,8.764914196442739,True,valid
692,692,46.13333333333333,163.16666666666666,163.15416666666667,163.17916666666665,T1,10.657205299999998,True,valid,interpolated,1846,1847,0.6666666666659088,,False,no_tower_section_at_tip_height,,False,no_tower_section_at_tip_height,8.87733391235814,True,valid
693,693,46.2,163.23333333333335,163.22083333333336,163.24583333333334,T1,10.668580700000001,True,valid,interpolated,1849,1850,0.33333333333409126,,False,no_tower_section_at_tip_height,,False,no_tower_section_at_tip_height,10.690346412383052,True,valid
694,694,46.266666666666666,163.3,163.28750000000002,163.3125,T1,10.6743698,True,valid,source,1852,1852,0.0,,False,no_tower_section_at_tip_height,,False,no_tower_section_at_tip_height,13.640052563577726,True,valid
695,695,46.333333333333336,163.36666666666667,163.35416666666669,163.37916666666666,T1,10.683387100000001,True,valid,interpolated,1854,1855,0.6666666666670457,,False,no_tower_section_at_tip_height,,False,no_tower_section_at_tip_height,17.18088236732701,True,valid
696,696,46.4,163.43333333333334,163.42083333333335,163.44583333333333,T1,10.690389966666668,True,valid,interpolated,1857,1858,0.3333333333333333,,False,no_tower_section_at_tip_height,,False,no_tower_section_at_tip_height,20.977629523151084,True,valid
697,697,46.46666666666667,163.5,163.4875,163.5125,T1,10.7013931,True,valid,source,1860,1860,0.0,,False,no_tower_section_at_tip_height,,False,no_tower_section_at_tip_height,24.867372815342154,True,valid
698,698,46.53333333333333,163.56666666666666,163.55416666666667,163.57916666666665,T1,10.7075882,True,valid,interpolated,1862,1863,0.6666666666666666,,False,no_tower_section_at_tip_height,,False,no_tower_section_at_tip_height,28.754819152916095,True,valid
699,699,46.6,163.63333333333333,163.62083333333334,163.64583333333331,T1,10.714492799999999,True,valid,interpolated,1865,1866,0.3333333333329544,,False,no_tower_section_at_tip_height,61.301801859287224,True,valid,32.56250018547463,True,valid
700,700,46.666666666666664,163.7,163.6875,163.71249999999998,T1,10.715909,True,valid,source,1868,1868,0.0,,False,no_tower_section_at_tip_height,60.88967881355691,True,valid,36.230800972170655,True,valid
701,701,46.733333333333334,163.76666666666665,163.75416666666666,163.77916666666664,T1,10.715357133333333,True,valid,interpolated,1870,1871,0.6666666666659088,,False,no_tower_section_at_tip_height,60.13876081580497,True,valid,39.753629443191855,True,valid
702,702,46.8,163.83333333333334,163.82083333333335,163.84583333333333,T1,10.717332833333334,True,valid,interpolated,1873,1874,0.33333333333409126,,False,no_tower_section_at_tip_height,59.053565828312045,True,valid,43.088522507465825,True,valid
703,703,46.86666666666667,163.9,163.88750000000002,163.9125,T1,10.7163372,True,valid,source,1876,1876,0.0,,False,no_tower_section_at_tip_height,57.63714878207396,True,valid,46.19496750067655,True,valid
704,704,46.93333333333333,163.96666666666667,163.95416666666668,163.97916666666666,T1,10.719026866666667,True,valid,interpolated,1878,1879,0.6666666666670457,,False,no_tower_section_at_tip_height,55.899394414145874,True,valid,49.05125387665854,True,valid
705,705,47.0,164.03333333333333,164.02083333333334,164.04583333333332,T1,10.7147379,True,valid,interpolated,1881,1882,0.3333333333329544,,False,no_tower_section_at_tip_height,53.85640213817135,True,valid,51.64561450296855,True,valid
706,706,47.06666666666667,164.1,164.0875,164.11249999999998,T1,10.7076254,True,valid,source,1884,1884,0.0,,False,no_tower_section_at_tip_height,51.52274622675833,True,valid,53.958161433184245,True,valid
707,707,47.13333333333333,164.16666666666666,164.15416666666667,164.17916666666665,T1,10.704577766666667,True,valid,interpolated,1886,1887,0.6666666666659088,,False,no_tower_section_at_tip_height,48.9133650814833,True,valid,55.96990324931074,True,valid
708,708,47.2,164.23333333333335,164.22083333333336,164.24583333333334,T1,10.704016966666666,True,valid,interpolated,1889,1890,0.33333333333409126,,False,no_tower_section_at_tip_height,46.04663546536955,True,valid,57.66997227080119,True,valid
709,709,47.266666666666666,164.3,164.28750000000002,164.3125,T1,10.702487,True,valid,source,1892,1892,0.0,,False,no_tower_section_at_tip_height,42.94093244456386,True,valid,59.050426102788535,True,valid
710,710,47.333333333333336,164.36666666666667,164.35416666666669,164.37916666666666,T1,10.696068133333334,True,valid,interpolated,1894,1895,0.6666666666670457,,False,no_tower_section_at_tip_height,39.61067768575056,True,valid,60.10166355656339,True,valid
711,711,47.4,164.43333333333334,164.42083333333335,164.44583333333333,T1,10.692553233333333,True,valid,interpolated,1897,1898,0.3333333333333333,,False,no_tower_section_at_tip_height,36.07402720651242,True,valid,60.81345622262793,True,valid
712,712,47.46666666666667,164.5,164.4875,164.5125,T1,10.693614,True,valid,source,1900,1900,0.0,,False,no_tower_section_at_tip_height,32.35873915147707,True,valid,,False,no_tower_section_at_tip_height
713,713,47.53333333333333,164.56666666666666,164.55416666666667,164.57916666666665,T1,10.7019005,True,valid,interpolated,1902,1903,0.6666666666666666,,False,no_tower_section_at_tip_height,28.492713504078907,True,valid,,False,no_tower_section_at_tip_height
714,714,47.6,164.63333333333333,164.62083333333334,164.64583333333331,T1,10.706544566666667,True,valid,interpolated,1905,1906,0.3333333333329544,,False,no_tower_section_at_tip_height,24.520924609371388,True,valid,,False,no_tower_section_at_tip_height
715,715,47.666666666666664,164.7,164.6875,164.71249999999998,T1,10.7103605,True,valid,source,1908,1908,0.0,,False,no_tower_section_at_tip_height,20.530424386480583,True,valid,,False,no_tower_section_at_tip_height
716,716,47.733333333333334,164.76666666666665,164.75416666666666,164.77916666666664,T1,10.720426566666664,True,valid,interpolated,1910,1911,0.6666666666659088,,False,no_tower_section_at_tip_height,16.642703208703338,True,valid,,False,no_tower_section_at_tip_height
717,717,47.8,164.83333333333334,164.82083333333335,164.84583333333333,T1,10.73363936666667,True,valid,interpolated,1913,1914,0.33333333333409126,,False,no_tower_section_at_tip_height,12.986388134456144,True,valid,,False,no_tower_section_at_tip_height
718,718,47.86666666666667,164.9,164.88750000000002,164.9125,T1,10.7509155,True,valid,source,1916,1916,0.0,,False,no_tower_section_at_tip_height,9.954307143460374,True,valid,,False,no_tower_section_at_tip_height
719,719,47.93333333333333,164.96666666666667,164.95416666666668,164.97916666666666,T1,10.767709100000001,True,valid,interpolated,1918,1919,0.6666666666670457,,False,no_tower_section_at_tip_height,8.142935451605004,True,valid,,False,no_tower_section_at_tip_height
720,720,48.0,165.03333333333333,165.02083333333334,165.04583333333332,T1,10.783191999999998,True,valid,interpolated,1921,1922,0.3333333333329544,,False,no_tower_section_at_tip_height,8.200341142915873,True,valid,,False,no_tower_section_at_tip_height
721,721,48.06666666666667,165.1,165.0875,165.11249999999998,T1,10.7988386,True,valid,source,1924,1924,0.0,,False,no_tower_section_at_tip_height,10.108370068875008,True,valid,,False,no_tower_section_at_tip_height
722,722,48.13333333333333,165.16666666666666,165.15416666666667,165.17916666666665,T1,10.822140399999995,True,valid,interpolated,1926,1927,0.6666666666659088,,False,no_tower_section_at_tip_height,13.218168706687191,True,valid,,False,no_tower_section_at_tip_height
723,723,48.2,165.23333333333335,165.22083333333336,165.24583333333334,T1,10.839707366666671,True,valid,interpolated,1929,1930,0.33333333333409126,,False,no_tower_section_at_tip_height,16.934503541216184,True,valid,,False,no_tower_section_at_tip_height
724,724,48.266666666666666,165.3,165.28750000000002,165.3125,T1,10.8572187,True,valid,source,1932,1932,0.0,,False,no_tower_section_at_tip_height,20.863505262038156,True,valid,,False,no_tower_section_at_tip_height
725,725,48.333333333333336,165.36666666666667,165.35416666666669,165.37916666666666,T1,10.878328033333338,True,valid,interpolated,1934,1935,0.6666666666670457,,False,no_tower_section_at_tip_height,24.884092153217196,True,valid,,False,no_tower_section_at_tip_height
726,726,48.4,165.43333333333334,165.42083333333335,165.44583333333333,T1,10.8999427,True,valid,interpolated,1937,1938,0.3333333333333333,,False,no_tower_section_at_tip_height,28.876967939271218,True,valid,,False,no_tower_section_at_tip_height
727,727,48.46666666666667,165.5,165.4875,165.5125,T1,10.9172459,True,valid,source,1940,1940,0.0,61.23098822526636,True,valid,32.77075713476106,True,valid,,False,no_tower_section_at_tip_height
728,728,48.53333333333333,165.56666666666666,165.55416666666667,165.57916666666665,T1,10.931795433333333,True,valid,interpolated,1942,1943,0.6666666666666666,60.771787449880904,True,valid,36.531059364737395,True,valid,,False,no_tower_section_at_tip_height
729,729,48.6,165.63333333333333,165.62083333333334,165.64583333333331,T1,10.941728599999998,True,valid,interpolated,1945,1946,0.3333333333329544,59.940841154893675,True,valid,40.12011937716418,True,valid,,False,no_tower_section_at_tip_height
730,730,48.666666666666664,165.7,165.6875,165.71249999999998,T1,10.9620485,True,valid,source,1948,1948,0.0,58.75008862884655,True,valid,43.49788342926964,True,valid,,False,no_tower_section_at_tip_height
731,731,48.733333333333334,165.76666666666665,165.75416666666666,165.77916666666664,T1,10.976568833333328,True,valid,interpolated,1950,1951,0.6666666666659088,57.21934650563822,True,valid,46.63423240252422,True,valid,,False,no_tower_section_at_tip_height
732,732,48.8,165.83333333333334,165.82083333333335,165.84583333333333,T1,10.993309366666669,True,valid,interpolated,1953,1954,0.33333333333409126,55.349168092903284,True,valid,49.51020585207517,True,valid,,False,no_tower_section_at_tip_height
733,733,48.86666666666667,165.9,165.88750000000002,165.9125,T1,10.9996586,True,valid,source,1956,1956,0.0,53.14876723241741,True,valid,52.10466156494087,True,valid,,False,no_tower_section_at_tip_height
734,734,48.93333333333333,165.96666666666667,165.95416666666668,165.97916666666666,T1,11.008891733333336,True,valid,interpolated,1958,1959,0.6666666666670457,50.62757163014693,True,valid,54.405829501515434,True,valid,,False,no_tower_section_at_tip_height
735,735,49.0,166.03333333333333,166.02083333333334,166.04583333333332,T1,11.01895043333333,True,valid,interpolated,1961,1962,0.3333333333329544,47.80396984778711,True,valid,56.393657886541796,True,valid,,False,no_tower_section_at_tip_height
736,736,49.06666666666667,166.1,166.0875,166.11249999999998,T1,11.0317688,True,valid,source,1964,1964,0.0,44.706508954452005,True,valid,58.050329835514916,True,valid,,False,no_tower_section_at_tip_height
737,737,49.13333333333333,166.16666666666666,166.15416666666667,166.17916666666665,T1,11.042960166666665,True,valid,interpolated,1966,1967,0.6666666666659088,41.36425049244516,True,valid,59.35947751139216,True,valid,,False,no_tower_section_at_tip_height
738,738,49.2,166.23333333333335,166.22083333333336,166.24583333333334,T1,11.051762600000004,True,valid,interpolated,1969,1970,0.33333333333409126,37.80003738040416,True,valid,60.3155056474735,True,valid,,False,no_tower_section_at_tip_height
739,739,49.266666666666666,166.3,166.28750000000002,166.3125,T1,11.0697107,True,valid,source,1972,1972,0.0,34.039101633560726,True,valid,60.911790427532786,True,valid,,False,no_tower_section_at_tip_height
740,740,49.333333333333336,166.36666666666667,166.35416666666669,166.37916666666666,T1,11.082305566666669,True,valid,interpolated,1974,1975,0.6666666666670457,30.10241597521279,True,valid,,False,no_tower_section_at_tip_height,,False,no_tower_section_at_tip_height
741,741,49.4,166.43333333333334,166.42083333333335,166.44583333333333,T1,11.1000703,True,valid,interpolated,1977,1978,0.3333333333333333,26.02272088669097,True,valid,,False,no_tower_section_at_tip_height,,False,no_tower_section_at_tip_height
742,742,49.46666666666667,166.5,166.4875,166.5125,T1,11.1133404,True,valid,source,1980,1980,0.0,21.85500794553216,True,valid,,False,no_tower_section_at_tip_height,,False,no_tower_section_at_tip_height
743,743,49.53333333333333,166.56666666666666,166.55416666666667,166.57916666666665,T1,11.135767633333334,True,valid,interpolated,1982,1983,0.6666666666666666,17.747043603327207,True,valid,,False,no_tower_section_at_tip_height,,False,no_tower_section_at_tip_height
744,744,49.6,166.63333333333333,166.62083333333334,166.64583333333331,T1,11.16075453333333,True,valid,interpolated,1985,1986,0.3333333333329544,13.845623745951634,True,valid,,False,no_tower_section_at_tip_height,,False,no_tower_section_at_tip_height
745,745,49.666666666666664,166.7,166.6875,166.71249999999998,T1,11.182539,True,valid,source,1988,1988,0.0,10.456860164247173,True,valid,,False,no_tower_section_at_tip_height,,False,no_tower_section_at_tip_height
746,746,49.733333333333334,166.76666666666665,166.75416666666666,166.77916666666664,T1,11.20931466666666,True,valid,interpolated,1990,1991,0.6666666666659088,8.160056676085368,True,valid,,False,no_tower_section_at_tip_height,,False,no_tower_section_at_tip_height
747,747,49.8,166.83333333333334,166.82083333333335,166.84583333333333,T1,11.236493133333342,True,valid,interpolated,1993,1994,0.33333333333409126,7.777238941229397,True,valid,,False,no_tower_section_at_tip_height,,False,no_tower_section_at_tip_height
748,748,49.86666666666667,166.9,166.88750000000002,166.9125,T1,11.2704029,True,valid,source,1996,1996,0.0,9.522818922123799,True,valid,,False,no_tower_section_at_tip_height,,False,no_tower_section_at_tip_height
749,749,49.93333333333333,166.96666666666667,166.95416666666668,166.97916666666666,T1,11.299107233333336,True,valid,interpolated,1998,1999,0.6666666666670457,12.659244903100218,True,valid,,False,no_tower_section_at_tip_height,,False,no_tower_section_at_tip_height
750,750,50.0,167.03333333333333,167.02083333333334,167.04583333333332,T1,11.323313699999996,True,valid,interpolated,2001,2002,0.3333333333329544,16.50026189629873,True,valid,,False,no_tower_section_at_tip_height,,False,no_tower_section_at_tip_height
751,751,50.06666666666667,167.1,167.0875,167.11249999999998,T1,11.3440542,True,valid,source,2004,2004,0.0,20.61333855887931,True,valid,,False,no_tower_section_at_tip_height,,False,no_tower_section_at_tip_height
752,752,50.13333333333333,167.16666666666666,167.15416666666667,167.17916666666665,T1,11.36677426666666,True,valid,interpolated,2006,2007,0.6666666666659088,24.828225556651123,True,valid,,False,no_tower_section_at_tip_height,,False,no_tower_section_at_tip_height
753,753,50.2,167.23333333333335,167.22083333333336,167.24583333333334,T1,11.389928166666673,True,valid,interpolated,2009,2010,0.33333333333409126,29.02630696077364,True,valid,,False,no_tower_section_at_tip_height,,False,no_tower_section_at_tip_height
754,754,50.266666666666666,167.3,167.28750000000002,167.3125,T1,11.4123974,True,valid,source,2012,2012,0.0,33.11812323345812,True,valid,,False,no_tower_section_at_tip_height,61.15555383762573,True,valid
755,755,50.333333333333336,167.36666666666667,167.35416666666669,167.37916666666666,T1,11.427784900000002,True,valid,interpolated,2014,2015,0.6666666666670457,37.03678883577448,True,valid,,False,no_tower_section_at_tip_height,60.65068403426292,True,valid
756,756,50.4,167.43333333333334,167.42083333333335,167.44583333333333,T1,11.434159933333333,True,valid,interpolated,2017,2018,0.3333333333333333,40.765962700736395,True,valid,,False,no_tower_section_at_tip_height,59.753353250999325,True,valid
757,757,50.46666666666667,167.5,167.4875,167.5125,T1,11.4428482,True,valid,source,2020,2020,0.0,44.26437957744261,True,valid,,False,no_tower_section_at_tip_height,58.476517567755614,True,valid
758,758,50.53333333333333,167.56666666666666,167.55416666666667,167.57916666666665,T1,11.451265966666666,True,valid,interpolated,2022,2023,0.6666666666666666,47.49522152146939,True,valid,,False,no_tower_section_at_tip_height,56.83377037820124,True,valid
759,759,50.6,167.63333333333333,167.62083333333334,167.64583333333331,T1,11.453465133333333,True,valid,interpolated,2025,2026,0.3333333333329544,50.43253862708665,True,valid,,False,no_tower_section_at_tip_height,54.837832631203106,True,valid
760,760,50.666666666666664,167.7,167.6875,167.71249999999998,T1,11.450181,True,valid,source,2028,2028,0.0,53.05817897139779,True,valid,,False,no_tower_section_at_tip_height,52.50811075387792,True,valid
761,761,50.733333333333334,167.76666666666665,167.75416666666666,167.77916666666664,T1,11.443030333333336,True,valid,interpolated,2030,2031,0.6666666666659088,55.35361213727027,True,valid,,False,no_tower_section_at_tip_height,49.86171281559952,True,valid
762,762,50.8,167.83333333333334,167.82083333333335,167.84583333333333,T1,11.433556866666667,True,valid,interpolated,2033,2034,0.33333333333409126,57.296120304674005,True,valid,,False,no_tower_section_at_tip_height,46.916684887965786,True,valid
763,763,50.86666666666667,167.9,167.88750000000002,167.9125,T1,11.4278946,True,valid,source,2036,2036,0.0,58.870431945459366,True,valid,,False,no_tower_section_at_tip_height,43.702479178857125,True,valid
764,764,50.93333333333333,167.96666666666667,167.95416666666668,167.97916666666666,T1,11.41571013333333,True,valid,interpolated,2038,2039,0.6666666666670457,60.06423814102384,True,valid,,False,no_tower_section_at_tip_height,40.25170032243073,True,valid
765,765,51.0,168.03333333333333,168.02083333333334,168.04583333333332,T1,11.410214466666666,True,valid,interpolated,2041,2042,0.3333333333329544,60.87042891630574,True,valid,,False,no_tower_section_at_tip_height,36.59742293629686,True,valid
766,766,51.06666666666667,168.1,168.0875,168.11249999999998,T1,11.4001122,True,valid,source,2044,2044,0.0,61.28482219899247,True,valid,,False,no_tower_section_at_tip_height,32.774010284764884,True,valid
767,767,51.13333333333333,168.16666666666666,168.15416666666667,168.17916666666665,T1,11.386223466666669,True,valid,interpolated,2046,2047,0.6666666666659088,,False,no_tower_section_at_tip_height,,False,no_tower_section_at_tip_height,28.783808968018064,True,valid
768,768,51.2,168.23333333333335,168.22083333333336,168.24583333333334,T1,11.373984666666662,True,valid,interpolated,2049,2050,0.33333333333409126,,False,no_tower_section_at_tip_height,,False,no_tower_section_at_tip_height,24.751730402351306,True,valid
769,769,51.266666666666666,168.3,168.28750000000002,168.3125,T1,11.3646698,True,valid,source,2052,2052,0.0,,False,no_tower_section_at_tip_height,,False,no_tower_section_at_tip_height,20.76860572645346,True,valid
770,770,51.333333333333336,168.36666666666667,168.35416666666669,168.37916666666666,T1,11.356985733333332,True,valid,interpolated,2054,2055,0.6666666666670457,,False,no_tower_section_at_tip_height,,False,no_tower_section_at_tip_height,16.918003126024793,True,valid
771,771,51.4,168.43333333333334,168.42083333333335,168.44583333333333,T1,11.346039166666667,True,valid,interpolated,2057,2058,0.3333333333333333,,False,no_tower_section_at_tip_height,,False,no_tower_section_at_tip_height,13.51501600210252,True,valid
772,772,51.46666666666667,168.5,168.4875,168.5125,T1,11.3414955,True,valid,source,2060,2060,0.0,,False,no_tower_section_at_tip_height,,False,no_tower_section_at_tip_height,10.958118894301009,True,valid
773,773,51.53333333333333,168.56666666666666,168.55416666666667,168.57916666666665,T1,11.3330075,True,valid,interpolated,2062,2063,0.6666666666666666,,False,no_tower_section_at_tip_height,,False,no_tower_section_at_tip_height,9.83866536332756,True,valid
774,774,51.6,168.63333333333333,168.62083333333334,168.64583333333331,T1,11.3308417,True,valid,interpolated,2065,2066,0.3333333333329544,,False,no_tower_section_at_tip_height,,False,no_tower_section_at_tip_height,10.556011363716898,True,valid
775,775,51.666666666666664,168.7,168.6875,168.71249999999998,T1,11.3214378,True,valid,source,2068,2068,0.0,,False,no_tower_section_at_tip_height,,False,no_tower_section_at_tip_height,12.860036878588117,True,valid
776,776,51.733333333333334,168.76666666666665,168.75416666666666,168.77916666666664,T1,11.314859066666669,True,valid,interpolated,2070,2071,0.6666666666659088,,False,no_tower_section_at_tip_height,,False,no_tower_section_at_tip_height,16.14029092184258,True,valid
777,777,51.8,168.83333333333334,168.82083333333335,168.84583333333333,T1,11.305297866666663,True,valid,interpolated,2073,2074,0.33333333333409126,,False,no_tower_section_at_tip_height,,False,no_tower_section_at_tip_height,19.93445848049587,True,valid
778,778,51.86666666666667,168.9,168.88750000000002,168.9125,T1,11.2978497,True,valid,source,2076,2076,0.0,,False,no_tower_section_at_tip_height,,False,no_tower_section_at_tip_height,23.92546133539903,True,valid
779,779,51.93333333333333,168.96666666666667,168.95416666666668,168.97916666666666,T1,11.284612366666664,True,valid,interpolated,2078,2079,0.6666666666670457,,False,no_tower_section_at_tip_height,,False,no_tower_section_at_tip_height,27.982417775640293,True,valid
780,780,52.0,169.03333333333333,169.02083333333334,169.04583333333332,T1,11.274128566666667,True,valid,interpolated,2081,2082,0.3333333333329544,,False,no_tower_section_at_tip_height,,False,no_tower_section_at_tip_height,31.985938163360654,True,valid
781,781,52.06666666666667,169.1,169.0875,169.11249999999998,T1,11.2600508,True,valid,source,2084,2084,0.0,,False,no_tower_section_at_tip_height,61.10716881532601,True,valid,35.8582405325956,True,valid
782,782,52.13333333333333,169.16666666666666,169.15416666666667,169.17916666666665,T1,11.244342833333338,True,valid,interpolated,2086,2087,0.6666666666659088,,False,no_tower_section_at_tip_height,60.38887251091913,True,valid,39.54865852673859,True,valid
783,783,52.2,169.23333333333335,169.22083333333336,169.24583333333334,T1,11.225051866666659,True,valid,interpolated,2089,2090,0.33333333333409126,,False,no_tower_section_at_tip_height,59.30238503569947,True,valid,43.03545601053323,True,valid
784,784,52.266666666666666,169.3,169.28750000000002,169.3125,T1,11.1995258,True,valid,source,2092,2092,0.0,,False,no_tower_section_at_tip_height,57.857085083611736,True,valid,46.27914518998234,True,valid
785,785,52.333333333333336,169.36666666666667,169.35416666666669,169.37916666666666,T1,11.179398499999996,True,valid,interpolated,2094,2095,0.6666666666670457,,False,no_tower_section_at_tip_height,56.05927586317238,True,valid,49.2538572451694,True,valid
786,786,52.4,169.43333333333334,169.42083333333335,169.44583333333333,T1,11.152183866666668,True,valid,interpolated,2097,2098,0.3333333333333333,,False,no_tower_section_at_tip_height,53.93101326758097,True,valid,51.94373918341705,True,valid
787,787,52.46666666666667,169.5,169.4875,169.5125,T1,11.1275759,True,valid,source,2100,2100,0.0,,False,no_tower_section_at_tip_height,51.4996297298122,True,valid,54.32951605698102,True,valid
788,788,52.53333333333333,169.56666666666666,169.55416666666667,169.57916666666665,T1,11.099838233333333,True,valid,interpolated,2102,2103,0.6666666666666666,,False,no_tower_section_at_tip_height,48.78235554679651,True,valid,56.387098474089306,True,valid
789,789,52.6,169.63333333333333,169.62083333333334,169.64583333333331,T1,11.075512233333335,True,valid,interpolated,2105,2106,0.3333333333329544,,False,no_tower_section_at_tip_height,45.79786644138131,True,valid,58.09962385520165,True,valid
790,790,52.666666666666664,169.7,169.6875,169.71249999999998,T1,11.047471,True,valid,source,2108,2108,0.0,,False,no_tower_section_at_tip_height,42.5728988734967,True,valid,59.45824237364661,True,valid
791,791,52.733333333333334,169.76666666666665,169.75416666666666,169.77916666666664,T1,11.019252166666673,True,valid,interpolated,2110,2111,0.6666666666659088,,False,no_tower_section_at_tip_height,39.12628637321305,True,valid,60.45688735974952,True,valid
792,792,52.8,169.83333333333334,169.82083333333335,169.84583333333333,T1,10.99000929999999,True,valid,interpolated,2113,2114,0.33333333333409126,,False,no_tower_section_at_tip_height,35.47864581444101,True,valid,61.09319429559627,True,valid
793,793,52.86666666666667,169.9,169.88750000000002,169.9125,T1,10.9620657,True,valid,source,2116,2116,0.0,,False,no_tower_section_at_tip_height,31.674092115084466,True,valid,,False,no_tower_section_at_tip_height
794,794,52.93333333333333,169.96666666666667,169.95416666666668,169.97916666666666,T1,10.941134166666664,True,valid,interpolated,2118,2119,0.6666666666670457,,False,no_tower_section_at_tip_height,27.769959932908876,True,valid,,False,no_tower_section_at_tip_height
795,795,53.0,170.03333333333333,170.02083333333334,170.04583333333332,T1,10.915049566666669,True,valid,interpolated,2121,2122,0.3333333333329544,,False,no_tower_section_at_tip_height,23.85845143706103,True,valid,,False,no_tower_section_at_tip_height
796,796,53.06666666666667,170.1,170.0875,170.11249999999998,T1,10.8949261,True,valid,source,2124,2124,0.0,,False,no_tower_section_at_tip_height,20.038606274187444,True,valid,,False,no_tower_section_at_tip_height
797,797,53.13333333333333,170.16666666666666,170.15416666666667,170.17916666666665,T1,10.87779933333334,True,valid,interpolated,2126,2127,0.6666666666659088,,False,no_tower_section_at_tip_height,16.39556797040625,True,valid,,False,no_tower_section_at_tip_height
798,798,53.2,170.23333333333335,170.22083333333336,170.24583333333334,T1,10.864122066666663,True,valid,interpolated,2129,2130,0.33333333333409126,,False,no_tower_section_at_tip_height,13.226333816990387,True,valid,,False,no_tower_section_at_tip_height
799,799,53.266666666666666,170.3,170.28750000000002,170.3125,T1,10.8531942,True,valid,source,2132,2132,0.0,,False,no_tower_section_at_tip_height,10.88308008292406,True,valid,,False,no_tower_section_at_tip_height
800,800,53.333333333333336,170.36666666666667,170.35416666666669,170.37916666666666,T1,10.838193266666664,True,valid,interpolated,2134,2135,0.6666666666670457,,False,no_tower_section_at_tip_height,9.88495336871612,True,valid,,False,no_tower_section_at_tip_height
801,801,53.4,170.43333333333334,170.42083333333335,170.44583333333333,T1,10.8228391,True,valid,interpolated,2137,2138,0.3333333333333333,,False,no_tower_section_at_tip_height,10.541043705898321,True,valid,,False,no_tower_section_at_tip_height
802,802,53.46666666666667,170.5,170.4875,170.5125,T1,10.8124819,True,valid,source,2140,2140,0.0,,False,no_tower_section_at_tip_height,12.6274900954181,True,valid,,False,no_tower_section_at_tip_height
803,803,53.53333333333333,170.56666666666666,170.55416666666667,170.57916666666665,T1,10.801427533333335,True,valid,interpolated,2142,2143,0.6666666666666666,,False,no_tower_section_at_tip_height,15.65484150899041,True,valid,,False,no_tower_section_at_tip_height
804,804,53.6,170.63333333333333,170.62083333333334,170.64583333333331,T1,10.790198966666667,True,valid,interpolated,2145,2146,0.3333333333329544,,False,no_tower_section_at_tip_height,19.197820215328477,True,valid,,False,no_tower_section_at_tip_height
805,805,53.666666666666664,170.7,170.6875,170.71249999999998,T1,10.7794847,True,valid,source,2148,2148,0.0,,False,no_tower_section_at_tip_height,22.981899305803687,True,valid,,False,no_tower_section_at_tip_height
806,806,53.733333333333334,170.76666666666665,170.75416666666666,170.77916666666664,T1,10.772017466666668,True,valid,interpolated,2150,2151,0.6666666666659088,,False,no_tower_section_at_tip_height,26.842455208394433,True,valid,,False,no_tower_section_at_tip_height
807,807,53.8,170.83333333333334,170.82083333333335,170.84583333333333,T1,10.769658133333333,True,valid,interpolated,2153,2154,0.33333333333409126,,False,no_tower_section_at_tip_height,30.680281945576358,True,valid,,False,no_tower_section_at_tip_height
808,808,53.86666666666667,170.9,170.88750000000002,170.9125,T1,10.7657852,True,valid,source,2156,2156,0.0,61.16844774686525,True,valid,34.427638772277646,True,valid,,False,no_tower_section_at_tip_height
809,809,53.93333333333333,170.96666666666667,170.95416666666668,170.97916666666666,T1,10.752044399999999,True,valid,interpolated,2158,2159,0.6666666666670457,60.5991054985029,True,valid,38.02749000457705,True,valid,,False,no_tower_section_at_tip_height
810,810,54.0,171.03333333333333,171.02083333333334,171.04583333333332,T1,10.745228466666665,True,valid,interpolated,2161,2162,0.3333333333329544,59.688869659990125,True,valid,41.44320634164665,True,valid,,False,no_tower_section_at_tip_height
811,811,54.06666666666667,171.1,171.0875,171.11249999999998,T1,10.740222,True,valid,source,2164,2164,0.0,58.44571623638933,True,valid,44.65302368797797,True,valid,,False,no_tower_section_at_tip_height
812,812,54.13333333333333,171.16666666666666,171.15416666666667,171.17916666666665,T1,10.729506166666669,True,valid,interpolated,2166,2167,0.6666666666659088,56.87846091128312,True,valid,47.637238590401694,True,valid,,False,no_tower_section_at_tip_height
813,813,54.2,171.23333333333335,171.22083333333336,171.24583333333334,T1,10.720362033333329,True,valid,interpolated,2169,2170,0.33333333333409126,55.01709310487648,True,valid,50.36517780634113,True,valid,,False,no_tower_section_at_tip_height
814,814,54.266666666666666,171.3,171.28750000000002,171.3125,T1,10.7080183,True,valid,source,2172,2172,0.0,52.86305149479257,True,valid,52.81726916322647,True,valid,,False,no_tower_section_at_tip_height
815,815,54.333333333333336,171.36666666666667,171.35416666666669,171.37916666666666,T1,10.699580833333332,True,valid,interpolated,2174,2175,0.6666666666670457,50.42981232158997,True,valid,54.977569885580124,True,valid,,False,no_tower_section_at_tip_height
816,816,54.4,171.43333333333334,171.42083333333335,171.44583333333333,T1,10.693183600000001,True,valid,interpolated,2177,2178,0.3333333333333333,47.726686247572765,True,valid,56.83876856807723,True,valid,,False,no_tower_section_at_tip_height
817,817,54.46666666666667,171.5,171.4875,171.5125,T1,10.6930046,True,valid,source,2180,2180,0.0,44.763050292479726,True,valid,58.39056051698837,True,valid,,False,no_tower_section_at_tip_height
818,818,54.53333333333333,171.56666666666666,171.55416666666667,171.57916666666665,T1,10.683411933333334,True,valid,interpolated,2182,2183,0.6666666666666666,41.55670959472151,True,valid,59.61843315305629,True,valid,,False,no_tower_section_at_tip_height
819,819,54.6,171.63333333333333,171.62083333333334,171.64583333333331,T1,10.6817509,True,valid,interpolated,2185,2186,0.3333333333329544,38.12786507075743,True,valid,60.51182423242415,True,valid,,False,no_tower_section_at_tip_height
820,820,54.666666666666664,171.7,171.6875,171.71249999999998,T1,10.6780996,True,valid,source,2188,2188,0.0,34.51450920017994,True,valid,61.06238880067315,True,valid,,False,no_tower_section_at_tip_height
821,821,54.733333333333334,171.76666666666665,171.75416666666666,171.77916666666664,T1,10.681742666666665,True,valid,interpolated,2190,2191,0.6666666666659088,30.768819267395283,True,valid,,False,no_tower_section_at_tip_height,,False,no_tower_section_at_tip_height
822,822,54.8,171.83333333333334,171.82083333333335,171.84583333333333,T1,10.683158599999999,True,valid,interpolated,2193,2194,0.33333333333409126,26.916995068423734,True,valid,,False,no_tower_section_at_tip_height,,False,no_tower_section_at_tip_height
823,823,54.86666666666667,171.9,171.88750000000002,171.9125,T1,10.6868153,True,valid,source,2196,2196,0.0,23.02315030187748,True,valid,,False,no_tower_section_at_tip_height,,False,no_tower_section_at_tip_height
824,824,54.93333333333333,171.96666666666667,171.95416666666668,171.97916666666666,T1,10.691349333333333,True,valid,interpolated,2198,2199,0.6666666666670457,19.19142802326635,True,valid,,False,no_tower_section_at_tip_height,,False,no_tower_section_at_tip_height
825,825,55.0,172.03333333333333,172.02083333333334,172.04583333333332,T1,10.696380333333332,True,valid,interpolated,2201,2202,0.3333333333329544,15.531510318905452,True,valid,,False,no_tower_section_at_tip_height,,False,no_tower_section_at_tip_height
826,826,55.06666666666667,172.1,172.0875,172.11249999999998,T1,10.7044096,True,valid,source,2204,2204,0.0,12.323374036284177,True,valid,,False,no_tower_section_at_tip_height,,False,no_tower_section_at_tip_height
827,827,55.13333333333333,172.16666666666666,172.15416666666667,172.17916666666665,T1,10.710528699999998,True,valid,interpolated,2206,2207,0.6666666666659088,9.943026235248297,True,valid,,False,no_tower_section_at_tip_height,,False,no_tower_section_at_tip_height
828,828,55.2,172.23333333333335,172.22083333333336,172.24583333333334,T1,10.719337466666667,True,valid,interpolated,2209,2210,0.33333333333409126,8.991612776501684,True,valid,,False,no_tower_section_at_tip_height,,False,no_tower_section_at_tip_height
829,829,55.266666666666666,172.3,172.28750000000002,172.3125,T1,10.7229452,True,valid,source,2212,2212,0.0,9.784993404535197,True,valid,,False,no_tower_section_at_tip_height,,False,no_tower_section_at_tip_height
830,830,55.333333333333336,172.36666666666667,172.35416666666669,172.37916666666666,T1,10.7278856,True,valid,interpolated,2214,2215,0.6666666666670457,12.052633726838579,True,valid,,False,no_tower_section_at_tip_height,,False,no_tower_section_at_tip_height
831,831,55.4,172.43333333333334,172.42083333333335,172.44583333333333,T1,10.733374900000001,True,valid,interpolated,2217,2218,0.3333333333333333,15.220772438899608,True,valid,,False,no_tower_section_at_tip_height,,False,no_tower_section_at_tip_height
832,832,55.46666666666667,172.5,172.4875,172.5125,T1,10.742775,True,valid,source,2220,2220,0.0,18.856717022962577,True,valid,,False,no_tower_section_at_tip_height,,False,no_tower_section_at_tip_height
833,833,55.53333333333333,172.56666666666666,172.55416666666667,172.57916666666665,T1,10.746492033333332,True,valid,interpolated,2222,2223,0.6666666666666666,22.66479298643478,True,valid,,False,no_tower_section_at_tip_height,,False,no_tower_section_at_tip_height
834,834,55.6,172.63333333333333,172.62083333333334,172.64583333333331,T1,10.745648066666664,True,valid,interpolated,2225,2226,0.3333333333329544,26.535191722447724,True,valid,,False,no_tower_section_at_tip_height,,False,no_tower_section_at_tip_height
835,835,55.666666666666664,172.7,172.6875,172.71249999999998,T1,10.7526121,True,valid,source,2228,2228,0.0,30.392241619316515,True,valid,,False,no_tower_section_at_tip_height,,False,no_tower_section_at_tip_height
836,836,55.733333333333334,172.76666666666665,172.75416666666666,172.77916666666664,T1,10.7523365,True,valid,interpolated,2230,2231,0.6666666666659088,34.1726594855301,True,valid,,False,no_tower_section_at_tip_height,61.092816896173076,True,valid
837,837,55.8,172.83333333333334,172.82083333333335,172.84583333333333,T1,10.755754433333335,True,valid,interpolated,2233,2234,0.33333333333409126,37.79749144126517,True,valid,,False,no_tower_section_at_tip_height,60.51706708708309,True,valid
838,838,55.86666666666667,172.9,172.88750000000002,172.9125,T1,10.758028,True,valid,source,2236,2236,0.0,41.245269127963326,True,valid,,False,no_tower_section_at_tip_height,59.60140570486916,True,valid
839,839,55.93333333333333,172.96666666666667,172.95416666666668,172.97916666666666,T1,10.76596226666667,True,valid,interpolated,2238,2239,0.6666666666670457,44.48572403454077,True,valid,,False,no_tower_section_at_tip_height,58.351779249637495,True,valid
840,840,56.0,173.03333333333333,173.02083333333334,173.04583333333332,T1,10.771234866666667,True,valid,interpolated,2241,2242,0.3333333333329544,47.49281890794038,True,valid,,False,no_tower_section_at_tip_height,56.771977930057055,True,valid
841,841,56.06666666666667,173.1,173.0875,173.11249999999998,T1,10.7719717,True,valid,source,2244,2244,0.0,50.23966112018781,True,valid,,False,no_tower_section_at_tip_height,54.867970544680695,True,valid
842,842,56.13333333333333,173.16666666666666,173.15416666666667,173.17916666666665,T1,10.773352000000001,True,valid,interpolated,2246,2247,0.6666666666659088,52.70596042090907,True,valid,,False,no_tower_section_at_tip_height,52.64671490560272,True,valid
843,843,56.2,173.23333333333335,173.22083333333336,173.24583333333334,T1,10.7756176,True,valid,interpolated,2249,2250,0.33333333333409126,54.880726910072944,True,valid,,False,no_tower_section_at_tip_height,50.12520411209575,True,valid
844,844,56.266666666666666,173.3,173.28750000000002,173.3125,T1,10.7846518,True,valid,source,2252,2252,0.0,56.75459084225347,True,valid,,False,no_tower_section_at_tip_height,47.328514708181714,True,valid
845,845,56.333333333333336,173.36666666666667,173.35416666666669,173.37916666666666,T1,10.793829266666668,True,valid,interpolated,2254,2255,0.6666666666670457,58.3153234260846,True,valid,,False,no_tower_section_at_tip_height,44.282658593438335,True,valid
846,846,56.4,173.43333333333334,173.42083333333335,173.44583333333333,T1,10.804143,True,valid,interpolated,2257,2258,0.3333333333333333,59.55036058713994,True,valid,,False,no_tower_section_at_tip_height,41.002345875420836,True,valid
847,847,56.46666666666667,173.5,173.4875,173.5125,T1,10.8170652,True,valid,source,2260,2260,0.0,60.446490550027,True,valid,,False,no_tower_section_at_tip_height,37.49891291718083,True,valid
848,848,56.53333333333333,173.56666666666666,173.55416666666667,173.57916666666665,T1,10.8311132,True,valid,interpolated,2262,2263,0.6666666666666666,60.9893758012476,True,valid,,False,no_tower_section_at_tip_height,33.79999391499489,True,valid
849,849,56.6,173.63333333333333,173.62083333333334,173.64583333333331,T1,10.850069699999995,True,valid,interpolated,2265,2266,0.3333333333329544,,False,no_tower_section_at_tip_height,,False,no_tower_section_at_tip_height,29.950387456008855,True,valid
850,850,56.666666666666664,173.7,173.6875,173.71249999999998,T1,10.8732862,True,valid,source,2268,2268,0.0,,False,no_tower_section_at_tip_height,,False,no_tower_section_at_tip_height,25.999752441129974,True,valid
851,851,56.733333333333334,173.76666666666665,173.75416666666666,173.77916666666664,T1,10.890236533333328,True,valid,interpolated,2270,2271,0.6666666666659088,,False,no_tower_section_at_tip_height,,False,no_tower_section_at_tip_height,21.98133535040791,True,valid
852,852,56.8,173.83333333333334,173.82083333333335,173.84583333333333,T1,10.910548533333339,True,valid,interpolated,2273,2274,0.33333333333409126,,False,no_tower_section_at_tip_height,,False,no_tower_section_at_tip_height,18.011384417638844,True,valid
853,853,56.86666666666667,173.9,173.88750000000002,173.9125,T1,10.9328394,True,valid,source,2276,2276,0.0,,False,no_tower_section_at_tip_height,,False,no_tower_section_at_tip_height,14.203735498596867,True,valid
854,854,56.93333333333333,173.96666666666667,173.95416666666668,173.97916666666666,T1,10.95759896666667,True,valid,interpolated,2278,2279,0.6666666666670457,,False,no_tower_section_at_tip_height,,False,no_tower_section_at_tip_height,10.832273838268952,True,valid
855,855,57.0,174.03333333333333,174.02083333333334,174.04583333333332,T1,10.984527266666662,True,valid,interpolated,2281,2282,0.3333333333329544,,False,no_tower_section_at_tip_height,,False,no_tower_section_at_tip_height,8.419844947059389,True,valid
856,856,57.06666666666667,174.1,174.0875,174.11249999999998,T1,11.0148115,True,valid,source,2284,2284,0.0,,False,no_tower_section_at_tip_height,,False,no_tower_section_at_tip_height,7.829425561086523,True,valid
857,857,57.13333333333333,174.16666666666666,174.15416666666667,174.17916666666665,T1,11.036301966666661,True,valid,interpolated,2286,2287,0.6666666666659088,,False,no_tower_section_at_tip_height,,False,no_tower_section_at_tip_height,9.35764799449225,True,valid
858,858,57.2,174.23333333333335,174.22083333333336,174.24583333333334,T1,11.058820400000007,True,valid,interpolated,2289,2290,0.33333333333409126,,False,no_tower_section_at_tip_height,,False,no_tower_section_at_tip_height,12.33631447265633,True,valid
859,859,57.266666666666666,174.3,174.28750000000002,174.3125,T1,11.0869722,True,valid,source,2292,2292,0.0,,False,no_tower_section_at_tip_height,,False,no_tower_section_at_tip_height,16.02081996100718,True,valid
860,860,57.333333333333336,174.36666666666667,174.35416666666669,174.37916666666666,T1,11.109789500000002,True,valid,interpolated,2294,2295,0.6666666666670457,,False,no_tower_section_at_tip_height,,False,no_tower_section_at_tip_height,20.031058564775417,True,valid
861,861,57.4,174.43333333333334,174.42083333333335,174.44583333333333,T1,11.135462433333334,True,valid,interpolated,2297,2298,0.3333333333333333,,False,no_tower_section_at_tip_height,,False,no_tower_section_at_tip_height,24.12197294340992,True,valid
862,862,57.46666666666667,174.5,174.4875,174.5125,T1,11.1664162,True,valid,source,2300,2300,0.0,,False,no_tower_section_at_tip_height,,False,no_tower_section_at_tip_height,28.21234098329124,True,valid
863,863,57.53333333333333,174.56666666666666,174.55416666666667,174.57916666666665,T1,11.1788092,True,valid,interpolated,2302,2303,0.6666666666666666,,False,no_tower_section_at_tip_height,61.111946089737806,True,valid,32.21589784561488,True,valid
864,864,57.6,174.63333333333333,174.62083333333334,174.64583333333331,T1,11.195599266666665,True,valid,interpolated,2305,2306,0.3333333333329544,,False,no_tower_section_at_tip_height,60.674276353811926,True,valid,36.07678867907034,True,valid
865,865,57.666666666666664,174.7,174.6875,174.71249999999998,T1,11.2032423,True,valid,source,2308,2308,0.0,,False,no_tower_section_at_tip_height,59.86024130513469,True,valid,39.761097658150355,True,valid
866,866,57.733333333333334,174.76666666666665,174.75416666666666,174.77916666666664,T1,11.212382333333327,True,valid,interpolated,2310,2311,0.6666666666659088,,False,no_tower_section_at_tip_height,58.67991400046099,True,valid,43.243841718813876,True,valid
867,867,57.8,174.83333333333334,174.82083333333335,174.84583333333333,T1,11.225758866666666,True,valid,interpolated,2313,2314,0.33333333333409126,,False,no_tower_section_at_tip_height,57.150743108001784,True,valid,46.49553093937893,True,valid
868,868,57.86666666666667,174.9,174.88750000000002,174.9125,T1,11.2291536,True,valid,source,2316,2316,0.0,,False,no_tower_section_at_tip_height,55.28847982946549,True,valid,49.484307251904454,True,valid
869,869,57.93333333333333,174.96666666666667,174.95416666666668,174.97916666666666,T1,11.232676833333333,True,valid,interpolated,2318,2319,0.6666666666670457,,False,no_tower_section_at_tip_height,53.10879296471207,True,valid,52.17930627336526,True,valid
870,870,58.0,175.03333333333333,175.02083333333334,175.04583333333332,T1,11.232201899999998,True,valid,interpolated,2321,2322,0.3333333333329544,,False,no_tower_section_at_tip_height,50.62809487776453,True,valid,54.5553779338683,True,valid
871,871,58.06666666666667,175.1,175.0875,175.11249999999998,T1,11.2386293,True,valid,source,2324,2324,0.0,,False,no_tower_section_at_tip_height,47.86607299342594,True,valid,56.59611867190298,True,valid
872,872,58.13333333333333,175.16666666666666,175.15416666666667,175.17916666666665,T1,11.236550666666668,True,valid,interpolated,2326,2327,0.6666666666659088,,False,no_tower_section_at_tip_height,44.84389455825737,True,valid,58.28825276264348,True,valid
873,873,58.2,175.23333333333335,175.22083333333336,175.24583333333334,T1,11.230888066666662,True,valid,interpolated,2329,2330,0.33333333333409126,,False,no_tower_section_at_tip_height,41.579379702966555,True,valid,59.6194262882315,True,valid
874,874,58.266666666666666,175.3,175.28750000000002,175.3125,T1,11.216547,True,valid,source,2332,2332,0.0,,False,no_tower_section_at_tip_height,38.091570604136784,True,valid,60.578471845288014,True,valid
875,875,58.333333333333336,175.36666666666667,175.35416666666669,175.37916666666666,T1,11.204753533333331,True,valid,interpolated,2334,2335,0.6666666666670457,,False,no_tower_section_at_tip_height,34.418245924025435,True,valid,61.15809619973545,True,valid
876,876,58.4,175.43333333333334,175.42083333333335,175.44583333333333,T1,11.194288566666668,True,valid,interpolated,2337,2338,0.3333333333333333,,False,no_tower_section_at_tip_height,30.611249763643606,True,valid,,False,no_tower_section_at_tip_height
877,877,58.46666666666667,175.5,175.4875,175.5125,T1,11.187808,True,valid,source,2340,2340,0.0,,False,no_tower_section_at_tip_height,26.686070058384022,True,valid,,False,no_tower_section_at_tip_height
878,878,58.53333333333333,175.56666666666666,175.55416666666667,175.57916666666665,T1,11.181384733333333,True,valid,interpolated,2342,2343,0.6666666666666666,,False,no_tower_section_at_tip_height,22.740119396603877,True,valid,,False,no_tower_section_at_tip_height
879,879,58.6,175.63333333333333,175.62083333333334,175.64583333333331,T1,11.170526833333334,True,valid,interpolated,2345,2346,0.3333333333329544,,False,no_tower_section_at_tip_height,18.88734337472449,True,valid,,False,no_tower_section_at_tip_height
880,880,58.666666666666664,175.7,175.6875,175.71249999999998,T1,11.165349,True,valid,source,2348,2348,0.0,,False,no_tower_section_at_tip_height,15.229859168184113,True,valid,,False,no_tower_section_at_tip_height
881,881,58.733333333333334,175.76666666666665,175.75416666666666,175.77916666666664,T1,11.155825000000002,True,valid,interpolated,2350,2351,0.6666666666659088,,False,no_tower_section_at_tip_height,12.136230440993561,True,valid,,False,no_tower_section_at_tip_height
882,882,58.8,175.83333333333334,175.82083333333335,175.84583333333333,T1,11.147206666666666,True,valid,interpolated,2353,2354,0.33333333333409126,,False,no_tower_section_at_tip_height,10.108578024266775,True,valid,,False,no_tower_section_at_tip_height
883,883,58.86666666666667,175.9,175.88750000000002,175.9125,T1,11.1387138,True,valid,source,2356,2356,0.0,,False,no_tower_section_at_tip_height,9.704176148236568,True,valid,,False,no_tower_section_at_tip_height
884,884,58.93333333333333,175.96666666666667,175.95416666666668,175.97916666666666,T1,11.126427933333332,True,valid,interpolated,2358,2359,0.6666666666670457,,False,no_tower_section_at_tip_height,11.14543582690035,True,valid,,False,no_tower_section_at_tip_height
885,885,59.0,176.03333333333333,176.02083333333334,176.04583333333332,T1,11.121627833333331,True,valid,interpolated,2361,2362,0.3333333333329544,,False,no_tower_section_at_tip_height,13.918965105966231,True,valid,,False,no_tower_section_at_tip_height
886,886,59.06666666666667,176.1,176.0875,176.11249999999998,T1,11.119339,True,valid,source,2364,2364,0.0,,False,no_tower_section_at_tip_height,17.4110771352701,True,valid,,False,no_tower_section_at_tip_height
887,887,59.13333333333333,176.16666666666666,176.15416666666667,176.17916666666665,T1,11.111552866666669,True,valid,interpolated,2366,2367,0.6666666666659088,,False,no_tower_section_at_tip_height,21.277108991674755,True,valid,,False,no_tower_section_at_tip_height
888,888,59.2,176.23333333333335,176.22083333333336,176.24583333333334,T1,11.105026566666663,True,valid,interpolated,2369,2370,0.33333333333409126,,False,no_tower_section_at_tip_height,25.22126091575401,True,valid,,False,no_tower_section_at_tip_height
889,889,59.266666666666666,176.3,176.28750000000002,176.3125,T1,11.096221,True,valid,source,2372,2372,0.0,,False,no_tower_section_at_tip_height,29.17998873474189,True,valid,,False,no_tower_section_at_tip_height
890,890,59.333333333333336,176.36666666666667,176.35416666666669,176.37916666666666,T1,11.090707766666666,True,valid,interpolated,2374,2375,0.6666666666670457,61.263929968449666,True,valid,33.07997806107847,True,valid,,False,no_tower_section_at_tip_height
891,891,59.4,176.43333333333334,176.42083333333335,176.44583333333333,T1,11.0805209,True,valid,interpolated,2377,2378,0.3333333333333333,60.78944170158588,True,valid,36.85834950988643,True,valid,,False,no_tower_section_at_tip_height
892,892,59.46666666666667,176.5,176.4875,176.5125,T1,11.0669613,True,valid,source,2380,2380,0.0,59.94354335368683,True,valid,40.44772570986387,True,valid,,False,no_tower_section_at_tip_height
893,893,59.53333333333333,176.56666666666666,176.55416666666667,176.57916666666665,T1,11.055926000000001,True,valid,interpolated,2382,2383,0.6666666666666666,58.73579708136602,True,valid,43.830891265809214,True,valid,,False,no_tower_section_at_tip_height
894,894,59.6,176.63333333333333,176.62083333333334,176.64583333333331,T1,11.047403333333333,True,valid,interpolated,2385,2386,0.3333333333329544,57.1792622110002,True,valid,46.980493379198364,True,valid,,False,no_tower_section_at_tip_height
895,895,59.666666666666664,176.7,176.6875,176.71249999999998,T1,11.0408363,True,valid,source,2388,2388,0.0,55.29402193138905,True,valid,49.86415731064682,True,valid,,False,no_tower_section_at_tip_height
896,896,59.733333333333334,176.76666666666665,176.75416666666666,176.77916666666664,T1,11.034087533333336,True,valid,interpolated,2390,2391,0.6666666666659088,53.10286512960313,True,valid,52.45465124877351,True,valid,,False,no_tower_section_at_tip_height
897,897,59.8,176.83333333333334,176.82083333333335,176.84583333333333,T1,11.018166233333327,True,valid,interpolated,2393,2394,0.33333333333409126,50.62962561622776,True,valid,54.737647755296756,True,valid,,False,no_tower_section_at_tip_height
898,898,59.86666666666667,176.9,176.88750000000002,176.9125,T1,11.0029802,True,valid,source,2396,2396,0.0,47.89621983291498,True,valid,56.70227463599123,True,valid,,False,no_tower_section_at_tip_height
899,899,59.93333333333333,176.96666666666667,176.95416666666668,176.97916666666666,T1,10.98712413333333,True,valid,interpolated,2398,2399,0.6666666666670457,44.91426066068113,True,valid,58.33771292380159,True,valid,,False,no_tower_section_at_tip_height
